# MCO FRD road extraction

o road_strip
v 76.875763 -8.906830 99.551620
v -31.844772 -8.906830 99.551620
v 70.406677 -8.890244 99.562576
v -38.324768 -8.890244 99.562576
v 63.909302 -8.858749 99.573547
v -44.804764 -8.858749 99.573547
v 57.421595 -10.306908 99.584503
v -51.283188 -8.581435 99.584503
v 50.931183 -8.710999 99.595474
v -57.763550 -8.710999 99.595474
v 44.491670 -9.400877 99.606461
v -64.244327 -8.537893 99.606461
v 38.007102 -10.062546 99.617416
v -70.723084 -8.336670 99.617416
v 31.526343 -9.951831 99.628387
v -77.203080 -8.225968 99.628387
v 25.043967 -9.830013 99.639359
v -83.683075 -8.104187 99.639359
v 18.547097 -9.698032 99.650314
v -90.163071 -7.972473 99.650314
v 12.035413 -9.557116 99.661285
v -96.643021 -7.832062 99.661285
v 5.513232 -9.408228 99.647583
v -103.230318 -7.682140 99.647583
v -1.219404 -10.004304 104.727933
v -109.943549 -7.415634 98.687703
v -8.533383 -9.834593 110.909409
v -116.725955 -7.237971 97.060759
v -16.259807 -9.644725 115.797661
v -123.523996 -7.049624 95.036851
v -24.625755 -9.448088 120.933151
v -130.234000 -6.851164 92.366988
v -33.228831 -9.255403 124.941488
v -136.831049 -6.643583 89.246608
v -42.198783 -9.045618 128.285377
v -143.234555 -6.432624 85.606472
v -51.450469 -8.821104 130.881559
v -149.387695 -6.221001 81.479598
v -61.063952 -8.599359 132.977329
v -155.201508 -6.008417 76.840258
v -70.724901 -8.390001 134.083098
v -160.669408 -5.795448 71.813824
v -80.498411 -8.171624 134.401204
v -165.717510 -5.589228 66.398084
v -90.228044 -7.970540 133.864562
v -170.318944 -5.386962 60.663199
v -100.237472 -7.754523 132.928549
v -174.339949 -5.199265 54.567309
v -109.377969 -7.562181 130.617134
v -178.015089 -5.020066 48.422063
v -119.008037 -6.708596 128.220979
v -180.972123 -5.033891 41.973671
v -127.745652 -6.552957 124.683919
v -183.545929 -4.887277 35.570044
v -136.909038 -6.403301 121.001013
v -185.358703 -4.760940 29.028767
v -145.144334 -5.646863 116.508313
v -186.818846 -4.829716 22.536375
v -153.189952 -5.543805 111.619597
v -187.764899 -4.739736 15.935440
v -160.384010 -5.467604 106.108723
v -188.379716 -4.667727 9.323573
v -167.823038 -4.798050 100.418467
v -188.326436 -4.798050 2.633029
v -173.939377 -4.771332 94.106331
v -188.065568 -4.771332 -3.992220
v -179.563301 -4.768967 87.635988
v -187.359039 -4.768967 -10.590315
v -185.268233 -4.787308 80.702785
v -186.044695 -4.787308 -17.131365
v -189.889572 -4.819763 74.188357
v -184.458524 -4.819763 -23.570504
v -194.748443 -4.264804 67.940298
v -182.229142 -5.047260 -29.866745
v -199.158265 -4.327708 61.249510
v -179.554054 -5.111877 -35.987377
v -203.252977 -4.404034 54.402820
v -176.416625 -5.193339 -41.892321
v -206.516911 -3.873720 47.405749
v -172.986770 -5.470393 -47.596317
v -209.402564 -3.971031 40.296694
v -169.165778 -5.580502 -53.052649
v -212.100782 -4.076682 32.920847
v -164.912595 -5.703861 -58.201170
v -214.374700 -4.198651 25.396321
v -160.325736 -5.836498 -63.047444
v -216.080947 -4.320937 17.884983
v -155.486278 -5.981065 -67.611607
v -216.977451 -3.788913 10.559856
v -150.476370 -6.314270 -71.935154
v -217.487238 -3.921419 3.166918
v -145.258202 -6.470679 -75.860141
v -217.560717 -4.067525 -4.266897
v -139.936247 -6.626573 -79.332322
v -217.226025 -4.203053 -11.743184
v -134.533816 -6.787184 -82.376114
v -216.791455 -4.340202 -19.710273
v -128.989739 -6.948174 -84.909569
v -215.522979 -4.499101 -27.266288
v -123.490092 -7.103806 -87.174487
v -213.847245 -4.645215 -34.976517
v -117.926617 -7.261232 -89.040871
v -211.637550 -4.800768 -42.647837
v -112.328251 -7.414170 -90.560216
v -209.021681 -4.942053 -50.563717
v -106.668588 -7.566491 -91.679916
v -205.815177 -5.091516 -58.393672
v -100.977533 -7.712457 -92.465906
v -202.166166 -5.243739 -66.717721
v -95.220558 -7.852168 -92.802017
v -197.832112 -6.128352 -74.624129
v -89.440941 -7.862611 -92.833846
v -192.760098 -6.264502 -82.131066
v -83.626535 -7.996781 -92.524738
v -187.030001 -6.390899 -89.249052
v 15.962690 -9.613005 -94.082212
v -180.799914 -6.526664 -91.606903
v 21.663933 -9.740376 -91.606903
v -174.382197 -6.666087 -91.629089
v 28.051030 -9.879313 -91.629089
v -167.966402 -6.796767 -91.651291
v 34.558610 -10.011450 -91.651291
v -161.534786 -6.917796 -91.673477
v 41.054564 -10.133500 -91.673477
v -155.090216 -7.027921 -91.695663
v 47.537306 -10.244231 -91.695663
v -148.653133 -7.883173 -91.717865
v 54.019309 -9.491685 -91.717865
v -142.201823 -7.967861 -91.740051
v 60.484458 -9.576482 -91.740051
v -135.748240 -8.037888 -91.762238
v 66.944603 -9.646561 -91.762238
v -129.298080 -8.850266 -91.784439
v 73.404617 -8.850266 -91.784439
v -122.869186 -8.887634 -91.806625
v 79.859116 -8.887634 -91.806625
v -116.411819 -8.906815 -91.828812
v 86.312592 -8.906815 -91.828812
v -109.954132 -8.911697 -91.850998
v 92.765747 -8.911697 -91.850998
v -103.496368 -8.906815 -91.873199
v 99.218903 -8.906815 -91.873199
v -97.032059 -8.887634 -91.895386
v 105.671997 -8.887634 -91.895386
v -90.460633 -13.263714 -91.917572
v 112.003665 -3.622557 -91.917572
v -83.687714 -17.306611 -91.939758
v 118.095833 1.910870 -91.939758
v -76.057770 -24.767991 -91.961945
v 123.235535 12.197703 -91.961945
v -67.437357 18.961120 -91.984146
v 127.273475 -37.360195 -91.984146
v -64.692333 -10.061837 -92.006332
v 137.899870 -6.846088 -92.006332
v -58.223399 -9.951325 -92.028534
v 144.334278 -6.736123 -92.028534
v -51.751123 -9.829651 -92.050720
v 150.760401 -6.615182 -92.050720
v -45.277612 -9.698055 -92.072906
v 157.176578 -6.484496 -92.072906
v -38.778026 -9.557331 -92.095108
v 163.583829 -6.345238 -92.095108
v -32.242215 -9.408486 -92.830151
v 170.068691 -6.197202 -91.224509
v -25.519206 -10.007346 -97.865522
v 83.207888 -7.418606 -90.962214
v -18.117540 -9.842511 -103.980535
v 89.978179 -7.248213 -89.279518
v -10.360436 -9.663295 -108.797343
v 96.761152 -7.071644 -87.200249
v -2.162460 -9.486165 -113.167196
v 103.482642 -6.888335 -84.591063
v 6.652275 -9.307218 -117.812796
v 110.032125 -6.701003 -81.325789
v 15.620995 -9.119463 -121.107215
v 116.418588 -6.512629 -77.659979
v 24.573739 -8.927261 -123.074034
v 122.610458 -6.324517 -73.621887
v 34.340333 -8.747756 -125.505306
v 128.380851 -6.135519 -68.906848
v 43.773629 -8.552586 -126.328283
v 133.886953 -5.953163 -63.942135
v 53.514682 -8.363741 -126.702675
v 138.941536 -5.775049 -58.533771
v 63.215038 -7.492267 -126.240758
v 143.557195 -5.764479 -52.809754
v 72.882257 -7.325741 -125.048076
v 147.679824 -5.606257 -46.811545
v 82.383260 -7.160611 -123.132307
v 151.295095 -5.459084 -40.608257
v 91.743224 -7.013142 -120.564959
v 154.365059 -5.320660 -34.248377
v 100.848391 -6.869324 -117.311580
v 156.891196 -5.196405 -27.810382
v 109.311730 -6.740226 -113.256687
v 158.958982 -5.085318 -21.409275
v 117.867664 -5.985968 -108.958819
v 160.400837 -5.168023 -14.895072
v 125.776999 -5.895007 -104.030262
v 161.462026 -5.083984 -8.329511
v 133.243715 -5.816104 -98.607510
v 162.073862 -5.015266 -1.706184
v 140.627405 -5.141357 -92.882670
v 162.107889 -5.141357 4.972869
v 146.934606 -5.104507 -86.566938
v 161.856727 -5.104507 11.604913
v 153.210972 -5.085449 -80.100169
v 161.014190 -5.085449 18.220380
v 158.356332 -5.080460 -73.097236
v 159.909546 -5.080460 24.755215
v 163.012706 -5.085236 -66.451537
v 158.362309 -5.085236 31.206812
v 167.263648 -5.104095 -60.226255
v 156.399985 -5.104095 37.546708
v 171.830523 -5.140762 -53.533208
v 153.794151 -5.140762 43.706359
v 175.472680 -4.582806 -46.857784
v 150.935658 -5.374323 49.707271
v 179.274443 -4.648508 -39.820707
v 147.516810 -5.442449 55.452195
v 182.305855 -4.724450 -32.792557
v 143.830776 -5.526014 60.990448
v 185.168202 -4.179694 -25.500351
v 139.708790 -5.803245 66.230251
v 187.163183 -4.269048 -18.349485
v 135.374398 -5.913137 71.253338
v 188.808505 -4.372829 -11.168705
v 130.710535 -6.032771 75.978250
v 190.355351 -4.482960 -3.693291
v 125.720409 -6.161789 80.248195
v 191.781335 -4.600171 4.200077
v 120.497071 -6.297416 83.970569
v 192.379741 -4.724635 11.911370
v 115.254435 -6.438531 87.322781
v 192.497080 -4.170939 19.716200
v 109.920595 -6.751454 90.250281
v 191.830684 -4.302961 27.216371
v 104.577501 -6.894640 92.872228
v 190.969002 -4.440093 35.207258
v 99.088737 -7.040478 95.016109
v 189.631412 -4.569725 43.461027
v 93.523368 -7.190854 96.757306
v 187.686390 -4.714229 51.757524
v 87.911230 -7.339891 98.144221
v 184.828410 -4.879498 59.353221
v 82.303919 -7.486053 99.320394
v 181.699737 -5.029125 67.841000
v 76.574828 -7.635527 99.986635
v 177.648415 -5.179098 75.304090
v 70.840332 -7.784173 100.486484
v 173.083347 -5.336450 82.501098
v 65.033294 -7.929651 100.653507
v 167.961068 -5.483468 90.022892
v 59.139558 -8.074456 100.386845
v 162.180902 -6.377845 96.435834
v 53.178902 -8.108035 99.896215
v 156.036651 -6.520565 99.566284
v 47.123719 -8.249342 99.566284
v 149.605828 -6.660196 99.561966
v 40.907636 -8.385564 99.561966
v 143.163349 -6.791314 99.557648
v 34.535644 -8.515564 99.557648
v 136.705491 -6.912743 99.553329
v 28.055648 -8.637344 99.553329
v 130.235641 -7.023285 99.549011
v 21.575653 -8.748047 99.549011
v 123.771533 -7.881084 99.544678
v 15.094449 -8.743601 99.544678
v 117.297015 -7.965941 99.540359
v 8.614453 -8.828501 99.540359
v 110.821139 -8.036144 99.536041
v 2.134457 -8.898737 99.536041
v 104.346573 -8.850281 99.531723
v -4.345947 -8.850281 99.531723
v 97.476044 -8.890106 99.527145
v -11.220657 -8.890106 99.527145
v 90.208984 -8.909271 99.529938
v -18.490067 -8.909271 99.529938
v 83.344772 -8.911728 99.540649
v -25.364792 -8.911728 99.540649
v 0.000000 0.000000 0.000000
v 0.000000 0.000000 0.000000
v 0.000000 0.000000 0.000000
v 0.000000 0.000000 0.000000
v 0.000000 0.000000 0.000000
v 0.000000 0.000000 0.000000
v 0.000000 0.000000 0.000000
v 0.000000 0.000000 0.000000
v 547.915296 -1087.615110 1359.012695
v 217.031901 -454.965417 533.480347
v nan nan nan
v nan nan nan
v nan nan nan
v nan nan nan
v nan nan nan
v nan nan nan
v nan nan nan
v nan nan nan
v nan nan nan
v nan nan nan
v nan nan nan
v nan nan nan
v nan nan nan
v nan nan nan
v nan nan nan
v nan nan nan
v nan nan nan
v nan nan nan
v nan nan nan
v nan nan nan
v nan nan nan
v nan nan nan
v nan nan nan
v nan nan nan
v nan nan nan
v nan nan nan
v nan nan nan
v nan nan nan
v nan 0.000000 0.000000
v nan 0.000000 0.000000
v nan nan nan
v 0.000000 0.000000 0.000000
v 0.000000 0.000000 0.000000
v 0.000000 0.000000 0.000000
v 0.000000 0.000000 0.000000
v 0.000000 0.000000 0.000000
v 0.000000 0.000000 0.000000
v 0.000000 0.000000 0.000000
v 0.000000 -0.000000 -0.000000
v 0.000000 0.000000 0.000000
v nan nan nan
v nan nan nan
v nan nan nan
v nan nan nan
v nan nan nan
v nan nan nan
v nan nan nan
v nan nan nan
v nan nan nan
v nan nan nan
v nan nan nan
v nan nan nan
v nan nan nan
v nan nan nan
v nan nan nan
v nan nan nan
v nan nan nan
v nan nan nan
v nan nan nan
v nan nan nan
v nan nan nan
v nan nan nan
v nan nan nan
v nan nan nan
v nan nan nan
v nan nan nan
v nan nan nan
v nan nan nan
v nan nan nan
v nan nan nan
v 0.000000 -0.000000 -123.481071
v -0.000000 0.000000 -123.481071
v 0.000000 nan nan
v 0.000000 nan nan
v 0.000000 0.000000 0.000000
v 0.000000 0.000000 0.000000
v 0.000000 0.000000 0.000000
v 0.000000 0.000000 0.000000
v 0.000000 0.000000 0.000000
v 0.000000 0.000000 0.000000
v -20247.585480 -880.329803 11150.844177
v 828.000000 36.000000 -456.000000
v nan nan nan
v nan nan nan
v nan nan nan
v nan nan nan
v nan nan nan
v nan nan nan
v nan nan nan
v nan nan nan
v nan nan nan
v nan nan nan
v nan nan nan
v nan nan nan
v nan nan nan
v nan nan nan
v nan nan nan
v nan nan nan
v nan nan nan
v nan nan nan
v nan nan nan
v nan nan nan
v nan nan nan
v nan nan nan
v nan nan nan
v nan nan nan
v nan nan nan
v nan nan nan
v nan nan nan
v nan nan nan
v nan nan nan
v nan nan nan
v 0.000000 0.000000 -0.000000
v 0.000000 0.000000 0.000000
v -0.000000 0.000000 -0.000000
v 0.000000 0.000000 0.000000
v 0.000000 0.000000 0.000000
v 0.000000 0.000000 0.000000
v 0.000000 0.000000 0.000000
v 0.000000 0.000000 0.000000
v 0.000000 0.000000 0.000000
v 0.000000 0.000000 0.000000
v 10488.827201 -22700.648035 -352.084885
v nan nan nan
v nan nan nan
v nan nan nan
v nan nan nan
v nan nan nan
v nan nan nan
v nan nan nan
v nan nan nan
v nan nan nan
v nan nan nan
v nan nan nan
v nan nan nan
v nan nan nan
v nan nan nan
v nan nan nan
v nan nan nan
v nan nan nan
v nan nan nan
v nan nan nan
v nan nan nan
v nan nan nan
v nan nan nan
v nan nan nan
v nan nan nan
v nan nan nan
v nan nan nan
v nan nan nan
v nan nan nan
v nan nan nan
v -0.000000 16840.375329 727.331072
v 0.000000 -0.000000 -0.000000
v nan nan nan
v nan nan nan
v 0.000000 0.000000 0.000000
v 0.000000 0.000000 0.000000
v 0.000000 0.000000 0.000000
v 0.000000 0.000000 0.000000
v 0.000000 0.000000 0.000000
v 0.000000 0.000000 0.000000
v 0.000000 0.000000 0.000000
v -0.000000 -0.000000 -0.000000
v nan nan nan
v nan nan nan
v nan nan nan
v nan nan nan
v nan nan nan
v nan nan nan
v nan nan nan
v nan nan nan
v nan nan nan
v nan nan nan
v nan nan nan
v nan nan nan
v nan nan nan
v nan nan nan
v nan nan nan
v nan nan nan
v nan nan nan
v nan nan nan
v nan nan nan
v nan nan nan
v nan nan nan
v nan nan nan
v nan nan nan
v nan nan nan
v nan nan nan
v nan nan nan
v nan nan nan
v nan nan nan
v nan nan nan
v nan nan nan
v -8.884842 -37.311020 -105.758034
v -8.884842 -37.311020 -105.758034
v nan nan 0.000000
v nan nan 0.000000
v 0.000000 0.000000 0.000000
v 0.000000 0.000000 0.000000
v 0.000000 0.000000 0.000000
v 0.000000 0.000000 0.000000
v 0.000000 0.000000 0.000000
v 0.000000 0.000000 0.000000
v -25422.996809 -1475.871368 3533.671052
v 620.127136 36.000000 -86.194611
v nan nan nan
v nan nan nan
v nan nan nan
v nan nan nan
v nan nan nan
v nan nan nan
v nan nan nan
v nan nan nan
v nan nan nan
v nan nan nan
v nan nan nan
v nan nan nan
v nan nan nan
v nan nan nan
v nan nan nan
v nan nan nan
v nan nan nan
v nan nan nan
v nan nan nan
v nan nan nan
v nan nan nan
v nan nan nan
v nan nan nan
v nan nan nan
v nan nan nan
v nan nan nan
v nan nan nan
v nan nan nan
v nan nan nan
v nan nan nan
v nan nan nan
v nan nan nan
v 0.000000 0.000000 0.000000
v 0.000000 0.000000 0.000000
v 0.000000 0.000000 0.000000
v 0.000000 0.000000 0.000000
v 0.000000 0.000000 0.000000
v 0.000000 0.000000 0.000000
v 0.000000 0.000000 0.000000
v 0.000000 0.000000 0.000000
v nan nan nan
v nan nan nan
v nan nan nan
v nan nan nan
v nan nan nan
v nan nan nan
v nan nan nan
v nan nan nan
v nan nan nan
v nan nan nan
v nan nan nan
v nan nan nan
v nan nan nan
v nan nan nan
v nan nan nan
v nan nan nan
v nan nan nan
v nan nan nan
v nan nan nan
v nan nan nan
v nan nan nan
v nan nan nan
v nan nan nan
v nan nan nan
v nan nan nan
v nan nan nan
v nan nan nan
v nan nan nan
v nan nan nan
v nan nan nan
v 0.000000 0.000000 0.000000
v 0.000000 0.000000 0.000000
v nan 0.000000 0.000000
v nan 0.000000 0.000000
v 0.000000 0.000000 0.000000
v 0.000000 0.000000 0.000000
v 0.000000 0.000000 0.000000
v 0.000000 0.000000 0.000000
v 0.000000 0.000000 0.000000
v 0.000000 0.000000 0.000000
v 0.000000 0.000000 -608.000000
v 0.000000 0.000000 -981.736633
v nan nan nan
v nan nan nan
v nan nan nan
v nan nan nan
v nan nan nan
v nan nan nan
v nan nan nan
v nan nan nan
v nan nan nan
v nan nan nan
v nan nan nan
v nan nan nan
v nan nan nan
v nan nan nan
v nan nan nan
v nan nan nan
v nan nan nan
v nan nan nan
v nan nan nan
v nan nan nan
v nan nan nan
v nan nan nan
v nan nan nan
v nan nan nan
v nan nan nan
v nan nan nan
v nan nan nan
v nan nan nan
v nan nan nan
v nan nan nan
v -6.239511 3.817942 0.000000
v -6.239511 3.817942 0.000000
v -0.000000 0.000000 -0.000000
v 0.000000 0.000000 0.000000
v 0.000000 0.000000 0.000000
v 0.000000 0.000000 0.000000
v 0.000000 0.000000 0.000000
v 0.000000 0.000000 0.000000
v 0.000000 0.000000 0.000000
v 0.000000 0.000000 0.000000
v 25799.288292 1196.265503 53948.054954
v 1350.257568 56.000000 2809.280273
v nan nan nan
v nan nan nan
v nan nan nan
v nan nan nan
v nan nan nan
v nan nan nan
v nan nan nan
v nan nan nan
v nan nan nan
v nan nan nan
v nan nan nan
v nan nan nan
v nan nan nan
v nan nan nan
v nan nan nan
v nan nan nan
v nan nan nan
v nan nan nan
v nan nan nan
v nan nan nan
v nan nan nan
v nan nan nan
v nan nan nan
v nan nan nan
v nan nan nan
v nan nan nan
v nan nan nan
v nan nan nan
v 0.000000 0.000000 -0.000000
v 0.000000 0.000000 -0.000000
v 0.000000 -0.000000 nan
v 0.000000 0.000000 nan
v 0.000000 0.000000 0.000000
v 0.000000 0.000000 0.000000
v 0.000000 0.000000 0.000000
v 0.000000 0.000000 0.000000
v 0.000000 0.000000 0.000000
v 0.000000 0.000000 0.000000
v -0.000000 -0.000000 -0.000000
v 0.000000 0.000000 0.000000
v nan nan nan
v nan nan nan
v nan nan nan
v nan nan nan
v nan nan nan
v nan nan nan
v nan nan nan
v nan nan nan
v nan nan nan
v nan nan nan
v nan nan nan
v nan nan nan
v nan nan nan
v nan nan nan
v nan nan nan
v nan nan nan
v nan nan nan
v nan nan nan
v nan nan nan
v nan nan nan
v nan nan nan
v nan nan nan
v nan nan nan
v nan nan nan
v nan nan nan
v nan nan nan
v nan nan nan
v nan nan nan
v nan nan nan
v nan nan nan
v -0.000000 1.832563 -8.911711
v 0.000000 1.832563 -8.911711
v nan nan nan
v nan nan nan
v 0.000000 0.000000 0.000000
v 0.000000 0.000000 0.000000
v 0.000000 0.000000 0.000000
v 0.000000 0.000000 0.000000
v 0.000000 0.000000 0.000000
v 0.000000 0.000000 0.000000
v -49.000000 -490.000000 197.520142
v 1396.560776 13965.607758 -5629.569024
v nan nan nan
v nan nan nan
v nan nan nan
v nan nan nan
v nan nan nan
v nan nan nan
v nan nan nan
v nan nan nan
v nan nan nan
v nan nan nan
v nan nan nan
v nan nan nan
v nan nan nan
v nan nan nan
v nan nan nan
v nan nan nan
v nan nan nan
v nan nan nan
v nan nan nan
v nan nan nan
v nan nan nan
v nan nan nan
v nan nan nan
v nan nan nan
v nan nan nan
v nan nan nan
v nan nan nan
v nan nan nan
v nan nan nan
v nan nan nan
v 0.000000 0.000000 0.000000
v nan nan nan
v 0.000000 0.000000 0.000000
v 0.000000 0.000000 0.000000
v 0.000000 0.000000 0.000000
v 0.000000 0.000000 0.000000
v 0.000000 0.000000 0.000000
v 0.000000 0.000000 0.000000
v 0.000000 0.000000 0.000000
v 0.000000 0.000000 0.000000
v nan nan nan
v nan nan nan
v nan nan nan
v nan nan nan
v nan nan nan
v nan nan nan
v nan nan nan
v nan nan nan
v nan nan nan
v nan nan nan
v nan nan nan
v nan nan nan
v nan nan nan
v nan nan nan
v nan nan nan
v nan nan nan
v nan nan nan
v nan nan nan
v nan nan nan
v nan nan nan
v nan nan nan
v nan nan nan
v nan nan nan
v nan nan nan
v nan nan nan
v nan nan nan
v nan nan nan
v nan nan nan
v nan nan nan
v nan nan nan
v -0.000000 0.000000 0.000000
v 0.000000 -0.000000 0.000000
v nan nan nan
v nan nan nan
v 0.000000 0.000000 0.000000
v 0.000000 0.000000 0.000000
v 0.000000 0.000000 0.000000
v 0.000000 0.000000 0.000000
v 0.000000 0.000000 0.000000
v 0.000000 0.000000 0.000000
v 0.000000 0.000000 0.000000
v 0.000000 0.000000 0.000000
v nan nan nan
v nan nan nan
v nan nan nan
v nan nan nan
v nan nan nan
v nan nan nan
v nan nan nan
v nan nan nan
v nan nan nan
v nan nan nan
v nan nan nan
v nan nan nan
v nan nan nan
v nan nan nan
v nan nan nan
v nan nan nan
v nan nan nan
v nan nan nan
v nan nan nan
v nan nan nan
v nan nan nan
v nan nan nan
v nan nan nan
v nan nan nan
v nan nan nan
v nan nan nan
v nan nan nan
v nan nan nan
v nan nan nan
v nan nan nan
v -61.997334 181.157715 1.546466
v -61.997334 181.157715 1.546466
v nan 0.000000 -0.000000
v nan 0.000000 0.000000
v 0.000000 0.000000 0.000000
v 0.000000 0.000000 0.000000
v 0.000000 0.000000 0.000000
v 0.000000 0.000000 0.000000
v 0.000000 0.000000 0.000000
v 0.000000 0.000000 0.000000
v -36.000000 -21.073700 1874.333374
v -651.801910 -381.552164 31506.950073
v nan nan nan
v nan nan nan
v nan nan nan
v nan nan nan
v nan nan nan
v nan nan nan
v nan nan nan
v nan nan nan
v nan nan nan
v nan nan nan
v nan nan nan
v nan nan nan
v nan nan nan
v nan nan nan
v nan nan nan
v nan nan nan
v nan nan nan
v nan nan nan
v nan nan nan
v nan nan nan
v nan nan nan
v nan nan nan
v nan nan nan
v nan nan nan
v nan nan nan
v nan nan nan
v nan nan nan
v nan nan nan
v nan nan 0.000000
v nan nan 0.000000
v nan nan nan
v nan nan nan
v 0.000000 0.000000 0.000000
v 0.000000 0.000000 0.000000
v 0.000000 0.000000 0.000000
v 0.000000 0.000000 0.000000
v 0.000000 0.000000 0.000000
v 0.000000 0.000000 0.000000
v 0.000000 -0.000000 -0.000000
v 0.000000 0.000000 0.000000
v nan nan nan
v nan nan nan
v nan nan nan
v nan nan nan
v nan nan nan
v nan nan nan
v nan nan nan
v nan nan nan
v nan nan nan
v nan nan nan
v nan nan nan
v nan nan nan
v nan nan nan
v nan nan nan
v nan nan nan
v nan nan nan
v nan nan nan
v nan nan nan
v nan nan nan
v nan nan nan
v nan nan nan
v nan nan nan
v nan nan nan
v nan nan nan
v nan nan nan
v nan nan nan
v nan nan nan
v nan nan nan
v nan nan nan
v nan nan nan
v -0.000000 -0.000000 -0.000000
v 0.000000 0.000000 0.000000
v 0.000000 0.000000 nan
v 0.000000 0.000000 nan
v 0.000000 0.000000 0.000000
v 0.000000 0.000000 0.000000
v 0.000000 0.000000 0.000000
v 0.000000 0.000000 0.000000
v 0.000000 0.000000 0.000000
v 0.000000 0.000000 0.000000
v 0.000000 527.406128 -42.928406
v 0.000000 15704.442993 -1278.268616
v nan nan nan
v nan nan nan
v nan nan nan
v nan nan nan
v nan nan nan
v nan nan nan
v nan nan nan
v nan nan nan
v nan nan nan
v nan nan nan
v nan nan nan
v nan nan nan
v nan nan nan
v nan nan nan
v nan nan nan
v nan nan nan
v nan nan nan
v nan nan nan
v nan nan nan
v nan nan nan
v nan nan nan
v nan nan nan
v nan nan nan
v nan nan nan
v nan nan nan
v nan nan nan
v nan nan nan
v nan nan nan
v nan nan nan
v nan nan nan
v 113.032288 0.000000 0.000000
v 113.032288 0.000000 0.000000
v 0.000000 0.000000 0.000000
v 0.000000 0.000000 0.000000
v 0.000000 0.000000 0.000000
v 0.000000 0.000000 0.000000
v 0.000000 0.000000 0.000000
v 0.000000 0.000000 0.000000
v 0.000000 0.000000 0.000000
v 0.000000 0.000000 0.000000
v -72.000000 1436.511597 160.972046
v -38.010742 710.781675 113.077927
v nan nan nan
v nan nan nan
v nan nan nan
v nan nan nan
v nan nan nan
v nan nan nan
v nan nan nan
v nan nan nan
v nan nan nan
v nan nan nan
v nan nan nan
v nan nan nan
v nan nan nan
v nan nan nan
v nan nan nan
v nan nan nan
v nan nan nan
v nan nan nan
v nan nan nan
v nan nan nan
v nan nan nan
v nan nan nan
v nan nan nan
v nan nan nan
v nan nan nan
v nan nan nan
v nan nan nan
v nan nan nan
v 0.000000 0.000000 69.771165
v 0.000000 0.000000 1336.909397
v 0.000000 nan nan
v 0.000000 nan nan
v 0.000000 0.000000 0.000000
v 0.000000 0.000000 0.000000
v 0.000000 0.000000 0.000000
v 0.000000 0.000000 0.000000
v 0.000000 0.000000 0.000000
v 0.000000 0.000000 0.000000
v 0.000000 0.000000 0.000000
v -0.000000 -0.000000 -0.000000
v nan nan nan
v nan nan nan
v nan nan nan
v nan nan nan
v nan nan nan
v nan nan nan
v nan nan nan
v nan nan nan
v nan nan nan
v nan nan nan
v nan nan nan
v nan nan nan
v nan nan nan
v nan nan nan
v nan nan nan
v nan nan nan
v nan nan nan
v nan nan nan
v nan nan nan
v nan nan nan
v nan nan nan
v nan nan nan
v nan nan nan
v nan nan nan
v nan nan nan
v nan nan nan
v nan nan nan
v nan nan nan
v nan nan nan
v nan nan nan
v -15.752563 -8.911731 3.780270
v -15.752563 -8.911731 3.780270
v nan nan nan
v nan nan nan
v -273.555925 266.230712 4704.803063
v -83.528015 64.941803 1301.378235
v -364.094277 -156.814612 2610.321954
v 121.278192 53.214831 -885.666075
v -92.474174 -80.010783 355.302233
v 38.763514 32.220737 -175.979861
v -700.828989 -234.508361 3906.929851
v 74.528278 25.683956 -427.627144
v -853.177978 -111.461507 112.341916
v 225.725597 22.802489 -29.716460
v -856.094861 -17.450817 326.599159
v -20.754525 -0.423065 7.722674
v -2632.285268 -370.089678 6312.555192
v 161.340424 24.093260 -375.730510
v -298.260457 -89.541733 1950.328217
v 48.858570 29.047515 -674.231061
v -325.477700 -131.934355 2089.575523
v 105.474715 40.237710 -676.854623
v -317.461477 -163.302348 2119.260608
v 104.131542 53.565319 -695.442109
v -325.477700 -74.793693 2093.272869
v 40.080018 9.210255 -258.021051
v -317.462021 -93.063825 2112.818984
v 72.501850 23.585613 -485.683068
v -325.477700 -86.654127 2141.384240
v 60.256547 16.340739 -396.173654
v -321.356929 -61.172216 2093.653594
v 43.929346 8.071520 -286.198667
v -224.137860 -37.182965 1269.599072
v 22.275121 3.413709 -126.158671
v -197.402040 -65.563927 235.228407
v 53.096543 19.650805 -57.842175
v -459.151265 -48.379964 354.265193
v 21.391471 -0.491932 -13.685769
v -202.293101 91.631904 212.000098
v -105.721451 47.888226 110.530321
v -230.401410 47.611206 374.340460
v -31.192317 6.625737 51.442837
v -408.052282 114.395081 330.932998
v -134.014678 34.747502 107.922687
v -516.681208 -12.795898 2634.763013
v -18.504091 -8.881521 93.453768
v -511.384496 -51.766971 2149.203667
v 30.996978 3.462490 -137.197919
v -428.137903 -179.743940 2382.643814
v 157.450801 79.244822 -891.034303
v -416.989967 -146.708348 2361.736216
v 157.652367 55.466366 -893.215037
v -426.168774 -148.274898 2446.062912
v 61.080683 21.251510 -350.837600
v -416.990537 -69.447827 2357.508154
v 45.490075 6.746096 -256.935879
v -426.168482 -94.502749 2441.782496
v 69.167895 14.463602 -396.045903
v -416.941167 -93.000789 2415.479709
v 50.585686 11.001213 -293.061341
v -2035.532556 -9.751115 7102.473546
v -33.229317 -0.159183 115.945256
v -4595.206952 -552.839837 7268.722767
v 335.481451 39.382236 -485.206041
v -4618.419192 -539.847216 4632.823958
v 533.755809 61.234985 -513.946662
v -717.465915 -145.279949 1560.757600
v 302.764802 69.132968 -883.734434
v -938.949729 -288.594718 4782.188908
v 120.724636 34.680233 -614.929925
v -387.117196 -76.002061 1874.089125
v 155.306155 36.505984 -890.172456
v -477.595385 -263.257885 2380.718188
v 110.612308 69.968851 -624.866072
v -1236.138718 -378.450765 2348.522519
v 213.602927 70.055236 -419.892314
v -1200.564565 -260.678643 1121.917678
v 345.333670 71.135267 -301.809688
v -955.676875 -231.151995 776.498322
v 113.774369 25.308120 -106.582657
v -846.828538 -111.477920 119.646608
v 232.236859 22.806215 -22.433075
v -1574.509457 -490.778840 5784.863058
v 225.473391 65.717861 -890.866975
v -3029.862692 -481.546790 5193.977402
v 431.497179 74.018688 -717.193520
v -1266.950645 -185.873457 283.616605
v 430.958729 61.947822 -60.107302
v -801.230024 -322.359845 3828.880383
v 90.441003 36.386171 -446.735143
v -1267.664984 -321.526077 2867.384691
v 275.389723 69.881856 -653.910470
v -1721.923729 -222.309410 5537.244979
v 223.449504 23.986548 -718.800423
v -2358.623900 -436.971589 3907.165499
v 374.931467 69.490936 -650.578471
v -2978.905084 -262.326885 6997.345067
v 352.186809 26.203375 -827.553014
v -3785.589350 -489.979193 4947.760067
v 470.011032 59.696551 -642.897837
v -13435342495282135286233099619089462067200.000000 -829781893123461710192424361844409368576.000000 24858329695461498228795568906549812264960.000000
v 17821695475638286827788287457332559872000.000000 1100687996278313492022869783666764021760.000000 -32974044541186660231201447775976397209600.000000
v -48758824877042753611585733549468948132476461345006357276924899224566466871296.000000 -48758824877042753611585733549468948132476461345006357276924899224566466871296.000000 -48758824877042753611585733549468948132476461345006357276924899224566466871296.000000
v 64941011453559937409297023473459083464028174885906412036152863593995738021888.000000 64941011453559937409297023473459083464028174885906412036152863593995738021888.000000 64941011453559937409297023473459083464028174885906412036152863593995738021888.000000
v nan nan nan
v nan nan nan
v -49349302223612699261703869977715393771821885714476035588960598547037750820864.000000 -49349302223612699261703869977715393771821885714476035588960598547037750820864.000000 -49349302223612699261703869977715393771821885714476035588960598547037750820864.000000
v 49349302223612699261703869977715393771821885714476035588960598547037750820864.000000 49349302223612699261703869977715393771821885714476035588960598547037750820864.000000 49349302223612699261703869977715393771821885714476035588960598547037750820864.000000
v -68400269603841500430279868722109958602702238025751650411831241960811944476672.000000 -61399667424843100795057365722773703550180776728518988819608454953990428295168.000000 -61399667424843100795057365722773703550180776728518988819608454953990428295168.000000
v 62132876870481523058935214181716009372314973468186510183067916838777722503168.000000 55773727181070013201818158016510061085847019549082637388294525447205963169792.000000 55773727181070013201818158016510061085847019549082637388294525447205963169792.000000
v -64500004193511677968840709184800208463469788729066603971781588256659328729088.000000 -64500004193511677968840709184800208463469788729066603971781588256659328729088.000000 -64500004193511677968840709184800208463469788729066603971781588256659328729088.000000
v 64500004193511677968840709184800208463469788729066603971781588256659328729088.000000 64500004193511677968840709184800208463469788729066603971781588256659328729088.000000 64500004193511677968840709184800208463469788729066603971781588256659328729088.000000
v nan nan nan
v nan nan nan
v -66244720583241439506378693436330835566234214114153907281817773176408497979392.000000 -59268594311204083119081302020583609866341088511594418780874738919209955229696.000000 nan
v 66244720583241439506378693436330835566234214114153907281817773176408497979392.000000 59268594311204083119081302020583609866341088511594418780874738919209955229696.000000 nan
v -50843975902739557390471629127176443412022356953347942775143843094913561395200.000000 -50234442738214898684553380464680303022807317559052610324649921994592301875200.000000 -50234442738214898684553380464680303022807317559052610324649921994592301875200.000000
v 50843975902739557390471629127176443412022356953347942775143843094913561395200.000000 50234442738214898684553380464680303022807317559052610324649921994592301875200.000000 50234442738214898684553380464680303022807317559052610324649921994592301875200.000000
v -70152703308739986130672103362407555075327746983590588531498835941490824314880.000000 -70152703308739986130672103362407555075327746983590588531498835941490824314880.000000 -70152703308739986130672103362407555075327746983590588531498835941490824314880.000000
v 70152703308739986130672103362407555075327746983590588531498835941490824314880.000000 70152703308739986130672103362407555075327746983590588531498835941490824314880.000000 70152703308739986130672103362407555075327746983590588531498835941490824314880.000000
v nan nan nan
v nan nan nan
v nan -67697785469140890468559812335453912591473527268458867674857796001339304574976.000000 -68732765053781948053677314744941177009626519146457245589471404473571862380544.000000
v nan 63147885405096916036337912217683808767471321501043828113032794049133540278272.000000 64113305052942269843645306825946921260066887629771004118787684389935978119168.000000
v -61595704074363410925732508137096535281401195750568914957756033695372938313728.000000 -60266089091067863235332623899124932532521091512888257776614568092233210265600.000000 -65249875238534062664514905635499068632452970103415572637824660412101545689088.000000
v 61593108593998202604292701135439740011940073543976117925511241235774434181120.000000 60263549637168043864805069287716087616171957696099041221858820133983617024000.000000 65247125781042523177252609517261672530714394182729049424739799326472557035520.000000
v nan nan nan
v nan nan nan
v -67140676309768738397361760138667101734734938561740882822685623068305861378048.000000 -63545366699446416036709844351141988283077443200437102273193017578193963450368.000000 -59622050514685864178114533666290935242644045785742185635280861005701487525888.000000
v 68239887493883256103759442202349907525741410137643373032485526810661901828096.000000 64585716329712604364977044703947374174689635784796715352416900093933294452736.000000 60598168545478592385101554364900779761402758672197686419318448251317335883776.000000
v -72486247135227251250327258745016020744843217665023036204164391520343697653760.000000 -73515809106107272480071987098649878514584313941939372837672077723358336122880.000000 -74544037467735160811115500331184081528897203066039201351776935643589197692928.000000
v 89389367293292326534091920350160912109220082903015639243325728437070379089920.000000 90659013561425223268613458825073668594888660606568879886300146477820763176960.000000 91927015235004311105095492587513544944648461241829006305556086258048304152576.000000
v nan nan nan
v nan nan nan
v -0.000000 0.000000 0.000000
v -0.000000 0.000000 0.000000
v nan -0.000000 nan
v nan nan nan
v nan nan nan
v -0.000000 nan nan
v nan nan -5031370577412096.000000
v nan nan -5031370577412096.000000
v nan -0.000000 0.000000
v nan -0.000000 0.000000
v -0.000000 0.000000 -170141183460469231731687303715884105728.000000
v -0.000000 0.000000 -170141183460469231731687303715884105728.000000
v 0.000000 -0.000000 nan
v nan nan nan
v nan nan nan
v -0.000000 nan nan
v 0.000000 20013237942849808421062842824089665536.000000 -0.000000
v 0.000000 20013237942849808421062842824089665536.000000 -0.000000
v nan -0.000000 0.000000
v nan -0.000000 0.000000
v -0.000000 0.000000 0.000000
v -0.000000 -0.812503 0.000000
v 0.000000 0.000000 nan
v nan nan nan
v nan nan nan
v -0.000000 nan nan
v 0.074448 nan -0.000000
v 0.029743 nan -0.000000
v nan -0.000000 0.000000
v nan -0.000000 0.000000
v 0.859486 0.000000 1.156256
v -0.000000 0.000000 0.000000
v 0.000000 0.000000 nan
v nan nan nan
v nan nan nan
v -0.000000 -0.028448 78450398023795507900714451077747965952.000000
v nan nan -0.000000
v nan nan -0.000000
v nan -0.000000 0.000000
v nan -0.000000 0.000000
v -0.000000 0.000000 0.000000
v -0.000000 0.000000 0.000000
v nan nan nan
v nan nan nan
v nan nan 0.000000
v nan nan 0.000000
v nan 0.000000 0.000000
v nan 0.000000 0.000000
v nan nan nan
v nan nan nan
v nan 0.000000 -0.000000
v nan nan nan
v nan nan nan
v nan nan nan
v nan nan nan
v nan nan nan
v -40.893347 nan nan
v 104.206420 nan nan
v 0.000000 0.000000 -17.791260
v 0.000000 0.000000 -17.791260
v -0.427921 -46.489815 -519.350423
v 2.594222 281.839390 3148.504823
v 0.000000 0.000000 -28.913498
v 0.000000 0.000000 -28.913498
v -19.488383 57.288123 941.810655
v -45.170676 133.688169 2197.819303
v 0.000000 0.000000 -36.490891
v 0.000000 0.000000 -36.490891
v -31.749425 62.350595 1025.037165
v -68.522597 133.688169 2197.819303
v 0.000000 0.000000 -37.231949
v 0.000000 0.000000 -37.231949
v -44.250937 81.005304 1331.718605
v -72.469323 133.688169 2197.819303
v 0.000000 0.000000 -46.084686
v 0.000000 0.000000 -46.084686
v -61.187646 93.840924 1542.734836
v -87.293762 133.688169 2197.819303
v 0.000000 0.000000 -51.986115
v 0.000000 0.000000 -51.986115
v -70.848433 99.612535 1637.619502
v -94.970074 133.688169 2197.819303
v 0.000000 0.000000 -58.992645
v 0.000000 0.000000 -58.992645
v -77.410567 103.614738 1703.412944
v -99.797984 133.688522 2197.822080
v 0.000000 0.000000 0.000000
v 0.000000 0.000000 0.000000
v 0.000000 0.000000 0.000000
v 0.000000 0.000000 0.000000
v 0.000000 0.000000 0.000000
v 0.000000 0.000000 0.000000
v 0.000000 0.000000 0.000000
v 0.000000 0.000000 0.000000
v 0.000000 0.000000 0.000000
v 0.000000 0.000000 0.000000
v 0.000000 0.000000 0.000000
v 0.000000 0.000000 0.000000
v 0.000000 0.000000 0.000000
v 0.000000 0.000000 0.000000
v 0.000000 0.000000 0.000000
v 0.000000 0.000000 0.000000
v 0.000000 0.000000 0.000000
v 0.000000 0.000000 0.000000
v 0.000000 0.000000 0.000000
v 0.000000 0.000000 0.000000
v 0.000000 0.000000 0.000000
v 0.000000 0.000000 0.000000
v 0.000000 0.000000 0.000000
v 0.000000 0.000000 0.000000
v 0.000000 0.000000 0.000000
v 0.000000 0.000000 0.000000
v 0.000000 0.000000 0.000000
v 0.000000 0.000000 0.000000
v 0.000000 0.000000 0.000000
v 0.000000 0.000000 0.000000
v 0.000000 0.000000 0.000000
v 0.000000 0.000000 0.000000
v 0.000000 0.000000 0.000000
v 0.000000 0.000000 0.000000
v 0.000000 0.000000 0.000000
v 0.000000 0.000000 0.000000
v 0.000000 0.000000 0.000000
v 0.000000 0.000000 0.000000
v 0.000000 0.000000 0.000000
v 0.000000 0.000000 0.000000
v 0.000000 0.000000 0.000000
v 0.000000 0.000000 0.000000
v 0.000000 0.000000 0.000000
v 0.000000 0.000000 0.000000
v 0.000000 0.000000 0.000000
v 0.000000 0.000000 0.000000
v 0.000000 0.000000 0.000000
v 0.000000 0.000000 0.000000
v 0.000000 0.000000 0.000000
v 0.000000 0.000000 0.000000
v 0.000000 0.000000 0.000000
v 0.000000 0.000000 0.000000
v 0.000000 0.000000 0.000000
v 0.000000 0.000000 0.000000
v 0.000000 0.000000 0.000000
v 0.000000 0.000000 0.000000
v 0.000000 0.000000 0.000000
v 0.000000 0.000000 0.000000
v 0.000000 0.000000 0.000000
v 0.000000 0.000000 0.000000
v 0.000000 0.000000 0.000000
v 0.000000 0.000000 0.000000
v 0.000000 0.000000 0.000000
v 0.000000 0.000000 0.000000
v 0.000000 0.000000 0.000000
v 0.000000 0.000000 0.000000
v 0.000000 0.000000 0.000000
v 0.000000 0.000000 0.000000
v 0.000000 0.000000 0.000000
v 0.000000 0.000000 0.000000
v 0.000000 0.000000 0.000000
v 0.000000 0.000000 0.000000
v 0.000000 0.000000 0.000000
v 0.000000 0.000000 0.000000
v 0.000000 0.000000 0.000000
v 0.000000 0.000000 0.000000
v 0.000000 -0.000000 0.000000
v 0.000000 0.000000 0.000000
v 0.000000 0.000000 0.000000
v 0.000000 0.000000 0.000000
v 0.000000 0.000000 0.000000
v 0.000000 0.000000 0.000000
v 0.000000 0.000000 0.000000
v 0.000000 0.000000 0.000000
v 0.000000 0.000000 0.000000
v 0.000000 0.000000 0.000000
v 0.000000 0.000000 0.000000
v 0.000000 0.000000 0.000000
v 0.000000 0.000000 0.000000
v 0.000000 0.000000 0.000000
v 0.000000 0.000000 0.000000
v 0.000000 0.000000 0.000000
v 0.000000 0.000000 0.000000
v 0.000000 0.000000 0.000000
v 0.000000 0.000000 0.000000
v 0.000000 0.000000 0.000000
v 0.000000 0.000000 0.000000
v 0.000000 0.000000 0.000000
v 0.000000 0.000000 0.000000
v 0.000000 0.000000 0.000000
v 0.000000 0.000000 0.000000
v 0.000000 0.000000 0.000000
v 0.000000 0.000000 0.000000
v 0.000000 0.000000 0.000000
v 0.000000 0.000000 0.000000
v 0.000000 0.000000 0.000000
v 0.000000 0.000000 0.000000
v 0.000000 0.000000 0.000000
v 0.000000 0.000000 0.000000
v 0.000000 0.000000 0.000000
v 0.000000 0.000000 0.000000
v 0.000000 0.000000 0.000000
v 0.000000 0.000000 0.000000
v 0.000000 0.000000 0.000000
v 0.000000 0.000000 0.000000
v 0.000000 0.000000 0.000000
v 0.000000 -0.000000 0.000000
v 0.000000 0.000000 0.000000
v 0.000000 0.000000 0.000000
v 0.000000 0.000000 0.000000
v 0.000000 0.000000 0.000000
v 0.000000 0.000000 0.000000
v 0.000000 0.000000 0.000000
v 0.000000 0.000000 0.000000
v 0.000000 0.000000 0.000000
v 0.000000 0.000000 0.000000
v 0.000000 -0.000000 0.000000
v 0.000000 0.000000 0.000000
v 0.000000 0.000000 0.000000
v 0.000000 0.000000 0.000000
v 0.000000 0.000000 0.000000
v 0.000000 0.000000 0.000000
v 0.000000 0.000000 0.000000
v 0.000000 0.000000 0.000000
v 0.000000 0.000000 0.000000
v 0.000000 0.000000 0.000000
v 0.000000 0.000000 0.000000
v 0.000000 0.000000 0.000000
v 0.000000 0.000000 0.000000
v 0.000000 0.000000 0.000000
v 0.000000 0.000000 0.000000
v 0.000000 0.000000 0.000000
v 0.000000 0.000000 0.000000
v 0.000000 0.000000 0.000000
v 0.000000 0.000000 0.000000
v 0.000000 0.000000 0.000000
v 0.000000 0.000000 -0.000000
v 0.000000 0.000000 0.000000
v 0.000000 -0.000000 0.000000
v 0.000000 0.000000 0.000000
v 0.000000 0.000000 0.000000
v 0.000000 0.000000 0.000000
v 0.000000 0.000000 0.000000
v 0.000000 0.000000 0.000000
v 0.000000 0.000000 0.000000
v 0.000000 0.000000 0.000000
v -0.000000 0.000000 0.000000
v 0.000000 0.000000 0.000000
v 0.000000 0.000000 0.000000
v 0.000000 0.000000 0.000000
v 0.000000 0.000000 0.000000
v 0.000000 0.000000 0.000000
v 0.000000 0.000000 0.000000
v 0.000000 0.000000 0.000000
v 0.000000 0.000000 0.000000
v 0.000000 0.000000 0.000000
v -0.000000 0.000000 0.000000
v 0.000000 0.000000 0.000000
v 0.000000 0.000000 0.000000
v 0.000000 0.000000 0.000000
v 0.000000 0.000000 0.000000
v 0.000000 0.000000 0.000000
v 0.000000 0.000000 0.000000
v 0.000000 0.000000 0.000000
v 0.000000 0.000000 0.000000
v 0.000000 0.000000 0.000000
v -0.000000 0.000000 0.000000
v 0.000000 0.000000 0.000000
v 0.000000 0.000000 0.000000
v 0.000000 0.000000 0.000000
v 0.000000 0.000000 0.000000
v 0.000000 0.000000 0.000000
v 0.000000 0.000000 0.000000
v 0.000000 0.000000 0.000000
v 0.000000 0.000000 0.000000
v 0.000000 0.000000 0.000000
v 0.000000 0.000000 0.000000
v 0.000000 0.000000 0.000000
v 0.000000 0.000000 0.000000
v 0.000000 0.000000 0.000000
v 0.000000 0.000000 0.000000
v 0.000000 0.000000 0.000000
v 0.000000 0.000000 0.000000
v 0.000000 0.000000 0.000000
v 0.000000 0.000000 0.000000
v 0.000000 0.000000 0.000000
v -0.000000 0.000000 0.000000
v 0.000000 0.000000 0.000000
v 0.000000 0.000000 0.000000
v 0.000000 0.000000 0.000000
v -0.000000 0.000000 0.000000
v -0.000000 0.000000 0.000000
v 0.000000 0.000000 0.000000
v 0.000000 0.000000 0.000000
v 0.000000 0.000000 0.000000
v 0.000000 0.000000 0.000000
v -0.000000 0.000000 0.000000
v 0.000000 0.000000 0.000000
v 0.000000 0.000000 0.000000
v 0.000000 0.000000 0.000000
v 0.000000 0.000000 0.000000
v 0.000000 0.000000 0.000000
v 0.000000 0.000000 0.000000
v 0.000000 0.000000 0.000000
v 0.000000 0.000000 0.000000
v 0.000000 0.000000 0.000000
v 0.000000 nan -22.119339
v 0.000000 nan -22.119339
v 0.000000 0.000000 0.000000
v 0.000000 -0.000001 0.000001
v 2022829807755338364672027136494648950784.000000 53036913081552157168006992832988446720.000000 -53592229129831598888019406437249353083465565142636966126764805150260850589696.000000
v -2022829807755338364672027136494648950784.000000 -53036913081552157168006992832988446720.000000 53592229129831598888019406437249353083465565142636966126764805150260850589696.000000
v 0.000000 0.000000 0.000000
v 0.000000 0.000000 0.000000
v 0.010000 -0.010000 0.000000
v -0.010000 0.010000 0.000000
v 22081484750365894493180748020515340288.000000 nan nan
v -22081484750365894493180748020515340288.000000 nan nan
v 0.000000 0.000000 0.000000
v 0.000000 0.000000 0.000000
v -5955.877269 -372.216259 8368.688367
v 606.138384 37.880996 -851.693717
v -7344.564262 -593.815946 9572.619276
v 355.273217 30.288420 -454.378181
v -7955.350019 -641.749416 10350.852014
v 503.470657 43.873745 -664.519887
v -10076.154235 2371.893548 13982.414007
v -2555.065612 602.260174 3546.000371
v -9020.620315 2314.932814 13205.113595
v -2416.657118 596.568136 3538.731213
v -18210.382213 -514.378715 14012.338415
v 184.205105 9.540924 -141.430657
v -13558.426230 -138.309310 13064.836198
v 510.289672 3.545018 -500.620555
v -9575.215166 -396.451472 10682.888609
v 131.670526 3.996357 -155.843579
v -8044.213519 2226.498633 12408.062765
v -2313.189315 640.650785 3569.759010
v -8167.900311 2039.289437 12810.922115
v -2156.365523 539.553666 3383.384729
v -7997.060204 2235.684040 12453.401260
v -2062.542071 576.189741 3208.993740
v -9512.196577 2382.376541 13661.840254
v -2272.688447 568.217402 3263.959949
v -9019.356286 2417.340215 13454.111206
v -2436.868539 650.685132 3633.359728
v -9120.556499 2293.819583 13636.066795
v -2216.274584 556.399251 3313.294804
v -8493.329138 2302.347398 13232.864960
v -2318.126163 628.266468 3607.655878
v -9473.260856 2247.224521 13598.478385
v -2443.417003 579.955056 3513.321348
v -9242.309060 2115.379962 12891.842578
v -2558.808330 587.515272 3570.635391
v -8504.860781 2083.709983 12685.931214
v -2273.159537 558.204902 3391.615772
v -9018.514066 2419.909680 13362.982971
v -2389.164080 640.650784 3537.737621
v -9358.863990 2251.835431 13708.238156
v -2239.111342 539.553708 3278.261249
v -10100.852486 2503.423506 13871.051480
v -2326.382176 576.189790 3193.140105
v -10022.135955 2448.693565 14042.000469
v -2329.668266 568.217313 3264.020939
v -5561.838440 -378.674690 8453.839459
v 456.290719 63.227745 -703.627299
v -5884.195296 -530.501200 9381.065990
v 420.293140 39.335706 -670.067222
v -7603.076565 -383.514255 12110.084221
v 279.319076 14.089408 -446.679082
v -15008.335043 -777.213101 12657.093897
v 509.245908 24.522989 -392.011424
v -12828.878345 -981.115815 9358.574501
v 876.117086 73.733389 -541.409749
v -6414.410939 -792.815738 9337.721908
v 393.943397 51.954268 -714.074281
v -5487.309049 -464.936211 9166.791517
v 425.054688 33.703067 -710.200162
v -6998.325160 -313.739147 10692.769210
v 419.264137 15.187499 -626.652059
v -4625.725946 -610.386669 5946.370669
v 464.751299 61.620775 -590.297435
v -8548.621354 -824.753786 3558.889432
v 725.030072 69.978369 -283.880907
v -6334.104049 -815.876921 361.647984
v 533.706683 68.745169 -22.574306
v -6561.425468 -661.106052 8025.651892
v 445.854940 45.329566 -655.045563
v -13139.296558 -708.887468 15004.059399
v 540.438037 28.929596 -630.423252
v -6575.449756 -722.768249 4504.827049
v 632.008765 69.452190 -405.133295
v -9975.566796 -873.209568 6579.194245
v 797.395497 70.047413 -507.410195
v -5556.009457 -664.192052 4064.063208
v 582.393261 69.641894 -482.484966
v -7604.365913 -774.604566 1059.113513
v 695.133019 70.023630 1.652033
v -7642.786016 -742.502039 8183.259232
v 564.277133 54.362849 -618.062353
v -8982.045213 -860.438800 493.121458
v 734.942056 72.200686 92.070076
v -10195.264230 -782.455037 10118.026139
v 540.268396 40.044275 -548.408462
v -9654.204548 -895.483519 1159.068221
v 744.989822 72.565960 63.524619
v -12794.928161 -932.011817 10446.339426
v 615.359034 43.778585 -513.450746
v nan nan nan
v nan nan nan
v nan nan nan
v nan nan nan
v nan nan nan
v nan nan nan
v nan nan nan
v nan nan nan
v nan nan nan
v nan nan nan
v nan nan nan
v nan nan nan
v nan nan nan
v nan nan nan
v nan nan nan
v nan nan nan
v nan nan nan
v nan nan nan
v nan nan nan
v nan nan nan
v nan nan nan
v nan nan nan
v nan nan nan
v nan nan nan
v nan nan nan
v nan nan nan
v nan nan nan
v nan nan nan
v nan nan nan
v nan nan nan
v nan nan nan
v nan nan nan
v nan -0.000000 0.000000
v nan -0.000000 0.000000
v 0.859528 0.000000 0.140631
v -0.000000 0.000000 0.000000
v 0.000000 -0.000000 nan
v nan nan nan
v nan nan nan
v -0.000000 nan nan
v nan nan -0.000000
v nan nan -0.000000
v nan -0.000000 0.000000
v nan -0.000000 0.000000
v 0.469010 -28948022309329048855892746252171976963317496166410141009864396001978282409984.000000 0.515662
v -0.000000 -0.531287 0.000000
v nan -0.000000 nan
v nan nan nan
v nan nan nan
v -0.000000 nan nan
v 1571.023490 315056566189407978710339540484314103808.000000 -0.000000
v -245845099631926318044265852759905846847643636903247347712.000000 315056566189407978710339540484314103808.000000 -0.000000
v nan -122376695681229868329534032848761914874140559834015671219576320819200.000000 -3387173235785172707876596332101632.000000
v nan -0.000000 -3387173235785172707876596332101632.000000
v -1932661689259694294267916227002968346195313500164165135987963852666961920.000000 -14847282140830740456833367446388736.000000 0.875006
v -0.000059 -14847282140830740456833367446388736.000000 0.000000
v -243281803838703160615858149998150549504.000000 -0.000000 nan
v nan nan nan
v -1.505010 nan nan
v -0.000000 nan nan
v 2.005261 224672814721810374911909090626738585600.000000 -0.000000
v -6408664654475543171470042874221751262864644024926124983849944638684135424.000000 224672814721810374911909090626738585600.000000 1718680833485075126589608306691007802185919831472918039512481792.000000
v nan -120875614162335610082908976967322281452790349824.000000 -45747925302799688007680.000000
v nan -0.000000 -45747925302799688007680.000000
v -0.000000 -1152263690830874731872256.000000 0.000000
v -0.000000 -1152263690830874731872256.000000 0.000000
v -443957753593170759778304.000000 -170141183460469231731687303715884105728.000000 nan
v nan nan nan
v nan nan nan
v -0.000000 nan nan
v 536.706855 134272766338096236996292999152754753536.000000 -0.000000
v -436862369564475341294077982348212603698907490778248904704.000000 134272766338096236996292999152754753536.000000 14048458024771516190991219202411462656.000000
v 0.000000 0.000000 0.000000
v 0.000000 0.000000 0.000000
v nan nan nan
v nan nan nan
v 0.000000 0.000000 0.000000
v -0.000000 4231.711666 -9.847966
v -111.542160 -1833.738737 -0.000000
v 2026.853590 33321.211926 0.000000
v 0.000000 -68.872147 -8.754272
v -0.000000 5008.040347 620.637266
v -18459.316073 -24639.421937 -0.000000
v 24963.746173 33321.211926 0.000000
v 0.000000 -100.167923 23.780701
v 0.000000 -100.167923 23.780701
v 0.000000 0.000000 0.000000
v 0.000000 0.000000 0.000000
v 0.000000 0.000000 0.000000
v 0.000000 0.000000 0.000000
v 0.000000 0.000000 0.000000
v 0.000000 0.000000 0.000000
v 0.000000 0.000000 0.000000
v 0.000000 0.000000 0.000000
v 0.000000 0.000000 0.000000
v 0.000000 0.000000 0.000000
v 0.000000 0.000000 0.000000
v 0.000000 0.000000 0.000000
v 0.000000 0.000000 0.000000
v 0.000000 0.000000 0.000000
v 0.000000 0.000000 0.000000
v 0.000000 0.000000 0.000000
v 0.000000 0.000000 0.000000
v 0.000000 0.000000 0.000000
v 0.000000 0.000000 0.000000
v 0.000000 0.000000 0.000000
v 0.000000 0.000000 0.000000
v 0.000000 0.000000 0.000000
v 0.000000 0.000000 0.000000
v 0.000000 0.000000 0.000000
v 0.000000 0.000000 0.000000
v 0.000000 0.000000 0.000000
v 0.000000 0.000000 0.000000
v 0.000000 0.000000 0.000000
v 0.000000 0.000000 0.000000
v 0.000000 0.000000 0.000000
v 0.000000 0.000000 0.000000
v 0.000000 0.000000 0.000000
v 0.000000 0.000000 0.000000
v 0.000000 0.000000 0.000000
v 0.000000 0.000000 0.000000
v 0.000000 0.000000 0.000000
v 0.000000 0.000000 0.000000
v 0.000000 0.000000 0.000000
v 0.000000 0.000000 0.000000
v 0.000000 0.000000 0.000000
v 0.000000 0.000000 0.000000
v 0.000000 0.000000 0.000000
v 0.000000 0.000000 0.000000
v 0.000000 0.000000 0.000000
v 0.000000 0.000000 0.000000
v 0.000000 0.000000 0.000000
v 0.000000 0.000000 0.000000
v 0.000000 0.000000 0.000000
v 0.000000 0.000000 0.000000
v 0.000000 0.000000 0.000000
v 0.000000 0.000000 0.000000
v 0.000000 0.000000 0.000000
v 0.000000 0.000000 0.000000
v 0.000000 0.000000 0.000000
v 0.000000 0.000000 0.000000
v 0.000000 0.000000 0.000000
v 0.000000 0.000000 0.000000
v 0.000000 0.000000 0.000000
v 0.000000 0.000000 0.000000
v 0.000000 0.000000 0.000000
v 0.000000 0.000000 0.000000
v 0.000000 0.000000 0.000000
v 0.000000 0.000000 0.000000
v 0.000000 0.000000 0.000000
v 0.000000 0.000000 0.000000
v 0.000000 0.000000 0.000000
v -0.000000 0.000000 0.000000
v 0.000000 0.000000 0.000000
v 0.000000 0.000000 0.000000
v 0.000000 0.000000 0.000000
v 0.000000 0.000000 0.000000
v 0.000000 0.000000 0.000000
v 0.000000 0.000000 0.000000
v 0.000000 0.000000 0.000000
v 0.000000 0.000000 0.000000
v 0.000000 0.000000 0.000000
v 0.000000 0.000000 0.000000
v 0.000000 0.000000 0.000000
v 0.000000 0.000000 0.000000
v 0.000000 0.000000 0.000000
v 0.000000 0.000000 0.000000
v 0.000000 0.000000 0.000000
v 0.000000 0.000000 0.000000
v 0.000000 0.000000 0.000000
v 0.000000 0.000000 0.000000
v 0.000000 0.000000 0.000000
v 0.000000 0.000000 0.000000
v 0.000000 0.000000 0.000000
v 0.000000 0.000000 0.000000
v 0.000000 0.000000 0.000000
v 0.000000 0.000000 0.000000
v 0.000000 0.000000 0.000000
v 0.000000 0.000000 0.000000
v 0.000000 0.000000 0.000000
v 0.000000 0.000000 0.000000
v 0.000000 0.000000 0.000000
v -0.000000 0.000000 0.000000
v 0.000000 0.000000 0.000000
v 0.000000 0.000000 0.000000
v 0.000000 0.000000 0.000000
v 0.000000 0.000000 0.000000
v 0.000000 0.000000 0.000000
v 0.000000 0.000000 0.000000
v 0.000000 0.000000 0.000000
v 0.000000 0.000000 0.000000
v 0.000000 0.000000 0.000000
v -0.000000 0.000000 0.000000
v 0.000000 0.000000 0.000000
v 0.000000 0.000000 0.000000
v 0.000000 0.000000 0.000000
v 0.000000 0.000000 0.000000
v 0.000000 0.000000 0.000000
v 0.000000 0.000000 0.000000
v 0.000000 0.000000 0.000000
v 0.000000 0.000000 0.000000
v 0.000000 0.000000 0.000000
v -0.000000 0.000000 0.000000
v 0.000000 0.000000 0.000000
v 0.000000 0.000000 0.000000
v 0.000000 0.000000 0.000000
v 0.000000 0.000000 0.000000
v 0.000000 0.000000 0.000000
v 0.000000 0.000000 0.000000
v 0.000000 0.000000 0.000000
v 0.000000 0.000000 0.000000
v 0.000000 0.000000 0.000000
v -0.000000 0.000000 0.000000
v 0.000000 0.000000 0.000000
v 0.000000 0.000000 0.000000
v 0.000000 0.000000 0.000000
v 0.000000 0.000000 0.000000
v 0.000000 0.000000 0.000000
v 0.000000 0.000000 0.000000
v 0.000000 0.000000 0.000000
v 0.000000 -0.000000 0.000000
v 0.000000 0.000000 0.000000
v 0.000000 -0.000000 0.000000
v 0.000000 0.000000 0.000000
v 0.000000 0.000000 0.000000
v 0.000000 0.000000 0.000000
v 0.000000 0.000000 -0.000000
v 0.000000 0.000000 0.000000
v 0.000000 0.000000 0.000000
v 0.000000 0.000000 0.000000
v 0.000000 0.000000 0.000000
v 0.000000 0.000000 0.000000
v 0.000000 -0.000000 0.000000
v 0.000000 0.000000 0.000000
v 0.000000 0.000000 0.000000
v 0.000000 0.000000 0.000000
v 0.000000 0.000000 0.000000
v 0.000000 0.000000 0.000000
v 0.000000 0.000000 0.000000
v 0.000000 0.000000 0.000000
v 0.000000 -0.000000 -0.000000
v 0.000000 0.000000 -0.000000
v 0.000000 -0.000000 0.000000
v 0.000000 0.000000 0.000000
v 0.000000 0.000000 0.000000
v 0.000000 0.000000 0.000000
v 0.000000 0.000000 -0.000000
v 0.000000 0.000000 0.000000
v 0.000000 0.000000 0.000000
v 0.000000 0.000000 0.000000
v 0.000000 0.000000 -0.000000
v 0.000000 0.000000 -0.000000
v 0.000000 0.000000 0.000000
v 0.000000 0.000000 0.000000
v 0.000000 0.000000 0.000000
v 0.000000 0.000000 0.000000
v 0.000000 0.000000 0.000000
v 0.000000 0.000000 0.000000
v 0.000000 0.000000 0.000000
v 0.000000 0.000000 0.000000
v 0.000000 -0.000000 -0.000000
v 0.000000 0.000000 -0.000000
v 0.000000 -0.000000 0.000000
v 0.000000 0.000000 0.000000
v 0.000000 0.000000 0.000000
v 0.000000 0.000000 0.000000
v 0.000000 0.000000 -0.000000
v 0.000000 0.000000 0.000000
v 0.000000 0.000000 0.000000
v 0.000000 0.000000 0.000000
v -0.000000 0.000000 0.000000
v 0.000000 0.000000 0.000000
v -2.530474 -132.028223 187.564047
v 224.465644 11724.615240 -16503.824131
v -70.309353 -830.808434 1133.086632
v 916.091210 12016.519497 -16310.060083
v -61.001293 -767.951048 1030.501560
v 942.552665 11918.641289 -15996.699102
v -55.678047 -737.239957 1001.958453
v 886.885067 11745.672007 -15957.581996
v -64.352062 -794.300629 1177.475509
v 883.514410 11030.660224 -16280.327702
v -58.535574 -740.715823 1103.143449
v 850.934769 10806.113901 -16098.887934
v -58.824496 -761.055559 1143.281681
v 851.898430 11048.501320 -16582.332534
v -36.390876 -880.567144 1517.821042
v 353.800402 9240.113317 -15945.149350
v -94.410219 -884.080028 1567.043943
v 966.347097 9047.914517 -16009.941016
v -87.963611 -832.974638 1486.405399
v 934.524729 8870.089625 -15833.364710
v -14.992333 -143.295597 309.163951
v 684.833961 6607.823962 -13267.990468
v -5.280457 -189.427793 398.273520
v 141.307038 7240.956562 -15724.235938
v 2.579309 97.742203 -175.099079
v -154.396000 8988.309955 -15520.810551
v 2.491879 450.018550 -642.258899
v 95.717577 10843.659428 -15202.513818
v -17.820003 -254.406681 490.352120
v 325.376346 8663.262128 -15749.531673
v -93.224855 -786.259081 1560.376304
v 863.188348 7821.092349 -15557.238958
v -87.193726 -784.608930 1553.176761
v 869.119480 7821.935827 -15483.773705
v -88.297593 -798.235189 1583.920899
v 869.030615 7867.716398 -15612.657544
v -17.411043 938.487567 -888.159930
v -870.450603 27086.694825 -23588.077798
v -7.179128 -728.567371 1076.154547
v 232.566201 12261.121858 -16484.681031
v 4.342298 -101.922141 168.660676
v 217.155433 11073.168080 -16602.355784
v 7.670229 416.771336 -562.833816
v 224.733478 12204.392733 -16476.445292
v 7.670229 402.296529 -587.637973
v 217.307471 11385.592055 -16665.595820
v -16.857248 -251.700540 467.579651
v 353.701871 9174.169946 -16314.511295
v -38.563446 -840.736559 1518.736432
v 361.205821 9134.538123 -16483.633735
v -3.819459 -238.021815 494.208571
v 339.134601 7928.271631 -15849.931328
v 7.741516 186.639717 -361.559350
v 343.521992 8267.021126 -16025.590532
v -7.005728 108.192516 -261.246427
v -242.694494 6990.437328 -16343.975876
v -86.064949 550.250659 -1383.004387
v -341.856262 2127.462675 -5370.228028
v -48.463060 532.068375 -1028.468577
v -653.158184 8589.762392 -14923.150501
v -10.585183 412.548612 -475.416303
v -382.117367 15297.542341 -17252.854974
v -75.764747 988.670856 -1338.906551
v -669.203475 7623.215258 -11401.434277
v -87.825410 470.749706 -1059.539393
v -295.957907 1560.452887 -3562.636250
v -59.391091 32.534952 -843.178917
v -866.347261 396.255922 -12747.375008
v -22.066994 998.216445 -854.463767
v -325.147819 15702.423207 -12610.724622
v -15.960786 1573.432804 -1319.688443
v -130.419295 13317.938804 -10346.075187
v -73.965224 118.074236 -812.348858
v -647.868346 719.731642 -7036.069569
v -87.769233 315.139683 -1023.156046
v -48.318627 183.715138 -573.639387
v -87.407861 594.782109 -1154.913477
v -731.636966 5183.105488 -9727.775004
v -26.027414 585.646279 -731.047596
v -665.066499 16078.101845 -19889.240588
v -87.819523 433.151865 -1191.566665
v -637.156104 3418.136078 -8728.266744
v -20.994814 421.710413 -630.071635
v -501.974339 11528.068901 -16938.483684
v -87.818785 284.134931 -1180.280839
v -497.681851 1714.863541 -6794.517636
v -18.179960 265.345034 -490.127814
v -477.159663 8366.996360 -15124.124046
v -81.090775 214.565685 -1127.784952
v -358.638754 355.843473 -4736.500866
v -25.548058 274.554166 -625.238404
v -480.069951 5958.806919 -13335.123391
v nan -62613757784366069415141188846247828157674252062510351418627787695138436808704.000000 -80405601934946421743421051618438618303050633046899434269487530193451059511296.000000
v nan nan nan
v nan nan nan
v nan nan nan
v -112624885839158747985436049686452645060997540041446465236528805157399831773184.000000 -96246476091406539748407213627721490786941662977460701432977952855096819712000.000000 -96246476091406539748407213627721490786941662977460701432977952855096819712000.000000
v 113986288911475447849162581140589907321572535625419288566526119929586254872576.000000 97409897898888972023749986442202773978959790272732236584860905074189139968000.000000 97409897898888972023749986442202773978959790272732236584860905074189139968000.000000
v -70865546606124534863150502832349537031001715536380238755351574558416228581376.000000 -70865546606124534863150502832349537031001715536380238755351574558416228581376.000000 -70865546606124534863150502832349537031001715536380238755351574558416228581376.000000
v 70865546606124534863150502832349537031001715536380238755351574558416228581376.000000 70865546606124534863150502832349537031001715536380238755351574558416228581376.000000 70865546606124534863150502832349537031001715536380238755351574558416228581376.000000
v -64197545717779541277210370392607976392774461257680787104758114287436819333120.000000 -65598464843775639986814895985605577340867247755184949691407155524732746465280.000000 -66298233067570183693694566107287197964011116377870616600886767152905637068800.000000
v 65177741513381781853107907672209007787772500926905603167563453442086058065920.000000 66600050476355711321020143843081359368779156950482508527049662622872350228480.000000 67310503062974260875115089735896294580360073447701379163378071820965825740800.000000
v -54066214933139635834716631538829848390192824154698149296875486692979523977216.000000 -63872164952737379377256585159040184497181253098666961840964844031716169351168.000000 -54066214933139635834716631538829848390192824154698149296875486692979523977216.000000
v 53771551765107382061985257480111384778552816679591252873221862567896256872448.000000 63524058940557189224976481942860821343701084899327216481084389931640531451904.000000 53771551765107382061985257480111384778552816679591252873221862567896256872448.000000
v -54469060900777605452336796745170467664910088251658834240759740747762945228800.000000 -55072647001783448577566746067959029635954328077489533685501050418621526835200.000000 -54469060900777605452336796745170467664910088251658834240759740747762945228800.000000
v 55433250816887833225706562577926399910183796210038122939141965388026384220160.000000 56047521361915104579166699821985230782957544578775127400421070985742663024640.000000 55433250816887833225706562577926399910183796210038122939141965388026384220160.000000
v nan nan nan
v nan nan nan
v -67681294360135265120769396339117509545008205587984118663969508349035453349888.000000 -67681294360135265120769396339117509545008205587984118663969508349035453349888.000000 -67327844596428540145764658808263835865710939867304686542986478739604532887552.000000
v 63927826894144126655076909363097232485602199188953669083980954952742236848128.000000 63927826894144126655076909363097232485602199188953669083980954952742236848128.000000 63593978738259442101197970664577885951581405540554513051194366682390973120512.000000
v -55445776118426952995482777483474818229581637715277345507619527477108131495936.000000 -55445776118426952995482777483474818229581637715277345507619527477108131495936.000000 -59601930182246404935794762967573238074757757194269400491206807774064959029248.000000
v 55445776118426952995482777483474818229581637715277345507619527477108131495936.000000 55445776118426952995482777483474818229581637715277345507619527477108131495936.000000 59601930182246404935794762967573238074757757194269400491206807774064959029248.000000
v -71992510288217864966172968773382997790512383012892465381914571083372581355520.000000 nan nan
v nan nan nan
v nan nan nan
v nan nan nan
v -82885411296262822177705918917781943793144141526459204289036549303340682444800.000000 -76166995986034604595516098430356565234858931062023449097297636039575375708160.000000 -70155496428173685172893273076779941327087702079316767023847126398794475765760.000000
v 82467828872156617889107347528990954210499736675044425981702424570427741306880.000000 75783261402067233411884000014911445101152342232001042712630118627063571152896.000000 69802048193982780906498075899965443722742779608523869155697774335289989267456.000000
v nan nan nan
v nan nan nan
v -69800667557802836803075773137142022904657016000313363862549348462015922831360.000000 -62765943826649041983801483055422667874172589162697980139058207901558631301120.000000 -63822320014579379022911298971933651662699612354769014840058115247035163607040.000000
v 71922737599128206504869258960852429348812314433281256364593886716316908257280.000000 64674145190192499699825913125270232212092679588100280943224572715724450037760.000000 65762637177859566799575818868878986687046442629123371791817627696262723665920.000000
v -63936286840073646311584721430806453665170307349347517375767298737277088301056.000000 -64273708489429419240510218574341963487917788336527813324832546872466304139264.000000 -64948551788140965098361212861412983133412750310888405222963043142844735815680.000000
v 63261443541362100453733727143735434019675345374986925477636802466898656624640.000000 63595303727421177529888179835431168779845617143586643222461138618017812316160.000000 64263024099539331682197085218822638300186160680786078712109810920256123699200.000000
v -133982088914272256.000000 -0.000000 nan
v nan nan nan
v -0.052019 -9350246936083932160856581533066727724637142067813280032638377354080198590464.000000 nan
v -0.000000 -12066.799694 nan
v 679.776380 82427707558637987690004023239556202496.000000 -0.000000
v -10593957109025206126504974463549762802424539734224142336.000000 82427707558637987690004023239556202496.000000 186350718995022691807925675688460288000.000000
v nan -177197293932380160.000000 -51904512.000000
v nan -0.000000 -51904512.000000
v -0.000000 -742429760.000000 0.000000
v -0.000000 -742429760.000000 0.000000
v -22804446685691904.000000 -0.000000 nan
v nan nan nan
v -0.141040 nan nan
v -0.000000 nan nan
v 47036.492387 41713947011711431256810067021111754752.000000 -0.000000
v -10109031911844774974871404227495708620074306764800.000000 41713947011711431256810067021111754752.000000 1435695524902000.000000
v nan -0.007525 -0.001892
v nan -0.000000 -0.001892
v -0.000000 -0.490240 0.000000
v -0.000000 -0.490240 0.000000
v -0.140649 -170141183460469231731687303715884105728.000000 nan
v nan nan nan
v nan nan nan
v -0.000000 nan nan
v 11577191118358.687500 19611766659504527028461829435431059456.000000 -0.000000
v -103458702043522991965758273093632.000000 19611766659504527028461829435431059456.000000 0.000000
v nan -0.000000 -119908340078739456.000000
v nan -0.000000 -119908340078739456.000000
v -0.000000 -0.000000 0.000000
v -0.000000 -0.000000 0.000000
v 1.312506 -0.000000 -0.081418
v nan nan nan
v nan nan nan
v -0.000000 nan nan
v 14708267535968501760.000000 8560261961654800283273421220642553856.000000 -0.000000
v -357986762981036513034240.000000 8560261961654800283273421220642553856.000000 -0.000000
v 7231574618850881750209352504279302144.000000 -0.136185 -0.000000
v 7231574618850881750209352504279302144.000000 -0.000000 -0.000000
v -0.000000 -0.000000 0.000000
v -0.000000 -0.000000 0.000000
v -0.000000 -0.000000 -0.048018
v -0.000000 0.045328 22332073051397262460625936479832845876857924003924356374561989800755200000.000000
v -316638756397769638216770817662633639936.000000 nan -99469878220623358958159318717227479853965129072186150316209397163239292272640.000000
v -316638756397769638216770817662633639936.000000 nan -0.226560
v 0.000000 0.267646 0.000000
v 0.000000 -2.524393 0.000000
v 2.287688 0.000000 -292864304050247656044262144175452979200.000000
v -29381841854380.000000 0.000000 -292864304050247656044262144175452979200.000000
v nan nan nan
v 0.000000 -3.117276 0.000000
v -32957.128583 -0.000000 -0.000000
v 182.041672 0.000000 0.000000
v 0.000000 0.000000 0.000000
v 0.000000 0.000000 0.000000
v 0.000000 0.000000 0.000000
v 0.000000 0.000000 0.000000
v 0.000000 0.000000 0.000000
v 0.000000 0.000000 0.000000
v 0.000000 0.000000 0.000000
v 0.000000 0.000000 0.000000
v 0.000000 0.000000 0.000000
v 0.000000 0.000000 0.000000
v 0.000000 0.000000 0.000000
v 0.000000 0.000000 0.000000
v 0.000000 0.000000 0.000000
v 0.000000 0.000000 0.000000
v 0.000000 0.000000 0.000000
v 0.000000 0.000000 0.000000
v 0.000000 0.000000 0.000000
v 0.000000 0.000000 0.000000
v 0.000000 0.000000 0.000000
v 0.000000 0.000000 0.000000
v 0.000000 0.000000 0.000000
v 0.000000 0.000000 0.000000
v 0.000000 0.000000 0.000000
v 0.000000 0.000000 0.000000
v 0.000000 0.000000 0.000000
v 0.000000 0.000000 0.000000
v 0.000000 0.000000 0.000000
v 0.000000 0.000000 0.000000
v 0.000000 0.000000 0.000000
v 0.000000 0.000000 0.000000
v 0.000000 0.000000 0.000000
v 0.000000 0.000000 0.000000
v 0.000000 0.000000 0.000000
v 0.000000 0.000000 0.000000
v 0.000000 0.000000 0.000000
v 0.000000 0.000000 0.000000
v 0.000000 0.000000 0.000000
v 0.000000 0.000000 0.000000
v 0.000000 0.000000 0.000000
v 0.000000 0.000000 0.000000
v 0.000000 0.000000 0.000000
v 0.000000 0.000000 0.000000
v 0.000000 0.000000 0.000000
v 0.000000 0.000000 0.000000
v 0.000000 0.000000 0.000000
v 0.000000 0.000000 0.000000
v 0.000000 0.000000 0.000000
v 0.000000 0.000000 0.000000
v 0.000000 0.000000 0.000000
v 0.000000 0.000000 0.000000
v 0.000000 0.000000 0.000000
v 0.000000 0.000000 0.000000
v 0.000000 0.000000 0.000000
v 0.000000 0.000000 0.000000
v 0.000000 0.000000 0.000000
v 0.000000 0.000000 0.000000
v 0.000000 0.000000 0.000000
v 0.000000 0.000000 0.000000
v 0.000000 0.000000 0.000000
v 0.000000 0.000000 0.000000
v 0.000000 0.000000 0.000000
v 0.000000 0.000000 0.000000
v 0.000000 0.000000 0.000000
v 0.000000 0.000000 0.000000
v 0.000000 0.000000 0.000000
v 0.000000 0.000000 0.000000
v 0.000000 0.000000 0.000000
v 0.000000 0.000000 0.000000
v 0.000000 0.000000 0.000000
v 0.000000 0.000000 0.000000
v 0.000000 0.000000 0.000000
v 0.000000 0.000000 0.000000
v 0.000000 0.000000 0.000000
v 0.000000 0.000000 0.000000
v 0.000000 0.000000 0.000000
v 0.000000 0.000000 0.000000
v 0.000000 0.000000 0.000000
v 0.000000 0.000000 0.000000
v 0.000000 0.000000 0.000000
v 0.000000 0.000000 0.000000
v 0.000000 0.000000 0.000000
v 0.000000 0.000000 0.000000
v 0.000000 0.000000 0.000000
v 0.000000 0.000000 0.000000
v 0.000000 0.000000 0.000000
v 0.000000 0.000000 0.000000
v 0.000000 0.000000 0.000000
v 0.000000 0.000000 0.000000
v 0.000000 0.000000 0.000000
v 0.000000 0.000000 0.000000
v 0.000000 0.000000 0.000000
v 0.000000 0.000000 0.000000
v 0.000000 0.000000 0.000000
v 0.000000 0.000000 0.000000
v 0.000000 0.000000 0.000000
v 0.000000 0.000000 0.000000
v 0.000000 0.000000 0.000000
v 0.000000 0.000000 0.000000
v 0.000000 0.000000 0.000000
v 0.000000 0.000000 0.000000
v 0.000000 0.000000 0.000000
v 0.000000 0.000000 0.000000
v 0.000000 0.000000 0.000000
v 0.000000 0.000000 0.000000
v 0.000000 0.000000 0.000000
v 0.000000 0.000000 0.000000
v 0.000000 0.000000 0.000000
v 0.000000 0.000000 0.000000
v 0.000000 0.000000 0.000000
v 0.000000 0.000000 0.000000
v 0.000000 0.000000 0.000000
v 0.000000 0.000000 0.000000
v 0.000000 0.000000 0.000000
v 0.000000 0.000000 0.000000
v 0.000000 0.000000 0.000000
v 0.000000 0.000000 0.000000
v 0.000000 0.000000 0.000000
v 0.000000 0.000000 0.000000
v 0.000000 0.000000 0.000000
v 0.000000 0.000000 0.000000
v 0.000000 0.000000 0.000000
v 0.000000 0.000000 0.000000
v 0.000000 0.000000 0.000000
v 0.000000 0.000000 0.000000
v 0.000000 0.000000 0.000000
v 0.000000 0.000000 0.000000
v 0.000000 0.000000 0.000000
v 0.000000 0.000000 0.000000
v 0.000000 0.000000 0.000000
v 0.000000 0.000000 0.000000
v 0.000000 0.000000 0.000000
v 0.000000 0.000000 0.000000
v 0.000000 0.000000 0.000000
v 0.000000 0.000000 0.000000
v 0.000000 0.000000 0.000000
v 0.000000 0.000000 0.000000
v 0.000000 0.000000 0.000000
v 0.000000 0.000000 0.000000
v 0.000000 0.000000 0.000000
v 0.000000 0.000000 0.000000
v 0.000000 0.000000 0.000000
v 0.000000 0.000000 0.000000
v 0.000000 0.000000 -0.000000
v 0.000000 0.000000 0.000000
v 0.000000 0.000000 0.000000
v 0.000000 0.000000 0.000000
v 0.000000 0.000000 0.000000
v 0.000000 0.000000 0.000000
v 0.000000 0.000000 0.000000
v 0.000000 0.000000 0.000000
v 0.000000 -0.000000 0.000000
v 0.000000 -0.000000 0.000000
v 0.000000 0.000000 0.000000
v 0.000000 0.000000 0.000000
v 0.000000 -0.000000 0.000000
v 0.000000 -0.000000 0.000000
v 0.000000 0.000000 0.000000
v 0.000000 0.000000 0.000000
v 0.000000 0.000000 0.000000
v 0.000000 0.000000 0.000000
v 0.000000 -0.000000 0.000000
v 0.000000 -0.000000 0.000000
v 0.000000 0.000000 0.000000
v 0.000000 0.000000 0.000000
v 0.000000 -0.000000 0.000000
v 0.000000 -0.000000 0.000000
v 0.000000 0.000000 0.000000
v 0.000000 0.000000 0.000000
v 0.000000 0.000000 0.000000
v 0.000000 0.000000 0.000000
v 0.000000 0.000000 0.000000
v 0.000000 0.000000 0.000000
v 0.000000 0.000000 0.000000
v 0.000000 0.000000 0.000000
v 0.000000 0.000000 0.000000
v 0.000000 0.000000 0.000000
v -0.000000 0.000000 0.000000
v 0.000000 0.000000 0.000000
v 0.000000 0.000000 0.000000
v 0.000000 0.000000 0.000000
v 0.000000 -0.000000 0.000000
v 0.000000 -0.000000 0.000000
v 0.000000 0.000000 0.000000
v 0.000000 0.000000 0.000000
v 0.000000 -0.000000 0.000000
v 0.000000 -0.000000 0.000000
v 0.000000 0.000000 0.000000
v 0.000000 0.000000 0.000000
v 0.000000 0.000000 0.000000
v 0.000000 0.000000 0.000000
v 0.000000 -0.000000 0.000000
v 0.000000 0.000000 0.000000
v 0.000000 0.000000 0.000000
v 0.000000 0.000000 0.000000
v 0.000000 0.000000 0.000000
v 0.000000 0.000000 0.000000
v 0.000000 0.000000 0.000000
v 0.000000 0.000000 0.000000
v 0.000000 0.000000 0.000000
v 0.000000 0.000000 0.000000
v 0.000000 0.000000 0.000000
v 0.000000 0.000000 0.000000
v 0.000000 0.000000 772.101130
v 0.000000 0.000000 -10023.666996
v -63.879995 -240.311449 1030.609322
v 332.617799 1255.102837 -5382.684391
v -0.116337 -88.522208 533.499896
v 74.513981 1404.490402 -8494.895627
v -2.088754 -9.313382 3.573178
v 301.827531 3172.057738 -11135.450042
v -4.597049 -83.907182 207.883667
v 193.585948 5367.737253 -14488.318218
v -34.120478 -191.749463 1088.403057
v 319.454816 1921.275654 -10233.621490
v -66.633598 -205.796389 1090.609104
v 607.611116 1881.707122 -9972.025901
v 4.059759 -24.488447 102.525355
v 76.920978 2282.880945 -9783.847221
v -66.849759 -578.637613 2382.003847
v 325.792750 2526.619450 -10397.130412
v -33.611803 -219.552826 1094.563435
v 259.187383 1666.664335 -8455.034440
v -0.791072 -20.514655 180.831171
v 101.497810 2707.701706 -17082.561287
v 126.391019 296.730784 -1508.635188
v 495.674817 1169.336662 -5919.323820
v -57.333848 208.113461 -1832.844815
v -119.584894 400.325760 -3443.474235
v -53.812338 36.498224 -929.200011
v -419.326594 245.493555 -7595.507801
v -2.648079 -6.050889 12.648853
v 61.991329 3481.305684 -11095.224074
v -4.151247 1123.221365 -2298.563813
v -23.671246 6588.209370 -13106.870418
v -87.571651 546.057481 -1474.088893
v -420.369700 2598.093866 -7017.845044
v -87.713679 79.480557 -1031.526968
v -52.168154 52.249880 -619.126360
v -3.825226 34.168910 -103.861079
v 31.875538 6499.625692 -18540.523084
v 7.381309 321.247220 -2272.717984
v 78.016399 2250.675291 -16348.540440
v -87.768318 242.561357 -1063.386383
v -51.047318 148.071109 -630.401919
v -87.768212 208.003484 -1246.862450
v -64.970219 156.043038 -930.218364
v -87.817316 316.126141 -1373.192035
v -460.457533 1786.386445 -7296.831432
v -5.561931 65.837057 -179.142681
v -200.453446 5998.771738 -15608.542620
v -87.816806 193.746447 -1304.019300
v -328.443437 762.873107 -4960.765554
v -4.289033 8.077589 -37.065455
v -226.222427 3513.550323 -11753.738719
v -78.143322 158.951381 -1196.849008
v -207.222237 230.614772 -2979.827437
v -15.417270 91.574829 -429.633510
v -231.750312 1849.729119 -8486.392604
v -87.816354 120.894132 -1351.508892
v -188.288384 267.025162 -2935.627100
v -1.725234 -22.806166 142.344087
v -105.599576 1012.091434 -6691.312366
v -59297100942745802818229203803190905387644491064241210291294011556963385606144.000000 -56047600284376424456234539292387845145221861947589618039160625867639169744896.000000 -56047600284376424456234539292387845145221861947589618039160625867639169744896.000000
v 56372549856316485816119869155487875000221416669090593383147475316377271664640.000000 53283315560546568569173553653619196599048710154254684842064607064323008757760.000000 53283315560546568569173553653619196599048710154254684842064607064323008757760.000000
v -48758824877042753611585733549468948132476461345006357276924899224566466871296.000000 -51118436720951758983699469132317442956622536129973517048780943984909436846080.000000 -48758824877042753611585733549468948132476461345006357276924899224566466871296.000000
v 51118436720951758983699469132317442956622536129973517048780943984909436846080.000000 53592238520585828256630656200564766815451882948560773065059822597422081638400.000000 51118436720951758983699469132317442956622536129973517048780943984909436846080.000000
v -53592238520585828256630656200564766815451882948560773065059822597422081638400.000000 -53592238520585828256630656200564766815451882948560773065059822597422081638400.000000 -53592238520585828256630656200564766815451882948560773065059822597422081638400.000000
v 53592238520585828256630656200564766815451882948560773065059822597422081638400.000000 53592238520585828256630656200564766815451882948560773065059822597422081638400.000000 53592238520585828256630656200564766815451882948560773065059822597422081638400.000000
v -61136979955408288275614220637263456653487594138007777999834014622673184751616.000000 -61877358785136124875079931135755528131914951469439758435423685614714690207744.000000 -61136979955408288275614220637263456653487594138007777999834014622673184751616.000000
v 59958331761919372165640690893871351305822760383180409758389667737407449989120.000000 60684436969188385354381118842978654023007695494810600999256881305212766126080.000000 59958331761919372165640690893871351305822760383180409758389667737407449989120.000000
v -59601930182246404935794762967573238074757757194269400491206807774064959029248.000000 -60239901346667477981211577357109365510878532832413915691628653286519071571968.000000 -59282322805251387355065999782232870813624016300639292453581326301431947329536.000000
v 59601930182246404935794762967573238074757757194269400491206807774064959029248.000000 60239901346667477981211577357109365510878532832413915691628653286519071571968.000000 59282322805251387355065999782232870813624016300639292453581326301431947329536.000000
v -59619772278116264621357543721753449631282273290408775963587401405444776787968.000000 -59944210460551504808815466937816736793435883000473217254838912860127460589568.000000 -58973420685778285585674905049400630486404985064692809699384201007626826285056.000000
v 61261044227572954388625360789150184767950656267569375172178756185672237711360.000000 61594413864588055918749857461224588696775454150773269237665295470775616143360.000000 60596899230506048257770523255591024807642709950245111667241409351915793285120.000000
v -68630734898873559648925208412808698819198974806625263808851773416268418252800.000000 -68630734898873559648925208412808698819198974806625263808851773416268418252800.000000 -67903911495177463909234662112456312906397282731088996159541843093709721174016.000000
v 68630734898873559648925208412808698819198974806625263808851773416268418252800.000000 68630734898873559648925208412808698819198974806625263808851773416268418252800.000000 67903911495177463909234662112456312906397282731088996159541843093709721174016.000000
v -59601930182246404935794762967573238074757757194269400491206807774064959029248.000000 -59282322805251387355065999782232870813624016300639292453581326301431947329536.000000 -58643108051261352193608473411552136291356534513379076378330363356165923930112.000000
v 59269850727835675786025832501797390845876090034959971848502927614980833411072.000000 58952024082489006131682591542376911116030953750620152912997902134382851784704.000000 58316370791795666822996109623535951656340681181940515041987851173186888531968.000000
v -63116358024079128691238877962819978618221679733294921617173384060272333815808.000000 -62764697504479518770529241993797107650891996316021894943287224718332539174912.000000 -63821052716304310257303969006911027467577195529557862291183885270421868642304.000000
v 63755572778069163852696404333500713140489161520555137692424347005538357215232.000000 63400350795172858079215723912638067110582268884701532814297275679528502427648.000000 64467404308642289292986607679263846612454483755273828555387085668239819145216.000000
v -65942959127240131890654394839701030684912039032107386293702708271664192290816.000000 -65942959127240131890654394839701030684912039032107386293702708271664192290816.000000 -65307305836546792581967912920860071225221766463427748422692657310468229038080.000000
v -242180732668549722383553325567586598912.000000 -242180732668549722383553325567586598912.000000 -251516583832243360718003277703780761600.000000
v -0.000000 -0.000000 0.000000
v -0.000000 -0.000000 0.000000
v -0.000000 -0.000000 -0.002535
v -0.000000 0.002151 11542909740037212028373188681278234797943407695965134925374690602503897088.000000
v nan nan nan
v -170141183460469231731687303715884105728.000000 nan 2993012119593515650049171411292913664.000000
v nan nan -0.000000
v nan nan -0.000000
v 2244199025814323402934429796284760064.000000 -0.000001 -0.000000
v 2244349837337353390312899578620280832.000000 307896508219392.000000 -0.000000
v -0.000000 -106960491150049280.000000 0.000000
v -0.000000 -106960491150049280.000000 0.000000
v -0.000000 -0.000000 -0.004777
v -0.000000 0.004576 2177891400851468716568986997853572398343742696847340707254175215847997440.000000
v nan nan nan
v -0.000000 -11.973971 1392773101985806613399384172735234048.000000
v nan nan -592.000000
v nan nan -592.000000
v 1044280027122400983796084159243354112.000000 -439.883301 -0.000000
v 1044280027122400983796084159243354112.000000 -439.883301 -0.000000
v -1607.630249 -0.000000 0.000000
v -1607.630249 -0.000000 0.000000
v -0.000000 -0.000000 nan
v -0.000000 0.004069 nan
v -0.004037 -463480110858544811203418272136687913871070130404427778689908806875348992.000000 36902949519223084710654567664469979948908544.000000
v -0.000000 -51810627532625969935092324868552839665811456.000000 706826287511082889935718185615491072.000000
v nan nan -2070174629888.000000
v nan nan -2070174629888.000000
v nan -1228285149184.000000 -0.000000
v nan -1228285149184.000000 -0.000000
v -3658654154752.000000 -0.000000 -170141183460469231731687303715884105728.000000
v -3658654154752.000000 -0.000000 -170141183460469231731687303715884105728.000000
v -0.000000 -0.000000 nan
v nan nan nan
v -0.003486 -184918824111195352545462234268081047824382345280558694597126643339231232.000000 109557302244950134347495833632801913072832158401298432.000000
v -0.000000 -129145073600339822358769739489499983878153784178769920.000000 507833594258686781388836621852344320.000000
v nan nan -0.000000
v nan nan -0.000000
v nan -19922483599606315745280.000000 -0.000000
v nan -19922483599606315745280.000000 -0.000000
v -35266267796255918784512.000000 -40916302689693658171582525501789324276772975753951461398045675864585410707456.000000 2.252723
v -35266267796255918784512.000000 -0.197994 0.000000
v -57212124896003814373685309397938091916250015580044791062568911924865271857152.000000 -239384052055531004503806510929511710720.000000 0.873895
v -0.083175 -239384052055531004503806510929511710720.000000 0.000000
v -242318369100120102619050231614813503488.000000 0.000000 0.000000
v -242318369100120102619050231614813503488.000000 10.093603 -1449.709687
v -239384052055531004503806510929511710720.000000 0.865685 -10.115199
v -239384052055531004503806510929511710720.000000 0.000000 0.000000
v -203.838058 12.151917 38.616089
v -203.838058 12.151917 38.616089
v 0.000000 0.000000 0.000000
v 0.000000 0.000000 0.000000
v 0.000000 0.000000 0.000000
v 0.000000 0.000000 0.000000
v 0.000000 0.000000 0.000000
v 0.000000 0.000000 0.000000
v 0.000000 0.000000 0.000000
v 0.000000 0.000000 0.000000
v 0.000000 0.000000 0.000000
v 0.000000 0.000000 0.000000
v 0.000000 0.000000 0.000000
v 0.000000 0.000000 0.000000
v 0.000000 0.000000 0.000000
v 0.000000 0.000000 0.000000
v 0.000000 0.000000 0.000000
v 0.000000 0.000000 0.000000
v 0.000000 0.000000 0.000000
v 0.000000 0.000000 0.000000
v 0.000000 0.000000 0.000000
v 0.000000 0.000000 0.000000
v 0.000000 0.000000 0.000000
v 0.000000 0.000000 0.000000
v 0.000000 0.000000 0.000000
v 0.000000 0.000000 0.000000
v 0.000000 0.000000 0.000000
v 0.000000 0.000000 0.000000
v 0.000000 0.000000 0.000000
v 0.000000 0.000000 0.000000
v 0.000000 0.000000 0.000000
v 0.000000 0.000000 0.000000
v 0.000000 0.000000 0.000000
v 0.000000 0.000000 0.000000
v 0.000000 0.000000 0.000000
v 0.000000 0.000000 0.000000
v 0.000000 0.000000 0.000000
v 0.000000 0.000000 0.000000
v 0.000000 0.000000 0.000000
v 0.000000 0.000000 0.000000
v 0.000000 0.000000 0.000000
v 0.000000 0.000000 0.000000
v 0.000000 0.000000 0.000000
v 0.000000 0.000000 0.000000
v 0.000000 0.000000 0.000000
v 0.000000 0.000000 0.000000
v 0.000000 0.000000 0.000000
v 0.000000 0.000000 0.000000
v 0.000000 0.000000 0.000000
v 0.000000 0.000000 0.000000
v 0.000000 0.000000 0.000000
v 0.000000 0.000000 0.000000
v 0.000000 0.000000 0.000000
v 0.000000 0.000000 0.000000
v 0.000000 0.000000 0.000000
v 0.000000 0.000000 0.000000
v 0.000000 0.000000 0.000000
v 0.000000 0.000000 0.000000
v 0.000000 0.000000 0.000000
v 0.000000 0.000000 0.000000
v 0.000000 0.000000 0.000000
v 0.000000 0.000000 0.000000
v 0.000000 0.000000 0.000000
v 0.000000 0.000000 0.000000
v 0.000000 0.000000 0.000000
v 0.000000 0.000000 0.000000
v 0.000000 0.000000 0.000000
v 0.000000 0.000000 0.000000
v 0.000000 0.000000 0.000000
v 0.000000 0.000000 0.000000
v 0.000000 0.000000 0.000000
v 0.000000 0.000000 0.000000
v 0.000000 0.000000 0.000000
v 0.000000 0.000000 0.000000
v 0.000000 0.000000 0.000000
v 0.000000 0.000000 0.000000
v 0.000000 0.000000 0.000000
v 0.000000 0.000000 0.000000
v 0.000000 0.000000 0.000000
v 0.000000 0.000000 0.000000
v 0.000000 0.000000 0.000000
v 0.000000 0.000000 0.000000
v 0.000000 0.000000 0.000000
v 0.000000 0.000000 0.000000
v 0.000000 0.000000 0.000000
v 0.000000 0.000000 0.000000
v 0.000000 0.000000 0.000000
v 0.000000 0.000000 0.000000
v 0.000000 0.000000 0.000000
v 0.000000 0.000000 0.000000
v 0.000000 0.000000 0.000000
v 0.000000 0.000000 0.000000
v 0.000000 0.000000 0.000000
v 0.000000 0.000000 0.000000
v 0.000000 0.000000 0.000000
v 0.000000 0.000000 0.000000
v 0.000000 0.000000 0.000000
v 0.000000 0.000000 0.000000
v 0.000000 0.000000 0.000000
v 0.000000 0.000000 0.000000
v 0.000000 0.000000 0.000000
v 0.000000 0.000000 0.000000
v 0.000000 0.000000 0.000000
v 0.000000 0.000000 0.000000
v 0.000000 0.000000 0.000000
v 0.000000 0.000000 0.000000
v 0.000000 0.000000 0.000000
v 0.000000 0.000000 0.000000
v 0.000000 0.000000 0.000000
v 0.000000 0.000000 0.000000
v 0.000000 0.000000 0.000000
v 0.000000 0.000000 0.000000
v 0.000000 0.000000 0.000000
v 0.000000 0.000000 0.000000
v 0.000000 0.000000 0.000000
v 0.000000 0.000000 0.000000
v 0.000000 0.000000 0.000000
v 0.000000 0.000000 0.000000
v 0.000000 0.000000 0.000000
v 0.000000 0.000000 0.000000
v 0.000000 0.000000 0.000000
v 0.000000 0.000000 0.000000
v 0.000000 0.000000 0.000000
v 0.000000 0.000000 0.000000
v 0.000000 0.000000 0.000000
v 0.000000 0.000000 0.000000
v 0.000000 0.000000 0.000000
v 0.000000 0.000000 0.000000
v 0.000000 0.000000 0.000000
v 0.000000 0.000000 0.000000
v 0.000000 0.000000 0.000000
v 0.000000 0.000000 0.000000
v 0.000000 0.000000 0.000000
v 0.000000 0.000000 0.000000
v 0.000000 0.000000 0.000000
v 0.000000 0.000000 0.000000
v 0.000000 0.000000 0.000000
v 0.000000 0.000000 0.000000
v -0.000000 0.000000 0.000000
v 0.000000 0.000000 0.000000
v 0.000000 0.000000 0.000000
v 0.000000 0.000000 0.000000
v 0.000000 0.000000 0.000000
v 0.000000 0.000000 0.000000
vt 0.000000 0.000000
vt 1.000000 0.000000
vt 0.000000 6.480026
vt 1.000000 6.480026
vt 0.000000 12.960108
vt 1.000000 12.960108
vt 0.000000 19.440509
vt 1.000000 19.440509
vt 0.000000 25.920945
vt 1.000000 25.920945
vt 0.000000 32.401331
vt 1.000000 32.401331
vt 0.000000 38.882068
vt 1.000000 38.882068
vt 0.000000 45.363018
vt 1.000000 45.363018
vt 0.000000 51.844168
vt 1.000000 51.844168
vt 0.000000 58.325511
vt 1.000000 58.325511
vt 0.000000 64.806992
vt 1.000000 64.806992
vt 0.000000 71.288025
vt 1.000000 71.288025
vt 0.000000 77.765596
vt 1.000000 77.765596
vt 0.000000 84.241511
vt 1.000000 84.241511
vt 0.000000 90.717427
vt 1.000000 90.717427
vt 0.000000 97.193411
vt 1.000000 97.193411
vt 0.000000 103.669440
vt 1.000000 103.669440
vt 0.000000 110.145649
vt 1.000000 110.145649
vt 0.000000 116.621838
vt 1.000000 116.621838
vt 0.000000 123.098264
vt 1.000000 123.098264
vt 0.000000 129.575001
vt 1.000000 129.575001
vt 0.000000 136.051917
vt 1.000000 136.051917
vt 0.000000 142.529018
vt 1.000000 142.529018
vt 0.000000 149.006195
vt 1.000000 149.006195
vt 0.000000 155.483537
vt 1.000000 155.483537
vt 0.000000 161.961166
vt 1.000000 161.961166
vt 0.000000 168.439128
vt 1.000000 168.439128
vt 0.000000 174.917260
vt 1.000000 174.917260
vt 0.000000 181.395520
vt 1.000000 181.395520
vt 0.000000 187.873864
vt 1.000000 187.873864
vt 0.000000 194.352525
vt 1.000000 194.352525
vt 0.000000 200.831364
vt 1.000000 200.831364
vt 0.000000 207.310360
vt 1.000000 207.310360
vt 0.000000 213.789445
vt 1.000000 213.789445
vt 0.000000 220.267096
vt 1.000000 220.267096
vt 0.000000 226.742229
vt 1.000000 226.742229
vt 0.000000 233.216572
vt 1.000000 233.216572
vt 0.000000 239.690753
vt 1.000000 239.690753
vt 0.000000 246.165094
vt 1.000000 246.165094
vt 0.000000 252.639550
vt 1.000000 252.639550
vt 0.000000 259.114341
vt 1.000000 259.114341
vt 0.000000 265.589285
vt 1.000000 265.589285
vt 0.000000 272.064613
vt 1.000000 272.064613
vt 0.000000 278.540058
vt 1.000000 278.540058
vt 0.000000 285.015843
vt 1.000000 285.015843
vt 0.000000 291.491853
vt 1.000000 291.491853
vt 0.000000 297.968089
vt 1.000000 297.968089
vt 0.000000 304.444380
vt 1.000000 304.444380
vt 0.000000 310.920789
vt 1.000000 310.920789
vt 0.000000 317.397305
vt 1.000000 317.397305
vt 0.000000 323.873756
vt 1.000000 323.873756
vt 0.000000 330.350190
vt 1.000000 330.350190
vt 0.000000 336.826310
vt 1.000000 336.826310
vt 0.000000 343.302198
vt 1.000000 343.302198
vt 0.000000 349.777938
vt 1.000000 349.777938
vt 0.000000 356.253398
vt 1.000000 356.253398
vt 0.000000 362.728905
vt 1.000000 362.728905
vt 0.000000 369.206176
vt 1.000000 369.206176
vt 0.000000 375.687949
vt 1.000000 375.687949
vt 0.000000 382.169458
vt 1.000000 382.169458
vt 0.000000 388.650799
vt 1.000000 388.650799
vt 0.000000 395.131932
vt 1.000000 395.131932
vt 0.000000 401.612880
vt 1.000000 401.612880
vt 0.000000 408.093615
vt 1.000000 408.093615
vt 0.000000 414.574159
vt 1.000000 414.574159
vt 0.000000 421.054528
vt 1.000000 421.054528
vt 0.000000 427.534759
vt 1.000000 427.534759
vt 0.000000 434.014855
vt 1.000000 434.014855
vt 0.000000 440.494871
vt 1.000000 440.494871
vt 0.000000 446.974861
vt 1.000000 446.974861
vt 0.000000 453.454866
vt 1.000000 453.454866
vt 0.000000 459.934882
vt 1.000000 459.934882
vt 0.000000 466.417224
vt 1.000000 466.417224
vt 0.000000 472.915019
vt 1.000000 472.915019
vt 0.000000 479.460602
vt 1.000000 479.460602
vt 0.000000 485.949583
vt 1.000000 485.949583
vt 0.000000 492.490891
vt 1.000000 492.490891
vt 0.000000 498.971824
vt 1.000000 498.971824
vt 0.000000 505.452972
vt 1.000000 505.452972
vt 0.000000 511.934298
vt 1.000000 511.934298
vt 0.000000 518.415792
vt 1.000000 518.415792
vt 0.000000 524.896912
vt 1.000000 524.896912
vt 0.000000 531.374705
vt 1.000000 531.374705
vt 0.000000 537.851585
vt 1.000000 537.851585
vt 0.000000 544.328541
vt 1.000000 544.328541
vt 0.000000 550.805552
vt 1.000000 550.805552
vt 0.000000 557.282655
vt 1.000000 557.282655
vt 0.000000 563.759710
vt 1.000000 563.759710
vt 0.000000 570.236830
vt 1.000000 570.236830
vt 0.000000 576.713787
vt 1.000000 576.713787
vt 0.000000 583.190795
vt 1.000000 583.190795
vt 0.000000 589.667735
vt 1.000000 589.667735
vt 0.000000 596.144606
vt 1.000000 596.144606
vt 0.000000 602.621232
vt 1.000000 602.621232
vt 0.000000 609.097620
vt 1.000000 609.097620
vt 0.000000 615.573931
vt 1.000000 615.573931
vt 0.000000 622.050054
vt 1.000000 622.050054
vt 0.000000 628.525968
vt 1.000000 628.525968
vt 0.000000 635.001568
vt 1.000000 635.001568
vt 0.000000 641.476941
vt 1.000000 641.476941
vt 0.000000 647.952257
vt 1.000000 647.952257
vt 0.000000 654.427363
vt 1.000000 654.427363
vt 0.000000 660.902443
vt 1.000000 660.902443
vt 0.000000 667.377576
vt 1.000000 667.377576
vt 0.000000 673.852579
vt 1.000000 673.852579
vt 0.000000 680.327901
vt 1.000000 680.327901
vt 0.000000 686.803135
vt 1.000000 686.803135
vt 0.000000 693.278236
vt 1.000000 693.278236
vt 0.000000 699.753494
vt 1.000000 699.753494
vt 0.000000 706.228765
vt 1.000000 706.228765
vt 0.000000 712.704274
vt 1.000000 712.704274
vt 0.000000 719.179941
vt 1.000000 719.179941
vt 0.000000 725.655805
vt 1.000000 725.655805
vt 0.000000 732.131760
vt 1.000000 732.131760
vt 0.000000 738.607955
vt 1.000000 738.607955
vt 0.000000 745.084457
vt 1.000000 745.084457
vt 0.000000 751.561117
vt 1.000000 751.561117
vt 0.000000 758.037873
vt 1.000000 758.037873
vt 0.000000 764.514602
vt 1.000000 764.514602
vt 0.000000 770.991413
vt 1.000000 770.991413
vt 0.000000 777.468436
vt 1.000000 777.468436
vt 0.000000 783.945415
vt 1.000000 783.945415
vt 0.000000 790.422430
vt 1.000000 790.422430
vt 0.000000 796.899252
vt 1.000000 796.899252
vt 0.000000 803.376149
vt 1.000000 803.376149
vt 0.000000 809.852895
vt 1.000000 809.852895
vt 0.000000 816.329723
vt 1.000000 816.329723
vt 0.000000 822.806598
vt 1.000000 822.806598
vt 0.000000 829.286676
vt 1.000000 829.286676
vt 0.000000 835.768194
vt 1.000000 835.768194
vt 0.000000 842.249514
vt 1.000000 842.249514
vt 0.000000 848.730656
vt 1.000000 848.730656
vt 0.000000 855.211598
vt 1.000000 855.211598
vt 0.000000 861.692327
vt 1.000000 861.692327
vt 0.000000 868.172880
vt 1.000000 868.172880
vt 0.000000 874.653258
vt 1.000000 874.653258
vt 0.000000 881.133484
vt 1.000000 881.133484
vt 0.000000 888.008311
vt 1.000000 888.008311
vt 0.000000 895.277746
vt 1.000000 895.277746
vt 0.000000 902.152480
vt 1.000000 902.152480
vt 0.000000 1002.858184
vt 1.000000 1002.858184
vt 0.000000 1002.858184
vt 1.000000 1002.858184
vt 0.000000 1002.858184
vt 1.000000 1002.858184
vt 0.000000 1002.858184
vt 1.000000 1002.858184
vt 0.000000 1043.650340
vt 1.000000 1043.650340
vt 0.000000 nan
vt 1.000000 nan
vt 0.000000 nan
vt 1.000000 nan
vt 0.000000 nan
vt 1.000000 nan
vt 0.000000 nan
vt 1.000000 nan
vt 0.000000 nan
vt 1.000000 nan
vt 0.000000 nan
vt 1.000000 nan
vt 0.000000 nan
vt 1.000000 nan
vt 0.000000 nan
vt 1.000000 nan
vt 0.000000 nan
vt 1.000000 nan
vt 0.000000 nan
vt 1.000000 nan
vt 0.000000 nan
vt 1.000000 nan
vt 0.000000 nan
vt 1.000000 nan
vt 0.000000 nan
vt 1.000000 nan
vt 0.000000 nan
vt 1.000000 nan
vt 0.000000 nan
vt 1.000000 nan
vt 0.000000 nan
vt 1.000000 nan
vt 0.000000 nan
vt 1.000000 nan
vt 0.000000 nan
vt 1.000000 nan
vt 0.000000 nan
vt 1.000000 nan
vt 0.000000 nan
vt 1.000000 nan
vt 0.000000 nan
vt 1.000000 nan
vt 0.000000 nan
vt 1.000000 nan
vt 0.000000 nan
vt 1.000000 nan
vt 0.000000 nan
vt 1.000000 nan
vt 0.000000 nan
vt 1.000000 nan
vt 0.000000 nan
vt 1.000000 nan
vt 0.000000 nan
vt 1.000000 nan
vt 0.000000 nan
vt 1.000000 nan
vt 0.000000 nan
vt 1.000000 nan
vt 0.000000 nan
vt 1.000000 nan
vt 0.000000 nan
vt 1.000000 nan
vt 0.000000 nan
vt 1.000000 nan
vt 0.000000 nan
vt 1.000000 nan
vt 0.000000 nan
vt 1.000000 nan
vt 0.000000 nan
vt 1.000000 nan
vt 0.000000 nan
vt 1.000000 nan
vt 0.000000 nan
vt 1.000000 nan
vt 0.000000 nan
vt 1.000000 nan
vt 0.000000 nan
vt 1.000000 nan
vt 0.000000 nan
vt 1.000000 nan
vt 0.000000 nan
vt 1.000000 nan
vt 0.000000 nan
vt 1.000000 nan
vt 0.000000 nan
vt 1.000000 nan
vt 0.000000 nan
vt 1.000000 nan
vt 0.000000 nan
vt 1.000000 nan
vt 0.000000 nan
vt 1.000000 nan
vt 0.000000 nan
vt 1.000000 nan
vt 0.000000 nan
vt 1.000000 nan
vt 0.000000 nan
vt 1.000000 nan
vt 0.000000 nan
vt 1.000000 nan
vt 0.000000 nan
vt 1.000000 nan
vt 0.000000 nan
vt 1.000000 nan
vt 0.000000 nan
vt 1.000000 nan
vt 0.000000 nan
vt 1.000000 nan
vt 0.000000 nan
vt 1.000000 nan
vt 0.000000 nan
vt 1.000000 nan
vt 0.000000 nan
vt 1.000000 nan
vt 0.000000 nan
vt 1.000000 nan
vt 0.000000 nan
vt 1.000000 nan
vt 0.000000 nan
vt 1.000000 nan
vt 0.000000 nan
vt 1.000000 nan
vt 0.000000 nan
vt 1.000000 nan
vt 0.000000 nan
vt 1.000000 nan
vt 0.000000 nan
vt 1.000000 nan
vt 0.000000 nan
vt 1.000000 nan
vt 0.000000 nan
vt 1.000000 nan
vt 0.000000 nan
vt 1.000000 nan
vt 0.000000 nan
vt 1.000000 nan
vt 0.000000 nan
vt 1.000000 nan
vt 0.000000 nan
vt 1.000000 nan
vt 0.000000 nan
vt 1.000000 nan
vt 0.000000 nan
vt 1.000000 nan
vt 0.000000 nan
vt 1.000000 nan
vt 0.000000 nan
vt 1.000000 nan
vt 0.000000 nan
vt 1.000000 nan
vt 0.000000 nan
vt 1.000000 nan
vt 0.000000 nan
vt 1.000000 nan
vt 0.000000 nan
vt 1.000000 nan
vt 0.000000 nan
vt 1.000000 nan
vt 0.000000 nan
vt 1.000000 nan
vt 0.000000 nan
vt 1.000000 nan
vt 0.000000 nan
vt 1.000000 nan
vt 0.000000 nan
vt 1.000000 nan
vt 0.000000 nan
vt 1.000000 nan
vt 0.000000 nan
vt 1.000000 nan
vt 0.000000 nan
vt 1.000000 nan
vt 0.000000 nan
vt 1.000000 nan
vt 0.000000 nan
vt 1.000000 nan
vt 0.000000 nan
vt 1.000000 nan
vt 0.000000 nan
vt 1.000000 nan
vt 0.000000 nan
vt 1.000000 nan
vt 0.000000 nan
vt 1.000000 nan
vt 0.000000 nan
vt 1.000000 nan
vt 0.000000 nan
vt 1.000000 nan
vt 0.000000 nan
vt 1.000000 nan
vt 0.000000 nan
vt 1.000000 nan
vt 0.000000 nan
vt 1.000000 nan
vt 0.000000 nan
vt 1.000000 nan
vt 0.000000 nan
vt 1.000000 nan
vt 0.000000 nan
vt 1.000000 nan
vt 0.000000 nan
vt 1.000000 nan
vt 0.000000 nan
vt 1.000000 nan
vt 0.000000 nan
vt 1.000000 nan
vt 0.000000 nan
vt 1.000000 nan
vt 0.000000 nan
vt 1.000000 nan
vt 0.000000 nan
vt 1.000000 nan
vt 0.000000 nan
vt 1.000000 nan
vt 0.000000 nan
vt 1.000000 nan
vt 0.000000 nan
vt 1.000000 nan
vt 0.000000 nan
vt 1.000000 nan
vt 0.000000 nan
vt 1.000000 nan
vt 0.000000 nan
vt 1.000000 nan
vt 0.000000 nan
vt 1.000000 nan
vt 0.000000 nan
vt 1.000000 nan
vt 0.000000 nan
vt 1.000000 nan
vt 0.000000 nan
vt 1.000000 nan
vt 0.000000 nan
vt 1.000000 nan
vt 0.000000 nan
vt 1.000000 nan
vt 0.000000 nan
vt 1.000000 nan
vt 0.000000 nan
vt 1.000000 nan
vt 0.000000 nan
vt 1.000000 nan
vt 0.000000 nan
vt 1.000000 nan
vt 0.000000 nan
vt 1.000000 nan
vt 0.000000 nan
vt 1.000000 nan
vt 0.000000 nan
vt 1.000000 nan
vt 0.000000 nan
vt 1.000000 nan
vt 0.000000 nan
vt 1.000000 nan
vt 0.000000 nan
vt 1.000000 nan
vt 0.000000 nan
vt 1.000000 nan
vt 0.000000 nan
vt 1.000000 nan
vt 0.000000 nan
vt 1.000000 nan
vt 0.000000 nan
vt 1.000000 nan
vt 0.000000 nan
vt 1.000000 nan
vt 0.000000 nan
vt 1.000000 nan
vt 0.000000 nan
vt 1.000000 nan
vt 0.000000 nan
vt 1.000000 nan
vt 0.000000 nan
vt 1.000000 nan
vt 0.000000 nan
vt 1.000000 nan
vt 0.000000 nan
vt 1.000000 nan
vt 0.000000 nan
vt 1.000000 nan
vt 0.000000 nan
vt 1.000000 nan
vt 0.000000 nan
vt 1.000000 nan
vt 0.000000 nan
vt 1.000000 nan
vt 0.000000 nan
vt 1.000000 nan
vt 0.000000 nan
vt 1.000000 nan
vt 0.000000 nan
vt 1.000000 nan
vt 0.000000 nan
vt 1.000000 nan
vt 0.000000 nan
vt 1.000000 nan
vt 0.000000 nan
vt 1.000000 nan
vt 0.000000 nan
vt 1.000000 nan
vt 0.000000 nan
vt 1.000000 nan
vt 0.000000 nan
vt 1.000000 nan
vt 0.000000 nan
vt 1.000000 nan
vt 0.000000 nan
vt 1.000000 nan
vt 0.000000 nan
vt 1.000000 nan
vt 0.000000 nan
vt 1.000000 nan
vt 0.000000 nan
vt 1.000000 nan
vt 0.000000 nan
vt 1.000000 nan
vt 0.000000 nan
vt 1.000000 nan
vt 0.000000 nan
vt 1.000000 nan
vt 0.000000 nan
vt 1.000000 nan
vt 0.000000 nan
vt 1.000000 nan
vt 0.000000 nan
vt 1.000000 nan
vt 0.000000 nan
vt 1.000000 nan
vt 0.000000 nan
vt 1.000000 nan
vt 0.000000 nan
vt 1.000000 nan
vt 0.000000 nan
vt 1.000000 nan
vt 0.000000 nan
vt 1.000000 nan
vt 0.000000 nan
vt 1.000000 nan
vt 0.000000 nan
vt 1.000000 nan
vt 0.000000 nan
vt 1.000000 nan
vt 0.000000 nan
vt 1.000000 nan
vt 0.000000 nan
vt 1.000000 nan
vt 0.000000 nan
vt 1.000000 nan
vt 0.000000 nan
vt 1.000000 nan
vt 0.000000 nan
vt 1.000000 nan
vt 0.000000 nan
vt 1.000000 nan
vt 0.000000 nan
vt 1.000000 nan
vt 0.000000 nan
vt 1.000000 nan
vt 0.000000 nan
vt 1.000000 nan
vt 0.000000 nan
vt 1.000000 nan
vt 0.000000 nan
vt 1.000000 nan
vt 0.000000 nan
vt 1.000000 nan
vt 0.000000 nan
vt 1.000000 nan
vt 0.000000 nan
vt 1.000000 nan
vt 0.000000 nan
vt 1.000000 nan
vt 0.000000 nan
vt 1.000000 nan
vt 0.000000 nan
vt 1.000000 nan
vt 0.000000 nan
vt 1.000000 nan
vt 0.000000 nan
vt 1.000000 nan
vt 0.000000 nan
vt 1.000000 nan
vt 0.000000 nan
vt 1.000000 nan
vt 0.000000 nan
vt 1.000000 nan
vt 0.000000 nan
vt 1.000000 nan
vt 0.000000 nan
vt 1.000000 nan
vt 0.000000 nan
vt 1.000000 nan
vt 0.000000 nan
vt 1.000000 nan
vt 0.000000 nan
vt 1.000000 nan
vt 0.000000 nan
vt 1.000000 nan
vt 0.000000 nan
vt 1.000000 nan
vt 0.000000 nan
vt 1.000000 nan
vt 0.000000 nan
vt 1.000000 nan
vt 0.000000 nan
vt 1.000000 nan
vt 0.000000 nan
vt 1.000000 nan
vt 0.000000 nan
vt 1.000000 nan
vt 0.000000 nan
vt 1.000000 nan
vt 0.000000 nan
vt 1.000000 nan
vt 0.000000 nan
vt 1.000000 nan
vt 0.000000 nan
vt 1.000000 nan
vt 0.000000 nan
vt 1.000000 nan
vt 0.000000 nan
vt 1.000000 nan
vt 0.000000 nan
vt 1.000000 nan
vt 0.000000 nan
vt 1.000000 nan
vt 0.000000 nan
vt 1.000000 nan
vt 0.000000 nan
vt 1.000000 nan
vt 0.000000 nan
vt 1.000000 nan
vt 0.000000 nan
vt 1.000000 nan
vt 0.000000 nan
vt 1.000000 nan
vt 0.000000 nan
vt 1.000000 nan
vt 0.000000 nan
vt 1.000000 nan
vt 0.000000 nan
vt 1.000000 nan
vt 0.000000 nan
vt 1.000000 nan
vt 0.000000 nan
vt 1.000000 nan
vt 0.000000 nan
vt 1.000000 nan
vt 0.000000 nan
vt 1.000000 nan
vt 0.000000 nan
vt 1.000000 nan
vt 0.000000 nan
vt 1.000000 nan
vt 0.000000 nan
vt 1.000000 nan
vt 0.000000 nan
vt 1.000000 nan
vt 0.000000 nan
vt 1.000000 nan
vt 0.000000 nan
vt 1.000000 nan
vt 0.000000 nan
vt 1.000000 nan
vt 0.000000 nan
vt 1.000000 nan
vt 0.000000 nan
vt 1.000000 nan
vt 0.000000 nan
vt 1.000000 nan
vt 0.000000 nan
vt 1.000000 nan
vt 0.000000 nan
vt 1.000000 nan
vt 0.000000 nan
vt 1.000000 nan
vt 0.000000 nan
vt 1.000000 nan
vt 0.000000 nan
vt 1.000000 nan
vt 0.000000 nan
vt 1.000000 nan
vt 0.000000 nan
vt 1.000000 nan
vt 0.000000 nan
vt 1.000000 nan
vt 0.000000 nan
vt 1.000000 nan
vt 0.000000 nan
vt 1.000000 nan
vt 0.000000 nan
vt 1.000000 nan
vt 0.000000 nan
vt 1.000000 nan
vt 0.000000 nan
vt 1.000000 nan
vt 0.000000 nan
vt 1.000000 nan
vt 0.000000 nan
vt 1.000000 nan
vt 0.000000 nan
vt 1.000000 nan
vt 0.000000 nan
vt 1.000000 nan
vt 0.000000 nan
vt 1.000000 nan
vt 0.000000 nan
vt 1.000000 nan
vt 0.000000 nan
vt 1.000000 nan
vt 0.000000 nan
vt 1.000000 nan
vt 0.000000 nan
vt 1.000000 nan
vt 0.000000 nan
vt 1.000000 nan
vt 0.000000 nan
vt 1.000000 nan
vt 0.000000 nan
vt 1.000000 nan
vt 0.000000 nan
vt 1.000000 nan
vt 0.000000 nan
vt 1.000000 nan
vt 0.000000 nan
vt 1.000000 nan
vt 0.000000 nan
vt 1.000000 nan
vt 0.000000 nan
vt 1.000000 nan
vt 0.000000 nan
vt 1.000000 nan
vt 0.000000 nan
vt 1.000000 nan
vt 0.000000 nan
vt 1.000000 nan
vt 0.000000 nan
vt 1.000000 nan
vt 0.000000 nan
vt 1.000000 nan
vt 0.000000 nan
vt 1.000000 nan
vt 0.000000 nan
vt 1.000000 nan
vt 0.000000 nan
vt 1.000000 nan
vt 0.000000 nan
vt 1.000000 nan
vt 0.000000 nan
vt 1.000000 nan
vt 0.000000 nan
vt 1.000000 nan
vt 0.000000 nan
vt 1.000000 nan
vt 0.000000 nan
vt 1.000000 nan
vt 0.000000 nan
vt 1.000000 nan
vt 0.000000 nan
vt 1.000000 nan
vt 0.000000 nan
vt 1.000000 nan
vt 0.000000 nan
vt 1.000000 nan
vt 0.000000 nan
vt 1.000000 nan
vt 0.000000 nan
vt 1.000000 nan
vt 0.000000 nan
vt 1.000000 nan
vt 0.000000 nan
vt 1.000000 nan
vt 0.000000 nan
vt 1.000000 nan
vt 0.000000 nan
vt 1.000000 nan
vt 0.000000 nan
vt 1.000000 nan
vt 0.000000 nan
vt 1.000000 nan
vt 0.000000 nan
vt 1.000000 nan
vt 0.000000 nan
vt 1.000000 nan
vt 0.000000 nan
vt 1.000000 nan
vt 0.000000 nan
vt 1.000000 nan
vt 0.000000 nan
vt 1.000000 nan
vt 0.000000 nan
vt 1.000000 nan
vt 0.000000 nan
vt 1.000000 nan
vt 0.000000 nan
vt 1.000000 nan
vt 0.000000 nan
vt 1.000000 nan
vt 0.000000 nan
vt 1.000000 nan
vt 0.000000 nan
vt 1.000000 nan
vt 0.000000 nan
vt 1.000000 nan
vt 0.000000 nan
vt 1.000000 nan
vt 0.000000 nan
vt 1.000000 nan
vt 0.000000 nan
vt 1.000000 nan
vt 0.000000 nan
vt 1.000000 nan
vt 0.000000 nan
vt 1.000000 nan
vt 0.000000 nan
vt 1.000000 nan
vt 0.000000 nan
vt 1.000000 nan
vt 0.000000 nan
vt 1.000000 nan
vt 0.000000 nan
vt 1.000000 nan
vt 0.000000 nan
vt 1.000000 nan
vt 0.000000 nan
vt 1.000000 nan
vt 0.000000 nan
vt 1.000000 nan
vt 0.000000 nan
vt 1.000000 nan
vt 0.000000 nan
vt 1.000000 nan
vt 0.000000 nan
vt 1.000000 nan
vt 0.000000 nan
vt 1.000000 nan
vt 0.000000 nan
vt 1.000000 nan
vt 0.000000 nan
vt 1.000000 nan
vt 0.000000 nan
vt 1.000000 nan
vt 0.000000 nan
vt 1.000000 nan
vt 0.000000 nan
vt 1.000000 nan
vt 0.000000 nan
vt 1.000000 nan
vt 0.000000 nan
vt 1.000000 nan
vt 0.000000 nan
vt 1.000000 nan
vt 0.000000 nan
vt 1.000000 nan
vt 0.000000 nan
vt 1.000000 nan
vt 0.000000 nan
vt 1.000000 nan
vt 0.000000 nan
vt 1.000000 nan
vt 0.000000 nan
vt 1.000000 nan
vt 0.000000 nan
vt 1.000000 nan
vt 0.000000 nan
vt 1.000000 nan
vt 0.000000 nan
vt 1.000000 nan
vt 0.000000 nan
vt 1.000000 nan
vt 0.000000 nan
vt 1.000000 nan
vt 0.000000 nan
vt 1.000000 nan
vt 0.000000 nan
vt 1.000000 nan
vt 0.000000 nan
vt 1.000000 nan
vt 0.000000 nan
vt 1.000000 nan
vt 0.000000 nan
vt 1.000000 nan
vt 0.000000 nan
vt 1.000000 nan
vt 0.000000 nan
vt 1.000000 nan
vt 0.000000 nan
vt 1.000000 nan
vt 0.000000 nan
vt 1.000000 nan
vt 0.000000 nan
vt 1.000000 nan
vt 0.000000 nan
vt 1.000000 nan
vt 0.000000 nan
vt 1.000000 nan
vt 0.000000 nan
vt 1.000000 nan
vt 0.000000 nan
vt 1.000000 nan
vt 0.000000 nan
vt 1.000000 nan
vt 0.000000 nan
vt 1.000000 nan
vt 0.000000 nan
vt 1.000000 nan
vt 0.000000 nan
vt 1.000000 nan
vt 0.000000 nan
vt 1.000000 nan
vt 0.000000 nan
vt 1.000000 nan
vt 0.000000 nan
vt 1.000000 nan
vt 0.000000 nan
vt 1.000000 nan
vt 0.000000 nan
vt 1.000000 nan
vt 0.000000 nan
vt 1.000000 nan
vt 0.000000 nan
vt 1.000000 nan
vt 0.000000 nan
vt 1.000000 nan
vt 0.000000 nan
vt 1.000000 nan
vt 0.000000 nan
vt 1.000000 nan
vt 0.000000 nan
vt 1.000000 nan
vt 0.000000 nan
vt 1.000000 nan
vt 0.000000 nan
vt 1.000000 nan
vt 0.000000 nan
vt 1.000000 nan
vt 0.000000 nan
vt 1.000000 nan
vt 0.000000 nan
vt 1.000000 nan
vt 0.000000 nan
vt 1.000000 nan
vt 0.000000 nan
vt 1.000000 nan
vt 0.000000 nan
vt 1.000000 nan
vt 0.000000 nan
vt 1.000000 nan
vt 0.000000 nan
vt 1.000000 nan
vt 0.000000 nan
vt 1.000000 nan
vt 0.000000 nan
vt 1.000000 nan
vt 0.000000 nan
vt 1.000000 nan
vt 0.000000 nan
vt 1.000000 nan
vt 0.000000 nan
vt 1.000000 nan
vt 0.000000 nan
vt 1.000000 nan
vt 0.000000 nan
vt 1.000000 nan
vt 0.000000 nan
vt 1.000000 nan
vt 0.000000 nan
vt 1.000000 nan
vt 0.000000 nan
vt 1.000000 nan
vt 0.000000 nan
vt 1.000000 nan
vt 0.000000 nan
vt 1.000000 nan
vt 0.000000 nan
vt 1.000000 nan
vt 0.000000 nan
vt 1.000000 nan
vt 0.000000 nan
vt 1.000000 nan
vt 0.000000 nan
vt 1.000000 nan
vt 0.000000 nan
vt 1.000000 nan
vt 0.000000 nan
vt 1.000000 nan
vt 0.000000 nan
vt 1.000000 nan
vt 0.000000 nan
vt 1.000000 nan
vt 0.000000 nan
vt 1.000000 nan
vt 0.000000 nan
vt 1.000000 nan
vt 0.000000 nan
vt 1.000000 nan
vt 0.000000 nan
vt 1.000000 nan
vt 0.000000 nan
vt 1.000000 nan
vt 0.000000 nan
vt 1.000000 nan
vt 0.000000 nan
vt 1.000000 nan
vt 0.000000 nan
vt 1.000000 nan
vt 0.000000 nan
vt 1.000000 nan
vt 0.000000 nan
vt 1.000000 nan
vt 0.000000 nan
vt 1.000000 nan
vt 0.000000 nan
vt 1.000000 nan
vt 0.000000 nan
vt 1.000000 nan
vt 0.000000 nan
vt 1.000000 nan
vt 0.000000 nan
vt 1.000000 nan
vt 0.000000 nan
vt 1.000000 nan
vt 0.000000 nan
vt 1.000000 nan
vt 0.000000 nan
vt 1.000000 nan
vt 0.000000 nan
vt 1.000000 nan
vt 0.000000 nan
vt 1.000000 nan
vt 0.000000 nan
vt 1.000000 nan
vt 0.000000 nan
vt 1.000000 nan
vt 0.000000 nan
vt 1.000000 nan
vt 0.000000 nan
vt 1.000000 nan
vt 0.000000 nan
vt 1.000000 nan
vt 0.000000 nan
vt 1.000000 nan
vt 0.000000 nan
vt 1.000000 nan
vt 0.000000 nan
vt 1.000000 nan
vt 0.000000 nan
vt 1.000000 nan
vt 0.000000 nan
vt 1.000000 nan
vt 0.000000 nan
vt 1.000000 nan
vt 0.000000 nan
vt 1.000000 nan
vt 0.000000 nan
vt 1.000000 nan
vt 0.000000 nan
vt 1.000000 nan
vt 0.000000 nan
vt 1.000000 nan
vt 0.000000 nan
vt 1.000000 nan
vt 0.000000 nan
vt 1.000000 nan
vt 0.000000 nan
vt 1.000000 nan
vt 0.000000 nan
vt 1.000000 nan
vt 0.000000 nan
vt 1.000000 nan
vt 0.000000 nan
vt 1.000000 nan
vt 0.000000 nan
vt 1.000000 nan
vt 0.000000 nan
vt 1.000000 nan
vt 0.000000 nan
vt 1.000000 nan
vt 0.000000 nan
vt 1.000000 nan
vt 0.000000 nan
vt 1.000000 nan
vt 0.000000 nan
vt 1.000000 nan
vt 0.000000 nan
vt 1.000000 nan
vt 0.000000 nan
vt 1.000000 nan
vt 0.000000 nan
vt 1.000000 nan
vt 0.000000 nan
vt 1.000000 nan
vt 0.000000 nan
vt 1.000000 nan
vt 0.000000 nan
vt 1.000000 nan
vt 0.000000 nan
vt 1.000000 nan
vt 0.000000 nan
vt 1.000000 nan
vt 0.000000 nan
vt 1.000000 nan
vt 0.000000 nan
vt 1.000000 nan
vt 0.000000 nan
vt 1.000000 nan
vt 0.000000 nan
vt 1.000000 nan
vt 0.000000 nan
vt 1.000000 nan
vt 0.000000 nan
vt 1.000000 nan
vt 0.000000 nan
vt 1.000000 nan
vt 0.000000 nan
vt 1.000000 nan
vt 0.000000 nan
vt 1.000000 nan
vt 0.000000 nan
vt 1.000000 nan
vt 0.000000 nan
vt 1.000000 nan
vt 0.000000 nan
vt 1.000000 nan
vt 0.000000 nan
vt 1.000000 nan
vt 0.000000 nan
vt 1.000000 nan
vt 0.000000 nan
vt 1.000000 nan
vt 0.000000 nan
vt 1.000000 nan
vt 0.000000 nan
vt 1.000000 nan
vt 0.000000 nan
vt 1.000000 nan
vt 0.000000 nan
vt 1.000000 nan
vt 0.000000 nan
vt 1.000000 nan
vt 0.000000 nan
vt 1.000000 nan
vt 0.000000 nan
vt 1.000000 nan
vt 0.000000 nan
vt 1.000000 nan
vt 0.000000 nan
vt 1.000000 nan
vt 0.000000 nan
vt 1.000000 nan
vt 0.000000 nan
vt 1.000000 nan
vt 0.000000 nan
vt 1.000000 nan
vt 0.000000 nan
vt 1.000000 nan
vt 0.000000 nan
vt 1.000000 nan
vt 0.000000 nan
vt 1.000000 nan
vt 0.000000 nan
vt 1.000000 nan
vt 0.000000 nan
vt 1.000000 nan
vt 0.000000 nan
vt 1.000000 nan
vt 0.000000 nan
vt 1.000000 nan
vt 0.000000 nan
vt 1.000000 nan
vt 0.000000 nan
vt 1.000000 nan
vt 0.000000 nan
vt 1.000000 nan
vt 0.000000 nan
vt 1.000000 nan
vt 0.000000 nan
vt 1.000000 nan
vt 0.000000 nan
vt 1.000000 nan
vt 0.000000 nan
vt 1.000000 nan
vt 0.000000 nan
vt 1.000000 nan
vt 0.000000 nan
vt 1.000000 nan
vt 0.000000 nan
vt 1.000000 nan
vt 0.000000 nan
vt 1.000000 nan
vt 0.000000 nan
vt 1.000000 nan
vt 0.000000 nan
vt 1.000000 nan
vt 0.000000 nan
vt 1.000000 nan
vt 0.000000 nan
vt 1.000000 nan
vt 0.000000 nan
vt 1.000000 nan
vt 0.000000 nan
vt 1.000000 nan
vt 0.000000 nan
vt 1.000000 nan
vt 0.000000 nan
vt 1.000000 nan
vt 0.000000 nan
vt 1.000000 nan
vt 0.000000 nan
vt 1.000000 nan
vt 0.000000 nan
vt 1.000000 nan
vt 0.000000 nan
vt 1.000000 nan
vt 0.000000 nan
vt 1.000000 nan
vt 0.000000 nan
vt 1.000000 nan
vt 0.000000 nan
vt 1.000000 nan
vt 0.000000 nan
vt 1.000000 nan
vt 0.000000 nan
vt 1.000000 nan
vt 0.000000 nan
vt 1.000000 nan
vt 0.000000 nan
vt 1.000000 nan
vt 0.000000 nan
vt 1.000000 nan
vt 0.000000 nan
vt 1.000000 nan
vt 0.000000 nan
vt 1.000000 nan
vt 0.000000 nan
vt 1.000000 nan
vt 0.000000 nan
vt 1.000000 nan
vt 0.000000 nan
vt 1.000000 nan
vt 0.000000 nan
vt 1.000000 nan
vt 0.000000 nan
vt 1.000000 nan
vt 0.000000 nan
vt 1.000000 nan
vt 0.000000 nan
vt 1.000000 nan
vt 0.000000 nan
vt 1.000000 nan
vt 0.000000 nan
vt 1.000000 nan
vt 0.000000 nan
vt 1.000000 nan
vt 0.000000 nan
vt 1.000000 nan
vt 0.000000 nan
vt 1.000000 nan
vt 0.000000 nan
vt 1.000000 nan
vt 0.000000 nan
vt 1.000000 nan
vt 0.000000 nan
vt 1.000000 nan
vt 0.000000 nan
vt 1.000000 nan
vt 0.000000 nan
vt 1.000000 nan
vt 0.000000 nan
vt 1.000000 nan
vt 0.000000 nan
vt 1.000000 nan
vt 0.000000 nan
vt 1.000000 nan
vt 0.000000 nan
vt 1.000000 nan
vt 0.000000 nan
vt 1.000000 nan
vt 0.000000 nan
vt 1.000000 nan
vt 0.000000 nan
vt 1.000000 nan
vt 0.000000 nan
vt 1.000000 nan
vt 0.000000 nan
vt 1.000000 nan
vt 0.000000 nan
vt 1.000000 nan
vt 0.000000 nan
vt 1.000000 nan
vt 0.000000 nan
vt 1.000000 nan
vt 0.000000 nan
vt 1.000000 nan
vt 0.000000 nan
vt 1.000000 nan
vt 0.000000 nan
vt 1.000000 nan
vt 0.000000 nan
vt 1.000000 nan
vt 0.000000 nan
vt 1.000000 nan
vt 0.000000 nan
vt 1.000000 nan
vt 0.000000 nan
vt 1.000000 nan
vt 0.000000 nan
vt 1.000000 nan
vt 0.000000 nan
vt 1.000000 nan
vt 0.000000 nan
vt 1.000000 nan
vt 0.000000 nan
vt 1.000000 nan
vt 0.000000 nan
vt 1.000000 nan
vt 0.000000 nan
vt 1.000000 nan
vt 0.000000 nan
vt 1.000000 nan
vt 0.000000 nan
vt 1.000000 nan
vt 0.000000 nan
vt 1.000000 nan
vt 0.000000 nan
vt 1.000000 nan
vt 0.000000 nan
vt 1.000000 nan
vt 0.000000 nan
vt 1.000000 nan
vt 0.000000 nan
vt 1.000000 nan
vt 0.000000 nan
vt 1.000000 nan
vt 0.000000 nan
vt 1.000000 nan
vt 0.000000 nan
vt 1.000000 nan
vt 0.000000 nan
vt 1.000000 nan
vt 0.000000 nan
vt 1.000000 nan
vt 0.000000 nan
vt 1.000000 nan
vt 0.000000 nan
vt 1.000000 nan
vt 0.000000 nan
vt 1.000000 nan
vt 0.000000 nan
vt 1.000000 nan
vt 0.000000 nan
vt 1.000000 nan
vt 0.000000 nan
vt 1.000000 nan
vt 0.000000 nan
vt 1.000000 nan
vt 0.000000 nan
vt 1.000000 nan
vt 0.000000 nan
vt 1.000000 nan
vt 0.000000 nan
vt 1.000000 nan
vt 0.000000 nan
vt 1.000000 nan
vt 0.000000 nan
vt 1.000000 nan
vt 0.000000 nan
vt 1.000000 nan
vt 0.000000 nan
vt 1.000000 nan
vt 0.000000 nan
vt 1.000000 nan
vt 0.000000 nan
vt 1.000000 nan
vt 0.000000 nan
vt 1.000000 nan
vt 0.000000 nan
vt 1.000000 nan
vt 0.000000 nan
vt 1.000000 nan
vt 0.000000 nan
vt 1.000000 nan
vt 0.000000 nan
vt 1.000000 nan
vt 0.000000 nan
vt 1.000000 nan
vt 0.000000 nan
vt 1.000000 nan
vt 0.000000 nan
vt 1.000000 nan
vt 0.000000 nan
vt 1.000000 nan
vt 0.000000 nan
vt 1.000000 nan
vt 0.000000 nan
vt 1.000000 nan
vt 0.000000 nan
vt 1.000000 nan
vt 0.000000 nan
vt 1.000000 nan
vt 0.000000 nan
vt 1.000000 nan
vt 0.000000 nan
vt 1.000000 nan
vt 0.000000 nan
vt 1.000000 nan
vt 0.000000 nan
vt 1.000000 nan
vt 0.000000 nan
vt 1.000000 nan
vt 0.000000 nan
vt 1.000000 nan
vt 0.000000 nan
vt 1.000000 nan
vt 0.000000 nan
vt 1.000000 nan
vt 0.000000 nan
vt 1.000000 nan
vt 0.000000 nan
vt 1.000000 nan
vt 0.000000 nan
vt 1.000000 nan
vt 0.000000 nan
vt 1.000000 nan
vt 0.000000 nan
vt 1.000000 nan
vt 0.000000 nan
vt 1.000000 nan
vt 0.000000 nan
vt 1.000000 nan
vt 0.000000 nan
vt 1.000000 nan
vt 0.000000 nan
vt 1.000000 nan
vt 0.000000 nan
vt 1.000000 nan
vt 0.000000 nan
vt 1.000000 nan
vt 0.000000 nan
vt 1.000000 nan
vt 0.000000 nan
vt 1.000000 nan
vt 0.000000 nan
vt 1.000000 nan
vt 0.000000 nan
vt 1.000000 nan
vt 0.000000 nan
vt 1.000000 nan
vt 0.000000 nan
vt 1.000000 nan
vt 0.000000 nan
vt 1.000000 nan
vt 0.000000 nan
vt 1.000000 nan
vt 0.000000 nan
vt 1.000000 nan
vt 0.000000 nan
vt 1.000000 nan
vt 0.000000 nan
vt 1.000000 nan
vt 0.000000 nan
vt 1.000000 nan
vt 0.000000 nan
vt 1.000000 nan
vt 0.000000 nan
vt 1.000000 nan
vt 0.000000 nan
vt 1.000000 nan
vt 0.000000 nan
vt 1.000000 nan
vt 0.000000 nan
vt 1.000000 nan
vt 0.000000 nan
vt 1.000000 nan
vt 0.000000 nan
vt 1.000000 nan
vt 0.000000 nan
vt 1.000000 nan
vt 0.000000 nan
vt 1.000000 nan
vt 0.000000 nan
vt 1.000000 nan
vt 0.000000 nan
vt 1.000000 nan
vt 0.000000 nan
vt 1.000000 nan
vt 0.000000 nan
vt 1.000000 nan
vt 0.000000 nan
vt 1.000000 nan
vt 0.000000 nan
vt 1.000000 nan
vt 0.000000 nan
vt 1.000000 nan
vt 0.000000 nan
vt 1.000000 nan
vt 0.000000 nan
vt 1.000000 nan
vt 0.000000 nan
vt 1.000000 nan
vt 0.000000 nan
vt 1.000000 nan
vt 0.000000 nan
vt 1.000000 nan
vt 0.000000 nan
vt 1.000000 nan
vt 0.000000 nan
vt 1.000000 nan
vt 0.000000 nan
vt 1.000000 nan
vt 0.000000 nan
vt 1.000000 nan
vt 0.000000 nan
vt 1.000000 nan
vt 0.000000 nan
vt 1.000000 nan
vt 0.000000 nan
vt 1.000000 nan
vt 0.000000 nan
vt 1.000000 nan
vt 0.000000 nan
vt 1.000000 nan
vt 0.000000 nan
vt 1.000000 nan
vt 0.000000 nan
vt 1.000000 nan
vt 0.000000 nan
vt 1.000000 nan
vt 0.000000 nan
vt 1.000000 nan
vt 0.000000 nan
vt 1.000000 nan
vt 0.000000 nan
vt 1.000000 nan
vt 0.000000 nan
vt 1.000000 nan
vt 0.000000 nan
vt 1.000000 nan
vt 0.000000 nan
vt 1.000000 nan
vt 0.000000 nan
vt 1.000000 nan
vt 0.000000 nan
vt 1.000000 nan
vt 0.000000 nan
vt 1.000000 nan
vt 0.000000 nan
vt 1.000000 nan
vt 0.000000 nan
vt 1.000000 nan
vt 0.000000 nan
vt 1.000000 nan
vt 0.000000 nan
vt 1.000000 nan
vt 0.000000 nan
vt 1.000000 nan
vt 0.000000 nan
vt 1.000000 nan
vt 0.000000 nan
vt 1.000000 nan
vt 0.000000 nan
vt 1.000000 nan
vt 0.000000 nan
vt 1.000000 nan
vt 0.000000 nan
vt 1.000000 nan
vt 0.000000 nan
vt 1.000000 nan
vt 0.000000 nan
vt 1.000000 nan
vt 0.000000 nan
vt 1.000000 nan
vt 0.000000 nan
vt 1.000000 nan
vt 0.000000 nan
vt 1.000000 nan
vt 0.000000 nan
vt 1.000000 nan
vt 0.000000 nan
vt 1.000000 nan
vt 0.000000 nan
vt 1.000000 nan
vt 0.000000 nan
vt 1.000000 nan
vt 0.000000 nan
vt 1.000000 nan
vt 0.000000 nan
vt 1.000000 nan
vt 0.000000 nan
vt 1.000000 nan
vt 0.000000 nan
vt 1.000000 nan
vt 0.000000 nan
vt 1.000000 nan
vt 0.000000 nan
vt 1.000000 nan
vt 0.000000 nan
vt 1.000000 nan
vt 0.000000 nan
vt 1.000000 nan
vt 0.000000 nan
vt 1.000000 nan
vt 0.000000 nan
vt 1.000000 nan
vt 0.000000 nan
vt 1.000000 nan
vt 0.000000 nan
vt 1.000000 nan
vt 0.000000 nan
vt 1.000000 nan
vt 0.000000 nan
vt 1.000000 nan
vt 0.000000 nan
vt 1.000000 nan
vt 0.000000 nan
vt 1.000000 nan
vt 0.000000 nan
vt 1.000000 nan
vt 0.000000 nan
vt 1.000000 nan
vt 0.000000 nan
vt 1.000000 nan
vt 0.000000 nan
vt 1.000000 nan
vt 0.000000 nan
vt 1.000000 nan
vt 0.000000 nan
vt 1.000000 nan
vt 0.000000 nan
vt 1.000000 nan
vt 0.000000 nan
vt 1.000000 nan
vt 0.000000 nan
vt 1.000000 nan
vt 0.000000 nan
vt 1.000000 nan
vt 0.000000 nan
vt 1.000000 nan
vt 0.000000 nan
vt 1.000000 nan
vt 0.000000 nan
vt 1.000000 nan
vt 0.000000 nan
vt 1.000000 nan
vt 0.000000 nan
vt 1.000000 nan
vt 0.000000 nan
vt 1.000000 nan
vt 0.000000 nan
vt 1.000000 nan
vt 0.000000 nan
vt 1.000000 nan
vt 0.000000 nan
vt 1.000000 nan
vt 0.000000 nan
vt 1.000000 nan
vt 0.000000 nan
vt 1.000000 nan
vt 0.000000 nan
vt 1.000000 nan
vt 0.000000 nan
vt 1.000000 nan
vt 0.000000 nan
vt 1.000000 nan
vt 0.000000 nan
vt 1.000000 nan
vt 0.000000 nan
vt 1.000000 nan
vt 0.000000 nan
vt 1.000000 nan
vt 0.000000 nan
vt 1.000000 nan
vt 0.000000 nan
vt 1.000000 nan
vt 0.000000 nan
vt 1.000000 nan
vt 0.000000 nan
vt 1.000000 nan
vt 0.000000 nan
vt 1.000000 nan
vt 0.000000 nan
vt 1.000000 nan
vt 0.000000 nan
vt 1.000000 nan
vt 0.000000 nan
vt 1.000000 nan
vt 0.000000 nan
vt 1.000000 nan
vt 0.000000 nan
vt 1.000000 nan
vt 0.000000 nan
vt 1.000000 nan
vt 0.000000 nan
vt 1.000000 nan
vt 0.000000 nan
vt 1.000000 nan
vt 0.000000 nan
vt 1.000000 nan
vt 0.000000 nan
vt 1.000000 nan
vt 0.000000 nan
vt 1.000000 nan
vt 0.000000 nan
vt 1.000000 nan
vt 0.000000 nan
vt 1.000000 nan
vt 0.000000 nan
vt 1.000000 nan
vt 0.000000 nan
vt 1.000000 nan
vt 0.000000 nan
vt 1.000000 nan
vt 0.000000 nan
vt 1.000000 nan
vt 0.000000 nan
vt 1.000000 nan
vt 0.000000 nan
vt 1.000000 nan
vt 0.000000 nan
vt 1.000000 nan
vt 0.000000 nan
vt 1.000000 nan
vt 0.000000 nan
vt 1.000000 nan
vt 0.000000 nan
vt 1.000000 nan
vt 0.000000 nan
vt 1.000000 nan
vt 0.000000 nan
vt 1.000000 nan
vt 0.000000 nan
vt 1.000000 nan
vt 0.000000 nan
vt 1.000000 nan
vt 0.000000 nan
vt 1.000000 nan
vt 0.000000 nan
vt 1.000000 nan
vt 0.000000 nan
vt 1.000000 nan
vt 0.000000 nan
vt 1.000000 nan
vt 0.000000 nan
vt 1.000000 nan
vt 0.000000 nan
vt 1.000000 nan
vt 0.000000 nan
vt 1.000000 nan
vt 0.000000 nan
vt 1.000000 nan
vt 0.000000 nan
vt 1.000000 nan
vt 0.000000 nan
vt 1.000000 nan
vt 0.000000 nan
vt 1.000000 nan
vt 0.000000 nan
vt 1.000000 nan
vt 0.000000 nan
vt 1.000000 nan
vt 0.000000 nan
vt 1.000000 nan
vt 0.000000 nan
vt 1.000000 nan
vt 0.000000 nan
vt 1.000000 nan
vt 0.000000 nan
vt 1.000000 nan
vt 0.000000 nan
vt 1.000000 nan
vt 0.000000 nan
vt 1.000000 nan
vt 0.000000 nan
vt 1.000000 nan
vt 0.000000 nan
vt 1.000000 nan
vt 0.000000 nan
vt 1.000000 nan
vt 0.000000 nan
vt 1.000000 nan
vt 0.000000 nan
vt 1.000000 nan
vt 0.000000 nan
vt 1.000000 nan
vt 0.000000 nan
vt 1.000000 nan
vt 0.000000 nan
vt 1.000000 nan
vt 0.000000 nan
vt 1.000000 nan
vt 0.000000 nan
vt 1.000000 nan
vt 0.000000 nan
vt 1.000000 nan
vt 0.000000 nan
vt 1.000000 nan
vt 0.000000 nan
vt 1.000000 nan
vt 0.000000 nan
vt 1.000000 nan
vt 0.000000 nan
vt 1.000000 nan
vt 0.000000 nan
vt 1.000000 nan
vt 0.000000 nan
vt 1.000000 nan
vt 0.000000 nan
vt 1.000000 nan
vt 0.000000 nan
vt 1.000000 nan
vt 0.000000 nan
vt 1.000000 nan
vt 0.000000 nan
vt 1.000000 nan
vt 0.000000 nan
vt 1.000000 nan
vt 0.000000 nan
vt 1.000000 nan
vt 0.000000 nan
vt 1.000000 nan
vt 0.000000 nan
vt 1.000000 nan
vt 0.000000 nan
vt 1.000000 nan
vt 0.000000 nan
vt 1.000000 nan
vt 0.000000 nan
vt 1.000000 nan
vt 0.000000 nan
vt 1.000000 nan
vt 0.000000 nan
vt 1.000000 nan
vt 0.000000 nan
vt 1.000000 nan
vt 0.000000 nan
vt 1.000000 nan
vt 0.000000 nan
vt 1.000000 nan
vt 0.000000 nan
vt 1.000000 nan
vt 0.000000 nan
vt 1.000000 nan
vt 0.000000 nan
vt 1.000000 nan
vt 0.000000 nan
vt 1.000000 nan
vt 0.000000 nan
vt 1.000000 nan
vt 0.000000 nan
vt 1.000000 nan
vt 0.000000 nan
vt 1.000000 nan
vt 0.000000 nan
vt 1.000000 nan
vt 0.000000 nan
vt 1.000000 nan
vt 0.000000 nan
vt 1.000000 nan
vt 0.000000 nan
vt 1.000000 nan
vt 0.000000 nan
vt 1.000000 nan
vt 0.000000 nan
vt 1.000000 nan
vt 0.000000 nan
vt 1.000000 nan
vt 0.000000 nan
vt 1.000000 nan
vt 0.000000 nan
vt 1.000000 nan
vt 0.000000 nan
vt 1.000000 nan
vt 0.000000 nan
vt 1.000000 nan
vt 0.000000 nan
vt 1.000000 nan
vt 0.000000 nan
vt 1.000000 nan
vt 0.000000 nan
vt 1.000000 nan
vt 0.000000 nan
vt 1.000000 nan
vt 0.000000 nan
vt 1.000000 nan
vt 0.000000 nan
vt 1.000000 nan
vt 0.000000 nan
vt 1.000000 nan
vt 0.000000 nan
vt 1.000000 nan
vt 0.000000 nan
vt 1.000000 nan
vt 0.000000 nan
vt 1.000000 nan
vt 0.000000 nan
vt 1.000000 nan
vt 0.000000 nan
vt 1.000000 nan
vt 0.000000 nan
vt 1.000000 nan
vt 0.000000 nan
vt 1.000000 nan
vt 0.000000 nan
vt 1.000000 nan
vt 0.000000 nan
vt 1.000000 nan
vt 0.000000 nan
vt 1.000000 nan
vt 0.000000 nan
vt 1.000000 nan
vt 0.000000 nan
vt 1.000000 nan
vt 0.000000 nan
vt 1.000000 nan
vt 0.000000 nan
vt 1.000000 nan
vt 0.000000 nan
vt 1.000000 nan
vt 0.000000 nan
vt 1.000000 nan
vt 0.000000 nan
vt 1.000000 nan
vt 0.000000 nan
vt 1.000000 nan
vt 0.000000 nan
vt 1.000000 nan
vt 0.000000 nan
vt 1.000000 nan
vt 0.000000 nan
vt 1.000000 nan
vt 0.000000 nan
vt 1.000000 nan
vt 0.000000 nan
vt 1.000000 nan
vt 0.000000 nan
vt 1.000000 nan
vt 0.000000 nan
vt 1.000000 nan
vt 0.000000 nan
vt 1.000000 nan
vt 0.000000 nan
vt 1.000000 nan
vt 0.000000 nan
vt 1.000000 nan
vt 0.000000 nan
vt 1.000000 nan
vt 0.000000 nan
vt 1.000000 nan
vt 0.000000 nan
vt 1.000000 nan
vt 0.000000 nan
vt 1.000000 nan
vt 0.000000 nan
vt 1.000000 nan
vt 0.000000 nan
vt 1.000000 nan
vt 0.000000 nan
vt 1.000000 nan
vt 0.000000 nan
vt 1.000000 nan
vt 0.000000 nan
vt 1.000000 nan
vt 0.000000 nan
vt 1.000000 nan
vt 0.000000 nan
vt 1.000000 nan
vt 0.000000 nan
vt 1.000000 nan
vt 0.000000 nan
vt 1.000000 nan
vt 0.000000 nan
vt 1.000000 nan
vt 0.000000 nan
vt 1.000000 nan
vt 0.000000 nan
vt 1.000000 nan
vt 0.000000 nan
vt 1.000000 nan
vt 0.000000 nan
vt 1.000000 nan
vt 0.000000 nan
vt 1.000000 nan
vt 0.000000 nan
vt 1.000000 nan
vt 0.000000 nan
vt 1.000000 nan
vt 0.000000 nan
vt 1.000000 nan
vt 0.000000 nan
vt 1.000000 nan
vt 0.000000 nan
vt 1.000000 nan
vt 0.000000 nan
vt 1.000000 nan
vt 0.000000 nan
vt 1.000000 nan
vt 0.000000 nan
vt 1.000000 nan
vt 0.000000 nan
vt 1.000000 nan
vt 0.000000 nan
vt 1.000000 nan
vt 0.000000 nan
vt 1.000000 nan
vt 0.000000 nan
vt 1.000000 nan
vt 0.000000 nan
vt 1.000000 nan
vt 0.000000 nan
vt 1.000000 nan
vt 0.000000 nan
vt 1.000000 nan
vt 0.000000 nan
vt 1.000000 nan
vt 0.000000 nan
vt 1.000000 nan
vt 0.000000 nan
vt 1.000000 nan
vt 0.000000 nan
vt 1.000000 nan
vt 0.000000 nan
vt 1.000000 nan
vt 0.000000 nan
vt 1.000000 nan
vt 0.000000 nan
vt 1.000000 nan
vt 0.000000 nan
vt 1.000000 nan
vt 0.000000 nan
vt 1.000000 nan
vt 0.000000 nan
vt 1.000000 nan
vt 0.000000 nan
vt 1.000000 nan
vt 0.000000 nan
vt 1.000000 nan
vt 0.000000 nan
vt 1.000000 nan
vt 0.000000 nan
vt 1.000000 nan
vt 0.000000 nan
vt 1.000000 nan
vt 0.000000 nan
vt 1.000000 nan
vt 0.000000 nan
vt 1.000000 nan
vt 0.000000 nan
vt 1.000000 nan
vt 0.000000 nan
vt 1.000000 nan
vt 0.000000 nan
vt 1.000000 nan
vt 0.000000 nan
vt 1.000000 nan
vt 0.000000 nan
vt 1.000000 nan
vt 0.000000 nan
vt 1.000000 nan
vt 0.000000 nan
vt 1.000000 nan
vt 0.000000 nan
vt 1.000000 nan
vt 0.000000 nan
vt 1.000000 nan
vt 0.000000 nan
vt 1.000000 nan
vt 0.000000 nan
vt 1.000000 nan
vt 0.000000 nan
vt 1.000000 nan
vt 0.000000 nan
vt 1.000000 nan
vt 0.000000 nan
vt 1.000000 nan
vt 0.000000 nan
vt 1.000000 nan
vt 0.000000 nan
vt 1.000000 nan
vt 0.000000 nan
vt 1.000000 nan
vt 0.000000 nan
vt 1.000000 nan
vt 0.000000 nan
vt 1.000000 nan
vt 0.000000 nan
vt 1.000000 nan
vt 0.000000 nan
vt 1.000000 nan
vt 0.000000 nan
vt 1.000000 nan
vt 0.000000 nan
vt 1.000000 nan
vt 0.000000 nan
vt 1.000000 nan
vt 0.000000 nan
vt 1.000000 nan
vt 0.000000 nan
vt 1.000000 nan
vt 0.000000 nan
vt 1.000000 nan
vt 0.000000 nan
vt 1.000000 nan
vt 0.000000 nan
vt 1.000000 nan
vt 0.000000 nan
vt 1.000000 nan
vt 0.000000 nan
vt 1.000000 nan
vt 0.000000 nan
vt 1.000000 nan
vt 0.000000 nan
vt 1.000000 nan
vt 0.000000 nan
vt 1.000000 nan
vt 0.000000 nan
vt 1.000000 nan
vt 0.000000 nan
vt 1.000000 nan
vt 0.000000 nan
vt 1.000000 nan
vt 0.000000 nan
vt 1.000000 nan
vt 0.000000 nan
vt 1.000000 nan
vt 0.000000 nan
vt 1.000000 nan
vt 0.000000 nan
vt 1.000000 nan
vt 0.000000 nan
vt 1.000000 nan
vt 0.000000 nan
vt 1.000000 nan
vt 0.000000 nan
vt 1.000000 nan
vt 0.000000 nan
vt 1.000000 nan
vt 0.000000 nan
vt 1.000000 nan
vt 0.000000 nan
vt 1.000000 nan
vt 0.000000 nan
vt 1.000000 nan
vt 0.000000 nan
vt 1.000000 nan
vt 0.000000 nan
vt 1.000000 nan
vt 0.000000 nan
vt 1.000000 nan
vt 0.000000 nan
vt 1.000000 nan
vt 0.000000 nan
vt 1.000000 nan
vt 0.000000 nan
vt 1.000000 nan
vt 0.000000 nan
vt 1.000000 nan
vt 0.000000 nan
vt 1.000000 nan
vt 0.000000 nan
vt 1.000000 nan
vt 0.000000 nan
vt 1.000000 nan
vt 0.000000 nan
vt 1.000000 nan
vt 0.000000 nan
vt 1.000000 nan
vt 0.000000 nan
vt 1.000000 nan
vt 0.000000 nan
vt 1.000000 nan
vt 0.000000 nan
vt 1.000000 nan
vt 0.000000 nan
vt 1.000000 nan
vt 0.000000 nan
vt 1.000000 nan
vt 0.000000 nan
vt 1.000000 nan
vt 0.000000 nan
vt 1.000000 nan
vt 0.000000 nan
vt 1.000000 nan
vt 0.000000 nan
vt 1.000000 nan
vt 0.000000 nan
vt 1.000000 nan
vt 0.000000 nan
vt 1.000000 nan
vt 0.000000 nan
vt 1.000000 nan
vt 0.000000 nan
vt 1.000000 nan
vt 0.000000 nan
vt 1.000000 nan
vt 0.000000 nan
vt 1.000000 nan
vt 0.000000 nan
vt 1.000000 nan
vt 0.000000 nan
vt 1.000000 nan
vt 0.000000 nan
vt 1.000000 nan
vt 0.000000 nan
vt 1.000000 nan
vt 0.000000 nan
vt 1.000000 nan
vt 0.000000 nan
vt 1.000000 nan
vt 0.000000 nan
vt 1.000000 nan
vt 0.000000 nan
vt 1.000000 nan
vt 0.000000 nan
vt 1.000000 nan
vt 0.000000 nan
vt 1.000000 nan
vt 0.000000 nan
vt 1.000000 nan
vt 0.000000 nan
vt 1.000000 nan
vt 0.000000 nan
vt 1.000000 nan
vt 0.000000 nan
vt 1.000000 nan
vt 0.000000 nan
vt 1.000000 nan
vt 0.000000 nan
vt 1.000000 nan
vt 0.000000 nan
vt 1.000000 nan
vt 0.000000 nan
vt 1.000000 nan
vt 0.000000 nan
vt 1.000000 nan
vt 0.000000 nan
vt 1.000000 nan
vt 0.000000 nan
vt 1.000000 nan
vt 0.000000 nan
vt 1.000000 nan
vt 0.000000 nan
vt 1.000000 nan
vt 0.000000 nan
vt 1.000000 nan
vt 0.000000 nan
vt 1.000000 nan
vt 0.000000 nan
vt 1.000000 nan
vt 0.000000 nan
vt 1.000000 nan
vt 0.000000 nan
vt 1.000000 nan
vt 0.000000 nan
vt 1.000000 nan
vt 0.000000 nan
vt 1.000000 nan
vt 0.000000 nan
vt 1.000000 nan
vt 0.000000 nan
vt 1.000000 nan
vt 0.000000 nan
vt 1.000000 nan
vt 0.000000 nan
vt 1.000000 nan
vt 0.000000 nan
vt 1.000000 nan
vt 0.000000 nan
vt 1.000000 nan
vt 0.000000 nan
vt 1.000000 nan
vt 0.000000 nan
vt 1.000000 nan
vt 0.000000 nan
vt 1.000000 nan
vt 0.000000 nan
vt 1.000000 nan
vt 0.000000 nan
vt 1.000000 nan
vt 0.000000 nan
vt 1.000000 nan
vt 0.000000 nan
vt 1.000000 nan
vt 0.000000 nan
vt 1.000000 nan
vt 0.000000 nan
vt 1.000000 nan
vt 0.000000 nan
vt 1.000000 nan
vt 0.000000 nan
vt 1.000000 nan
vt 0.000000 nan
vt 1.000000 nan
vt 0.000000 nan
vt 1.000000 nan
vt 0.000000 nan
vt 1.000000 nan
vt 0.000000 nan
vt 1.000000 nan
vt 0.000000 nan
vt 1.000000 nan
vt 0.000000 nan
vt 1.000000 nan
vt 0.000000 nan
vt 1.000000 nan
vt 0.000000 nan
vt 1.000000 nan
vt 0.000000 nan
vt 1.000000 nan
vt 0.000000 nan
vt 1.000000 nan
vt 0.000000 nan
vt 1.000000 nan
vt 0.000000 nan
vt 1.000000 nan
vt 0.000000 nan
vt 1.000000 nan
vt 0.000000 nan
vt 1.000000 nan
vt 0.000000 nan
vt 1.000000 nan
vt 0.000000 nan
vt 1.000000 nan
vt 0.000000 nan
vt 1.000000 nan
vt 0.000000 nan
vt 1.000000 nan
vt 0.000000 nan
vt 1.000000 nan
vt 0.000000 nan
vt 1.000000 nan
vt 0.000000 nan
vt 1.000000 nan
vt 0.000000 nan
vt 1.000000 nan
vt 0.000000 nan
vt 1.000000 nan
vt 0.000000 nan
vt 1.000000 nan
vt 0.000000 nan
vt 1.000000 nan
vt 0.000000 nan
vt 1.000000 nan
vt 0.000000 nan
vt 1.000000 nan
vt 0.000000 nan
vt 1.000000 nan
vt 0.000000 nan
vt 1.000000 nan
vt 0.000000 nan
vt 1.000000 nan
vt 0.000000 nan
vt 1.000000 nan
vt 0.000000 nan
vt 1.000000 nan
vt 0.000000 nan
vt 1.000000 nan
vt 0.000000 nan
vt 1.000000 nan
vt 0.000000 nan
vt 1.000000 nan
vt 0.000000 nan
vt 1.000000 nan
vt 0.000000 nan
vt 1.000000 nan
vt 0.000000 nan
vt 1.000000 nan
vt 0.000000 nan
vt 1.000000 nan
vt 0.000000 nan
vt 1.000000 nan
vt 0.000000 nan
vt 1.000000 nan
vt 0.000000 nan
vt 1.000000 nan
vt 0.000000 nan
vt 1.000000 nan
vt 0.000000 nan
vt 1.000000 nan
vt 0.000000 nan
vt 1.000000 nan
vt 0.000000 nan
vt 1.000000 nan
vt 0.000000 nan
vt 1.000000 nan
vt 0.000000 nan
vt 1.000000 nan
vt 0.000000 nan
vt 1.000000 nan
vt 0.000000 nan
vt 1.000000 nan
vn 0.000000 1.000000 -0.000000
vn 0.000000 1.000000 -0.000000
vn 0.000000 1.000000 -0.000000
vn 0.000000 1.000000 -0.000000
vn 0.000000 1.000000 -0.000000
vn 0.000000 1.000000 -0.000000
vn 0.015871 0.999843 -0.007935
vn 0.015871 0.999843 -0.007935
vn 0.000000 0.999874 -0.015871
vn 0.000000 0.999874 -0.015871
vn 0.007935 0.999843 -0.015871
vn 0.007935 0.999843 -0.015871
vn 0.015867 0.999591 -0.023800
vn 0.015867 0.999591 -0.023800
vn 0.015863 0.999371 -0.031726
vn 0.015863 0.999371 -0.031726
vn 0.015859 0.999088 -0.039646
vn 0.015859 0.999088 -0.039646
vn 0.015853 0.998743 -0.047559
vn 0.015853 0.998743 -0.047559
vn 0.015847 0.998335 -0.055463
vn 0.015847 0.998335 -0.055463
vn 0.015831 0.997334 -0.071238
vn 0.015831 0.997334 -0.071238
vn 0.028072 0.996542 -0.078200
vn 0.028072 0.996542 -0.078200
vn 0.035672 0.995110 -0.092106
vn 0.035672 0.995110 -0.092106
vn 0.042894 0.994328 -0.097326
vn 0.042894 0.994328 -0.097326
vn 0.054058 0.992502 -0.109622
vn 0.054058 0.992502 -0.109622
vn 0.066448 0.990501 -0.120386
vn 0.066448 0.990501 -0.120386
vn 0.077328 0.989454 -0.122482
vn 0.077328 0.989454 -0.122482
vn 0.092775 0.986901 -0.131980
vn 0.092775 0.986901 -0.131980
vn 0.109589 0.984303 -0.138343
vn 0.109589 0.984303 -0.138343
vn 0.123053 0.982928 -0.136788
vn 0.123053 0.982928 -0.136788
vn 0.142260 0.979725 -0.141070
vn 0.142260 0.979725 -0.141070
vn 0.156823 0.978070 -0.137063
vn 0.156823 0.978070 -0.137063
vn 0.177788 0.974578 -0.136346
vn 0.177788 0.974578 -0.136346
vn 0.191204 0.972960 -0.129574
vn 0.191204 0.972960 -0.129574
vn 0.202451 0.971076 -0.126594
vn 0.202451 0.971076 -0.126594
vn 0.224052 0.966883 -0.122221
vn 0.224052 0.966883 -0.122221
vn 0.238188 0.965169 -0.108239
vn 0.238188 0.965169 -0.108239
vn 0.250371 0.962691 -0.102663
vn 0.250371 0.962691 -0.102663
vn 0.255503 0.963132 -0.084231
vn 0.255503 0.963132 -0.084231
vn 0.269227 0.960534 -0.069937
vn 0.269227 0.960534 -0.069937
vn 0.279807 0.958262 -0.058669
vn 0.279807 0.958262 -0.058669
vn 0.282732 0.958335 -0.040713
vn 0.282732 0.958335 -0.040713
vn 0.292271 0.956054 -0.023196
vn 0.292271 0.956054 -0.023196
vn 0.292331 0.956314 -0.002320
vn 0.292331 0.956314 -0.002320
vn 0.292135 0.956239 0.016230
vn 0.292135 0.956239 0.016230
vn 0.292025 0.955948 0.029732
vn 0.292025 0.955948 0.029732
vn 0.281650 0.958262 0.049056
vn 0.281650 0.958262 0.049056
vn 0.276077 0.958650 0.069082
vn 0.276077 0.958650 0.069082
vn 0.265264 0.961058 0.077470
vn 0.265264 0.961058 0.077470
vn 0.252959 0.963052 0.092430
vn 0.252959 0.963052 0.092430
vn 0.245671 0.963089 0.110024
vn 0.245671 0.963089 0.110024
vn 0.230772 0.965183 0.123154
vn 0.230772 0.965183 0.123154
vn 0.215481 0.967279 0.133938
vn 0.215481 0.967279 0.133938
vn 0.198789 0.971313 0.130514
vn 0.198789 0.971313 0.130514
vn 0.184986 0.973048 0.137684
vn 0.184986 0.973048 0.137684
vn 0.170441 0.974934 0.143015
vn 0.170441 0.974934 0.143015
vn 0.150678 0.978533 0.140604
vn 0.150678 0.978533 0.140604
vn 0.136326 0.980086 0.144382
vn 0.136326 0.980086 0.144382
vn 0.118458 0.983149 0.139234
vn 0.118458 0.983149 0.139234
vn 0.105950 0.984418 0.140343
vn 0.105950 0.984418 0.140343
vn 0.089298 0.987321 0.131236
vn 0.089298 0.987321 0.131236
vn 0.074934 0.989527 0.123375
vn 0.074934 0.989527 0.123375
vn 0.063625 0.990787 0.119555
vn 0.063625 0.990787 0.119555
vn 0.050753 0.992766 0.108809
vn 0.050753 0.992766 0.108809
vn 0.032423 0.994632 0.098270
vn 0.032423 0.994632 0.098270
vn 0.024583 0.995435 0.092218
vn 0.024583 0.995435 0.092218
vn 0.017682 0.996786 0.078128
vn 0.017682 0.996786 0.078128
vn 0.015831 0.997343 0.071113
vn 0.015831 0.997343 0.071113
vn 0.015847 0.998335 0.055463
vn 0.015847 0.998335 0.055463
vn 0.015853 0.998743 0.047559
vn 0.015853 0.998743 0.047559
vn 0.015859 0.999088 0.039646
vn 0.015859 0.999088 0.039646
vn 0.015863 0.999371 0.031726
vn 0.015863 0.999371 0.031726
vn 0.007934 0.999685 0.023802
vn 0.007934 0.999685 0.023802
vn 0.007935 0.999843 0.015871
vn 0.007935 0.999843 0.015871
vn 0.007936 0.999937 0.007936
vn 0.007936 0.999937 0.007936
vn -0.000000 1.000000 0.000000
vn -0.000000 1.000000 0.000000
vn -0.000000 1.000000 0.000000
vn -0.000000 1.000000 0.000000
vn -0.000000 1.000000 0.000000
vn -0.000000 1.000000 0.000000
vn -0.000000 1.000000 0.000000
vn -0.000000 1.000000 0.000000
vn -0.000000 1.000000 0.000000
vn -0.000000 1.000000 0.000000
vn -0.000000 1.000000 0.000000
vn -0.000000 1.000000 0.000000
vn -0.047565 0.998868 0.000000
vn -0.047565 0.998868 0.000000
vn -0.094809 0.995495 0.000000
vn -0.094809 0.995495 0.000000
vn -0.182373 0.983229 0.000000
vn -0.182373 0.983229 0.000000
vn 0.277865 0.960620 0.000000
vn 0.277865 0.960620 0.000000
vn -0.015867 0.999591 0.023800
vn -0.015867 0.999591 0.023800
vn -0.015863 0.999371 0.031726
vn -0.015863 0.999371 0.031726
vn -0.015859 0.999088 0.039646
vn -0.015859 0.999088 0.039646
vn -0.015853 0.998743 0.047559
vn -0.015853 0.998743 0.047559
vn -0.015847 0.998335 0.055463
vn -0.015847 0.998335 0.055463
vn -0.016396 0.997325 0.071237
vn -0.016396 0.997325 0.071237
vn -0.028677 0.996545 0.077953
vn -0.028677 0.996545 0.077953
vn -0.036361 0.995118 0.091750
vn -0.036361 0.995118 0.091750
vn -0.043586 0.994343 0.096864
vn -0.043586 0.994343 0.096864
vn -0.053948 0.992554 0.109212
vn -0.053948 0.992554 0.109212
vn -0.067187 0.990545 0.119611
vn -0.067187 0.990545 0.119611
vn -0.078231 0.989426 0.122131
vn -0.078231 0.989426 0.122131
vn -0.092451 0.987018 0.131332
vn -0.092451 0.987018 0.131332
vn -0.110348 0.984277 0.137919
vn -0.110348 0.984277 0.137919
vn -0.123658 0.982729 0.137670
vn -0.123658 0.982729 0.137670
vn -0.142260 0.979725 0.141070
vn -0.142260 0.979725 0.141070
vn -0.150939 0.978273 0.142127
vn -0.150939 0.978273 0.142127
vn -0.171515 0.974814 0.142551
vn -0.171515 0.974814 0.142551
vn -0.187218 0.972819 0.136279
vn -0.187218 0.972819 0.136279
vn -0.202304 0.970957 0.127731
vn -0.202304 0.970957 0.127731
vn -0.223261 0.967129 0.121722
vn -0.223261 0.967129 0.121722
vn -0.237681 0.964970 0.111089
vn -0.237681 0.964970 0.111089
vn -0.248786 0.962946 0.104121
vn -0.248786 0.962946 0.104121
vn -0.256322 0.962630 0.087420
vn -0.256322 0.962630 0.087420
vn -0.268043 0.960727 0.071808
vn -0.268043 0.960727 0.071808
vn -0.279147 0.958291 0.061276
vn -0.279147 0.958291 0.061276
vn -0.282026 0.958449 0.042868
vn -0.282026 0.958449 0.042868
vn -0.292095 0.956108 0.023182
vn -0.292095 0.956108 0.023182
vn -0.292206 0.956344 0.004638
vn -0.292206 0.956344 0.004638
vn -0.292286 0.956230 -0.013918
vn -0.292286 0.956230 -0.013918
vn -0.290074 0.956461 -0.032230
vn -0.290074 0.956461 -0.032230
vn -0.279810 0.958651 -0.051900
vn -0.279810 0.958651 -0.051900
vn -0.278520 0.958367 -0.062916
vn -0.278520 0.958367 -0.062916
vn -0.266161 0.960543 -0.080716
vn -0.266161 0.960543 -0.080716
vn -0.252133 0.962997 -0.095208
vn -0.252133 0.962997 -0.095208
vn -0.247452 0.963130 -0.105585
vn -0.247452 0.963130 -0.105585
vn -0.233187 0.965360 -0.117065
vn -0.233187 0.965360 -0.117065
vn -0.218283 0.967574 -0.127092
vn -0.218283 0.967574 -0.127092
vn -0.197715 0.971220 -0.132816
vn -0.197715 0.971220 -0.132816
vn -0.181174 0.973263 -0.141193
vn -0.181174 0.973263 -0.141193
vn -0.165888 0.975051 -0.147498
vn -0.165888 0.975051 -0.147498
vn -0.150628 0.978549 -0.140544
vn -0.150628 0.978549 -0.140544
vn -0.137218 0.980067 -0.143669
vn -0.137218 0.980067 -0.143669
vn -0.118458 0.983149 -0.139234
vn -0.118458 0.983149 -0.139234
vn -0.104469 0.984630 -0.139961
vn -0.104469 0.984630 -0.139961
vn -0.087734 0.987248 -0.132830
vn -0.087734 0.987248 -0.132830
vn -0.073358 0.989612 -0.123639
vn -0.073358 0.989612 -0.123639
vn -0.061656 0.990699 -0.121305
vn -0.061656 0.990699 -0.121305
vn -0.050013 0.992736 -0.109427
vn -0.050013 0.992736 -0.109427
vn -0.040154 0.994479 -0.096946
vn -0.040154 0.994479 -0.096946
vn -0.032402 0.995287 -0.091400
vn -0.032402 0.995287 -0.091400
vn -0.018297 0.996790 -0.077949
vn -0.018297 0.996790 -0.077949
vn -0.015831 0.997352 -0.070988
vn -0.015831 0.997352 -0.070988
vn -0.015847 0.998335 -0.055463
vn -0.015847 0.998335 -0.055463
vn -0.015853 0.998743 -0.047559
vn -0.015853 0.998743 -0.047559
vn -0.015859 0.999088 -0.039646
vn -0.015859 0.999088 -0.039646
vn -0.015863 0.999371 -0.031726
vn -0.015863 0.999371 -0.031726
vn -0.007934 0.999685 -0.023802
vn -0.007934 0.999685 -0.023802
vn -0.007935 0.999843 -0.015871
vn -0.007935 0.999843 -0.015871
vn -0.007936 0.999937 -0.007936
vn -0.007936 0.999937 -0.007936
vn 0.000000 1.000000 -0.000000
vn 0.000000 1.000000 -0.000000
vn 0.000000 1.000000 -0.000000
vn 0.000000 1.000000 -0.000000
vn 0.000000 1.000000 -0.000000
vn 0.000000 1.000000 -0.000000
vn 0.000000 1.000000 -0.000000
vn 0.000000 1.000000 -0.000000
vn 0.000000 0.000000 0.000000
vn 0.000000 0.000000 0.000000
vn 0.000000 0.000000 0.000000
vn 0.000000 0.000000 0.000000
vn 0.000000 0.000000 0.000000
vn 0.000000 0.000000 0.000000
vn 0.000000 0.000000 0.000000
vn 0.000000 0.000000 0.000000
vn 68.000000 5.836304 -8.000000
vn 68.000000 5.836304 -8.000000
vn nan nan nan
vn nan nan nan
vn nan nan nan
vn nan nan nan
vn nan nan nan
vn nan nan nan
vn nan nan nan
vn nan nan nan
vn nan nan nan
vn nan nan nan
vn nan nan nan
vn nan nan nan
vn nan nan nan
vn nan nan nan
vn nan nan nan
vn nan nan nan
vn nan nan nan
vn nan nan nan
vn nan nan nan
vn nan nan nan
vn nan nan nan
vn nan nan nan
vn nan nan nan
vn nan nan nan
vn nan nan nan
vn nan nan nan
vn nan nan nan
vn nan nan nan
vn 0.000000 0.000000 0.000000
vn 0.000000 0.000000 0.000000
vn 0.000000 0.000000 0.000000
vn 0.000000 0.000000 0.000000
vn 0.000000 0.000000 0.000000
vn 0.000000 0.000000 0.000000
vn 0.000000 0.000000 0.000000
vn 0.000000 0.000000 0.000000
vn 0.000000 0.000000 0.000000
vn 0.000000 0.000000 0.000000
vn 0.000000 0.000000 0.000000
vn 0.000000 0.000000 0.000000
vn -7.000000 197.451294 -147.049286
vn -7.000000 197.451294 -147.049286
vn nan nan nan
vn nan nan nan
vn nan nan nan
vn nan nan nan
vn nan nan nan
vn nan nan nan
vn nan nan nan
vn nan nan nan
vn nan nan nan
vn nan nan nan
vn nan nan nan
vn nan nan nan
vn nan nan nan
vn nan nan nan
vn nan nan nan
vn nan nan nan
vn nan nan nan
vn nan nan nan
vn nan nan nan
vn nan nan nan
vn nan nan nan
vn nan nan nan
vn nan nan nan
vn nan nan nan
vn nan nan nan
vn nan nan nan
vn nan nan nan
vn nan nan nan
vn -8.911730 3.783264 -67.366119
vn -8.911730 3.783264 -67.366119
vn nan nan 0.000000
vn nan nan 0.000000
vn 0.000000 0.000000 0.000000
vn 0.000000 0.000000 0.000000
vn 0.000000 0.000000 0.000000
vn 0.000000 0.000000 0.000000
vn 0.000000 0.000000 0.000000
vn 0.000000 0.000000 0.000000
vn 0.000000 0.000000 0.000000
vn 0.000000 0.000000 0.000000
vn nan nan nan
vn nan nan nan
vn nan nan nan
vn nan nan nan
vn nan nan nan
vn nan nan nan
vn nan nan nan
vn nan nan nan
vn nan nan nan
vn nan nan nan
vn nan nan nan
vn nan nan nan
vn nan nan nan
vn nan nan nan
vn nan nan nan
vn nan nan nan
vn nan nan nan
vn nan nan nan
vn nan nan nan
vn nan nan nan
vn nan nan nan
vn nan nan nan
vn nan nan nan
vn nan nan nan
vn nan nan nan
vn nan nan nan
vn nan nan nan
vn nan nan nan
vn nan nan nan
vn nan nan nan
vn 0.000000 0.000000 0.000000
vn 0.000000 0.000000 0.000000
vn 0.000000 0.000000 0.000000
vn 0.000000 0.000000 0.000000
vn 0.000000 0.000000 0.000000
vn 0.000000 0.000000 0.000000
vn 0.000000 0.000000 0.000000
vn 0.000000 0.000000 0.000000
vn 0.000000 0.000000 0.000000
vn 0.000000 0.000000 0.000000
vn 15.750351 -255.070206 -5.000000
vn 15.750351 -255.070206 -5.000000
vn nan nan nan
vn nan nan nan
vn nan nan nan
vn nan nan nan
vn nan nan nan
vn nan nan nan
vn nan nan nan
vn nan nan nan
vn nan nan nan
vn nan nan nan
vn nan nan nan
vn nan nan nan
vn nan nan nan
vn nan nan nan
vn nan nan nan
vn nan nan nan
vn nan nan nan
vn nan nan nan
vn nan nan nan
vn nan nan nan
vn nan nan nan
vn nan nan nan
vn nan nan nan
vn nan nan nan
vn nan nan nan
vn nan nan nan
vn nan nan nan
vn nan nan nan
vn 0.000000 0.000000 0.000000
vn 0.000000 0.000000 0.000000
vn 0.000000 0.000000 nan
vn 0.000000 0.000000 nan
vn 0.000000 0.000000 0.000000
vn 0.000000 0.000000 0.000000
vn 0.000000 0.000000 0.000000
vn 0.000000 0.000000 0.000000
vn 0.000000 0.000000 0.000000
vn 0.000000 0.000000 0.000000
vn 0.000000 0.000000 0.000000
vn 0.000000 0.000000 0.000000
vn -5.000000 -93.687286 nan
vn -5.000000 -93.687286 nan
vn nan nan nan
vn nan nan nan
vn nan nan nan
vn nan nan nan
vn nan nan nan
vn nan nan nan
vn nan nan nan
vn nan nan nan
vn nan nan nan
vn nan nan nan
vn nan nan nan
vn nan nan nan
vn nan nan nan
vn nan nan nan
vn nan nan nan
vn nan nan nan
vn nan nan nan
vn nan nan nan
vn nan nan nan
vn nan nan nan
vn nan nan nan
vn nan nan nan
vn nan nan nan
vn nan nan nan
vn nan nan nan
vn nan nan nan
vn nan nan nan
vn nan nan nan
vn 1.853253 25.574533 0.000000
vn 1.853253 25.574533 0.000000
vn 0.000000 0.000000 0.000000
vn 0.000000 0.000000 0.000000
vn 0.000000 0.000000 0.000000
vn 0.000000 0.000000 0.000000
vn 0.000000 0.000000 0.000000
vn 0.000000 0.000000 0.000000
vn 0.000000 0.000000 0.000000
vn 0.000000 0.000000 0.000000
vn -156.000000 -6.000000 -42.000000
vn -156.000000 -6.000000 -42.000000
vn nan nan nan
vn nan nan nan
vn nan nan nan
vn nan nan nan
vn nan nan nan
vn nan nan nan
vn nan nan nan
vn nan nan nan
vn nan nan nan
vn nan nan nan
vn nan nan nan
vn nan nan nan
vn nan nan nan
vn nan nan nan
vn nan nan nan
vn nan nan nan
vn nan nan nan
vn nan nan nan
vn nan nan nan
vn nan nan nan
vn nan nan nan
vn nan nan nan
vn nan nan nan
vn nan nan nan
vn nan nan nan
vn nan nan nan
vn nan nan nan
vn nan nan nan
vn 0.000000 0.000000 0.000000
vn 0.000000 0.000000 0.000000
vn 0.000000 0.000000 0.000000
vn 0.000000 0.000000 0.000000
vn 0.000000 0.000000 0.000000
vn 0.000000 0.000000 0.000000
vn 0.000000 0.000000 0.000000
vn 0.000000 0.000000 0.000000
vn 0.000000 0.000000 0.000000
vn 0.000000 0.000000 0.000000
vn 0.000000 0.000000 0.000000
vn 0.000000 0.000000 0.000000
vn -191.041260 -151.801697 -7.000000
vn -191.041260 -151.801697 -7.000000
vn nan nan nan
vn nan nan nan
vn nan nan nan
vn nan nan nan
vn nan nan nan
vn nan nan nan
vn nan nan nan
vn nan nan nan
vn nan nan nan
vn nan nan nan
vn nan nan nan
vn nan nan nan
vn nan nan nan
vn nan nan nan
vn nan nan nan
vn nan nan nan
vn nan nan nan
vn nan nan nan
vn nan nan nan
vn nan nan nan
vn nan nan nan
vn nan nan nan
vn nan nan nan
vn nan nan nan
vn nan nan nan
vn nan nan nan
vn nan nan nan
vn nan nan nan
vn 0.000000 -161.716919 -8.963810
vn 0.000000 -161.716919 -8.963810
vn nan nan nan
vn nan nan nan
vn 0.000000 0.000000 0.000000
vn 0.000000 0.000000 0.000000
vn 0.000000 0.000000 0.000000
vn 0.000000 0.000000 0.000000
vn 0.000000 0.000000 0.000000
vn 0.000000 0.000000 0.000000
vn 0.000000 0.000000 0.000000
vn 0.000000 0.000000 0.000000
vn nan nan nan
vn nan nan nan
vn nan nan nan
vn nan nan nan
vn nan nan nan
vn nan nan nan
vn nan nan nan
vn nan nan nan
vn nan nan nan
vn nan nan nan
vn nan nan nan
vn nan nan nan
vn nan nan nan
vn nan nan nan
vn nan nan nan
vn nan nan nan
vn nan nan nan
vn nan nan nan
vn nan nan nan
vn nan nan nan
vn nan nan nan
vn nan nan nan
vn nan nan nan
vn nan nan nan
vn nan nan nan
vn nan nan nan
vn nan nan nan
vn nan nan nan
vn nan nan nan
vn nan nan nan
vn 0.000000 0.000000 0.000000
vn 0.000000 0.000000 0.000000
vn 0.000000 0.000000 0.000000
vn 0.000000 0.000000 0.000000
vn 0.000000 0.000000 0.000000
vn 0.000000 0.000000 0.000000
vn 0.000000 0.000000 0.000000
vn 0.000000 0.000000 0.000000
vn 0.000000 0.000000 0.000000
vn 0.000000 0.000000 0.000000
vn -170.288773 -8.000000 4.382019
vn -170.288773 -8.000000 4.382019
vn nan nan nan
vn nan nan nan
vn nan nan nan
vn nan nan nan
vn nan nan nan
vn nan nan nan
vn nan nan nan
vn nan nan nan
vn nan nan nan
vn nan nan nan
vn nan nan nan
vn nan nan nan
vn nan nan nan
vn nan nan nan
vn nan nan nan
vn nan nan nan
vn nan nan nan
vn nan nan nan
vn nan nan nan
vn nan nan nan
vn nan nan nan
vn nan nan nan
vn nan nan nan
vn nan nan nan
vn nan nan nan
vn nan nan nan
vn nan nan nan
vn nan nan nan
vn 0.000000 0.000000 0.000000
vn 0.000000 0.000000 0.000000
vn 0.000000 0.000000 0.000000
vn 0.000000 0.000000 0.000000
vn 0.000000 0.000000 0.000000
vn 0.000000 0.000000 0.000000
vn 0.000000 0.000000 0.000000
vn 0.000000 0.000000 0.000000
vn 0.000000 0.000000 0.000000
vn 0.000000 0.000000 0.000000
vn 0.000000 0.000000 0.000000
vn 0.000000 0.000000 0.000000
vn -199.135941 66.957993 -8.000000
vn -199.135941 66.957993 -8.000000
vn nan nan nan
vn nan nan nan
vn nan nan nan
vn nan nan nan
vn nan nan nan
vn nan nan nan
vn nan nan nan
vn nan nan nan
vn nan nan nan
vn nan nan nan
vn nan nan nan
vn nan nan nan
vn nan nan nan
vn nan nan nan
vn nan nan nan
vn nan nan nan
vn nan nan nan
vn nan nan nan
vn nan nan nan
vn nan nan nan
vn nan nan nan
vn nan nan nan
vn nan nan nan
vn nan nan nan
vn nan nan nan
vn nan nan nan
vn nan nan nan
vn nan nan nan
vn -198.923294 66.263588 -4.745752
vn -198.923294 66.263588 -4.745752
vn nan 0.000000 0.000000
vn nan 0.000000 0.000000
vn 0.000000 0.000000 0.000000
vn 0.000000 0.000000 0.000000
vn 0.000000 0.000000 0.000000
vn 0.000000 0.000000 0.000000
vn 0.000000 0.000000 0.000000
vn 0.000000 0.000000 0.000000
vn 0.000000 0.000000 77.000000
vn 0.000000 0.000000 77.000000
vn nan nan nan
vn nan nan nan
vn nan nan nan
vn nan nan nan
vn nan nan nan
vn nan nan nan
vn nan nan nan
vn nan nan nan
vn nan nan nan
vn nan nan nan
vn nan nan nan
vn nan nan nan
vn nan nan nan
vn nan nan nan
vn nan nan nan
vn nan nan nan
vn nan nan nan
vn nan nan nan
vn nan nan nan
vn nan nan nan
vn nan nan nan
vn nan nan nan
vn nan nan nan
vn nan nan nan
vn nan nan nan
vn nan nan nan
vn nan nan nan
vn nan nan nan
vn nan nan 0.000000
vn nan nan 0.000000
vn 0.000000 0.000000 0.000000
vn 0.000000 0.000000 0.000000
vn 0.000000 0.000000 0.000000
vn 0.000000 0.000000 0.000000
vn 0.000000 0.000000 0.000000
vn 0.000000 0.000000 0.000000
vn 0.000000 0.000000 0.000000
vn 0.000000 0.000000 0.000000
vn 0.000000 0.000000 0.000000
vn 0.000000 0.000000 0.000000
vn 121.410034 -6.000000 -216.504517
vn 121.410034 -6.000000 -216.504517
vn nan nan nan
vn nan nan nan
vn nan nan nan
vn nan nan nan
vn nan nan nan
vn nan nan nan
vn nan nan nan
vn nan nan nan
vn nan nan nan
vn nan nan nan
vn nan nan nan
vn nan nan nan
vn nan nan nan
vn nan nan nan
vn nan nan nan
vn nan nan nan
vn nan nan nan
vn nan nan nan
vn nan nan nan
vn nan nan nan
vn nan nan nan
vn nan nan nan
vn nan nan nan
vn nan nan nan
vn nan nan nan
vn nan nan nan
vn nan nan nan
vn nan nan nan
vn 0.000000 0.000000 0.000000
vn 0.000000 0.000000 0.000000
vn 0.000000 0.000000 nan
vn 0.000000 0.000000 nan
vn 0.000000 0.000000 0.000000
vn 0.000000 0.000000 0.000000
vn 0.000000 0.000000 0.000000
vn 0.000000 0.000000 0.000000
vn 0.000000 0.000000 0.000000
vn 0.000000 0.000000 0.000000
vn 0.000000 0.000000 0.000000
vn 0.000000 0.000000 0.000000
vn 92.892670 nan nan
vn 92.892670 nan nan
vn nan nan nan
vn nan nan nan
vn nan nan nan
vn nan nan nan
vn nan nan nan
vn nan nan nan
vn nan nan nan
vn nan nan nan
vn nan nan nan
vn nan nan nan
vn nan nan nan
vn nan nan nan
vn nan nan nan
vn nan nan nan
vn nan nan nan
vn nan nan nan
vn nan nan nan
vn nan nan nan
vn nan nan nan
vn nan nan nan
vn nan nan nan
vn nan nan nan
vn nan nan nan
vn nan nan nan
vn nan nan nan
vn nan nan nan
vn nan nan nan
vn nan nan nan
vn 4.748920 0.000000 0.000000
vn 4.748920 0.000000 0.000000
vn 0.000000 0.000000 0.000000
vn 0.000000 0.000000 0.000000
vn 0.000000 0.000000 0.000000
vn 0.000000 0.000000 0.000000
vn 0.000000 0.000000 0.000000
vn 0.000000 0.000000 0.000000
vn 0.000000 0.000000 0.000000
vn 0.000000 0.000000 0.000000
vn -6.000000 20.000000 77.984604
vn -6.000000 20.000000 77.984604
vn nan nan nan
vn nan nan nan
vn nan nan nan
vn nan nan nan
vn nan nan nan
vn nan nan nan
vn nan nan nan
vn nan nan nan
vn nan nan nan
vn nan nan nan
vn nan nan nan
vn nan nan nan
vn nan nan nan
vn nan nan nan
vn nan nan nan
vn nan nan nan
vn nan nan nan
vn nan nan nan
vn nan nan nan
vn nan nan nan
vn nan nan nan
vn nan nan nan
vn nan nan nan
vn nan nan nan
vn nan nan nan
vn nan nan nan
vn nan nan nan
vn nan nan nan
vn 0.000000 0.000000 0.000000
vn 0.000000 0.000000 0.000000
vn 0.000000 0.000000 0.000000
vn 0.000000 0.000000 0.000000
vn 0.000000 0.000000 0.000000
vn 0.000000 0.000000 0.000000
vn 0.000000 0.000000 0.000000
vn 0.000000 0.000000 0.000000
vn 0.000000 0.000000 0.000000
vn 0.000000 0.000000 0.000000
vn 0.000000 0.000000 0.000000
vn 0.000000 0.000000 0.000000
vn 207.938461 -5.000000 205.449539
vn 207.938461 -5.000000 205.449539
vn nan nan nan
vn nan nan nan
vn nan nan nan
vn nan nan nan
vn nan nan nan
vn nan nan nan
vn nan nan nan
vn nan nan nan
vn nan nan nan
vn nan nan nan
vn nan nan nan
vn nan nan nan
vn nan nan nan
vn nan nan nan
vn nan nan nan
vn nan nan nan
vn nan nan nan
vn nan nan nan
vn nan nan nan
vn nan nan nan
vn nan nan nan
vn nan nan nan
vn nan nan nan
vn nan nan nan
vn nan nan nan
vn nan nan nan
vn nan nan nan
vn nan nan nan
vn 70.817642 -8.899115 4.143467
vn 70.817642 -8.899115 4.143467
vn nan nan nan
vn nan nan nan
vn 0.000000 0.000000 0.000000
vn 0.000000 0.000000 0.000000
vn 0.000000 0.000000 0.000000
vn 0.000000 0.000000 0.000000
vn 0.000000 0.000000 0.000000
vn 0.000000 0.000000 0.000000
vn 0.000000 0.000000 0.000000
vn 0.000000 0.000000 0.000000
vn nan nan nan
vn nan nan nan
vn nan nan nan
vn nan nan nan
vn nan nan nan
vn nan nan nan
vn nan nan nan
vn nan nan nan
vn nan nan nan
vn nan nan nan
vn nan nan nan
vn nan nan nan
vn nan nan nan
vn nan nan nan
vn nan nan nan
vn nan nan nan
vn nan nan nan
vn nan nan nan
vn nan nan nan
vn nan nan nan
vn nan nan nan
vn nan nan nan
vn nan nan nan
vn nan nan nan
vn nan nan nan
vn nan nan nan
vn nan nan nan
vn nan nan nan
vn nan nan nan
vn nan nan nan
vn 0.000000 0.000000 0.000000
vn 0.000000 0.000000 0.000000
vn 0.000000 0.000000 0.000000
vn 0.000000 0.000000 0.000000
vn 0.000000 0.000000 0.000000
vn 0.000000 0.000000 0.000000
vn 0.000000 0.000000 0.000000
vn 0.000000 0.000000 0.000000
vn 0.000000 0.000000 0.000000
vn 0.000000 0.000000 0.000000
vn -8.000000 3.790863 70.678802
vn -8.000000 3.790863 70.678802
vn nan nan nan
vn nan nan nan
vn nan nan nan
vn nan nan nan
vn nan nan nan
vn nan nan nan
vn nan nan nan
vn nan nan nan
vn nan nan nan
vn nan nan nan
vn nan nan nan
vn nan nan nan
vn nan nan nan
vn nan nan nan
vn nan nan nan
vn nan nan nan
vn nan nan nan
vn nan nan nan
vn nan nan nan
vn nan nan nan
vn nan nan nan
vn nan nan nan
vn nan nan nan
vn nan nan nan
vn nan nan nan
vn nan nan nan
vn nan nan nan
vn nan nan nan
vn 0.000000 0.000000 0.000000
vn 0.000000 0.000000 0.000000
vn 0.000000 0.000000 0.000000
vn 0.000000 0.000000 0.000000
vn 0.000000 0.000000 0.000000
vn 0.000000 0.000000 0.000000
vn 0.000000 0.000000 0.000000
vn 0.000000 0.000000 0.000000
vn 0.000000 0.000000 0.000000
vn 0.000000 0.000000 0.000000
vn 0.000000 0.000000 0.000000
vn 0.000000 0.000000 0.000000
vn -111.830658 -8.000000 -3.198349
vn -111.830658 -8.000000 -3.198349
vn nan nan nan
vn nan nan nan
vn nan nan nan
vn nan nan nan
vn nan nan nan
vn nan nan nan
vn nan nan nan
vn nan nan nan
vn nan nan nan
vn nan nan nan
vn nan nan nan
vn nan nan nan
vn nan nan nan
vn nan nan nan
vn nan nan nan
vn nan nan nan
vn nan nan nan
vn nan nan nan
vn nan nan nan
vn nan nan nan
vn nan nan nan
vn nan nan nan
vn nan nan nan
vn nan nan nan
vn nan nan nan
vn nan nan nan
vn nan nan nan
vn nan nan nan
vn 12.136833 -3.416634 112.506119
vn 12.136833 -3.416634 112.506119
vn -20.149918 -7.010666 112.646111
vn -20.149918 -7.010666 112.646111
vn -17.324478 -3.941820 112.646111
vn -17.324478 -3.941820 112.646111
vn -15.616749 -4.599065 112.506119
vn -15.616749 -4.599065 112.506119
vn -22.220875 -8.830462 18.348503
vn -22.220875 -8.830462 18.348503
vn -20.146656 -4.601860 112.646103
vn -20.146656 -4.601860 112.646103
vn -28.750378 -8.861099 -2.964644
vn -28.750378 -8.861099 -2.964644
vn -29.013544 -0.587341 10.999063
vn -29.013544 -0.587341 10.999063
vn -46.905525 -4.470074 112.474106
vn -46.905525 -4.470074 112.474106
vn -15.591125 -0.193315 144.884125
vn -15.591125 -0.193315 144.884125
vn -17.324478 -8.911713 112.869568
vn -17.324478 -8.911713 112.869568
vn -17.547913 -8.911713 115.664185
vn -17.547913 -8.911713 115.664185
vn -17.324478 -4.032455 112.646103
vn -17.324478 -4.032455 112.646103
vn -17.547928 -5.182251 115.440674
vn -17.547928 -5.182251 115.440674
vn -17.324478 -4.433827 115.664124
vn -17.324478 -4.433827 115.664124
vn -17.547928 -3.284031 112.869553
vn -17.547928 -3.284031 112.869553
vn -19.924004 -3.538620 112.646507
vn -19.924004 -3.538620 112.646507
vn -13.577026 -4.910812 16.271805
vn -13.577026 -4.910812 16.271805
vn -17.827646 -4.650828 16.548473
vn -17.827646 -4.650828 16.548473
vn -15.749649 6.857388 16.271805
vn -15.749649 6.857388 16.271805
vn -9.766295 2.113427 15.995137
vn -9.766295 2.113427 15.995137
vn -19.832844 5.924564 16.271805
vn -19.832844 5.924564 16.271805
vn -22.119339 -8.911728 113.293739
vn -22.119339 -8.911728 113.293739
vn -22.119339 -0.479937 93.243767
vn -22.119339 -0.479937 93.243767
vn -22.119339 -1.946223 112.835518
vn -22.119339 -1.946223 112.835518
vn -20.149902 -7.010665 112.869568
vn -20.149902 -7.010665 112.869568
vn -19.926453 -7.010665 115.440735
vn -19.926453 -7.010665 115.440735
vn -20.149902 -3.282887 112.646118
vn -20.149902 -3.282887 112.646118
vn -19.926453 -5.181091 115.664124
vn -19.926453 -5.181091 115.664124
vn -20.149902 -4.432667 115.440674
vn -20.149902 -4.432667 115.440674
vn -41.523048 -5.332129 117.884148
vn -41.523048 -5.332129 117.884148
vn -67.484726 -8.373400 99.633873
vn -67.484726 -8.373400 99.633873
vn -67.522705 -7.884366 80.206558
vn -67.522705 -7.884366 80.206558
vn -15.644797 -8.911731 99.546135
vn -15.644797 -8.911731 99.546135
vn -15.620011 -6.759061 112.506119
vn -15.620011 -6.759061 112.506119
vn -28.536171 -4.522619 112.527931
vn -28.536171 -4.522619 112.527931
vn -28.637842 -8.881477 80.129623
vn -28.637842 -8.881477 80.129623
vn -28.660015 -8.877474 67.484085
vn -28.660015 -8.877474 67.484085
vn -15.488455 -7.703828 36.468369
vn -15.488455 -7.703828 36.468369
vn -22.220875 -8.830462 18.348503
vn -22.220875 -8.830462 18.348503
vn -41.723049 -6.418999 3.784664
vn -41.723049 -6.418999 3.784664
vn -28.604782 -8.878544 99.568054
vn -28.604782 -8.878544 99.568054
vn -28.615749 -8.883129 93.088104
vn -28.615749 -8.883129 93.088104
vn -54.647404 -8.883452 11.072098
vn -54.647404 -8.883452 11.072098
vn -22.124790 -8.901946 99.557106
vn -22.124790 -8.901946 99.557106
vn -35.141209 -8.900332 67.484085
vn -35.141209 -8.900332 67.484085
vn -35.031151 -6.590261 112.538696
vn -35.031151 -6.590261 112.538696
vn -48.105011 -8.900173 67.484070
vn -48.105011 -8.900173 67.484070
vn -47.973366 -6.309682 112.558945
vn -47.973366 -6.309682 112.558945
vn -61.071194 -7.881579 67.484055
vn -61.071194 -7.881579 67.484055
vn -60.918354 -5.916573 112.575958
vn -60.918354 -5.916573 112.575958
vn -234168856356553654139367378153589702656.000000 -220814005165077230007071430280568897536.000000 -220814005165077230007071430280568897536.000000
vn -234168856356553654139367378153589702656.000000 -220814005165077230007071430280568897536.000000 -220814005165077230007071430280568897536.000000
vn -302167439687250604234318269395322798080.000000 -235498104634748173663941609161121333248.000000 nan
vn -302167439687250604234318269395322798080.000000 -235498104634748173663941609161121333248.000000 nan
vn -272883250488487042139473901149044604928.000000 -264871435023719784850299225576801566720.000000 -271548809913433987787271139645183754240.000000
vn -272883250488487042139473901149044604928.000000 -264871435023719784850299225576801566720.000000 -271548809913433987787271139645183754240.000000
vn -260868072733741414490350093170716442624.000000 -260868072733741414490350093170716442624.000000 -234168856356553654139367378153589702656.000000
vn -260868072733741414490350093170716442624.000000 -260868072733741414490350093170716442624.000000 -234168856356553654139367378153589702656.000000
vn -234168856356553654139367378153589702656.000000 -234168856356553654139367378153589702656.000000 -260868072733741414490350093170716442624.000000
vn -234168856356553654139367378153589702656.000000 -234168856356553654139367378153589702656.000000 -260868072733741414490350093170716442624.000000
vn -330070559051282316786655221407033589760.000000 -330070559051282316786655221407033589760.000000 -330070559051282316786655221407033589760.000000
vn -330070559051282316786655221407033589760.000000 -330070559051282316786655221407033589760.000000 -330070559051282316786655221407033589760.000000
vn nan nan nan
vn nan nan nan
vn -223493311473719615670074862175451611136.000000 -223493311473719615670074862175451611136.000000 -223493311473719615670074862175451611136.000000
vn -223493311473719615670074862175451611136.000000 -223493311473719615670074862175451611136.000000 -223493311473719615670074862175451611136.000000
vn -235503296931606708491570139657450553344.000000 -235503296931606708491570139657450553344.000000 -235503296931606708491570139657450553344.000000
vn -235503296931606708491570139657450553344.000000 -235503296931606708491570139657450553344.000000 -235503296931606708491570139657450553344.000000
vn -287562137378889847317045125586016534528.000000 nan -312926933463434156967495503046533709824.000000
vn -287562137378889847317045125586016534528.000000 nan -312926933463434156967495503046533709824.000000
vn -300911755708688529318371695068205547520.000000 -306249518008900746727182741083648950272.000000 -259533672723507567441488179561358163968.000000
vn -300911755708688529318371695068205547520.000000 -306249518008900746727182741083648950272.000000 -259533672723507567441488179561358163968.000000
vn -248852935543814994144567133086890852352.000000 -278221053353518466851625795058990579712.000000 -256859578994133320257783702110055956480.000000
vn -248852935543814994144567133086890852352.000000 -278221053353518466851625795058990579712.000000 -256859578994133320257783702110055956480.000000
vn -294098245285714616369514247049191620608.000000 nan nan
vn -294098245285714616369514247049191620608.000000 nan nan
vn nan -322273230068073675912213788017140170752.000000 -298242874558582420613966172060483846144.000000
vn nan -322273230068073675912213788017140170752.000000 -298242874558582420613966172060483846144.000000
vn -267535123876967358727076218088194048000.000000 -271543637898985056611313033096105820160.000000 -275552172203412358147220272051268878336.000000
vn -267535123876967358727076218088194048000.000000 -271543637898985056611313033096105820160.000000 -275552172203412358147220272051268878336.000000
vn -272883270770896645791144325096295890944.000000 nan -243509960664334638256457132627866943488.000000
vn -272883270770896645791144325096295890944.000000 nan -243509960664334638256457132627866943488.000000
vn 0.000000 nan -0.000000
vn 0.000000 nan -0.000000
vn nan -0.000000 0.000000
vn nan -0.000000 0.000000
vn -0.000000 0.000000 0.000000
vn -0.000000 0.000000 0.000000
vn 196008037794292657578046731654791168.000000 0.000000 0.000000
vn 196008037794292657578046731654791168.000000 0.000000 0.000000
vn 0.000000 0.000000 nan
vn 0.000000 0.000000 nan
vn 0.000000 nan -0.000000
vn 0.000000 nan -0.000000
vn nan -0.000000 0.000000
vn nan -0.000000 0.000000
vn -0.000000 0.000000 0.000000
vn -0.000000 0.000000 0.000000
vn 0.000000 0.000000 0.000000
vn 0.000000 0.000000 0.000000
vn 0.000000 0.000000 nan
vn 0.000000 0.000000 nan
vn 0.000000 nan -0.000000
vn 0.000000 nan -0.000000
vn nan -0.000000 0.000000
vn nan -0.000000 0.000000
vn -0.000000 0.000000 0.000000
vn -0.000000 0.000000 0.000000
vn 0.000000 0.000000 0.000000
vn 0.000000 0.000000 0.000000
vn 0.000000 0.000000 nan
vn 0.000000 0.000000 nan
vn 0.000000 nan -0.000000
vn 0.000000 nan -0.000000
vn 0.000000 -0.000000 0.000000
vn 0.000000 -0.000000 0.000000
vn -0.000000 0.000000 0.000000
vn -0.000000 0.000000 0.000000
vn 0.000000 -170141183460469231731687303715884105728.000000 0.000000
vn 0.000000 -170141183460469231731687303715884105728.000000 0.000000
vn 0.000000 0.000000 nan
vn 0.000000 0.000000 nan
vn 0.000000 nan -0.000000
vn 0.000000 nan -0.000000
vn 0.000000 0.000000 0.000000
vn 0.000000 0.000000 0.000000
vn 0.000000 0.000000 nan
vn 0.000000 0.000000 nan
vn 0.000000 nan nan
vn 0.000000 nan nan
vn 0.000000 -0.000000 0.000000
vn 0.000000 -0.000000 0.000000
vn 0.000000 nan nan
vn 0.000000 nan nan
vn nan 0.000000 0.000000
vn nan 0.000000 0.000000
vn nan nan 0.000000
vn nan nan 0.000000
vn 0.000000 0.000000 -13.525864
vn 0.000000 0.000000 -13.525864
vn 6.394791 16.295517 182.041672
vn 6.394791 16.295517 182.041672
vn 0.000000 0.000000 -21.439041
vn 0.000000 0.000000 -21.439041
vn -0.283890 10.898819 182.041672
vn -0.283890 10.898819 182.041672
vn 0.000000 0.000000 -29.321899
vn 0.000000 0.000000 -29.321899
vn -2.050491 133.348434 182.041672
vn -2.050491 133.348434 182.041672
vn 0.000000 0.000000 -38.216110
vn 0.000000 0.000000 -38.216110
vn -5.504486 11.073166 182.041672
vn -5.504486 11.073166 182.041672
vn 0.000000 0.000000 -39.209457
vn 0.000000 0.000000 -39.209457
vn -7.091446 11.073166 182.041672
vn -7.091446 11.073166 182.041672
vn 0.000000 0.000000 -47.119507
vn 0.000000 0.000000 -47.119507
vn -7.754791 11.073166 182.041672
vn -7.754791 11.073166 182.041672
vn 0.000000 0.000000 -53.052048
vn 0.000000 0.000000 -53.052048
vn -4.054306 120.277664 182.041672
vn -4.054306 120.277664 182.041672
vn 0.000000 0.000000 -58.984589
vn 0.000000 0.000000 -58.984589
vn 0.000000 0.000000 0.000000
vn 0.000000 0.000000 0.000000
vn 0.000000 0.000000 0.000000
vn 0.000000 0.000000 0.000000
vn 0.000000 0.000000 0.000000
vn 0.000000 0.000000 0.000000
vn 0.000000 0.000000 0.000000
vn 0.000000 0.000000 0.000000
vn 0.000000 0.000000 0.000000
vn 0.000000 0.000000 0.000000
vn 0.000000 0.000000 0.000000
vn 0.000000 0.000000 0.000000
vn 0.000000 0.000000 0.000000
vn 0.000000 0.000000 0.000000
vn 0.000000 0.000000 0.000000
vn 0.000000 0.000000 0.000000
vn 0.000000 0.000000 0.000000
vn 0.000000 0.000000 0.000000
vn 0.000000 0.000000 0.000000
vn 0.000000 0.000000 0.000000
vn 0.000000 0.000000 0.000000
vn 0.000000 0.000000 0.000000
vn 0.000000 0.000000 0.000000
vn 0.000000 0.000000 0.000000
vn 0.000000 0.000000 0.000000
vn 0.000000 0.000000 0.000000
vn 0.000000 0.000000 0.000000
vn 0.000000 0.000000 0.000000
vn 0.000000 0.000000 0.000000
vn 0.000000 0.000000 0.000000
vn 0.000000 0.000000 0.000000
vn 0.000000 0.000000 0.000000
vn 0.000000 0.000000 0.000000
vn 0.000000 0.000000 0.000000
vn 0.000000 0.000000 0.000000
vn 0.000000 0.000000 0.000000
vn 0.000000 0.000000 0.000000
vn 0.000000 0.000000 0.000000
vn 0.000000 0.000000 0.000000
vn 0.000000 0.000000 0.000000
vn 0.000000 0.000000 0.000000
vn 0.000000 0.000000 0.000000
vn 0.000000 0.000000 0.000000
vn 0.000000 0.000000 0.000000
vn 0.000000 0.000000 0.000000
vn 0.000000 0.000000 0.000000
vn 0.000000 0.000000 0.000000
vn 0.000000 0.000000 0.000000
vn 0.000000 0.000000 0.000000
vn 0.000000 0.000000 0.000000
vn 0.000000 0.000000 0.000000
vn 0.000000 0.000000 0.000000
vn 0.000000 0.000000 0.000000
vn 0.000000 0.000000 0.000000
vn 0.000000 0.000000 0.000000
vn 0.000000 0.000000 0.000000
vn 0.000000 0.000000 0.000000
vn 0.000000 0.000000 0.000000
vn 0.000000 0.000000 0.000000
vn 0.000000 0.000000 0.000000
vn 0.000000 0.000000 0.000000
vn 0.000000 0.000000 0.000000
vn 0.000000 0.000000 0.000000
vn 0.000000 0.000000 0.000000
vn 0.000000 0.000000 0.000000
vn 0.000000 0.000000 0.000000
vn 0.000000 0.000000 0.000000
vn 0.000000 0.000000 0.000000
vn 0.000000 0.000000 0.000000
vn 0.000000 0.000000 0.000000
vn 0.000000 0.000000 0.000000
vn 0.000000 0.000000 0.000000
vn 0.000000 0.000000 0.000000
vn 0.000000 0.000000 0.000000
vn 0.000000 0.000000 0.000000
vn 0.000000 0.000000 0.000000
vn 0.000000 0.000000 0.000000
vn 0.000000 0.000000 0.000000
vn 0.000000 0.000000 0.000000
vn 0.000000 0.000000 0.000000
vn 0.000000 0.000000 0.000000
vn 0.000000 0.000000 0.000000
vn 0.000000 0.000000 0.000000
vn 0.000000 0.000000 0.000000
vn 0.000000 0.000000 0.000000
vn 0.000000 0.000000 0.000000
vn 0.000000 0.000000 0.000000
vn 0.000000 0.000000 0.000000
vn 0.000000 0.000000 0.000000
vn 0.000000 0.000000 0.000000
vn 0.000000 0.000000 0.000000
vn 0.000000 0.000000 0.000000
vn 0.000000 0.000000 0.000000
vn 0.000000 0.000000 0.000000
vn 0.000000 0.000000 0.000000
vn 0.000000 0.000000 0.000000
vn 0.000000 0.000000 0.000000
vn 0.000000 0.000000 0.000000
vn 0.000000 0.000000 0.000000
vn 0.000000 0.000000 0.000000
vn 0.000000 0.000000 0.000000
vn 0.000000 0.000000 0.000000
vn 0.000000 0.000000 0.000000
vn 0.000000 0.000000 0.000000
vn 0.000000 0.000000 0.000000
vn 0.000000 0.000000 0.000000
vn 0.000000 0.000000 0.000000
vn 0.000000 0.000000 0.000000
vn 0.000000 0.000000 0.000000
vn 0.000000 0.000000 0.000000
vn 0.000000 0.000000 0.000000
vn 0.000000 0.000000 0.000000
vn 0.000000 0.000000 0.000000
vn 0.000000 0.000000 0.000000
vn 0.000000 0.000000 0.000000
vn 0.000000 0.000000 0.000000
vn 0.000000 0.000000 0.000000
vn 0.000000 0.000000 0.000000
vn 0.000000 0.000000 0.000000
vn 0.000000 0.000000 0.000000
vn 0.000000 0.000000 0.000000
vn 0.000000 0.000000 0.000000
vn 0.000000 0.000000 0.000000
vn 0.000000 0.000000 0.000000
vn 0.000000 0.000000 0.000000
vn 0.000000 0.000000 0.000000
vn 0.000000 0.000000 0.000000
vn 0.000000 0.000000 0.000000
vn 0.000000 0.000000 0.000000
vn 0.000000 0.000000 0.000000
vn 0.000000 0.000000 0.000000
vn 0.000000 0.000000 0.000000
vn 0.000000 0.000000 0.000000
vn 0.000000 0.000000 0.000000
vn 0.000000 0.000000 0.000000
vn 0.000000 0.000000 0.000000
vn 0.000000 0.000000 0.000000
vn 0.000000 0.000000 0.000000
vn 0.000000 0.000000 0.000000
vn 0.000000 0.000000 0.000000
vn 0.000000 0.000000 0.000000
vn 0.000000 0.000000 0.000000
vn 0.000000 0.000000 0.000000
vn 0.000000 0.000000 0.000000
vn 0.000000 0.000000 0.000000
vn 0.000000 0.000000 0.000000
vn 0.000000 0.000000 0.000000
vn 0.000000 0.000000 0.000000
vn 0.000000 0.000000 0.000000
vn 0.000000 0.000000 0.000000
vn 0.000000 0.000000 0.000000
vn 0.000000 0.000000 0.000000
vn 0.000000 0.000000 0.000000
vn 0.000000 0.000000 0.000000
vn 0.000000 0.000000 0.000000
vn 0.000000 0.000000 0.000000
vn 0.000000 0.000000 0.000000
vn 0.000000 0.000000 0.000000
vn 0.000000 0.000000 0.000000
vn 0.000000 0.000000 0.000000
vn 0.000000 0.000000 0.000000
vn 0.000000 0.000000 0.000000
vn 0.000000 0.000000 0.000000
vn 0.000000 0.000000 0.000000
vn 0.000000 0.000000 0.000000
vn 0.000000 0.000000 0.000000
vn 0.000000 0.000000 0.000000
vn 0.000000 0.000000 0.000000
vn 0.000000 0.000000 0.000000
vn 0.000000 0.000000 0.000000
vn 0.000000 0.000000 0.000000
vn 0.000000 0.000000 0.000000
vn 0.000000 0.000000 0.000000
vn 0.000000 0.000000 0.000000
vn 0.000000 0.000000 0.000000
vn 0.000000 0.000000 0.000000
vn 0.000000 0.000000 0.000000
vn 0.000000 0.000000 0.000000
vn 0.000000 0.000000 0.000000
vn 0.000000 0.000000 0.000000
vn 0.000000 0.000000 0.000000
vn 0.000000 0.000000 0.000000
vn 0.000000 0.000000 0.000000
vn 0.000000 0.000000 0.000000
vn 0.000000 0.000000 0.000000
vn 0.000000 0.000000 0.000000
vn 0.000000 0.000000 0.000000
vn 0.000000 0.000000 0.000000
vn 0.000000 0.000000 0.000000
vn 0.000000 0.000000 0.000000
vn 0.000000 0.000000 0.000000
vn 0.000000 0.000000 0.000000
vn 0.000000 0.000000 0.000000
vn 0.000000 0.000000 0.000000
vn 0.000000 0.000000 0.000000
vn 0.000000 0.000000 0.000000
vn 0.000000 0.000000 0.000000
vn 0.000000 0.000000 0.000000
vn 0.000000 0.000000 0.000000
vn 0.000000 0.000000 0.000000
vn 0.000000 0.000000 0.000000
vn 0.000000 0.000000 0.000000
vn 0.000000 0.000000 0.000000
vn 0.000000 0.000000 0.000000
vn 0.000000 0.000000 0.000000
vn 0.000000 0.000000 0.000000
vn 0.000000 0.000000 0.000000
vn 0.000000 0.000000 0.000000
vn 0.000000 0.000000 0.000000
vn 0.000000 0.000000 0.000000
vn 0.000000 0.000000 0.000000
vn 0.000000 0.000000 0.000000
vn 0.000000 0.000000 0.000000
vn 0.000000 0.000000 0.000000
vn 0.000000 0.000000 0.000000
vn 0.000000 0.000000 0.000000
vn -8.911728 86.413940 0.000000
vn -8.911728 86.413940 0.000000
vn 0.000000 0.000000 0.000000
vn 0.000000 0.000000 0.000000
vn 8.737927 0.000006 0.000000
vn 8.737927 0.000006 0.000000
vn 0.000000 0.000000 0.000000
vn 0.000000 0.000000 0.000000
vn 0.000000 -0.100000 0.000000
vn 0.000000 -0.100000 0.000000
vn 0.100000 0.100000 3.068787
vn 0.100000 0.100000 3.068787
vn 0.000000 0.000000 0.000000
vn 0.000000 0.000000 0.000000
vn -73.990799 -5.389026 113.005409
vn -73.990799 -5.389026 113.005409
vn -86.871689 -4.899175 113.258423
vn -86.871689 -4.899175 113.258423
vn -93.860489 -6.684612 113.214523
vn -93.860489 -6.684612 113.214523
vn -89.081291 24.581020 139.137299
vn -89.081291 24.581020 139.137299
vn -94.481277 -7.815781 139.440063
vn -94.481277 -7.815781 139.440063
vn -138.079910 -1.788706 106.388931
vn -138.079910 -1.788706 106.388931
vn -123.481071 -4.992680 110.337997
vn -123.481071 -4.992680 110.337997
vn -100.964653 -2.012765 112.866486
vn -100.964653 -2.012765 112.866486
vn -89.736748 22.964094 138.846664
vn -89.736748 22.964094 138.846664
vn -88.006447 22.460331 140.452118
vn -88.006447 22.460331 140.452118
vn -89.016975 22.459854 136.919785
vn -89.016975 22.459854 136.919785
vn -97.974403 25.064417 139.141495
vn -97.974403 25.064417 139.141495
vn -98.248085 22.460331 140.714050
vn -98.248085 22.460331 140.714050
vn -95.549011 24.560173 141.432205
vn -95.549011 24.560173 141.432205
vn -92.056549 24.276796 139.142807
vn -92.056549 24.276796 139.142807
vn -97.976532 25.064419 138.598633
vn -97.976532 25.064419 138.598633
vn -97.244827 23.772554 136.528900
vn -97.244827 23.772554 136.528900
vn -92.724724 24.560175 136.155121
vn -92.724724 24.560175 136.155121
vn -94.467621 22.964096 138.912445
vn -94.467621 22.964096 138.912445
vn -95.544479 22.460331 136.812027
vn -95.544479 22.460331 136.812027
vn -99.918266 22.459854 136.919785
vn -99.918266 22.459854 136.919785
vn -100.388657 25.064413 138.951126
vn -100.388657 25.064413 138.951126
vn -100.931259 22.460329 140.452271
vn -100.931259 22.460329 140.452271
vn -73.941879 -6.683104 144.884201
vn -73.941879 -6.683104 144.884201
vn -78.578644 -4.045983 126.056625
vn -78.578644 -4.045983 126.056625
vn -118.896263 -7.113855 95.433121
vn -118.896263 -7.113855 95.433121
vn -117.008476 -7.987244 89.296036
vn -117.008476 -7.987244 89.296036
vn -94.725128 -8.878581 4.001861
vn -94.725128 -8.878581 4.001861
vn -73.942810 -7.580948 112.587723
vn -73.942810 -7.580948 112.587723
vn -67.310768 -3.525250 112.582542
vn -67.310768 -3.525250 112.582542
vn -92.965485 -8.910711 86.722328
vn -92.965485 -8.910711 86.722328
vn -67.586975 -8.904260 54.848522
vn -67.586975 -8.904260 54.848522
vn -91.795685 -8.878602 3.783264
vn -91.795685 -8.878602 3.783264
vn -91.795685 -8.878602 3.783264
vn -91.795685 -8.878602 3.783264
vn -108.594727 -5.915545 112.437187
vn -108.594727 -5.915545 112.437187
vn -80.526367 -8.859236 67.484047
vn -80.526367 -8.859236 67.484047
vn -103.252449 -8.884951 79.063232
vn -103.252449 -8.884951 79.063232
vn -73.856483 -8.850429 38.146534
vn -73.856483 -8.850429 38.146534
vn -73.953766 -7.913663 106.116287
vn -73.953766 -7.913663 106.116287
vn -86.897423 -8.911722 86.741394
vn -86.897423 -8.911722 86.741394
vn -93.419365 -8.878608 10.621469
vn -93.419365 -8.878608 10.621469
vn -99.253021 -8.278343 92.805473
vn -99.253021 -8.278343 92.805473
vn -105.378639 -6.319956 201.390381
vn -105.378639 -6.319956 201.390381
vn -109.713974 -8.879890 84.600395
vn -109.713974 -8.879890 84.600395
vn -121.605042 -5.472558 151.180130
vn -121.605042 -5.472558 151.180130
vn nan nan nan
vn nan nan nan
vn -332953967247766249209134834491607482368.000000 nan -338291729547978466617945880507050885120.000000
vn -332953967247766249209134834491607482368.000000 nan -338291729547978466617945880507050885120.000000
vn nan nan nan
vn nan nan nan
vn nan nan -330285065815250536853058887536634494976.000000
vn nan nan -330285065815250536853058887536634494976.000000
vn nan nan nan
vn nan nan nan
vn nan nan nan
vn nan nan nan
vn nan nan nan
vn nan nan nan
vn nan nan nan
vn nan nan nan
vn nan nan -307583978866363404731055926534761086976.000000
vn nan nan -307583978866363404731055926534761086976.000000
vn nan nan nan
vn nan nan nan
vn -243509960664334638256457132627866943488.000000 nan -331614334375854660029303542491417411584.000000
vn -243509960664334638256457132627866943488.000000 nan -331614334375854660029303542491417411584.000000
vn -279555514210981124855498980510102716416.000000 -248852935543814994144567133086890852352.000000 -243509960664334638256457132627866943488.000000
vn -279555514210981124855498980510102716416.000000 -248852935543814994144567133086890852352.000000 -243509960664334638256457132627866943488.000000
vn -243509960664334638256457132627866943488.000000 -243509960664334638256457132627866943488.000000 -248852935543814994144567133086890852352.000000
vn -243509960664334638256457132627866943488.000000 -243509960664334638256457132627866943488.000000 -248852935543814994144567133086890852352.000000
vn nan nan nan
vn nan nan nan
vn -272883291053306249442814749043547176960.000000 0.000000 0.000000
vn -272883291053306249442814749043547176960.000000 0.000000 0.000000
vn 0.000000 0.000000 96319489908949481580515520709058887680.000000
vn 0.000000 0.000000 96319489908949481580515520709058887680.000000
vn 0.000000 nan -0.000000
vn 0.000000 nan -0.000000
vn nan -0.000000 0.000000
vn nan -0.000000 0.000000
vn -0.000000 0.000000 0.000000
vn -0.000000 0.000000 0.000000
vn 0.000000 0.000000 0.000000
vn 0.000000 0.000000 0.000000
vn 0.000000 0.000000 nan
vn 0.000000 0.000000 nan
vn 0.000000 nan -0.000000
vn 0.000000 nan -0.000000
vn nan -0.000000 0.000000
vn nan -0.000000 0.000000
vn -0.000000 nan 0.000000
vn -0.000000 nan 0.000000
vn -158192724692114816252423070220661293056.000000 -170141183460469231731687303715884105728.000000 0.000000
vn -158192724692114816252423070220661293056.000000 -170141183460469231731687303715884105728.000000 0.000000
vn 0.000000 0.000000 nan
vn 0.000000 0.000000 nan
vn 0.000000 293779872302166096098869547045755027456.000000 -0.000000
vn 0.000000 293779872302166096098869547045755027456.000000 -0.000000
vn nan -0.000000 -157625986957967360.000000
vn nan -0.000000 -157625986957967360.000000
vn -0.000000 -109557693476756154328572493824.000000 0.000000
vn -0.000000 -109557693476756154328572493824.000000 0.000000
vn -66235440052081356802778726400.000000 0.000000 0.000000
vn -66235440052081356802778726400.000000 0.000000 0.000000
vn 0.000000 0.000000 nan
vn 0.000000 0.000000 nan
vn 0.000000 180801050040679647459742108468778106880.000000 -0.000000
vn 0.000000 180801050040679647459742108468778106880.000000 -0.000000
vn 155543304514023411325789324600548524032.000000 -0.000000 -2248391671390597319477088485376.000000
vn 155543304514023411325789324600548524032.000000 -0.000000 -2248391671390597319477088485376.000000
vn -0.000000 -2449958197289549824.000000 0.000000
vn -0.000000 -2449958197289549824.000000 0.000000
vn -5260721135233794048.000000 0.000000 0.000000
vn -5260721135233794048.000000 0.000000 0.000000
vn nan nan 0.000000
vn nan nan 0.000000
vn nan 0.000000 0.000000
vn nan 0.000000 0.000000
vn nan nan 0.000000
vn nan nan 0.000000
vn 0.000000 -69.690399 -8.756897
vn 0.000000 -69.690399 -8.756897
vn 11.073181 182.041672 0.000000
vn 11.073181 182.041672 0.000000
vn 0.000000 -97.386703 23.780685
vn 0.000000 -97.386703 23.780685
vn 136.477097 182.041672 0.000000
vn 136.477097 182.041672 0.000000
vn 0.000000 0.000000 0.000000
vn 0.000000 0.000000 0.000000
vn 0.000000 0.000000 0.000000
vn 0.000000 0.000000 0.000000
vn 0.000000 0.000000 0.000000
vn 0.000000 0.000000 0.000000
vn 0.000000 0.000000 0.000000
vn 0.000000 0.000000 0.000000
vn 0.000000 0.000000 0.000000
vn 0.000000 0.000000 0.000000
vn 0.000000 0.000000 0.000000
vn 0.000000 0.000000 0.000000
vn 0.000000 0.000000 0.000000
vn 0.000000 0.000000 0.000000
vn 0.000000 0.000000 0.000000
vn 0.000000 0.000000 0.000000
vn 0.000000 0.000000 0.000000
vn 0.000000 0.000000 0.000000
vn 0.000000 0.000000 0.000000
vn 0.000000 0.000000 0.000000
vn 0.000000 0.000000 0.000000
vn 0.000000 0.000000 0.000000
vn 0.000000 0.000000 0.000000
vn 0.000000 0.000000 0.000000
vn 0.000000 0.000000 0.000000
vn 0.000000 0.000000 0.000000
vn 0.000000 0.000000 0.000000
vn 0.000000 0.000000 0.000000
vn 0.000000 0.000000 0.000000
vn 0.000000 0.000000 0.000000
vn 0.000000 0.000000 0.000000
vn 0.000000 0.000000 0.000000
vn 0.000000 0.000000 0.000000
vn 0.000000 0.000000 0.000000
vn 0.000000 0.000000 0.000000
vn 0.000000 0.000000 0.000000
vn 0.000000 0.000000 0.000000
vn 0.000000 0.000000 0.000000
vn 0.000000 0.000000 0.000000
vn 0.000000 0.000000 0.000000
vn 0.000000 0.000000 0.000000
vn 0.000000 0.000000 0.000000
vn 0.000000 0.000000 0.000000
vn 0.000000 0.000000 0.000000
vn 0.000000 0.000000 0.000000
vn 0.000000 0.000000 0.000000
vn 0.000000 0.000000 0.000000
vn 0.000000 0.000000 0.000000
vn 0.000000 0.000000 0.000000
vn 0.000000 0.000000 0.000000
vn 0.000000 0.000000 0.000000
vn 0.000000 0.000000 0.000000
vn 0.000000 0.000000 0.000000
vn 0.000000 0.000000 0.000000
vn 0.000000 0.000000 0.000000
vn 0.000000 0.000000 0.000000
vn 0.000000 0.000000 0.000000
vn 0.000000 0.000000 0.000000
vn 0.000000 0.000000 0.000000
vn 0.000000 0.000000 0.000000
vn 0.000000 0.000000 0.000000
vn 0.000000 0.000000 0.000000
vn 0.000000 0.000000 0.000000
vn 0.000000 0.000000 0.000000
vn 0.000000 0.000000 0.000000
vn 0.000000 0.000000 0.000000
vn 0.000000 0.000000 0.000000
vn 0.000000 0.000000 0.000000
vn 0.000000 0.000000 0.000000
vn 0.000000 0.000000 0.000000
vn 0.000000 0.000000 0.000000
vn 0.000000 0.000000 0.000000
vn 0.000000 0.000000 0.000000
vn 0.000000 0.000000 0.000000
vn 0.000000 0.000000 0.000000
vn 0.000000 0.000000 0.000000
vn 0.000000 0.000000 0.000000
vn 0.000000 0.000000 0.000000
vn 0.000000 0.000000 0.000000
vn 0.000000 0.000000 0.000000
vn 0.000000 0.000000 0.000000
vn 0.000000 0.000000 0.000000
vn 0.000000 0.000000 0.000000
vn 0.000000 0.000000 0.000000
vn 0.000000 0.000000 0.000000
vn 0.000000 0.000000 0.000000
vn 0.000000 0.000000 0.000000
vn 0.000000 0.000000 0.000000
vn 0.000000 0.000000 0.000000
vn 0.000000 0.000000 0.000000
vn 0.000000 0.000000 0.000000
vn 0.000000 0.000000 0.000000
vn 0.000000 0.000000 0.000000
vn 0.000000 0.000000 0.000000
vn 0.000000 0.000000 0.000000
vn 0.000000 0.000000 0.000000
vn 0.000000 0.000000 0.000000
vn 0.000000 0.000000 0.000000
vn 0.000000 0.000000 0.000000
vn 0.000000 0.000000 0.000000
vn 0.000000 0.000000 0.000000
vn 0.000000 0.000000 0.000000
vn 0.000000 0.000000 0.000000
vn 0.000000 0.000000 0.000000
vn 0.000000 0.000000 0.000000
vn 0.000000 0.000000 0.000000
vn 0.000000 0.000000 0.000000
vn 0.000000 0.000000 0.000000
vn 0.000000 0.000000 0.000000
vn 0.000000 0.000000 0.000000
vn 0.000000 0.000000 0.000000
vn 0.000000 0.000000 0.000000
vn 0.000000 0.000000 0.000000
vn 0.000000 0.000000 0.000000
vn 0.000000 0.000000 0.000000
vn 0.000000 0.000000 0.000000
vn 0.000000 0.000000 0.000000
vn 0.000000 0.000000 0.000000
vn 0.000000 0.000000 0.000000
vn 0.000000 0.000000 0.000000
vn 0.000000 0.000000 0.000000
vn 0.000000 0.000000 0.000000
vn 0.000000 0.000000 0.000000
vn 0.000000 0.000000 0.000000
vn 0.000000 0.000000 0.000000
vn 0.000000 0.000000 0.000000
vn 0.000000 0.000000 0.000000
vn 0.000000 0.000000 0.000000
vn 0.000000 0.000000 0.000000
vn 0.000000 0.000000 0.000000
vn 0.000000 0.000000 0.000000
vn 0.000000 0.000000 0.000000
vn 0.000000 0.000000 0.000000
vn 0.000000 0.000000 0.000000
vn 0.000000 0.000000 0.000000
vn 0.000000 0.000000 0.000000
vn 0.000000 0.000000 0.000000
vn 0.000000 0.000000 0.000000
vn 0.000000 0.000000 -0.000000
vn 0.000000 0.000000 -0.000000
vn 0.000000 0.000000 0.000000
vn 0.000000 0.000000 0.000000
vn 0.000000 0.000000 0.000000
vn 0.000000 0.000000 0.000000
vn 0.000000 0.000000 0.000000
vn 0.000000 0.000000 0.000000
vn 0.000000 0.000000 0.000000
vn 0.000000 0.000000 0.000000
vn 0.000000 0.000000 0.000000
vn 0.000000 0.000000 0.000000
vn 0.000000 0.000000 0.000000
vn 0.000000 0.000000 0.000000
vn 0.000000 0.000000 0.000000
vn 0.000000 0.000000 0.000000
vn 0.000000 0.000000 0.000000
vn 0.000000 0.000000 0.000000
vn 0.000000 0.000000 0.000000
vn 0.000000 0.000000 0.000000
vn 0.000000 0.000000 -0.000000
vn 0.000000 0.000000 -0.000000
vn 0.000000 0.000000 0.000000
vn 0.000000 0.000000 0.000000
vn 0.000000 0.000000 0.000000
vn 0.000000 0.000000 0.000000
vn 0.000000 0.000000 0.000000
vn 0.000000 0.000000 0.000000
vn 0.000000 0.000000 0.000000
vn 0.000000 0.000000 0.000000
vn 0.000000 0.000000 -0.000000
vn 0.000000 0.000000 -0.000000
vn 0.000000 0.000000 0.000000
vn 0.000000 0.000000 0.000000
vn 0.000000 0.000000 0.000000
vn 0.000000 0.000000 0.000000
vn 0.000000 0.000000 0.000000
vn 0.000000 0.000000 0.000000
vn 0.000000 0.000000 0.000000
vn 0.000000 0.000000 0.000000
vn 0.000000 0.000000 -0.000000
vn 0.000000 0.000000 -0.000000
vn 0.000000 0.000000 0.000000
vn 0.000000 0.000000 0.000000
vn 0.000000 0.000000 0.000000
vn 0.000000 0.000000 0.000000
vn 0.000000 0.000000 0.000000
vn 0.000000 0.000000 0.000000
vn 2.128150 110.077164 -146.112564
vn 2.128150 110.077164 -146.112564
vn 1.998581 110.273621 -147.197235
vn 1.998581 110.273621 -147.197235
vn 8.207419 108.188232 -147.197235
vn 8.207419 108.188232 -147.197235
vn 8.201124 108.232506 -146.672211
vn 8.201124 108.232506 -146.672211
vn 8.044189 103.588287 -154.852844
vn 8.044189 103.588287 -154.852844
vn 8.038153 103.546494 -154.100128
vn 8.038153 103.546494 -154.100128
vn 7.956172 103.249092 -154.133163
vn 7.956172 103.249092 -154.133163
vn 1.261047 96.645554 -167.286911
vn 1.261047 96.645554 -167.286911
vn 9.771667 93.800705 -168.150040
vn 9.771667 93.800705 -168.150040
vn 9.765647 93.747490 -167.236832
vn 9.765647 93.747490 -167.236832
vn 9.683665 93.518204 -167.208069
vn 9.683665 93.518204 -167.208069
vn 3.772236 82.047546 -177.728104
vn 3.772236 82.047546 -177.728104
vn 0.521065 92.208359 -165.816467
vn 0.521065 92.208359 -165.816467
vn -2.791665 100.310623 -145.135895
vn -2.791665 100.310623 -145.135895
vn 3.726059 95.865761 -167.437271
vn 3.726059 95.865761 -167.437271
vn 3.855659 88.381004 -174.183105
vn 3.855659 88.381004 -174.183105
vn 9.676421 87.736374 -174.244370
vn 9.676421 87.736374 -174.244370
vn 9.555969 87.658730 -173.832031
vn 9.555969 87.658730 -173.832031
vn -5.260773 170.240311 -142.144012
vn -5.260773 170.240311 -142.144012
vn 9.482040 167.411774 -151.945129
vn 9.482040 167.411774 -151.945129
vn 8.336563 111.159256 -157.499573
vn 8.336563 111.159256 -157.499573
vn 2.022915 109.754875 -148.870667
vn 2.022915 109.754875 -148.870667
vn 2.022915 106.323395 -155.085999
vn 2.022915 106.323395 -155.085999
vn 3.750410 95.486389 -169.353912
vn 3.750410 95.486389 -169.353912
vn -1.064178 95.054550 -172.682037
vn -1.064178 95.054550 -172.682037
vn 10.064056 96.818504 -177.572556
vn 10.064056 96.818504 -177.572556
vn 3.750410 90.164009 -175.451981
vn 3.750410 90.164009 -175.451981
vn -4.112501 71.898010 -171.337784
vn -4.112501 71.898010 -171.337784
vn -8.632557 59.318169 -147.617203
vn -8.632557 59.318169 -147.617203
vn -7.113855 95.433121 -142.313980
vn -7.113855 95.433121 -142.313980
vn -4.992680 110.337997 -158.357681
vn -4.992680 110.337997 -158.357681
vn -7.548538 79.166794 -117.008476
vn -7.548538 79.166794 -117.008476
vn -8.884926 64.694633 -118.963547
vn -8.884926 64.694633 -118.963547
vn -8.878579 4.276937 -94.725128
vn -8.878579 4.276937 -94.725128
vn -3.936500 144.135132 -175.302200
vn -3.936500 144.135132 -175.302200
vn -1.626672 124.476639 -231.187042
vn -1.626672 124.476639 -231.187042
vn -8.884890 34.578579 -97.897598
vn -8.884890 34.578579 -97.897598
vn -8.884808 42.455948 -113.827118
vn -8.884808 42.455948 -113.827118
vn -8.884908 51.213108 -114.168663
vn -8.884908 51.213108 -114.168663
vn -5.008850 105.274300 -130.888199
vn -5.008850 105.274300 -130.888199
vn -8.884871 33.504219 -116.083282
vn -8.884871 33.504219 -116.083282
vn -5.412359 93.435707 -142.901520
vn -5.412359 93.435707 -142.901520
vn -8.878578 4.356627 -112.147224
vn -8.878578 4.356627 -112.147224
vn -6.153141 80.833084 -151.426453
vn -6.153141 80.833084 -151.426453
vn -8.878604 8.064214 -100.909302
vn -8.878604 8.064214 -100.909302
vn -7.225496 67.887108 -157.464478
vn -7.225496 67.887108 -157.464478
vn -1.064190 158.440887 -220814005165077230007071430280568897536.000000
vn -1.064190 158.440887 -220814005165077230007071430280568897536.000000
vn nan nan nan
vn nan nan nan
vn -339626149840621917318478218063660449792.000000 -339626149840621917318478218063660449792.000000 -339626149840621917318478218063660449792.000000
vn -339626149840621917318478218063660449792.000000 -339626149840621917318478218063660449792.000000 -339626149840621917318478218063660449792.000000
vn -263536974166257126846426040125689430016.000000 -266205835033953631899161139186159845376.000000 -263536974166257126846426040125689430016.000000
vn -263536974166257126846426040125689430016.000000 -266205835033953631899161139186159845376.000000 -263536974166257126846426040125689430016.000000
vn -236837757789069366495443325108562690048.000000 -244849613818655831087958848575308300288.000000 -244849613818655831087958848575308300288.000000
vn -236837757789069366495443325108562690048.000000 -244849613818655831087958848575308300288.000000 -244849613818655831087958848575308300288.000000
vn -260862880436882879662721562674387222528.000000 -220814005165077230007071430280568897536.000000 -240841059231818925900381185672893956096.000000
vn -260862880436882879662721562674387222528.000000 -220814005165077230007071430280568897536.000000 -240841059231818925900381185672893956096.000000
vn -243509960664334638256457132627866943488.000000 -243509960664334638256457132627866943488.000000 -243515132678783569432415239176944877568.000000
vn -243509960664334638256457132627866943488.000000 -243509960664334638256457132627866943488.000000 -243515132678783569432415239176944877568.000000
vn -220814005165077230007071430280568897536.000000 -220814005165077230007071430280568897536.000000 -283558815653730684260436841074433982464.000000
vn -220814005165077230007071430280568897536.000000 -220814005165077230007071430280568897536.000000 -283558815653730684260436841074433982464.000000
vn -243515132678783569432415239176944877568.000000 -242180692103730515080212477673084026880.000000 -242180692103730515080212477673084026880.000000
vn -243515132678783569432415239176944877568.000000 -242180692103730515080212477673084026880.000000 -242180692103730515080212477673084026880.000000
vn -231499954924037941783291431198616715264.000000 -244844380956978088956989470184476508160.000000 -244844380956978088956989470184476508160.000000
vn -231499954924037941783291431198616715264.000000 -244844380956978088956989470184476508160.000000 -244844380956978088956989470184476508160.000000
vn -290231018528995956021450648593738235904.000000 -290231018528995956021450648593738235904.000000 nan
vn -290231018528995956021450648593738235904.000000 -290231018528995956021450648593738235904.000000 nan
vn -256859578994133320257783702110055956480.000000 -272878098756447714615186218547217956864.000000 -243509960664334638256457132627866943488.000000
vn -256859578994133320257783702110055956480.000000 -272878098756447714615186218547217956864.000000 -243509960664334638256457132627866943488.000000
vn -238172198364122420847646086612423540736.000000 -328945432943338947673227595536444424192.000000 -316930255188593320024103787558116261888.000000
vn -238172198364122420847646086612423540736.000000 -328945432943338947673227595536444424192.000000 -316930255188593320024103787558116261888.000000
vn -296908454265938969913433834503874281472.000000 -331614334375854660029303542491417411584.000000 -336957288972925412265743119003190034432.000000
vn -296908454265938969913433834503874281472.000000 -331614334375854660029303542491417411584.000000 -336957288972925412265743119003190034432.000000
vn -307583978866363404731055926534761086976.000000 -302246196283741583670574456572066398208.000000 -262202513308794468842552854674577293312.000000
vn -307583978866363404731055926534761086976.000000 -302246196283741583670574456572066398208.000000 -262202513308794468842552854674577293312.000000
vn -242180732668549722383553325567586598912.000000 -242180732668549722383553325567586598912.000000 -247513282389493801313065417139449495552.000000
vn -242180732668549722383553325567586598912.000000 -242180732668549722383553325567586598912.000000 -247513282389493801313065417139449495552.000000
vn nan -0.000000 -26440892416.000000
vn nan -0.000000 -26440892416.000000
vn -0.000000 -76417173815296.000000 0.000000
vn -0.000000 -76417173815296.000000 0.000000
vn -25566986108928.000000 -170141183460469231731687303715884105728.000000 0.000000
vn -25566986108928.000000 -170141183460469231731687303715884105728.000000 0.000000
vn 0.000000 0.000000 nan
vn 0.000000 0.000000 nan
vn 0.000000 67805504932474988018350125383115866112.000000 -0.000000
vn 0.000000 67805504932474988018350125383115866112.000000 -0.000000
vn nan -0.000000 -128352589380059136.000000
vn nan -0.000000 -128352589380059136.000000
vn -0.000000 -13440.000000 0.000000
vn -0.000000 -13440.000000 0.000000
vn -7072.640137 0.000000 0.000000
vn -7072.640137 0.000000 0.000000
vn 0.000000 0.000000 nan
vn 0.000000 0.000000 nan
vn 0.000000 31910629406774029678887781630683906048.000000 -0.000000
vn 0.000000 31910629406774029678887781630683906048.000000 -0.000000
vn 25931694503568774751717309120774144000.000000 -0.000000 -2409057.750000
vn 25931694503568774751717309120774144000.000000 -0.000000 -2409057.750000
vn -0.000000 -0.000007 0.000000
vn -0.000000 -0.000007 0.000000
vn -0.000009 0.000000 0.000000
vn -0.000009 0.000000 0.000000
vn 0.000000 0.000000 nan
vn 0.000000 0.000000 nan
vn 0.000000 nan -0.000000
vn 0.000000 nan -0.000000
vn 11471501427066743482262894424090476544.000000 -0.000000 -0.000000
vn 11471501427066743482262894424090476544.000000 -0.000000 -0.000000
vn -0.000000 -0.000000 0.000000
vn -0.000000 -0.000000 0.000000
vn -0.000000 0.000000 0.000000
vn -0.000000 0.000000 0.000000
vn 0.000000 0.000000 nan
vn 0.000000 0.000000 nan
vn 0.000000 nan -0.000000
vn 0.000000 nan -0.000000
vn 5007362164681381754662295666170003456.000000 -0.000000 -0.000000
vn 5007362164681381754662295666170003456.000000 -0.000000 -0.000000
vn 0.000000 -314134994344246857761286649227631394816.000000 0.000000
vn 0.000000 -314134994344246857761286649227631394816.000000 0.000000
vn -303958944362721948979524682206914019328.000000 0.000000 0.000000
vn -303958944362721948979524682206914019328.000000 0.000000 0.000000
vn nan 0.000000 0.000000
vn nan 0.000000 0.000000
vn -318327327844502450734575698173948329984.000000 nan 0.000000
vn -318327327844502450734575698173948329984.000000 nan 0.000000
vn -154.163437 7.841415 103.388351
vn -154.163437 7.841415 103.388351
vn 0.000000 0.000000 0.000000
vn 0.000000 0.000000 0.000000
vn 0.000000 0.000000 0.000000
vn 0.000000 0.000000 0.000000
vn 0.000000 0.000000 0.000000
vn 0.000000 0.000000 0.000000
vn 0.000000 0.000000 0.000000
vn 0.000000 0.000000 0.000000
vn 0.000000 0.000000 0.000000
vn 0.000000 0.000000 0.000000
vn 0.000000 0.000000 0.000000
vn 0.000000 0.000000 0.000000
vn 0.000000 0.000000 0.000000
vn 0.000000 0.000000 0.000000
vn 0.000000 0.000000 0.000000
vn 0.000000 0.000000 0.000000
vn 0.000000 0.000000 0.000000
vn 0.000000 0.000000 0.000000
vn 0.000000 0.000000 0.000000
vn 0.000000 0.000000 0.000000
vn 0.000000 0.000000 0.000000
vn 0.000000 0.000000 0.000000
vn 0.000000 0.000000 0.000000
vn 0.000000 0.000000 0.000000
vn 0.000000 0.000000 0.000000
vn 0.000000 0.000000 0.000000
vn 0.000000 0.000000 0.000000
vn 0.000000 0.000000 0.000000
vn 0.000000 0.000000 0.000000
vn 0.000000 0.000000 0.000000
vn 0.000000 0.000000 0.000000
vn 0.000000 0.000000 0.000000
vn 0.000000 0.000000 0.000000
vn 0.000000 0.000000 0.000000
vn 0.000000 0.000000 0.000000
vn 0.000000 0.000000 0.000000
vn 0.000000 0.000000 0.000000
vn 0.000000 0.000000 0.000000
vn 0.000000 0.000000 0.000000
vn 0.000000 0.000000 0.000000
vn 0.000000 0.000000 0.000000
vn 0.000000 0.000000 0.000000
vn 0.000000 0.000000 0.000000
vn 0.000000 0.000000 0.000000
vn 0.000000 0.000000 0.000000
vn 0.000000 0.000000 0.000000
vn 0.000000 0.000000 0.000000
vn 0.000000 0.000000 0.000000
vn 0.000000 0.000000 0.000000
vn 0.000000 0.000000 0.000000
vn 0.000000 0.000000 0.000000
vn 0.000000 0.000000 0.000000
vn 0.000000 0.000000 0.000000
vn 0.000000 0.000000 0.000000
vn 0.000000 0.000000 0.000000
vn 0.000000 0.000000 0.000000
vn 0.000000 0.000000 0.000000
vn 0.000000 0.000000 0.000000
vn 0.000000 0.000000 0.000000
vn 0.000000 0.000000 0.000000
vn 0.000000 0.000000 0.000000
vn 0.000000 0.000000 0.000000
vn 0.000000 0.000000 0.000000
vn 0.000000 0.000000 0.000000
vn 0.000000 0.000000 0.000000
vn 0.000000 0.000000 0.000000
vn 0.000000 0.000000 0.000000
vn 0.000000 0.000000 0.000000
vn 0.000000 0.000000 0.000000
vn 0.000000 0.000000 0.000000
vn 0.000000 0.000000 0.000000
vn 0.000000 0.000000 0.000000
vn 0.000000 0.000000 0.000000
vn 0.000000 0.000000 0.000000
vn 0.000000 0.000000 0.000000
vn 0.000000 0.000000 0.000000
vn 0.000000 0.000000 0.000000
vn 0.000000 0.000000 0.000000
vn 0.000000 0.000000 0.000000
vn 0.000000 0.000000 0.000000
vn 0.000000 0.000000 0.000000
vn 0.000000 0.000000 0.000000
vn 0.000000 0.000000 0.000000
vn 0.000000 0.000000 0.000000
vn 0.000000 0.000000 0.000000
vn 0.000000 0.000000 0.000000
vn 0.000000 0.000000 0.000000
vn 0.000000 0.000000 0.000000
vn 0.000000 0.000000 0.000000
vn 0.000000 0.000000 0.000000
vn 0.000000 0.000000 0.000000
vn 0.000000 0.000000 0.000000
vn 0.000000 0.000000 0.000000
vn 0.000000 0.000000 0.000000
vn 0.000000 0.000000 0.000000
vn 0.000000 0.000000 0.000000
vn 0.000000 0.000000 0.000000
vn 0.000000 0.000000 0.000000
vn 0.000000 0.000000 0.000000
vn 0.000000 0.000000 0.000000
vn 0.000000 0.000000 0.000000
vn 0.000000 0.000000 0.000000
vn 0.000000 0.000000 0.000000
vn 0.000000 0.000000 0.000000
vn 0.000000 0.000000 0.000000
vn 0.000000 0.000000 0.000000
vn 0.000000 0.000000 0.000000
vn 0.000000 0.000000 0.000000
vn 0.000000 0.000000 0.000000
vn 0.000000 0.000000 0.000000
vn 0.000000 0.000000 0.000000
vn 0.000000 0.000000 0.000000
vn 0.000000 0.000000 0.000000
vn 0.000000 0.000000 0.000000
vn 0.000000 0.000000 0.000000
vn 0.000000 0.000000 0.000000
vn 0.000000 0.000000 0.000000
vn 0.000000 0.000000 0.000000
vn 0.000000 0.000000 0.000000
vn 0.000000 0.000000 0.000000
vn 0.000000 0.000000 0.000000
vn 0.000000 0.000000 0.000000
vn 0.000000 0.000000 0.000000
vn 0.000000 0.000000 0.000000
vn 0.000000 0.000000 0.000000
vn 0.000000 0.000000 0.000000
vn 0.000000 0.000000 0.000000
vn 0.000000 0.000000 0.000000
vn 0.000000 0.000000 0.000000
vn 0.000000 0.000000 0.000000
vn 0.000000 0.000000 0.000000
vn 0.000000 0.000000 0.000000
vn 0.000000 0.000000 0.000000
vn 0.000000 0.000000 0.000000
vn 0.000000 0.000000 0.000000
vn 0.000000 0.000000 0.000000
vn 0.000000 0.000000 0.000000
vn 0.000000 0.000000 0.000000
vn 0.000000 0.000000 0.000000
vn 0.000000 0.000000 0.000000
vn 0.000000 0.000000 0.000000
vn 0.000000 0.000000 0.000000
vn 0.000000 0.000000 0.000000
vn 0.000000 0.000000 0.000000
vn 0.000000 0.000000 0.000000
vn 0.000000 0.000000 0.000000
vn 0.000000 0.000000 0.000000
vn 0.000000 0.000000 0.000000
vn 0.000000 -0.000000 0.000000
vn 0.000000 -0.000000 0.000000
vn 0.000000 0.000000 0.000000
vn 0.000000 0.000000 0.000000
vn 0.000000 0.000000 0.000000
vn 0.000000 0.000000 0.000000
vn 0.000000 0.000000 0.000000
vn 0.000000 0.000000 0.000000
vn 0.000000 0.000000 0.000000
vn 0.000000 0.000000 0.000000
vn 0.000000 -0.000000 0.000000
vn 0.000000 -0.000000 0.000000
vn 0.000000 0.000000 0.000000
vn 0.000000 0.000000 0.000000
vn 0.000000 0.000000 0.000000
vn 0.000000 0.000000 0.000000
vn 0.000000 0.000000 0.000000
vn 0.000000 0.000000 0.000000
vn 0.000000 0.000000 0.000000
vn 0.000000 0.000000 0.000000
vn 0.000000 0.000000 0.000000
vn 0.000000 0.000000 0.000000
vn 0.000000 0.000000 0.000000
vn 0.000000 0.000000 0.000000
vn 0.000000 0.000000 0.000000
vn 0.000000 0.000000 0.000000
vn 0.000000 0.000000 0.000000
vn 0.000000 0.000000 0.000000
vn 0.000000 0.000000 0.000000
vn 0.000000 0.000000 0.000000
vn 0.000000 -0.000000 0.000000
vn 0.000000 -0.000000 0.000000
vn 0.000000 0.000000 0.000000
vn 0.000000 0.000000 0.000000
vn 0.000000 0.000000 0.000000
vn 0.000000 0.000000 0.000000
vn 0.000000 0.000000 0.000000
vn 0.000000 0.000000 0.000000
vn 0.000000 0.000000 0.000000
vn 0.000000 0.000000 0.000000
vn 0.000000 0.000000 0.000000
vn 0.000000 0.000000 0.000000
vn 0.000000 0.000000 0.000000
vn 0.000000 0.000000 0.000000
vn 0.000000 0.000000 0.000000
vn 0.000000 0.000000 0.000000
vn 0.000000 0.000000 0.000000
vn 0.000000 0.000000 0.000000
vn 0.000000 0.000000 0.000000
vn 0.000000 0.000000 0.000000
vn 0.000000 0.000000 0.000000
vn 0.000000 0.000000 0.000000
vn 0.000000 0.000000 0.000000
vn 0.000000 0.000000 0.000000
vn 0.000000 0.000000 0.000000
vn 0.000000 0.000000 0.000000
vn 12.671602 47.501163 -201.190109
vn 12.671602 47.501163 -201.190109
vn 3.820581 33.405552 -204.041443
vn 3.820581 33.405552 -204.041443
vn 1.290073 48.529907 -195.870697
vn 1.290073 48.529907 -195.870697
vn 4.692410 69.820984 -187.930908
vn 4.692410 69.820984 -187.930908
vn 6.292664 37.195011 -206.881500
vn 6.292664 37.195011 -206.881500
vn 12.671602 39.056461 -204.097870
vn 12.671602 39.056461 -204.097870
vn 1.502411 47.616165 -203.644379
vn 1.502411 47.616165 -203.644379
vn 6.292648 43.639267 -202.694397
vn 6.292648 43.639267 -202.694397
vn 12.630646 37.512306 -206.137619
vn 12.630646 37.512306 -206.137619
vn 1.502411 40.034012 -206.351929
vn 1.502411 40.034012 -206.351929
vn 21.871616 66.556625 -270.478180
vn 21.871616 66.556625 -270.478180
vn 2.071033 46.729343 -178.259308
vn 2.071033 46.729343 -178.259308
vn -8.878578 5.794179 -107.483635
vn -8.878578 5.794179 -107.483635
vn -2.605816 76.091286 -195.931137
vn -2.605816 76.091286 -195.931137
vn 1.034717 103.350639 -256.321533
vn 1.034717 103.350639 -256.321533
vn -8.884706 37.761383 -147.617203
vn -8.884706 37.761383 -147.617203
vn -8.884766 26.407488 -106.398743
vn -8.884766 26.407488 -106.398743
vn -2.042749 64.459892 -187.983795
vn -2.042749 64.459892 -187.983795
vn -1.232146 38.117741 -201.840515
vn -1.232146 38.117741 -201.840515
vn -8.884731 32.310463 -119.619858
vn -8.884731 32.310463 -119.619858
vn -8.884693 24.284735 -139.135574
vn -8.884693 24.284735 -139.135574
vn -8.884748 24.668699 -131.285019
vn -8.884748 24.668699 -131.285019
vn -3.886460 66.572266 -175.993668
vn -3.886460 66.572266 -175.993668
vn -8.878550 4.815180 -120.745705
vn -8.878550 4.815180 -120.745705
vn -5.178179 51.955956 -178.690796
vn -5.178179 51.955956 -178.690796
vn -8.878589 6.556063 -105.758034
vn -8.878589 6.556063 -105.758034
vn -6.745389 37.959042 -178.943161
vn -6.745389 37.959042 -178.943161
vn -8.878527 5.027986 -124.013565
vn -8.878527 5.027986 -124.013565
vn -4.817341 27.997742 -189.000290
vn -4.817341 27.997742 -189.000290
vn -220814005165077230007071430280568897536.000000 -230165534631394491082759093642007150592.000000 -230165534631394491082759093642007150592.000000
vn -220814005165077230007071430280568897536.000000 -230165534631394491082759093642007150592.000000 -230165534631394491082759093642007150592.000000
vn -243509960664334638256457132627866943488.000000 -231499975206447545434961855145868001280.000000 -243509960664334638256457132627866943488.000000
vn -243509960664334638256457132627866943488.000000 -231499975206447545434961855145868001280.000000 -243509960664334638256457132627866943488.000000
vn -231499975206447545434961855145868001280.000000 -231499975206447545434961855145868001280.000000 -231499975206447545434961855145868001280.000000
vn -231499975206447545434961855145868001280.000000 -231499975206447545434961855145868001280.000000 -231499975206447545434961855145868001280.000000
vn -220814005165077230007071430280568897536.000000 -220814005165077230007071430280568897536.000000 -220814005165077230007071430280568897536.000000
vn -220814005165077230007071430280568897536.000000 -220814005165077230007071430280568897536.000000 -220814005165077230007071430280568897536.000000
vn -248852935543814994144567133086890852352.000000 -258188786707508632479017085223085015040.000000 -255519925839812127426281986162614599680.000000
vn -248852935543814994144567133086890852352.000000 -258188786707508632479017085223085015040.000000 -255519925839812127426281986162614599680.000000
vn -259523227282561686831219846726945865728.000000 -248852935543814994144567133086890852352.000000 -255519905557402523774611562215363313664.000000
vn -259523227282561686831219846726945865728.000000 -248852935543814994144567133086890852352.000000 -255519905557402523774611562215363313664.000000
vn -238172198364122420847646086612423540736.000000 -250187376118868048496769894590751703040.000000 -252851044689706018721876463154892898304.000000
vn -238172198364122420847646086612423540736.000000 -250187376118868048496769894590751703040.000000 -252851044689706018721876463154892898304.000000
vn -247518494968761939792364371583030001664.000000 -248852935543814994144567133086890852352.000000 -251516624397062568021344125598283333632.000000
vn -247518494968761939792364371583030001664.000000 -248852935543814994144567133086890852352.000000 -251516624397062568021344125598283333632.000000
vn -247518494968761939792364371583030001664.000000 -244849613818655831087958848575308300288.000000 -239506638939175475199848848116284391424.000000
vn -247518494968761939792364371583030001664.000000 -244849613818655831087958848575308300288.000000 -239506638939175475199848848116284391424.000000
vn -263526549007720849887828131238528417792.000000 -271533172175629572349374276314442235904.000000 -275536493900788735405982560826024787968.000000
vn -263526549007720849887828131238528417792.000000 -271533172175629572349374276314442235904.000000 -275536493900788735405982560826024787968.000000
vn 0.000000 nan -0.000000
vn 0.000000 nan -0.000000
vn 3532794541541148753246037467459485696.000000 -0.000000 -0.000000
vn 3532794541541148753246037467459485696.000000 -0.000000 -0.000000
vn -0.000000 -0.000000 0.000000
vn -0.000000 -0.000000 0.000000
vn -0.000000 0.000000 0.000000
vn -0.000000 0.000000 0.000000
vn 0.000000 0.000000 2192298558027129177721001399474454528.000000
vn 0.000000 0.000000 2192298558027129177721001399474454528.000000
vn 0.000000 nan -0.056885
vn 0.000000 nan -0.056885
vn nan -0.006958 -0.000000
vn nan -0.006958 -0.000000
vn -0.028070 -0.000000 -170141183460469231731687303715884105728.000000
vn -0.028070 -0.000000 -170141183460469231731687303715884105728.000000
vn -0.000000 0.000000 0.000000
vn -0.000000 0.000000 0.000000
vn 0.000000 0.000000 1039096128449092668187338578572869632.000000
vn 0.000000 0.000000 1039096128449092668187338578572869632.000000
vn 0.000000 nan -0.000000
vn 0.000000 nan -0.000000
vn nan -16449536.000000 -0.000000
vn nan -16449536.000000 -0.000000
vn -42979420.000000 -0.000000 0.000000
vn -42979420.000000 -0.000000 0.000000
vn -0.000000 0.000000 0.000000
vn -0.000000 0.000000 0.000000
vn 0.000000 0.000000 548133030662555307247056791760011264.000000
vn 0.000000 0.000000 548133030662555307247056791760011264.000000
vn 0.000000 535160528245119721666840279507795968.000000 -4774779420672.000000
vn 0.000000 535160528245119721666840279507795968.000000 -4774779420672.000000
vn nan -123848989752688640.000000 -0.000000
vn nan -123848989752688640.000000 -0.000000
vn -211629084671737856.000000 -0.000000 0.000000
vn -211629084671737856.000000 -0.000000 0.000000
vn -90634942500831232.000000 0.000000 0.000000
vn -90634942500831232.000000 0.000000 0.000000
vn 0.000000 0.000000 nan
vn 0.000000 0.000000 nan
vn 0.000000 345657617769263880357333465825280000.000000 -39837536259827470172160.000000
vn 0.000000 345657617769263880357333465825280000.000000 -39837536259827470172160.000000
vn 0.000000 0.000000 0.000000
vn 0.000000 0.000000 0.000000
vn 0.000000 -243249088312012470471464323081826205696.000000 0.000000
vn 0.000000 -243249088312012470471464323081826205696.000000 0.000000
vn -0.000000 0.000000 -236619295955228434353306989264961011712.000000
vn -0.000000 0.000000 -236619295955228434353306989264961011712.000000
vn 182.041672 0.000000 0.000000
vn 182.041672 0.000000 0.000000
vn 0.000000 0.000000 0.000000
vn 0.000000 0.000000 0.000000
vn 0.000000 0.000000 0.000000
vn 0.000000 0.000000 0.000000
vn 0.000000 0.000000 0.000000
vn 0.000000 0.000000 0.000000
vn 0.000000 0.000000 0.000000
vn 0.000000 0.000000 0.000000
vn 0.000000 0.000000 0.000000
vn 0.000000 0.000000 0.000000
vn 0.000000 0.000000 0.000000
vn 0.000000 0.000000 0.000000
vn 0.000000 0.000000 0.000000
vn 0.000000 0.000000 0.000000
vn 0.000000 0.000000 0.000000
vn 0.000000 0.000000 0.000000
vn 0.000000 0.000000 0.000000
vn 0.000000 0.000000 0.000000
vn 0.000000 0.000000 0.000000
vn 0.000000 0.000000 0.000000
vn 0.000000 0.000000 0.000000
vn 0.000000 0.000000 0.000000
vn 0.000000 0.000000 0.000000
vn 0.000000 0.000000 0.000000
vn 0.000000 0.000000 0.000000
vn 0.000000 0.000000 0.000000
vn 0.000000 0.000000 0.000000
vn 0.000000 0.000000 0.000000
vn 0.000000 0.000000 0.000000
vn 0.000000 0.000000 0.000000
vn 0.000000 0.000000 0.000000
vn 0.000000 0.000000 0.000000
vn 0.000000 0.000000 0.000000
vn 0.000000 0.000000 0.000000
vn 0.000000 0.000000 0.000000
vn 0.000000 0.000000 0.000000
vn 0.000000 0.000000 0.000000
vn 0.000000 0.000000 0.000000
vn 0.000000 0.000000 0.000000
vn 0.000000 0.000000 0.000000
vn 0.000000 0.000000 0.000000
vn 0.000000 0.000000 0.000000
vn 0.000000 0.000000 0.000000
vn 0.000000 0.000000 0.000000
vn 0.000000 0.000000 0.000000
vn 0.000000 0.000000 0.000000
vn 0.000000 0.000000 0.000000
vn 0.000000 0.000000 0.000000
vn 0.000000 0.000000 0.000000
vn 0.000000 0.000000 0.000000
vn 0.000000 0.000000 0.000000
vn 0.000000 0.000000 0.000000
vn 0.000000 0.000000 0.000000
vn 0.000000 0.000000 0.000000
vn 0.000000 0.000000 0.000000
vn 0.000000 0.000000 0.000000
vn 0.000000 0.000000 0.000000
vn 0.000000 0.000000 0.000000
vn 0.000000 0.000000 0.000000
vn 0.000000 0.000000 0.000000
vn 0.000000 0.000000 0.000000
vn 0.000000 0.000000 0.000000
vn 0.000000 0.000000 0.000000
vn 0.000000 0.000000 0.000000
vn 0.000000 0.000000 0.000000
vn 0.000000 0.000000 0.000000
vn 0.000000 0.000000 0.000000
vn 0.000000 0.000000 0.000000
vn 0.000000 0.000000 0.000000
vn 0.000000 0.000000 0.000000
vn 0.000000 0.000000 0.000000
vn 0.000000 0.000000 0.000000
vn 0.000000 0.000000 0.000000
vn 0.000000 0.000000 0.000000
vn 0.000000 0.000000 0.000000
vn 0.000000 0.000000 0.000000
vn 0.000000 0.000000 0.000000
vn 0.000000 0.000000 0.000000
vn 0.000000 0.000000 0.000000
vn 0.000000 0.000000 0.000000
vn 0.000000 0.000000 0.000000
vn 0.000000 0.000000 0.000000
vn 0.000000 0.000000 0.000000
vn 0.000000 0.000000 0.000000
vn 0.000000 0.000000 0.000000
vn 0.000000 0.000000 0.000000
vn 0.000000 0.000000 0.000000
vn 0.000000 0.000000 0.000000
vn 0.000000 0.000000 0.000000
vn 0.000000 0.000000 0.000000
vn 0.000000 0.000000 0.000000
vn 0.000000 0.000000 0.000000
vn 0.000000 0.000000 0.000000
vn 0.000000 0.000000 0.000000
vn 0.000000 0.000000 0.000000
vn 0.000000 0.000000 0.000000
vn 0.000000 0.000000 0.000000
vn 0.000000 0.000000 0.000000
vn 0.000000 0.000000 0.000000
vn 0.000000 0.000000 0.000000
vn 0.000000 0.000000 0.000000
vn 0.000000 0.000000 0.000000
vn 0.000000 0.000000 0.000000
vn 0.000000 0.000000 0.000000
vn 0.000000 0.000000 0.000000
vn 0.000000 0.000000 0.000000
vn 0.000000 0.000000 0.000000
vn 0.000000 0.000000 0.000000
vn 0.000000 0.000000 0.000000
vn 0.000000 0.000000 0.000000
vn 0.000000 0.000000 0.000000
vn 0.000000 0.000000 0.000000
vn 0.000000 0.000000 0.000000
vn 0.000000 0.000000 0.000000
vn 0.000000 0.000000 0.000000
vn 0.000000 0.000000 0.000000
vn 0.000000 0.000000 0.000000
vn 0.000000 0.000000 0.000000
vn 0.000000 0.000000 0.000000
vn 0.000000 0.000000 0.000000
vn 0.000000 0.000000 0.000000
vn 0.000000 0.000000 0.000000
vn 0.000000 0.000000 0.000000
vn 0.000000 0.000000 0.000000
vn 0.000000 0.000000 0.000000
vn 0.000000 0.000000 0.000000
vn 0.000000 0.000000 0.000000
vn 0.000000 0.000000 0.000000
vn 0.000000 0.000000 0.000000
vn 0.000000 0.000000 0.000000
vn 0.000000 0.000000 0.000000
vn 0.000000 0.000000 0.000000
vn 0.000000 0.000000 0.000000
vn 0.000000 0.000000 0.000000
vn 0.000000 0.000000 0.000000
vn 0.000000 0.000000 0.000000
vn 0.000000 0.000000 0.000000
vn 0.000000 0.000000 0.000000
vn 0.000000 0.000000 0.000000
vn 0.000000 0.000000 0.000000
vn 0.000000 0.000000 0.000000
vn 0.000000 0.000000 0.000000
f 1/1/1 3/3/3 2/2/2
f 2/2/2 3/3/3 4/4/4
f 3/3/3 5/5/5 4/4/4
f 4/4/4 5/5/5 6/6/6
f 5/5/5 7/7/7 6/6/6
f 6/6/6 7/7/7 8/8/8
f 7/7/7 9/9/9 8/8/8
f 8/8/8 9/9/9 10/10/10
f 9/9/9 11/11/11 10/10/10
f 10/10/10 11/11/11 12/12/12
f 11/11/11 13/13/13 12/12/12
f 12/12/12 13/13/13 14/14/14
f 13/13/13 15/15/15 14/14/14
f 14/14/14 15/15/15 16/16/16
f 15/15/15 17/17/17 16/16/16
f 16/16/16 17/17/17 18/18/18
f 17/17/17 19/19/19 18/18/18
f 18/18/18 19/19/19 20/20/20
f 19/19/19 21/21/21 20/20/20
f 20/20/20 21/21/21 22/22/22
f 21/21/21 23/23/23 22/22/22
f 22/22/22 23/23/23 24/24/24
f 23/23/23 25/25/25 24/24/24
f 24/24/24 25/25/25 26/26/26
f 25/25/25 27/27/27 26/26/26
f 26/26/26 27/27/27 28/28/28
f 27/27/27 29/29/29 28/28/28
f 28/28/28 29/29/29 30/30/30
f 29/29/29 31/31/31 30/30/30
f 30/30/30 31/31/31 32/32/32
f 31/31/31 33/33/33 32/32/32
f 32/32/32 33/33/33 34/34/34
f 33/33/33 35/35/35 34/34/34
f 34/34/34 35/35/35 36/36/36
f 35/35/35 37/37/37 36/36/36
f 36/36/36 37/37/37 38/38/38
f 37/37/37 39/39/39 38/38/38
f 38/38/38 39/39/39 40/40/40
f 39/39/39 41/41/41 40/40/40
f 40/40/40 41/41/41 42/42/42
f 41/41/41 43/43/43 42/42/42
f 42/42/42 43/43/43 44/44/44
f 43/43/43 45/45/45 44/44/44
f 44/44/44 45/45/45 46/46/46
f 45/45/45 47/47/47 46/46/46
f 46/46/46 47/47/47 48/48/48
f 47/47/47 49/49/49 48/48/48
f 48/48/48 49/49/49 50/50/50
f 49/49/49 51/51/51 50/50/50
f 50/50/50 51/51/51 52/52/52
f 51/51/51 53/53/53 52/52/52
f 52/52/52 53/53/53 54/54/54
f 53/53/53 55/55/55 54/54/54
f 54/54/54 55/55/55 56/56/56
f 55/55/55 57/57/57 56/56/56
f 56/56/56 57/57/57 58/58/58
f 57/57/57 59/59/59 58/58/58
f 58/58/58 59/59/59 60/60/60
f 59/59/59 61/61/61 60/60/60
f 60/60/60 61/61/61 62/62/62
f 61/61/61 63/63/63 62/62/62
f 62/62/62 63/63/63 64/64/64
f 63/63/63 65/65/65 64/64/64
f 64/64/64 65/65/65 66/66/66
f 65/65/65 67/67/67 66/66/66
f 66/66/66 67/67/67 68/68/68
f 67/67/67 69/69/69 68/68/68
f 68/68/68 69/69/69 70/70/70
f 69/69/69 71/71/71 70/70/70
f 70/70/70 71/71/71 72/72/72
f 71/71/71 73/73/73 72/72/72
f 72/72/72 73/73/73 74/74/74
f 73/73/73 75/75/75 74/74/74
f 74/74/74 75/75/75 76/76/76
f 75/75/75 77/77/77 76/76/76
f 76/76/76 77/77/77 78/78/78
f 77/77/77 79/79/79 78/78/78
f 78/78/78 79/79/79 80/80/80
f 79/79/79 81/81/81 80/80/80
f 80/80/80 81/81/81 82/82/82
f 81/81/81 83/83/83 82/82/82
f 82/82/82 83/83/83 84/84/84
f 83/83/83 85/85/85 84/84/84
f 84/84/84 85/85/85 86/86/86
f 85/85/85 87/87/87 86/86/86
f 86/86/86 87/87/87 88/88/88
f 87/87/87 89/89/89 88/88/88
f 88/88/88 89/89/89 90/90/90
f 89/89/89 91/91/91 90/90/90
f 90/90/90 91/91/91 92/92/92
f 91/91/91 93/93/93 92/92/92
f 92/92/92 93/93/93 94/94/94
f 93/93/93 95/95/95 94/94/94
f 94/94/94 95/95/95 96/96/96
f 95/95/95 97/97/97 96/96/96
f 96/96/96 97/97/97 98/98/98
f 97/97/97 99/99/99 98/98/98
f 98/98/98 99/99/99 100/100/100
f 99/99/99 101/101/101 100/100/100
f 100/100/100 101/101/101 102/102/102
f 101/101/101 103/103/103 102/102/102
f 102/102/102 103/103/103 104/104/104
f 103/103/103 105/105/105 104/104/104
f 104/104/104 105/105/105 106/106/106
f 105/105/105 107/107/107 106/106/106
f 106/106/106 107/107/107 108/108/108
f 107/107/107 109/109/109 108/108/108
f 108/108/108 109/109/109 110/110/110
f 109/109/109 111/111/111 110/110/110
f 110/110/110 111/111/111 112/112/112
f 111/111/111 113/113/113 112/112/112
f 112/112/112 113/113/113 114/114/114
f 113/113/113 115/115/115 114/114/114
f 114/114/114 115/115/115 116/116/116
f 115/115/115 117/117/117 116/116/116
f 116/116/116 117/117/117 118/118/118
f 117/117/117 119/119/119 118/118/118
f 118/118/118 119/119/119 120/120/120
f 119/119/119 121/121/121 120/120/120
f 120/120/120 121/121/121 122/122/122
f 121/121/121 123/123/123 122/122/122
f 122/122/122 123/123/123 124/124/124
f 123/123/123 125/125/125 124/124/124
f 124/124/124 125/125/125 126/126/126
f 125/125/125 127/127/127 126/126/126
f 126/126/126 127/127/127 128/128/128
f 127/127/127 129/129/129 128/128/128
f 128/128/128 129/129/129 130/130/130
f 129/129/129 131/131/131 130/130/130
f 130/130/130 131/131/131 132/132/132
f 131/131/131 133/133/133 132/132/132
f 132/132/132 133/133/133 134/134/134
f 133/133/133 135/135/135 134/134/134
f 134/134/134 135/135/135 136/136/136
f 135/135/135 137/137/137 136/136/136
f 136/136/136 137/137/137 138/138/138
f 137/137/137 139/139/139 138/138/138
f 138/138/138 139/139/139 140/140/140
f 139/139/139 141/141/141 140/140/140
f 140/140/140 141/141/141 142/142/142
f 141/141/141 143/143/143 142/142/142
f 142/142/142 143/143/143 144/144/144
f 143/143/143 145/145/145 144/144/144
f 144/144/144 145/145/145 146/146/146
f 145/145/145 147/147/147 146/146/146
f 146/146/146 147/147/147 148/148/148
f 147/147/147 149/149/149 148/148/148
f 148/148/148 149/149/149 150/150/150
f 149/149/149 151/151/151 150/150/150
f 150/150/150 151/151/151 152/152/152
f 151/151/151 153/153/153 152/152/152
f 152/152/152 153/153/153 154/154/154
f 153/153/153 155/155/155 154/154/154
f 154/154/154 155/155/155 156/156/156
f 155/155/155 157/157/157 156/156/156
f 156/156/156 157/157/157 158/158/158
f 157/157/157 159/159/159 158/158/158
f 158/158/158 159/159/159 160/160/160
f 159/159/159 161/161/161 160/160/160
f 160/160/160 161/161/161 162/162/162
f 161/161/161 163/163/163 162/162/162
f 162/162/162 163/163/163 164/164/164
f 163/163/163 165/165/165 164/164/164
f 164/164/164 165/165/165 166/166/166
f 165/165/165 167/167/167 166/166/166
f 166/166/166 167/167/167 168/168/168
f 167/167/167 169/169/169 168/168/168
f 168/168/168 169/169/169 170/170/170
f 169/169/169 171/171/171 170/170/170
f 170/170/170 171/171/171 172/172/172
f 171/171/171 173/173/173 172/172/172
f 172/172/172 173/173/173 174/174/174
f 173/173/173 175/175/175 174/174/174
f 174/174/174 175/175/175 176/176/176
f 175/175/175 177/177/177 176/176/176
f 176/176/176 177/177/177 178/178/178
f 177/177/177 179/179/179 178/178/178
f 178/178/178 179/179/179 180/180/180
f 179/179/179 181/181/181 180/180/180
f 180/180/180 181/181/181 182/182/182
f 181/181/181 183/183/183 182/182/182
f 182/182/182 183/183/183 184/184/184
f 183/183/183 185/185/185 184/184/184
f 184/184/184 185/185/185 186/186/186
f 185/185/185 187/187/187 186/186/186
f 186/186/186 187/187/187 188/188/188
f 187/187/187 189/189/189 188/188/188
f 188/188/188 189/189/189 190/190/190
f 189/189/189 191/191/191 190/190/190
f 190/190/190 191/191/191 192/192/192
f 191/191/191 193/193/193 192/192/192
f 192/192/192 193/193/193 194/194/194
f 193/193/193 195/195/195 194/194/194
f 194/194/194 195/195/195 196/196/196
f 195/195/195 197/197/197 196/196/196
f 196/196/196 197/197/197 198/198/198
f 197/197/197 199/199/199 198/198/198
f 198/198/198 199/199/199 200/200/200
f 199/199/199 201/201/201 200/200/200
f 200/200/200 201/201/201 202/202/202
f 201/201/201 203/203/203 202/202/202
f 202/202/202 203/203/203 204/204/204
f 203/203/203 205/205/205 204/204/204
f 204/204/204 205/205/205 206/206/206
f 205/205/205 207/207/207 206/206/206
f 206/206/206 207/207/207 208/208/208
f 207/207/207 209/209/209 208/208/208
f 208/208/208 209/209/209 210/210/210
f 209/209/209 211/211/211 210/210/210
f 210/210/210 211/211/211 212/212/212
f 211/211/211 213/213/213 212/212/212
f 212/212/212 213/213/213 214/214/214
f 213/213/213 215/215/215 214/214/214
f 214/214/214 215/215/215 216/216/216
f 215/215/215 217/217/217 216/216/216
f 216/216/216 217/217/217 218/218/218
f 217/217/217 219/219/219 218/218/218
f 218/218/218 219/219/219 220/220/220
f 219/219/219 221/221/221 220/220/220
f 220/220/220 221/221/221 222/222/222
f 221/221/221 223/223/223 222/222/222
f 222/222/222 223/223/223 224/224/224
f 223/223/223 225/225/225 224/224/224
f 224/224/224 225/225/225 226/226/226
f 225/225/225 227/227/227 226/226/226
f 226/226/226 227/227/227 228/228/228
f 227/227/227 229/229/229 228/228/228
f 228/228/228 229/229/229 230/230/230
f 229/229/229 231/231/231 230/230/230
f 230/230/230 231/231/231 232/232/232
f 231/231/231 233/233/233 232/232/232
f 232/232/232 233/233/233 234/234/234
f 233/233/233 235/235/235 234/234/234
f 234/234/234 235/235/235 236/236/236
f 235/235/235 237/237/237 236/236/236
f 236/236/236 237/237/237 238/238/238
f 237/237/237 239/239/239 238/238/238
f 238/238/238 239/239/239 240/240/240
f 239/239/239 241/241/241 240/240/240
f 240/240/240 241/241/241 242/242/242
f 241/241/241 243/243/243 242/242/242
f 242/242/242 243/243/243 244/244/244
f 243/243/243 245/245/245 244/244/244
f 244/244/244 245/245/245 246/246/246
f 245/245/245 247/247/247 246/246/246
f 246/246/246 247/247/247 248/248/248
f 247/247/247 249/249/249 248/248/248
f 248/248/248 249/249/249 250/250/250
f 249/249/249 251/251/251 250/250/250
f 250/250/250 251/251/251 252/252/252
f 251/251/251 253/253/253 252/252/252
f 252/252/252 253/253/253 254/254/254
f 253/253/253 255/255/255 254/254/254
f 254/254/254 255/255/255 256/256/256
f 255/255/255 257/257/257 256/256/256
f 256/256/256 257/257/257 258/258/258
f 257/257/257 259/259/259 258/258/258
f 258/258/258 259/259/259 260/260/260
f 259/259/259 261/261/261 260/260/260
f 260/260/260 261/261/261 262/262/262
f 261/261/261 263/263/263 262/262/262
f 262/262/262 263/263/263 264/264/264
f 263/263/263 265/265/265 264/264/264
f 264/264/264 265/265/265 266/266/266
f 265/265/265 267/267/267 266/266/266
f 266/266/266 267/267/267 268/268/268
f 267/267/267 269/269/269 268/268/268
f 268/268/268 269/269/269 270/270/270
f 269/269/269 271/271/271 270/270/270
f 270/270/270 271/271/271 272/272/272
f 271/271/271 273/273/273 272/272/272
f 272/272/272 273/273/273 274/274/274
f 273/273/273 275/275/275 274/274/274
f 274/274/274 275/275/275 276/276/276
f 275/275/275 277/277/277 276/276/276
f 276/276/276 277/277/277 278/278/278
f 277/277/277 279/279/279 278/278/278
f 278/278/278 279/279/279 280/280/280
f 279/279/279 281/281/281 280/280/280
f 280/280/280 281/281/281 282/282/282
f 281/281/281 283/283/283 282/282/282
f 282/282/282 283/283/283 284/284/284
f 283/283/283 285/285/285 284/284/284
f 284/284/284 285/285/285 286/286/286
f 285/285/285 287/287/287 286/286/286
f 286/286/286 287/287/287 288/288/288
f 287/287/287 289/289/289 288/288/288
f 288/288/288 289/289/289 290/290/290
f 289/289/289 291/291/291 290/290/290
f 290/290/290 291/291/291 292/292/292
f 291/291/291 293/293/293 292/292/292
f 292/292/292 293/293/293 294/294/294
f 293/293/293 295/295/295 294/294/294
f 294/294/294 295/295/295 296/296/296
f 295/295/295 297/297/297 296/296/296
f 296/296/296 297/297/297 298/298/298
f 297/297/297 299/299/299 298/298/298
f 298/298/298 299/299/299 300/300/300
f 299/299/299 301/301/301 300/300/300
f 300/300/300 301/301/301 302/302/302
f 301/301/301 303/303/303 302/302/302
f 302/302/302 303/303/303 304/304/304
f 303/303/303 305/305/305 304/304/304
f 304/304/304 305/305/305 306/306/306
f 305/305/305 307/307/307 306/306/306
f 306/306/306 307/307/307 308/308/308
f 307/307/307 309/309/309 308/308/308
f 308/308/308 309/309/309 310/310/310
f 309/309/309 311/311/311 310/310/310
f 310/310/310 311/311/311 312/312/312
f 311/311/311 313/313/313 312/312/312
f 312/312/312 313/313/313 314/314/314
f 313/313/313 315/315/315 314/314/314
f 314/314/314 315/315/315 316/316/316
f 315/315/315 317/317/317 316/316/316
f 316/316/316 317/317/317 318/318/318
f 317/317/317 319/319/319 318/318/318
f 318/318/318 319/319/319 320/320/320
f 319/319/319 321/321/321 320/320/320
f 320/320/320 321/321/321 322/322/322
f 321/321/321 323/323/323 322/322/322
f 322/322/322 323/323/323 324/324/324
f 323/323/323 325/325/325 324/324/324
f 324/324/324 325/325/325 326/326/326
f 325/325/325 327/327/327 326/326/326
f 326/326/326 327/327/327 328/328/328
f 327/327/327 329/329/329 328/328/328
f 328/328/328 329/329/329 330/330/330
f 329/329/329 331/331/331 330/330/330
f 330/330/330 331/331/331 332/332/332
f 331/331/331 333/333/333 332/332/332
f 332/332/332 333/333/333 334/334/334
f 333/333/333 335/335/335 334/334/334
f 334/334/334 335/335/335 336/336/336
f 335/335/335 337/337/337 336/336/336
f 336/336/336 337/337/337 338/338/338
f 337/337/337 339/339/339 338/338/338
f 338/338/338 339/339/339 340/340/340
f 339/339/339 341/341/341 340/340/340
f 340/340/340 341/341/341 342/342/342
f 341/341/341 343/343/343 342/342/342
f 342/342/342 343/343/343 344/344/344
f 343/343/343 345/345/345 344/344/344
f 344/344/344 345/345/345 346/346/346
f 345/345/345 347/347/347 346/346/346
f 346/346/346 347/347/347 348/348/348
f 347/347/347 349/349/349 348/348/348
f 348/348/348 349/349/349 350/350/350
f 349/349/349 351/351/351 350/350/350
f 350/350/350 351/351/351 352/352/352
f 351/351/351 353/353/353 352/352/352
f 352/352/352 353/353/353 354/354/354
f 353/353/353 355/355/355 354/354/354
f 354/354/354 355/355/355 356/356/356
f 355/355/355 357/357/357 356/356/356
f 356/356/356 357/357/357 358/358/358
f 357/357/357 359/359/359 358/358/358
f 358/358/358 359/359/359 360/360/360
f 359/359/359 361/361/361 360/360/360
f 360/360/360 361/361/361 362/362/362
f 361/361/361 363/363/363 362/362/362
f 362/362/362 363/363/363 364/364/364
f 363/363/363 365/365/365 364/364/364
f 364/364/364 365/365/365 366/366/366
f 365/365/365 367/367/367 366/366/366
f 366/366/366 367/367/367 368/368/368
f 367/367/367 369/369/369 368/368/368
f 368/368/368 369/369/369 370/370/370
f 369/369/369 371/371/371 370/370/370
f 370/370/370 371/371/371 372/372/372
f 371/371/371 373/373/373 372/372/372
f 372/372/372 373/373/373 374/374/374
f 373/373/373 375/375/375 374/374/374
f 374/374/374 375/375/375 376/376/376
f 375/375/375 377/377/377 376/376/376
f 376/376/376 377/377/377 378/378/378
f 377/377/377 379/379/379 378/378/378
f 378/378/378 379/379/379 380/380/380
f 379/379/379 381/381/381 380/380/380
f 380/380/380 381/381/381 382/382/382
f 381/381/381 383/383/383 382/382/382
f 382/382/382 383/383/383 384/384/384
f 383/383/383 385/385/385 384/384/384
f 384/384/384 385/385/385 386/386/386
f 385/385/385 387/387/387 386/386/386
f 386/386/386 387/387/387 388/388/388
f 387/387/387 389/389/389 388/388/388
f 388/388/388 389/389/389 390/390/390
f 389/389/389 391/391/391 390/390/390
f 390/390/390 391/391/391 392/392/392
f 391/391/391 393/393/393 392/392/392
f 392/392/392 393/393/393 394/394/394
f 393/393/393 395/395/395 394/394/394
f 394/394/394 395/395/395 396/396/396
f 395/395/395 397/397/397 396/396/396
f 396/396/396 397/397/397 398/398/398
f 397/397/397 399/399/399 398/398/398
f 398/398/398 399/399/399 400/400/400
f 399/399/399 401/401/401 400/400/400
f 400/400/400 401/401/401 402/402/402
f 401/401/401 403/403/403 402/402/402
f 402/402/402 403/403/403 404/404/404
f 403/403/403 405/405/405 404/404/404
f 404/404/404 405/405/405 406/406/406
f 405/405/405 407/407/407 406/406/406
f 406/406/406 407/407/407 408/408/408
f 407/407/407 409/409/409 408/408/408
f 408/408/408 409/409/409 410/410/410
f 409/409/409 411/411/411 410/410/410
f 410/410/410 411/411/411 412/412/412
f 411/411/411 413/413/413 412/412/412
f 412/412/412 413/413/413 414/414/414
f 413/413/413 415/415/415 414/414/414
f 414/414/414 415/415/415 416/416/416
f 415/415/415 417/417/417 416/416/416
f 416/416/416 417/417/417 418/418/418
f 417/417/417 419/419/419 418/418/418
f 418/418/418 419/419/419 420/420/420
f 419/419/419 421/421/421 420/420/420
f 420/420/420 421/421/421 422/422/422
f 421/421/421 423/423/423 422/422/422
f 422/422/422 423/423/423 424/424/424
f 423/423/423 425/425/425 424/424/424
f 424/424/424 425/425/425 426/426/426
f 425/425/425 427/427/427 426/426/426
f 426/426/426 427/427/427 428/428/428
f 427/427/427 429/429/429 428/428/428
f 428/428/428 429/429/429 430/430/430
f 429/429/429 431/431/431 430/430/430
f 430/430/430 431/431/431 432/432/432
f 431/431/431 433/433/433 432/432/432
f 432/432/432 433/433/433 434/434/434
f 433/433/433 435/435/435 434/434/434
f 434/434/434 435/435/435 436/436/436
f 435/435/435 437/437/437 436/436/436
f 436/436/436 437/437/437 438/438/438
f 437/437/437 439/439/439 438/438/438
f 438/438/438 439/439/439 440/440/440
f 439/439/439 441/441/441 440/440/440
f 440/440/440 441/441/441 442/442/442
f 441/441/441 443/443/443 442/442/442
f 442/442/442 443/443/443 444/444/444
f 443/443/443 445/445/445 444/444/444
f 444/444/444 445/445/445 446/446/446
f 445/445/445 447/447/447 446/446/446
f 446/446/446 447/447/447 448/448/448
f 447/447/447 449/449/449 448/448/448
f 448/448/448 449/449/449 450/450/450
f 449/449/449 451/451/451 450/450/450
f 450/450/450 451/451/451 452/452/452
f 451/451/451 453/453/453 452/452/452
f 452/452/452 453/453/453 454/454/454
f 453/453/453 455/455/455 454/454/454
f 454/454/454 455/455/455 456/456/456
f 455/455/455 457/457/457 456/456/456
f 456/456/456 457/457/457 458/458/458
f 457/457/457 459/459/459 458/458/458
f 458/458/458 459/459/459 460/460/460
f 459/459/459 461/461/461 460/460/460
f 460/460/460 461/461/461 462/462/462
f 461/461/461 463/463/463 462/462/462
f 462/462/462 463/463/463 464/464/464
f 463/463/463 465/465/465 464/464/464
f 464/464/464 465/465/465 466/466/466
f 465/465/465 467/467/467 466/466/466
f 466/466/466 467/467/467 468/468/468
f 467/467/467 469/469/469 468/468/468
f 468/468/468 469/469/469 470/470/470
f 469/469/469 471/471/471 470/470/470
f 470/470/470 471/471/471 472/472/472
f 471/471/471 473/473/473 472/472/472
f 472/472/472 473/473/473 474/474/474
f 473/473/473 475/475/475 474/474/474
f 474/474/474 475/475/475 476/476/476
f 475/475/475 477/477/477 476/476/476
f 476/476/476 477/477/477 478/478/478
f 477/477/477 479/479/479 478/478/478
f 478/478/478 479/479/479 480/480/480
f 479/479/479 481/481/481 480/480/480
f 480/480/480 481/481/481 482/482/482
f 481/481/481 483/483/483 482/482/482
f 482/482/482 483/483/483 484/484/484
f 483/483/483 485/485/485 484/484/484
f 484/484/484 485/485/485 486/486/486
f 485/485/485 487/487/487 486/486/486
f 486/486/486 487/487/487 488/488/488
f 487/487/487 489/489/489 488/488/488
f 488/488/488 489/489/489 490/490/490
f 489/489/489 491/491/491 490/490/490
f 490/490/490 491/491/491 492/492/492
f 491/491/491 493/493/493 492/492/492
f 492/492/492 493/493/493 494/494/494
f 493/493/493 495/495/495 494/494/494
f 494/494/494 495/495/495 496/496/496
f 495/495/495 497/497/497 496/496/496
f 496/496/496 497/497/497 498/498/498
f 497/497/497 499/499/499 498/498/498
f 498/498/498 499/499/499 500/500/500
f 499/499/499 501/501/501 500/500/500
f 500/500/500 501/501/501 502/502/502
f 501/501/501 503/503/503 502/502/502
f 502/502/502 503/503/503 504/504/504
f 503/503/503 505/505/505 504/504/504
f 504/504/504 505/505/505 506/506/506
f 505/505/505 507/507/507 506/506/506
f 506/506/506 507/507/507 508/508/508
f 507/507/507 509/509/509 508/508/508
f 508/508/508 509/509/509 510/510/510
f 509/509/509 511/511/511 510/510/510
f 510/510/510 511/511/511 512/512/512
f 511/511/511 513/513/513 512/512/512
f 512/512/512 513/513/513 514/514/514
f 513/513/513 515/515/515 514/514/514
f 514/514/514 515/515/515 516/516/516
f 515/515/515 517/517/517 516/516/516
f 516/516/516 517/517/517 518/518/518
f 517/517/517 519/519/519 518/518/518
f 518/518/518 519/519/519 520/520/520
f 519/519/519 521/521/521 520/520/520
f 520/520/520 521/521/521 522/522/522
f 521/521/521 523/523/523 522/522/522
f 522/522/522 523/523/523 524/524/524
f 523/523/523 525/525/525 524/524/524
f 524/524/524 525/525/525 526/526/526
f 525/525/525 527/527/527 526/526/526
f 526/526/526 527/527/527 528/528/528
f 527/527/527 529/529/529 528/528/528
f 528/528/528 529/529/529 530/530/530
f 529/529/529 531/531/531 530/530/530
f 530/530/530 531/531/531 532/532/532
f 531/531/531 533/533/533 532/532/532
f 532/532/532 533/533/533 534/534/534
f 533/533/533 535/535/535 534/534/534
f 534/534/534 535/535/535 536/536/536
f 535/535/535 537/537/537 536/536/536
f 536/536/536 537/537/537 538/538/538
f 537/537/537 539/539/539 538/538/538
f 538/538/538 539/539/539 540/540/540
f 539/539/539 541/541/541 540/540/540
f 540/540/540 541/541/541 542/542/542
f 541/541/541 543/543/543 542/542/542
f 542/542/542 543/543/543 544/544/544
f 543/543/543 545/545/545 544/544/544
f 544/544/544 545/545/545 546/546/546
f 545/545/545 547/547/547 546/546/546
f 546/546/546 547/547/547 548/548/548
f 547/547/547 549/549/549 548/548/548
f 548/548/548 549/549/549 550/550/550
f 549/549/549 551/551/551 550/550/550
f 550/550/550 551/551/551 552/552/552
f 551/551/551 553/553/553 552/552/552
f 552/552/552 553/553/553 554/554/554
f 553/553/553 555/555/555 554/554/554
f 554/554/554 555/555/555 556/556/556
f 555/555/555 557/557/557 556/556/556
f 556/556/556 557/557/557 558/558/558
f 557/557/557 559/559/559 558/558/558
f 558/558/558 559/559/559 560/560/560
f 559/559/559 561/561/561 560/560/560
f 560/560/560 561/561/561 562/562/562
f 561/561/561 563/563/563 562/562/562
f 562/562/562 563/563/563 564/564/564
f 563/563/563 565/565/565 564/564/564
f 564/564/564 565/565/565 566/566/566
f 565/565/565 567/567/567 566/566/566
f 566/566/566 567/567/567 568/568/568
f 567/567/567 569/569/569 568/568/568
f 568/568/568 569/569/569 570/570/570
f 569/569/569 571/571/571 570/570/570
f 570/570/570 571/571/571 572/572/572
f 571/571/571 573/573/573 572/572/572
f 572/572/572 573/573/573 574/574/574
f 573/573/573 575/575/575 574/574/574
f 574/574/574 575/575/575 576/576/576
f 575/575/575 577/577/577 576/576/576
f 576/576/576 577/577/577 578/578/578
f 577/577/577 579/579/579 578/578/578
f 578/578/578 579/579/579 580/580/580
f 579/579/579 581/581/581 580/580/580
f 580/580/580 581/581/581 582/582/582
f 581/581/581 583/583/583 582/582/582
f 582/582/582 583/583/583 584/584/584
f 583/583/583 585/585/585 584/584/584
f 584/584/584 585/585/585 586/586/586
f 585/585/585 587/587/587 586/586/586
f 586/586/586 587/587/587 588/588/588
f 587/587/587 589/589/589 588/588/588
f 588/588/588 589/589/589 590/590/590
f 589/589/589 591/591/591 590/590/590
f 590/590/590 591/591/591 592/592/592
f 591/591/591 593/593/593 592/592/592
f 592/592/592 593/593/593 594/594/594
f 593/593/593 595/595/595 594/594/594
f 594/594/594 595/595/595 596/596/596
f 595/595/595 597/597/597 596/596/596
f 596/596/596 597/597/597 598/598/598
f 597/597/597 599/599/599 598/598/598
f 598/598/598 599/599/599 600/600/600
f 599/599/599 601/601/601 600/600/600
f 600/600/600 601/601/601 602/602/602
f 601/601/601 603/603/603 602/602/602
f 602/602/602 603/603/603 604/604/604
f 603/603/603 605/605/605 604/604/604
f 604/604/604 605/605/605 606/606/606
f 605/605/605 607/607/607 606/606/606
f 606/606/606 607/607/607 608/608/608
f 607/607/607 609/609/609 608/608/608
f 608/608/608 609/609/609 610/610/610
f 609/609/609 611/611/611 610/610/610
f 610/610/610 611/611/611 612/612/612
f 611/611/611 613/613/613 612/612/612
f 612/612/612 613/613/613 614/614/614
f 613/613/613 615/615/615 614/614/614
f 614/614/614 615/615/615 616/616/616
f 615/615/615 617/617/617 616/616/616
f 616/616/616 617/617/617 618/618/618
f 617/617/617 619/619/619 618/618/618
f 618/618/618 619/619/619 620/620/620
f 619/619/619 621/621/621 620/620/620
f 620/620/620 621/621/621 622/622/622
f 621/621/621 623/623/623 622/622/622
f 622/622/622 623/623/623 624/624/624
f 623/623/623 625/625/625 624/624/624
f 624/624/624 625/625/625 626/626/626
f 625/625/625 627/627/627 626/626/626
f 626/626/626 627/627/627 628/628/628
f 627/627/627 629/629/629 628/628/628
f 628/628/628 629/629/629 630/630/630
f 629/629/629 631/631/631 630/630/630
f 630/630/630 631/631/631 632/632/632
f 631/631/631 633/633/633 632/632/632
f 632/632/632 633/633/633 634/634/634
f 633/633/633 635/635/635 634/634/634
f 634/634/634 635/635/635 636/636/636
f 635/635/635 637/637/637 636/636/636
f 636/636/636 637/637/637 638/638/638
f 637/637/637 639/639/639 638/638/638
f 638/638/638 639/639/639 640/640/640
f 639/639/639 641/641/641 640/640/640
f 640/640/640 641/641/641 642/642/642
f 641/641/641 643/643/643 642/642/642
f 642/642/642 643/643/643 644/644/644
f 643/643/643 645/645/645 644/644/644
f 644/644/644 645/645/645 646/646/646
f 645/645/645 647/647/647 646/646/646
f 646/646/646 647/647/647 648/648/648
f 647/647/647 649/649/649 648/648/648
f 648/648/648 649/649/649 650/650/650
f 649/649/649 651/651/651 650/650/650
f 650/650/650 651/651/651 652/652/652
f 651/651/651 653/653/653 652/652/652
f 652/652/652 653/653/653 654/654/654
f 653/653/653 655/655/655 654/654/654
f 654/654/654 655/655/655 656/656/656
f 655/655/655 657/657/657 656/656/656
f 656/656/656 657/657/657 658/658/658
f 657/657/657 659/659/659 658/658/658
f 658/658/658 659/659/659 660/660/660
f 659/659/659 661/661/661 660/660/660
f 660/660/660 661/661/661 662/662/662
f 661/661/661 663/663/663 662/662/662
f 662/662/662 663/663/663 664/664/664
f 663/663/663 665/665/665 664/664/664
f 664/664/664 665/665/665 666/666/666
f 665/665/665 667/667/667 666/666/666
f 666/666/666 667/667/667 668/668/668
f 667/667/667 669/669/669 668/668/668
f 668/668/668 669/669/669 670/670/670
f 669/669/669 671/671/671 670/670/670
f 670/670/670 671/671/671 672/672/672
f 671/671/671 673/673/673 672/672/672
f 672/672/672 673/673/673 674/674/674
f 673/673/673 675/675/675 674/674/674
f 674/674/674 675/675/675 676/676/676
f 675/675/675 677/677/677 676/676/676
f 676/676/676 677/677/677 678/678/678
f 677/677/677 679/679/679 678/678/678
f 678/678/678 679/679/679 680/680/680
f 679/679/679 681/681/681 680/680/680
f 680/680/680 681/681/681 682/682/682
f 681/681/681 683/683/683 682/682/682
f 682/682/682 683/683/683 684/684/684
f 683/683/683 685/685/685 684/684/684
f 684/684/684 685/685/685 686/686/686
f 685/685/685 687/687/687 686/686/686
f 686/686/686 687/687/687 688/688/688
f 687/687/687 689/689/689 688/688/688
f 688/688/688 689/689/689 690/690/690
f 689/689/689 691/691/691 690/690/690
f 690/690/690 691/691/691 692/692/692
f 691/691/691 693/693/693 692/692/692
f 692/692/692 693/693/693 694/694/694
f 693/693/693 695/695/695 694/694/694
f 694/694/694 695/695/695 696/696/696
f 695/695/695 697/697/697 696/696/696
f 696/696/696 697/697/697 698/698/698
f 697/697/697 699/699/699 698/698/698
f 698/698/698 699/699/699 700/700/700
f 699/699/699 701/701/701 700/700/700
f 700/700/700 701/701/701 702/702/702
f 701/701/701 703/703/703 702/702/702
f 702/702/702 703/703/703 704/704/704
f 703/703/703 705/705/705 704/704/704
f 704/704/704 705/705/705 706/706/706
f 705/705/705 707/707/707 706/706/706
f 706/706/706 707/707/707 708/708/708
f 707/707/707 709/709/709 708/708/708
f 708/708/708 709/709/709 710/710/710
f 709/709/709 711/711/711 710/710/710
f 710/710/710 711/711/711 712/712/712
f 711/711/711 713/713/713 712/712/712
f 712/712/712 713/713/713 714/714/714
f 713/713/713 715/715/715 714/714/714
f 714/714/714 715/715/715 716/716/716
f 715/715/715 717/717/717 716/716/716
f 716/716/716 717/717/717 718/718/718
f 717/717/717 719/719/719 718/718/718
f 718/718/718 719/719/719 720/720/720
f 719/719/719 721/721/721 720/720/720
f 720/720/720 721/721/721 722/722/722
f 721/721/721 723/723/723 722/722/722
f 722/722/722 723/723/723 724/724/724
f 723/723/723 725/725/725 724/724/724
f 724/724/724 725/725/725 726/726/726
f 725/725/725 727/727/727 726/726/726
f 726/726/726 727/727/727 728/728/728
f 727/727/727 729/729/729 728/728/728
f 728/728/728 729/729/729 730/730/730
f 729/729/729 731/731/731 730/730/730
f 730/730/730 731/731/731 732/732/732
f 731/731/731 733/733/733 732/732/732
f 732/732/732 733/733/733 734/734/734
f 733/733/733 735/735/735 734/734/734
f 734/734/734 735/735/735 736/736/736
f 735/735/735 737/737/737 736/736/736
f 736/736/736 737/737/737 738/738/738
f 737/737/737 739/739/739 738/738/738
f 738/738/738 739/739/739 740/740/740
f 739/739/739 741/741/741 740/740/740
f 740/740/740 741/741/741 742/742/742
f 741/741/741 743/743/743 742/742/742
f 742/742/742 743/743/743 744/744/744
f 743/743/743 745/745/745 744/744/744
f 744/744/744 745/745/745 746/746/746
f 745/745/745 747/747/747 746/746/746
f 746/746/746 747/747/747 748/748/748
f 747/747/747 749/749/749 748/748/748
f 748/748/748 749/749/749 750/750/750
f 749/749/749 751/751/751 750/750/750
f 750/750/750 751/751/751 752/752/752
f 751/751/751 753/753/753 752/752/752
f 752/752/752 753/753/753 754/754/754
f 753/753/753 755/755/755 754/754/754
f 754/754/754 755/755/755 756/756/756
f 755/755/755 757/757/757 756/756/756
f 756/756/756 757/757/757 758/758/758
f 757/757/757 759/759/759 758/758/758
f 758/758/758 759/759/759 760/760/760
f 759/759/759 761/761/761 760/760/760
f 760/760/760 761/761/761 762/762/762
f 761/761/761 763/763/763 762/762/762
f 762/762/762 763/763/763 764/764/764
f 763/763/763 765/765/765 764/764/764
f 764/764/764 765/765/765 766/766/766
f 765/765/765 767/767/767 766/766/766
f 766/766/766 767/767/767 768/768/768
f 767/767/767 769/769/769 768/768/768
f 768/768/768 769/769/769 770/770/770
f 769/769/769 771/771/771 770/770/770
f 770/770/770 771/771/771 772/772/772
f 771/771/771 773/773/773 772/772/772
f 772/772/772 773/773/773 774/774/774
f 773/773/773 775/775/775 774/774/774
f 774/774/774 775/775/775 776/776/776
f 775/775/775 777/777/777 776/776/776
f 776/776/776 777/777/777 778/778/778
f 777/777/777 779/779/779 778/778/778
f 778/778/778 779/779/779 780/780/780
f 779/779/779 781/781/781 780/780/780
f 780/780/780 781/781/781 782/782/782
f 781/781/781 783/783/783 782/782/782
f 782/782/782 783/783/783 784/784/784
f 783/783/783 785/785/785 784/784/784
f 784/784/784 785/785/785 786/786/786
f 785/785/785 787/787/787 786/786/786
f 786/786/786 787/787/787 788/788/788
f 787/787/787 789/789/789 788/788/788
f 788/788/788 789/789/789 790/790/790
f 789/789/789 791/791/791 790/790/790
f 790/790/790 791/791/791 792/792/792
f 791/791/791 793/793/793 792/792/792
f 792/792/792 793/793/793 794/794/794
f 793/793/793 795/795/795 794/794/794
f 794/794/794 795/795/795 796/796/796
f 795/795/795 797/797/797 796/796/796
f 796/796/796 797/797/797 798/798/798
f 797/797/797 799/799/799 798/798/798
f 798/798/798 799/799/799 800/800/800
f 799/799/799 801/801/801 800/800/800
f 800/800/800 801/801/801 802/802/802
f 801/801/801 803/803/803 802/802/802
f 802/802/802 803/803/803 804/804/804
f 803/803/803 805/805/805 804/804/804
f 804/804/804 805/805/805 806/806/806
f 805/805/805 807/807/807 806/806/806
f 806/806/806 807/807/807 808/808/808
f 807/807/807 809/809/809 808/808/808
f 808/808/808 809/809/809 810/810/810
f 809/809/809 811/811/811 810/810/810
f 810/810/810 811/811/811 812/812/812
f 811/811/811 813/813/813 812/812/812
f 812/812/812 813/813/813 814/814/814
f 813/813/813 815/815/815 814/814/814
f 814/814/814 815/815/815 816/816/816
f 815/815/815 817/817/817 816/816/816
f 816/816/816 817/817/817 818/818/818
f 817/817/817 819/819/819 818/818/818
f 818/818/818 819/819/819 820/820/820
f 819/819/819 821/821/821 820/820/820
f 820/820/820 821/821/821 822/822/822
f 821/821/821 823/823/823 822/822/822
f 822/822/822 823/823/823 824/824/824
f 823/823/823 825/825/825 824/824/824
f 824/824/824 825/825/825 826/826/826
f 825/825/825 827/827/827 826/826/826
f 826/826/826 827/827/827 828/828/828
f 827/827/827 829/829/829 828/828/828
f 828/828/828 829/829/829 830/830/830
f 829/829/829 831/831/831 830/830/830
f 830/830/830 831/831/831 832/832/832
f 831/831/831 833/833/833 832/832/832
f 832/832/832 833/833/833 834/834/834
f 833/833/833 835/835/835 834/834/834
f 834/834/834 835/835/835 836/836/836
f 835/835/835 837/837/837 836/836/836
f 836/836/836 837/837/837 838/838/838
f 837/837/837 839/839/839 838/838/838
f 838/838/838 839/839/839 840/840/840
f 839/839/839 841/841/841 840/840/840
f 840/840/840 841/841/841 842/842/842
f 841/841/841 843/843/843 842/842/842
f 842/842/842 843/843/843 844/844/844
f 843/843/843 845/845/845 844/844/844
f 844/844/844 845/845/845 846/846/846
f 845/845/845 847/847/847 846/846/846
f 846/846/846 847/847/847 848/848/848
f 847/847/847 849/849/849 848/848/848
f 848/848/848 849/849/849 850/850/850
f 849/849/849 851/851/851 850/850/850
f 850/850/850 851/851/851 852/852/852
f 851/851/851 853/853/853 852/852/852
f 852/852/852 853/853/853 854/854/854
f 853/853/853 855/855/855 854/854/854
f 854/854/854 855/855/855 856/856/856
f 855/855/855 857/857/857 856/856/856
f 856/856/856 857/857/857 858/858/858
f 857/857/857 859/859/859 858/858/858
f 858/858/858 859/859/859 860/860/860
f 859/859/859 861/861/861 860/860/860
f 860/860/860 861/861/861 862/862/862
f 861/861/861 863/863/863 862/862/862
f 862/862/862 863/863/863 864/864/864
f 863/863/863 865/865/865 864/864/864
f 864/864/864 865/865/865 866/866/866
f 865/865/865 867/867/867 866/866/866
f 866/866/866 867/867/867 868/868/868
f 867/867/867 869/869/869 868/868/868
f 868/868/868 869/869/869 870/870/870
f 869/869/869 871/871/871 870/870/870
f 870/870/870 871/871/871 872/872/872
f 871/871/871 873/873/873 872/872/872
f 872/872/872 873/873/873 874/874/874
f 873/873/873 875/875/875 874/874/874
f 874/874/874 875/875/875 876/876/876
f 875/875/875 877/877/877 876/876/876
f 876/876/876 877/877/877 878/878/878
f 877/877/877 879/879/879 878/878/878
f 878/878/878 879/879/879 880/880/880
f 879/879/879 881/881/881 880/880/880
f 880/880/880 881/881/881 882/882/882
f 881/881/881 883/883/883 882/882/882
f 882/882/882 883/883/883 884/884/884
f 883/883/883 885/885/885 884/884/884
f 884/884/884 885/885/885 886/886/886
f 885/885/885 887/887/887 886/886/886
f 886/886/886 887/887/887 888/888/888
f 887/887/887 889/889/889 888/888/888
f 888/888/888 889/889/889 890/890/890
f 889/889/889 891/891/891 890/890/890
f 890/890/890 891/891/891 892/892/892
f 891/891/891 893/893/893 892/892/892
f 892/892/892 893/893/893 894/894/894
f 893/893/893 895/895/895 894/894/894
f 894/894/894 895/895/895 896/896/896
f 895/895/895 897/897/897 896/896/896
f 896/896/896 897/897/897 898/898/898
f 897/897/897 899/899/899 898/898/898
f 898/898/898 899/899/899 900/900/900
f 899/899/899 901/901/901 900/900/900
f 900/900/900 901/901/901 902/902/902
f 901/901/901 903/903/903 902/902/902
f 902/902/902 903/903/903 904/904/904
f 903/903/903 905/905/905 904/904/904
f 904/904/904 905/905/905 906/906/906
f 905/905/905 907/907/907 906/906/906
f 906/906/906 907/907/907 908/908/908
f 907/907/907 909/909/909 908/908/908
f 908/908/908 909/909/909 910/910/910
f 909/909/909 911/911/911 910/910/910
f 910/910/910 911/911/911 912/912/912
f 911/911/911 913/913/913 912/912/912
f 912/912/912 913/913/913 914/914/914
f 913/913/913 915/915/915 914/914/914
f 914/914/914 915/915/915 916/916/916
f 915/915/915 917/917/917 916/916/916
f 916/916/916 917/917/917 918/918/918
f 917/917/917 919/919/919 918/918/918
f 918/918/918 919/919/919 920/920/920
f 919/919/919 921/921/921 920/920/920
f 920/920/920 921/921/921 922/922/922
f 921/921/921 923/923/923 922/922/922
f 922/922/922 923/923/923 924/924/924
f 923/923/923 925/925/925 924/924/924
f 924/924/924 925/925/925 926/926/926
f 925/925/925 927/927/927 926/926/926
f 926/926/926 927/927/927 928/928/928
f 927/927/927 929/929/929 928/928/928
f 928/928/928 929/929/929 930/930/930
f 929/929/929 931/931/931 930/930/930
f 930/930/930 931/931/931 932/932/932
f 931/931/931 933/933/933 932/932/932
f 932/932/932 933/933/933 934/934/934
f 933/933/933 935/935/935 934/934/934
f 934/934/934 935/935/935 936/936/936
f 935/935/935 937/937/937 936/936/936
f 936/936/936 937/937/937 938/938/938
f 937/937/937 939/939/939 938/938/938
f 938/938/938 939/939/939 940/940/940
f 939/939/939 941/941/941 940/940/940
f 940/940/940 941/941/941 942/942/942
f 941/941/941 943/943/943 942/942/942
f 942/942/942 943/943/943 944/944/944
f 943/943/943 945/945/945 944/944/944
f 944/944/944 945/945/945 946/946/946
f 945/945/945 947/947/947 946/946/946
f 946/946/946 947/947/947 948/948/948
f 947/947/947 949/949/949 948/948/948
f 948/948/948 949/949/949 950/950/950
f 949/949/949 951/951/951 950/950/950
f 950/950/950 951/951/951 952/952/952
f 951/951/951 953/953/953 952/952/952
f 952/952/952 953/953/953 954/954/954
f 953/953/953 955/955/955 954/954/954
f 954/954/954 955/955/955 956/956/956
f 955/955/955 957/957/957 956/956/956
f 956/956/956 957/957/957 958/958/958
f 957/957/957 959/959/959 958/958/958
f 958/958/958 959/959/959 960/960/960
f 959/959/959 961/961/961 960/960/960
f 960/960/960 961/961/961 962/962/962
f 961/961/961 963/963/963 962/962/962
f 962/962/962 963/963/963 964/964/964
f 963/963/963 965/965/965 964/964/964
f 964/964/964 965/965/965 966/966/966
f 965/965/965 967/967/967 966/966/966
f 966/966/966 967/967/967 968/968/968
f 967/967/967 969/969/969 968/968/968
f 968/968/968 969/969/969 970/970/970
f 969/969/969 971/971/971 970/970/970
f 970/970/970 971/971/971 972/972/972
f 971/971/971 973/973/973 972/972/972
f 972/972/972 973/973/973 974/974/974
f 973/973/973 975/975/975 974/974/974
f 974/974/974 975/975/975 976/976/976
f 975/975/975 977/977/977 976/976/976
f 976/976/976 977/977/977 978/978/978
f 977/977/977 979/979/979 978/978/978
f 978/978/978 979/979/979 980/980/980
f 979/979/979 981/981/981 980/980/980
f 980/980/980 981/981/981 982/982/982
f 981/981/981 983/983/983 982/982/982
f 982/982/982 983/983/983 984/984/984
f 983/983/983 985/985/985 984/984/984
f 984/984/984 985/985/985 986/986/986
f 985/985/985 987/987/987 986/986/986
f 986/986/986 987/987/987 988/988/988
f 987/987/987 989/989/989 988/988/988
f 988/988/988 989/989/989 990/990/990
f 989/989/989 991/991/991 990/990/990
f 990/990/990 991/991/991 992/992/992
f 991/991/991 993/993/993 992/992/992
f 992/992/992 993/993/993 994/994/994
f 993/993/993 995/995/995 994/994/994
f 994/994/994 995/995/995 996/996/996
f 995/995/995 997/997/997 996/996/996
f 996/996/996 997/997/997 998/998/998
f 997/997/997 999/999/999 998/998/998
f 998/998/998 999/999/999 1000/1000/1000
f 999/999/999 1001/1001/1001 1000/1000/1000
f 1000/1000/1000 1001/1001/1001 1002/1002/1002
f 1001/1001/1001 1003/1003/1003 1002/1002/1002
f 1002/1002/1002 1003/1003/1003 1004/1004/1004
f 1003/1003/1003 1005/1005/1005 1004/1004/1004
f 1004/1004/1004 1005/1005/1005 1006/1006/1006
f 1005/1005/1005 1007/1007/1007 1006/1006/1006
f 1006/1006/1006 1007/1007/1007 1008/1008/1008
f 1007/1007/1007 1009/1009/1009 1008/1008/1008
f 1008/1008/1008 1009/1009/1009 1010/1010/1010
f 1009/1009/1009 1011/1011/1011 1010/1010/1010
f 1010/1010/1010 1011/1011/1011 1012/1012/1012
f 1011/1011/1011 1013/1013/1013 1012/1012/1012
f 1012/1012/1012 1013/1013/1013 1014/1014/1014
f 1013/1013/1013 1015/1015/1015 1014/1014/1014
f 1014/1014/1014 1015/1015/1015 1016/1016/1016
f 1015/1015/1015 1017/1017/1017 1016/1016/1016
f 1016/1016/1016 1017/1017/1017 1018/1018/1018
f 1017/1017/1017 1019/1019/1019 1018/1018/1018
f 1018/1018/1018 1019/1019/1019 1020/1020/1020
f 1019/1019/1019 1021/1021/1021 1020/1020/1020
f 1020/1020/1020 1021/1021/1021 1022/1022/1022
f 1021/1021/1021 1023/1023/1023 1022/1022/1022
f 1022/1022/1022 1023/1023/1023 1024/1024/1024
f 1023/1023/1023 1025/1025/1025 1024/1024/1024
f 1024/1024/1024 1025/1025/1025 1026/1026/1026
f 1025/1025/1025 1027/1027/1027 1026/1026/1026
f 1026/1026/1026 1027/1027/1027 1028/1028/1028
f 1027/1027/1027 1029/1029/1029 1028/1028/1028
f 1028/1028/1028 1029/1029/1029 1030/1030/1030
f 1029/1029/1029 1031/1031/1031 1030/1030/1030
f 1030/1030/1030 1031/1031/1031 1032/1032/1032
f 1031/1031/1031 1033/1033/1033 1032/1032/1032
f 1032/1032/1032 1033/1033/1033 1034/1034/1034
f 1033/1033/1033 1035/1035/1035 1034/1034/1034
f 1034/1034/1034 1035/1035/1035 1036/1036/1036
f 1035/1035/1035 1037/1037/1037 1036/1036/1036
f 1036/1036/1036 1037/1037/1037 1038/1038/1038
f 1037/1037/1037 1039/1039/1039 1038/1038/1038
f 1038/1038/1038 1039/1039/1039 1040/1040/1040
f 1039/1039/1039 1041/1041/1041 1040/1040/1040
f 1040/1040/1040 1041/1041/1041 1042/1042/1042
f 1041/1041/1041 1043/1043/1043 1042/1042/1042
f 1042/1042/1042 1043/1043/1043 1044/1044/1044
f 1043/1043/1043 1045/1045/1045 1044/1044/1044
f 1044/1044/1044 1045/1045/1045 1046/1046/1046
f 1045/1045/1045 1047/1047/1047 1046/1046/1046
f 1046/1046/1046 1047/1047/1047 1048/1048/1048
f 1047/1047/1047 1049/1049/1049 1048/1048/1048
f 1048/1048/1048 1049/1049/1049 1050/1050/1050
f 1049/1049/1049 1051/1051/1051 1050/1050/1050
f 1050/1050/1050 1051/1051/1051 1052/1052/1052
f 1051/1051/1051 1053/1053/1053 1052/1052/1052
f 1052/1052/1052 1053/1053/1053 1054/1054/1054
f 1053/1053/1053 1055/1055/1055 1054/1054/1054
f 1054/1054/1054 1055/1055/1055 1056/1056/1056
f 1055/1055/1055 1057/1057/1057 1056/1056/1056
f 1056/1056/1056 1057/1057/1057 1058/1058/1058
f 1057/1057/1057 1059/1059/1059 1058/1058/1058
f 1058/1058/1058 1059/1059/1059 1060/1060/1060
f 1059/1059/1059 1061/1061/1061 1060/1060/1060
f 1060/1060/1060 1061/1061/1061 1062/1062/1062
f 1061/1061/1061 1063/1063/1063 1062/1062/1062
f 1062/1062/1062 1063/1063/1063 1064/1064/1064
f 1063/1063/1063 1065/1065/1065 1064/1064/1064
f 1064/1064/1064 1065/1065/1065 1066/1066/1066
f 1065/1065/1065 1067/1067/1067 1066/1066/1066
f 1066/1066/1066 1067/1067/1067 1068/1068/1068
f 1067/1067/1067 1069/1069/1069 1068/1068/1068
f 1068/1068/1068 1069/1069/1069 1070/1070/1070
f 1069/1069/1069 1071/1071/1071 1070/1070/1070
f 1070/1070/1070 1071/1071/1071 1072/1072/1072
f 1071/1071/1071 1073/1073/1073 1072/1072/1072
f 1072/1072/1072 1073/1073/1073 1074/1074/1074
f 1073/1073/1073 1075/1075/1075 1074/1074/1074
f 1074/1074/1074 1075/1075/1075 1076/1076/1076
f 1075/1075/1075 1077/1077/1077 1076/1076/1076
f 1076/1076/1076 1077/1077/1077 1078/1078/1078
f 1077/1077/1077 1079/1079/1079 1078/1078/1078
f 1078/1078/1078 1079/1079/1079 1080/1080/1080
f 1079/1079/1079 1081/1081/1081 1080/1080/1080
f 1080/1080/1080 1081/1081/1081 1082/1082/1082
f 1081/1081/1081 1083/1083/1083 1082/1082/1082
f 1082/1082/1082 1083/1083/1083 1084/1084/1084
f 1083/1083/1083 1085/1085/1085 1084/1084/1084
f 1084/1084/1084 1085/1085/1085 1086/1086/1086
f 1085/1085/1085 1087/1087/1087 1086/1086/1086
f 1086/1086/1086 1087/1087/1087 1088/1088/1088
f 1087/1087/1087 1089/1089/1089 1088/1088/1088
f 1088/1088/1088 1089/1089/1089 1090/1090/1090
f 1089/1089/1089 1091/1091/1091 1090/1090/1090
f 1090/1090/1090 1091/1091/1091 1092/1092/1092
f 1091/1091/1091 1093/1093/1093 1092/1092/1092
f 1092/1092/1092 1093/1093/1093 1094/1094/1094
f 1093/1093/1093 1095/1095/1095 1094/1094/1094
f 1094/1094/1094 1095/1095/1095 1096/1096/1096
f 1095/1095/1095 1097/1097/1097 1096/1096/1096
f 1096/1096/1096 1097/1097/1097 1098/1098/1098
f 1097/1097/1097 1099/1099/1099 1098/1098/1098
f 1098/1098/1098 1099/1099/1099 1100/1100/1100
f 1099/1099/1099 1101/1101/1101 1100/1100/1100
f 1100/1100/1100 1101/1101/1101 1102/1102/1102
f 1101/1101/1101 1103/1103/1103 1102/1102/1102
f 1102/1102/1102 1103/1103/1103 1104/1104/1104
f 1103/1103/1103 1105/1105/1105 1104/1104/1104
f 1104/1104/1104 1105/1105/1105 1106/1106/1106
f 1105/1105/1105 1107/1107/1107 1106/1106/1106
f 1106/1106/1106 1107/1107/1107 1108/1108/1108
f 1107/1107/1107 1109/1109/1109 1108/1108/1108
f 1108/1108/1108 1109/1109/1109 1110/1110/1110
f 1109/1109/1109 1111/1111/1111 1110/1110/1110
f 1110/1110/1110 1111/1111/1111 1112/1112/1112
f 1111/1111/1111 1113/1113/1113 1112/1112/1112
f 1112/1112/1112 1113/1113/1113 1114/1114/1114
f 1113/1113/1113 1115/1115/1115 1114/1114/1114
f 1114/1114/1114 1115/1115/1115 1116/1116/1116
f 1115/1115/1115 1117/1117/1117 1116/1116/1116
f 1116/1116/1116 1117/1117/1117 1118/1118/1118
f 1117/1117/1117 1119/1119/1119 1118/1118/1118
f 1118/1118/1118 1119/1119/1119 1120/1120/1120
f 1119/1119/1119 1121/1121/1121 1120/1120/1120
f 1120/1120/1120 1121/1121/1121 1122/1122/1122
f 1121/1121/1121 1123/1123/1123 1122/1122/1122
f 1122/1122/1122 1123/1123/1123 1124/1124/1124
f 1123/1123/1123 1125/1125/1125 1124/1124/1124
f 1124/1124/1124 1125/1125/1125 1126/1126/1126
f 1125/1125/1125 1127/1127/1127 1126/1126/1126
f 1126/1126/1126 1127/1127/1127 1128/1128/1128
f 1127/1127/1127 1129/1129/1129 1128/1128/1128
f 1128/1128/1128 1129/1129/1129 1130/1130/1130
f 1129/1129/1129 1131/1131/1131 1130/1130/1130
f 1130/1130/1130 1131/1131/1131 1132/1132/1132
f 1131/1131/1131 1133/1133/1133 1132/1132/1132
f 1132/1132/1132 1133/1133/1133 1134/1134/1134
f 1133/1133/1133 1135/1135/1135 1134/1134/1134
f 1134/1134/1134 1135/1135/1135 1136/1136/1136
f 1135/1135/1135 1137/1137/1137 1136/1136/1136
f 1136/1136/1136 1137/1137/1137 1138/1138/1138
f 1137/1137/1137 1139/1139/1139 1138/1138/1138
f 1138/1138/1138 1139/1139/1139 1140/1140/1140
f 1139/1139/1139 1141/1141/1141 1140/1140/1140
f 1140/1140/1140 1141/1141/1141 1142/1142/1142
f 1141/1141/1141 1143/1143/1143 1142/1142/1142
f 1142/1142/1142 1143/1143/1143 1144/1144/1144
f 1143/1143/1143 1145/1145/1145 1144/1144/1144
f 1144/1144/1144 1145/1145/1145 1146/1146/1146
f 1145/1145/1145 1147/1147/1147 1146/1146/1146
f 1146/1146/1146 1147/1147/1147 1148/1148/1148
f 1147/1147/1147 1149/1149/1149 1148/1148/1148
f 1148/1148/1148 1149/1149/1149 1150/1150/1150
f 1149/1149/1149 1151/1151/1151 1150/1150/1150
f 1150/1150/1150 1151/1151/1151 1152/1152/1152
f 1151/1151/1151 1153/1153/1153 1152/1152/1152
f 1152/1152/1152 1153/1153/1153 1154/1154/1154
f 1153/1153/1153 1155/1155/1155 1154/1154/1154
f 1154/1154/1154 1155/1155/1155 1156/1156/1156
f 1155/1155/1155 1157/1157/1157 1156/1156/1156
f 1156/1156/1156 1157/1157/1157 1158/1158/1158
f 1157/1157/1157 1159/1159/1159 1158/1158/1158
f 1158/1158/1158 1159/1159/1159 1160/1160/1160
f 1159/1159/1159 1161/1161/1161 1160/1160/1160
f 1160/1160/1160 1161/1161/1161 1162/1162/1162
f 1161/1161/1161 1163/1163/1163 1162/1162/1162
f 1162/1162/1162 1163/1163/1163 1164/1164/1164
f 1163/1163/1163 1165/1165/1165 1164/1164/1164
f 1164/1164/1164 1165/1165/1165 1166/1166/1166
f 1165/1165/1165 1167/1167/1167 1166/1166/1166
f 1166/1166/1166 1167/1167/1167 1168/1168/1168
f 1167/1167/1167 1169/1169/1169 1168/1168/1168
f 1168/1168/1168 1169/1169/1169 1170/1170/1170
f 1169/1169/1169 1171/1171/1171 1170/1170/1170
f 1170/1170/1170 1171/1171/1171 1172/1172/1172
f 1171/1171/1171 1173/1173/1173 1172/1172/1172
f 1172/1172/1172 1173/1173/1173 1174/1174/1174
f 1173/1173/1173 1175/1175/1175 1174/1174/1174
f 1174/1174/1174 1175/1175/1175 1176/1176/1176
f 1175/1175/1175 1177/1177/1177 1176/1176/1176
f 1176/1176/1176 1177/1177/1177 1178/1178/1178
f 1177/1177/1177 1179/1179/1179 1178/1178/1178
f 1178/1178/1178 1179/1179/1179 1180/1180/1180
f 1179/1179/1179 1181/1181/1181 1180/1180/1180
f 1180/1180/1180 1181/1181/1181 1182/1182/1182
f 1181/1181/1181 1183/1183/1183 1182/1182/1182
f 1182/1182/1182 1183/1183/1183 1184/1184/1184
f 1183/1183/1183 1185/1185/1185 1184/1184/1184
f 1184/1184/1184 1185/1185/1185 1186/1186/1186
f 1185/1185/1185 1187/1187/1187 1186/1186/1186
f 1186/1186/1186 1187/1187/1187 1188/1188/1188
f 1187/1187/1187 1189/1189/1189 1188/1188/1188
f 1188/1188/1188 1189/1189/1189 1190/1190/1190
f 1189/1189/1189 1191/1191/1191 1190/1190/1190
f 1190/1190/1190 1191/1191/1191 1192/1192/1192
f 1191/1191/1191 1193/1193/1193 1192/1192/1192
f 1192/1192/1192 1193/1193/1193 1194/1194/1194
f 1193/1193/1193 1195/1195/1195 1194/1194/1194
f 1194/1194/1194 1195/1195/1195 1196/1196/1196
f 1195/1195/1195 1197/1197/1197 1196/1196/1196
f 1196/1196/1196 1197/1197/1197 1198/1198/1198
f 1197/1197/1197 1199/1199/1199 1198/1198/1198
f 1198/1198/1198 1199/1199/1199 1200/1200/1200
f 1199/1199/1199 1201/1201/1201 1200/1200/1200
f 1200/1200/1200 1201/1201/1201 1202/1202/1202
f 1201/1201/1201 1203/1203/1203 1202/1202/1202
f 1202/1202/1202 1203/1203/1203 1204/1204/1204
f 1203/1203/1203 1205/1205/1205 1204/1204/1204
f 1204/1204/1204 1205/1205/1205 1206/1206/1206
f 1205/1205/1205 1207/1207/1207 1206/1206/1206
f 1206/1206/1206 1207/1207/1207 1208/1208/1208
f 1207/1207/1207 1209/1209/1209 1208/1208/1208
f 1208/1208/1208 1209/1209/1209 1210/1210/1210
f 1209/1209/1209 1211/1211/1211 1210/1210/1210
f 1210/1210/1210 1211/1211/1211 1212/1212/1212
f 1211/1211/1211 1213/1213/1213 1212/1212/1212
f 1212/1212/1212 1213/1213/1213 1214/1214/1214
f 1213/1213/1213 1215/1215/1215 1214/1214/1214
f 1214/1214/1214 1215/1215/1215 1216/1216/1216
f 1215/1215/1215 1217/1217/1217 1216/1216/1216
f 1216/1216/1216 1217/1217/1217 1218/1218/1218
f 1217/1217/1217 1219/1219/1219 1218/1218/1218
f 1218/1218/1218 1219/1219/1219 1220/1220/1220
f 1219/1219/1219 1221/1221/1221 1220/1220/1220
f 1220/1220/1220 1221/1221/1221 1222/1222/1222
f 1221/1221/1221 1223/1223/1223 1222/1222/1222
f 1222/1222/1222 1223/1223/1223 1224/1224/1224
f 1223/1223/1223 1225/1225/1225 1224/1224/1224
f 1224/1224/1224 1225/1225/1225 1226/1226/1226
f 1225/1225/1225 1227/1227/1227 1226/1226/1226
f 1226/1226/1226 1227/1227/1227 1228/1228/1228
f 1227/1227/1227 1229/1229/1229 1228/1228/1228
f 1228/1228/1228 1229/1229/1229 1230/1230/1230
f 1229/1229/1229 1231/1231/1231 1230/1230/1230
f 1230/1230/1230 1231/1231/1231 1232/1232/1232
f 1231/1231/1231 1233/1233/1233 1232/1232/1232
f 1232/1232/1232 1233/1233/1233 1234/1234/1234
f 1233/1233/1233 1235/1235/1235 1234/1234/1234
f 1234/1234/1234 1235/1235/1235 1236/1236/1236
f 1235/1235/1235 1237/1237/1237 1236/1236/1236
f 1236/1236/1236 1237/1237/1237 1238/1238/1238
f 1237/1237/1237 1239/1239/1239 1238/1238/1238
f 1238/1238/1238 1239/1239/1239 1240/1240/1240
f 1239/1239/1239 1241/1241/1241 1240/1240/1240
f 1240/1240/1240 1241/1241/1241 1242/1242/1242
f 1241/1241/1241 1243/1243/1243 1242/1242/1242
f 1242/1242/1242 1243/1243/1243 1244/1244/1244
f 1243/1243/1243 1245/1245/1245 1244/1244/1244
f 1244/1244/1244 1245/1245/1245 1246/1246/1246
f 1245/1245/1245 1247/1247/1247 1246/1246/1246
f 1246/1246/1246 1247/1247/1247 1248/1248/1248
f 1247/1247/1247 1249/1249/1249 1248/1248/1248
f 1248/1248/1248 1249/1249/1249 1250/1250/1250
f 1249/1249/1249 1251/1251/1251 1250/1250/1250
f 1250/1250/1250 1251/1251/1251 1252/1252/1252
f 1251/1251/1251 1253/1253/1253 1252/1252/1252
f 1252/1252/1252 1253/1253/1253 1254/1254/1254
f 1253/1253/1253 1255/1255/1255 1254/1254/1254
f 1254/1254/1254 1255/1255/1255 1256/1256/1256
f 1255/1255/1255 1257/1257/1257 1256/1256/1256
f 1256/1256/1256 1257/1257/1257 1258/1258/1258
f 1257/1257/1257 1259/1259/1259 1258/1258/1258
f 1258/1258/1258 1259/1259/1259 1260/1260/1260
f 1259/1259/1259 1261/1261/1261 1260/1260/1260
f 1260/1260/1260 1261/1261/1261 1262/1262/1262
f 1261/1261/1261 1263/1263/1263 1262/1262/1262
f 1262/1262/1262 1263/1263/1263 1264/1264/1264
f 1263/1263/1263 1265/1265/1265 1264/1264/1264
f 1264/1264/1264 1265/1265/1265 1266/1266/1266
f 1265/1265/1265 1267/1267/1267 1266/1266/1266
f 1266/1266/1266 1267/1267/1267 1268/1268/1268
f 1267/1267/1267 1269/1269/1269 1268/1268/1268
f 1268/1268/1268 1269/1269/1269 1270/1270/1270
f 1269/1269/1269 1271/1271/1271 1270/1270/1270
f 1270/1270/1270 1271/1271/1271 1272/1272/1272
f 1271/1271/1271 1273/1273/1273 1272/1272/1272
f 1272/1272/1272 1273/1273/1273 1274/1274/1274
f 1273/1273/1273 1275/1275/1275 1274/1274/1274
f 1274/1274/1274 1275/1275/1275 1276/1276/1276
f 1275/1275/1275 1277/1277/1277 1276/1276/1276
f 1276/1276/1276 1277/1277/1277 1278/1278/1278
f 1277/1277/1277 1279/1279/1279 1278/1278/1278
f 1278/1278/1278 1279/1279/1279 1280/1280/1280
f 1279/1279/1279 1281/1281/1281 1280/1280/1280
f 1280/1280/1280 1281/1281/1281 1282/1282/1282
f 1281/1281/1281 1283/1283/1283 1282/1282/1282
f 1282/1282/1282 1283/1283/1283 1284/1284/1284
f 1283/1283/1283 1285/1285/1285 1284/1284/1284
f 1284/1284/1284 1285/1285/1285 1286/1286/1286
f 1285/1285/1285 1287/1287/1287 1286/1286/1286
f 1286/1286/1286 1287/1287/1287 1288/1288/1288
f 1287/1287/1287 1289/1289/1289 1288/1288/1288
f 1288/1288/1288 1289/1289/1289 1290/1290/1290
f 1289/1289/1289 1291/1291/1291 1290/1290/1290
f 1290/1290/1290 1291/1291/1291 1292/1292/1292
f 1291/1291/1291 1293/1293/1293 1292/1292/1292
f 1292/1292/1292 1293/1293/1293 1294/1294/1294
f 1293/1293/1293 1295/1295/1295 1294/1294/1294
f 1294/1294/1294 1295/1295/1295 1296/1296/1296
f 1295/1295/1295 1297/1297/1297 1296/1296/1296
f 1296/1296/1296 1297/1297/1297 1298/1298/1298
f 1297/1297/1297 1299/1299/1299 1298/1298/1298
f 1298/1298/1298 1299/1299/1299 1300/1300/1300
f 1299/1299/1299 1301/1301/1301 1300/1300/1300
f 1300/1300/1300 1301/1301/1301 1302/1302/1302
f 1301/1301/1301 1303/1303/1303 1302/1302/1302
f 1302/1302/1302 1303/1303/1303 1304/1304/1304
f 1303/1303/1303 1305/1305/1305 1304/1304/1304
f 1304/1304/1304 1305/1305/1305 1306/1306/1306
f 1305/1305/1305 1307/1307/1307 1306/1306/1306
f 1306/1306/1306 1307/1307/1307 1308/1308/1308
f 1307/1307/1307 1309/1309/1309 1308/1308/1308
f 1308/1308/1308 1309/1309/1309 1310/1310/1310
f 1309/1309/1309 1311/1311/1311 1310/1310/1310
f 1310/1310/1310 1311/1311/1311 1312/1312/1312
f 1311/1311/1311 1313/1313/1313 1312/1312/1312
f 1312/1312/1312 1313/1313/1313 1314/1314/1314
f 1313/1313/1313 1315/1315/1315 1314/1314/1314
f 1314/1314/1314 1315/1315/1315 1316/1316/1316
f 1315/1315/1315 1317/1317/1317 1316/1316/1316
f 1316/1316/1316 1317/1317/1317 1318/1318/1318
f 1317/1317/1317 1319/1319/1319 1318/1318/1318
f 1318/1318/1318 1319/1319/1319 1320/1320/1320
f 1319/1319/1319 1321/1321/1321 1320/1320/1320
f 1320/1320/1320 1321/1321/1321 1322/1322/1322
f 1321/1321/1321 1323/1323/1323 1322/1322/1322
f 1322/1322/1322 1323/1323/1323 1324/1324/1324
f 1323/1323/1323 1325/1325/1325 1324/1324/1324
f 1324/1324/1324 1325/1325/1325 1326/1326/1326
f 1325/1325/1325 1327/1327/1327 1326/1326/1326
f 1326/1326/1326 1327/1327/1327 1328/1328/1328
f 1327/1327/1327 1329/1329/1329 1328/1328/1328
f 1328/1328/1328 1329/1329/1329 1330/1330/1330
f 1329/1329/1329 1331/1331/1331 1330/1330/1330
f 1330/1330/1330 1331/1331/1331 1332/1332/1332
f 1331/1331/1331 1333/1333/1333 1332/1332/1332
f 1332/1332/1332 1333/1333/1333 1334/1334/1334
f 1333/1333/1333 1335/1335/1335 1334/1334/1334
f 1334/1334/1334 1335/1335/1335 1336/1336/1336
f 1335/1335/1335 1337/1337/1337 1336/1336/1336
f 1336/1336/1336 1337/1337/1337 1338/1338/1338
f 1337/1337/1337 1339/1339/1339 1338/1338/1338
f 1338/1338/1338 1339/1339/1339 1340/1340/1340
f 1339/1339/1339 1341/1341/1341 1340/1340/1340
f 1340/1340/1340 1341/1341/1341 1342/1342/1342
f 1341/1341/1341 1343/1343/1343 1342/1342/1342
f 1342/1342/1342 1343/1343/1343 1344/1344/1344
f 1343/1343/1343 1345/1345/1345 1344/1344/1344
f 1344/1344/1344 1345/1345/1345 1346/1346/1346
f 1345/1345/1345 1347/1347/1347 1346/1346/1346
f 1346/1346/1346 1347/1347/1347 1348/1348/1348
f 1347/1347/1347 1349/1349/1349 1348/1348/1348
f 1348/1348/1348 1349/1349/1349 1350/1350/1350
f 1349/1349/1349 1351/1351/1351 1350/1350/1350
f 1350/1350/1350 1351/1351/1351 1352/1352/1352
f 1351/1351/1351 1353/1353/1353 1352/1352/1352
f 1352/1352/1352 1353/1353/1353 1354/1354/1354
f 1353/1353/1353 1355/1355/1355 1354/1354/1354
f 1354/1354/1354 1355/1355/1355 1356/1356/1356
f 1355/1355/1355 1357/1357/1357 1356/1356/1356
f 1356/1356/1356 1357/1357/1357 1358/1358/1358
f 1357/1357/1357 1359/1359/1359 1358/1358/1358
f 1358/1358/1358 1359/1359/1359 1360/1360/1360
f 1359/1359/1359 1361/1361/1361 1360/1360/1360
f 1360/1360/1360 1361/1361/1361 1362/1362/1362
f 1361/1361/1361 1363/1363/1363 1362/1362/1362
f 1362/1362/1362 1363/1363/1363 1364/1364/1364
f 1363/1363/1363 1365/1365/1365 1364/1364/1364
f 1364/1364/1364 1365/1365/1365 1366/1366/1366
f 1365/1365/1365 1367/1367/1367 1366/1366/1366
f 1366/1366/1366 1367/1367/1367 1368/1368/1368
f 1367/1367/1367 1369/1369/1369 1368/1368/1368
f 1368/1368/1368 1369/1369/1369 1370/1370/1370
f 1369/1369/1369 1371/1371/1371 1370/1370/1370
f 1370/1370/1370 1371/1371/1371 1372/1372/1372
f 1371/1371/1371 1373/1373/1373 1372/1372/1372
f 1372/1372/1372 1373/1373/1373 1374/1374/1374
f 1373/1373/1373 1375/1375/1375 1374/1374/1374
f 1374/1374/1374 1375/1375/1375 1376/1376/1376
f 1375/1375/1375 1377/1377/1377 1376/1376/1376
f 1376/1376/1376 1377/1377/1377 1378/1378/1378
f 1377/1377/1377 1379/1379/1379 1378/1378/1378
f 1378/1378/1378 1379/1379/1379 1380/1380/1380
f 1379/1379/1379 1381/1381/1381 1380/1380/1380
f 1380/1380/1380 1381/1381/1381 1382/1382/1382
f 1381/1381/1381 1383/1383/1383 1382/1382/1382
f 1382/1382/1382 1383/1383/1383 1384/1384/1384
f 1383/1383/1383 1385/1385/1385 1384/1384/1384
f 1384/1384/1384 1385/1385/1385 1386/1386/1386
f 1385/1385/1385 1387/1387/1387 1386/1386/1386
f 1386/1386/1386 1387/1387/1387 1388/1388/1388
f 1387/1387/1387 1389/1389/1389 1388/1388/1388
f 1388/1388/1388 1389/1389/1389 1390/1390/1390
f 1389/1389/1389 1391/1391/1391 1390/1390/1390
f 1390/1390/1390 1391/1391/1391 1392/1392/1392
f 1391/1391/1391 1393/1393/1393 1392/1392/1392
f 1392/1392/1392 1393/1393/1393 1394/1394/1394
f 1393/1393/1393 1395/1395/1395 1394/1394/1394
f 1394/1394/1394 1395/1395/1395 1396/1396/1396
f 1395/1395/1395 1397/1397/1397 1396/1396/1396
f 1396/1396/1396 1397/1397/1397 1398/1398/1398
f 1397/1397/1397 1399/1399/1399 1398/1398/1398
f 1398/1398/1398 1399/1399/1399 1400/1400/1400
f 1399/1399/1399 1401/1401/1401 1400/1400/1400
f 1400/1400/1400 1401/1401/1401 1402/1402/1402
f 1401/1401/1401 1403/1403/1403 1402/1402/1402
f 1402/1402/1402 1403/1403/1403 1404/1404/1404
f 1403/1403/1403 1405/1405/1405 1404/1404/1404
f 1404/1404/1404 1405/1405/1405 1406/1406/1406
f 1405/1405/1405 1407/1407/1407 1406/1406/1406
f 1406/1406/1406 1407/1407/1407 1408/1408/1408
f 1407/1407/1407 1409/1409/1409 1408/1408/1408
f 1408/1408/1408 1409/1409/1409 1410/1410/1410
f 1409/1409/1409 1411/1411/1411 1410/1410/1410
f 1410/1410/1410 1411/1411/1411 1412/1412/1412
f 1411/1411/1411 1413/1413/1413 1412/1412/1412
f 1412/1412/1412 1413/1413/1413 1414/1414/1414
f 1413/1413/1413 1415/1415/1415 1414/1414/1414
f 1414/1414/1414 1415/1415/1415 1416/1416/1416
f 1415/1415/1415 1417/1417/1417 1416/1416/1416
f 1416/1416/1416 1417/1417/1417 1418/1418/1418
f 1417/1417/1417 1419/1419/1419 1418/1418/1418
f 1418/1418/1418 1419/1419/1419 1420/1420/1420
f 1419/1419/1419 1421/1421/1421 1420/1420/1420
f 1420/1420/1420 1421/1421/1421 1422/1422/1422
f 1421/1421/1421 1423/1423/1423 1422/1422/1422
f 1422/1422/1422 1423/1423/1423 1424/1424/1424
f 1423/1423/1423 1425/1425/1425 1424/1424/1424
f 1424/1424/1424 1425/1425/1425 1426/1426/1426
f 1425/1425/1425 1427/1427/1427 1426/1426/1426
f 1426/1426/1426 1427/1427/1427 1428/1428/1428
f 1427/1427/1427 1429/1429/1429 1428/1428/1428
f 1428/1428/1428 1429/1429/1429 1430/1430/1430
f 1429/1429/1429 1431/1431/1431 1430/1430/1430
f 1430/1430/1430 1431/1431/1431 1432/1432/1432
f 1431/1431/1431 1433/1433/1433 1432/1432/1432
f 1432/1432/1432 1433/1433/1433 1434/1434/1434
f 1433/1433/1433 1435/1435/1435 1434/1434/1434
f 1434/1434/1434 1435/1435/1435 1436/1436/1436
f 1435/1435/1435 1437/1437/1437 1436/1436/1436
f 1436/1436/1436 1437/1437/1437 1438/1438/1438
f 1437/1437/1437 1439/1439/1439 1438/1438/1438
f 1438/1438/1438 1439/1439/1439 1440/1440/1440
f 1439/1439/1439 1441/1441/1441 1440/1440/1440
f 1440/1440/1440 1441/1441/1441 1442/1442/1442
f 1441/1441/1441 1443/1443/1443 1442/1442/1442
f 1442/1442/1442 1443/1443/1443 1444/1444/1444
f 1443/1443/1443 1445/1445/1445 1444/1444/1444
f 1444/1444/1444 1445/1445/1445 1446/1446/1446
f 1445/1445/1445 1447/1447/1447 1446/1446/1446
f 1446/1446/1446 1447/1447/1447 1448/1448/1448
f 1447/1447/1447 1449/1449/1449 1448/1448/1448
f 1448/1448/1448 1449/1449/1449 1450/1450/1450
f 1449/1449/1449 1451/1451/1451 1450/1450/1450
f 1450/1450/1450 1451/1451/1451 1452/1452/1452
f 1451/1451/1451 1453/1453/1453 1452/1452/1452
f 1452/1452/1452 1453/1453/1453 1454/1454/1454
f 1453/1453/1453 1455/1455/1455 1454/1454/1454
f 1454/1454/1454 1455/1455/1455 1456/1456/1456
f 1455/1455/1455 1457/1457/1457 1456/1456/1456
f 1456/1456/1456 1457/1457/1457 1458/1458/1458
f 1457/1457/1457 1459/1459/1459 1458/1458/1458
f 1458/1458/1458 1459/1459/1459 1460/1460/1460
f 1459/1459/1459 1461/1461/1461 1460/1460/1460
f 1460/1460/1460 1461/1461/1461 1462/1462/1462
f 1461/1461/1461 1463/1463/1463 1462/1462/1462
f 1462/1462/1462 1463/1463/1463 1464/1464/1464
f 1463/1463/1463 1465/1465/1465 1464/1464/1464
f 1464/1464/1464 1465/1465/1465 1466/1466/1466
f 1465/1465/1465 1467/1467/1467 1466/1466/1466
f 1466/1466/1466 1467/1467/1467 1468/1468/1468
f 1467/1467/1467 1469/1469/1469 1468/1468/1468
f 1468/1468/1468 1469/1469/1469 1470/1470/1470
f 1469/1469/1469 1471/1471/1471 1470/1470/1470
f 1470/1470/1470 1471/1471/1471 1472/1472/1472
f 1471/1471/1471 1473/1473/1473 1472/1472/1472
f 1472/1472/1472 1473/1473/1473 1474/1474/1474
f 1473/1473/1473 1475/1475/1475 1474/1474/1474
f 1474/1474/1474 1475/1475/1475 1476/1476/1476
f 1475/1475/1475 1477/1477/1477 1476/1476/1476
f 1476/1476/1476 1477/1477/1477 1478/1478/1478
f 1477/1477/1477 1479/1479/1479 1478/1478/1478
f 1478/1478/1478 1479/1479/1479 1480/1480/1480
f 1479/1479/1479 1481/1481/1481 1480/1480/1480
f 1480/1480/1480 1481/1481/1481 1482/1482/1482
f 1481/1481/1481 1483/1483/1483 1482/1482/1482
f 1482/1482/1482 1483/1483/1483 1484/1484/1484
f 1483/1483/1483 1485/1485/1485 1484/1484/1484
f 1484/1484/1484 1485/1485/1485 1486/1486/1486
f 1485/1485/1485 1487/1487/1487 1486/1486/1486
f 1486/1486/1486 1487/1487/1487 1488/1488/1488
f 1487/1487/1487 1489/1489/1489 1488/1488/1488
f 1488/1488/1488 1489/1489/1489 1490/1490/1490
f 1489/1489/1489 1491/1491/1491 1490/1490/1490
f 1490/1490/1490 1491/1491/1491 1492/1492/1492
f 1491/1491/1491 1493/1493/1493 1492/1492/1492
f 1492/1492/1492 1493/1493/1493 1494/1494/1494
f 1493/1493/1493 1495/1495/1495 1494/1494/1494
f 1494/1494/1494 1495/1495/1495 1496/1496/1496
f 1495/1495/1495 1497/1497/1497 1496/1496/1496
f 1496/1496/1496 1497/1497/1497 1498/1498/1498
f 1497/1497/1497 1499/1499/1499 1498/1498/1498
f 1498/1498/1498 1499/1499/1499 1500/1500/1500
f 1499/1499/1499 1501/1501/1501 1500/1500/1500
f 1500/1500/1500 1501/1501/1501 1502/1502/1502
f 1501/1501/1501 1503/1503/1503 1502/1502/1502
f 1502/1502/1502 1503/1503/1503 1504/1504/1504
f 1503/1503/1503 1505/1505/1505 1504/1504/1504
f 1504/1504/1504 1505/1505/1505 1506/1506/1506
f 1505/1505/1505 1507/1507/1507 1506/1506/1506
f 1506/1506/1506 1507/1507/1507 1508/1508/1508
f 1507/1507/1507 1509/1509/1509 1508/1508/1508
f 1508/1508/1508 1509/1509/1509 1510/1510/1510
f 1509/1509/1509 1511/1511/1511 1510/1510/1510
f 1510/1510/1510 1511/1511/1511 1512/1512/1512
f 1511/1511/1511 1513/1513/1513 1512/1512/1512
f 1512/1512/1512 1513/1513/1513 1514/1514/1514
f 1513/1513/1513 1515/1515/1515 1514/1514/1514
f 1514/1514/1514 1515/1515/1515 1516/1516/1516
f 1515/1515/1515 1517/1517/1517 1516/1516/1516
f 1516/1516/1516 1517/1517/1517 1518/1518/1518
f 1517/1517/1517 1519/1519/1519 1518/1518/1518
f 1518/1518/1518 1519/1519/1519 1520/1520/1520
f 1519/1519/1519 1521/1521/1521 1520/1520/1520
f 1520/1520/1520 1521/1521/1521 1522/1522/1522
f 1521/1521/1521 1523/1523/1523 1522/1522/1522
f 1522/1522/1522 1523/1523/1523 1524/1524/1524
f 1523/1523/1523 1525/1525/1525 1524/1524/1524
f 1524/1524/1524 1525/1525/1525 1526/1526/1526
f 1525/1525/1525 1527/1527/1527 1526/1526/1526
f 1526/1526/1526 1527/1527/1527 1528/1528/1528
f 1527/1527/1527 1529/1529/1529 1528/1528/1528
f 1528/1528/1528 1529/1529/1529 1530/1530/1530
f 1529/1529/1529 1531/1531/1531 1530/1530/1530
f 1530/1530/1530 1531/1531/1531 1532/1532/1532
f 1531/1531/1531 1533/1533/1533 1532/1532/1532
f 1532/1532/1532 1533/1533/1533 1534/1534/1534
f 1533/1533/1533 1535/1535/1535 1534/1534/1534
f 1534/1534/1534 1535/1535/1535 1536/1536/1536
f 1535/1535/1535 1537/1537/1537 1536/1536/1536
f 1536/1536/1536 1537/1537/1537 1538/1538/1538
f 1537/1537/1537 1539/1539/1539 1538/1538/1538
f 1538/1538/1538 1539/1539/1539 1540/1540/1540
f 1539/1539/1539 1541/1541/1541 1540/1540/1540
f 1540/1540/1540 1541/1541/1541 1542/1542/1542
f 1541/1541/1541 1543/1543/1543 1542/1542/1542
f 1542/1542/1542 1543/1543/1543 1544/1544/1544
f 1543/1543/1543 1545/1545/1545 1544/1544/1544
f 1544/1544/1544 1545/1545/1545 1546/1546/1546
f 1545/1545/1545 1547/1547/1547 1546/1546/1546
f 1546/1546/1546 1547/1547/1547 1548/1548/1548
f 1547/1547/1547 1549/1549/1549 1548/1548/1548
f 1548/1548/1548 1549/1549/1549 1550/1550/1550
f 1549/1549/1549 1551/1551/1551 1550/1550/1550
f 1550/1550/1550 1551/1551/1551 1552/1552/1552
f 1551/1551/1551 1553/1553/1553 1552/1552/1552
f 1552/1552/1552 1553/1553/1553 1554/1554/1554
f 1553/1553/1553 1555/1555/1555 1554/1554/1554
f 1554/1554/1554 1555/1555/1555 1556/1556/1556
f 1555/1555/1555 1557/1557/1557 1556/1556/1556
f 1556/1556/1556 1557/1557/1557 1558/1558/1558
f 1557/1557/1557 1559/1559/1559 1558/1558/1558
f 1558/1558/1558 1559/1559/1559 1560/1560/1560
f 1559/1559/1559 1561/1561/1561 1560/1560/1560
f 1560/1560/1560 1561/1561/1561 1562/1562/1562
f 1561/1561/1561 1563/1563/1563 1562/1562/1562
f 1562/1562/1562 1563/1563/1563 1564/1564/1564
f 1563/1563/1563 1565/1565/1565 1564/1564/1564
f 1564/1564/1564 1565/1565/1565 1566/1566/1566
f 1565/1565/1565 1567/1567/1567 1566/1566/1566
f 1566/1566/1566 1567/1567/1567 1568/1568/1568
f 1567/1567/1567 1569/1569/1569 1568/1568/1568
f 1568/1568/1568 1569/1569/1569 1570/1570/1570
f 1569/1569/1569 1571/1571/1571 1570/1570/1570
f 1570/1570/1570 1571/1571/1571 1572/1572/1572
f 1571/1571/1571 1573/1573/1573 1572/1572/1572
f 1572/1572/1572 1573/1573/1573 1574/1574/1574
f 1573/1573/1573 1575/1575/1575 1574/1574/1574
f 1574/1574/1574 1575/1575/1575 1576/1576/1576
f 1575/1575/1575 1577/1577/1577 1576/1576/1576
f 1576/1576/1576 1577/1577/1577 1578/1578/1578
f 1577/1577/1577 1579/1579/1579 1578/1578/1578
f 1578/1578/1578 1579/1579/1579 1580/1580/1580
f 1579/1579/1579 1581/1581/1581 1580/1580/1580
f 1580/1580/1580 1581/1581/1581 1582/1582/1582
f 1581/1581/1581 1583/1583/1583 1582/1582/1582
f 1582/1582/1582 1583/1583/1583 1584/1584/1584
f 1583/1583/1583 1585/1585/1585 1584/1584/1584
f 1584/1584/1584 1585/1585/1585 1586/1586/1586
f 1585/1585/1585 1587/1587/1587 1586/1586/1586
f 1586/1586/1586 1587/1587/1587 1588/1588/1588
f 1587/1587/1587 1589/1589/1589 1588/1588/1588
f 1588/1588/1588 1589/1589/1589 1590/1590/1590
f 1589/1589/1589 1591/1591/1591 1590/1590/1590
f 1590/1590/1590 1591/1591/1591 1592/1592/1592
f 1591/1591/1591 1593/1593/1593 1592/1592/1592
f 1592/1592/1592 1593/1593/1593 1594/1594/1594
f 1593/1593/1593 1595/1595/1595 1594/1594/1594
f 1594/1594/1594 1595/1595/1595 1596/1596/1596
f 1595/1595/1595 1597/1597/1597 1596/1596/1596
f 1596/1596/1596 1597/1597/1597 1598/1598/1598
f 1597/1597/1597 1599/1599/1599 1598/1598/1598
f 1598/1598/1598 1599/1599/1599 1600/1600/1600
f 1599/1599/1599 1601/1601/1601 1600/1600/1600
f 1600/1600/1600 1601/1601/1601 1602/1602/1602
f 1601/1601/1601 1603/1603/1603 1602/1602/1602
f 1602/1602/1602 1603/1603/1603 1604/1604/1604
f 1603/1603/1603 1605/1605/1605 1604/1604/1604
f 1604/1604/1604 1605/1605/1605 1606/1606/1606
f 1605/1605/1605 1607/1607/1607 1606/1606/1606
f 1606/1606/1606 1607/1607/1607 1608/1608/1608
f 1607/1607/1607 1609/1609/1609 1608/1608/1608
f 1608/1608/1608 1609/1609/1609 1610/1610/1610
f 1609/1609/1609 1611/1611/1611 1610/1610/1610
f 1610/1610/1610 1611/1611/1611 1612/1612/1612
f 1611/1611/1611 1613/1613/1613 1612/1612/1612
f 1612/1612/1612 1613/1613/1613 1614/1614/1614
f 1613/1613/1613 1615/1615/1615 1614/1614/1614
f 1614/1614/1614 1615/1615/1615 1616/1616/1616
f 1615/1615/1615 1617/1617/1617 1616/1616/1616
f 1616/1616/1616 1617/1617/1617 1618/1618/1618
f 1617/1617/1617 1619/1619/1619 1618/1618/1618
f 1618/1618/1618 1619/1619/1619 1620/1620/1620
f 1619/1619/1619 1621/1621/1621 1620/1620/1620
f 1620/1620/1620 1621/1621/1621 1622/1622/1622
f 1621/1621/1621 1623/1623/1623 1622/1622/1622
f 1622/1622/1622 1623/1623/1623 1624/1624/1624
f 1623/1623/1623 1625/1625/1625 1624/1624/1624
f 1624/1624/1624 1625/1625/1625 1626/1626/1626
f 1625/1625/1625 1627/1627/1627 1626/1626/1626
f 1626/1626/1626 1627/1627/1627 1628/1628/1628
f 1627/1627/1627 1629/1629/1629 1628/1628/1628
f 1628/1628/1628 1629/1629/1629 1630/1630/1630
f 1629/1629/1629 1631/1631/1631 1630/1630/1630
f 1630/1630/1630 1631/1631/1631 1632/1632/1632
f 1631/1631/1631 1633/1633/1633 1632/1632/1632
f 1632/1632/1632 1633/1633/1633 1634/1634/1634
f 1633/1633/1633 1635/1635/1635 1634/1634/1634
f 1634/1634/1634 1635/1635/1635 1636/1636/1636
f 1635/1635/1635 1637/1637/1637 1636/1636/1636
f 1636/1636/1636 1637/1637/1637 1638/1638/1638
f 1637/1637/1637 1639/1639/1639 1638/1638/1638
f 1638/1638/1638 1639/1639/1639 1640/1640/1640
f 1639/1639/1639 1641/1641/1641 1640/1640/1640
f 1640/1640/1640 1641/1641/1641 1642/1642/1642
f 1641/1641/1641 1643/1643/1643 1642/1642/1642
f 1642/1642/1642 1643/1643/1643 1644/1644/1644
f 1643/1643/1643 1645/1645/1645 1644/1644/1644
f 1644/1644/1644 1645/1645/1645 1646/1646/1646
f 1645/1645/1645 1647/1647/1647 1646/1646/1646
f 1646/1646/1646 1647/1647/1647 1648/1648/1648
f 1647/1647/1647 1649/1649/1649 1648/1648/1648
f 1648/1648/1648 1649/1649/1649 1650/1650/1650
f 1649/1649/1649 1651/1651/1651 1650/1650/1650
f 1650/1650/1650 1651/1651/1651 1652/1652/1652
f 1651/1651/1651 1653/1653/1653 1652/1652/1652
f 1652/1652/1652 1653/1653/1653 1654/1654/1654
f 1653/1653/1653 1655/1655/1655 1654/1654/1654
f 1654/1654/1654 1655/1655/1655 1656/1656/1656
f 1655/1655/1655 1657/1657/1657 1656/1656/1656
f 1656/1656/1656 1657/1657/1657 1658/1658/1658
f 1657/1657/1657 1659/1659/1659 1658/1658/1658
f 1658/1658/1658 1659/1659/1659 1660/1660/1660
f 1659/1659/1659 1661/1661/1661 1660/1660/1660
f 1660/1660/1660 1661/1661/1661 1662/1662/1662
f 1661/1661/1661 1663/1663/1663 1662/1662/1662
f 1662/1662/1662 1663/1663/1663 1664/1664/1664
f 1663/1663/1663 1665/1665/1665 1664/1664/1664
f 1664/1664/1664 1665/1665/1665 1666/1666/1666
f 1665/1665/1665 1667/1667/1667 1666/1666/1666
f 1666/1666/1666 1667/1667/1667 1668/1668/1668
f 1667/1667/1667 1669/1669/1669 1668/1668/1668
f 1668/1668/1668 1669/1669/1669 1670/1670/1670
f 1669/1669/1669 1671/1671/1671 1670/1670/1670
f 1670/1670/1670 1671/1671/1671 1672/1672/1672
f 1671/1671/1671 1673/1673/1673 1672/1672/1672
f 1672/1672/1672 1673/1673/1673 1674/1674/1674
f 1673/1673/1673 1675/1675/1675 1674/1674/1674
f 1674/1674/1674 1675/1675/1675 1676/1676/1676
f 1675/1675/1675 1677/1677/1677 1676/1676/1676
f 1676/1676/1676 1677/1677/1677 1678/1678/1678
f 1677/1677/1677 1679/1679/1679 1678/1678/1678
f 1678/1678/1678 1679/1679/1679 1680/1680/1680
f 1679/1679/1679 1681/1681/1681 1680/1680/1680
f 1680/1680/1680 1681/1681/1681 1682/1682/1682
f 1681/1681/1681 1683/1683/1683 1682/1682/1682
f 1682/1682/1682 1683/1683/1683 1684/1684/1684
f 1683/1683/1683 1685/1685/1685 1684/1684/1684
f 1684/1684/1684 1685/1685/1685 1686/1686/1686
f 1685/1685/1685 1687/1687/1687 1686/1686/1686
f 1686/1686/1686 1687/1687/1687 1688/1688/1688
f 1687/1687/1687 1689/1689/1689 1688/1688/1688
f 1688/1688/1688 1689/1689/1689 1690/1690/1690
f 1689/1689/1689 1691/1691/1691 1690/1690/1690
f 1690/1690/1690 1691/1691/1691 1692/1692/1692
f 1691/1691/1691 1693/1693/1693 1692/1692/1692
f 1692/1692/1692 1693/1693/1693 1694/1694/1694
f 1693/1693/1693 1695/1695/1695 1694/1694/1694
f 1694/1694/1694 1695/1695/1695 1696/1696/1696
f 1695/1695/1695 1697/1697/1697 1696/1696/1696
f 1696/1696/1696 1697/1697/1697 1698/1698/1698
f 1697/1697/1697 1699/1699/1699 1698/1698/1698
f 1698/1698/1698 1699/1699/1699 1700/1700/1700
f 1699/1699/1699 1701/1701/1701 1700/1700/1700
f 1700/1700/1700 1701/1701/1701 1702/1702/1702
f 1701/1701/1701 1703/1703/1703 1702/1702/1702
f 1702/1702/1702 1703/1703/1703 1704/1704/1704
f 1703/1703/1703 1705/1705/1705 1704/1704/1704
f 1704/1704/1704 1705/1705/1705 1706/1706/1706
f 1705/1705/1705 1707/1707/1707 1706/1706/1706
f 1706/1706/1706 1707/1707/1707 1708/1708/1708
f 1707/1707/1707 1709/1709/1709 1708/1708/1708
f 1708/1708/1708 1709/1709/1709 1710/1710/1710
f 1709/1709/1709 1711/1711/1711 1710/1710/1710
f 1710/1710/1710 1711/1711/1711 1712/1712/1712
f 1711/1711/1711 1713/1713/1713 1712/1712/1712
f 1712/1712/1712 1713/1713/1713 1714/1714/1714
f 1713/1713/1713 1715/1715/1715 1714/1714/1714
f 1714/1714/1714 1715/1715/1715 1716/1716/1716
f 1715/1715/1715 1717/1717/1717 1716/1716/1716
f 1716/1716/1716 1717/1717/1717 1718/1718/1718
f 1717/1717/1717 1719/1719/1719 1718/1718/1718
f 1718/1718/1718 1719/1719/1719 1720/1720/1720
f 1719/1719/1719 1721/1721/1721 1720/1720/1720
f 1720/1720/1720 1721/1721/1721 1722/1722/1722
f 1721/1721/1721 1723/1723/1723 1722/1722/1722
f 1722/1722/1722 1723/1723/1723 1724/1724/1724
f 1723/1723/1723 1725/1725/1725 1724/1724/1724
f 1724/1724/1724 1725/1725/1725 1726/1726/1726
f 1725/1725/1725 1727/1727/1727 1726/1726/1726
f 1726/1726/1726 1727/1727/1727 1728/1728/1728
f 1727/1727/1727 1729/1729/1729 1728/1728/1728
f 1728/1728/1728 1729/1729/1729 1730/1730/1730
f 1729/1729/1729 1731/1731/1731 1730/1730/1730
f 1730/1730/1730 1731/1731/1731 1732/1732/1732
f 1731/1731/1731 1733/1733/1733 1732/1732/1732
f 1732/1732/1732 1733/1733/1733 1734/1734/1734
f 1733/1733/1733 1735/1735/1735 1734/1734/1734
f 1734/1734/1734 1735/1735/1735 1736/1736/1736
f 1735/1735/1735 1737/1737/1737 1736/1736/1736
f 1736/1736/1736 1737/1737/1737 1738/1738/1738
f 1737/1737/1737 1739/1739/1739 1738/1738/1738
f 1738/1738/1738 1739/1739/1739 1740/1740/1740
f 1739/1739/1739 1741/1741/1741 1740/1740/1740
f 1740/1740/1740 1741/1741/1741 1742/1742/1742
f 1741/1741/1741 1743/1743/1743 1742/1742/1742
f 1742/1742/1742 1743/1743/1743 1744/1744/1744
f 1743/1743/1743 1745/1745/1745 1744/1744/1744
f 1744/1744/1744 1745/1745/1745 1746/1746/1746
f 1745/1745/1745 1747/1747/1747 1746/1746/1746
f 1746/1746/1746 1747/1747/1747 1748/1748/1748
f 1747/1747/1747 1749/1749/1749 1748/1748/1748
f 1748/1748/1748 1749/1749/1749 1750/1750/1750
f 1749/1749/1749 1751/1751/1751 1750/1750/1750
f 1750/1750/1750 1751/1751/1751 1752/1752/1752
f 1751/1751/1751 1753/1753/1753 1752/1752/1752
f 1752/1752/1752 1753/1753/1753 1754/1754/1754
f 1753/1753/1753 1755/1755/1755 1754/1754/1754
f 1754/1754/1754 1755/1755/1755 1756/1756/1756
f 1755/1755/1755 1757/1757/1757 1756/1756/1756
f 1756/1756/1756 1757/1757/1757 1758/1758/1758
f 1757/1757/1757 1759/1759/1759 1758/1758/1758
f 1758/1758/1758 1759/1759/1759 1760/1760/1760
f 1759/1759/1759 1761/1761/1761 1760/1760/1760
f 1760/1760/1760 1761/1761/1761 1762/1762/1762
f 1761/1761/1761 1763/1763/1763 1762/1762/1762
f 1762/1762/1762 1763/1763/1763 1764/1764/1764
f 1763/1763/1763 1765/1765/1765 1764/1764/1764
f 1764/1764/1764 1765/1765/1765 1766/1766/1766
f 1765/1765/1765 1767/1767/1767 1766/1766/1766
f 1766/1766/1766 1767/1767/1767 1768/1768/1768
f 1767/1767/1767 1769/1769/1769 1768/1768/1768
f 1768/1768/1768 1769/1769/1769 1770/1770/1770
f 1769/1769/1769 1771/1771/1771 1770/1770/1770
f 1770/1770/1770 1771/1771/1771 1772/1772/1772
f 1771/1771/1771 1773/1773/1773 1772/1772/1772
f 1772/1772/1772 1773/1773/1773 1774/1774/1774
f 1773/1773/1773 1775/1775/1775 1774/1774/1774
f 1774/1774/1774 1775/1775/1775 1776/1776/1776
f 1775/1775/1775 1777/1777/1777 1776/1776/1776
f 1776/1776/1776 1777/1777/1777 1778/1778/1778
f 1777/1777/1777 1779/1779/1779 1778/1778/1778
f 1778/1778/1778 1779/1779/1779 1780/1780/1780
f 1779/1779/1779 1781/1781/1781 1780/1780/1780
f 1780/1780/1780 1781/1781/1781 1782/1782/1782
f 1781/1781/1781 1783/1783/1783 1782/1782/1782
f 1782/1782/1782 1783/1783/1783 1784/1784/1784
f 1783/1783/1783 1785/1785/1785 1784/1784/1784
f 1784/1784/1784 1785/1785/1785 1786/1786/1786
f 1785/1785/1785 1787/1787/1787 1786/1786/1786
f 1786/1786/1786 1787/1787/1787 1788/1788/1788
f 1787/1787/1787 1789/1789/1789 1788/1788/1788
f 1788/1788/1788 1789/1789/1789 1790/1790/1790
f 1789/1789/1789 1791/1791/1791 1790/1790/1790
f 1790/1790/1790 1791/1791/1791 1792/1792/1792
f 1791/1791/1791 1793/1793/1793 1792/1792/1792
f 1792/1792/1792 1793/1793/1793 1794/1794/1794
f 1793/1793/1793 1795/1795/1795 1794/1794/1794
f 1794/1794/1794 1795/1795/1795 1796/1796/1796
f 1795/1795/1795 1797/1797/1797 1796/1796/1796
f 1796/1796/1796 1797/1797/1797 1798/1798/1798
f 1797/1797/1797 1799/1799/1799 1798/1798/1798
f 1798/1798/1798 1799/1799/1799 1800/1800/1800
f 1799/1799/1799 1801/1801/1801 1800/1800/1800
f 1800/1800/1800 1801/1801/1801 1802/1802/1802
f 1801/1801/1801 1803/1803/1803 1802/1802/1802
f 1802/1802/1802 1803/1803/1803 1804/1804/1804
f 1803/1803/1803 1805/1805/1805 1804/1804/1804
f 1804/1804/1804 1805/1805/1805 1806/1806/1806
f 1805/1805/1805 1807/1807/1807 1806/1806/1806
f 1806/1806/1806 1807/1807/1807 1808/1808/1808
f 1807/1807/1807 1809/1809/1809 1808/1808/1808
f 1808/1808/1808 1809/1809/1809 1810/1810/1810
f 1809/1809/1809 1811/1811/1811 1810/1810/1810
f 1810/1810/1810 1811/1811/1811 1812/1812/1812
f 1811/1811/1811 1813/1813/1813 1812/1812/1812
f 1812/1812/1812 1813/1813/1813 1814/1814/1814
f 1813/1813/1813 1815/1815/1815 1814/1814/1814
f 1814/1814/1814 1815/1815/1815 1816/1816/1816
f 1815/1815/1815 1817/1817/1817 1816/1816/1816
f 1816/1816/1816 1817/1817/1817 1818/1818/1818
f 1817/1817/1817 1819/1819/1819 1818/1818/1818
f 1818/1818/1818 1819/1819/1819 1820/1820/1820
f 1819/1819/1819 1821/1821/1821 1820/1820/1820
f 1820/1820/1820 1821/1821/1821 1822/1822/1822
f 1821/1821/1821 1823/1823/1823 1822/1822/1822
f 1822/1822/1822 1823/1823/1823 1824/1824/1824
f 1823/1823/1823 1825/1825/1825 1824/1824/1824
f 1824/1824/1824 1825/1825/1825 1826/1826/1826
f 1825/1825/1825 1827/1827/1827 1826/1826/1826
f 1826/1826/1826 1827/1827/1827 1828/1828/1828
f 1827/1827/1827 1829/1829/1829 1828/1828/1828
f 1828/1828/1828 1829/1829/1829 1830/1830/1830
f 1829/1829/1829 1831/1831/1831 1830/1830/1830
f 1830/1830/1830 1831/1831/1831 1832/1832/1832
f 1831/1831/1831 1833/1833/1833 1832/1832/1832
f 1832/1832/1832 1833/1833/1833 1834/1834/1834
f 1833/1833/1833 1835/1835/1835 1834/1834/1834
f 1834/1834/1834 1835/1835/1835 1836/1836/1836
f 1835/1835/1835 1837/1837/1837 1836/1836/1836
f 1836/1836/1836 1837/1837/1837 1838/1838/1838
f 1837/1837/1837 1839/1839/1839 1838/1838/1838
f 1838/1838/1838 1839/1839/1839 1840/1840/1840
f 1839/1839/1839 1841/1841/1841 1840/1840/1840
f 1840/1840/1840 1841/1841/1841 1842/1842/1842
f 1841/1841/1841 1843/1843/1843 1842/1842/1842
f 1842/1842/1842 1843/1843/1843 1844/1844/1844
f 1843/1843/1843 1845/1845/1845 1844/1844/1844
f 1844/1844/1844 1845/1845/1845 1846/1846/1846
f 1845/1845/1845 1847/1847/1847 1846/1846/1846
f 1846/1846/1846 1847/1847/1847 1848/1848/1848
f 1847/1847/1847 1849/1849/1849 1848/1848/1848
f 1848/1848/1848 1849/1849/1849 1850/1850/1850
f 1849/1849/1849 1851/1851/1851 1850/1850/1850
f 1850/1850/1850 1851/1851/1851 1852/1852/1852
f 1851/1851/1851 1853/1853/1853 1852/1852/1852
f 1852/1852/1852 1853/1853/1853 1854/1854/1854
f 1853/1853/1853 1855/1855/1855 1854/1854/1854
f 1854/1854/1854 1855/1855/1855 1856/1856/1856
f 1855/1855/1855 1857/1857/1857 1856/1856/1856
f 1856/1856/1856 1857/1857/1857 1858/1858/1858
f 1857/1857/1857 1859/1859/1859 1858/1858/1858
f 1858/1858/1858 1859/1859/1859 1860/1860/1860
f 1859/1859/1859 1861/1861/1861 1860/1860/1860
f 1860/1860/1860 1861/1861/1861 1862/1862/1862
f 1861/1861/1861 1863/1863/1863 1862/1862/1862
f 1862/1862/1862 1863/1863/1863 1864/1864/1864
f 1863/1863/1863 1865/1865/1865 1864/1864/1864
f 1864/1864/1864 1865/1865/1865 1866/1866/1866
f 1865/1865/1865 1867/1867/1867 1866/1866/1866
f 1866/1866/1866 1867/1867/1867 1868/1868/1868
f 1867/1867/1867 1869/1869/1869 1868/1868/1868
f 1868/1868/1868 1869/1869/1869 1870/1870/1870
f 1869/1869/1869 1871/1871/1871 1870/1870/1870
f 1870/1870/1870 1871/1871/1871 1872/1872/1872
f 1871/1871/1871 1873/1873/1873 1872/1872/1872
f 1872/1872/1872 1873/1873/1873 1874/1874/1874
f 1873/1873/1873 1875/1875/1875 1874/1874/1874
f 1874/1874/1874 1875/1875/1875 1876/1876/1876
f 1875/1875/1875 1877/1877/1877 1876/1876/1876
f 1876/1876/1876 1877/1877/1877 1878/1878/1878
f 1877/1877/1877 1879/1879/1879 1878/1878/1878
f 1878/1878/1878 1879/1879/1879 1880/1880/1880
f 1879/1879/1879 1881/1881/1881 1880/1880/1880
f 1880/1880/1880 1881/1881/1881 1882/1882/1882
f 1881/1881/1881 1883/1883/1883 1882/1882/1882
f 1882/1882/1882 1883/1883/1883 1884/1884/1884
f 1883/1883/1883 1885/1885/1885 1884/1884/1884
f 1884/1884/1884 1885/1885/1885 1886/1886/1886
f 1885/1885/1885 1887/1887/1887 1886/1886/1886
f 1886/1886/1886 1887/1887/1887 1888/1888/1888
f 1887/1887/1887 1889/1889/1889 1888/1888/1888
f 1888/1888/1888 1889/1889/1889 1890/1890/1890
f 1889/1889/1889 1891/1891/1891 1890/1890/1890
f 1890/1890/1890 1891/1891/1891 1892/1892/1892
f 1891/1891/1891 1893/1893/1893 1892/1892/1892
f 1892/1892/1892 1893/1893/1893 1894/1894/1894
f 1893/1893/1893 1895/1895/1895 1894/1894/1894
f 1894/1894/1894 1895/1895/1895 1896/1896/1896
f 1895/1895/1895 1897/1897/1897 1896/1896/1896
f 1896/1896/1896 1897/1897/1897 1898/1898/1898
f 1897/1897/1897 1899/1899/1899 1898/1898/1898
f 1898/1898/1898 1899/1899/1899 1900/1900/1900
f 1899/1899/1899 1901/1901/1901 1900/1900/1900
f 1900/1900/1900 1901/1901/1901 1902/1902/1902
f 1901/1901/1901 1903/1903/1903 1902/1902/1902
f 1902/1902/1902 1903/1903/1903 1904/1904/1904
f 1903/1903/1903 1905/1905/1905 1904/1904/1904
f 1904/1904/1904 1905/1905/1905 1906/1906/1906
f 1905/1905/1905 1907/1907/1907 1906/1906/1906
f 1906/1906/1906 1907/1907/1907 1908/1908/1908
f 1907/1907/1907 1909/1909/1909 1908/1908/1908
f 1908/1908/1908 1909/1909/1909 1910/1910/1910
f 1909/1909/1909 1911/1911/1911 1910/1910/1910
f 1910/1910/1910 1911/1911/1911 1912/1912/1912
f 1911/1911/1911 1913/1913/1913 1912/1912/1912
f 1912/1912/1912 1913/1913/1913 1914/1914/1914
f 1913/1913/1913 1915/1915/1915 1914/1914/1914
f 1914/1914/1914 1915/1915/1915 1916/1916/1916
f 1915/1915/1915 1917/1917/1917 1916/1916/1916
f 1916/1916/1916 1917/1917/1917 1918/1918/1918
f 1917/1917/1917 1919/1919/1919 1918/1918/1918
f 1918/1918/1918 1919/1919/1919 1920/1920/1920
f 1919/1919/1919 1921/1921/1921 1920/1920/1920
f 1920/1920/1920 1921/1921/1921 1922/1922/1922
f 1921/1921/1921 1923/1923/1923 1922/1922/1922
f 1922/1922/1922 1923/1923/1923 1924/1924/1924
f 1923/1923/1923 1925/1925/1925 1924/1924/1924
f 1924/1924/1924 1925/1925/1925 1926/1926/1926
f 1925/1925/1925 1927/1927/1927 1926/1926/1926
f 1926/1926/1926 1927/1927/1927 1928/1928/1928
f 1927/1927/1927 1929/1929/1929 1928/1928/1928
f 1928/1928/1928 1929/1929/1929 1930/1930/1930
f 1929/1929/1929 1931/1931/1931 1930/1930/1930
f 1930/1930/1930 1931/1931/1931 1932/1932/1932
f 1931/1931/1931 1933/1933/1933 1932/1932/1932
f 1932/1932/1932 1933/1933/1933 1934/1934/1934
f 1933/1933/1933 1935/1935/1935 1934/1934/1934
f 1934/1934/1934 1935/1935/1935 1936/1936/1936
f 1935/1935/1935 1937/1937/1937 1936/1936/1936
f 1936/1936/1936 1937/1937/1937 1938/1938/1938
f 1937/1937/1937 1939/1939/1939 1938/1938/1938
f 1938/1938/1938 1939/1939/1939 1940/1940/1940
f 1939/1939/1939 1941/1941/1941 1940/1940/1940
f 1940/1940/1940 1941/1941/1941 1942/1942/1942
f 1941/1941/1941 1943/1943/1943 1942/1942/1942
f 1942/1942/1942 1943/1943/1943 1944/1944/1944
f 1943/1943/1943 1945/1945/1945 1944/1944/1944
f 1944/1944/1944 1945/1945/1945 1946/1946/1946
f 1945/1945/1945 1947/1947/1947 1946/1946/1946
f 1946/1946/1946 1947/1947/1947 1948/1948/1948
f 1947/1947/1947 1949/1949/1949 1948/1948/1948
f 1948/1948/1948 1949/1949/1949 1950/1950/1950
f 1949/1949/1949 1951/1951/1951 1950/1950/1950
f 1950/1950/1950 1951/1951/1951 1952/1952/1952
f 1951/1951/1951 1953/1953/1953 1952/1952/1952
f 1952/1952/1952 1953/1953/1953 1954/1954/1954
f 1953/1953/1953 1955/1955/1955 1954/1954/1954
f 1954/1954/1954 1955/1955/1955 1956/1956/1956
f 1955/1955/1955 1957/1957/1957 1956/1956/1956
f 1956/1956/1956 1957/1957/1957 1958/1958/1958
f 1957/1957/1957 1959/1959/1959 1958/1958/1958
f 1958/1958/1958 1959/1959/1959 1960/1960/1960
f 1959/1959/1959 1961/1961/1961 1960/1960/1960
f 1960/1960/1960 1961/1961/1961 1962/1962/1962
f 1961/1961/1961 1963/1963/1963 1962/1962/1962
f 1962/1962/1962 1963/1963/1963 1964/1964/1964
f 1963/1963/1963 1965/1965/1965 1964/1964/1964
f 1964/1964/1964 1965/1965/1965 1966/1966/1966
f 1965/1965/1965 1967/1967/1967 1966/1966/1966
f 1966/1966/1966 1967/1967/1967 1968/1968/1968
f 1967/1967/1967 1969/1969/1969 1968/1968/1968
f 1968/1968/1968 1969/1969/1969 1970/1970/1970
f 1969/1969/1969 1971/1971/1971 1970/1970/1970
f 1970/1970/1970 1971/1971/1971 1972/1972/1972
f 1971/1971/1971 1973/1973/1973 1972/1972/1972
f 1972/1972/1972 1973/1973/1973 1974/1974/1974
f 1973/1973/1973 1975/1975/1975 1974/1974/1974
f 1974/1974/1974 1975/1975/1975 1976/1976/1976
f 1975/1975/1975 1977/1977/1977 1976/1976/1976
f 1976/1976/1976 1977/1977/1977 1978/1978/1978
f 1977/1977/1977 1979/1979/1979 1978/1978/1978
f 1978/1978/1978 1979/1979/1979 1980/1980/1980
f 1979/1979/1979 1981/1981/1981 1980/1980/1980
f 1980/1980/1980 1981/1981/1981 1982/1982/1982
f 1981/1981/1981 1983/1983/1983 1982/1982/1982
f 1982/1982/1982 1983/1983/1983 1984/1984/1984
f 1983/1983/1983 1985/1985/1985 1984/1984/1984
f 1984/1984/1984 1985/1985/1985 1986/1986/1986
f 1985/1985/1985 1987/1987/1987 1986/1986/1986
f 1986/1986/1986 1987/1987/1987 1988/1988/1988
f 1987/1987/1987 1989/1989/1989 1988/1988/1988
f 1988/1988/1988 1989/1989/1989 1990/1990/1990
f 1989/1989/1989 1991/1991/1991 1990/1990/1990
f 1990/1990/1990 1991/1991/1991 1992/1992/1992
f 1991/1991/1991 1993/1993/1993 1992/1992/1992
f 1992/1992/1992 1993/1993/1993 1994/1994/1994
f 1993/1993/1993 1995/1995/1995 1994/1994/1994
f 1994/1994/1994 1995/1995/1995 1996/1996/1996
f 1995/1995/1995 1997/1997/1997 1996/1996/1996
f 1996/1996/1996 1997/1997/1997 1998/1998/1998
f 1997/1997/1997 1999/1999/1999 1998/1998/1998
f 1998/1998/1998 1999/1999/1999 2000/2000/2000
f 1999/1999/1999 2001/2001/2001 2000/2000/2000
f 2000/2000/2000 2001/2001/2001 2002/2002/2002
f 2001/2001/2001 2003/2003/2003 2002/2002/2002
f 2002/2002/2002 2003/2003/2003 2004/2004/2004
f 2003/2003/2003 2005/2005/2005 2004/2004/2004
f 2004/2004/2004 2005/2005/2005 2006/2006/2006
f 2005/2005/2005 2007/2007/2007 2006/2006/2006
f 2006/2006/2006 2007/2007/2007 2008/2008/2008
f 2007/2007/2007 2009/2009/2009 2008/2008/2008
f 2008/2008/2008 2009/2009/2009 2010/2010/2010
f 2009/2009/2009 2011/2011/2011 2010/2010/2010
f 2010/2010/2010 2011/2011/2011 2012/2012/2012
f 2011/2011/2011 2013/2013/2013 2012/2012/2012
f 2012/2012/2012 2013/2013/2013 2014/2014/2014
f 2013/2013/2013 2015/2015/2015 2014/2014/2014
f 2014/2014/2014 2015/2015/2015 2016/2016/2016
f 2015/2015/2015 2017/2017/2017 2016/2016/2016
f 2016/2016/2016 2017/2017/2017 2018/2018/2018
f 2017/2017/2017 2019/2019/2019 2018/2018/2018
f 2018/2018/2018 2019/2019/2019 2020/2020/2020
f 2019/2019/2019 2021/2021/2021 2020/2020/2020
f 2020/2020/2020 2021/2021/2021 2022/2022/2022
f 2021/2021/2021 2023/2023/2023 2022/2022/2022
f 2022/2022/2022 2023/2023/2023 2024/2024/2024
f 2023/2023/2023 2025/2025/2025 2024/2024/2024
f 2024/2024/2024 2025/2025/2025 2026/2026/2026
f 2025/2025/2025 2027/2027/2027 2026/2026/2026
f 2026/2026/2026 2027/2027/2027 2028/2028/2028
f 2027/2027/2027 2029/2029/2029 2028/2028/2028
f 2028/2028/2028 2029/2029/2029 2030/2030/2030
f 2029/2029/2029 2031/2031/2031 2030/2030/2030
f 2030/2030/2030 2031/2031/2031 2032/2032/2032
f 2031/2031/2031 2033/2033/2033 2032/2032/2032
f 2032/2032/2032 2033/2033/2033 2034/2034/2034
f 2033/2033/2033 2035/2035/2035 2034/2034/2034
f 2034/2034/2034 2035/2035/2035 2036/2036/2036
f 2035/2035/2035 2037/2037/2037 2036/2036/2036
f 2036/2036/2036 2037/2037/2037 2038/2038/2038
f 2037/2037/2037 2039/2039/2039 2038/2038/2038
f 2038/2038/2038 2039/2039/2039 2040/2040/2040
f 2039/2039/2039 2041/2041/2041 2040/2040/2040
f 2040/2040/2040 2041/2041/2041 2042/2042/2042
f 2041/2041/2041 2043/2043/2043 2042/2042/2042
f 2042/2042/2042 2043/2043/2043 2044/2044/2044
f 2043/2043/2043 2045/2045/2045 2044/2044/2044
f 2044/2044/2044 2045/2045/2045 2046/2046/2046
f 2045/2045/2045 2047/2047/2047 2046/2046/2046
f 2046/2046/2046 2047/2047/2047 2048/2048/2048
f 2047/2047/2047 2049/2049/2049 2048/2048/2048
f 2048/2048/2048 2049/2049/2049 2050/2050/2050
f 2049/2049/2049 2051/2051/2051 2050/2050/2050
f 2050/2050/2050 2051/2051/2051 2052/2052/2052
f 2051/2051/2051 2053/2053/2053 2052/2052/2052
f 2052/2052/2052 2053/2053/2053 2054/2054/2054
f 2053/2053/2053 2055/2055/2055 2054/2054/2054
f 2054/2054/2054 2055/2055/2055 2056/2056/2056
f 2055/2055/2055 2057/2057/2057 2056/2056/2056
f 2056/2056/2056 2057/2057/2057 2058/2058/2058
f 2057/2057/2057 2059/2059/2059 2058/2058/2058
f 2058/2058/2058 2059/2059/2059 2060/2060/2060
f 2059/2059/2059 2061/2061/2061 2060/2060/2060
f 2060/2060/2060 2061/2061/2061 2062/2062/2062
f 2061/2061/2061 2063/2063/2063 2062/2062/2062
f 2062/2062/2062 2063/2063/2063 2064/2064/2064
f 2063/2063/2063 2065/2065/2065 2064/2064/2064
f 2064/2064/2064 2065/2065/2065 2066/2066/2066
f 2065/2065/2065 2067/2067/2067 2066/2066/2066
f 2066/2066/2066 2067/2067/2067 2068/2068/2068
f 2067/2067/2067 2069/2069/2069 2068/2068/2068
f 2068/2068/2068 2069/2069/2069 2070/2070/2070
f 2069/2069/2069 2071/2071/2071 2070/2070/2070
f 2070/2070/2070 2071/2071/2071 2072/2072/2072
f 2071/2071/2071 2073/2073/2073 2072/2072/2072
f 2072/2072/2072 2073/2073/2073 2074/2074/2074
f 2073/2073/2073 2075/2075/2075 2074/2074/2074
f 2074/2074/2074 2075/2075/2075 2076/2076/2076
f 2075/2075/2075 2077/2077/2077 2076/2076/2076
f 2076/2076/2076 2077/2077/2077 2078/2078/2078
f 2077/2077/2077 2079/2079/2079 2078/2078/2078
f 2078/2078/2078 2079/2079/2079 2080/2080/2080
f 2079/2079/2079 2081/2081/2081 2080/2080/2080
f 2080/2080/2080 2081/2081/2081 2082/2082/2082
f 2081/2081/2081 2083/2083/2083 2082/2082/2082
f 2082/2082/2082 2083/2083/2083 2084/2084/2084
f 2083/2083/2083 2085/2085/2085 2084/2084/2084
f 2084/2084/2084 2085/2085/2085 2086/2086/2086
f 2085/2085/2085 2087/2087/2087 2086/2086/2086
f 2086/2086/2086 2087/2087/2087 2088/2088/2088
f 2087/2087/2087 2089/2089/2089 2088/2088/2088
f 2088/2088/2088 2089/2089/2089 2090/2090/2090
f 2089/2089/2089 2091/2091/2091 2090/2090/2090
f 2090/2090/2090 2091/2091/2091 2092/2092/2092
f 2091/2091/2091 2093/2093/2093 2092/2092/2092
f 2092/2092/2092 2093/2093/2093 2094/2094/2094
f 2093/2093/2093 2095/2095/2095 2094/2094/2094
f 2094/2094/2094 2095/2095/2095 2096/2096/2096
f 2095/2095/2095 2097/2097/2097 2096/2096/2096
f 2096/2096/2096 2097/2097/2097 2098/2098/2098
f 2097/2097/2097 2099/2099/2099 2098/2098/2098
f 2098/2098/2098 2099/2099/2099 2100/2100/2100
f 2099/2099/2099 2101/2101/2101 2100/2100/2100
f 2100/2100/2100 2101/2101/2101 2102/2102/2102
f 2101/2101/2101 2103/2103/2103 2102/2102/2102
f 2102/2102/2102 2103/2103/2103 2104/2104/2104
f 2103/2103/2103 2105/2105/2105 2104/2104/2104
f 2104/2104/2104 2105/2105/2105 2106/2106/2106
f 2105/2105/2105 2107/2107/2107 2106/2106/2106
f 2106/2106/2106 2107/2107/2107 2108/2108/2108
f 2107/2107/2107 2109/2109/2109 2108/2108/2108
f 2108/2108/2108 2109/2109/2109 2110/2110/2110
f 2109/2109/2109 2111/2111/2111 2110/2110/2110
f 2110/2110/2110 2111/2111/2111 2112/2112/2112
f 2111/2111/2111 2113/2113/2113 2112/2112/2112
f 2112/2112/2112 2113/2113/2113 2114/2114/2114
f 2113/2113/2113 2115/2115/2115 2114/2114/2114
f 2114/2114/2114 2115/2115/2115 2116/2116/2116
f 2115/2115/2115 2117/2117/2117 2116/2116/2116
f 2116/2116/2116 2117/2117/2117 2118/2118/2118
f 2117/2117/2117 2119/2119/2119 2118/2118/2118
f 2118/2118/2118 2119/2119/2119 2120/2120/2120
f 2119/2119/2119 2121/2121/2121 2120/2120/2120
f 2120/2120/2120 2121/2121/2121 2122/2122/2122
f 2121/2121/2121 2123/2123/2123 2122/2122/2122
f 2122/2122/2122 2123/2123/2123 2124/2124/2124
f 2123/2123/2123 2125/2125/2125 2124/2124/2124
f 2124/2124/2124 2125/2125/2125 2126/2126/2126
f 2125/2125/2125 2127/2127/2127 2126/2126/2126
f 2126/2126/2126 2127/2127/2127 2128/2128/2128
f 2127/2127/2127 2129/2129/2129 2128/2128/2128
f 2128/2128/2128 2129/2129/2129 2130/2130/2130
f 2129/2129/2129 2131/2131/2131 2130/2130/2130
f 2130/2130/2130 2131/2131/2131 2132/2132/2132
f 2131/2131/2131 2133/2133/2133 2132/2132/2132
f 2132/2132/2132 2133/2133/2133 2134/2134/2134
f 2133/2133/2133 2135/2135/2135 2134/2134/2134
f 2134/2134/2134 2135/2135/2135 2136/2136/2136
f 2135/2135/2135 2137/2137/2137 2136/2136/2136
f 2136/2136/2136 2137/2137/2137 2138/2138/2138
f 2137/2137/2137 2139/2139/2139 2138/2138/2138
f 2138/2138/2138 2139/2139/2139 2140/2140/2140
f 2139/2139/2139 2141/2141/2141 2140/2140/2140
f 2140/2140/2140 2141/2141/2141 2142/2142/2142
f 2141/2141/2141 2143/2143/2143 2142/2142/2142
f 2142/2142/2142 2143/2143/2143 2144/2144/2144
f 2143/2143/2143 2145/2145/2145 2144/2144/2144
f 2144/2144/2144 2145/2145/2145 2146/2146/2146
f 2145/2145/2145 2147/2147/2147 2146/2146/2146
f 2146/2146/2146 2147/2147/2147 2148/2148/2148
f 2147/2147/2147 2149/2149/2149 2148/2148/2148
f 2148/2148/2148 2149/2149/2149 2150/2150/2150
f 2149/2149/2149 2151/2151/2151 2150/2150/2150
f 2150/2150/2150 2151/2151/2151 2152/2152/2152
f 2151/2151/2151 2153/2153/2153 2152/2152/2152
f 2152/2152/2152 2153/2153/2153 2154/2154/2154
f 2153/2153/2153 2155/2155/2155 2154/2154/2154
f 2154/2154/2154 2155/2155/2155 2156/2156/2156
f 2155/2155/2155 2157/2157/2157 2156/2156/2156
f 2156/2156/2156 2157/2157/2157 2158/2158/2158
f 2157/2157/2157 2159/2159/2159 2158/2158/2158
f 2158/2158/2158 2159/2159/2159 2160/2160/2160
f 2159/2159/2159 2161/2161/2161 2160/2160/2160
f 2160/2160/2160 2161/2161/2161 2162/2162/2162
f 2161/2161/2161 2163/2163/2163 2162/2162/2162
f 2162/2162/2162 2163/2163/2163 2164/2164/2164
f 2163/2163/2163 2165/2165/2165 2164/2164/2164
f 2164/2164/2164 2165/2165/2165 2166/2166/2166
f 2165/2165/2165 2167/2167/2167 2166/2166/2166
f 2166/2166/2166 2167/2167/2167 2168/2168/2168
f 2167/2167/2167 2169/2169/2169 2168/2168/2168
f 2168/2168/2168 2169/2169/2169 2170/2170/2170
f 2169/2169/2169 2171/2171/2171 2170/2170/2170
f 2170/2170/2170 2171/2171/2171 2172/2172/2172
f 2171/2171/2171 2173/2173/2173 2172/2172/2172
f 2172/2172/2172 2173/2173/2173 2174/2174/2174
f 2173/2173/2173 2175/2175/2175 2174/2174/2174
f 2174/2174/2174 2175/2175/2175 2176/2176/2176
f 2175/2175/2175 2177/2177/2177 2176/2176/2176
f 2176/2176/2176 2177/2177/2177 2178/2178/2178
f 2177/2177/2177 2179/2179/2179 2178/2178/2178
f 2178/2178/2178 2179/2179/2179 2180/2180/2180
f 2179/2179/2179 2181/2181/2181 2180/2180/2180
f 2180/2180/2180 2181/2181/2181 2182/2182/2182
f 2181/2181/2181 2183/2183/2183 2182/2182/2182
f 2182/2182/2182 2183/2183/2183 2184/2184/2184
f 2183/2183/2183 2185/2185/2185 2184/2184/2184
f 2184/2184/2184 2185/2185/2185 2186/2186/2186
f 2185/2185/2185 2187/2187/2187 2186/2186/2186
f 2186/2186/2186 2187/2187/2187 2188/2188/2188
f 2187/2187/2187 2189/2189/2189 2188/2188/2188
f 2188/2188/2188 2189/2189/2189 2190/2190/2190
f 2189/2189/2189 2191/2191/2191 2190/2190/2190
f 2190/2190/2190 2191/2191/2191 2192/2192/2192
f 2191/2191/2191 2193/2193/2193 2192/2192/2192
f 2192/2192/2192 2193/2193/2193 2194/2194/2194
f 2193/2193/2193 2195/2195/2195 2194/2194/2194
f 2194/2194/2194 2195/2195/2195 2196/2196/2196
f 2195/2195/2195 2197/2197/2197 2196/2196/2196
f 2196/2196/2196 2197/2197/2197 2198/2198/2198
f 2197/2197/2197 2199/2199/2199 2198/2198/2198
f 2198/2198/2198 2199/2199/2199 2200/2200/2200
f 2199/2199/2199 2201/2201/2201 2200/2200/2200
f 2200/2200/2200 2201/2201/2201 2202/2202/2202
f 2201/2201/2201 2203/2203/2203 2202/2202/2202
f 2202/2202/2202 2203/2203/2203 2204/2204/2204
f 2203/2203/2203 2205/2205/2205 2204/2204/2204
f 2204/2204/2204 2205/2205/2205 2206/2206/2206
f 2205/2205/2205 2207/2207/2207 2206/2206/2206
f 2206/2206/2206 2207/2207/2207 2208/2208/2208
f 2207/2207/2207 2209/2209/2209 2208/2208/2208
f 2208/2208/2208 2209/2209/2209 2210/2210/2210
f 2209/2209/2209 2211/2211/2211 2210/2210/2210
f 2210/2210/2210 2211/2211/2211 2212/2212/2212
f 2211/2211/2211 2213/2213/2213 2212/2212/2212
f 2212/2212/2212 2213/2213/2213 2214/2214/2214
f 2213/2213/2213 2215/2215/2215 2214/2214/2214
f 2214/2214/2214 2215/2215/2215 2216/2216/2216
f 2215/2215/2215 2217/2217/2217 2216/2216/2216
f 2216/2216/2216 2217/2217/2217 2218/2218/2218
f 2217/2217/2217 2219/2219/2219 2218/2218/2218
f 2218/2218/2218 2219/2219/2219 2220/2220/2220
f 2219/2219/2219 2221/2221/2221 2220/2220/2220
f 2220/2220/2220 2221/2221/2221 2222/2222/2222
f 2221/2221/2221 2223/2223/2223 2222/2222/2222
f 2222/2222/2222 2223/2223/2223 2224/2224/2224
f 2223/2223/2223 2225/2225/2225 2224/2224/2224
f 2224/2224/2224 2225/2225/2225 2226/2226/2226
f 2225/2225/2225 2227/2227/2227 2226/2226/2226
f 2226/2226/2226 2227/2227/2227 2228/2228/2228
f 2227/2227/2227 2229/2229/2229 2228/2228/2228
f 2228/2228/2228 2229/2229/2229 2230/2230/2230
f 2229/2229/2229 2231/2231/2231 2230/2230/2230
f 2230/2230/2230 2231/2231/2231 2232/2232/2232
f 2231/2231/2231 2233/2233/2233 2232/2232/2232
f 2232/2232/2232 2233/2233/2233 2234/2234/2234
f 2233/2233/2233 2235/2235/2235 2234/2234/2234
f 2234/2234/2234 2235/2235/2235 2236/2236/2236
f 2235/2235/2235 2237/2237/2237 2236/2236/2236
f 2236/2236/2236 2237/2237/2237 2238/2238/2238
f 2237/2237/2237 2239/2239/2239 2238/2238/2238
f 2238/2238/2238 2239/2239/2239 2240/2240/2240
f 2239/2239/2239 2241/2241/2241 2240/2240/2240
f 2240/2240/2240 2241/2241/2241 2242/2242/2242
f 2241/2241/2241 2243/2243/2243 2242/2242/2242
f 2242/2242/2242 2243/2243/2243 2244/2244/2244
f 2243/2243/2243 2245/2245/2245 2244/2244/2244
f 2244/2244/2244 2245/2245/2245 2246/2246/2246
f 2245/2245/2245 2247/2247/2247 2246/2246/2246
f 2246/2246/2246 2247/2247/2247 2248/2248/2248
f 2247/2247/2247 2249/2249/2249 2248/2248/2248
f 2248/2248/2248 2249/2249/2249 2250/2250/2250
f 2249/2249/2249 2251/2251/2251 2250/2250/2250
f 2250/2250/2250 2251/2251/2251 2252/2252/2252
f 2251/2251/2251 2253/2253/2253 2252/2252/2252
f 2252/2252/2252 2253/2253/2253 2254/2254/2254
f 2253/2253/2253 2255/2255/2255 2254/2254/2254
f 2254/2254/2254 2255/2255/2255 2256/2256/2256
f 2255/2255/2255 2257/2257/2257 2256/2256/2256
f 2256/2256/2256 2257/2257/2257 2258/2258/2258
f 2257/2257/2257 2259/2259/2259 2258/2258/2258
f 2258/2258/2258 2259/2259/2259 2260/2260/2260
f 2259/2259/2259 2261/2261/2261 2260/2260/2260
f 2260/2260/2260 2261/2261/2261 2262/2262/2262
f 2261/2261/2261 2263/2263/2263 2262/2262/2262
f 2262/2262/2262 2263/2263/2263 2264/2264/2264
f 2263/2263/2263 2265/2265/2265 2264/2264/2264
f 2264/2264/2264 2265/2265/2265 2266/2266/2266
f 2265/2265/2265 2267/2267/2267 2266/2266/2266
f 2266/2266/2266 2267/2267/2267 2268/2268/2268
f 2267/2267/2267 2269/2269/2269 2268/2268/2268
f 2268/2268/2268 2269/2269/2269 2270/2270/2270
f 2269/2269/2269 2271/2271/2271 2270/2270/2270
f 2270/2270/2270 2271/2271/2271 2272/2272/2272
f 2271/2271/2271 2273/2273/2273 2272/2272/2272
f 2272/2272/2272 2273/2273/2273 2274/2274/2274
f 2273/2273/2273 2275/2275/2275 2274/2274/2274
f 2274/2274/2274 2275/2275/2275 2276/2276/2276
f 2275/2275/2275 2277/2277/2277 2276/2276/2276
f 2276/2276/2276 2277/2277/2277 2278/2278/2278
f 2277/2277/2277 2279/2279/2279 2278/2278/2278
f 2278/2278/2278 2279/2279/2279 2280/2280/2280
f 2279/2279/2279 2281/2281/2281 2280/2280/2280
f 2280/2280/2280 2281/2281/2281 2282/2282/2282
f 2281/2281/2281 2283/2283/2283 2282/2282/2282
f 2282/2282/2282 2283/2283/2283 2284/2284/2284
f 2283/2283/2283 2285/2285/2285 2284/2284/2284
f 2284/2284/2284 2285/2285/2285 2286/2286/2286
f 2285/2285/2285 2287/2287/2287 2286/2286/2286
f 2286/2286/2286 2287/2287/2287 2288/2288/2288
f 2287/2287/2287 2289/2289/2289 2288/2288/2288
f 2288/2288/2288 2289/2289/2289 2290/2290/2290
f 2289/2289/2289 2291/2291/2291 2290/2290/2290
f 2290/2290/2290 2291/2291/2291 2292/2292/2292
f 2291/2291/2291 2293/2293/2293 2292/2292/2292
f 2292/2292/2292 2293/2293/2293 2294/2294/2294
f 2293/2293/2293 2295/2295/2295 2294/2294/2294
f 2294/2294/2294 2295/2295/2295 2296/2296/2296
f 2295/2295/2295 2297/2297/2297 2296/2296/2296
f 2296/2296/2296 2297/2297/2297 2298/2298/2298
f 2297/2297/2297 2299/2299/2299 2298/2298/2298
f 2298/2298/2298 2299/2299/2299 2300/2300/2300
f 2299/2299/2299 2301/2301/2301 2300/2300/2300
f 2300/2300/2300 2301/2301/2301 2302/2302/2302
f 2301/2301/2301 2303/2303/2303 2302/2302/2302
f 2302/2302/2302 2303/2303/2303 2304/2304/2304
f 2303/2303/2303 2305/2305/2305 2304/2304/2304
f 2304/2304/2304 2305/2305/2305 2306/2306/2306
f 2305/2305/2305 2307/2307/2307 2306/2306/2306
f 2306/2306/2306 2307/2307/2307 2308/2308/2308
f 2307/2307/2307 2309/2309/2309 2308/2308/2308
f 2308/2308/2308 2309/2309/2309 2310/2310/2310
f 2309/2309/2309 2311/2311/2311 2310/2310/2310
f 2310/2310/2310 2311/2311/2311 2312/2312/2312
f 2311/2311/2311 2313/2313/2313 2312/2312/2312
f 2312/2312/2312 2313/2313/2313 2314/2314/2314
f 2313/2313/2313 2315/2315/2315 2314/2314/2314
f 2314/2314/2314 2315/2315/2315 2316/2316/2316
f 2315/2315/2315 2317/2317/2317 2316/2316/2316
f 2316/2316/2316 2317/2317/2317 2318/2318/2318
f 2317/2317/2317 2319/2319/2319 2318/2318/2318
f 2318/2318/2318 2319/2319/2319 2320/2320/2320
f 2319/2319/2319 2321/2321/2321 2320/2320/2320
f 2320/2320/2320 2321/2321/2321 2322/2322/2322
f 2321/2321/2321 2323/2323/2323 2322/2322/2322
f 2322/2322/2322 2323/2323/2323 2324/2324/2324
f 2323/2323/2323 2325/2325/2325 2324/2324/2324
f 2324/2324/2324 2325/2325/2325 2326/2326/2326
f 2325/2325/2325 2327/2327/2327 2326/2326/2326
f 2326/2326/2326 2327/2327/2327 2328/2328/2328
f 2327/2327/2327 2329/2329/2329 2328/2328/2328
f 2328/2328/2328 2329/2329/2329 2330/2330/2330
f 2329/2329/2329 2331/2331/2331 2330/2330/2330
f 2330/2330/2330 2331/2331/2331 2332/2332/2332
f 2331/2331/2331 2333/2333/2333 2332/2332/2332
f 2332/2332/2332 2333/2333/2333 2334/2334/2334
f 2333/2333/2333 2335/2335/2335 2334/2334/2334
f 2334/2334/2334 2335/2335/2335 2336/2336/2336
f 2335/2335/2335 2337/2337/2337 2336/2336/2336
f 2336/2336/2336 2337/2337/2337 2338/2338/2338
f 2337/2337/2337 2339/2339/2339 2338/2338/2338
f 2338/2338/2338 2339/2339/2339 2340/2340/2340
f 2339/2339/2339 2341/2341/2341 2340/2340/2340
f 2340/2340/2340 2341/2341/2341 2342/2342/2342
f 2341/2341/2341 2343/2343/2343 2342/2342/2342
f 2342/2342/2342 2343/2343/2343 2344/2344/2344
f 2343/2343/2343 2345/2345/2345 2344/2344/2344
f 2344/2344/2344 2345/2345/2345 2346/2346/2346
f 2345/2345/2345 2347/2347/2347 2346/2346/2346
f 2346/2346/2346 2347/2347/2347 2348/2348/2348
f 2347/2347/2347 2349/2349/2349 2348/2348/2348
f 2348/2348/2348 2349/2349/2349 2350/2350/2350
f 2349/2349/2349 2351/2351/2351 2350/2350/2350
f 2350/2350/2350 2351/2351/2351 2352/2352/2352
f 2351/2351/2351 2353/2353/2353 2352/2352/2352
f 2352/2352/2352 2353/2353/2353 2354/2354/2354
f 2353/2353/2353 2355/2355/2355 2354/2354/2354
f 2354/2354/2354 2355/2355/2355 2356/2356/2356
f 2355/2355/2355 2357/2357/2357 2356/2356/2356
f 2356/2356/2356 2357/2357/2357 2358/2358/2358
f 2357/2357/2357 2359/2359/2359 2358/2358/2358
f 2358/2358/2358 2359/2359/2359 2360/2360/2360
f 2359/2359/2359 2361/2361/2361 2360/2360/2360
f 2360/2360/2360 2361/2361/2361 2362/2362/2362
f 2361/2361/2361 2363/2363/2363 2362/2362/2362
f 2362/2362/2362 2363/2363/2363 2364/2364/2364
f 2363/2363/2363 2365/2365/2365 2364/2364/2364
f 2364/2364/2364 2365/2365/2365 2366/2366/2366
f 2365/2365/2365 2367/2367/2367 2366/2366/2366
f 2366/2366/2366 2367/2367/2367 2368/2368/2368
f 2367/2367/2367 2369/2369/2369 2368/2368/2368
f 2368/2368/2368 2369/2369/2369 2370/2370/2370
f 2369/2369/2369 2371/2371/2371 2370/2370/2370
f 2370/2370/2370 2371/2371/2371 2372/2372/2372
f 2371/2371/2371 2373/2373/2373 2372/2372/2372
f 2372/2372/2372 2373/2373/2373 2374/2374/2374
f 2373/2373/2373 2375/2375/2375 2374/2374/2374
f 2374/2374/2374 2375/2375/2375 2376/2376/2376
f 2375/2375/2375 2377/2377/2377 2376/2376/2376
f 2376/2376/2376 2377/2377/2377 2378/2378/2378
f 2377/2377/2377 2379/2379/2379 2378/2378/2378
f 2378/2378/2378 2379/2379/2379 2380/2380/2380
f 2379/2379/2379 2381/2381/2381 2380/2380/2380
f 2380/2380/2380 2381/2381/2381 2382/2382/2382
f 2381/2381/2381 2383/2383/2383 2382/2382/2382
f 2382/2382/2382 2383/2383/2383 2384/2384/2384
f 2383/2383/2383 2385/2385/2385 2384/2384/2384
f 2384/2384/2384 2385/2385/2385 2386/2386/2386
f 2385/2385/2385 2387/2387/2387 2386/2386/2386
f 2386/2386/2386 2387/2387/2387 2388/2388/2388
f 2387/2387/2387 2389/2389/2389 2388/2388/2388
f 2388/2388/2388 2389/2389/2389 2390/2390/2390
f 2389/2389/2389 2391/2391/2391 2390/2390/2390
f 2390/2390/2390 2391/2391/2391 2392/2392/2392
f 2391/2391/2391 2393/2393/2393 2392/2392/2392
f 2392/2392/2392 2393/2393/2393 2394/2394/2394
f 2393/2393/2393 2395/2395/2395 2394/2394/2394
f 2394/2394/2394 2395/2395/2395 2396/2396/2396
f 2395/2395/2395 2397/2397/2397 2396/2396/2396
f 2396/2396/2396 2397/2397/2397 2398/2398/2398
f 2397/2397/2397 2399/2399/2399 2398/2398/2398
f 2398/2398/2398 2399/2399/2399 2400/2400/2400
f 2399/2399/2399 2401/2401/2401 2400/2400/2400
f 2400/2400/2400 2401/2401/2401 2402/2402/2402
f 2401/2401/2401 2403/2403/2403 2402/2402/2402
f 2402/2402/2402 2403/2403/2403 2404/2404/2404
f 2403/2403/2403 2405/2405/2405 2404/2404/2404
f 2404/2404/2404 2405/2405/2405 2406/2406/2406
f 2405/2405/2405 2407/2407/2407 2406/2406/2406
f 2406/2406/2406 2407/2407/2407 2408/2408/2408
f 2407/2407/2407 2409/2409/2409 2408/2408/2408
f 2408/2408/2408 2409/2409/2409 2410/2410/2410
f 2409/2409/2409 2411/2411/2411 2410/2410/2410
f 2410/2410/2410 2411/2411/2411 2412/2412/2412
f 2411/2411/2411 2413/2413/2413 2412/2412/2412
f 2412/2412/2412 2413/2413/2413 2414/2414/2414
f 2413/2413/2413 2415/2415/2415 2414/2414/2414
f 2414/2414/2414 2415/2415/2415 2416/2416/2416
f 2415/2415/2415 2417/2417/2417 2416/2416/2416
f 2416/2416/2416 2417/2417/2417 2418/2418/2418
f 2417/2417/2417 2419/2419/2419 2418/2418/2418
f 2418/2418/2418 2419/2419/2419 2420/2420/2420
f 2419/2419/2419 2421/2421/2421 2420/2420/2420
f 2420/2420/2420 2421/2421/2421 2422/2422/2422
f 2421/2421/2421 2423/2423/2423 2422/2422/2422
f 2422/2422/2422 2423/2423/2423 2424/2424/2424
f 2423/2423/2423 2425/2425/2425 2424/2424/2424
f 2424/2424/2424 2425/2425/2425 2426/2426/2426
f 2425/2425/2425 2427/2427/2427 2426/2426/2426
f 2426/2426/2426 2427/2427/2427 2428/2428/2428
f 2427/2427/2427 2429/2429/2429 2428/2428/2428
f 2428/2428/2428 2429/2429/2429 2430/2430/2430
f 2429/2429/2429 2431/2431/2431 2430/2430/2430
f 2430/2430/2430 2431/2431/2431 2432/2432/2432
f 2431/2431/2431 2433/2433/2433 2432/2432/2432
f 2432/2432/2432 2433/2433/2433 2434/2434/2434
f 2433/2433/2433 2435/2435/2435 2434/2434/2434
f 2434/2434/2434 2435/2435/2435 2436/2436/2436
f 2435/2435/2435 2437/2437/2437 2436/2436/2436
f 2436/2436/2436 2437/2437/2437 2438/2438/2438
f 2437/2437/2437 2439/2439/2439 2438/2438/2438
f 2438/2438/2438 2439/2439/2439 2440/2440/2440
f 2439/2439/2439 2441/2441/2441 2440/2440/2440
f 2440/2440/2440 2441/2441/2441 2442/2442/2442
f 2441/2441/2441 2443/2443/2443 2442/2442/2442
f 2442/2442/2442 2443/2443/2443 2444/2444/2444
f 2443/2443/2443 2445/2445/2445 2444/2444/2444
f 2444/2444/2444 2445/2445/2445 2446/2446/2446
f 2445/2445/2445 2447/2447/2447 2446/2446/2446
f 2446/2446/2446 2447/2447/2447 2448/2448/2448
f 2447/2447/2447 2449/2449/2449 2448/2448/2448
f 2448/2448/2448 2449/2449/2449 2450/2450/2450
f 2449/2449/2449 2451/2451/2451 2450/2450/2450
f 2450/2450/2450 2451/2451/2451 2452/2452/2452
f 2451/2451/2451 2453/2453/2453 2452/2452/2452
f 2452/2452/2452 2453/2453/2453 2454/2454/2454
f 2453/2453/2453 2455/2455/2455 2454/2454/2454
f 2454/2454/2454 2455/2455/2455 2456/2456/2456
f 2455/2455/2455 2457/2457/2457 2456/2456/2456
f 2456/2456/2456 2457/2457/2457 2458/2458/2458
f 2457/2457/2457 2459/2459/2459 2458/2458/2458
f 2458/2458/2458 2459/2459/2459 2460/2460/2460
f 2459/2459/2459 2461/2461/2461 2460/2460/2460
f 2460/2460/2460 2461/2461/2461 2462/2462/2462
f 2461/2461/2461 2463/2463/2463 2462/2462/2462
f 2462/2462/2462 2463/2463/2463 2464/2464/2464
f 2463/2463/2463 2465/2465/2465 2464/2464/2464
f 2464/2464/2464 2465/2465/2465 2466/2466/2466
f 2465/2465/2465 2467/2467/2467 2466/2466/2466
f 2466/2466/2466 2467/2467/2467 2468/2468/2468
f 2467/2467/2467 2469/2469/2469 2468/2468/2468
f 2468/2468/2468 2469/2469/2469 2470/2470/2470
f 2469/2469/2469 2471/2471/2471 2470/2470/2470
f 2470/2470/2470 2471/2471/2471 2472/2472/2472
f 2471/2471/2471 2473/2473/2473 2472/2472/2472
f 2472/2472/2472 2473/2473/2473 2474/2474/2474
f 2473/2473/2473 2475/2475/2475 2474/2474/2474
f 2474/2474/2474 2475/2475/2475 2476/2476/2476
f 2475/2475/2475 2477/2477/2477 2476/2476/2476
f 2476/2476/2476 2477/2477/2477 2478/2478/2478
f 2477/2477/2477 2479/2479/2479 2478/2478/2478
f 2478/2478/2478 2479/2479/2479 2480/2480/2480
