# MCO FRD road extraction

o road_strip
v -374.129395 -21.470810 -761.873413
v -334.974091 -21.470810 -761.873413
v -383.111938 -21.470810 -761.870422
v -306.041473 -21.470810 -761.870422
v -377.711945 -21.470810 -761.867554
v -300.641541 -21.470810 -761.867554
v -372.312103 -21.470810 -761.864624
v -295.241699 -21.470810 -761.864624
v -352.529846 -21.470810 -761.861572
v -289.841766 -21.470810 -761.861572
v -347.129822 -21.470810 -761.858643
v -284.441803 -21.470810 -761.858643
v -346.438782 -21.470810 -761.855713
v -279.041901 -21.470810 -761.855713
v -341.038879 -21.470810 -761.852783
v -273.641998 -21.470810 -761.852783
v -335.639038 -21.470810 -761.849854
v -268.242096 -21.470810 -761.849854
v -325.530273 -21.470810 -761.846924
v -309.665985 -21.470810 -761.846924
v -320.130310 -21.470810 -761.843933
v -304.266022 -21.470810 -761.843933
v -314.730438 -21.470810 -761.840942
v -252.042297 -21.470810 -761.840942
v -309.330505 -21.470810 -761.838013
v -246.642365 -21.470810 -761.838013
v -303.930573 -21.470810 -761.835083
v -241.242493 -21.470810 -761.835083
v -298.530762 -21.470810 -761.832153
v -235.842621 -21.470810 -761.832153
v -305.256485 -21.470810 -761.829163
v -230.442688 -21.470810 -761.829163
v -324.651382 -21.470810 -761.826233
v -225.042755 -21.470810 -761.826233
v -316.540512 -21.470810 -761.823303
v -219.642883 -21.470810 -761.823303
v -281.639923 -21.470810 -761.820312
v -261.063965 -21.470810 -761.820312
v -276.279672 -21.470810 -761.926612
v -255.703315 -21.470810 -761.600003
v -271.019375 -21.470810 -762.056555
v -250.596061 -21.470810 -761.084016
v -265.616898 -21.470810 -762.174685
v -245.344402 -21.470810 -760.083078
v -260.099676 -21.470810 -761.877868
v -239.876842 -21.470810 -758.965780
v -254.652471 -21.471222 -761.731615
v -234.677416 -21.471222 -756.697252
v -250.328463 -21.470398 -762.249966
v -229.134611 -21.470398 -751.559262
v -244.186268 -21.468292 -762.599523
v -214.078414 -21.468292 -726.544438
v -237.931198 -21.464783 -759.568770
v -227.440468 -21.464783 -725.261247
v -234.984755 -21.460358 -753.612236
v -232.655501 -21.460358 -734.046505
v -234.005654 -21.456772 -749.166375
v -233.074557 -21.456772 -729.613336
v -233.597809 -21.453201 -744.162747
v -233.126678 -21.453201 -724.375234
v -233.299118 -21.449615 -738.932526
v -233.299118 -21.449615 -718.986069
v -233.295959 -21.446030 -733.534653
v -233.295959 -21.446030 -713.586182
v -233.292801 -21.442459 -728.138794
v -233.292801 -21.442459 -708.186264
v -233.289642 -21.438873 -722.740219
v -233.289642 -21.438873 -702.786377
v -233.286484 -21.435303 -734.001465
v -233.286484 -21.435303 -697.386459
v -233.283325 -21.431717 -731.887695
v -233.283325 -21.431717 -691.986572
v -233.280167 -21.428146 -714.646347
v -233.280167 -21.428146 -686.586655
v -233.277008 -21.424561 -709.246460
v -233.277008 -21.424561 -681.186768
v -233.273849 -21.420990 -703.846481
v -233.273849 -21.420990 -675.786850
v -233.270691 -21.417404 -702.202606
v -233.270691 -21.417404 -670.386963
v -233.267532 -21.413834 -700.906021
v -233.267532 -21.413834 -664.987045
v -233.264343 -21.410248 -700.911346
v -233.264343 -21.410248 -659.587158
v -233.261185 -21.406662 -690.862213
v -233.261185 -21.406662 -654.187256
v -233.258026 -21.403091 -682.456314
v -233.258026 -21.403091 -648.787292
v -233.254868 -21.399506 -676.019455
v -233.254868 -21.399506 -643.387451
v -233.251709 -21.395935 -671.663879
v -233.251709 -21.395935 -637.987549
v -233.248535 -21.392349 -669.276367
v -233.248535 -21.392349 -632.587585
v -233.245377 -21.388779 -668.530655
v -233.245377 -21.388779 -627.187607
v -233.242218 -21.385193 -657.461472
v -233.242218 -21.385193 -621.787720
v -233.239059 -21.381622 -640.615021
v -233.239059 -21.381622 -616.387863
v -233.235901 -21.378036 -635.215134
v -233.235901 -21.378036 -610.987915
v -233.232742 -21.374466 -630.754150
v -233.232742 -21.374466 -605.587997
v -233.229584 -21.370880 -624.415268
v -233.229584 -21.370880 -600.188110
v -233.226425 -21.367310 -619.015350
v -233.226425 -21.367310 -594.788193
v -233.223267 -21.363724 -613.615585
v -233.223267 -21.363724 -589.388367
v -233.220108 -21.360138 -628.451706
v -233.220108 -21.360138 -583.988449
v -233.216949 -21.356567 -602.815720
v -233.216949 -21.356567 -578.588562
v -233.213791 -21.352982 -597.415726
v -233.213791 -21.352982 -573.188583
v -233.210632 -21.349411 -592.015900
v -233.210632 -21.349411 -567.788696
v -233.207443 -21.345825 -587.554932
v -233.207443 -21.345825 -562.388779
v -233.204285 -21.342255 -581.216095
v -233.204285 -21.342255 -556.988892
v -233.201157 -21.338669 -575.816116
v -233.201157 -21.338669 -551.588974
v -233.197998 -21.335098 -566.149124
v -233.197998 -21.335098 -546.189087
v -233.194839 -21.331512 -560.749161
v -233.194839 -21.331512 -540.789108
v -233.191681 -21.327942 -555.349258
v -233.191681 -21.327942 -535.389282
v -233.188522 -21.324356 -549.949402
v -233.188522 -21.324356 -529.989365
v -233.185364 -21.320786 -544.549515
v -233.185364 -21.320786 -524.589478
v -233.182175 -21.317200 -539.149612
v -233.182175 -21.317200 -519.189560
v -233.179016 -21.313614 -533.749710
v -233.179016 -21.313614 -513.789673
v -233.175858 -21.310043 -528.349747
v -233.175858 -21.310043 -508.389755
v -233.172699 -21.306458 -522.949844
v -233.172699 -21.306458 -502.989807
v -233.169540 -21.303223 -517.549927
v -233.169540 -21.303223 -497.589890
v -233.166382 -21.155228 -512.147467
v -233.166382 -21.630332 -492.193071
v -233.163223 -21.190762 -506.742894
v -233.163223 -21.982203 -486.798600
v -233.160065 -21.415339 -501.343023
v -233.160065 -22.206781 -481.398667
v -233.156906 -21.594410 -495.939919
v -233.156906 -22.543814 -476.002444
v -233.153717 -21.873294 -490.540032
v -233.153717 -22.822697 -470.602573
v -233.150558 -22.260079 -485.145869
v -233.150558 -22.893412 -465.195866
v -233.147400 -22.660034 -479.750519
v -233.147400 -22.660034 -459.790527
v -233.144241 -22.719740 -474.350374
v -233.144241 -22.561332 -454.390951
v -233.141083 -22.809928 -468.946162
v -233.141083 -22.176595 -448.996174
v -233.137924 -23.065348 -470.972635
v -233.137924 -21.762035 -443.603061
v -233.134766 -22.581409 -458.127701
v -233.134766 -21.159317 -438.218419
v -233.131607 -22.279970 -452.716448
v -233.131607 -20.544028 -432.832028
v -233.128448 -21.756167 -447.322493
v -233.128448 -20.177002 -427.425008
v -233.125290 -21.106640 -441.940850
v -233.125290 -20.157238 -422.003390
v -233.122131 -20.716177 -436.546641
v -233.122131 -20.082845 -416.596684
v -233.118973 -20.473053 -431.148795
v -233.118973 -19.997948 -411.194398
v -233.115814 -20.182297 -422.019073
v -233.115814 -20.182297 -405.791428
v -233.112656 -20.180420 -424.462997
v -233.112656 -20.180420 -400.391525
v -233.109497 -20.178436 -420.607513
v -233.109497 -20.178436 -394.991638
v -233.106308 -20.175766 -416.344025
v -233.106308 -20.175766 -389.591721
v -233.103149 -20.172272 -410.944138
v -233.103149 -20.172272 -384.191833
v -233.100021 -20.168365 -405.544266
v -233.100021 -20.168365 -378.791916
v -233.096863 -20.165222 -400.144318
v -233.096863 -20.165222 -373.392029
v -233.093674 -20.163773 -394.744354
v -233.093674 -20.163773 -367.992050
v -233.090515 -20.161743 -389.344467
v -233.090515 -20.161743 -362.592163
v -233.087357 -20.158173 -373.419891
v -233.087357 -20.158173 -357.192245
v -233.084167 -20.154587 -368.020020
v -233.084167 -20.154587 -351.792358
v -233.081009 -20.151016 -366.352509
v -233.081009 -20.151016 -346.392456
v -233.077850 -20.147430 -360.952560
v -233.077850 -20.147430 -293.877747
v -233.074692 -20.143860 -355.552704
v -233.074692 -20.143860 -288.416092
v -233.071533 -20.140274 -350.152802
v -233.071533 -20.140274 -283.011795
v -233.068375 -20.136703 -344.752899
v -233.068375 -20.136703 -277.652435
v -233.065216 -20.133118 -339.352921
v -233.065216 -20.133118 -272.292969
v -233.062042 -20.129532 -330.220612
v -233.062042 -20.129532 -266.831253
v -233.058884 -20.125961 -324.820709
v -233.058884 -20.125961 -279.656219
v -233.055725 -20.122375 -319.420807
v -233.055725 -20.122375 -291.005219
v -233.052567 -20.118805 -314.020905
v -233.052567 -20.118805 -285.616913
v -233.049408 -20.115219 -308.620972
v -233.049408 -20.115219 -280.205383
v -233.046249 -20.111649 -303.221039
v -233.046249 -20.111649 -274.805466
v -233.025696 -20.104980 -297.816650
v -233.025696 -20.104980 -244.238037
v -233.005157 -20.098328 -292.412262
v -233.005157 -20.098328 -229.031799
v -233.001999 -20.094742 -287.012360
v -233.001999 -20.094742 -223.678986
v -232.998810 -20.091171 -281.612457
v -232.998810 -20.091171 -265.384827
v -232.995651 -20.087585 -276.212555
v -232.995651 -20.087585 -259.984909
v -232.992493 -20.084000 -270.927429
v -232.992493 -20.084000 -254.699799
v -233.578438 -20.083969 -265.621590
v -230.928504 -20.083969 -249.575672
v -233.780945 -20.068297 -259.906387
v -222.454976 -20.201936 -247.628233
v -243.481821 -19.988434 -265.562171
v -217.691541 -20.238825 -247.033232
v -243.780002 -19.992394 -265.768111
v -213.417394 -20.287177 -243.954199
v -239.607616 -20.039758 -262.762248
v -209.070954 -20.336231 -240.823287
v -235.289653 -20.088535 -259.651811
v -204.765308 -20.384888 -237.721699
v -231.005258 -20.136987 -256.565415
v -200.383960 -20.434281 -234.565648
v -226.845983 -20.184223 -253.568926
v -196.077571 -20.482946 -231.463465
v -204.470207 -20.441910 -236.224531
v -189.668775 -20.441910 -232.342188
v -199.462296 -20.452347 -234.187576
v -184.652267 -20.452347 -234.187576
v -194.062408 -20.452347 -234.187576
v -179.274063 -20.452347 -234.187576
v -188.662491 -20.452347 -234.187576
v -173.874146 -20.452347 -234.187576
v -206.884064 -20.452347 -234.187576
v -168.474228 -20.452347 -234.187576
v -177.862686 -20.452347 -234.187576
v -163.074326 -20.452347 -234.187576
v -172.462769 -20.452347 -234.187576
v -157.674408 -20.452347 -234.187576
v -166.915054 -20.452347 -234.187576
v -152.126694 -20.452347 -234.187576
v -161.513489 -20.452347 -234.187576
v -146.713791 -20.452347 -234.187576
v -155.614988 -20.469835 -232.822979
v -143.161870 -20.351233 -241.125058
v -151.372785 -20.423744 -235.404824
v -139.715235 -20.307169 -244.497714
v -163.784480 -20.538469 -225.723154
v -135.605880 -20.256683 -247.702463
v -159.404715 -20.485294 -229.138835
v -131.347991 -20.204727 -251.023081
v -155.027669 -20.432131 -232.552395
v -127.090115 -20.152756 -254.343689
v -134.269274 -20.215155 -248.743385
v -122.832195 -20.100784 -257.664307
v -129.943077 -20.162501 -252.117259
v -118.424896 -20.047319 -261.101440
v -124.347433 -20.139352 -254.253011
v -120.366193 -19.890525 -269.431486
v -122.353683 -20.053747 -259.113931
v -122.353683 -19.818201 -273.953370
v -122.353683 -19.961207 -264.510476
v -122.353683 -19.727183 -279.253996
v -122.353683 -19.868617 -269.909524
v -122.353683 -19.634592 -284.653044
v -122.353683 -19.776026 -275.308633
v -122.353683 -18.852963 -333.461602
v -122.353683 -19.683451 -280.707742
v -122.353683 -18.761086 -338.816771
v -122.353683 -19.590861 -286.106790
v -122.353683 -18.823603 -334.444024
v -122.353683 -19.703533 -278.574300
v -122.353683 -19.019232 -321.685294
v -122.353683 -19.610943 -283.973409
v -122.353683 -18.925940 -327.128556
v -122.353683 -19.518352 -289.372487
v -122.353683 -18.834048 -332.483665
v -122.353683 -19.425777 -294.771566
v -122.353683 -18.741050 -337.909412
v -122.353683 -19.127924 -313.102182
v -122.353683 -18.367857 -360.986424
v -122.353683 -19.035334 -318.501260
v -122.353683 -18.275965 -366.341502
v -122.353683 -18.942744 -323.900369
v -122.353683 -18.183465 -371.734904
v -122.353683 -18.850153 -329.299478
v -122.353683 -17.926694 -387.477407
v -122.353683 -18.757563 -334.698556
v -122.353683 -17.997952 -382.554070
v -122.353683 -18.664988 -340.097634
v -122.353683 -17.906074 -387.909209
v -122.353683 -18.572398 -345.496682
v -122.353683 -17.813575 -393.302489
v -122.353683 -18.479807 -350.895791
v -122.353683 -18.000131 -381.115389
v -122.353683 -18.387217 -356.294900
v -122.353683 -17.908239 -386.470527
v -122.353683 -18.294627 -361.693948
v -122.353683 -17.928111 -384.784423
v -122.353683 -18.202036 -367.093057
v -122.353683 -17.835165 -390.205975
v -122.353683 -18.109461 -372.492135
v -122.353683 -17.742590 -395.605053
v -122.353683 -18.087423 -373.446461
v -122.353683 -17.784192 -392.549981
v -122.353683 -18.065383 -374.400817
v -122.353683 -17.691603 -397.948998
v -122.353683 -17.972793 -379.799896
v -122.353683 -17.599012 -403.348077
v -122.353683 -17.880203 -385.198974
v -122.353683 -17.506422 -408.747155
v -122.353683 -17.717061 -395.042774
v -122.353683 -17.413832 -414.146234
v -122.353683 -17.624486 -400.441853
v -122.353683 -17.321257 -419.545312
v -122.353683 -17.410782 -405.839691
v -122.353683 -17.410782 -424.945557
v -122.353683 -17.387909 -406.793518
v -122.353683 -17.387909 -430.344666
v -122.353683 -17.211472 -412.194366
v -122.353683 -17.585253 -435.742547
v -122.353683 -17.283830 -422.036237
v -122.353683 -17.890060 -441.132483
v -122.353683 -17.371520 -427.428533
v -122.353683 -18.280293 -446.512772
v -122.353683 -17.610863 -432.816947
v -122.353683 -18.670666 -451.893396
v -122.353683 -17.608767 -433.769625
v -122.353683 -19.101073 -457.273443
v -122.353683 -17.984316 -439.154024
v -122.353683 -19.476622 -462.657842
v -122.353683 -18.580243 -448.980006
v -122.353683 -19.941480 -468.037318
v -122.353683 -18.988691 -454.364406
v -122.353683 -20.349927 -473.421718
v -122.353683 -19.397123 -459.748836
v -122.353683 -20.758359 -478.806148
v -122.353683 -19.488857 -460.699281
v -122.353683 -21.166807 -484.190577
v -122.353683 -19.897289 -466.083680
v -122.353683 -21.575239 -489.574977
v -122.353683 -20.622449 -475.902065
v -122.353683 -21.983686 -494.959376
v -122.353683 -21.030881 -481.286464
v -122.353683 -22.392118 -500.343776
v -122.353683 -21.439329 -486.670833
v -122.353683 -22.800565 -505.728145
v -122.353683 -21.415855 -486.008519
v -122.353683 -23.208997 -511.112513
v -122.353683 -21.824302 -491.392949
v -122.353683 -23.617444 -516.496943
v -122.353683 -22.232749 -496.777318
v -122.353683 -24.025892 -521.881312
v -122.353683 -22.641181 -502.161718
v -122.353683 -24.434324 -527.265712
v -122.353683 -23.049628 -507.546239
v -122.353683 -24.842771 -532.650233
v -122.353683 -23.889966 -518.977321
v -122.353683 -25.251203 -538.034633
v -122.353683 -24.298414 -524.361659
v -122.353683 -25.659650 -543.418971
v -122.353683 -24.706846 -529.746120
v -122.353683 -26.068082 -548.803431
v -122.353683 -25.115293 -535.130519
v -122.353683 -26.476529 -554.187831
v -122.353683 -25.091834 -534.468236
v -122.353683 -26.884977 -559.572230
v -122.353683 -25.500266 -539.852636
v -122.353683 -27.293409 -564.956630
v -122.353683 -25.917141 -545.355021
v -122.353683 -27.701856 -570.341029
v -122.705501 -26.883076 -548.309940
v -122.052259 -27.536318 -575.746083
v -124.823561 -27.385635 -551.829984
v -120.388524 -27.385635 -581.007862
v -126.932610 -27.385635 -556.283947
v -118.990032 -27.385635 -582.258324
v -128.714938 -27.385635 -561.610216
v -116.170400 -27.385635 -586.923301
v -129.467383 -27.385635 -567.654977
v -112.641699 -27.385635 -591.074510
v -128.755208 -27.385635 -574.189107
v -104.921616 -27.385635 -598.290493
v -126.280740 -27.385635 -580.536282
v -99.602272 -27.385635 -601.078701
v -122.307380 -27.385635 -586.325769
v -93.971296 -27.385635 -603.379894
v -117.050854 -27.385635 -591.343710
v -88.361021 -27.385635 -605.185296
v -110.915164 -27.385635 -595.755240
v -82.701702 -27.385635 -606.514610
v -104.482627 -27.385635 -599.210169
v -77.084978 -27.385635 -607.587962
v -100.834725 -27.385635 -601.247922
v -71.493388 -27.385635 -608.404346
v -96.884833 -27.385635 -602.895879
v -65.955403 -27.385635 -609.131652
v -92.684653 -27.385635 -604.443691
v -60.421083 -27.385635 -609.605861
v -79.050239 -27.385635 -606.979200
v -62.602384 -27.385635 -608.952943
v -73.961916 -27.385635 -607.907141
v -57.217818 -27.385635 -609.368927
v -68.766868 -27.385635 -608.588801
v -51.825687 -27.385635 -609.664431
v -63.507787 -27.385635 -609.157442
v -46.428029 -27.385635 -609.835211
v -58.205600 -27.385635 -609.536966
v -41.029637 -27.385635 -609.945917
v -52.864288 -27.385635 -609.907715
v -35.629364 -27.385635 -609.907715
v -47.442856 -27.385635 -609.941650
v -30.229599 -27.385635 -609.941650
v -42.053528 -27.385635 -609.941406
v -24.829849 -27.385635 -609.941406
v -36.641998 -27.385635 -609.905762
v -19.430237 -27.385635 -609.905762
v -31.225981 -27.385635 -610.091918
v -14.032994 -27.385635 -609.682561
v -25.766279 -27.385635 -610.160266
v -8.642190 -27.385635 -609.344833
v -20.267080 -27.385635 -610.022026
v -3.256885 -27.385635 -608.942014
v -14.734073 -27.385635 -609.925200
v 2.109602 -27.385635 -608.321041
v -9.147740 -27.385635 -609.654532
v 7.453706 -27.385635 -607.529547
v -12.615305 -27.385635 -610.783692
v 20.338704 -27.385635 -605.247419
v -6.422879 -27.385635 -610.419020
v 25.423011 -27.385635 -603.741656
v -0.034392 -27.385635 -609.877107
v 30.373855 -27.385635 -601.901173
v 6.548939 -27.385635 -609.012754
v 35.151300 -27.385635 -599.716987
v 13.190012 -27.385635 -607.908119
v 39.726538 -27.385635 -597.021339
v 19.797413 -27.385635 -606.380328
v 43.818776 -27.385635 -593.940693
v 23.040154 -27.385635 -606.376108
v 47.584070 -27.385635 -590.399408
v 27.365175 -27.385635 -605.890847
v 50.671656 -27.385635 -586.428733
v 32.383569 -27.385635 -605.050298
v 49.578927 -27.385635 -585.807873
v 37.731397 -27.385635 -603.258822
v 52.195522 -27.385635 -581.038571
v 43.401953 -27.385635 -600.312249
v 53.936548 -27.385635 -575.871988
v 48.355466 -27.385635 -595.629576
v 54.939120 -27.385635 -570.529396
v 52.456500 -27.385635 -589.511316
v 55.169083 -27.385635 -565.098061
v 54.781611 -27.858359 -582.802531
v 54.965030 -27.124684 -559.691762
v 54.954987 -27.916186 -575.154797
v 54.954987 -26.757835 -554.304487
v 54.954987 -27.486154 -567.388622
v 54.954987 -26.459724 -548.912886
v 54.954987 -26.960333 -557.898178
v 54.954987 -26.161613 -543.521223
v 54.954987 -26.662237 -552.506515
v 54.954987 -25.863518 -538.129560
v 54.954987 -26.364126 -547.114791
v 54.954987 -25.565407 -532.737837
v 54.954987 -26.269064 -545.378061
v 54.954987 -25.267296 -527.346235
v 54.954987 -25.970953 -539.986460
v 54.954987 -24.969185 -521.954634
v 54.954987 -25.469809 -530.939987
v 54.954987 -24.671089 -516.563032
v 54.954987 -25.171698 -525.548263
v 54.954987 -24.372978 -511.171308
v 54.954987 -24.873587 -520.156631
v 54.954987 -24.074867 -505.779676
v 54.954987 -24.778524 -518.419870
v 54.954987 -23.776756 -500.388044
v 54.954987 -24.480429 -513.028238
v 54.954987 -23.478660 -494.996412
v 54.954987 -23.979269 -503.981704
v 54.954987 -23.180550 -489.604750
v 54.954987 -23.681158 -498.590042
v 54.954987 -22.882439 -484.213087
v 54.954987 -23.383047 -493.198410
v 54.954987 -22.584328 -478.821455
v 54.954971 -23.288000 -491.461649
v 54.954971 -22.286232 -473.429823
v 54.954971 -22.989888 -486.070001
v 54.954971 -21.988121 -468.038191
v 54.954971 -22.488729 -477.023498
v 54.954971 -21.690010 -462.646559
v 54.954971 -22.190633 -471.631866
v 54.954971 -21.391914 -457.254927
v 54.954971 -21.892522 -466.240203
v 54.954971 -21.093803 -451.863264
v 54.954971 -21.797460 -464.503443
v 54.954971 -20.795692 -446.471632
v 54.954971 -21.499349 -459.111811
v 54.954971 -20.497581 -441.080000
v 54.954971 -20.998190 -450.065322
v 54.954971 -20.199470 -435.688368
v 54.954971 -20.700094 -444.673675
v 54.954971 -19.901375 -430.296736
v 54.954971 -20.193177 -439.291304
v 54.954971 -19.850439 -424.896275
v 54.954987 -19.906097 -437.556610
v 54.954987 -19.906097 -419.496979
v 54.954987 -19.906097 -432.156708
v 54.954987 -19.906097 -414.097076
v 54.954987 -19.906097 -423.096298
v 54.954987 -19.906097 -408.697174
v 54.954987 -19.906097 -417.696457
v 54.954987 -19.906097 -403.297333
v 54.954987 -19.906097 -412.296555
v 54.954987 -19.906097 -397.897430
v 54.954987 -19.906097 -410.557159
v 54.954987 -19.906097 -392.497528
v 54.954987 -19.906097 -405.157318
v 54.954987 -19.906097 -387.097687
v 54.954987 -19.906097 -396.096909
v 54.954987 -19.906097 -381.697784
v 54.954987 -19.906097 -390.697052
v 54.954987 -19.906097 -372.720886
v 54.954987 -19.906097 -400.973282
v 54.954987 -19.906097 -367.320984
v 54.954987 -19.906097 -395.573410
v 54.954987 -19.906097 -361.921112
v 54.954987 -19.906097 -390.173538
v 54.954987 -19.906097 -356.521240
v 54.954987 -19.906097 -384.773697
v 54.954987 -19.906097 -351.121399
v 54.954987 -19.906097 -379.373795
v 54.954987 -19.906097 -345.721497
v 54.954987 -19.906097 -361.896927
v 54.954987 -19.906097 -340.321594
v 54.954987 -19.906097 -356.497055
v 54.954987 -19.906097 -334.921722
v 54.954987 -19.906097 -351.097183
v 54.954987 -19.906097 -329.521851
v 54.954987 -19.906097 -345.697342
v 54.954987 -19.906097 -324.122009
v 54.954987 -19.906097 -340.297440
v 54.954987 -19.906097 -292.349579
v 54.954987 -19.906097 -334.897537
v 54.954987 -19.906097 -290.357956
v 54.954971 -19.906097 -341.574600
v 54.954971 -19.906097 -307.922302
v 54.954971 -19.906097 -336.174744
v 54.954971 -19.906097 -302.522461
v 54.954971 -19.906097 -330.774872
v 54.954971 -19.906097 -297.122589
v 54.954971 -19.906097 -325.201721
v 54.954971 -19.906097 -291.549438
v 54.954971 -19.906097 -319.322693
v 54.954971 -19.906097 -285.620758
v 54.954971 -19.906097 -313.224457
v 54.954971 -19.906097 -279.255600
v 54.958878 -19.906097 -301.127106
v 54.958878 -19.906097 -272.449036
v 48.006163 -19.906097 -294.853496
v 58.412305 -19.906097 -265.679135
v 35.500944 -19.907761 -279.286750
v 70.587728 -19.907761 -267.923207
v 40.112289 -19.907761 -271.979431
v 75.696960 -19.907761 -271.979431
v 48.077209 -19.906097 -271.986511
v 81.465195 -19.906097 -271.986511
v 61.679688 -19.906097 -271.986511
v 87.837265 -19.906097 -271.986511
v 68.721024 -19.906097 -271.986511
v 94.327103 -19.906097 -271.986511
v 75.052673 -19.906097 -271.986511
v 100.288895 -19.906097 -271.986511
v 73.386887 -19.906097 -271.986511
v 106.003937 -19.906097 -271.986511
v 78.786758 -19.906097 -271.986511
v 111.403809 -19.906097 -271.986511
v 91.665253 -19.906097 -271.986511
v 139.597717 -19.906097 -271.986511
v 97.065125 -19.906097 -271.986511
v 148.135269 -19.906097 -271.986511
v 107.239487 -19.906097 -271.986511
v 127.571823 -19.906097 -271.986511
v 112.915726 -19.906097 -271.986511
v 133.279678 -19.906097 -271.986511
v 118.718292 -19.906097 -271.986511
v 139.082245 -19.906097 -271.986511
v 124.297684 -19.906097 -271.986511
v 144.661636 -19.906097 -271.986511
v 129.750702 -19.906097 -271.986511
v 150.114655 -19.906097 -271.986511
v 135.150589 -19.906097 -271.986511
v 162.150711 -19.906097 -271.986511
v 140.550522 -19.906097 -271.986511
v 167.550583 -19.906097 -271.986511
v 145.950455 -19.906097 -271.986511
v 172.950485 -19.906097 -271.986511
v 151.350342 -19.906097 -271.986511
v 178.350357 -19.906097 -271.986511
v 156.750198 -19.906097 -271.986511
v 183.750229 -19.906097 -271.986511
v 162.150085 -19.906097 -271.986511
v 189.188904 -19.906097 -271.986511
v 167.549973 -19.906097 -271.986511
v 198.380386 -19.906097 -271.986511
v 172.949844 -19.906097 -271.986511
v 207.664017 -19.906097 -271.986511
v 178.349716 -19.906097 -271.986542
v 216.981369 -19.906097 -271.986542
v 183.749603 -19.906097 -271.986542
v 224.989319 -19.906097 -271.986542
v 189.149475 -19.906097 -271.986542
v 233.519653 -19.906097 -271.986542
v 194.549347 -19.906097 -271.986542
v 242.824280 -19.906097 -271.986542
v 199.949234 -19.906097 -271.986542
v 251.708817 -19.906097 -271.986542
v 205.349106 -19.906097 -271.986511
v 259.749496 -19.906097 -271.986511
v 210.858420 -20.030092 -270.581337
v 266.984244 -19.132079 -280.459482
v 215.341626 -19.955189 -269.905437
v 272.072956 -19.001722 -289.451526
v 218.905703 -19.800225 -270.759558
v 277.066743 -19.307334 -292.939617
v 226.774292 -19.661026 -273.479168
v 282.067048 -19.661026 -296.635964
v 231.868455 -19.657761 -275.306176
v 286.809534 -19.657761 -300.626848
v 236.890559 -19.669098 -277.319957
v 291.213662 -19.669098 -304.721876
v 246.580053 -19.687149 -282.094664
v 295.126783 -19.687149 -309.457367
v 251.350393 -19.704330 -284.634516
v 298.567037 -19.704330 -314.641355
v 251.569793 -19.714142 -284.305933
v 301.608717 -19.714142 -319.770413
v 256.306049 -19.710342 -286.993165
v 303.689031 -19.710342 -325.673151
v 260.816933 -19.687180 -290.028385
v 305.446897 -19.687180 -331.299104
v 265.229531 -19.724205 -293.245148
v 306.069804 -19.249318 -337.409629
v 272.747792 -19.647465 -301.012930
v 305.435153 -18.798443 -343.464051
v 276.287655 -19.545905 -305.118652
v 302.956034 -18.725339 -349.429190
v 279.255661 -19.428094 -309.641666
v 301.134444 -18.646708 -353.789926
v 279.704748 -19.471884 -309.436284
v 300.046789 -18.226453 -357.592951
v 282.078646 -19.336835 -314.298802
v 299.851275 -18.151993 -360.902583
v 284.192873 -19.198645 -319.272558
v 299.929570 -18.074595 -363.859866
v 287.834966 -18.929229 -329.436784
v 300.278081 -17.995996 -366.766128
v 289.544749 -18.787521 -334.556885
v 300.830548 -17.941086 -368.414283
v 289.560802 -18.774505 -334.550936
v 301.078472 -17.910680 -369.103945
v 291.233161 -18.633860 -339.683609
v 301.991531 -17.846663 -371.171521
v 292.855186 -18.496090 -344.834701
v 303.268194 -17.769601 -373.652094
v 294.155479 -18.384714 -349.045304
v 304.778860 -17.691885 -376.296588
v 295.777835 -18.159555 -354.471915
v 308.695948 -17.662705 -383.040822
v 297.934222 -18.027024 -360.268438
v 313.930080 -17.475442 -391.156993
v 289.103922 -18.232153 -348.572921
v 321.100379 -17.291081 -398.920289
v 290.994521 -17.877608 -357.152083
v 330.715942 -17.381090 -405.810824
v 294.530161 -17.784628 -365.595867
v 342.179107 -17.261013 -411.673972
v 299.979563 -17.546463 -372.201858
v 353.006649 -17.546463 -418.530783
v 305.421756 -17.528442 -378.307387
v 355.087056 -17.528442 -416.549665
v 311.261600 -17.534164 -384.184898
v 357.414239 -17.534164 -414.227654
v 317.664126 -17.561157 -389.424106
v 359.636449 -17.561157 -412.111847
v 324.480916 -17.519088 -393.933916
v 361.961083 -17.842193 -410.089160
v 327.427826 -17.558545 -396.141103
v 364.418587 -17.866801 -408.471357
v 330.871730 -17.605668 -398.311945
v 367.204638 -17.901057 -407.173630
v 334.874338 -17.654930 -400.031040
v 370.374727 -17.941223 -406.615790
v 339.247649 -17.703267 -401.618080
v 374.098452 -17.982073 -406.078982
v 343.946779 -17.747768 -402.922134
v 371.341892 -17.965189 -405.096350
v 348.925250 -17.921524 -403.805941
v 376.749311 -17.921524 -405.130896
v 354.056081 -17.956375 -404.429754
v 382.152518 -17.956375 -405.098717
v 359.318711 -17.983887 -404.804620
v 382.153577 -17.983887 -404.985849
v 364.715805 -18.003738 -404.968079
v 387.553360 -18.003738 -404.968079
v 370.115509 -18.019547 -404.968079
v 403.749023 -18.019547 -404.968079
v 375.515381 -18.035370 -404.968079
v 409.148895 -18.035370 -404.968079
v 380.915222 -18.051178 -404.968079
v 414.548737 -18.051178 -404.968079
v 386.315094 -18.067001 -404.968079
v 419.877930 -18.067001 -404.968079
v 391.714935 -18.082809 -404.968079
v 425.277740 -18.082809 -404.968079
v 397.114777 -18.098633 -404.968079
v 430.677582 -18.098633 -404.968079
v 402.514618 -18.114456 -404.968079
v 436.077423 -18.114456 -404.968079
v 407.914490 -18.130264 -404.968079
v 441.477295 -18.130264 -404.968079
v 413.314331 -18.146088 -404.968079
v 446.877136 -18.146088 -404.968079
v 418.714203 -18.161896 -404.968079
v 452.277008 -18.161896 -404.968079
v 424.114044 -18.177719 -404.968079
v 457.676849 -18.177719 -404.968079
v 429.513885 -18.193527 -404.968079
v 463.076691 -18.193527 -404.968079
v 434.913757 -18.209351 -404.968079
v 468.476562 -18.209351 -404.968079
v 440.313629 -18.225159 -404.968079
v 473.876434 -18.225159 -404.968079
v 445.713470 -18.240982 -404.968079
v 479.276276 -18.240982 -404.968079
v 451.113312 -18.256805 -404.968079
v 484.676117 -18.256805 -404.968079
v 456.513184 -18.272614 -404.968079
v 490.075989 -18.272614 -404.968079
v 468.550842 -18.288437 -404.968079
v 495.475830 -18.288437 -404.968079
v 473.950653 -18.304245 -404.968079
v 500.875641 -18.304245 -404.968079
v 479.350525 -18.320068 -404.968079
v 506.275513 -18.320068 -404.968079
v 484.750397 -18.335876 -404.968079
v 511.675385 -18.335876 -404.968079
v 490.150238 -18.351700 -404.968079
v 517.075226 -18.351700 -404.968079
v 495.550110 -18.367523 -404.968079
v 522.475098 -18.367523 -404.968079
v 506.349854 -18.383331 -404.968109
v 527.874969 -18.383331 -404.968109
v 511.749664 -18.399155 -404.968109
v 522.549652 -18.399155 -404.968109
v 517.150247 -18.376150 -404.968109
v 527.948874 -18.547556 -404.968109
v 522.553594 -18.413874 -404.968109
v 533.345088 -18.842108 -404.968109
v 527.946796 -18.574184 -404.968109
v 538.725079 -19.258519 -404.968109
v 533.327194 -18.861260 -404.968109
v 544.086258 -19.800544 -404.968109
v 538.699282 -19.321421 -404.968109
v 549.450621 -20.345358 -404.968109
v 544.071636 -19.836318 -404.968109
v 554.814595 -20.944718 -404.968109
v 549.439739 -20.420699 -404.968109
v 560.182698 -21.529100 -404.968109
v 554.807903 -21.005080 -404.968109
v 565.550862 -22.113481 -404.968109
v 560.176067 -21.589476 -404.968109
v 570.919026 -22.697877 -404.968109
v 565.544170 -22.173858 -404.968109
v 576.287129 -23.282258 -404.968109
v 570.912334 -22.758254 -404.968109
v 581.655293 -23.866654 -404.968109
v 576.280498 -23.342635 -404.968109
v 587.023457 -24.451036 -404.968109
v 581.648662 -23.927016 -404.968109
v 592.391621 -25.035417 -404.968109
v 587.016826 -24.511413 -404.968109
v 597.759785 -25.619813 -404.968109
v 592.384990 -25.095794 -404.968140
v 603.127949 -26.204194 -404.968140
v 597.753124 -25.680172 -404.968140
v 608.496113 -26.788575 -404.968140
v 603.121318 -26.264571 -404.968109
v 613.864277 -27.372972 -404.968109
v 608.481430 -26.883004 -404.968109
v 619.240494 -27.822288 -404.968109
v 613.844989 -27.425151 -404.968109
v 624.623273 -28.109486 -404.968109
v 619.223855 -27.905263 -404.968109
v 630.022483 -28.076670 -404.968109
v 624.623248 -28.024130 -404.968109
v 635.422895 -28.109842 -404.968109
v 630.022980 -28.092361 -404.968109
v 640.822968 -28.092361 -404.968109
v 635.422821 -28.092361 -404.968109
v 646.222809 -28.092361 -404.968109
v 640.822662 -28.092361 -404.968109
v 651.622650 -28.092361 -404.968109
v 646.222565 -28.092361 -404.968109
v 657.022552 -28.092361 -404.968109
v 651.622467 -28.092361 -404.968109
v 662.422455 -28.092361 -404.968109
v 657.022369 -28.092361 -404.968109
v 667.822357 -28.092361 -404.968109
v 662.422150 -28.092346 -404.968109
v 673.222137 -28.092346 -404.968109
v 667.822052 -28.092346 -404.968109
v 678.622040 -28.092346 -404.968109
v 673.221954 -28.092346 -404.968109
v 684.021942 -28.092346 -404.968109
v 678.621857 -28.092346 -404.968109
v 689.421844 -28.092346 -404.968109
v 684.021759 -28.092346 -404.968109
v 694.821747 -28.092346 -404.968109
v 689.421661 -28.092346 -404.968109
v 700.221649 -28.092346 -404.968109
v 694.821503 -28.092346 -404.968109
v 705.621490 -28.092346 -404.968109
v 700.221344 -28.092346 -404.968079
v 711.021332 -28.092346 -404.968079
v 705.621155 -28.092361 -404.968079
v 716.421173 -28.092361 -404.968079
v 711.021057 -28.092346 -404.968079
v 721.821075 -28.092346 -404.968079
v 716.420959 -28.092346 -404.968079
v 727.220978 -28.092346 -404.968079
v 721.820801 -28.092346 -404.968079
v 732.620819 -28.092346 -404.968079
v 727.220703 -28.092346 -404.968079
v 738.020721 -28.092346 -404.968079
v 732.620605 -28.092346 -404.968079
v 743.420624 -28.092346 -404.968079
v 738.020508 -28.092346 -404.968079
v 748.820526 -28.092346 -404.968079
v 743.420410 -28.092346 -404.968079
v 754.220428 -28.092346 -404.968079
v 748.820190 -28.098953 -404.968079
v 759.620209 -28.098953 -404.968079
v 754.220047 -28.123459 -404.968079
v 765.020065 -28.123459 -404.968079
v 759.620135 -28.124899 -404.968079
v 770.419782 -28.210611 -404.968079
v 765.020037 -28.183310 -404.968079
v 775.819684 -28.269022 -404.968079
v 770.419940 -28.250189 -404.968079
v 781.219587 -28.335901 -404.968079
v 775.819902 -28.319876 -404.968079
v 786.619551 -28.405588 -404.968079
v 781.219942 -28.386679 -404.968079
v 795.930997 -28.503434 -404.968079
v 786.619936 -28.444983 -404.968079
v 801.328123 -28.561715 -404.968079
v 792.020257 -28.523178 -405.001200
v 802.818869 -28.523178 -404.829793
v 792.046152 -28.520584 -405.181966
v 808.213710 -28.520584 -404.540396
v 797.443383 -28.490784 -404.965134
v 817.509804 -28.490784 -404.168848
v 802.842205 -28.529863 -404.804728
v 819.002691 -28.401605 -404.035181
v 808.248544 -28.538290 -404.711839
v 824.384711 -28.282160 -403.559256
v 813.654874 -28.425868 -404.541631
v 833.628587 -28.108825 -402.480851
v 819.064065 -28.371103 -404.276850
v 838.932564 -27.894259 -401.415786
v 824.485918 -28.285241 -403.941274
v 844.036556 -27.654576 -399.999614
v 829.882786 -28.167908 -403.316244
v 860.304522 -26.921116 -395.336772
v 835.273532 -27.931001 -402.510268
v 866.692336 -26.610883 -391.685301
v 840.624167 -27.744272 -401.380495
v 873.607143 -26.023421 -386.753262
v 845.896383 -27.521144 -399.868744
v 880.008443 -25.350376 -380.641946
v 851.094959 -27.269461 -397.995787
v 881.512296 -24.883787 -375.928307
v 855.966102 -26.903863 -395.467344
v 883.330914 -24.574943 -371.013681
v 860.611148 -26.602541 -392.499627
v 885.069350 -23.982019 -365.129733
v 864.877544 -26.206169 -389.027403
v 886.773531 -23.506663 -358.433009
v 868.680301 -25.795663 -385.081442
v 888.335540 -22.987771 -351.074759
v 871.965368 -25.384460 -380.731750
v 889.877748 -22.399063 -342.916725
v 874.857614 -24.975810 -376.117286
v 888.410863 -22.265160 -340.577657
v 877.294732 -24.576985 -371.265574
v 887.679114 -22.051055 -337.586498
v 879.281854 -24.178076 -366.233733
v 884.214925 -22.745894 -346.819715
v 881.001803 -23.784236 -361.104776
v 884.960779 -22.359005 -341.468255
v 882.464307 -23.317281 -355.901446
v 885.476110 -22.049153 -336.086946
v 883.538520 -22.945110 -350.612794
v 885.926408 -21.671570 -330.713733
v 884.442676 -22.573990 -345.291926
v 886.185755 -21.306296 -325.325751
v 885.172491 -22.214667 -339.943775
v 886.284220 -20.944120 -319.932650
v 885.742348 -21.862132 -334.575248
v 886.219400 -20.589991 -314.539029
v 886.024792 -21.514449 -329.191257
v 886.183849 -20.241992 -309.150059
v 886.273642 -21.171213 -323.802260
v 885.955556 -19.898869 -303.762840
v 886.311232 -20.746607 -318.416279
v 885.675004 -19.633207 -298.375080
v 886.385234 -20.409437 -313.018513
v 885.114687 -19.297708 -293.007403
v 886.208763 -20.076005 -307.627881
v 884.464869 -18.966254 -287.652362
v 885.351232 -19.451939 -296.899548
v 883.487385 -18.636506 -282.338251
v 885.657917 -19.429079 -296.835369
v 882.309277 -18.312865 -277.062447
v 885.063221 -19.113268 -291.463626
v 880.917551 -17.997126 -271.851418
v 884.372247 -18.802102 -286.088067
v 879.138218 -17.691853 -266.738021
v 883.403177 -18.418701 -280.757414
v 877.061838 -17.467500 -261.733396
v 882.196515 -18.133230 -275.458883
v 874.582764 -17.181511 -256.900366
v 878.295288 -17.607564 -265.416000
v 871.681057 -16.911329 -252.303577
v 878.885818 -17.528295 -265.070561
v 868.351257 -16.730222 -247.991805
v 876.745202 -17.297394 -260.004848
v 864.502729 -16.502429 -244.105532
v 874.090770 -17.008128 -255.195401
v 860.299364 -16.374041 -240.611386
v 870.980994 -16.750407 -250.655591
v 855.715257 -16.273353 -237.616108
v 867.409590 -16.523359 -246.463871
v 850.825807 -16.204440 -235.142250
v 858.657541 -16.320324 -240.151885
v 845.725054 -16.087306 -233.161351
v 858.982455 -16.300170 -239.440997
v 840.483401 -15.981221 -231.626742
v 854.263409 -16.200384 -236.675330
v 835.160263 -15.881998 -230.466807
v 849.292015 -16.107855 -234.463738
v 829.807963 -15.791041 -229.553124
v 844.162408 -15.940557 -232.699152
v 824.426563 -15.781397 -228.879312
v 838.930210 -15.868342 -231.289723
v 819.027325 -15.709119 -228.423707
v 828.259511 -15.765514 -229.643488
v 813.621899 -15.649343 -228.133258
v 828.282096 -15.676926 -229.377574
v 808.217174 -15.676926 -227.944365
v 822.912588 -15.645264 -228.705588
v 802.811115 -15.645264 -227.907911
v 817.518148 -15.631302 -228.467849
v 797.416294 -15.631302 -227.670157
v 812.122778 -15.634689 -228.245499
v 792.020893 -15.634689 -227.447805
v 806.733561 -15.640732 -227.767917
v 786.616520 -15.640732 -227.608258
v 801.334244 -15.641769 -227.657654
v 781.216537 -15.641769 -227.657654
v 795.934204 -15.641769 -227.656281
v 775.816513 -15.641769 -227.656281
v 790.534180 -15.641769 -227.654907
v 770.416489 -15.641769 -227.654907
v 785.134171 -15.641769 -227.653564
v 765.016464 -15.641769 -227.653564
v 817.674347 -15.641769 -227.652222
v 759.616104 -15.641769 -227.652222
v 812.274323 -15.641769 -227.650848
v 758.133987 -15.641769 -227.650848
v 806.874237 -15.641769 -227.649475
v 752.733902 -15.641769 -227.649475
v 801.474213 -15.641769 -227.648117
v 747.333878 -15.641769 -227.648117
v 752.733810 -15.641769 -227.646774
v 741.933807 -15.641769 -227.646774
v 747.333847 -15.641769 -227.645401
v 736.533844 -15.641769 -227.645401
v 741.933762 -15.641769 -227.644028
v 731.133759 -15.641769 -227.644028
v 736.533676 -15.641769 -227.642685
v 725.733673 -15.641769 -227.642685
v 731.133698 -15.641769 -227.641342
v 720.333710 -15.641769 -227.641342
v 725.733612 -15.641769 -227.639969
v 714.933624 -15.641769 -227.639969
v 720.333588 -15.641769 -227.638596
v 709.533600 -15.641769 -227.638596
v 714.933563 -15.641769 -227.637253
v 704.133575 -15.641769 -227.637253
v 709.533478 -15.641769 -227.635910
v 698.733475 -15.641769 -227.635910
v 704.133392 -15.641769 -227.634537
v 693.333389 -15.641769 -227.634537
v 698.733368 -15.641769 -227.633163
v 687.933365 -15.641769 -227.633163
v 693.333344 -15.641769 -227.631805
v 682.533340 -15.641769 -227.631805
v 687.933334 -15.641769 -227.630463
v 677.133331 -15.641769 -227.630463
v 682.533249 -15.641769 -227.629089
v 671.733246 -15.641769 -227.629089
v 677.133224 -15.641769 -227.627716
v 666.333221 -15.641769 -227.627716
v 671.733139 -15.641769 -227.626343
v 660.933136 -15.641769 -227.626343
v 666.333115 -15.641769 -227.624969
v 655.533112 -15.641769 -227.624969
v 660.933090 -15.641769 -227.623627
v 650.133087 -15.641769 -227.623627
v 655.533051 -15.641769 -227.622284
v 644.733047 -15.641769 -227.622284
v 650.132965 -15.641769 -227.620911
v 639.332962 -15.641769 -227.620911
v 644.732941 -15.641769 -227.619537
v 633.932938 -15.641769 -227.619537
v 639.332855 -15.641769 -227.618179
v 628.532852 -15.641769 -227.618179
v 633.932846 -15.641769 -227.616837
v 623.132843 -15.641769 -227.616837
v 628.532822 -15.641769 -227.615463
v 617.732819 -15.641769 -227.615463
v 623.132736 -15.641769 -227.614090
v 612.332733 -15.641769 -227.614090
v 617.732712 -15.641769 -227.612747
v 606.932709 -15.641769 -227.612747
v 612.332611 -15.641769 -227.611404
v 601.532623 -15.641769 -227.611404
v 606.932587 -15.641769 -227.610031
v 596.132599 -15.641769 -227.610031
v 601.630679 -15.641769 -228.060130
v 590.979917 -15.641769 -226.270802
v 595.775500 -15.641769 -228.538153
v 587.803579 -15.641769 -221.251988
v 591.798560 -15.641769 -224.885143
v 583.826650 -15.641769 -217.598988
v 587.821543 -15.641769 -221.232158
v 579.849611 -15.641769 -213.945983
v 583.844603 -15.641769 -217.579179
v 575.872704 -15.641769 -210.293034
v 579.040918 -15.641769 -214.793390
v 574.694190 -15.641769 -204.906714
v 575.864807 -15.641769 -210.290436
v 575.864807 -15.641769 -199.490509
v 575.864807 -15.641769 -204.890457
v 575.864807 -15.641769 -194.090469
v 575.864807 -15.641769 -199.490433
v 575.864807 -15.641769 -188.690445
v 575.864807 -15.641769 -194.090378
v 575.864807 -15.641769 -183.290390
v 575.864807 -15.641769 -188.690323
v 575.864807 -15.641769 -177.890335
v 575.864807 -15.641769 -183.290268
v 575.864807 -15.641769 -172.490280
v 575.864807 -15.641769 -177.890213
v 575.864807 -15.641769 -167.090225
v 575.864807 -15.641769 -172.490158
v 575.864807 -15.641769 -161.690170
v 575.864807 -15.641769 -167.090103
v 575.864807 -15.641769 -156.290115
v 575.864807 -15.641769 -161.690048
v 575.864807 -15.641769 -150.890060
v 575.864807 -15.641769 -156.290024
v 575.864807 -15.641769 -145.490036
v 575.864807 -15.641769 -156.910690
v 575.864807 -15.641769 -140.090012
v 575.864807 -15.641769 -151.510635
v 575.864807 -15.641769 -129.371536
v 575.864807 -15.641769 -146.110580
v 575.864807 -15.641769 -124.056137
v 575.864807 -15.641769 -140.710526
v 575.864807 -15.641769 -118.907059
v 579.526863 -15.695827 -134.869225
v 570.910153 -15.526872 -115.439390
v 578.511173 -15.678547 -128.429317
v 566.357882 -15.350080 -111.677484
v 584.853549 -15.820157 -137.167077
v 562.660832 -15.220354 -106.577116
v 581.685408 -15.704726 -132.795716
v 559.492619 -15.104921 -102.205656
v 578.859238 -15.585139 -128.174161
v 556.134721 -14.987125 -97.974473
v 575.610298 -15.463553 -123.863586
v 552.885359 -14.865529 -93.663337
v 572.355809 -15.341591 -119.556158
v 536.152388 -14.388869 -71.443716
v 569.329692 -15.219491 -115.075011
v 532.777338 -14.270079 -67.604420
v 556.268634 -14.920030 -97.871905
v 529.289885 -13.895521 -64.063094
v 552.966571 -14.787551 -93.600019
v 525.779556 -13.768038 -60.295926
v 549.699582 -14.650919 -89.295751
v 521.931513 -13.635014 -56.786792
v 546.273864 -14.508901 -85.122074
v 518.251235 -13.496035 -53.047980
v 546.502894 -14.489529 -84.918544
v 528.292559 -13.846811 -64.994295
v 541.181945 -14.268692 -78.741602
v 524.428661 -13.690993 -61.218053
v 535.777987 -14.040342 -72.772799
v 520.422821 -13.528503 -57.588247
v 530.562752 -13.885090 -67.343538
v 516.269902 -13.270343 -54.126494
v 525.776331 -13.661767 -62.647882
v 511.963677 -13.086240 -50.849574
v 520.806618 -13.427931 -58.234438
v 507.582795 -12.893635 -47.682095
v 516.326281 -13.254089 -54.489386
v 502.990701 -12.600384 -44.814553
v 511.817047 -13.023124 -51.018605
v 498.192391 -12.380451 -42.278260
v 507.364109 -12.788128 -47.961776
v 493.262404 -12.147141 -40.013542
v 503.010140 -12.593955 -45.287025
v 488.170464 -11.812920 -38.127532
v 498.883778 -12.362265 -42.986514
v 482.910918 -11.543144 -36.706586
v 494.477361 -12.103244 -40.894862
v 477.550262 -11.263884 -35.718807
v 487.929391 -11.777181 -38.634875
v 472.104155 -10.876558 -35.289703
v 482.697941 -11.463602 -37.272840
v 466.638190 -10.564256 -35.345670
v 477.367887 -11.116004 -36.387914
v 461.194401 -10.345838 -35.874470
v 471.978563 -10.846365 -36.134033
v 448.258914 -9.528607 -36.134033
v 472.114382 -10.835332 -36.153336
v 442.874376 -9.210888 -36.153336
v 466.712476 -10.531217 -36.183304
v 437.469163 -8.906588 -36.183304
v 455.842835 -9.921597 -36.180157
v 432.095533 -8.602302 -36.368627
v 450.466706 -9.620755 -36.227581
v 426.719419 -8.301461 -36.416051
v 445.089168 -9.239911 -36.280850
v 421.317208 -8.485246 -36.469517
v 439.695094 -9.035061 -36.341596
v 415.923211 -8.280398 -36.530261
v 439.552495 -9.001157 -36.416702
v 410.523447 -8.079600 -36.416702
v 434.155289 -8.683263 -36.417206
v 405.116436 -8.222329 -36.417206
v 428.755219 -8.580999 -36.417206
v 399.716335 -8.120065 -36.417206
v 423.355195 -8.479940 -36.417206
v 394.316311 -8.019006 -36.417206
v 417.955140 -8.382635 -36.417206
v 388.916256 -7.921700 -36.417206
v 407.297995 -8.199824 -36.417206
v 383.539269 -7.822701 -36.417206
v 401.898482 -8.070276 -36.417206
v 391.098833 -7.984564 -36.417206
v 401.756378 -7.991089 -36.417206
v 385.698639 -7.991089 -36.417206
v 396.356293 -7.991089 -36.417206
v 380.298553 -7.991089 -36.417206
v 390.956268 -7.991089 -36.417206
v 374.898529 -7.991089 -36.417206
v 380.298431 -7.991089 -36.417206
v 369.498444 -7.991089 -36.417206
v 374.898407 -7.991089 -36.417206
v 364.098419 -7.991089 -36.417206
v 369.498352 -7.991089 -36.417206
v 358.698364 -7.991089 -36.417206
v 364.098297 -7.991089 -36.417206
v 353.298309 -7.991089 -36.417206
v 358.698273 -7.991089 -36.417206
v 347.898285 -7.991089 -36.417206
v 353.345719 -7.991089 -36.194940
v 342.586669 -7.991089 -37.134222
v 347.669609 -7.991089 -35.557181
v 338.356340 -7.991089 -41.025522
v 343.027458 -7.991089 -38.315894
v 333.714189 -7.991089 -43.784235
v 338.385303 -7.991089 -41.074606
v 329.072021 -7.991089 -46.542955
v 333.743134 -7.991089 -43.833327
v 324.429852 -7.991089 -49.301675
v 329.100896 -7.991089 -46.592055
v 319.787614 -7.991089 -52.060404
v 324.458754 -7.991089 -49.350760
v 315.145459 -7.991089 -54.819116
v 319.816547 -7.991089 -52.109488
v 310.503251 -7.991089 -57.577845
v 315.174361 -7.991089 -54.868200
v 305.861079 -7.991089 -60.336549
v 310.532153 -7.991089 -57.626944
v 301.218858 -7.991089 -63.095301
v 305.889928 -7.991089 -60.385664
v 296.576686 -7.991089 -65.853990
v 301.247786 -7.991089 -63.144369
v 291.934531 -7.991089 -68.612703
v 296.605561 -7.991089 -65.903120
v 287.292332 -7.991089 -71.371438
v 292.359834 -7.991089 -69.443431
v 281.789702 -7.991089 -71.659749
v 287.221634 -7.991089 -71.086487
v 276.421616 -7.991089 -71.086487
v 281.821625 -7.991089 -71.086487
v 271.021637 -7.991089 -71.086487
v 276.421539 -7.991089 -71.086487
v 265.621552 -7.991089 -71.086487
v 271.021515 -7.991089 -71.086487
v 260.221527 -7.991089 -71.086487
v 265.621460 -7.991089 -71.086487
v 254.821472 -7.991089 -71.086487
v 260.278448 -7.991089 -71.512259
v 249.614146 -7.991089 -69.805971
v 254.653256 -7.991089 -71.674619
v 245.538203 -7.991089 -65.881875
v 250.102427 -7.991089 -68.767675
v 240.987374 -7.991089 -62.974931
v 245.551561 -7.991089 -65.860699
v 236.436560 -7.991089 -60.067988
v 241.000757 -7.991089 -62.953756
v 231.885717 -7.991089 -57.161020
v 236.449889 -7.991089 -60.046788
v 227.334875 -7.991089 -54.254069
v 231.899073 -7.991089 -57.139852
v 222.784020 -7.991089 -51.347108
v 227.517521 -7.991089 -54.053563
v 217.927219 -7.991089 -49.087156
v 223.078659 -7.991089 -50.350723
v 212.278671 -7.991089 -50.350723
v 217.678589 -7.991089 -50.350723
v 206.878586 -7.991089 -50.350723
v 212.278534 -7.991089 -50.350723
v 201.478531 -7.991089 -50.350723
v 206.878494 -7.991089 -50.350723
v 196.078491 -7.991089 -50.350723
v 201.478455 -7.991089 -50.350723
v 190.678452 -7.991089 -50.350723
v 196.078400 -7.991089 -50.350723
v 185.278397 -7.991089 -50.350723
v 190.678345 -7.991089 -50.350723
v 179.878342 -7.991089 -50.350723
v 185.278290 -7.991089 -50.350723
v 174.478287 -7.991089 -50.350723
v 179.878250 -7.991089 -50.350723
v 169.078247 -7.991089 -50.350723
v 174.478210 -7.991089 -50.350723
v 163.678207 -7.991089 -50.350723
v 169.078156 -7.991089 -50.350723
v 158.278152 -7.991089 -50.350723
v 163.678116 -7.991089 -50.350723
v 152.878113 -7.991089 -50.350723
v 158.278061 -7.991089 -50.350723
v 147.478058 -7.991089 -50.350723
v 152.878021 -7.991089 -50.350723
v 142.078018 -7.991089 -50.350723
v 152.877296 -7.803640 -50.350723
v 118.344908 -8.625840 -50.350723
v 147.458305 -7.495998 -50.350723
v 118.407442 -9.801622 -50.350723
v 142.076240 -7.936199 -50.350723
v 102.698171 -11.061442 -50.350723
v 136.694144 -8.376415 -50.350723
v 115.162850 -10.085248 -50.350723
v 145.319304 -7.704947 -50.350723
v 109.780785 -10.525464 -50.350723
v 139.937224 -8.145147 -50.350723
v 104.398705 -10.965665 -50.350723
v 134.581620 -8.941272 -50.350723
v 99.002996 -11.200232 -50.350723
v 115.187744 -10.700485 -50.350723
v 93.588745 -10.700485 -50.350723
v 109.787689 -10.700485 -50.350723
v 88.188690 -10.700485 -50.350723
v 104.387634 -10.700485 -50.350723
v 82.788635 -10.700485 -50.350723
v 98.987595 -10.700485 -50.350723
v 77.388596 -10.700485 -50.350723
v 93.587540 -10.700485 -50.350723
v 71.988541 -10.700485 -50.350723
v 88.187500 -10.700485 -50.350723
v 66.588501 -10.700485 -50.350723
v 82.787445 -10.700485 -50.350723
v 61.188446 -10.700485 -50.350723
v 77.387405 -10.700485 -50.350723
v 55.788406 -10.700485 -50.350723
v 80.783127 -10.700485 -50.350723
v 22.856491 -10.700485 -50.350723
v 75.394963 -10.700485 -50.603999
v 17.485433 -10.700485 -49.684800
v 68.729324 -10.700485 -59.029606
v 15.917302 -10.700485 -29.262829
v 55.476283 -10.700485 -51.550181
v 12.139425 -10.700485 -27.123951
v 50.776088 -10.700485 -48.891459
v 31.959421 -10.700485 -38.285701
v 46.075893 -10.700485 -46.232737
v 25.014416 -10.700485 -34.361722
v 50.123364 -10.700485 -48.504510
v 18.152546 -10.700485 -30.484593
v 36.675519 -10.700485 -40.915301
v 11.262894 -10.700485 -26.591821
v 31.975339 -10.700485 -38.256609
v 4.206631 -10.700485 -22.605155
v 32.051489 -10.700485 -38.290001
v -2.342049 -10.700485 -18.904552
v 27.351347 -10.700485 -35.631309
v -8.825052 -10.700485 -15.240975
v 17.874769 -10.700485 -30.280444
v -15.968743 -10.700485 -11.205009
v 13.174615 -10.700485 -27.621752
v -23.014664 -10.700485 -7.224158
v 8.474410 -10.700485 -24.963007
v -29.658824 -10.700485 -3.469730
v 3.774270 -10.700485 -22.304308
v -35.816073 -10.700485 0.010250
v -0.925950 -10.700485 -19.645564
v -41.356061 -10.700485 3.142318
v -5.626145 -10.700485 -16.986857
v -46.823287 -10.700485 6.233351
v -10.326340 -10.700485 -14.328166
v -52.382870 -10.700485 9.376424
v -15.026534 -10.700485 -11.669436
v -57.754187 -10.700485 12.413423
v -19.726676 -10.700485 -9.010744
v -63.039687 -10.700485 15.402045
v -26.364422 -10.700485 -9.463285
v -59.474896 -10.700485 31.255778
v -32.881672 -10.700485 -7.443106
v -45.738538 -10.700485 49.855077
v -35.332199 -10.700485 -1.921982
v -35.332199 -10.700485 51.668915
v -35.332199 -10.700485 8.878082
v -35.332199 -10.700485 57.068665
v -35.332199 -10.700485 14.278107
v -35.332199 -10.700485 62.468307
v -35.332199 -10.700485 19.678162
v -35.332199 -10.700485 67.868057
v -35.332199 -10.700485 25.078217
v -35.332199 -10.700485 73.267365
v -35.332199 -10.700485 30.478241
v -35.332199 -10.700485 78.666687
v -35.332199 -10.700485 35.878296
v -35.332199 -10.700485 84.066010
v -35.332199 -10.700485 41.278351
v -35.332199 -10.700485 89.466064
v -35.332199 -10.700485 46.678406
v -35.332199 -10.700485 94.866119
v -35.332199 -10.700485 52.078430
v -35.332199 -10.700485 100.266144
v -35.332199 -10.700485 57.478485
v -35.332199 -10.700485 105.666199
v -35.332199 -10.700485 62.878540
v -35.332199 -10.700485 111.066254
v -35.332199 -10.700485 68.278564
v -35.332199 -10.700485 113.365265
v -35.332199 -10.700485 73.678619
v -35.332199 -10.700485 115.650345
v -35.332199 -10.700485 79.078674
v -35.332199 -10.700485 121.050400
v -35.332199 -10.700485 84.478683
v -35.332199 -10.700485 126.450409
v -35.332199 -10.700485 89.878632
v -35.332199 -10.700485 131.850357
v -35.332199 -10.700485 95.278625
v -35.332199 -10.700485 137.250320
v -35.332199 -10.700485 100.678604
v -35.332199 -10.700485 142.650299
v -35.332199 -10.700485 99.443741
v -35.332199 -10.700485 148.050674
v -44.516551 -10.700485 97.443989
v -16.897079 -10.700485 147.702373
v -41.097443 -10.700485 110.366805
v -9.944789 -10.700485 141.519460
v -37.851730 -10.700485 113.612473
v -9.288969 -10.700485 142.175234
v -34.927994 -10.700485 116.536194
v -6.899674 -10.700485 144.564514
v -63.886487 -10.700485 87.577701
v -10.979135 -10.700485 140.485053
v -57.368144 -10.700485 94.096074
v -7.824027 -10.700485 143.640191
v -18.960011 -10.700485 132.504192
v -4.484985 -10.700485 146.979218
v -15.252314 -10.700485 136.211904
v -0.667385 -10.700485 150.796833
v -11.544521 -10.700485 139.919713
v 3.167996 -10.700485 154.632229
v -7.836830 -10.700485 143.627342
v 7.077473 -10.700485 158.541646
v -4.129144 -10.700485 147.335044
v 10.895817 -10.700485 162.360005
v 1.137484 -10.700485 149.276864
v 12.567161 -10.700485 167.186192
v 8.373740 -10.700485 157.952997
v 10.234077 -10.700485 174.016607
v 8.994965 -10.700485 157.772461
v 8.994965 -10.700485 179.517105
v 8.994965 -10.700485 163.317139
v 8.994965 -10.700485 184.917114
v 8.994965 -10.700485 168.717072
v 8.994965 -10.700485 190.317047
v 8.994965 -10.700485 174.117020
v 8.994965 -10.700485 195.716995
v 8.994965 -10.700485 179.517029
v 8.994965 -10.700485 201.117004
v 8.994980 -10.700485 184.916962
v 8.994980 -10.700485 206.516937
v 8.994980 -10.700485 184.916885
v 8.994980 -10.700485 211.916885
v 8.994980 -10.700485 190.316895
v 8.994980 -10.700485 217.316910
v 8.994980 -10.700485 195.716827
v 8.994980 -10.700485 222.716843
v 8.994980 -10.700485 206.516785
v 8.994980 -10.700485 228.116791
v 8.994980 -10.700485 211.916733
v 8.994980 -10.700485 233.516739
v 8.994980 -10.700485 217.316666
v 8.994980 -10.700485 238.916672
v 8.994980 -10.700485 222.716675
v 8.994980 -10.700485 244.316681
v 8.994980 -10.700485 228.116623
v 8.994980 -10.700485 249.716629
v 8.994980 -10.700485 233.516556
v 8.994980 -10.700485 255.116562
v 10.942508 -10.700485 244.639787
v 0.698022 -10.700485 257.189283
v 14.277503 -10.700485 246.370919
v -5.928814 -10.700485 256.834905
v 10.275208 -10.759968 248.437262
v -10.726183 -10.572456 259.312983
v 6.646801 -11.237035 250.544879
v -15.607447 -9.858454 261.573532
v 2.844769 -11.177495 252.438021
v -20.418759 -9.324647 263.966849
v -0.936833 -10.850507 254.320177
v -25.240028 -8.914854 266.364239
v 29.784935 -13.271590 239.103319
v -30.061297 -8.505076 268.761628
v 27.112401 -13.032935 240.435879
v -34.882444 -8.095293 271.158988
v -5.809372 -10.385049 256.759213
v -39.703617 -7.685507 273.556360
v -22.762936 -9.008983 265.169060
v -44.524860 -7.275732 275.953730
v -30.038539 -8.403712 268.782756
v -49.346143 -6.865938 278.351126
v -34.859751 -7.993921 271.180095
v -54.167342 -6.456149 280.748458
v -44.510142 -7.199509 275.970670
v -58.988544 -6.046362 283.145807
v -49.331425 -6.789715 278.368067
v -63.809827 -5.636568 285.543204
v -54.152612 -6.379943 280.765446
v -68.631028 -5.226795 287.940590
v -58.973842 -5.970154 283.162840
v -73.452257 -4.817006 290.337983
v -63.795070 -5.560364 285.560209
v -78.273472 -4.407217 292.735346
v -68.616298 -5.150574 287.957578
v -83.094754 -3.997423 295.132742
v -73.286870 -4.698386 290.573144
v -88.392750 -3.802275 296.333861
v -72.696106 -4.237778 293.440674
v -93.665344 -4.237778 293.440674
v -71.796082 -4.237778 293.440674
v -98.874451 -4.237778 293.440674
v -77.196030 -4.237778 293.440674
v -104.274399 -4.237778 293.440674
v -88.895981 -4.237778 293.440674
v -109.674362 -4.237778 293.440674
v -94.295944 -4.237778 293.440674
v -115.074326 -4.237778 293.440674
v -99.695892 -4.237778 293.440674
v -120.474274 -4.237778 293.440674
v -105.095871 -4.237778 293.440674
v -125.874252 -4.237778 293.440674
v -110.495834 -4.237778 293.440674
v -131.274216 -4.237778 293.440674
v -109.995529 -4.237778 293.440674
v -137.073898 -4.237778 293.440674
v -116.188461 -4.237778 293.440674
v -143.266830 -4.237778 293.440674
v -130.653366 -4.237778 291.227179
v -156.625055 -4.237778 296.665582
v -137.580615 -4.239441 287.115259
v -150.648633 -4.239441 304.539282
v -146.063599 -4.239441 297.095795
v -146.063599 -4.239441 311.697357
v -146.060638 -4.237778 302.952927
v -146.060638 -4.237778 317.560455
v -146.060654 -4.239441 313.065613
v -146.060654 -4.239441 323.865631
v -146.060669 -4.241104 319.387787
v -146.060669 -4.241104 330.187805
v -145.234277 -4.239441 327.442376
v -146.887047 -4.239441 338.115164
v -143.485470 -4.237778 335.163607
v -157.843414 -4.237778 340.372180
v -123.619278 -4.237778 337.767883
v -163.368179 -4.237778 337.767883
v -129.019241 -4.237778 337.767883
v -168.768143 -4.237778 337.767883
v -134.419205 -4.237778 337.767883
v -174.168106 -4.237778 337.767883
v -139.819153 -4.237778 337.767883
v -179.568054 -4.237778 337.767883
v -145.219131 -4.237778 337.767883
v -184.968033 -4.237778 337.767883
v -150.619095 -4.237778 337.767883
v -190.367996 -4.237778 337.767883
v -156.019165 -4.237778 337.767883
v -195.767944 -4.237778 337.767883
v -161.419006 -4.237778 337.767883
v -215.084290 -4.237778 337.767883
v -166.819092 -4.237778 337.767883
v -211.972290 -4.237778 337.767883
v -172.219055 -4.237778 337.767883
v -225.884216 -4.237778 337.767883
v -177.619003 -4.237778 337.767883
v -222.772202 -4.237778 337.767883
v -183.019089 -4.237778 337.767883
v -222.767746 -4.237778 337.767883
v -188.438721 -4.237778 337.767883
v -228.167725 -4.237778 337.767883
v -193.858444 -4.237778 337.767883
v -233.567673 -4.237778 337.767883
v -199.277924 -4.237778 337.767883
v -238.967621 -4.237778 337.767883
v -204.697662 -4.237778 337.767883
v -244.367584 -4.237778 337.767883
v -210.117310 -4.237778 337.767883
v -249.767578 -4.237778 337.767883
v -215.537094 -4.237778 337.767883
v -255.167587 -4.237778 337.767883
v -220.852203 -4.237778 337.767883
v -260.567535 -4.237778 337.767883
v -226.167297 -4.237778 337.767883
v -265.967468 -4.237778 337.767883
v -231.517838 -4.237778 337.767883
v -271.367432 -4.237778 337.767883
v -236.868362 -4.237778 337.767853
v -276.767395 -4.237778 337.767853
v -242.219055 -4.237778 337.767853
v -282.167297 -4.237778 337.767853
v -247.569519 -4.237778 337.767883
v -287.567322 -4.237778 337.767883
v -253.178467 -4.237778 337.767883
v -298.630127 -4.237778 337.767883
v -238.728851 -4.238617 337.767883
v -327.507294 -4.238617 337.767883
v -248.668192 -4.238617 351.993948
v -320.595475 -4.238617 332.783556
v -300.842474 -4.237778 337.546490
v -327.353830 -4.237778 317.396528
v -305.299712 -4.237778 330.201650
v -312.012300 -4.237778 308.855622
v -306.916809 -4.237778 324.453674
v -306.916809 -4.237778 302.077118
v -306.916809 -4.237778 318.434540
v -306.916809 -4.237778 296.057983
v -306.930176 -4.237778 311.950104
v -306.930176 -4.237778 289.573547
v -305.960419 -4.237778 303.588164
v -310.029292 -4.237778 281.611778
v -299.339030 -4.238617 301.003919
v -318.478453 -4.238617 289.502399
v -304.207596 -4.238617 293.438324
v -325.807678 -4.238617 293.438324
v -311.460846 -4.237778 293.440674
v -351.053558 -4.237778 293.440674
v -318.383820 -4.237778 293.440674
v -357.976532 -4.237778 293.440674
v -324.239380 -4.237778 293.440674
v -363.832092 -4.237778 293.440674
v -329.661530 -4.237778 293.440674
v -369.232086 -4.237778 293.440674
v -330.571228 -4.237778 293.440674
v -374.632019 -4.237778 293.440674
v -341.767944 -4.237778 293.440674
v -380.031982 -4.237778 293.440674
v -347.167938 -4.237778 293.440674
v -385.431976 -4.237778 293.440674
v -353.023499 -4.237778 293.440674
v -391.287537 -4.237778 293.440674
v -358.879028 -4.237778 293.440674
v -397.143066 -4.237778 293.440674
v -364.279053 -4.237778 293.440674
v -402.543091 -4.237778 293.440674
v -369.678986 -4.237778 293.440674
v -407.943024 -4.237778 293.440674
v -379.168457 -4.237778 293.440674
v -413.342957 -4.237778 293.440674
v -384.555054 -4.237778 293.440674
v -418.742981 -4.237778 293.440674
v -389.950165 -4.237778 293.440674
v -424.142914 -4.237778 293.440674
v -395.350098 -4.237778 293.440674
v -429.542847 -4.237778 293.440674
v -400.768372 -4.237778 293.440674
v -434.942871 -4.237778 293.440674
v -406.154907 -4.237778 293.440674
v -440.342834 -4.237778 293.440674
v -407.462677 -4.237778 293.440674
v -445.742767 -4.237778 293.440674
v -412.862671 -4.237778 293.440674
v -451.142761 -4.237778 293.440674
v -412.449768 -4.237778 293.440674
v -456.542725 -4.237778 293.440674
v -433.149994 -4.237778 293.440674
v -459.337921 -4.237778 293.440674
v -438.549927 -4.237778 293.440674
v -460.447205 -4.237778 293.440674
v -443.949890 -4.237778 293.440674
v -465.805664 -4.237778 293.440674
v -449.349884 -4.237778 293.440643
v -463.372406 -4.237778 293.440643
v -449.345245 -4.235107 293.440613
v -479.567841 -4.235107 293.440613
v -454.733813 -4.351751 293.440613
v -484.952601 -3.872088 293.440613
v -460.156230 -4.698778 293.440613
v -479.529540 -3.314970 293.440613
v -465.559599 -4.419147 293.440613
v -484.911592 -2.729688 293.440613
v -470.946280 -4.056164 293.440613
v -490.269335 -2.062515 293.440613
v -460.088303 -5.167388 293.440613
v -495.639818 -1.499375 293.440613
v -456.478352 -5.259984 293.440613
v -501.017054 -1.018203 293.440613
v -461.797406 -3.943624 293.440613
v -515.296600 -0.122253 293.440613
v -467.147227 -2.759778 293.440613
v -520.722022 -0.208597 293.440613
v -481.503293 -1.095270 293.440613
v -526.137389 -0.741031 293.440613
v -486.902466 -0.848404 293.440613
v -531.537964 -0.848404 293.440613
v -492.302490 -0.848404 293.440613
v -539.088745 -0.848404 293.440613
v -488.702454 -0.848404 293.440613
v -544.488708 -0.848404 293.440613
v -503.102539 -0.848404 293.440613
v -549.888794 -0.848404 293.440613
v -508.502625 -0.848404 293.440613
v -563.025696 -0.848404 293.440613
v -513.902588 -0.848404 293.440613
v -568.425659 -0.848404 293.440613
v -519.302551 -0.848404 293.440613
v -566.088806 -0.848404 293.440613
v -524.702576 -0.848404 293.440613
v -583.057678 -0.848404 293.440613
v -533.079745 -0.848404 289.852930
v -588.118232 -0.848404 298.033574
v -542.045680 -0.848404 283.534110
v -590.594329 -0.848404 310.456544
v -559.034416 -0.848404 290.611167
v -588.123970 -0.848404 319.700722
v -562.477675 -0.848404 294.054487
v -590.824161 -0.848404 322.400973
v -566.019630 -0.848404 297.596381
v -585.945916 -0.848404 317.522668
v -569.546476 -0.848404 301.123227
v -598.243818 -0.848404 329.820569
v -573.045636 -0.848404 304.622387
v -602.037080 -0.848404 333.613832
v -565.171388 -0.848404 296.748170
v -605.855472 -0.848404 337.432254
v -568.729599 -0.848404 300.306412
v -609.673810 -0.848404 341.250623
v -583.642315 -0.848404 315.219189
v -613.492266 -0.848404 345.069140
v -587.211478 -0.848404 318.788352
v -617.310615 -0.848404 348.887489
v -590.756627 -0.848404 322.333379
v -608.242243 -0.848404 339.818995
v -591.983004 -0.848404 328.830986
v -629.781652 -0.848404 350.361862
v -581.991092 -0.848404 334.026201
v -653.443383 -0.848404 343.904066
v -592.367371 -0.848404 337.767822
v -627.552795 -0.848404 337.767822
v -599.603027 -0.848404 337.767822
v -632.952881 -0.848404 337.767822
v -606.950012 -0.848404 337.767822
v -658.870544 -0.848404 337.767822
v -614.169495 -0.848404 337.767822
v -695.821960 -0.848404 337.767822
v -621.305176 -0.848404 337.767822
v -701.222046 -0.848404 337.767822
v -628.502380 -0.848404 337.767822
v -706.622009 -0.848404 337.767822
v -633.902344 -0.848404 337.767822
v -712.021973 -0.848404 337.767822
v -644.377319 -0.848404 337.767822
v -717.421997 -0.848404 337.767822
v -644.702393 -0.848404 337.767822
v -722.822021 -0.848404 337.767822
v -650.102356 -0.848404 337.767822
v -728.221985 -0.848404 337.767822
v -655.502380 -0.848404 337.767822
v -733.622009 -0.848404 337.767822
v -665.977295 -0.848404 337.767822
v -739.021973 -0.848404 337.767822
v -666.302368 -0.848404 337.767822
v -744.421997 -0.848404 337.767822
v -671.702393 -0.848404 337.767822
v -749.822021 -0.848404 337.767822
v -682.177307 -0.848404 337.767822
v -755.232544 -0.848404 337.767822
v -687.577332 -0.848404 337.767822
v -760.497559 -0.848404 337.767822
v -692.977295 -0.848404 337.767822
v -765.970520 -0.848404 337.767822
v -698.377319 -0.848404 337.767822
v -771.370544 -0.848404 337.767822
v -703.777344 -0.848404 337.767822
v -776.770569 -0.848404 337.767822
v -709.177307 -0.848404 337.767822
v -782.170532 -0.848404 337.767822
v -687.978546 -0.848404 337.767822
v -836.253418 -0.848404 337.767822
v -694.683807 -0.848404 337.767822
v -842.958679 -0.848404 337.767822
v -701.162384 -0.848404 337.767822
v -849.437256 -0.848404 337.767822
v -705.257172 -0.848404 337.767822
v -803.828430 -0.848404 337.767822
v -736.177429 -0.848404 337.767822
v -792.000671 -0.848404 337.767822
v -741.577393 -0.848404 337.767822
v -797.400635 -0.848404 337.767822
v -746.808228 -0.848404 337.767822
v -802.631470 -0.848404 337.767822
v -751.901978 -0.848404 337.767822
v -807.725220 -0.848404 337.767822
v -756.803284 -0.848404 337.767822
v -812.626526 -0.848404 337.767822
v -761.561768 -0.848404 337.767822
v -817.313965 -0.848404 337.767822
v -764.488884 -0.857361 339.369079
v -821.118886 -0.857361 329.662720
v -770.236827 -0.864670 342.893849
v -821.954427 -0.864670 314.978098
v -775.956268 -0.863007 349.755250
v -792.372419 -0.863007 315.081885
v -782.301165 -0.863007 339.157380
v -785.134572 -0.863007 311.244117
v -783.499573 -0.866333 331.793549
v -783.499573 -0.866333 305.852631
v -783.499573 -0.872986 327.677399
v -783.499573 -0.872986 300.396698
v -783.499573 -0.879639 322.613251
v -783.499573 -0.879639 295.332550
v -783.499573 -0.886292 317.817657
v -783.499573 -0.886292 290.536957
v -783.499573 -0.892944 361.599243
v -783.499573 -0.892944 285.420837
v -783.499573 -0.899597 356.202728
v -783.499573 -0.899597 280.020905
v -783.499573 -0.906250 350.802734
v -783.499573 -0.906250 274.620911
v -783.499573 -0.912903 345.402679
v -783.499573 -0.912903 269.220856
v -783.499573 -0.919556 340.002747
v -783.499573 -0.919556 263.820923
v -783.499573 -0.926208 334.602722
v -783.499573 -0.926208 258.420898
v -783.499573 -0.932861 329.202667
v -783.499573 -0.932861 253.020844
v -783.499573 -0.939514 323.802734
v -783.499573 -0.939514 247.620911
v -783.499573 -0.946167 318.402710
v -783.499573 -0.946167 242.220886
v -783.499573 -0.952820 313.002670
v -783.499573 -0.952820 236.820847
v -783.499573 -0.959473 307.602722
v -783.499573 -0.959473 231.420898
v -783.499573 -0.966125 302.202789
v -783.499573 -0.966125 226.020966
v -783.499573 -0.972763 273.197983
v -783.499573 -0.972763 220.620956
v -783.499573 -0.979416 264.136230
v -783.499573 -0.979416 215.220947
v -783.499573 -0.986069 255.979034
v -783.499573 -0.986069 209.820953
v -783.499573 -0.992722 248.050293
v -783.499573 -0.992722 204.420959
v -783.499573 -0.999374 241.384918
v -783.499573 -0.999374 199.020966
v -783.499573 -1.006027 235.970444
v -783.499573 -1.006027 193.621017
v -783.499573 -1.012680 230.556091
v -783.499573 -1.012680 188.221069
v -783.499573 -1.019333 225.153320
v -783.499573 -1.019333 182.821045
v -783.499573 -1.025986 219.746964
v -783.499573 -1.025986 177.421036
v -783.499573 -1.032639 214.345856
v -783.499573 -1.032639 172.021027
v -783.499573 -1.039291 208.947723
v -783.499573 -1.039291 166.621002
v -783.499573 -1.045944 203.547791
v -783.499573 -1.045944 161.221008
v -783.499573 -1.052597 198.153778
v -783.499573 -1.052597 155.821014
v -783.499573 -0.913357 187.508328
v -783.499573 -1.207696 150.421607
v -783.499634 -1.082923 166.611021
v -783.499634 -1.168634 155.811373
v -783.499695 -1.152374 161.211349
v -783.499695 -1.152374 150.411316
v -783.499695 -1.159027 155.811371
v -783.499695 -1.159027 145.011322
v -783.499695 -1.165680 150.411362
v -783.499695 -1.165680 139.611313
v -783.499695 -1.172333 145.011353
v -783.499695 -1.172333 134.211304
v -783.499695 -1.178986 139.611359
v -783.499695 -1.178986 128.811310
v -783.499695 -1.185638 134.211395
v -783.499695 -1.185638 123.411346
v -783.499695 -1.199753 128.398499
v -783.499695 -1.199753 117.598450
v -783.499695 -1.122704 122.171535
v -783.499695 -1.550941 111.379979
v -783.499695 -1.273925 116.359415
v -783.499695 -2.043397 105.586813
v -783.499695 -1.610557 110.969450
v -783.499695 -2.634499 100.218050
v -783.499695 -2.096248 105.591346
v -783.499695 -3.288914 94.857354
v -783.499695 -2.683028 100.223550
v -783.499695 -3.959733 89.499228
v -783.499695 -3.262152 94.853516
v -783.499695 -4.801464 84.163850
v -783.499695 -4.028782 89.508467
v -783.499695 -5.568111 78.818681
v -783.499695 -4.795445 84.163283
v -783.499695 -6.334774 73.473497
v -783.499695 -5.549830 78.816411
v -783.499695 -7.172796 68.139003
v -783.499695 -6.351239 73.476399
v -783.499695 -8.057544 62.811992
v -783.499695 -7.211636 68.145543
v -783.499695 -8.917941 57.481136
v -783.499695 -8.072308 62.814686
v -783.499695 -9.778613 52.150280
v -783.499695 -8.912554 57.480517
v -783.499695 -10.701887 46.829725
v -783.499695 -9.815127 52.156618
v -783.499695 -11.604460 41.505827
v -783.499695 -10.717714 46.832705
v -783.499695 -12.507047 36.181913
v -783.499695 -11.620287 41.508776
v -783.499695 -13.409620 30.857984
v -783.499695 -12.522875 36.184862
v -783.499695 -14.312208 25.534071
v -783.499695 -13.425448 30.860964
v -783.499695 -15.214781 20.210172
v -783.499695 -14.328036 25.537081
v -783.499695 -16.117369 14.886289
v -783.499695 -15.230608 20.213152
v -783.499695 -17.019941 9.562361
v -783.499695 -16.133196 14.889239
v -783.499695 -17.922529 4.238447
v -783.499634 -17.035769 9.565310
v -783.499634 -18.825102 -1.085482
v -783.499573 -17.938367 4.241336
v -783.499573 -19.727690 -6.409395
v -783.499573 -18.866797 -1.075740
v -783.499573 -20.573093 -11.740086
v -783.499573 -19.836920 -6.369681
v -783.499573 -21.113618 -17.093942
v -783.499573 -20.603397 -11.695348
v -783.499573 -21.372864 -22.467890
v -783.499573 -21.118689 -17.070973
v -783.499573 -21.375758 -27.867900
v -783.499573 -21.302573 -22.469470
v -783.499573 -21.388284 -33.269117
v -783.499573 -21.377686 -27.869156
v -783.499573 -21.377686 -38.669144
v -783.499573 -21.377686 -33.269043
v -783.499573 -21.377686 -44.069031
v -783.499573 -21.377686 -38.668945
v -783.499573 -21.377686 -49.468933
v -783.499573 -21.377686 -44.068802
v -783.499573 -21.377686 -54.868790
v -783.499573 -21.377686 -49.468643
v -783.499573 -21.377686 -60.268631
v -783.499573 -21.377686 -54.868500
v -783.499573 -21.377686 -65.668488
v -783.499573 -21.377686 -60.268387
v -783.499573 -21.377686 -71.068375
v -783.499573 -21.377686 -65.111206
v -783.499573 -21.377686 -76.468262
v -783.499573 -21.377686 -60.278046
v -783.499573 -21.377686 -92.657990
v -783.499573 -21.377686 -65.677872
v -783.499573 -21.377686 -98.057816
v -783.499573 -21.377686 -76.420639
v -783.499573 -21.377686 -103.457687
v -783.499573 -21.377686 -81.820526
v -783.499573 -21.377686 -108.857574
v -783.499573 -21.377686 -81.877518
v -783.499573 -21.377686 -114.257462
v -783.499573 -21.377686 -87.277359
v -783.499573 -21.377686 -143.057327
v -783.499573 -21.377686 -92.677200
v -783.499573 -21.377686 -148.457169
v -783.499573 -21.377686 -98.077057
v -783.499573 -21.377686 -153.857025
v -783.499573 -21.377686 -103.476944
v -783.499573 -21.377686 -135.856888
v -783.499573 -21.272482 -108.877845
v -783.499573 -21.529458 -141.256768
v -783.499573 -21.319037 -114.278693
v -783.499573 -21.576012 -146.657616
v -783.499512 -21.470810 -125.345947
v -783.499512 -21.470810 -152.382980
v -783.499512 -21.470810 -131.384613
v -783.499512 -21.470810 -158.421722
v -783.499573 -21.470810 -137.307297
v -783.499573 -21.470810 -164.344315
v -783.499512 -21.470810 -137.632980
v -783.499512 -21.470810 -170.012924
v -783.499512 -21.470810 -143.093170
v -783.499512 -21.470810 -175.473114
v -785.414922 -21.470810 -148.615619
v -780.799894 -21.470810 -180.664423
v -788.929050 -21.470810 -155.312059
v -772.101252 -21.470810 -187.807117
v -789.356119 -21.470810 -162.115955
v -768.813264 -21.470810 -184.592255
v -787.842652 -21.470810 -168.562612
v -753.022661 -21.470810 -191.775938
v -784.939383 -21.470810 -174.777865
v -750.681239 -21.470810 -186.197247
v -780.514860 -21.684989 -180.138378
v -747.471424 -21.160490 -181.711875
v -768.120445 -21.470727 -181.076584
v -742.649975 -21.066434 -181.076584
v -769.783209 -21.461008 -181.118439
v -737.324407 -20.945789 -181.118439
v -756.564190 -21.167747 -181.160324
v -731.988671 -20.972703 -181.160324
v -751.219269 -21.040054 -181.202209
v -726.653854 -21.040054 -181.202209
v -753.741608 -21.019989 -181.244064
v -710.854019 -21.019989 -181.244064
v -748.364380 -21.019989 -181.285919
v -705.520813 -21.019989 -181.285919
v -743.041855 -21.019989 -181.327805
v -710.389313 -21.019989 -181.327805
v -737.665802 -21.019989 -181.369690
v -705.050034 -21.019989 -181.369690
v -732.402863 -21.019989 -181.411560
v -699.725784 -21.019989 -181.411560
v -727.026825 -21.019989 -181.453445
v -694.416534 -21.019989 -181.453445
v -721.705841 -21.019989 -181.495331
v -689.077103 -21.019989 -181.495331
v -716.307251 -21.019989 -181.537186
v -694.434860 -21.019989 -181.537186
v -699.858734 -21.019989 -181.579041
v -689.058762 -21.019989 -181.579041
v -694.474701 -21.019989 -181.605957
v -683.674713 -21.019989 -181.605957
v -689.082794 -21.019989 -181.617935
v -678.282822 -21.019989 -181.617935
v -683.690765 -21.019989 -181.629944
v -672.890793 -21.019989 -181.629944
v -678.298859 -21.019989 -181.641968
v -667.498871 -21.019989 -181.641968
v -672.906815 -21.019989 -181.653961
v -662.106842 -21.019989 -181.653961
v -667.514908 -21.019989 -181.665939
v -656.714935 -21.019989 -181.665939
v -662.122955 -21.019989 -181.677917
v -651.322968 -21.019989 -181.677917
v -656.731049 -21.019989 -181.689926
v -645.931015 -21.019989 -181.689926
v -651.339066 -21.019989 -181.701950
v -640.539093 -21.019989 -181.701950
v -645.947174 -21.019989 -181.713959
v -635.147186 -21.019989 -181.713959
v -640.555191 -21.019989 -181.725922
v -629.755219 -21.019989 -181.725922
v -635.163223 -21.019989 -181.737900
v -624.363251 -21.019989 -181.737900
v -629.771210 -21.019989 -181.749908
v -618.971237 -21.019989 -181.749908
v -624.379349 -21.019989 -181.761902
v -613.579376 -21.019989 -181.761902
v -618.987381 -21.019989 -181.773911
v -608.187408 -21.019989 -181.773911
v -613.595490 -21.019989 -181.785919
v -602.795456 -21.019989 -181.785919
v -608.203445 -21.019989 -181.797882
v -597.403473 -21.019989 -181.797882
v -602.811478 -21.019989 -181.809891
v -592.011505 -21.019989 -181.809891
v -597.419586 -21.019989 -181.821899
v -586.619614 -21.019989 -181.821899
v -592.027603 -21.019989 -181.833893
v -581.227631 -21.019989 -181.833893
v -586.635696 -21.019989 -181.845901
v -575.835724 -21.019989 -181.845901
v -581.243622 -21.019989 -181.857880
v -570.443649 -21.019989 -181.857880
v -575.851700 -21.019989 -181.869873
v -565.051727 -21.019989 -181.869873
v -570.474808 -21.019989 -181.881882
v -559.659836 -21.019989 -181.881882
v -565.075775 -21.019989 -181.908798
v -554.275803 -21.019989 -181.908798
v -559.699738 -21.019989 -181.950653
v -548.899765 -21.019989 -181.950653
v -554.323700 -21.019989 -181.992538
v -543.523712 -21.019989 -181.992538
v -548.947601 -21.019989 -182.034424
v -538.147629 -21.019989 -182.034424
v -543.571625 -21.019989 -182.076279
v -532.771637 -21.019989 -182.076279
v -538.195511 -21.019989 -182.118164
v -527.395538 -21.019989 -182.118164
v -532.819550 -21.019989 -182.160049
v -522.019562 -21.019989 -182.160049
v -527.443558 -21.019989 -182.201904
v -516.643585 -21.019989 -182.201904
v -522.067459 -21.019989 -182.243774
v -511.267487 -21.019989 -182.243774
v -516.691437 -21.019989 -182.285660
v -505.891464 -21.019989 -182.285660
v -511.315353 -21.019989 -182.327545
v -500.515381 -21.019989 -182.327545
v -505.939301 -21.019989 -182.369400
v -495.139328 -21.019989 -182.369400
v -500.563263 -21.019989 -182.411255
v -489.763290 -21.019989 -182.411255
v -495.187225 -21.020004 -182.453140
v -484.387238 -21.020004 -182.453140
v -489.811188 -21.020004 -182.495026
v -465.525513 -21.020004 -182.495026
v -484.435120 -21.020004 -182.536880
v -460.149460 -21.020004 -182.536880
v -479.059036 -21.020004 -182.578735
v -432.689911 -21.020004 -182.578735
v -473.682999 -21.020004 -182.620621
v -430.888229 -21.020004 -182.620621
v -468.306961 -21.020004 -182.662506
v -457.506989 -21.020004 -182.662506
v -469.915786 -21.020004 -176.601881
v -453.531396 -21.020004 -186.861266
v -466.748532 -21.020004 -173.282612
v -450.603314 -21.020004 -191.349880
v -462.799259 -21.020004 -177.714506
v -447.011375 -21.020004 -195.381901
v -461.826148 -21.020004 -178.815914
v -443.419415 -21.020004 -199.413925
v -458.234127 -21.020004 -182.847972
v -439.827435 -21.020004 -203.445938
v -443.431913 -21.020004 -199.424839
v -436.235516 -21.020004 -207.477951
v -439.839984 -21.020004 -203.456864
v -432.643607 -21.020004 -211.509952
v -444.815211 -21.020004 -197.901798
v -429.051658 -21.020004 -215.541965
v -431.690216 -21.020004 -210.784542
v -428.532100 -21.020004 -221.112435
v -429.368347 -21.020004 -215.665619
v -429.368347 -21.020004 -226.465607
v -429.368347 -21.020004 -221.065536
v -429.368347 -21.020004 -231.865524
v -429.368347 -21.020004 -226.465454
v -429.368347 -21.020004 -259.924133
v -429.368347 -21.020004 -231.865372
v -429.368347 -21.020004 -269.399368
v -429.368347 -21.020004 -237.265289
v -429.368347 -21.020004 -264.275482
v -429.368347 -21.020004 -242.665176
v -429.368347 -21.020004 -269.665604
v -429.368347 -21.020004 -248.065094
v -429.368347 -21.020004 -275.065521
v -429.368347 -21.020004 -253.464996
v -429.368347 -21.020004 -264.264984
v -429.368347 -21.020004 -258.864899
v -429.368347 -21.020004 -269.664886
v -429.368347 -21.020004 -264.264862
v -429.368347 -21.020004 -275.064850
v -429.368347 -21.020004 -269.664764
v -429.368347 -21.020004 -280.464752
v -429.368347 -21.020004 -275.064667
v -429.368347 -21.020004 -285.864655
v -429.368347 -21.020004 -280.464569
v -429.368347 -21.020004 -291.264557
v -429.368347 -21.020004 -285.864471
v -429.368347 -21.020004 -296.664459
v -429.368347 -21.020004 -291.264374
v -429.368347 -21.020004 -302.064362
v -429.368347 -21.020004 -296.664307
v -429.368347 -21.020004 -307.464294
v -429.368347 -21.020004 -302.064209
v -429.368347 -21.020004 -312.864197
v -429.368347 -21.020004 -307.464081
v -429.368347 -21.020004 -318.264069
v -429.898254 -21.020004 -312.809419
v -427.846026 -21.020004 -323.412599
v -429.900546 -21.020004 -318.429696
v -423.811237 -21.020004 -327.349247
v -426.860350 -21.020004 -322.892427
v -420.770989 -21.020004 -331.812054
v -423.820189 -21.020004 -327.355195
v -417.730819 -21.020004 -336.274835
v -420.779967 -21.020004 -331.818025
v -414.690606 -21.020004 -340.737652
v -417.739805 -21.020004 -336.280793
v -411.650453 -21.020004 -345.200408
v -414.699636 -21.020004 -340.743575
v -408.610301 -21.020004 -349.663164
v -420.667885 -21.020004 -332.010925
v -400.560328 -21.020004 -361.464248
v -417.627646 -21.020004 -336.473719
v -393.623482 -21.020004 -371.634746
v -414.587459 -21.020004 -340.936525
v -390.583407 -21.020004 -376.097389
v -411.547315 -21.020004 -345.399269
v -387.543169 -21.020004 -380.560271
v -408.507145 -21.020004 -349.862050
v -380.980174 -21.020004 -390.183246
v -405.466914 -21.020004 -354.324831
v -372.916031 -21.020004 -402.004997
v -402.426735 -21.020004 -358.787536
v -369.875241 -21.020004 -406.468597
v -399.386574 -21.020004 -363.250305
v -364.779325 -21.020004 -413.942612
v -392.757428 -21.020004 -372.970178
v -356.692031 -21.020004 -425.798364
v -387.592117 -21.020004 -380.545753
v -357.417567 -21.020004 -424.745093
v -384.541615 -21.020004 -385.023669
v -370.158421 -21.020004 -406.092009
v -378.217380 -21.020004 -394.296823
v -367.118216 -21.020004 -410.554752
v -375.177140 -21.020004 -398.759616
v -364.077994 -21.020004 -415.017521
v -370.726488 -21.020004 -402.712716
v -369.760885 -21.020004 -422.990382
v -370.326874 -21.020004 -399.907440
v -370.326874 -21.020004 -427.954514
v -370.326874 -21.020004 -399.964355
v -370.326874 -21.020004 -433.323242
v -370.326874 -21.020004 -405.364258
v -370.326874 -21.020004 -480.412292
v -370.326874 -21.020004 -410.764160
v -370.326874 -21.020004 -485.812195
v -370.326874 -21.020004 -421.529938
v -370.326874 -21.020004 -491.212097
v -370.326874 -21.020004 -426.929840
v -370.326874 -21.020004 -496.612000
v -370.326874 -21.020004 -432.329803
v -370.326874 -21.020004 -494.342346
v -370.326874 -21.020004 -437.729706
v -370.326874 -21.020004 -499.742249
v -370.326874 -21.020004 -443.129608
v -370.326874 -21.020004 -505.142151
v -370.326874 -21.020004 -448.529510
v -370.326874 -21.020004 -518.211670
v -370.326874 -21.020004 -453.929428
v -370.326874 -21.020004 -523.611572
v -370.326874 -21.020004 -459.329346
v -370.326874 -21.020004 -504.976288
v -370.326874 -21.020004 -464.729248
v -370.326874 -21.020004 -510.376190
v -370.326874 -21.020004 -474.972107
v -370.326874 -21.020004 -515.776062
v -370.326904 -21.020004 -480.372040
v -370.326904 -21.020004 -521.175980
v -370.326904 -21.020004 -485.771942
v -370.326904 -21.020004 -526.575836
v -370.326904 -21.020004 -491.171844
v -370.326904 -21.020004 -531.975800
v -370.326904 -21.020004 -496.571777
v -370.326904 -21.020004 -537.375671
v -370.326874 -21.020004 -505.260834
v -370.326874 -21.020004 -519.084717
v -370.329468 -21.020004 -510.660675
v -370.329468 -21.020004 -521.460663
v -370.332092 -21.020004 -516.060577
v -370.332092 -21.020004 -526.860565
v -370.332092 -21.020004 -521.460541
v -370.332092 -21.020004 -532.260529
v -370.332031 -21.020004 -526.534576
v -370.332031 -21.020004 -537.334564
v -370.332031 -21.020004 -531.748627
v -370.332031 -21.020004 -542.548615
v -370.332092 -21.020004 -537.474396
v -370.332092 -21.020004 -548.274384
v -370.332092 -21.020004 -543.249786
v -370.332092 -21.020004 -554.049774
v -370.332092 -21.020004 -549.027008
v -370.332092 -21.020004 -559.826996
v -370.332092 -21.020004 -554.706879
v -370.332092 -21.020004 -565.506866
v -370.332092 -21.020004 -560.313873
v -370.332092 -21.020004 -571.113861
v -370.332092 -21.020004 -565.971100
v -370.332092 -21.020004 -576.788071
v -370.332092 -21.020004 -571.738464
v -370.332092 -21.020004 -582.597778
v -370.332092 -21.019592 -577.963242
v -370.332092 -21.019592 -588.930206
v -369.047653 -21.019165 -585.343600
v -371.593062 -21.019165 -596.362394
v -366.586400 -21.020004 -593.156605
v -381.390381 -21.020004 -596.914891
v -375.694626 -21.020416 -595.032471
v -386.801529 -21.020416 -595.032471
v -382.423950 -21.020004 -595.029175
v -393.406845 -21.020004 -595.029175
v -388.389954 -21.020004 -595.029175
v -399.213120 -21.020004 -595.029175
v -393.956665 -21.020004 -595.029175
v -404.756653 -21.020004 -595.029175
v -399.356567 -21.020004 -595.029175
v -410.156555 -21.020004 -595.029175
v -404.756470 -21.020004 -595.029175
v -415.556458 -21.020004 -595.029175
v -410.156372 -21.020004 -595.029175
v -420.956360 -21.020004 -595.029175
v -415.556274 -21.020004 -595.029175
v -426.356262 -21.020004 -595.029175
v -420.956207 -21.020004 -595.029175
v -431.756195 -21.020004 -595.029175
v -426.356140 -21.020004 -595.029175
v -437.156128 -21.020004 -595.029175
v -431.859985 -21.020004 -595.029175
v -442.659973 -21.020004 -595.029175
v -437.508896 -21.020004 -595.029175
v -448.315002 -21.020004 -595.029175
v -443.384460 -21.020004 -595.029175
v -454.225723 -21.020004 -595.029175
v -450.023392 -21.019592 -595.028564
v -461.082214 -21.019592 -595.028564
v -457.831671 -21.018753 -597.193760
v -468.462214 -21.018753 -592.881911
v -463.360934 -21.019577 -597.874533
v -470.801725 -21.019577 -584.536112
v -467.081329 -21.020416 -589.566208
v -467.081329 -21.020416 -577.993240
v -467.081329 -21.020004 -582.676620
v -467.081329 -21.020004 -571.589752
v -467.081329 -21.020004 -576.549667
v -467.081329 -21.020004 -565.717590
v -467.081329 -21.020004 -570.955444
v -467.081329 -21.020004 -560.155457
v -467.081329 -21.020004 -565.555603
v -467.081329 -21.020004 -554.755615
v -467.081329 -21.020004 -560.025024
v -467.081329 -21.020004 -549.225037
v -467.081329 -21.020004 -554.445404
v -467.081329 -21.020004 -543.632797
v -467.081329 -21.020004 -548.817200
v -467.081329 -21.020004 -537.983643
v -467.081329 -21.020416 -543.552689
v -467.081329 -21.020416 -532.650238
v -464.489703 -21.019577 -537.029983
v -469.622823 -21.019577 -526.612768
v -464.006245 -21.018753 -531.931762
v -476.928859 -21.018753 -523.790210
v -470.981995 -21.019592 -527.861023
v -482.299881 -21.019592 -527.861023
v -476.979004 -21.020004 -527.861023
v -488.001572 -21.020004 -527.861023
v -483.023453 -21.020004 -527.861023
v -493.907593 -21.020004 -527.861023
v -482.884323 -21.020004 -527.861023
v -503.136169 -21.020004 -527.861023
v -423.597443 -21.020004 -527.861023
v -512.659515 -21.020004 -527.861023
v -430.162628 -21.020004 -527.861023
v -519.224701 -21.020004 -527.861023
v -436.174988 -21.020004 -527.861023
v -525.237061 -21.020004 -527.861023
v -430.581116 -21.020004 -527.861023
v -537.927368 -21.020004 -527.861023
v -435.987488 -21.034393 -527.861023
v -543.327332 -21.034393 -527.861023
v -441.396485 -20.412048 -527.861023
v -548.726475 -21.263873 -527.861023
v -507.747743 -20.786970 -527.861023
v -554.124287 -21.523105 -527.861023
v -522.752234 -21.031680 -527.861023
v -559.719196 -21.618458 -527.861023
v -528.352459 -21.243234 -527.856689
v -565.347767 -21.536848 -527.856689
v -533.445764 -21.315128 -524.273871
v -576.968897 -21.675196 -535.660998
v -539.840182 -21.470810 -519.802811
v -578.882077 -21.470810 -552.431040
v -544.776175 -21.470810 -521.838551
v -585.439467 -21.470810 -566.807368
v -548.058203 -21.470810 -525.774938
v -585.284021 -21.470810 -565.597907
v -551.130578 -21.470810 -529.047891
v -584.681082 -21.470810 -564.939129
v -554.195368 -21.470810 -532.312852
v -587.992555 -21.470810 -568.467982
v -557.292406 -21.470810 -535.612245
v -591.218269 -21.470810 -571.905029
v -560.498845 -21.470810 -539.028676
v -594.504234 -21.470810 -575.406534
v -567.644642 -21.470810 -539.354141
v -587.578243 -21.470810 -587.942294
v -574.761597 -21.470810 -543.255753
v -574.761597 -21.470810 -592.437988
v -574.765015 -21.470810 -549.136993
v -574.765015 -21.470810 -597.192200
v -574.768433 -21.470810 -560.964508
v -574.768433 -21.470810 -579.766006
v -574.771851 -21.470810 -559.910095
v -574.771851 -21.470810 -607.995346
v -574.775269 -21.470810 -571.728210
v -574.775269 -21.470810 -613.394302
v -574.778687 -21.470810 -570.671326
v -574.778687 -21.470810 -618.793610
v -574.782166 -21.470810 -568.615784
v -574.782166 -21.470810 -624.193512
v -574.785583 -21.470810 -573.987152
v -574.785583 -21.470810 -641.487396
v -574.788940 -21.470810 -579.339935
v -574.788940 -21.470810 -646.887299
v -574.792358 -21.470810 -584.586304
v -574.792358 -21.470810 -652.287262
v -574.795776 -21.470810 -589.986145
v -574.795776 -21.470810 -657.687042
v -574.799194 -21.470810 -595.386108
v -574.799194 -21.470810 -663.087006
v -574.802612 -21.470810 -600.786072
v -574.802612 -21.470810 -656.592987
v -574.806030 -21.470810 -606.185913
v -574.806030 -21.470810 -661.992828
v -574.809448 -21.470810 -611.585876
v -574.809448 -21.470810 -644.565704
v -574.812866 -21.470810 -616.985718
v -574.812866 -21.470810 -649.965546
v -574.816284 -21.470810 -622.386261
v -574.816284 -21.470810 -655.365509
v -574.819702 -21.470810 -627.787537
v -574.819702 -21.470810 -660.765411
v -579.568931 -21.470810 -633.037635
v -572.122877 -21.470810 -665.747087
v -586.666723 -21.470810 -641.663499
v -566.395807 -21.470810 -668.602478
v -588.568705 -21.470810 -639.155192
v -563.199789 -21.470810 -672.869145
v -585.366047 -21.470810 -643.430906
v -559.962395 -21.470810 -677.191020
v -582.109940 -21.470810 -647.777507
v -547.235273 -21.470810 -694.124104
v -597.017974 -21.470810 -627.984985
v -543.997883 -21.470810 -698.445893
v -596.317427 -21.470810 -628.935381
v -543.152396 -21.470810 -699.588908
v -595.709694 -21.470810 -629.762414
v -540.887093 -21.470810 -702.618765
v -569.193186 -21.470810 -665.020784
v -537.649614 -21.470810 -706.940530
v -565.955731 -21.470810 -669.342659
v -533.290458 -21.470810 -712.753088
v -562.718332 -21.470810 -673.664400
v -526.693475 -21.470810 -721.539538
v -553.510072 -21.470810 -685.921100
v -523.554914 -21.470810 -725.729928
v -550.272591 -21.470810 -690.243012
v -530.825451 -21.470810 -716.087236
v -547.035182 -21.470810 -694.564764
v -527.588107 -21.470810 -720.408904
v -548.619644 -21.470810 -692.478343
v -524.350484 -21.470810 -724.730778
v -545.382263 -21.470810 -696.800121
v -521.113058 -21.470810 -729.052617
v -532.975091 -21.470810 -713.308149
v -517.875692 -21.470810 -733.374455
v -529.737628 -21.470810 -717.629975
v -514.638293 -21.470810 -737.696196
v -526.500149 -21.470810 -721.951801
v -511.400833 -21.470810 -742.017998
v -523.262732 -21.470810 -726.273627
v -508.163378 -21.470810 -746.339873
v -519.804910 -21.470810 -730.237595
v -500.631317 -21.470810 -757.290747
v -517.220334 -21.470810 -734.507774
v -502.158330 -21.470810 -754.524384
v -513.750616 -21.470810 -738.730344
v -493.618069 -21.470810 -766.480613
v -510.715272 -21.470810 -743.907876
v -487.989456 -21.470810 -772.387064
v -511.160931 -21.470810 -751.543855
v -479.705025 -21.470810 -771.203795
v -509.612952 -21.470810 -756.867583
v -482.866431 -21.470810 -765.000538
v -503.775513 -21.470810 -761.938354
v -477.062988 -21.470810 -761.938354
v -498.369049 -21.470810 -761.935425
v -471.663177 -21.470810 -761.935425
v -492.969177 -21.470810 -761.932495
v -459.764160 -21.470810 -761.932495
v -487.569214 -21.470810 -761.929504
v -452.447021 -21.470810 -761.929504
v -482.169250 -21.470810 -761.926514
v -447.047058 -21.470810 -761.926514
v -476.769379 -21.470810 -761.923584
v -443.564362 -21.470810 -761.923584
v -471.369476 -21.470810 -761.920654
v -444.663544 -21.470810 -761.920654
v -465.969543 -21.470810 -761.917603
v -439.263672 -21.470810 -761.917603
v -449.728119 -21.470810 -761.914673
v -433.863770 -21.470810 -761.914673
v -454.620651 -21.470810 -761.911743
v -424.954926 -21.470810 -761.911743
v -449.220627 -21.470810 -761.908752
v -419.554962 -21.470810 -761.908752
v -433.528412 -21.470810 -761.905884
v -414.155090 -21.470810 -761.905884
v -428.128510 -21.470810 -761.902954
v -408.755127 -21.470810 -761.902954
v -422.728577 -21.470810 -761.899963
v -406.864288 -21.470810 -761.899963
v -417.328735 -21.470810 -761.896973
v -401.464447 -21.470810 -761.896973
v -411.928833 -21.470810 -761.894043
v -384.878769 -21.470810 -761.894043
v -406.528839 -21.470810 -761.891113
v -366.460464 -21.470810 -761.891113
v -401.128967 -21.470810 -761.888184
v -361.060532 -21.470810 -761.888184
v -395.729065 -21.470810 -761.885132
v -368.679001 -21.470810 -761.885132
v -390.329102 -21.470810 -761.882202
v -363.279037 -21.470810 -761.882202
v -384.929260 -21.470810 -761.879272
v -345.773956 -21.470810 -761.879272
v -379.529297 -21.470810 -761.876343
v -340.373993 -21.470810 -761.876343
vt 0.000000 0.000000
vt 1.000000 0.000000
vt 0.000000 0.000802
vt 1.000000 0.000802
vt 0.000000 0.001603
vt 1.000000 0.001603
vt 0.000000 0.002405
vt 1.000000 0.002405
vt 0.000000 0.003207
vt 1.000000 0.003207
vt 0.000000 0.004009
vt 1.000000 0.004009
vt 0.000000 0.004810
vt 1.000000 0.004810
vt 0.000000 0.005612
vt 1.000000 0.005612
vt 0.000000 0.006414
vt 1.000000 0.006414
vt 0.000000 0.007216
vt 1.000000 0.007216
vt 0.000000 0.008017
vt 1.000000 0.008017
vt 0.000000 0.008819
vt 1.000000 0.008819
vt 0.000000 0.009621
vt 1.000000 0.009621
vt 0.000000 0.010423
vt 1.000000 0.010423
vt 0.000000 0.011224
vt 1.000000 0.011224
vt 0.000000 0.012026
vt 1.000000 0.012026
vt 0.000000 0.012828
vt 1.000000 0.012828
vt 0.000000 0.013630
vt 1.000000 0.013630
vt 0.000000 0.014431
vt 1.000000 0.014431
vt 0.000000 0.015227
vt 1.000000 0.015227
vt 0.000000 0.015992
vt 1.000000 0.015992
vt 0.000000 0.016752
vt 1.000000 0.016752
vt 0.000000 0.017492
vt 1.000000 0.017492
vt 0.000000 0.018203
vt 1.000000 0.018203
vt 0.000000 0.018953
vt 1.000000 0.018953
vt 0.000000 0.019724
vt 1.000000 0.019724
vt 0.000000 0.020483
vt 1.000000 0.020483
vt 0.000000 0.021209
vt 1.000000 0.021209
vt 0.000000 0.021936
vt 1.000000 0.021936
vt 0.000000 0.022714
vt 1.000000 0.022714
vt 0.000000 0.023516
vt 1.000000 0.023516
vt 0.000000 0.024317
vt 1.000000 0.024317
vt 0.000000 0.025119
vt 1.000000 0.025119
vt 0.000000 0.025921
vt 1.000000 0.025921
vt 0.000000 0.026723
vt 1.000000 0.026723
vt 0.000000 0.027524
vt 1.000000 0.027524
vt 0.000000 0.028326
vt 1.000000 0.028326
vt 0.000000 0.029128
vt 1.000000 0.029128
vt 0.000000 0.029930
vt 1.000000 0.029930
vt 0.000000 0.030731
vt 1.000000 0.030731
vt 0.000000 0.031533
vt 1.000000 0.031533
vt 0.000000 0.032335
vt 1.000000 0.032335
vt 0.000000 0.033137
vt 1.000000 0.033137
vt 0.000000 0.033938
vt 1.000000 0.033938
vt 0.000000 0.034740
vt 1.000000 0.034740
vt 0.000000 0.035542
vt 1.000000 0.035542
vt 0.000000 0.036344
vt 1.000000 0.036344
vt 0.000000 0.037145
vt 1.000000 0.037145
vt 0.000000 0.037947
vt 1.000000 0.037947
vt 0.000000 0.038749
vt 1.000000 0.038749
vt 0.000000 0.039551
vt 1.000000 0.039551
vt 0.000000 0.040352
vt 1.000000 0.040352
vt 0.000000 0.041154
vt 1.000000 0.041154
vt 0.000000 0.041956
vt 1.000000 0.041956
vt 0.000000 0.042757
vt 1.000000 0.042757
vt 0.000000 0.043559
vt 1.000000 0.043559
vt 0.000000 0.044361
vt 1.000000 0.044361
vt 0.000000 0.045163
vt 1.000000 0.045163
vt 0.000000 0.045964
vt 1.000000 0.045964
vt 0.000000 0.046766
vt 1.000000 0.046766
vt 0.000000 0.047568
vt 1.000000 0.047568
vt 0.000000 0.048370
vt 1.000000 0.048370
vt 0.000000 0.049171
vt 1.000000 0.049171
vt 0.000000 0.049973
vt 1.000000 0.049973
vt 0.000000 0.050775
vt 1.000000 0.050775
vt 0.000000 0.051577
vt 1.000000 0.051577
vt 0.000000 0.052378
vt 1.000000 0.052378
vt 0.000000 0.053180
vt 1.000000 0.053180
vt 0.000000 0.053982
vt 1.000000 0.053982
vt 0.000000 0.054784
vt 1.000000 0.054784
vt 0.000000 0.055585
vt 1.000000 0.055585
vt 0.000000 0.056387
vt 1.000000 0.056387
vt 0.000000 0.057189
vt 1.000000 0.057189
vt 0.000000 0.057991
vt 1.000000 0.057991
vt 0.000000 0.058793
vt 1.000000 0.058793
vt 0.000000 0.059596
vt 1.000000 0.059596
vt 0.000000 0.060399
vt 1.000000 0.060399
vt 0.000000 0.061201
vt 1.000000 0.061201
vt 0.000000 0.062003
vt 1.000000 0.062003
vt 0.000000 0.062805
vt 1.000000 0.062805
vt 0.000000 0.063607
vt 1.000000 0.063607
vt 0.000000 0.064410
vt 1.000000 0.064410
vt 0.000000 0.065213
vt 1.000000 0.065213
vt 0.000000 0.066017
vt 1.000000 0.066017
vt 0.000000 0.066822
vt 1.000000 0.066822
vt 0.000000 0.067625
vt 1.000000 0.067625
vt 0.000000 0.068428
vt 1.000000 0.068428
vt 0.000000 0.069230
vt 1.000000 0.069230
vt 0.000000 0.070032
vt 1.000000 0.070032
vt 0.000000 0.070834
vt 1.000000 0.070834
vt 0.000000 0.071635
vt 1.000000 0.071635
vt 0.000000 0.072437
vt 1.000000 0.072437
vt 0.000000 0.073239
vt 1.000000 0.073239
vt 0.000000 0.074041
vt 1.000000 0.074041
vt 0.000000 0.074842
vt 1.000000 0.074842
vt 0.000000 0.075644
vt 1.000000 0.075644
vt 0.000000 0.076446
vt 1.000000 0.076446
vt 0.000000 0.077248
vt 1.000000 0.077248
vt 0.000000 0.078049
vt 1.000000 0.078049
vt 0.000000 0.078851
vt 1.000000 0.078851
vt 0.000000 0.079653
vt 1.000000 0.079653
vt 0.000000 0.080455
vt 1.000000 0.080455
vt 0.000000 0.081256
vt 1.000000 0.081256
vt 0.000000 0.082058
vt 1.000000 0.082058
vt 0.000000 0.082860
vt 1.000000 0.082860
vt 0.000000 0.083661
vt 1.000000 0.083661
vt 0.000000 0.084463
vt 1.000000 0.084463
vt 0.000000 0.085265
vt 1.000000 0.085265
vt 0.000000 0.086067
vt 1.000000 0.086067
vt 0.000000 0.086868
vt 1.000000 0.086868
vt 0.000000 0.087670
vt 1.000000 0.087670
vt 0.000000 0.088473
vt 1.000000 0.088473
vt 0.000000 0.089275
vt 1.000000 0.089275
vt 0.000000 0.090077
vt 1.000000 0.090077
vt 0.000000 0.090878
vt 1.000000 0.090878
vt 0.000000 0.091680
vt 1.000000 0.091680
vt 0.000000 0.092465
vt 1.000000 0.092465
vt 0.000000 0.093246
vt 1.000000 0.093246
vt 0.000000 0.093976
vt 1.000000 0.093976
vt 0.000000 0.094777
vt 1.000000 0.094777
vt 0.000000 0.095579
vt 1.000000 0.095579
vt 0.000000 0.096381
vt 1.000000 0.096381
vt 0.000000 0.097183
vt 1.000000 0.097183
vt 0.000000 0.097984
vt 1.000000 0.097984
vt 0.000000 0.098786
vt 1.000000 0.098786
vt 0.000000 0.099556
vt 1.000000 0.099556
vt 0.000000 0.100332
vt 1.000000 0.100332
vt 0.000000 0.101134
vt 1.000000 0.101134
vt 0.000000 0.101936
vt 1.000000 0.101936
vt 0.000000 0.102737
vt 1.000000 0.102737
vt 0.000000 0.103539
vt 1.000000 0.103539
vt 0.000000 0.104341
vt 1.000000 0.104341
vt 0.000000 0.105165
vt 1.000000 0.105165
vt 0.000000 0.105966
vt 1.000000 0.105966
vt 0.000000 0.106704
vt 1.000000 0.106704
vt 0.000000 0.107496
vt 1.000000 0.107496
vt 0.000000 0.108298
vt 1.000000 0.108298
vt 0.000000 0.109100
vt 1.000000 0.109100
vt 0.000000 0.109902
vt 1.000000 0.109902
vt 0.000000 0.110703
vt 1.000000 0.110703
vt 0.000000 0.111505
vt 1.000000 0.111505
vt 0.000000 0.112233
vt 1.000000 0.112233
vt 0.000000 0.112993
vt 1.000000 0.112993
vt 0.000000 0.113795
vt 1.000000 0.113795
vt 0.000000 0.114596
vt 1.000000 0.114596
vt 0.000000 0.115398
vt 1.000000 0.115398
vt 0.000000 0.116200
vt 1.000000 0.116200
vt 0.000000 0.117002
vt 1.000000 0.117002
vt 0.000000 0.117803
vt 1.000000 0.117803
vt 0.000000 0.118605
vt 1.000000 0.118605
vt 0.000000 0.119407
vt 1.000000 0.119407
vt 0.000000 0.120209
vt 1.000000 0.120209
vt 0.000000 0.121010
vt 1.000000 0.121010
vt 0.000000 0.121812
vt 1.000000 0.121812
vt 0.000000 0.122614
vt 1.000000 0.122614
vt 0.000000 0.123415
vt 1.000000 0.123415
vt 0.000000 0.124217
vt 1.000000 0.124217
vt 0.000000 0.125019
vt 1.000000 0.125019
vt 0.000000 0.125821
vt 1.000000 0.125821
vt 0.000000 0.126622
vt 1.000000 0.126622
vt 0.000000 0.127424
vt 1.000000 0.127424
vt 0.000000 0.128226
vt 1.000000 0.128226
vt 0.000000 0.129028
vt 1.000000 0.129028
vt 0.000000 0.129829
vt 1.000000 0.129829
vt 0.000000 0.130631
vt 1.000000 0.130631
vt 0.000000 0.131433
vt 1.000000 0.131433
vt 0.000000 0.132235
vt 1.000000 0.132235
vt 0.000000 0.133036
vt 1.000000 0.133036
vt 0.000000 0.133838
vt 1.000000 0.133838
vt 0.000000 0.134640
vt 1.000000 0.134640
vt 0.000000 0.135441
vt 1.000000 0.135441
vt 0.000000 0.136243
vt 1.000000 0.136243
vt 0.000000 0.137045
vt 1.000000 0.137045
vt 0.000000 0.137846
vt 1.000000 0.137846
vt 0.000000 0.138646
vt 1.000000 0.138646
vt 0.000000 0.139447
vt 1.000000 0.139447
vt 0.000000 0.140248
vt 1.000000 0.140248
vt 0.000000 0.141050
vt 1.000000 0.141050
vt 0.000000 0.141851
vt 1.000000 0.141851
vt 0.000000 0.142653
vt 1.000000 0.142653
vt 0.000000 0.143455
vt 1.000000 0.143455
vt 0.000000 0.144256
vt 1.000000 0.144256
vt 0.000000 0.145058
vt 1.000000 0.145058
vt 0.000000 0.145860
vt 1.000000 0.145860
vt 0.000000 0.146662
vt 1.000000 0.146662
vt 0.000000 0.147463
vt 1.000000 0.147463
vt 0.000000 0.148265
vt 1.000000 0.148265
vt 0.000000 0.149067
vt 1.000000 0.149067
vt 0.000000 0.149869
vt 1.000000 0.149869
vt 0.000000 0.150670
vt 1.000000 0.150670
vt 0.000000 0.151472
vt 1.000000 0.151472
vt 0.000000 0.152274
vt 1.000000 0.152274
vt 0.000000 0.153075
vt 1.000000 0.153075
vt 0.000000 0.153877
vt 1.000000 0.153877
vt 0.000000 0.154679
vt 1.000000 0.154679
vt 0.000000 0.155481
vt 1.000000 0.155481
vt 0.000000 0.156282
vt 1.000000 0.156282
vt 0.000000 0.157084
vt 1.000000 0.157084
vt 0.000000 0.157885
vt 1.000000 0.157885
vt 0.000000 0.158685
vt 1.000000 0.158685
vt 0.000000 0.159483
vt 1.000000 0.159483
vt 0.000000 0.160282
vt 1.000000 0.160282
vt 0.000000 0.161080
vt 1.000000 0.161080
vt 0.000000 0.161878
vt 1.000000 0.161878
vt 0.000000 0.162678
vt 1.000000 0.162678
vt 0.000000 0.163478
vt 1.000000 0.163478
vt 0.000000 0.164278
vt 1.000000 0.164278
vt 0.000000 0.165079
vt 1.000000 0.165079
vt 0.000000 0.165880
vt 1.000000 0.165880
vt 0.000000 0.166681
vt 1.000000 0.166681
vt 0.000000 0.167483
vt 1.000000 0.167483
vt 0.000000 0.168284
vt 1.000000 0.168284
vt 0.000000 0.169086
vt 1.000000 0.169086
vt 0.000000 0.169887
vt 1.000000 0.169887
vt 0.000000 0.170689
vt 1.000000 0.170689
vt 0.000000 0.171491
vt 1.000000 0.171491
vt 0.000000 0.172292
vt 1.000000 0.172292
vt 0.000000 0.173094
vt 1.000000 0.173094
vt 0.000000 0.173896
vt 1.000000 0.173896
vt 0.000000 0.174697
vt 1.000000 0.174697
vt 0.000000 0.175499
vt 1.000000 0.175499
vt 0.000000 0.176301
vt 1.000000 0.176301
vt 0.000000 0.177102
vt 1.000000 0.177102
vt 0.000000 0.177904
vt 1.000000 0.177904
vt 0.000000 0.178706
vt 1.000000 0.178706
vt 0.000000 0.179507
vt 1.000000 0.179507
vt 0.000000 0.180309
vt 1.000000 0.180309
vt 0.000000 0.181110
vt 1.000000 0.181110
vt 0.000000 0.181912
vt 1.000000 0.181912
vt 0.000000 0.182713
vt 1.000000 0.182713
vt 0.000000 0.183514
vt 1.000000 0.183514
vt 0.000000 0.184315
vt 1.000000 0.184315
vt 0.000000 0.185115
vt 1.000000 0.185115
vt 0.000000 0.185915
vt 1.000000 0.185915
vt 0.000000 0.186714
vt 1.000000 0.186714
vt 0.000000 0.187512
vt 1.000000 0.187512
vt 0.000000 0.188310
vt 1.000000 0.188310
vt 0.000000 0.189109
vt 1.000000 0.189109
vt 0.000000 0.189908
vt 1.000000 0.189908
vt 0.000000 0.190708
vt 1.000000 0.190708
vt 0.000000 0.191509
vt 1.000000 0.191509
vt 0.000000 0.192311
vt 1.000000 0.192311
vt 0.000000 0.193113
vt 1.000000 0.193113
vt 0.000000 0.193915
vt 1.000000 0.193915
vt 0.000000 0.194716
vt 1.000000 0.194716
vt 0.000000 0.195518
vt 1.000000 0.195518
vt 0.000000 0.196320
vt 1.000000 0.196320
vt 0.000000 0.197121
vt 1.000000 0.197121
vt 0.000000 0.197923
vt 1.000000 0.197923
vt 0.000000 0.198725
vt 1.000000 0.198725
vt 0.000000 0.199527
vt 1.000000 0.199527
vt 0.000000 0.200328
vt 1.000000 0.200328
vt 0.000000 0.201130
vt 1.000000 0.201130
vt 0.000000 0.201932
vt 1.000000 0.201932
vt 0.000000 0.202734
vt 1.000000 0.202734
vt 0.000000 0.203535
vt 1.000000 0.203535
vt 0.000000 0.204337
vt 1.000000 0.204337
vt 0.000000 0.205139
vt 1.000000 0.205139
vt 0.000000 0.205941
vt 1.000000 0.205941
vt 0.000000 0.206742
vt 1.000000 0.206742
vt 0.000000 0.207544
vt 1.000000 0.207544
vt 0.000000 0.208346
vt 1.000000 0.208346
vt 0.000000 0.209147
vt 1.000000 0.209147
vt 0.000000 0.209949
vt 1.000000 0.209949
vt 0.000000 0.210751
vt 1.000000 0.210751
vt 0.000000 0.211552
vt 1.000000 0.211552
vt 0.000000 0.212354
vt 1.000000 0.212354
vt 0.000000 0.213156
vt 1.000000 0.213156
vt 0.000000 0.213957
vt 1.000000 0.213957
vt 0.000000 0.214759
vt 1.000000 0.214759
vt 0.000000 0.215561
vt 1.000000 0.215561
vt 0.000000 0.216363
vt 1.000000 0.216363
vt 0.000000 0.217164
vt 1.000000 0.217164
vt 0.000000 0.217966
vt 1.000000 0.217966
vt 0.000000 0.218768
vt 1.000000 0.218768
vt 0.000000 0.219570
vt 1.000000 0.219570
vt 0.000000 0.220371
vt 1.000000 0.220371
vt 0.000000 0.221173
vt 1.000000 0.221173
vt 0.000000 0.221975
vt 1.000000 0.221975
vt 0.000000 0.222776
vt 1.000000 0.222776
vt 0.000000 0.223578
vt 1.000000 0.223578
vt 0.000000 0.224380
vt 1.000000 0.224380
vt 0.000000 0.225182
vt 1.000000 0.225182
vt 0.000000 0.225983
vt 1.000000 0.225983
vt 0.000000 0.226785
vt 1.000000 0.226785
vt 0.000000 0.227587
vt 1.000000 0.227587
vt 0.000000 0.228389
vt 1.000000 0.228389
vt 0.000000 0.229190
vt 1.000000 0.229190
vt 0.000000 0.230018
vt 1.000000 0.230018
vt 0.000000 0.230895
vt 1.000000 0.230895
vt 0.000000 0.231821
vt 1.000000 0.231821
vt 0.000000 0.232773
vt 1.000000 0.232773
vt 0.000000 0.233752
vt 1.000000 0.233752
vt 0.000000 0.234436
vt 1.000000 0.234436
vt 0.000000 0.235397
vt 1.000000 0.235397
vt 0.000000 0.236399
vt 1.000000 0.236399
vt 0.000000 0.237430
vt 1.000000 0.237430
vt 0.000000 0.238395
vt 1.000000 0.238395
vt 0.000000 0.239284
vt 1.000000 0.239284
vt 0.000000 0.240134
vt 1.000000 0.240134
vt 0.000000 0.240935
vt 1.000000 0.240935
vt 0.000000 0.241737
vt 1.000000 0.241737
vt 0.000000 0.242539
vt 1.000000 0.242539
vt 0.000000 0.243340
vt 1.000000 0.243340
vt 0.000000 0.244183
vt 1.000000 0.244183
vt 0.000000 0.245045
vt 1.000000 0.245045
vt 0.000000 0.245873
vt 1.000000 0.245873
vt 0.000000 0.246683
vt 1.000000 0.246683
vt 0.000000 0.247485
vt 1.000000 0.247485
vt 0.000000 0.248286
vt 1.000000 0.248286
vt 0.000000 0.249088
vt 1.000000 0.249088
vt 0.000000 0.249890
vt 1.000000 0.249890
vt 0.000000 0.250691
vt 1.000000 0.250691
vt 0.000000 0.251493
vt 1.000000 0.251493
vt 0.000000 0.252295
vt 1.000000 0.252295
vt 0.000000 0.253097
vt 1.000000 0.253097
vt 0.000000 0.253898
vt 1.000000 0.253898
vt 0.000000 0.254700
vt 1.000000 0.254700
vt 0.000000 0.255502
vt 1.000000 0.255502
vt 0.000000 0.256304
vt 1.000000 0.256304
vt 0.000000 0.257105
vt 1.000000 0.257105
vt 0.000000 0.257907
vt 1.000000 0.257907
vt 0.000000 0.258701
vt 1.000000 0.258701
vt 0.000000 0.259495
vt 1.000000 0.259495
vt 0.000000 0.260297
vt 1.000000 0.260297
vt 0.000000 0.261098
vt 1.000000 0.261098
vt 0.000000 0.261900
vt 1.000000 0.261900
vt 0.000000 0.262701
vt 1.000000 0.262701
vt 0.000000 0.263503
vt 1.000000 0.263503
vt 0.000000 0.264304
vt 1.000000 0.264304
vt 0.000000 0.265105
vt 1.000000 0.265105
vt 0.000000 0.265907
vt 1.000000 0.265907
vt 0.000000 0.266708
vt 1.000000 0.266708
vt 0.000000 0.267509
vt 1.000000 0.267509
vt 0.000000 0.268309
vt 1.000000 0.268309
vt 0.000000 0.269109
vt 1.000000 0.269109
vt 0.000000 0.269910
vt 1.000000 0.269910
vt 0.000000 0.270711
vt 1.000000 0.270711
vt 0.000000 0.271513
vt 1.000000 0.271513
vt 0.000000 0.272314
vt 1.000000 0.272314
vt 0.000000 0.273116
vt 1.000000 0.273116
vt 0.000000 0.273918
vt 1.000000 0.273918
vt 0.000000 0.274720
vt 1.000000 0.274720
vt 0.000000 0.275521
vt 1.000000 0.275521
vt 0.000000 0.276323
vt 1.000000 0.276323
vt 0.000000 0.277125
vt 1.000000 0.277125
vt 0.000000 0.277926
vt 1.000000 0.277926
vt 0.000000 0.278727
vt 1.000000 0.278727
vt 0.000000 0.279528
vt 1.000000 0.279528
vt 0.000000 0.280328
vt 1.000000 0.280328
vt 0.000000 0.281128
vt 1.000000 0.281128
vt 0.000000 0.281929
vt 1.000000 0.281929
vt 0.000000 0.282730
vt 1.000000 0.282730
vt 0.000000 0.283531
vt 1.000000 0.283531
vt 0.000000 0.284332
vt 1.000000 0.284332
vt 0.000000 0.285133
vt 1.000000 0.285133
vt 0.000000 0.285933
vt 1.000000 0.285933
vt 0.000000 0.286734
vt 1.000000 0.286734
vt 0.000000 0.287535
vt 1.000000 0.287535
vt 0.000000 0.288337
vt 1.000000 0.288337
vt 0.000000 0.289138
vt 1.000000 0.289138
vt 0.000000 0.289940
vt 1.000000 0.289940
vt 0.000000 0.290741
vt 1.000000 0.290741
vt 0.000000 0.291543
vt 1.000000 0.291543
vt 0.000000 0.292345
vt 1.000000 0.292345
vt 0.000000 0.293146
vt 1.000000 0.293146
vt 0.000000 0.293948
vt 1.000000 0.293948
vt 0.000000 0.294750
vt 1.000000 0.294750
vt 0.000000 0.295552
vt 1.000000 0.295552
vt 0.000000 0.296353
vt 1.000000 0.296353
vt 0.000000 0.297155
vt 1.000000 0.297155
vt 0.000000 0.297957
vt 1.000000 0.297957
vt 0.000000 0.298759
vt 1.000000 0.298759
vt 0.000000 0.299560
vt 1.000000 0.299560
vt 0.000000 0.300362
vt 1.000000 0.300362
vt 0.000000 0.301164
vt 1.000000 0.301164
vt 0.000000 0.301966
vt 1.000000 0.301966
vt 0.000000 0.302767
vt 1.000000 0.302767
vt 0.000000 0.303569
vt 1.000000 0.303569
vt 0.000000 0.304371
vt 1.000000 0.304371
vt 0.000000 0.305172
vt 1.000000 0.305172
vt 0.000000 0.305974
vt 1.000000 0.305974
vt 0.000000 0.306776
vt 1.000000 0.306776
vt 0.000000 0.307578
vt 1.000000 0.307578
vt 0.000000 0.308379
vt 1.000000 0.308379
vt 0.000000 0.309181
vt 1.000000 0.309181
vt 0.000000 0.309983
vt 1.000000 0.309983
vt 0.000000 0.310785
vt 1.000000 0.310785
vt 0.000000 0.311586
vt 1.000000 0.311586
vt 0.000000 0.312388
vt 1.000000 0.312388
vt 0.000000 0.313190
vt 1.000000 0.313190
vt 0.000000 0.313992
vt 1.000000 0.313992
vt 0.000000 0.314793
vt 1.000000 0.314793
vt 0.000000 0.315593
vt 1.000000 0.315593
vt 0.000000 0.316393
vt 1.000000 0.316393
vt 0.000000 0.317194
vt 1.000000 0.317194
vt 0.000000 0.317996
vt 1.000000 0.317996
vt 0.000000 0.318798
vt 1.000000 0.318798
vt 0.000000 0.319600
vt 1.000000 0.319600
vt 0.000000 0.320401
vt 1.000000 0.320401
vt 0.000000 0.321203
vt 1.000000 0.321203
vt 0.000000 0.322005
vt 1.000000 0.322005
vt 0.000000 0.322807
vt 1.000000 0.322807
vt 0.000000 0.323608
vt 1.000000 0.323608
vt 0.000000 0.324410
vt 1.000000 0.324410
vt 0.000000 0.325212
vt 1.000000 0.325212
vt 0.000000 0.326014
vt 1.000000 0.326014
vt 0.000000 0.326814
vt 1.000000 0.326814
vt 0.000000 0.327615
vt 1.000000 0.327615
vt 0.000000 0.328415
vt 1.000000 0.328415
vt 0.000000 0.329217
vt 1.000000 0.329217
vt 0.000000 0.330019
vt 1.000000 0.330019
vt 0.000000 0.330821
vt 1.000000 0.330821
vt 0.000000 0.331622
vt 1.000000 0.331622
vt 0.000000 0.332424
vt 1.000000 0.332424
vt 0.000000 0.333226
vt 1.000000 0.333226
vt 0.000000 0.334028
vt 1.000000 0.334028
vt 0.000000 0.334829
vt 1.000000 0.334829
vt 0.000000 0.335631
vt 1.000000 0.335631
vt 0.000000 0.336433
vt 1.000000 0.336433
vt 0.000000 0.337235
vt 1.000000 0.337235
vt 0.000000 0.338036
vt 1.000000 0.338036
vt 0.000000 0.338838
vt 1.000000 0.338838
vt 0.000000 0.339640
vt 1.000000 0.339640
vt 0.000000 0.340442
vt 1.000000 0.340442
vt 0.000000 0.341243
vt 1.000000 0.341243
vt 0.000000 0.342045
vt 1.000000 0.342045
vt 0.000000 0.342847
vt 1.000000 0.342847
vt 0.000000 0.343648
vt 1.000000 0.343648
vt 0.000000 0.344450
vt 1.000000 0.344450
vt 0.000000 0.345252
vt 1.000000 0.345252
vt 0.000000 0.346054
vt 1.000000 0.346054
vt 0.000000 0.346855
vt 1.000000 0.346855
vt 0.000000 0.347657
vt 1.000000 0.347657
vt 0.000000 0.348459
vt 1.000000 0.348459
vt 0.000000 0.349261
vt 1.000000 0.349261
vt 0.000000 0.350062
vt 1.000000 0.350062
vt 0.000000 0.350864
vt 1.000000 0.350864
vt 0.000000 0.351666
vt 1.000000 0.351666
vt 0.000000 0.352468
vt 1.000000 0.352468
vt 0.000000 0.353270
vt 1.000000 0.353270
vt 0.000000 0.354071
vt 1.000000 0.354071
vt 0.000000 0.354873
vt 1.000000 0.354873
vt 0.000000 0.355675
vt 1.000000 0.355675
vt 0.000000 0.356477
vt 1.000000 0.356477
vt 0.000000 0.357279
vt 1.000000 0.357279
vt 0.000000 0.358081
vt 1.000000 0.358081
vt 0.000000 0.358883
vt 1.000000 0.358883
vt 0.000000 0.359685
vt 1.000000 0.359685
vt 0.000000 0.360486
vt 1.000000 0.360486
vt 0.000000 0.361288
vt 1.000000 0.361288
vt 0.000000 0.362089
vt 1.000000 0.362089
vt 0.000000 0.362890
vt 1.000000 0.362890
vt 0.000000 0.363691
vt 1.000000 0.363691
vt 0.000000 0.364491
vt 1.000000 0.364491
vt 0.000000 0.365292
vt 1.000000 0.365292
vt 0.000000 0.366092
vt 1.000000 0.366092
vt 0.000000 0.366893
vt 1.000000 0.366893
vt 0.000000 0.367694
vt 1.000000 0.367694
vt 0.000000 0.368495
vt 1.000000 0.368495
vt 0.000000 0.369296
vt 1.000000 0.369296
vt 0.000000 0.370097
vt 1.000000 0.370097
vt 0.000000 0.370898
vt 1.000000 0.370898
vt 0.000000 0.371700
vt 1.000000 0.371700
vt 0.000000 0.372501
vt 1.000000 0.372501
vt 0.000000 0.373303
vt 1.000000 0.373303
vt 0.000000 0.374104
vt 1.000000 0.374104
vt 0.000000 0.374906
vt 1.000000 0.374906
vt 0.000000 0.375707
vt 1.000000 0.375707
vt 0.000000 0.376509
vt 1.000000 0.376509
vt 0.000000 0.377311
vt 1.000000 0.377311
vt 0.000000 0.378112
vt 1.000000 0.378112
vt 0.000000 0.378914
vt 1.000000 0.378914
vt 0.000000 0.379715
vt 1.000000 0.379715
vt 0.000000 0.380517
vt 1.000000 0.380517
vt 0.000000 0.381318
vt 1.000000 0.381318
vt 0.000000 0.382119
vt 1.000000 0.382119
vt 0.000000 0.382921
vt 1.000000 0.382921
vt 0.000000 0.383721
vt 1.000000 0.383721
vt 0.000000 0.384522
vt 1.000000 0.384522
vt 0.000000 0.385323
vt 1.000000 0.385323
vt 0.000000 0.386123
vt 1.000000 0.386123
vt 0.000000 0.386923
vt 1.000000 0.386923
vt 0.000000 0.387723
vt 1.000000 0.387723
vt 0.000000 0.388523
vt 1.000000 0.388523
vt 0.000000 0.389322
vt 1.000000 0.389322
vt 0.000000 0.390123
vt 1.000000 0.390123
vt 0.000000 0.390923
vt 1.000000 0.390923
vt 0.000000 0.391724
vt 1.000000 0.391724
vt 0.000000 0.392525
vt 1.000000 0.392525
vt 0.000000 0.393327
vt 1.000000 0.393327
vt 0.000000 0.394128
vt 1.000000 0.394128
vt 0.000000 0.394930
vt 1.000000 0.394930
vt 0.000000 0.395732
vt 1.000000 0.395732
vt 0.000000 0.396533
vt 1.000000 0.396533
vt 0.000000 0.397335
vt 1.000000 0.397335
vt 0.000000 0.398137
vt 1.000000 0.398137
vt 0.000000 0.398938
vt 1.000000 0.398938
vt 0.000000 0.399740
vt 1.000000 0.399740
vt 0.000000 0.400542
vt 1.000000 0.400542
vt 0.000000 0.401344
vt 1.000000 0.401344
vt 0.000000 0.402145
vt 1.000000 0.402145
vt 0.000000 0.402947
vt 1.000000 0.402947
vt 0.000000 0.403749
vt 1.000000 0.403749
vt 0.000000 0.404551
vt 1.000000 0.404551
vt 0.000000 0.405352
vt 1.000000 0.405352
vt 0.000000 0.406154
vt 1.000000 0.406154
vt 0.000000 0.406956
vt 1.000000 0.406956
vt 0.000000 0.407758
vt 1.000000 0.407758
vt 0.000000 0.408559
vt 1.000000 0.408559
vt 0.000000 0.409361
vt 1.000000 0.409361
vt 0.000000 0.410163
vt 1.000000 0.410163
vt 0.000000 0.410965
vt 1.000000 0.410965
vt 0.000000 0.411767
vt 1.000000 0.411767
vt 0.000000 0.412568
vt 1.000000 0.412568
vt 0.000000 0.413370
vt 1.000000 0.413370
vt 0.000000 0.414172
vt 1.000000 0.414172
vt 0.000000 0.414974
vt 1.000000 0.414974
vt 0.000000 0.415775
vt 1.000000 0.415775
vt 0.000000 0.416577
vt 1.000000 0.416577
vt 0.000000 0.417379
vt 1.000000 0.417379
vt 0.000000 0.418181
vt 1.000000 0.418181
vt 0.000000 0.418982
vt 1.000000 0.418982
vt 0.000000 0.419784
vt 1.000000 0.419784
vt 0.000000 0.420586
vt 1.000000 0.420586
vt 0.000000 0.421388
vt 1.000000 0.421388
vt 0.000000 0.422189
vt 1.000000 0.422189
vt 0.000000 0.422991
vt 1.000000 0.422991
vt 0.000000 0.423793
vt 1.000000 0.423793
vt 0.000000 0.424595
vt 1.000000 0.424595
vt 0.000000 0.425396
vt 1.000000 0.425396
vt 0.000000 0.426198
vt 1.000000 0.426198
vt 0.000000 0.427000
vt 1.000000 0.427000
vt 0.000000 0.427779
vt 1.000000 0.427779
vt 0.000000 0.428529
vt 1.000000 0.428529
vt 0.000000 0.429331
vt 1.000000 0.429331
vt 0.000000 0.430133
vt 1.000000 0.430133
vt 0.000000 0.430935
vt 1.000000 0.430935
vt 0.000000 0.431686
vt 1.000000 0.431686
vt 0.000000 0.432438
vt 1.000000 0.432438
vt 0.000000 0.433239
vt 1.000000 0.433239
vt 0.000000 0.434041
vt 1.000000 0.434041
vt 0.000000 0.434843
vt 1.000000 0.434843
vt 0.000000 0.435645
vt 1.000000 0.435645
vt 0.000000 0.436446
vt 1.000000 0.436446
vt 0.000000 0.437248
vt 1.000000 0.437248
vt 0.000000 0.438050
vt 1.000000 0.438050
vt 0.000000 0.438852
vt 1.000000 0.438852
vt 0.000000 0.439653
vt 1.000000 0.439653
vt 0.000000 0.440455
vt 1.000000 0.440455
vt 0.000000 0.441257
vt 1.000000 0.441257
vt 0.000000 0.442059
vt 1.000000 0.442059
vt 0.000000 0.442860
vt 1.000000 0.442860
vt 0.000000 0.443662
vt 1.000000 0.443662
vt 0.000000 0.444429
vt 1.000000 0.444429
vt 0.000000 0.445210
vt 1.000000 0.445210
vt 0.000000 0.446011
vt 1.000000 0.446011
vt 0.000000 0.446813
vt 1.000000 0.446813
vt 0.000000 0.447615
vt 1.000000 0.447615
vt 0.000000 0.448417
vt 1.000000 0.448417
vt 0.000000 0.449218
vt 1.000000 0.449218
vt 0.000000 0.450020
vt 1.000000 0.450020
vt 0.000000 0.450822
vt 1.000000 0.450822
vt 0.000000 0.451623
vt 1.000000 0.451623
vt 0.000000 0.452425
vt 1.000000 0.452425
vt 0.000000 0.453227
vt 1.000000 0.453227
vt 0.000000 0.454028
vt 1.000000 0.454028
vt 0.000000 0.454830
vt 1.000000 0.454830
vt 0.000000 0.455632
vt 1.000000 0.455632
vt 0.000000 0.456433
vt 1.000000 0.456433
vt 0.000000 0.457235
vt 1.000000 0.457235
vt 0.000000 0.458036
vt 1.000000 0.458036
vt 0.000000 0.458838
vt 1.000000 0.458838
vt 0.000000 0.459639
vt 1.000000 0.459639
vt 0.000000 0.460441
vt 1.000000 0.460441
vt 0.000000 0.461242
vt 1.000000 0.461242
vt 0.000000 0.462043
vt 1.000000 0.462043
vt 0.000000 0.462844
vt 1.000000 0.462844
vt 0.000000 0.463644
vt 1.000000 0.463644
vt 0.000000 0.464445
vt 1.000000 0.464445
vt 0.000000 0.465246
vt 1.000000 0.465246
vt 0.000000 0.466047
vt 1.000000 0.466047
vt 0.000000 0.466848
vt 1.000000 0.466848
vt 0.000000 0.467648
vt 1.000000 0.467648
vt 0.000000 0.468447
vt 1.000000 0.468447
vt 0.000000 0.469247
vt 1.000000 0.469247
vt 0.000000 0.470047
vt 1.000000 0.470047
vt 0.000000 0.470848
vt 1.000000 0.470848
vt 0.000000 0.471650
vt 1.000000 0.471650
vt 0.000000 0.472452
vt 1.000000 0.472452
vt 0.000000 0.473254
vt 1.000000 0.473254
vt 0.000000 0.474056
vt 1.000000 0.474056
vt 0.000000 0.474858
vt 1.000000 0.474858
vt 0.000000 0.475660
vt 1.000000 0.475660
vt 0.000000 0.476462
vt 1.000000 0.476462
vt 0.000000 0.477264
vt 1.000000 0.477264
vt 0.000000 0.478065
vt 1.000000 0.478065
vt 0.000000 0.478867
vt 1.000000 0.478867
vt 0.000000 0.479669
vt 1.000000 0.479669
vt 0.000000 0.480471
vt 1.000000 0.480471
vt 0.000000 0.481272
vt 1.000000 0.481272
vt 0.000000 0.482074
vt 1.000000 0.482074
vt 0.000000 0.482876
vt 1.000000 0.482876
vt 0.000000 0.483668
vt 1.000000 0.483668
vt 0.000000 0.484443
vt 1.000000 0.484443
vt 0.000000 0.485244
vt 1.000000 0.485244
vt 0.000000 0.486046
vt 1.000000 0.486046
vt 0.000000 0.486848
vt 1.000000 0.486848
vt 0.000000 0.487650
vt 1.000000 0.487650
vt 0.000000 0.488451
vt 1.000000 0.488451
vt 0.000000 0.489253
vt 1.000000 0.489253
vt 0.000000 0.490055
vt 1.000000 0.490055
vt 0.000000 0.490857
vt 1.000000 0.490857
vt 0.000000 0.491658
vt 1.000000 0.491658
vt 0.000000 0.492460
vt 1.000000 0.492460
vt 0.000000 0.493262
vt 1.000000 0.493262
vt 0.000000 0.494039
vt 1.000000 0.494039
vt 0.000000 0.494823
vt 1.000000 0.494823
vt 0.000000 0.495625
vt 1.000000 0.495625
vt 0.000000 0.496427
vt 1.000000 0.496427
vt 0.000000 0.497229
vt 1.000000 0.497229
vt 0.000000 0.498030
vt 1.000000 0.498030
vt 0.000000 0.498816
vt 1.000000 0.498816
vt 0.000000 0.499589
vt 1.000000 0.499589
vt 0.000000 0.500390
vt 1.000000 0.500390
vt 0.000000 0.501192
vt 1.000000 0.501192
vt 0.000000 0.501994
vt 1.000000 0.501994
vt 0.000000 0.502796
vt 1.000000 0.502796
vt 0.000000 0.503597
vt 1.000000 0.503597
vt 0.000000 0.504390
vt 1.000000 0.504390
vt 0.000000 0.505160
vt 1.000000 0.505160
vt 0.000000 0.505962
vt 1.000000 0.505962
vt 0.000000 0.506764
vt 1.000000 0.506764
vt 0.000000 0.507565
vt 1.000000 0.507565
vt 0.000000 0.508367
vt 1.000000 0.508367
vt 0.000000 0.509169
vt 1.000000 0.509169
vt 0.000000 0.509971
vt 1.000000 0.509971
vt 0.000000 0.510772
vt 1.000000 0.510772
vt 0.000000 0.511574
vt 1.000000 0.511574
vt 0.000000 0.512376
vt 1.000000 0.512376
vt 0.000000 0.513178
vt 1.000000 0.513178
vt 0.000000 0.513980
vt 1.000000 0.513980
vt 0.000000 0.514781
vt 1.000000 0.514781
vt 0.000000 0.515583
vt 1.000000 0.515583
vt 0.000000 0.516384
vt 1.000000 0.516384
vt 0.000000 0.517186
vt 1.000000 0.517186
vt 0.000000 0.517987
vt 1.000000 0.517987
vt 0.000000 0.518789
vt 1.000000 0.518789
vt 0.000000 0.519591
vt 1.000000 0.519591
vt 0.000000 0.520393
vt 1.000000 0.520393
vt 0.000000 0.521194
vt 1.000000 0.521194
vt 0.000000 0.521995
vt 1.000000 0.521995
vt 0.000000 0.522797
vt 1.000000 0.522797
vt 0.000000 0.523599
vt 1.000000 0.523599
vt 0.000000 0.524401
vt 1.000000 0.524401
vt 0.000000 0.525202
vt 1.000000 0.525202
vt 0.000000 0.526004
vt 1.000000 0.526004
vt 0.000000 0.526806
vt 1.000000 0.526806
vt 0.000000 0.527608
vt 1.000000 0.527608
vt 0.000000 0.528409
vt 1.000000 0.528409
vt 0.000000 0.529209
vt 1.000000 0.529209
vt 0.000000 0.529984
vt 1.000000 0.529984
vt 0.000000 0.530786
vt 1.000000 0.530786
vt 0.000000 0.531588
vt 1.000000 0.531588
vt 0.000000 0.532390
vt 1.000000 0.532390
vt 0.000000 0.533191
vt 1.000000 0.533191
vt 0.000000 0.533993
vt 1.000000 0.533993
vt 0.000000 0.534795
vt 1.000000 0.534795
vt 0.000000 0.535597
vt 1.000000 0.535597
vt 0.000000 0.536398
vt 1.000000 0.536398
vt 0.000000 0.537200
vt 1.000000 0.537200
vt 0.000000 0.538002
vt 1.000000 0.538002
vt 0.000000 0.538804
vt 1.000000 0.538804
vt 0.000000 0.539605
vt 1.000000 0.539605
vt 0.000000 0.540407
vt 1.000000 0.540407
vt 0.000000 0.541209
vt 1.000000 0.541209
vt 0.000000 0.542011
vt 1.000000 0.542011
vt 0.000000 0.542812
vt 1.000000 0.542812
vt 0.000000 0.543614
vt 1.000000 0.543614
vt 0.000000 0.544382
vt 1.000000 0.544382
vt 0.000000 0.545078
vt 1.000000 0.545078
vt 0.000000 0.545880
vt 1.000000 0.545880
vt 0.000000 0.546682
vt 1.000000 0.546682
vt 0.000000 0.547483
vt 1.000000 0.547483
vt 0.000000 0.548285
vt 1.000000 0.548285
vt 0.000000 0.549087
vt 1.000000 0.549087
vt 0.000000 0.549889
vt 1.000000 0.549889
vt 0.000000 0.550690
vt 1.000000 0.550690
vt 0.000000 0.551492
vt 1.000000 0.551492
vt 0.000000 0.552294
vt 1.000000 0.552294
vt 0.000000 0.553096
vt 1.000000 0.553096
vt 0.000000 0.553897
vt 1.000000 0.553897
vt 0.000000 0.554699
vt 1.000000 0.554699
vt 0.000000 0.555501
vt 1.000000 0.555501
vt 0.000000 0.556303
vt 1.000000 0.556303
vt 0.000000 0.557104
vt 1.000000 0.557104
vt 0.000000 0.557906
vt 1.000000 0.557906
vt 0.000000 0.558708
vt 1.000000 0.558708
vt 0.000000 0.559510
vt 1.000000 0.559510
vt 0.000000 0.560311
vt 1.000000 0.560311
vt 0.000000 0.561113
vt 1.000000 0.561113
vt 0.000000 0.561862
vt 1.000000 0.561862
vt 0.000000 0.562628
vt 1.000000 0.562628
vt 0.000000 0.563430
vt 1.000000 0.563430
vt 0.000000 0.564232
vt 1.000000 0.564232
vt 0.000000 0.565034
vt 1.000000 0.565034
vt 0.000000 0.565835
vt 1.000000 0.565835
vt 0.000000 0.566637
vt 1.000000 0.566637
vt 0.000000 0.567439
vt 1.000000 0.567439
vt 0.000000 0.568241
vt 1.000000 0.568241
vt 0.000000 0.569042
vt 1.000000 0.569042
vt 0.000000 0.569844
vt 1.000000 0.569844
vt 0.000000 0.570642
vt 1.000000 0.570642
vt 0.000000 0.571383
vt 1.000000 0.571383
vt 0.000000 0.572185
vt 1.000000 0.572185
vt 0.000000 0.572987
vt 1.000000 0.572987
vt 0.000000 0.573788
vt 1.000000 0.573788
vt 0.000000 0.574590
vt 1.000000 0.574590
vt 0.000000 0.575392
vt 1.000000 0.575392
vt 0.000000 0.576194
vt 1.000000 0.576194
vt 0.000000 0.576995
vt 1.000000 0.576995
vt 0.000000 0.577797
vt 1.000000 0.577797
vt 0.000000 0.578599
vt 1.000000 0.578599
vt 0.000000 0.579401
vt 1.000000 0.579401
vt 0.000000 0.580202
vt 1.000000 0.580202
vt 0.000000 0.581004
vt 1.000000 0.581004
vt 0.000000 0.581806
vt 1.000000 0.581806
vt 0.000000 0.582608
vt 1.000000 0.582608
vt 0.000000 0.583409
vt 1.000000 0.583409
vt 0.000000 0.584113
vt 1.000000 0.584113
vt 0.000000 0.584844
vt 1.000000 0.584844
vt 0.000000 0.585646
vt 1.000000 0.585646
vt 0.000000 0.586447
vt 1.000000 0.586447
vt 0.000000 0.587248
vt 1.000000 0.587248
vt 0.000000 0.588050
vt 1.000000 0.588050
vt 0.000000 0.588851
vt 1.000000 0.588851
vt 0.000000 0.589653
vt 1.000000 0.589653
vt 0.000000 0.590455
vt 1.000000 0.590455
vt 0.000000 0.591257
vt 1.000000 0.591257
vt 0.000000 0.592058
vt 1.000000 0.592058
vt 0.000000 0.592860
vt 1.000000 0.592860
vt 0.000000 0.593662
vt 1.000000 0.593662
vt 0.000000 0.594464
vt 1.000000 0.594464
vt 0.000000 0.595265
vt 1.000000 0.595265
vt 0.000000 0.596067
vt 1.000000 0.596067
vt 0.000000 0.596869
vt 1.000000 0.596869
vt 0.000000 0.597671
vt 1.000000 0.597671
vt 0.000000 0.598464
vt 1.000000 0.598464
vt 0.000000 0.599245
vt 1.000000 0.599245
vt 0.000000 0.600047
vt 1.000000 0.600047
vt 0.000000 0.600849
vt 1.000000 0.600849
vt 0.000000 0.601650
vt 1.000000 0.601650
vt 0.000000 0.602452
vt 1.000000 0.602452
vt 0.000000 0.603254
vt 1.000000 0.603254
vt 0.000000 0.604056
vt 1.000000 0.604056
vt 0.000000 0.604857
vt 1.000000 0.604857
vt 0.000000 0.605719
vt 1.000000 0.605719
vt 0.000000 0.606638
vt 1.000000 0.606638
vt 0.000000 0.607816
vt 1.000000 0.607816
vt 0.000000 0.608849
vt 1.000000 0.608849
vt 0.000000 0.610017
vt 1.000000 0.610017
vt 0.000000 0.610887
vt 1.000000 0.610887
vt 0.000000 0.611823
vt 1.000000 0.611823
vt 0.000000 0.612762
vt 1.000000 0.612762
vt 0.000000 0.613948
vt 1.000000 0.613948
vt 0.000000 0.614956
vt 1.000000 0.614956
vt 0.000000 0.616041
vt 1.000000 0.616041
vt 0.000000 0.616842
vt 1.000000 0.616842
vt 0.000000 0.617644
vt 1.000000 0.617644
vt 0.000000 0.618446
vt 1.000000 0.618446
vt 0.000000 0.619248
vt 1.000000 0.619248
vt 0.000000 0.620049
vt 1.000000 0.620049
vt 0.000000 0.620851
vt 1.000000 0.620851
vt 0.000000 0.621653
vt 1.000000 0.621653
vt 0.000000 0.622455
vt 1.000000 0.622455
vt 0.000000 0.623256
vt 1.000000 0.623256
vt 0.000000 0.624058
vt 1.000000 0.624058
vt 0.000000 0.624860
vt 1.000000 0.624860
vt 0.000000 0.625662
vt 1.000000 0.625662
vt 0.000000 0.626463
vt 1.000000 0.626463
vt 0.000000 0.627265
vt 1.000000 0.627265
vt 0.000000 0.628067
vt 1.000000 0.628067
vt 0.000000 0.628869
vt 1.000000 0.628869
vt 0.000000 0.629670
vt 1.000000 0.629670
vt 0.000000 0.630472
vt 1.000000 0.630472
vt 0.000000 0.631274
vt 1.000000 0.631274
vt 0.000000 0.632076
vt 1.000000 0.632076
vt 0.000000 0.632877
vt 1.000000 0.632877
vt 0.000000 0.633679
vt 1.000000 0.633679
vt 0.000000 0.634481
vt 1.000000 0.634481
vt 0.000000 0.635321
vt 1.000000 0.635321
vt 0.000000 0.636218
vt 1.000000 0.636218
vt 0.000000 0.637416
vt 1.000000 0.637416
vt 0.000000 0.638448
vt 1.000000 0.638448
vt 0.000000 0.639617
vt 1.000000 0.639617
vt 0.000000 0.640507
vt 1.000000 0.640507
vt 0.000000 0.641401
vt 1.000000 0.641401
vt 0.000000 0.642364
vt 1.000000 0.642364
vt 0.000000 0.643592
vt 1.000000 0.643592
vt 0.000000 0.644624
vt 1.000000 0.644624
vt 0.000000 0.645883
vt 1.000000 0.645883
vt 0.000000 0.646959
vt 1.000000 0.646959
vt 0.000000 0.647987
vt 1.000000 0.647987
vt 0.000000 0.648857
vt 1.000000 0.648857
vt 0.000000 0.649658
vt 1.000000 0.649658
vt 0.000000 0.650460
vt 1.000000 0.650460
vt 0.000000 0.651262
vt 1.000000 0.651262
vt 0.000000 0.652064
vt 1.000000 0.652064
vt 0.000000 0.652933
vt 1.000000 0.652933
vt 0.000000 0.653802
vt 1.000000 0.653802
vt 0.000000 0.654604
vt 1.000000 0.654604
vt 0.000000 0.655406
vt 1.000000 0.655406
vt 0.000000 0.656208
vt 1.000000 0.656208
vt 0.000000 0.657009
vt 1.000000 0.657009
vt 0.000000 0.657811
vt 1.000000 0.657811
vt 0.000000 0.658613
vt 1.000000 0.658613
vt 0.000000 0.659415
vt 1.000000 0.659415
vt 0.000000 0.660216
vt 1.000000 0.660216
vt 0.000000 0.661018
vt 1.000000 0.661018
vt 0.000000 0.661820
vt 1.000000 0.661820
vt 0.000000 0.662622
vt 1.000000 0.662622
vt 0.000000 0.663423
vt 1.000000 0.663423
vt 0.000000 0.664225
vt 1.000000 0.664225
vt 0.000000 0.665027
vt 1.000000 0.665027
vt 0.000000 0.665829
vt 1.000000 0.665829
vt 0.000000 0.666630
vt 1.000000 0.666630
vt 0.000000 0.667430
vt 1.000000 0.667430
vt 0.000000 0.668232
vt 1.000000 0.668232
vt 0.000000 0.669035
vt 1.000000 0.669035
vt 0.000000 0.669836
vt 1.000000 0.669836
vt 0.000000 0.670638
vt 1.000000 0.670638
vt 0.000000 0.671439
vt 1.000000 0.671439
vt 0.000000 0.672243
vt 1.000000 0.672243
vt 0.000000 0.673046
vt 1.000000 0.673046
vt 0.000000 0.673847
vt 1.000000 0.673847
vt 0.000000 0.674649
vt 1.000000 0.674649
vt 0.000000 0.675451
vt 1.000000 0.675451
vt 0.000000 0.676253
vt 1.000000 0.676253
vt 0.000000 0.677054
vt 1.000000 0.677054
vt 0.000000 0.677856
vt 1.000000 0.677856
vt 0.000000 0.678658
vt 1.000000 0.678658
vt 0.000000 0.679460
vt 1.000000 0.679460
vt 0.000000 0.680261
vt 1.000000 0.680261
vt 0.000000 0.681063
vt 1.000000 0.681063
vt 0.000000 0.681812
vt 1.000000 0.681812
vt 0.000000 0.682578
vt 1.000000 0.682578
vt 0.000000 0.683380
vt 1.000000 0.683380
vt 0.000000 0.684182
vt 1.000000 0.684182
vt 0.000000 0.684984
vt 1.000000 0.684984
vt 0.000000 0.685785
vt 1.000000 0.685785
vt 0.000000 0.686587
vt 1.000000 0.686587
vt 0.000000 0.687389
vt 1.000000 0.687389
vt 0.000000 0.688191
vt 1.000000 0.688191
vt 0.000000 0.688992
vt 1.000000 0.688992
vt 0.000000 0.689794
vt 1.000000 0.689794
vt 0.000000 0.690592
vt 1.000000 0.690592
vt 0.000000 0.691333
vt 1.000000 0.691333
vt 0.000000 0.692135
vt 1.000000 0.692135
vt 0.000000 0.692937
vt 1.000000 0.692937
vt 0.000000 0.693738
vt 1.000000 0.693738
vt 0.000000 0.694540
vt 1.000000 0.694540
vt 0.000000 0.695342
vt 1.000000 0.695342
vt 0.000000 0.696144
vt 1.000000 0.696144
vt 0.000000 0.696945
vt 1.000000 0.696945
vt 0.000000 0.697747
vt 1.000000 0.697747
vt 0.000000 0.698549
vt 1.000000 0.698549
vt 0.000000 0.699351
vt 1.000000 0.699351
vt 0.000000 0.700152
vt 1.000000 0.700152
vt 0.000000 0.700954
vt 1.000000 0.700954
vt 0.000000 0.701756
vt 1.000000 0.701756
vt 0.000000 0.702558
vt 1.000000 0.702558
vt 0.000000 0.703359
vt 1.000000 0.703359
vt 0.000000 0.704161
vt 1.000000 0.704161
vt 0.000000 0.704963
vt 1.000000 0.704963
vt 0.000000 0.705765
vt 1.000000 0.705765
vt 0.000000 0.706566
vt 1.000000 0.706566
vt 0.000000 0.707368
vt 1.000000 0.707368
vt 0.000000 0.708018
vt 1.000000 0.708018
vt 0.000000 0.709014
vt 1.000000 0.709014
vt 0.000000 0.709976
vt 1.000000 0.709976
vt 0.000000 0.710584
vt 1.000000 0.710584
vt 0.000000 0.711377
vt 1.000000 0.711377
vt 0.000000 0.712179
vt 1.000000 0.712179
vt 0.000000 0.712955
vt 1.000000 0.712955
vt 0.000000 0.713712
vt 1.000000 0.713712
vt 0.000000 0.714439
vt 1.000000 0.714439
vt 0.000000 0.715135
vt 1.000000 0.715135
vt 0.000000 0.715803
vt 1.000000 0.715803
vt 0.000000 0.716677
vt 1.000000 0.716677
vt 0.000000 0.717484
vt 1.000000 0.717484
vt 0.000000 0.718444
vt 1.000000 0.718444
vt 0.000000 0.719233
vt 1.000000 0.719233
vt 0.000000 0.720043
vt 1.000000 0.720043
vt 0.000000 0.720795
vt 1.000000 0.720795
vt 0.000000 0.721507
vt 1.000000 0.721507
vt 0.000000 0.722266
vt 1.000000 0.722266
vt 0.000000 0.723068
vt 1.000000 0.723068
vt 0.000000 0.723870
vt 1.000000 0.723870
vt 0.000000 0.724671
vt 1.000000 0.724671
vt 0.000000 0.725473
vt 1.000000 0.725473
vt 0.000000 0.726275
vt 1.000000 0.726275
vt 0.000000 0.727077
vt 1.000000 0.727077
vt 0.000000 0.727878
vt 1.000000 0.727878
vt 0.000000 0.728680
vt 1.000000 0.728680
vt 0.000000 0.729482
vt 1.000000 0.729482
vt 0.000000 0.730284
vt 1.000000 0.730284
vt 0.000000 0.731085
vt 1.000000 0.731085
vt 0.000000 0.731887
vt 1.000000 0.731887
vt 0.000000 0.732689
vt 1.000000 0.732689
vt 0.000000 0.733491
vt 1.000000 0.733491
vt 0.000000 0.734292
vt 1.000000 0.734292
vt 0.000000 0.735094
vt 1.000000 0.735094
vt 0.000000 0.735896
vt 1.000000 0.735896
vt 0.000000 0.736698
vt 1.000000 0.736698
vt 0.000000 0.737499
vt 1.000000 0.737499
vt 0.000000 0.738301
vt 1.000000 0.738301
vt 0.000000 0.739103
vt 1.000000 0.739103
vt 0.000000 0.739905
vt 1.000000 0.739905
vt 0.000000 0.740706
vt 1.000000 0.740706
vt 0.000000 0.741508
vt 1.000000 0.741508
vt 0.000000 0.742310
vt 1.000000 0.742310
vt 0.000000 0.743112
vt 1.000000 0.743112
vt 0.000000 0.743913
vt 1.000000 0.743913
vt 0.000000 0.744715
vt 1.000000 0.744715
vt 0.000000 0.745517
vt 1.000000 0.745517
vt 0.000000 0.746319
vt 1.000000 0.746319
vt 0.000000 0.747120
vt 1.000000 0.747120
vt 0.000000 0.747922
vt 1.000000 0.747922
vt 0.000000 0.748785
vt 1.000000 0.748785
vt 0.000000 0.749709
vt 1.000000 0.749709
vt 0.000000 0.750572
vt 1.000000 0.750572
vt 0.000000 0.751374
vt 1.000000 0.751374
vt 0.000000 0.752176
vt 1.000000 0.752176
vt 0.000000 0.752977
vt 1.000000 0.752977
vt 0.000000 0.753779
vt 1.000000 0.753779
vt 0.000000 0.754581
vt 1.000000 0.754581
vt 0.000000 0.755382
vt 1.000000 0.755382
vt 0.000000 0.756184
vt 1.000000 0.756184
vt 0.000000 0.756986
vt 1.000000 0.756986
vt 0.000000 0.757788
vt 1.000000 0.757788
vt 0.000000 0.758589
vt 1.000000 0.758589
vt 0.000000 0.759391
vt 1.000000 0.759391
vt 0.000000 0.760193
vt 1.000000 0.760193
vt 0.000000 0.760994
vt 1.000000 0.760994
vt 0.000000 0.761796
vt 1.000000 0.761796
vt 0.000000 0.762598
vt 1.000000 0.762598
vt 0.000000 0.763400
vt 1.000000 0.763400
vt 0.000000 0.764201
vt 1.000000 0.764201
vt 0.000000 0.765003
vt 1.000000 0.765003
vt 0.000000 0.765805
vt 1.000000 0.765805
vt 0.000000 0.766607
vt 1.000000 0.766607
vt 0.000000 0.767408
vt 1.000000 0.767408
vt 0.000000 0.768210
vt 1.000000 0.768210
vt 0.000000 0.769008
vt 1.000000 0.769008
vt 0.000000 0.769806
vt 1.000000 0.769806
vt 0.000000 0.770607
vt 1.000000 0.770607
vt 0.000000 0.771409
vt 1.000000 0.771409
vt 0.000000 0.772210
vt 1.000000 0.772210
vt 0.000000 0.773012
vt 1.000000 0.773012
vt 0.000000 0.773814
vt 1.000000 0.773814
vt 0.000000 0.774616
vt 1.000000 0.774616
vt 0.000000 0.775417
vt 1.000000 0.775417
vt 0.000000 0.776219
vt 1.000000 0.776219
vt 0.000000 0.777021
vt 1.000000 0.777021
vt 0.000000 0.777823
vt 1.000000 0.777823
vt 0.000000 0.778624
vt 1.000000 0.778624
vt 0.000000 0.779426
vt 1.000000 0.779426
vt 0.000000 0.780228
vt 1.000000 0.780228
vt 0.000000 0.781030
vt 1.000000 0.781030
vt 0.000000 0.781831
vt 1.000000 0.781831
vt 0.000000 0.782633
vt 1.000000 0.782633
vt 0.000000 0.783435
vt 1.000000 0.783435
vt 0.000000 0.784236
vt 1.000000 0.784236
vt 0.000000 0.785038
vt 1.000000 0.785038
vt 0.000000 0.785840
vt 1.000000 0.785840
vt 0.000000 0.786642
vt 1.000000 0.786642
vt 0.000000 0.787492
vt 1.000000 0.787492
vt 0.000000 0.788388
vt 1.000000 0.788388
vt 0.000000 0.789268
vt 1.000000 0.789268
vt 0.000000 0.790109
vt 1.000000 0.790109
vt 0.000000 0.790920
vt 1.000000 0.790920
vt 0.000000 0.791718
vt 1.000000 0.791718
vt 0.000000 0.792505
vt 1.000000 0.792505
vt 0.000000 0.793297
vt 1.000000 0.793297
vt 0.000000 0.794091
vt 1.000000 0.794091
vt 0.000000 0.794884
vt 1.000000 0.794884
vt 0.000000 0.795675
vt 1.000000 0.795675
vt 0.000000 0.796474
vt 1.000000 0.796474
vt 0.000000 0.797272
vt 1.000000 0.797272
vt 0.000000 0.798070
vt 1.000000 0.798070
vt 0.000000 0.798869
vt 1.000000 0.798869
vt 0.000000 0.799667
vt 1.000000 0.799667
vt 0.000000 0.800465
vt 1.000000 0.800465
vt 0.000000 0.801263
vt 1.000000 0.801263
vt 0.000000 0.802062
vt 1.000000 0.802062
vt 0.000000 0.802860
vt 1.000000 0.802860
vt 0.000000 0.803658
vt 1.000000 0.803658
vt 0.000000 0.804456
vt 1.000000 0.804456
vt 0.000000 0.805255
vt 1.000000 0.805255
vt 0.000000 0.806053
vt 1.000000 0.806053
vt 0.000000 0.806852
vt 1.000000 0.806852
vt 0.000000 0.807653
vt 1.000000 0.807653
vt 0.000000 0.808453
vt 1.000000 0.808453
vt 0.000000 0.809254
vt 1.000000 0.809254
vt 0.000000 0.810054
vt 1.000000 0.810054
vt 0.000000 0.810855
vt 1.000000 0.810855
vt 0.000000 0.811655
vt 1.000000 0.811655
vt 0.000000 0.812456
vt 1.000000 0.812456
vt 0.000000 0.813257
vt 1.000000 0.813257
vt 0.000000 0.814057
vt 1.000000 0.814057
vt 0.000000 0.814858
vt 1.000000 0.814858
vt 0.000000 0.815658
vt 1.000000 0.815658
vt 0.000000 0.816459
vt 1.000000 0.816459
vt 0.000000 0.817259
vt 1.000000 0.817259
vt 0.000000 0.818060
vt 1.000000 0.818060
vt 0.000000 0.818861
vt 1.000000 0.818861
vt 0.000000 0.819661
vt 1.000000 0.819661
vt 0.000000 0.820462
vt 1.000000 0.820462
vt 0.000000 0.821262
vt 1.000000 0.821262
vt 0.000000 0.822063
vt 1.000000 0.822063
vt 0.000000 0.822863
vt 1.000000 0.822863
vt 0.000000 0.823664
vt 1.000000 0.823664
vt 0.000000 0.824464
vt 1.000000 0.824464
vt 0.000000 0.825265
vt 1.000000 0.825265
vt 0.000000 0.826064
vt 1.000000 0.826064
vt 0.000000 0.826863
vt 1.000000 0.826863
vt 0.000000 0.827661
vt 1.000000 0.827661
vt 0.000000 0.828459
vt 1.000000 0.828459
vt 0.000000 0.829257
vt 1.000000 0.829257
vt 0.000000 0.830055
vt 1.000000 0.830055
vt 0.000000 0.830854
vt 1.000000 0.830854
vt 0.000000 0.831652
vt 1.000000 0.831652
vt 0.000000 0.832450
vt 1.000000 0.832450
vt 0.000000 0.833248
vt 1.000000 0.833248
vt 0.000000 0.834047
vt 1.000000 0.834047
vt 0.000000 0.834845
vt 1.000000 0.834845
vt 0.000000 0.835643
vt 1.000000 0.835643
vt 0.000000 0.836441
vt 1.000000 0.836441
vt 0.000000 0.837239
vt 1.000000 0.837239
vt 0.000000 0.838038
vt 1.000000 0.838038
vt 0.000000 0.838836
vt 1.000000 0.838836
vt 0.000000 0.839634
vt 1.000000 0.839634
vt 0.000000 0.840432
vt 1.000000 0.840432
vt 0.000000 0.841172
vt 1.000000 0.841172
vt 0.000000 0.841934
vt 1.000000 0.841934
vt 0.000000 0.842735
vt 1.000000 0.842735
vt 0.000000 0.843537
vt 1.000000 0.843537
vt 0.000000 0.844339
vt 1.000000 0.844339
vt 0.000000 0.845141
vt 1.000000 0.845141
vt 0.000000 0.845942
vt 1.000000 0.845942
vt 0.000000 0.846744
vt 1.000000 0.846744
vt 0.000000 0.847503
vt 1.000000 0.847503
vt 0.000000 0.848270
vt 1.000000 0.848270
vt 0.000000 0.849072
vt 1.000000 0.849072
vt 0.000000 0.849874
vt 1.000000 0.849874
vt 0.000000 0.850676
vt 1.000000 0.850676
vt 0.000000 0.851477
vt 1.000000 0.851477
vt 0.000000 0.852279
vt 1.000000 0.852279
vt 0.000000 0.853081
vt 1.000000 0.853081
vt 0.000000 0.853883
vt 1.000000 0.853883
vt 0.000000 0.854684
vt 1.000000 0.854684
vt 0.000000 0.855486
vt 1.000000 0.855486
vt 0.000000 0.856288
vt 1.000000 0.856288
vt 0.000000 0.857089
vt 1.000000 0.857089
vt 0.000000 0.857891
vt 1.000000 0.857891
vt 0.000000 0.858693
vt 1.000000 0.858693
vt 0.000000 0.859495
vt 1.000000 0.859495
vt 0.000000 0.860296
vt 1.000000 0.860296
vt 0.000000 0.861098
vt 1.000000 0.861098
vt 0.000000 0.861900
vt 1.000000 0.861900
vt 0.000000 0.862682
vt 1.000000 0.862682
vt 0.000000 0.863452
vt 1.000000 0.863452
vt 0.000000 0.864254
vt 1.000000 0.864254
vt 0.000000 0.865056
vt 1.000000 0.865056
vt 0.000000 0.865858
vt 1.000000 0.865858
vt 0.000000 0.866659
vt 1.000000 0.866659
vt 0.000000 0.867461
vt 1.000000 0.867461
vt 0.000000 0.868263
vt 1.000000 0.868263
vt 0.000000 0.869065
vt 1.000000 0.869065
vt 0.000000 0.869866
vt 1.000000 0.869866
vt 0.000000 0.870668
vt 1.000000 0.870668
vt 0.000000 0.871470
vt 1.000000 0.871470
vt 0.000000 0.872272
vt 1.000000 0.872272
vt 0.000000 0.873073
vt 1.000000 0.873073
vt 0.000000 0.873875
vt 1.000000 0.873875
vt 0.000000 0.874677
vt 1.000000 0.874677
vt 0.000000 0.875479
vt 1.000000 0.875479
vt 0.000000 0.876280
vt 1.000000 0.876280
vt 0.000000 0.877082
vt 1.000000 0.877082
vt 0.000000 0.877884
vt 1.000000 0.877884
vt 0.000000 0.878650
vt 1.000000 0.878650
vt 0.000000 0.879446
vt 1.000000 0.879446
vt 0.000000 0.880247
vt 1.000000 0.880247
vt 0.000000 0.881049
vt 1.000000 0.881049
vt 0.000000 0.881851
vt 1.000000 0.881851
vt 0.000000 0.882653
vt 1.000000 0.882653
vt 0.000000 0.883454
vt 1.000000 0.883454
vt 0.000000 0.884256
vt 1.000000 0.884256
vt 0.000000 0.885058
vt 1.000000 0.885058
vt 0.000000 0.885860
vt 1.000000 0.885860
vt 0.000000 0.886661
vt 1.000000 0.886661
vt 0.000000 0.887463
vt 1.000000 0.887463
vt 0.000000 0.888265
vt 1.000000 0.888265
vt 0.000000 0.889067
vt 1.000000 0.889067
vt 0.000000 0.889868
vt 1.000000 0.889868
vt 0.000000 0.890670
vt 1.000000 0.890670
vt 0.000000 0.891472
vt 1.000000 0.891472
vt 0.000000 0.892273
vt 1.000000 0.892273
vt 0.000000 0.893075
vt 1.000000 0.893075
vt 0.000000 0.893877
vt 1.000000 0.893877
vt 0.000000 0.894679
vt 1.000000 0.894679
vt 0.000000 0.895480
vt 1.000000 0.895480
vt 0.000000 0.896282
vt 1.000000 0.896282
vt 0.000000 0.897036
vt 1.000000 0.897036
vt 0.000000 0.897810
vt 1.000000 0.897810
vt 0.000000 0.898660
vt 1.000000 0.898660
vt 0.000000 0.899517
vt 1.000000 0.899517
vt 0.000000 0.900375
vt 1.000000 0.900375
vt 0.000000 0.901218
vt 1.000000 0.901218
vt 0.000000 0.902051
vt 1.000000 0.902051
vt 0.000000 0.902892
vt 1.000000 0.902892
vt 0.000000 0.903752
vt 1.000000 0.903752
vt 0.000000 0.904681
vt 1.000000 0.904681
vt 0.000000 0.905789
vt 1.000000 0.905789
vt 0.000000 0.906610
vt 1.000000 0.906610
vt 0.000000 0.907691
vt 1.000000 0.907691
vt 0.000000 0.908678
vt 1.000000 0.908678
vt 0.000000 0.909552
vt 1.000000 0.909552
vt 0.000000 0.910376
vt 1.000000 0.910376
vt 0.000000 0.911178
vt 1.000000 0.911178
vt 0.000000 0.911980
vt 1.000000 0.911980
vt 0.000000 0.912782
vt 1.000000 0.912782
vt 0.000000 0.913583
vt 1.000000 0.913583
vt 0.000000 0.914385
vt 1.000000 0.914385
vt 0.000000 0.915187
vt 1.000000 0.915187
vt 0.000000 0.916004
vt 1.000000 0.916004
vt 0.000000 0.916843
vt 1.000000 0.916843
vt 0.000000 0.917718
vt 1.000000 0.917718
vt 0.000000 0.918720
vt 1.000000 0.918720
vt 0.000000 0.919851
vt 1.000000 0.919851
vt 0.000000 0.920663
vt 1.000000 0.920663
vt 0.000000 0.921762
vt 1.000000 0.921762
vt 0.000000 0.922755
vt 1.000000 0.922755
vt 0.000000 0.923644
vt 1.000000 0.923644
vt 0.000000 0.924471
vt 1.000000 0.924471
vt 0.000000 0.925273
vt 1.000000 0.925273
vt 0.000000 0.926094
vt 1.000000 0.926094
vt 0.000000 0.926923
vt 1.000000 0.926923
vt 0.000000 0.927760
vt 1.000000 0.927760
vt 0.000000 0.928547
vt 1.000000 0.928547
vt 0.000000 0.929487
vt 1.000000 0.929487
vt 0.000000 0.930255
vt 1.000000 0.930255
vt 0.000000 0.931180
vt 1.000000 0.931180
vt 0.000000 0.932042
vt 1.000000 0.932042
vt 0.000000 0.932926
vt 1.000000 0.932926
vt 0.000000 0.933602
vt 1.000000 0.933602
vt 0.000000 0.934315
vt 1.000000 0.934315
vt 0.000000 0.935289
vt 1.000000 0.935289
vt 0.000000 0.936182
vt 1.000000 0.936182
vt 0.000000 0.936984
vt 1.000000 0.936984
vt 0.000000 0.937785
vt 1.000000 0.937785
vt 0.000000 0.938587
vt 1.000000 0.938587
vt 0.000000 0.939389
vt 1.000000 0.939389
vt 0.000000 0.940220
vt 1.000000 0.940220
vt 0.000000 0.941058
vt 1.000000 0.941058
vt 0.000000 0.941804
vt 1.000000 0.941804
vt 0.000000 0.942430
vt 1.000000 0.942430
vt 0.000000 0.943127
vt 1.000000 0.943127
vt 0.000000 0.943850
vt 1.000000 0.943850
vt 0.000000 0.944547
vt 1.000000 0.944547
vt 0.000000 0.945243
vt 1.000000 0.945243
vt 0.000000 0.945940
vt 1.000000 0.945940
vt 0.000000 0.946637
vt 1.000000 0.946637
vt 0.000000 0.947319
vt 1.000000 0.947319
vt 0.000000 0.948052
vt 1.000000 0.948052
vt 0.000000 0.948854
vt 1.000000 0.948854
vt 0.000000 0.949656
vt 1.000000 0.949656
vt 0.000000 0.950458
vt 1.000000 0.950458
vt 0.000000 0.951259
vt 1.000000 0.951259
vt 0.000000 0.952061
vt 1.000000 0.952061
vt 0.000000 0.952863
vt 1.000000 0.952863
vt 0.000000 0.953665
vt 1.000000 0.953665
vt 0.000000 0.954466
vt 1.000000 0.954466
vt 0.000000 0.955268
vt 1.000000 0.955268
vt 0.000000 0.956070
vt 1.000000 0.956070
vt 0.000000 0.956872
vt 1.000000 0.956872
vt 0.000000 0.957673
vt 1.000000 0.957673
vt 0.000000 0.958475
vt 1.000000 0.958475
vt 0.000000 0.959277
vt 1.000000 0.959277
vt 0.000000 0.960078
vt 1.000000 0.960078
vt 0.000000 0.960880
vt 1.000000 0.960880
vt 0.000000 0.961682
vt 1.000000 0.961682
vt 0.000000 0.962460
vt 1.000000 0.962460
vt 0.000000 0.963226
vt 1.000000 0.963226
vt 0.000000 0.964028
vt 1.000000 0.964028
vt 0.000000 0.964829
vt 1.000000 0.964829
vt 0.000000 0.965631
vt 1.000000 0.965631
vt 0.000000 0.966433
vt 1.000000 0.966433
vt 0.000000 0.967235
vt 1.000000 0.967235
vt 0.000000 0.968036
vt 1.000000 0.968036
vt 0.000000 0.968838
vt 1.000000 0.968838
vt 0.000000 0.969640
vt 1.000000 0.969640
vt 0.000000 0.970441
vt 1.000000 0.970441
vt 0.000000 0.971243
vt 1.000000 0.971243
vt 0.000000 0.972045
vt 1.000000 0.972045
vt 0.000000 0.972847
vt 1.000000 0.972847
vt 0.000000 0.973648
vt 1.000000 0.973648
vt 0.000000 0.974450
vt 1.000000 0.974450
vt 0.000000 0.975252
vt 1.000000 0.975252
vt 0.000000 0.976054
vt 1.000000 0.976054
vt 0.000000 0.976855
vt 1.000000 0.976855
vt 0.000000 0.977657
vt 1.000000 0.977657
vt 0.000000 0.978435
vt 1.000000 0.978435
vt 0.000000 0.979188
vt 1.000000 0.979188
vt 0.000000 0.979984
vt 1.000000 0.979984
vt 0.000000 0.980836
vt 1.000000 0.980836
vt 0.000000 0.981643
vt 1.000000 0.981643
vt 0.000000 0.982362
vt 1.000000 0.982362
vt 0.000000 0.983164
vt 1.000000 0.983164
vt 0.000000 0.983965
vt 1.000000 0.983965
vt 0.000000 0.984767
vt 1.000000 0.984767
vt 0.000000 0.985569
vt 1.000000 0.985569
vt 0.000000 0.986370
vt 1.000000 0.986370
vt 0.000000 0.987172
vt 1.000000 0.987172
vt 0.000000 0.987974
vt 1.000000 0.987974
vt 0.000000 0.988776
vt 1.000000 0.988776
vt 0.000000 0.989577
vt 1.000000 0.989577
vt 0.000000 0.990379
vt 1.000000 0.990379
vt 0.000000 0.991181
vt 1.000000 0.991181
vt 0.000000 0.991983
vt 1.000000 0.991983
vt 0.000000 0.992784
vt 1.000000 0.992784
vt 0.000000 0.993586
vt 1.000000 0.993586
vt 0.000000 0.994388
vt 1.000000 0.994388
vt 0.000000 0.995190
vt 1.000000 0.995190
vt 0.000000 0.995991
vt 1.000000 0.995991
vt 0.000000 0.996793
vt 1.000000 0.996793
vt 0.000000 0.997595
vt 1.000000 0.997595
vt 0.000000 0.998397
vt 1.000000 0.998397
vt 0.000000 0.999198
vt 1.000000 0.999198
vt 0.000000 1.000000
vt 1.000000 1.000000
vn -0.000000 1.000000 0.000000
vn -0.000000 1.000000 0.000000
vn -0.000000 1.000000 0.000000
vn -0.000000 1.000000 0.000000
vn -0.000000 1.000000 0.000000
vn -0.000000 1.000000 0.000000
vn -0.000000 1.000000 0.000000
vn -0.000000 1.000000 0.000000
vn -0.000000 1.000000 0.000000
vn -0.000000 1.000000 0.000000
vn -0.000000 1.000000 0.000000
vn -0.000000 1.000000 0.000000
vn -0.000000 1.000000 0.000000
vn -0.000000 1.000000 0.000000
vn -0.000000 1.000000 0.000000
vn -0.000000 1.000000 0.000000
vn -0.000000 1.000000 0.000000
vn -0.000000 1.000000 0.000000
vn -0.000000 1.000000 0.000000
vn -0.000000 1.000000 0.000000
vn -0.000000 1.000000 0.000000
vn -0.000000 1.000000 0.000000
vn -0.000000 1.000000 0.000000
vn -0.000000 1.000000 0.000000
vn -0.000000 1.000000 0.000000
vn -0.000000 1.000000 0.000000
vn -0.000000 1.000000 0.000000
vn -0.000000 1.000000 0.000000
vn -0.000000 1.000000 0.000000
vn -0.000000 1.000000 0.000000
vn -0.000000 1.000000 0.000000
vn -0.000000 1.000000 0.000000
vn -0.000000 1.000000 0.000000
vn -0.000000 1.000000 0.000000
vn -0.000000 1.000000 0.000000
vn -0.000000 1.000000 0.000000
vn -0.000000 1.000000 0.000000
vn -0.000000 1.000000 0.000000
vn -0.000000 1.000000 0.000000
vn -0.000000 1.000000 0.000000
vn -0.000000 1.000000 0.000000
vn -0.000000 1.000000 0.000000
vn -0.000000 1.000000 0.000000
vn -0.000000 1.000000 0.000000
vn -0.000000 1.000000 0.000000
vn -0.000000 1.000000 0.000000
vn -0.000000 1.000000 0.000000
vn -0.000000 1.000000 0.000000
vn -0.000000 1.000000 0.000000
vn -0.000000 1.000000 0.000000
vn -0.000000 1.000000 0.000000
vn -0.000000 1.000000 0.000000
vn -0.000000 1.000000 0.000000
vn -0.000000 1.000000 0.000000
vn -0.000000 1.000000 0.000000
vn -0.000000 1.000000 0.000000
vn -0.000000 1.000000 0.000000
vn -0.000000 1.000000 0.000000
vn 0.000000 1.000000 0.000000
vn 0.000000 1.000000 0.000000
vn 0.000000 1.000000 0.000000
vn 0.000000 1.000000 0.000000
vn 0.000000 1.000000 0.000000
vn 0.000000 1.000000 0.000000
vn 0.000000 1.000000 0.000000
vn 0.000000 1.000000 0.000000
vn 0.000000 1.000000 0.000000
vn 0.000000 1.000000 0.000000
vn 0.000000 1.000000 0.000000
vn 0.000000 1.000000 0.000000
vn 0.000000 1.000000 0.000000
vn 0.000000 1.000000 0.000000
vn 0.000000 1.000000 0.000000
vn 0.000000 1.000000 0.000000
vn 0.000000 1.000000 0.000000
vn 0.000000 1.000000 0.000000
vn 0.000000 1.000000 0.000000
vn 0.000000 1.000000 0.000000
vn 0.000000 1.000000 0.000000
vn 0.000000 1.000000 0.000000
vn 0.000000 1.000000 0.000000
vn 0.000000 1.000000 0.000000
vn 0.000000 1.000000 0.000000
vn 0.000000 1.000000 0.000000
vn 0.000000 1.000000 0.000000
vn 0.000000 1.000000 0.000000
vn 0.000000 1.000000 0.000000
vn 0.000000 1.000000 0.000000
vn 0.000000 1.000000 0.000000
vn 0.000000 1.000000 0.000000
vn 0.000000 1.000000 0.000000
vn 0.000000 1.000000 0.000000
vn 0.000000 1.000000 0.000000
vn 0.000000 1.000000 0.000000
vn 0.000000 1.000000 0.000000
vn 0.000000 1.000000 0.000000
vn 0.000000 1.000000 0.000000
vn 0.000000 1.000000 0.000000
vn 0.000000 1.000000 0.000000
vn 0.000000 1.000000 0.000000
vn 0.000000 1.000000 0.000000
vn 0.000000 1.000000 0.000000
vn 0.000000 1.000000 0.000000
vn 0.000000 1.000000 0.000000
vn 0.000000 1.000000 0.000000
vn 0.000000 1.000000 0.000000
vn 0.000000 1.000000 0.000000
vn 0.000000 1.000000 0.000000
vn 0.000000 1.000000 0.000000
vn 0.000000 1.000000 0.000000
vn 0.000000 1.000000 0.000000
vn 0.000000 1.000000 0.000000
vn 0.000000 1.000000 0.000000
vn 0.000000 1.000000 0.000000
vn 0.000000 1.000000 0.000000
vn 0.000000 1.000000 0.000000
vn 0.000000 1.000000 0.000000
vn 0.000000 1.000000 0.000000
vn 0.000000 1.000000 0.000000
vn 0.000000 1.000000 0.000000
vn 0.000000 1.000000 0.000000
vn 0.000000 1.000000 0.000000
vn 0.000000 1.000000 0.000000
vn 0.000000 1.000000 0.000000
vn 0.000000 1.000000 0.000000
vn 0.000000 1.000000 0.000000
vn 0.000000 1.000000 0.000000
vn 0.000000 1.000000 0.000000
vn 0.000000 1.000000 0.000000
vn 0.000000 1.000000 0.000000
vn 0.000000 1.000000 0.000000
vn 0.000000 1.000000 0.000000
vn 0.000000 1.000000 0.000000
vn 0.000000 1.000000 0.000000
vn 0.000000 1.000000 0.000000
vn 0.000000 1.000000 0.000000
vn 0.000000 1.000000 0.000000
vn 0.000000 1.000000 0.000000
vn 0.000000 1.000000 0.000000
vn 0.000000 1.000000 0.000000
vn 0.000000 1.000000 0.000000
vn 0.000000 1.000000 0.000000
vn 0.000000 1.000000 0.000000
vn 0.000000 1.000000 0.000000
vn -0.000000 0.999717 0.023803
vn -0.000000 0.999717 0.023803
vn -0.000000 0.999214 0.039651
vn -0.000000 0.999214 0.039651
vn -0.000000 0.999214 0.039651
vn -0.000000 0.999214 0.039651
vn -0.000000 0.998868 0.047565
vn -0.000000 0.998868 0.047565
vn -0.000000 0.998868 0.047565
vn -0.000000 0.998868 0.047565
vn -0.000000 0.999496 0.031730
vn -0.000000 0.999496 0.031730
vn 0.000000 1.000000 0.000000
vn 0.000000 1.000000 0.000000
vn 0.000000 0.999969 -0.007936
vn 0.000000 0.999969 -0.007936
vn 0.000000 0.999496 -0.031730
vn 0.000000 0.999496 -0.031730
vn 0.000000 0.998868 -0.047565
vn 0.000000 0.998868 -0.047565
vn 0.000000 0.997459 -0.071247
vn 0.000000 0.997459 -0.071247
vn 0.000000 0.996211 -0.086971
vn 0.000000 0.996211 -0.086971
vn 0.000000 0.996865 -0.079116
vn 0.000000 0.996865 -0.079116
vn 0.000000 0.998868 -0.047565
vn 0.000000 0.998868 -0.047565
vn 0.000000 0.999496 -0.031730
vn 0.000000 0.999496 -0.031730
vn 0.000000 0.999717 -0.023803
vn 0.000000 0.999717 -0.023803
vn 0.000000 1.000000 0.000000
vn 0.000000 1.000000 0.000000
vn 0.000000 1.000000 0.000000
vn 0.000000 1.000000 0.000000
vn 0.000000 1.000000 0.000000
vn 0.000000 1.000000 0.000000
vn 0.000000 1.000000 0.000000
vn 0.000000 1.000000 0.000000
vn 0.000000 1.000000 0.000000
vn 0.000000 1.000000 0.000000
vn 0.000000 1.000000 0.000000
vn 0.000000 1.000000 0.000000
vn 0.000000 1.000000 0.000000
vn 0.000000 1.000000 0.000000
vn 0.000000 1.000000 0.000000
vn 0.000000 1.000000 0.000000
vn 0.000000 1.000000 0.000000
vn 0.000000 1.000000 0.000000
vn 0.000000 1.000000 0.000000
vn 0.000000 1.000000 0.000000
vn 0.000000 1.000000 0.000000
vn 0.000000 1.000000 0.000000
vn 0.000000 1.000000 0.000000
vn 0.000000 1.000000 0.000000
vn 0.000000 1.000000 0.000000
vn 0.000000 1.000000 0.000000
vn 0.000000 1.000000 0.000000
vn 0.000000 1.000000 0.000000
vn 0.000000 1.000000 0.000000
vn 0.000000 1.000000 0.000000
vn 0.000000 1.000000 0.000000
vn 0.000000 1.000000 0.000000
vn 0.000000 1.000000 0.000000
vn 0.000000 1.000000 0.000000
vn 0.000000 1.000000 0.000000
vn 0.000000 1.000000 0.000000
vn 0.000000 1.000000 0.000000
vn 0.000000 1.000000 0.000000
vn 0.000000 1.000000 0.000000
vn 0.000000 1.000000 0.000000
vn 0.000000 1.000000 0.000000
vn 0.000000 1.000000 0.000000
vn 0.000000 1.000000 0.000000
vn 0.000000 1.000000 0.000000
vn 0.000000 1.000000 0.000000
vn 0.000000 1.000000 0.000000
vn 0.000000 1.000000 0.000000
vn 0.000000 1.000000 0.000000
vn 0.000000 1.000000 0.000000
vn 0.000000 1.000000 0.000000
vn 0.000000 1.000000 0.000000
vn 0.000000 1.000000 0.000000
vn 0.000000 1.000000 0.000000
vn 0.000000 1.000000 0.000000
vn 0.000000 1.000000 0.000000
vn 0.000000 1.000000 0.000000
vn 0.000000 1.000000 0.000000
vn 0.000000 1.000000 0.000000
vn -0.000000 1.000000 0.000000
vn -0.000000 1.000000 0.000000
vn 0.004013 0.999966 0.007182
vn 0.004013 0.999966 0.007182
vn 0.005965 0.999969 0.005211
vn 0.005965 0.999969 0.005211
vn 0.006403 0.999969 0.004600
vn 0.006403 0.999969 0.004600
vn 0.006403 0.999969 0.004600
vn 0.006403 0.999969 0.004600
vn 0.006403 0.999969 0.004600
vn 0.006403 0.999969 0.004600
vn 0.006403 0.999969 0.004600
vn 0.006403 0.999969 0.004600
vn 0.006403 0.999969 0.004600
vn 0.006403 0.999969 0.004600
vn -0.000000 1.000000 0.000000
vn -0.000000 1.000000 0.000000
vn -0.000000 1.000000 0.000000
vn -0.000000 1.000000 0.000000
vn -0.000000 1.000000 0.000000
vn -0.000000 1.000000 0.000000
vn -0.000000 1.000000 0.000000
vn -0.000000 1.000000 0.000000
vn -0.000000 1.000000 0.000000
vn -0.000000 1.000000 0.000000
vn -0.000000 1.000000 0.000000
vn -0.000000 1.000000 0.000000
vn -0.000000 1.000000 0.000000
vn -0.000000 1.000000 0.000000
vn -0.000000 1.000000 0.000000
vn -0.000000 1.000000 0.000000
vn -0.000000 1.000000 0.000000
vn -0.000000 1.000000 0.000000
vn -0.007792 0.999966 0.002597
vn -0.007792 0.999966 0.002597
vn -0.006386 0.999969 0.004633
vn -0.006386 0.999969 0.004633
vn -0.006217 0.999969 0.004849
vn -0.006217 0.999969 0.004849
vn -0.006217 0.999969 0.004849
vn -0.006217 0.999969 0.004849
vn -0.006217 0.999969 0.004849
vn -0.006217 0.999969 0.004849
vn -0.006217 0.999969 0.004849
vn -0.006217 0.999969 0.004849
vn -0.005755 0.999969 0.005442
vn -0.005755 0.999969 0.005442
vn -0.008520 0.999864 0.014156
vn -0.008520 0.999864 0.014156
vn -0.001763 0.999873 0.015871
vn -0.001763 0.999873 0.015871
vn 0.000000 0.999874 0.015871
vn 0.000000 0.999874 0.015871
vn 0.000000 0.999874 0.015871
vn 0.000000 0.999874 0.015871
vn 0.000000 0.999874 0.015871
vn 0.000000 0.999874 0.015871
vn 0.000000 0.999874 0.015871
vn 0.000000 0.999874 0.015871
vn 0.000000 0.999874 0.015871
vn 0.000000 0.999874 0.015871
vn 0.000000 0.999874 0.015871
vn 0.000000 0.999874 0.015871
vn 0.000000 0.999874 0.015871
vn 0.000000 0.999874 0.015871
vn 0.000000 0.999874 0.015871
vn 0.000000 0.999874 0.015871
vn 0.000000 0.999874 0.015871
vn 0.000000 0.999874 0.015871
vn 0.000000 0.999874 0.015871
vn 0.000000 0.999874 0.015871
vn 0.000000 0.999874 0.015871
vn 0.000000 0.999874 0.015871
vn 0.000000 0.999874 0.015871
vn 0.000000 0.999874 0.015871
vn 0.000000 0.999874 0.015871
vn 0.000000 0.999874 0.015871
vn 0.000000 0.999874 0.015871
vn 0.000000 0.999874 0.015871
vn 0.000000 0.999874 0.015871
vn 0.000000 0.999874 0.015871
vn 0.000000 0.999874 0.015871
vn 0.000000 0.999874 0.015871
vn 0.000000 0.999874 0.015871
vn 0.000000 0.999874 0.015871
vn 0.000000 0.999874 0.015871
vn 0.000000 0.999874 0.015871
vn 0.000000 0.999874 0.015871
vn 0.000000 0.999874 0.015871
vn 0.000000 0.999874 0.015871
vn 0.000000 0.999874 0.015871
vn 0.000000 0.999874 0.015871
vn 0.000000 0.999874 0.015871
vn 0.000000 0.999874 0.015871
vn 0.000000 0.999874 0.015871
vn 0.000000 0.999874 0.015871
vn 0.000000 0.999874 0.015871
vn 0.000000 0.999874 0.015871
vn 0.000000 0.999874 0.015871
vn 0.000000 0.999874 0.015871
vn 0.000000 0.999874 0.015871
vn 0.000000 0.999874 0.015871
vn 0.000000 0.999874 0.015871
vn 0.000000 0.999874 0.015871
vn 0.000000 0.999874 0.015871
vn 0.000000 1.000000 0.000000
vn 0.000000 1.000000 0.000000
vn 0.000000 1.000000 0.000000
vn 0.000000 1.000000 0.000000
vn 0.000000 0.999874 -0.015871
vn 0.000000 0.999874 -0.015871
vn 0.000000 0.999496 -0.031730
vn 0.000000 0.999496 -0.031730
vn 0.000000 0.998868 -0.047565
vn 0.000000 0.998868 -0.047565
vn 0.000000 0.998460 -0.055470
vn 0.000000 0.998460 -0.055470
vn 0.000000 0.997990 -0.063364
vn 0.000000 0.997990 -0.063364
vn 0.000000 0.997990 -0.063364
vn 0.000000 0.997990 -0.063364
vn 0.000000 0.997459 -0.071247
vn 0.000000 0.997459 -0.071247
vn 0.000000 0.997459 -0.071247
vn 0.000000 0.997459 -0.071247
vn 0.000000 0.997459 -0.071247
vn 0.000000 0.997459 -0.071247
vn 0.000000 0.997459 -0.071247
vn 0.000000 0.997459 -0.071247
vn 0.000000 0.997459 -0.071247
vn 0.000000 0.997459 -0.071247
vn 0.000000 0.997459 -0.071247
vn 0.000000 0.997459 -0.071247
vn 0.000000 0.997459 -0.071247
vn 0.000000 0.997459 -0.071247
vn 0.000000 0.997459 -0.071247
vn 0.000000 0.997459 -0.071247
vn 0.000000 0.997459 -0.071247
vn 0.000000 0.997459 -0.071247
vn 0.000000 0.997459 -0.071247
vn 0.000000 0.997459 -0.071247
vn 0.000000 0.997459 -0.071247
vn 0.000000 0.997459 -0.071247
vn 0.000000 0.997459 -0.071247
vn 0.000000 0.997459 -0.071247
vn 0.000000 0.997459 -0.071247
vn 0.000000 0.997459 -0.071247
vn 0.000000 0.997459 -0.071247
vn 0.000000 0.997459 -0.071247
vn 0.000000 0.997459 -0.071247
vn 0.000000 0.997459 -0.071247
vn 0.000000 0.997459 -0.071247
vn 0.000000 0.997459 -0.071247
vn 0.000000 0.997459 -0.071247
vn 0.000000 0.997459 -0.071247
vn 0.000000 0.997459 -0.071247
vn 0.000000 0.997459 -0.071247
vn 0.000000 0.997459 -0.071247
vn 0.000000 0.997459 -0.071247
vn 0.000000 0.997459 -0.071247
vn 0.000000 0.997459 -0.071247
vn 0.000189 0.999717 -0.023798
vn 0.000189 0.999717 -0.023798
vn 0.000000 1.000000 0.000000
vn 0.000000 1.000000 0.000000
vn 0.000000 1.000000 0.000000
vn 0.000000 1.000000 0.000000
vn 0.000000 1.000000 0.000000
vn 0.000000 1.000000 0.000000
vn 0.000000 1.000000 0.000000
vn 0.000000 1.000000 0.000000
vn 0.000000 1.000000 0.000000
vn 0.000000 1.000000 0.000000
vn 0.000000 1.000000 0.000000
vn 0.000000 1.000000 0.000000
vn 0.000000 1.000000 0.000000
vn 0.000000 1.000000 0.000000
vn 0.000000 1.000000 0.000000
vn 0.000000 1.000000 0.000000
vn 0.000000 1.000000 0.000000
vn 0.000000 1.000000 0.000000
vn 0.000000 1.000000 0.000000
vn 0.000000 1.000000 0.000000
vn 0.000000 1.000000 0.000000
vn 0.000000 1.000000 0.000000
vn 0.000000 1.000000 0.000000
vn 0.000000 1.000000 0.000000
vn 0.000000 1.000000 0.000000
vn 0.000000 1.000000 0.000000
vn 0.000000 1.000000 0.000000
vn 0.000000 1.000000 0.000000
vn 0.000000 1.000000 0.000000
vn 0.000000 1.000000 0.000000
vn 0.000000 1.000000 0.000000
vn 0.000000 1.000000 0.000000
vn 0.000000 1.000000 0.000000
vn 0.000000 1.000000 0.000000
vn 0.000000 1.000000 0.000000
vn 0.000000 1.000000 0.000000
vn -0.000000 1.000000 0.000000
vn -0.000000 1.000000 0.000000
vn -0.000000 1.000000 0.000000
vn -0.000000 1.000000 0.000000
vn -0.000000 1.000000 0.000000
vn -0.000000 1.000000 0.000000
vn -0.000000 1.000000 0.000000
vn -0.000000 1.000000 0.000000
vn -0.000000 1.000000 0.000000
vn -0.000000 1.000000 0.000000
vn -0.000000 1.000000 0.000000
vn -0.000000 1.000000 0.000000
vn -0.000000 1.000000 0.000000
vn -0.000000 1.000000 0.000000
vn -0.000000 1.000000 0.000000
vn -0.000000 1.000000 0.000000
vn -0.000000 1.000000 0.000000
vn -0.000000 1.000000 0.000000
vn -0.000000 1.000000 0.000000
vn -0.000000 1.000000 0.000000
vn -0.000000 1.000000 0.000000
vn -0.000000 1.000000 0.000000
vn -0.000000 1.000000 0.000000
vn -0.000000 1.000000 0.000000
vn -0.000000 1.000000 0.000000
vn -0.000000 1.000000 0.000000
vn -0.000000 1.000000 0.000000
vn -0.000000 1.000000 0.000000
vn -0.000000 1.000000 0.000000
vn -0.000000 1.000000 0.000000
vn -0.000000 1.000000 0.000000
vn -0.000000 1.000000 0.000000
vn -0.000000 1.000000 0.000000
vn -0.000000 1.000000 0.000000
vn -0.000000 1.000000 0.000000
vn -0.000000 1.000000 0.000000
vn -0.000000 1.000000 0.000000
vn -0.000000 1.000000 0.000000
vn -0.000000 1.000000 0.000000
vn -0.000000 1.000000 0.000000
vn -0.000000 1.000000 0.000000
vn -0.000000 1.000000 0.000000
vn -0.000000 1.000000 0.000000
vn -0.000000 1.000000 0.000000
vn -0.002014 0.999495 -0.031714
vn -0.002014 0.999495 -0.031714
vn 0.000000 0.998460 -0.055470
vn 0.000000 0.998460 -0.055470
vn 0.000000 0.998460 -0.055470
vn 0.000000 0.998460 -0.055470
vn 0.000000 0.998460 -0.055470
vn 0.000000 0.998460 -0.055470
vn 0.000000 0.998460 -0.055470
vn 0.000000 0.998460 -0.055470
vn 0.000000 0.998460 -0.055470
vn 0.000000 0.998460 -0.055470
vn 0.000000 0.998460 -0.055470
vn 0.000000 0.998460 -0.055470
vn 0.000000 0.998460 -0.055470
vn 0.000000 0.998460 -0.055470
vn 0.000000 0.998460 -0.055470
vn 0.000000 0.998460 -0.055470
vn 0.000000 0.998460 -0.055470
vn 0.000000 0.998460 -0.055470
vn 0.000000 0.998460 -0.055470
vn 0.000000 0.998460 -0.055470
vn 0.000000 0.998460 -0.055470
vn 0.000000 0.998460 -0.055470
vn 0.000000 0.998460 -0.055470
vn 0.000000 0.998460 -0.055470
vn 0.000000 0.998460 -0.055470
vn 0.000000 0.998460 -0.055470
vn 0.000000 0.998460 -0.055470
vn 0.000000 0.998460 -0.055470
vn 0.000000 0.998460 -0.055470
vn 0.000000 0.998460 -0.055470
vn 0.000000 0.998460 -0.055470
vn 0.000000 0.998460 -0.055470
vn 0.000000 0.998460 -0.055470
vn 0.000000 0.998460 -0.055470
vn 0.000000 0.998460 -0.055470
vn 0.000000 0.998460 -0.055470
vn 0.000000 0.998460 -0.055470
vn 0.000000 0.998460 -0.055470
vn 0.000000 0.998460 -0.055470
vn 0.000000 0.998460 -0.055470
vn 0.000000 0.998460 -0.055470
vn 0.000000 0.998460 -0.055470
vn 0.000000 0.998460 -0.055470
vn 0.000000 0.998460 -0.055470
vn 0.000000 0.998460 -0.055470
vn 0.000000 0.998460 -0.055470
vn 0.000000 0.998460 -0.055470
vn 0.000000 0.998460 -0.055470
vn 0.000000 0.999717 -0.023803
vn 0.000000 0.999717 -0.023803
vn 0.000000 1.000000 0.000000
vn 0.000000 1.000000 0.000000
vn 0.000000 1.000000 0.000000
vn 0.000000 1.000000 0.000000
vn 0.000000 1.000000 0.000000
vn 0.000000 1.000000 0.000000
vn 0.000000 1.000000 0.000000
vn 0.000000 1.000000 0.000000
vn 0.000000 1.000000 0.000000
vn 0.000000 1.000000 0.000000
vn 0.000000 1.000000 0.000000
vn 0.000000 1.000000 0.000000
vn 0.000000 1.000000 0.000000
vn 0.000000 1.000000 0.000000
vn 0.000000 1.000000 0.000000
vn 0.000000 1.000000 0.000000
vn 0.000000 1.000000 0.000000
vn 0.000000 1.000000 0.000000
vn 0.000000 1.000000 0.000000
vn 0.000000 1.000000 0.000000
vn 0.000000 1.000000 0.000000
vn 0.000000 1.000000 0.000000
vn 0.000000 1.000000 0.000000
vn 0.000000 1.000000 0.000000
vn 0.000000 1.000000 0.000000
vn 0.000000 1.000000 0.000000
vn 0.000000 1.000000 0.000000
vn 0.000000 1.000000 0.000000
vn 0.000000 1.000000 0.000000
vn 0.000000 1.000000 0.000000
vn 0.000000 1.000000 0.000000
vn 0.000000 1.000000 0.000000
vn 0.000000 1.000000 0.000000
vn 0.000000 1.000000 0.000000
vn 0.000000 1.000000 0.000000
vn 0.000000 1.000000 0.000000
vn 0.000000 1.000000 0.000000
vn 0.000000 1.000000 0.000000
vn 0.000000 1.000000 0.000000
vn 0.000000 1.000000 0.000000
vn 0.000000 1.000000 0.000000
vn 0.000000 1.000000 0.000000
vn 0.000000 1.000000 0.000000
vn 0.000000 1.000000 0.000000
vn 0.000000 1.000000 0.000000
vn 0.000000 1.000000 0.000000
vn 0.000000 1.000000 0.000000
vn 0.000000 1.000000 0.000000
vn -0.000000 1.000000 0.000000
vn -0.000000 1.000000 0.000000
vn -0.000000 1.000000 0.000000
vn -0.000000 1.000000 0.000000
vn -0.000000 1.000000 0.000000
vn -0.000000 1.000000 0.000000
vn -0.000000 1.000000 0.000000
vn -0.000000 1.000000 0.000000
vn -0.000000 1.000000 0.000000
vn -0.000000 1.000000 0.000000
vn -0.000000 1.000000 0.000000
vn -0.000000 1.000000 0.000000
vn -0.000000 1.000000 0.000000
vn -0.000000 1.000000 0.000000
vn -0.000000 1.000000 0.000000
vn -0.000000 1.000000 0.000000
vn -0.000000 1.000000 0.000000
vn -0.000000 1.000000 0.000000
vn -0.000000 1.000000 0.000000
vn -0.000000 1.000000 0.000000
vn -0.000000 1.000000 0.000000
vn -0.000000 1.000000 0.000000
vn -0.000000 1.000000 0.000000
vn -0.000000 1.000000 0.000000
vn -0.000000 1.000000 0.000000
vn -0.000000 1.000000 0.000000
vn -0.000000 1.000000 0.000000
vn -0.000000 1.000000 0.000000
vn -0.000000 1.000000 0.000000
vn -0.000000 1.000000 0.000000
vn -0.000000 1.000000 0.000000
vn -0.000000 1.000000 0.000000
vn -0.000000 1.000000 0.000000
vn -0.000000 1.000000 0.000000
vn -0.000000 1.000000 0.000000
vn -0.000000 1.000000 0.000000
vn -0.000000 1.000000 0.000000
vn -0.000000 1.000000 0.000000
vn -0.000000 1.000000 0.000000
vn -0.000000 1.000000 0.000000
vn -0.000000 1.000000 0.000000
vn -0.000000 1.000000 0.000000
vn -0.000000 1.000000 0.000000
vn -0.000000 1.000000 0.000000
vn -0.000000 1.000000 0.000000
vn -0.000000 1.000000 0.000000
vn -0.000000 1.000000 0.000000
vn -0.000000 1.000000 0.000000
vn -0.000000 1.000000 0.000000
vn -0.000000 1.000000 0.000000
vn -0.000000 1.000000 0.000000
vn -0.000000 1.000000 0.000000
vn -0.000000 1.000000 0.000000
vn -0.000000 1.000000 0.000000
vn -0.000000 1.000000 0.000000
vn -0.000000 1.000000 0.000000
vn -0.000000 1.000000 0.000000
vn -0.000000 1.000000 0.000000
vn -0.000000 1.000000 0.000000
vn -0.000000 1.000000 0.000000
vn -0.000000 1.000000 0.000000
vn -0.000000 1.000000 0.000000
vn -0.000000 1.000000 0.000000
vn -0.000000 1.000000 0.000000
vn -0.000000 1.000000 0.000000
vn -0.000000 1.000000 0.000000
vn -0.015756 0.999875 0.001376
vn -0.015756 0.999875 0.001376
vn -0.015412 0.999873 0.004042
vn -0.015412 0.999873 0.004042
vn -0.007448 0.999969 0.002691
vn -0.007448 0.999969 0.002691
vn 0.000000 1.000000 0.000000
vn 0.000000 1.000000 0.000000
vn 0.000000 1.000000 0.000000
vn 0.000000 1.000000 0.000000
vn 0.000000 1.000000 0.000000
vn 0.000000 1.000000 0.000000
vn 0.000000 1.000000 0.000000
vn 0.000000 1.000000 0.000000
vn 0.000000 1.000000 0.000000
vn 0.000000 1.000000 0.000000
vn 0.000000 1.000000 0.000000
vn 0.000000 1.000000 0.000000
vn 0.000000 1.000000 0.000000
vn 0.000000 1.000000 0.000000
vn 0.000000 1.000000 0.000000
vn 0.000000 1.000000 0.000000
vn -0.005586 0.999969 0.005586
vn -0.005586 0.999969 0.005586
vn -0.010228 0.999874 0.012122
vn -0.010228 0.999874 0.012122
vn -0.008899 0.999874 0.013160
vn -0.008899 0.999874 0.013160
vn -0.007545 0.999874 0.013958
vn -0.007545 0.999874 0.013958
vn -0.009974 0.999716 0.021642
vn -0.009974 0.999716 0.021642
vn -0.008854 0.999718 0.022040
vn -0.008854 0.999718 0.022040
vn -0.008077 0.999717 0.022352
vn -0.008077 0.999717 0.022352
vn -0.007666 0.999719 0.022438
vn -0.007666 0.999719 0.022438
vn -0.007498 0.999719 0.022494
vn -0.007498 0.999719 0.022494
vn -0.007498 0.999719 0.022494
vn -0.007498 0.999719 0.022494
vn -0.007647 0.999720 0.022380
vn -0.007647 0.999720 0.022380
vn -0.007889 0.999719 0.022352
vn -0.007889 0.999719 0.022352
vn -0.008438 0.999720 0.022127
vn -0.008438 0.999720 0.022127
vn -0.006167 0.999874 0.014600
vn -0.006167 0.999874 0.014600
vn -0.006892 0.999874 0.014286
vn -0.006892 0.999874 0.014286
vn -0.007900 0.999875 0.013669
vn -0.007900 0.999875 0.013669
vn -0.004621 0.999969 0.006432
vn -0.004621 0.999969 0.006432
vn -0.005339 0.999969 0.005842
vn -0.005339 0.999969 0.005842
vn 0.000000 1.000000 0.000000
vn 0.000000 1.000000 0.000000
vn 0.000000 1.000000 0.000000
vn 0.000000 1.000000 0.000000
vn 0.000000 1.000000 0.000000
vn 0.000000 1.000000 0.000000
vn 0.000000 1.000000 0.000000
vn 0.000000 1.000000 0.000000
vn 0.007136 0.999969 -0.003443
vn 0.007136 0.999969 -0.003443
vn 0.007393 0.999969 -0.002819
vn 0.007393 0.999969 -0.002819
vn 0.007594 0.999969 -0.002197
vn 0.007594 0.999969 -0.002197
vn 0.007751 0.999969 -0.001688
vn 0.007751 0.999969 -0.001688
vn 0.007847 0.999968 -0.001193
vn 0.007847 0.999968 -0.001193
vn 0.007872 0.999969 -0.000812
vn 0.007872 0.999969 -0.000812
vn 0.000000 1.000000 0.000000
vn 0.000000 1.000000 0.000000
vn 0.000000 1.000000 0.000000
vn 0.000000 1.000000 0.000000
vn 0.000000 1.000000 0.000000
vn 0.000000 1.000000 0.000000
vn -0.000000 1.000000 0.000000
vn -0.000000 1.000000 0.000000
vn -0.000000 1.000000 0.000000
vn -0.000000 1.000000 0.000000
vn -0.000000 1.000000 0.000000
vn -0.000000 1.000000 0.000000
vn -0.000000 1.000000 0.000000
vn -0.000000 1.000000 0.000000
vn -0.000000 1.000000 0.000000
vn -0.000000 1.000000 0.000000
vn -0.000000 1.000000 0.000000
vn -0.000000 1.000000 0.000000
vn -0.000000 1.000000 0.000000
vn -0.000000 1.000000 0.000000
vn -0.000000 1.000000 0.000000
vn -0.000000 1.000000 0.000000
vn -0.000000 1.000000 0.000000
vn -0.000000 1.000000 0.000000
vn -0.000000 1.000000 0.000000
vn -0.000000 1.000000 0.000000
vn -0.000000 1.000000 0.000000
vn -0.000000 1.000000 0.000000
vn -0.000000 1.000000 0.000000
vn -0.000000 1.000000 0.000000
vn -0.000000 1.000000 0.000000
vn -0.000000 1.000000 0.000000
vn -0.000000 1.000000 0.000000
vn -0.000000 1.000000 0.000000
vn -0.000000 1.000000 0.000000
vn -0.000000 1.000000 0.000000
vn -0.000000 1.000000 0.000000
vn -0.000000 1.000000 0.000000
vn -0.000000 1.000000 0.000000
vn -0.000000 1.000000 0.000000
vn -0.000000 1.000000 0.000000
vn -0.000000 1.000000 0.000000
vn -0.000000 1.000000 0.000000
vn -0.000000 1.000000 0.000000
vn -0.000000 1.000000 0.000000
vn -0.000000 1.000000 0.000000
vn -0.000000 1.000000 0.000000
vn -0.000000 1.000000 0.000000
vn -0.000000 1.000000 0.000000
vn -0.000000 1.000000 0.000000
vn -0.000000 1.000000 0.000000
vn -0.000000 1.000000 0.000000
vn -0.000000 1.000000 0.000000
vn -0.000000 1.000000 0.000000
vn -0.000000 1.000000 0.000000
vn -0.000000 1.000000 0.000000
vn -0.000000 1.000000 0.000000
vn -0.000000 1.000000 0.000000
vn 0.015871 0.999874 0.000000
vn 0.015871 0.999874 0.000000
vn 0.039651 0.999214 0.000000
vn 0.039651 0.999214 0.000000
vn 0.063364 0.997990 0.000000
vn 0.063364 0.997990 0.000000
vn 0.086971 0.996211 0.000000
vn 0.086971 0.996211 0.000000
vn 0.094809 0.995495 0.000000
vn 0.094809 0.995495 0.000000
vn 0.102630 0.994720 0.000000
vn 0.102630 0.994720 0.000000
vn 0.102630 0.994720 0.000000
vn 0.102630 0.994720 0.000000
vn 0.102630 0.994720 0.000000
vn 0.102630 0.994720 0.000000
vn 0.102630 0.994720 0.000000
vn 0.102630 0.994720 0.000000
vn 0.102630 0.994720 0.000000
vn 0.102630 0.994720 0.000000
vn 0.102630 0.994720 0.000000
vn 0.102630 0.994720 0.000000
vn 0.102630 0.994720 0.000000
vn 0.102630 0.994720 0.000000
vn 0.102630 0.994720 0.000000
vn 0.102630 0.994720 0.000000
vn 0.102630 0.994720 0.000000
vn 0.102630 0.994720 0.000000
vn 0.102630 0.994720 0.000000
vn 0.102630 0.994720 0.000000
vn 0.102630 0.994720 0.000000
vn 0.102630 0.994720 0.000000
vn 0.102630 0.994720 0.000000
vn 0.102630 0.994720 0.000000
vn 0.086971 0.996211 0.000000
vn 0.086971 0.996211 0.000000
vn 0.063364 0.997990 0.000000
vn 0.063364 0.997990 0.000000
vn 0.015871 0.999874 0.000000
vn 0.015871 0.999874 0.000000
vn 0.007936 0.999969 0.000000
vn 0.007936 0.999969 0.000000
vn -0.000000 1.000000 0.000000
vn -0.000000 1.000000 0.000000
vn -0.000000 1.000000 0.000000
vn -0.000000 1.000000 0.000000
vn -0.000000 1.000000 0.000000
vn -0.000000 1.000000 0.000000
vn -0.000000 1.000000 0.000000
vn -0.000000 1.000000 0.000000
vn -0.000000 1.000000 0.000000
vn -0.000000 1.000000 0.000000
vn -0.000000 1.000000 0.000000
vn -0.000000 1.000000 0.000000
vn -0.000000 1.000000 0.000000
vn -0.000000 1.000000 0.000000
vn -0.000000 1.000000 0.000000
vn -0.000000 1.000000 0.000000
vn -0.000000 1.000000 0.000000
vn -0.000000 1.000000 0.000000
vn -0.000000 1.000000 0.000000
vn -0.000000 1.000000 0.000000
vn -0.000000 1.000000 0.000000
vn -0.000000 1.000000 0.000000
vn -0.000000 1.000000 0.000000
vn -0.000000 1.000000 0.000000
vn -0.000000 1.000000 0.000000
vn -0.000000 1.000000 0.000000
vn -0.000000 1.000000 0.000000
vn -0.000000 1.000000 0.000000
vn -0.000000 1.000000 0.000000
vn -0.000000 1.000000 0.000000
vn -0.000000 1.000000 0.000000
vn -0.000000 1.000000 0.000000
vn -0.000000 1.000000 0.000000
vn -0.000000 1.000000 0.000000
vn -0.000000 1.000000 0.000000
vn -0.000000 1.000000 0.000000
vn -0.000000 1.000000 0.000000
vn -0.000000 1.000000 0.000000
vn -0.000000 1.000000 0.000000
vn -0.000000 1.000000 0.000000
vn -0.000000 1.000000 0.000000
vn -0.000000 1.000000 0.000000
vn -0.000000 1.000000 0.000000
vn -0.000000 1.000000 0.000000
vn -0.000000 1.000000 0.000000
vn -0.000000 1.000000 0.000000
vn -0.000000 1.000000 0.000000
vn -0.000000 1.000000 0.000000
vn 0.007936 0.999937 0.007936
vn 0.007936 0.999937 0.007936
vn 0.007935 0.999843 0.015871
vn 0.007935 0.999843 0.015871
vn 0.007934 0.999685 0.023802
vn 0.007934 0.999685 0.023802
vn 0.007930 0.999182 0.039650
vn 0.007930 0.999182 0.039650
vn 0.007924 0.998429 0.055468
vn 0.007924 0.998429 0.055468
vn 0.007920 0.997959 0.063362
vn 0.007920 0.997959 0.063362
vn -0.001131 0.997459 0.071238
vn -0.001131 0.997459 0.071238
vn -0.003137 0.996866 0.079042
vn -0.003137 0.996866 0.079042
vn -0.003446 0.996217 0.086835
vn -0.003446 0.996217 0.086835
vn -0.012025 0.996180 0.086491
vn -0.012025 0.996180 0.086491
vn -0.021923 0.996091 0.085568
vn -0.021923 0.996091 0.085568
vn -0.024630 0.996035 0.085484
vn -0.024630 0.996035 0.085484
vn -0.035861 0.995900 0.083049
vn -0.035861 0.995900 0.083049
vn -0.048275 0.995614 0.080145
vn -0.048275 0.995614 0.080145
vn -0.060526 0.995327 0.075235
vn -0.060526 0.995327 0.075235
vn -0.066207 0.995292 0.070783
vn -0.066207 0.995292 0.070783
vn -0.079523 0.994886 0.062271
vn -0.079523 0.994886 0.062271
vn -0.092114 0.994434 0.051154
vn -0.092114 0.994434 0.051154
vn -0.104738 0.993814 0.036929
vn -0.104738 0.993814 0.036929
vn -0.107682 0.993849 0.025849
vn -0.107682 0.993849 0.025849
vn -0.115059 0.993329 0.007712
vn -0.115059 0.993329 0.007712
vn -0.115505 0.993294 -0.004978
vn -0.115505 0.993294 -0.004978
vn -0.114476 0.993300 -0.015851
vn -0.114476 0.993300 -0.015851
vn -0.111944 0.993390 -0.025399
vn -0.111944 0.993390 -0.025399
vn -0.109762 0.993379 -0.033908
vn -0.109762 0.993379 -0.033908
vn -0.106534 0.993436 -0.041660
vn -0.106534 0.993436 -0.041660
vn -0.103881 0.993484 -0.046894
vn -0.103881 0.993484 -0.046894
vn -0.100653 0.993571 -0.051821
vn -0.100653 0.993571 -0.051821
vn -0.097242 0.994062 -0.048839
vn -0.097242 0.994062 -0.048839
vn -0.095001 0.994106 -0.052223
vn -0.095001 0.994106 -0.052223
vn -0.093201 0.994128 -0.054983
vn -0.093201 0.994128 -0.054983
vn -0.090940 0.994162 -0.058069
vn -0.090940 0.994162 -0.058069
vn -0.089691 0.994101 -0.060982
vn -0.089691 0.994101 -0.060982
vn -0.088276 0.994138 -0.062419
vn -0.088276 0.994138 -0.062419
vn -0.086790 0.994137 -0.064497
vn -0.086790 0.994137 -0.064497
vn -0.085911 0.994614 -0.057984
vn -0.085911 0.994614 -0.057984
vn -0.084423 0.994585 -0.060615
vn -0.084423 0.994585 -0.060615
vn -0.082373 0.994643 -0.062449
vn -0.082373 0.994643 -0.062449
vn -0.080655 0.994553 -0.066019
vn -0.080655 0.994553 -0.066019
vn -0.077547 0.994579 -0.069279
vn -0.077547 0.994579 -0.069279
vn -0.074796 0.994566 -0.072412
vn -0.074796 0.994566 -0.072412
vn -0.070964 0.994559 -0.076260
vn -0.070964 0.994559 -0.076260
vn -0.068825 0.994977 -0.072691
vn -0.068825 0.994977 -0.072691
vn -0.064509 0.994904 -0.077486
vn -0.064509 0.994904 -0.077486
vn -0.058041 0.994932 -0.082106
vn -0.058041 0.994932 -0.082106
vn -0.054942 0.995248 -0.080396
vn -0.054942 0.995248 -0.080396
vn -0.046728 0.995221 -0.085742
vn -0.046728 0.995221 -0.085742
vn -0.043134 0.995526 -0.084073
vn -0.043134 0.995526 -0.084073
vn -0.039468 0.995798 -0.082638
vn -0.039468 0.995798 -0.082638
vn -0.036471 0.996008 -0.081478
vn -0.036471 0.996008 -0.081478
vn -0.028049 0.995978 -0.085089
vn -0.028049 0.995978 -0.085089
vn -0.016650 0.996648 -0.080095
vn -0.016650 0.996648 -0.080095
vn -0.007224 0.997279 -0.073370
vn -0.007224 0.997279 -0.073370
vn -0.000375 0.997829 -0.065864
vn -0.000375 0.997829 -0.065864
vn -0.002826 0.998416 -0.056200
vn -0.002826 0.998416 -0.056200
vn 0.002185 0.999184 -0.040334
vn 0.002185 0.999184 -0.040334
vn 0.005392 0.999682 -0.024639
vn 0.005392 0.999682 -0.024639
vn -0.001127 0.999875 -0.015773
vn -0.001127 0.999875 -0.015773
vn -0.000314 0.999969 -0.007919
vn -0.000314 0.999969 -0.007919
vn 0.000000 1.000000 -0.000000
vn 0.000000 1.000000 -0.000000
vn 0.000000 1.000000 -0.000000
vn 0.000000 1.000000 -0.000000
vn 0.000000 1.000000 -0.000000
vn 0.000000 1.000000 -0.000000
vn 0.000000 1.000000 -0.000000
vn 0.000000 1.000000 -0.000000
vn 0.000000 1.000000 -0.000000
vn 0.000000 1.000000 -0.000000
vn 0.000000 1.000000 -0.000000
vn 0.000000 1.000000 -0.000000
vn 0.000000 1.000000 -0.000000
vn 0.000000 1.000000 -0.000000
vn 0.000000 1.000000 -0.000000
vn 0.000000 1.000000 -0.000000
vn 0.000000 1.000000 -0.000000
vn 0.000000 1.000000 -0.000000
vn 0.000000 1.000000 -0.000000
vn 0.000000 1.000000 -0.000000
vn 0.000000 1.000000 -0.000000
vn 0.000000 1.000000 -0.000000
vn 0.000000 1.000000 -0.000000
vn 0.000000 1.000000 -0.000000
vn 0.000000 1.000000 -0.000000
vn 0.000000 1.000000 -0.000000
vn 0.000000 1.000000 -0.000000
vn 0.000000 1.000000 -0.000000
vn 0.000000 1.000000 -0.000000
vn 0.000000 1.000000 -0.000000
vn 0.000000 1.000000 -0.000000
vn 0.000000 1.000000 -0.000000
vn 0.000000 1.000000 -0.000000
vn 0.000000 1.000000 -0.000000
vn 0.000000 1.000000 -0.000000
vn 0.000000 1.000000 -0.000000
vn 0.000000 1.000000 -0.000000
vn 0.000000 1.000000 -0.000000
vn 0.000000 1.000000 -0.000000
vn 0.000000 1.000000 -0.000000
vn 0.000000 1.000000 -0.000000
vn 0.000000 1.000000 -0.000000
vn 0.000000 1.000000 -0.000000
vn 0.000000 1.000000 -0.000000
vn 0.000000 1.000000 -0.000000
vn 0.000000 1.000000 -0.000000
vn 0.000000 1.000000 -0.000000
vn 0.000000 1.000000 -0.000000
vn 0.000000 1.000000 -0.000000
vn 0.000000 1.000000 -0.000000
vn 0.000000 1.000000 -0.000000
vn 0.000000 1.000000 -0.000000
vn 0.000000 1.000000 -0.000000
vn 0.000000 1.000000 -0.000000
vn 0.000000 1.000000 -0.000000
vn 0.000000 1.000000 -0.000000
vn 0.000000 1.000000 -0.000000
vn 0.000000 1.000000 -0.000000
vn 0.000000 1.000000 -0.000000
vn 0.000000 1.000000 -0.000000
vn 0.000000 1.000000 -0.000000
vn 0.000000 1.000000 -0.000000
vn 0.000000 1.000000 -0.000000
vn 0.000000 1.000000 -0.000000
vn 0.000000 1.000000 -0.000000
vn 0.000000 1.000000 -0.000000
vn 0.000000 1.000000 -0.000000
vn 0.000000 1.000000 -0.000000
vn 0.000000 1.000000 -0.000000
vn 0.000000 1.000000 -0.000000
vn 0.000000 1.000000 -0.000000
vn 0.000000 1.000000 -0.000000
vn 0.000000 1.000000 -0.000000
vn 0.000000 1.000000 -0.000000
vn 0.000000 1.000000 -0.000000
vn 0.000000 1.000000 -0.000000
vn 0.000000 1.000000 -0.000000
vn 0.000000 1.000000 -0.000000
vn 0.000000 1.000000 -0.000000
vn 0.000000 1.000000 -0.000000
vn 0.000000 1.000000 -0.000000
vn 0.000000 1.000000 -0.000000
vn 0.000000 1.000000 -0.000000
vn 0.000000 1.000000 -0.000000
vn 0.000000 1.000000 -0.000000
vn 0.000000 1.000000 -0.000000
vn 0.000000 1.000000 -0.000000
vn 0.000000 1.000000 -0.000000
vn 0.000000 1.000000 -0.000000
vn 0.000000 1.000000 -0.000000
vn 0.000000 1.000000 0.000000
vn 0.000000 1.000000 0.000000
vn 0.000000 1.000000 0.000000
vn 0.000000 1.000000 0.000000
vn 0.000000 1.000000 0.000000
vn 0.000000 1.000000 0.000000
vn 0.000000 1.000000 0.000000
vn 0.000000 1.000000 0.000000
vn 0.000000 1.000000 0.000000
vn 0.000000 1.000000 0.000000
vn 0.000000 1.000000 0.000000
vn 0.000000 1.000000 0.000000
vn 0.000000 1.000000 0.000000
vn 0.000000 1.000000 0.000000
vn 0.000000 1.000000 0.000000
vn 0.000000 1.000000 0.000000
vn 0.000000 1.000000 0.000000
vn 0.000000 1.000000 0.000000
vn 0.000000 1.000000 0.000000
vn 0.000000 1.000000 0.000000
vn 0.000000 1.000000 0.000000
vn 0.000000 1.000000 0.000000
vn 0.000000 1.000000 0.000000
vn 0.000000 1.000000 0.000000
vn 0.000000 1.000000 0.000000
vn 0.000000 1.000000 0.000000
vn 0.000000 1.000000 0.000000
vn 0.000000 1.000000 0.000000
vn 0.000000 1.000000 0.000000
vn 0.000000 1.000000 0.000000
vn 0.001668 0.999967 -0.007956
vn 0.001668 0.999967 -0.007956
vn 0.007984 0.999873 -0.013813
vn 0.007984 0.999873 -0.013813
vn 0.009319 0.999874 -0.012845
vn 0.009319 0.999874 -0.012845
vn 0.009319 0.999874 -0.012845
vn 0.009319 0.999874 -0.012845
vn 0.009373 0.999875 -0.012747
vn 0.009373 0.999875 -0.012747
vn 0.009512 0.999875 -0.012642
vn 0.009512 0.999875 -0.012642
vn 0.009512 0.999875 -0.012642
vn 0.009512 0.999875 -0.012642
vn 0.009527 0.999874 -0.012661
vn 0.009527 0.999874 -0.012661
vn 0.014564 0.999720 -0.018672
vn 0.014564 0.999720 -0.018672
vn 0.014879 0.999719 -0.018458
vn 0.014879 0.999719 -0.018458
vn 0.015227 0.999718 -0.018235
vn 0.015227 0.999718 -0.018235
vn 0.015442 0.999717 -0.018079
vn 0.015442 0.999717 -0.018079
vn 0.015863 0.999717 -0.017751
vn 0.015863 0.999717 -0.017751
vn 0.016269 0.999716 -0.017404
vn 0.016269 0.999716 -0.017404
vn 0.016662 0.999719 -0.016849
vn 0.016662 0.999719 -0.016849
vn 0.022817 0.999502 -0.021814
vn 0.022817 0.999502 -0.021814
vn 0.023618 0.999498 -0.021106
vn 0.023618 0.999498 -0.021106
vn 0.024235 0.999501 -0.020237
vn 0.024235 0.999501 -0.020237
vn 0.031684 0.999214 -0.023842
vn 0.031684 0.999214 -0.023842
vn 0.032778 0.999212 -0.022377
vn 0.032778 0.999212 -0.022377
vn 0.033914 0.999216 -0.020411
vn 0.033914 0.999216 -0.020411
vn 0.042063 0.998878 -0.021783
vn 0.042063 0.998878 -0.021783
vn 0.043801 0.998862 -0.018880
vn 0.043801 0.998862 -0.018880
vn 0.044810 0.998876 -0.015439
vn 0.044810 0.998876 -0.015439
vn 0.053926 0.998451 -0.013702
vn 0.053926 0.998451 -0.013702
vn 0.054860 0.998456 -0.008778
vn 0.054860 0.998456 -0.008778
vn 0.047458 0.998867 -0.003390
vn 0.047458 0.998867 -0.003390
vn 0.055470 0.998460 -0.000440
vn 0.055470 0.998460 -0.000440
vn 0.055470 0.998460 -0.000000
vn 0.055470 0.998460 -0.000000
vn 0.055470 0.998460 -0.000000
vn 0.055470 0.998460 -0.000000
vn 0.055470 0.998460 -0.000000
vn 0.055470 0.998460 -0.000000
vn 0.055467 0.998460 0.000440
vn 0.055467 0.998460 0.000440
vn 0.031728 0.999497 0.000252
vn 0.031728 0.999497 0.000252
vn 0.031728 0.999497 0.000252
vn 0.031728 0.999497 0.000252
vn 0.031730 0.999496 -0.000000
vn 0.031730 0.999496 -0.000000
vn 0.015871 0.999874 -0.000000
vn 0.015871 0.999874 -0.000000
vn 0.015871 0.999874 -0.000000
vn 0.015871 0.999874 -0.000000
vn 0.015871 0.999874 -0.000000
vn 0.015871 0.999874 -0.000000
vn 0.015871 0.999874 -0.000000
vn 0.015871 0.999874 -0.000000
vn 0.015871 0.999874 -0.000000
vn 0.015871 0.999874 -0.000000
vn 0.007936 0.999969 -0.000000
vn 0.007936 0.999969 -0.000000
vn 0.000000 1.000000 -0.000000
vn 0.000000 1.000000 -0.000000
vn 0.000000 1.000000 -0.000000
vn 0.000000 1.000000 -0.000000
vn 0.000000 1.000000 -0.000000
vn 0.000000 1.000000 -0.000000
vn 0.000000 1.000000 -0.000000
vn 0.000000 1.000000 -0.000000
vn 0.000000 1.000000 -0.000000
vn 0.000000 1.000000 -0.000000
vn 0.000000 1.000000 -0.000000
vn 0.000000 1.000000 -0.000000
vn 0.000000 1.000000 -0.000000
vn 0.000000 1.000000 -0.000000
vn 0.000000 1.000000 -0.000000
vn 0.000000 1.000000 -0.000000
vn 0.000000 1.000000 0.000000
vn 0.000000 1.000000 0.000000
vn 0.000000 1.000000 0.000000
vn 0.000000 1.000000 0.000000
vn 0.000000 1.000000 0.000000
vn 0.000000 1.000000 0.000000
vn 0.000000 1.000000 0.000000
vn 0.000000 1.000000 0.000000
vn 0.000000 1.000000 0.000000
vn 0.000000 1.000000 0.000000
vn 0.000000 1.000000 0.000000
vn 0.000000 1.000000 0.000000
vn 0.000000 1.000000 0.000000
vn 0.000000 1.000000 0.000000
vn 0.000000 1.000000 0.000000
vn 0.000000 1.000000 0.000000
vn 0.000000 1.000000 0.000000
vn 0.000000 1.000000 0.000000
vn 0.000000 1.000000 0.000000
vn 0.000000 1.000000 0.000000
vn 0.000000 1.000000 0.000000
vn 0.000000 1.000000 0.000000
vn 0.000000 1.000000 0.000000
vn 0.000000 1.000000 0.000000
vn 0.000000 1.000000 0.000000
vn 0.000000 1.000000 0.000000
vn 0.000000 1.000000 0.000000
vn 0.000000 1.000000 0.000000
vn 0.000000 1.000000 0.000000
vn 0.000000 1.000000 0.000000
vn 0.000000 1.000000 -0.000000
vn 0.000000 1.000000 -0.000000
vn 0.000000 1.000000 -0.000000
vn 0.000000 1.000000 -0.000000
vn 0.000000 1.000000 -0.000000
vn 0.000000 1.000000 -0.000000
vn 0.000000 1.000000 -0.000000
vn 0.000000 1.000000 -0.000000
vn 0.000000 1.000000 -0.000000
vn 0.000000 1.000000 -0.000000
vn 0.000000 1.000000 -0.000000
vn 0.000000 1.000000 -0.000000
vn 0.000000 1.000000 -0.000000
vn 0.000000 1.000000 -0.000000
vn 0.000000 1.000000 -0.000000
vn 0.000000 1.000000 -0.000000
vn 0.000000 1.000000 -0.000000
vn 0.000000 1.000000 -0.000000
vn 0.000000 1.000000 -0.000000
vn 0.000000 1.000000 -0.000000
vn 0.000000 1.000000 -0.000000
vn 0.000000 1.000000 -0.000000
vn 0.000000 1.000000 -0.000000
vn 0.000000 1.000000 -0.000000
vn 0.000000 1.000000 -0.000000
vn 0.000000 1.000000 -0.000000
vn 0.000000 1.000000 -0.000000
vn 0.000000 1.000000 -0.000000
vn 0.000000 1.000000 -0.000000
vn 0.000000 1.000000 -0.000000
vn 0.000000 1.000000 -0.000000
vn 0.000000 1.000000 -0.000000
vn 0.000000 1.000000 -0.000000
vn 0.000000 1.000000 -0.000000
vn 0.000000 1.000000 -0.000000
vn 0.000000 1.000000 -0.000000
vn 0.000000 1.000000 -0.000000
vn 0.000000 1.000000 -0.000000
vn 0.000000 1.000000 -0.000000
vn 0.000000 1.000000 -0.000000
vn 0.000000 1.000000 -0.000000
vn 0.000000 1.000000 -0.000000
vn 0.000000 1.000000 -0.000000
vn 0.000000 1.000000 -0.000000
vn 0.000000 1.000000 -0.000000
vn 0.000000 1.000000 -0.000000
vn 0.000000 1.000000 -0.000000
vn 0.000000 1.000000 -0.000000
vn 0.000000 1.000000 -0.000000
vn 0.000000 1.000000 -0.000000
vn 0.000000 1.000000 -0.000000
vn 0.000000 1.000000 -0.000000
vn -0.023803 0.999717 0.000000
vn -0.023803 0.999717 0.000000
vn -0.079116 0.996865 0.000000
vn -0.079116 0.996865 0.000000
vn -0.079116 0.996865 0.000000
vn -0.079116 0.996865 0.000000
vn -0.079116 0.996865 0.000000
vn -0.079116 0.996865 0.000000
vn -0.079116 0.996865 0.000000
vn -0.079116 0.996865 0.000000
vn -0.079116 0.996865 0.000000
vn -0.079116 0.996865 0.000000
vn -0.063364 0.997990 0.000000
vn -0.063364 0.997990 0.000000
vn 0.000000 1.000000 -0.000000
vn 0.000000 1.000000 -0.000000
vn 0.000000 1.000000 -0.000000
vn 0.000000 1.000000 -0.000000
vn 0.000000 1.000000 -0.000000
vn 0.000000 1.000000 -0.000000
vn 0.000000 1.000000 -0.000000
vn 0.000000 1.000000 -0.000000
vn 0.000000 1.000000 -0.000000
vn 0.000000 1.000000 -0.000000
vn 0.000000 1.000000 -0.000000
vn 0.000000 1.000000 -0.000000
vn 0.000000 1.000000 -0.000000
vn 0.000000 1.000000 -0.000000
vn 0.000000 1.000000 -0.000000
vn 0.000000 1.000000 -0.000000
vn 0.000000 1.000000 -0.000000
vn 0.000000 1.000000 -0.000000
vn 0.000000 1.000000 -0.000000
vn 0.000000 1.000000 -0.000000
vn 0.000000 1.000000 -0.000000
vn 0.000000 1.000000 -0.000000
vn 0.000000 1.000000 -0.000000
vn 0.000000 1.000000 -0.000000
vn 0.000000 1.000000 -0.000000
vn 0.000000 1.000000 -0.000000
vn 0.000000 1.000000 -0.000000
vn 0.000000 1.000000 -0.000000
vn 0.000000 1.000000 -0.000000
vn 0.000000 1.000000 -0.000000
vn 0.000000 1.000000 -0.000000
vn 0.000000 1.000000 -0.000000
vn 0.000000 1.000000 -0.000000
vn 0.000000 1.000000 -0.000000
vn 0.000000 1.000000 -0.000000
vn 0.000000 1.000000 -0.000000
vn 0.000000 1.000000 -0.000000
vn 0.000000 1.000000 -0.000000
vn 0.000000 1.000000 -0.000000
vn 0.000000 1.000000 -0.000000
vn 0.000000 1.000000 -0.000000
vn 0.000000 1.000000 -0.000000
vn 0.000000 1.000000 -0.000000
vn 0.000000 1.000000 -0.000000
vn 0.000000 1.000000 -0.000000
vn 0.000000 1.000000 -0.000000
vn 0.000000 1.000000 -0.000000
vn 0.000000 1.000000 -0.000000
vn 0.000000 1.000000 -0.000000
vn 0.000000 1.000000 -0.000000
vn 0.000000 1.000000 -0.000000
vn 0.000000 1.000000 -0.000000
vn 0.000000 1.000000 -0.000000
vn 0.000000 1.000000 -0.000000
vn 0.000000 1.000000 -0.000000
vn 0.000000 1.000000 -0.000000
vn 0.000000 1.000000 -0.000000
vn 0.000000 1.000000 -0.000000
vn 0.000000 1.000000 -0.000000
vn 0.000000 1.000000 -0.000000
vn 0.000000 1.000000 0.000000
vn 0.000000 1.000000 0.000000
vn 0.000000 1.000000 0.000000
vn 0.000000 1.000000 0.000000
vn 0.000000 1.000000 0.000000
vn 0.000000 1.000000 0.000000
vn 0.000000 1.000000 0.000000
vn 0.000000 1.000000 0.000000
vn 0.000000 1.000000 0.000000
vn 0.000000 1.000000 0.000000
vn 0.000000 1.000000 0.000000
vn 0.000000 1.000000 0.000000
vn 0.000000 1.000000 0.000000
vn 0.000000 1.000000 0.000000
vn 0.000000 1.000000 0.000000
vn 0.000000 1.000000 0.000000
vn 0.000000 1.000000 0.000000
vn 0.000000 1.000000 0.000000
vn 0.000000 1.000000 0.000000
vn 0.000000 1.000000 0.000000
vn 0.000000 1.000000 0.000000
vn 0.000000 1.000000 0.000000
vn 0.000000 1.000000 0.000000
vn 0.000000 1.000000 0.000000
vn 0.000000 1.000000 0.000000
vn 0.000000 1.000000 0.000000
vn 0.000000 1.000000 0.000000
vn 0.000000 1.000000 0.000000
vn 0.000000 1.000000 0.000000
vn 0.000000 1.000000 0.000000
vn 0.000000 1.000000 0.000000
vn 0.000000 1.000000 0.000000
vn 0.000000 1.000000 0.000000
vn 0.000000 1.000000 0.000000
vn 0.000000 1.000000 0.000000
vn 0.000000 1.000000 0.000000
vn 0.000000 1.000000 0.000000
vn 0.000000 1.000000 0.000000
vn 0.000000 1.000000 0.000000
vn 0.000000 1.000000 0.000000
vn -0.000000 1.000000 0.000000
vn -0.000000 1.000000 0.000000
vn -0.000000 1.000000 0.000000
vn -0.000000 1.000000 0.000000
vn -0.000000 1.000000 0.000000
vn -0.000000 1.000000 0.000000
vn -0.000000 1.000000 0.000000
vn -0.000000 1.000000 0.000000
vn -0.000000 1.000000 0.000000
vn -0.000000 1.000000 0.000000
vn -0.000000 1.000000 0.000000
vn -0.000000 1.000000 0.000000
vn -0.000000 1.000000 0.000000
vn -0.000000 1.000000 0.000000
vn -0.000000 1.000000 0.000000
vn -0.000000 1.000000 0.000000
vn -0.000000 1.000000 0.000000
vn -0.000000 1.000000 0.000000
vn -0.000000 1.000000 0.000000
vn -0.000000 1.000000 0.000000
vn -0.000000 1.000000 0.000000
vn -0.000000 1.000000 0.000000
vn -0.000000 1.000000 0.000000
vn -0.000000 1.000000 0.000000
vn -0.000000 1.000000 0.000000
vn -0.000000 1.000000 0.000000
vn 0.000000 1.000000 0.000000
vn 0.000000 1.000000 0.000000
vn 0.000000 1.000000 0.000000
vn 0.000000 1.000000 0.000000
vn 0.000000 1.000000 0.000000
vn 0.000000 1.000000 0.000000
vn 0.000000 1.000000 0.000000
vn 0.000000 1.000000 0.000000
vn 0.000000 1.000000 0.000000
vn 0.000000 1.000000 0.000000
vn 0.000000 1.000000 0.000000
vn 0.000000 1.000000 0.000000
vn 0.000000 1.000000 0.000000
vn 0.000000 1.000000 0.000000
vn 0.000000 1.000000 0.000000
vn 0.000000 1.000000 0.000000
vn 0.000000 1.000000 0.000000
vn 0.000000 1.000000 0.000000
vn 0.000000 1.000000 0.000000
vn 0.000000 1.000000 0.000000
vn 0.000000 1.000000 0.000000
vn 0.000000 1.000000 0.000000
vn 0.000000 1.000000 0.000000
vn 0.000000 1.000000 0.000000
vn 0.000000 1.000000 0.000000
vn 0.000000 1.000000 0.000000
vn 0.000000 1.000000 0.000000
vn 0.000000 1.000000 0.000000
vn 0.000000 1.000000 0.000000
vn 0.000000 1.000000 0.000000
vn 0.000000 1.000000 -0.000000
vn 0.000000 1.000000 -0.000000
vn 0.000000 1.000000 -0.000000
vn 0.000000 1.000000 -0.000000
vn 0.007040 0.999969 -0.003646
vn 0.007040 0.999969 -0.003646
vn 0.049482 0.998463 -0.024960
vn 0.049482 0.998463 -0.024960
vn 0.063780 0.997463 -0.031608
vn 0.063780 0.997463 -0.031608
vn 0.063780 0.997463 -0.031608
vn 0.063780 0.997463 -0.031608
vn 0.063780 0.997463 -0.031608
vn 0.063780 0.997463 -0.031608
vn 0.063780 0.997463 -0.031608
vn 0.063780 0.997463 -0.031608
vn 0.063780 0.997463 -0.031608
vn 0.063780 0.997463 -0.031608
vn 0.063780 0.997463 -0.031608
vn 0.063780 0.997463 -0.031608
vn 0.063780 0.997463 -0.031608
vn 0.063780 0.997463 -0.031608
vn 0.063780 0.997463 -0.031608
vn 0.063780 0.997463 -0.031608
vn 0.063780 0.997463 -0.031608
vn 0.063780 0.997463 -0.031608
vn 0.063780 0.997463 -0.031608
vn 0.063780 0.997463 -0.031608
vn 0.063780 0.997463 -0.031608
vn 0.063780 0.997463 -0.031608
vn 0.063780 0.997463 -0.031608
vn 0.063780 0.997463 -0.031608
vn 0.063780 0.997463 -0.031608
vn 0.063780 0.997463 -0.031608
vn 0.063780 0.997463 -0.031608
vn 0.063780 0.997463 -0.031608
vn 0.050726 0.998464 -0.022302
vn 0.050726 0.998464 -0.022302
vn 0.000000 1.000000 -0.000000
vn 0.000000 1.000000 -0.000000
vn 0.000000 1.000000 -0.000000
vn 0.000000 1.000000 -0.000000
vn 0.000000 1.000000 -0.000000
vn 0.000000 1.000000 -0.000000
vn 0.000000 1.000000 -0.000000
vn 0.000000 1.000000 -0.000000
vn 0.000000 1.000000 -0.000000
vn 0.000000 1.000000 -0.000000
vn 0.000000 1.000000 -0.000000
vn 0.000000 1.000000 -0.000000
vn 0.000000 1.000000 -0.000000
vn 0.000000 1.000000 -0.000000
vn 0.000000 1.000000 -0.000000
vn 0.000000 1.000000 -0.000000
vn 0.000000 1.000000 -0.000000
vn 0.000000 1.000000 -0.000000
vn 0.000000 1.000000 -0.000000
vn 0.000000 1.000000 -0.000000
vn 0.000000 1.000000 -0.000000
vn 0.000000 1.000000 -0.000000
vn 0.000000 1.000000 -0.000000
vn 0.000000 1.000000 -0.000000
vn 0.000000 1.000000 0.000000
vn 0.000000 1.000000 0.000000
vn 0.000000 1.000000 0.000000
vn 0.000000 1.000000 0.000000
vn 0.000000 1.000000 0.000000
vn 0.000000 1.000000 0.000000
vn 0.000000 1.000000 0.000000
vn 0.000000 1.000000 0.000000
vn 0.000000 1.000000 -0.000000
vn 0.000000 1.000000 -0.000000
vn 0.000000 1.000000 -0.000000
vn 0.000000 1.000000 -0.000000
vn 0.000000 1.000000 -0.000000
vn 0.000000 1.000000 -0.000000
vn 0.000000 1.000000 -0.000000
vn 0.000000 1.000000 -0.000000
vn 0.000000 1.000000 -0.000000
vn 0.000000 1.000000 -0.000000
vn 0.000000 1.000000 -0.000000
vn 0.000000 1.000000 -0.000000
vn 0.000000 1.000000 -0.000000
vn 0.000000 1.000000 -0.000000
vn 0.000000 1.000000 -0.000000
vn 0.000000 1.000000 -0.000000
vn 0.000000 1.000000 -0.000000
vn 0.000000 1.000000 -0.000000
vn 0.000000 1.000000 -0.000000
vn 0.000000 1.000000 -0.000000
vn 0.000000 1.000000 -0.000000
vn 0.000000 1.000000 -0.000000
vn 0.000000 1.000000 -0.000000
vn 0.000000 1.000000 -0.000000
vn 0.000000 1.000000 -0.000000
vn 0.000000 1.000000 -0.000000
vn 0.000000 1.000000 -0.000000
vn 0.000000 1.000000 -0.000000
vn 0.000000 1.000000 -0.000000
vn 0.000000 1.000000 -0.000000
vn 0.000000 1.000000 -0.000000
vn 0.000000 1.000000 -0.000000
vn 0.000000 1.000000 -0.000000
vn 0.000000 1.000000 -0.000000
vn 0.000000 1.000000 -0.000000
vn 0.000000 1.000000 -0.000000
vn 0.000000 1.000000 -0.000000
vn 0.000000 1.000000 -0.000000
vn 0.000000 1.000000 -0.000000
vn 0.000000 1.000000 -0.000000
vn 0.000000 1.000000 -0.000000
vn 0.000000 1.000000 -0.000000
vn 0.000000 1.000000 -0.000000
vn 0.000000 1.000000 -0.000000
vn 0.000000 1.000000 -0.000000
vn 0.000000 1.000000 -0.000000
vn 0.000000 1.000000 -0.000000
vn 0.000000 1.000000 -0.000000
vn 0.000000 1.000000 -0.000000
vn 0.000000 1.000000 -0.000000
vn 0.000000 1.000000 -0.000000
vn 0.000000 1.000000 -0.000000
vn 0.000000 1.000000 -0.000000
vn 0.000000 1.000000 -0.000000
vn 0.000000 1.000000 -0.000000
vn 0.000000 1.000000 -0.000000
vn 0.000000 1.000000 -0.000000
vn 0.000000 1.000000 -0.000000
vn 0.000000 1.000000 0.000000
vn 0.000000 1.000000 0.000000
vn 0.000000 1.000000 0.000000
vn 0.000000 1.000000 0.000000
vn 0.000000 1.000000 0.000000
vn 0.000000 1.000000 0.000000
vn 0.000000 1.000000 0.000000
vn 0.000000 1.000000 0.000000
vn 0.000000 1.000000 0.000000
vn 0.000000 1.000000 0.000000
vn 0.000000 1.000000 0.000000
vn 0.000000 1.000000 0.000000
vn 0.000000 1.000000 0.000000
vn 0.000000 1.000000 0.000000
vn 0.000000 1.000000 -0.000000
vn 0.000000 1.000000 -0.000000
vn 0.000000 1.000000 -0.000000
vn 0.000000 1.000000 -0.000000
vn 0.000000 1.000000 -0.000000
vn 0.000000 1.000000 -0.000000
vn 0.000000 1.000000 -0.000000
vn 0.000000 1.000000 -0.000000
vn 0.000000 1.000000 -0.000000
vn 0.000000 1.000000 -0.000000
vn 0.000000 1.000000 -0.000000
vn 0.000000 1.000000 -0.000000
vn 0.000000 1.000000 -0.000000
vn 0.000000 1.000000 -0.000000
vn 0.000000 1.000000 -0.000000
vn 0.000000 1.000000 -0.000000
vn 0.000000 1.000000 -0.000000
vn 0.000000 1.000000 -0.000000
vn 0.000000 1.000000 -0.000000
vn 0.000000 1.000000 -0.000000
vn 0.000000 1.000000 -0.000000
vn 0.000000 1.000000 -0.000000
vn 0.000000 1.000000 -0.000000
vn 0.000000 1.000000 -0.000000
vn 0.000000 1.000000 -0.000000
vn 0.000000 1.000000 -0.000000
vn 0.000000 1.000000 -0.000000
vn 0.000000 1.000000 -0.000000
vn 0.000000 1.000000 -0.000000
vn 0.000000 1.000000 -0.000000
vn 0.000000 1.000000 -0.000000
vn 0.000000 1.000000 -0.000000
vn 0.000000 1.000000 -0.000000
vn 0.000000 1.000000 -0.000000
vn 0.000000 1.000000 -0.000000
vn 0.000000 1.000000 -0.000000
vn 0.000000 1.000000 -0.000000
vn 0.000000 1.000000 -0.000000
vn 0.000000 1.000000 -0.000000
vn 0.000000 1.000000 -0.000000
vn 0.000000 1.000000 -0.000000
vn 0.000000 1.000000 -0.000000
vn 0.000000 1.000000 -0.000000
vn 0.000000 1.000000 -0.000000
vn 0.000000 1.000000 -0.000000
vn 0.000000 1.000000 -0.000000
vn 0.000000 1.000000 -0.000000
vn 0.000000 1.000000 -0.000000
vn 0.000000 1.000000 -0.000000
vn 0.000000 1.000000 -0.000000
vn 0.000000 1.000000 -0.000000
vn 0.000000 1.000000 -0.000000
vn 0.015871 0.999874 -0.000000
vn 0.015871 0.999874 -0.000000
vn 0.071247 0.997459 -0.000000
vn 0.071247 0.997459 -0.000000
vn 0.086971 0.996211 -0.000000
vn 0.086971 0.996211 -0.000000
vn 0.102630 0.994720 -0.000000
vn 0.102630 0.994720 -0.000000
vn 0.102630 0.994720 -0.000000
vn 0.102630 0.994720 -0.000000
vn 0.094809 0.995495 -0.000000
vn 0.094809 0.995495 -0.000000
vn 0.071247 0.997459 -0.000000
vn 0.071247 0.997459 -0.000000
vn 0.047565 0.998868 -0.000000
vn 0.047565 0.998868 -0.000000
vn 0.007936 0.999969 -0.000000
vn 0.007936 0.999969 -0.000000
vn 0.000000 1.000000 -0.000000
vn 0.000000 1.000000 -0.000000
vn 0.000000 1.000000 -0.000000
vn 0.000000 1.000000 -0.000000
vn 0.000000 1.000000 -0.000000
vn 0.000000 1.000000 -0.000000
vn 0.000000 1.000000 -0.000000
vn 0.000000 1.000000 -0.000000
vn 0.000000 1.000000 -0.000000
vn 0.000000 1.000000 -0.000000
vn 0.000000 1.000000 -0.000000
vn 0.000000 1.000000 -0.000000
vn 0.000000 1.000000 -0.000000
vn 0.000000 1.000000 -0.000000
vn 0.000000 1.000000 -0.000000
vn 0.000000 1.000000 -0.000000
vn 0.000000 1.000000 -0.000000
vn 0.000000 1.000000 -0.000000
vn 0.000000 1.000000 -0.000000
vn 0.000000 1.000000 -0.000000
vn 0.000000 1.000000 -0.000000
vn 0.000000 1.000000 -0.000000
vn 0.000000 1.000000 -0.000000
vn 0.000000 1.000000 -0.000000
vn 0.000000 1.000000 -0.000000
vn 0.000000 1.000000 -0.000000
vn 0.000000 1.000000 -0.000000
vn 0.000000 1.000000 -0.000000
vn 0.000000 1.000000 -0.000000
vn 0.000000 1.000000 -0.000000
vn 0.000000 1.000000 -0.000000
vn 0.000000 1.000000 -0.000000
vn 0.000000 1.000000 -0.000000
vn 0.000000 1.000000 -0.000000
vn 0.000000 1.000000 -0.000000
vn 0.000000 1.000000 -0.000000
vn 0.000000 1.000000 -0.000000
vn 0.000000 1.000000 -0.000000
vn 0.000000 1.000000 -0.000000
vn 0.000000 1.000000 -0.000000
vn 0.000000 1.000000 -0.000000
vn 0.000000 1.000000 -0.000000
vn 0.000000 1.000000 -0.000000
vn 0.000000 1.000000 -0.000000
vn 0.000000 1.000000 -0.000000
vn 0.000000 1.000000 -0.000000
vn 0.000000 1.000000 -0.000000
vn 0.000000 1.000000 -0.000000
vn 0.000000 1.000000 -0.000000
vn 0.000000 1.000000 -0.000000
vn 0.000000 1.000000 -0.000000
vn 0.000000 1.000000 -0.000000
vn 0.000000 1.000000 -0.000000
vn 0.000000 1.000000 -0.000000
vn 0.000000 1.000000 -0.000000
vn 0.000000 1.000000 -0.000000
vn 0.000000 1.000000 -0.000000
vn 0.000000 1.000000 -0.000000
vn 0.000000 1.000000 -0.000000
vn 0.000000 1.000000 -0.000000
vn 0.000000 1.000000 -0.000000
vn 0.000000 1.000000 -0.000000
vn 0.000000 1.000000 -0.000000
vn 0.000000 1.000000 -0.000000
vn 0.000000 1.000000 -0.000000
vn 0.000000 1.000000 -0.000000
vn 0.000000 1.000000 -0.000000
vn 0.000000 1.000000 -0.000000
vn 0.000000 1.000000 -0.000000
vn 0.000000 1.000000 -0.000000
vn 0.000000 1.000000 -0.000000
vn 0.000000 1.000000 -0.000000
vn 0.000000 1.000000 -0.000000
vn 0.000000 1.000000 -0.000000
vn 0.000000 1.000000 -0.000000
vn 0.000000 1.000000 -0.000000
vn 0.000000 1.000000 -0.000000
vn 0.000000 1.000000 -0.000000
vn 0.000000 1.000000 -0.000000
vn 0.000000 1.000000 -0.000000
vn 0.000000 1.000000 -0.000000
vn 0.000000 1.000000 -0.000000
vn 0.000000 1.000000 -0.000000
vn 0.000000 1.000000 -0.000000
vn 0.000000 1.000000 -0.000000
vn 0.000000 1.000000 -0.000000
vn 0.000000 1.000000 -0.000000
vn 0.000000 1.000000 -0.000000
vn 0.000000 1.000000 -0.000000
vn 0.000000 1.000000 -0.000000
vn 0.000000 1.000000 -0.000000
vn 0.000000 1.000000 -0.000000
vn 0.000000 1.000000 -0.000000
vn 0.000000 1.000000 -0.000000
vn 0.000000 1.000000 -0.000000
vn 0.000000 1.000000 -0.000000
vn 0.000000 1.000000 -0.000000
vn 0.000000 1.000000 -0.000000
vn 0.000000 1.000000 -0.000000
vn 0.000000 1.000000 -0.000000
vn 0.000000 1.000000 -0.000000
vn 0.000000 1.000000 -0.000000
vn 0.000000 1.000000 -0.000000
vn 0.000000 1.000000 -0.000000
vn 0.000000 1.000000 -0.000000
vn 0.000000 1.000000 -0.000000
vn 0.000000 1.000000 -0.000000
vn 0.000000 1.000000 -0.000000
vn 0.000000 1.000000 0.000000
vn 0.000000 1.000000 0.000000
vn 0.000000 1.000000 0.000000
vn 0.000000 1.000000 0.000000
vn 0.000000 1.000000 0.000000
vn 0.000000 1.000000 0.000000
vn 0.000000 1.000000 0.000000
vn 0.000000 1.000000 0.000000
vn 0.000000 1.000000 0.000000
vn 0.000000 1.000000 0.000000
vn 0.000000 1.000000 0.000000
vn 0.000000 1.000000 0.000000
vn 0.000000 1.000000 0.000000
vn 0.000000 1.000000 0.000000
vn 0.000000 1.000000 0.000000
vn 0.000000 1.000000 0.000000
vn 0.000000 1.000000 0.000000
vn 0.000000 1.000000 0.000000
vn 0.000000 1.000000 0.000000
vn 0.000000 1.000000 0.000000
vn 0.000000 1.000000 0.000000
vn 0.000000 1.000000 0.000000
vn 0.000000 1.000000 0.000000
vn 0.000000 1.000000 0.000000
vn 0.000000 1.000000 0.000000
vn 0.000000 1.000000 0.000000
vn 0.000000 1.000000 0.000000
vn 0.000000 1.000000 0.000000
vn 0.000000 1.000000 0.000000
vn 0.000000 1.000000 0.000000
vn 0.000000 1.000000 0.000000
vn 0.000000 1.000000 0.000000
vn 0.000000 1.000000 0.000000
vn 0.000000 1.000000 0.000000
vn 0.000000 1.000000 0.000000
vn 0.000000 1.000000 0.000000
vn 0.000000 1.000000 0.000000
vn 0.000000 1.000000 0.000000
vn 0.000000 1.000000 0.000000
vn 0.000000 1.000000 0.000000
vn 0.000000 1.000000 0.000000
vn 0.000000 1.000000 0.000000
vn 0.000000 1.000000 0.000000
vn 0.000000 1.000000 0.000000
vn 0.000000 1.000000 0.000000
vn 0.000000 1.000000 0.000000
vn 0.000000 1.000000 0.000000
vn 0.000000 1.000000 0.000000
vn 0.000000 1.000000 0.000000
vn 0.000000 1.000000 0.000000
vn 0.000000 1.000000 0.000000
vn 0.000000 1.000000 0.000000
vn 0.000000 1.000000 0.000000
vn 0.000000 1.000000 0.000000
vn 0.000000 1.000000 0.000000
vn 0.000000 1.000000 0.000000
vn 0.000000 1.000000 0.000000
vn 0.000000 1.000000 0.000000
vn 0.000000 1.000000 0.000000
vn 0.000000 1.000000 0.000000
vn 0.000000 1.000000 0.000000
vn 0.000000 1.000000 0.000000
vn 0.000000 0.999969 -0.007936
vn 0.000000 0.999969 -0.007936
vn 0.000000 0.999969 -0.007936
vn 0.000000 0.999969 -0.007936
vn 0.000000 1.000000 0.000000
vn 0.000000 1.000000 0.000000
vn 0.000000 1.000000 0.000000
vn 0.000000 1.000000 0.000000
vn 0.000000 1.000000 0.000000
vn 0.000000 1.000000 0.000000
vn 0.000000 1.000000 0.000000
vn 0.000000 1.000000 0.000000
vn 0.000000 1.000000 0.000000
vn 0.000000 1.000000 0.000000
vn 0.000000 1.000000 0.000000
vn 0.000000 1.000000 0.000000
vn 0.000000 1.000000 0.000000
vn 0.000000 1.000000 0.000000
vn 0.000000 0.999214 -0.039651
vn 0.000000 0.999214 -0.039651
vn 0.000000 0.997459 -0.071247
vn 0.000000 0.997459 -0.071247
vn 0.000000 0.995495 -0.094809
vn 0.000000 0.995495 -0.094809
vn 0.000000 0.993884 -0.110432
vn 0.000000 0.993884 -0.110432
vn 0.000000 0.992988 -0.118213
vn 0.000000 0.992988 -0.118213
vn 0.000000 0.989790 -0.142530
vn 0.000000 0.989790 -0.142530
vn 0.000000 0.989790 -0.142530
vn 0.000000 0.989790 -0.142530
vn 0.000000 0.989790 -0.142530
vn 0.000000 0.989790 -0.142530
vn 0.000000 0.988644 -0.150274
vn 0.000000 0.988644 -0.150274
vn 0.000000 0.987441 -0.157991
vn 0.000000 0.987441 -0.157991
vn 0.000000 0.987441 -0.157991
vn 0.000000 0.987441 -0.157991
vn 0.000000 0.987441 -0.157991
vn 0.000000 0.987441 -0.157991
vn 0.000000 0.986180 -0.165678
vn 0.000000 0.986180 -0.165678
vn 0.000000 0.986180 -0.165678
vn 0.000000 0.986180 -0.165678
vn 0.000000 0.986180 -0.165678
vn 0.000000 0.986180 -0.165678
vn 0.000000 0.986180 -0.165678
vn 0.000000 0.986180 -0.165678
vn 0.000000 0.986180 -0.165678
vn 0.000000 0.986180 -0.165678
vn 0.000000 0.986180 -0.165678
vn 0.000000 0.986180 -0.165678
vn 0.000000 0.986180 -0.165678
vn 0.000000 0.986180 -0.165678
vn 0.000000 0.986180 -0.165678
vn 0.000000 0.986180 -0.165678
vn 0.000000 0.986180 -0.165678
vn 0.000000 0.986180 -0.165678
vn 0.000000 0.986180 -0.165678
vn 0.000000 0.986180 -0.165678
vn 0.000000 0.986180 -0.165678
vn 0.000000 0.986180 -0.165678
vn 0.000000 0.987441 -0.157991
vn 0.000000 0.987441 -0.157991
vn 0.000000 0.992988 -0.118213
vn 0.000000 0.992988 -0.118213
vn 0.000000 0.997459 -0.071247
vn 0.000000 0.997459 -0.071247
vn 0.000000 0.999717 -0.023803
vn 0.000000 0.999717 -0.023803
vn 0.000000 0.999969 -0.007936
vn 0.000000 0.999969 -0.007936
vn 0.000000 1.000000 0.000000
vn 0.000000 1.000000 0.000000
vn 0.000000 1.000000 0.000000
vn 0.000000 1.000000 0.000000
vn 0.000000 1.000000 0.000000
vn 0.000000 1.000000 0.000000
vn 0.000000 1.000000 0.000000
vn 0.000000 1.000000 0.000000
vn 0.000000 1.000000 0.000000
vn 0.000000 1.000000 0.000000
vn 0.000000 1.000000 0.000000
vn 0.000000 1.000000 0.000000
vn 0.000000 1.000000 0.000000
vn 0.000000 1.000000 0.000000
vn 0.000000 1.000000 0.000000
vn 0.000000 1.000000 0.000000
vn 0.000000 1.000000 0.000000
vn 0.000000 1.000000 0.000000
vn 0.000000 1.000000 0.000000
vn 0.000000 1.000000 0.000000
vn 0.000000 1.000000 0.000000
vn 0.000000 1.000000 0.000000
vn 0.000000 1.000000 0.000000
vn 0.000000 1.000000 0.000000
vn 0.000000 1.000000 0.000000
vn 0.000000 1.000000 0.000000
vn 0.000000 1.000000 0.000000
vn 0.000000 1.000000 0.000000
vn 0.000000 1.000000 0.000000
vn 0.000000 1.000000 0.000000
vn 0.000000 1.000000 0.000000
vn 0.000000 1.000000 0.000000
vn 0.000000 1.000000 0.000000
vn 0.000000 1.000000 0.000000
vn 0.000000 0.999969 -0.007936
vn 0.000000 0.999969 -0.007936
vn 0.000000 0.999969 -0.007936
vn 0.000000 0.999969 -0.007936
vn 0.000000 1.000000 0.000000
vn 0.000000 1.000000 0.000000
vn 0.000000 1.000000 0.000000
vn 0.000000 1.000000 0.000000
vn 0.000000 1.000000 0.000000
vn 0.000000 1.000000 0.000000
vn 0.000000 1.000000 0.000000
vn 0.000000 1.000000 0.000000
vn 0.000000 1.000000 0.000000
vn 0.000000 1.000000 0.000000
vn 0.000000 1.000000 0.000000
vn 0.000000 1.000000 0.000000
vn 0.000000 1.000000 0.000000
vn 0.000000 1.000000 0.000000
vn 0.000000 1.000000 0.000000
vn 0.000000 1.000000 0.000000
vn 0.000000 1.000000 0.000000
vn 0.000000 1.000000 0.000000
vn 0.000000 1.000000 0.000000
vn 0.000000 1.000000 0.000000
vn -0.015726 0.999872 0.003044
vn -0.015726 0.999872 0.003044
vn -0.015871 0.999874 0.000378
vn -0.015871 0.999874 0.000378
vn -0.015871 0.999874 0.000000
vn -0.015871 0.999874 0.000000
vn -0.007936 0.999969 0.000000
vn -0.007936 0.999969 0.000000
vn -0.000000 1.000000 0.000000
vn -0.000000 1.000000 0.000000
vn -0.000000 1.000000 0.000000
vn -0.000000 1.000000 0.000000
vn -0.000000 1.000000 0.000000
vn -0.000000 1.000000 0.000000
vn -0.000000 1.000000 0.000000
vn -0.000000 1.000000 0.000000
vn -0.000000 1.000000 0.000000
vn -0.000000 1.000000 0.000000
vn -0.000000 1.000000 0.000000
vn -0.000000 1.000000 0.000000
vn -0.000000 1.000000 0.000000
vn -0.000000 1.000000 0.000000
vn -0.000000 1.000000 0.000000
vn -0.000000 1.000000 0.000000
vn -0.000000 1.000000 0.000000
vn -0.000000 1.000000 0.000000
vn -0.000000 1.000000 0.000000
vn -0.000000 1.000000 0.000000
vn -0.000000 1.000000 0.000000
vn -0.000000 1.000000 0.000000
vn -0.000000 1.000000 0.000000
vn -0.000000 1.000000 0.000000
vn -0.000000 1.000000 0.000000
vn -0.000000 1.000000 0.000000
vn -0.000000 1.000000 0.000000
vn -0.000000 1.000000 0.000000
vn -0.000000 1.000000 0.000000
vn -0.000000 1.000000 0.000000
vn -0.000000 1.000000 0.000000
vn -0.000000 1.000000 0.000000
vn -0.000000 1.000000 0.000000
vn -0.000000 1.000000 0.000000
vn -0.000000 1.000000 0.000000
vn -0.000000 1.000000 0.000000
vn -0.000000 1.000000 0.000000
vn -0.000000 1.000000 0.000000
vn -0.000000 1.000000 0.000000
vn -0.000000 1.000000 0.000000
vn -0.000000 1.000000 0.000000
vn -0.000000 1.000000 0.000000
vn -0.000000 1.000000 0.000000
vn -0.000000 1.000000 0.000000
vn -0.000000 1.000000 0.000000
vn -0.000000 1.000000 0.000000
vn -0.000000 1.000000 0.000000
vn -0.000000 1.000000 0.000000
vn -0.000000 1.000000 0.000000
vn -0.000000 1.000000 0.000000
vn -0.000000 1.000000 0.000000
vn -0.000000 1.000000 0.000000
vn -0.000000 1.000000 0.000000
vn -0.000000 1.000000 0.000000
vn -0.000000 1.000000 0.000000
vn -0.000000 1.000000 0.000000
vn -0.000000 1.000000 0.000000
vn -0.000000 1.000000 0.000000
vn -0.000000 1.000000 0.000000
vn -0.000000 1.000000 0.000000
vn -0.000000 1.000000 0.000000
vn -0.000000 1.000000 0.000000
vn -0.000000 1.000000 0.000000
vn -0.000000 1.000000 0.000000
vn -0.000000 1.000000 0.000000
vn -0.000000 1.000000 0.000000
vn -0.000000 1.000000 0.000000
vn -0.000000 1.000000 0.000000
vn -0.000000 1.000000 0.000000
vn -0.000000 1.000000 0.000000
vn -0.000000 1.000000 0.000000
vn -0.000000 1.000000 0.000000
vn -0.000000 1.000000 0.000000
vn -0.000000 1.000000 0.000000
vn -0.000000 1.000000 0.000000
vn -0.000000 1.000000 0.000000
vn -0.000000 1.000000 0.000000
vn -0.000000 1.000000 0.000000
vn -0.000000 1.000000 0.000000
vn -0.000000 1.000000 0.000000
vn -0.000000 1.000000 0.000000
vn -0.000000 1.000000 0.000000
vn -0.000000 1.000000 0.000000
vn -0.000000 1.000000 0.000000
vn -0.000000 1.000000 0.000000
vn -0.000000 1.000000 0.000000
vn -0.000000 1.000000 0.000000
vn -0.000000 1.000000 0.000000
vn -0.000000 1.000000 0.000000
vn -0.000000 1.000000 0.000000
vn -0.000000 1.000000 0.000000
vn -0.000000 1.000000 0.000000
vn -0.000000 1.000000 0.000000
vn -0.000000 1.000000 0.000000
vn -0.000000 1.000000 0.000000
vn -0.000000 1.000000 0.000000
vn -0.000000 1.000000 0.000000
vn -0.000000 1.000000 0.000000
vn -0.000000 1.000000 0.000000
vn -0.000000 1.000000 0.000000
vn -0.000000 1.000000 0.000000
vn -0.000000 1.000000 0.000000
vn -0.000000 1.000000 0.000000
vn -0.000000 1.000000 0.000000
vn -0.000000 1.000000 0.000000
vn -0.000000 1.000000 0.000000
vn 0.000000 1.000000 0.000000
vn 0.000000 1.000000 0.000000
vn 0.000000 1.000000 0.000000
vn 0.000000 1.000000 0.000000
vn 0.000000 1.000000 0.000000
vn 0.000000 1.000000 0.000000
vn 0.000000 1.000000 0.000000
vn 0.000000 1.000000 0.000000
vn 0.000000 1.000000 0.000000
vn 0.000000 1.000000 0.000000
vn 0.000000 1.000000 0.000000
vn 0.000000 1.000000 0.000000
vn 0.000000 1.000000 0.000000
vn 0.000000 1.000000 0.000000
vn 0.000000 1.000000 0.000000
vn 0.000000 1.000000 0.000000
vn 0.000000 1.000000 0.000000
vn 0.000000 1.000000 0.000000
vn 0.000000 1.000000 0.000000
vn 0.000000 1.000000 0.000000
vn 0.000000 1.000000 0.000000
vn 0.000000 1.000000 0.000000
vn 0.000000 1.000000 0.000000
vn 0.000000 1.000000 0.000000
vn 0.000000 1.000000 0.000000
vn 0.000000 1.000000 0.000000
vn 0.000000 1.000000 0.000000
vn 0.000000 1.000000 0.000000
vn 0.000000 1.000000 0.000000
vn 0.000000 1.000000 0.000000
vn 0.000000 1.000000 0.000000
vn 0.000000 1.000000 0.000000
vn 0.000000 1.000000 0.000000
vn 0.000000 1.000000 0.000000
vn 0.000000 1.000000 0.000000
vn 0.000000 1.000000 0.000000
vn 0.000000 1.000000 0.000000
vn 0.000000 1.000000 0.000000
vn 0.000000 1.000000 0.000000
vn 0.000000 1.000000 0.000000
vn 0.000000 1.000000 0.000000
vn 0.000000 1.000000 0.000000
vn 0.000000 1.000000 0.000000
vn 0.000000 1.000000 0.000000
vn 0.000000 1.000000 0.000000
vn 0.000000 1.000000 0.000000
vn 0.000000 1.000000 0.000000
vn 0.000000 1.000000 0.000000
vn 0.000000 1.000000 0.000000
vn 0.000000 1.000000 0.000000
vn 0.000000 1.000000 0.000000
vn 0.000000 1.000000 0.000000
vn 0.000000 1.000000 0.000000
vn 0.000000 1.000000 0.000000
vn 0.000000 1.000000 0.000000
vn 0.000000 1.000000 0.000000
vn 0.000000 1.000000 0.000000
vn 0.000000 1.000000 0.000000
vn 0.000000 1.000000 0.000000
vn 0.000000 1.000000 0.000000
vn 0.000000 1.000000 0.000000
vn 0.000000 1.000000 0.000000
vn 0.000000 1.000000 0.000000
vn 0.000000 1.000000 0.000000
vn 0.000000 1.000000 0.000000
vn 0.000000 1.000000 0.000000
vn 0.000000 1.000000 0.000000
vn 0.000000 1.000000 0.000000
vn 0.000000 1.000000 0.000000
vn 0.000000 1.000000 0.000000
vn 0.000000 1.000000 0.000000
vn 0.000000 1.000000 0.000000
vn 0.000000 1.000000 0.000000
vn 0.000000 1.000000 0.000000
vn 0.000000 1.000000 0.000000
vn 0.000000 1.000000 0.000000
vn 0.000000 1.000000 0.000000
vn 0.000000 1.000000 0.000000
vn 0.000000 1.000000 0.000000
vn 0.000000 1.000000 0.000000
vn 0.000000 1.000000 0.000000
vn 0.000000 1.000000 0.000000
vn 0.000000 1.000000 0.000000
vn 0.000000 1.000000 0.000000
vn 0.000000 1.000000 0.000000
vn 0.000000 1.000000 0.000000
vn 0.000000 1.000000 0.000000
vn 0.000000 1.000000 0.000000
vn 0.000000 1.000000 0.000000
vn 0.000000 1.000000 0.000000
vn 0.000000 1.000000 0.000000
vn 0.000000 1.000000 0.000000
vn 0.000000 1.000000 0.000000
vn 0.000000 1.000000 0.000000
vn 0.000000 1.000000 0.000000
vn 0.000000 1.000000 0.000000
vn 0.000000 1.000000 0.000000
vn 0.000000 1.000000 0.000000
vn 0.000000 1.000000 0.000000
vn 0.000000 1.000000 0.000000
vn 0.000000 1.000000 0.000000
vn 0.000000 1.000000 0.000000
vn 0.000000 1.000000 0.000000
vn 0.000000 1.000000 0.000000
vn 0.000000 1.000000 0.000000
vn 0.000000 1.000000 0.000000
vn 0.000000 1.000000 0.000000
vn 0.000000 1.000000 0.000000
vn 0.000000 1.000000 0.000000
vn 0.000000 1.000000 0.000000
vn 0.000000 1.000000 0.000000
vn 0.000000 1.000000 0.000000
vn 0.000000 1.000000 0.000000
vn 0.000000 1.000000 0.000000
vn 0.000000 1.000000 0.000000
vn 0.000000 1.000000 0.000000
vn 0.000000 1.000000 0.000000
vn 0.000000 1.000000 0.000000
vn 0.000000 1.000000 0.000000
vn 0.000000 1.000000 0.000000
vn 0.000000 1.000000 0.000000
vn 0.000000 1.000000 0.000000
vn 0.000000 1.000000 0.000000
vn 0.000000 1.000000 0.000000
vn 0.000000 1.000000 0.000000
vn 0.000000 1.000000 0.000000
vn 0.000000 1.000000 0.000000
vn 0.000000 1.000000 0.000000
vn 0.000000 1.000000 0.000000
vn 0.000000 1.000000 0.000000
vn 0.000000 1.000000 0.000000
vn 0.000000 1.000000 0.000000
vn 0.000000 1.000000 0.000000
vn 0.000000 1.000000 0.000000
vn 0.000000 1.000000 0.000000
vn 0.000000 1.000000 0.000000
vn 0.000000 1.000000 0.000000
vn 0.000000 1.000000 0.000000
vn 0.000000 1.000000 0.000000
vn 0.000000 1.000000 0.000000
vn 0.000000 1.000000 0.000000
vn 0.000000 1.000000 0.000000
vn 0.000000 1.000000 0.000000
vn 0.000000 1.000000 0.000000
vn 0.000000 1.000000 0.000000
vn 0.000000 1.000000 0.000000
vn 0.000000 1.000000 0.000000
vn 0.000000 1.000000 0.000000
vn 0.000000 1.000000 0.000000
vn 0.000000 1.000000 0.000000
vn 0.000000 1.000000 0.000000
vn 0.000000 1.000000 0.000000
vn 0.000000 1.000000 0.000000
vn 0.000000 1.000000 0.000000
vn 0.000000 1.000000 0.000000
vn 0.000000 1.000000 0.000000
vn 0.000000 1.000000 0.000000
vn 0.000000 1.000000 0.000000
vn 0.000000 1.000000 0.000000
vn 0.000000 1.000000 0.000000
vn 0.000000 1.000000 0.000000
vn 0.000000 1.000000 0.000000
vn 0.000000 1.000000 0.000000
vn 0.000000 1.000000 0.000000
vn 0.000000 1.000000 0.000000
vn 0.000000 1.000000 0.000000
vn 0.000000 1.000000 0.000000
vn 0.000000 1.000000 0.000000
vn 0.000000 1.000000 0.000000
vn 0.000000 1.000000 0.000000
vn 0.000000 1.000000 -0.000000
vn 0.000000 1.000000 -0.000000
vn 0.000000 1.000000 -0.000000
vn 0.000000 1.000000 -0.000000
vn 0.000000 1.000000 -0.000000
vn 0.000000 1.000000 -0.000000
vn 0.000000 1.000000 -0.000000
vn 0.000000 1.000000 -0.000000
vn 0.000000 1.000000 -0.000000
vn 0.000000 1.000000 -0.000000
vn 0.000000 1.000000 -0.000000
vn 0.000000 1.000000 -0.000000
vn 0.000000 1.000000 -0.000000
vn 0.000000 1.000000 -0.000000
vn 0.000000 1.000000 -0.000000
vn 0.000000 1.000000 -0.000000
vn 0.000000 1.000000 -0.000000
vn 0.000000 1.000000 -0.000000
vn 0.000000 1.000000 -0.000000
vn 0.000000 1.000000 -0.000000
vn 0.000000 1.000000 -0.000000
vn 0.000000 1.000000 -0.000000
vn 0.000000 1.000000 -0.000000
vn 0.000000 1.000000 -0.000000
vn 0.000000 1.000000 -0.000000
vn 0.000000 1.000000 -0.000000
vn 0.000000 1.000000 0.000000
vn 0.000000 1.000000 0.000000
vn 0.000000 1.000000 0.000000
vn 0.000000 1.000000 0.000000
vn 0.000000 1.000000 0.000000
vn 0.000000 1.000000 0.000000
vn 0.000000 1.000000 0.000000
vn 0.000000 1.000000 0.000000
vn 0.000000 1.000000 0.000000
vn 0.000000 1.000000 0.000000
vn 0.000000 1.000000 0.000000
vn 0.000000 1.000000 0.000000
vn 0.000000 1.000000 0.000000
vn 0.000000 1.000000 0.000000
vn 0.000000 1.000000 0.000000
vn 0.000000 1.000000 0.000000
vn 0.000000 1.000000 0.000000
vn 0.000000 1.000000 0.000000
vn 0.000000 1.000000 -0.000000
vn 0.000000 1.000000 -0.000000
vn 0.000000 1.000000 -0.000000
vn 0.000000 1.000000 -0.000000
vn 0.000000 1.000000 -0.000000
vn 0.000000 1.000000 -0.000000
vn 0.000000 1.000000 -0.000000
vn 0.000000 1.000000 -0.000000
vn 0.000000 1.000000 -0.000000
vn 0.000000 1.000000 -0.000000
vn 0.000000 1.000000 -0.000000
vn 0.000000 1.000000 -0.000000
vn 0.000000 1.000000 -0.000000
vn 0.000000 1.000000 -0.000000
vn 0.000000 1.000000 -0.000000
vn 0.000000 1.000000 -0.000000
vn 0.000000 1.000000 -0.000000
vn 0.000000 1.000000 -0.000000
vn 0.000000 1.000000 -0.000000
vn 0.000000 1.000000 -0.000000
vn 0.000000 1.000000 -0.000000
vn 0.000000 1.000000 -0.000000
vn -0.007936 0.999969 0.000000
vn -0.007936 0.999969 0.000000
vn -0.015871 0.999874 0.000000
vn -0.015871 0.999874 0.000000
vn -0.015871 0.999874 0.000000
vn -0.015871 0.999874 0.000000
vn -0.007936 0.999968 -0.000567
vn -0.007936 0.999968 -0.000567
vn -0.007891 0.999968 -0.001459
vn -0.007891 0.999968 -0.001459
vn 0.000000 1.000000 0.000000
vn 0.000000 1.000000 0.000000
vn 0.000000 1.000000 0.000000
vn 0.000000 1.000000 0.000000
vn 0.000000 1.000000 0.000000
vn 0.000000 1.000000 0.000000
vn 0.000000 1.000000 0.000000
vn 0.000000 1.000000 0.000000
vn 0.000000 1.000000 0.000000
vn 0.000000 1.000000 0.000000
vn 0.000000 1.000000 0.000000
vn 0.000000 1.000000 0.000000
vn 0.000000 1.000000 0.000000
vn 0.000000 1.000000 0.000000
vn 0.000000 1.000000 0.000000
vn 0.000000 1.000000 0.000000
vn 0.000000 1.000000 0.000000
vn 0.000000 1.000000 0.000000
vn 0.000000 1.000000 0.000000
vn 0.000000 1.000000 0.000000
vn 0.000000 1.000000 0.000000
vn 0.000000 1.000000 0.000000
vn 0.000000 1.000000 0.000000
vn 0.000000 1.000000 0.000000
vn 0.000000 1.000000 0.000000
vn 0.000000 1.000000 0.000000
vn 0.000000 1.000000 0.000000
vn 0.000000 1.000000 0.000000
vn 0.000000 1.000000 0.000000
vn 0.000000 1.000000 0.000000
vn 0.000000 1.000000 0.000000
vn 0.000000 1.000000 0.000000
vn 0.000000 1.000000 0.000000
vn 0.000000 1.000000 0.000000
vn 0.000000 1.000000 0.000000
vn 0.000000 1.000000 0.000000
vn 0.000000 1.000000 0.000000
vn 0.000000 1.000000 0.000000
vn 0.000000 1.000000 0.000000
vn 0.000000 1.000000 0.000000
vn 0.000000 1.000000 0.000000
vn 0.000000 1.000000 0.000000
vn 0.000000 1.000000 0.000000
vn 0.000000 1.000000 0.000000
vn 0.000000 1.000000 0.000000
vn 0.000000 1.000000 0.000000
vn 0.000000 1.000000 0.000000
vn 0.000000 1.000000 0.000000
vn 0.000000 1.000000 0.000000
vn 0.000000 1.000000 0.000000
vn 0.000000 1.000000 0.000000
vn 0.000000 1.000000 0.000000
vn 0.000000 1.000000 0.000000
vn 0.000000 1.000000 0.000000
vn 0.000000 1.000000 0.000000
vn 0.000000 1.000000 0.000000
vn 0.000000 1.000000 0.000000
vn 0.000000 1.000000 0.000000
vn 0.000000 1.000000 0.000000
vn 0.000000 1.000000 0.000000
vn 0.000000 1.000000 0.000000
vn 0.000000 1.000000 0.000000
vn 0.000000 1.000000 0.000000
vn 0.000000 1.000000 0.000000
vn 0.000000 1.000000 0.000000
vn 0.000000 1.000000 0.000000
vn 0.000000 1.000000 0.000000
vn 0.000000 1.000000 0.000000
vn 0.000000 1.000000 0.000000
vn 0.000000 1.000000 0.000000
vn 0.000000 1.000000 0.000000
vn 0.000000 1.000000 0.000000
vn 0.000000 1.000000 0.000000
vn 0.000000 1.000000 0.000000
vn 0.000000 1.000000 0.000000
vn 0.000000 1.000000 0.000000
vn 0.000000 1.000000 0.000000
vn 0.000000 1.000000 0.000000
vn 0.000000 1.000000 0.000000
vn 0.000000 1.000000 0.000000
vn 0.000000 1.000000 0.000000
vn 0.000000 1.000000 0.000000
vn 0.000000 1.000000 0.000000
vn 0.000000 1.000000 0.000000
vn 0.000000 1.000000 0.000000
vn 0.000000 1.000000 0.000000
vn 0.000000 1.000000 0.000000
vn 0.000000 1.000000 0.000000
vn 0.000000 1.000000 0.000000
vn 0.000000 1.000000 0.000000
vn 0.000000 1.000000 0.000000
vn 0.000000 1.000000 0.000000
vn 0.000000 1.000000 0.000000
vn 0.000000 1.000000 0.000000
vn 0.000000 1.000000 0.000000
vn 0.000000 1.000000 0.000000
vn 0.000000 1.000000 0.000000
vn 0.000000 1.000000 0.000000
vn 0.000000 1.000000 0.000000
vn 0.000000 1.000000 0.000000
vn 0.000000 1.000000 0.000000
vn 0.000000 1.000000 0.000000
vn 0.000000 1.000000 0.000000
vn 0.000000 1.000000 0.000000
vn -0.000000 1.000000 0.000000
vn -0.000000 1.000000 0.000000
vn -0.000000 1.000000 0.000000
vn -0.000000 1.000000 0.000000
vn -0.000000 1.000000 0.000000
vn -0.000000 1.000000 0.000000
vn -0.000000 1.000000 0.000000
vn -0.000000 1.000000 0.000000
vn -0.000000 1.000000 0.000000
vn -0.000000 1.000000 0.000000
vn -0.000000 1.000000 0.000000
vn -0.000000 1.000000 0.000000
vn -0.000000 1.000000 0.000000
vn -0.000000 1.000000 0.000000
vn -0.000000 1.000000 0.000000
vn -0.000000 1.000000 0.000000
vn -0.000000 1.000000 0.000000
vn -0.000000 1.000000 0.000000
vn -0.000000 1.000000 0.000000
vn -0.000000 1.000000 0.000000
vn -0.000000 1.000000 0.000000
vn -0.000000 1.000000 0.000000
vn -0.000000 1.000000 0.000000
vn -0.000000 1.000000 0.000000
vn -0.000000 1.000000 0.000000
vn -0.000000 1.000000 0.000000
vn -0.000000 1.000000 0.000000
vn -0.000000 1.000000 0.000000
vn -0.000000 1.000000 0.000000
vn -0.000000 1.000000 0.000000
vn -0.000000 1.000000 0.000000
vn -0.000000 1.000000 0.000000
vn -0.000000 1.000000 0.000000
vn -0.000000 1.000000 0.000000
vn -0.000000 1.000000 0.000000
vn -0.000000 1.000000 0.000000
vn -0.000000 1.000000 0.000000
vn -0.000000 1.000000 0.000000
vn -0.000000 1.000000 0.000000
vn -0.000000 1.000000 0.000000
vn -0.000000 1.000000 0.000000
vn -0.000000 1.000000 0.000000
vn -0.000000 1.000000 0.000000
vn -0.000000 1.000000 0.000000
f 1/1/1 3/3/3 2/2/2
f 2/2/2 3/3/3 4/4/4
f 3/3/3 5/5/5 4/4/4
f 4/4/4 5/5/5 6/6/6
f 5/5/5 7/7/7 6/6/6
f 6/6/6 7/7/7 8/8/8
f 7/7/7 9/9/9 8/8/8
f 8/8/8 9/9/9 10/10/10
f 9/9/9 11/11/11 10/10/10
f 10/10/10 11/11/11 12/12/12
f 11/11/11 13/13/13 12/12/12
f 12/12/12 13/13/13 14/14/14
f 13/13/13 15/15/15 14/14/14
f 14/14/14 15/15/15 16/16/16
f 15/15/15 17/17/17 16/16/16
f 16/16/16 17/17/17 18/18/18
f 17/17/17 19/19/19 18/18/18
f 18/18/18 19/19/19 20/20/20
f 19/19/19 21/21/21 20/20/20
f 20/20/20 21/21/21 22/22/22
f 21/21/21 23/23/23 22/22/22
f 22/22/22 23/23/23 24/24/24
f 23/23/23 25/25/25 24/24/24
f 24/24/24 25/25/25 26/26/26
f 25/25/25 27/27/27 26/26/26
f 26/26/26 27/27/27 28/28/28
f 27/27/27 29/29/29 28/28/28
f 28/28/28 29/29/29 30/30/30
f 29/29/29 31/31/31 30/30/30
f 30/30/30 31/31/31 32/32/32
f 31/31/31 33/33/33 32/32/32
f 32/32/32 33/33/33 34/34/34
f 33/33/33 35/35/35 34/34/34
f 34/34/34 35/35/35 36/36/36
f 35/35/35 37/37/37 36/36/36
f 36/36/36 37/37/37 38/38/38
f 37/37/37 39/39/39 38/38/38
f 38/38/38 39/39/39 40/40/40
f 39/39/39 41/41/41 40/40/40
f 40/40/40 41/41/41 42/42/42
f 41/41/41 43/43/43 42/42/42
f 42/42/42 43/43/43 44/44/44
f 43/43/43 45/45/45 44/44/44
f 44/44/44 45/45/45 46/46/46
f 45/45/45 47/47/47 46/46/46
f 46/46/46 47/47/47 48/48/48
f 47/47/47 49/49/49 48/48/48
f 48/48/48 49/49/49 50/50/50
f 49/49/49 51/51/51 50/50/50
f 50/50/50 51/51/51 52/52/52
f 51/51/51 53/53/53 52/52/52
f 52/52/52 53/53/53 54/54/54
f 53/53/53 55/55/55 54/54/54
f 54/54/54 55/55/55 56/56/56
f 55/55/55 57/57/57 56/56/56
f 56/56/56 57/57/57 58/58/58
f 57/57/57 59/59/59 58/58/58
f 58/58/58 59/59/59 60/60/60
f 59/59/59 61/61/61 60/60/60
f 60/60/60 61/61/61 62/62/62
f 61/61/61 63/63/63 62/62/62
f 62/62/62 63/63/63 64/64/64
f 63/63/63 65/65/65 64/64/64
f 64/64/64 65/65/65 66/66/66
f 65/65/65 67/67/67 66/66/66
f 66/66/66 67/67/67 68/68/68
f 67/67/67 69/69/69 68/68/68
f 68/68/68 69/69/69 70/70/70
f 69/69/69 71/71/71 70/70/70
f 70/70/70 71/71/71 72/72/72
f 71/71/71 73/73/73 72/72/72
f 72/72/72 73/73/73 74/74/74
f 73/73/73 75/75/75 74/74/74
f 74/74/74 75/75/75 76/76/76
f 75/75/75 77/77/77 76/76/76
f 76/76/76 77/77/77 78/78/78
f 77/77/77 79/79/79 78/78/78
f 78/78/78 79/79/79 80/80/80
f 79/79/79 81/81/81 80/80/80
f 80/80/80 81/81/81 82/82/82
f 81/81/81 83/83/83 82/82/82
f 82/82/82 83/83/83 84/84/84
f 83/83/83 85/85/85 84/84/84
f 84/84/84 85/85/85 86/86/86
f 85/85/85 87/87/87 86/86/86
f 86/86/86 87/87/87 88/88/88
f 87/87/87 89/89/89 88/88/88
f 88/88/88 89/89/89 90/90/90
f 89/89/89 91/91/91 90/90/90
f 90/90/90 91/91/91 92/92/92
f 91/91/91 93/93/93 92/92/92
f 92/92/92 93/93/93 94/94/94
f 93/93/93 95/95/95 94/94/94
f 94/94/94 95/95/95 96/96/96
f 95/95/95 97/97/97 96/96/96
f 96/96/96 97/97/97 98/98/98
f 97/97/97 99/99/99 98/98/98
f 98/98/98 99/99/99 100/100/100
f 99/99/99 101/101/101 100/100/100
f 100/100/100 101/101/101 102/102/102
f 101/101/101 103/103/103 102/102/102
f 102/102/102 103/103/103 104/104/104
f 103/103/103 105/105/105 104/104/104
f 104/104/104 105/105/105 106/106/106
f 105/105/105 107/107/107 106/106/106
f 106/106/106 107/107/107 108/108/108
f 107/107/107 109/109/109 108/108/108
f 108/108/108 109/109/109 110/110/110
f 109/109/109 111/111/111 110/110/110
f 110/110/110 111/111/111 112/112/112
f 111/111/111 113/113/113 112/112/112
f 112/112/112 113/113/113 114/114/114
f 113/113/113 115/115/115 114/114/114
f 114/114/114 115/115/115 116/116/116
f 115/115/115 117/117/117 116/116/116
f 116/116/116 117/117/117 118/118/118
f 117/117/117 119/119/119 118/118/118
f 118/118/118 119/119/119 120/120/120
f 119/119/119 121/121/121 120/120/120
f 120/120/120 121/121/121 122/122/122
f 121/121/121 123/123/123 122/122/122
f 122/122/122 123/123/123 124/124/124
f 123/123/123 125/125/125 124/124/124
f 124/124/124 125/125/125 126/126/126
f 125/125/125 127/127/127 126/126/126
f 126/126/126 127/127/127 128/128/128
f 127/127/127 129/129/129 128/128/128
f 128/128/128 129/129/129 130/130/130
f 129/129/129 131/131/131 130/130/130
f 130/130/130 131/131/131 132/132/132
f 131/131/131 133/133/133 132/132/132
f 132/132/132 133/133/133 134/134/134
f 133/133/133 135/135/135 134/134/134
f 134/134/134 135/135/135 136/136/136
f 135/135/135 137/137/137 136/136/136
f 136/136/136 137/137/137 138/138/138
f 137/137/137 139/139/139 138/138/138
f 138/138/138 139/139/139 140/140/140
f 139/139/139 141/141/141 140/140/140
f 140/140/140 141/141/141 142/142/142
f 141/141/141 143/143/143 142/142/142
f 142/142/142 143/143/143 144/144/144
f 143/143/143 145/145/145 144/144/144
f 144/144/144 145/145/145 146/146/146
f 145/145/145 147/147/147 146/146/146
f 146/146/146 147/147/147 148/148/148
f 147/147/147 149/149/149 148/148/148
f 148/148/148 149/149/149 150/150/150
f 149/149/149 151/151/151 150/150/150
f 150/150/150 151/151/151 152/152/152
f 151/151/151 153/153/153 152/152/152
f 152/152/152 153/153/153 154/154/154
f 153/153/153 155/155/155 154/154/154
f 154/154/154 155/155/155 156/156/156
f 155/155/155 157/157/157 156/156/156
f 156/156/156 157/157/157 158/158/158
f 157/157/157 159/159/159 158/158/158
f 158/158/158 159/159/159 160/160/160
f 159/159/159 161/161/161 160/160/160
f 160/160/160 161/161/161 162/162/162
f 161/161/161 163/163/163 162/162/162
f 162/162/162 163/163/163 164/164/164
f 163/163/163 165/165/165 164/164/164
f 164/164/164 165/165/165 166/166/166
f 165/165/165 167/167/167 166/166/166
f 166/166/166 167/167/167 168/168/168
f 167/167/167 169/169/169 168/168/168
f 168/168/168 169/169/169 170/170/170
f 169/169/169 171/171/171 170/170/170
f 170/170/170 171/171/171 172/172/172
f 171/171/171 173/173/173 172/172/172
f 172/172/172 173/173/173 174/174/174
f 173/173/173 175/175/175 174/174/174
f 174/174/174 175/175/175 176/176/176
f 175/175/175 177/177/177 176/176/176
f 176/176/176 177/177/177 178/178/178
f 177/177/177 179/179/179 178/178/178
f 178/178/178 179/179/179 180/180/180
f 179/179/179 181/181/181 180/180/180
f 180/180/180 181/181/181 182/182/182
f 181/181/181 183/183/183 182/182/182
f 182/182/182 183/183/183 184/184/184
f 183/183/183 185/185/185 184/184/184
f 184/184/184 185/185/185 186/186/186
f 185/185/185 187/187/187 186/186/186
f 186/186/186 187/187/187 188/188/188
f 187/187/187 189/189/189 188/188/188
f 188/188/188 189/189/189 190/190/190
f 189/189/189 191/191/191 190/190/190
f 190/190/190 191/191/191 192/192/192
f 191/191/191 193/193/193 192/192/192
f 192/192/192 193/193/193 194/194/194
f 193/193/193 195/195/195 194/194/194
f 194/194/194 195/195/195 196/196/196
f 195/195/195 197/197/197 196/196/196
f 196/196/196 197/197/197 198/198/198
f 197/197/197 199/199/199 198/198/198
f 198/198/198 199/199/199 200/200/200
f 199/199/199 201/201/201 200/200/200
f 200/200/200 201/201/201 202/202/202
f 201/201/201 203/203/203 202/202/202
f 202/202/202 203/203/203 204/204/204
f 203/203/203 205/205/205 204/204/204
f 204/204/204 205/205/205 206/206/206
f 205/205/205 207/207/207 206/206/206
f 206/206/206 207/207/207 208/208/208
f 207/207/207 209/209/209 208/208/208
f 208/208/208 209/209/209 210/210/210
f 209/209/209 211/211/211 210/210/210
f 210/210/210 211/211/211 212/212/212
f 211/211/211 213/213/213 212/212/212
f 212/212/212 213/213/213 214/214/214
f 213/213/213 215/215/215 214/214/214
f 214/214/214 215/215/215 216/216/216
f 215/215/215 217/217/217 216/216/216
f 216/216/216 217/217/217 218/218/218
f 217/217/217 219/219/219 218/218/218
f 218/218/218 219/219/219 220/220/220
f 219/219/219 221/221/221 220/220/220
f 220/220/220 221/221/221 222/222/222
f 221/221/221 223/223/223 222/222/222
f 222/222/222 223/223/223 224/224/224
f 223/223/223 225/225/225 224/224/224
f 224/224/224 225/225/225 226/226/226
f 225/225/225 227/227/227 226/226/226
f 226/226/226 227/227/227 228/228/228
f 227/227/227 229/229/229 228/228/228
f 228/228/228 229/229/229 230/230/230
f 229/229/229 231/231/231 230/230/230
f 230/230/230 231/231/231 232/232/232
f 231/231/231 233/233/233 232/232/232
f 232/232/232 233/233/233 234/234/234
f 233/233/233 235/235/235 234/234/234
f 234/234/234 235/235/235 236/236/236
f 235/235/235 237/237/237 236/236/236
f 236/236/236 237/237/237 238/238/238
f 237/237/237 239/239/239 238/238/238
f 238/238/238 239/239/239 240/240/240
f 239/239/239 241/241/241 240/240/240
f 240/240/240 241/241/241 242/242/242
f 241/241/241 243/243/243 242/242/242
f 242/242/242 243/243/243 244/244/244
f 243/243/243 245/245/245 244/244/244
f 244/244/244 245/245/245 246/246/246
f 245/245/245 247/247/247 246/246/246
f 246/246/246 247/247/247 248/248/248
f 247/247/247 249/249/249 248/248/248
f 248/248/248 249/249/249 250/250/250
f 249/249/249 251/251/251 250/250/250
f 250/250/250 251/251/251 252/252/252
f 251/251/251 253/253/253 252/252/252
f 252/252/252 253/253/253 254/254/254
f 253/253/253 255/255/255 254/254/254
f 254/254/254 255/255/255 256/256/256
f 255/255/255 257/257/257 256/256/256
f 256/256/256 257/257/257 258/258/258
f 257/257/257 259/259/259 258/258/258
f 258/258/258 259/259/259 260/260/260
f 259/259/259 261/261/261 260/260/260
f 260/260/260 261/261/261 262/262/262
f 261/261/261 263/263/263 262/262/262
f 262/262/262 263/263/263 264/264/264
f 263/263/263 265/265/265 264/264/264
f 264/264/264 265/265/265 266/266/266
f 265/265/265 267/267/267 266/266/266
f 266/266/266 267/267/267 268/268/268
f 267/267/267 269/269/269 268/268/268
f 268/268/268 269/269/269 270/270/270
f 269/269/269 271/271/271 270/270/270
f 270/270/270 271/271/271 272/272/272
f 271/271/271 273/273/273 272/272/272
f 272/272/272 273/273/273 274/274/274
f 273/273/273 275/275/275 274/274/274
f 274/274/274 275/275/275 276/276/276
f 275/275/275 277/277/277 276/276/276
f 276/276/276 277/277/277 278/278/278
f 277/277/277 279/279/279 278/278/278
f 278/278/278 279/279/279 280/280/280
f 279/279/279 281/281/281 280/280/280
f 280/280/280 281/281/281 282/282/282
f 281/281/281 283/283/283 282/282/282
f 282/282/282 283/283/283 284/284/284
f 283/283/283 285/285/285 284/284/284
f 284/284/284 285/285/285 286/286/286
f 285/285/285 287/287/287 286/286/286
f 286/286/286 287/287/287 288/288/288
f 287/287/287 289/289/289 288/288/288
f 288/288/288 289/289/289 290/290/290
f 289/289/289 291/291/291 290/290/290
f 290/290/290 291/291/291 292/292/292
f 291/291/291 293/293/293 292/292/292
f 292/292/292 293/293/293 294/294/294
f 293/293/293 295/295/295 294/294/294
f 294/294/294 295/295/295 296/296/296
f 295/295/295 297/297/297 296/296/296
f 296/296/296 297/297/297 298/298/298
f 297/297/297 299/299/299 298/298/298
f 298/298/298 299/299/299 300/300/300
f 299/299/299 301/301/301 300/300/300
f 300/300/300 301/301/301 302/302/302
f 301/301/301 303/303/303 302/302/302
f 302/302/302 303/303/303 304/304/304
f 303/303/303 305/305/305 304/304/304
f 304/304/304 305/305/305 306/306/306
f 305/305/305 307/307/307 306/306/306
f 306/306/306 307/307/307 308/308/308
f 307/307/307 309/309/309 308/308/308
f 308/308/308 309/309/309 310/310/310
f 309/309/309 311/311/311 310/310/310
f 310/310/310 311/311/311 312/312/312
f 311/311/311 313/313/313 312/312/312
f 312/312/312 313/313/313 314/314/314
f 313/313/313 315/315/315 314/314/314
f 314/314/314 315/315/315 316/316/316
f 315/315/315 317/317/317 316/316/316
f 316/316/316 317/317/317 318/318/318
f 317/317/317 319/319/319 318/318/318
f 318/318/318 319/319/319 320/320/320
f 319/319/319 321/321/321 320/320/320
f 320/320/320 321/321/321 322/322/322
f 321/321/321 323/323/323 322/322/322
f 322/322/322 323/323/323 324/324/324
f 323/323/323 325/325/325 324/324/324
f 324/324/324 325/325/325 326/326/326
f 325/325/325 327/327/327 326/326/326
f 326/326/326 327/327/327 328/328/328
f 327/327/327 329/329/329 328/328/328
f 328/328/328 329/329/329 330/330/330
f 329/329/329 331/331/331 330/330/330
f 330/330/330 331/331/331 332/332/332
f 331/331/331 333/333/333 332/332/332
f 332/332/332 333/333/333 334/334/334
f 333/333/333 335/335/335 334/334/334
f 334/334/334 335/335/335 336/336/336
f 335/335/335 337/337/337 336/336/336
f 336/336/336 337/337/337 338/338/338
f 337/337/337 339/339/339 338/338/338
f 338/338/338 339/339/339 340/340/340
f 339/339/339 341/341/341 340/340/340
f 340/340/340 341/341/341 342/342/342
f 341/341/341 343/343/343 342/342/342
f 342/342/342 343/343/343 344/344/344
f 343/343/343 345/345/345 344/344/344
f 344/344/344 345/345/345 346/346/346
f 345/345/345 347/347/347 346/346/346
f 346/346/346 347/347/347 348/348/348
f 347/347/347 349/349/349 348/348/348
f 348/348/348 349/349/349 350/350/350
f 349/349/349 351/351/351 350/350/350
f 350/350/350 351/351/351 352/352/352
f 351/351/351 353/353/353 352/352/352
f 352/352/352 353/353/353 354/354/354
f 353/353/353 355/355/355 354/354/354
f 354/354/354 355/355/355 356/356/356
f 355/355/355 357/357/357 356/356/356
f 356/356/356 357/357/357 358/358/358
f 357/357/357 359/359/359 358/358/358
f 358/358/358 359/359/359 360/360/360
f 359/359/359 361/361/361 360/360/360
f 360/360/360 361/361/361 362/362/362
f 361/361/361 363/363/363 362/362/362
f 362/362/362 363/363/363 364/364/364
f 363/363/363 365/365/365 364/364/364
f 364/364/364 365/365/365 366/366/366
f 365/365/365 367/367/367 366/366/366
f 366/366/366 367/367/367 368/368/368
f 367/367/367 369/369/369 368/368/368
f 368/368/368 369/369/369 370/370/370
f 369/369/369 371/371/371 370/370/370
f 370/370/370 371/371/371 372/372/372
f 371/371/371 373/373/373 372/372/372
f 372/372/372 373/373/373 374/374/374
f 373/373/373 375/375/375 374/374/374
f 374/374/374 375/375/375 376/376/376
f 375/375/375 377/377/377 376/376/376
f 376/376/376 377/377/377 378/378/378
f 377/377/377 379/379/379 378/378/378
f 378/378/378 379/379/379 380/380/380
f 379/379/379 381/381/381 380/380/380
f 380/380/380 381/381/381 382/382/382
f 381/381/381 383/383/383 382/382/382
f 382/382/382 383/383/383 384/384/384
f 383/383/383 385/385/385 384/384/384
f 384/384/384 385/385/385 386/386/386
f 385/385/385 387/387/387 386/386/386
f 386/386/386 387/387/387 388/388/388
f 387/387/387 389/389/389 388/388/388
f 388/388/388 389/389/389 390/390/390
f 389/389/389 391/391/391 390/390/390
f 390/390/390 391/391/391 392/392/392
f 391/391/391 393/393/393 392/392/392
f 392/392/392 393/393/393 394/394/394
f 393/393/393 395/395/395 394/394/394
f 394/394/394 395/395/395 396/396/396
f 395/395/395 397/397/397 396/396/396
f 396/396/396 397/397/397 398/398/398
f 397/397/397 399/399/399 398/398/398
f 398/398/398 399/399/399 400/400/400
f 399/399/399 401/401/401 400/400/400
f 400/400/400 401/401/401 402/402/402
f 401/401/401 403/403/403 402/402/402
f 402/402/402 403/403/403 404/404/404
f 403/403/403 405/405/405 404/404/404
f 404/404/404 405/405/405 406/406/406
f 405/405/405 407/407/407 406/406/406
f 406/406/406 407/407/407 408/408/408
f 407/407/407 409/409/409 408/408/408
f 408/408/408 409/409/409 410/410/410
f 409/409/409 411/411/411 410/410/410
f 410/410/410 411/411/411 412/412/412
f 411/411/411 413/413/413 412/412/412
f 412/412/412 413/413/413 414/414/414
f 413/413/413 415/415/415 414/414/414
f 414/414/414 415/415/415 416/416/416
f 415/415/415 417/417/417 416/416/416
f 416/416/416 417/417/417 418/418/418
f 417/417/417 419/419/419 418/418/418
f 418/418/418 419/419/419 420/420/420
f 419/419/419 421/421/421 420/420/420
f 420/420/420 421/421/421 422/422/422
f 421/421/421 423/423/423 422/422/422
f 422/422/422 423/423/423 424/424/424
f 423/423/423 425/425/425 424/424/424
f 424/424/424 425/425/425 426/426/426
f 425/425/425 427/427/427 426/426/426
f 426/426/426 427/427/427 428/428/428
f 427/427/427 429/429/429 428/428/428
f 428/428/428 429/429/429 430/430/430
f 429/429/429 431/431/431 430/430/430
f 430/430/430 431/431/431 432/432/432
f 431/431/431 433/433/433 432/432/432
f 432/432/432 433/433/433 434/434/434
f 433/433/433 435/435/435 434/434/434
f 434/434/434 435/435/435 436/436/436
f 435/435/435 437/437/437 436/436/436
f 436/436/436 437/437/437 438/438/438
f 437/437/437 439/439/439 438/438/438
f 438/438/438 439/439/439 440/440/440
f 439/439/439 441/441/441 440/440/440
f 440/440/440 441/441/441 442/442/442
f 441/441/441 443/443/443 442/442/442
f 442/442/442 443/443/443 444/444/444
f 443/443/443 445/445/445 444/444/444
f 444/444/444 445/445/445 446/446/446
f 445/445/445 447/447/447 446/446/446
f 446/446/446 447/447/447 448/448/448
f 447/447/447 449/449/449 448/448/448
f 448/448/448 449/449/449 450/450/450
f 449/449/449 451/451/451 450/450/450
f 450/450/450 451/451/451 452/452/452
f 451/451/451 453/453/453 452/452/452
f 452/452/452 453/453/453 454/454/454
f 453/453/453 455/455/455 454/454/454
f 454/454/454 455/455/455 456/456/456
f 455/455/455 457/457/457 456/456/456
f 456/456/456 457/457/457 458/458/458
f 457/457/457 459/459/459 458/458/458
f 458/458/458 459/459/459 460/460/460
f 459/459/459 461/461/461 460/460/460
f 460/460/460 461/461/461 462/462/462
f 461/461/461 463/463/463 462/462/462
f 462/462/462 463/463/463 464/464/464
f 463/463/463 465/465/465 464/464/464
f 464/464/464 465/465/465 466/466/466
f 465/465/465 467/467/467 466/466/466
f 466/466/466 467/467/467 468/468/468
f 467/467/467 469/469/469 468/468/468
f 468/468/468 469/469/469 470/470/470
f 469/469/469 471/471/471 470/470/470
f 470/470/470 471/471/471 472/472/472
f 471/471/471 473/473/473 472/472/472
f 472/472/472 473/473/473 474/474/474
f 473/473/473 475/475/475 474/474/474
f 474/474/474 475/475/475 476/476/476
f 475/475/475 477/477/477 476/476/476
f 476/476/476 477/477/477 478/478/478
f 477/477/477 479/479/479 478/478/478
f 478/478/478 479/479/479 480/480/480
f 479/479/479 481/481/481 480/480/480
f 480/480/480 481/481/481 482/482/482
f 481/481/481 483/483/483 482/482/482
f 482/482/482 483/483/483 484/484/484
f 483/483/483 485/485/485 484/484/484
f 484/484/484 485/485/485 486/486/486
f 485/485/485 487/487/487 486/486/486
f 486/486/486 487/487/487 488/488/488
f 487/487/487 489/489/489 488/488/488
f 488/488/488 489/489/489 490/490/490
f 489/489/489 491/491/491 490/490/490
f 490/490/490 491/491/491 492/492/492
f 491/491/491 493/493/493 492/492/492
f 492/492/492 493/493/493 494/494/494
f 493/493/493 495/495/495 494/494/494
f 494/494/494 495/495/495 496/496/496
f 495/495/495 497/497/497 496/496/496
f 496/496/496 497/497/497 498/498/498
f 497/497/497 499/499/499 498/498/498
f 498/498/498 499/499/499 500/500/500
f 499/499/499 501/501/501 500/500/500
f 500/500/500 501/501/501 502/502/502
f 501/501/501 503/503/503 502/502/502
f 502/502/502 503/503/503 504/504/504
f 503/503/503 505/505/505 504/504/504
f 504/504/504 505/505/505 506/506/506
f 505/505/505 507/507/507 506/506/506
f 506/506/506 507/507/507 508/508/508
f 507/507/507 509/509/509 508/508/508
f 508/508/508 509/509/509 510/510/510
f 509/509/509 511/511/511 510/510/510
f 510/510/510 511/511/511 512/512/512
f 511/511/511 513/513/513 512/512/512
f 512/512/512 513/513/513 514/514/514
f 513/513/513 515/515/515 514/514/514
f 514/514/514 515/515/515 516/516/516
f 515/515/515 517/517/517 516/516/516
f 516/516/516 517/517/517 518/518/518
f 517/517/517 519/519/519 518/518/518
f 518/518/518 519/519/519 520/520/520
f 519/519/519 521/521/521 520/520/520
f 520/520/520 521/521/521 522/522/522
f 521/521/521 523/523/523 522/522/522
f 522/522/522 523/523/523 524/524/524
f 523/523/523 525/525/525 524/524/524
f 524/524/524 525/525/525 526/526/526
f 525/525/525 527/527/527 526/526/526
f 526/526/526 527/527/527 528/528/528
f 527/527/527 529/529/529 528/528/528
f 528/528/528 529/529/529 530/530/530
f 529/529/529 531/531/531 530/530/530
f 530/530/530 531/531/531 532/532/532
f 531/531/531 533/533/533 532/532/532
f 532/532/532 533/533/533 534/534/534
f 533/533/533 535/535/535 534/534/534
f 534/534/534 535/535/535 536/536/536
f 535/535/535 537/537/537 536/536/536
f 536/536/536 537/537/537 538/538/538
f 537/537/537 539/539/539 538/538/538
f 538/538/538 539/539/539 540/540/540
f 539/539/539 541/541/541 540/540/540
f 540/540/540 541/541/541 542/542/542
f 541/541/541 543/543/543 542/542/542
f 542/542/542 543/543/543 544/544/544
f 543/543/543 545/545/545 544/544/544
f 544/544/544 545/545/545 546/546/546
f 545/545/545 547/547/547 546/546/546
f 546/546/546 547/547/547 548/548/548
f 547/547/547 549/549/549 548/548/548
f 548/548/548 549/549/549 550/550/550
f 549/549/549 551/551/551 550/550/550
f 550/550/550 551/551/551 552/552/552
f 551/551/551 553/553/553 552/552/552
f 552/552/552 553/553/553 554/554/554
f 553/553/553 555/555/555 554/554/554
f 554/554/554 555/555/555 556/556/556
f 555/555/555 557/557/557 556/556/556
f 556/556/556 557/557/557 558/558/558
f 557/557/557 559/559/559 558/558/558
f 558/558/558 559/559/559 560/560/560
f 559/559/559 561/561/561 560/560/560
f 560/560/560 561/561/561 562/562/562
f 561/561/561 563/563/563 562/562/562
f 562/562/562 563/563/563 564/564/564
f 563/563/563 565/565/565 564/564/564
f 564/564/564 565/565/565 566/566/566
f 565/565/565 567/567/567 566/566/566
f 566/566/566 567/567/567 568/568/568
f 567/567/567 569/569/569 568/568/568
f 568/568/568 569/569/569 570/570/570
f 569/569/569 571/571/571 570/570/570
f 570/570/570 571/571/571 572/572/572
f 571/571/571 573/573/573 572/572/572
f 572/572/572 573/573/573 574/574/574
f 573/573/573 575/575/575 574/574/574
f 574/574/574 575/575/575 576/576/576
f 575/575/575 577/577/577 576/576/576
f 576/576/576 577/577/577 578/578/578
f 577/577/577 579/579/579 578/578/578
f 578/578/578 579/579/579 580/580/580
f 579/579/579 581/581/581 580/580/580
f 580/580/580 581/581/581 582/582/582
f 581/581/581 583/583/583 582/582/582
f 582/582/582 583/583/583 584/584/584
f 583/583/583 585/585/585 584/584/584
f 584/584/584 585/585/585 586/586/586
f 585/585/585 587/587/587 586/586/586
f 586/586/586 587/587/587 588/588/588
f 587/587/587 589/589/589 588/588/588
f 588/588/588 589/589/589 590/590/590
f 589/589/589 591/591/591 590/590/590
f 590/590/590 591/591/591 592/592/592
f 591/591/591 593/593/593 592/592/592
f 592/592/592 593/593/593 594/594/594
f 593/593/593 595/595/595 594/594/594
f 594/594/594 595/595/595 596/596/596
f 595/595/595 597/597/597 596/596/596
f 596/596/596 597/597/597 598/598/598
f 597/597/597 599/599/599 598/598/598
f 598/598/598 599/599/599 600/600/600
f 599/599/599 601/601/601 600/600/600
f 600/600/600 601/601/601 602/602/602
f 601/601/601 603/603/603 602/602/602
f 602/602/602 603/603/603 604/604/604
f 603/603/603 605/605/605 604/604/604
f 604/604/604 605/605/605 606/606/606
f 605/605/605 607/607/607 606/606/606
f 606/606/606 607/607/607 608/608/608
f 607/607/607 609/609/609 608/608/608
f 608/608/608 609/609/609 610/610/610
f 609/609/609 611/611/611 610/610/610
f 610/610/610 611/611/611 612/612/612
f 611/611/611 613/613/613 612/612/612
f 612/612/612 613/613/613 614/614/614
f 613/613/613 615/615/615 614/614/614
f 614/614/614 615/615/615 616/616/616
f 615/615/615 617/617/617 616/616/616
f 616/616/616 617/617/617 618/618/618
f 617/617/617 619/619/619 618/618/618
f 618/618/618 619/619/619 620/620/620
f 619/619/619 621/621/621 620/620/620
f 620/620/620 621/621/621 622/622/622
f 621/621/621 623/623/623 622/622/622
f 622/622/622 623/623/623 624/624/624
f 623/623/623 625/625/625 624/624/624
f 624/624/624 625/625/625 626/626/626
f 625/625/625 627/627/627 626/626/626
f 626/626/626 627/627/627 628/628/628
f 627/627/627 629/629/629 628/628/628
f 628/628/628 629/629/629 630/630/630
f 629/629/629 631/631/631 630/630/630
f 630/630/630 631/631/631 632/632/632
f 631/631/631 633/633/633 632/632/632
f 632/632/632 633/633/633 634/634/634
f 633/633/633 635/635/635 634/634/634
f 634/634/634 635/635/635 636/636/636
f 635/635/635 637/637/637 636/636/636
f 636/636/636 637/637/637 638/638/638
f 637/637/637 639/639/639 638/638/638
f 638/638/638 639/639/639 640/640/640
f 639/639/639 641/641/641 640/640/640
f 640/640/640 641/641/641 642/642/642
f 641/641/641 643/643/643 642/642/642
f 642/642/642 643/643/643 644/644/644
f 643/643/643 645/645/645 644/644/644
f 644/644/644 645/645/645 646/646/646
f 645/645/645 647/647/647 646/646/646
f 646/646/646 647/647/647 648/648/648
f 647/647/647 649/649/649 648/648/648
f 648/648/648 649/649/649 650/650/650
f 649/649/649 651/651/651 650/650/650
f 650/650/650 651/651/651 652/652/652
f 651/651/651 653/653/653 652/652/652
f 652/652/652 653/653/653 654/654/654
f 653/653/653 655/655/655 654/654/654
f 654/654/654 655/655/655 656/656/656
f 655/655/655 657/657/657 656/656/656
f 656/656/656 657/657/657 658/658/658
f 657/657/657 659/659/659 658/658/658
f 658/658/658 659/659/659 660/660/660
f 659/659/659 661/661/661 660/660/660
f 660/660/660 661/661/661 662/662/662
f 661/661/661 663/663/663 662/662/662
f 662/662/662 663/663/663 664/664/664
f 663/663/663 665/665/665 664/664/664
f 664/664/664 665/665/665 666/666/666
f 665/665/665 667/667/667 666/666/666
f 666/666/666 667/667/667 668/668/668
f 667/667/667 669/669/669 668/668/668
f 668/668/668 669/669/669 670/670/670
f 669/669/669 671/671/671 670/670/670
f 670/670/670 671/671/671 672/672/672
f 671/671/671 673/673/673 672/672/672
f 672/672/672 673/673/673 674/674/674
f 673/673/673 675/675/675 674/674/674
f 674/674/674 675/675/675 676/676/676
f 675/675/675 677/677/677 676/676/676
f 676/676/676 677/677/677 678/678/678
f 677/677/677 679/679/679 678/678/678
f 678/678/678 679/679/679 680/680/680
f 679/679/679 681/681/681 680/680/680
f 680/680/680 681/681/681 682/682/682
f 681/681/681 683/683/683 682/682/682
f 682/682/682 683/683/683 684/684/684
f 683/683/683 685/685/685 684/684/684
f 684/684/684 685/685/685 686/686/686
f 685/685/685 687/687/687 686/686/686
f 686/686/686 687/687/687 688/688/688
f 687/687/687 689/689/689 688/688/688
f 688/688/688 689/689/689 690/690/690
f 689/689/689 691/691/691 690/690/690
f 690/690/690 691/691/691 692/692/692
f 691/691/691 693/693/693 692/692/692
f 692/692/692 693/693/693 694/694/694
f 693/693/693 695/695/695 694/694/694
f 694/694/694 695/695/695 696/696/696
f 695/695/695 697/697/697 696/696/696
f 696/696/696 697/697/697 698/698/698
f 697/697/697 699/699/699 698/698/698
f 698/698/698 699/699/699 700/700/700
f 699/699/699 701/701/701 700/700/700
f 700/700/700 701/701/701 702/702/702
f 701/701/701 703/703/703 702/702/702
f 702/702/702 703/703/703 704/704/704
f 703/703/703 705/705/705 704/704/704
f 704/704/704 705/705/705 706/706/706
f 705/705/705 707/707/707 706/706/706
f 706/706/706 707/707/707 708/708/708
f 707/707/707 709/709/709 708/708/708
f 708/708/708 709/709/709 710/710/710
f 709/709/709 711/711/711 710/710/710
f 710/710/710 711/711/711 712/712/712
f 711/711/711 713/713/713 712/712/712
f 712/712/712 713/713/713 714/714/714
f 713/713/713 715/715/715 714/714/714
f 714/714/714 715/715/715 716/716/716
f 715/715/715 717/717/717 716/716/716
f 716/716/716 717/717/717 718/718/718
f 717/717/717 719/719/719 718/718/718
f 718/718/718 719/719/719 720/720/720
f 719/719/719 721/721/721 720/720/720
f 720/720/720 721/721/721 722/722/722
f 721/721/721 723/723/723 722/722/722
f 722/722/722 723/723/723 724/724/724
f 723/723/723 725/725/725 724/724/724
f 724/724/724 725/725/725 726/726/726
f 725/725/725 727/727/727 726/726/726
f 726/726/726 727/727/727 728/728/728
f 727/727/727 729/729/729 728/728/728
f 728/728/728 729/729/729 730/730/730
f 729/729/729 731/731/731 730/730/730
f 730/730/730 731/731/731 732/732/732
f 731/731/731 733/733/733 732/732/732
f 732/732/732 733/733/733 734/734/734
f 733/733/733 735/735/735 734/734/734
f 734/734/734 735/735/735 736/736/736
f 735/735/735 737/737/737 736/736/736
f 736/736/736 737/737/737 738/738/738
f 737/737/737 739/739/739 738/738/738
f 738/738/738 739/739/739 740/740/740
f 739/739/739 741/741/741 740/740/740
f 740/740/740 741/741/741 742/742/742
f 741/741/741 743/743/743 742/742/742
f 742/742/742 743/743/743 744/744/744
f 743/743/743 745/745/745 744/744/744
f 744/744/744 745/745/745 746/746/746
f 745/745/745 747/747/747 746/746/746
f 746/746/746 747/747/747 748/748/748
f 747/747/747 749/749/749 748/748/748
f 748/748/748 749/749/749 750/750/750
f 749/749/749 751/751/751 750/750/750
f 750/750/750 751/751/751 752/752/752
f 751/751/751 753/753/753 752/752/752
f 752/752/752 753/753/753 754/754/754
f 753/753/753 755/755/755 754/754/754
f 754/754/754 755/755/755 756/756/756
f 755/755/755 757/757/757 756/756/756
f 756/756/756 757/757/757 758/758/758
f 757/757/757 759/759/759 758/758/758
f 758/758/758 759/759/759 760/760/760
f 759/759/759 761/761/761 760/760/760
f 760/760/760 761/761/761 762/762/762
f 761/761/761 763/763/763 762/762/762
f 762/762/762 763/763/763 764/764/764
f 763/763/763 765/765/765 764/764/764
f 764/764/764 765/765/765 766/766/766
f 765/765/765 767/767/767 766/766/766
f 766/766/766 767/767/767 768/768/768
f 767/767/767 769/769/769 768/768/768
f 768/768/768 769/769/769 770/770/770
f 769/769/769 771/771/771 770/770/770
f 770/770/770 771/771/771 772/772/772
f 771/771/771 773/773/773 772/772/772
f 772/772/772 773/773/773 774/774/774
f 773/773/773 775/775/775 774/774/774
f 774/774/774 775/775/775 776/776/776
f 775/775/775 777/777/777 776/776/776
f 776/776/776 777/777/777 778/778/778
f 777/777/777 779/779/779 778/778/778
f 778/778/778 779/779/779 780/780/780
f 779/779/779 781/781/781 780/780/780
f 780/780/780 781/781/781 782/782/782
f 781/781/781 783/783/783 782/782/782
f 782/782/782 783/783/783 784/784/784
f 783/783/783 785/785/785 784/784/784
f 784/784/784 785/785/785 786/786/786
f 785/785/785 787/787/787 786/786/786
f 786/786/786 787/787/787 788/788/788
f 787/787/787 789/789/789 788/788/788
f 788/788/788 789/789/789 790/790/790
f 789/789/789 791/791/791 790/790/790
f 790/790/790 791/791/791 792/792/792
f 791/791/791 793/793/793 792/792/792
f 792/792/792 793/793/793 794/794/794
f 793/793/793 795/795/795 794/794/794
f 794/794/794 795/795/795 796/796/796
f 795/795/795 797/797/797 796/796/796
f 796/796/796 797/797/797 798/798/798
f 797/797/797 799/799/799 798/798/798
f 798/798/798 799/799/799 800/800/800
f 799/799/799 801/801/801 800/800/800
f 800/800/800 801/801/801 802/802/802
f 801/801/801 803/803/803 802/802/802
f 802/802/802 803/803/803 804/804/804
f 803/803/803 805/805/805 804/804/804
f 804/804/804 805/805/805 806/806/806
f 805/805/805 807/807/807 806/806/806
f 806/806/806 807/807/807 808/808/808
f 807/807/807 809/809/809 808/808/808
f 808/808/808 809/809/809 810/810/810
f 809/809/809 811/811/811 810/810/810
f 810/810/810 811/811/811 812/812/812
f 811/811/811 813/813/813 812/812/812
f 812/812/812 813/813/813 814/814/814
f 813/813/813 815/815/815 814/814/814
f 814/814/814 815/815/815 816/816/816
f 815/815/815 817/817/817 816/816/816
f 816/816/816 817/817/817 818/818/818
f 817/817/817 819/819/819 818/818/818
f 818/818/818 819/819/819 820/820/820
f 819/819/819 821/821/821 820/820/820
f 820/820/820 821/821/821 822/822/822
f 821/821/821 823/823/823 822/822/822
f 822/822/822 823/823/823 824/824/824
f 823/823/823 825/825/825 824/824/824
f 824/824/824 825/825/825 826/826/826
f 825/825/825 827/827/827 826/826/826
f 826/826/826 827/827/827 828/828/828
f 827/827/827 829/829/829 828/828/828
f 828/828/828 829/829/829 830/830/830
f 829/829/829 831/831/831 830/830/830
f 830/830/830 831/831/831 832/832/832
f 831/831/831 833/833/833 832/832/832
f 832/832/832 833/833/833 834/834/834
f 833/833/833 835/835/835 834/834/834
f 834/834/834 835/835/835 836/836/836
f 835/835/835 837/837/837 836/836/836
f 836/836/836 837/837/837 838/838/838
f 837/837/837 839/839/839 838/838/838
f 838/838/838 839/839/839 840/840/840
f 839/839/839 841/841/841 840/840/840
f 840/840/840 841/841/841 842/842/842
f 841/841/841 843/843/843 842/842/842
f 842/842/842 843/843/843 844/844/844
f 843/843/843 845/845/845 844/844/844
f 844/844/844 845/845/845 846/846/846
f 845/845/845 847/847/847 846/846/846
f 846/846/846 847/847/847 848/848/848
f 847/847/847 849/849/849 848/848/848
f 848/848/848 849/849/849 850/850/850
f 849/849/849 851/851/851 850/850/850
f 850/850/850 851/851/851 852/852/852
f 851/851/851 853/853/853 852/852/852
f 852/852/852 853/853/853 854/854/854
f 853/853/853 855/855/855 854/854/854
f 854/854/854 855/855/855 856/856/856
f 855/855/855 857/857/857 856/856/856
f 856/856/856 857/857/857 858/858/858
f 857/857/857 859/859/859 858/858/858
f 858/858/858 859/859/859 860/860/860
f 859/859/859 861/861/861 860/860/860
f 860/860/860 861/861/861 862/862/862
f 861/861/861 863/863/863 862/862/862
f 862/862/862 863/863/863 864/864/864
f 863/863/863 865/865/865 864/864/864
f 864/864/864 865/865/865 866/866/866
f 865/865/865 867/867/867 866/866/866
f 866/866/866 867/867/867 868/868/868
f 867/867/867 869/869/869 868/868/868
f 868/868/868 869/869/869 870/870/870
f 869/869/869 871/871/871 870/870/870
f 870/870/870 871/871/871 872/872/872
f 871/871/871 873/873/873 872/872/872
f 872/872/872 873/873/873 874/874/874
f 873/873/873 875/875/875 874/874/874
f 874/874/874 875/875/875 876/876/876
f 875/875/875 877/877/877 876/876/876
f 876/876/876 877/877/877 878/878/878
f 877/877/877 879/879/879 878/878/878
f 878/878/878 879/879/879 880/880/880
f 879/879/879 881/881/881 880/880/880
f 880/880/880 881/881/881 882/882/882
f 881/881/881 883/883/883 882/882/882
f 882/882/882 883/883/883 884/884/884
f 883/883/883 885/885/885 884/884/884
f 884/884/884 885/885/885 886/886/886
f 885/885/885 887/887/887 886/886/886
f 886/886/886 887/887/887 888/888/888
f 887/887/887 889/889/889 888/888/888
f 888/888/888 889/889/889 890/890/890
f 889/889/889 891/891/891 890/890/890
f 890/890/890 891/891/891 892/892/892
f 891/891/891 893/893/893 892/892/892
f 892/892/892 893/893/893 894/894/894
f 893/893/893 895/895/895 894/894/894
f 894/894/894 895/895/895 896/896/896
f 895/895/895 897/897/897 896/896/896
f 896/896/896 897/897/897 898/898/898
f 897/897/897 899/899/899 898/898/898
f 898/898/898 899/899/899 900/900/900
f 899/899/899 901/901/901 900/900/900
f 900/900/900 901/901/901 902/902/902
f 901/901/901 903/903/903 902/902/902
f 902/902/902 903/903/903 904/904/904
f 903/903/903 905/905/905 904/904/904
f 904/904/904 905/905/905 906/906/906
f 905/905/905 907/907/907 906/906/906
f 906/906/906 907/907/907 908/908/908
f 907/907/907 909/909/909 908/908/908
f 908/908/908 909/909/909 910/910/910
f 909/909/909 911/911/911 910/910/910
f 910/910/910 911/911/911 912/912/912
f 911/911/911 913/913/913 912/912/912
f 912/912/912 913/913/913 914/914/914
f 913/913/913 915/915/915 914/914/914
f 914/914/914 915/915/915 916/916/916
f 915/915/915 917/917/917 916/916/916
f 916/916/916 917/917/917 918/918/918
f 917/917/917 919/919/919 918/918/918
f 918/918/918 919/919/919 920/920/920
f 919/919/919 921/921/921 920/920/920
f 920/920/920 921/921/921 922/922/922
f 921/921/921 923/923/923 922/922/922
f 922/922/922 923/923/923 924/924/924
f 923/923/923 925/925/925 924/924/924
f 924/924/924 925/925/925 926/926/926
f 925/925/925 927/927/927 926/926/926
f 926/926/926 927/927/927 928/928/928
f 927/927/927 929/929/929 928/928/928
f 928/928/928 929/929/929 930/930/930
f 929/929/929 931/931/931 930/930/930
f 930/930/930 931/931/931 932/932/932
f 931/931/931 933/933/933 932/932/932
f 932/932/932 933/933/933 934/934/934
f 933/933/933 935/935/935 934/934/934
f 934/934/934 935/935/935 936/936/936
f 935/935/935 937/937/937 936/936/936
f 936/936/936 937/937/937 938/938/938
f 937/937/937 939/939/939 938/938/938
f 938/938/938 939/939/939 940/940/940
f 939/939/939 941/941/941 940/940/940
f 940/940/940 941/941/941 942/942/942
f 941/941/941 943/943/943 942/942/942
f 942/942/942 943/943/943 944/944/944
f 943/943/943 945/945/945 944/944/944
f 944/944/944 945/945/945 946/946/946
f 945/945/945 947/947/947 946/946/946
f 946/946/946 947/947/947 948/948/948
f 947/947/947 949/949/949 948/948/948
f 948/948/948 949/949/949 950/950/950
f 949/949/949 951/951/951 950/950/950
f 950/950/950 951/951/951 952/952/952
f 951/951/951 953/953/953 952/952/952
f 952/952/952 953/953/953 954/954/954
f 953/953/953 955/955/955 954/954/954
f 954/954/954 955/955/955 956/956/956
f 955/955/955 957/957/957 956/956/956
f 956/956/956 957/957/957 958/958/958
f 957/957/957 959/959/959 958/958/958
f 958/958/958 959/959/959 960/960/960
f 959/959/959 961/961/961 960/960/960
f 960/960/960 961/961/961 962/962/962
f 961/961/961 963/963/963 962/962/962
f 962/962/962 963/963/963 964/964/964
f 963/963/963 965/965/965 964/964/964
f 964/964/964 965/965/965 966/966/966
f 965/965/965 967/967/967 966/966/966
f 966/966/966 967/967/967 968/968/968
f 967/967/967 969/969/969 968/968/968
f 968/968/968 969/969/969 970/970/970
f 969/969/969 971/971/971 970/970/970
f 970/970/970 971/971/971 972/972/972
f 971/971/971 973/973/973 972/972/972
f 972/972/972 973/973/973 974/974/974
f 973/973/973 975/975/975 974/974/974
f 974/974/974 975/975/975 976/976/976
f 975/975/975 977/977/977 976/976/976
f 976/976/976 977/977/977 978/978/978
f 977/977/977 979/979/979 978/978/978
f 978/978/978 979/979/979 980/980/980
f 979/979/979 981/981/981 980/980/980
f 980/980/980 981/981/981 982/982/982
f 981/981/981 983/983/983 982/982/982
f 982/982/982 983/983/983 984/984/984
f 983/983/983 985/985/985 984/984/984
f 984/984/984 985/985/985 986/986/986
f 985/985/985 987/987/987 986/986/986
f 986/986/986 987/987/987 988/988/988
f 987/987/987 989/989/989 988/988/988
f 988/988/988 989/989/989 990/990/990
f 989/989/989 991/991/991 990/990/990
f 990/990/990 991/991/991 992/992/992
f 991/991/991 993/993/993 992/992/992
f 992/992/992 993/993/993 994/994/994
f 993/993/993 995/995/995 994/994/994
f 994/994/994 995/995/995 996/996/996
f 995/995/995 997/997/997 996/996/996
f 996/996/996 997/997/997 998/998/998
f 997/997/997 999/999/999 998/998/998
f 998/998/998 999/999/999 1000/1000/1000
f 999/999/999 1001/1001/1001 1000/1000/1000
f 1000/1000/1000 1001/1001/1001 1002/1002/1002
f 1001/1001/1001 1003/1003/1003 1002/1002/1002
f 1002/1002/1002 1003/1003/1003 1004/1004/1004
f 1003/1003/1003 1005/1005/1005 1004/1004/1004
f 1004/1004/1004 1005/1005/1005 1006/1006/1006
f 1005/1005/1005 1007/1007/1007 1006/1006/1006
f 1006/1006/1006 1007/1007/1007 1008/1008/1008
f 1007/1007/1007 1009/1009/1009 1008/1008/1008
f 1008/1008/1008 1009/1009/1009 1010/1010/1010
f 1009/1009/1009 1011/1011/1011 1010/1010/1010
f 1010/1010/1010 1011/1011/1011 1012/1012/1012
f 1011/1011/1011 1013/1013/1013 1012/1012/1012
f 1012/1012/1012 1013/1013/1013 1014/1014/1014
f 1013/1013/1013 1015/1015/1015 1014/1014/1014
f 1014/1014/1014 1015/1015/1015 1016/1016/1016
f 1015/1015/1015 1017/1017/1017 1016/1016/1016
f 1016/1016/1016 1017/1017/1017 1018/1018/1018
f 1017/1017/1017 1019/1019/1019 1018/1018/1018
f 1018/1018/1018 1019/1019/1019 1020/1020/1020
f 1019/1019/1019 1021/1021/1021 1020/1020/1020
f 1020/1020/1020 1021/1021/1021 1022/1022/1022
f 1021/1021/1021 1023/1023/1023 1022/1022/1022
f 1022/1022/1022 1023/1023/1023 1024/1024/1024
f 1023/1023/1023 1025/1025/1025 1024/1024/1024
f 1024/1024/1024 1025/1025/1025 1026/1026/1026
f 1025/1025/1025 1027/1027/1027 1026/1026/1026
f 1026/1026/1026 1027/1027/1027 1028/1028/1028
f 1027/1027/1027 1029/1029/1029 1028/1028/1028
f 1028/1028/1028 1029/1029/1029 1030/1030/1030
f 1029/1029/1029 1031/1031/1031 1030/1030/1030
f 1030/1030/1030 1031/1031/1031 1032/1032/1032
f 1031/1031/1031 1033/1033/1033 1032/1032/1032
f 1032/1032/1032 1033/1033/1033 1034/1034/1034
f 1033/1033/1033 1035/1035/1035 1034/1034/1034
f 1034/1034/1034 1035/1035/1035 1036/1036/1036
f 1035/1035/1035 1037/1037/1037 1036/1036/1036
f 1036/1036/1036 1037/1037/1037 1038/1038/1038
f 1037/1037/1037 1039/1039/1039 1038/1038/1038
f 1038/1038/1038 1039/1039/1039 1040/1040/1040
f 1039/1039/1039 1041/1041/1041 1040/1040/1040
f 1040/1040/1040 1041/1041/1041 1042/1042/1042
f 1041/1041/1041 1043/1043/1043 1042/1042/1042
f 1042/1042/1042 1043/1043/1043 1044/1044/1044
f 1043/1043/1043 1045/1045/1045 1044/1044/1044
f 1044/1044/1044 1045/1045/1045 1046/1046/1046
f 1045/1045/1045 1047/1047/1047 1046/1046/1046
f 1046/1046/1046 1047/1047/1047 1048/1048/1048
f 1047/1047/1047 1049/1049/1049 1048/1048/1048
f 1048/1048/1048 1049/1049/1049 1050/1050/1050
f 1049/1049/1049 1051/1051/1051 1050/1050/1050
f 1050/1050/1050 1051/1051/1051 1052/1052/1052
f 1051/1051/1051 1053/1053/1053 1052/1052/1052
f 1052/1052/1052 1053/1053/1053 1054/1054/1054
f 1053/1053/1053 1055/1055/1055 1054/1054/1054
f 1054/1054/1054 1055/1055/1055 1056/1056/1056
f 1055/1055/1055 1057/1057/1057 1056/1056/1056
f 1056/1056/1056 1057/1057/1057 1058/1058/1058
f 1057/1057/1057 1059/1059/1059 1058/1058/1058
f 1058/1058/1058 1059/1059/1059 1060/1060/1060
f 1059/1059/1059 1061/1061/1061 1060/1060/1060
f 1060/1060/1060 1061/1061/1061 1062/1062/1062
f 1061/1061/1061 1063/1063/1063 1062/1062/1062
f 1062/1062/1062 1063/1063/1063 1064/1064/1064
f 1063/1063/1063 1065/1065/1065 1064/1064/1064
f 1064/1064/1064 1065/1065/1065 1066/1066/1066
f 1065/1065/1065 1067/1067/1067 1066/1066/1066
f 1066/1066/1066 1067/1067/1067 1068/1068/1068
f 1067/1067/1067 1069/1069/1069 1068/1068/1068
f 1068/1068/1068 1069/1069/1069 1070/1070/1070
f 1069/1069/1069 1071/1071/1071 1070/1070/1070
f 1070/1070/1070 1071/1071/1071 1072/1072/1072
f 1071/1071/1071 1073/1073/1073 1072/1072/1072
f 1072/1072/1072 1073/1073/1073 1074/1074/1074
f 1073/1073/1073 1075/1075/1075 1074/1074/1074
f 1074/1074/1074 1075/1075/1075 1076/1076/1076
f 1075/1075/1075 1077/1077/1077 1076/1076/1076
f 1076/1076/1076 1077/1077/1077 1078/1078/1078
f 1077/1077/1077 1079/1079/1079 1078/1078/1078
f 1078/1078/1078 1079/1079/1079 1080/1080/1080
f 1079/1079/1079 1081/1081/1081 1080/1080/1080
f 1080/1080/1080 1081/1081/1081 1082/1082/1082
f 1081/1081/1081 1083/1083/1083 1082/1082/1082
f 1082/1082/1082 1083/1083/1083 1084/1084/1084
f 1083/1083/1083 1085/1085/1085 1084/1084/1084
f 1084/1084/1084 1085/1085/1085 1086/1086/1086
f 1085/1085/1085 1087/1087/1087 1086/1086/1086
f 1086/1086/1086 1087/1087/1087 1088/1088/1088
f 1087/1087/1087 1089/1089/1089 1088/1088/1088
f 1088/1088/1088 1089/1089/1089 1090/1090/1090
f 1089/1089/1089 1091/1091/1091 1090/1090/1090
f 1090/1090/1090 1091/1091/1091 1092/1092/1092
f 1091/1091/1091 1093/1093/1093 1092/1092/1092
f 1092/1092/1092 1093/1093/1093 1094/1094/1094
f 1093/1093/1093 1095/1095/1095 1094/1094/1094
f 1094/1094/1094 1095/1095/1095 1096/1096/1096
f 1095/1095/1095 1097/1097/1097 1096/1096/1096
f 1096/1096/1096 1097/1097/1097 1098/1098/1098
f 1097/1097/1097 1099/1099/1099 1098/1098/1098
f 1098/1098/1098 1099/1099/1099 1100/1100/1100
f 1099/1099/1099 1101/1101/1101 1100/1100/1100
f 1100/1100/1100 1101/1101/1101 1102/1102/1102
f 1101/1101/1101 1103/1103/1103 1102/1102/1102
f 1102/1102/1102 1103/1103/1103 1104/1104/1104
f 1103/1103/1103 1105/1105/1105 1104/1104/1104
f 1104/1104/1104 1105/1105/1105 1106/1106/1106
f 1105/1105/1105 1107/1107/1107 1106/1106/1106
f 1106/1106/1106 1107/1107/1107 1108/1108/1108
f 1107/1107/1107 1109/1109/1109 1108/1108/1108
f 1108/1108/1108 1109/1109/1109 1110/1110/1110
f 1109/1109/1109 1111/1111/1111 1110/1110/1110
f 1110/1110/1110 1111/1111/1111 1112/1112/1112
f 1111/1111/1111 1113/1113/1113 1112/1112/1112
f 1112/1112/1112 1113/1113/1113 1114/1114/1114
f 1113/1113/1113 1115/1115/1115 1114/1114/1114
f 1114/1114/1114 1115/1115/1115 1116/1116/1116
f 1115/1115/1115 1117/1117/1117 1116/1116/1116
f 1116/1116/1116 1117/1117/1117 1118/1118/1118
f 1117/1117/1117 1119/1119/1119 1118/1118/1118
f 1118/1118/1118 1119/1119/1119 1120/1120/1120
f 1119/1119/1119 1121/1121/1121 1120/1120/1120
f 1120/1120/1120 1121/1121/1121 1122/1122/1122
f 1121/1121/1121 1123/1123/1123 1122/1122/1122
f 1122/1122/1122 1123/1123/1123 1124/1124/1124
f 1123/1123/1123 1125/1125/1125 1124/1124/1124
f 1124/1124/1124 1125/1125/1125 1126/1126/1126
f 1125/1125/1125 1127/1127/1127 1126/1126/1126
f 1126/1126/1126 1127/1127/1127 1128/1128/1128
f 1127/1127/1127 1129/1129/1129 1128/1128/1128
f 1128/1128/1128 1129/1129/1129 1130/1130/1130
f 1129/1129/1129 1131/1131/1131 1130/1130/1130
f 1130/1130/1130 1131/1131/1131 1132/1132/1132
f 1131/1131/1131 1133/1133/1133 1132/1132/1132
f 1132/1132/1132 1133/1133/1133 1134/1134/1134
f 1133/1133/1133 1135/1135/1135 1134/1134/1134
f 1134/1134/1134 1135/1135/1135 1136/1136/1136
f 1135/1135/1135 1137/1137/1137 1136/1136/1136
f 1136/1136/1136 1137/1137/1137 1138/1138/1138
f 1137/1137/1137 1139/1139/1139 1138/1138/1138
f 1138/1138/1138 1139/1139/1139 1140/1140/1140
f 1139/1139/1139 1141/1141/1141 1140/1140/1140
f 1140/1140/1140 1141/1141/1141 1142/1142/1142
f 1141/1141/1141 1143/1143/1143 1142/1142/1142
f 1142/1142/1142 1143/1143/1143 1144/1144/1144
f 1143/1143/1143 1145/1145/1145 1144/1144/1144
f 1144/1144/1144 1145/1145/1145 1146/1146/1146
f 1145/1145/1145 1147/1147/1147 1146/1146/1146
f 1146/1146/1146 1147/1147/1147 1148/1148/1148
f 1147/1147/1147 1149/1149/1149 1148/1148/1148
f 1148/1148/1148 1149/1149/1149 1150/1150/1150
f 1149/1149/1149 1151/1151/1151 1150/1150/1150
f 1150/1150/1150 1151/1151/1151 1152/1152/1152
f 1151/1151/1151 1153/1153/1153 1152/1152/1152
f 1152/1152/1152 1153/1153/1153 1154/1154/1154
f 1153/1153/1153 1155/1155/1155 1154/1154/1154
f 1154/1154/1154 1155/1155/1155 1156/1156/1156
f 1155/1155/1155 1157/1157/1157 1156/1156/1156
f 1156/1156/1156 1157/1157/1157 1158/1158/1158
f 1157/1157/1157 1159/1159/1159 1158/1158/1158
f 1158/1158/1158 1159/1159/1159 1160/1160/1160
f 1159/1159/1159 1161/1161/1161 1160/1160/1160
f 1160/1160/1160 1161/1161/1161 1162/1162/1162
f 1161/1161/1161 1163/1163/1163 1162/1162/1162
f 1162/1162/1162 1163/1163/1163 1164/1164/1164
f 1163/1163/1163 1165/1165/1165 1164/1164/1164
f 1164/1164/1164 1165/1165/1165 1166/1166/1166
f 1165/1165/1165 1167/1167/1167 1166/1166/1166
f 1166/1166/1166 1167/1167/1167 1168/1168/1168
f 1167/1167/1167 1169/1169/1169 1168/1168/1168
f 1168/1168/1168 1169/1169/1169 1170/1170/1170
f 1169/1169/1169 1171/1171/1171 1170/1170/1170
f 1170/1170/1170 1171/1171/1171 1172/1172/1172
f 1171/1171/1171 1173/1173/1173 1172/1172/1172
f 1172/1172/1172 1173/1173/1173 1174/1174/1174
f 1173/1173/1173 1175/1175/1175 1174/1174/1174
f 1174/1174/1174 1175/1175/1175 1176/1176/1176
f 1175/1175/1175 1177/1177/1177 1176/1176/1176
f 1176/1176/1176 1177/1177/1177 1178/1178/1178
f 1177/1177/1177 1179/1179/1179 1178/1178/1178
f 1178/1178/1178 1179/1179/1179 1180/1180/1180
f 1179/1179/1179 1181/1181/1181 1180/1180/1180
f 1180/1180/1180 1181/1181/1181 1182/1182/1182
f 1181/1181/1181 1183/1183/1183 1182/1182/1182
f 1182/1182/1182 1183/1183/1183 1184/1184/1184
f 1183/1183/1183 1185/1185/1185 1184/1184/1184
f 1184/1184/1184 1185/1185/1185 1186/1186/1186
f 1185/1185/1185 1187/1187/1187 1186/1186/1186
f 1186/1186/1186 1187/1187/1187 1188/1188/1188
f 1187/1187/1187 1189/1189/1189 1188/1188/1188
f 1188/1188/1188 1189/1189/1189 1190/1190/1190
f 1189/1189/1189 1191/1191/1191 1190/1190/1190
f 1190/1190/1190 1191/1191/1191 1192/1192/1192
f 1191/1191/1191 1193/1193/1193 1192/1192/1192
f 1192/1192/1192 1193/1193/1193 1194/1194/1194
f 1193/1193/1193 1195/1195/1195 1194/1194/1194
f 1194/1194/1194 1195/1195/1195 1196/1196/1196
f 1195/1195/1195 1197/1197/1197 1196/1196/1196
f 1196/1196/1196 1197/1197/1197 1198/1198/1198
f 1197/1197/1197 1199/1199/1199 1198/1198/1198
f 1198/1198/1198 1199/1199/1199 1200/1200/1200
f 1199/1199/1199 1201/1201/1201 1200/1200/1200
f 1200/1200/1200 1201/1201/1201 1202/1202/1202
f 1201/1201/1201 1203/1203/1203 1202/1202/1202
f 1202/1202/1202 1203/1203/1203 1204/1204/1204
f 1203/1203/1203 1205/1205/1205 1204/1204/1204
f 1204/1204/1204 1205/1205/1205 1206/1206/1206
f 1205/1205/1205 1207/1207/1207 1206/1206/1206
f 1206/1206/1206 1207/1207/1207 1208/1208/1208
f 1207/1207/1207 1209/1209/1209 1208/1208/1208
f 1208/1208/1208 1209/1209/1209 1210/1210/1210
f 1209/1209/1209 1211/1211/1211 1210/1210/1210
f 1210/1210/1210 1211/1211/1211 1212/1212/1212
f 1211/1211/1211 1213/1213/1213 1212/1212/1212
f 1212/1212/1212 1213/1213/1213 1214/1214/1214
f 1213/1213/1213 1215/1215/1215 1214/1214/1214
f 1214/1214/1214 1215/1215/1215 1216/1216/1216
f 1215/1215/1215 1217/1217/1217 1216/1216/1216
f 1216/1216/1216 1217/1217/1217 1218/1218/1218
f 1217/1217/1217 1219/1219/1219 1218/1218/1218
f 1218/1218/1218 1219/1219/1219 1220/1220/1220
f 1219/1219/1219 1221/1221/1221 1220/1220/1220
f 1220/1220/1220 1221/1221/1221 1222/1222/1222
f 1221/1221/1221 1223/1223/1223 1222/1222/1222
f 1222/1222/1222 1223/1223/1223 1224/1224/1224
f 1223/1223/1223 1225/1225/1225 1224/1224/1224
f 1224/1224/1224 1225/1225/1225 1226/1226/1226
f 1225/1225/1225 1227/1227/1227 1226/1226/1226
f 1226/1226/1226 1227/1227/1227 1228/1228/1228
f 1227/1227/1227 1229/1229/1229 1228/1228/1228
f 1228/1228/1228 1229/1229/1229 1230/1230/1230
f 1229/1229/1229 1231/1231/1231 1230/1230/1230
f 1230/1230/1230 1231/1231/1231 1232/1232/1232
f 1231/1231/1231 1233/1233/1233 1232/1232/1232
f 1232/1232/1232 1233/1233/1233 1234/1234/1234
f 1233/1233/1233 1235/1235/1235 1234/1234/1234
f 1234/1234/1234 1235/1235/1235 1236/1236/1236
f 1235/1235/1235 1237/1237/1237 1236/1236/1236
f 1236/1236/1236 1237/1237/1237 1238/1238/1238
f 1237/1237/1237 1239/1239/1239 1238/1238/1238
f 1238/1238/1238 1239/1239/1239 1240/1240/1240
f 1239/1239/1239 1241/1241/1241 1240/1240/1240
f 1240/1240/1240 1241/1241/1241 1242/1242/1242
f 1241/1241/1241 1243/1243/1243 1242/1242/1242
f 1242/1242/1242 1243/1243/1243 1244/1244/1244
f 1243/1243/1243 1245/1245/1245 1244/1244/1244
f 1244/1244/1244 1245/1245/1245 1246/1246/1246
f 1245/1245/1245 1247/1247/1247 1246/1246/1246
f 1246/1246/1246 1247/1247/1247 1248/1248/1248
f 1247/1247/1247 1249/1249/1249 1248/1248/1248
f 1248/1248/1248 1249/1249/1249 1250/1250/1250
f 1249/1249/1249 1251/1251/1251 1250/1250/1250
f 1250/1250/1250 1251/1251/1251 1252/1252/1252
f 1251/1251/1251 1253/1253/1253 1252/1252/1252
f 1252/1252/1252 1253/1253/1253 1254/1254/1254
f 1253/1253/1253 1255/1255/1255 1254/1254/1254
f 1254/1254/1254 1255/1255/1255 1256/1256/1256
f 1255/1255/1255 1257/1257/1257 1256/1256/1256
f 1256/1256/1256 1257/1257/1257 1258/1258/1258
f 1257/1257/1257 1259/1259/1259 1258/1258/1258
f 1258/1258/1258 1259/1259/1259 1260/1260/1260
f 1259/1259/1259 1261/1261/1261 1260/1260/1260
f 1260/1260/1260 1261/1261/1261 1262/1262/1262
f 1261/1261/1261 1263/1263/1263 1262/1262/1262
f 1262/1262/1262 1263/1263/1263 1264/1264/1264
f 1263/1263/1263 1265/1265/1265 1264/1264/1264
f 1264/1264/1264 1265/1265/1265 1266/1266/1266
f 1265/1265/1265 1267/1267/1267 1266/1266/1266
f 1266/1266/1266 1267/1267/1267 1268/1268/1268
f 1267/1267/1267 1269/1269/1269 1268/1268/1268
f 1268/1268/1268 1269/1269/1269 1270/1270/1270
f 1269/1269/1269 1271/1271/1271 1270/1270/1270
f 1270/1270/1270 1271/1271/1271 1272/1272/1272
f 1271/1271/1271 1273/1273/1273 1272/1272/1272
f 1272/1272/1272 1273/1273/1273 1274/1274/1274
f 1273/1273/1273 1275/1275/1275 1274/1274/1274
f 1274/1274/1274 1275/1275/1275 1276/1276/1276
f 1275/1275/1275 1277/1277/1277 1276/1276/1276
f 1276/1276/1276 1277/1277/1277 1278/1278/1278
f 1277/1277/1277 1279/1279/1279 1278/1278/1278
f 1278/1278/1278 1279/1279/1279 1280/1280/1280
f 1279/1279/1279 1281/1281/1281 1280/1280/1280
f 1280/1280/1280 1281/1281/1281 1282/1282/1282
f 1281/1281/1281 1283/1283/1283 1282/1282/1282
f 1282/1282/1282 1283/1283/1283 1284/1284/1284
f 1283/1283/1283 1285/1285/1285 1284/1284/1284
f 1284/1284/1284 1285/1285/1285 1286/1286/1286
f 1285/1285/1285 1287/1287/1287 1286/1286/1286
f 1286/1286/1286 1287/1287/1287 1288/1288/1288
f 1287/1287/1287 1289/1289/1289 1288/1288/1288
f 1288/1288/1288 1289/1289/1289 1290/1290/1290
f 1289/1289/1289 1291/1291/1291 1290/1290/1290
f 1290/1290/1290 1291/1291/1291 1292/1292/1292
f 1291/1291/1291 1293/1293/1293 1292/1292/1292
f 1292/1292/1292 1293/1293/1293 1294/1294/1294
f 1293/1293/1293 1295/1295/1295 1294/1294/1294
f 1294/1294/1294 1295/1295/1295 1296/1296/1296
f 1295/1295/1295 1297/1297/1297 1296/1296/1296
f 1296/1296/1296 1297/1297/1297 1298/1298/1298
f 1297/1297/1297 1299/1299/1299 1298/1298/1298
f 1298/1298/1298 1299/1299/1299 1300/1300/1300
f 1299/1299/1299 1301/1301/1301 1300/1300/1300
f 1300/1300/1300 1301/1301/1301 1302/1302/1302
f 1301/1301/1301 1303/1303/1303 1302/1302/1302
f 1302/1302/1302 1303/1303/1303 1304/1304/1304
f 1303/1303/1303 1305/1305/1305 1304/1304/1304
f 1304/1304/1304 1305/1305/1305 1306/1306/1306
f 1305/1305/1305 1307/1307/1307 1306/1306/1306
f 1306/1306/1306 1307/1307/1307 1308/1308/1308
f 1307/1307/1307 1309/1309/1309 1308/1308/1308
f 1308/1308/1308 1309/1309/1309 1310/1310/1310
f 1309/1309/1309 1311/1311/1311 1310/1310/1310
f 1310/1310/1310 1311/1311/1311 1312/1312/1312
f 1311/1311/1311 1313/1313/1313 1312/1312/1312
f 1312/1312/1312 1313/1313/1313 1314/1314/1314
f 1313/1313/1313 1315/1315/1315 1314/1314/1314
f 1314/1314/1314 1315/1315/1315 1316/1316/1316
f 1315/1315/1315 1317/1317/1317 1316/1316/1316
f 1316/1316/1316 1317/1317/1317 1318/1318/1318
f 1317/1317/1317 1319/1319/1319 1318/1318/1318
f 1318/1318/1318 1319/1319/1319 1320/1320/1320
f 1319/1319/1319 1321/1321/1321 1320/1320/1320
f 1320/1320/1320 1321/1321/1321 1322/1322/1322
f 1321/1321/1321 1323/1323/1323 1322/1322/1322
f 1322/1322/1322 1323/1323/1323 1324/1324/1324
f 1323/1323/1323 1325/1325/1325 1324/1324/1324
f 1324/1324/1324 1325/1325/1325 1326/1326/1326
f 1325/1325/1325 1327/1327/1327 1326/1326/1326
f 1326/1326/1326 1327/1327/1327 1328/1328/1328
f 1327/1327/1327 1329/1329/1329 1328/1328/1328
f 1328/1328/1328 1329/1329/1329 1330/1330/1330
f 1329/1329/1329 1331/1331/1331 1330/1330/1330
f 1330/1330/1330 1331/1331/1331 1332/1332/1332
f 1331/1331/1331 1333/1333/1333 1332/1332/1332
f 1332/1332/1332 1333/1333/1333 1334/1334/1334
f 1333/1333/1333 1335/1335/1335 1334/1334/1334
f 1334/1334/1334 1335/1335/1335 1336/1336/1336
f 1335/1335/1335 1337/1337/1337 1336/1336/1336
f 1336/1336/1336 1337/1337/1337 1338/1338/1338
f 1337/1337/1337 1339/1339/1339 1338/1338/1338
f 1338/1338/1338 1339/1339/1339 1340/1340/1340
f 1339/1339/1339 1341/1341/1341 1340/1340/1340
f 1340/1340/1340 1341/1341/1341 1342/1342/1342
f 1341/1341/1341 1343/1343/1343 1342/1342/1342
f 1342/1342/1342 1343/1343/1343 1344/1344/1344
f 1343/1343/1343 1345/1345/1345 1344/1344/1344
f 1344/1344/1344 1345/1345/1345 1346/1346/1346
f 1345/1345/1345 1347/1347/1347 1346/1346/1346
f 1346/1346/1346 1347/1347/1347 1348/1348/1348
f 1347/1347/1347 1349/1349/1349 1348/1348/1348
f 1348/1348/1348 1349/1349/1349 1350/1350/1350
f 1349/1349/1349 1351/1351/1351 1350/1350/1350
f 1350/1350/1350 1351/1351/1351 1352/1352/1352
f 1351/1351/1351 1353/1353/1353 1352/1352/1352
f 1352/1352/1352 1353/1353/1353 1354/1354/1354
f 1353/1353/1353 1355/1355/1355 1354/1354/1354
f 1354/1354/1354 1355/1355/1355 1356/1356/1356
f 1355/1355/1355 1357/1357/1357 1356/1356/1356
f 1356/1356/1356 1357/1357/1357 1358/1358/1358
f 1357/1357/1357 1359/1359/1359 1358/1358/1358
f 1358/1358/1358 1359/1359/1359 1360/1360/1360
f 1359/1359/1359 1361/1361/1361 1360/1360/1360
f 1360/1360/1360 1361/1361/1361 1362/1362/1362
f 1361/1361/1361 1363/1363/1363 1362/1362/1362
f 1362/1362/1362 1363/1363/1363 1364/1364/1364
f 1363/1363/1363 1365/1365/1365 1364/1364/1364
f 1364/1364/1364 1365/1365/1365 1366/1366/1366
f 1365/1365/1365 1367/1367/1367 1366/1366/1366
f 1366/1366/1366 1367/1367/1367 1368/1368/1368
f 1367/1367/1367 1369/1369/1369 1368/1368/1368
f 1368/1368/1368 1369/1369/1369 1370/1370/1370
f 1369/1369/1369 1371/1371/1371 1370/1370/1370
f 1370/1370/1370 1371/1371/1371 1372/1372/1372
f 1371/1371/1371 1373/1373/1373 1372/1372/1372
f 1372/1372/1372 1373/1373/1373 1374/1374/1374
f 1373/1373/1373 1375/1375/1375 1374/1374/1374
f 1374/1374/1374 1375/1375/1375 1376/1376/1376
f 1375/1375/1375 1377/1377/1377 1376/1376/1376
f 1376/1376/1376 1377/1377/1377 1378/1378/1378
f 1377/1377/1377 1379/1379/1379 1378/1378/1378
f 1378/1378/1378 1379/1379/1379 1380/1380/1380
f 1379/1379/1379 1381/1381/1381 1380/1380/1380
f 1380/1380/1380 1381/1381/1381 1382/1382/1382
f 1381/1381/1381 1383/1383/1383 1382/1382/1382
f 1382/1382/1382 1383/1383/1383 1384/1384/1384
f 1383/1383/1383 1385/1385/1385 1384/1384/1384
f 1384/1384/1384 1385/1385/1385 1386/1386/1386
f 1385/1385/1385 1387/1387/1387 1386/1386/1386
f 1386/1386/1386 1387/1387/1387 1388/1388/1388
f 1387/1387/1387 1389/1389/1389 1388/1388/1388
f 1388/1388/1388 1389/1389/1389 1390/1390/1390
f 1389/1389/1389 1391/1391/1391 1390/1390/1390
f 1390/1390/1390 1391/1391/1391 1392/1392/1392
f 1391/1391/1391 1393/1393/1393 1392/1392/1392
f 1392/1392/1392 1393/1393/1393 1394/1394/1394
f 1393/1393/1393 1395/1395/1395 1394/1394/1394
f 1394/1394/1394 1395/1395/1395 1396/1396/1396
f 1395/1395/1395 1397/1397/1397 1396/1396/1396
f 1396/1396/1396 1397/1397/1397 1398/1398/1398
f 1397/1397/1397 1399/1399/1399 1398/1398/1398
f 1398/1398/1398 1399/1399/1399 1400/1400/1400
f 1399/1399/1399 1401/1401/1401 1400/1400/1400
f 1400/1400/1400 1401/1401/1401 1402/1402/1402
f 1401/1401/1401 1403/1403/1403 1402/1402/1402
f 1402/1402/1402 1403/1403/1403 1404/1404/1404
f 1403/1403/1403 1405/1405/1405 1404/1404/1404
f 1404/1404/1404 1405/1405/1405 1406/1406/1406
f 1405/1405/1405 1407/1407/1407 1406/1406/1406
f 1406/1406/1406 1407/1407/1407 1408/1408/1408
f 1407/1407/1407 1409/1409/1409 1408/1408/1408
f 1408/1408/1408 1409/1409/1409 1410/1410/1410
f 1409/1409/1409 1411/1411/1411 1410/1410/1410
f 1410/1410/1410 1411/1411/1411 1412/1412/1412
f 1411/1411/1411 1413/1413/1413 1412/1412/1412
f 1412/1412/1412 1413/1413/1413 1414/1414/1414
f 1413/1413/1413 1415/1415/1415 1414/1414/1414
f 1414/1414/1414 1415/1415/1415 1416/1416/1416
f 1415/1415/1415 1417/1417/1417 1416/1416/1416
f 1416/1416/1416 1417/1417/1417 1418/1418/1418
f 1417/1417/1417 1419/1419/1419 1418/1418/1418
f 1418/1418/1418 1419/1419/1419 1420/1420/1420
f 1419/1419/1419 1421/1421/1421 1420/1420/1420
f 1420/1420/1420 1421/1421/1421 1422/1422/1422
f 1421/1421/1421 1423/1423/1423 1422/1422/1422
f 1422/1422/1422 1423/1423/1423 1424/1424/1424
f 1423/1423/1423 1425/1425/1425 1424/1424/1424
f 1424/1424/1424 1425/1425/1425 1426/1426/1426
f 1425/1425/1425 1427/1427/1427 1426/1426/1426
f 1426/1426/1426 1427/1427/1427 1428/1428/1428
f 1427/1427/1427 1429/1429/1429 1428/1428/1428
f 1428/1428/1428 1429/1429/1429 1430/1430/1430
f 1429/1429/1429 1431/1431/1431 1430/1430/1430
f 1430/1430/1430 1431/1431/1431 1432/1432/1432
f 1431/1431/1431 1433/1433/1433 1432/1432/1432
f 1432/1432/1432 1433/1433/1433 1434/1434/1434
f 1433/1433/1433 1435/1435/1435 1434/1434/1434
f 1434/1434/1434 1435/1435/1435 1436/1436/1436
f 1435/1435/1435 1437/1437/1437 1436/1436/1436
f 1436/1436/1436 1437/1437/1437 1438/1438/1438
f 1437/1437/1437 1439/1439/1439 1438/1438/1438
f 1438/1438/1438 1439/1439/1439 1440/1440/1440
f 1439/1439/1439 1441/1441/1441 1440/1440/1440
f 1440/1440/1440 1441/1441/1441 1442/1442/1442
f 1441/1441/1441 1443/1443/1443 1442/1442/1442
f 1442/1442/1442 1443/1443/1443 1444/1444/1444
f 1443/1443/1443 1445/1445/1445 1444/1444/1444
f 1444/1444/1444 1445/1445/1445 1446/1446/1446
f 1445/1445/1445 1447/1447/1447 1446/1446/1446
f 1446/1446/1446 1447/1447/1447 1448/1448/1448
f 1447/1447/1447 1449/1449/1449 1448/1448/1448
f 1448/1448/1448 1449/1449/1449 1450/1450/1450
f 1449/1449/1449 1451/1451/1451 1450/1450/1450
f 1450/1450/1450 1451/1451/1451 1452/1452/1452
f 1451/1451/1451 1453/1453/1453 1452/1452/1452
f 1452/1452/1452 1453/1453/1453 1454/1454/1454
f 1453/1453/1453 1455/1455/1455 1454/1454/1454
f 1454/1454/1454 1455/1455/1455 1456/1456/1456
f 1455/1455/1455 1457/1457/1457 1456/1456/1456
f 1456/1456/1456 1457/1457/1457 1458/1458/1458
f 1457/1457/1457 1459/1459/1459 1458/1458/1458
f 1458/1458/1458 1459/1459/1459 1460/1460/1460
f 1459/1459/1459 1461/1461/1461 1460/1460/1460
f 1460/1460/1460 1461/1461/1461 1462/1462/1462
f 1461/1461/1461 1463/1463/1463 1462/1462/1462
f 1462/1462/1462 1463/1463/1463 1464/1464/1464
f 1463/1463/1463 1465/1465/1465 1464/1464/1464
f 1464/1464/1464 1465/1465/1465 1466/1466/1466
f 1465/1465/1465 1467/1467/1467 1466/1466/1466
f 1466/1466/1466 1467/1467/1467 1468/1468/1468
f 1467/1467/1467 1469/1469/1469 1468/1468/1468
f 1468/1468/1468 1469/1469/1469 1470/1470/1470
f 1469/1469/1469 1471/1471/1471 1470/1470/1470
f 1470/1470/1470 1471/1471/1471 1472/1472/1472
f 1471/1471/1471 1473/1473/1473 1472/1472/1472
f 1472/1472/1472 1473/1473/1473 1474/1474/1474
f 1473/1473/1473 1475/1475/1475 1474/1474/1474
f 1474/1474/1474 1475/1475/1475 1476/1476/1476
f 1475/1475/1475 1477/1477/1477 1476/1476/1476
f 1476/1476/1476 1477/1477/1477 1478/1478/1478
f 1477/1477/1477 1479/1479/1479 1478/1478/1478
f 1478/1478/1478 1479/1479/1479 1480/1480/1480
f 1479/1479/1479 1481/1481/1481 1480/1480/1480
f 1480/1480/1480 1481/1481/1481 1482/1482/1482
f 1481/1481/1481 1483/1483/1483 1482/1482/1482
f 1482/1482/1482 1483/1483/1483 1484/1484/1484
f 1483/1483/1483 1485/1485/1485 1484/1484/1484
f 1484/1484/1484 1485/1485/1485 1486/1486/1486
f 1485/1485/1485 1487/1487/1487 1486/1486/1486
f 1486/1486/1486 1487/1487/1487 1488/1488/1488
f 1487/1487/1487 1489/1489/1489 1488/1488/1488
f 1488/1488/1488 1489/1489/1489 1490/1490/1490
f 1489/1489/1489 1491/1491/1491 1490/1490/1490
f 1490/1490/1490 1491/1491/1491 1492/1492/1492
f 1491/1491/1491 1493/1493/1493 1492/1492/1492
f 1492/1492/1492 1493/1493/1493 1494/1494/1494
f 1493/1493/1493 1495/1495/1495 1494/1494/1494
f 1494/1494/1494 1495/1495/1495 1496/1496/1496
f 1495/1495/1495 1497/1497/1497 1496/1496/1496
f 1496/1496/1496 1497/1497/1497 1498/1498/1498
f 1497/1497/1497 1499/1499/1499 1498/1498/1498
f 1498/1498/1498 1499/1499/1499 1500/1500/1500
f 1499/1499/1499 1501/1501/1501 1500/1500/1500
f 1500/1500/1500 1501/1501/1501 1502/1502/1502
f 1501/1501/1501 1503/1503/1503 1502/1502/1502
f 1502/1502/1502 1503/1503/1503 1504/1504/1504
f 1503/1503/1503 1505/1505/1505 1504/1504/1504
f 1504/1504/1504 1505/1505/1505 1506/1506/1506
f 1505/1505/1505 1507/1507/1507 1506/1506/1506
f 1506/1506/1506 1507/1507/1507 1508/1508/1508
f 1507/1507/1507 1509/1509/1509 1508/1508/1508
f 1508/1508/1508 1509/1509/1509 1510/1510/1510
f 1509/1509/1509 1511/1511/1511 1510/1510/1510
f 1510/1510/1510 1511/1511/1511 1512/1512/1512
f 1511/1511/1511 1513/1513/1513 1512/1512/1512
f 1512/1512/1512 1513/1513/1513 1514/1514/1514
f 1513/1513/1513 1515/1515/1515 1514/1514/1514
f 1514/1514/1514 1515/1515/1515 1516/1516/1516
f 1515/1515/1515 1517/1517/1517 1516/1516/1516
f 1516/1516/1516 1517/1517/1517 1518/1518/1518
f 1517/1517/1517 1519/1519/1519 1518/1518/1518
f 1518/1518/1518 1519/1519/1519 1520/1520/1520
f 1519/1519/1519 1521/1521/1521 1520/1520/1520
f 1520/1520/1520 1521/1521/1521 1522/1522/1522
f 1521/1521/1521 1523/1523/1523 1522/1522/1522
f 1522/1522/1522 1523/1523/1523 1524/1524/1524
f 1523/1523/1523 1525/1525/1525 1524/1524/1524
f 1524/1524/1524 1525/1525/1525 1526/1526/1526
f 1525/1525/1525 1527/1527/1527 1526/1526/1526
f 1526/1526/1526 1527/1527/1527 1528/1528/1528
f 1527/1527/1527 1529/1529/1529 1528/1528/1528
f 1528/1528/1528 1529/1529/1529 1530/1530/1530
f 1529/1529/1529 1531/1531/1531 1530/1530/1530
f 1530/1530/1530 1531/1531/1531 1532/1532/1532
f 1531/1531/1531 1533/1533/1533 1532/1532/1532
f 1532/1532/1532 1533/1533/1533 1534/1534/1534
f 1533/1533/1533 1535/1535/1535 1534/1534/1534
f 1534/1534/1534 1535/1535/1535 1536/1536/1536
f 1535/1535/1535 1537/1537/1537 1536/1536/1536
f 1536/1536/1536 1537/1537/1537 1538/1538/1538
f 1537/1537/1537 1539/1539/1539 1538/1538/1538
f 1538/1538/1538 1539/1539/1539 1540/1540/1540
f 1539/1539/1539 1541/1541/1541 1540/1540/1540
f 1540/1540/1540 1541/1541/1541 1542/1542/1542
f 1541/1541/1541 1543/1543/1543 1542/1542/1542
f 1542/1542/1542 1543/1543/1543 1544/1544/1544
f 1543/1543/1543 1545/1545/1545 1544/1544/1544
f 1544/1544/1544 1545/1545/1545 1546/1546/1546
f 1545/1545/1545 1547/1547/1547 1546/1546/1546
f 1546/1546/1546 1547/1547/1547 1548/1548/1548
f 1547/1547/1547 1549/1549/1549 1548/1548/1548
f 1548/1548/1548 1549/1549/1549 1550/1550/1550
f 1549/1549/1549 1551/1551/1551 1550/1550/1550
f 1550/1550/1550 1551/1551/1551 1552/1552/1552
f 1551/1551/1551 1553/1553/1553 1552/1552/1552
f 1552/1552/1552 1553/1553/1553 1554/1554/1554
f 1553/1553/1553 1555/1555/1555 1554/1554/1554
f 1554/1554/1554 1555/1555/1555 1556/1556/1556
f 1555/1555/1555 1557/1557/1557 1556/1556/1556
f 1556/1556/1556 1557/1557/1557 1558/1558/1558
f 1557/1557/1557 1559/1559/1559 1558/1558/1558
f 1558/1558/1558 1559/1559/1559 1560/1560/1560
f 1559/1559/1559 1561/1561/1561 1560/1560/1560
f 1560/1560/1560 1561/1561/1561 1562/1562/1562
f 1561/1561/1561 1563/1563/1563 1562/1562/1562
f 1562/1562/1562 1563/1563/1563 1564/1564/1564
f 1563/1563/1563 1565/1565/1565 1564/1564/1564
f 1564/1564/1564 1565/1565/1565 1566/1566/1566
f 1565/1565/1565 1567/1567/1567 1566/1566/1566
f 1566/1566/1566 1567/1567/1567 1568/1568/1568
f 1567/1567/1567 1569/1569/1569 1568/1568/1568
f 1568/1568/1568 1569/1569/1569 1570/1570/1570
f 1569/1569/1569 1571/1571/1571 1570/1570/1570
f 1570/1570/1570 1571/1571/1571 1572/1572/1572
f 1571/1571/1571 1573/1573/1573 1572/1572/1572
f 1572/1572/1572 1573/1573/1573 1574/1574/1574
f 1573/1573/1573 1575/1575/1575 1574/1574/1574
f 1574/1574/1574 1575/1575/1575 1576/1576/1576
f 1575/1575/1575 1577/1577/1577 1576/1576/1576
f 1576/1576/1576 1577/1577/1577 1578/1578/1578
f 1577/1577/1577 1579/1579/1579 1578/1578/1578
f 1578/1578/1578 1579/1579/1579 1580/1580/1580
f 1579/1579/1579 1581/1581/1581 1580/1580/1580
f 1580/1580/1580 1581/1581/1581 1582/1582/1582
f 1581/1581/1581 1583/1583/1583 1582/1582/1582
f 1582/1582/1582 1583/1583/1583 1584/1584/1584
f 1583/1583/1583 1585/1585/1585 1584/1584/1584
f 1584/1584/1584 1585/1585/1585 1586/1586/1586
f 1585/1585/1585 1587/1587/1587 1586/1586/1586
f 1586/1586/1586 1587/1587/1587 1588/1588/1588
f 1587/1587/1587 1589/1589/1589 1588/1588/1588
f 1588/1588/1588 1589/1589/1589 1590/1590/1590
f 1589/1589/1589 1591/1591/1591 1590/1590/1590
f 1590/1590/1590 1591/1591/1591 1592/1592/1592
f 1591/1591/1591 1593/1593/1593 1592/1592/1592
f 1592/1592/1592 1593/1593/1593 1594/1594/1594
f 1593/1593/1593 1595/1595/1595 1594/1594/1594
f 1594/1594/1594 1595/1595/1595 1596/1596/1596
f 1595/1595/1595 1597/1597/1597 1596/1596/1596
f 1596/1596/1596 1597/1597/1597 1598/1598/1598
f 1597/1597/1597 1599/1599/1599 1598/1598/1598
f 1598/1598/1598 1599/1599/1599 1600/1600/1600
f 1599/1599/1599 1601/1601/1601 1600/1600/1600
f 1600/1600/1600 1601/1601/1601 1602/1602/1602
f 1601/1601/1601 1603/1603/1603 1602/1602/1602
f 1602/1602/1602 1603/1603/1603 1604/1604/1604
f 1603/1603/1603 1605/1605/1605 1604/1604/1604
f 1604/1604/1604 1605/1605/1605 1606/1606/1606
f 1605/1605/1605 1607/1607/1607 1606/1606/1606
f 1606/1606/1606 1607/1607/1607 1608/1608/1608
f 1607/1607/1607 1609/1609/1609 1608/1608/1608
f 1608/1608/1608 1609/1609/1609 1610/1610/1610
f 1609/1609/1609 1611/1611/1611 1610/1610/1610
f 1610/1610/1610 1611/1611/1611 1612/1612/1612
f 1611/1611/1611 1613/1613/1613 1612/1612/1612
f 1612/1612/1612 1613/1613/1613 1614/1614/1614
f 1613/1613/1613 1615/1615/1615 1614/1614/1614
f 1614/1614/1614 1615/1615/1615 1616/1616/1616
f 1615/1615/1615 1617/1617/1617 1616/1616/1616
f 1616/1616/1616 1617/1617/1617 1618/1618/1618
f 1617/1617/1617 1619/1619/1619 1618/1618/1618
f 1618/1618/1618 1619/1619/1619 1620/1620/1620
f 1619/1619/1619 1621/1621/1621 1620/1620/1620
f 1620/1620/1620 1621/1621/1621 1622/1622/1622
f 1621/1621/1621 1623/1623/1623 1622/1622/1622
f 1622/1622/1622 1623/1623/1623 1624/1624/1624
f 1623/1623/1623 1625/1625/1625 1624/1624/1624
f 1624/1624/1624 1625/1625/1625 1626/1626/1626
f 1625/1625/1625 1627/1627/1627 1626/1626/1626
f 1626/1626/1626 1627/1627/1627 1628/1628/1628
f 1627/1627/1627 1629/1629/1629 1628/1628/1628
f 1628/1628/1628 1629/1629/1629 1630/1630/1630
f 1629/1629/1629 1631/1631/1631 1630/1630/1630
f 1630/1630/1630 1631/1631/1631 1632/1632/1632
f 1631/1631/1631 1633/1633/1633 1632/1632/1632
f 1632/1632/1632 1633/1633/1633 1634/1634/1634
f 1633/1633/1633 1635/1635/1635 1634/1634/1634
f 1634/1634/1634 1635/1635/1635 1636/1636/1636
f 1635/1635/1635 1637/1637/1637 1636/1636/1636
f 1636/1636/1636 1637/1637/1637 1638/1638/1638
f 1637/1637/1637 1639/1639/1639 1638/1638/1638
f 1638/1638/1638 1639/1639/1639 1640/1640/1640
f 1639/1639/1639 1641/1641/1641 1640/1640/1640
f 1640/1640/1640 1641/1641/1641 1642/1642/1642
f 1641/1641/1641 1643/1643/1643 1642/1642/1642
f 1642/1642/1642 1643/1643/1643 1644/1644/1644
f 1643/1643/1643 1645/1645/1645 1644/1644/1644
f 1644/1644/1644 1645/1645/1645 1646/1646/1646
f 1645/1645/1645 1647/1647/1647 1646/1646/1646
f 1646/1646/1646 1647/1647/1647 1648/1648/1648
f 1647/1647/1647 1649/1649/1649 1648/1648/1648
f 1648/1648/1648 1649/1649/1649 1650/1650/1650
f 1649/1649/1649 1651/1651/1651 1650/1650/1650
f 1650/1650/1650 1651/1651/1651 1652/1652/1652
f 1651/1651/1651 1653/1653/1653 1652/1652/1652
f 1652/1652/1652 1653/1653/1653 1654/1654/1654
f 1653/1653/1653 1655/1655/1655 1654/1654/1654
f 1654/1654/1654 1655/1655/1655 1656/1656/1656
f 1655/1655/1655 1657/1657/1657 1656/1656/1656
f 1656/1656/1656 1657/1657/1657 1658/1658/1658
f 1657/1657/1657 1659/1659/1659 1658/1658/1658
f 1658/1658/1658 1659/1659/1659 1660/1660/1660
f 1659/1659/1659 1661/1661/1661 1660/1660/1660
f 1660/1660/1660 1661/1661/1661 1662/1662/1662
f 1661/1661/1661 1663/1663/1663 1662/1662/1662
f 1662/1662/1662 1663/1663/1663 1664/1664/1664
f 1663/1663/1663 1665/1665/1665 1664/1664/1664
f 1664/1664/1664 1665/1665/1665 1666/1666/1666
f 1665/1665/1665 1667/1667/1667 1666/1666/1666
f 1666/1666/1666 1667/1667/1667 1668/1668/1668
f 1667/1667/1667 1669/1669/1669 1668/1668/1668
f 1668/1668/1668 1669/1669/1669 1670/1670/1670
f 1669/1669/1669 1671/1671/1671 1670/1670/1670
f 1670/1670/1670 1671/1671/1671 1672/1672/1672
f 1671/1671/1671 1673/1673/1673 1672/1672/1672
f 1672/1672/1672 1673/1673/1673 1674/1674/1674
f 1673/1673/1673 1675/1675/1675 1674/1674/1674
f 1674/1674/1674 1675/1675/1675 1676/1676/1676
f 1675/1675/1675 1677/1677/1677 1676/1676/1676
f 1676/1676/1676 1677/1677/1677 1678/1678/1678
f 1677/1677/1677 1679/1679/1679 1678/1678/1678
f 1678/1678/1678 1679/1679/1679 1680/1680/1680
f 1679/1679/1679 1681/1681/1681 1680/1680/1680
f 1680/1680/1680 1681/1681/1681 1682/1682/1682
f 1681/1681/1681 1683/1683/1683 1682/1682/1682
f 1682/1682/1682 1683/1683/1683 1684/1684/1684
f 1683/1683/1683 1685/1685/1685 1684/1684/1684
f 1684/1684/1684 1685/1685/1685 1686/1686/1686
f 1685/1685/1685 1687/1687/1687 1686/1686/1686
f 1686/1686/1686 1687/1687/1687 1688/1688/1688
f 1687/1687/1687 1689/1689/1689 1688/1688/1688
f 1688/1688/1688 1689/1689/1689 1690/1690/1690
f 1689/1689/1689 1691/1691/1691 1690/1690/1690
f 1690/1690/1690 1691/1691/1691 1692/1692/1692
f 1691/1691/1691 1693/1693/1693 1692/1692/1692
f 1692/1692/1692 1693/1693/1693 1694/1694/1694
f 1693/1693/1693 1695/1695/1695 1694/1694/1694
f 1694/1694/1694 1695/1695/1695 1696/1696/1696
f 1695/1695/1695 1697/1697/1697 1696/1696/1696
f 1696/1696/1696 1697/1697/1697 1698/1698/1698
f 1697/1697/1697 1699/1699/1699 1698/1698/1698
f 1698/1698/1698 1699/1699/1699 1700/1700/1700
f 1699/1699/1699 1701/1701/1701 1700/1700/1700
f 1700/1700/1700 1701/1701/1701 1702/1702/1702
f 1701/1701/1701 1703/1703/1703 1702/1702/1702
f 1702/1702/1702 1703/1703/1703 1704/1704/1704
f 1703/1703/1703 1705/1705/1705 1704/1704/1704
f 1704/1704/1704 1705/1705/1705 1706/1706/1706
f 1705/1705/1705 1707/1707/1707 1706/1706/1706
f 1706/1706/1706 1707/1707/1707 1708/1708/1708
f 1707/1707/1707 1709/1709/1709 1708/1708/1708
f 1708/1708/1708 1709/1709/1709 1710/1710/1710
f 1709/1709/1709 1711/1711/1711 1710/1710/1710
f 1710/1710/1710 1711/1711/1711 1712/1712/1712
f 1711/1711/1711 1713/1713/1713 1712/1712/1712
f 1712/1712/1712 1713/1713/1713 1714/1714/1714
f 1713/1713/1713 1715/1715/1715 1714/1714/1714
f 1714/1714/1714 1715/1715/1715 1716/1716/1716
f 1715/1715/1715 1717/1717/1717 1716/1716/1716
f 1716/1716/1716 1717/1717/1717 1718/1718/1718
f 1717/1717/1717 1719/1719/1719 1718/1718/1718
f 1718/1718/1718 1719/1719/1719 1720/1720/1720
f 1719/1719/1719 1721/1721/1721 1720/1720/1720
f 1720/1720/1720 1721/1721/1721 1722/1722/1722
f 1721/1721/1721 1723/1723/1723 1722/1722/1722
f 1722/1722/1722 1723/1723/1723 1724/1724/1724
f 1723/1723/1723 1725/1725/1725 1724/1724/1724
f 1724/1724/1724 1725/1725/1725 1726/1726/1726
f 1725/1725/1725 1727/1727/1727 1726/1726/1726
f 1726/1726/1726 1727/1727/1727 1728/1728/1728
f 1727/1727/1727 1729/1729/1729 1728/1728/1728
f 1728/1728/1728 1729/1729/1729 1730/1730/1730
f 1729/1729/1729 1731/1731/1731 1730/1730/1730
f 1730/1730/1730 1731/1731/1731 1732/1732/1732
f 1731/1731/1731 1733/1733/1733 1732/1732/1732
f 1732/1732/1732 1733/1733/1733 1734/1734/1734
f 1733/1733/1733 1735/1735/1735 1734/1734/1734
f 1734/1734/1734 1735/1735/1735 1736/1736/1736
f 1735/1735/1735 1737/1737/1737 1736/1736/1736
f 1736/1736/1736 1737/1737/1737 1738/1738/1738
f 1737/1737/1737 1739/1739/1739 1738/1738/1738
f 1738/1738/1738 1739/1739/1739 1740/1740/1740
f 1739/1739/1739 1741/1741/1741 1740/1740/1740
f 1740/1740/1740 1741/1741/1741 1742/1742/1742
f 1741/1741/1741 1743/1743/1743 1742/1742/1742
f 1742/1742/1742 1743/1743/1743 1744/1744/1744
f 1743/1743/1743 1745/1745/1745 1744/1744/1744
f 1744/1744/1744 1745/1745/1745 1746/1746/1746
f 1745/1745/1745 1747/1747/1747 1746/1746/1746
f 1746/1746/1746 1747/1747/1747 1748/1748/1748
f 1747/1747/1747 1749/1749/1749 1748/1748/1748
f 1748/1748/1748 1749/1749/1749 1750/1750/1750
f 1749/1749/1749 1751/1751/1751 1750/1750/1750
f 1750/1750/1750 1751/1751/1751 1752/1752/1752
f 1751/1751/1751 1753/1753/1753 1752/1752/1752
f 1752/1752/1752 1753/1753/1753 1754/1754/1754
f 1753/1753/1753 1755/1755/1755 1754/1754/1754
f 1754/1754/1754 1755/1755/1755 1756/1756/1756
f 1755/1755/1755 1757/1757/1757 1756/1756/1756
f 1756/1756/1756 1757/1757/1757 1758/1758/1758
f 1757/1757/1757 1759/1759/1759 1758/1758/1758
f 1758/1758/1758 1759/1759/1759 1760/1760/1760
f 1759/1759/1759 1761/1761/1761 1760/1760/1760
f 1760/1760/1760 1761/1761/1761 1762/1762/1762
f 1761/1761/1761 1763/1763/1763 1762/1762/1762
f 1762/1762/1762 1763/1763/1763 1764/1764/1764
f 1763/1763/1763 1765/1765/1765 1764/1764/1764
f 1764/1764/1764 1765/1765/1765 1766/1766/1766
f 1765/1765/1765 1767/1767/1767 1766/1766/1766
f 1766/1766/1766 1767/1767/1767 1768/1768/1768
f 1767/1767/1767 1769/1769/1769 1768/1768/1768
f 1768/1768/1768 1769/1769/1769 1770/1770/1770
f 1769/1769/1769 1771/1771/1771 1770/1770/1770
f 1770/1770/1770 1771/1771/1771 1772/1772/1772
f 1771/1771/1771 1773/1773/1773 1772/1772/1772
f 1772/1772/1772 1773/1773/1773 1774/1774/1774
f 1773/1773/1773 1775/1775/1775 1774/1774/1774
f 1774/1774/1774 1775/1775/1775 1776/1776/1776
f 1775/1775/1775 1777/1777/1777 1776/1776/1776
f 1776/1776/1776 1777/1777/1777 1778/1778/1778
f 1777/1777/1777 1779/1779/1779 1778/1778/1778
f 1778/1778/1778 1779/1779/1779 1780/1780/1780
f 1779/1779/1779 1781/1781/1781 1780/1780/1780
f 1780/1780/1780 1781/1781/1781 1782/1782/1782
f 1781/1781/1781 1783/1783/1783 1782/1782/1782
f 1782/1782/1782 1783/1783/1783 1784/1784/1784
f 1783/1783/1783 1785/1785/1785 1784/1784/1784
f 1784/1784/1784 1785/1785/1785 1786/1786/1786
f 1785/1785/1785 1787/1787/1787 1786/1786/1786
f 1786/1786/1786 1787/1787/1787 1788/1788/1788
f 1787/1787/1787 1789/1789/1789 1788/1788/1788
f 1788/1788/1788 1789/1789/1789 1790/1790/1790
f 1789/1789/1789 1791/1791/1791 1790/1790/1790
f 1790/1790/1790 1791/1791/1791 1792/1792/1792
f 1791/1791/1791 1793/1793/1793 1792/1792/1792
f 1792/1792/1792 1793/1793/1793 1794/1794/1794
f 1793/1793/1793 1795/1795/1795 1794/1794/1794
f 1794/1794/1794 1795/1795/1795 1796/1796/1796
f 1795/1795/1795 1797/1797/1797 1796/1796/1796
f 1796/1796/1796 1797/1797/1797 1798/1798/1798
f 1797/1797/1797 1799/1799/1799 1798/1798/1798
f 1798/1798/1798 1799/1799/1799 1800/1800/1800
f 1799/1799/1799 1801/1801/1801 1800/1800/1800
f 1800/1800/1800 1801/1801/1801 1802/1802/1802
f 1801/1801/1801 1803/1803/1803 1802/1802/1802
f 1802/1802/1802 1803/1803/1803 1804/1804/1804
f 1803/1803/1803 1805/1805/1805 1804/1804/1804
f 1804/1804/1804 1805/1805/1805 1806/1806/1806
f 1805/1805/1805 1807/1807/1807 1806/1806/1806
f 1806/1806/1806 1807/1807/1807 1808/1808/1808
f 1807/1807/1807 1809/1809/1809 1808/1808/1808
f 1808/1808/1808 1809/1809/1809 1810/1810/1810
f 1809/1809/1809 1811/1811/1811 1810/1810/1810
f 1810/1810/1810 1811/1811/1811 1812/1812/1812
f 1811/1811/1811 1813/1813/1813 1812/1812/1812
f 1812/1812/1812 1813/1813/1813 1814/1814/1814
f 1813/1813/1813 1815/1815/1815 1814/1814/1814
f 1814/1814/1814 1815/1815/1815 1816/1816/1816
f 1815/1815/1815 1817/1817/1817 1816/1816/1816
f 1816/1816/1816 1817/1817/1817 1818/1818/1818
f 1817/1817/1817 1819/1819/1819 1818/1818/1818
f 1818/1818/1818 1819/1819/1819 1820/1820/1820
f 1819/1819/1819 1821/1821/1821 1820/1820/1820
f 1820/1820/1820 1821/1821/1821 1822/1822/1822
f 1821/1821/1821 1823/1823/1823 1822/1822/1822
f 1822/1822/1822 1823/1823/1823 1824/1824/1824
f 1823/1823/1823 1825/1825/1825 1824/1824/1824
f 1824/1824/1824 1825/1825/1825 1826/1826/1826
f 1825/1825/1825 1827/1827/1827 1826/1826/1826
f 1826/1826/1826 1827/1827/1827 1828/1828/1828
f 1827/1827/1827 1829/1829/1829 1828/1828/1828
f 1828/1828/1828 1829/1829/1829 1830/1830/1830
f 1829/1829/1829 1831/1831/1831 1830/1830/1830
f 1830/1830/1830 1831/1831/1831 1832/1832/1832
f 1831/1831/1831 1833/1833/1833 1832/1832/1832
f 1832/1832/1832 1833/1833/1833 1834/1834/1834
f 1833/1833/1833 1835/1835/1835 1834/1834/1834
f 1834/1834/1834 1835/1835/1835 1836/1836/1836
f 1835/1835/1835 1837/1837/1837 1836/1836/1836
f 1836/1836/1836 1837/1837/1837 1838/1838/1838
f 1837/1837/1837 1839/1839/1839 1838/1838/1838
f 1838/1838/1838 1839/1839/1839 1840/1840/1840
f 1839/1839/1839 1841/1841/1841 1840/1840/1840
f 1840/1840/1840 1841/1841/1841 1842/1842/1842
f 1841/1841/1841 1843/1843/1843 1842/1842/1842
f 1842/1842/1842 1843/1843/1843 1844/1844/1844
f 1843/1843/1843 1845/1845/1845 1844/1844/1844
f 1844/1844/1844 1845/1845/1845 1846/1846/1846
f 1845/1845/1845 1847/1847/1847 1846/1846/1846
f 1846/1846/1846 1847/1847/1847 1848/1848/1848
f 1847/1847/1847 1849/1849/1849 1848/1848/1848
f 1848/1848/1848 1849/1849/1849 1850/1850/1850
f 1849/1849/1849 1851/1851/1851 1850/1850/1850
f 1850/1850/1850 1851/1851/1851 1852/1852/1852
f 1851/1851/1851 1853/1853/1853 1852/1852/1852
f 1852/1852/1852 1853/1853/1853 1854/1854/1854
f 1853/1853/1853 1855/1855/1855 1854/1854/1854
f 1854/1854/1854 1855/1855/1855 1856/1856/1856
f 1855/1855/1855 1857/1857/1857 1856/1856/1856
f 1856/1856/1856 1857/1857/1857 1858/1858/1858
f 1857/1857/1857 1859/1859/1859 1858/1858/1858
f 1858/1858/1858 1859/1859/1859 1860/1860/1860
f 1859/1859/1859 1861/1861/1861 1860/1860/1860
f 1860/1860/1860 1861/1861/1861 1862/1862/1862
f 1861/1861/1861 1863/1863/1863 1862/1862/1862
f 1862/1862/1862 1863/1863/1863 1864/1864/1864
f 1863/1863/1863 1865/1865/1865 1864/1864/1864
f 1864/1864/1864 1865/1865/1865 1866/1866/1866
f 1865/1865/1865 1867/1867/1867 1866/1866/1866
f 1866/1866/1866 1867/1867/1867 1868/1868/1868
f 1867/1867/1867 1869/1869/1869 1868/1868/1868
f 1868/1868/1868 1869/1869/1869 1870/1870/1870
f 1869/1869/1869 1871/1871/1871 1870/1870/1870
f 1870/1870/1870 1871/1871/1871 1872/1872/1872
f 1871/1871/1871 1873/1873/1873 1872/1872/1872
f 1872/1872/1872 1873/1873/1873 1874/1874/1874
f 1873/1873/1873 1875/1875/1875 1874/1874/1874
f 1874/1874/1874 1875/1875/1875 1876/1876/1876
f 1875/1875/1875 1877/1877/1877 1876/1876/1876
f 1876/1876/1876 1877/1877/1877 1878/1878/1878
f 1877/1877/1877 1879/1879/1879 1878/1878/1878
f 1878/1878/1878 1879/1879/1879 1880/1880/1880
f 1879/1879/1879 1881/1881/1881 1880/1880/1880
f 1880/1880/1880 1881/1881/1881 1882/1882/1882
f 1881/1881/1881 1883/1883/1883 1882/1882/1882
f 1882/1882/1882 1883/1883/1883 1884/1884/1884
f 1883/1883/1883 1885/1885/1885 1884/1884/1884
f 1884/1884/1884 1885/1885/1885 1886/1886/1886
f 1885/1885/1885 1887/1887/1887 1886/1886/1886
f 1886/1886/1886 1887/1887/1887 1888/1888/1888
f 1887/1887/1887 1889/1889/1889 1888/1888/1888
f 1888/1888/1888 1889/1889/1889 1890/1890/1890
f 1889/1889/1889 1891/1891/1891 1890/1890/1890
f 1890/1890/1890 1891/1891/1891 1892/1892/1892
f 1891/1891/1891 1893/1893/1893 1892/1892/1892
f 1892/1892/1892 1893/1893/1893 1894/1894/1894
f 1893/1893/1893 1895/1895/1895 1894/1894/1894
f 1894/1894/1894 1895/1895/1895 1896/1896/1896
f 1895/1895/1895 1897/1897/1897 1896/1896/1896
f 1896/1896/1896 1897/1897/1897 1898/1898/1898
f 1897/1897/1897 1899/1899/1899 1898/1898/1898
f 1898/1898/1898 1899/1899/1899 1900/1900/1900
f 1899/1899/1899 1901/1901/1901 1900/1900/1900
f 1900/1900/1900 1901/1901/1901 1902/1902/1902
f 1901/1901/1901 1903/1903/1903 1902/1902/1902
f 1902/1902/1902 1903/1903/1903 1904/1904/1904
f 1903/1903/1903 1905/1905/1905 1904/1904/1904
f 1904/1904/1904 1905/1905/1905 1906/1906/1906
f 1905/1905/1905 1907/1907/1907 1906/1906/1906
f 1906/1906/1906 1907/1907/1907 1908/1908/1908
f 1907/1907/1907 1909/1909/1909 1908/1908/1908
f 1908/1908/1908 1909/1909/1909 1910/1910/1910
f 1909/1909/1909 1911/1911/1911 1910/1910/1910
f 1910/1910/1910 1911/1911/1911 1912/1912/1912
f 1911/1911/1911 1913/1913/1913 1912/1912/1912
f 1912/1912/1912 1913/1913/1913 1914/1914/1914
f 1913/1913/1913 1915/1915/1915 1914/1914/1914
f 1914/1914/1914 1915/1915/1915 1916/1916/1916
f 1915/1915/1915 1917/1917/1917 1916/1916/1916
f 1916/1916/1916 1917/1917/1917 1918/1918/1918
f 1917/1917/1917 1919/1919/1919 1918/1918/1918
f 1918/1918/1918 1919/1919/1919 1920/1920/1920
f 1919/1919/1919 1921/1921/1921 1920/1920/1920
f 1920/1920/1920 1921/1921/1921 1922/1922/1922
f 1921/1921/1921 1923/1923/1923 1922/1922/1922
f 1922/1922/1922 1923/1923/1923 1924/1924/1924
f 1923/1923/1923 1925/1925/1925 1924/1924/1924
f 1924/1924/1924 1925/1925/1925 1926/1926/1926
f 1925/1925/1925 1927/1927/1927 1926/1926/1926
f 1926/1926/1926 1927/1927/1927 1928/1928/1928
f 1927/1927/1927 1929/1929/1929 1928/1928/1928
f 1928/1928/1928 1929/1929/1929 1930/1930/1930
f 1929/1929/1929 1931/1931/1931 1930/1930/1930
f 1930/1930/1930 1931/1931/1931 1932/1932/1932
f 1931/1931/1931 1933/1933/1933 1932/1932/1932
f 1932/1932/1932 1933/1933/1933 1934/1934/1934
f 1933/1933/1933 1935/1935/1935 1934/1934/1934
f 1934/1934/1934 1935/1935/1935 1936/1936/1936
f 1935/1935/1935 1937/1937/1937 1936/1936/1936
f 1936/1936/1936 1937/1937/1937 1938/1938/1938
f 1937/1937/1937 1939/1939/1939 1938/1938/1938
f 1938/1938/1938 1939/1939/1939 1940/1940/1940
f 1939/1939/1939 1941/1941/1941 1940/1940/1940
f 1940/1940/1940 1941/1941/1941 1942/1942/1942
f 1941/1941/1941 1943/1943/1943 1942/1942/1942
f 1942/1942/1942 1943/1943/1943 1944/1944/1944
f 1943/1943/1943 1945/1945/1945 1944/1944/1944
f 1944/1944/1944 1945/1945/1945 1946/1946/1946
f 1945/1945/1945 1947/1947/1947 1946/1946/1946
f 1946/1946/1946 1947/1947/1947 1948/1948/1948
f 1947/1947/1947 1949/1949/1949 1948/1948/1948
f 1948/1948/1948 1949/1949/1949 1950/1950/1950
f 1949/1949/1949 1951/1951/1951 1950/1950/1950
f 1950/1950/1950 1951/1951/1951 1952/1952/1952
f 1951/1951/1951 1953/1953/1953 1952/1952/1952
f 1952/1952/1952 1953/1953/1953 1954/1954/1954
f 1953/1953/1953 1955/1955/1955 1954/1954/1954
f 1954/1954/1954 1955/1955/1955 1956/1956/1956
f 1955/1955/1955 1957/1957/1957 1956/1956/1956
f 1956/1956/1956 1957/1957/1957 1958/1958/1958
f 1957/1957/1957 1959/1959/1959 1958/1958/1958
f 1958/1958/1958 1959/1959/1959 1960/1960/1960
f 1959/1959/1959 1961/1961/1961 1960/1960/1960
f 1960/1960/1960 1961/1961/1961 1962/1962/1962
f 1961/1961/1961 1963/1963/1963 1962/1962/1962
f 1962/1962/1962 1963/1963/1963 1964/1964/1964
f 1963/1963/1963 1965/1965/1965 1964/1964/1964
f 1964/1964/1964 1965/1965/1965 1966/1966/1966
f 1965/1965/1965 1967/1967/1967 1966/1966/1966
f 1966/1966/1966 1967/1967/1967 1968/1968/1968
f 1967/1967/1967 1969/1969/1969 1968/1968/1968
f 1968/1968/1968 1969/1969/1969 1970/1970/1970
f 1969/1969/1969 1971/1971/1971 1970/1970/1970
f 1970/1970/1970 1971/1971/1971 1972/1972/1972
f 1971/1971/1971 1973/1973/1973 1972/1972/1972
f 1972/1972/1972 1973/1973/1973 1974/1974/1974
f 1973/1973/1973 1975/1975/1975 1974/1974/1974
f 1974/1974/1974 1975/1975/1975 1976/1976/1976
f 1975/1975/1975 1977/1977/1977 1976/1976/1976
f 1976/1976/1976 1977/1977/1977 1978/1978/1978
f 1977/1977/1977 1979/1979/1979 1978/1978/1978
f 1978/1978/1978 1979/1979/1979 1980/1980/1980
f 1979/1979/1979 1981/1981/1981 1980/1980/1980
f 1980/1980/1980 1981/1981/1981 1982/1982/1982
f 1981/1981/1981 1983/1983/1983 1982/1982/1982
f 1982/1982/1982 1983/1983/1983 1984/1984/1984
f 1983/1983/1983 1985/1985/1985 1984/1984/1984
f 1984/1984/1984 1985/1985/1985 1986/1986/1986
f 1985/1985/1985 1987/1987/1987 1986/1986/1986
f 1986/1986/1986 1987/1987/1987 1988/1988/1988
f 1987/1987/1987 1989/1989/1989 1988/1988/1988
f 1988/1988/1988 1989/1989/1989 1990/1990/1990
f 1989/1989/1989 1991/1991/1991 1990/1990/1990
f 1990/1990/1990 1991/1991/1991 1992/1992/1992
f 1991/1991/1991 1993/1993/1993 1992/1992/1992
f 1992/1992/1992 1993/1993/1993 1994/1994/1994
f 1993/1993/1993 1995/1995/1995 1994/1994/1994
f 1994/1994/1994 1995/1995/1995 1996/1996/1996
f 1995/1995/1995 1997/1997/1997 1996/1996/1996
f 1996/1996/1996 1997/1997/1997 1998/1998/1998
f 1997/1997/1997 1999/1999/1999 1998/1998/1998
f 1998/1998/1998 1999/1999/1999 2000/2000/2000
f 1999/1999/1999 2001/2001/2001 2000/2000/2000
f 2000/2000/2000 2001/2001/2001 2002/2002/2002
f 2001/2001/2001 2003/2003/2003 2002/2002/2002
f 2002/2002/2002 2003/2003/2003 2004/2004/2004
f 2003/2003/2003 2005/2005/2005 2004/2004/2004
f 2004/2004/2004 2005/2005/2005 2006/2006/2006
f 2005/2005/2005 2007/2007/2007 2006/2006/2006
f 2006/2006/2006 2007/2007/2007 2008/2008/2008
f 2007/2007/2007 2009/2009/2009 2008/2008/2008
f 2008/2008/2008 2009/2009/2009 2010/2010/2010
f 2009/2009/2009 2011/2011/2011 2010/2010/2010
f 2010/2010/2010 2011/2011/2011 2012/2012/2012
f 2011/2011/2011 2013/2013/2013 2012/2012/2012
f 2012/2012/2012 2013/2013/2013 2014/2014/2014
f 2013/2013/2013 2015/2015/2015 2014/2014/2014
f 2014/2014/2014 2015/2015/2015 2016/2016/2016
f 2015/2015/2015 2017/2017/2017 2016/2016/2016
f 2016/2016/2016 2017/2017/2017 2018/2018/2018
f 2017/2017/2017 2019/2019/2019 2018/2018/2018
f 2018/2018/2018 2019/2019/2019 2020/2020/2020
f 2019/2019/2019 2021/2021/2021 2020/2020/2020
f 2020/2020/2020 2021/2021/2021 2022/2022/2022
f 2021/2021/2021 2023/2023/2023 2022/2022/2022
f 2022/2022/2022 2023/2023/2023 2024/2024/2024
f 2023/2023/2023 2025/2025/2025 2024/2024/2024
f 2024/2024/2024 2025/2025/2025 2026/2026/2026
f 2025/2025/2025 2027/2027/2027 2026/2026/2026
f 2026/2026/2026 2027/2027/2027 2028/2028/2028
f 2027/2027/2027 2029/2029/2029 2028/2028/2028
f 2028/2028/2028 2029/2029/2029 2030/2030/2030
f 2029/2029/2029 2031/2031/2031 2030/2030/2030
f 2030/2030/2030 2031/2031/2031 2032/2032/2032
f 2031/2031/2031 2033/2033/2033 2032/2032/2032
f 2032/2032/2032 2033/2033/2033 2034/2034/2034
f 2033/2033/2033 2035/2035/2035 2034/2034/2034
f 2034/2034/2034 2035/2035/2035 2036/2036/2036
f 2035/2035/2035 2037/2037/2037 2036/2036/2036
f 2036/2036/2036 2037/2037/2037 2038/2038/2038
f 2037/2037/2037 2039/2039/2039 2038/2038/2038
f 2038/2038/2038 2039/2039/2039 2040/2040/2040
f 2039/2039/2039 2041/2041/2041 2040/2040/2040
f 2040/2040/2040 2041/2041/2041 2042/2042/2042
f 2041/2041/2041 2043/2043/2043 2042/2042/2042
f 2042/2042/2042 2043/2043/2043 2044/2044/2044
f 2043/2043/2043 2045/2045/2045 2044/2044/2044
f 2044/2044/2044 2045/2045/2045 2046/2046/2046
f 2045/2045/2045 2047/2047/2047 2046/2046/2046
f 2046/2046/2046 2047/2047/2047 2048/2048/2048
f 2047/2047/2047 2049/2049/2049 2048/2048/2048
f 2048/2048/2048 2049/2049/2049 2050/2050/2050
f 2049/2049/2049 2051/2051/2051 2050/2050/2050
f 2050/2050/2050 2051/2051/2051 2052/2052/2052
f 2051/2051/2051 2053/2053/2053 2052/2052/2052
f 2052/2052/2052 2053/2053/2053 2054/2054/2054
f 2053/2053/2053 2055/2055/2055 2054/2054/2054
f 2054/2054/2054 2055/2055/2055 2056/2056/2056
f 2055/2055/2055 2057/2057/2057 2056/2056/2056
f 2056/2056/2056 2057/2057/2057 2058/2058/2058
f 2057/2057/2057 2059/2059/2059 2058/2058/2058
f 2058/2058/2058 2059/2059/2059 2060/2060/2060
f 2059/2059/2059 2061/2061/2061 2060/2060/2060
f 2060/2060/2060 2061/2061/2061 2062/2062/2062
f 2061/2061/2061 2063/2063/2063 2062/2062/2062
f 2062/2062/2062 2063/2063/2063 2064/2064/2064
f 2063/2063/2063 2065/2065/2065 2064/2064/2064
f 2064/2064/2064 2065/2065/2065 2066/2066/2066
f 2065/2065/2065 2067/2067/2067 2066/2066/2066
f 2066/2066/2066 2067/2067/2067 2068/2068/2068
f 2067/2067/2067 2069/2069/2069 2068/2068/2068
f 2068/2068/2068 2069/2069/2069 2070/2070/2070
f 2069/2069/2069 2071/2071/2071 2070/2070/2070
f 2070/2070/2070 2071/2071/2071 2072/2072/2072
f 2071/2071/2071 2073/2073/2073 2072/2072/2072
f 2072/2072/2072 2073/2073/2073 2074/2074/2074
f 2073/2073/2073 2075/2075/2075 2074/2074/2074
f 2074/2074/2074 2075/2075/2075 2076/2076/2076
f 2075/2075/2075 2077/2077/2077 2076/2076/2076
f 2076/2076/2076 2077/2077/2077 2078/2078/2078
f 2077/2077/2077 2079/2079/2079 2078/2078/2078
f 2078/2078/2078 2079/2079/2079 2080/2080/2080
f 2079/2079/2079 2081/2081/2081 2080/2080/2080
f 2080/2080/2080 2081/2081/2081 2082/2082/2082
f 2081/2081/2081 2083/2083/2083 2082/2082/2082
f 2082/2082/2082 2083/2083/2083 2084/2084/2084
f 2083/2083/2083 2085/2085/2085 2084/2084/2084
f 2084/2084/2084 2085/2085/2085 2086/2086/2086
f 2085/2085/2085 2087/2087/2087 2086/2086/2086
f 2086/2086/2086 2087/2087/2087 2088/2088/2088
f 2087/2087/2087 2089/2089/2089 2088/2088/2088
f 2088/2088/2088 2089/2089/2089 2090/2090/2090
f 2089/2089/2089 2091/2091/2091 2090/2090/2090
f 2090/2090/2090 2091/2091/2091 2092/2092/2092
f 2091/2091/2091 2093/2093/2093 2092/2092/2092
f 2092/2092/2092 2093/2093/2093 2094/2094/2094
f 2093/2093/2093 2095/2095/2095 2094/2094/2094
f 2094/2094/2094 2095/2095/2095 2096/2096/2096
f 2095/2095/2095 2097/2097/2097 2096/2096/2096
f 2096/2096/2096 2097/2097/2097 2098/2098/2098
f 2097/2097/2097 2099/2099/2099 2098/2098/2098
f 2098/2098/2098 2099/2099/2099 2100/2100/2100
f 2099/2099/2099 2101/2101/2101 2100/2100/2100
f 2100/2100/2100 2101/2101/2101 2102/2102/2102
f 2101/2101/2101 2103/2103/2103 2102/2102/2102
f 2102/2102/2102 2103/2103/2103 2104/2104/2104
f 2103/2103/2103 2105/2105/2105 2104/2104/2104
f 2104/2104/2104 2105/2105/2105 2106/2106/2106
f 2105/2105/2105 2107/2107/2107 2106/2106/2106
f 2106/2106/2106 2107/2107/2107 2108/2108/2108
f 2107/2107/2107 2109/2109/2109 2108/2108/2108
f 2108/2108/2108 2109/2109/2109 2110/2110/2110
f 2109/2109/2109 2111/2111/2111 2110/2110/2110
f 2110/2110/2110 2111/2111/2111 2112/2112/2112
f 2111/2111/2111 2113/2113/2113 2112/2112/2112
f 2112/2112/2112 2113/2113/2113 2114/2114/2114
f 2113/2113/2113 2115/2115/2115 2114/2114/2114
f 2114/2114/2114 2115/2115/2115 2116/2116/2116
f 2115/2115/2115 2117/2117/2117 2116/2116/2116
f 2116/2116/2116 2117/2117/2117 2118/2118/2118
f 2117/2117/2117 2119/2119/2119 2118/2118/2118
f 2118/2118/2118 2119/2119/2119 2120/2120/2120
f 2119/2119/2119 2121/2121/2121 2120/2120/2120
f 2120/2120/2120 2121/2121/2121 2122/2122/2122
f 2121/2121/2121 2123/2123/2123 2122/2122/2122
f 2122/2122/2122 2123/2123/2123 2124/2124/2124
f 2123/2123/2123 2125/2125/2125 2124/2124/2124
f 2124/2124/2124 2125/2125/2125 2126/2126/2126
f 2125/2125/2125 2127/2127/2127 2126/2126/2126
f 2126/2126/2126 2127/2127/2127 2128/2128/2128
f 2127/2127/2127 2129/2129/2129 2128/2128/2128
f 2128/2128/2128 2129/2129/2129 2130/2130/2130
f 2129/2129/2129 2131/2131/2131 2130/2130/2130
f 2130/2130/2130 2131/2131/2131 2132/2132/2132
f 2131/2131/2131 2133/2133/2133 2132/2132/2132
f 2132/2132/2132 2133/2133/2133 2134/2134/2134
f 2133/2133/2133 2135/2135/2135 2134/2134/2134
f 2134/2134/2134 2135/2135/2135 2136/2136/2136
f 2135/2135/2135 2137/2137/2137 2136/2136/2136
f 2136/2136/2136 2137/2137/2137 2138/2138/2138
f 2137/2137/2137 2139/2139/2139 2138/2138/2138
f 2138/2138/2138 2139/2139/2139 2140/2140/2140
f 2139/2139/2139 2141/2141/2141 2140/2140/2140
f 2140/2140/2140 2141/2141/2141 2142/2142/2142
f 2141/2141/2141 2143/2143/2143 2142/2142/2142
f 2142/2142/2142 2143/2143/2143 2144/2144/2144
f 2143/2143/2143 2145/2145/2145 2144/2144/2144
f 2144/2144/2144 2145/2145/2145 2146/2146/2146
f 2145/2145/2145 2147/2147/2147 2146/2146/2146
f 2146/2146/2146 2147/2147/2147 2148/2148/2148
f 2147/2147/2147 2149/2149/2149 2148/2148/2148
f 2148/2148/2148 2149/2149/2149 2150/2150/2150
f 2149/2149/2149 2151/2151/2151 2150/2150/2150
f 2150/2150/2150 2151/2151/2151 2152/2152/2152
f 2151/2151/2151 2153/2153/2153 2152/2152/2152
f 2152/2152/2152 2153/2153/2153 2154/2154/2154
f 2153/2153/2153 2155/2155/2155 2154/2154/2154
f 2154/2154/2154 2155/2155/2155 2156/2156/2156
f 2155/2155/2155 2157/2157/2157 2156/2156/2156
f 2156/2156/2156 2157/2157/2157 2158/2158/2158
f 2157/2157/2157 2159/2159/2159 2158/2158/2158
f 2158/2158/2158 2159/2159/2159 2160/2160/2160
f 2159/2159/2159 2161/2161/2161 2160/2160/2160
f 2160/2160/2160 2161/2161/2161 2162/2162/2162
f 2161/2161/2161 2163/2163/2163 2162/2162/2162
f 2162/2162/2162 2163/2163/2163 2164/2164/2164
f 2163/2163/2163 2165/2165/2165 2164/2164/2164
f 2164/2164/2164 2165/2165/2165 2166/2166/2166
f 2165/2165/2165 2167/2167/2167 2166/2166/2166
f 2166/2166/2166 2167/2167/2167 2168/2168/2168
f 2167/2167/2167 2169/2169/2169 2168/2168/2168
f 2168/2168/2168 2169/2169/2169 2170/2170/2170
f 2169/2169/2169 2171/2171/2171 2170/2170/2170
f 2170/2170/2170 2171/2171/2171 2172/2172/2172
f 2171/2171/2171 2173/2173/2173 2172/2172/2172
f 2172/2172/2172 2173/2173/2173 2174/2174/2174
f 2173/2173/2173 2175/2175/2175 2174/2174/2174
f 2174/2174/2174 2175/2175/2175 2176/2176/2176
f 2175/2175/2175 2177/2177/2177 2176/2176/2176
f 2176/2176/2176 2177/2177/2177 2178/2178/2178
f 2177/2177/2177 2179/2179/2179 2178/2178/2178
f 2178/2178/2178 2179/2179/2179 2180/2180/2180
f 2179/2179/2179 2181/2181/2181 2180/2180/2180
f 2180/2180/2180 2181/2181/2181 2182/2182/2182
f 2181/2181/2181 2183/2183/2183 2182/2182/2182
f 2182/2182/2182 2183/2183/2183 2184/2184/2184
f 2183/2183/2183 2185/2185/2185 2184/2184/2184
f 2184/2184/2184 2185/2185/2185 2186/2186/2186
f 2185/2185/2185 2187/2187/2187 2186/2186/2186
f 2186/2186/2186 2187/2187/2187 2188/2188/2188
f 2187/2187/2187 2189/2189/2189 2188/2188/2188
f 2188/2188/2188 2189/2189/2189 2190/2190/2190
f 2189/2189/2189 2191/2191/2191 2190/2190/2190
f 2190/2190/2190 2191/2191/2191 2192/2192/2192
f 2191/2191/2191 2193/2193/2193 2192/2192/2192
f 2192/2192/2192 2193/2193/2193 2194/2194/2194
f 2193/2193/2193 2195/2195/2195 2194/2194/2194
f 2194/2194/2194 2195/2195/2195 2196/2196/2196
f 2195/2195/2195 2197/2197/2197 2196/2196/2196
f 2196/2196/2196 2197/2197/2197 2198/2198/2198
f 2197/2197/2197 2199/2199/2199 2198/2198/2198
f 2198/2198/2198 2199/2199/2199 2200/2200/2200
f 2199/2199/2199 2201/2201/2201 2200/2200/2200
f 2200/2200/2200 2201/2201/2201 2202/2202/2202
f 2201/2201/2201 2203/2203/2203 2202/2202/2202
f 2202/2202/2202 2203/2203/2203 2204/2204/2204
f 2203/2203/2203 2205/2205/2205 2204/2204/2204
f 2204/2204/2204 2205/2205/2205 2206/2206/2206
f 2205/2205/2205 2207/2207/2207 2206/2206/2206
f 2206/2206/2206 2207/2207/2207 2208/2208/2208
f 2207/2207/2207 2209/2209/2209 2208/2208/2208
f 2208/2208/2208 2209/2209/2209 2210/2210/2210
f 2209/2209/2209 2211/2211/2211 2210/2210/2210
f 2210/2210/2210 2211/2211/2211 2212/2212/2212
f 2211/2211/2211 2213/2213/2213 2212/2212/2212
f 2212/2212/2212 2213/2213/2213 2214/2214/2214
f 2213/2213/2213 2215/2215/2215 2214/2214/2214
f 2214/2214/2214 2215/2215/2215 2216/2216/2216
f 2215/2215/2215 2217/2217/2217 2216/2216/2216
f 2216/2216/2216 2217/2217/2217 2218/2218/2218
f 2217/2217/2217 2219/2219/2219 2218/2218/2218
f 2218/2218/2218 2219/2219/2219 2220/2220/2220
f 2219/2219/2219 2221/2221/2221 2220/2220/2220
f 2220/2220/2220 2221/2221/2221 2222/2222/2222
f 2221/2221/2221 2223/2223/2223 2222/2222/2222
f 2222/2222/2222 2223/2223/2223 2224/2224/2224
f 2223/2223/2223 2225/2225/2225 2224/2224/2224
f 2224/2224/2224 2225/2225/2225 2226/2226/2226
f 2225/2225/2225 2227/2227/2227 2226/2226/2226
f 2226/2226/2226 2227/2227/2227 2228/2228/2228
f 2227/2227/2227 2229/2229/2229 2228/2228/2228
f 2228/2228/2228 2229/2229/2229 2230/2230/2230
f 2229/2229/2229 2231/2231/2231 2230/2230/2230
f 2230/2230/2230 2231/2231/2231 2232/2232/2232
f 2231/2231/2231 2233/2233/2233 2232/2232/2232
f 2232/2232/2232 2233/2233/2233 2234/2234/2234
f 2233/2233/2233 2235/2235/2235 2234/2234/2234
f 2234/2234/2234 2235/2235/2235 2236/2236/2236
f 2235/2235/2235 2237/2237/2237 2236/2236/2236
f 2236/2236/2236 2237/2237/2237 2238/2238/2238
f 2237/2237/2237 2239/2239/2239 2238/2238/2238
f 2238/2238/2238 2239/2239/2239 2240/2240/2240
f 2239/2239/2239 2241/2241/2241 2240/2240/2240
f 2240/2240/2240 2241/2241/2241 2242/2242/2242
f 2241/2241/2241 2243/2243/2243 2242/2242/2242
f 2242/2242/2242 2243/2243/2243 2244/2244/2244
f 2243/2243/2243 2245/2245/2245 2244/2244/2244
f 2244/2244/2244 2245/2245/2245 2246/2246/2246
f 2245/2245/2245 2247/2247/2247 2246/2246/2246
f 2246/2246/2246 2247/2247/2247 2248/2248/2248
f 2247/2247/2247 2249/2249/2249 2248/2248/2248
f 2248/2248/2248 2249/2249/2249 2250/2250/2250
f 2249/2249/2249 2251/2251/2251 2250/2250/2250
f 2250/2250/2250 2251/2251/2251 2252/2252/2252
f 2251/2251/2251 2253/2253/2253 2252/2252/2252
f 2252/2252/2252 2253/2253/2253 2254/2254/2254
f 2253/2253/2253 2255/2255/2255 2254/2254/2254
f 2254/2254/2254 2255/2255/2255 2256/2256/2256
f 2255/2255/2255 2257/2257/2257 2256/2256/2256
f 2256/2256/2256 2257/2257/2257 2258/2258/2258
f 2257/2257/2257 2259/2259/2259 2258/2258/2258
f 2258/2258/2258 2259/2259/2259 2260/2260/2260
f 2259/2259/2259 2261/2261/2261 2260/2260/2260
f 2260/2260/2260 2261/2261/2261 2262/2262/2262
f 2261/2261/2261 2263/2263/2263 2262/2262/2262
f 2262/2262/2262 2263/2263/2263 2264/2264/2264
f 2263/2263/2263 2265/2265/2265 2264/2264/2264
f 2264/2264/2264 2265/2265/2265 2266/2266/2266
f 2265/2265/2265 2267/2267/2267 2266/2266/2266
f 2266/2266/2266 2267/2267/2267 2268/2268/2268
f 2267/2267/2267 2269/2269/2269 2268/2268/2268
f 2268/2268/2268 2269/2269/2269 2270/2270/2270
f 2269/2269/2269 2271/2271/2271 2270/2270/2270
f 2270/2270/2270 2271/2271/2271 2272/2272/2272
f 2271/2271/2271 2273/2273/2273 2272/2272/2272
f 2272/2272/2272 2273/2273/2273 2274/2274/2274
f 2273/2273/2273 2275/2275/2275 2274/2274/2274
f 2274/2274/2274 2275/2275/2275 2276/2276/2276
f 2275/2275/2275 2277/2277/2277 2276/2276/2276
f 2276/2276/2276 2277/2277/2277 2278/2278/2278
f 2277/2277/2277 2279/2279/2279 2278/2278/2278
f 2278/2278/2278 2279/2279/2279 2280/2280/2280
f 2279/2279/2279 2281/2281/2281 2280/2280/2280
f 2280/2280/2280 2281/2281/2281 2282/2282/2282
f 2281/2281/2281 2283/2283/2283 2282/2282/2282
f 2282/2282/2282 2283/2283/2283 2284/2284/2284
f 2283/2283/2283 2285/2285/2285 2284/2284/2284
f 2284/2284/2284 2285/2285/2285 2286/2286/2286
f 2285/2285/2285 2287/2287/2287 2286/2286/2286
f 2286/2286/2286 2287/2287/2287 2288/2288/2288
f 2287/2287/2287 2289/2289/2289 2288/2288/2288
f 2288/2288/2288 2289/2289/2289 2290/2290/2290
f 2289/2289/2289 2291/2291/2291 2290/2290/2290
f 2290/2290/2290 2291/2291/2291 2292/2292/2292
f 2291/2291/2291 2293/2293/2293 2292/2292/2292
f 2292/2292/2292 2293/2293/2293 2294/2294/2294
f 2293/2293/2293 2295/2295/2295 2294/2294/2294
f 2294/2294/2294 2295/2295/2295 2296/2296/2296
f 2295/2295/2295 2297/2297/2297 2296/2296/2296
f 2296/2296/2296 2297/2297/2297 2298/2298/2298
f 2297/2297/2297 2299/2299/2299 2298/2298/2298
f 2298/2298/2298 2299/2299/2299 2300/2300/2300
f 2299/2299/2299 2301/2301/2301 2300/2300/2300
f 2300/2300/2300 2301/2301/2301 2302/2302/2302
f 2301/2301/2301 2303/2303/2303 2302/2302/2302
f 2302/2302/2302 2303/2303/2303 2304/2304/2304
f 2303/2303/2303 2305/2305/2305 2304/2304/2304
f 2304/2304/2304 2305/2305/2305 2306/2306/2306
f 2305/2305/2305 2307/2307/2307 2306/2306/2306
f 2306/2306/2306 2307/2307/2307 2308/2308/2308
f 2307/2307/2307 2309/2309/2309 2308/2308/2308
f 2308/2308/2308 2309/2309/2309 2310/2310/2310
f 2309/2309/2309 2311/2311/2311 2310/2310/2310
f 2310/2310/2310 2311/2311/2311 2312/2312/2312
f 2311/2311/2311 2313/2313/2313 2312/2312/2312
f 2312/2312/2312 2313/2313/2313 2314/2314/2314
f 2313/2313/2313 2315/2315/2315 2314/2314/2314
f 2314/2314/2314 2315/2315/2315 2316/2316/2316
f 2315/2315/2315 2317/2317/2317 2316/2316/2316
f 2316/2316/2316 2317/2317/2317 2318/2318/2318
f 2317/2317/2317 2319/2319/2319 2318/2318/2318
f 2318/2318/2318 2319/2319/2319 2320/2320/2320
f 2319/2319/2319 2321/2321/2321 2320/2320/2320
f 2320/2320/2320 2321/2321/2321 2322/2322/2322
f 2321/2321/2321 2323/2323/2323 2322/2322/2322
f 2322/2322/2322 2323/2323/2323 2324/2324/2324
f 2323/2323/2323 2325/2325/2325 2324/2324/2324
f 2324/2324/2324 2325/2325/2325 2326/2326/2326
f 2325/2325/2325 2327/2327/2327 2326/2326/2326
f 2326/2326/2326 2327/2327/2327 2328/2328/2328
f 2327/2327/2327 2329/2329/2329 2328/2328/2328
f 2328/2328/2328 2329/2329/2329 2330/2330/2330
f 2329/2329/2329 2331/2331/2331 2330/2330/2330
f 2330/2330/2330 2331/2331/2331 2332/2332/2332
f 2331/2331/2331 2333/2333/2333 2332/2332/2332
f 2332/2332/2332 2333/2333/2333 2334/2334/2334
f 2333/2333/2333 2335/2335/2335 2334/2334/2334
f 2334/2334/2334 2335/2335/2335 2336/2336/2336
f 2335/2335/2335 2337/2337/2337 2336/2336/2336
f 2336/2336/2336 2337/2337/2337 2338/2338/2338
f 2337/2337/2337 2339/2339/2339 2338/2338/2338
f 2338/2338/2338 2339/2339/2339 2340/2340/2340
f 2339/2339/2339 2341/2341/2341 2340/2340/2340
f 2340/2340/2340 2341/2341/2341 2342/2342/2342
f 2341/2341/2341 2343/2343/2343 2342/2342/2342
f 2342/2342/2342 2343/2343/2343 2344/2344/2344
f 2343/2343/2343 2345/2345/2345 2344/2344/2344
f 2344/2344/2344 2345/2345/2345 2346/2346/2346
f 2345/2345/2345 2347/2347/2347 2346/2346/2346
f 2346/2346/2346 2347/2347/2347 2348/2348/2348
f 2347/2347/2347 2349/2349/2349 2348/2348/2348
f 2348/2348/2348 2349/2349/2349 2350/2350/2350
f 2349/2349/2349 2351/2351/2351 2350/2350/2350
f 2350/2350/2350 2351/2351/2351 2352/2352/2352
f 2351/2351/2351 2353/2353/2353 2352/2352/2352
f 2352/2352/2352 2353/2353/2353 2354/2354/2354
f 2353/2353/2353 2355/2355/2355 2354/2354/2354
f 2354/2354/2354 2355/2355/2355 2356/2356/2356
f 2355/2355/2355 2357/2357/2357 2356/2356/2356
f 2356/2356/2356 2357/2357/2357 2358/2358/2358
f 2357/2357/2357 2359/2359/2359 2358/2358/2358
f 2358/2358/2358 2359/2359/2359 2360/2360/2360
f 2359/2359/2359 2361/2361/2361 2360/2360/2360
f 2360/2360/2360 2361/2361/2361 2362/2362/2362
f 2361/2361/2361 2363/2363/2363 2362/2362/2362
f 2362/2362/2362 2363/2363/2363 2364/2364/2364
f 2363/2363/2363 2365/2365/2365 2364/2364/2364
f 2364/2364/2364 2365/2365/2365 2366/2366/2366
f 2365/2365/2365 2367/2367/2367 2366/2366/2366
f 2366/2366/2366 2367/2367/2367 2368/2368/2368
f 2367/2367/2367 2369/2369/2369 2368/2368/2368
f 2368/2368/2368 2369/2369/2369 2370/2370/2370
f 2369/2369/2369 2371/2371/2371 2370/2370/2370
f 2370/2370/2370 2371/2371/2371 2372/2372/2372
f 2371/2371/2371 2373/2373/2373 2372/2372/2372
f 2372/2372/2372 2373/2373/2373 2374/2374/2374
f 2373/2373/2373 2375/2375/2375 2374/2374/2374
f 2374/2374/2374 2375/2375/2375 2376/2376/2376
f 2375/2375/2375 2377/2377/2377 2376/2376/2376
f 2376/2376/2376 2377/2377/2377 2378/2378/2378
f 2377/2377/2377 2379/2379/2379 2378/2378/2378
f 2378/2378/2378 2379/2379/2379 2380/2380/2380
f 2379/2379/2379 2381/2381/2381 2380/2380/2380
f 2380/2380/2380 2381/2381/2381 2382/2382/2382
f 2381/2381/2381 2383/2383/2383 2382/2382/2382
f 2382/2382/2382 2383/2383/2383 2384/2384/2384
f 2383/2383/2383 2385/2385/2385 2384/2384/2384
f 2384/2384/2384 2385/2385/2385 2386/2386/2386
f 2385/2385/2385 2387/2387/2387 2386/2386/2386
f 2386/2386/2386 2387/2387/2387 2388/2388/2388
f 2387/2387/2387 2389/2389/2389 2388/2388/2388
f 2388/2388/2388 2389/2389/2389 2390/2390/2390
f 2389/2389/2389 2391/2391/2391 2390/2390/2390
f 2390/2390/2390 2391/2391/2391 2392/2392/2392
f 2391/2391/2391 2393/2393/2393 2392/2392/2392
f 2392/2392/2392 2393/2393/2393 2394/2394/2394
f 2393/2393/2393 2395/2395/2395 2394/2394/2394
f 2394/2394/2394 2395/2395/2395 2396/2396/2396
f 2395/2395/2395 2397/2397/2397 2396/2396/2396
f 2396/2396/2396 2397/2397/2397 2398/2398/2398
f 2397/2397/2397 2399/2399/2399 2398/2398/2398
f 2398/2398/2398 2399/2399/2399 2400/2400/2400
f 2399/2399/2399 2401/2401/2401 2400/2400/2400
f 2400/2400/2400 2401/2401/2401 2402/2402/2402
f 2401/2401/2401 2403/2403/2403 2402/2402/2402
f 2402/2402/2402 2403/2403/2403 2404/2404/2404
f 2403/2403/2403 2405/2405/2405 2404/2404/2404
f 2404/2404/2404 2405/2405/2405 2406/2406/2406
f 2405/2405/2405 2407/2407/2407 2406/2406/2406
f 2406/2406/2406 2407/2407/2407 2408/2408/2408
f 2407/2407/2407 2409/2409/2409 2408/2408/2408
f 2408/2408/2408 2409/2409/2409 2410/2410/2410
f 2409/2409/2409 2411/2411/2411 2410/2410/2410
f 2410/2410/2410 2411/2411/2411 2412/2412/2412
f 2411/2411/2411 2413/2413/2413 2412/2412/2412
f 2412/2412/2412 2413/2413/2413 2414/2414/2414
f 2413/2413/2413 2415/2415/2415 2414/2414/2414
f 2414/2414/2414 2415/2415/2415 2416/2416/2416
f 2415/2415/2415 2417/2417/2417 2416/2416/2416
f 2416/2416/2416 2417/2417/2417 2418/2418/2418
f 2417/2417/2417 2419/2419/2419 2418/2418/2418
f 2418/2418/2418 2419/2419/2419 2420/2420/2420
f 2419/2419/2419 2421/2421/2421 2420/2420/2420
f 2420/2420/2420 2421/2421/2421 2422/2422/2422
f 2421/2421/2421 2423/2423/2423 2422/2422/2422
f 2422/2422/2422 2423/2423/2423 2424/2424/2424
f 2423/2423/2423 2425/2425/2425 2424/2424/2424
f 2424/2424/2424 2425/2425/2425 2426/2426/2426
f 2425/2425/2425 2427/2427/2427 2426/2426/2426
f 2426/2426/2426 2427/2427/2427 2428/2428/2428
f 2427/2427/2427 2429/2429/2429 2428/2428/2428
f 2428/2428/2428 2429/2429/2429 2430/2430/2430
f 2429/2429/2429 2431/2431/2431 2430/2430/2430
f 2430/2430/2430 2431/2431/2431 2432/2432/2432
f 2431/2431/2431 2433/2433/2433 2432/2432/2432
f 2432/2432/2432 2433/2433/2433 2434/2434/2434
f 2433/2433/2433 2435/2435/2435 2434/2434/2434
f 2434/2434/2434 2435/2435/2435 2436/2436/2436
f 2435/2435/2435 2437/2437/2437 2436/2436/2436
f 2436/2436/2436 2437/2437/2437 2438/2438/2438
f 2437/2437/2437 2439/2439/2439 2438/2438/2438
f 2438/2438/2438 2439/2439/2439 2440/2440/2440
f 2439/2439/2439 2441/2441/2441 2440/2440/2440
f 2440/2440/2440 2441/2441/2441 2442/2442/2442
f 2441/2441/2441 2443/2443/2443 2442/2442/2442
f 2442/2442/2442 2443/2443/2443 2444/2444/2444
f 2443/2443/2443 2445/2445/2445 2444/2444/2444
f 2444/2444/2444 2445/2445/2445 2446/2446/2446
f 2445/2445/2445 2447/2447/2447 2446/2446/2446
f 2446/2446/2446 2447/2447/2447 2448/2448/2448
f 2447/2447/2447 2449/2449/2449 2448/2448/2448
f 2448/2448/2448 2449/2449/2449 2450/2450/2450
f 2449/2449/2449 2451/2451/2451 2450/2450/2450
f 2450/2450/2450 2451/2451/2451 2452/2452/2452
f 2451/2451/2451 2453/2453/2453 2452/2452/2452
f 2452/2452/2452 2453/2453/2453 2454/2454/2454
f 2453/2453/2453 2455/2455/2455 2454/2454/2454
f 2454/2454/2454 2455/2455/2455 2456/2456/2456
f 2455/2455/2455 2457/2457/2457 2456/2456/2456
f 2456/2456/2456 2457/2457/2457 2458/2458/2458
f 2457/2457/2457 2459/2459/2459 2458/2458/2458
f 2458/2458/2458 2459/2459/2459 2460/2460/2460
f 2459/2459/2459 2461/2461/2461 2460/2460/2460
f 2460/2460/2460 2461/2461/2461 2462/2462/2462
f 2461/2461/2461 2463/2463/2463 2462/2462/2462
f 2462/2462/2462 2463/2463/2463 2464/2464/2464
f 2463/2463/2463 2465/2465/2465 2464/2464/2464
f 2464/2464/2464 2465/2465/2465 2466/2466/2466
f 2465/2465/2465 2467/2467/2467 2466/2466/2466
f 2466/2466/2466 2467/2467/2467 2468/2468/2468
f 2467/2467/2467 2469/2469/2469 2468/2468/2468
f 2468/2468/2468 2469/2469/2469 2470/2470/2470
f 2469/2469/2469 2471/2471/2471 2470/2470/2470
f 2470/2470/2470 2471/2471/2471 2472/2472/2472
f 2471/2471/2471 2473/2473/2473 2472/2472/2472
f 2472/2472/2472 2473/2473/2473 2474/2474/2474
f 2473/2473/2473 2475/2475/2475 2474/2474/2474
f 2474/2474/2474 2475/2475/2475 2476/2476/2476
f 2475/2475/2475 2477/2477/2477 2476/2476/2476
f 2476/2476/2476 2477/2477/2477 2478/2478/2478
f 2477/2477/2477 2479/2479/2479 2478/2478/2478
f 2478/2478/2478 2479/2479/2479 2480/2480/2480
