# MCO FRD road extraction

o road_strip
v 503.082366 -1.601898 608.425980
v 425.384224 -1.601898 592.761031
v 497.297308 -1.601898 605.703051
v 419.908979 -1.601898 591.972863
v 459.214272 -1.601898 599.186969
v 407.317565 -1.601898 589.560967
v 453.548645 -1.601898 598.629301
v 401.878765 -1.601898 588.211986
v 447.693714 -1.601898 597.192684
v 396.396626 -1.601898 587.264215
v 441.951314 -1.601898 596.077190
v 401.523301 -1.601898 588.252413
v 436.164281 -1.601898 594.433767
v 395.997715 -1.601898 587.364451
v 430.502666 -1.601898 593.427732
v 390.592490 -1.601898 586.403541
v 424.686569 -1.601898 592.393303
v 374.642687 -1.601898 583.585580
v 418.938664 -1.601898 591.405530
v 369.230019 -1.601898 582.586254
v 413.246242 -1.601898 590.111608
v 363.842879 -1.601898 581.811843
v 406.272009 -1.601898 589.123532
v 357.123695 -1.601898 580.473429
v 398.820315 -1.601898 587.785738
v 348.799110 -1.601898 578.982006
v 392.646406 -1.601898 586.672774
v 351.049297 -1.601898 579.351683
v 387.632839 -1.601898 585.763974
v 337.837682 -1.601898 577.000026
v 346.773901 -1.607208 614.805503
v 350.336090 -1.607208 558.701020
v 347.405717 -1.617828 605.043537
v 350.694892 -1.617828 553.239034
v 348.022956 -1.628464 595.510692
v 351.060310 -1.628464 547.672371
v 348.605622 -1.639084 586.523822
v 351.838545 -1.639084 535.605277
v 349.144460 -1.649704 578.226679
v 352.241509 -1.649704 529.448158
v 349.634672 -1.660339 570.694506
v 352.651524 -1.660339 523.179097
v 350.035433 -1.670959 564.571741
v 353.068161 -1.670959 516.806271
v 350.616264 -1.688675 558.900540
v 352.884196 -1.688675 518.077763
v 350.940855 -1.713455 553.510220
v 353.208783 -1.713455 512.687519
v 351.202102 -1.738251 549.260171
v 353.533368 -1.738251 507.297383
v 351.526689 -1.763046 543.870004
v 353.857954 -1.763046 501.907231
v 352.483176 -1.787842 523.704740
v 354.931223 -1.787842 489.432089
v 353.079553 -1.812637 518.327971
v 354.989936 -1.812637 483.941070
v 353.397865 -1.837418 513.050164
v 355.314490 -1.837418 478.550903
v 353.719822 -1.862213 507.706754
v 355.639036 -1.862213 473.160888
v 354.039955 -1.887009 502.396130
v 355.560314 -1.887009 475.029669
v 354.360089 -1.911804 497.085537
v 355.884864 -1.911804 469.639578
v 354.671219 -1.936600 491.937017
v 356.209752 -1.936600 464.243423
v 355.000723 -1.961395 486.456965
v 356.933823 -1.961395 451.661149
v 355.517120 -1.986099 481.139973
v 356.902171 -1.986099 446.236688
v 355.624878 -2.010696 483.100825
v 356.967059 -2.010696 440.822134
v 355.823836 -2.035156 477.700156
v 357.166243 -2.035156 435.414328
v 356.446440 -2.058746 465.089901
v 356.889214 -2.058746 437.195129
v 356.556242 -2.081589 459.678051
v 356.999016 -2.081589 431.783279
v 356.872101 -2.103729 454.264145
v 356.872101 -2.103729 426.365829
v 356.881500 -2.124680 441.649933
v 356.881500 -2.124680 420.949905
v 356.857178 -2.144974 436.234360
v 356.857178 -2.144974 408.333160
v 356.964195 -2.164093 430.806177
v 356.300066 -2.164093 402.912744
v 357.190996 -2.181229 432.565743
v 355.799237 -2.181229 397.493416
v 357.148829 -2.196442 427.127355
v 355.201835 -2.196442 392.081451
v 357.682745 -2.209412 428.854737
v 354.336132 -2.209412 386.687419
v 357.788517 -2.219681 422.769782
v 353.183087 -2.219681 381.320906
v 357.882406 -2.226227 416.839143
v 351.675067 -2.226227 376.001382
v 357.892196 -2.227585 411.098368
v 349.758364 -2.227585 370.754563
v 358.463648 -2.221420 405.455560
v 346.986682 -2.221420 366.880205
v 356.730301 -2.202896 393.403045
v 343.015216 -2.202896 363.643899
v 356.396324 -2.170715 387.023409
v 337.947382 -2.170715 361.344477
v 354.609686 -2.133377 381.912147
v 333.099200 -2.133377 358.377145
v 351.492269 -2.097687 377.197288
v 328.466755 -2.097687 355.183885
v 348.014644 -2.063797 372.854144
v 323.810683 -2.063797 352.179927
v 344.107810 -2.031662 369.018035
v 319.291094 -2.031662 349.012722
v 340.151830 -2.001175 365.252874
v 314.604445 -2.001175 346.029099
v 336.043635 -1.972427 361.686836
v 309.925026 -1.972427 343.175590
v 331.957913 -1.945450 358.052996
v 304.764165 -1.945450 340.607950
v 327.677156 -1.920654 354.667985
v 299.651478 -1.920654 338.212542
v 323.072670 -1.897491 351.842661
v 294.720388 -1.897491 335.455563
v 318.531005 -1.876953 348.886885
v 289.652220 -1.876953 333.016562
v 313.988343 -1.859802 346.440309
v 284.919051 -1.859802 330.320065
v 308.969748 -1.843750 344.357890
v 280.679272 -1.843750 326.907691
v 304.809465 -1.827713 340.878160
v 275.342665 -1.827713 324.950160
v 299.869758 -1.815094 338.922903
v 271.162214 -1.815094 321.645214
v 295.405811 -1.813049 335.767598
v 265.983713 -1.813049 319.184233
v 286.723743 -1.818146 330.857859
v 261.255834 -1.818146 316.503219
v 282.069128 -1.823242 328.236370
v 256.520478 -1.823242 313.836221
v 277.286786 -1.828323 325.548963
v 251.656160 -1.828323 311.102610
v 272.581273 -1.833420 322.898847
v 246.894592 -1.833420 308.420898
v 267.883854 -1.838516 320.235056
v 242.123252 -1.838516 305.715444
v 263.136591 -1.843613 317.658325
v 237.433119 -1.843613 302.802190
v 258.426228 -1.853470 315.014482
v 232.750342 -1.853470 299.938733
v 253.771421 -1.793401 312.273628
v 227.956993 -2.030230 297.116534
v 249.126165 -1.843847 309.518318
v 223.059409 -2.082991 294.213067
v 244.418218 -1.896997 306.861891
v 218.385542 -2.138040 291.194077
v 239.641454 -1.949311 304.287684
v 213.820783 -2.192902 287.723479
v 234.696585 -2.085526 301.894427
v 209.852550 -2.085526 283.199906
v 229.909654 -2.110962 299.167756
v 206.107695 -2.110962 278.121811
v 225.444693 -2.473773 295.953421
v 214.641286 -1.866840 285.150014
v 221.086310 -2.180809 292.571597
v 211.171729 -1.697171 280.964283
v 216.774936 -1.915785 288.976183
v 208.191291 -1.553096 276.402955
v 212.658327 -1.697375 285.034509
v 205.825810 -1.457638 271.489346
v 209.125326 -1.476761 280.570473
v 204.095850 -1.476761 266.320290
v 206.167374 -1.278611 275.706440
v 203.076684 -1.635229 260.966227
v 203.910300 -1.284428 270.501260
v 202.722314 -1.878421 255.532636
v 202.639439 -1.374985 265.081831
v 202.877205 -2.207166 250.102571
v 201.902290 -1.688618 259.587363
v 203.568167 -2.521556 244.713469
v 201.900529 -2.019538 254.101756
v 204.628396 -2.849759 239.394989
v 202.359807 -2.357156 248.647134
v 206.040632 -3.188310 234.161304
v 202.902899 -2.762293 243.144213
v 207.980384 -3.470779 229.092569
v 203.862089 -2.974983 237.642938
v 210.485392 -3.802896 224.278057
v 205.524261 -3.364899 232.349528
v 213.434742 -4.073300 219.716371
v 207.800977 -3.647210 227.328491
v 216.756410 -4.354218 215.427191
v 210.476106 -3.925992 222.495907
v 220.458164 -4.630608 211.456925
v 213.604420 -4.129862 217.954174
v 224.465535 -4.956252 207.801392
v 217.083500 -4.535607 213.687365
v 228.764444 -5.243543 204.484196
v 220.932331 -4.825717 209.764804
v 233.306794 -5.532829 201.515162
v 225.093897 -4.888970 206.137128
v 238.077214 -5.951241 198.937289
v 229.319314 -5.416122 202.879045
v 243.069259 -6.253075 196.781243
v 234.118840 -5.738766 199.906302
v 248.215902 -6.568005 195.049331
v 239.039238 -5.973413 197.435418
v 253.489974 -6.921003 193.763510
v 244.119824 -6.391221 195.249243
v 258.874607 -7.217489 193.006516
v 249.397176 -6.702397 193.655362
v 264.296562 -7.530141 192.709369
v 254.796307 -7.019668 192.553227
v 269.724554 -7.849015 192.908661
v 260.267805 -7.408511 191.939689
v 275.113973 -8.121127 193.602459
v 265.789995 -7.701585 191.745194
v 280.408311 -8.408923 194.810325
v 271.279790 -7.908862 192.181678
v 285.585447 -8.736462 196.437907
v 276.713957 -8.291617 193.045374
v 290.605028 -9.003980 198.506821
v 282.033188 -8.573181 194.418709
v 295.448858 -9.285518 200.948460
v 287.198106 -8.772874 196.258925
v 300.106435 -9.601850 203.719702
v 292.236537 -9.148661 198.418655
v 304.552371 -9.859190 206.826580
v 297.010954 -9.423552 201.061417
v 308.825089 -10.132400 210.158301
v 301.591556 -9.627991 204.018436
v 312.925084 -10.454394 213.699158
v 306.006685 -9.938762 207.205984
v 316.838991 -10.762959 217.449577
v 310.314492 -10.252183 210.556024
v 320.499473 -11.081193 221.451585
v 314.492070 -10.496427 214.104573
v 323.853509 -11.444421 225.717497
v 318.539003 -10.930734 217.842013
v 326.823359 -11.759170 230.268547
v 322.269716 -11.115058 221.927197
v 329.370363 -12.180155 235.063394
v 325.680904 -11.589197 226.293976
v 331.399098 -12.542229 240.112945
v 328.680997 -11.956061 230.981037
v 332.840477 -12.906799 245.360953
v 331.249587 -12.322168 235.951065
v 333.616500 -13.268933 250.744269
v 333.152959 -12.474662 241.210284
v 333.746670 -13.780827 256.171814
v 334.416176 -12.890023 246.634864
v 333.220419 -14.324932 261.581829
v 334.887601 -13.288625 252.147028
v 332.128227 -14.968244 266.903682
v 334.784117 -14.055878 257.634215
v 330.481558 -15.490065 272.095593
v 333.962896 -14.581463 263.035196
v 328.424510 -16.026260 277.121961
v 332.487665 -15.244329 268.228013
v 326.076999 -16.453889 282.016992
v 330.355246 -15.826507 273.150698
v 323.673917 -16.798336 286.877793
v 328.254134 -16.406259 278.100827
v 321.113637 -17.011385 291.655670
v 325.874693 -16.932429 282.934262
v 318.481503 -17.053629 296.387444
v 323.424877 -17.007734 287.761558
v 315.743281 -17.129664 301.051937
v 320.705837 -17.135971 292.434926
v 313.029046 -17.135971 305.716994
v 318.048952 -17.133820 297.153371
v 310.287670 -17.133820 310.371806
v 315.643687 -16.920194 301.469327
v 307.500610 -17.296028 314.999364
v 313.007941 -17.209160 305.854062
v 304.720645 -17.336657 319.623723
v 307.971926 -17.345566 314.226962
v 301.938785 -17.345566 324.251257
v 305.189506 -17.359818 318.855367
v 299.156247 -17.359818 328.879858
v 302.436221 -17.064705 323.508835
v 296.344558 -17.710791 333.477010
v 299.640420 -17.160662 328.135161
v 293.525844 -18.272403 338.048186
v 296.821801 -17.690069 332.711328
v 290.707304 -18.801796 342.624224
v 294.003456 -18.219460 337.287037
v 287.888920 -19.331194 347.199998
v 291.185158 -18.748864 341.862721
v 285.070669 -19.860589 351.775604
v 288.366805 -19.278257 346.438443
v 282.252277 -20.389989 356.351391
v 285.548484 -19.807659 351.014114
v 279.433948 -20.919393 360.927075
v 282.730163 -20.337046 355.589846
v 276.615619 -21.448781 365.502819
v 279.911780 -20.866439 360.165599
v 273.797299 -21.978162 370.078469
v 277.093507 -21.395817 364.741222
v 270.978978 -22.507549 374.654170
v 274.275215 -21.925225 369.316945
v 268.160687 -23.036957 379.229892
v 271.456925 -22.454612 373.892646
v 265.342436 -23.566337 383.805529
v 268.638581 -22.984013 378.468334
v 243.231874 -27.603414 419.657996
v 265.820205 -23.513410 383.044095
v 240.495490 -28.117903 424.100829
v 263.001930 -24.042809 387.619740
v 237.691609 -28.644686 428.653139
v 260.183619 -24.572204 392.195376
v 234.977962 -29.155051 433.059093
v 257.365218 -25.101606 396.771207
v 232.256928 -29.666749 437.477071
v 254.546960 -25.631002 401.346887
v 229.494953 -30.185912 441.961504
v 251.711921 -26.505876 405.883766
v 226.864395 -28.011787 446.543355
v 248.882256 -26.854965 410.472781
v 224.098965 -26.854965 451.027261
v 246.114266 -26.848694 415.110305
v 220.959265 -26.848694 455.283216
v 243.352229 -26.842422 419.524120
v 218.188944 -26.842422 459.710261
v 240.785421 -26.836151 423.687362
v 215.179384 -26.836151 463.979214
v 238.300254 -26.829834 427.654425
v 212.161546 -26.829834 468.400057
v 235.946549 -26.823090 431.583426
v 208.673397 -26.823090 472.493155
v 233.420796 -26.815979 435.398408
v 205.685998 -26.815979 477.000607
v 230.740996 -26.808868 439.237764
v 203.037830 -26.808868 481.796251
v 228.071265 -26.801758 443.334556
v 200.173675 -26.801758 486.191723
v 225.174982 -26.794647 447.661699
v 197.442610 -26.794647 490.891571
v 222.398109 -26.787537 452.297612
v 193.914648 -26.787537 495.022804
v 219.401035 -26.780396 456.789606
v 190.916271 -26.780396 499.516754
v 216.404038 -26.773254 461.281486
v 187.919282 -26.773254 504.008621
v 213.406942 -26.766129 465.773467
v 184.940562 -26.766129 508.473039
v 210.409880 -26.759003 470.265398
v 181.926970 -26.759003 512.989765
v 207.503998 -26.751892 474.818780
v 178.559312 -26.751892 517.216632
v 204.609003 -26.744873 479.382431
v 174.940108 -26.744873 521.244026
v 201.500408 -26.737900 483.797934
v 171.838563 -26.737900 525.649581
v 198.391770 -26.730927 488.213468
v 168.729969 -26.730927 530.065053
v 195.283114 -26.723953 492.629058
v 165.621330 -26.723953 534.480618
v 192.174479 -26.716980 497.044660
v 162.512793 -26.716980 538.896083
v 189.143349 -26.710083 501.515355
v 159.020433 -26.710083 543.036135
v 186.051623 -26.703308 505.943928
v 155.469633 -26.703308 547.127671
v 182.822777 -26.696594 510.272249
v 152.240815 -26.696594 551.455954
v 179.785639 -26.689987 514.746249
v 148.236512 -26.689987 555.193850
v 176.503011 -26.683517 519.034074
v 144.756892 -26.683517 559.327227
v 173.210968 -26.677109 523.315325
v 141.215669 -26.677109 563.410699
v 170.020232 -26.670853 527.680807
v 137.140990 -26.670853 567.054714
v 166.737873 -26.664825 531.978507
v 132.987664 -26.664825 570.608267
v 163.359731 -26.659073 536.201092
v 128.752805 -26.659073 574.065140
v 159.924718 -26.653625 540.381997
v 124.265697 -26.653625 577.256666
v 156.481620 -26.648651 544.576900
v 119.211028 -26.648651 579.821916
v 153.033375 -26.644424 548.826088
v 113.296230 -26.644424 581.264572
v 149.672513 -26.641586 553.400743
v 105.722747 -26.641586 579.851992
v 145.802962 -26.639832 557.716499
v 98.010485 -26.639832 576.347462
v 134.973331 -26.636734 562.159891
v 92.286936 -26.636734 576.388689
v 129.907972 -26.630829 564.052975
v 86.564210 -26.630829 576.132384
v 130.894770 -26.622620 564.281882
v 80.878970 -26.622620 575.667593
v 145.228325 -26.612564 562.503252
v 75.221064 -26.612564 574.923895
v 140.099554 -26.601105 564.642332
v 69.647553 -26.601105 574.223804
v 134.908710 -26.588623 566.801834
v 64.077605 -26.588623 572.985502
v 129.609535 -26.575470 568.455915
v 58.589541 -26.575470 571.837819
v 124.249954 -26.562027 570.147095
v 53.149445 -26.562027 570.147095
v 118.835553 -26.548630 571.108343
v 47.770871 -26.548630 568.852321
v 113.378358 -26.535583 572.109159
v 42.458567 -26.535583 567.043460
v 107.886675 -26.523178 572.882129
v 37.221065 -26.523178 565.030395
v 102.365761 -26.511765 573.460205
v 32.072654 -26.511765 562.775653
v 96.823636 -26.501556 573.828269
v 27.018598 -26.501556 560.317615
v 91.325736 -26.492828 573.737948
v 21.998830 -26.492828 557.956214
v 85.714567 -26.485962 573.906110
v 17.224042 -26.485962 554.818588
v 80.220772 -26.481186 573.440168
v 12.437695 -26.481186 551.975527
v 74.697884 -26.478653 572.917923
v 7.829025 -26.478653 548.755227
v 69.087004 -26.477295 572.448569
v 3.505689 -26.477295 544.982889
v 63.690323 -26.475082 571.309049
v -0.882466 -26.475082 541.549415
v 58.663293 -26.471771 569.321226
v -5.596390 -26.471771 538.882430
v 53.464313 -26.467667 567.661578
v -10.020639 -26.467667 535.638195
v 48.650699 -26.462936 565.214374
v -14.834226 -26.462936 533.191004
v 43.596233 -26.457809 563.234161
v -19.313090 -26.457809 530.094429
v 38.824191 -26.452316 560.707215
v -24.085199 -26.452316 527.567448
v 33.643645 -26.446335 558.928669
v -28.299138 -26.446335 524.015463
v 28.935480 -26.439865 556.284760
v -33.007330 -26.439865 521.371540
v 24.227011 -26.433395 553.640611
v -37.715732 -26.433395 518.727428
v 19.518525 -26.426926 550.996531
v -42.424179 -26.426926 516.083370
v 14.810240 -26.420456 548.352555
v -47.132570 -26.420456 513.439335
v 10.101809 -26.413986 545.708436
v -51.840908 -26.413986 510.795268
v 5.393349 -26.407516 543.064310
v -56.549421 -26.407516 508.151112
v 0.684916 -26.401047 540.420260
v -61.257788 -26.401047 505.507099
v -4.023435 -26.394577 537.776186
v -65.966112 -26.394577 502.863040
v -8.885300 -26.388214 535.401141
v -70.446699 -26.388214 499.819783
v -13.652322 -26.382019 532.857074
v -74.968566 -26.382019 496.854877
v -18.295500 -26.375885 530.100070
v -79.611744 -26.375885 494.097873
v -22.938782 -26.369751 527.343005
v -84.255013 -26.369751 491.340815
v -27.581973 -26.363617 524.586116
v -88.898191 -26.363617 488.583934
v -32.225132 -26.357483 521.829250
v -93.541377 -26.357483 485.827053
v -36.868371 -26.351349 519.072277
v -98.184589 -26.351349 483.070095
v -37.820932 -26.345215 504.297129
v -108.549879 -26.345215 496.999698
v -45.509118 -26.339081 516.770719
v -106.301623 -26.339081 481.076038
v -50.152363 -26.332947 514.013745
v -110.944750 -26.332947 478.319134
v -54.796445 -26.326813 511.256208
v -115.588950 -26.326813 475.561527
v -59.435943 -26.320679 508.501405
v -120.237357 -26.320679 472.801493
v -64.086889 -26.314545 505.744476
v -124.887894 -26.314545 470.044804
v -80.449330 -24.433236 496.196639
v -117.732884 -28.921072 474.102681
v -85.079442 -25.029703 493.421248
v -122.306094 -29.510689 471.361010
v -89.621712 -25.616879 490.697213
v -126.850257 -30.098092 468.635854
v -94.184831 -26.041895 487.960897
v -131.379920 -30.863481 465.919363
v -98.723627 -26.795134 485.238932
v -135.937235 -31.274550 463.186424
v -103.272246 -27.381904 482.511141
v -140.485867 -31.861321 460.458625
v -107.814345 -27.968762 479.787286
v -145.038842 -32.449488 457.728326
v -112.362186 -28.556660 477.059983
v -149.587505 -33.037486 455.000535
v -116.909896 -29.144634 474.332727
v -154.134340 -33.625355 452.273797
v -121.457788 -29.730876 471.605362
v -158.682207 -34.211593 449.546448
v -126.020658 -30.153094 468.869202
v -163.213777 -34.974425 446.828835
v -130.568437 -30.742706 466.141953
v -167.761478 -35.564026 444.101633
v -135.100979 -31.496233 463.423716
v -172.325685 -35.976985 441.364631
v -139.696171 -32.089989 460.829491
v -176.793644 -36.555425 438.502308
v -144.184470 -32.670695 457.966882
v -181.494491 -37.161716 435.857240
v -148.824008 -33.104104 455.184857
v -186.108803 -37.937319 433.090164
v -153.446230 -33.868983 452.413044
v -190.756304 -38.360011 430.303371
v -158.092648 -34.302958 449.626954
v -195.383378 -39.136942 427.528744
v -160.418655 -33.951922 463.294425
v -200.621325 -40.652367 405.782276
v -156.405927 -34.494068 447.721541
v -217.251109 -41.818025 411.665137
v -161.037111 -35.092621 444.944487
v -221.882241 -42.416572 408.888115
v -165.668256 -35.691399 442.167457
v -226.513464 -43.015359 406.111038
v -170.322859 -36.037755 439.376517
v -231.116617 -43.918428 403.350586
v -174.930622 -36.890201 436.613281
v -235.775870 -44.214166 400.556839
v -179.546647 -40.523575 434.102079
v -240.448768 -40.523575 397.448024
v -184.177811 -40.518021 431.325040
v -245.079959 -40.518021 394.670969
v -188.808995 -40.512466 428.547957
v -249.711169 -40.512466 391.893870
v -193.430444 -40.506897 425.776781
v -254.371106 -40.506897 389.099530
v -198.051814 -40.501343 423.005652
v -258.973598 -40.501343 386.339763
v -202.677872 -40.495789 420.231645
v -263.614769 -40.495789 383.556660
v -207.314220 -40.490234 417.451484
v -268.236017 -40.490234 380.785587
v -211.945336 -40.484680 414.674462
v -272.867133 -40.484680 378.008565
v -216.576612 -40.479126 411.897323
v -277.498396 -40.479126 375.231434
v -221.207833 -40.473572 409.120269
v -282.129630 -40.473572 372.454371
v -225.838950 -40.468018 406.343216
v -286.760773 -40.468018 369.677303
v -230.470189 -40.462463 403.566109
v -291.391999 -40.462463 366.900204
v -235.101414 -40.456909 400.789070
v -296.023146 -40.456909 364.123212
v -239.732662 -40.451355 398.011970
v -300.654380 -40.451355 361.346120
v -244.362863 -40.448410 395.233483
v -305.284555 -40.448410 358.567649
v -248.991063 -40.451721 392.451332
v -309.912834 -40.451721 355.785451
v -253.618042 -40.458694 389.667137
v -314.539787 -40.458694 353.001271
v -258.244969 -40.465652 386.882973
v -319.166714 -40.465652 350.217107
v -262.871896 -40.472626 384.098839
v -323.793667 -40.472626 347.432958
v -267.498871 -40.479584 381.314659
v -328.420602 -40.479584 344.648801
v -272.125741 -40.486557 378.530541
v -333.047460 -40.486557 341.864691
v -276.752773 -40.493515 375.746284
v -337.674504 -40.493515 339.080426
v -281.379647 -40.500488 372.962151
v -342.301405 -40.500488 336.296278
v -286.006627 -40.507462 370.177986
v -346.928384 -40.507462 333.512113
v -290.633527 -40.514420 367.393868
v -351.555233 -40.514420 330.728026
v -295.260546 -40.521393 364.609619
v -356.182265 -40.521393 327.943769
v -299.887451 -40.528351 361.825431
v -360.809209 -40.528351 325.159558
v -304.514409 -40.535324 359.041267
v -365.436153 -40.535324 322.375402
v -309.141275 -40.542297 356.257220
v -370.063111 -40.542297 319.591299
v -313.775518 -40.549255 353.468695
v -374.690020 -40.549255 316.807188
v -318.408363 -40.556229 350.680920
v -379.316930 -40.556229 314.022986
v -323.042703 -40.563187 347.892325
v -383.943909 -40.563187 311.238821
v -327.712891 -40.570160 345.082125
v -388.570823 -40.570160 308.454665
v -332.334118 -40.577133 342.301392
v -393.197750 -40.577133 305.670501
v -336.950193 -40.584091 339.523789
v -397.824729 -40.584091 302.886336
v -341.560713 -40.591064 336.749530
v -402.451669 -40.591064 300.102195
v -346.178593 -40.598022 333.970811
v -407.078609 -40.598022 297.318023
v -350.784223 -40.604996 331.199495
v -411.705510 -40.604996 294.533905
v -355.414222 -40.611954 328.413452
v -416.332516 -40.611954 291.749663
v -360.048192 -40.618927 325.625031
v -420.959412 -40.618927 288.965499
v -364.662968 -40.625473 322.844692
v -425.584831 -40.625473 286.178755
v -370.495377 -40.628677 321.908117
v -428.507430 -40.628677 280.792781
v -377.317157 -40.629181 321.768168
v -429.521979 -40.629181 273.492742
v -383.793727 -40.630081 320.520425
v -429.975120 -40.630081 266.454403
v -390.122001 -40.631241 318.549788
v -429.563668 -40.631241 259.387284
v -395.757457 -40.632584 315.629359
v -428.897232 -40.632584 252.719955
v -401.259287 -40.633957 312.221307
v -427.276289 -40.633957 246.047629
v -406.370678 -40.635178 308.234963
v -424.936652 -40.635178 239.597122
v -411.559316 -40.635986 303.790143
v -421.141314 -40.635986 233.334272
v -413.019520 -40.632858 298.681374
v -420.888184 -40.632858 227.863397
v -413.648227 -40.626068 293.273746
v -421.511971 -40.626068 222.500052
v -414.278505 -40.619247 287.863085
v -422.137035 -40.619247 217.136313
v -414.908761 -40.612411 282.452606
v -422.762091 -40.612411 211.772635
v -415.539029 -40.605591 277.042006
v -423.387154 -40.605591 206.408881
v -416.169292 -40.598755 271.631466
v -424.007594 -40.598755 201.086741
v -418.291238 -40.591934 252.795792
v -423.140918 -40.591934 209.148667
v -418.873005 -40.585114 247.821700
v -423.775051 -40.585114 203.703277
v -419.511239 -40.578278 242.339443
v -424.399708 -40.578278 198.343224
v -420.135488 -40.571457 236.983090
v -425.024360 -40.571457 192.983246
v -420.759751 -40.564621 231.626585
v -425.649023 -40.564621 187.623132
v -421.373569 -40.557785 226.364061
v -426.272726 -40.557785 182.271647
v -420.530288 -40.550964 234.215414
v -428.379540 -40.550964 163.572144
v -421.160546 -40.544128 228.804920
v -429.008074 -40.544128 158.177164
v -421.790881 -40.537308 223.393729
v -429.637759 -40.537308 152.771826
v -422.410734 -40.530472 218.076881
v -430.262823 -40.530472 147.408072
v -423.035077 -40.523651 212.719603
v -430.887879 -40.523651 142.044379
v -422.728559 -40.516815 215.740363
v -431.512967 -40.516815 136.680685
v -423.355450 -40.509995 210.360169
v -432.138023 -40.509995 131.317007
v -423.982053 -40.503174 204.982569
v -432.763086 -40.503174 125.953268
v -424.604241 -40.496338 199.644733
v -433.388147 -40.496338 120.589575
v -425.229326 -40.489502 194.280797
v -434.013210 -40.489502 115.225836
v -425.857607 -40.482681 188.888350
v -434.638300 -40.482681 109.862112
v -427.411205 -40.475845 175.167789
v -435.263357 -40.475845 104.498419
v -418.042354 -40.469025 166.582007
v -450.065703 -40.469025 103.097123
v -430.480493 -40.462189 166.569680
v -438.332652 -40.462189 95.900249
v -431.107869 -40.455368 161.209191
v -438.960012 -40.455368 90.539896
v -431.732936 -40.448532 155.845407
v -439.585080 -40.448532 85.176112
v -432.358001 -40.441711 150.481668
v -440.210146 -40.441711 79.812358
v -432.983053 -40.435394 145.118096
v -440.835204 -40.435394 74.448741
v -434.945241 -38.434250 126.176913
v -440.162334 -43.303537 82.701135
v -435.591858 -39.062716 120.835884
v -440.805517 -43.928797 77.388730
v -436.250585 -39.688865 115.511986
v -441.464248 -44.554950 72.064803
v -436.905838 -40.311758 110.217269
v -442.119444 -45.177791 66.770552
v -437.550551 -40.938389 104.892593
v -442.764151 -45.804417 61.445921
v -438.195204 -41.565037 99.567886
v -443.408799 -46.431060 56.121259
v -438.839895 -42.191677 94.243134
v -444.053494 -47.057703 50.796477
v -439.484573 -42.818320 88.918502
v -444.698167 -47.684340 45.471891
v -440.129291 -43.444971 83.593796
v -445.342889 -48.310995 40.147154
v -440.773968 -44.071597 78.269195
v -445.987560 -48.937616 34.822598
v -441.418663 -44.698255 72.944428
v -446.632256 -49.564276 29.497816
v -442.063366 -45.324878 67.619811
v -447.276965 -50.190903 24.173154
v -442.708050 -45.951525 62.295119
v -447.921645 -50.817548 18.848493
v -443.352736 -46.578160 56.970306
v -448.566331 -51.444182 13.523679
v -444.155389 -47.202005 51.667397
v -449.025799 -52.072414 8.181597
v -454.816315 -49.832779 58.934070
v -438.552084 -49.832779 -3.073311
v -442.100632 -49.839005 52.386683
v -449.180289 -49.839005 -11.330233
v -442.737875 -49.845215 47.024379
v -449.817532 -49.845215 -16.692537
v -443.375175 -49.851425 41.662105
v -450.454831 -49.851425 -22.054796
v -444.012433 -49.857635 36.299906
v -451.092090 -49.857635 -27.417010
v -444.649677 -49.863846 30.937587
v -451.729331 -49.863846 -32.779299
v -445.286905 -49.870056 25.575388
v -452.366567 -49.870056 -38.141573
v -445.924181 -49.876266 20.213023
v -453.003840 -49.876266 -43.503908
v -446.561449 -49.882477 14.850734
v -453.641107 -49.882477 -48.866182
v -447.198714 -49.888687 9.488474
v -454.278368 -49.888687 -54.228411
v -447.835984 -49.894897 4.126170
v -454.915643 -49.894897 -59.590761
v -448.473245 -49.901108 -1.236044
v -455.552909 -49.901108 -64.953020
v -449.110513 -49.907318 -6.598333
v -456.190172 -49.907318 -70.315264
v -451.755732 -49.913467 -31.663999
v -455.754443 -49.913467 -62.903933
v -452.462755 -49.919495 -37.012292
v -456.461470 -49.919495 -68.252256
v -453.182356 -49.925507 -42.364114
v -457.181724 -49.925507 -73.609179
v -453.902027 -49.931503 -47.716027
v -457.901382 -49.931503 -78.960986
v -454.621692 -49.937515 -53.067880
v -458.621055 -49.937515 -84.312899
v -455.341299 -49.943512 -58.419762
v -459.367668 -49.943512 -89.875768
v -456.060928 -49.949524 -63.771554
v -460.128422 -49.949524 -95.548852
v -456.780563 -49.955521 -69.123407
v -460.897044 -49.955521 -101.283416
v -457.500225 -49.961533 -74.475229
v -461.738620 -49.961533 -107.587687
v -458.136212 -49.967499 -79.838046
v -462.753004 -49.967499 -113.785049
v -458.731981 -49.973312 -85.207579
v -464.052662 -49.973312 -120.212057
v -459.489311 -49.978973 -90.554593
v -463.739436 -49.978973 -117.117872
v -460.201647 -49.984512 -95.910483
v -464.845316 -49.984512 -122.294966
v -460.904901 -49.989746 -101.274022
v -466.227580 -49.989746 -127.674510
v -460.119159 -49.993668 -107.427846
v -470.804698 -49.993668 -132.218296
v -459.904938 -49.996506 -114.076700
v -477.182749 -49.996506 -134.554106
v -463.293866 -49.999756 -118.802492
v -480.440309 -49.999756 -137.145199
v -467.163859 -50.003586 -123.307737
v -483.880484 -50.003586 -140.212190
v -471.432185 -50.007645 -127.634531
v -487.676460 -50.007645 -144.061327
v -475.693831 -50.011780 -132.056970
v -491.598170 -50.011780 -147.784593
v -480.086966 -50.015884 -136.391789
v -495.446487 -50.015884 -151.580649
v -484.432002 -50.019852 -140.773936
v -499.408522 -50.019852 -155.256725
v -488.837809 -50.023758 -145.046441
v -503.286166 -50.023758 -159.018478
v -493.206604 -50.027664 -149.262721
v -507.172133 -50.027664 -162.767848
v -497.510636 -50.031265 -153.405796
v -511.061190 -50.031265 -166.509628
v -501.698549 -50.034378 -157.477684
v -514.997491 -50.034378 -170.192057
v -505.742556 -50.036591 -161.394693
v -518.743106 -50.036591 -173.547381
v -509.897571 -50.039246 -164.806469
v -520.480836 -50.039246 -177.480255
v -513.753585 -50.045074 -168.493751
v -520.672042 -50.045074 -181.853530
v -516.510822 -50.052734 -173.092805
v -521.135197 -50.052734 -185.599639
v -518.617506 -50.058456 -178.071435
v -521.632989 -50.058456 -189.219584
v -520.004054 -50.077972 -183.293857
v -523.004996 -50.077972 -193.668543
v -521.512744 -50.081345 -187.822877
v -524.137128 -50.081345 -198.953886
v -522.531046 -50.052109 -193.131232
v -525.957611 -50.052109 -204.042137
v -523.778946 -50.021240 -197.859044
v -528.033071 -50.021240 -209.014306
v -525.194697 -49.989120 -202.351707
v -530.385972 -49.989120 -213.832413
v -526.832445 -49.955856 -206.729914
v -533.012926 -49.955856 -218.462354
v -528.652783 -49.921555 -211.088231
v -535.996426 -49.921555 -222.816138
v -530.749070 -49.886520 -215.423342
v -539.314262 -49.886520 -226.806031
v -532.732547 -49.850388 -220.278452
v -543.576692 -49.850388 -229.752810
v -536.016062 -49.812653 -224.421856
v -548.136465 -49.812653 -232.197209
v -540.178920 -49.773895 -227.657739
v -552.846663 -49.773895 -234.505167
v -544.695475 -49.734756 -230.464261
v -557.709267 -49.734756 -236.628689
v -549.432423 -49.695526 -232.941967
v -562.656342 -49.695526 -238.641931
v -554.314497 -49.656235 -235.165327
v -567.637032 -49.656235 -240.630983
v -559.244811 -49.616959 -237.312401
v -572.661373 -49.616959 -242.542586
v -564.242365 -49.577667 -239.323510
v -577.697176 -49.577667 -244.454582
v -569.278681 -49.538345 -241.256997
v -582.733478 -49.538345 -246.388064
v -574.322030 -49.499023 -243.181655
v -587.776827 -49.499023 -248.312721
v -579.370370 -49.459656 -245.108229
v -592.825153 -49.459656 -250.239290
v -584.442260 -49.420197 -246.995782
v -597.858794 -49.420197 -252.225955
v -589.513199 -49.380630 -248.906922
v -602.875312 -49.380630 -254.274608
v -594.579356 -49.340958 -250.842887
v -607.861533 -49.340958 -256.405508
v -599.606556 -49.301178 -252.881481
v -612.830405 -49.301178 -258.581415
v -604.636779 -49.261292 -254.933158
v -617.757749 -49.261292 -260.866118
v -609.660339 -49.221222 -257.031857
v -622.629784 -49.221222 -263.289046
v -614.626337 -49.443719 -259.289583
v -627.449805 -48.871243 -265.815812
v -619.567646 -49.150668 -261.595346
v -632.181274 -48.696123 -268.527160
v -624.433868 -49.052635 -264.086009
v -636.837615 -48.369860 -271.368943
v -629.294482 -48.826262 -266.623554
v -641.344458 -48.030509 -274.467406
v -634.038998 -48.566248 -269.392452
v -645.725286 -47.649676 -277.756168
v -638.713208 -48.207950 -272.308198
v -649.901594 -47.294613 -281.327407
v -643.245614 -47.848134 -275.468092
v -653.853522 -46.935626 -285.163491
v -647.600269 -47.432942 -278.892185
v -657.535939 -46.633520 -289.284666
v -651.803363 -47.049093 -282.550289
v -660.830499 -46.363487 -293.748510
v -655.687028 -46.715941 -286.545720
v -663.746944 -46.148342 -298.465314
v -659.073341 -46.377028 -290.918537
v -666.446609 -46.036723 -303.282942
v -662.223573 -46.220052 -295.468209
v -668.843578 -45.877638 -308.251667
v -665.174816 -46.010034 -300.174301
v -670.874061 -45.782064 -313.396548
v -667.770615 -45.894115 -305.095620
v -672.562606 -45.665925 -318.672927
v -670.122435 -45.731648 -310.166031
v -673.775773 -45.617481 -324.094386
v -672.050276 -45.667440 -315.422115
v -674.565741 -45.553100 -329.600194
v -673.594217 -45.567459 -320.821196
v -674.846596 -45.567459 -335.166627
v -674.640747 -45.516453 -326.418157
v -674.640747 -45.630121 -340.740385
v -675.161080 -45.518642 -332.212344
v -673.933310 -45.741873 -346.275894
v -675.129159 -45.634107 -338.108295
v -672.713409 -45.853721 -351.724340
v -674.527461 -45.726531 -344.008413
v -671.003504 -46.046891 -357.036379
v -673.433753 -45.857998 -349.769736
v -668.812950 -46.278071 -362.161891
v -671.893017 -45.903244 -355.138484
v -666.273993 -46.735692 -367.000869
v -669.768321 -46.405512 -360.223863
v -663.488198 -46.928855 -371.842091
v -667.772534 -46.721137 -364.567545
v -660.559955 -47.048981 -376.260664
v -665.765681 -47.008636 -367.888028
v -656.566599 -47.008636 -382.579098
v -664.828885 -46.939626 -369.931874
v -652.604239 -47.114264 -388.268843
v -662.571878 -46.997732 -373.313723
v -648.663505 -47.196423 -394.176281
v -660.313229 -47.055877 -376.698065
v -644.722179 -47.278606 -400.084639
v -658.054049 -47.114030 -380.083295
v -640.780787 -47.360791 -405.993187
v -655.794367 -47.172175 -383.469125
v -636.839181 -47.442963 -411.901903
v -653.531757 -46.957455 -386.859408
v -632.899955 -47.841675 -417.807110
v -651.271273 -47.370732 -390.246595
v -628.957021 -47.689507 -423.717971
v -649.012880 -47.565338 -393.630550
v -625.014860 -47.565338 -429.627582
v -646.712869 -47.405796 -397.078799
v -621.030733 -47.772684 -435.602002
v -639.913878 -48.847896 -407.837085
v -620.935931 -45.948488 -434.986091
v -637.361000 -49.364168 -411.896480
v -617.572751 -44.213802 -439.274741
v -634.470852 -48.544046 -416.342098
v -613.842616 -43.318227 -443.846411
v -631.085710 -47.708122 -420.696208
v -610.333753 -42.379917 -448.739393
v -627.837925 -46.901260 -424.795958
v -606.980377 -41.472583 -453.653661
v -624.792403 -46.070963 -429.172391
v -603.532947 -40.612454 -458.188676
v -621.203339 -45.220949 -433.364664
v -600.856611 -39.776050 -462.881749
v -618.265566 -44.363934 -438.168339
v -597.669800 -39.003392 -466.663849
v -613.997638 -43.442536 -442.495644
v -596.098930 -38.289878 -471.242052
v -611.177315 -42.537503 -447.686895
v -593.542011 -37.681404 -474.267647
v -607.171144 -41.561738 -452.700132
v -592.147516 -37.101598 -477.817759
v -604.475681 -40.580831 -458.632837
v -589.607383 -36.601991 -479.992927
v -600.385688 -39.480287 -464.503470
v -587.670895 -36.077737 -482.769792
v -595.994092 -37.969415 -470.828939
v -585.474781 -36.070095 -485.877399
v -595.848433 -36.988415 -471.030008
v -579.107817 -36.290890 -494.978390
v -592.752717 -36.563339 -475.337255
v -576.095560 -36.563339 -499.397594
v -586.663766 -36.567795 -484.082178
v -576.218038 -36.567795 -499.170452
v -586.527340 -36.572250 -484.228785
v -569.894563 -36.572250 -508.253908
v -583.398619 -36.576706 -488.697627
v -566.743842 -36.576706 -512.754529
v -580.391702 -36.581161 -492.990780
v -563.717183 -36.581161 -517.076198
v -577.162732 -36.585617 -497.604501
v -560.610018 -36.585617 -521.513978
v -574.053127 -36.590073 -502.045981
v -557.520103 -36.590073 -525.927018
v -570.943365 -36.594528 -506.487513
v -554.430691 -36.594528 -530.339155
v -567.833595 -36.598984 -510.929171
v -551.340689 -36.598984 -534.752259
v -564.723738 -36.603439 -515.370867
v -548.251199 -36.603439 -539.164535
v -561.613690 -36.607895 -519.812960
v -548.234363 -36.607895 -539.138656
v -558.503755 -36.612350 -524.254979
v -545.149103 -36.612350 -543.545033
v -555.508017 -36.616745 -528.532527
v -542.174393 -36.616745 -547.792208
v -552.510840 -36.621033 -532.819208
v -539.194022 -36.621033 -552.054612
v -549.480397 -36.625229 -537.163684
v -536.163605 -36.625229 -556.399051
v -546.561360 -36.629425 -541.591734
v -533.033809 -36.629425 -560.678554
v -543.309062 -36.633621 -545.936890
v -530.038208 -36.633621 -565.105903
v -540.406953 -36.637817 -550.342110
v -523.685387 -36.637817 -573.935555
v -537.301530 -36.642014 -554.717932
v -520.625130 -36.642014 -578.247649
v -534.149717 -36.646225 -559.158843
v -517.523062 -36.646225 -582.618371
v -534.109679 -36.650421 -559.209741
v -511.253290 -36.650421 -591.459168
v -530.800151 -36.654617 -563.531611
v -508.296484 -36.654617 -596.036909
v -527.871366 -36.658813 -568.076599
v -505.018868 -36.658813 -600.320536
v -524.804385 -36.662827 -572.588454
v -501.752888 -36.662827 -604.673646
v -515.290055 -36.666687 -585.625628
v -505.069376 -36.666687 -600.388832
v -512.287055 -36.670425 -590.083131
v -501.913163 -36.670425 -604.720269
v -509.152720 -36.673981 -594.514525
v -498.782259 -36.673981 -609.146819
v -505.764616 -36.677261 -599.280809
v -495.378759 -36.677261 -613.934828
v -501.786895 -36.679703 -604.793456
v -491.417460 -36.679703 -619.627510
v -506.298162 -36.678223 -612.187816
v -478.768032 -36.678223 -619.634491
v -501.028848 -36.671936 -613.724856
v -473.474648 -36.671936 -620.952187
v -490.301609 -36.663635 -616.556678
v -467.538509 -36.663635 -622.527327
v -484.786056 -36.654526 -617.961010
v -462.169304 -36.654526 -624.078656
v -479.524015 -36.644989 -619.406000
v -456.883121 -36.644989 -625.530176
v -474.239374 -36.635193 -620.905903
v -451.570086 -36.635193 -626.851946
v -468.978863 -36.625198 -622.302945
v -446.307155 -36.625198 -628.249623
v -469.011038 -36.615036 -622.216554
v -441.230876 -36.615036 -629.730860
v -463.694136 -36.604752 -623.754531
v -430.616349 -36.604752 -632.430672
v -453.115260 -36.594376 -626.446087
v -430.567309 -36.594376 -632.729942
v -447.936274 -36.583923 -628.070917
v -425.238764 -36.583923 -633.791427
v -442.692933 -36.573380 -629.409890
v -419.995407 -36.573380 -635.130404
v -437.460934 -36.562851 -630.745980
v -414.763453 -36.562851 -636.466484
v -437.457119 -36.552307 -630.764307
v -409.531259 -36.552307 -637.802532
v -426.984753 -36.541763 -633.420476
v -399.050962 -36.541763 -640.460700
v -421.761043 -36.531204 -634.893728
v -398.937621 -36.531204 -640.089304
v -416.479446 -36.520645 -636.094083
v -393.656128 -36.520645 -641.289635
v -411.228162 -36.510117 -637.419491
v -388.319052 -36.510117 -642.223014
v -405.945573 -36.499619 -638.608484
v -382.999997 -36.499619 -643.234609
v -400.640677 -36.489151 -639.700402
v -377.695879 -36.489151 -644.326370
v -395.287556 -36.478775 -640.753496
v -372.428715 -36.478775 -645.546478
v -389.985348 -36.468475 -641.830418
v -367.275926 -36.468475 -646.775212
v -384.761065 -36.458252 -643.029776
v -361.961242 -36.458252 -647.810383
v -379.379139 -36.448166 -644.181100
v -356.577092 -36.448166 -648.962174
v -379.248709 -36.438278 -644.232775
v -356.368347 -36.438278 -649.030270
v -373.824325 -36.428619 -645.393034
v -351.086733 -36.428619 -650.160594
v -368.327077 -36.419281 -646.558444
v -345.576866 -36.419281 -651.328650
v -362.628203 -36.410431 -647.553101
v -339.906607 -36.410431 -652.725497
v -358.080005 -36.308465 -648.692718
v -335.088040 -36.495392 -653.739735
v -349.690345 -36.415588 -650.719007
v -327.100526 -36.415588 -655.273406
v -331.503181 -36.372513 -660.573611
v -324.177587 -36.372513 -638.033322
v -330.169252 -36.266235 -654.921177
v -322.068591 -36.450341 -633.196678
v -327.971683 -36.405624 -650.740992
v -320.830356 -36.405624 -628.001504
v -326.205656 -36.414978 -644.780046
v -318.902205 -36.414978 -622.307890
v -324.515641 -36.425079 -639.373369
v -317.094097 -36.425079 -617.108739
v -322.675313 -36.435669 -634.199205
v -315.428957 -36.435669 -611.902727
v -321.082926 -36.446671 -629.071227
v -313.706928 -36.446671 -606.943234
v -319.390148 -36.457870 -624.008213
v -311.991052 -36.457870 -601.810924
v -317.677836 -36.469070 -618.886290
v -310.278903 -36.469070 -596.689493
v -315.965709 -36.480270 -613.764804
v -308.566796 -36.480270 -591.568065
v -314.253696 -36.491470 -608.643839
v -306.854629 -36.491470 -586.446637
v -312.541618 -36.502670 -603.522498
v -305.142531 -36.502670 -581.325238
v -310.829381 -36.513855 -598.401016
v -303.430343 -36.513855 -576.203901
v -309.118522 -36.525055 -593.283424
v -301.719436 -36.525055 -571.086164
v -307.489900 -36.536240 -588.146790
v -299.925045 -36.536240 -566.005752
v -304.052515 -36.547409 -577.924732
v -298.061743 -36.547409 -560.950878
v -302.248309 -36.558548 -572.854542
v -292.661052 -36.558548 -545.690648
v -300.541770 -36.569595 -567.751885
v -292.365471 -36.569595 -545.824538
v -298.725977 -36.580475 -562.697717
v -288.265209 -36.580475 -535.863572
v -298.594891 -36.591217 -562.977499
v -286.743478 -36.591217 -530.924815
v -296.694724 -36.601776 -558.097782
v -286.887650 -36.601776 -530.957271
v -294.887438 -36.612106 -553.135456
v -285.070687 -36.612106 -525.968167
v -292.905207 -36.622192 -547.986470
v -283.304066 -36.622192 -520.783237
v -291.114466 -36.631927 -542.955565
v -281.481427 -36.631927 -515.661956
v -287.604316 -36.641266 -532.719343
v -279.409511 -36.641266 -510.556119
v -285.653244 -36.650070 -527.742557
v -277.703801 -36.650070 -505.219135
v -283.669372 -36.658234 -522.016279
v -275.478870 -36.658234 -499.349539
v -281.153747 -36.665558 -515.134118
v -272.955710 -36.665558 -492.446526
v -278.453530 -36.671814 -507.886738
v -270.245737 -36.671814 -484.631324
v -276.293263 -36.676620 -501.842814
v -267.652579 -36.676620 -477.360877
v -273.196971 -36.679581 -493.070724
v -264.231881 -36.679581 -468.260357
v -303.396351 -36.680588 -459.609440
v -241.953564 -36.680588 -491.976621
v -302.686419 -36.680634 -459.397916
v -241.191190 -36.680634 -492.638578
v -258.936625 -36.680634 -483.066376
v -235.224979 -36.680634 -495.883482
v -251.382159 -36.680634 -487.035559
v -229.194363 -36.680634 -499.541408
v -244.596862 -36.680634 -491.047760
v -222.848272 -36.680634 -502.504606
v -238.464436 -36.680634 -494.145772
v -217.267936 -36.680634 -505.794299
v -233.379375 -36.680634 -496.947704
v -216.974202 -36.680634 -505.963160
v -228.581525 -36.680634 -499.637678
v -212.228401 -36.680634 -508.477204
v -223.753462 -36.680634 -502.111261
v -207.687911 -36.680634 -511.166390
v -219.104395 -36.680634 -504.803858
v -202.872517 -36.680634 -513.724080
v -214.381202 -36.680649 -507.383605
v -193.560186 -36.680649 -518.929806
v -209.813865 -36.680634 -510.091950
v -188.822270 -36.680634 -521.150022
v -205.026004 -36.680634 -512.510782
v -184.148841 -36.680634 -523.983817
v -200.347284 -36.680634 -515.156996
v -179.421232 -36.680634 -526.468374
v -195.633414 -36.680634 -517.718659
v -174.728745 -36.680634 -529.018480
v -195.712840 -36.680634 -517.831276
v -174.813343 -36.680634 -528.840832
v -186.147136 -36.680634 -522.803821
v -170.174131 -36.680634 -531.437877
v -186.152728 -36.680634 -522.800610
v -165.573211 -36.680634 -533.924673
v -181.319650 -36.680634 -525.181483
v -160.940502 -36.680634 -536.667912
v -176.720347 -36.680634 -528.002291
v -156.141984 -36.680634 -539.125730
v -167.221144 -36.680634 -533.117251
v -151.386413 -36.680634 -541.676565
v -167.114932 -36.680634 -532.930740
v -146.735359 -36.680634 -544.417409
v -157.759947 -36.680634 -538.322843
v -141.930330 -36.680634 -546.879392
v -153.004695 -36.680634 -540.873979
v -137.175037 -36.680634 -549.430550
v -148.254304 -36.680634 -543.422373
v -127.667954 -36.680634 -554.550129
v -143.449302 -36.680634 -545.884410
v -127.768589 -36.680634 -554.722631
v -138.795335 -36.680634 -548.627085
v -118.207012 -36.680634 -559.755908
v -134.010608 -36.680634 -551.165567
v -113.499986 -36.680634 -562.437170
v -129.251223 -36.680634 -553.838213
v -108.660914 -36.680634 -564.968109
v -124.463612 -36.680634 -556.305935
v -108.727854 -36.680634 -565.175181
v -124.543124 -36.680634 -556.527034
v -103.957392 -36.680634 -567.654456
v -119.601495 -36.680634 -559.354070
v -98.930650 -36.680634 -570.243176
v -114.285036 -36.680634 -561.799651
v -89.228363 -36.680634 -575.922503
v -108.868111 -36.680634 -565.088700
v -87.610074 -36.680634 -576.579530
v -103.813800 -36.680634 -581.031513
v -80.786939 -36.680634 -566.612823
v -97.368415 -36.680634 -576.717393
v -75.964470 -36.680634 -563.835389
v -91.736385 -36.680634 -573.814547
v -71.503088 -36.680634 -560.643816
v -82.488219 -36.680634 -567.561525
v -59.261795 -36.680634 -553.367600
v -77.532076 -36.680634 -564.727555
v -62.248637 -36.680634 -554.778902
v -72.741844 -36.680634 -561.809394
v -57.781435 -36.680634 -551.452189
v -78.967647 -36.680634 -565.219267
v -53.133024 -36.680634 -548.801002
v -74.187659 -36.680634 -562.676009
v -44.205484 -36.680634 -542.687893
v -68.124907 -36.680649 -558.629190
v -39.694232 -36.680649 -539.675407
v -63.733510 -36.680634 -555.463174
v -30.562589 -36.680634 -533.870782
v -59.300744 -36.680634 -552.348823
v -25.881681 -36.680634 -531.110541
v -54.521187 -36.680649 -549.756118
v -21.572725 -36.680649 -527.790478
v -41.092347 -36.680634 -540.668031
v -21.392022 -36.680634 -528.030087
v -33.482426 -36.680634 -535.827975
v -17.003384 -36.680634 -524.841947
v -29.011574 -36.680634 -532.768291
v -16.891184 -36.680634 -524.992947
v -27.403511 -36.680634 -531.910345
v -12.492546 -36.680634 -521.827692
v -32.173182 -36.680634 -534.424490
v -7.777079 -36.680634 -519.148424
v -27.250375 -36.680634 -532.053669
v 1.062335 -36.680634 -512.908885
v -22.944278 -36.680634 -528.764074
v 5.703077 -36.680634 -510.116268
v -18.418490 -36.680634 -525.795165
v 10.210668 -36.680634 -507.159204
v -13.906639 -36.680634 -522.833650
v 14.722557 -36.680634 -504.197665
v -9.174441 -36.680634 -520.180262
v 23.487527 -36.680634 -497.882187
v -0.406767 -36.680634 -513.859485
v 28.205612 -36.680634 -495.234446
v 4.105497 -36.680634 -510.816161
v 32.704551 -36.680634 -492.469598
v 8.602234 -36.680634 -508.017876
v 32.862266 -36.680634 -492.225968
v 21.779539 -36.680634 -510.661349
v 25.386023 -36.680634 -480.366886
v 22.910114 -36.680634 -503.481763
v 25.571411 -36.680634 -475.538136
v 23.455528 -36.680634 -497.872965
v 26.065287 -36.680634 -470.470499
v 24.008720 -36.680634 -492.168053
v 27.081185 -36.680634 -459.907169
v 24.532106 -36.680634 -486.765631
v 27.602947 -36.680634 -454.521806
v 25.055622 -36.680634 -481.351356
v 28.128693 -36.680634 -449.084108
v 25.067493 -36.680618 -481.298767
v 28.651439 -36.680618 -443.667333
v 23.807353 -36.680618 -494.593379
v 29.173710 -36.680618 -438.246627
v 24.644476 -36.680618 -485.856242
v 29.695852 -36.680618 -432.816790
v 25.469135 -36.680618 -477.237211
v 29.193651 -36.680618 -438.129790
v 27.665131 -36.680618 -454.204996
v 29.714950 -36.680618 -432.681902
v 28.179080 -36.680603 -448.817417
v 30.235431 -36.680603 -427.225740
v 28.761435 -36.680603 -442.719337
v 30.828395 -36.680603 -421.016257
v 29.408319 -36.680603 -435.953649
v 31.512806 -36.680603 -413.856538
v 30.139582 -36.680603 -429.442512
v 32.113190 -36.680603 -406.835735
v 30.514871 -36.680603 -421.965300
v 33.335236 -36.680603 -398.274237
v 51.074683 -36.680588 -404.536060
v 18.736913 -36.680588 -399.879421
v 41.137554 -36.680527 -402.727178
v 14.739145 -36.680527 -399.559369
v 33.347244 -36.680359 -401.741650
v 0.406144 -36.680359 -397.820090
v 26.691082 -36.680145 -401.409460
v -9.034722 -36.680145 -395.693331
v 21.134766 -36.679916 -400.241905
v -14.555497 -36.679916 -395.388029
v 15.554046 -36.679657 -399.387063
v -15.693380 -36.679657 -395.387392
v 25.468276 -36.679398 -401.074595
v -16.609286 -36.679398 -395.015426
v 22.515597 -36.679138 -401.102406
v -21.934161 -36.679138 -393.990445
v 19.492875 -36.678864 -400.097180
v -39.168300 -36.678864 -391.649971
v -0.268862 -36.678589 -397.235073
v -44.527767 -36.678589 -390.861791
v -5.716557 -36.678299 -396.002902
v -42.855190 -36.678299 -391.581636
v -11.305032 -36.678009 -395.316975
v -43.469117 -36.678009 -391.487917
v -17.404495 -36.677734 -394.720953
v -48.822935 -36.677734 -390.699393
v -22.748215 -36.677444 -393.871580
v -58.910314 -36.677444 -389.566568
v -28.110681 -36.677155 -393.207160
v -64.330220 -36.677155 -388.895310
v -33.472640 -36.676865 -392.544537
v -69.739271 -36.676865 -388.227081
v -44.199556 -36.676575 -391.340813
v -70.138259 -36.676575 -388.020659
v -49.540666 -36.676285 -390.537950
v -75.460422 -36.676285 -387.452265
v -60.270373 -36.675995 -389.237310
v -80.818226 -36.675995 -386.791137
v -65.627245 -36.675705 -388.572512
v -93.324656 -36.675705 -385.275201
v -65.626127 -36.675400 -388.634214
v -98.657082 -36.675400 -384.406251
v -65.603025 -36.675110 -388.458629
v -104.032969 -36.675110 -383.883635
v -70.962009 -36.674820 -387.789074
v -109.390651 -36.674820 -383.214236
v -76.305033 -36.674530 -386.999560
v -107.603908 -36.674530 -383.521907
v -81.708719 -36.674240 -386.786064
v -112.921402 -36.674240 -382.541139
v -92.360281 -36.673950 -385.055117
v -118.288353 -36.673950 -382.174221
v -97.720970 -36.673660 -384.623636
v -123.605171 -36.673660 -381.310459
v -103.038189 -36.673370 -383.930766
v -149.209751 -36.673370 -378.020806
v -108.381831 -36.673080 -383.239986
v -151.966801 -36.673080 -377.661110
v -119.005400 -36.672791 -381.821115
v -139.550268 -36.672791 -379.375298
v -124.502273 -36.672516 -381.150622
v -145.049974 -36.672516 -378.704467
v -130.282292 -36.672241 -380.450184
v -151.078392 -36.672241 -377.974457
v -136.238259 -36.671967 -379.811037
v -157.397388 -36.671967 -376.933395
v -141.917665 -36.671707 -378.921923
v -163.846332 -36.671707 -376.311368
v -130.268911 -36.671463 -380.111728
v -170.393221 -36.671463 -375.653471
v -135.318107 -36.671265 -379.543553
v -176.072101 -36.671265 -375.015331
v -141.719252 -36.671204 -379.201761
v -183.860192 -36.671204 -373.807721
v -172.831035 -36.671783 -384.031999
v -163.404746 -36.671783 -351.443970
v -170.706759 -36.673279 -376.067369
v -162.196022 -36.673279 -348.967391
v -167.075115 -36.675339 -364.440174
v -160.445068 -36.675339 -344.550032
v -165.280227 -36.677734 -359.163699
v -159.043679 -36.677734 -339.974320
v -163.509615 -36.680344 -353.836431
v -157.727966 -36.680344 -334.928878
v -163.143132 -36.683090 -352.247948
v -155.889858 -36.683090 -329.930181
v -161.130354 -36.685944 -346.581843
v -150.878153 -36.685944 -312.123060
v -159.523092 -36.688889 -340.887611
v -148.097912 -36.688889 -304.808096
v -159.133761 -36.691864 -340.051477
v -149.672428 -36.691864 -309.110362
v -162.775852 -36.694855 -351.278204
v -146.057986 -36.694855 -298.045002
v -161.305038 -36.697876 -347.460456
v -147.474554 -36.697876 -302.231035
v -159.318921 -36.700912 -339.358209
v -145.440245 -36.700912 -296.654594
v -156.618050 -36.703949 -331.148732
v -143.576062 -36.703949 -291.019538
v -151.468213 -36.706985 -315.367688
v -141.590267 -36.706985 -284.974012
v -149.498666 -36.709961 -309.762775
v -136.643743 -36.709961 -269.168281
v -147.564266 -36.712860 -304.687427
v -137.741839 -36.712860 -271.673163
v -145.844000 -36.715622 -298.455168
v -135.292324 -36.715622 -263.948335
v -144.285218 -36.718002 -293.419976
v -132.459606 -36.718002 -254.747029
v -111.827690 -36.719559 -273.202354
v -157.798193 -36.719559 -262.737524
v -121.456264 -36.721954 -271.157237
v -161.888183 -36.721954 -261.624508
v -130.133362 -36.726349 -269.234036
v -166.073787 -36.726349 -260.468079
v -137.930706 -36.731598 -267.184015
v -171.110286 -36.731598 -259.361188
v -144.139980 -36.737198 -265.558993
v -176.674167 -36.737198 -258.152837
v -149.929295 -36.743027 -264.075435
v -182.310870 -36.743027 -256.967284
v -146.630980 -36.748993 -265.387689
v -187.625724 -36.748993 -255.388971
v -150.093063 -36.755035 -264.744902
v -198.059078 -36.755035 -252.655906
v -152.912077 -36.761230 -263.051383
v -203.615062 -36.761230 -251.921460
v -161.699566 -36.767609 -261.963084
v -209.487258 -36.767609 -249.919032
v -176.600404 -36.774002 -257.902356
v -220.388885 -36.774002 -247.578243
v -181.869903 -36.780396 -256.631185
v -225.638290 -36.780396 -246.311809
v -187.089546 -36.786789 -255.371756
v -230.887725 -36.786789 -245.045357
v -204.599616 -36.793198 -251.214600
v -236.137130 -36.793198 -243.778927
v -209.849065 -36.799591 -249.948156
v -241.386535 -36.799591 -242.512493
v -215.098441 -36.805984 -248.681745
v -246.635925 -36.805984 -241.246078
v -220.347875 -36.812378 -247.415304
v -241.372905 -36.812378 -242.458183
v -225.597265 -36.818771 -246.148874
v -246.622948 -36.818771 -241.191599
v -230.846671 -36.825180 -244.882444
v -251.872353 -36.825180 -239.925169
v -236.096091 -36.831573 -243.615995
v -257.121774 -36.831573 -238.658720
v -241.346090 -36.837967 -242.349420
v -262.371743 -36.837967 -237.392152
v -246.598182 -36.844391 -241.085847
v -267.623850 -36.844391 -236.128576
v -251.852560 -36.850876 -239.830331
v -267.620218 -36.850876 -236.112753
v -257.106665 -36.857391 -238.579999
v -272.874338 -36.857391 -234.862418
v -262.359946 -36.863922 -237.329850
v -274.623685 -36.863922 -234.438399
v -267.613273 -36.870438 -236.079682
v -279.877026 -36.870438 -233.188228
v -272.866568 -36.876953 -234.829545
v -288.634227 -36.876953 -231.111967
v -278.119940 -36.883469 -233.579389
v -293.887613 -36.883469 -229.861807
v -283.373251 -36.889999 -232.329248
v -304.398904 -36.889999 -227.371980
v -288.626563 -36.896515 -231.079114
v -309.652216 -36.896515 -226.121846
v -293.879889 -36.903030 -229.828961
v -360.479198 -36.903030 -214.126686
v -299.133215 -36.909546 -228.578809
v -373.201594 -36.909546 -211.115533
v -304.386542 -36.916077 -227.328656
v -376.757132 -36.916077 -210.265672
v -309.637044 -36.922592 -226.079180
v -330.816441 -36.922592 -221.085664
v -314.883670 -36.929092 -224.876744
v -336.058428 -36.929092 -219.712169
v -320.136477 -36.935532 -223.727798
v -341.234520 -36.935532 -218.020951
v -325.320897 -36.941910 -222.136115
v -346.432229 -36.941910 -217.158646
v -330.724438 -36.948257 -220.942782
v -346.503883 -36.948257 -216.965849
v -335.844017 -36.954483 -219.652747
v -351.651308 -36.954483 -215.668795
v -340.908926 -36.960541 -218.315436
v -356.774522 -36.960541 -214.445778
v -346.058218 -36.966202 -217.081734
v -362.018087 -36.966202 -213.059328
v -354.545185 -36.969849 -220.419559
v -360.539143 -36.969849 -202.876268
v -356.976447 -36.971878 -214.155327
v -361.475713 -36.971878 -198.472173
v -358.300300 -36.974228 -209.061035
v -363.171906 -36.974228 -193.677015
v -358.324588 -36.976822 -209.120986
v -364.786820 -36.976822 -188.543881
v -359.891556 -36.979538 -204.083376
v -368.045253 -36.979538 -178.334857
v -361.556067 -36.982407 -198.961863
v -369.661389 -36.982407 -173.152810
v -363.182886 -36.985306 -193.827299
v -372.906190 -36.985306 -162.866251
v -365.057257 -36.988235 -188.781365
v -373.995549 -36.988235 -157.625032
v -366.638851 -36.991226 -183.635237
v -375.341746 -36.991226 -152.407202
v -368.106375 -36.994217 -178.512124
v -376.825933 -36.994217 -147.224295
v -369.755646 -36.997208 -173.314399
v -377.978649 -36.997208 -141.964199
v -371.258475 -37.000214 -168.073625
v -380.480727 -37.000214 -131.482109
v -372.580705 -37.003174 -162.829323
v -381.862980 -37.003174 -126.299081
v -375.300631 -37.006119 -152.045291
v -380.747305 -37.006119 -131.279848
v -376.810879 -37.009048 -146.247927
v -382.439162 -37.009048 -125.440334
v -378.566390 -37.011887 -140.194031
v -383.859844 -37.011887 -119.190972
v -380.157040 -37.014648 -134.157766
v -385.389246 -37.014648 -112.705721
v -380.624124 -37.017288 -133.378248
v -386.541839 -37.017288 -106.419769
v -380.845814 -37.019684 -128.527908
v -389.235600 -37.019684 -100.328906
v -383.089120 -37.021637 -123.895821
v -390.070871 -37.021637 -93.225985
v -403.555845 -37.022583 -110.937325
v -367.327850 -37.022583 -100.458153
v -396.150824 -37.022720 -108.416255
v -363.984615 -37.022720 -99.979217
v -389.276164 -37.022720 -106.579495
v -360.184598 -37.022720 -98.948921
v -383.358230 -37.022720 -104.995442
v -355.973971 -37.022720 -97.812685
v -377.959360 -37.022705 -103.546126
v -351.254762 -37.022705 -96.541642
v -372.213124 -37.022705 -102.003839
v -346.325288 -37.022705 -95.213587
v -366.701948 -37.022720 -100.523479
v -340.989470 -37.022720 -93.779223
v -361.240382 -37.022720 -99.056078
v -335.802489 -37.022720 -92.383844
v -355.245117 -37.022720 -97.448414
v -329.910216 -37.022720 -90.803195
v -349.457530 -37.022720 -95.898253
v -324.176665 -37.022720 -89.267206
v -344.271680 -37.022720 -94.510036
v -313.771259 -37.022720 -86.509926
v -339.073713 -37.022720 -93.119522
v -308.569425 -37.022720 -85.118397
v -333.871951 -37.022720 -91.728165
v -257.100065 -37.022720 -71.591277
v -333.900028 -37.022720 -91.709299
v -250.817682 -37.022720 -69.917208
v -328.705820 -37.022720 -90.321575
v -292.988944 -37.022720 -80.953214
v -322.880682 -37.022720 -88.765092
v -292.378181 -37.022720 -80.764436
v -316.482221 -37.022705 -87.054101
v -285.995497 -37.022705 -79.057583
v -310.943745 -37.022705 -85.571064
v -279.967403 -37.022705 -77.446122
v -306.296909 -37.022705 -84.601309
v -274.544544 -37.022705 -75.752289
v -300.015882 -37.440275 -68.376023
v -271.398754 -36.614780 -88.187880
v -298.965306 -37.724401 -68.826961
v -268.534222 -36.247164 -90.394623
v -298.086860 -37.659510 -69.118712
v -265.339009 -36.054223 -92.876958
v -278.824087 -36.691942 -83.190157
v -261.348346 -35.843605 -95.575877
v -274.676021 -36.475058 -86.352466
v -256.886292 -35.627928 -98.212285
v -270.175254 -36.249599 -89.346517
v -252.379817 -35.402197 -101.210143
v -265.656983 -36.023589 -92.351231
v -238.927697 -34.750766 -110.170756
v -261.136018 -35.797400 -95.357813
v -234.416119 -34.525024 -113.171079
v -256.613815 -35.571205 -98.365255
v -234.343727 -34.510724 -113.211981
v -252.091711 -35.345015 -101.372605
v -229.910274 -34.288756 -116.160231
v -247.569526 -35.118808 -104.379990
v -225.466298 -34.066274 -119.115476
v -243.047381 -34.892617 -107.387373
v -221.022326 -33.843805 -122.070744
v -238.525237 -34.666427 -110.394741
v -216.578467 -33.621343 -125.025921
v -238.488957 -34.653849 -110.411532
v -216.613445 -33.612158 -124.995206
v -233.965902 -34.427650 -113.419521
v -212.168588 -33.389682 -127.951065
v -229.432716 -34.201722 -116.434169
v -207.713738 -33.167485 -130.913487
v -224.887354 -33.979571 -119.456307
v -207.717710 -33.161969 -130.902737
v -220.348731 -33.760935 -122.473389
v -198.765775 -32.733175 -136.862027
v -215.819535 -33.542314 -125.484232
v -194.338816 -32.519423 -139.804712
v -206.799943 -33.109865 -131.488662
v -189.887865 -32.304528 -142.763381
v -202.268059 -32.891260 -134.501266
v -185.434166 -32.089646 -145.723862
v -197.723623 -32.673613 -137.522030
v -171.996730 -31.448522 -154.673292
v -193.171826 -32.398800 -140.546928
v -167.512719 -31.421310 -157.653000
v -188.625956 -32.189327 -143.567356
v -163.043292 -31.214749 -160.622466
v -184.080170 -31.981249 -146.587488
v -158.575268 -31.009633 -163.590758
v -184.018289 -31.947757 -146.617735
v -154.099755 -30.808003 -166.563426
v -179.460015 -31.747714 -149.644810
v -158.600574 -30.953068 -163.551105
v -174.901296 -31.552814 -152.671337
v -154.120315 -30.761158 -166.525325
v -170.343675 -31.363568 -155.696217
v -149.641599 -30.574917 -169.497602
v -165.783512 -31.180664 -158.721738
v -145.164059 -30.395161 -172.468041
v -160.828241 -30.905556 -162.008574
v -140.285566 -30.318622 -175.703691
v -155.216818 -30.644536 -165.731080
v -134.730775 -30.254325 -179.388442
v -149.367012 -30.504740 -169.704816
v -128.843730 -30.113820 -183.191544
v -143.813160 -30.294657 -173.438593
v -122.755814 -30.096003 -187.145733
v -139.272133 -30.130142 -177.019735
v -115.433050 -30.130142 -191.016994
v -129.559692 -30.095352 -200.297223
v -112.942574 -30.095352 -168.208995
v -126.081670 -30.158168 -191.733466
v -109.678428 -29.909634 -164.891797
v -121.980440 -30.166717 -185.050317
v -107.669190 -29.733043 -161.631906
v -118.635485 -30.055176 -179.604155
v -104.706331 -29.633081 -156.810993
v -118.403658 -30.022588 -179.251033
v -101.851367 -29.521003 -152.165463
v -115.486101 -29.899479 -174.501409
v -99.022515 -29.400582 -147.560994
v -109.935261 -29.793423 -165.442967
v -96.196960 -29.168955 -142.962110
v -107.119255 -29.663281 -160.859263
v -93.393474 -29.039382 -138.398893
v -104.290843 -29.530275 -156.253303
v -90.579332 -28.907025 -133.816284
v -101.459105 -29.395302 -151.640159
v -84.954377 -28.645088 -124.632422
v -98.625136 -29.258906 -147.021862
v -82.123112 -28.508814 -120.018550
v -95.783524 -29.121251 -142.389702
v -79.288421 -28.371474 -115.397715
v -95.804667 -29.112981 -142.440596
v -76.454660 -28.233435 -110.776947
v -92.974713 -28.974613 -137.825081
v -73.624666 -28.095066 -106.161368
v -90.143039 -28.836316 -133.206006
v -76.386927 -28.211039 -110.696005
v -84.469451 -28.569079 -123.935513
v -73.554052 -28.072924 -106.073952
v -81.661969 -28.432391 -119.354312
v -70.721880 -27.935114 -101.452348
v -75.978569 -28.165886 -110.066165
v -67.889709 -27.798210 -96.829849
v -73.151129 -28.029829 -105.450740
v -65.058745 -27.661993 -92.208657
v -73.181612 -28.025413 -105.511178
v -62.227356 -27.527492 -87.586032
v -70.357244 -27.892834 -100.899212
v -56.629275 -27.268835 -78.435263
v -70.344042 -27.890233 -100.886688
v -53.802468 -27.138343 -73.818659
v -67.230375 -27.617137 -95.801161
v -50.683358 -27.115712 -68.724222
v -64.003202 -27.493349 -90.529480
v -47.434124 -26.991256 -63.416441
v -60.872950 -27.373812 -85.413961
v -44.303832 -26.871718 -58.300857
v -57.684151 -27.261579 -80.203457
v -41.105001 -26.759181 -53.073936
v -54.572343 -27.158736 -75.119633
v -38.021928 -26.657208 -48.037135
v -48.846730 -26.881843 -65.757832
v -32.278098 -26.630803 -38.645524
v -46.088149 -26.719925 -61.251214
v -28.811689 -26.719925 -32.980641
v -44.013710 -26.688873 -56.959919
v -24.819674 -26.688873 -28.168865
v -28.150562 -26.772599 -53.826068
v -47.872732 -26.473778 -21.553426
v -31.940993 -26.698776 -47.432399
v -50.274920 -26.425136 -18.152843
v -35.345608 -26.619586 -42.241343
v -52.410731 -26.361024 -14.316597
v -35.647699 -26.728707 -42.291869
v -54.648624 -26.134928 -9.930920
v -40.710663 -26.554245 -32.712146
v -58.229938 -26.046440 -5.798479
v -44.229848 -26.454770 -28.239253
v -60.500760 -25.946304 -0.527857
v -46.749729 -26.351369 -23.573497
v -63.510086 -25.843479 3.852544
v -46.590095 -26.325519 -23.510529
v -66.600221 -25.728202 8.445941
v -49.491590 -26.209530 -18.889854
v -69.538128 -25.611126 13.124767
v -52.365164 -26.091061 -14.317606
v -72.411605 -25.492659 17.696859
v -52.400572 -26.238641 -14.291648
v -75.289927 -25.213744 22.262996
v -52.388699 -26.229370 -14.351052
v -75.347751 -25.201353 22.314897
v -55.266442 -26.090442 -9.795705
v -78.183169 -25.064320 26.802652
v -58.534866 -25.942399 -5.497151
v -80.801911 -24.914689 31.500402
v -60.900018 -25.778470 -0.643518
v -83.816001 -24.752381 35.953649
v -63.799017 -25.839009 3.980215
v -86.634940 -24.475670 40.449524
v -66.984290 -25.639905 8.506146
v -89.321030 -24.286163 45.057175
v -75.231713 -25.098736 22.970642
v -92.962277 -24.070877 49.951933
v -79.554429 -24.852701 28.409275
v -96.291428 -23.822731 56.218444
v -85.200389 -24.647632 38.130940
v -99.958384 -23.326020 61.699680
v -88.334654 -24.457106 42.724387
v -103.331460 -22.842065 67.642158
v -107.351611 -24.117069 48.014661
v -84.087925 -22.548731 71.278347
v -100.618138 -23.536785 55.597583
v -83.332771 -22.617351 71.044081
v -95.337242 -23.239689 60.287506
v -79.205952 -22.381642 74.702702
v -91.068797 -23.002609 64.075627
v -75.214419 -22.159291 78.243370
v -86.883938 -22.691255 67.789101
v -71.116519 -22.020301 81.879135
v -82.951564 -22.507033 71.277260
v -67.188308 -21.836256 85.363574
v -78.878945 -22.223739 74.891291
v -63.230229 -21.724312 88.875250
v -74.977644 -22.062086 78.351946
v -59.245620 -21.560000 92.410350
v -66.887098 -21.776445 85.555418
v -55.211707 -21.403826 95.988745
v -62.847109 -21.629972 89.139411
v -51.144295 -21.256478 99.597245
v -58.861530 -21.488647 92.675944
v -47.136569 -21.114446 103.153569
v -54.878383 -21.352760 96.209587
v -43.127044 -20.977717 106.710783
v -50.893737 -21.222711 99.743723
v -41.756962 -20.931112 107.908501
v -46.909647 -21.035059 103.276652
v -37.739831 -20.839957 111.470955
v -47.032589 -20.999537 103.232768
v -31.052045 -20.663104 117.362933
v -43.046475 -20.883033 106.766352
v -27.034236 -20.545933 120.924542
v -39.060936 -20.771152 110.298578
v -23.016272 -20.433369 124.485439
v -35.077706 -20.662930 113.828097
v -14.963250 -20.239467 131.613510
v -31.103063 -20.559132 117.349147
v -10.955758 -20.134978 135.163606
v -27.136076 -20.460424 120.862306
v -6.955750 -20.035575 138.705962
v -23.178816 -20.366524 124.365762
v -2.965002 -19.940970 142.239029
v -19.263104 -20.278337 127.831249
v 1.010898 -19.851516 145.757736
v -15.298237 -20.087038 131.339911
v 4.994174 -19.873434 149.282674
v -11.377597 -20.011045 134.810208
v 8.983261 -19.796720 152.813492
v -7.247176 -19.942227 138.465796
v 13.023425 -19.728852 156.389274
v -3.052667 -19.887419 142.177429
v 17.265771 -19.673540 160.143205
v 1.174535 -19.751678 145.918528
v 21.700874 -19.751678 164.068134
v 4.686455 -19.743790 150.137790
v 27.314473 -19.743790 167.164814
v 5.278146 -19.742584 164.466088
v 34.651277 -19.742584 153.264471
v 8.249015 -19.740463 163.010644
v 40.095015 -19.740463 151.503266
v 14.437864 -19.737534 160.619290
v 45.411778 -19.737534 149.687321
v 19.814426 -19.733902 158.977691
v 50.657648 -19.733902 147.573475
v 24.835744 -19.729660 156.422889
v 56.098565 -19.729660 146.262471
v 30.506032 -19.724930 155.132149
v 61.468808 -19.724930 143.943920
v 35.744869 -19.719879 153.099196
v 66.695861 -19.719879 142.175317
v 39.751596 -19.714828 151.676224
v 71.681277 -19.714828 140.406925
v 44.011314 -19.721970 151.523711
v 76.468119 -19.721970 137.533709
v 47.678536 -19.253699 150.882248
v 73.091991 -19.922474 138.621371
v 52.461004 -19.224275 148.967283
v 77.983691 -20.127733 136.093009
v 62.137570 -19.582105 144.080823
v 82.880774 -20.316378 133.617438
v 66.787693 -19.633386 141.916004
v 87.684009 -20.566258 131.094697
v 71.578371 -19.854540 139.439931
v 92.473848 -20.787373 128.619058
v 76.369115 -20.090445 136.962617
v 97.264484 -21.023274 126.141801
v 81.179586 -19.854079 134.466878
v 102.037293 -21.530145 123.665566
v 85.954356 -20.276272 131.982616
v 106.812103 -21.952341 121.181283
v 90.731306 -20.698480 129.497232
v 111.589067 -22.374550 118.695892
v 95.653024 -20.870613 126.946200
v 116.370154 -22.905331 116.217686
v 100.222229 -20.592750 124.209395
v 121.198887 -23.776707 113.908357
v 105.109599 -21.358943 121.798747
v 126.002347 -24.530164 111.538916
v 105.117244 -21.544651 121.787707
v 130.808730 -25.214863 109.171352
v 109.803368 -22.738615 119.396495
v 135.645324 -25.711584 106.818551
v 109.989780 -23.803735 119.509930
v 140.468653 -25.961532 104.405357
v 114.773295 -25.199271 117.138730
v 145.301316 -26.009750 102.009798
v 124.472165 -26.438396 112.487050
v 150.101295 -25.757976 99.559083
v 129.222362 -27.119449 110.174464
v 154.890244 -25.286029 97.111345
v 138.798902 -26.402125 105.305394
v 159.693067 -24.909684 94.671756
v 143.790624 -26.381248 102.775960
v 164.487820 -24.348488 92.242566
v 148.462350 -26.037700 100.275829
v 169.304318 -23.804632 89.854845
v 153.245471 -25.644791 97.872595
v 174.103872 -23.223727 87.443395
v 158.117887 -25.073833 95.431596
v 178.909187 -22.660557 85.035946
v 162.778676 -24.018903 92.902377
v 183.769918 -22.347034 82.685401
v 167.546966 -23.373330 90.555399
v 188.611246 -22.068463 80.302873
v 172.428650 -22.927105 88.292562
v 193.430336 -21.811971 77.884647
v 177.290259 -22.517723 85.884965
v 198.262951 -21.589728 75.491418
v 182.048683 -22.273201 83.522567
v 203.090679 -21.342139 73.094674
v 186.916334 -21.798523 81.225953
v 207.894230 -21.241588 70.644183
v 191.728218 -21.528148 78.791702
v 212.709207 -21.156803 68.208370
v 196.545417 -21.400722 76.354751
v 217.526407 -21.029377 65.771420
v 201.362559 -21.273297 73.917829
v 222.343549 -20.901952 63.334498
v 206.179759 -21.145855 71.480879
v 227.160735 -20.774510 60.897554
v 210.996962 -21.018430 69.043957
v 231.977979 -20.647084 58.460612
v 215.814189 -20.891003 66.607023
v 236.795206 -20.519657 56.023678
v 220.591027 -20.764276 64.190447
v 241.612392 -20.392216 53.586749
v 225.448616 -20.636135 61.733139
v 249.638630 -20.207993 49.531096
v 230.265700 -20.508694 59.296215
v 254.449366 -20.080665 47.097374
v 235.082855 -20.381269 56.859271
v 259.278141 -19.953033 44.654569
v 239.900208 -20.253840 54.422274
v 260.886102 -19.882408 43.836469
v 244.719165 -20.126368 51.984452
v 265.703329 -19.754967 41.399520
v 249.536116 -19.998945 49.547612
v 270.520457 -19.627541 38.962590
v 254.368713 -19.871299 47.102923
v 275.340631 -19.500115 36.524167
v 259.163566 -19.873479 44.556375
v 280.186886 -19.315338 34.137738
v 263.997904 -20.565278 42.037488
v 285.035404 -18.703552 31.797997
v 269.039016 -20.448414 39.586136
v 289.861039 -18.052960 29.451523
v 273.927588 -20.101451 37.208056
v 294.675747 -17.347270 27.109394
v 277.906986 -19.678040 35.271805
v 299.487567 -16.622383 24.767983
v 281.346725 -19.170661 33.598005
v 304.306838 -15.919672 22.422729
v 284.977281 -18.636269 31.831313
v 309.116246 -15.218362 20.082260
v 289.852589 -17.917747 29.458463
v 313.929478 -14.508630 17.739623
v 294.683762 -17.361922 27.106616
v 318.740871 -13.742711 15.397404
v 299.494532 -16.632805 24.764494
v 323.546692 -13.014338 13.057690
v 304.305215 -15.903707 22.422386
v 328.357389 -12.285239 10.715575
v 309.098439 -15.028846 20.088483
v 333.175341 -11.619728 8.369637
v 313.895790 -14.198520 17.752122
v 337.995979 -10.999380 6.021941
v 318.672916 -12.365070 15.581526
v 342.822135 -10.869101 3.613772
v 323.519614 -11.023499 13.321564
v 347.620579 -11.023499 1.164440
v 328.324993 -11.036728 10.871344
v 352.426013 -11.036728 -1.285808
v 333.135781 -11.049957 8.418388
v 357.236787 -11.049957 -3.738756
v 337.946466 -11.063202 5.965469
v 365.279022 -11.063202 -7.821750
v 342.757210 -11.076431 3.512535
v 370.074753 -11.076431 -10.267110
v 347.567971 -11.089661 1.059593
v 374.912175 -11.089661 -12.733501
v 352.378714 -11.102890 -1.393356
v 379.699622 -11.102890 -15.174698
v 357.189386 -11.116119 -3.846284
v 384.510267 -11.116119 -17.627613
v 362.000103 -11.129364 -6.299219
v 389.320997 -11.129364 -20.080555
v 366.810863 -11.142593 -8.752161
v 394.131744 -11.142593 -22.533490
v 371.621593 -11.155823 -11.205103
v 398.942487 -11.155823 -24.986439
v 376.432282 -11.169052 -13.658024
v 403.753176 -11.169052 -27.439360
v 381.243067 -11.182281 -16.110978
v 408.565146 -11.182281 -29.892912
v 386.053661 -11.195526 -18.563866
v 410.154789 -11.195526 -30.721073
v 390.864353 -11.208755 -21.016774
v 414.965550 -11.208755 -33.174015
v 402.103551 -11.221985 -26.712410
v 419.776307 -11.221985 -35.626986
v 406.913935 -11.235214 -29.165178
v 424.586691 -11.235214 -38.079754
v 411.723272 -11.062182 -31.619704
v 429.393781 -11.374934 -40.533147
v 410.143955 -10.592140 -30.774033
v 434.182400 -11.665285 -43.007884
v 415.028701 -10.369179 -33.117067
v 438.950909 -12.077908 -45.505353
v 419.816977 -10.726514 -35.587775
v 443.739130 -12.435239 -47.976033
v 424.571311 -10.640093 -38.205913
v 448.536909 -12.993857 -50.402691
v 429.378793 -10.982452 -40.661765
v 453.327051 -13.548337 -52.849718
v 434.143411 -11.206166 -43.236699
v 458.137594 -14.205439 -55.233790
v 438.944925 -11.806829 -45.634389
v 462.939121 -14.806103 -57.631487
v 443.757495 -12.860213 -47.888241
v 467.722890 -15.213957 -60.084915
v 448.584061 -13.648255 -50.190855
v 472.492886 -15.569500 -62.572210
v 453.348395 -14.346465 -52.651250
v 477.280964 -15.842250 -65.044902
v 458.121479 -14.967472 -55.125154
v 482.071915 -16.036687 -67.528059
v 462.907565 -15.663157 -57.599056
v 486.873816 -16.091126 -70.010150
v 467.616093 -16.200054 -60.260540
v 491.715586 -15.986784 -72.416922
v 472.467083 -17.173301 -62.716551
v 496.519502 -15.470475 -74.849187
v 477.347396 -17.417007 -65.106627
v 501.295221 -14.851169 -77.294359
v 482.149997 -17.040144 -67.549442
v 506.079099 -14.262659 -79.727646
v 486.966518 -16.765126 -69.997918
v 510.853795 -13.565937 -82.154836
v 491.694771 -16.262178 -72.568699
v 515.643591 -12.840918 -84.543109
v 496.470101 -15.558155 -74.991245
v 520.419002 -12.136883 -86.965696
v 501.249717 -14.851418 -77.411037
v 525.198983 -11.430094 -89.385670
v 506.039112 -14.137396 -79.813104
v 529.988446 -10.716063 -91.787772
v 510.796406 -13.122503 -82.184503
v 534.790996 -10.123179 -94.181798
v 515.620449 -12.196770 -84.439922
v 539.569194 -9.630833 -96.628123
v 520.511441 -11.204692 -86.773146
v 544.336863 -9.290149 -99.111310
v 525.271745 -10.206820 -89.093010
v 549.095717 -9.143249 -101.643137
v 529.874776 -9.537182 -91.673643
v 553.908983 -9.108000 -104.119929
v 534.662866 -9.271987 -94.390782
v 561.971793 -9.030315 -108.166082
v 539.394646 -9.206168 -97.321166
v 566.934784 -8.964588 -110.366495
v 544.567825 -9.151255 -99.790916
v 571.826574 -8.912144 -112.702956
v 549.887098 -8.936340 -102.666332
v 576.816157 -8.936340 -114.842950
v 555.470500 -8.896729 -105.518064
v 581.850934 -8.896729 -116.888941
v 560.304083 -8.861725 -107.929756
v 586.918097 -8.861725 -118.848325
v 565.210870 -8.830307 -110.269071
v 592.021344 -8.830307 -120.720612
v 570.115851 -8.802246 -112.644543
v 597.190908 -8.802246 -122.427967
v 575.047607 -8.777390 -114.890976
v 602.406155 -8.777390 -124.010492
v 580.003212 -8.755386 -117.150171
v 607.689951 -8.755386 -125.387549
v 585.086040 -8.736282 -119.262139
v 613.026393 -8.736282 -126.590756
v 590.164449 -8.720078 -121.350100
v 618.435628 -8.720078 -127.505921
v 600.745781 -8.706818 -124.343181
v 623.918994 -8.706818 -128.050895
v 606.105271 -8.696976 -125.969166
v 629.467562 -8.696976 -128.194146
v 611.612091 -8.691101 -127.614227
v 635.071854 -8.691101 -127.614227
v 617.310673 -8.681396 -129.179727
v 640.590070 -8.681396 -126.013729
v 623.215801 -8.764017 -129.942695
v 645.822000 -8.578720 -123.642606
v 615.359528 -8.821435 -134.120079
v 650.885401 -8.522898 -121.282999
v 620.910702 -8.752553 -133.485761
v 655.827354 -8.454121 -118.862548
v 626.215406 -8.676782 -132.055058
v 660.727724 -8.376675 -116.449488
v 631.460960 -8.593289 -130.389567
v 665.561346 -8.294163 -113.937627
v 636.112627 -8.742170 -128.657927
v 670.645099 -8.130976 -111.238892
v 658.361365 -8.344306 -117.559783
v 675.300311 -8.041825 -108.636589
v 663.167961 -8.251575 -115.007509
v 679.710186 -7.956178 -106.293301
v 667.680550 -8.164414 -112.864537
v 683.929017 -7.868987 -103.706310
v 672.110618 -8.073257 -110.369166
v 688.273557 -7.779385 -101.259145
v 676.788082 -7.977764 -107.900777
v 692.308166 -7.692992 -98.788067
v 681.506792 -7.879222 -105.240363
v 693.843080 -7.650773 -97.815745
v 686.141156 -7.779597 -102.461340
v 698.477379 -7.551149 -95.036761
v 686.085864 -7.766745 -102.504810
v 703.107811 -7.451524 -92.260119
v 690.720565 -7.667158 -99.725511
v 710.827731 -7.294803 -87.623976
v 695.439617 -7.568087 -97.057629
v 732.264519 -6.879771 -74.343201
v 700.143432 -7.465994 -94.365972
v 736.660786 -6.783427 -71.158682
v 704.705588 -7.365974 -91.469085
v 741.222878 -6.683407 -68.261836
v 709.265565 -7.265911 -88.573537
v 739.706475 -6.696923 -69.227912
v 713.824986 -7.165931 -85.678412
v 744.266373 -6.596933 -66.332485
v 718.475517 -7.067602 -82.904817
v 748.703898 -6.497255 -63.227851
v 723.111137 -6.971175 -80.081142
v 753.111125 -6.399746 -60.081149
v 727.617439 -6.875379 -77.099584
v 757.617312 -6.303952 -57.099669
v 732.120208 -6.779600 -74.120362
v 762.120133 -6.208173 -54.120412
v 730.627889 -6.798118 -75.137895
v 766.628446 -6.112393 -51.137524
v 735.262571 -6.522295 -72.333622
v 771.000141 -6.178664 -47.935858
v 739.726195 -6.438016 -69.280885
v 775.488478 -6.094148 -44.866251
v 744.182722 -6.354217 -66.228658
v 779.919486 -6.010594 -41.831444
v 748.726665 -6.273121 -63.289661
v 784.306393 -5.931009 -38.657543
v 753.306995 -6.210559 -60.391861
v 788.611595 -5.867796 -35.370155
v 757.718398 -6.161425 -57.246932
v 793.022301 -5.818668 -32.225720
v 762.493606 -5.938782 -54.582494
v 797.070022 -5.938782 -28.564596
v 772.680980 -5.913467 -47.103842
v 795.532516 -5.913467 -29.508160
v 777.282946 -6.001515 -44.126121
v 799.532153 -5.772141 -25.776260
v 781.915305 -5.930611 -41.102064
v 803.306620 -5.703044 -21.758855
v 786.641691 -5.964247 -38.050406
v 806.688238 -5.508643 -17.320454
v 791.479232 -5.850055 -34.892408
v 809.465981 -5.394694 -12.352051
v 796.440232 -5.731746 -31.500829
v 811.310560 -5.274197 -6.793206
v 801.274964 -5.501064 -27.593719
v 812.025298 -5.272333 -0.832252
v 805.652194 -5.308945 -23.029596
v 811.570786 -5.308945 5.197538
v 808.111959 -5.489011 -17.800610
v 811.186475 -5.049794 9.870034
v 808.746333 -5.376328 -12.395670
v 811.873986 -4.929521 15.753202
v 809.374675 -5.263659 -7.033548
v 812.571056 -4.807034 21.733877
v 810.002903 -5.150989 -1.671441
v 813.408986 -4.664406 28.983303
v 810.631172 -5.038314 3.691045
v 814.238598 -4.522967 36.157881
v 811.257034 -4.925982 9.031892
v 815.065178 -4.381961 43.305181
v 811.887630 -4.812958 14.415319
v 815.696725 -4.268802 48.697175
v 812.515985 -4.700288 19.777425
v 815.441465 -4.282362 46.106744
v 813.142846 -4.587831 25.126097
v 816.073104 -4.169222 51.498420
v 813.772557 -4.474949 30.501578
v 816.704643 -4.056079 56.890353
v 812.362713 -4.653441 17.520490
v 817.336251 -3.942935 62.282332
v 813.032905 -4.534778 23.259169
v 817.968227 -3.829732 67.677071
v 815.657451 -4.136920 46.588141
v 818.599761 -3.716590 73.068929
v 816.890138 -3.937890 57.390908
v 819.231257 -3.603444 78.460983
v 817.518386 -3.825217 62.753197
v 819.665464 -3.518492 82.076898
v 818.147230 -3.712547 68.119652
v 820.297606 -3.405350 87.473044
v 818.273159 -3.685005 68.040683
v 820.821700 -3.292922 92.741928
v 817.565785 -3.764784 61.074246
v 821.396168 -3.175494 98.199499
v 818.108709 -3.649771 66.335271
v 821.961335 -3.057060 103.676104
v 820.879150 -3.192051 93.186036
v 822.521902 -2.939320 109.108095
v 821.433336 -3.075277 98.556154
v 823.085255 -2.821136 114.567055
v 821.987476 -2.958501 103.926393
v 823.656611 -2.701711 120.104158
v 820.295405 -3.187321 87.525071
v 824.220815 -2.583412 125.571359
v 820.822591 -3.074702 92.633488
v 824.785730 -2.464988 131.045450
v 822.718901 -2.751457 111.011295
v 825.350711 -2.346563 136.519601
v 823.274374 -2.634501 116.393888
v 825.915612 -2.228156 141.993586
v 823.827780 -2.517922 121.757511
v 826.478926 -2.110054 147.453230
v 824.603243 -2.407479 127.117157
v 827.559141 -1.870043 160.975625
v 824.614204 -2.388798 127.156963
v 828.051580 -1.763821 166.530535
v 825.550530 -2.201638 137.892148
v 828.536851 -1.658670 172.099100
v 826.019341 -2.099573 143.272446
v 829.022644 -1.553518 177.673917
v 826.706068 -2.005511 148.650801
v 829.179644 -1.455827 183.280876
v 827.029429 -1.838502 148.746214
v 829.265004 -1.519134 188.986562
v 828.400208 -1.616028 153.637695
v 828.400208 -1.616028 194.201340
v 831.924102 -1.601898 158.769162
v 824.822212 -1.601898 198.797998
v 832.167332 -1.601898 164.582419
v 822.577524 -1.601898 203.900633
v 831.487325 -1.601898 170.038759
v 823.401107 -1.601898 199.054014
v 830.413196 -1.601898 175.160022
v 821.763876 -1.601898 204.231345
v 828.930965 -1.601898 180.088501
v 820.204149 -1.601898 209.420298
v 827.869578 -1.601898 185.435811
v 815.143547 -1.601898 224.592828
v 822.295303 -1.601898 202.565304
v 813.535738 -1.601898 229.517809
v 820.611080 -1.601898 207.707253
v 811.851506 -1.601898 234.659787
v 819.124910 -1.601898 212.924817
v 813.134127 -1.601898 229.898700
v 817.334464 -1.601898 218.029027
v 811.343722 -1.601898 235.002795
v 819.730661 -1.601898 211.270898
v 809.556257 -1.601898 240.098378
v 817.954003 -1.601898 216.336004
v 807.768837 -1.601898 245.193973
v 813.597699 -1.601898 228.710165
v 805.981448 -1.601898 250.289543
v 811.982417 -1.601898 233.317879
v 804.193621 -1.601898 255.386134
v 810.185497 -1.601898 238.420558
v 802.396660 -1.601898 260.488928
v 811.120227 -1.601898 236.862814
v 794.472848 -1.601898 281.508055
v 809.230321 -1.601898 241.929488
v 798.538384 -1.601898 270.603318
v 809.858467 -1.601898 240.243115
v 796.651068 -1.601898 275.662956
v 807.971697 -1.601898 245.301421
v 791.228283 -1.601898 290.204212
v 806.084594 -1.601898 250.360487
v 792.876561 -1.601898 285.782030
v 804.188641 -1.601898 255.443615
v 790.989415 -1.601898 290.841539
v 802.273681 -1.601898 260.577860
v 789.101584 -1.601898 295.903025
v 800.304017 -1.601898 265.819521
v 785.313022 -1.601898 306.022642
v 798.652693 -1.601898 271.345390
v 783.191589 -1.601898 311.006485
v 796.579717 -1.601898 276.628835
v 781.216780 -1.601898 316.038110
v 792.319025 -1.601898 287.524377
v 779.243946 -1.601898 321.064798
v 790.345892 -1.601898 292.551708
v 774.655987 -1.601898 332.799727
v 788.372781 -1.601898 297.578886
v 772.683020 -1.601898 337.826535
v 786.419621 -1.601898 302.555075
v 770.710186 -1.601898 342.853194
v 779.848386 -1.601898 319.377358
v 768.735949 -1.601898 347.883178
v 777.954161 -1.601898 324.448714
v 766.549583 -1.601898 352.838835
v 775.979380 -1.601898 329.490396
v 769.147366 -1.601898 346.143431
v 773.903973 -1.601898 334.481678
v 767.071993 -1.601898 351.134628
v 771.830771 -1.601898 339.467785
v 764.998722 -1.601898 356.120905
v 774.541030 -1.601898 332.794145
v 761.006078 -1.601898 365.785592
v 772.446154 -1.601898 337.832907
v 758.937657 -1.601898 370.759867
v 765.610089 -1.601898 354.428333
v 758.778086 -1.601898 371.081340
v 765.604555 -1.601898 354.647933
v 751.774484 -1.601898 387.670756
v 761.621019 -1.601898 364.499634
v 749.306924 -1.601898 392.508164
v 759.434490 -1.601898 369.447402
v 747.120315 -1.601898 397.456114
v 759.496266 -1.601898 369.388228
v 749.973083 -1.601898 390.862072
v 755.259122 -1.601898 379.446868
v 749.094701 -1.601898 392.460646
v 758.334389 -1.601898 372.992494
v 746.790931 -1.601898 397.362016
v 756.156733 -1.601898 377.924172
v 742.859911 -1.601898 405.484856
v 754.298689 -1.601898 383.088301
v 731.721955 -1.601898 426.684753
v 746.552275 -1.601898 399.479447
v 737.017264 -1.601898 414.707000
v 744.479401 -1.601898 403.742103
v 733.155498 -1.601898 419.719665
v 745.454215 -1.601898 406.275874
v 727.899888 -1.601898 423.635153
v 742.149377 -1.601898 410.480568
v 720.606860 -1.601898 429.731327
v 738.780884 -1.601898 414.108696
v 708.328845 -1.601898 439.537718
v 734.688284 -1.601898 417.304203
v 703.035355 -1.601898 444.341082
v 730.844271 -1.601898 420.458457
v 705.478301 -1.601898 442.389453
v 724.578780 -1.601898 426.297206
v 700.950221 -1.601898 445.585826
v 723.289131 -1.601898 427.141642
v 696.691983 -1.601898 449.351631
v 719.536194 -1.601898 431.088740
v 691.964860 -1.601898 452.318666
v 714.753080 -1.601898 434.048846
v 687.950523 -1.601898 456.430363
v 710.414762 -1.601898 437.232835
v 680.631467 -1.601898 463.254029
v 703.775154 -1.601898 443.366673
v 676.210822 -1.601898 466.384311
v 699.699368 -1.601898 446.788141
v 675.509047 -1.601898 466.988307
v 698.344362 -1.601898 447.937488
v 676.059175 -1.601898 466.546768
v 694.271743 -1.601898 451.356130
v 667.236769 -1.601898 473.931727
v 690.199197 -1.601898 454.774823
v 663.100660 -1.601898 477.403498
v 683.409324 -1.601898 460.462615
v 658.964648 -1.601898 480.875179
v 679.337047 -1.601898 463.880992
v 659.514706 -1.601898 480.433669
v 675.264266 -1.601898 467.299851
v 650.692396 -1.601898 487.818629
v 671.191659 -1.601898 470.718514
v 643.047901 -1.601898 494.220003
v 659.845316 -1.601898 480.211121
v 647.106200 -1.601898 490.848940
v 655.709304 -1.601898 483.682802
v 642.970188 -1.601898 494.320620
v 658.972568 -1.601898 480.975654
v 632.634179 -1.601898 502.969567
v 654.899062 -1.601898 484.395119
v 631.935221 -1.601898 503.571110
v 655.665623 -1.601898 483.772960
v 627.799373 -1.601898 507.042715
v 651.592093 -1.601898 487.192414
v 626.425874 -1.601898 508.207504
v 642.677310 -1.601898 494.654480
v 622.288754 -1.601898 511.679976
v 638.690470 -1.601898 498.186432
v 618.050721 -1.601898 515.035208
v 634.620548 -1.601898 501.708540
v 610.961444 -1.601898 520.588027
v 630.376718 -1.601898 505.110258
v 606.746514 -1.601898 523.966684
v 626.133843 -1.601898 508.511250
v 598.976032 -1.601898 530.182634
v 621.891029 -1.601898 511.912302
v 598.319707 -1.601898 530.721741
v 617.707181 -1.601898 515.266240
v 596.919718 -1.601898 531.854214
v 613.523346 -1.601898 518.620215
v 592.706389 -1.601898 535.231726
v 609.339510 -1.601898 521.974204
v 585.679559 -1.601898 540.854366
v 605.154578 -1.601898 525.328959
v 577.952840 -1.601898 547.035397
v 601.009917 -1.601898 528.738253
v 573.644361 -1.601898 550.298994
v 601.834010 -1.601898 528.356117
v 569.247315 -1.601898 553.447871
v 597.512208 -1.601898 531.692456
v 564.971975 -1.601898 556.748435
v 588.195786 -1.601898 538.874621
v 564.258073 -1.601898 557.306659
v 583.874631 -1.601898 542.210369
v 556.423110 -1.601898 563.348040
v 579.553404 -1.601898 545.546187
v 552.142275 -1.601898 566.652756
v 575.232200 -1.601898 548.881987
v 547.874013 -1.601898 569.947790
v 570.910081 -1.601898 552.218458
v 543.598392 -1.601898 573.248457
v 566.664088 -1.601898 555.665827
v 535.571467 -1.601898 579.062255
v 558.845612 -1.601898 561.211022
v 538.780562 -1.601898 577.385910
v 554.686865 -1.601898 564.571329
v 534.742619 -1.601898 580.648834
v 550.539405 -1.601898 568.030734
v 527.067508 -1.601898 586.523744
v 549.495146 -1.601898 568.851846
v 522.950093 -1.601898 589.766131
v 554.277665 -1.601898 564.753997
v 522.581810 -1.601898 590.304738
v 550.284087 -1.601898 568.316850
v 518.526654 -1.601898 593.337859
v 546.012095 -1.601898 571.671081
v 514.635289 -1.601898 596.392201
v 542.438609 -1.601898 574.633506
v 510.956126 -1.601898 599.189843
v 539.683376 -1.601898 578.289977
v 501.232412 -1.601898 605.541631
v 538.377659 -1.601898 584.737080
v 495.771834 -1.601898 605.292522
v 535.460832 -1.601898 590.852260
v 489.992558 -1.601898 604.755782
v 531.429381 -1.601898 596.632123
v 484.533824 -1.601898 603.385084
v 526.380878 -1.601898 599.452805
v 478.859206 -1.601898 602.847211
v 520.961020 -1.601898 601.240417
v 473.300334 -1.601898 602.375195
v 507.392074 -1.601898 603.695645
v 467.855902 -1.601898 600.557854
v 501.770830 -1.601898 603.394681
v 468.939880 -1.601898 600.528487
v 496.153749 -1.601898 603.211501
v 463.533031 -1.601898 599.845871
v 490.460549 -1.601898 603.102894
v 458.095124 -1.601898 598.960120
v 484.593845 -1.601898 602.959754
v 445.544318 -1.601898 596.711830
v 527.205376 -1.601898 609.765714
v 439.977304 -1.601898 595.809223
v 521.409951 -1.601898 608.280684
v 434.526758 -1.601898 595.074439
v 514.858187 -1.601898 610.512705
v 436.078709 -1.601898 594.629745
v 509.426351 -1.601898 605.610946
v 430.442209 -1.601898 594.237229
v 0.000000 0.000000 0.000000
v 0.000000 0.000000 0.000000
v 0.000000 0.000000 0.000000
v 0.000000 0.000000 0.000000
v 0.000000 0.000000 0.000000
v 0.000000 0.000000 0.000000
v 0.000000 0.000000 0.000000
v 0.000000 0.000000 0.000000
v -301967.045041 -270226.134379 0.000000
v 194643.271343 174874.298365 0.000000
v nan nan nan
v nan nan nan
v nan nan nan
v nan nan nan
v nan nan nan
v nan nan nan
v nan nan nan
v nan nan nan
v nan nan nan
v nan nan nan
v nan nan nan
v nan nan nan
v nan nan nan
v nan nan nan
v nan nan nan
v nan nan nan
v nan nan nan
v nan nan nan
v nan nan nan
v nan nan nan
v nan nan nan
v nan nan nan
v nan nan nan
v nan nan nan
v nan nan nan
v nan nan nan
v nan nan nan
v nan nan nan
v nan 0.000000 0.000000
v nan 0.000000 0.000000
v nan nan nan
v 0.000000 nan nan
v 0.000000 0.000000 0.000000
v 0.000000 0.000000 0.000000
v 0.000000 0.000000 0.000000
v 0.000000 0.000000 0.000000
v 0.000000 0.000000 0.000000
v 0.000000 0.000000 0.000000
v 0.000000 -0.000000 -0.000000
v 0.000000 0.000000 0.000000
v nan nan nan
v nan nan nan
v nan nan nan
v nan nan nan
v nan nan nan
v nan nan nan
v nan nan nan
v nan nan nan
v nan nan nan
v nan nan nan
v nan nan nan
v nan nan nan
v nan nan nan
v nan nan nan
v nan nan nan
v nan nan nan
v nan nan nan
v nan nan nan
v nan nan nan
v nan nan nan
v nan nan nan
v nan nan nan
vt 0.000000 0.000000
vt 1.000000 0.000000
vt 0.000000 5.392387
vt 1.000000 5.392387
vt 0.000000 10.861609
vt 1.000000 10.861609
vt 0.000000 16.315794
vt 1.000000 16.315794
vt 0.000000 21.673061
vt 1.000000 21.673061
vt 0.000000 27.026146
vt 1.000000 27.026146
vt 0.000000 32.458614
vt 1.000000 32.458614
vt 0.000000 37.846629
vt 1.000000 37.846629
vt 0.000000 43.220508
vt 1.000000 43.220508
vt 0.000000 48.584731
vt 1.000000 48.584731
vt 0.000000 53.936617
vt 1.000000 53.936617
vt 0.000000 60.554813
vt 1.000000 60.554813
vt 0.000000 68.449446
vt 1.000000 68.449446
vt 0.000000 76.344090
vt 1.000000 76.344090
vt 0.000000 84.238774
vt 1.000000 84.238774
vt 0.000000 89.632208
vt 1.000000 89.632208
vt 0.000000 96.151459
vt 1.000000 96.151459
vt 0.000000 102.670708
vt 1.000000 102.670708
vt 0.000000 109.189962
vt 1.000000 109.189962
vt 0.000000 115.709276
vt 1.000000 115.709276
vt 0.000000 122.228525
vt 1.000000 122.228525
vt 0.000000 128.747715
vt 1.000000 128.747715
vt 0.000000 134.707292
vt 1.000000 134.707292
vt 0.000000 140.107311
vt 1.000000 140.107311
vt 0.000000 145.507268
vt 1.000000 145.507268
vt 0.000000 150.907226
vt 1.000000 150.907226
vt 0.000000 156.307321
vt 1.000000 156.307321
vt 0.000000 161.707385
vt 1.000000 161.707385
vt 0.000000 167.107371
vt 1.000000 167.107371
vt 0.000000 172.507358
vt 1.000000 172.507358
vt 0.000000 177.907375
vt 1.000000 177.907375
vt 0.000000 183.307361
vt 1.000000 183.307361
vt 0.000000 188.707347
vt 1.000000 188.707347
vt 0.000000 194.114728
vt 1.000000 194.114728
vt 0.000000 199.531654
vt 1.000000 199.531654
vt 0.000000 204.945127
vt 1.000000 204.945127
vt 0.000000 210.356778
vt 1.000000 210.356778
vt 0.000000 215.771481
vt 1.000000 215.771481
vt 0.000000 221.184508
vt 1.000000 221.184508
vt 0.000000 226.600878
vt 1.000000 226.600878
vt 0.000000 232.016821
vt 1.000000 232.016821
vt 0.000000 237.432502
vt 1.000000 237.432502
vt 0.000000 242.859117
vt 1.000000 242.859117
vt 0.000000 248.291776
vt 1.000000 248.291776
vt 0.000000 253.726235
vt 1.000000 253.726235
vt 0.000000 259.166542
vt 1.000000 259.166542
vt 0.000000 264.618357
vt 1.000000 264.618357
vt 0.000000 270.089355
vt 1.000000 270.089355
vt 0.000000 275.590044
vt 1.000000 275.590044
vt 0.000000 281.145726
vt 1.000000 281.145726
vt 0.000000 286.778032
vt 1.000000 286.778032
vt 0.000000 292.434497
vt 1.000000 292.434497
vt 0.000000 298.043754
vt 1.000000 298.043754
vt 0.000000 303.577146
vt 1.000000 303.577146
vt 0.000000 309.067114
vt 1.000000 309.067114
vt 0.000000 314.530514
vt 1.000000 314.530514
vt 0.000000 319.979229
vt 1.000000 319.979229
vt 0.000000 325.418780
vt 1.000000 325.418780
vt 0.000000 330.852894
vt 1.000000 330.852894
vt 0.000000 336.282093
vt 1.000000 336.282093
vt 0.000000 341.705824
vt 1.000000 341.705824
vt 0.000000 347.127443
vt 1.000000 347.127443
vt 0.000000 352.542538
vt 1.000000 352.542538
vt 0.000000 357.945377
vt 1.000000 357.945377
vt 0.000000 363.347713
vt 1.000000 363.347713
vt 0.000000 368.750657
vt 1.000000 368.750657
vt 0.000000 374.150015
vt 1.000000 374.150015
vt 0.000000 379.550255
vt 1.000000 379.550255
vt 0.000000 384.950809
vt 1.000000 384.950809
vt 0.000000 390.351432
vt 1.000000 390.351432
vt 0.000000 395.751956
vt 1.000000 395.751956
vt 0.000000 401.152344
vt 1.000000 401.152344
vt 0.000000 406.552641
vt 1.000000 406.552641
vt 0.000000 411.953724
vt 1.000000 411.953724
vt 0.000000 417.355248
vt 1.000000 417.355248
vt 0.000000 422.756361
vt 1.000000 422.756361
vt 0.000000 428.160888
vt 1.000000 428.160888
vt 0.000000 433.576970
vt 1.000000 433.576970
vt 0.000000 439.003092
vt 1.000000 439.003092
vt 0.000000 444.433479
vt 1.000000 444.433479
vt 0.000000 449.868067
vt 1.000000 449.868067
vt 0.000000 455.310891
vt 1.000000 455.310891
vt 0.000000 460.760634
vt 1.000000 460.760634
vt 0.000000 466.213874
vt 1.000000 466.213874
vt 0.000000 471.666456
vt 1.000000 471.666456
vt 0.000000 477.115819
vt 1.000000 477.115819
vt 0.000000 482.560212
vt 1.000000 482.560212
vt 0.000000 487.998873
vt 1.000000 487.998873
vt 0.000000 493.432833
vt 1.000000 493.432833
vt 0.000000 498.861894
vt 1.000000 498.861894
vt 0.000000 504.288597
vt 1.000000 504.288597
vt 0.000000 509.712333
vt 1.000000 509.712333
vt 0.000000 515.139061
vt 1.000000 515.139061
vt 0.000000 520.567396
vt 1.000000 520.567396
vt 0.000000 525.994361
vt 1.000000 525.994361
vt 0.000000 531.421177
vt 1.000000 531.421177
vt 0.000000 536.849199
vt 1.000000 536.849199
vt 0.000000 542.278309
vt 1.000000 542.278309
vt 0.000000 547.706450
vt 1.000000 547.706450
vt 0.000000 553.137810
vt 1.000000 553.137810
vt 0.000000 558.571126
vt 1.000000 558.571126
vt 0.000000 564.002495
vt 1.000000 564.002495
vt 0.000000 569.435209
vt 1.000000 569.435209
vt 0.000000 574.868197
vt 1.000000 574.868197
vt 0.000000 580.300220
vt 1.000000 580.300220
vt 0.000000 585.731775
vt 1.000000 585.731775
vt 0.000000 591.162091
vt 1.000000 591.162091
vt 0.000000 596.591025
vt 1.000000 596.591025
vt 0.000000 602.019817
vt 1.000000 602.019817
vt 0.000000 607.446500
vt 1.000000 607.446500
vt 0.000000 612.871529
vt 1.000000 612.871529
vt 0.000000 618.295469
vt 1.000000 618.295469
vt 0.000000 623.718388
vt 1.000000 623.718388
vt 0.000000 629.141275
vt 1.000000 629.141275
vt 0.000000 634.565657
vt 1.000000 634.565657
vt 0.000000 639.991102
vt 1.000000 639.991102
vt 0.000000 645.418665
vt 1.000000 645.418665
vt 0.000000 650.849578
vt 1.000000 650.849578
vt 0.000000 656.282850
vt 1.000000 656.282850
vt 0.000000 661.719254
vt 1.000000 661.719254
vt 0.000000 667.157504
vt 1.000000 667.157504
vt 0.000000 672.594135
vt 1.000000 672.594135
vt 0.000000 678.028167
vt 1.000000 678.028167
vt 0.000000 683.461977
vt 1.000000 683.461977
vt 0.000000 688.897821
vt 1.000000 688.897821
vt 0.000000 694.338073
vt 1.000000 694.338073
vt 0.000000 699.776170
vt 1.000000 699.776170
vt 0.000000 705.208392
vt 1.000000 705.208392
vt 0.000000 710.632292
vt 1.000000 710.632292
vt 0.000000 716.049569
vt 1.000000 716.049569
vt 0.000000 721.464362
vt 1.000000 721.464362
vt 0.000000 726.876086
vt 1.000000 726.876086
vt 0.000000 732.283232
vt 1.000000 732.283232
vt 0.000000 737.685853
vt 1.000000 737.685853
vt 0.000000 743.087640
vt 1.000000 743.087640
vt 0.000000 748.491139
vt 1.000000 748.491139
vt 0.000000 753.893470
vt 1.000000 753.893470
vt 0.000000 759.293646
vt 1.000000 759.293646
vt 0.000000 764.694370
vt 1.000000 764.694370
vt 0.000000 770.090824
vt 1.000000 770.090824
vt 0.000000 775.488211
vt 1.000000 775.488211
vt 0.000000 780.888754
vt 1.000000 780.888754
vt 0.000000 786.288764
vt 1.000000 786.288764
vt 0.000000 791.688760
vt 1.000000 791.688760
vt 0.000000 797.088770
vt 1.000000 797.088770
vt 0.000000 802.488782
vt 1.000000 802.488782
vt 0.000000 807.888844
vt 1.000000 807.888844
vt 0.000000 813.288896
vt 1.000000 813.288896
vt 0.000000 818.688932
vt 1.000000 818.688932
vt 0.000000 824.088912
vt 1.000000 824.088912
vt 0.000000 829.488932
vt 1.000000 829.488932
vt 0.000000 834.888985
vt 1.000000 834.888985
vt 0.000000 840.288996
vt 1.000000 840.288996
vt 0.000000 845.688991
vt 1.000000 845.688991
vt 0.000000 851.089045
vt 1.000000 851.089045
vt 0.000000 856.489081
vt 1.000000 856.489081
vt 0.000000 861.889128
vt 1.000000 861.889128
vt 0.000000 867.283522
vt 1.000000 867.283522
vt 0.000000 872.679633
vt 1.000000 872.679633
vt 0.000000 878.079704
vt 1.000000 878.079704
vt 0.000000 883.479853
vt 1.000000 883.479853
vt 0.000000 888.880329
vt 1.000000 888.880329
vt 0.000000 894.282062
vt 1.000000 894.282062
vt 0.000000 899.684553
vt 1.000000 899.684553
vt 0.000000 905.086057
vt 1.000000 905.086057
vt 0.000000 910.486424
vt 1.000000 910.486424
vt 0.000000 915.886573
vt 1.000000 915.886573
vt 0.000000 921.286558
vt 1.000000 921.286558
vt 0.000000 926.686380
vt 1.000000 926.686380
vt 0.000000 932.086367
vt 1.000000 932.086367
vt 0.000000 937.486353
vt 1.000000 937.486353
vt 0.000000 942.886356
vt 1.000000 942.886356
vt 0.000000 948.286360
vt 1.000000 948.286360
vt 0.000000 953.686104
vt 1.000000 953.686104
vt 0.000000 959.085793
vt 1.000000 959.085793
vt 0.000000 964.485830
vt 1.000000 964.485830
vt 0.000000 969.885842
vt 1.000000 969.885842
vt 0.000000 975.285879
vt 1.000000 975.285879
vt 0.000000 980.685899
vt 1.000000 980.685899
vt 0.000000 986.085414
vt 1.000000 986.085414
vt 0.000000 991.485041
vt 1.000000 991.485041
vt 0.000000 996.885087
vt 1.000000 996.885087
vt 0.000000 1002.284671
vt 1.000000 1002.284671
vt 0.000000 1007.684481
vt 1.000000 1007.684481
vt 0.000000 1013.084304
vt 1.000000 1013.084304
vt 0.000000 1018.483964
vt 1.000000 1018.483964
vt 0.000000 1023.883671
vt 1.000000 1023.883671
vt 0.000000 1029.283197
vt 1.000000 1029.283197
vt 0.000000 1034.682188
vt 1.000000 1034.682188
vt 0.000000 1040.080035
vt 1.000000 1040.080035
vt 0.000000 1045.475226
vt 1.000000 1045.475226
vt 0.000000 1050.856452
vt 1.000000 1050.856452
vt 0.000000 1056.232770
vt 1.000000 1056.232770
vt 0.000000 1061.630072
vt 1.000000 1061.630072
vt 0.000000 1067.027520
vt 1.000000 1067.027520
vt 0.000000 1072.425161
vt 1.000000 1072.425161
vt 0.000000 1077.822983
vt 1.000000 1077.822983
vt 0.000000 1083.221039
vt 1.000000 1083.221039
vt 0.000000 1088.619288
vt 1.000000 1088.619288
vt 0.000000 1094.017625
vt 1.000000 1094.017625
vt 0.000000 1099.416084
vt 1.000000 1099.416084
vt 0.000000 1104.814435
vt 1.000000 1104.814435
vt 0.000000 1110.212907
vt 1.000000 1110.212907
vt 0.000000 1115.611406
vt 1.000000 1115.611406
vt 0.000000 1121.009938
vt 1.000000 1121.009938
vt 0.000000 1126.408423
vt 1.000000 1126.408423
vt 0.000000 1131.806966
vt 1.000000 1131.806966
vt 0.000000 1137.205411
vt 1.000000 1137.205411
vt 0.000000 1142.603867
vt 1.000000 1142.603867
vt 0.000000 1148.002268
vt 1.000000 1148.002268
vt 0.000000 1153.400259
vt 1.000000 1153.400259
vt 0.000000 1158.798931
vt 1.000000 1158.798931
vt 0.000000 1164.198604
vt 1.000000 1164.198604
vt 0.000000 1169.598158
vt 1.000000 1169.598158
vt 0.000000 1174.998131
vt 1.000000 1174.998131
vt 0.000000 1180.397955
vt 1.000000 1180.397955
vt 0.000000 1185.797956
vt 1.000000 1185.797956
vt 0.000000 1191.197554
vt 1.000000 1191.197554
vt 0.000000 1196.597561
vt 1.000000 1196.597561
vt 0.000000 1201.997585
vt 1.000000 1201.997585
vt 0.000000 1207.397605
vt 1.000000 1207.397605
vt 0.000000 1212.797613
vt 1.000000 1212.797613
vt 0.000000 1218.197650
vt 1.000000 1218.197650
vt 0.000000 1223.597700
vt 1.000000 1223.597700
vt 0.000000 1228.997721
vt 1.000000 1228.997721
vt 0.000000 1234.397758
vt 1.000000 1234.397758
vt 0.000000 1239.797429
vt 1.000000 1239.797429
vt 0.000000 1245.197182
vt 1.000000 1245.197182
vt 0.000000 1250.597231
vt 1.000000 1250.597231
vt 0.000000 1255.997280
vt 1.000000 1255.997280
vt 0.000000 1261.397267
vt 1.000000 1261.397267
vt 0.000000 1266.797322
vt 1.000000 1266.797322
vt 0.000000 1272.197408
vt 1.000000 1272.197408
vt 0.000000 1277.706363
vt 1.000000 1277.706363
vt 0.000000 1283.215298
vt 1.000000 1283.215298
vt 0.000000 1288.615329
vt 1.000000 1288.615329
vt 0.000000 1294.016460
vt 1.000000 1294.016460
vt 0.000000 1299.417532
vt 1.000000 1299.417532
vt 0.000000 1304.824010
vt 1.000000 1304.824010
vt 0.000000 1310.184959
vt 1.000000 1310.184959
vt 0.000000 1315.515889
vt 1.000000 1315.515889
vt 0.000000 1320.851596
vt 1.000000 1320.851596
vt 0.000000 1326.185940
vt 1.000000 1326.185940
vt 0.000000 1331.520385
vt 1.000000 1331.520385
vt 0.000000 1336.856513
vt 1.000000 1336.856513
vt 0.000000 1342.192664
vt 1.000000 1342.192664
vt 0.000000 1347.528003
vt 1.000000 1347.528003
vt 0.000000 1352.863368
vt 1.000000 1352.863368
vt 0.000000 1358.198540
vt 1.000000 1358.198540
vt 0.000000 1363.533734
vt 1.000000 1363.533734
vt 0.000000 1368.869289
vt 1.000000 1368.869289
vt 0.000000 1374.204784
vt 1.000000 1374.204784
vt 0.000000 1379.539788
vt 1.000000 1379.539788
vt 0.000000 1384.923177
vt 1.000000 1384.923177
vt 0.000000 1390.355864
vt 1.000000 1390.355864
vt 0.000000 1395.789065
vt 1.000000 1395.789065
vt 0.000000 1401.222156
vt 1.000000 1401.222156
vt 0.000000 1406.821680
vt 1.000000 1406.821680
vt 0.000000 1412.421180
vt 1.000000 1412.421180
vt 0.000000 1417.854272
vt 1.000000 1417.854272
vt 0.000000 1423.287390
vt 1.000000 1423.287390
vt 0.000000 1428.720639
vt 1.000000 1428.720639
vt 0.000000 1434.153779
vt 1.000000 1434.153779
vt 0.000000 1439.561857
vt 1.000000 1439.561857
vt 0.000000 1444.961825
vt 1.000000 1444.961825
vt 0.000000 1450.361864
vt 1.000000 1450.361864
vt 0.000000 1455.761914
vt 1.000000 1455.761914
vt 0.000000 1461.161964
vt 1.000000 1461.161964
vt 0.000000 1466.561990
vt 1.000000 1466.561990
vt 0.000000 1471.962013
vt 1.000000 1471.962013
vt 0.000000 1477.362023
vt 1.000000 1477.362023
vt 0.000000 1482.762062
vt 1.000000 1482.762062
vt 0.000000 1488.162057
vt 1.000000 1488.162057
vt 0.000000 1493.562083
vt 1.000000 1493.562083
vt 0.000000 1498.962135
vt 1.000000 1498.962135
vt 0.000000 1504.362156
vt 1.000000 1504.362156
vt 0.000000 1509.762166
vt 1.000000 1509.762166
vt 0.000000 1515.162143
vt 1.000000 1515.162143
vt 0.000000 1520.562169
vt 1.000000 1520.562169
vt 0.000000 1525.962206
vt 1.000000 1525.962206
vt 0.000000 1531.362243
vt 1.000000 1531.362243
vt 0.000000 1536.762264
vt 1.000000 1536.762264
vt 0.000000 1542.162259
vt 1.000000 1542.162259
vt 0.000000 1547.562255
vt 1.000000 1547.562255
vt 0.000000 1552.962307
vt 1.000000 1552.962307
vt 0.000000 1558.362345
vt 1.000000 1558.362345
vt 0.000000 1563.762366
vt 1.000000 1563.762366
vt 0.000000 1569.162387
vt 1.000000 1569.162387
vt 0.000000 1574.562440
vt 1.000000 1574.562440
vt 0.000000 1579.962425
vt 1.000000 1579.962425
vt 0.000000 1585.362488
vt 1.000000 1585.362488
vt 0.000000 1590.762520
vt 1.000000 1590.762520
vt 0.000000 1596.162499
vt 1.000000 1596.162499
vt 0.000000 1601.562526
vt 1.000000 1601.562526
vt 0.000000 1606.962547
vt 1.000000 1606.962547
vt 0.000000 1612.362584
vt 1.000000 1612.362584
vt 0.000000 1617.762621
vt 1.000000 1617.762621
vt 0.000000 1623.162643
vt 1.000000 1623.162643
vt 0.000000 1628.562664
vt 1.000000 1628.562664
vt 0.000000 1633.962701
vt 1.000000 1633.962701
vt 0.000000 1639.362722
vt 1.000000 1639.362722
vt 0.000000 1644.762775
vt 1.000000 1644.762775
vt 0.000000 1650.162786
vt 1.000000 1650.162786
vt 0.000000 1655.562770
vt 1.000000 1655.562770
vt 0.000000 1660.956750
vt 1.000000 1660.956750
vt 0.000000 1666.342351
vt 1.000000 1666.342351
vt 0.000000 1671.729574
vt 1.000000 1671.729574
vt 0.000000 1677.117776
vt 1.000000 1677.117776
vt 0.000000 1682.507218
vt 1.000000 1682.507218
vt 0.000000 1687.896828
vt 1.000000 1687.896828
vt 0.000000 1693.285742
vt 1.000000 1693.285742
vt 0.000000 1698.670645
vt 1.000000 1698.670645
vt 0.000000 1704.067980
vt 1.000000 1704.067980
vt 0.000000 1709.467971
vt 1.000000 1709.467971
vt 0.000000 1714.867982
vt 1.000000 1714.867982
vt 0.000000 1720.268008
vt 1.000000 1720.268008
vt 0.000000 1725.668049
vt 1.000000 1725.668049
vt 0.000000 1731.068075
vt 1.000000 1731.068075
vt 0.000000 1736.468086
vt 1.000000 1736.468086
vt 0.000000 1741.868127
vt 1.000000 1741.868127
vt 0.000000 1747.268123
vt 1.000000 1747.268123
vt 0.000000 1752.668088
vt 1.000000 1752.668088
vt 0.000000 1758.068084
vt 1.000000 1758.068084
vt 0.000000 1763.468094
vt 1.000000 1763.468094
vt 0.000000 1768.868120
vt 1.000000 1768.868120
vt 0.000000 1774.268146
vt 1.000000 1774.268146
vt 0.000000 1779.668172
vt 1.000000 1779.668172
vt 0.000000 1785.068198
vt 1.000000 1785.068198
vt 0.000000 1790.468239
vt 1.000000 1790.468239
vt 0.000000 1795.868269
vt 1.000000 1795.868269
vt 0.000000 1801.268295
vt 1.000000 1801.268295
vt 0.000000 1806.668321
vt 1.000000 1806.668321
vt 0.000000 1812.068317
vt 1.000000 1812.068317
vt 0.000000 1817.468343
vt 1.000000 1817.468343
vt 0.000000 1822.868387
vt 1.000000 1822.868387
vt 0.000000 1828.268413
vt 1.000000 1828.268413
vt 0.000000 1833.829416
vt 1.000000 1833.829416
vt 0.000000 1839.392978
vt 1.000000 1839.392978
vt 0.000000 1844.795079
vt 1.000000 1844.795079
vt 0.000000 1850.195105
vt 1.000000 1850.195105
vt 0.000000 1855.595116
vt 1.000000 1855.595116
vt 0.000000 1860.995066
vt 1.000000 1860.995066
vt 0.000000 1866.385688
vt 1.000000 1866.385688
vt 0.000000 1871.785713
vt 1.000000 1871.785713
vt 0.000000 1877.186581
vt 1.000000 1877.186581
vt 0.000000 1882.587485
vt 1.000000 1882.587485
vt 0.000000 1887.987547
vt 1.000000 1887.987547
vt 0.000000 1893.387618
vt 1.000000 1893.387618
vt 0.000000 1898.787676
vt 1.000000 1898.787676
vt 0.000000 1904.187721
vt 1.000000 1904.187721
vt 0.000000 1909.587770
vt 1.000000 1909.587770
vt 0.000000 1914.987798
vt 1.000000 1914.987798
vt 0.000000 1920.387843
vt 1.000000 1920.387843
vt 0.000000 1925.787919
vt 1.000000 1925.787919
vt 0.000000 1931.187979
vt 1.000000 1931.187979
vt 0.000000 1936.588143
vt 1.000000 1936.588143
vt 0.000000 1941.984391
vt 1.000000 1941.984391
vt 0.000000 1947.402332
vt 1.000000 1947.402332
vt 0.000000 1952.832988
vt 1.000000 1952.832988
vt 0.000000 1958.232982
vt 1.000000 1958.232982
vt 0.000000 1963.632982
vt 1.000000 1963.632982
vt 0.000000 1969.033010
vt 1.000000 1969.033010
vt 0.000000 1974.433003
vt 1.000000 1974.433003
vt 0.000000 1979.833027
vt 1.000000 1979.833027
vt 0.000000 1985.233055
vt 1.000000 1985.233055
vt 0.000000 1990.633082
vt 1.000000 1990.633082
vt 0.000000 1996.033110
vt 1.000000 1996.033110
vt 0.000000 2001.433137
vt 1.000000 2001.433137
vt 0.000000 2006.833150
vt 1.000000 2006.833150
vt 0.000000 2012.233177
vt 1.000000 2012.233177
vt 0.000000 2017.633057
vt 1.000000 2017.633057
vt 0.000000 2023.032995
vt 1.000000 2023.032995
vt 0.000000 2028.433013
vt 1.000000 2028.433013
vt 0.000000 2033.833054
vt 1.000000 2033.833054
vt 0.000000 2039.233080
vt 1.000000 2039.233080
vt 0.000000 2044.633112
vt 1.000000 2044.633112
vt 0.000000 2050.033119
vt 1.000000 2050.033119
vt 0.000000 2055.433141
vt 1.000000 2055.433141
vt 0.000000 2060.833167
vt 1.000000 2060.833167
vt 0.000000 2066.233046
vt 1.000000 2066.233046
vt 0.000000 2071.632784
vt 1.000000 2071.632784
vt 0.000000 2077.032652
vt 1.000000 2077.032652
vt 0.000000 2082.432466
vt 1.000000 2082.432466
vt 0.000000 2087.832585
vt 1.000000 2087.832585
vt 0.000000 2093.368324
vt 1.000000 2093.368324
vt 0.000000 2098.683946
vt 1.000000 2098.683946
vt 0.000000 2103.897302
vt 1.000000 2103.897302
vt 0.000000 2109.304513
vt 1.000000 2109.304513
vt 0.000000 2114.710663
vt 1.000000 2114.710663
vt 0.000000 2120.116510
vt 1.000000 2120.116510
vt 0.000000 2125.522041
vt 1.000000 2125.522041
vt 0.000000 2130.926252
vt 1.000000 2130.926252
vt 0.000000 2136.328760
vt 1.000000 2136.328760
vt 0.000000 2141.728608
vt 1.000000 2141.728608
vt 0.000000 2147.125447
vt 1.000000 2147.125447
vt 0.000000 2152.515157
vt 1.000000 2152.515157
vt 0.000000 2157.850931
vt 1.000000 2157.850931
vt 0.000000 2163.079872
vt 1.000000 2163.079872
vt 0.000000 2168.285446
vt 1.000000 2168.285446
vt 0.000000 2173.606430
vt 1.000000 2173.606430
vt 0.000000 2178.989914
vt 1.000000 2178.989914
vt 0.000000 2184.392924
vt 1.000000 2184.392924
vt 0.000000 2189.792701
vt 1.000000 2189.792701
vt 0.000000 2195.181408
vt 1.000000 2195.181408
vt 0.000000 2200.559450
vt 1.000000 2200.559450
vt 0.000000 2205.911869
vt 1.000000 2205.911869
vt 0.000000 2211.225221
vt 1.000000 2211.225221
vt 0.000000 2216.487000
vt 1.000000 2216.487000
vt 0.000000 2221.654579
vt 1.000000 2221.654579
vt 0.000000 2226.715029
vt 1.000000 2226.715029
vt 0.000000 2231.829053
vt 1.000000 2231.829053
vt 0.000000 2237.058774
vt 1.000000 2237.058774
vt 0.000000 2242.356335
vt 1.000000 2242.356335
vt 0.000000 2247.693548
vt 1.000000 2247.693548
vt 0.000000 2253.056037
vt 1.000000 2253.056037
vt 0.000000 2258.431101
vt 1.000000 2258.431101
vt 0.000000 2263.817763
vt 1.000000 2263.817763
vt 0.000000 2269.212612
vt 1.000000 2269.212612
vt 0.000000 2274.610858
vt 1.000000 2274.610858
vt 0.000000 2280.014465
vt 1.000000 2280.014465
vt 0.000000 2285.425946
vt 1.000000 2285.425946
vt 0.000000 2290.844483
vt 1.000000 2290.844483
vt 0.000000 2296.266548
vt 1.000000 2296.266548
vt 0.000000 2301.690752
vt 1.000000 2301.690752
vt 0.000000 2307.121261
vt 1.000000 2307.121261
vt 0.000000 2312.561033
vt 1.000000 2312.561033
vt 0.000000 2318.007721
vt 1.000000 2318.007721
vt 0.000000 2323.460774
vt 1.000000 2323.460774
vt 0.000000 2328.921846
vt 1.000000 2328.921846
vt 0.000000 2334.394863
vt 1.000000 2334.394863
vt 0.000000 2339.880247
vt 1.000000 2339.880247
vt 0.000000 2345.377663
vt 1.000000 2345.377663
vt 0.000000 2350.886678
vt 1.000000 2350.886678
vt 0.000000 2356.409077
vt 1.000000 2356.409077
vt 0.000000 2361.943736
vt 1.000000 2361.943736
vt 0.000000 2367.474562
vt 1.000000 2367.474562
vt 0.000000 2372.989416
vt 1.000000 2372.989416
vt 0.000000 2378.499027
vt 1.000000 2378.499027
vt 0.000000 2384.018649
vt 1.000000 2384.018649
vt 0.000000 2389.548884
vt 1.000000 2389.548884
vt 0.000000 2395.087805
vt 1.000000 2395.087805
vt 0.000000 2400.635419
vt 1.000000 2400.635419
vt 0.000000 2406.190664
vt 1.000000 2406.190664
vt 0.000000 2411.750397
vt 1.000000 2411.750397
vt 0.000000 2417.312435
vt 1.000000 2417.312435
vt 0.000000 2422.874898
vt 1.000000 2422.874898
vt 0.000000 2428.434955
vt 1.000000 2428.434955
vt 0.000000 2433.989581
vt 1.000000 2433.989581
vt 0.000000 2439.526566
vt 1.000000 2439.526566
vt 0.000000 2445.025180
vt 1.000000 2445.025180
vt 0.000000 2450.491202
vt 1.000000 2450.491202
vt 0.000000 2455.929788
vt 1.000000 2455.929788
vt 0.000000 2461.334897
vt 1.000000 2461.334897
vt 0.000000 2466.729721
vt 1.000000 2466.729721
vt 0.000000 2472.124570
vt 1.000000 2472.124570
vt 0.000000 2477.519385
vt 1.000000 2477.519385
vt 0.000000 2482.914183
vt 1.000000 2482.914183
vt 0.000000 2488.309730
vt 1.000000 2488.309730
vt 0.000000 2493.705207
vt 1.000000 2493.705207
vt 0.000000 2499.099685
vt 1.000000 2499.099685
vt 0.000000 2504.572088
vt 1.000000 2504.572088
vt 0.000000 2510.019930
vt 1.000000 2510.019930
vt 0.000000 2515.400002
vt 1.000000 2515.400002
vt 0.000000 2520.824144
vt 1.000000 2520.824144
vt 0.000000 2526.230810
vt 1.000000 2526.230810
vt 0.000000 2531.650072
vt 1.000000 2531.650072
vt 0.000000 2537.064363
vt 1.000000 2537.064363
vt 0.000000 2542.419650
vt 1.000000 2542.419650
vt 0.000000 2547.801302
vt 1.000000 2547.801302
vt 0.000000 2553.210386
vt 1.000000 2553.210386
vt 0.000000 2558.605977
vt 1.000000 2558.605977
vt 0.000000 2564.015324
vt 1.000000 2564.015324
vt 0.000000 2569.432405
vt 1.000000 2569.432405
vt 0.000000 2574.820897
vt 1.000000 2574.820897
vt 0.000000 2580.222435
vt 1.000000 2580.222435
vt 0.000000 2585.635072
vt 1.000000 2585.635072
vt 0.000000 2591.035522
vt 1.000000 2591.035522
vt 0.000000 2596.435365
vt 1.000000 2596.435365
vt 0.000000 2601.995863
vt 1.000000 2601.995863
vt 0.000000 2607.556387
vt 1.000000 2607.556387
vt 0.000000 2612.956169
vt 1.000000 2612.956169
vt 0.000000 2618.356021
vt 1.000000 2618.356021
vt 0.000000 2623.755803
vt 1.000000 2623.755803
vt 0.000000 2629.155656
vt 1.000000 2629.155656
vt 0.000000 2634.555388
vt 1.000000 2634.555388
vt 0.000000 2639.955155
vt 1.000000 2639.955155
vt 0.000000 2645.355023
vt 1.000000 2645.355023
vt 0.000000 2650.754855
vt 1.000000 2650.754855
vt 0.000000 2655.954139
vt 1.000000 2655.954139
vt 0.000000 2661.166065
vt 1.000000 2661.166065
vt 0.000000 2666.551324
vt 1.000000 2666.551324
vt 0.000000 2671.941970
vt 1.000000 2671.941970
vt 0.000000 2677.332665
vt 1.000000 2677.332665
vt 0.000000 2682.768493
vt 1.000000 2682.768493
vt 0.000000 2688.179413
vt 1.000000 2688.179413
vt 0.000000 2693.522481
vt 1.000000 2693.522481
vt 0.000000 2698.958377
vt 1.000000 2698.958377
vt 0.000000 2704.371869
vt 1.000000 2704.371869
vt 0.000000 2709.791363
vt 1.000000 2709.791363
vt 0.000000 2715.219486
vt 1.000000 2715.219486
vt 0.000000 2720.625450
vt 1.000000 2720.625450
vt 0.000000 2726.007069
vt 1.000000 2726.007069
vt 0.000000 2731.390464
vt 1.000000 2731.390464
vt 0.000000 2737.247477
vt 1.000000 2737.247477
vt 0.000000 2744.083092
vt 1.000000 2744.083092
vt 0.000000 2749.900761
vt 1.000000 2749.900761
vt 0.000000 2755.227956
vt 1.000000 2755.227956
vt 0.000000 2760.911948
vt 1.000000 2760.911948
vt 0.000000 2766.499274
vt 1.000000 2766.499274
vt 0.000000 2771.989613
vt 1.000000 2771.989613
vt 0.000000 2777.469030
vt 1.000000 2777.469030
vt 0.000000 2782.902482
vt 1.000000 2782.902482
vt 0.000000 2788.277841
vt 1.000000 2788.277841
vt 0.000000 2793.694340
vt 1.000000 2793.694340
vt 0.000000 2799.124563
vt 1.000000 2799.124563
vt 0.000000 2804.547260
vt 1.000000 2804.547260
vt 0.000000 2809.958694
vt 1.000000 2809.958694
vt 0.000000 2815.358728
vt 1.000000 2815.358728
vt 0.000000 2820.758866
vt 1.000000 2820.758866
vt 0.000000 2826.170947
vt 1.000000 2826.170947
vt 0.000000 2831.594254
vt 1.000000 2831.594254
vt 0.000000 2837.010379
vt 1.000000 2837.010379
vt 0.000000 2842.423681
vt 1.000000 2842.423681
vt 0.000000 2847.837605
vt 1.000000 2847.837605
vt 0.000000 2853.253415
vt 1.000000 2853.253415
vt 0.000000 2858.658031
vt 1.000000 2858.658031
vt 0.000000 2864.075115
vt 1.000000 2864.075115
vt 0.000000 2869.511843
vt 1.000000 2869.511843
vt 0.000000 2874.991073
vt 1.000000 2874.991073
vt 0.000000 2880.489912
vt 1.000000 2880.489912
vt 0.000000 2885.946979
vt 1.000000 2885.946979
vt 0.000000 2891.511661
vt 1.000000 2891.511661
vt 0.000000 2897.315206
vt 1.000000 2897.315206
vt 0.000000 2902.061264
vt 1.000000 2902.061264
vt 0.000000 2910.339577
vt 1.000000 2910.339577
vt 0.000000 2919.503830
vt 1.000000 2919.503830
vt 0.000000 2927.328927
vt 1.000000 2927.328927
vt 0.000000 2932.644913
vt 1.000000 2932.644913
vt 0.000000 2938.704637
vt 1.000000 2938.704637
vt 0.000000 2944.275217
vt 1.000000 2944.275217
vt 0.000000 2949.758578
vt 1.000000 2949.758578
vt 0.000000 2955.172041
vt 1.000000 2955.172041
vt 0.000000 2960.583615
vt 1.000000 2960.583615
vt 0.000000 2965.983704
vt 1.000000 2965.983704
vt 0.000000 2971.383716
vt 1.000000 2971.383716
vt 0.000000 2976.783747
vt 1.000000 2976.783747
vt 0.000000 2982.183759
vt 1.000000 2982.183759
vt 0.000000 2987.583742
vt 1.000000 2987.583742
vt 0.000000 2992.979904
vt 1.000000 2992.979904
vt 0.000000 2998.367366
vt 1.000000 2998.367366
vt 0.000000 3003.753802
vt 1.000000 3003.753802
vt 0.000000 3009.139461
vt 1.000000 3009.139461
vt 0.000000 3014.514193
vt 1.000000 3014.514193
vt 0.000000 3019.883781
vt 1.000000 3019.883781
vt 0.000000 3025.218339
vt 1.000000 3025.218339
vt 0.000000 3030.473567
vt 1.000000 3030.473567
vt 0.000000 3035.820394
vt 1.000000 3035.820394
vt 0.000000 3041.300059
vt 1.000000 3041.300059
vt 0.000000 3046.719765
vt 1.000000 3046.719765
vt 0.000000 3052.116869
vt 1.000000 3052.116869
vt 0.000000 3057.639814
vt 1.000000 3057.639814
vt 0.000000 3063.960589
vt 1.000000 3063.960589
vt 0.000000 3071.219233
vt 1.000000 3071.219233
vt 0.000000 3079.319538
vt 1.000000 3079.319538
vt 0.000000 3086.390089
vt 1.000000 3086.390089
vt 0.000000 3094.921641
vt 1.000000 3094.921641
vt 0.000000 3102.173972
vt 1.000000 3102.173972
vt 0.000000 3110.268346
vt 1.000000 3110.268346
vt 0.000000 3117.606169
vt 1.000000 3117.606169
vt 0.000000 3125.769147
vt 1.000000 3125.769147
vt 0.000000 3133.132931
vt 1.000000 3133.132931
vt 0.000000 3139.608571
vt 1.000000 3139.608571
vt 0.000000 3145.233472
vt 1.000000 3145.233472
vt 0.000000 3150.685438
vt 1.000000 3150.685438
vt 0.000000 3156.033404
vt 1.000000 3156.033404
vt 0.000000 3161.434112
vt 1.000000 3161.434112
vt 0.000000 3166.796751
vt 1.000000 3166.796751
vt 0.000000 3172.131466
vt 1.000000 3172.131466
vt 0.000000 3177.494385
vt 1.000000 3177.494385
vt 0.000000 3182.863163
vt 1.000000 3182.863163
vt 0.000000 3188.233851
vt 1.000000 3188.233851
vt 0.000000 3193.610257
vt 1.000000 3193.610257
vt 0.000000 3198.997230
vt 1.000000 3198.997230
vt 0.000000 3204.384353
vt 1.000000 3204.384353
vt 0.000000 3209.765855
vt 1.000000 3209.765855
vt 0.000000 3215.154629
vt 1.000000 3215.154629
vt 0.000000 3220.551144
vt 1.000000 3220.551144
vt 0.000000 3225.947584
vt 1.000000 3225.947584
vt 0.000000 3231.344040
vt 1.000000 3231.344040
vt 0.000000 3236.740554
vt 1.000000 3236.740554
vt 0.000000 3242.136997
vt 1.000000 3242.136997
vt 0.000000 3247.533469
vt 1.000000 3247.533469
vt 0.000000 3252.933345
vt 1.000000 3252.933345
vt 0.000000 3258.349442
vt 1.000000 3258.349442
vt 0.000000 3263.807424
vt 1.000000 3263.807424
vt 0.000000 3269.255166
vt 1.000000 3269.255166
vt 0.000000 3274.694686
vt 1.000000 3274.694686
vt 0.000000 3280.305418
vt 1.000000 3280.305418
vt 0.000000 3286.162423
vt 1.000000 3286.162423
vt 0.000000 3292.933939
vt 1.000000 3292.933939
vt 0.000000 3299.095393
vt 1.000000 3299.095393
vt 0.000000 3305.526465
vt 1.000000 3305.526465
vt 0.000000 3311.327348
vt 1.000000 3311.327348
vt 0.000000 3316.915215
vt 1.000000 3316.915215
vt 0.000000 3322.512861
vt 1.000000 3322.512861
vt 0.000000 3327.987406
vt 1.000000 3327.987406
vt 0.000000 3333.446789
vt 1.000000 3333.446789
vt 0.000000 3338.870349
vt 1.000000 3338.870349
vt 0.000000 3344.292372
vt 1.000000 3344.292372
vt 0.000000 3349.711810
vt 1.000000 3349.711810
vt 0.000000 3355.133681
vt 1.000000 3355.133681
vt 0.000000 3360.555017
vt 1.000000 3360.555017
vt 0.000000 3365.974579
vt 1.000000 3365.974579
vt 0.000000 3371.392794
vt 1.000000 3371.392794
vt 0.000000 3376.809186
vt 1.000000 3376.809186
vt 0.000000 3382.223736
vt 1.000000 3382.223736
vt 0.000000 3387.637352
vt 1.000000 3387.637352
vt 0.000000 3393.051892
vt 1.000000 3393.051892
vt 0.000000 3398.462860
vt 1.000000 3398.462860
vt 0.000000 3403.859816
vt 1.000000 3403.859816
vt 0.000000 3409.256854
vt 1.000000 3409.256854
vt 0.000000 3414.665492
vt 1.000000 3414.665492
vt 0.000000 3420.073104
vt 1.000000 3420.073104
vt 0.000000 3425.492261
vt 1.000000 3425.492261
vt 0.000000 3431.051593
vt 1.000000 3431.051593
vt 0.000000 3436.510138
vt 1.000000 3436.510138
vt 0.000000 3442.410691
vt 1.000000 3442.410691
vt 0.000000 3447.833132
vt 1.000000 3447.833132
vt 0.000000 3453.236647
vt 1.000000 3453.236647
vt 0.000000 3458.651225
vt 1.000000 3458.651225
vt 0.000000 3464.080267
vt 1.000000 3464.080267
vt 0.000000 3469.518073
vt 1.000000 3469.518073
vt 0.000000 3474.961866
vt 1.000000 3474.961866
vt 0.000000 3480.415926
vt 1.000000 3480.415926
vt 0.000000 3485.875939
vt 1.000000 3485.875939
vt 0.000000 3491.334414
vt 1.000000 3491.334414
vt 0.000000 3496.784888
vt 1.000000 3496.784888
vt 0.000000 3502.967490
vt 1.000000 3502.967490
vt 0.000000 3510.059336
vt 1.000000 3510.059336
vt 0.000000 3516.931765
vt 1.000000 3516.931765
vt 0.000000 3525.269136
vt 1.000000 3525.269136
vt 0.000000 3531.222994
vt 1.000000 3531.222994
vt 0.000000 3537.335802
vt 1.000000 3537.335802
vt 0.000000 3543.414824
vt 1.000000 3543.414824
vt 0.000000 3549.130481
vt 1.000000 3549.130481
vt 0.000000 3554.573704
vt 1.000000 3554.573704
vt 0.000000 3560.007229
vt 1.000000 3560.007229
vt 0.000000 3565.515368
vt 1.000000 3565.515368
vt 0.000000 3570.933851
vt 1.000000 3570.933851
vt 0.000000 3576.358145
vt 1.000000 3576.358145
vt 0.000000 3581.775242
vt 1.000000 3581.775242
vt 0.000000 3587.196262
vt 1.000000 3587.196262
vt 0.000000 3592.609711
vt 1.000000 3592.609711
vt 0.000000 3598.019814
vt 1.000000 3598.019814
vt 0.000000 3603.435266
vt 1.000000 3603.435266
vt 0.000000 3608.842170
vt 1.000000 3608.842170
vt 0.000000 3614.241347
vt 1.000000 3614.241347
vt 0.000000 3619.640625
vt 1.000000 3619.640625
vt 0.000000 3625.039889
vt 1.000000 3625.039889
vt 0.000000 3630.438375
vt 1.000000 3630.438375
vt 0.000000 3635.836310
vt 1.000000 3635.836310
vt 0.000000 3641.235179
vt 1.000000 3641.235179
vt 0.000000 3646.634709
vt 1.000000 3646.634709
vt 0.000000 3652.034077
vt 1.000000 3652.034077
vt 0.000000 3657.432421
vt 1.000000 3657.432421
vt 0.000000 3662.821500
vt 1.000000 3662.821500
vt 0.000000 3668.203464
vt 1.000000 3668.203464
vt 0.000000 3673.577238
vt 1.000000 3673.577238
vt 0.000000 3678.911531
vt 1.000000 3678.911531
vt 0.000000 3684.278856
vt 1.000000 3684.278856
vt 0.000000 3689.672093
vt 1.000000 3689.672093
vt 0.000000 3695.157629
vt 1.000000 3695.157629
vt 0.000000 3701.109023
vt 1.000000 3701.109023
vt 0.000000 3707.324140
vt 1.000000 3707.324140
vt 0.000000 3713.616420
vt 1.000000 3713.616420
vt 0.000000 3719.043032
vt 1.000000 3719.043032
vt 0.000000 3723.987040
vt 1.000000 3723.987040
vt 0.000000 3730.012915
vt 1.000000 3730.012915
vt 0.000000 3734.718516
vt 1.000000 3734.718516
vt 0.000000 3741.872770
vt 1.000000 3741.872770
vt 0.000000 3747.925651
vt 1.000000 3747.925651
vt 0.000000 3753.378239
vt 1.000000 3753.378239
vt 0.000000 3758.752657
vt 1.000000 3758.752657
vt 0.000000 3764.360103
vt 1.000000 3764.360103
vt 0.000000 3770.152672
vt 1.000000 3770.152672
vt 0.000000 3775.801140
vt 1.000000 3775.801140
vt 0.000000 3781.722503
vt 1.000000 3781.722503
vt 0.000000 3788.217728
vt 1.000000 3788.217728
vt 0.000000 3794.491447
vt 1.000000 3794.491447
vt 0.000000 3800.434574
vt 1.000000 3800.434574
vt 0.000000 3806.438248
vt 1.000000 3806.438248
vt 0.000000 3812.841006
vt 1.000000 3812.841006
vt 0.000000 3819.232331
vt 1.000000 3819.232331
vt 0.000000 3825.514292
vt 1.000000 3825.514292
vt 0.000000 3832.852342
vt 1.000000 3832.852342
vt 0.000000 3840.442776
vt 1.000000 3840.442776
vt 0.000000 3844.884249
vt 1.000000 3844.884249
vt 0.000000 3850.925729
vt 1.000000 3850.925729
vt 0.000000 3857.043403
vt 1.000000 3857.043403
vt 0.000000 3863.200094
vt 1.000000 3863.200094
vt 0.000000 3869.337407
vt 1.000000 3869.337407
vt 0.000000 3875.259783
vt 1.000000 3875.259783
vt 0.000000 3880.878854
vt 1.000000 3880.878854
vt 0.000000 3886.439009
vt 1.000000 3886.439009
vt 0.000000 3892.130876
vt 1.000000 3892.130876
vt 0.000000 3898.136106
vt 1.000000 3898.136106
vt 0.000000 3903.946882
vt 1.000000 3903.946882
vt 0.000000 3909.346895
vt 1.000000 3909.346895
vt 0.000000 3914.746928
vt 1.000000 3914.746928
vt 0.000000 3920.146956
vt 1.000000 3920.146956
vt 0.000000 3925.546970
vt 1.000000 3925.546970
vt 0.000000 3930.946980
vt 1.000000 3930.946980
vt 0.000000 3936.346993
vt 1.000000 3936.346993
vt 0.000000 3941.747007
vt 1.000000 3941.747007
vt 0.000000 3947.147035
vt 1.000000 3947.147035
vt 0.000000 3952.547067
vt 1.000000 3952.547067
vt 0.000000 3957.947677
vt 1.000000 3957.947677
vt 0.000000 3963.349663
vt 1.000000 3963.349663
vt 0.000000 3968.751933
vt 1.000000 3968.751933
vt 0.000000 3974.152781
vt 1.000000 3974.152781
vt 0.000000 3979.552785
vt 1.000000 3979.552785
vt 0.000000 3984.952822
vt 1.000000 3984.952822
vt 0.000000 3990.352822
vt 1.000000 3990.352822
vt 0.000000 3995.752885
vt 1.000000 3995.752885
vt 0.000000 4001.152886
vt 1.000000 4001.152886
vt 0.000000 4006.552916
vt 1.000000 4006.552916
vt 0.000000 4011.952949
vt 1.000000 4011.952949
vt 0.000000 4017.352983
vt 1.000000 4017.352983
vt 0.000000 4022.753016
vt 1.000000 4022.753016
vt 0.000000 4028.150100
vt 1.000000 4028.150100
vt 0.000000 4033.532533
vt 1.000000 4033.532533
vt 0.000000 4038.905964
vt 1.000000 4038.905964
vt 0.000000 4044.321831
vt 1.000000 4044.321831
vt 0.000000 4049.747721
vt 1.000000 4049.747721
vt 0.000000 4055.057379
vt 1.000000 4055.057379
vt 0.000000 4060.336619
vt 1.000000 4060.336619
vt 0.000000 4065.714948
vt 1.000000 4065.714948
vt 0.000000 4070.616856
vt 1.000000 4070.616856
vt 0.000000 4076.134220
vt 1.000000 4076.134220
vt 0.000000 4081.450402
vt 1.000000 4081.450402
vt 0.000000 4086.769249
vt 1.000000 4086.769249
vt 0.000000 4092.116429
vt 1.000000 4092.116429
vt 0.000000 4097.502447
vt 1.000000 4097.502447
vt 0.000000 4102.888811
vt 1.000000 4102.888811
vt 0.000000 4108.263389
vt 1.000000 4108.263389
vt 0.000000 4113.650587
vt 1.000000 4113.650587
vt 0.000000 4119.041832
vt 1.000000 4119.041832
vt 0.000000 4124.420453
vt 1.000000 4124.420453
vt 0.000000 4129.795433
vt 1.000000 4129.795433
vt 0.000000 4135.160513
vt 1.000000 4135.160513
vt 0.000000 4140.888501
vt 1.000000 4140.888501
vt 0.000000 4146.878091
vt 1.000000 4146.878091
vt 0.000000 4153.174828
vt 1.000000 4153.174828
vt 0.000000 4159.560938
vt 1.000000 4159.560938
vt 0.000000 4165.609073
vt 1.000000 4165.609073
vt 0.000000 4171.585666
vt 1.000000 4171.585666
vt 0.000000 4177.398738
vt 1.000000 4177.398738
vt 0.000000 4181.095113
vt 1.000000 4181.095113
vt 0.000000 4186.062130
vt 1.000000 4186.062130
vt 0.000000 4191.418328
vt 1.000000 4191.418328
vt 0.000000 4196.489147
vt 1.000000 4196.489147
vt 0.000000 4201.931982
vt 1.000000 4201.931982
vt 0.000000 4207.791721
vt 1.000000 4207.791721
vt 0.000000 4213.474207
vt 1.000000 4213.474207
vt 0.000000 4219.082945
vt 1.000000 4219.082945
vt 0.000000 4225.207334
vt 1.000000 4225.207334
vt 0.000000 4231.180858
vt 1.000000 4231.180858
vt 0.000000 4236.549714
vt 1.000000 4236.549714
vt 0.000000 4241.931372
vt 1.000000 4241.931372
vt 0.000000 4247.316303
vt 1.000000 4247.316303
vt 0.000000 4252.688584
vt 1.000000 4252.688584
vt 0.000000 4258.062457
vt 1.000000 4258.062457
vt 0.000000 4264.091133
vt 1.000000 4264.091133
vt 0.000000 4270.707223
vt 1.000000 4270.707223
vt 0.000000 4276.707829
vt 1.000000 4276.707829
vt 0.000000 4281.997969
vt 1.000000 4281.997969
vt 0.000000 4286.279893
vt 1.000000 4286.279893
vt 0.000000 4290.692791
vt 1.000000 4290.692791
vt 0.000000 4295.301423
vt 1.000000 4295.301423
vt 0.000000 4300.336880
vt 1.000000 4300.336880
vt 0.000000 4305.692314
vt 1.000000 4305.692314
vt 0.000000 4311.061162
vt 1.000000 4311.061162
vt 0.000000 4316.446620
vt 1.000000 4316.446620
vt 0.000000 4321.834689
vt 1.000000 4321.834689
vt 0.000000 4327.223729
vt 1.000000 4327.223729
vt 0.000000 4332.612774
vt 1.000000 4332.612774
vt 0.000000 4338.001845
vt 1.000000 4338.001845
vt 0.000000 4343.390911
vt 1.000000 4343.390911
vt 0.000000 4348.779969
vt 1.000000 4348.779969
vt 0.000000 4354.169026
vt 1.000000 4354.169026
vt 0.000000 4359.558972
vt 1.000000 4359.558972
vt 0.000000 4364.960927
vt 1.000000 4364.960927
vt 0.000000 4370.376453
vt 1.000000 4370.376453
vt 0.000000 4375.783553
vt 1.000000 4375.783553
vt 0.000000 4381.179740
vt 1.000000 4381.179740
vt 0.000000 4386.575939
vt 1.000000 4386.575939
vt 0.000000 4391.975352
vt 1.000000 4391.975352
vt 0.000000 4397.389196
vt 1.000000 4397.389196
vt 0.000000 4402.812572
vt 1.000000 4402.812572
vt 0.000000 4408.227669
vt 1.000000 4408.227669
vt 0.000000 4413.642709
vt 1.000000 4413.642709
vt 0.000000 4419.067431
vt 1.000000 4419.067431
vt 0.000000 4424.495717
vt 1.000000 4424.495717
vt 0.000000 4429.923443
vt 1.000000 4429.923443
vt 0.000000 4435.348429
vt 1.000000 4435.348429
vt 0.000000 4440.774540
vt 1.000000 4440.774540
vt 0.000000 4446.674208
vt 1.000000 4446.674208
vt 0.000000 4453.371734
vt 1.000000 4453.371734
vt 0.000000 4460.459930
vt 1.000000 4460.459930
vt 0.000000 4467.594410
vt 1.000000 4467.594410
vt 0.000000 4475.310941
vt 1.000000 4475.310941
vt 0.000000 4480.398350
vt 1.000000 4480.398350
vt 0.000000 4486.663473
vt 1.000000 4486.663473
vt 0.000000 4492.799505
vt 1.000000 4492.799505
vt 0.000000 4498.654923
vt 1.000000 4498.654923
vt 0.000000 4504.222604
vt 1.000000 4504.222604
vt 0.000000 4509.672498
vt 1.000000 4509.672498
vt 0.000000 4515.092628
vt 1.000000 4515.092628
vt 0.000000 4520.472534
vt 1.000000 4520.472534
vt 0.000000 4525.867216
vt 1.000000 4525.867216
vt 0.000000 4531.273728
vt 1.000000 4531.273728
vt 0.000000 4536.688199
vt 1.000000 4536.688199
vt 0.000000 4542.111811
vt 1.000000 4542.111811
vt 0.000000 4547.536299
vt 1.000000 4547.536299
vt 0.000000 4552.953994
vt 1.000000 4552.953994
vt 0.000000 4558.374721
vt 1.000000 4558.374721
vt 0.000000 4563.796656
vt 1.000000 4563.796656
vt 0.000000 4569.217161
vt 1.000000 4569.217161
vt 0.000000 4574.636712
vt 1.000000 4574.636712
vt 0.000000 4580.054531
vt 1.000000 4580.054531
vt 0.000000 4585.472088
vt 1.000000 4585.472088
vt 0.000000 4590.885191
vt 1.000000 4590.885191
vt 0.000000 4596.294957
vt 1.000000 4596.294957
vt 0.000000 4602.266876
vt 1.000000 4602.266876
vt 0.000000 4608.447692
vt 1.000000 4608.447692
vt 0.000000 4614.444226
vt 1.000000 4614.444226
vt 0.000000 4620.558618
vt 1.000000 4620.558618
vt 0.000000 4626.526899
vt 1.000000 4626.526899
vt 0.000000 4632.242565
vt 1.000000 4632.242565
vt 0.000000 4637.960390
vt 1.000000 4637.960390
vt 0.000000 4643.352659
vt 1.000000 4643.352659
vt 0.000000 4647.959753
vt 1.000000 4647.959753
vt 0.000000 4653.798792
vt 1.000000 4653.798792
vt 0.000000 4659.417716
vt 1.000000 4659.417716
vt 0.000000 4664.943317
vt 1.000000 4664.943317
vt 0.000000 4670.489881
vt 1.000000 4670.489881
vt 0.000000 4676.013946
vt 1.000000 4676.013946
vt 0.000000 4681.445993
vt 1.000000 4681.445993
vt 0.000000 4686.864089
vt 1.000000 4686.864089
vt 0.000000 4692.268988
vt 1.000000 4692.268988
vt 0.000000 4697.670539
vt 1.000000 4697.670539
vt 0.000000 4703.072647
vt 1.000000 4703.072647
vt 0.000000 4708.473563
vt 1.000000 4708.473563
vt 0.000000 4713.863665
vt 1.000000 4713.863665
vt 0.000000 4719.239258
vt 1.000000 4719.239258
vt 0.000000 4724.613757
vt 1.000000 4724.613757
vt 0.000000 4730.050793
vt 1.000000 4730.050793
vt 0.000000 4735.425929
vt 1.000000 4735.425929
vt 0.000000 4741.507392
vt 1.000000 4741.507392
vt 0.000000 4748.282400
vt 1.000000 4748.282400
vt 0.000000 4754.778119
vt 1.000000 4754.778119
vt 0.000000 4760.906424
vt 1.000000 4760.906424
vt 0.000000 4766.078164
vt 1.000000 4766.078164
vt 0.000000 4772.944647
vt 1.000000 4772.944647
vt 0.000000 4779.021720
vt 1.000000 4779.021720
vt 0.000000 4784.442825
vt 1.000000 4784.442825
vt 0.000000 4789.915781
vt 1.000000 4789.915781
vt 0.000000 4795.310594
vt 1.000000 4795.310594
vt 0.000000 4800.595146
vt 1.000000 4800.595146
vt 0.000000 4805.972319
vt 1.000000 4805.972319
vt 0.000000 4811.388713
vt 1.000000 4811.388713
vt 0.000000 4816.846309
vt 1.000000 4816.846309
vt 0.000000 4822.213210
vt 1.000000 4822.213210
vt 0.000000 4827.581603
vt 1.000000 4827.581603
vt 0.000000 4832.953650
vt 1.000000 4832.953650
vt 0.000000 4838.327097
vt 1.000000 4838.327097
vt 0.000000 4843.700926
vt 1.000000 4843.700926
vt 0.000000 4849.073375
vt 1.000000 4849.073375
vt 0.000000 4854.444348
vt 1.000000 4854.444348
vt 0.000000 4859.811525
vt 1.000000 4859.811525
vt 0.000000 4865.166528
vt 1.000000 4865.166528
vt 0.000000 4870.510060
vt 1.000000 4870.510060
vt 0.000000 4875.839882
vt 1.000000 4875.839882
vt 0.000000 4881.147579
vt 1.000000 4881.147579
vt 0.000000 4886.473807
vt 1.000000 4886.473807
vt 0.000000 4891.763759
vt 1.000000 4891.763759
vt 0.000000 4897.049583
vt 1.000000 4897.049583
vt 0.000000 4902.486494
vt 1.000000 4902.486494
vt 0.000000 4908.035762
vt 1.000000 4908.035762
vt 0.000000 4913.518622
vt 1.000000 4913.518622
vt 0.000000 4918.263672
vt 1.000000 4918.263672
vt 0.000000 4924.661211
vt 1.000000 4924.661211
vt 0.000000 4931.302341
vt 1.000000 4931.302341
vt 0.000000 4937.042997
vt 1.000000 4937.042997
vt 0.000000 4942.721811
vt 1.000000 4942.721811
vt 0.000000 4948.465135
vt 1.000000 4948.465135
vt 0.000000 4954.023467
vt 1.000000 4954.023467
vt 0.000000 4959.342742
vt 1.000000 4959.342742
vt 0.000000 4964.597341
vt 1.000000 4964.597341
vt 0.000000 4969.922461
vt 1.000000 4969.922461
vt 0.000000 4975.287449
vt 1.000000 4975.287449
vt 0.000000 4980.676008
vt 1.000000 4980.676008
vt 0.000000 4986.067883
vt 1.000000 4986.067883
vt 0.000000 4991.464184
vt 1.000000 4991.464184
vt 0.000000 4996.862592
vt 1.000000 4996.862592
vt 0.000000 5002.259496
vt 1.000000 5002.259496
vt 0.000000 5007.658453
vt 1.000000 5007.658453
vt 0.000000 5013.059839
vt 1.000000 5013.059839
vt 0.000000 5018.470122
vt 1.000000 5018.470122
vt 0.000000 5023.885189
vt 1.000000 5023.885189
vt 0.000000 5029.293934
vt 1.000000 5029.293934
vt 0.000000 5034.695365
vt 1.000000 5034.695365
vt 0.000000 5040.095287
vt 1.000000 5040.095287
vt 0.000000 5045.490621
vt 1.000000 5045.490621
vt 0.000000 5050.881510
vt 1.000000 5050.881510
vt 0.000000 5056.270715
vt 1.000000 5056.270715
vt 0.000000 5061.664462
vt 1.000000 5061.664462
vt 0.000000 5067.064463
vt 1.000000 5067.064463
vt 0.000000 5072.466550
vt 1.000000 5072.466550
vt 0.000000 5077.869454
vt 1.000000 5077.869454
vt 0.000000 5083.271919
vt 1.000000 5083.271919
vt 0.000000 5088.676008
vt 1.000000 5088.676008
vt 0.000000 5094.081862
vt 1.000000 5094.081862
vt 0.000000 5099.484507
vt 1.000000 5099.484507
vt 0.000000 5104.882208
vt 1.000000 5104.882208
vt 0.000000 5110.279583
vt 1.000000 5110.279583
vt 0.000000 5115.675196
vt 1.000000 5115.675196
vt 0.000000 5121.067991
vt 1.000000 5121.067991
vt 0.000000 5126.464704
vt 1.000000 5126.464704
vt 0.000000 5131.864739
vt 1.000000 5131.864739
vt 0.000000 5137.264740
vt 1.000000 5137.264740
vt 0.000000 5142.664775
vt 1.000000 5142.664775
vt 0.000000 5148.064831
vt 1.000000 5148.064831
vt 0.000000 5153.464852
vt 1.000000 5153.464852
vt 0.000000 5158.864881
vt 1.000000 5158.864881
vt 0.000000 5164.264909
vt 1.000000 5164.264909
vt 0.000000 5169.664890
vt 1.000000 5169.664890
vt 0.000000 5175.064898
vt 1.000000 5175.064898
vt 0.000000 5180.464953
vt 1.000000 5180.464953
vt 0.000000 5185.864982
vt 1.000000 5185.864982
vt 0.000000 5191.264990
vt 1.000000 5191.264990
vt 0.000000 5196.668327
vt 1.000000 5196.668327
vt 0.000000 5202.078445
vt 1.000000 5202.078445
vt 0.000000 5207.486359
vt 1.000000 5207.486359
vt 0.000000 5212.889305
vt 1.000000 5212.889305
vt 0.000000 5218.288787
vt 1.000000 5218.288787
vt 0.000000 5223.688520
vt 1.000000 5223.688520
vt 0.000000 5229.088478
vt 1.000000 5229.088478
vt 0.000000 5234.488477
vt 1.000000 5234.488477
vt 0.000000 5239.888372
vt 1.000000 5239.888372
vt 0.000000 5245.288257
vt 1.000000 5245.288257
vt 0.000000 5250.688273
vt 1.000000 5250.688273
vt 0.000000 5256.088232
vt 1.000000 5256.088232
vt 0.000000 5261.488055
vt 1.000000 5261.488055
vt 0.000000 5266.885591
vt 1.000000 5266.885591
vt 0.000000 5272.269980
vt 1.000000 5272.269980
vt 0.000000 5277.650870
vt 1.000000 5277.650870
vt 0.000000 5283.044933
vt 1.000000 5283.044933
vt 0.000000 5288.444981
vt 1.000000 5288.444981
vt 0.000000 5293.844967
vt 1.000000 5293.844967
vt 0.000000 5299.244981
vt 1.000000 5299.244981
vt 0.000000 5304.645028
vt 1.000000 5304.645028
vt 0.000000 5310.045049
vt 1.000000 5310.045049
vt 0.000000 5315.445042
vt 1.000000 5315.445042
vt 0.000000 5320.845063
vt 1.000000 5320.845063
vt 0.000000 5326.245111
vt 1.000000 5326.245111
vt 0.000000 5331.645131
vt 1.000000 5331.645131
vt 0.000000 5337.045152
vt 1.000000 5337.045152
vt 0.000000 5342.445165
vt 1.000000 5342.445165
vt 0.000000 5347.845193
vt 1.000000 5347.845193
vt 0.000000 5353.245241
vt 1.000000 5353.245241
vt 0.000000 5358.645268
vt 1.000000 5358.645268
vt 0.000000 5364.044947
vt 1.000000 5364.044947
vt 0.000000 5369.442847
vt 1.000000 5369.442847
vt 0.000000 5374.839010
vt 1.000000 5374.839010
vt 0.000000 5380.235889
vt 1.000000 5380.235889
vt 0.000000 5385.635782
vt 1.000000 5385.635782
vt 0.000000 5391.039115
vt 1.000000 5391.039115
vt 0.000000 5396.446214
vt 1.000000 5396.446214
vt 0.000000 5401.854149
vt 1.000000 5401.854149
vt 0.000000 5407.254542
vt 1.000000 5407.254542
vt 0.000000 5412.644576
vt 1.000000 5412.644576
vt 0.000000 5418.035326
vt 1.000000 5418.035326
vt 0.000000 5423.430723
vt 1.000000 5423.430723
vt 0.000000 5428.830084
vt 1.000000 5428.830084
vt 0.000000 5434.235108
vt 1.000000 5434.235108
vt 0.000000 5439.641325
vt 1.000000 5439.641325
vt 0.000000 5445.040876
vt 1.000000 5445.040876
vt 0.000000 5450.438269
vt 1.000000 5450.438269
vt 0.000000 5455.837365
vt 1.000000 5455.837365
vt 0.000000 5461.237847
vt 1.000000 5461.237847
vt 0.000000 5466.638453
vt 1.000000 5466.638453
vt 0.000000 5472.039345
vt 1.000000 5472.039345
vt 0.000000 5477.443407
vt 1.000000 5477.443407
vt 0.000000 5482.848887
vt 1.000000 5482.848887
vt 0.000000 5488.247621
vt 1.000000 5488.247621
vt 0.000000 5493.637715
vt 1.000000 5493.637715
vt 0.000000 5499.022954
vt 1.000000 5499.022954
vt 0.000000 5504.413207
vt 1.000000 5504.413207
vt 0.000000 5509.819244
vt 1.000000 5509.819244
vt 0.000000 5515.240538
vt 1.000000 5515.240538
vt 0.000000 5520.666016
vt 1.000000 5520.666016
vt 0.000000 5526.087462
vt 1.000000 5526.087462
vt 0.000000 5531.514326
vt 1.000000 5531.514326
vt 0.000000 5536.946639
vt 1.000000 5536.946639
vt 0.000000 5542.377211
vt 1.000000 5542.377211
vt 0.000000 5547.810852
vt 1.000000 5547.810852
vt 0.000000 5553.250719
vt 1.000000 5553.250719
vt 0.000000 5558.696519
vt 1.000000 5558.696519
vt 0.000000 5564.149887
vt 1.000000 5564.149887
vt 0.000000 5569.613239
vt 1.000000 5569.613239
vt 0.000000 5575.088302
vt 1.000000 5575.088302
vt 0.000000 5580.582204
vt 1.000000 5580.582204
vt 0.000000 5586.104365
vt 1.000000 5586.104365
vt 0.000000 5591.674800
vt 1.000000 5591.674800
vt 0.000000 5597.288552
vt 1.000000 5597.288552
vt 0.000000 5602.892171
vt 1.000000 5602.892171
vt 0.000000 5608.433910
vt 1.000000 5608.433910
vt 0.000000 5613.917925
vt 1.000000 5613.917925
vt 0.000000 5619.374690
vt 1.000000 5619.374690
vt 0.000000 5624.817850
vt 1.000000 5624.817850
vt 0.000000 5630.254041
vt 1.000000 5630.254041
vt 0.000000 5635.678965
vt 1.000000 5635.678965
vt 0.000000 5641.098541
vt 1.000000 5641.098541
vt 0.000000 5646.520463
vt 1.000000 5646.520463
vt 0.000000 5651.939116
vt 1.000000 5651.939116
vt 0.000000 5657.358569
vt 1.000000 5657.358569
vt 0.000000 5662.775086
vt 1.000000 5662.775086
vt 0.000000 5668.179704
vt 1.000000 5668.179704
vt 0.000000 5673.579757
vt 1.000000 5673.579757
vt 0.000000 5678.986193
vt 1.000000 5678.986193
vt 0.000000 5684.403704
vt 1.000000 5684.403704
vt 0.000000 5689.820060
vt 1.000000 5689.820060
vt 0.000000 5695.225218
vt 1.000000 5695.225218
vt 0.000000 5700.625193
vt 1.000000 5700.625193
vt 0.000000 5706.029614
vt 1.000000 5706.029614
vt 0.000000 5711.442267
vt 1.000000 5711.442267
vt 0.000000 5716.854640
vt 1.000000 5716.854640
vt 0.000000 5722.258770
vt 1.000000 5722.258770
vt 0.000000 5727.658804
vt 1.000000 5727.658804
vt 0.000000 5733.065423
vt 1.000000 5733.065423
vt 0.000000 5738.479079
vt 1.000000 5738.479079
vt 0.000000 5743.886910
vt 1.000000 5743.886910
vt 0.000000 5749.289276
vt 1.000000 5749.289276
vt 0.000000 5754.699397
vt 1.000000 5754.699397
vt 0.000000 5760.114358
vt 1.000000 5760.114358
vt 0.000000 5765.532135
vt 1.000000 5765.532135
vt 0.000000 5770.959744
vt 1.000000 5770.959744
vt 0.000000 5776.397075
vt 1.000000 5776.397075
vt 0.000000 5781.851506
vt 1.000000 5781.851506
vt 0.000000 5787.334477
vt 1.000000 5787.334477
vt 0.000000 5792.853235
vt 1.000000 5792.853235
vt 0.000000 5798.420303
vt 1.000000 5798.420303
vt 0.000000 5804.039075
vt 1.000000 5804.039075
vt 0.000000 5809.694612
vt 1.000000 5809.694612
vt 0.000000 5815.334078
vt 1.000000 5815.334078
vt 0.000000 5820.885513
vt 1.000000 5820.885513
vt 0.000000 5826.328949
vt 1.000000 5826.328949
vt 0.000000 5831.729074
vt 1.000000 5831.729074
vt 0.000000 5837.129093
vt 1.000000 5837.129093
vt 0.000000 5842.529128
vt 1.000000 5842.529128
vt 0.000000 5847.929178
vt 1.000000 5847.929178
vt 0.000000 5853.329213
vt 1.000000 5853.329213
vt 0.000000 5858.729202
vt 1.000000 5858.729202
vt 0.000000 5864.129205
vt 1.000000 5864.129205
vt 0.000000 5869.529255
vt 1.000000 5869.529255
vt 0.000000 5874.929282
vt 1.000000 5874.929282
vt 0.000000 5880.329316
vt 1.000000 5880.329316
vt 0.000000 5885.729336
vt 1.000000 5885.729336
vt 0.000000 5891.129333
vt 1.000000 5891.129333
vt 0.000000 5896.529353
vt 1.000000 5896.529353
vt 0.000000 5901.933716
vt 1.000000 5901.933716
vt 0.000000 5907.344212
vt 1.000000 5907.344212
vt 0.000000 5912.752243
vt 1.000000 5912.752243
vt 0.000000 5918.154120
vt 1.000000 5918.154120
vt 0.000000 5923.554173
vt 1.000000 5923.554173
vt 0.000000 5928.954195
vt 1.000000 5928.954195
vt 0.000000 5934.354196
vt 1.000000 5934.354196
vt 0.000000 5939.754203
vt 1.000000 5939.754203
vt 0.000000 5945.154226
vt 1.000000 5945.154226
vt 0.000000 5950.554255
vt 1.000000 5950.554255
vt 0.000000 5955.954292
vt 1.000000 5955.954292
vt 0.000000 5961.360131
vt 1.000000 5961.360131
vt 0.000000 5966.772928
vt 1.000000 5966.772928
vt 0.000000 5972.181400
vt 1.000000 5972.181400
vt 0.000000 5977.582773
vt 1.000000 5977.582773
vt 0.000000 5982.989336
vt 1.000000 5982.989336
vt 0.000000 5988.407323
vt 1.000000 5988.407323
vt 0.000000 5993.849618
vt 1.000000 5993.849618
vt 0.000000 5999.383602
vt 1.000000 5999.383602
vt 0.000000 6004.976768
vt 1.000000 6004.976768
vt 0.000000 6010.526486
vt 1.000000 6010.526486
vt 0.000000 6015.988558
vt 1.000000 6015.988558
vt 0.000000 6021.416730
vt 1.000000 6021.416730
vt 0.000000 6026.835123
vt 1.000000 6026.835123
vt 0.000000 6032.255905
vt 1.000000 6032.255905
vt 0.000000 6037.667460
vt 1.000000 6037.667460
vt 0.000000 6043.078152
vt 1.000000 6043.078152
vt 0.000000 6048.496650
vt 1.000000 6048.496650
vt 0.000000 6053.905655
vt 1.000000 6053.905655
vt 0.000000 6059.305686
vt 1.000000 6059.305686
vt 0.000000 6064.705667
vt 1.000000 6064.705667
vt 0.000000 6070.105706
vt 1.000000 6070.105706
vt 0.000000 6075.506822
vt 1.000000 6075.506822
vt 0.000000 6080.916697
vt 1.000000 6080.916697
vt 0.000000 6086.333099
vt 1.000000 6086.333099
vt 0.000000 6091.740910
vt 1.000000 6091.740910
vt 0.000000 6097.140948
vt 1.000000 6097.140948
vt 0.000000 6102.540937
vt 1.000000 6102.540937
vt 0.000000 6107.940975
vt 1.000000 6107.940975
vt 0.000000 6113.340971
vt 1.000000 6113.340971
vt 0.000000 6118.743196
vt 1.000000 6118.743196
vt 0.000000 6124.153000
vt 1.000000 6124.153000
vt 0.000000 6129.565941
vt 1.000000 6129.565941
vt 0.000000 6134.971349
vt 1.000000 6134.971349
vt 0.000000 6140.371334
vt 1.000000 6140.371334
vt 0.000000 6145.771370
vt 1.000000 6145.771370
vt 0.000000 6151.171485
vt 1.000000 6151.171485
vt 0.000000 6156.571441
vt 1.000000 6156.571441
vt 0.000000 6161.975007
vt 1.000000 6161.975007
vt 0.000000 6167.387442
vt 1.000000 6167.387442
vt 0.000000 6172.801715
vt 1.000000 6172.801715
vt 0.000000 6178.207211
vt 1.000000 6178.207211
vt 0.000000 6183.607265
vt 1.000000 6183.607265
vt 0.000000 6189.007263
vt 1.000000 6189.007263
vt 0.000000 6194.407312
vt 1.000000 6194.407312
vt 0.000000 6199.809469
vt 1.000000 6199.809469
vt 0.000000 6205.221417
vt 1.000000 6205.221417
vt 0.000000 6210.638863
vt 1.000000 6210.638863
vt 0.000000 6216.048221
vt 1.000000 6216.048221
vt 0.000000 6221.460077
vt 1.000000 6221.460077
vt 0.000000 6226.879164
vt 1.000000 6226.879164
vt 0.000000 6232.294816
vt 1.000000 6232.294816
vt 0.000000 6237.718735
vt 1.000000 6237.718735
vt 0.000000 6243.161173
vt 1.000000 6243.161173
vt 0.000000 6248.634012
vt 1.000000 6248.634012
vt 0.000000 6254.164010
vt 1.000000 6254.164010
vt 0.000000 6259.689931
vt 1.000000 6259.689931
vt 0.000000 6265.176747
vt 1.000000 6265.176747
vt 0.000000 6270.633005
vt 1.000000 6270.633005
vt 0.000000 6276.058381
vt 1.000000 6276.058381
vt 0.000000 6281.436435
vt 1.000000 6281.436435
vt 0.000000 6286.802921
vt 1.000000 6286.802921
vt 0.000000 6292.171751
vt 1.000000 6292.171751
vt 0.000000 6297.558992
vt 1.000000 6297.558992
vt 0.000000 6302.924355
vt 1.000000 6302.924355
vt 0.000000 6308.294177
vt 1.000000 6308.294177
vt 0.000000 6313.698491
vt 1.000000 6313.698491
vt 0.000000 6319.100339
vt 1.000000 6319.100339
vt 0.000000 6324.500354
vt 1.000000 6324.500354
vt 0.000000 6329.900416
vt 1.000000 6329.900416
vt 0.000000 6335.300471
vt 1.000000 6335.300471
vt 0.000000 6340.700439
vt 1.000000 6340.700439
vt 0.000000 6346.100435
vt 1.000000 6346.100435
vt 0.000000 6351.500469
vt 1.000000 6351.500469
vt 0.000000 6356.900551
vt 1.000000 6356.900551
vt 0.000000 6362.300633
vt 1.000000 6362.300633
vt 0.000000 6367.700601
vt 1.000000 6367.700601
vt 0.000000 6373.100616
vt 1.000000 6373.100616
vt 0.000000 6378.500651
vt 1.000000 6378.500651
vt 0.000000 6383.900659
vt 1.000000 6383.900659
vt 0.000000 6389.300674
vt 1.000000 6389.300674
vt 0.000000 6394.701908
vt 1.000000 6394.701908
vt 0.000000 6400.105458
vt 1.000000 6400.105458
vt 0.000000 6405.509043
vt 1.000000 6405.509043
vt 0.000000 6410.910404
vt 1.000000 6410.910404
vt 0.000000 6416.310460
vt 1.000000 6416.310460
vt 0.000000 6421.710506
vt 1.000000 6421.710506
vt 0.000000 6427.110513
vt 1.000000 6427.110513
vt 0.000000 6432.510474
vt 1.000000 6432.510474
vt 0.000000 6437.910520
vt 1.000000 6437.910520
vt 0.000000 6443.311748
vt 1.000000 6443.311748
vt 0.000000 6448.714832
vt 1.000000 6448.714832
vt 0.000000 6454.117625
vt 1.000000 6454.117625
vt 0.000000 6459.518516
vt 1.000000 6459.518516
vt 0.000000 6464.918539
vt 1.000000 6464.918539
vt 0.000000 6470.318525
vt 1.000000 6470.318525
vt 0.000000 6475.718596
vt 1.000000 6475.718596
vt 0.000000 6481.118668
vt 1.000000 6481.118668
vt 0.000000 6486.519875
vt 1.000000 6486.519875
vt 0.000000 6491.928334
vt 1.000000 6491.928334
vt 0.000000 6497.351600
vt 1.000000 6497.351600
vt 0.000000 6502.770791
vt 1.000000 6502.770791
vt 0.000000 6508.176985
vt 1.000000 6508.176985
vt 0.000000 6513.579914
vt 1.000000 6513.579914
vt 0.000000 6518.993102
vt 1.000000 6518.993102
vt 0.000000 6524.406950
vt 1.000000 6524.406950
vt 0.000000 6529.824634
vt 1.000000 6529.824634
vt 0.000000 6535.279356
vt 1.000000 6535.279356
vt 0.000000 6540.806275
vt 1.000000 6540.806275
vt 0.000000 6546.434672
vt 1.000000 6546.434672
vt 0.000000 6552.140970
vt 1.000000 6552.140970
vt 0.000000 6557.799222
vt 1.000000 6557.799222
vt 0.000000 6563.382222
vt 1.000000 6563.382222
vt 0.000000 6568.912381
vt 1.000000 6568.912381
vt 0.000000 6574.406211
vt 1.000000 6574.406211
vt 0.000000 6579.884225
vt 1.000000 6579.884225
vt 0.000000 6585.331657
vt 1.000000 6585.331657
vt 0.000000 6590.738595
vt 1.000000 6590.738595
vt 0.000000 6596.181779
vt 1.000000 6596.181779
vt 0.000000 6601.605029
vt 1.000000 6601.605029
vt 0.000000 6606.951990
vt 1.000000 6606.951990
vt 0.000000 6612.394947
vt 1.000000 6612.394947
vt 0.000000 6617.836828
vt 1.000000 6617.836828
vt 0.000000 7359.072553
vt 1.000000 7359.072553
vt 0.000000 7359.072553
vt 1.000000 7359.072553
vt 0.000000 7359.072553
vt 1.000000 7359.072553
vt 0.000000 7359.072553
vt 1.000000 7359.072553
vt 0.000000 7779.072553
vt 1.000000 7779.072553
vt 0.000000 nan
vt 1.000000 nan
vt 0.000000 nan
vt 1.000000 nan
vt 0.000000 nan
vt 1.000000 nan
vt 0.000000 nan
vt 1.000000 nan
vt 0.000000 nan
vt 1.000000 nan
vt 0.000000 nan
vt 1.000000 nan
vt 0.000000 nan
vt 1.000000 nan
vt 0.000000 nan
vt 1.000000 nan
vt 0.000000 nan
vt 1.000000 nan
vt 0.000000 nan
vt 1.000000 nan
vt 0.000000 nan
vt 1.000000 nan
vt 0.000000 nan
vt 1.000000 nan
vt 0.000000 nan
vt 1.000000 nan
vt 0.000000 nan
vt 1.000000 nan
vt 0.000000 nan
vt 1.000000 nan
vt 0.000000 nan
vt 1.000000 nan
vt 0.000000 nan
vt 1.000000 nan
vt 0.000000 nan
vt 1.000000 nan
vt 0.000000 nan
vt 1.000000 nan
vt 0.000000 nan
vt 1.000000 nan
vt 0.000000 nan
vt 1.000000 nan
vt 0.000000 nan
vt 1.000000 nan
vt 0.000000 nan
vt 1.000000 nan
vt 0.000000 nan
vt 1.000000 nan
vt 0.000000 nan
vt 1.000000 nan
vt 0.000000 nan
vt 1.000000 nan
vt 0.000000 nan
vt 1.000000 nan
vt 0.000000 nan
vt 1.000000 nan
vt 0.000000 nan
vt 1.000000 nan
vt 0.000000 nan
vt 1.000000 nan
vt 0.000000 nan
vt 1.000000 nan
vn 0.000000 1.000000 0.000000
vn 0.000000 1.000000 0.000000
vn 0.000000 1.000000 0.000000
vn 0.000000 1.000000 0.000000
vn 0.000000 1.000000 0.000000
vn 0.000000 1.000000 0.000000
vn 0.000000 1.000000 0.000000
vn 0.000000 1.000000 0.000000
vn 0.000000 1.000000 0.000000
vn 0.000000 1.000000 0.000000
vn 0.000000 1.000000 0.000000
vn 0.000000 1.000000 0.000000
vn 0.000000 1.000000 0.000000
vn 0.000000 1.000000 0.000000
vn 0.000000 1.000000 0.000000
vn 0.000000 1.000000 0.000000
vn 0.000000 1.000000 0.000000
vn 0.000000 1.000000 0.000000
vn 0.000000 1.000000 0.000000
vn 0.000000 1.000000 0.000000
vn 0.000000 1.000000 0.000000
vn 0.000000 1.000000 0.000000
vn 0.000000 1.000000 0.000000
vn 0.000000 1.000000 0.000000
vn 0.000000 1.000000 0.000000
vn 0.000000 1.000000 0.000000
vn 0.000000 1.000000 0.000000
vn 0.000000 1.000000 0.000000
vn 0.000000 1.000000 0.000000
vn 0.000000 1.000000 0.000000
vn 0.000000 1.000000 0.000000
vn 0.000000 1.000000 0.000000
vn 0.000000 1.000000 0.000000
vn 0.000000 1.000000 0.000000
vn 0.000000 1.000000 0.000000
vn 0.000000 1.000000 0.000000
vn 0.000000 1.000000 0.000000
vn 0.000000 1.000000 0.000000
vn 0.000000 1.000000 0.000000
vn 0.000000 1.000000 0.000000
vn 0.000000 1.000000 0.000000
vn 0.000000 1.000000 0.000000
vn 0.000000 1.000000 0.000000
vn 0.000000 1.000000 0.000000
vn 0.000000 1.000000 0.000000
vn 0.000000 1.000000 0.000000
vn 0.000000 1.000000 0.000000
vn 0.000000 1.000000 0.000000
vn 0.000000 1.000000 0.000000
vn 0.000000 1.000000 0.000000
vn 0.000000 1.000000 0.000000
vn 0.000000 1.000000 0.000000
vn 0.000000 1.000000 0.000000
vn 0.000000 1.000000 0.000000
vn 0.000000 1.000000 0.000000
vn 0.000000 1.000000 0.000000
vn 0.000000 1.000000 0.000000
vn 0.000000 1.000000 0.000000
vn 0.000000 1.000000 0.000000
vn 0.000000 1.000000 0.000000
vn 0.000000 1.000000 0.000000
vn 0.000000 1.000000 0.000000
vn 0.000000 1.000000 0.000000
vn 0.000000 1.000000 0.000000
vn 0.000000 1.000000 0.000000
vn 0.000000 1.000000 0.000000
vn 0.000000 1.000000 0.000000
vn 0.000000 1.000000 0.000000
vn 0.000000 1.000000 0.000000
vn 0.000000 1.000000 0.000000
vn 0.000000 1.000000 0.000000
vn 0.000000 1.000000 0.000000
vn 0.000000 1.000000 0.000000
vn 0.000000 1.000000 0.000000
vn 0.000000 1.000000 0.000000
vn 0.000000 1.000000 0.000000
vn 0.000000 1.000000 0.000000
vn 0.000000 1.000000 0.000000
vn 0.000000 1.000000 0.000000
vn 0.000000 1.000000 0.000000
vn 0.000000 1.000000 0.000000
vn 0.000000 1.000000 0.000000
vn 0.000000 1.000000 0.000000
vn 0.000000 1.000000 0.000000
vn 0.000000 1.000000 0.000000
vn 0.000000 1.000000 0.000000
vn 0.000000 1.000000 0.000000
vn 0.000000 1.000000 0.000000
vn 0.000000 1.000000 0.000000
vn 0.000000 1.000000 0.000000
vn 0.000000 1.000000 0.000000
vn 0.000000 1.000000 0.000000
vn 0.000000 1.000000 0.000000
vn 0.000000 1.000000 0.000000
vn 0.000000 1.000000 0.000000
vn 0.000000 1.000000 0.000000
vn 0.000000 1.000000 0.000000
vn 0.000000 1.000000 0.000000
vn 0.000000 1.000000 0.000000
vn 0.000000 1.000000 0.000000
vn 0.000000 1.000000 0.000000
vn 0.000000 1.000000 0.000000
vn 0.000000 1.000000 0.000000
vn 0.000000 1.000000 0.000000
vn 0.000000 1.000000 0.000000
vn 0.000000 1.000000 0.000000
vn 0.000000 1.000000 0.000000
vn 0.000000 1.000000 0.000000
vn 0.000000 1.000000 0.000000
vn 0.000000 1.000000 0.000000
vn 0.000000 1.000000 0.000000
vn 0.000000 1.000000 0.000000
vn 0.000000 1.000000 0.000000
vn 0.000000 1.000000 0.000000
vn 0.000000 1.000000 0.000000
vn 0.000000 1.000000 0.000000
vn 0.000000 1.000000 0.000000
vn 0.000000 1.000000 0.000000
vn 0.000000 1.000000 0.000000
vn 0.000000 1.000000 0.000000
vn 0.000000 1.000000 0.000000
vn 0.000000 1.000000 0.000000
vn 0.000000 1.000000 0.000000
vn 0.000000 1.000000 0.000000
vn 0.000000 1.000000 0.000000
vn 0.000000 1.000000 0.000000
vn 0.000000 1.000000 0.000000
vn 0.000000 1.000000 0.000000
vn 0.000000 1.000000 0.000000
vn 0.000000 1.000000 0.000000
vn 0.000000 1.000000 0.000000
vn 0.000000 1.000000 0.000000
vn 0.000000 1.000000 0.000000
vn 0.000000 1.000000 0.000000
vn 0.000000 1.000000 0.000000
vn 0.000000 1.000000 0.000000
vn 0.000000 1.000000 0.000000
vn 0.000000 1.000000 0.000000
vn 0.000000 1.000000 0.000000
vn 0.000000 1.000000 0.000000
vn 0.000000 1.000000 0.000000
vn 0.000000 1.000000 0.000000
vn 0.000000 1.000000 0.000000
vn 0.000000 1.000000 0.000000
vn 0.000000 1.000000 0.000000
vn 0.000000 1.000000 0.000000
vn 0.000000 1.000000 0.000000
vn 0.000000 1.000000 0.000000
vn -0.006822 0.999969 -0.004006
vn -0.006822 0.999969 -0.004006
vn -0.006822 0.999969 -0.004006
vn -0.006822 0.999969 -0.004006
vn -0.006841 0.999969 -0.004017
vn -0.006841 0.999969 -0.004017
vn -0.006730 0.999969 -0.004214
vn -0.006730 0.999969 -0.004214
vn 0.000000 1.000000 0.000000
vn 0.000000 1.000000 0.000000
vn 0.015716 0.999718 -0.017774
vn 0.015716 0.999718 -0.017774
vn 0.067819 0.997628 -0.011773
vn 0.067819 0.997628 -0.011773
vn 0.051510 0.998670 -0.002387
vn 0.051510 0.998670 -0.002387
vn 0.053507 0.998538 -0.007725
vn 0.053507 0.998538 -0.007725
vn 0.064500 0.997807 -0.014875
vn 0.064500 0.997807 -0.014875
vn 0.074786 0.996850 -0.026395
vn 0.074786 0.996850 -0.026395
vn 0.087156 0.995294 -0.042354
vn 0.087156 0.995294 -0.042354
vn 0.105590 0.993261 -0.047795
vn 0.105590 0.993261 -0.047795
vn 0.109437 0.992558 -0.053405
vn 0.109437 0.992558 -0.053405
vn 0.106799 0.993321 -0.043665
vn 0.106799 0.993321 -0.043665
vn 0.109893 0.993302 -0.035690
vn 0.109893 0.993302 -0.035690
vn 0.104987 0.994010 -0.030356
vn 0.104987 0.994010 -0.030356
vn 0.103586 0.994539 -0.012715
vn 0.103586 0.994539 -0.012715
vn 0.086343 0.996086 -0.018915
vn 0.086343 0.996086 -0.018915
vn 0.084125 0.996450 -0.003199
vn 0.084125 0.996450 -0.003199
vn 0.071597 0.997419 -0.005378
vn 0.071597 0.997419 -0.005378
vn 0.065881 0.997819 -0.004118
vn 0.065881 0.997819 -0.004118
vn 0.066374 0.997743 -0.010207
vn 0.066374 0.997743 -0.010207
vn 0.065806 0.997810 0.006769
vn 0.065806 0.997810 0.006769
vn 0.060672 0.998143 0.005453
vn 0.060672 0.998143 0.005453
vn 0.080647 0.996741 -0.001631
vn 0.080647 0.996741 -0.001631
vn 0.075625 0.996565 0.033744
vn 0.075625 0.996565 0.033744
vn 0.074923 0.996062 0.047399
vn 0.074923 0.996062 0.047399
vn 0.078344 0.995601 0.051392
vn 0.078344 0.995601 0.051392
vn 0.066087 0.995492 0.068024
vn 0.066087 0.995492 0.068024
vn 0.059994 0.995461 0.073877
vn 0.059994 0.995461 0.073877
vn 0.053421 0.995442 0.079003
vn 0.053421 0.995442 0.079003
vn 0.038607 0.995876 0.082102
vn 0.038607 0.995876 0.082102
vn 0.031865 0.996446 0.077976
vn 0.031865 0.996446 0.077976
vn 0.033173 0.996065 0.082181
vn 0.033173 0.996065 0.082181
vn 0.018800 0.996442 0.082154
vn 0.018800 0.996442 0.082154
vn 0.015720 0.996949 0.076461
vn 0.015720 0.996949 0.076461
vn 0.017066 0.996552 0.081202
vn 0.017066 0.996552 0.081202
vn 0.004277 0.996945 0.077985
vn 0.004277 0.996945 0.077985
vn 0.004209 0.997378 0.072251
vn 0.004209 0.997378 0.072251
vn 0.006595 0.996979 0.077387
vn 0.006595 0.996979 0.077387
vn -0.002811 0.996533 0.083154
vn -0.002811 0.996533 0.083154
vn -0.007983 0.996494 0.083282
vn -0.007983 0.996494 0.083282
vn -0.014738 0.995543 0.093149
vn -0.014738 0.995543 0.093149
vn -0.033916 0.995456 0.088974
vn -0.033916 0.995456 0.088974
vn -0.033554 0.994544 0.098776
vn -0.033554 0.994544 0.098776
vn -0.061005 0.993723 0.093776
vn -0.061005 0.993723 0.093776
vn -0.086285 0.992147 0.090555
vn -0.086285 0.992147 0.090555
vn -0.096257 0.992224 0.078904
vn -0.096257 0.992224 0.078904
vn -0.095153 0.991357 0.090323
vn -0.095153 0.991357 0.090323
vn -0.088715 0.992149 0.088149
vn -0.088715 0.992149 0.088149
vn -0.077665 0.992112 0.098401
vn -0.077665 0.992112 0.098401
vn -0.067666 0.994615 0.078507
vn -0.067666 0.994615 0.078507
vn -0.031644 0.995470 0.089658
vn -0.031644 0.995470 0.089658
vn -0.009919 0.996517 0.082802
vn -0.009919 0.996517 0.082802
vn 0.022566 0.996416 0.081526
vn 0.022566 0.996416 0.081526
vn 0.045299 0.996632 0.068355
vn 0.045299 0.996632 0.068355
vn 0.065495 0.996839 0.044973
vn 0.065495 0.996839 0.044973
vn 0.064466 0.996840 0.046406
vn 0.064466 0.996840 0.046406
vn 0.054905 0.997987 0.031734
vn 0.054905 0.997987 0.031734
vn 0.054688 0.997987 0.032110
vn 0.054688 0.997987 0.032110
vn 0.042082 0.997705 0.053041
vn 0.042082 0.997705 0.053041
vn 0.009502 0.999843 0.014977
vn 0.009502 0.999843 0.014977
vn 0.006797 0.999969 0.004091
vn 0.006797 0.999969 0.004091
vn 0.000000 1.000000 -0.000000
vn 0.000000 1.000000 -0.000000
vn -0.028476 0.998474 0.047314
vn -0.028476 0.998474 0.047314
vn -0.049549 0.995475 0.081079
vn -0.049549 0.995475 0.081079
vn -0.049549 0.995475 0.081079
vn -0.049549 0.995475 0.081079
vn -0.049549 0.995475 0.081079
vn -0.049549 0.995475 0.081079
vn -0.049549 0.995475 0.081079
vn -0.049549 0.995475 0.081079
vn -0.049549 0.995475 0.081079
vn -0.049549 0.995475 0.081079
vn -0.049549 0.995475 0.081079
vn -0.049549 0.995475 0.081079
vn -0.049549 0.995475 0.081079
vn -0.049549 0.995475 0.081079
vn -0.049549 0.995475 0.081079
vn -0.049549 0.995475 0.081079
vn -0.049549 0.995475 0.081079
vn -0.049549 0.995475 0.081079
vn -0.049549 0.995475 0.081079
vn -0.049549 0.995475 0.081079
vn -0.049549 0.995475 0.081079
vn -0.049549 0.995475 0.081079
vn -0.049549 0.995475 0.081079
vn -0.049549 0.995475 0.081079
vn -0.049549 0.995475 0.081079
vn -0.049549 0.995475 0.081079
vn -0.049549 0.995475 0.081079
vn -0.049549 0.995475 0.081079
vn -0.049549 0.995475 0.081079
vn -0.049549 0.995475 0.081079
vn -0.049549 0.995475 0.081079
vn -0.049549 0.995475 0.081079
vn -0.049549 0.995475 0.081079
vn -0.049549 0.995475 0.081079
vn -0.016471 0.999501 0.026953
vn -0.016471 0.999501 0.026953
vn 0.000000 1.000000 -0.000000
vn 0.000000 1.000000 -0.000000
vn 0.000000 1.000000 -0.000000
vn 0.000000 1.000000 -0.000000
vn 0.000000 1.000000 -0.000000
vn 0.000000 1.000000 -0.000000
vn 0.000000 1.000000 -0.000000
vn 0.000000 1.000000 -0.000000
vn 0.000000 1.000000 -0.000000
vn 0.000000 1.000000 -0.000000
vn 0.000000 1.000000 -0.000000
vn 0.000000 1.000000 -0.000000
vn 0.000000 1.000000 -0.000000
vn 0.000000 1.000000 -0.000000
vn 0.000000 1.000000 -0.000000
vn 0.000000 1.000000 -0.000000
vn 0.000000 1.000000 -0.000000
vn 0.000000 1.000000 -0.000000
vn 0.000000 1.000000 -0.000000
vn 0.000000 1.000000 -0.000000
vn 0.000000 1.000000 -0.000000
vn 0.000000 1.000000 -0.000000
vn 0.000000 1.000000 -0.000000
vn 0.000000 1.000000 -0.000000
vn 0.000000 1.000000 -0.000000
vn 0.000000 1.000000 -0.000000
vn 0.000000 1.000000 -0.000000
vn 0.000000 1.000000 -0.000000
vn 0.000000 1.000000 -0.000000
vn 0.000000 1.000000 -0.000000
vn 0.000000 1.000000 -0.000000
vn 0.000000 1.000000 -0.000000
vn 0.000000 1.000000 -0.000000
vn 0.000000 1.000000 -0.000000
vn 0.000000 1.000000 -0.000000
vn 0.000000 1.000000 -0.000000
vn 0.000000 1.000000 -0.000000
vn 0.000000 1.000000 -0.000000
vn 0.000000 1.000000 -0.000000
vn 0.000000 1.000000 -0.000000
vn 0.000000 1.000000 -0.000000
vn 0.000000 1.000000 -0.000000
vn 0.000000 1.000000 -0.000000
vn 0.000000 1.000000 -0.000000
vn 0.000000 1.000000 -0.000000
vn 0.000000 1.000000 -0.000000
vn 0.000000 1.000000 -0.000000
vn 0.000000 1.000000 -0.000000
vn 0.000000 1.000000 -0.000000
vn 0.000000 1.000000 -0.000000
vn 0.000000 1.000000 -0.000000
vn 0.000000 1.000000 -0.000000
vn 0.000000 1.000000 -0.000000
vn 0.000000 1.000000 -0.000000
vn 0.000000 1.000000 -0.000000
vn 0.000000 1.000000 -0.000000
vn 0.000000 1.000000 -0.000000
vn 0.000000 1.000000 -0.000000
vn 0.000000 1.000000 -0.000000
vn 0.000000 1.000000 -0.000000
vn 0.000000 1.000000 -0.000000
vn 0.000000 1.000000 -0.000000
vn 0.000000 1.000000 -0.000000
vn 0.000000 1.000000 -0.000000
vn 0.000000 1.000000 -0.000000
vn 0.000000 1.000000 -0.000000
vn 0.000000 1.000000 -0.000000
vn 0.000000 1.000000 -0.000000
vn 0.000000 1.000000 -0.000000
vn 0.000000 1.000000 -0.000000
vn 0.000000 1.000000 -0.000000
vn 0.000000 1.000000 -0.000000
vn 0.000000 1.000000 -0.000000
vn 0.000000 1.000000 -0.000000
vn 0.000000 1.000000 -0.000000
vn 0.000000 1.000000 -0.000000
vn 0.000000 1.000000 -0.000000
vn 0.000000 1.000000 -0.000000
vn 0.000000 1.000000 -0.000000
vn 0.000000 1.000000 -0.000000
vn 0.000000 1.000000 -0.000000
vn 0.000000 1.000000 -0.000000
vn 0.000000 1.000000 -0.000000
vn 0.000000 1.000000 -0.000000
vn 0.000000 1.000000 -0.000000
vn 0.000000 1.000000 -0.000000
vn 0.000000 1.000000 0.000000
vn 0.000000 1.000000 0.000000
vn 0.000000 1.000000 0.000000
vn 0.000000 1.000000 0.000000
vn 0.000000 1.000000 0.000000
vn 0.000000 1.000000 0.000000
vn 0.000000 1.000000 0.000000
vn 0.000000 1.000000 0.000000
vn 0.000000 1.000000 0.000000
vn 0.000000 1.000000 0.000000
vn 0.000000 1.000000 0.000000
vn 0.000000 1.000000 0.000000
vn 0.000000 1.000000 0.000000
vn 0.000000 1.000000 0.000000
vn 0.000000 1.000000 0.000000
vn 0.000000 1.000000 0.000000
vn 0.000000 1.000000 0.000000
vn 0.000000 1.000000 0.000000
vn 0.000000 1.000000 0.000000
vn 0.000000 1.000000 0.000000
vn 0.000000 1.000000 0.000000
vn 0.000000 1.000000 0.000000
vn 0.000000 1.000000 0.000000
vn 0.000000 1.000000 0.000000
vn 0.000000 1.000000 0.000000
vn 0.000000 1.000000 0.000000
vn 0.000000 1.000000 0.000000
vn 0.000000 1.000000 0.000000
vn 0.000000 1.000000 0.000000
vn 0.000000 1.000000 0.000000
vn 0.000000 1.000000 0.000000
vn 0.000000 1.000000 0.000000
vn 0.000000 1.000000 0.000000
vn 0.000000 1.000000 0.000000
vn 0.000000 1.000000 0.000000
vn 0.000000 1.000000 0.000000
vn 0.000000 1.000000 0.000000
vn 0.000000 1.000000 0.000000
vn 0.000000 1.000000 0.000000
vn 0.000000 1.000000 0.000000
vn 0.000000 1.000000 0.000000
vn 0.000000 1.000000 0.000000
vn 0.000000 1.000000 0.000000
vn 0.000000 1.000000 0.000000
vn 0.000000 1.000000 0.000000
vn 0.000000 1.000000 0.000000
vn 0.000000 1.000000 0.000000
vn 0.000000 1.000000 0.000000
vn 0.000000 1.000000 0.000000
vn 0.000000 1.000000 0.000000
vn 0.000000 1.000000 0.000000
vn 0.000000 1.000000 0.000000
vn 0.000000 1.000000 0.000000
vn 0.000000 1.000000 0.000000
vn 0.000000 1.000000 0.000000
vn 0.000000 1.000000 0.000000
vn 0.000000 1.000000 0.000000
vn 0.000000 1.000000 0.000000
vn 0.000000 1.000000 0.000000
vn 0.000000 1.000000 0.000000
vn 0.000000 1.000000 0.000000
vn 0.000000 1.000000 0.000000
vn 0.000000 1.000000 0.000000
vn 0.000000 1.000000 0.000000
vn 0.000000 1.000000 0.000000
vn 0.000000 1.000000 0.000000
vn 0.000000 1.000000 0.000000
vn 0.000000 1.000000 0.000000
vn 0.000000 1.000000 0.000000
vn 0.000000 1.000000 0.000000
vn 0.000000 1.000000 0.000000
vn 0.000000 1.000000 0.000000
vn 0.000000 1.000000 0.000000
vn 0.000000 1.000000 0.000000
vn 0.000000 1.000000 0.000000
vn 0.000000 1.000000 0.000000
vn -0.080084 0.994542 -0.066874
vn -0.080084 0.994542 -0.066874
vn -0.080084 0.994542 -0.066874
vn -0.080084 0.994542 -0.066874
vn -0.080084 0.994542 -0.066874
vn -0.080084 0.994542 -0.066874
vn -0.086170 0.993679 -0.071956
vn -0.086170 0.993679 -0.071956
vn -0.080084 0.994542 -0.066874
vn -0.080084 0.994542 -0.066874
vn -0.080084 0.994542 -0.066874
vn -0.080084 0.994542 -0.066874
vn -0.080084 0.994542 -0.066874
vn -0.080084 0.994542 -0.066874
vn -0.080084 0.994542 -0.066874
vn -0.080084 0.994542 -0.066874
vn -0.080084 0.994542 -0.066874
vn -0.080084 0.994542 -0.066874
vn -0.080084 0.994542 -0.066874
vn -0.080084 0.994542 -0.066874
vn -0.086170 0.993679 -0.071956
vn -0.086170 0.993679 -0.071956
vn -0.086170 0.993679 -0.071956
vn -0.086170 0.993679 -0.071956
vn -0.080084 0.994542 -0.066874
vn -0.080084 0.994542 -0.066874
vn -0.079677 0.994598 -0.066534
vn -0.079677 0.994598 -0.066534
vn -0.081016 0.994571 -0.065308
vn -0.081016 0.994571 -0.065308
vn -0.087172 0.993712 -0.070271
vn -0.087172 0.993712 -0.070271
vn -0.081016 0.994571 -0.065308
vn -0.081016 0.994571 -0.065308
vn -0.087172 0.993712 -0.070271
vn -0.087172 0.993712 -0.070271
vn -0.077024 0.995094 -0.062091
vn -0.077024 0.995094 -0.062091
vn -0.088254 0.994681 -0.053116
vn -0.088254 0.994681 -0.053116
vn -0.088254 0.994681 -0.053116
vn -0.088254 0.994681 -0.053116
vn -0.088254 0.994681 -0.053116
vn -0.088254 0.994681 -0.053116
vn -0.094962 0.993839 -0.057153
vn -0.094962 0.993839 -0.057153
vn -0.088254 0.994681 -0.053116
vn -0.088254 0.994681 -0.053116
vn 0.000000 1.000000 0.000000
vn 0.000000 1.000000 0.000000
vn 0.000000 1.000000 0.000000
vn 0.000000 1.000000 0.000000
vn 0.000000 1.000000 0.000000
vn 0.000000 1.000000 0.000000
vn 0.000000 1.000000 0.000000
vn 0.000000 1.000000 0.000000
vn 0.000000 1.000000 0.000000
vn 0.000000 1.000000 0.000000
vn 0.000000 1.000000 0.000000
vn 0.000000 1.000000 0.000000
vn 0.000000 1.000000 0.000000
vn 0.000000 1.000000 0.000000
vn 0.000000 1.000000 0.000000
vn 0.000000 1.000000 0.000000
vn 0.000000 1.000000 0.000000
vn 0.000000 1.000000 0.000000
vn 0.000000 1.000000 0.000000
vn 0.000000 1.000000 0.000000
vn 0.000000 1.000000 0.000000
vn 0.000000 1.000000 0.000000
vn 0.000000 1.000000 0.000000
vn 0.000000 1.000000 0.000000
vn 0.000000 1.000000 0.000000
vn 0.000000 1.000000 0.000000
vn 0.000000 1.000000 0.000000
vn 0.000000 1.000000 0.000000
vn 0.000000 1.000000 0.000000
vn 0.000000 1.000000 0.000000
vn 0.000000 1.000000 0.000000
vn 0.000000 1.000000 0.000000
vn 0.000000 1.000000 0.000000
vn 0.000000 1.000000 0.000000
vn 0.000000 1.000000 0.000000
vn 0.000000 1.000000 0.000000
vn 0.000000 1.000000 0.000000
vn 0.000000 1.000000 0.000000
vn 0.000000 1.000000 0.000000
vn 0.000000 1.000000 0.000000
vn 0.000000 1.000000 0.000000
vn 0.000000 1.000000 0.000000
vn 0.000000 1.000000 0.000000
vn 0.000000 1.000000 0.000000
vn 0.000000 1.000000 0.000000
vn 0.000000 1.000000 0.000000
vn 0.000000 1.000000 0.000000
vn 0.000000 1.000000 0.000000
vn 0.000000 1.000000 0.000000
vn 0.000000 1.000000 0.000000
vn 0.000000 1.000000 0.000000
vn 0.000000 1.000000 0.000000
vn 0.000000 1.000000 0.000000
vn 0.000000 1.000000 0.000000
vn 0.000000 1.000000 0.000000
vn 0.000000 1.000000 0.000000
vn 0.000000 1.000000 0.000000
vn 0.000000 1.000000 0.000000
vn 0.000000 1.000000 0.000000
vn 0.000000 1.000000 0.000000
vn 0.000000 1.000000 0.000000
vn 0.000000 1.000000 0.000000
vn 0.000000 1.000000 0.000000
vn 0.000000 1.000000 0.000000
vn 0.000000 1.000000 0.000000
vn 0.000000 1.000000 0.000000
vn 0.000000 1.000000 0.000000
vn 0.000000 1.000000 0.000000
vn 0.000000 1.000000 0.000000
vn 0.000000 1.000000 0.000000
vn 0.000000 1.000000 0.000000
vn 0.000000 1.000000 0.000000
vn 0.000000 1.000000 0.000000
vn 0.000000 1.000000 0.000000
vn 0.000000 1.000000 0.000000
vn 0.000000 1.000000 0.000000
vn 0.000000 1.000000 0.000000
vn 0.000000 1.000000 0.000000
vn 0.000000 1.000000 0.000000
vn 0.000000 1.000000 0.000000
vn 0.000000 1.000000 0.000000
vn 0.000000 1.000000 0.000000
vn 0.000000 1.000000 0.000000
vn 0.000000 1.000000 0.000000
vn 0.000000 1.000000 0.000000
vn 0.000000 1.000000 0.000000
vn 0.000000 1.000000 0.000000
vn 0.000000 1.000000 0.000000
vn 0.000000 1.000000 0.000000
vn 0.000000 1.000000 0.000000
vn 0.000000 1.000000 0.000000
vn 0.000000 1.000000 0.000000
vn 0.000000 1.000000 0.000000
vn 0.000000 1.000000 0.000000
vn 0.000000 1.000000 0.000000
vn 0.000000 1.000000 0.000000
vn 0.000000 1.000000 0.000000
vn 0.000000 1.000000 0.000000
vn 0.000000 1.000000 0.000000
vn 0.000000 1.000000 0.000000
vn 0.000000 1.000000 0.000000
vn 0.000000 1.000000 0.000000
vn 0.000000 1.000000 0.000000
vn 0.000000 1.000000 0.000000
vn 0.000000 1.000000 0.000000
vn 0.000000 1.000000 0.000000
vn 0.000000 1.000000 0.000000
vn 0.000000 1.000000 0.000000
vn 0.000000 1.000000 0.000000
vn 0.000000 1.000000 0.000000
vn 0.000000 1.000000 0.000000
vn 0.000000 1.000000 0.000000
vn 0.000000 1.000000 0.000000
vn 0.000000 1.000000 0.000000
vn 0.000000 1.000000 0.000000
vn 0.000000 1.000000 0.000000
vn 0.000000 1.000000 0.000000
vn 0.000000 1.000000 0.000000
vn 0.000000 1.000000 0.000000
vn 0.000000 1.000000 0.000000
vn 0.000000 1.000000 0.000000
vn 0.000000 1.000000 0.000000
vn 0.000000 1.000000 0.000000
vn 0.000000 1.000000 0.000000
vn 0.000000 1.000000 0.000000
vn 0.000000 1.000000 0.000000
vn 0.000000 1.000000 0.000000
vn 0.000000 1.000000 0.000000
vn 0.000000 1.000000 0.000000
vn 0.000000 1.000000 0.000000
vn 0.000000 1.000000 0.000000
vn 0.000000 1.000000 0.000000
vn 0.000000 1.000000 0.000000
vn 0.000000 1.000000 0.000000
vn 0.000000 1.000000 0.000000
vn 0.000000 1.000000 0.000000
vn 0.000000 1.000000 0.000000
vn 0.000000 1.000000 0.000000
vn 0.000000 1.000000 0.000000
vn 0.000000 1.000000 0.000000
vn 0.000000 1.000000 0.000000
vn 0.000000 1.000000 0.000000
vn 0.000000 1.000000 0.000000
vn 0.000000 1.000000 0.000000
vn 0.000000 1.000000 0.000000
vn 0.000000 1.000000 0.000000
vn 0.000000 1.000000 0.000000
vn 0.000000 1.000000 0.000000
vn 0.000000 1.000000 0.000000
vn 0.000000 1.000000 0.000000
vn 0.000000 1.000000 0.000000
vn 0.000000 1.000000 0.000000
vn 0.000000 1.000000 0.000000
vn 0.000000 1.000000 0.000000
vn 0.000000 1.000000 0.000000
vn 0.000000 1.000000 0.000000
vn 0.000000 1.000000 0.000000
vn 0.000000 1.000000 0.000000
vn -0.013065 0.993874 -0.109746
vn -0.013065 0.993874 -0.109746
vn -0.014033 0.993873 -0.109630
vn -0.014033 0.993873 -0.109630
vn -0.014033 0.993873 -0.109630
vn -0.014033 0.993873 -0.109630
vn -0.014033 0.993873 -0.109630
vn -0.014033 0.993873 -0.109630
vn -0.014033 0.993873 -0.109630
vn -0.014033 0.993873 -0.109630
vn -0.014033 0.993873 -0.109630
vn -0.014033 0.993873 -0.109630
vn -0.014033 0.993873 -0.109630
vn -0.014033 0.993873 -0.109630
vn -0.014033 0.993873 -0.109630
vn -0.014033 0.993873 -0.109630
vn -0.014033 0.993873 -0.109630
vn -0.014033 0.993873 -0.109630
vn -0.014033 0.993873 -0.109630
vn -0.014033 0.993873 -0.109630
vn -0.014033 0.993873 -0.109630
vn -0.014033 0.993873 -0.109630
vn -0.014033 0.993873 -0.109630
vn -0.014033 0.993873 -0.109630
vn -0.014033 0.993873 -0.109630
vn -0.014033 0.993873 -0.109630
vn -0.014033 0.993873 -0.109630
vn -0.014033 0.993873 -0.109630
vn -0.014047 0.993861 -0.109739
vn -0.014047 0.993861 -0.109739
vn 0.000000 1.000000 0.000000
vn 0.000000 1.000000 0.000000
vn 0.000000 1.000000 0.000000
vn 0.000000 1.000000 0.000000
vn 0.000000 1.000000 0.000000
vn 0.000000 1.000000 0.000000
vn 0.000000 1.000000 0.000000
vn 0.000000 1.000000 0.000000
vn 0.000000 1.000000 0.000000
vn 0.000000 1.000000 0.000000
vn 0.000000 1.000000 0.000000
vn 0.000000 1.000000 0.000000
vn 0.000000 1.000000 0.000000
vn 0.000000 1.000000 0.000000
vn 0.000000 1.000000 0.000000
vn 0.000000 1.000000 0.000000
vn 0.000000 1.000000 0.000000
vn 0.000000 1.000000 0.000000
vn 0.000000 1.000000 0.000000
vn 0.000000 1.000000 0.000000
vn 0.000000 1.000000 0.000000
vn 0.000000 1.000000 0.000000
vn 0.000000 1.000000 0.000000
vn 0.000000 1.000000 0.000000
vn 0.000000 1.000000 0.000000
vn 0.000000 1.000000 0.000000
vn 0.000000 1.000000 0.000000
vn 0.000000 1.000000 0.000000
vn 0.000000 1.000000 0.000000
vn 0.000000 1.000000 0.000000
vn 0.000000 1.000000 0.000000
vn 0.000000 1.000000 0.000000
vn 0.000000 1.000000 0.000000
vn 0.000000 1.000000 0.000000
vn 0.000000 1.000000 0.000000
vn 0.000000 1.000000 0.000000
vn 0.000000 1.000000 0.000000
vn 0.000000 1.000000 0.000000
vn 0.000000 1.000000 0.000000
vn 0.000000 1.000000 0.000000
vn 0.000000 1.000000 0.000000
vn 0.000000 1.000000 0.000000
vn 0.000000 1.000000 0.000000
vn 0.000000 1.000000 0.000000
vn 0.000000 1.000000 0.000000
vn 0.000000 1.000000 0.000000
vn 0.000000 1.000000 0.000000
vn 0.000000 1.000000 0.000000
vn 0.000000 1.000000 0.000000
vn 0.000000 1.000000 0.000000
vn 0.000000 1.000000 0.000000
vn 0.000000 1.000000 0.000000
vn 0.000000 1.000000 0.000000
vn 0.000000 1.000000 0.000000
vn 0.000000 1.000000 0.000000
vn 0.000000 1.000000 0.000000
vn 0.000000 1.000000 0.000000
vn 0.000000 1.000000 0.000000
vn 0.000000 1.000000 0.000000
vn 0.000000 1.000000 0.000000
vn 0.000000 1.000000 0.000000
vn 0.000000 1.000000 0.000000
vn 0.000000 1.000000 0.000000
vn 0.000000 1.000000 0.000000
vn 0.000000 1.000000 0.000000
vn 0.000000 1.000000 0.000000
vn 0.000000 1.000000 0.000000
vn 0.000000 1.000000 0.000000
vn 0.000000 1.000000 0.000000
vn 0.000000 1.000000 0.000000
vn 0.000000 1.000000 0.000000
vn 0.000000 1.000000 0.000000
vn 0.000000 1.000000 0.000000
vn 0.000000 1.000000 0.000000
vn 0.000000 1.000000 0.000000
vn 0.000000 1.000000 0.000000
vn 0.000000 1.000000 0.000000
vn 0.000000 1.000000 0.000000
vn 0.000000 1.000000 0.000000
vn 0.000000 1.000000 0.000000
vn 0.000000 1.000000 0.000000
vn 0.000000 1.000000 0.000000
vn 0.000000 1.000000 0.000000
vn 0.000000 1.000000 0.000000
vn 0.000000 1.000000 0.000000
vn 0.000000 1.000000 0.000000
vn 0.000000 1.000000 0.000000
vn 0.000000 1.000000 0.000000
vn 0.000000 1.000000 0.000000
vn 0.000000 1.000000 0.000000
vn 0.000000 1.000000 0.000000
vn 0.000000 1.000000 0.000000
vn 0.000000 1.000000 0.000000
vn 0.000000 1.000000 0.000000
vn 0.000000 1.000000 0.000000
vn 0.000000 1.000000 0.000000
vn 0.000000 1.000000 0.000000
vn 0.000000 1.000000 0.000000
vn 0.000000 1.000000 0.000000
vn 0.000000 1.000000 0.000000
vn 0.000000 1.000000 0.000000
vn 0.000000 1.000000 0.000000
vn 0.000000 1.000000 0.000000
vn 0.000000 1.000000 0.000000
vn 0.000000 1.000000 0.000000
vn 0.000000 1.000000 0.000000
vn 0.000000 1.000000 0.000000
vn 0.000000 1.000000 0.000000
vn 0.000000 1.000000 0.000000
vn 0.000000 1.000000 0.000000
vn 0.000000 1.000000 0.000000
vn 0.000000 1.000000 0.000000
vn 0.000000 1.000000 0.000000
vn 0.000000 1.000000 0.000000
vn 0.000000 1.000000 0.000000
vn 0.000000 1.000000 0.000000
vn 0.000000 1.000000 0.000000
vn 0.000000 1.000000 0.000000
vn 0.000000 1.000000 0.000000
vn 0.000000 1.000000 0.000000
vn 0.000000 1.000000 0.000000
vn 0.000000 1.000000 0.000000
vn 0.000000 1.000000 0.000000
vn 0.000000 1.000000 0.000000
vn 0.000000 1.000000 0.000000
vn 0.000000 1.000000 0.000000
vn 0.000000 1.000000 0.000000
vn 0.000000 1.000000 0.000000
vn 0.000000 1.000000 0.000000
vn 0.000000 1.000000 0.000000
vn 0.000000 1.000000 0.000000
vn 0.000000 1.000000 0.000000
vn 0.000000 1.000000 0.000000
vn 0.000000 1.000000 0.000000
vn 0.000000 1.000000 0.000000
vn 0.000000 1.000000 0.000000
vn 0.000000 1.000000 0.000000
vn 0.000000 1.000000 0.000000
vn 0.035623 0.999209 0.017654
vn 0.035623 0.999209 0.017654
vn 0.027932 0.999502 0.014714
vn 0.027932 0.999502 0.014714
vn 0.049121 0.998743 0.009974
vn 0.049121 0.998743 0.009974
vn 0.064348 0.997925 0.002386
vn 0.064348 0.997925 0.002386
vn 0.084739 0.996361 -0.009212
vn 0.084739 0.996361 -0.009212
vn 0.104976 0.994035 -0.029562
vn 0.104976 0.994035 -0.029562
vn 0.122780 0.991586 -0.041010
vn 0.122780 0.991586 -0.041010
vn 0.136741 0.989098 -0.054646
vn 0.136741 0.989098 -0.054646
vn 0.147757 0.987282 -0.058665
vn 0.147757 0.987282 -0.058665
vn 0.161000 0.985008 -0.061962
vn 0.161000 0.985008 -0.061962
vn 0.161920 0.984356 -0.069466
vn 0.161920 0.984356 -0.069466
vn 0.166635 0.984196 -0.059931
vn 0.166635 0.984196 -0.059931
vn 0.166876 0.984445 -0.054956
vn 0.166876 0.984445 -0.054956
vn 0.169559 0.984569 -0.043297
vn 0.169559 0.984569 -0.043297
vn 0.170630 0.984652 -0.036685
vn 0.170630 0.984652 -0.036685
vn 0.173887 0.984499 -0.022911
vn 0.173887 0.984499 -0.022911
vn 0.174012 0.984626 -0.015192
vn 0.174012 0.984626 -0.015192
vn 0.174380 0.984647 -0.007815
vn 0.174380 0.984647 -0.007815
vn 0.174706 0.984621 -0.000377
vn 0.174706 0.984621 -0.000377
vn 0.174155 0.984604 0.015018
vn 0.174155 0.984604 0.015018
vn 0.173733 0.984529 0.022784
vn 0.173733 0.984529 0.022784
vn 0.157617 0.987176 0.025309
vn 0.157617 0.987176 0.025309
vn 0.160249 0.987054 0.006641
vn 0.160249 0.987054 0.006641
vn 0.109012 0.993940 0.014153
vn 0.109012 0.993940 0.014153
vn 0.099318 0.994496 0.033378
vn 0.099318 0.994496 0.033378
vn 0.101088 0.992862 0.063298
vn 0.101088 0.992862 0.063298
vn 0.096554 0.993812 0.054905
vn 0.096554 0.993812 0.054905
vn 0.076947 0.996158 0.041811
vn 0.076947 0.996158 0.041811
vn 0.056839 0.997980 0.028388
vn 0.056839 0.997980 0.028388
vn 0.043717 0.998851 0.019632
vn 0.043717 0.998851 0.019632
vn 0.030565 0.999474 0.010858
vn 0.030565 0.999474 0.010858
vn 0.032384 0.999451 -0.006966
vn 0.032384 0.999451 -0.006966
vn 0.030565 0.999474 0.010858
vn 0.030565 0.999474 0.010858
vn 0.013243 0.999873 0.008829
vn 0.013243 0.999873 0.008829
vn 0.004163 0.999969 -0.006748
vn 0.004163 0.999969 -0.006748
vn -0.049958 0.996191 0.071467
vn -0.049958 0.996191 0.071467
vn -0.084468 0.988565 0.124917
vn -0.084468 0.988565 0.124917
vn -0.083483 0.988610 0.125224
vn -0.083483 0.988610 0.125224
vn -0.082511 0.988496 0.126756
vn -0.082511 0.988496 0.126756
vn -0.082322 0.988549 0.126465
vn -0.082322 0.988549 0.126465
vn -0.081970 0.988647 0.125926
vn -0.081970 0.988647 0.125926
vn -0.083302 0.988660 0.124953
vn -0.083302 0.988660 0.124953
vn -0.085810 0.988572 0.123948
vn -0.085810 0.988572 0.123948
vn -0.087135 0.988581 0.122944
vn -0.087135 0.988581 0.122944
vn -0.087872 0.988595 0.122309
vn -0.087872 0.988595 0.122309
vn -0.089639 0.988485 0.121909
vn -0.089639 0.988485 0.121909
vn -0.090140 0.988504 0.121389
vn -0.090140 0.988504 0.121389
vn -0.088763 0.988510 0.122348
vn -0.088763 0.988510 0.122348
vn -0.068093 0.994630 0.077937
vn -0.068093 0.994630 0.077937
vn -0.015794 0.999712 0.018077
vn -0.015794 0.999712 0.018077
vn 0.000000 1.000000 0.000000
vn 0.000000 1.000000 0.000000
vn 0.000000 1.000000 0.000000
vn 0.000000 1.000000 0.000000
vn 0.000000 1.000000 0.000000
vn 0.000000 1.000000 0.000000
vn 0.000000 1.000000 0.000000
vn 0.000000 1.000000 0.000000
vn 0.000000 1.000000 0.000000
vn 0.000000 1.000000 0.000000
vn 0.000000 1.000000 0.000000
vn 0.000000 1.000000 0.000000
vn 0.000000 1.000000 0.000000
vn 0.000000 1.000000 0.000000
vn 0.000000 1.000000 0.000000
vn 0.000000 1.000000 0.000000
vn 0.000000 1.000000 0.000000
vn 0.000000 1.000000 0.000000
vn 0.000000 1.000000 0.000000
vn 0.000000 1.000000 0.000000
vn 0.000000 1.000000 0.000000
vn 0.000000 1.000000 0.000000
vn 0.000000 1.000000 0.000000
vn 0.000000 1.000000 0.000000
vn 0.000000 1.000000 0.000000
vn 0.000000 1.000000 0.000000
vn 0.000000 1.000000 0.000000
vn 0.000000 1.000000 0.000000
vn 0.000000 1.000000 0.000000
vn 0.000000 1.000000 0.000000
vn 0.000000 1.000000 0.000000
vn 0.000000 1.000000 0.000000
vn 0.000000 1.000000 0.000000
vn 0.000000 1.000000 0.000000
vn 0.000000 1.000000 0.000000
vn 0.000000 1.000000 0.000000
vn 0.000000 1.000000 0.000000
vn 0.000000 1.000000 0.000000
vn 0.000000 1.000000 0.000000
vn 0.000000 1.000000 0.000000
vn 0.000000 1.000000 0.000000
vn 0.000000 1.000000 0.000000
vn 0.000000 1.000000 0.000000
vn 0.000000 1.000000 0.000000
vn 0.000000 1.000000 0.000000
vn 0.000000 1.000000 0.000000
vn 0.000000 1.000000 0.000000
vn 0.000000 1.000000 0.000000
vn 0.000000 1.000000 0.000000
vn 0.000000 1.000000 0.000000
vn 0.000000 1.000000 0.000000
vn 0.000000 1.000000 0.000000
vn 0.000000 1.000000 0.000000
vn 0.000000 1.000000 0.000000
vn 0.000000 1.000000 0.000000
vn 0.000000 1.000000 0.000000
vn 0.000000 1.000000 0.000000
vn 0.000000 1.000000 0.000000
vn 0.000000 1.000000 0.000000
vn 0.000000 1.000000 0.000000
vn 0.000000 1.000000 0.000000
vn 0.000000 1.000000 0.000000
vn 0.000000 1.000000 0.000000
vn 0.000000 1.000000 0.000000
vn 0.000000 1.000000 0.000000
vn 0.000000 1.000000 0.000000
vn 0.000000 1.000000 0.000000
vn 0.000000 1.000000 0.000000
vn 0.000000 1.000000 0.000000
vn 0.000000 1.000000 0.000000
vn 0.000000 1.000000 0.000000
vn 0.000000 1.000000 0.000000
vn 0.000000 1.000000 0.000000
vn 0.000000 1.000000 0.000000
vn 0.000000 1.000000 0.000000
vn 0.000000 1.000000 0.000000
vn 0.000000 1.000000 0.000000
vn 0.000000 1.000000 0.000000
vn 0.000000 1.000000 0.000000
vn 0.000000 1.000000 0.000000
vn 0.000000 1.000000 0.000000
vn 0.000000 1.000000 0.000000
vn 0.000000 1.000000 0.000000
vn 0.000000 1.000000 0.000000
vn 0.000000 1.000000 0.000000
vn 0.000000 1.000000 0.000000
vn 0.000000 1.000000 0.000000
vn 0.000000 1.000000 0.000000
vn 0.000000 1.000000 0.000000
vn 0.000000 1.000000 0.000000
vn 0.000000 1.000000 0.000000
vn 0.000000 1.000000 0.000000
vn 0.000000 1.000000 0.000000
vn 0.000000 1.000000 0.000000
vn 0.000000 1.000000 0.000000
vn 0.000000 1.000000 0.000000
vn 0.000000 1.000000 0.000000
vn 0.000000 1.000000 0.000000
vn 0.000000 1.000000 0.000000
vn 0.000000 1.000000 0.000000
vn 0.000000 1.000000 0.000000
vn 0.000000 1.000000 0.000000
vn 0.000000 1.000000 0.000000
vn 0.000000 1.000000 0.000000
vn 0.000000 1.000000 0.000000
vn 0.000000 1.000000 0.000000
vn 0.000000 1.000000 0.000000
vn 0.000000 1.000000 0.000000
vn 0.000000 1.000000 0.000000
vn 0.000000 1.000000 0.000000
vn 0.000000 1.000000 0.000000
vn 0.000000 1.000000 0.000000
vn 0.000000 1.000000 0.000000
vn 0.000000 1.000000 0.000000
vn 0.008201 0.999966 0.000325
vn 0.008201 0.999966 0.000325
vn 0.000000 1.000000 0.000000
vn 0.000000 1.000000 0.000000
vn -0.000000 1.000000 0.000000
vn -0.000000 1.000000 0.000000
vn 0.004611 0.999967 0.006755
vn 0.004611 0.999967 0.006755
vn -0.000000 1.000000 0.000000
vn -0.000000 1.000000 0.000000
vn -0.000000 1.000000 0.000000
vn -0.000000 1.000000 0.000000
vn -0.000000 1.000000 0.000000
vn -0.000000 1.000000 0.000000
vn -0.000000 1.000000 0.000000
vn -0.000000 1.000000 0.000000
vn -0.000000 1.000000 0.000000
vn -0.000000 1.000000 0.000000
vn -0.000000 1.000000 0.000000
vn -0.000000 1.000000 0.000000
vn -0.000000 1.000000 0.000000
vn -0.000000 1.000000 0.000000
vn -0.000000 1.000000 0.000000
vn -0.000000 1.000000 0.000000
vn -0.000000 1.000000 0.000000
vn -0.000000 1.000000 0.000000
vn -0.000000 1.000000 0.000000
vn -0.000000 1.000000 0.000000
vn -0.000000 1.000000 0.000000
vn -0.000000 1.000000 0.000000
vn -0.000000 1.000000 0.000000
vn -0.000000 1.000000 0.000000
vn -0.000000 1.000000 0.000000
vn -0.000000 1.000000 0.000000
vn -0.000000 1.000000 0.000000
vn -0.000000 1.000000 0.000000
vn -0.000000 1.000000 0.000000
vn -0.000000 1.000000 0.000000
vn -0.000000 1.000000 0.000000
vn -0.000000 1.000000 0.000000
vn -0.000000 1.000000 0.000000
vn -0.000000 1.000000 0.000000
vn -0.000000 1.000000 0.000000
vn -0.000000 1.000000 0.000000
vn -0.000000 1.000000 0.000000
vn -0.000000 1.000000 0.000000
vn -0.000000 1.000000 0.000000
vn -0.000000 1.000000 0.000000
vn -0.000000 1.000000 0.000000
vn -0.000000 1.000000 0.000000
vn -0.000000 1.000000 0.000000
vn -0.000000 1.000000 0.000000
vn -0.000000 1.000000 0.000000
vn -0.000000 1.000000 0.000000
vn -0.000000 1.000000 0.000000
vn -0.000000 1.000000 0.000000
vn -0.000000 1.000000 0.000000
vn -0.000000 1.000000 0.000000
vn -0.000000 1.000000 0.000000
vn -0.000000 1.000000 0.000000
vn -0.000000 1.000000 0.000000
vn -0.000000 1.000000 0.000000
vn -0.000000 1.000000 0.000000
vn -0.000000 1.000000 0.000000
vn -0.000000 1.000000 0.000000
vn -0.000000 1.000000 0.000000
vn 0.000000 1.000000 0.000000
vn 0.000000 1.000000 0.000000
vn 0.000000 1.000000 0.000000
vn 0.000000 1.000000 0.000000
vn 0.000000 1.000000 0.000000
vn 0.000000 1.000000 0.000000
vn 0.000000 1.000000 0.000000
vn 0.000000 1.000000 0.000000
vn 0.000000 1.000000 0.000000
vn 0.000000 1.000000 0.000000
vn 0.000000 1.000000 0.000000
vn 0.000000 1.000000 0.000000
vn 0.000000 1.000000 0.000000
vn 0.000000 1.000000 0.000000
vn 0.000000 1.000000 0.000000
vn 0.000000 1.000000 0.000000
vn 0.000000 1.000000 0.000000
vn 0.000000 1.000000 0.000000
vn 0.000000 1.000000 0.000000
vn 0.000000 1.000000 0.000000
vn 0.000000 1.000000 0.000000
vn 0.000000 1.000000 0.000000
vn 0.000000 1.000000 0.000000
vn 0.000000 1.000000 0.000000
vn 0.000000 1.000000 0.000000
vn 0.000000 1.000000 0.000000
vn 0.000000 1.000000 0.000000
vn 0.000000 1.000000 0.000000
vn 0.000000 1.000000 0.000000
vn 0.000000 1.000000 0.000000
vn 0.000000 1.000000 0.000000
vn 0.000000 1.000000 0.000000
vn 0.000000 1.000000 0.000000
vn 0.000000 1.000000 0.000000
vn 0.000000 1.000000 0.000000
vn 0.000000 1.000000 0.000000
vn 0.000000 1.000000 0.000000
vn 0.000000 1.000000 0.000000
vn 0.000000 1.000000 0.000000
vn 0.000000 1.000000 0.000000
vn 0.000000 1.000000 0.000000
vn 0.000000 1.000000 0.000000
vn 0.000000 1.000000 0.000000
vn 0.000000 1.000000 0.000000
vn 0.000000 1.000000 0.000000
vn 0.000000 1.000000 0.000000
vn 0.000000 1.000000 0.000000
vn 0.000000 1.000000 0.000000
vn 0.000000 1.000000 0.000000
vn 0.000000 1.000000 0.000000
vn 0.000000 1.000000 0.000000
vn 0.000000 1.000000 0.000000
vn 0.000000 1.000000 0.000000
vn 0.000000 1.000000 0.000000
vn 0.000000 1.000000 0.000000
vn 0.000000 1.000000 0.000000
vn 0.000000 1.000000 0.000000
vn 0.000000 1.000000 0.000000
vn 0.000000 1.000000 0.000000
vn 0.000000 1.000000 0.000000
vn 0.000000 1.000000 0.000000
vn 0.000000 1.000000 0.000000
vn 0.000000 1.000000 0.000000
vn 0.000000 1.000000 0.000000
vn 0.000000 1.000000 0.000000
vn 0.000000 1.000000 0.000000
vn 0.000000 1.000000 0.000000
vn 0.000000 1.000000 0.000000
vn -0.000000 1.000000 0.000000
vn -0.000000 1.000000 0.000000
vn -0.000000 1.000000 0.000000
vn -0.000000 1.000000 0.000000
vn -0.000000 1.000000 0.000000
vn -0.000000 1.000000 0.000000
vn -0.000000 1.000000 0.000000
vn -0.000000 1.000000 0.000000
vn -0.000000 1.000000 0.000000
vn -0.000000 1.000000 0.000000
vn -0.000000 1.000000 0.000000
vn -0.000000 1.000000 0.000000
vn -0.000000 1.000000 0.000000
vn -0.000000 1.000000 0.000000
vn -0.000000 1.000000 0.000000
vn -0.000000 1.000000 0.000000
vn -0.000000 1.000000 0.000000
vn -0.000000 1.000000 0.000000
vn -0.000000 1.000000 0.000000
vn -0.000000 1.000000 0.000000
vn -0.000000 1.000000 0.000000
vn -0.000000 1.000000 0.000000
vn -0.000000 1.000000 0.000000
vn -0.000000 1.000000 0.000000
vn -0.000000 1.000000 0.000000
vn -0.000000 1.000000 0.000000
vn -0.000000 1.000000 0.000000
vn -0.000000 1.000000 0.000000
vn -0.000000 1.000000 0.000000
vn -0.000000 1.000000 0.000000
vn -0.000000 1.000000 0.000000
vn -0.000000 1.000000 0.000000
vn -0.000000 1.000000 0.000000
vn -0.000000 1.000000 0.000000
vn -0.000000 1.000000 0.000000
vn -0.000000 1.000000 0.000000
vn -0.000000 1.000000 0.000000
vn -0.000000 1.000000 0.000000
vn -0.000000 1.000000 0.000000
vn -0.000000 1.000000 0.000000
vn -0.000000 1.000000 0.000000
vn -0.000000 1.000000 0.000000
vn -0.000000 1.000000 0.000000
vn -0.000000 1.000000 0.000000
vn -0.000000 1.000000 0.000000
vn -0.000000 1.000000 0.000000
vn -0.000000 1.000000 0.000000
vn -0.000000 1.000000 0.000000
vn -0.000000 1.000000 0.000000
vn -0.000000 1.000000 0.000000
vn -0.000000 1.000000 0.000000
vn -0.000000 1.000000 0.000000
vn -0.000000 1.000000 0.000000
vn -0.000000 1.000000 0.000000
vn -0.000000 1.000000 0.000000
vn -0.000000 1.000000 0.000000
vn -0.000000 1.000000 0.000000
vn -0.000000 1.000000 0.000000
vn -0.000000 1.000000 0.000000
vn -0.000000 1.000000 0.000000
vn -0.000000 1.000000 0.000000
vn -0.000000 1.000000 0.000000
vn -0.000000 1.000000 0.000000
vn -0.000000 1.000000 0.000000
vn -0.000000 1.000000 0.000000
vn -0.000000 1.000000 0.000000
vn -0.000000 1.000000 0.000000
vn -0.000000 1.000000 0.000000
vn -0.000000 1.000000 0.000000
vn -0.000000 1.000000 0.000000
vn -0.000000 1.000000 0.000000
vn -0.000000 1.000000 0.000000
vn 0.000000 1.000000 0.000000
vn 0.000000 1.000000 0.000000
vn 0.000000 1.000000 0.000000
vn 0.000000 1.000000 0.000000
vn 0.000000 1.000000 0.000000
vn 0.000000 1.000000 0.000000
vn 0.000000 1.000000 0.000000
vn 0.000000 1.000000 0.000000
vn 0.000000 1.000000 0.000000
vn 0.000000 1.000000 0.000000
vn 0.000000 1.000000 -0.000000
vn 0.000000 1.000000 -0.000000
vn 0.000000 1.000000 -0.000000
vn 0.000000 1.000000 -0.000000
vn 0.000000 1.000000 -0.000000
vn 0.000000 1.000000 -0.000000
vn 0.000000 1.000000 -0.000000
vn 0.000000 1.000000 -0.000000
vn 0.000000 1.000000 -0.000000
vn 0.000000 1.000000 -0.000000
vn 0.000000 1.000000 -0.000000
vn 0.000000 1.000000 -0.000000
vn 0.000000 1.000000 -0.000000
vn 0.000000 1.000000 -0.000000
vn 0.000000 1.000000 -0.000000
vn 0.000000 1.000000 -0.000000
vn 0.000000 1.000000 -0.000000
vn 0.000000 1.000000 -0.000000
vn 0.000000 1.000000 -0.000000
vn 0.000000 1.000000 -0.000000
vn 0.000000 1.000000 -0.000000
vn 0.000000 1.000000 -0.000000
vn 0.000000 1.000000 -0.000000
vn 0.000000 1.000000 -0.000000
vn 0.000000 1.000000 -0.000000
vn 0.000000 1.000000 -0.000000
vn 0.000000 1.000000 -0.000000
vn 0.000000 1.000000 -0.000000
vn 0.000000 1.000000 -0.000000
vn 0.000000 1.000000 -0.000000
vn 0.000000 1.000000 -0.000000
vn 0.000000 1.000000 -0.000000
vn 0.000000 1.000000 -0.000000
vn 0.000000 1.000000 -0.000000
vn 0.000000 1.000000 -0.000000
vn 0.000000 1.000000 -0.000000
vn 0.000000 1.000000 -0.000000
vn 0.000000 1.000000 -0.000000
vn 0.000000 1.000000 -0.000000
vn 0.000000 1.000000 -0.000000
vn 0.000000 1.000000 -0.000000
vn 0.000000 1.000000 -0.000000
vn 0.000000 1.000000 -0.000000
vn 0.000000 1.000000 -0.000000
vn 0.000000 1.000000 -0.000000
vn 0.000000 1.000000 -0.000000
vn 0.000000 1.000000 -0.000000
vn 0.000000 1.000000 -0.000000
vn 0.000000 1.000000 -0.000000
vn 0.000000 1.000000 -0.000000
vn 0.000000 1.000000 -0.000000
vn 0.000000 1.000000 -0.000000
vn 0.000000 1.000000 -0.000000
vn 0.000000 1.000000 -0.000000
vn 0.000000 1.000000 -0.000000
vn 0.000000 1.000000 -0.000000
vn 0.000000 1.000000 -0.000000
vn 0.000000 1.000000 -0.000000
vn 0.000000 1.000000 -0.000000
vn 0.000000 1.000000 -0.000000
vn 0.000000 1.000000 -0.000000
vn 0.000000 1.000000 -0.000000
vn 0.000000 1.000000 -0.000000
vn 0.000000 1.000000 -0.000000
vn 0.000000 1.000000 -0.000000
vn 0.000000 1.000000 -0.000000
vn 0.000000 1.000000 -0.000000
vn 0.000000 1.000000 -0.000000
vn 0.000000 1.000000 -0.000000
vn 0.000000 1.000000 -0.000000
vn 0.000000 1.000000 -0.000000
vn 0.000000 1.000000 -0.000000
vn 0.000000 1.000000 -0.000000
vn 0.000000 1.000000 -0.000000
vn 0.000000 1.000000 0.000000
vn 0.000000 1.000000 0.000000
vn 0.000000 1.000000 0.000000
vn 0.000000 1.000000 0.000000
vn 0.000000 1.000000 0.000000
vn 0.000000 1.000000 0.000000
vn 0.000000 1.000000 0.000000
vn 0.000000 1.000000 0.000000
vn 0.000000 1.000000 0.000000
vn 0.000000 1.000000 0.000000
vn 0.000000 1.000000 0.000000
vn 0.000000 1.000000 0.000000
vn 0.000000 1.000000 0.000000
vn 0.000000 1.000000 0.000000
vn -0.000000 1.000000 0.000000
vn -0.000000 1.000000 0.000000
vn -0.000000 1.000000 0.000000
vn -0.000000 1.000000 0.000000
vn -0.000000 1.000000 0.000000
vn -0.000000 1.000000 0.000000
vn -0.000000 1.000000 0.000000
vn -0.000000 1.000000 0.000000
vn -0.000000 1.000000 0.000000
vn -0.000000 1.000000 0.000000
vn -0.000000 1.000000 0.000000
vn -0.000000 1.000000 0.000000
vn -0.000000 1.000000 0.000000
vn -0.000000 1.000000 0.000000
vn 0.000000 1.000000 0.000000
vn 0.000000 1.000000 0.000000
vn 0.000000 1.000000 0.000000
vn 0.000000 1.000000 0.000000
vn 0.000000 1.000000 0.000000
vn 0.000000 1.000000 0.000000
vn 0.000000 1.000000 0.000000
vn 0.000000 1.000000 0.000000
vn 0.000000 1.000000 -0.000000
vn 0.000000 1.000000 -0.000000
vn 0.000000 1.000000 -0.000000
vn 0.000000 1.000000 -0.000000
vn 0.000000 1.000000 -0.000000
vn 0.000000 1.000000 -0.000000
vn 0.000000 1.000000 -0.000000
vn 0.000000 1.000000 -0.000000
vn 0.000000 1.000000 -0.000000
vn 0.000000 1.000000 -0.000000
vn 0.000000 1.000000 -0.000000
vn 0.000000 1.000000 -0.000000
vn 0.000000 1.000000 -0.000000
vn 0.000000 1.000000 -0.000000
vn 0.000000 1.000000 -0.000000
vn 0.000000 1.000000 -0.000000
vn 0.000000 1.000000 -0.000000
vn 0.000000 1.000000 -0.000000
vn 0.000000 1.000000 -0.000000
vn 0.000000 1.000000 -0.000000
vn 0.000000 1.000000 -0.000000
vn 0.000000 1.000000 -0.000000
vn 0.000000 1.000000 -0.000000
vn 0.000000 1.000000 -0.000000
vn 0.000000 1.000000 -0.000000
vn 0.000000 1.000000 -0.000000
vn 0.000000 1.000000 -0.000000
vn 0.000000 1.000000 -0.000000
vn 0.000000 1.000000 -0.000000
vn 0.000000 1.000000 -0.000000
vn 0.000000 1.000000 -0.000000
vn 0.000000 1.000000 -0.000000
vn 0.000000 1.000000 -0.000000
vn 0.000000 1.000000 -0.000000
vn 0.000000 1.000000 -0.000000
vn 0.000000 1.000000 -0.000000
vn 0.000000 1.000000 -0.000000
vn 0.000000 1.000000 -0.000000
vn 0.000000 1.000000 -0.000000
vn 0.000000 1.000000 -0.000000
vn 0.000000 1.000000 -0.000000
vn 0.000000 1.000000 -0.000000
vn 0.000000 1.000000 -0.000000
vn 0.000000 1.000000 -0.000000
vn 0.000000 1.000000 -0.000000
vn 0.000000 1.000000 -0.000000
vn 0.000000 1.000000 -0.000000
vn 0.000000 1.000000 -0.000000
vn 0.000000 1.000000 -0.000000
vn 0.000000 1.000000 -0.000000
vn 0.000000 1.000000 -0.000000
vn 0.000000 1.000000 -0.000000
vn 0.000000 1.000000 -0.000000
vn 0.000000 1.000000 -0.000000
vn 0.000000 1.000000 -0.000000
vn 0.000000 1.000000 -0.000000
vn 0.000000 1.000000 -0.000000
vn 0.000000 1.000000 -0.000000
vn 0.000000 1.000000 -0.000000
vn 0.000000 1.000000 -0.000000
vn 0.000000 1.000000 -0.000000
vn 0.000000 1.000000 -0.000000
vn 0.000000 1.000000 -0.000000
vn 0.000000 1.000000 -0.000000
vn 0.000000 1.000000 -0.000000
vn 0.000000 1.000000 -0.000000
vn 0.000000 1.000000 -0.000000
vn 0.000000 1.000000 -0.000000
vn 0.000000 1.000000 -0.000000
vn 0.000000 1.000000 -0.000000
vn 0.000000 1.000000 -0.000000
vn 0.000000 1.000000 -0.000000
vn 0.000000 1.000000 -0.000000
vn 0.000000 1.000000 -0.000000
vn 0.000000 1.000000 -0.000000
vn 0.000000 1.000000 -0.000000
vn 0.000000 1.000000 -0.000000
vn 0.000000 1.000000 -0.000000
vn 0.000000 1.000000 -0.000000
vn 0.000000 1.000000 -0.000000
vn 0.000000 1.000000 -0.000000
vn 0.000000 1.000000 -0.000000
vn 0.000000 1.000000 -0.000000
vn 0.000000 1.000000 -0.000000
vn 0.000000 1.000000 -0.000000
vn 0.000000 1.000000 -0.000000
vn 0.000000 1.000000 -0.000000
vn 0.000000 1.000000 -0.000000
vn 0.000000 1.000000 -0.000000
vn 0.000000 1.000000 -0.000000
vn 0.000000 1.000000 -0.000000
vn 0.000000 1.000000 -0.000000
vn 0.000000 1.000000 -0.000000
vn 0.000000 1.000000 -0.000000
vn 0.000000 1.000000 -0.000000
vn 0.000000 1.000000 -0.000000
vn 0.000000 1.000000 -0.000000
vn 0.000000 1.000000 -0.000000
vn 0.000000 1.000000 -0.000000
vn 0.000000 1.000000 -0.000000
vn 0.000000 1.000000 -0.000000
vn 0.000000 1.000000 -0.000000
vn 0.000000 1.000000 -0.000000
vn 0.000000 1.000000 -0.000000
vn 0.000000 1.000000 -0.000000
vn 0.000000 1.000000 -0.000000
vn 0.000000 1.000000 -0.000000
vn 0.000000 1.000000 -0.000000
vn 0.000000 1.000000 -0.000000
vn 0.000000 1.000000 -0.000000
vn 0.000000 1.000000 -0.000000
vn 0.000000 1.000000 -0.000000
vn 0.000000 1.000000 -0.000000
vn 0.000000 1.000000 -0.000000
vn -0.000000 1.000000 -0.000000
vn -0.000000 1.000000 -0.000000
vn -0.000000 1.000000 -0.000000
vn -0.000000 1.000000 -0.000000
vn -0.000000 1.000000 -0.000000
vn -0.000000 1.000000 -0.000000
vn -0.000000 1.000000 -0.000000
vn -0.000000 1.000000 -0.000000
vn -0.000000 1.000000 0.000000
vn -0.000000 1.000000 0.000000
vn -0.000000 1.000000 0.000000
vn -0.000000 1.000000 0.000000
vn -0.000000 1.000000 0.000000
vn -0.000000 1.000000 0.000000
vn -0.000000 1.000000 0.000000
vn -0.000000 1.000000 0.000000
vn -0.000000 1.000000 0.000000
vn -0.000000 1.000000 0.000000
vn -0.000000 1.000000 0.000000
vn -0.000000 1.000000 0.000000
vn -0.000000 1.000000 0.000000
vn -0.000000 1.000000 0.000000
vn -0.000000 1.000000 0.000000
vn -0.000000 1.000000 0.000000
vn -0.000000 1.000000 0.000000
vn -0.000000 1.000000 0.000000
vn -0.000000 1.000000 0.000000
vn -0.000000 1.000000 0.000000
vn -0.000000 1.000000 0.000000
vn -0.000000 1.000000 0.000000
vn -0.000000 1.000000 0.000000
vn -0.000000 1.000000 0.000000
vn -0.000000 1.000000 0.000000
vn -0.000000 1.000000 0.000000
vn -0.000000 1.000000 0.000000
vn -0.000000 1.000000 0.000000
vn -0.000000 1.000000 0.000000
vn -0.000000 1.000000 0.000000
vn -0.000000 1.000000 0.000000
vn -0.000000 1.000000 0.000000
vn -0.000000 1.000000 0.000000
vn -0.000000 1.000000 0.000000
vn -0.000000 1.000000 0.000000
vn -0.000000 1.000000 0.000000
vn -0.000000 1.000000 0.000000
vn -0.000000 1.000000 0.000000
vn -0.025181 0.999669 0.005280
vn -0.025181 0.999669 0.005280
vn -0.038614 0.999157 0.013953
vn -0.038614 0.999157 0.013953
vn -0.034349 0.999206 0.020168
vn -0.034349 0.999206 0.020168
vn -0.032034 0.999217 0.023241
vn -0.032034 0.999217 0.023241
vn -0.031930 0.999214 0.023478
vn -0.031930 0.999214 0.023478
vn -0.031930 0.999214 0.023478
vn -0.031930 0.999214 0.023478
vn -0.031930 0.999214 0.023478
vn -0.031930 0.999214 0.023478
vn -0.031826 0.999214 0.023633
vn -0.031826 0.999214 0.023633
vn -0.031930 0.999214 0.023478
vn -0.031930 0.999214 0.023478
vn -0.031686 0.999213 0.023843
vn -0.031686 0.999213 0.023843
vn -0.031686 0.999213 0.023843
vn -0.031686 0.999213 0.023843
vn -0.031686 0.999213 0.023843
vn -0.031686 0.999213 0.023843
vn -0.031686 0.999213 0.023843
vn -0.031686 0.999213 0.023843
vn -0.031686 0.999213 0.023843
vn -0.031686 0.999213 0.023843
vn -0.031686 0.999213 0.023843
vn -0.031686 0.999213 0.023843
vn -0.031686 0.999213 0.023843
vn -0.031686 0.999213 0.023843
vn -0.031930 0.999214 0.023478
vn -0.031930 0.999214 0.023478
vn -0.032314 0.999215 0.022902
vn -0.032314 0.999215 0.022902
vn -0.032314 0.999215 0.022902
vn -0.032314 0.999215 0.022902
vn -0.032314 0.999215 0.022902
vn -0.032314 0.999215 0.022902
vn -0.032314 0.999215 0.022902
vn -0.032314 0.999215 0.022902
vn -0.032314 0.999215 0.022902
vn -0.032314 0.999215 0.022902
vn -0.026167 0.999498 0.017864
vn -0.026167 0.999498 0.017864
vn -0.026360 0.999498 0.017574
vn -0.026360 0.999498 0.017574
vn -0.026553 0.999498 0.017285
vn -0.026553 0.999498 0.017285
vn -0.026862 0.999498 0.016820
vn -0.026862 0.999498 0.016820
vn -0.027173 0.999497 0.016354
vn -0.027173 0.999497 0.016354
vn -0.027555 0.999496 0.015782
vn -0.027555 0.999496 0.015782
vn -0.027990 0.999494 0.015130
vn -0.027990 0.999494 0.015130
vn -0.028620 0.999490 0.014183
vn -0.028620 0.999490 0.014183
vn -0.021947 0.999710 0.009924
vn -0.021947 0.999710 0.009924
vn -0.015022 0.999869 0.006035
vn -0.015022 0.999869 0.006035
vn -0.016097 0.999860 0.004486
vn -0.016097 0.999860 0.004486
vn -0.008666 0.999962 0.001179
vn -0.008666 0.999962 0.001179
vn 0.000000 1.000000 0.000000
vn 0.000000 1.000000 0.000000
vn -0.000000 1.000000 0.000000
vn -0.000000 1.000000 0.000000
vn -0.008467 0.999956 -0.004085
vn -0.008467 0.999956 -0.004085
vn -0.014671 0.999847 -0.009550
vn -0.014671 0.999847 -0.009550
vn -0.012636 0.999862 -0.010794
vn -0.012636 0.999862 -0.010794
vn -0.012305 0.999864 -0.010996
vn -0.012305 0.999864 -0.010996
vn -0.010940 0.999870 -0.011831
vn -0.010940 0.999870 -0.011831
vn -0.016050 0.999710 -0.017961
vn -0.016050 0.999710 -0.017961
vn -0.015354 0.999713 -0.018387
vn -0.015354 0.999713 -0.018387
vn -0.014769 0.999715 -0.018745
vn -0.014769 0.999715 -0.018745
vn -0.014184 0.999717 -0.019102
vn -0.014184 0.999717 -0.019102
vn -0.013733 0.999718 -0.019377
vn -0.013733 0.999718 -0.019377
vn -0.013377 0.999718 -0.019595
vn -0.013377 0.999718 -0.019595
vn -0.012932 0.999719 -0.019867
vn -0.012932 0.999719 -0.019867
vn -0.012576 0.999719 -0.020084
vn -0.012576 0.999719 -0.020084
vn -0.012356 0.999719 -0.020219
vn -0.012356 0.999719 -0.020219
vn -0.012000 0.999719 -0.020437
vn -0.012000 0.999719 -0.020437
vn -0.011861 0.999719 -0.020522
vn -0.011861 0.999719 -0.020522
vn -0.011642 0.999719 -0.020655
vn -0.011642 0.999719 -0.020655
vn -0.011424 0.999719 -0.020788
vn -0.011424 0.999719 -0.020788
vn -0.011066 0.999718 -0.021007
vn -0.011066 0.999718 -0.021007
vn -0.010924 0.999718 -0.021094
vn -0.010924 0.999718 -0.021094
vn -0.010707 0.999717 -0.021227
vn -0.010707 0.999717 -0.021227
vn -0.007043 0.999874 -0.014212
vn -0.007043 0.999874 -0.014212
vn -0.006802 0.999874 -0.014359
vn -0.006802 0.999874 -0.014359
vn -0.006658 0.999874 -0.014447
vn -0.006658 0.999874 -0.014447
vn -0.006560 0.999873 -0.014507
vn -0.006560 0.999873 -0.014507
vn -0.006417 0.999873 -0.014595
vn -0.006417 0.999873 -0.014595
vn -0.002564 0.999967 -0.007692
vn -0.002564 0.999967 -0.007692
vn -0.000000 1.000000 0.000000
vn -0.000000 1.000000 0.000000
vn -0.000000 1.000000 0.000000
vn -0.000000 1.000000 0.000000
vn 0.000288 0.999959 -0.009083
vn 0.000288 0.999959 -0.009083
vn 0.002105 0.999966 -0.008027
vn 0.002105 0.999966 -0.008027
vn 0.002741 0.999967 -0.007584
vn 0.002741 0.999967 -0.007584
vn 0.007140 0.999874 -0.014154
vn 0.007140 0.999874 -0.014154
vn 0.007923 0.999875 -0.013708
vn 0.007923 0.999875 -0.013708
vn 0.007863 0.999875 -0.013729
vn 0.007863 0.999875 -0.013729
vn 0.008147 0.999875 -0.013537
vn 0.008147 0.999875 -0.013537
vn 0.008316 0.999875 -0.013482
vn 0.008316 0.999875 -0.013482
vn 0.008407 0.999875 -0.013425
vn 0.008407 0.999875 -0.013425
vn 0.008407 0.999875 -0.013425
vn 0.008407 0.999875 -0.013425
vn 0.012608 0.999718 -0.020135
vn 0.012608 0.999718 -0.020135
vn 0.012608 0.999718 -0.020135
vn 0.012608 0.999718 -0.020135
vn 0.012608 0.999718 -0.020135
vn 0.012608 0.999718 -0.020135
vn 0.012407 0.999717 -0.020303
vn 0.012407 0.999717 -0.020303
vn 0.012033 0.999717 -0.020494
vn 0.012033 0.999717 -0.020494
vn 0.015566 0.999497 -0.027617
vn 0.015566 0.999497 -0.027617
vn 0.013599 0.999495 -0.028708
vn 0.013599 0.999495 -0.028708
vn 0.014234 0.999486 -0.028722
vn 0.014234 0.999486 -0.028722
vn 0.010987 0.999477 -0.030405
vn 0.010987 0.999477 -0.030405
vn 0.012191 0.998755 -0.048371
vn 0.012191 0.998755 -0.048371
vn 0.008133 0.998177 -0.059802
vn 0.008133 0.998177 -0.059802
vn -0.006293 0.998118 -0.060996
vn -0.006293 0.998118 -0.060996
vn -0.015894 0.999005 -0.041678
vn -0.015894 0.999005 -0.041678
vn -0.021897 0.999148 -0.034970
vn -0.021897 0.999148 -0.034970
vn -0.023018 0.999166 -0.033716
vn -0.023018 0.999166 -0.033716
vn -0.017924 0.999460 -0.027535
vn -0.017924 0.999460 -0.027535
vn -0.019928 0.999481 -0.025294
vn -0.019928 0.999481 -0.025294
vn -0.014402 0.999704 -0.019587
vn -0.014402 0.999704 -0.019587
vn -0.015773 0.999713 -0.018053
vn -0.015773 0.999713 -0.018053
vn -0.015773 0.999713 -0.018053
vn -0.015773 0.999713 -0.018053
vn -0.016312 0.999715 -0.017450
vn -0.016312 0.999715 -0.017450
vn -0.016491 0.999715 -0.017250
vn -0.016491 0.999715 -0.017250
vn -0.016760 0.999716 -0.016949
vn -0.016760 0.999716 -0.016949
vn -0.016938 0.999716 -0.016750
vn -0.016938 0.999716 -0.016750
vn -0.011473 0.999874 -0.010968
vn -0.011473 0.999874 -0.010968
vn -0.011581 0.999876 -0.010709
vn -0.011581 0.999876 -0.010709
vn -0.011697 0.999876 -0.010577
vn -0.011697 0.999876 -0.010577
vn -0.011876 0.999876 -0.010376
vn -0.011876 0.999876 -0.010376
vn -0.011993 0.999876 -0.010244
vn -0.011993 0.999876 -0.010244
vn -0.012226 0.999875 -0.009980
vn -0.012226 0.999875 -0.009980
vn -0.012407 0.999875 -0.009775
vn -0.012407 0.999875 -0.009775
vn -0.012640 0.999875 -0.009511
vn -0.012640 0.999875 -0.009511
vn -0.012873 0.999874 -0.009248
vn -0.012873 0.999874 -0.009248
vn -0.006681 0.999968 -0.004349
vn -0.006681 0.999968 -0.004349
vn -0.006833 0.999968 -0.004176
vn -0.006833 0.999968 -0.004176
vn -0.007025 0.999968 -0.003960
vn -0.007025 0.999968 -0.003960
vn -0.007378 0.999967 -0.003560
vn -0.007378 0.999967 -0.003560
vn -0.000000 1.000000 0.000000
vn -0.000000 1.000000 0.000000
vn -0.000000 1.000000 0.000000
vn -0.000000 1.000000 0.000000
vn 0.000000 1.000000 0.000000
vn 0.000000 1.000000 0.000000
vn 0.000000 1.000000 0.000000
vn 0.000000 1.000000 0.000000
vn 0.000000 1.000000 0.000000
vn 0.000000 1.000000 0.000000
vn 0.000000 1.000000 0.000000
vn 0.000000 1.000000 0.000000
vn 0.000000 1.000000 0.000000
vn 0.000000 1.000000 0.000000
vn 0.000000 1.000000 0.000000
vn 0.000000 1.000000 0.000000
vn 0.000000 1.000000 0.000000
vn 0.000000 1.000000 0.000000
vn 0.000000 1.000000 0.000000
vn 0.000000 1.000000 0.000000
vn 0.000000 1.000000 0.000000
vn 0.000000 1.000000 0.000000
vn 0.021597 0.999719 -0.009766
vn 0.021597 0.999719 -0.009766
vn 0.028305 0.999501 -0.014027
vn 0.028305 0.999501 -0.014027
vn 0.028204 0.999501 -0.014227
vn 0.028204 0.999501 -0.014227
vn 0.035369 0.999215 -0.017841
vn 0.035369 0.999215 -0.017841
vn 0.035175 0.999215 -0.018216
vn 0.035175 0.999215 -0.018216
vn 0.035175 0.999215 -0.018216
vn 0.035175 0.999215 -0.018216
vn 0.063204 0.997464 -0.032730
vn 0.063204 0.997464 -0.032730
vn 0.063204 0.997464 -0.032730
vn 0.063204 0.997464 -0.032730
vn 0.063204 0.997464 -0.032730
vn 0.063204 0.997464 -0.032730
vn 0.077152 0.996218 -0.039954
vn 0.077152 0.996218 -0.039954
vn 0.120538 0.990845 -0.060802
vn 0.120538 0.990845 -0.060802
vn 0.120959 0.990846 -0.059944
vn 0.120959 0.990846 -0.059944
vn 0.113963 0.991878 -0.056477
vn 0.113963 0.991878 -0.056477
vn 0.092672 0.994692 -0.044710
vn 0.092672 0.994692 -0.044710
vn 0.056723 0.997994 -0.028111
vn 0.056723 0.997994 -0.028111
vn 0.021308 0.999717 -0.010560
vn 0.021308 0.999717 -0.010560
vn -0.021233 0.999719 0.010523
vn -0.021233 0.999719 0.010523
vn -0.056723 0.997980 0.028612
vn -0.056723 0.997980 0.028612
vn -0.056723 0.997980 0.028612
vn -0.056723 0.997980 0.028612
vn -0.077854 0.996191 0.039271
vn -0.077854 0.996191 0.039271
vn -0.085173 0.995439 0.042963
vn -0.085173 0.995439 0.042963
vn -0.092198 0.994654 0.046507
vn -0.092198 0.994654 0.046507
vn -0.092524 0.994654 0.045853
vn -0.092524 0.994654 0.045853
vn -0.064004 0.997445 0.031719
vn -0.064004 0.997445 0.031719
vn -0.049831 0.998452 0.024695
vn -0.049831 0.998452 0.024695
vn -0.042580 0.998870 0.021102
vn -0.042580 0.998870 0.021102
vn -0.035496 0.999215 0.017591
vn -0.035496 0.999215 0.017591
vn -0.035496 0.999215 0.017591
vn -0.035496 0.999215 0.017591
vn -0.021233 0.999719 0.010523
vn -0.021233 0.999719 0.010523
vn -0.014107 0.999875 0.007116
vn -0.014107 0.999875 0.007116
vn -0.014107 0.999875 0.007116
vn -0.014107 0.999875 0.007116
vn -0.014107 0.999875 0.007116
vn -0.014107 0.999875 0.007116
vn -0.014107 0.999875 0.007116
vn -0.014107 0.999875 0.007116
vn -0.014107 0.999875 0.007116
vn -0.014107 0.999875 0.007116
vn -0.014107 0.999875 0.007116
vn -0.014107 0.999875 0.007116
vn -0.014107 0.999875 0.007116
vn -0.014107 0.999875 0.007116
vn -0.014107 0.999875 0.007116
vn -0.014107 0.999875 0.007116
vn -0.014107 0.999875 0.007116
vn -0.014107 0.999875 0.007116
vn -0.014107 0.999875 0.007116
vn -0.014107 0.999875 0.007116
vn -0.014107 0.999875 0.007116
vn -0.014107 0.999875 0.007116
vn -0.014107 0.999875 0.007116
vn -0.014107 0.999875 0.007116
vn -0.014107 0.999875 0.007116
vn -0.014107 0.999875 0.007116
vn -0.014107 0.999875 0.007116
vn -0.014107 0.999875 0.007116
vn -0.021308 0.999717 0.010560
vn -0.021308 0.999717 0.010560
vn -0.071073 0.996849 0.035222
vn -0.071073 0.996849 0.035222
vn -0.092672 0.994692 0.044710
vn -0.092672 0.994692 0.044710
vn -0.106742 0.992952 0.051498
vn -0.106742 0.992952 0.051498
vn -0.113748 0.991993 0.054879
vn -0.113748 0.991993 0.054879
vn -0.113748 0.991993 0.054879
vn -0.113748 0.991993 0.054879
vn -0.113748 0.991993 0.054879
vn -0.113748 0.991993 0.054879
vn -0.113748 0.991993 0.054879
vn -0.113748 0.991993 0.054879
vn -0.120734 0.990975 0.058249
vn -0.120734 0.990975 0.058249
vn -0.120734 0.990975 0.058249
vn -0.120734 0.990975 0.058249
vn -0.120734 0.990975 0.058249
vn -0.120734 0.990975 0.058249
vn -0.113748 0.991993 0.054879
vn -0.113748 0.991993 0.054879
vn -0.106742 0.992952 0.051498
vn -0.106742 0.992952 0.051498
vn -0.049917 0.998463 0.024083
vn -0.049917 0.998463 0.024083
vn 0.000000 1.000000 0.000000
vn 0.000000 1.000000 0.000000
vn 0.000000 1.000000 0.000000
vn 0.000000 1.000000 0.000000
vn 0.000000 1.000000 0.000000
vn 0.000000 1.000000 0.000000
vn 0.000000 1.000000 0.000000
vn 0.000000 1.000000 0.000000
vn 0.000000 1.000000 0.000000
vn 0.000000 1.000000 0.000000
vn 0.000000 1.000000 0.000000
vn 0.000000 1.000000 0.000000
vn 0.000000 1.000000 0.000000
vn 0.000000 1.000000 0.000000
vn 0.000000 1.000000 0.000000
vn 0.000000 1.000000 0.000000
vn 0.000000 1.000000 0.000000
vn 0.000000 1.000000 0.000000
vn 0.000000 1.000000 0.000000
vn 0.000000 1.000000 0.000000
vn 0.000000 1.000000 0.000000
vn 0.000000 1.000000 0.000000
vn 0.000000 1.000000 0.000000
vn 0.000000 1.000000 0.000000
vn 0.000000 1.000000 0.000000
vn 0.000000 1.000000 0.000000
vn 0.000000 1.000000 0.000000
vn 0.000000 1.000000 0.000000
vn 0.000000 1.000000 0.000000
vn 0.000000 1.000000 0.000000
vn 0.000000 1.000000 0.000000
vn 0.000000 1.000000 0.000000
vn 0.000000 1.000000 0.000000
vn 0.000000 1.000000 0.000000
vn 0.014107 0.999875 -0.007116
vn 0.014107 0.999875 -0.007116
vn 0.035495 0.999209 -0.017905
vn 0.035495 0.999209 -0.017905
vn 0.056211 0.997995 -0.029109
vn 0.056211 0.997995 -0.029109
vn 0.056211 0.997995 -0.029109
vn 0.056211 0.997995 -0.029109
vn 0.077433 0.996191 -0.040099
vn 0.077433 0.996191 -0.040099
vn 0.084870 0.995472 -0.042811
vn 0.084870 0.995472 -0.042811
vn 0.099205 0.993808 -0.050042
vn 0.099205 0.993808 -0.050042
vn 0.099557 0.993808 -0.049338
vn 0.099557 0.993808 -0.049338
vn 0.077854 0.996191 -0.039271
vn 0.077854 0.996191 -0.039271
vn 0.063552 0.997464 -0.032057
vn 0.063552 0.997464 -0.032057
vn 0.049208 0.998463 -0.025483
vn 0.049208 0.998463 -0.025483
vn 0.035175 0.999215 -0.018216
vn 0.035175 0.999215 -0.018216
vn 0.014079 0.999874 -0.007291
vn 0.014079 0.999874 -0.007291
vn -0.007054 0.999969 0.003558
vn -0.007054 0.999969 0.003558
vn -0.056324 0.998008 0.028411
vn -0.056324 0.998008 0.028411
vn -0.084870 0.995472 0.042811
vn -0.084870 0.995472 0.042811
vn -0.091871 0.994692 0.046342
vn -0.091871 0.994692 0.046342
vn -0.105819 0.992952 0.053378
vn -0.105819 0.992952 0.053378
vn -0.113164 0.991935 0.057083
vn -0.113164 0.991935 0.057083
vn -0.113164 0.991935 0.057083
vn -0.113164 0.991935 0.057083
vn -0.113164 0.991935 0.057083
vn -0.113164 0.991935 0.057083
vn -0.113565 0.991935 0.056280
vn -0.113565 0.991935 0.056280
vn -0.099557 0.993808 0.049338
vn -0.099557 0.993808 0.049338
vn -0.084870 0.995472 0.042811
vn -0.084870 0.995472 0.042811
vn -0.063552 0.997464 0.032057
vn -0.063552 0.997464 0.032057
vn -0.035047 0.999221 0.018149
vn -0.035047 0.999221 0.018149
vn -0.014079 0.999874 0.007291
vn -0.014079 0.999874 0.007291
vn -0.007016 0.999969 0.003634
vn -0.007016 0.999969 0.003634
vn -0.007104 0.999969 0.003521
vn -0.007104 0.999969 0.003521
vn -0.007164 0.999969 0.003394
vn -0.007164 0.999969 0.003394
vn 0.000000 1.000000 0.000000
vn 0.000000 1.000000 0.000000
vn 0.000000 1.000000 0.000000
vn 0.000000 1.000000 0.000000
vn 0.000000 1.000000 0.000000
vn 0.000000 1.000000 0.000000
vn 0.000000 1.000000 0.000000
vn 0.000000 1.000000 0.000000
vn 0.000000 1.000000 0.000000
vn 0.000000 1.000000 0.000000
vn 0.000000 1.000000 0.000000
vn 0.000000 1.000000 0.000000
vn 0.000000 1.000000 0.000000
vn 0.000000 1.000000 0.000000
vn 0.000000 1.000000 0.000000
vn 0.000000 1.000000 0.000000
vn 0.000000 1.000000 0.000000
vn 0.000000 1.000000 0.000000
vn 0.000000 1.000000 0.000000
vn 0.000000 1.000000 0.000000
vn 0.000000 1.000000 0.000000
vn 0.000000 1.000000 0.000000
vn -0.000000 1.000000 0.000000
vn -0.000000 1.000000 0.000000
vn -0.000000 1.000000 0.000000
vn -0.000000 1.000000 0.000000
vn -0.007744 0.999969 -0.001624
vn -0.007744 0.999969 -0.001624
vn -0.007520 0.999969 -0.002444
vn -0.007520 0.999969 -0.002444
vn -0.007347 0.999969 -0.002864
vn -0.007347 0.999969 -0.002864
vn -0.007277 0.999969 -0.003137
vn -0.007277 0.999969 -0.003137
vn -0.007165 0.999969 -0.003331
vn -0.007165 0.999969 -0.003331
vn -0.014158 0.999875 -0.007016
vn -0.014158 0.999875 -0.007016
vn -0.014028 0.999875 -0.007265
vn -0.014028 0.999875 -0.007265
vn -0.013976 0.999875 -0.007363
vn -0.013976 0.999875 -0.007363
vn -0.013934 0.999875 -0.007532
vn -0.013934 0.999875 -0.007532
vn -0.013797 0.999875 -0.007776
vn -0.013797 0.999875 -0.007776
vn -0.013729 0.999875 -0.007863
vn -0.013729 0.999875 -0.007863
vn -0.013681 0.999874 -0.008033
vn -0.013681 0.999874 -0.008033
vn -0.013593 0.999874 -0.008181
vn -0.013593 0.999874 -0.008181
vn -0.013593 0.999874 -0.008181
vn -0.013593 0.999874 -0.008181
vn -0.013593 0.999874 -0.008181
vn -0.013593 0.999874 -0.008181
vn -0.013573 0.999874 -0.008295
vn -0.013573 0.999874 -0.008295
vn -0.013369 0.999876 -0.008371
vn -0.013369 0.999876 -0.008371
vn -0.013313 0.999876 -0.008460
vn -0.013313 0.999876 -0.008460
vn -0.013313 0.999876 -0.008460
vn -0.013313 0.999876 -0.008460
vn -0.013313 0.999876 -0.008460
vn -0.013313 0.999876 -0.008460
vn -0.013308 0.999875 -0.008537
vn -0.013308 0.999875 -0.008537
vn -0.013282 0.999874 -0.008646
vn -0.013282 0.999874 -0.008646
vn -0.013185 0.999874 -0.008790
vn -0.013185 0.999874 -0.008790
vn -0.013185 0.999874 -0.008790
vn -0.013185 0.999874 -0.008790
vn -0.013185 0.999874 -0.008790
vn -0.013185 0.999874 -0.008790
vn -0.006608 0.999969 -0.004405
vn -0.006608 0.999969 -0.004405
vn -0.006558 0.999968 -0.004477
vn -0.006558 0.999968 -0.004477
vn -0.006558 0.999968 -0.004477
vn -0.006558 0.999968 -0.004477
vn -0.006529 0.999969 -0.004457
vn -0.006529 0.999969 -0.004457
vn -0.006492 0.999969 -0.004538
vn -0.006492 0.999969 -0.004538
vn -0.006462 0.999969 -0.004580
vn -0.006462 0.999969 -0.004580
vn -0.000000 1.000000 0.000000
vn -0.000000 1.000000 0.000000
vn -0.000000 1.000000 0.000000
vn -0.000000 1.000000 0.000000
vn -0.006217 0.999968 -0.004961
vn -0.006217 0.999968 -0.004961
vn -0.005970 0.999969 -0.005162
vn -0.005970 0.999969 -0.005162
vn -0.011362 0.999875 -0.010988
vn -0.011362 0.999875 -0.010988
vn -0.010398 0.999875 -0.011902
vn -0.010398 0.999875 -0.011902
vn -0.009049 0.999874 -0.013070
vn -0.009049 0.999874 -0.013070
vn -0.003532 0.999968 -0.007128
vn -0.003532 0.999968 -0.007128
vn -0.000000 1.000000 0.000000
vn -0.000000 1.000000 0.000000
vn -0.002495 0.999875 -0.015594
vn -0.002495 0.999875 -0.015594
vn -0.001742 0.999876 -0.015677
vn -0.001742 0.999876 -0.015677
vn -0.001742 0.999876 -0.015677
vn -0.001742 0.999876 -0.015677
vn -0.001742 0.999876 -0.015677
vn -0.001742 0.999876 -0.015677
vn -0.001742 0.999876 -0.015677
vn -0.001742 0.999876 -0.015677
vn -0.001742 0.999876 -0.015677
vn -0.001742 0.999876 -0.015677
vn -0.001742 0.999876 -0.015677
vn -0.001742 0.999876 -0.015677
vn -0.001742 0.999876 -0.015677
vn -0.001742 0.999876 -0.015677
vn -0.001742 0.999876 -0.015677
vn -0.001742 0.999876 -0.015677
vn -0.001742 0.999876 -0.015677
vn -0.001742 0.999876 -0.015677
vn -0.001742 0.999876 -0.015677
vn -0.001742 0.999876 -0.015677
vn -0.001742 0.999876 -0.015677
vn -0.001742 0.999876 -0.015677
vn -0.001742 0.999876 -0.015677
vn -0.001742 0.999876 -0.015677
vn -0.001742 0.999876 -0.015677
vn -0.001742 0.999876 -0.015677
vn -0.001742 0.999876 -0.015677
vn -0.001742 0.999876 -0.015677
vn -0.001742 0.999876 -0.015677
vn -0.001742 0.999876 -0.015677
vn -0.001743 0.999875 -0.015691
vn -0.001743 0.999875 -0.015691
vn -0.001620 0.999875 -0.015704
vn -0.001620 0.999875 -0.015704
vn -0.001620 0.999875 -0.015704
vn -0.001620 0.999875 -0.015704
vn -0.001620 0.999875 -0.015704
vn -0.001620 0.999875 -0.015704
vn -0.001620 0.999875 -0.015704
vn -0.001620 0.999875 -0.015704
vn -0.001620 0.999875 -0.015704
vn -0.001620 0.999875 -0.015704
vn -0.001620 0.999875 -0.015704
vn -0.001620 0.999875 -0.015704
vn -0.001620 0.999875 -0.015704
vn -0.001620 0.999875 -0.015704
vn -0.001620 0.999875 -0.015704
vn -0.001620 0.999875 -0.015704
vn -0.001620 0.999875 -0.015704
vn -0.001620 0.999875 -0.015704
vn -0.001620 0.999875 -0.015704
vn -0.001620 0.999875 -0.015704
vn -0.001499 0.999875 -0.015740
vn -0.001499 0.999875 -0.015740
vn -0.001375 0.999875 -0.015751
vn -0.001375 0.999875 -0.015751
vn -0.001375 0.999875 -0.015751
vn -0.001375 0.999875 -0.015751
vn -0.001375 0.999875 -0.015751
vn -0.001375 0.999875 -0.015751
vn -0.001253 0.999875 -0.015782
vn -0.001253 0.999875 -0.015782
vn -0.000502 0.999969 -0.007908
vn -0.000502 0.999969 -0.007908
vn -0.000000 1.000000 0.000000
vn -0.000000 1.000000 0.000000
vn 0.000000 1.000000 -0.000000
vn 0.000000 1.000000 -0.000000
vn 0.000000 1.000000 -0.000000
vn 0.000000 1.000000 -0.000000
vn 0.000000 1.000000 -0.000000
vn 0.000000 1.000000 -0.000000
vn 0.000000 1.000000 -0.000000
vn 0.000000 1.000000 -0.000000
vn 0.000000 1.000000 -0.000000
vn 0.000000 1.000000 -0.000000
vn 0.000000 1.000000 -0.000000
vn 0.000000 1.000000 -0.000000
vn 0.000000 1.000000 -0.000000
vn 0.000000 1.000000 -0.000000
vn 0.000000 1.000000 -0.000000
vn 0.000000 1.000000 -0.000000
vn 0.000000 1.000000 -0.000000
vn 0.000000 1.000000 -0.000000
vn 0.000000 1.000000 -0.000000
vn 0.000000 1.000000 -0.000000
vn 0.000000 1.000000 -0.000000
vn 0.000000 1.000000 -0.000000
vn 0.000000 1.000000 -0.000000
vn 0.000000 1.000000 -0.000000
vn 0.000000 1.000000 -0.000000
vn 0.000000 1.000000 -0.000000
vn 0.000000 1.000000 -0.000000
vn 0.000000 1.000000 -0.000000
vn 0.000000 1.000000 -0.000000
vn 0.000000 1.000000 -0.000000
vn 0.000000 1.000000 -0.000000
vn 0.000000 1.000000 -0.000000
vn 0.000000 1.000000 -0.000000
vn 0.000000 1.000000 -0.000000
vn 0.000000 1.000000 -0.000000
vn 0.000000 1.000000 -0.000000
vn 0.000000 1.000000 -0.000000
vn 0.000000 1.000000 -0.000000
vn 0.000000 1.000000 -0.000000
vn 0.000000 1.000000 -0.000000
vn 0.000000 1.000000 -0.000000
vn 0.000000 1.000000 -0.000000
vn 0.000000 1.000000 -0.000000
vn 0.000000 1.000000 -0.000000
vn 0.000000 1.000000 -0.000000
vn 0.000000 1.000000 -0.000000
vn 0.000000 1.000000 -0.000000
vn 0.000000 1.000000 -0.000000
vn 0.000000 1.000000 -0.000000
vn 0.000000 1.000000 -0.000000
vn 0.000000 1.000000 -0.000000
vn 0.000000 1.000000 -0.000000
vn 0.000000 1.000000 -0.000000
vn 0.000000 1.000000 -0.000000
vn 0.000000 1.000000 -0.000000
vn 0.000000 1.000000 -0.000000
vn 0.000000 1.000000 -0.000000
vn 0.000000 1.000000 -0.000000
vn 0.000000 1.000000 -0.000000
vn 0.000000 1.000000 -0.000000
vn 0.000000 1.000000 -0.000000
vn 0.000000 1.000000 -0.000000
vn 0.000000 1.000000 -0.000000
vn 0.000000 1.000000 -0.000000
vn 0.000000 1.000000 -0.000000
vn 0.000000 1.000000 -0.000000
vn 0.000000 1.000000 -0.000000
vn 0.000000 1.000000 -0.000000
vn 0.000000 1.000000 -0.000000
vn 0.000000 1.000000 -0.000000
vn 0.000000 1.000000 -0.000000
vn 0.000000 1.000000 -0.000000
vn 0.000000 1.000000 -0.000000
vn 0.000000 1.000000 -0.000000
vn 0.000000 1.000000 -0.000000
vn 0.000000 1.000000 -0.000000
vn 0.000000 1.000000 -0.000000
vn 0.000000 1.000000 -0.000000
vn 0.000000 1.000000 -0.000000
vn 0.000000 1.000000 -0.000000
vn 0.000000 1.000000 -0.000000
vn 0.000000 1.000000 -0.000000
vn 0.000000 1.000000 -0.000000
vn 0.000000 1.000000 -0.000000
vn 0.000000 1.000000 -0.000000
vn 0.000000 1.000000 -0.000000
vn 0.000000 1.000000 -0.000000
vn 0.000000 1.000000 -0.000000
vn 0.000000 1.000000 -0.000000
vn 0.000000 1.000000 -0.000000
vn 0.000000 1.000000 -0.000000
vn 0.000000 1.000000 -0.000000
vn 0.000000 1.000000 -0.000000
vn 0.000000 1.000000 -0.000000
vn 0.000000 1.000000 -0.000000
vn 0.000000 1.000000 -0.000000
vn 0.000000 1.000000 -0.000000
vn 0.000000 1.000000 -0.000000
vn 0.000000 1.000000 -0.000000
vn 0.000000 1.000000 -0.000000
vn 0.000000 1.000000 -0.000000
vn 0.000000 1.000000 -0.000000
vn 0.000000 1.000000 -0.000000
vn 0.000000 1.000000 -0.000000
vn 0.000000 1.000000 -0.000000
vn 0.000000 1.000000 -0.000000
vn 0.000000 1.000000 -0.000000
vn 0.000000 1.000000 -0.000000
vn 0.000000 1.000000 -0.000000
vn 0.000000 1.000000 -0.000000
vn 0.000000 1.000000 -0.000000
vn 0.000000 1.000000 -0.000000
vn 0.000000 1.000000 -0.000000
vn 0.000000 1.000000 -0.000000
vn 0.000000 1.000000 -0.000000
vn 0.000000 1.000000 -0.000000
vn 0.000000 1.000000 -0.000000
vn 0.000000 1.000000 -0.000000
vn 0.000000 1.000000 -0.000000
vn 0.000000 1.000000 -0.000000
vn 0.000000 1.000000 -0.000000
vn 0.000000 1.000000 -0.000000
vn 0.000000 1.000000 -0.000000
vn 0.000000 1.000000 -0.000000
vn 0.000000 1.000000 -0.000000
vn 0.000000 1.000000 -0.000000
vn 0.000000 1.000000 -0.000000
vn 0.000000 1.000000 -0.000000
vn 0.000000 1.000000 -0.000000
vn 0.000000 1.000000 -0.000000
vn 0.000000 1.000000 -0.000000
vn 0.000000 1.000000 -0.000000
vn 0.000000 1.000000 -0.000000
vn 0.000000 1.000000 -0.000000
vn 0.000000 1.000000 -0.000000
vn 0.000000 1.000000 -0.000000
vn 0.000000 1.000000 -0.000000
vn 0.000000 1.000000 -0.000000
vn 0.000000 1.000000 -0.000000
vn 0.000000 1.000000 -0.000000
vn 0.000000 1.000000 -0.000000
vn 0.000000 1.000000 -0.000000
vn 0.000000 1.000000 -0.000000
vn 0.000000 1.000000 -0.000000
vn 0.000000 1.000000 -0.000000
vn 0.000000 1.000000 -0.000000
vn 0.000000 1.000000 -0.000000
vn 0.000000 1.000000 -0.000000
vn 0.000000 1.000000 -0.000000
vn 0.000000 1.000000 -0.000000
vn 0.000000 1.000000 -0.000000
vn 0.000000 1.000000 -0.000000
vn 0.000000 1.000000 -0.000000
vn 0.000000 1.000000 -0.000000
vn 0.000000 1.000000 -0.000000
vn 0.000000 1.000000 -0.000000
vn 0.000000 1.000000 -0.000000
vn 0.000000 1.000000 -0.000000
vn 0.000000 1.000000 -0.000000
vn 0.000000 1.000000 -0.000000
vn 0.000000 1.000000 -0.000000
vn 0.000000 1.000000 -0.000000
vn 0.000000 1.000000 -0.000000
vn 0.000000 1.000000 -0.000000
vn 0.000000 1.000000 -0.000000
vn 0.000000 1.000000 -0.000000
vn 0.000000 1.000000 -0.000000
vn 0.000000 1.000000 -0.000000
vn 0.000000 1.000000 -0.000000
vn 0.000000 1.000000 -0.000000
vn 0.000000 1.000000 -0.000000
vn 0.000000 1.000000 -0.000000
vn 0.000000 1.000000 -0.000000
vn 0.000000 1.000000 -0.000000
vn 0.000000 1.000000 -0.000000
vn 0.000000 1.000000 -0.000000
vn 0.000000 1.000000 -0.000000
vn 0.000000 1.000000 -0.000000
vn 0.000000 1.000000 -0.000000
vn 0.000000 1.000000 -0.000000
vn 0.000000 1.000000 -0.000000
vn 0.000000 1.000000 -0.000000
vn 0.000000 1.000000 -0.000000
vn 0.000000 1.000000 -0.000000
vn 0.000000 1.000000 -0.000000
vn 0.000000 1.000000 -0.000000
vn 0.000000 1.000000 -0.000000
vn 0.000000 1.000000 -0.000000
vn 0.000000 1.000000 -0.000000
vn 0.000000 1.000000 -0.000000
vn 0.000000 1.000000 -0.000000
vn 0.000000 1.000000 -0.000000
vn 0.000000 1.000000 -0.000000
vn 0.000000 1.000000 -0.000000
vn 0.000000 1.000000 -0.000000
vn 0.000000 1.000000 -0.000000
vn 0.000000 1.000000 -0.000000
vn 0.000000 1.000000 -0.000000
vn 0.000000 1.000000 -0.000000
vn 0.000000 1.000000 -0.000000
vn 0.000000 1.000000 -0.000000
vn 0.000000 1.000000 -0.000000
vn 0.000000 1.000000 -0.000000
vn 0.000000 1.000000 -0.000000
vn 0.000000 1.000000 -0.000000
vn 0.000000 1.000000 -0.000000
vn 0.000000 1.000000 -0.000000
vn 0.000000 1.000000 -0.000000
vn 0.000000 1.000000 -0.000000
vn 0.000000 1.000000 -0.000000
vn 0.000000 1.000000 -0.000000
vn 0.000000 1.000000 -0.000000
vn 0.000000 1.000000 0.000000
vn 0.000000 1.000000 0.000000
vn 0.000000 1.000000 0.000000
vn 0.000000 1.000000 0.000000
vn 0.000000 1.000000 0.000000
vn 0.000000 1.000000 0.000000
vn 0.000000 1.000000 0.000000
vn 0.000000 1.000000 0.000000
vn 0.000000 1.000000 0.000000
vn 0.000000 1.000000 0.000000
vn 0.000000 1.000000 0.000000
vn 0.000000 1.000000 0.000000
vn 0.000000 1.000000 0.000000
vn 0.000000 1.000000 0.000000
vn 0.000000 1.000000 0.000000
vn 0.000000 1.000000 0.000000
vn 0.000000 0.000000 0.000000
vn 0.000000 0.000000 0.000000
vn 0.000000 0.000000 0.000000
vn 0.000000 0.000000 0.000000
vn 0.000000 0.000000 0.000000
vn 0.000000 0.000000 0.000000
vn 0.000000 0.000000 0.000000
vn 0.000000 0.000000 0.000000
vn 577.000000 470.939270 0.000000
vn 577.000000 470.939270 0.000000
vn nan nan nan
vn nan nan nan
vn nan nan nan
vn nan nan nan
vn nan nan nan
vn nan nan nan
vn nan nan nan
vn nan nan nan
vn nan nan nan
vn nan nan nan
vn nan nan nan
vn nan nan nan
vn nan nan nan
vn nan nan nan
vn nan nan nan
vn nan nan nan
vn nan nan nan
vn nan nan nan
vn nan nan nan
vn nan nan nan
vn nan nan nan
vn nan nan nan
vn nan nan nan
vn nan nan nan
vn nan nan nan
vn nan nan nan
vn nan nan nan
vn nan nan nan
vn 0.000000 0.000000 0.000000
vn 0.000000 0.000000 0.000000
vn 0.000000 0.000000 0.000000
vn 0.000000 0.000000 0.000000
vn 0.000000 0.000000 0.000000
vn 0.000000 0.000000 0.000000
vn 0.000000 0.000000 0.000000
vn 0.000000 0.000000 0.000000
vn 0.000000 0.000000 0.000000
vn 0.000000 0.000000 0.000000
vn 0.000000 0.000000 0.000000
vn 0.000000 0.000000 0.000000
vn 1.000000 610.006165 344.489990
vn 1.000000 610.006165 344.489990
vn nan nan nan
vn nan nan nan
vn nan nan nan
vn nan nan nan
vn nan nan nan
vn nan nan nan
vn nan nan nan
vn nan nan nan
vn nan nan nan
vn nan nan nan
vn nan nan nan
vn nan nan nan
vn nan nan nan
vn nan nan nan
vn nan nan nan
vn nan nan nan
vn nan nan nan
vn nan nan nan
vn nan nan nan
vn nan nan nan
f 1/1/1 3/3/3 2/2/2
f 2/2/2 3/3/3 4/4/4
f 3/3/3 5/5/5 4/4/4
f 4/4/4 5/5/5 6/6/6
f 5/5/5 7/7/7 6/6/6
f 6/6/6 7/7/7 8/8/8
f 7/7/7 9/9/9 8/8/8
f 8/8/8 9/9/9 10/10/10
f 9/9/9 11/11/11 10/10/10
f 10/10/10 11/11/11 12/12/12
f 11/11/11 13/13/13 12/12/12
f 12/12/12 13/13/13 14/14/14
f 13/13/13 15/15/15 14/14/14
f 14/14/14 15/15/15 16/16/16
f 15/15/15 17/17/17 16/16/16
f 16/16/16 17/17/17 18/18/18
f 17/17/17 19/19/19 18/18/18
f 18/18/18 19/19/19 20/20/20
f 19/19/19 21/21/21 20/20/20
f 20/20/20 21/21/21 22/22/22
f 21/21/21 23/23/23 22/22/22
f 22/22/22 23/23/23 24/24/24
f 23/23/23 25/25/25 24/24/24
f 24/24/24 25/25/25 26/26/26
f 25/25/25 27/27/27 26/26/26
f 26/26/26 27/27/27 28/28/28
f 27/27/27 29/29/29 28/28/28
f 28/28/28 29/29/29 30/30/30
f 29/29/29 31/31/31 30/30/30
f 30/30/30 31/31/31 32/32/32
f 31/31/31 33/33/33 32/32/32
f 32/32/32 33/33/33 34/34/34
f 33/33/33 35/35/35 34/34/34
f 34/34/34 35/35/35 36/36/36
f 35/35/35 37/37/37 36/36/36
f 36/36/36 37/37/37 38/38/38
f 37/37/37 39/39/39 38/38/38
f 38/38/38 39/39/39 40/40/40
f 39/39/39 41/41/41 40/40/40
f 40/40/40 41/41/41 42/42/42
f 41/41/41 43/43/43 42/42/42
f 42/42/42 43/43/43 44/44/44
f 43/43/43 45/45/45 44/44/44
f 44/44/44 45/45/45 46/46/46
f 45/45/45 47/47/47 46/46/46
f 46/46/46 47/47/47 48/48/48
f 47/47/47 49/49/49 48/48/48
f 48/48/48 49/49/49 50/50/50
f 49/49/49 51/51/51 50/50/50
f 50/50/50 51/51/51 52/52/52
f 51/51/51 53/53/53 52/52/52
f 52/52/52 53/53/53 54/54/54
f 53/53/53 55/55/55 54/54/54
f 54/54/54 55/55/55 56/56/56
f 55/55/55 57/57/57 56/56/56
f 56/56/56 57/57/57 58/58/58
f 57/57/57 59/59/59 58/58/58
f 58/58/58 59/59/59 60/60/60
f 59/59/59 61/61/61 60/60/60
f 60/60/60 61/61/61 62/62/62
f 61/61/61 63/63/63 62/62/62
f 62/62/62 63/63/63 64/64/64
f 63/63/63 65/65/65 64/64/64
f 64/64/64 65/65/65 66/66/66
f 65/65/65 67/67/67 66/66/66
f 66/66/66 67/67/67 68/68/68
f 67/67/67 69/69/69 68/68/68
f 68/68/68 69/69/69 70/70/70
f 69/69/69 71/71/71 70/70/70
f 70/70/70 71/71/71 72/72/72
f 71/71/71 73/73/73 72/72/72
f 72/72/72 73/73/73 74/74/74
f 73/73/73 75/75/75 74/74/74
f 74/74/74 75/75/75 76/76/76
f 75/75/75 77/77/77 76/76/76
f 76/76/76 77/77/77 78/78/78
f 77/77/77 79/79/79 78/78/78
f 78/78/78 79/79/79 80/80/80
f 79/79/79 81/81/81 80/80/80
f 80/80/80 81/81/81 82/82/82
f 81/81/81 83/83/83 82/82/82
f 82/82/82 83/83/83 84/84/84
f 83/83/83 85/85/85 84/84/84
f 84/84/84 85/85/85 86/86/86
f 85/85/85 87/87/87 86/86/86
f 86/86/86 87/87/87 88/88/88
f 87/87/87 89/89/89 88/88/88
f 88/88/88 89/89/89 90/90/90
f 89/89/89 91/91/91 90/90/90
f 90/90/90 91/91/91 92/92/92
f 91/91/91 93/93/93 92/92/92
f 92/92/92 93/93/93 94/94/94
f 93/93/93 95/95/95 94/94/94
f 94/94/94 95/95/95 96/96/96
f 95/95/95 97/97/97 96/96/96
f 96/96/96 97/97/97 98/98/98
f 97/97/97 99/99/99 98/98/98
f 98/98/98 99/99/99 100/100/100
f 99/99/99 101/101/101 100/100/100
f 100/100/100 101/101/101 102/102/102
f 101/101/101 103/103/103 102/102/102
f 102/102/102 103/103/103 104/104/104
f 103/103/103 105/105/105 104/104/104
f 104/104/104 105/105/105 106/106/106
f 105/105/105 107/107/107 106/106/106
f 106/106/106 107/107/107 108/108/108
f 107/107/107 109/109/109 108/108/108
f 108/108/108 109/109/109 110/110/110
f 109/109/109 111/111/111 110/110/110
f 110/110/110 111/111/111 112/112/112
f 111/111/111 113/113/113 112/112/112
f 112/112/112 113/113/113 114/114/114
f 113/113/113 115/115/115 114/114/114
f 114/114/114 115/115/115 116/116/116
f 115/115/115 117/117/117 116/116/116
f 116/116/116 117/117/117 118/118/118
f 117/117/117 119/119/119 118/118/118
f 118/118/118 119/119/119 120/120/120
f 119/119/119 121/121/121 120/120/120
f 120/120/120 121/121/121 122/122/122
f 121/121/121 123/123/123 122/122/122
f 122/122/122 123/123/123 124/124/124
f 123/123/123 125/125/125 124/124/124
f 124/124/124 125/125/125 126/126/126
f 125/125/125 127/127/127 126/126/126
f 126/126/126 127/127/127 128/128/128
f 127/127/127 129/129/129 128/128/128
f 128/128/128 129/129/129 130/130/130
f 129/129/129 131/131/131 130/130/130
f 130/130/130 131/131/131 132/132/132
f 131/131/131 133/133/133 132/132/132
f 132/132/132 133/133/133 134/134/134
f 133/133/133 135/135/135 134/134/134
f 134/134/134 135/135/135 136/136/136
f 135/135/135 137/137/137 136/136/136
f 136/136/136 137/137/137 138/138/138
f 137/137/137 139/139/139 138/138/138
f 138/138/138 139/139/139 140/140/140
f 139/139/139 141/141/141 140/140/140
f 140/140/140 141/141/141 142/142/142
f 141/141/141 143/143/143 142/142/142
f 142/142/142 143/143/143 144/144/144
f 143/143/143 145/145/145 144/144/144
f 144/144/144 145/145/145 146/146/146
f 145/145/145 147/147/147 146/146/146
f 146/146/146 147/147/147 148/148/148
f 147/147/147 149/149/149 148/148/148
f 148/148/148 149/149/149 150/150/150
f 149/149/149 151/151/151 150/150/150
f 150/150/150 151/151/151 152/152/152
f 151/151/151 153/153/153 152/152/152
f 152/152/152 153/153/153 154/154/154
f 153/153/153 155/155/155 154/154/154
f 154/154/154 155/155/155 156/156/156
f 155/155/155 157/157/157 156/156/156
f 156/156/156 157/157/157 158/158/158
f 157/157/157 159/159/159 158/158/158
f 158/158/158 159/159/159 160/160/160
f 159/159/159 161/161/161 160/160/160
f 160/160/160 161/161/161 162/162/162
f 161/161/161 163/163/163 162/162/162
f 162/162/162 163/163/163 164/164/164
f 163/163/163 165/165/165 164/164/164
f 164/164/164 165/165/165 166/166/166
f 165/165/165 167/167/167 166/166/166
f 166/166/166 167/167/167 168/168/168
f 167/167/167 169/169/169 168/168/168
f 168/168/168 169/169/169 170/170/170
f 169/169/169 171/171/171 170/170/170
f 170/170/170 171/171/171 172/172/172
f 171/171/171 173/173/173 172/172/172
f 172/172/172 173/173/173 174/174/174
f 173/173/173 175/175/175 174/174/174
f 174/174/174 175/175/175 176/176/176
f 175/175/175 177/177/177 176/176/176
f 176/176/176 177/177/177 178/178/178
f 177/177/177 179/179/179 178/178/178
f 178/178/178 179/179/179 180/180/180
f 179/179/179 181/181/181 180/180/180
f 180/180/180 181/181/181 182/182/182
f 181/181/181 183/183/183 182/182/182
f 182/182/182 183/183/183 184/184/184
f 183/183/183 185/185/185 184/184/184
f 184/184/184 185/185/185 186/186/186
f 185/185/185 187/187/187 186/186/186
f 186/186/186 187/187/187 188/188/188
f 187/187/187 189/189/189 188/188/188
f 188/188/188 189/189/189 190/190/190
f 189/189/189 191/191/191 190/190/190
f 190/190/190 191/191/191 192/192/192
f 191/191/191 193/193/193 192/192/192
f 192/192/192 193/193/193 194/194/194
f 193/193/193 195/195/195 194/194/194
f 194/194/194 195/195/195 196/196/196
f 195/195/195 197/197/197 196/196/196
f 196/196/196 197/197/197 198/198/198
f 197/197/197 199/199/199 198/198/198
f 198/198/198 199/199/199 200/200/200
f 199/199/199 201/201/201 200/200/200
f 200/200/200 201/201/201 202/202/202
f 201/201/201 203/203/203 202/202/202
f 202/202/202 203/203/203 204/204/204
f 203/203/203 205/205/205 204/204/204
f 204/204/204 205/205/205 206/206/206
f 205/205/205 207/207/207 206/206/206
f 206/206/206 207/207/207 208/208/208
f 207/207/207 209/209/209 208/208/208
f 208/208/208 209/209/209 210/210/210
f 209/209/209 211/211/211 210/210/210
f 210/210/210 211/211/211 212/212/212
f 211/211/211 213/213/213 212/212/212
f 212/212/212 213/213/213 214/214/214
f 213/213/213 215/215/215 214/214/214
f 214/214/214 215/215/215 216/216/216
f 215/215/215 217/217/217 216/216/216
f 216/216/216 217/217/217 218/218/218
f 217/217/217 219/219/219 218/218/218
f 218/218/218 219/219/219 220/220/220
f 219/219/219 221/221/221 220/220/220
f 220/220/220 221/221/221 222/222/222
f 221/221/221 223/223/223 222/222/222
f 222/222/222 223/223/223 224/224/224
f 223/223/223 225/225/225 224/224/224
f 224/224/224 225/225/225 226/226/226
f 225/225/225 227/227/227 226/226/226
f 226/226/226 227/227/227 228/228/228
f 227/227/227 229/229/229 228/228/228
f 228/228/228 229/229/229 230/230/230
f 229/229/229 231/231/231 230/230/230
f 230/230/230 231/231/231 232/232/232
f 231/231/231 233/233/233 232/232/232
f 232/232/232 233/233/233 234/234/234
f 233/233/233 235/235/235 234/234/234
f 234/234/234 235/235/235 236/236/236
f 235/235/235 237/237/237 236/236/236
f 236/236/236 237/237/237 238/238/238
f 237/237/237 239/239/239 238/238/238
f 238/238/238 239/239/239 240/240/240
f 239/239/239 241/241/241 240/240/240
f 240/240/240 241/241/241 242/242/242
f 241/241/241 243/243/243 242/242/242
f 242/242/242 243/243/243 244/244/244
f 243/243/243 245/245/245 244/244/244
f 244/244/244 245/245/245 246/246/246
f 245/245/245 247/247/247 246/246/246
f 246/246/246 247/247/247 248/248/248
f 247/247/247 249/249/249 248/248/248
f 248/248/248 249/249/249 250/250/250
f 249/249/249 251/251/251 250/250/250
f 250/250/250 251/251/251 252/252/252
f 251/251/251 253/253/253 252/252/252
f 252/252/252 253/253/253 254/254/254
f 253/253/253 255/255/255 254/254/254
f 254/254/254 255/255/255 256/256/256
f 255/255/255 257/257/257 256/256/256
f 256/256/256 257/257/257 258/258/258
f 257/257/257 259/259/259 258/258/258
f 258/258/258 259/259/259 260/260/260
f 259/259/259 261/261/261 260/260/260
f 260/260/260 261/261/261 262/262/262
f 261/261/261 263/263/263 262/262/262
f 262/262/262 263/263/263 264/264/264
f 263/263/263 265/265/265 264/264/264
f 264/264/264 265/265/265 266/266/266
f 265/265/265 267/267/267 266/266/266
f 266/266/266 267/267/267 268/268/268
f 267/267/267 269/269/269 268/268/268
f 268/268/268 269/269/269 270/270/270
f 269/269/269 271/271/271 270/270/270
f 270/270/270 271/271/271 272/272/272
f 271/271/271 273/273/273 272/272/272
f 272/272/272 273/273/273 274/274/274
f 273/273/273 275/275/275 274/274/274
f 274/274/274 275/275/275 276/276/276
f 275/275/275 277/277/277 276/276/276
f 276/276/276 277/277/277 278/278/278
f 277/277/277 279/279/279 278/278/278
f 278/278/278 279/279/279 280/280/280
f 279/279/279 281/281/281 280/280/280
f 280/280/280 281/281/281 282/282/282
f 281/281/281 283/283/283 282/282/282
f 282/282/282 283/283/283 284/284/284
f 283/283/283 285/285/285 284/284/284
f 284/284/284 285/285/285 286/286/286
f 285/285/285 287/287/287 286/286/286
f 286/286/286 287/287/287 288/288/288
f 287/287/287 289/289/289 288/288/288
f 288/288/288 289/289/289 290/290/290
f 289/289/289 291/291/291 290/290/290
f 290/290/290 291/291/291 292/292/292
f 291/291/291 293/293/293 292/292/292
f 292/292/292 293/293/293 294/294/294
f 293/293/293 295/295/295 294/294/294
f 294/294/294 295/295/295 296/296/296
f 295/295/295 297/297/297 296/296/296
f 296/296/296 297/297/297 298/298/298
f 297/297/297 299/299/299 298/298/298
f 298/298/298 299/299/299 300/300/300
f 299/299/299 301/301/301 300/300/300
f 300/300/300 301/301/301 302/302/302
f 301/301/301 303/303/303 302/302/302
f 302/302/302 303/303/303 304/304/304
f 303/303/303 305/305/305 304/304/304
f 304/304/304 305/305/305 306/306/306
f 305/305/305 307/307/307 306/306/306
f 306/306/306 307/307/307 308/308/308
f 307/307/307 309/309/309 308/308/308
f 308/308/308 309/309/309 310/310/310
f 309/309/309 311/311/311 310/310/310
f 310/310/310 311/311/311 312/312/312
f 311/311/311 313/313/313 312/312/312
f 312/312/312 313/313/313 314/314/314
f 313/313/313 315/315/315 314/314/314
f 314/314/314 315/315/315 316/316/316
f 315/315/315 317/317/317 316/316/316
f 316/316/316 317/317/317 318/318/318
f 317/317/317 319/319/319 318/318/318
f 318/318/318 319/319/319 320/320/320
f 319/319/319 321/321/321 320/320/320
f 320/320/320 321/321/321 322/322/322
f 321/321/321 323/323/323 322/322/322
f 322/322/322 323/323/323 324/324/324
f 323/323/323 325/325/325 324/324/324
f 324/324/324 325/325/325 326/326/326
f 325/325/325 327/327/327 326/326/326
f 326/326/326 327/327/327 328/328/328
f 327/327/327 329/329/329 328/328/328
f 328/328/328 329/329/329 330/330/330
f 329/329/329 331/331/331 330/330/330
f 330/330/330 331/331/331 332/332/332
f 331/331/331 333/333/333 332/332/332
f 332/332/332 333/333/333 334/334/334
f 333/333/333 335/335/335 334/334/334
f 334/334/334 335/335/335 336/336/336
f 335/335/335 337/337/337 336/336/336
f 336/336/336 337/337/337 338/338/338
f 337/337/337 339/339/339 338/338/338
f 338/338/338 339/339/339 340/340/340
f 339/339/339 341/341/341 340/340/340
f 340/340/340 341/341/341 342/342/342
f 341/341/341 343/343/343 342/342/342
f 342/342/342 343/343/343 344/344/344
f 343/343/343 345/345/345 344/344/344
f 344/344/344 345/345/345 346/346/346
f 345/345/345 347/347/347 346/346/346
f 346/346/346 347/347/347 348/348/348
f 347/347/347 349/349/349 348/348/348
f 348/348/348 349/349/349 350/350/350
f 349/349/349 351/351/351 350/350/350
f 350/350/350 351/351/351 352/352/352
f 351/351/351 353/353/353 352/352/352
f 352/352/352 353/353/353 354/354/354
f 353/353/353 355/355/355 354/354/354
f 354/354/354 355/355/355 356/356/356
f 355/355/355 357/357/357 356/356/356
f 356/356/356 357/357/357 358/358/358
f 357/357/357 359/359/359 358/358/358
f 358/358/358 359/359/359 360/360/360
f 359/359/359 361/361/361 360/360/360
f 360/360/360 361/361/361 362/362/362
f 361/361/361 363/363/363 362/362/362
f 362/362/362 363/363/363 364/364/364
f 363/363/363 365/365/365 364/364/364
f 364/364/364 365/365/365 366/366/366
f 365/365/365 367/367/367 366/366/366
f 366/366/366 367/367/367 368/368/368
f 367/367/367 369/369/369 368/368/368
f 368/368/368 369/369/369 370/370/370
f 369/369/369 371/371/371 370/370/370
f 370/370/370 371/371/371 372/372/372
f 371/371/371 373/373/373 372/372/372
f 372/372/372 373/373/373 374/374/374
f 373/373/373 375/375/375 374/374/374
f 374/374/374 375/375/375 376/376/376
f 375/375/375 377/377/377 376/376/376
f 376/376/376 377/377/377 378/378/378
f 377/377/377 379/379/379 378/378/378
f 378/378/378 379/379/379 380/380/380
f 379/379/379 381/381/381 380/380/380
f 380/380/380 381/381/381 382/382/382
f 381/381/381 383/383/383 382/382/382
f 382/382/382 383/383/383 384/384/384
f 383/383/383 385/385/385 384/384/384
f 384/384/384 385/385/385 386/386/386
f 385/385/385 387/387/387 386/386/386
f 386/386/386 387/387/387 388/388/388
f 387/387/387 389/389/389 388/388/388
f 388/388/388 389/389/389 390/390/390
f 389/389/389 391/391/391 390/390/390
f 390/390/390 391/391/391 392/392/392
f 391/391/391 393/393/393 392/392/392
f 392/392/392 393/393/393 394/394/394
f 393/393/393 395/395/395 394/394/394
f 394/394/394 395/395/395 396/396/396
f 395/395/395 397/397/397 396/396/396
f 396/396/396 397/397/397 398/398/398
f 397/397/397 399/399/399 398/398/398
f 398/398/398 399/399/399 400/400/400
f 399/399/399 401/401/401 400/400/400
f 400/400/400 401/401/401 402/402/402
f 401/401/401 403/403/403 402/402/402
f 402/402/402 403/403/403 404/404/404
f 403/403/403 405/405/405 404/404/404
f 404/404/404 405/405/405 406/406/406
f 405/405/405 407/407/407 406/406/406
f 406/406/406 407/407/407 408/408/408
f 407/407/407 409/409/409 408/408/408
f 408/408/408 409/409/409 410/410/410
f 409/409/409 411/411/411 410/410/410
f 410/410/410 411/411/411 412/412/412
f 411/411/411 413/413/413 412/412/412
f 412/412/412 413/413/413 414/414/414
f 413/413/413 415/415/415 414/414/414
f 414/414/414 415/415/415 416/416/416
f 415/415/415 417/417/417 416/416/416
f 416/416/416 417/417/417 418/418/418
f 417/417/417 419/419/419 418/418/418
f 418/418/418 419/419/419 420/420/420
f 419/419/419 421/421/421 420/420/420
f 420/420/420 421/421/421 422/422/422
f 421/421/421 423/423/423 422/422/422
f 422/422/422 423/423/423 424/424/424
f 423/423/423 425/425/425 424/424/424
f 424/424/424 425/425/425 426/426/426
f 425/425/425 427/427/427 426/426/426
f 426/426/426 427/427/427 428/428/428
f 427/427/427 429/429/429 428/428/428
f 428/428/428 429/429/429 430/430/430
f 429/429/429 431/431/431 430/430/430
f 430/430/430 431/431/431 432/432/432
f 431/431/431 433/433/433 432/432/432
f 432/432/432 433/433/433 434/434/434
f 433/433/433 435/435/435 434/434/434
f 434/434/434 435/435/435 436/436/436
f 435/435/435 437/437/437 436/436/436
f 436/436/436 437/437/437 438/438/438
f 437/437/437 439/439/439 438/438/438
f 438/438/438 439/439/439 440/440/440
f 439/439/439 441/441/441 440/440/440
f 440/440/440 441/441/441 442/442/442
f 441/441/441 443/443/443 442/442/442
f 442/442/442 443/443/443 444/444/444
f 443/443/443 445/445/445 444/444/444
f 444/444/444 445/445/445 446/446/446
f 445/445/445 447/447/447 446/446/446
f 446/446/446 447/447/447 448/448/448
f 447/447/447 449/449/449 448/448/448
f 448/448/448 449/449/449 450/450/450
f 449/449/449 451/451/451 450/450/450
f 450/450/450 451/451/451 452/452/452
f 451/451/451 453/453/453 452/452/452
f 452/452/452 453/453/453 454/454/454
f 453/453/453 455/455/455 454/454/454
f 454/454/454 455/455/455 456/456/456
f 455/455/455 457/457/457 456/456/456
f 456/456/456 457/457/457 458/458/458
f 457/457/457 459/459/459 458/458/458
f 458/458/458 459/459/459 460/460/460
f 459/459/459 461/461/461 460/460/460
f 460/460/460 461/461/461 462/462/462
f 461/461/461 463/463/463 462/462/462
f 462/462/462 463/463/463 464/464/464
f 463/463/463 465/465/465 464/464/464
f 464/464/464 465/465/465 466/466/466
f 465/465/465 467/467/467 466/466/466
f 466/466/466 467/467/467 468/468/468
f 467/467/467 469/469/469 468/468/468
f 468/468/468 469/469/469 470/470/470
f 469/469/469 471/471/471 470/470/470
f 470/470/470 471/471/471 472/472/472
f 471/471/471 473/473/473 472/472/472
f 472/472/472 473/473/473 474/474/474
f 473/473/473 475/475/475 474/474/474
f 474/474/474 475/475/475 476/476/476
f 475/475/475 477/477/477 476/476/476
f 476/476/476 477/477/477 478/478/478
f 477/477/477 479/479/479 478/478/478
f 478/478/478 479/479/479 480/480/480
f 479/479/479 481/481/481 480/480/480
f 480/480/480 481/481/481 482/482/482
f 481/481/481 483/483/483 482/482/482
f 482/482/482 483/483/483 484/484/484
f 483/483/483 485/485/485 484/484/484
f 484/484/484 485/485/485 486/486/486
f 485/485/485 487/487/487 486/486/486
f 486/486/486 487/487/487 488/488/488
f 487/487/487 489/489/489 488/488/488
f 488/488/488 489/489/489 490/490/490
f 489/489/489 491/491/491 490/490/490
f 490/490/490 491/491/491 492/492/492
f 491/491/491 493/493/493 492/492/492
f 492/492/492 493/493/493 494/494/494
f 493/493/493 495/495/495 494/494/494
f 494/494/494 495/495/495 496/496/496
f 495/495/495 497/497/497 496/496/496
f 496/496/496 497/497/497 498/498/498
f 497/497/497 499/499/499 498/498/498
f 498/498/498 499/499/499 500/500/500
f 499/499/499 501/501/501 500/500/500
f 500/500/500 501/501/501 502/502/502
f 501/501/501 503/503/503 502/502/502
f 502/502/502 503/503/503 504/504/504
f 503/503/503 505/505/505 504/504/504
f 504/504/504 505/505/505 506/506/506
f 505/505/505 507/507/507 506/506/506
f 506/506/506 507/507/507 508/508/508
f 507/507/507 509/509/509 508/508/508
f 508/508/508 509/509/509 510/510/510
f 509/509/509 511/511/511 510/510/510
f 510/510/510 511/511/511 512/512/512
f 511/511/511 513/513/513 512/512/512
f 512/512/512 513/513/513 514/514/514
f 513/513/513 515/515/515 514/514/514
f 514/514/514 515/515/515 516/516/516
f 515/515/515 517/517/517 516/516/516
f 516/516/516 517/517/517 518/518/518
f 517/517/517 519/519/519 518/518/518
f 518/518/518 519/519/519 520/520/520
f 519/519/519 521/521/521 520/520/520
f 520/520/520 521/521/521 522/522/522
f 521/521/521 523/523/523 522/522/522
f 522/522/522 523/523/523 524/524/524
f 523/523/523 525/525/525 524/524/524
f 524/524/524 525/525/525 526/526/526
f 525/525/525 527/527/527 526/526/526
f 526/526/526 527/527/527 528/528/528
f 527/527/527 529/529/529 528/528/528
f 528/528/528 529/529/529 530/530/530
f 529/529/529 531/531/531 530/530/530
f 530/530/530 531/531/531 532/532/532
f 531/531/531 533/533/533 532/532/532
f 532/532/532 533/533/533 534/534/534
f 533/533/533 535/535/535 534/534/534
f 534/534/534 535/535/535 536/536/536
f 535/535/535 537/537/537 536/536/536
f 536/536/536 537/537/537 538/538/538
f 537/537/537 539/539/539 538/538/538
f 538/538/538 539/539/539 540/540/540
f 539/539/539 541/541/541 540/540/540
f 540/540/540 541/541/541 542/542/542
f 541/541/541 543/543/543 542/542/542
f 542/542/542 543/543/543 544/544/544
f 543/543/543 545/545/545 544/544/544
f 544/544/544 545/545/545 546/546/546
f 545/545/545 547/547/547 546/546/546
f 546/546/546 547/547/547 548/548/548
f 547/547/547 549/549/549 548/548/548
f 548/548/548 549/549/549 550/550/550
f 549/549/549 551/551/551 550/550/550
f 550/550/550 551/551/551 552/552/552
f 551/551/551 553/553/553 552/552/552
f 552/552/552 553/553/553 554/554/554
f 553/553/553 555/555/555 554/554/554
f 554/554/554 555/555/555 556/556/556
f 555/555/555 557/557/557 556/556/556
f 556/556/556 557/557/557 558/558/558
f 557/557/557 559/559/559 558/558/558
f 558/558/558 559/559/559 560/560/560
f 559/559/559 561/561/561 560/560/560
f 560/560/560 561/561/561 562/562/562
f 561/561/561 563/563/563 562/562/562
f 562/562/562 563/563/563 564/564/564
f 563/563/563 565/565/565 564/564/564
f 564/564/564 565/565/565 566/566/566
f 565/565/565 567/567/567 566/566/566
f 566/566/566 567/567/567 568/568/568
f 567/567/567 569/569/569 568/568/568
f 568/568/568 569/569/569 570/570/570
f 569/569/569 571/571/571 570/570/570
f 570/570/570 571/571/571 572/572/572
f 571/571/571 573/573/573 572/572/572
f 572/572/572 573/573/573 574/574/574
f 573/573/573 575/575/575 574/574/574
f 574/574/574 575/575/575 576/576/576
f 575/575/575 577/577/577 576/576/576
f 576/576/576 577/577/577 578/578/578
f 577/577/577 579/579/579 578/578/578
f 578/578/578 579/579/579 580/580/580
f 579/579/579 581/581/581 580/580/580
f 580/580/580 581/581/581 582/582/582
f 581/581/581 583/583/583 582/582/582
f 582/582/582 583/583/583 584/584/584
f 583/583/583 585/585/585 584/584/584
f 584/584/584 585/585/585 586/586/586
f 585/585/585 587/587/587 586/586/586
f 586/586/586 587/587/587 588/588/588
f 587/587/587 589/589/589 588/588/588
f 588/588/588 589/589/589 590/590/590
f 589/589/589 591/591/591 590/590/590
f 590/590/590 591/591/591 592/592/592
f 591/591/591 593/593/593 592/592/592
f 592/592/592 593/593/593 594/594/594
f 593/593/593 595/595/595 594/594/594
f 594/594/594 595/595/595 596/596/596
f 595/595/595 597/597/597 596/596/596
f 596/596/596 597/597/597 598/598/598
f 597/597/597 599/599/599 598/598/598
f 598/598/598 599/599/599 600/600/600
f 599/599/599 601/601/601 600/600/600
f 600/600/600 601/601/601 602/602/602
f 601/601/601 603/603/603 602/602/602
f 602/602/602 603/603/603 604/604/604
f 603/603/603 605/605/605 604/604/604
f 604/604/604 605/605/605 606/606/606
f 605/605/605 607/607/607 606/606/606
f 606/606/606 607/607/607 608/608/608
f 607/607/607 609/609/609 608/608/608
f 608/608/608 609/609/609 610/610/610
f 609/609/609 611/611/611 610/610/610
f 610/610/610 611/611/611 612/612/612
f 611/611/611 613/613/613 612/612/612
f 612/612/612 613/613/613 614/614/614
f 613/613/613 615/615/615 614/614/614
f 614/614/614 615/615/615 616/616/616
f 615/615/615 617/617/617 616/616/616
f 616/616/616 617/617/617 618/618/618
f 617/617/617 619/619/619 618/618/618
f 618/618/618 619/619/619 620/620/620
f 619/619/619 621/621/621 620/620/620
f 620/620/620 621/621/621 622/622/622
f 621/621/621 623/623/623 622/622/622
f 622/622/622 623/623/623 624/624/624
f 623/623/623 625/625/625 624/624/624
f 624/624/624 625/625/625 626/626/626
f 625/625/625 627/627/627 626/626/626
f 626/626/626 627/627/627 628/628/628
f 627/627/627 629/629/629 628/628/628
f 628/628/628 629/629/629 630/630/630
f 629/629/629 631/631/631 630/630/630
f 630/630/630 631/631/631 632/632/632
f 631/631/631 633/633/633 632/632/632
f 632/632/632 633/633/633 634/634/634
f 633/633/633 635/635/635 634/634/634
f 634/634/634 635/635/635 636/636/636
f 635/635/635 637/637/637 636/636/636
f 636/636/636 637/637/637 638/638/638
f 637/637/637 639/639/639 638/638/638
f 638/638/638 639/639/639 640/640/640
f 639/639/639 641/641/641 640/640/640
f 640/640/640 641/641/641 642/642/642
f 641/641/641 643/643/643 642/642/642
f 642/642/642 643/643/643 644/644/644
f 643/643/643 645/645/645 644/644/644
f 644/644/644 645/645/645 646/646/646
f 645/645/645 647/647/647 646/646/646
f 646/646/646 647/647/647 648/648/648
f 647/647/647 649/649/649 648/648/648
f 648/648/648 649/649/649 650/650/650
f 649/649/649 651/651/651 650/650/650
f 650/650/650 651/651/651 652/652/652
f 651/651/651 653/653/653 652/652/652
f 652/652/652 653/653/653 654/654/654
f 653/653/653 655/655/655 654/654/654
f 654/654/654 655/655/655 656/656/656
f 655/655/655 657/657/657 656/656/656
f 656/656/656 657/657/657 658/658/658
f 657/657/657 659/659/659 658/658/658
f 658/658/658 659/659/659 660/660/660
f 659/659/659 661/661/661 660/660/660
f 660/660/660 661/661/661 662/662/662
f 661/661/661 663/663/663 662/662/662
f 662/662/662 663/663/663 664/664/664
f 663/663/663 665/665/665 664/664/664
f 664/664/664 665/665/665 666/666/666
f 665/665/665 667/667/667 666/666/666
f 666/666/666 667/667/667 668/668/668
f 667/667/667 669/669/669 668/668/668
f 668/668/668 669/669/669 670/670/670
f 669/669/669 671/671/671 670/670/670
f 670/670/670 671/671/671 672/672/672
f 671/671/671 673/673/673 672/672/672
f 672/672/672 673/673/673 674/674/674
f 673/673/673 675/675/675 674/674/674
f 674/674/674 675/675/675 676/676/676
f 675/675/675 677/677/677 676/676/676
f 676/676/676 677/677/677 678/678/678
f 677/677/677 679/679/679 678/678/678
f 678/678/678 679/679/679 680/680/680
f 679/679/679 681/681/681 680/680/680
f 680/680/680 681/681/681 682/682/682
f 681/681/681 683/683/683 682/682/682
f 682/682/682 683/683/683 684/684/684
f 683/683/683 685/685/685 684/684/684
f 684/684/684 685/685/685 686/686/686
f 685/685/685 687/687/687 686/686/686
f 686/686/686 687/687/687 688/688/688
f 687/687/687 689/689/689 688/688/688
f 688/688/688 689/689/689 690/690/690
f 689/689/689 691/691/691 690/690/690
f 690/690/690 691/691/691 692/692/692
f 691/691/691 693/693/693 692/692/692
f 692/692/692 693/693/693 694/694/694
f 693/693/693 695/695/695 694/694/694
f 694/694/694 695/695/695 696/696/696
f 695/695/695 697/697/697 696/696/696
f 696/696/696 697/697/697 698/698/698
f 697/697/697 699/699/699 698/698/698
f 698/698/698 699/699/699 700/700/700
f 699/699/699 701/701/701 700/700/700
f 700/700/700 701/701/701 702/702/702
f 701/701/701 703/703/703 702/702/702
f 702/702/702 703/703/703 704/704/704
f 703/703/703 705/705/705 704/704/704
f 704/704/704 705/705/705 706/706/706
f 705/705/705 707/707/707 706/706/706
f 706/706/706 707/707/707 708/708/708
f 707/707/707 709/709/709 708/708/708
f 708/708/708 709/709/709 710/710/710
f 709/709/709 711/711/711 710/710/710
f 710/710/710 711/711/711 712/712/712
f 711/711/711 713/713/713 712/712/712
f 712/712/712 713/713/713 714/714/714
f 713/713/713 715/715/715 714/714/714
f 714/714/714 715/715/715 716/716/716
f 715/715/715 717/717/717 716/716/716
f 716/716/716 717/717/717 718/718/718
f 717/717/717 719/719/719 718/718/718
f 718/718/718 719/719/719 720/720/720
f 719/719/719 721/721/721 720/720/720
f 720/720/720 721/721/721 722/722/722
f 721/721/721 723/723/723 722/722/722
f 722/722/722 723/723/723 724/724/724
f 723/723/723 725/725/725 724/724/724
f 724/724/724 725/725/725 726/726/726
f 725/725/725 727/727/727 726/726/726
f 726/726/726 727/727/727 728/728/728
f 727/727/727 729/729/729 728/728/728
f 728/728/728 729/729/729 730/730/730
f 729/729/729 731/731/731 730/730/730
f 730/730/730 731/731/731 732/732/732
f 731/731/731 733/733/733 732/732/732
f 732/732/732 733/733/733 734/734/734
f 733/733/733 735/735/735 734/734/734
f 734/734/734 735/735/735 736/736/736
f 735/735/735 737/737/737 736/736/736
f 736/736/736 737/737/737 738/738/738
f 737/737/737 739/739/739 738/738/738
f 738/738/738 739/739/739 740/740/740
f 739/739/739 741/741/741 740/740/740
f 740/740/740 741/741/741 742/742/742
f 741/741/741 743/743/743 742/742/742
f 742/742/742 743/743/743 744/744/744
f 743/743/743 745/745/745 744/744/744
f 744/744/744 745/745/745 746/746/746
f 745/745/745 747/747/747 746/746/746
f 746/746/746 747/747/747 748/748/748
f 747/747/747 749/749/749 748/748/748
f 748/748/748 749/749/749 750/750/750
f 749/749/749 751/751/751 750/750/750
f 750/750/750 751/751/751 752/752/752
f 751/751/751 753/753/753 752/752/752
f 752/752/752 753/753/753 754/754/754
f 753/753/753 755/755/755 754/754/754
f 754/754/754 755/755/755 756/756/756
f 755/755/755 757/757/757 756/756/756
f 756/756/756 757/757/757 758/758/758
f 757/757/757 759/759/759 758/758/758
f 758/758/758 759/759/759 760/760/760
f 759/759/759 761/761/761 760/760/760
f 760/760/760 761/761/761 762/762/762
f 761/761/761 763/763/763 762/762/762
f 762/762/762 763/763/763 764/764/764
f 763/763/763 765/765/765 764/764/764
f 764/764/764 765/765/765 766/766/766
f 765/765/765 767/767/767 766/766/766
f 766/766/766 767/767/767 768/768/768
f 767/767/767 769/769/769 768/768/768
f 768/768/768 769/769/769 770/770/770
f 769/769/769 771/771/771 770/770/770
f 770/770/770 771/771/771 772/772/772
f 771/771/771 773/773/773 772/772/772
f 772/772/772 773/773/773 774/774/774
f 773/773/773 775/775/775 774/774/774
f 774/774/774 775/775/775 776/776/776
f 775/775/775 777/777/777 776/776/776
f 776/776/776 777/777/777 778/778/778
f 777/777/777 779/779/779 778/778/778
f 778/778/778 779/779/779 780/780/780
f 779/779/779 781/781/781 780/780/780
f 780/780/780 781/781/781 782/782/782
f 781/781/781 783/783/783 782/782/782
f 782/782/782 783/783/783 784/784/784
f 783/783/783 785/785/785 784/784/784
f 784/784/784 785/785/785 786/786/786
f 785/785/785 787/787/787 786/786/786
f 786/786/786 787/787/787 788/788/788
f 787/787/787 789/789/789 788/788/788
f 788/788/788 789/789/789 790/790/790
f 789/789/789 791/791/791 790/790/790
f 790/790/790 791/791/791 792/792/792
f 791/791/791 793/793/793 792/792/792
f 792/792/792 793/793/793 794/794/794
f 793/793/793 795/795/795 794/794/794
f 794/794/794 795/795/795 796/796/796
f 795/795/795 797/797/797 796/796/796
f 796/796/796 797/797/797 798/798/798
f 797/797/797 799/799/799 798/798/798
f 798/798/798 799/799/799 800/800/800
f 799/799/799 801/801/801 800/800/800
f 800/800/800 801/801/801 802/802/802
f 801/801/801 803/803/803 802/802/802
f 802/802/802 803/803/803 804/804/804
f 803/803/803 805/805/805 804/804/804
f 804/804/804 805/805/805 806/806/806
f 805/805/805 807/807/807 806/806/806
f 806/806/806 807/807/807 808/808/808
f 807/807/807 809/809/809 808/808/808
f 808/808/808 809/809/809 810/810/810
f 809/809/809 811/811/811 810/810/810
f 810/810/810 811/811/811 812/812/812
f 811/811/811 813/813/813 812/812/812
f 812/812/812 813/813/813 814/814/814
f 813/813/813 815/815/815 814/814/814
f 814/814/814 815/815/815 816/816/816
f 815/815/815 817/817/817 816/816/816
f 816/816/816 817/817/817 818/818/818
f 817/817/817 819/819/819 818/818/818
f 818/818/818 819/819/819 820/820/820
f 819/819/819 821/821/821 820/820/820
f 820/820/820 821/821/821 822/822/822
f 821/821/821 823/823/823 822/822/822
f 822/822/822 823/823/823 824/824/824
f 823/823/823 825/825/825 824/824/824
f 824/824/824 825/825/825 826/826/826
f 825/825/825 827/827/827 826/826/826
f 826/826/826 827/827/827 828/828/828
f 827/827/827 829/829/829 828/828/828
f 828/828/828 829/829/829 830/830/830
f 829/829/829 831/831/831 830/830/830
f 830/830/830 831/831/831 832/832/832
f 831/831/831 833/833/833 832/832/832
f 832/832/832 833/833/833 834/834/834
f 833/833/833 835/835/835 834/834/834
f 834/834/834 835/835/835 836/836/836
f 835/835/835 837/837/837 836/836/836
f 836/836/836 837/837/837 838/838/838
f 837/837/837 839/839/839 838/838/838
f 838/838/838 839/839/839 840/840/840
f 839/839/839 841/841/841 840/840/840
f 840/840/840 841/841/841 842/842/842
f 841/841/841 843/843/843 842/842/842
f 842/842/842 843/843/843 844/844/844
f 843/843/843 845/845/845 844/844/844
f 844/844/844 845/845/845 846/846/846
f 845/845/845 847/847/847 846/846/846
f 846/846/846 847/847/847 848/848/848
f 847/847/847 849/849/849 848/848/848
f 848/848/848 849/849/849 850/850/850
f 849/849/849 851/851/851 850/850/850
f 850/850/850 851/851/851 852/852/852
f 851/851/851 853/853/853 852/852/852
f 852/852/852 853/853/853 854/854/854
f 853/853/853 855/855/855 854/854/854
f 854/854/854 855/855/855 856/856/856
f 855/855/855 857/857/857 856/856/856
f 856/856/856 857/857/857 858/858/858
f 857/857/857 859/859/859 858/858/858
f 858/858/858 859/859/859 860/860/860
f 859/859/859 861/861/861 860/860/860
f 860/860/860 861/861/861 862/862/862
f 861/861/861 863/863/863 862/862/862
f 862/862/862 863/863/863 864/864/864
f 863/863/863 865/865/865 864/864/864
f 864/864/864 865/865/865 866/866/866
f 865/865/865 867/867/867 866/866/866
f 866/866/866 867/867/867 868/868/868
f 867/867/867 869/869/869 868/868/868
f 868/868/868 869/869/869 870/870/870
f 869/869/869 871/871/871 870/870/870
f 870/870/870 871/871/871 872/872/872
f 871/871/871 873/873/873 872/872/872
f 872/872/872 873/873/873 874/874/874
f 873/873/873 875/875/875 874/874/874
f 874/874/874 875/875/875 876/876/876
f 875/875/875 877/877/877 876/876/876
f 876/876/876 877/877/877 878/878/878
f 877/877/877 879/879/879 878/878/878
f 878/878/878 879/879/879 880/880/880
f 879/879/879 881/881/881 880/880/880
f 880/880/880 881/881/881 882/882/882
f 881/881/881 883/883/883 882/882/882
f 882/882/882 883/883/883 884/884/884
f 883/883/883 885/885/885 884/884/884
f 884/884/884 885/885/885 886/886/886
f 885/885/885 887/887/887 886/886/886
f 886/886/886 887/887/887 888/888/888
f 887/887/887 889/889/889 888/888/888
f 888/888/888 889/889/889 890/890/890
f 889/889/889 891/891/891 890/890/890
f 890/890/890 891/891/891 892/892/892
f 891/891/891 893/893/893 892/892/892
f 892/892/892 893/893/893 894/894/894
f 893/893/893 895/895/895 894/894/894
f 894/894/894 895/895/895 896/896/896
f 895/895/895 897/897/897 896/896/896
f 896/896/896 897/897/897 898/898/898
f 897/897/897 899/899/899 898/898/898
f 898/898/898 899/899/899 900/900/900
f 899/899/899 901/901/901 900/900/900
f 900/900/900 901/901/901 902/902/902
f 901/901/901 903/903/903 902/902/902
f 902/902/902 903/903/903 904/904/904
f 903/903/903 905/905/905 904/904/904
f 904/904/904 905/905/905 906/906/906
f 905/905/905 907/907/907 906/906/906
f 906/906/906 907/907/907 908/908/908
f 907/907/907 909/909/909 908/908/908
f 908/908/908 909/909/909 910/910/910
f 909/909/909 911/911/911 910/910/910
f 910/910/910 911/911/911 912/912/912
f 911/911/911 913/913/913 912/912/912
f 912/912/912 913/913/913 914/914/914
f 913/913/913 915/915/915 914/914/914
f 914/914/914 915/915/915 916/916/916
f 915/915/915 917/917/917 916/916/916
f 916/916/916 917/917/917 918/918/918
f 917/917/917 919/919/919 918/918/918
f 918/918/918 919/919/919 920/920/920
f 919/919/919 921/921/921 920/920/920
f 920/920/920 921/921/921 922/922/922
f 921/921/921 923/923/923 922/922/922
f 922/922/922 923/923/923 924/924/924
f 923/923/923 925/925/925 924/924/924
f 924/924/924 925/925/925 926/926/926
f 925/925/925 927/927/927 926/926/926
f 926/926/926 927/927/927 928/928/928
f 927/927/927 929/929/929 928/928/928
f 928/928/928 929/929/929 930/930/930
f 929/929/929 931/931/931 930/930/930
f 930/930/930 931/931/931 932/932/932
f 931/931/931 933/933/933 932/932/932
f 932/932/932 933/933/933 934/934/934
f 933/933/933 935/935/935 934/934/934
f 934/934/934 935/935/935 936/936/936
f 935/935/935 937/937/937 936/936/936
f 936/936/936 937/937/937 938/938/938
f 937/937/937 939/939/939 938/938/938
f 938/938/938 939/939/939 940/940/940
f 939/939/939 941/941/941 940/940/940
f 940/940/940 941/941/941 942/942/942
f 941/941/941 943/943/943 942/942/942
f 942/942/942 943/943/943 944/944/944
f 943/943/943 945/945/945 944/944/944
f 944/944/944 945/945/945 946/946/946
f 945/945/945 947/947/947 946/946/946
f 946/946/946 947/947/947 948/948/948
f 947/947/947 949/949/949 948/948/948
f 948/948/948 949/949/949 950/950/950
f 949/949/949 951/951/951 950/950/950
f 950/950/950 951/951/951 952/952/952
f 951/951/951 953/953/953 952/952/952
f 952/952/952 953/953/953 954/954/954
f 953/953/953 955/955/955 954/954/954
f 954/954/954 955/955/955 956/956/956
f 955/955/955 957/957/957 956/956/956
f 956/956/956 957/957/957 958/958/958
f 957/957/957 959/959/959 958/958/958
f 958/958/958 959/959/959 960/960/960
f 959/959/959 961/961/961 960/960/960
f 960/960/960 961/961/961 962/962/962
f 961/961/961 963/963/963 962/962/962
f 962/962/962 963/963/963 964/964/964
f 963/963/963 965/965/965 964/964/964
f 964/964/964 965/965/965 966/966/966
f 965/965/965 967/967/967 966/966/966
f 966/966/966 967/967/967 968/968/968
f 967/967/967 969/969/969 968/968/968
f 968/968/968 969/969/969 970/970/970
f 969/969/969 971/971/971 970/970/970
f 970/970/970 971/971/971 972/972/972
f 971/971/971 973/973/973 972/972/972
f 972/972/972 973/973/973 974/974/974
f 973/973/973 975/975/975 974/974/974
f 974/974/974 975/975/975 976/976/976
f 975/975/975 977/977/977 976/976/976
f 976/976/976 977/977/977 978/978/978
f 977/977/977 979/979/979 978/978/978
f 978/978/978 979/979/979 980/980/980
f 979/979/979 981/981/981 980/980/980
f 980/980/980 981/981/981 982/982/982
f 981/981/981 983/983/983 982/982/982
f 982/982/982 983/983/983 984/984/984
f 983/983/983 985/985/985 984/984/984
f 984/984/984 985/985/985 986/986/986
f 985/985/985 987/987/987 986/986/986
f 986/986/986 987/987/987 988/988/988
f 987/987/987 989/989/989 988/988/988
f 988/988/988 989/989/989 990/990/990
f 989/989/989 991/991/991 990/990/990
f 990/990/990 991/991/991 992/992/992
f 991/991/991 993/993/993 992/992/992
f 992/992/992 993/993/993 994/994/994
f 993/993/993 995/995/995 994/994/994
f 994/994/994 995/995/995 996/996/996
f 995/995/995 997/997/997 996/996/996
f 996/996/996 997/997/997 998/998/998
f 997/997/997 999/999/999 998/998/998
f 998/998/998 999/999/999 1000/1000/1000
f 999/999/999 1001/1001/1001 1000/1000/1000
f 1000/1000/1000 1001/1001/1001 1002/1002/1002
f 1001/1001/1001 1003/1003/1003 1002/1002/1002
f 1002/1002/1002 1003/1003/1003 1004/1004/1004
f 1003/1003/1003 1005/1005/1005 1004/1004/1004
f 1004/1004/1004 1005/1005/1005 1006/1006/1006
f 1005/1005/1005 1007/1007/1007 1006/1006/1006
f 1006/1006/1006 1007/1007/1007 1008/1008/1008
f 1007/1007/1007 1009/1009/1009 1008/1008/1008
f 1008/1008/1008 1009/1009/1009 1010/1010/1010
f 1009/1009/1009 1011/1011/1011 1010/1010/1010
f 1010/1010/1010 1011/1011/1011 1012/1012/1012
f 1011/1011/1011 1013/1013/1013 1012/1012/1012
f 1012/1012/1012 1013/1013/1013 1014/1014/1014
f 1013/1013/1013 1015/1015/1015 1014/1014/1014
f 1014/1014/1014 1015/1015/1015 1016/1016/1016
f 1015/1015/1015 1017/1017/1017 1016/1016/1016
f 1016/1016/1016 1017/1017/1017 1018/1018/1018
f 1017/1017/1017 1019/1019/1019 1018/1018/1018
f 1018/1018/1018 1019/1019/1019 1020/1020/1020
f 1019/1019/1019 1021/1021/1021 1020/1020/1020
f 1020/1020/1020 1021/1021/1021 1022/1022/1022
f 1021/1021/1021 1023/1023/1023 1022/1022/1022
f 1022/1022/1022 1023/1023/1023 1024/1024/1024
f 1023/1023/1023 1025/1025/1025 1024/1024/1024
f 1024/1024/1024 1025/1025/1025 1026/1026/1026
f 1025/1025/1025 1027/1027/1027 1026/1026/1026
f 1026/1026/1026 1027/1027/1027 1028/1028/1028
f 1027/1027/1027 1029/1029/1029 1028/1028/1028
f 1028/1028/1028 1029/1029/1029 1030/1030/1030
f 1029/1029/1029 1031/1031/1031 1030/1030/1030
f 1030/1030/1030 1031/1031/1031 1032/1032/1032
f 1031/1031/1031 1033/1033/1033 1032/1032/1032
f 1032/1032/1032 1033/1033/1033 1034/1034/1034
f 1033/1033/1033 1035/1035/1035 1034/1034/1034
f 1034/1034/1034 1035/1035/1035 1036/1036/1036
f 1035/1035/1035 1037/1037/1037 1036/1036/1036
f 1036/1036/1036 1037/1037/1037 1038/1038/1038
f 1037/1037/1037 1039/1039/1039 1038/1038/1038
f 1038/1038/1038 1039/1039/1039 1040/1040/1040
f 1039/1039/1039 1041/1041/1041 1040/1040/1040
f 1040/1040/1040 1041/1041/1041 1042/1042/1042
f 1041/1041/1041 1043/1043/1043 1042/1042/1042
f 1042/1042/1042 1043/1043/1043 1044/1044/1044
f 1043/1043/1043 1045/1045/1045 1044/1044/1044
f 1044/1044/1044 1045/1045/1045 1046/1046/1046
f 1045/1045/1045 1047/1047/1047 1046/1046/1046
f 1046/1046/1046 1047/1047/1047 1048/1048/1048
f 1047/1047/1047 1049/1049/1049 1048/1048/1048
f 1048/1048/1048 1049/1049/1049 1050/1050/1050
f 1049/1049/1049 1051/1051/1051 1050/1050/1050
f 1050/1050/1050 1051/1051/1051 1052/1052/1052
f 1051/1051/1051 1053/1053/1053 1052/1052/1052
f 1052/1052/1052 1053/1053/1053 1054/1054/1054
f 1053/1053/1053 1055/1055/1055 1054/1054/1054
f 1054/1054/1054 1055/1055/1055 1056/1056/1056
f 1055/1055/1055 1057/1057/1057 1056/1056/1056
f 1056/1056/1056 1057/1057/1057 1058/1058/1058
f 1057/1057/1057 1059/1059/1059 1058/1058/1058
f 1058/1058/1058 1059/1059/1059 1060/1060/1060
f 1059/1059/1059 1061/1061/1061 1060/1060/1060
f 1060/1060/1060 1061/1061/1061 1062/1062/1062
f 1061/1061/1061 1063/1063/1063 1062/1062/1062
f 1062/1062/1062 1063/1063/1063 1064/1064/1064
f 1063/1063/1063 1065/1065/1065 1064/1064/1064
f 1064/1064/1064 1065/1065/1065 1066/1066/1066
f 1065/1065/1065 1067/1067/1067 1066/1066/1066
f 1066/1066/1066 1067/1067/1067 1068/1068/1068
f 1067/1067/1067 1069/1069/1069 1068/1068/1068
f 1068/1068/1068 1069/1069/1069 1070/1070/1070
f 1069/1069/1069 1071/1071/1071 1070/1070/1070
f 1070/1070/1070 1071/1071/1071 1072/1072/1072
f 1071/1071/1071 1073/1073/1073 1072/1072/1072
f 1072/1072/1072 1073/1073/1073 1074/1074/1074
f 1073/1073/1073 1075/1075/1075 1074/1074/1074
f 1074/1074/1074 1075/1075/1075 1076/1076/1076
f 1075/1075/1075 1077/1077/1077 1076/1076/1076
f 1076/1076/1076 1077/1077/1077 1078/1078/1078
f 1077/1077/1077 1079/1079/1079 1078/1078/1078
f 1078/1078/1078 1079/1079/1079 1080/1080/1080
f 1079/1079/1079 1081/1081/1081 1080/1080/1080
f 1080/1080/1080 1081/1081/1081 1082/1082/1082
f 1081/1081/1081 1083/1083/1083 1082/1082/1082
f 1082/1082/1082 1083/1083/1083 1084/1084/1084
f 1083/1083/1083 1085/1085/1085 1084/1084/1084
f 1084/1084/1084 1085/1085/1085 1086/1086/1086
f 1085/1085/1085 1087/1087/1087 1086/1086/1086
f 1086/1086/1086 1087/1087/1087 1088/1088/1088
f 1087/1087/1087 1089/1089/1089 1088/1088/1088
f 1088/1088/1088 1089/1089/1089 1090/1090/1090
f 1089/1089/1089 1091/1091/1091 1090/1090/1090
f 1090/1090/1090 1091/1091/1091 1092/1092/1092
f 1091/1091/1091 1093/1093/1093 1092/1092/1092
f 1092/1092/1092 1093/1093/1093 1094/1094/1094
f 1093/1093/1093 1095/1095/1095 1094/1094/1094
f 1094/1094/1094 1095/1095/1095 1096/1096/1096
f 1095/1095/1095 1097/1097/1097 1096/1096/1096
f 1096/1096/1096 1097/1097/1097 1098/1098/1098
f 1097/1097/1097 1099/1099/1099 1098/1098/1098
f 1098/1098/1098 1099/1099/1099 1100/1100/1100
f 1099/1099/1099 1101/1101/1101 1100/1100/1100
f 1100/1100/1100 1101/1101/1101 1102/1102/1102
f 1101/1101/1101 1103/1103/1103 1102/1102/1102
f 1102/1102/1102 1103/1103/1103 1104/1104/1104
f 1103/1103/1103 1105/1105/1105 1104/1104/1104
f 1104/1104/1104 1105/1105/1105 1106/1106/1106
f 1105/1105/1105 1107/1107/1107 1106/1106/1106
f 1106/1106/1106 1107/1107/1107 1108/1108/1108
f 1107/1107/1107 1109/1109/1109 1108/1108/1108
f 1108/1108/1108 1109/1109/1109 1110/1110/1110
f 1109/1109/1109 1111/1111/1111 1110/1110/1110
f 1110/1110/1110 1111/1111/1111 1112/1112/1112
f 1111/1111/1111 1113/1113/1113 1112/1112/1112
f 1112/1112/1112 1113/1113/1113 1114/1114/1114
f 1113/1113/1113 1115/1115/1115 1114/1114/1114
f 1114/1114/1114 1115/1115/1115 1116/1116/1116
f 1115/1115/1115 1117/1117/1117 1116/1116/1116
f 1116/1116/1116 1117/1117/1117 1118/1118/1118
f 1117/1117/1117 1119/1119/1119 1118/1118/1118
f 1118/1118/1118 1119/1119/1119 1120/1120/1120
f 1119/1119/1119 1121/1121/1121 1120/1120/1120
f 1120/1120/1120 1121/1121/1121 1122/1122/1122
f 1121/1121/1121 1123/1123/1123 1122/1122/1122
f 1122/1122/1122 1123/1123/1123 1124/1124/1124
f 1123/1123/1123 1125/1125/1125 1124/1124/1124
f 1124/1124/1124 1125/1125/1125 1126/1126/1126
f 1125/1125/1125 1127/1127/1127 1126/1126/1126
f 1126/1126/1126 1127/1127/1127 1128/1128/1128
f 1127/1127/1127 1129/1129/1129 1128/1128/1128
f 1128/1128/1128 1129/1129/1129 1130/1130/1130
f 1129/1129/1129 1131/1131/1131 1130/1130/1130
f 1130/1130/1130 1131/1131/1131 1132/1132/1132
f 1131/1131/1131 1133/1133/1133 1132/1132/1132
f 1132/1132/1132 1133/1133/1133 1134/1134/1134
f 1133/1133/1133 1135/1135/1135 1134/1134/1134
f 1134/1134/1134 1135/1135/1135 1136/1136/1136
f 1135/1135/1135 1137/1137/1137 1136/1136/1136
f 1136/1136/1136 1137/1137/1137 1138/1138/1138
f 1137/1137/1137 1139/1139/1139 1138/1138/1138
f 1138/1138/1138 1139/1139/1139 1140/1140/1140
f 1139/1139/1139 1141/1141/1141 1140/1140/1140
f 1140/1140/1140 1141/1141/1141 1142/1142/1142
f 1141/1141/1141 1143/1143/1143 1142/1142/1142
f 1142/1142/1142 1143/1143/1143 1144/1144/1144
f 1143/1143/1143 1145/1145/1145 1144/1144/1144
f 1144/1144/1144 1145/1145/1145 1146/1146/1146
f 1145/1145/1145 1147/1147/1147 1146/1146/1146
f 1146/1146/1146 1147/1147/1147 1148/1148/1148
f 1147/1147/1147 1149/1149/1149 1148/1148/1148
f 1148/1148/1148 1149/1149/1149 1150/1150/1150
f 1149/1149/1149 1151/1151/1151 1150/1150/1150
f 1150/1150/1150 1151/1151/1151 1152/1152/1152
f 1151/1151/1151 1153/1153/1153 1152/1152/1152
f 1152/1152/1152 1153/1153/1153 1154/1154/1154
f 1153/1153/1153 1155/1155/1155 1154/1154/1154
f 1154/1154/1154 1155/1155/1155 1156/1156/1156
f 1155/1155/1155 1157/1157/1157 1156/1156/1156
f 1156/1156/1156 1157/1157/1157 1158/1158/1158
f 1157/1157/1157 1159/1159/1159 1158/1158/1158
f 1158/1158/1158 1159/1159/1159 1160/1160/1160
f 1159/1159/1159 1161/1161/1161 1160/1160/1160
f 1160/1160/1160 1161/1161/1161 1162/1162/1162
f 1161/1161/1161 1163/1163/1163 1162/1162/1162
f 1162/1162/1162 1163/1163/1163 1164/1164/1164
f 1163/1163/1163 1165/1165/1165 1164/1164/1164
f 1164/1164/1164 1165/1165/1165 1166/1166/1166
f 1165/1165/1165 1167/1167/1167 1166/1166/1166
f 1166/1166/1166 1167/1167/1167 1168/1168/1168
f 1167/1167/1167 1169/1169/1169 1168/1168/1168
f 1168/1168/1168 1169/1169/1169 1170/1170/1170
f 1169/1169/1169 1171/1171/1171 1170/1170/1170
f 1170/1170/1170 1171/1171/1171 1172/1172/1172
f 1171/1171/1171 1173/1173/1173 1172/1172/1172
f 1172/1172/1172 1173/1173/1173 1174/1174/1174
f 1173/1173/1173 1175/1175/1175 1174/1174/1174
f 1174/1174/1174 1175/1175/1175 1176/1176/1176
f 1175/1175/1175 1177/1177/1177 1176/1176/1176
f 1176/1176/1176 1177/1177/1177 1178/1178/1178
f 1177/1177/1177 1179/1179/1179 1178/1178/1178
f 1178/1178/1178 1179/1179/1179 1180/1180/1180
f 1179/1179/1179 1181/1181/1181 1180/1180/1180
f 1180/1180/1180 1181/1181/1181 1182/1182/1182
f 1181/1181/1181 1183/1183/1183 1182/1182/1182
f 1182/1182/1182 1183/1183/1183 1184/1184/1184
f 1183/1183/1183 1185/1185/1185 1184/1184/1184
f 1184/1184/1184 1185/1185/1185 1186/1186/1186
f 1185/1185/1185 1187/1187/1187 1186/1186/1186
f 1186/1186/1186 1187/1187/1187 1188/1188/1188
f 1187/1187/1187 1189/1189/1189 1188/1188/1188
f 1188/1188/1188 1189/1189/1189 1190/1190/1190
f 1189/1189/1189 1191/1191/1191 1190/1190/1190
f 1190/1190/1190 1191/1191/1191 1192/1192/1192
f 1191/1191/1191 1193/1193/1193 1192/1192/1192
f 1192/1192/1192 1193/1193/1193 1194/1194/1194
f 1193/1193/1193 1195/1195/1195 1194/1194/1194
f 1194/1194/1194 1195/1195/1195 1196/1196/1196
f 1195/1195/1195 1197/1197/1197 1196/1196/1196
f 1196/1196/1196 1197/1197/1197 1198/1198/1198
f 1197/1197/1197 1199/1199/1199 1198/1198/1198
f 1198/1198/1198 1199/1199/1199 1200/1200/1200
f 1199/1199/1199 1201/1201/1201 1200/1200/1200
f 1200/1200/1200 1201/1201/1201 1202/1202/1202
f 1201/1201/1201 1203/1203/1203 1202/1202/1202
f 1202/1202/1202 1203/1203/1203 1204/1204/1204
f 1203/1203/1203 1205/1205/1205 1204/1204/1204
f 1204/1204/1204 1205/1205/1205 1206/1206/1206
f 1205/1205/1205 1207/1207/1207 1206/1206/1206
f 1206/1206/1206 1207/1207/1207 1208/1208/1208
f 1207/1207/1207 1209/1209/1209 1208/1208/1208
f 1208/1208/1208 1209/1209/1209 1210/1210/1210
f 1209/1209/1209 1211/1211/1211 1210/1210/1210
f 1210/1210/1210 1211/1211/1211 1212/1212/1212
f 1211/1211/1211 1213/1213/1213 1212/1212/1212
f 1212/1212/1212 1213/1213/1213 1214/1214/1214
f 1213/1213/1213 1215/1215/1215 1214/1214/1214
f 1214/1214/1214 1215/1215/1215 1216/1216/1216
f 1215/1215/1215 1217/1217/1217 1216/1216/1216
f 1216/1216/1216 1217/1217/1217 1218/1218/1218
f 1217/1217/1217 1219/1219/1219 1218/1218/1218
f 1218/1218/1218 1219/1219/1219 1220/1220/1220
f 1219/1219/1219 1221/1221/1221 1220/1220/1220
f 1220/1220/1220 1221/1221/1221 1222/1222/1222
f 1221/1221/1221 1223/1223/1223 1222/1222/1222
f 1222/1222/1222 1223/1223/1223 1224/1224/1224
f 1223/1223/1223 1225/1225/1225 1224/1224/1224
f 1224/1224/1224 1225/1225/1225 1226/1226/1226
f 1225/1225/1225 1227/1227/1227 1226/1226/1226
f 1226/1226/1226 1227/1227/1227 1228/1228/1228
f 1227/1227/1227 1229/1229/1229 1228/1228/1228
f 1228/1228/1228 1229/1229/1229 1230/1230/1230
f 1229/1229/1229 1231/1231/1231 1230/1230/1230
f 1230/1230/1230 1231/1231/1231 1232/1232/1232
f 1231/1231/1231 1233/1233/1233 1232/1232/1232
f 1232/1232/1232 1233/1233/1233 1234/1234/1234
f 1233/1233/1233 1235/1235/1235 1234/1234/1234
f 1234/1234/1234 1235/1235/1235 1236/1236/1236
f 1235/1235/1235 1237/1237/1237 1236/1236/1236
f 1236/1236/1236 1237/1237/1237 1238/1238/1238
f 1237/1237/1237 1239/1239/1239 1238/1238/1238
f 1238/1238/1238 1239/1239/1239 1240/1240/1240
f 1239/1239/1239 1241/1241/1241 1240/1240/1240
f 1240/1240/1240 1241/1241/1241 1242/1242/1242
f 1241/1241/1241 1243/1243/1243 1242/1242/1242
f 1242/1242/1242 1243/1243/1243 1244/1244/1244
f 1243/1243/1243 1245/1245/1245 1244/1244/1244
f 1244/1244/1244 1245/1245/1245 1246/1246/1246
f 1245/1245/1245 1247/1247/1247 1246/1246/1246
f 1246/1246/1246 1247/1247/1247 1248/1248/1248
f 1247/1247/1247 1249/1249/1249 1248/1248/1248
f 1248/1248/1248 1249/1249/1249 1250/1250/1250
f 1249/1249/1249 1251/1251/1251 1250/1250/1250
f 1250/1250/1250 1251/1251/1251 1252/1252/1252
f 1251/1251/1251 1253/1253/1253 1252/1252/1252
f 1252/1252/1252 1253/1253/1253 1254/1254/1254
f 1253/1253/1253 1255/1255/1255 1254/1254/1254
f 1254/1254/1254 1255/1255/1255 1256/1256/1256
f 1255/1255/1255 1257/1257/1257 1256/1256/1256
f 1256/1256/1256 1257/1257/1257 1258/1258/1258
f 1257/1257/1257 1259/1259/1259 1258/1258/1258
f 1258/1258/1258 1259/1259/1259 1260/1260/1260
f 1259/1259/1259 1261/1261/1261 1260/1260/1260
f 1260/1260/1260 1261/1261/1261 1262/1262/1262
f 1261/1261/1261 1263/1263/1263 1262/1262/1262
f 1262/1262/1262 1263/1263/1263 1264/1264/1264
f 1263/1263/1263 1265/1265/1265 1264/1264/1264
f 1264/1264/1264 1265/1265/1265 1266/1266/1266
f 1265/1265/1265 1267/1267/1267 1266/1266/1266
f 1266/1266/1266 1267/1267/1267 1268/1268/1268
f 1267/1267/1267 1269/1269/1269 1268/1268/1268
f 1268/1268/1268 1269/1269/1269 1270/1270/1270
f 1269/1269/1269 1271/1271/1271 1270/1270/1270
f 1270/1270/1270 1271/1271/1271 1272/1272/1272
f 1271/1271/1271 1273/1273/1273 1272/1272/1272
f 1272/1272/1272 1273/1273/1273 1274/1274/1274
f 1273/1273/1273 1275/1275/1275 1274/1274/1274
f 1274/1274/1274 1275/1275/1275 1276/1276/1276
f 1275/1275/1275 1277/1277/1277 1276/1276/1276
f 1276/1276/1276 1277/1277/1277 1278/1278/1278
f 1277/1277/1277 1279/1279/1279 1278/1278/1278
f 1278/1278/1278 1279/1279/1279 1280/1280/1280
f 1279/1279/1279 1281/1281/1281 1280/1280/1280
f 1280/1280/1280 1281/1281/1281 1282/1282/1282
f 1281/1281/1281 1283/1283/1283 1282/1282/1282
f 1282/1282/1282 1283/1283/1283 1284/1284/1284
f 1283/1283/1283 1285/1285/1285 1284/1284/1284
f 1284/1284/1284 1285/1285/1285 1286/1286/1286
f 1285/1285/1285 1287/1287/1287 1286/1286/1286
f 1286/1286/1286 1287/1287/1287 1288/1288/1288
f 1287/1287/1287 1289/1289/1289 1288/1288/1288
f 1288/1288/1288 1289/1289/1289 1290/1290/1290
f 1289/1289/1289 1291/1291/1291 1290/1290/1290
f 1290/1290/1290 1291/1291/1291 1292/1292/1292
f 1291/1291/1291 1293/1293/1293 1292/1292/1292
f 1292/1292/1292 1293/1293/1293 1294/1294/1294
f 1293/1293/1293 1295/1295/1295 1294/1294/1294
f 1294/1294/1294 1295/1295/1295 1296/1296/1296
f 1295/1295/1295 1297/1297/1297 1296/1296/1296
f 1296/1296/1296 1297/1297/1297 1298/1298/1298
f 1297/1297/1297 1299/1299/1299 1298/1298/1298
f 1298/1298/1298 1299/1299/1299 1300/1300/1300
f 1299/1299/1299 1301/1301/1301 1300/1300/1300
f 1300/1300/1300 1301/1301/1301 1302/1302/1302
f 1301/1301/1301 1303/1303/1303 1302/1302/1302
f 1302/1302/1302 1303/1303/1303 1304/1304/1304
f 1303/1303/1303 1305/1305/1305 1304/1304/1304
f 1304/1304/1304 1305/1305/1305 1306/1306/1306
f 1305/1305/1305 1307/1307/1307 1306/1306/1306
f 1306/1306/1306 1307/1307/1307 1308/1308/1308
f 1307/1307/1307 1309/1309/1309 1308/1308/1308
f 1308/1308/1308 1309/1309/1309 1310/1310/1310
f 1309/1309/1309 1311/1311/1311 1310/1310/1310
f 1310/1310/1310 1311/1311/1311 1312/1312/1312
f 1311/1311/1311 1313/1313/1313 1312/1312/1312
f 1312/1312/1312 1313/1313/1313 1314/1314/1314
f 1313/1313/1313 1315/1315/1315 1314/1314/1314
f 1314/1314/1314 1315/1315/1315 1316/1316/1316
f 1315/1315/1315 1317/1317/1317 1316/1316/1316
f 1316/1316/1316 1317/1317/1317 1318/1318/1318
f 1317/1317/1317 1319/1319/1319 1318/1318/1318
f 1318/1318/1318 1319/1319/1319 1320/1320/1320
f 1319/1319/1319 1321/1321/1321 1320/1320/1320
f 1320/1320/1320 1321/1321/1321 1322/1322/1322
f 1321/1321/1321 1323/1323/1323 1322/1322/1322
f 1322/1322/1322 1323/1323/1323 1324/1324/1324
f 1323/1323/1323 1325/1325/1325 1324/1324/1324
f 1324/1324/1324 1325/1325/1325 1326/1326/1326
f 1325/1325/1325 1327/1327/1327 1326/1326/1326
f 1326/1326/1326 1327/1327/1327 1328/1328/1328
f 1327/1327/1327 1329/1329/1329 1328/1328/1328
f 1328/1328/1328 1329/1329/1329 1330/1330/1330
f 1329/1329/1329 1331/1331/1331 1330/1330/1330
f 1330/1330/1330 1331/1331/1331 1332/1332/1332
f 1331/1331/1331 1333/1333/1333 1332/1332/1332
f 1332/1332/1332 1333/1333/1333 1334/1334/1334
f 1333/1333/1333 1335/1335/1335 1334/1334/1334
f 1334/1334/1334 1335/1335/1335 1336/1336/1336
f 1335/1335/1335 1337/1337/1337 1336/1336/1336
f 1336/1336/1336 1337/1337/1337 1338/1338/1338
f 1337/1337/1337 1339/1339/1339 1338/1338/1338
f 1338/1338/1338 1339/1339/1339 1340/1340/1340
f 1339/1339/1339 1341/1341/1341 1340/1340/1340
f 1340/1340/1340 1341/1341/1341 1342/1342/1342
f 1341/1341/1341 1343/1343/1343 1342/1342/1342
f 1342/1342/1342 1343/1343/1343 1344/1344/1344
f 1343/1343/1343 1345/1345/1345 1344/1344/1344
f 1344/1344/1344 1345/1345/1345 1346/1346/1346
f 1345/1345/1345 1347/1347/1347 1346/1346/1346
f 1346/1346/1346 1347/1347/1347 1348/1348/1348
f 1347/1347/1347 1349/1349/1349 1348/1348/1348
f 1348/1348/1348 1349/1349/1349 1350/1350/1350
f 1349/1349/1349 1351/1351/1351 1350/1350/1350
f 1350/1350/1350 1351/1351/1351 1352/1352/1352
f 1351/1351/1351 1353/1353/1353 1352/1352/1352
f 1352/1352/1352 1353/1353/1353 1354/1354/1354
f 1353/1353/1353 1355/1355/1355 1354/1354/1354
f 1354/1354/1354 1355/1355/1355 1356/1356/1356
f 1355/1355/1355 1357/1357/1357 1356/1356/1356
f 1356/1356/1356 1357/1357/1357 1358/1358/1358
f 1357/1357/1357 1359/1359/1359 1358/1358/1358
f 1358/1358/1358 1359/1359/1359 1360/1360/1360
f 1359/1359/1359 1361/1361/1361 1360/1360/1360
f 1360/1360/1360 1361/1361/1361 1362/1362/1362
f 1361/1361/1361 1363/1363/1363 1362/1362/1362
f 1362/1362/1362 1363/1363/1363 1364/1364/1364
f 1363/1363/1363 1365/1365/1365 1364/1364/1364
f 1364/1364/1364 1365/1365/1365 1366/1366/1366
f 1365/1365/1365 1367/1367/1367 1366/1366/1366
f 1366/1366/1366 1367/1367/1367 1368/1368/1368
f 1367/1367/1367 1369/1369/1369 1368/1368/1368
f 1368/1368/1368 1369/1369/1369 1370/1370/1370
f 1369/1369/1369 1371/1371/1371 1370/1370/1370
f 1370/1370/1370 1371/1371/1371 1372/1372/1372
f 1371/1371/1371 1373/1373/1373 1372/1372/1372
f 1372/1372/1372 1373/1373/1373 1374/1374/1374
f 1373/1373/1373 1375/1375/1375 1374/1374/1374
f 1374/1374/1374 1375/1375/1375 1376/1376/1376
f 1375/1375/1375 1377/1377/1377 1376/1376/1376
f 1376/1376/1376 1377/1377/1377 1378/1378/1378
f 1377/1377/1377 1379/1379/1379 1378/1378/1378
f 1378/1378/1378 1379/1379/1379 1380/1380/1380
f 1379/1379/1379 1381/1381/1381 1380/1380/1380
f 1380/1380/1380 1381/1381/1381 1382/1382/1382
f 1381/1381/1381 1383/1383/1383 1382/1382/1382
f 1382/1382/1382 1383/1383/1383 1384/1384/1384
f 1383/1383/1383 1385/1385/1385 1384/1384/1384
f 1384/1384/1384 1385/1385/1385 1386/1386/1386
f 1385/1385/1385 1387/1387/1387 1386/1386/1386
f 1386/1386/1386 1387/1387/1387 1388/1388/1388
f 1387/1387/1387 1389/1389/1389 1388/1388/1388
f 1388/1388/1388 1389/1389/1389 1390/1390/1390
f 1389/1389/1389 1391/1391/1391 1390/1390/1390
f 1390/1390/1390 1391/1391/1391 1392/1392/1392
f 1391/1391/1391 1393/1393/1393 1392/1392/1392
f 1392/1392/1392 1393/1393/1393 1394/1394/1394
f 1393/1393/1393 1395/1395/1395 1394/1394/1394
f 1394/1394/1394 1395/1395/1395 1396/1396/1396
f 1395/1395/1395 1397/1397/1397 1396/1396/1396
f 1396/1396/1396 1397/1397/1397 1398/1398/1398
f 1397/1397/1397 1399/1399/1399 1398/1398/1398
f 1398/1398/1398 1399/1399/1399 1400/1400/1400
f 1399/1399/1399 1401/1401/1401 1400/1400/1400
f 1400/1400/1400 1401/1401/1401 1402/1402/1402
f 1401/1401/1401 1403/1403/1403 1402/1402/1402
f 1402/1402/1402 1403/1403/1403 1404/1404/1404
f 1403/1403/1403 1405/1405/1405 1404/1404/1404
f 1404/1404/1404 1405/1405/1405 1406/1406/1406
f 1405/1405/1405 1407/1407/1407 1406/1406/1406
f 1406/1406/1406 1407/1407/1407 1408/1408/1408
f 1407/1407/1407 1409/1409/1409 1408/1408/1408
f 1408/1408/1408 1409/1409/1409 1410/1410/1410
f 1409/1409/1409 1411/1411/1411 1410/1410/1410
f 1410/1410/1410 1411/1411/1411 1412/1412/1412
f 1411/1411/1411 1413/1413/1413 1412/1412/1412
f 1412/1412/1412 1413/1413/1413 1414/1414/1414
f 1413/1413/1413 1415/1415/1415 1414/1414/1414
f 1414/1414/1414 1415/1415/1415 1416/1416/1416
f 1415/1415/1415 1417/1417/1417 1416/1416/1416
f 1416/1416/1416 1417/1417/1417 1418/1418/1418
f 1417/1417/1417 1419/1419/1419 1418/1418/1418
f 1418/1418/1418 1419/1419/1419 1420/1420/1420
f 1419/1419/1419 1421/1421/1421 1420/1420/1420
f 1420/1420/1420 1421/1421/1421 1422/1422/1422
f 1421/1421/1421 1423/1423/1423 1422/1422/1422
f 1422/1422/1422 1423/1423/1423 1424/1424/1424
f 1423/1423/1423 1425/1425/1425 1424/1424/1424
f 1424/1424/1424 1425/1425/1425 1426/1426/1426
f 1425/1425/1425 1427/1427/1427 1426/1426/1426
f 1426/1426/1426 1427/1427/1427 1428/1428/1428
f 1427/1427/1427 1429/1429/1429 1428/1428/1428
f 1428/1428/1428 1429/1429/1429 1430/1430/1430
f 1429/1429/1429 1431/1431/1431 1430/1430/1430
f 1430/1430/1430 1431/1431/1431 1432/1432/1432
f 1431/1431/1431 1433/1433/1433 1432/1432/1432
f 1432/1432/1432 1433/1433/1433 1434/1434/1434
f 1433/1433/1433 1435/1435/1435 1434/1434/1434
f 1434/1434/1434 1435/1435/1435 1436/1436/1436
f 1435/1435/1435 1437/1437/1437 1436/1436/1436
f 1436/1436/1436 1437/1437/1437 1438/1438/1438
f 1437/1437/1437 1439/1439/1439 1438/1438/1438
f 1438/1438/1438 1439/1439/1439 1440/1440/1440
f 1439/1439/1439 1441/1441/1441 1440/1440/1440
f 1440/1440/1440 1441/1441/1441 1442/1442/1442
f 1441/1441/1441 1443/1443/1443 1442/1442/1442
f 1442/1442/1442 1443/1443/1443 1444/1444/1444
f 1443/1443/1443 1445/1445/1445 1444/1444/1444
f 1444/1444/1444 1445/1445/1445 1446/1446/1446
f 1445/1445/1445 1447/1447/1447 1446/1446/1446
f 1446/1446/1446 1447/1447/1447 1448/1448/1448
f 1447/1447/1447 1449/1449/1449 1448/1448/1448
f 1448/1448/1448 1449/1449/1449 1450/1450/1450
f 1449/1449/1449 1451/1451/1451 1450/1450/1450
f 1450/1450/1450 1451/1451/1451 1452/1452/1452
f 1451/1451/1451 1453/1453/1453 1452/1452/1452
f 1452/1452/1452 1453/1453/1453 1454/1454/1454
f 1453/1453/1453 1455/1455/1455 1454/1454/1454
f 1454/1454/1454 1455/1455/1455 1456/1456/1456
f 1455/1455/1455 1457/1457/1457 1456/1456/1456
f 1456/1456/1456 1457/1457/1457 1458/1458/1458
f 1457/1457/1457 1459/1459/1459 1458/1458/1458
f 1458/1458/1458 1459/1459/1459 1460/1460/1460
f 1459/1459/1459 1461/1461/1461 1460/1460/1460
f 1460/1460/1460 1461/1461/1461 1462/1462/1462
f 1461/1461/1461 1463/1463/1463 1462/1462/1462
f 1462/1462/1462 1463/1463/1463 1464/1464/1464
f 1463/1463/1463 1465/1465/1465 1464/1464/1464
f 1464/1464/1464 1465/1465/1465 1466/1466/1466
f 1465/1465/1465 1467/1467/1467 1466/1466/1466
f 1466/1466/1466 1467/1467/1467 1468/1468/1468
f 1467/1467/1467 1469/1469/1469 1468/1468/1468
f 1468/1468/1468 1469/1469/1469 1470/1470/1470
f 1469/1469/1469 1471/1471/1471 1470/1470/1470
f 1470/1470/1470 1471/1471/1471 1472/1472/1472
f 1471/1471/1471 1473/1473/1473 1472/1472/1472
f 1472/1472/1472 1473/1473/1473 1474/1474/1474
f 1473/1473/1473 1475/1475/1475 1474/1474/1474
f 1474/1474/1474 1475/1475/1475 1476/1476/1476
f 1475/1475/1475 1477/1477/1477 1476/1476/1476
f 1476/1476/1476 1477/1477/1477 1478/1478/1478
f 1477/1477/1477 1479/1479/1479 1478/1478/1478
f 1478/1478/1478 1479/1479/1479 1480/1480/1480
f 1479/1479/1479 1481/1481/1481 1480/1480/1480
f 1480/1480/1480 1481/1481/1481 1482/1482/1482
f 1481/1481/1481 1483/1483/1483 1482/1482/1482
f 1482/1482/1482 1483/1483/1483 1484/1484/1484
f 1483/1483/1483 1485/1485/1485 1484/1484/1484
f 1484/1484/1484 1485/1485/1485 1486/1486/1486
f 1485/1485/1485 1487/1487/1487 1486/1486/1486
f 1486/1486/1486 1487/1487/1487 1488/1488/1488
f 1487/1487/1487 1489/1489/1489 1488/1488/1488
f 1488/1488/1488 1489/1489/1489 1490/1490/1490
f 1489/1489/1489 1491/1491/1491 1490/1490/1490
f 1490/1490/1490 1491/1491/1491 1492/1492/1492
f 1491/1491/1491 1493/1493/1493 1492/1492/1492
f 1492/1492/1492 1493/1493/1493 1494/1494/1494
f 1493/1493/1493 1495/1495/1495 1494/1494/1494
f 1494/1494/1494 1495/1495/1495 1496/1496/1496
f 1495/1495/1495 1497/1497/1497 1496/1496/1496
f 1496/1496/1496 1497/1497/1497 1498/1498/1498
f 1497/1497/1497 1499/1499/1499 1498/1498/1498
f 1498/1498/1498 1499/1499/1499 1500/1500/1500
f 1499/1499/1499 1501/1501/1501 1500/1500/1500
f 1500/1500/1500 1501/1501/1501 1502/1502/1502
f 1501/1501/1501 1503/1503/1503 1502/1502/1502
f 1502/1502/1502 1503/1503/1503 1504/1504/1504
f 1503/1503/1503 1505/1505/1505 1504/1504/1504
f 1504/1504/1504 1505/1505/1505 1506/1506/1506
f 1505/1505/1505 1507/1507/1507 1506/1506/1506
f 1506/1506/1506 1507/1507/1507 1508/1508/1508
f 1507/1507/1507 1509/1509/1509 1508/1508/1508
f 1508/1508/1508 1509/1509/1509 1510/1510/1510
f 1509/1509/1509 1511/1511/1511 1510/1510/1510
f 1510/1510/1510 1511/1511/1511 1512/1512/1512
f 1511/1511/1511 1513/1513/1513 1512/1512/1512
f 1512/1512/1512 1513/1513/1513 1514/1514/1514
f 1513/1513/1513 1515/1515/1515 1514/1514/1514
f 1514/1514/1514 1515/1515/1515 1516/1516/1516
f 1515/1515/1515 1517/1517/1517 1516/1516/1516
f 1516/1516/1516 1517/1517/1517 1518/1518/1518
f 1517/1517/1517 1519/1519/1519 1518/1518/1518
f 1518/1518/1518 1519/1519/1519 1520/1520/1520
f 1519/1519/1519 1521/1521/1521 1520/1520/1520
f 1520/1520/1520 1521/1521/1521 1522/1522/1522
f 1521/1521/1521 1523/1523/1523 1522/1522/1522
f 1522/1522/1522 1523/1523/1523 1524/1524/1524
f 1523/1523/1523 1525/1525/1525 1524/1524/1524
f 1524/1524/1524 1525/1525/1525 1526/1526/1526
f 1525/1525/1525 1527/1527/1527 1526/1526/1526
f 1526/1526/1526 1527/1527/1527 1528/1528/1528
f 1527/1527/1527 1529/1529/1529 1528/1528/1528
f 1528/1528/1528 1529/1529/1529 1530/1530/1530
f 1529/1529/1529 1531/1531/1531 1530/1530/1530
f 1530/1530/1530 1531/1531/1531 1532/1532/1532
f 1531/1531/1531 1533/1533/1533 1532/1532/1532
f 1532/1532/1532 1533/1533/1533 1534/1534/1534
f 1533/1533/1533 1535/1535/1535 1534/1534/1534
f 1534/1534/1534 1535/1535/1535 1536/1536/1536
f 1535/1535/1535 1537/1537/1537 1536/1536/1536
f 1536/1536/1536 1537/1537/1537 1538/1538/1538
f 1537/1537/1537 1539/1539/1539 1538/1538/1538
f 1538/1538/1538 1539/1539/1539 1540/1540/1540
f 1539/1539/1539 1541/1541/1541 1540/1540/1540
f 1540/1540/1540 1541/1541/1541 1542/1542/1542
f 1541/1541/1541 1543/1543/1543 1542/1542/1542
f 1542/1542/1542 1543/1543/1543 1544/1544/1544
f 1543/1543/1543 1545/1545/1545 1544/1544/1544
f 1544/1544/1544 1545/1545/1545 1546/1546/1546
f 1545/1545/1545 1547/1547/1547 1546/1546/1546
f 1546/1546/1546 1547/1547/1547 1548/1548/1548
f 1547/1547/1547 1549/1549/1549 1548/1548/1548
f 1548/1548/1548 1549/1549/1549 1550/1550/1550
f 1549/1549/1549 1551/1551/1551 1550/1550/1550
f 1550/1550/1550 1551/1551/1551 1552/1552/1552
f 1551/1551/1551 1553/1553/1553 1552/1552/1552
f 1552/1552/1552 1553/1553/1553 1554/1554/1554
f 1553/1553/1553 1555/1555/1555 1554/1554/1554
f 1554/1554/1554 1555/1555/1555 1556/1556/1556
f 1555/1555/1555 1557/1557/1557 1556/1556/1556
f 1556/1556/1556 1557/1557/1557 1558/1558/1558
f 1557/1557/1557 1559/1559/1559 1558/1558/1558
f 1558/1558/1558 1559/1559/1559 1560/1560/1560
f 1559/1559/1559 1561/1561/1561 1560/1560/1560
f 1560/1560/1560 1561/1561/1561 1562/1562/1562
f 1561/1561/1561 1563/1563/1563 1562/1562/1562
f 1562/1562/1562 1563/1563/1563 1564/1564/1564
f 1563/1563/1563 1565/1565/1565 1564/1564/1564
f 1564/1564/1564 1565/1565/1565 1566/1566/1566
f 1565/1565/1565 1567/1567/1567 1566/1566/1566
f 1566/1566/1566 1567/1567/1567 1568/1568/1568
f 1567/1567/1567 1569/1569/1569 1568/1568/1568
f 1568/1568/1568 1569/1569/1569 1570/1570/1570
f 1569/1569/1569 1571/1571/1571 1570/1570/1570
f 1570/1570/1570 1571/1571/1571 1572/1572/1572
f 1571/1571/1571 1573/1573/1573 1572/1572/1572
f 1572/1572/1572 1573/1573/1573 1574/1574/1574
f 1573/1573/1573 1575/1575/1575 1574/1574/1574
f 1574/1574/1574 1575/1575/1575 1576/1576/1576
f 1575/1575/1575 1577/1577/1577 1576/1576/1576
f 1576/1576/1576 1577/1577/1577 1578/1578/1578
f 1577/1577/1577 1579/1579/1579 1578/1578/1578
f 1578/1578/1578 1579/1579/1579 1580/1580/1580
f 1579/1579/1579 1581/1581/1581 1580/1580/1580
f 1580/1580/1580 1581/1581/1581 1582/1582/1582
f 1581/1581/1581 1583/1583/1583 1582/1582/1582
f 1582/1582/1582 1583/1583/1583 1584/1584/1584
f 1583/1583/1583 1585/1585/1585 1584/1584/1584
f 1584/1584/1584 1585/1585/1585 1586/1586/1586
f 1585/1585/1585 1587/1587/1587 1586/1586/1586
f 1586/1586/1586 1587/1587/1587 1588/1588/1588
f 1587/1587/1587 1589/1589/1589 1588/1588/1588
f 1588/1588/1588 1589/1589/1589 1590/1590/1590
f 1589/1589/1589 1591/1591/1591 1590/1590/1590
f 1590/1590/1590 1591/1591/1591 1592/1592/1592
f 1591/1591/1591 1593/1593/1593 1592/1592/1592
f 1592/1592/1592 1593/1593/1593 1594/1594/1594
f 1593/1593/1593 1595/1595/1595 1594/1594/1594
f 1594/1594/1594 1595/1595/1595 1596/1596/1596
f 1595/1595/1595 1597/1597/1597 1596/1596/1596
f 1596/1596/1596 1597/1597/1597 1598/1598/1598
f 1597/1597/1597 1599/1599/1599 1598/1598/1598
f 1598/1598/1598 1599/1599/1599 1600/1600/1600
f 1599/1599/1599 1601/1601/1601 1600/1600/1600
f 1600/1600/1600 1601/1601/1601 1602/1602/1602
f 1601/1601/1601 1603/1603/1603 1602/1602/1602
f 1602/1602/1602 1603/1603/1603 1604/1604/1604
f 1603/1603/1603 1605/1605/1605 1604/1604/1604
f 1604/1604/1604 1605/1605/1605 1606/1606/1606
f 1605/1605/1605 1607/1607/1607 1606/1606/1606
f 1606/1606/1606 1607/1607/1607 1608/1608/1608
f 1607/1607/1607 1609/1609/1609 1608/1608/1608
f 1608/1608/1608 1609/1609/1609 1610/1610/1610
f 1609/1609/1609 1611/1611/1611 1610/1610/1610
f 1610/1610/1610 1611/1611/1611 1612/1612/1612
f 1611/1611/1611 1613/1613/1613 1612/1612/1612
f 1612/1612/1612 1613/1613/1613 1614/1614/1614
f 1613/1613/1613 1615/1615/1615 1614/1614/1614
f 1614/1614/1614 1615/1615/1615 1616/1616/1616
f 1615/1615/1615 1617/1617/1617 1616/1616/1616
f 1616/1616/1616 1617/1617/1617 1618/1618/1618
f 1617/1617/1617 1619/1619/1619 1618/1618/1618
f 1618/1618/1618 1619/1619/1619 1620/1620/1620
f 1619/1619/1619 1621/1621/1621 1620/1620/1620
f 1620/1620/1620 1621/1621/1621 1622/1622/1622
f 1621/1621/1621 1623/1623/1623 1622/1622/1622
f 1622/1622/1622 1623/1623/1623 1624/1624/1624
f 1623/1623/1623 1625/1625/1625 1624/1624/1624
f 1624/1624/1624 1625/1625/1625 1626/1626/1626
f 1625/1625/1625 1627/1627/1627 1626/1626/1626
f 1626/1626/1626 1627/1627/1627 1628/1628/1628
f 1627/1627/1627 1629/1629/1629 1628/1628/1628
f 1628/1628/1628 1629/1629/1629 1630/1630/1630
f 1629/1629/1629 1631/1631/1631 1630/1630/1630
f 1630/1630/1630 1631/1631/1631 1632/1632/1632
f 1631/1631/1631 1633/1633/1633 1632/1632/1632
f 1632/1632/1632 1633/1633/1633 1634/1634/1634
f 1633/1633/1633 1635/1635/1635 1634/1634/1634
f 1634/1634/1634 1635/1635/1635 1636/1636/1636
f 1635/1635/1635 1637/1637/1637 1636/1636/1636
f 1636/1636/1636 1637/1637/1637 1638/1638/1638
f 1637/1637/1637 1639/1639/1639 1638/1638/1638
f 1638/1638/1638 1639/1639/1639 1640/1640/1640
f 1639/1639/1639 1641/1641/1641 1640/1640/1640
f 1640/1640/1640 1641/1641/1641 1642/1642/1642
f 1641/1641/1641 1643/1643/1643 1642/1642/1642
f 1642/1642/1642 1643/1643/1643 1644/1644/1644
f 1643/1643/1643 1645/1645/1645 1644/1644/1644
f 1644/1644/1644 1645/1645/1645 1646/1646/1646
f 1645/1645/1645 1647/1647/1647 1646/1646/1646
f 1646/1646/1646 1647/1647/1647 1648/1648/1648
f 1647/1647/1647 1649/1649/1649 1648/1648/1648
f 1648/1648/1648 1649/1649/1649 1650/1650/1650
f 1649/1649/1649 1651/1651/1651 1650/1650/1650
f 1650/1650/1650 1651/1651/1651 1652/1652/1652
f 1651/1651/1651 1653/1653/1653 1652/1652/1652
f 1652/1652/1652 1653/1653/1653 1654/1654/1654
f 1653/1653/1653 1655/1655/1655 1654/1654/1654
f 1654/1654/1654 1655/1655/1655 1656/1656/1656
f 1655/1655/1655 1657/1657/1657 1656/1656/1656
f 1656/1656/1656 1657/1657/1657 1658/1658/1658
f 1657/1657/1657 1659/1659/1659 1658/1658/1658
f 1658/1658/1658 1659/1659/1659 1660/1660/1660
f 1659/1659/1659 1661/1661/1661 1660/1660/1660
f 1660/1660/1660 1661/1661/1661 1662/1662/1662
f 1661/1661/1661 1663/1663/1663 1662/1662/1662
f 1662/1662/1662 1663/1663/1663 1664/1664/1664
f 1663/1663/1663 1665/1665/1665 1664/1664/1664
f 1664/1664/1664 1665/1665/1665 1666/1666/1666
f 1665/1665/1665 1667/1667/1667 1666/1666/1666
f 1666/1666/1666 1667/1667/1667 1668/1668/1668
f 1667/1667/1667 1669/1669/1669 1668/1668/1668
f 1668/1668/1668 1669/1669/1669 1670/1670/1670
f 1669/1669/1669 1671/1671/1671 1670/1670/1670
f 1670/1670/1670 1671/1671/1671 1672/1672/1672
f 1671/1671/1671 1673/1673/1673 1672/1672/1672
f 1672/1672/1672 1673/1673/1673 1674/1674/1674
f 1673/1673/1673 1675/1675/1675 1674/1674/1674
f 1674/1674/1674 1675/1675/1675 1676/1676/1676
f 1675/1675/1675 1677/1677/1677 1676/1676/1676
f 1676/1676/1676 1677/1677/1677 1678/1678/1678
f 1677/1677/1677 1679/1679/1679 1678/1678/1678
f 1678/1678/1678 1679/1679/1679 1680/1680/1680
f 1679/1679/1679 1681/1681/1681 1680/1680/1680
f 1680/1680/1680 1681/1681/1681 1682/1682/1682
f 1681/1681/1681 1683/1683/1683 1682/1682/1682
f 1682/1682/1682 1683/1683/1683 1684/1684/1684
f 1683/1683/1683 1685/1685/1685 1684/1684/1684
f 1684/1684/1684 1685/1685/1685 1686/1686/1686
f 1685/1685/1685 1687/1687/1687 1686/1686/1686
f 1686/1686/1686 1687/1687/1687 1688/1688/1688
f 1687/1687/1687 1689/1689/1689 1688/1688/1688
f 1688/1688/1688 1689/1689/1689 1690/1690/1690
f 1689/1689/1689 1691/1691/1691 1690/1690/1690
f 1690/1690/1690 1691/1691/1691 1692/1692/1692
f 1691/1691/1691 1693/1693/1693 1692/1692/1692
f 1692/1692/1692 1693/1693/1693 1694/1694/1694
f 1693/1693/1693 1695/1695/1695 1694/1694/1694
f 1694/1694/1694 1695/1695/1695 1696/1696/1696
f 1695/1695/1695 1697/1697/1697 1696/1696/1696
f 1696/1696/1696 1697/1697/1697 1698/1698/1698
f 1697/1697/1697 1699/1699/1699 1698/1698/1698
f 1698/1698/1698 1699/1699/1699 1700/1700/1700
f 1699/1699/1699 1701/1701/1701 1700/1700/1700
f 1700/1700/1700 1701/1701/1701 1702/1702/1702
f 1701/1701/1701 1703/1703/1703 1702/1702/1702
f 1702/1702/1702 1703/1703/1703 1704/1704/1704
f 1703/1703/1703 1705/1705/1705 1704/1704/1704
f 1704/1704/1704 1705/1705/1705 1706/1706/1706
f 1705/1705/1705 1707/1707/1707 1706/1706/1706
f 1706/1706/1706 1707/1707/1707 1708/1708/1708
f 1707/1707/1707 1709/1709/1709 1708/1708/1708
f 1708/1708/1708 1709/1709/1709 1710/1710/1710
f 1709/1709/1709 1711/1711/1711 1710/1710/1710
f 1710/1710/1710 1711/1711/1711 1712/1712/1712
f 1711/1711/1711 1713/1713/1713 1712/1712/1712
f 1712/1712/1712 1713/1713/1713 1714/1714/1714
f 1713/1713/1713 1715/1715/1715 1714/1714/1714
f 1714/1714/1714 1715/1715/1715 1716/1716/1716
f 1715/1715/1715 1717/1717/1717 1716/1716/1716
f 1716/1716/1716 1717/1717/1717 1718/1718/1718
f 1717/1717/1717 1719/1719/1719 1718/1718/1718
f 1718/1718/1718 1719/1719/1719 1720/1720/1720
f 1719/1719/1719 1721/1721/1721 1720/1720/1720
f 1720/1720/1720 1721/1721/1721 1722/1722/1722
f 1721/1721/1721 1723/1723/1723 1722/1722/1722
f 1722/1722/1722 1723/1723/1723 1724/1724/1724
f 1723/1723/1723 1725/1725/1725 1724/1724/1724
f 1724/1724/1724 1725/1725/1725 1726/1726/1726
f 1725/1725/1725 1727/1727/1727 1726/1726/1726
f 1726/1726/1726 1727/1727/1727 1728/1728/1728
f 1727/1727/1727 1729/1729/1729 1728/1728/1728
f 1728/1728/1728 1729/1729/1729 1730/1730/1730
f 1729/1729/1729 1731/1731/1731 1730/1730/1730
f 1730/1730/1730 1731/1731/1731 1732/1732/1732
f 1731/1731/1731 1733/1733/1733 1732/1732/1732
f 1732/1732/1732 1733/1733/1733 1734/1734/1734
f 1733/1733/1733 1735/1735/1735 1734/1734/1734
f 1734/1734/1734 1735/1735/1735 1736/1736/1736
f 1735/1735/1735 1737/1737/1737 1736/1736/1736
f 1736/1736/1736 1737/1737/1737 1738/1738/1738
f 1737/1737/1737 1739/1739/1739 1738/1738/1738
f 1738/1738/1738 1739/1739/1739 1740/1740/1740
f 1739/1739/1739 1741/1741/1741 1740/1740/1740
f 1740/1740/1740 1741/1741/1741 1742/1742/1742
f 1741/1741/1741 1743/1743/1743 1742/1742/1742
f 1742/1742/1742 1743/1743/1743 1744/1744/1744
f 1743/1743/1743 1745/1745/1745 1744/1744/1744
f 1744/1744/1744 1745/1745/1745 1746/1746/1746
f 1745/1745/1745 1747/1747/1747 1746/1746/1746
f 1746/1746/1746 1747/1747/1747 1748/1748/1748
f 1747/1747/1747 1749/1749/1749 1748/1748/1748
f 1748/1748/1748 1749/1749/1749 1750/1750/1750
f 1749/1749/1749 1751/1751/1751 1750/1750/1750
f 1750/1750/1750 1751/1751/1751 1752/1752/1752
f 1751/1751/1751 1753/1753/1753 1752/1752/1752
f 1752/1752/1752 1753/1753/1753 1754/1754/1754
f 1753/1753/1753 1755/1755/1755 1754/1754/1754
f 1754/1754/1754 1755/1755/1755 1756/1756/1756
f 1755/1755/1755 1757/1757/1757 1756/1756/1756
f 1756/1756/1756 1757/1757/1757 1758/1758/1758
f 1757/1757/1757 1759/1759/1759 1758/1758/1758
f 1758/1758/1758 1759/1759/1759 1760/1760/1760
f 1759/1759/1759 1761/1761/1761 1760/1760/1760
f 1760/1760/1760 1761/1761/1761 1762/1762/1762
f 1761/1761/1761 1763/1763/1763 1762/1762/1762
f 1762/1762/1762 1763/1763/1763 1764/1764/1764
f 1763/1763/1763 1765/1765/1765 1764/1764/1764
f 1764/1764/1764 1765/1765/1765 1766/1766/1766
f 1765/1765/1765 1767/1767/1767 1766/1766/1766
f 1766/1766/1766 1767/1767/1767 1768/1768/1768
f 1767/1767/1767 1769/1769/1769 1768/1768/1768
f 1768/1768/1768 1769/1769/1769 1770/1770/1770
f 1769/1769/1769 1771/1771/1771 1770/1770/1770
f 1770/1770/1770 1771/1771/1771 1772/1772/1772
f 1771/1771/1771 1773/1773/1773 1772/1772/1772
f 1772/1772/1772 1773/1773/1773 1774/1774/1774
f 1773/1773/1773 1775/1775/1775 1774/1774/1774
f 1774/1774/1774 1775/1775/1775 1776/1776/1776
f 1775/1775/1775 1777/1777/1777 1776/1776/1776
f 1776/1776/1776 1777/1777/1777 1778/1778/1778
f 1777/1777/1777 1779/1779/1779 1778/1778/1778
f 1778/1778/1778 1779/1779/1779 1780/1780/1780
f 1779/1779/1779 1781/1781/1781 1780/1780/1780
f 1780/1780/1780 1781/1781/1781 1782/1782/1782
f 1781/1781/1781 1783/1783/1783 1782/1782/1782
f 1782/1782/1782 1783/1783/1783 1784/1784/1784
f 1783/1783/1783 1785/1785/1785 1784/1784/1784
f 1784/1784/1784 1785/1785/1785 1786/1786/1786
f 1785/1785/1785 1787/1787/1787 1786/1786/1786
f 1786/1786/1786 1787/1787/1787 1788/1788/1788
f 1787/1787/1787 1789/1789/1789 1788/1788/1788
f 1788/1788/1788 1789/1789/1789 1790/1790/1790
f 1789/1789/1789 1791/1791/1791 1790/1790/1790
f 1790/1790/1790 1791/1791/1791 1792/1792/1792
f 1791/1791/1791 1793/1793/1793 1792/1792/1792
f 1792/1792/1792 1793/1793/1793 1794/1794/1794
f 1793/1793/1793 1795/1795/1795 1794/1794/1794
f 1794/1794/1794 1795/1795/1795 1796/1796/1796
f 1795/1795/1795 1797/1797/1797 1796/1796/1796
f 1796/1796/1796 1797/1797/1797 1798/1798/1798
f 1797/1797/1797 1799/1799/1799 1798/1798/1798
f 1798/1798/1798 1799/1799/1799 1800/1800/1800
f 1799/1799/1799 1801/1801/1801 1800/1800/1800
f 1800/1800/1800 1801/1801/1801 1802/1802/1802
f 1801/1801/1801 1803/1803/1803 1802/1802/1802
f 1802/1802/1802 1803/1803/1803 1804/1804/1804
f 1803/1803/1803 1805/1805/1805 1804/1804/1804
f 1804/1804/1804 1805/1805/1805 1806/1806/1806
f 1805/1805/1805 1807/1807/1807 1806/1806/1806
f 1806/1806/1806 1807/1807/1807 1808/1808/1808
f 1807/1807/1807 1809/1809/1809 1808/1808/1808
f 1808/1808/1808 1809/1809/1809 1810/1810/1810
f 1809/1809/1809 1811/1811/1811 1810/1810/1810
f 1810/1810/1810 1811/1811/1811 1812/1812/1812
f 1811/1811/1811 1813/1813/1813 1812/1812/1812
f 1812/1812/1812 1813/1813/1813 1814/1814/1814
f 1813/1813/1813 1815/1815/1815 1814/1814/1814
f 1814/1814/1814 1815/1815/1815 1816/1816/1816
f 1815/1815/1815 1817/1817/1817 1816/1816/1816
f 1816/1816/1816 1817/1817/1817 1818/1818/1818
f 1817/1817/1817 1819/1819/1819 1818/1818/1818
f 1818/1818/1818 1819/1819/1819 1820/1820/1820
f 1819/1819/1819 1821/1821/1821 1820/1820/1820
f 1820/1820/1820 1821/1821/1821 1822/1822/1822
f 1821/1821/1821 1823/1823/1823 1822/1822/1822
f 1822/1822/1822 1823/1823/1823 1824/1824/1824
f 1823/1823/1823 1825/1825/1825 1824/1824/1824
f 1824/1824/1824 1825/1825/1825 1826/1826/1826
f 1825/1825/1825 1827/1827/1827 1826/1826/1826
f 1826/1826/1826 1827/1827/1827 1828/1828/1828
f 1827/1827/1827 1829/1829/1829 1828/1828/1828
f 1828/1828/1828 1829/1829/1829 1830/1830/1830
f 1829/1829/1829 1831/1831/1831 1830/1830/1830
f 1830/1830/1830 1831/1831/1831 1832/1832/1832
f 1831/1831/1831 1833/1833/1833 1832/1832/1832
f 1832/1832/1832 1833/1833/1833 1834/1834/1834
f 1833/1833/1833 1835/1835/1835 1834/1834/1834
f 1834/1834/1834 1835/1835/1835 1836/1836/1836
f 1835/1835/1835 1837/1837/1837 1836/1836/1836
f 1836/1836/1836 1837/1837/1837 1838/1838/1838
f 1837/1837/1837 1839/1839/1839 1838/1838/1838
f 1838/1838/1838 1839/1839/1839 1840/1840/1840
f 1839/1839/1839 1841/1841/1841 1840/1840/1840
f 1840/1840/1840 1841/1841/1841 1842/1842/1842
f 1841/1841/1841 1843/1843/1843 1842/1842/1842
f 1842/1842/1842 1843/1843/1843 1844/1844/1844
f 1843/1843/1843 1845/1845/1845 1844/1844/1844
f 1844/1844/1844 1845/1845/1845 1846/1846/1846
f 1845/1845/1845 1847/1847/1847 1846/1846/1846
f 1846/1846/1846 1847/1847/1847 1848/1848/1848
f 1847/1847/1847 1849/1849/1849 1848/1848/1848
f 1848/1848/1848 1849/1849/1849 1850/1850/1850
f 1849/1849/1849 1851/1851/1851 1850/1850/1850
f 1850/1850/1850 1851/1851/1851 1852/1852/1852
f 1851/1851/1851 1853/1853/1853 1852/1852/1852
f 1852/1852/1852 1853/1853/1853 1854/1854/1854
f 1853/1853/1853 1855/1855/1855 1854/1854/1854
f 1854/1854/1854 1855/1855/1855 1856/1856/1856
f 1855/1855/1855 1857/1857/1857 1856/1856/1856
f 1856/1856/1856 1857/1857/1857 1858/1858/1858
f 1857/1857/1857 1859/1859/1859 1858/1858/1858
f 1858/1858/1858 1859/1859/1859 1860/1860/1860
f 1859/1859/1859 1861/1861/1861 1860/1860/1860
f 1860/1860/1860 1861/1861/1861 1862/1862/1862
f 1861/1861/1861 1863/1863/1863 1862/1862/1862
f 1862/1862/1862 1863/1863/1863 1864/1864/1864
f 1863/1863/1863 1865/1865/1865 1864/1864/1864
f 1864/1864/1864 1865/1865/1865 1866/1866/1866
f 1865/1865/1865 1867/1867/1867 1866/1866/1866
f 1866/1866/1866 1867/1867/1867 1868/1868/1868
f 1867/1867/1867 1869/1869/1869 1868/1868/1868
f 1868/1868/1868 1869/1869/1869 1870/1870/1870
f 1869/1869/1869 1871/1871/1871 1870/1870/1870
f 1870/1870/1870 1871/1871/1871 1872/1872/1872
f 1871/1871/1871 1873/1873/1873 1872/1872/1872
f 1872/1872/1872 1873/1873/1873 1874/1874/1874
f 1873/1873/1873 1875/1875/1875 1874/1874/1874
f 1874/1874/1874 1875/1875/1875 1876/1876/1876
f 1875/1875/1875 1877/1877/1877 1876/1876/1876
f 1876/1876/1876 1877/1877/1877 1878/1878/1878
f 1877/1877/1877 1879/1879/1879 1878/1878/1878
f 1878/1878/1878 1879/1879/1879 1880/1880/1880
f 1879/1879/1879 1881/1881/1881 1880/1880/1880
f 1880/1880/1880 1881/1881/1881 1882/1882/1882
f 1881/1881/1881 1883/1883/1883 1882/1882/1882
f 1882/1882/1882 1883/1883/1883 1884/1884/1884
f 1883/1883/1883 1885/1885/1885 1884/1884/1884
f 1884/1884/1884 1885/1885/1885 1886/1886/1886
f 1885/1885/1885 1887/1887/1887 1886/1886/1886
f 1886/1886/1886 1887/1887/1887 1888/1888/1888
f 1887/1887/1887 1889/1889/1889 1888/1888/1888
f 1888/1888/1888 1889/1889/1889 1890/1890/1890
f 1889/1889/1889 1891/1891/1891 1890/1890/1890
f 1890/1890/1890 1891/1891/1891 1892/1892/1892
f 1891/1891/1891 1893/1893/1893 1892/1892/1892
f 1892/1892/1892 1893/1893/1893 1894/1894/1894
f 1893/1893/1893 1895/1895/1895 1894/1894/1894
f 1894/1894/1894 1895/1895/1895 1896/1896/1896
f 1895/1895/1895 1897/1897/1897 1896/1896/1896
f 1896/1896/1896 1897/1897/1897 1898/1898/1898
f 1897/1897/1897 1899/1899/1899 1898/1898/1898
f 1898/1898/1898 1899/1899/1899 1900/1900/1900
f 1899/1899/1899 1901/1901/1901 1900/1900/1900
f 1900/1900/1900 1901/1901/1901 1902/1902/1902
f 1901/1901/1901 1903/1903/1903 1902/1902/1902
f 1902/1902/1902 1903/1903/1903 1904/1904/1904
f 1903/1903/1903 1905/1905/1905 1904/1904/1904
f 1904/1904/1904 1905/1905/1905 1906/1906/1906
f 1905/1905/1905 1907/1907/1907 1906/1906/1906
f 1906/1906/1906 1907/1907/1907 1908/1908/1908
f 1907/1907/1907 1909/1909/1909 1908/1908/1908
f 1908/1908/1908 1909/1909/1909 1910/1910/1910
f 1909/1909/1909 1911/1911/1911 1910/1910/1910
f 1910/1910/1910 1911/1911/1911 1912/1912/1912
f 1911/1911/1911 1913/1913/1913 1912/1912/1912
f 1912/1912/1912 1913/1913/1913 1914/1914/1914
f 1913/1913/1913 1915/1915/1915 1914/1914/1914
f 1914/1914/1914 1915/1915/1915 1916/1916/1916
f 1915/1915/1915 1917/1917/1917 1916/1916/1916
f 1916/1916/1916 1917/1917/1917 1918/1918/1918
f 1917/1917/1917 1919/1919/1919 1918/1918/1918
f 1918/1918/1918 1919/1919/1919 1920/1920/1920
f 1919/1919/1919 1921/1921/1921 1920/1920/1920
f 1920/1920/1920 1921/1921/1921 1922/1922/1922
f 1921/1921/1921 1923/1923/1923 1922/1922/1922
f 1922/1922/1922 1923/1923/1923 1924/1924/1924
f 1923/1923/1923 1925/1925/1925 1924/1924/1924
f 1924/1924/1924 1925/1925/1925 1926/1926/1926
f 1925/1925/1925 1927/1927/1927 1926/1926/1926
f 1926/1926/1926 1927/1927/1927 1928/1928/1928
f 1927/1927/1927 1929/1929/1929 1928/1928/1928
f 1928/1928/1928 1929/1929/1929 1930/1930/1930
f 1929/1929/1929 1931/1931/1931 1930/1930/1930
f 1930/1930/1930 1931/1931/1931 1932/1932/1932
f 1931/1931/1931 1933/1933/1933 1932/1932/1932
f 1932/1932/1932 1933/1933/1933 1934/1934/1934
f 1933/1933/1933 1935/1935/1935 1934/1934/1934
f 1934/1934/1934 1935/1935/1935 1936/1936/1936
f 1935/1935/1935 1937/1937/1937 1936/1936/1936
f 1936/1936/1936 1937/1937/1937 1938/1938/1938
f 1937/1937/1937 1939/1939/1939 1938/1938/1938
f 1938/1938/1938 1939/1939/1939 1940/1940/1940
f 1939/1939/1939 1941/1941/1941 1940/1940/1940
f 1940/1940/1940 1941/1941/1941 1942/1942/1942
f 1941/1941/1941 1943/1943/1943 1942/1942/1942
f 1942/1942/1942 1943/1943/1943 1944/1944/1944
f 1943/1943/1943 1945/1945/1945 1944/1944/1944
f 1944/1944/1944 1945/1945/1945 1946/1946/1946
f 1945/1945/1945 1947/1947/1947 1946/1946/1946
f 1946/1946/1946 1947/1947/1947 1948/1948/1948
f 1947/1947/1947 1949/1949/1949 1948/1948/1948
f 1948/1948/1948 1949/1949/1949 1950/1950/1950
f 1949/1949/1949 1951/1951/1951 1950/1950/1950
f 1950/1950/1950 1951/1951/1951 1952/1952/1952
f 1951/1951/1951 1953/1953/1953 1952/1952/1952
f 1952/1952/1952 1953/1953/1953 1954/1954/1954
f 1953/1953/1953 1955/1955/1955 1954/1954/1954
f 1954/1954/1954 1955/1955/1955 1956/1956/1956
f 1955/1955/1955 1957/1957/1957 1956/1956/1956
f 1956/1956/1956 1957/1957/1957 1958/1958/1958
f 1957/1957/1957 1959/1959/1959 1958/1958/1958
f 1958/1958/1958 1959/1959/1959 1960/1960/1960
f 1959/1959/1959 1961/1961/1961 1960/1960/1960
f 1960/1960/1960 1961/1961/1961 1962/1962/1962
f 1961/1961/1961 1963/1963/1963 1962/1962/1962
f 1962/1962/1962 1963/1963/1963 1964/1964/1964
f 1963/1963/1963 1965/1965/1965 1964/1964/1964
f 1964/1964/1964 1965/1965/1965 1966/1966/1966
f 1965/1965/1965 1967/1967/1967 1966/1966/1966
f 1966/1966/1966 1967/1967/1967 1968/1968/1968
f 1967/1967/1967 1969/1969/1969 1968/1968/1968
f 1968/1968/1968 1969/1969/1969 1970/1970/1970
f 1969/1969/1969 1971/1971/1971 1970/1970/1970
f 1970/1970/1970 1971/1971/1971 1972/1972/1972
f 1971/1971/1971 1973/1973/1973 1972/1972/1972
f 1972/1972/1972 1973/1973/1973 1974/1974/1974
f 1973/1973/1973 1975/1975/1975 1974/1974/1974
f 1974/1974/1974 1975/1975/1975 1976/1976/1976
f 1975/1975/1975 1977/1977/1977 1976/1976/1976
f 1976/1976/1976 1977/1977/1977 1978/1978/1978
f 1977/1977/1977 1979/1979/1979 1978/1978/1978
f 1978/1978/1978 1979/1979/1979 1980/1980/1980
f 1979/1979/1979 1981/1981/1981 1980/1980/1980
f 1980/1980/1980 1981/1981/1981 1982/1982/1982
f 1981/1981/1981 1983/1983/1983 1982/1982/1982
f 1982/1982/1982 1983/1983/1983 1984/1984/1984
f 1983/1983/1983 1985/1985/1985 1984/1984/1984
f 1984/1984/1984 1985/1985/1985 1986/1986/1986
f 1985/1985/1985 1987/1987/1987 1986/1986/1986
f 1986/1986/1986 1987/1987/1987 1988/1988/1988
f 1987/1987/1987 1989/1989/1989 1988/1988/1988
f 1988/1988/1988 1989/1989/1989 1990/1990/1990
f 1989/1989/1989 1991/1991/1991 1990/1990/1990
f 1990/1990/1990 1991/1991/1991 1992/1992/1992
f 1991/1991/1991 1993/1993/1993 1992/1992/1992
f 1992/1992/1992 1993/1993/1993 1994/1994/1994
f 1993/1993/1993 1995/1995/1995 1994/1994/1994
f 1994/1994/1994 1995/1995/1995 1996/1996/1996
f 1995/1995/1995 1997/1997/1997 1996/1996/1996
f 1996/1996/1996 1997/1997/1997 1998/1998/1998
f 1997/1997/1997 1999/1999/1999 1998/1998/1998
f 1998/1998/1998 1999/1999/1999 2000/2000/2000
f 1999/1999/1999 2001/2001/2001 2000/2000/2000
f 2000/2000/2000 2001/2001/2001 2002/2002/2002
f 2001/2001/2001 2003/2003/2003 2002/2002/2002
f 2002/2002/2002 2003/2003/2003 2004/2004/2004
f 2003/2003/2003 2005/2005/2005 2004/2004/2004
f 2004/2004/2004 2005/2005/2005 2006/2006/2006
f 2005/2005/2005 2007/2007/2007 2006/2006/2006
f 2006/2006/2006 2007/2007/2007 2008/2008/2008
f 2007/2007/2007 2009/2009/2009 2008/2008/2008
f 2008/2008/2008 2009/2009/2009 2010/2010/2010
f 2009/2009/2009 2011/2011/2011 2010/2010/2010
f 2010/2010/2010 2011/2011/2011 2012/2012/2012
f 2011/2011/2011 2013/2013/2013 2012/2012/2012
f 2012/2012/2012 2013/2013/2013 2014/2014/2014
f 2013/2013/2013 2015/2015/2015 2014/2014/2014
f 2014/2014/2014 2015/2015/2015 2016/2016/2016
f 2015/2015/2015 2017/2017/2017 2016/2016/2016
f 2016/2016/2016 2017/2017/2017 2018/2018/2018
f 2017/2017/2017 2019/2019/2019 2018/2018/2018
f 2018/2018/2018 2019/2019/2019 2020/2020/2020
f 2019/2019/2019 2021/2021/2021 2020/2020/2020
f 2020/2020/2020 2021/2021/2021 2022/2022/2022
f 2021/2021/2021 2023/2023/2023 2022/2022/2022
f 2022/2022/2022 2023/2023/2023 2024/2024/2024
f 2023/2023/2023 2025/2025/2025 2024/2024/2024
f 2024/2024/2024 2025/2025/2025 2026/2026/2026
f 2025/2025/2025 2027/2027/2027 2026/2026/2026
f 2026/2026/2026 2027/2027/2027 2028/2028/2028
f 2027/2027/2027 2029/2029/2029 2028/2028/2028
f 2028/2028/2028 2029/2029/2029 2030/2030/2030
f 2029/2029/2029 2031/2031/2031 2030/2030/2030
f 2030/2030/2030 2031/2031/2031 2032/2032/2032
f 2031/2031/2031 2033/2033/2033 2032/2032/2032
f 2032/2032/2032 2033/2033/2033 2034/2034/2034
f 2033/2033/2033 2035/2035/2035 2034/2034/2034
f 2034/2034/2034 2035/2035/2035 2036/2036/2036
f 2035/2035/2035 2037/2037/2037 2036/2036/2036
f 2036/2036/2036 2037/2037/2037 2038/2038/2038
f 2037/2037/2037 2039/2039/2039 2038/2038/2038
f 2038/2038/2038 2039/2039/2039 2040/2040/2040
f 2039/2039/2039 2041/2041/2041 2040/2040/2040
f 2040/2040/2040 2041/2041/2041 2042/2042/2042
f 2041/2041/2041 2043/2043/2043 2042/2042/2042
f 2042/2042/2042 2043/2043/2043 2044/2044/2044
f 2043/2043/2043 2045/2045/2045 2044/2044/2044
f 2044/2044/2044 2045/2045/2045 2046/2046/2046
f 2045/2045/2045 2047/2047/2047 2046/2046/2046
f 2046/2046/2046 2047/2047/2047 2048/2048/2048
f 2047/2047/2047 2049/2049/2049 2048/2048/2048
f 2048/2048/2048 2049/2049/2049 2050/2050/2050
f 2049/2049/2049 2051/2051/2051 2050/2050/2050
f 2050/2050/2050 2051/2051/2051 2052/2052/2052
f 2051/2051/2051 2053/2053/2053 2052/2052/2052
f 2052/2052/2052 2053/2053/2053 2054/2054/2054
f 2053/2053/2053 2055/2055/2055 2054/2054/2054
f 2054/2054/2054 2055/2055/2055 2056/2056/2056
f 2055/2055/2055 2057/2057/2057 2056/2056/2056
f 2056/2056/2056 2057/2057/2057 2058/2058/2058
f 2057/2057/2057 2059/2059/2059 2058/2058/2058
f 2058/2058/2058 2059/2059/2059 2060/2060/2060
f 2059/2059/2059 2061/2061/2061 2060/2060/2060
f 2060/2060/2060 2061/2061/2061 2062/2062/2062
f 2061/2061/2061 2063/2063/2063 2062/2062/2062
f 2062/2062/2062 2063/2063/2063 2064/2064/2064
f 2063/2063/2063 2065/2065/2065 2064/2064/2064
f 2064/2064/2064 2065/2065/2065 2066/2066/2066
f 2065/2065/2065 2067/2067/2067 2066/2066/2066
f 2066/2066/2066 2067/2067/2067 2068/2068/2068
f 2067/2067/2067 2069/2069/2069 2068/2068/2068
f 2068/2068/2068 2069/2069/2069 2070/2070/2070
f 2069/2069/2069 2071/2071/2071 2070/2070/2070
f 2070/2070/2070 2071/2071/2071 2072/2072/2072
f 2071/2071/2071 2073/2073/2073 2072/2072/2072
f 2072/2072/2072 2073/2073/2073 2074/2074/2074
f 2073/2073/2073 2075/2075/2075 2074/2074/2074
f 2074/2074/2074 2075/2075/2075 2076/2076/2076
f 2075/2075/2075 2077/2077/2077 2076/2076/2076
f 2076/2076/2076 2077/2077/2077 2078/2078/2078
f 2077/2077/2077 2079/2079/2079 2078/2078/2078
f 2078/2078/2078 2079/2079/2079 2080/2080/2080
f 2079/2079/2079 2081/2081/2081 2080/2080/2080
f 2080/2080/2080 2081/2081/2081 2082/2082/2082
f 2081/2081/2081 2083/2083/2083 2082/2082/2082
f 2082/2082/2082 2083/2083/2083 2084/2084/2084
f 2083/2083/2083 2085/2085/2085 2084/2084/2084
f 2084/2084/2084 2085/2085/2085 2086/2086/2086
f 2085/2085/2085 2087/2087/2087 2086/2086/2086
f 2086/2086/2086 2087/2087/2087 2088/2088/2088
f 2087/2087/2087 2089/2089/2089 2088/2088/2088
f 2088/2088/2088 2089/2089/2089 2090/2090/2090
f 2089/2089/2089 2091/2091/2091 2090/2090/2090
f 2090/2090/2090 2091/2091/2091 2092/2092/2092
f 2091/2091/2091 2093/2093/2093 2092/2092/2092
f 2092/2092/2092 2093/2093/2093 2094/2094/2094
f 2093/2093/2093 2095/2095/2095 2094/2094/2094
f 2094/2094/2094 2095/2095/2095 2096/2096/2096
f 2095/2095/2095 2097/2097/2097 2096/2096/2096
f 2096/2096/2096 2097/2097/2097 2098/2098/2098
f 2097/2097/2097 2099/2099/2099 2098/2098/2098
f 2098/2098/2098 2099/2099/2099 2100/2100/2100
f 2099/2099/2099 2101/2101/2101 2100/2100/2100
f 2100/2100/2100 2101/2101/2101 2102/2102/2102
f 2101/2101/2101 2103/2103/2103 2102/2102/2102
f 2102/2102/2102 2103/2103/2103 2104/2104/2104
f 2103/2103/2103 2105/2105/2105 2104/2104/2104
f 2104/2104/2104 2105/2105/2105 2106/2106/2106
f 2105/2105/2105 2107/2107/2107 2106/2106/2106
f 2106/2106/2106 2107/2107/2107 2108/2108/2108
f 2107/2107/2107 2109/2109/2109 2108/2108/2108
f 2108/2108/2108 2109/2109/2109 2110/2110/2110
f 2109/2109/2109 2111/2111/2111 2110/2110/2110
f 2110/2110/2110 2111/2111/2111 2112/2112/2112
f 2111/2111/2111 2113/2113/2113 2112/2112/2112
f 2112/2112/2112 2113/2113/2113 2114/2114/2114
f 2113/2113/2113 2115/2115/2115 2114/2114/2114
f 2114/2114/2114 2115/2115/2115 2116/2116/2116
f 2115/2115/2115 2117/2117/2117 2116/2116/2116
f 2116/2116/2116 2117/2117/2117 2118/2118/2118
f 2117/2117/2117 2119/2119/2119 2118/2118/2118
f 2118/2118/2118 2119/2119/2119 2120/2120/2120
f 2119/2119/2119 2121/2121/2121 2120/2120/2120
f 2120/2120/2120 2121/2121/2121 2122/2122/2122
f 2121/2121/2121 2123/2123/2123 2122/2122/2122
f 2122/2122/2122 2123/2123/2123 2124/2124/2124
f 2123/2123/2123 2125/2125/2125 2124/2124/2124
f 2124/2124/2124 2125/2125/2125 2126/2126/2126
f 2125/2125/2125 2127/2127/2127 2126/2126/2126
f 2126/2126/2126 2127/2127/2127 2128/2128/2128
f 2127/2127/2127 2129/2129/2129 2128/2128/2128
f 2128/2128/2128 2129/2129/2129 2130/2130/2130
f 2129/2129/2129 2131/2131/2131 2130/2130/2130
f 2130/2130/2130 2131/2131/2131 2132/2132/2132
f 2131/2131/2131 2133/2133/2133 2132/2132/2132
f 2132/2132/2132 2133/2133/2133 2134/2134/2134
f 2133/2133/2133 2135/2135/2135 2134/2134/2134
f 2134/2134/2134 2135/2135/2135 2136/2136/2136
f 2135/2135/2135 2137/2137/2137 2136/2136/2136
f 2136/2136/2136 2137/2137/2137 2138/2138/2138
f 2137/2137/2137 2139/2139/2139 2138/2138/2138
f 2138/2138/2138 2139/2139/2139 2140/2140/2140
f 2139/2139/2139 2141/2141/2141 2140/2140/2140
f 2140/2140/2140 2141/2141/2141 2142/2142/2142
f 2141/2141/2141 2143/2143/2143 2142/2142/2142
f 2142/2142/2142 2143/2143/2143 2144/2144/2144
f 2143/2143/2143 2145/2145/2145 2144/2144/2144
f 2144/2144/2144 2145/2145/2145 2146/2146/2146
f 2145/2145/2145 2147/2147/2147 2146/2146/2146
f 2146/2146/2146 2147/2147/2147 2148/2148/2148
f 2147/2147/2147 2149/2149/2149 2148/2148/2148
f 2148/2148/2148 2149/2149/2149 2150/2150/2150
f 2149/2149/2149 2151/2151/2151 2150/2150/2150
f 2150/2150/2150 2151/2151/2151 2152/2152/2152
f 2151/2151/2151 2153/2153/2153 2152/2152/2152
f 2152/2152/2152 2153/2153/2153 2154/2154/2154
f 2153/2153/2153 2155/2155/2155 2154/2154/2154
f 2154/2154/2154 2155/2155/2155 2156/2156/2156
f 2155/2155/2155 2157/2157/2157 2156/2156/2156
f 2156/2156/2156 2157/2157/2157 2158/2158/2158
f 2157/2157/2157 2159/2159/2159 2158/2158/2158
f 2158/2158/2158 2159/2159/2159 2160/2160/2160
f 2159/2159/2159 2161/2161/2161 2160/2160/2160
f 2160/2160/2160 2161/2161/2161 2162/2162/2162
f 2161/2161/2161 2163/2163/2163 2162/2162/2162
f 2162/2162/2162 2163/2163/2163 2164/2164/2164
f 2163/2163/2163 2165/2165/2165 2164/2164/2164
f 2164/2164/2164 2165/2165/2165 2166/2166/2166
f 2165/2165/2165 2167/2167/2167 2166/2166/2166
f 2166/2166/2166 2167/2167/2167 2168/2168/2168
f 2167/2167/2167 2169/2169/2169 2168/2168/2168
f 2168/2168/2168 2169/2169/2169 2170/2170/2170
f 2169/2169/2169 2171/2171/2171 2170/2170/2170
f 2170/2170/2170 2171/2171/2171 2172/2172/2172
f 2171/2171/2171 2173/2173/2173 2172/2172/2172
f 2172/2172/2172 2173/2173/2173 2174/2174/2174
f 2173/2173/2173 2175/2175/2175 2174/2174/2174
f 2174/2174/2174 2175/2175/2175 2176/2176/2176
f 2175/2175/2175 2177/2177/2177 2176/2176/2176
f 2176/2176/2176 2177/2177/2177 2178/2178/2178
f 2177/2177/2177 2179/2179/2179 2178/2178/2178
f 2178/2178/2178 2179/2179/2179 2180/2180/2180
f 2179/2179/2179 2181/2181/2181 2180/2180/2180
f 2180/2180/2180 2181/2181/2181 2182/2182/2182
f 2181/2181/2181 2183/2183/2183 2182/2182/2182
f 2182/2182/2182 2183/2183/2183 2184/2184/2184
f 2183/2183/2183 2185/2185/2185 2184/2184/2184
f 2184/2184/2184 2185/2185/2185 2186/2186/2186
f 2185/2185/2185 2187/2187/2187 2186/2186/2186
f 2186/2186/2186 2187/2187/2187 2188/2188/2188
f 2187/2187/2187 2189/2189/2189 2188/2188/2188
f 2188/2188/2188 2189/2189/2189 2190/2190/2190
f 2189/2189/2189 2191/2191/2191 2190/2190/2190
f 2190/2190/2190 2191/2191/2191 2192/2192/2192
f 2191/2191/2191 2193/2193/2193 2192/2192/2192
f 2192/2192/2192 2193/2193/2193 2194/2194/2194
f 2193/2193/2193 2195/2195/2195 2194/2194/2194
f 2194/2194/2194 2195/2195/2195 2196/2196/2196
f 2195/2195/2195 2197/2197/2197 2196/2196/2196
f 2196/2196/2196 2197/2197/2197 2198/2198/2198
f 2197/2197/2197 2199/2199/2199 2198/2198/2198
f 2198/2198/2198 2199/2199/2199 2200/2200/2200
f 2199/2199/2199 2201/2201/2201 2200/2200/2200
f 2200/2200/2200 2201/2201/2201 2202/2202/2202
f 2201/2201/2201 2203/2203/2203 2202/2202/2202
f 2202/2202/2202 2203/2203/2203 2204/2204/2204
f 2203/2203/2203 2205/2205/2205 2204/2204/2204
f 2204/2204/2204 2205/2205/2205 2206/2206/2206
f 2205/2205/2205 2207/2207/2207 2206/2206/2206
f 2206/2206/2206 2207/2207/2207 2208/2208/2208
f 2207/2207/2207 2209/2209/2209 2208/2208/2208
f 2208/2208/2208 2209/2209/2209 2210/2210/2210
f 2209/2209/2209 2211/2211/2211 2210/2210/2210
f 2210/2210/2210 2211/2211/2211 2212/2212/2212
f 2211/2211/2211 2213/2213/2213 2212/2212/2212
f 2212/2212/2212 2213/2213/2213 2214/2214/2214
f 2213/2213/2213 2215/2215/2215 2214/2214/2214
f 2214/2214/2214 2215/2215/2215 2216/2216/2216
f 2215/2215/2215 2217/2217/2217 2216/2216/2216
f 2216/2216/2216 2217/2217/2217 2218/2218/2218
f 2217/2217/2217 2219/2219/2219 2218/2218/2218
f 2218/2218/2218 2219/2219/2219 2220/2220/2220
f 2219/2219/2219 2221/2221/2221 2220/2220/2220
f 2220/2220/2220 2221/2221/2221 2222/2222/2222
f 2221/2221/2221 2223/2223/2223 2222/2222/2222
f 2222/2222/2222 2223/2223/2223 2224/2224/2224
f 2223/2223/2223 2225/2225/2225 2224/2224/2224
f 2224/2224/2224 2225/2225/2225 2226/2226/2226
f 2225/2225/2225 2227/2227/2227 2226/2226/2226
f 2226/2226/2226 2227/2227/2227 2228/2228/2228
f 2227/2227/2227 2229/2229/2229 2228/2228/2228
f 2228/2228/2228 2229/2229/2229 2230/2230/2230
f 2229/2229/2229 2231/2231/2231 2230/2230/2230
f 2230/2230/2230 2231/2231/2231 2232/2232/2232
f 2231/2231/2231 2233/2233/2233 2232/2232/2232
f 2232/2232/2232 2233/2233/2233 2234/2234/2234
f 2233/2233/2233 2235/2235/2235 2234/2234/2234
f 2234/2234/2234 2235/2235/2235 2236/2236/2236
f 2235/2235/2235 2237/2237/2237 2236/2236/2236
f 2236/2236/2236 2237/2237/2237 2238/2238/2238
f 2237/2237/2237 2239/2239/2239 2238/2238/2238
f 2238/2238/2238 2239/2239/2239 2240/2240/2240
f 2239/2239/2239 2241/2241/2241 2240/2240/2240
f 2240/2240/2240 2241/2241/2241 2242/2242/2242
f 2241/2241/2241 2243/2243/2243 2242/2242/2242
f 2242/2242/2242 2243/2243/2243 2244/2244/2244
f 2243/2243/2243 2245/2245/2245 2244/2244/2244
f 2244/2244/2244 2245/2245/2245 2246/2246/2246
f 2245/2245/2245 2247/2247/2247 2246/2246/2246
f 2246/2246/2246 2247/2247/2247 2248/2248/2248
f 2247/2247/2247 2249/2249/2249 2248/2248/2248
f 2248/2248/2248 2249/2249/2249 2250/2250/2250
f 2249/2249/2249 2251/2251/2251 2250/2250/2250
f 2250/2250/2250 2251/2251/2251 2252/2252/2252
f 2251/2251/2251 2253/2253/2253 2252/2252/2252
f 2252/2252/2252 2253/2253/2253 2254/2254/2254
f 2253/2253/2253 2255/2255/2255 2254/2254/2254
f 2254/2254/2254 2255/2255/2255 2256/2256/2256
f 2255/2255/2255 2257/2257/2257 2256/2256/2256
f 2256/2256/2256 2257/2257/2257 2258/2258/2258
f 2257/2257/2257 2259/2259/2259 2258/2258/2258
f 2258/2258/2258 2259/2259/2259 2260/2260/2260
f 2259/2259/2259 2261/2261/2261 2260/2260/2260
f 2260/2260/2260 2261/2261/2261 2262/2262/2262
f 2261/2261/2261 2263/2263/2263 2262/2262/2262
f 2262/2262/2262 2263/2263/2263 2264/2264/2264
f 2263/2263/2263 2265/2265/2265 2264/2264/2264
f 2264/2264/2264 2265/2265/2265 2266/2266/2266
f 2265/2265/2265 2267/2267/2267 2266/2266/2266
f 2266/2266/2266 2267/2267/2267 2268/2268/2268
f 2267/2267/2267 2269/2269/2269 2268/2268/2268
f 2268/2268/2268 2269/2269/2269 2270/2270/2270
f 2269/2269/2269 2271/2271/2271 2270/2270/2270
f 2270/2270/2270 2271/2271/2271 2272/2272/2272
f 2271/2271/2271 2273/2273/2273 2272/2272/2272
f 2272/2272/2272 2273/2273/2273 2274/2274/2274
f 2273/2273/2273 2275/2275/2275 2274/2274/2274
f 2274/2274/2274 2275/2275/2275 2276/2276/2276
f 2275/2275/2275 2277/2277/2277 2276/2276/2276
f 2276/2276/2276 2277/2277/2277 2278/2278/2278
f 2277/2277/2277 2279/2279/2279 2278/2278/2278
f 2278/2278/2278 2279/2279/2279 2280/2280/2280
f 2279/2279/2279 2281/2281/2281 2280/2280/2280
f 2280/2280/2280 2281/2281/2281 2282/2282/2282
f 2281/2281/2281 2283/2283/2283 2282/2282/2282
f 2282/2282/2282 2283/2283/2283 2284/2284/2284
f 2283/2283/2283 2285/2285/2285 2284/2284/2284
f 2284/2284/2284 2285/2285/2285 2286/2286/2286
f 2285/2285/2285 2287/2287/2287 2286/2286/2286
f 2286/2286/2286 2287/2287/2287 2288/2288/2288
f 2287/2287/2287 2289/2289/2289 2288/2288/2288
f 2288/2288/2288 2289/2289/2289 2290/2290/2290
f 2289/2289/2289 2291/2291/2291 2290/2290/2290
f 2290/2290/2290 2291/2291/2291 2292/2292/2292
f 2291/2291/2291 2293/2293/2293 2292/2292/2292
f 2292/2292/2292 2293/2293/2293 2294/2294/2294
f 2293/2293/2293 2295/2295/2295 2294/2294/2294
f 2294/2294/2294 2295/2295/2295 2296/2296/2296
f 2295/2295/2295 2297/2297/2297 2296/2296/2296
f 2296/2296/2296 2297/2297/2297 2298/2298/2298
f 2297/2297/2297 2299/2299/2299 2298/2298/2298
f 2298/2298/2298 2299/2299/2299 2300/2300/2300
f 2299/2299/2299 2301/2301/2301 2300/2300/2300
f 2300/2300/2300 2301/2301/2301 2302/2302/2302
f 2301/2301/2301 2303/2303/2303 2302/2302/2302
f 2302/2302/2302 2303/2303/2303 2304/2304/2304
f 2303/2303/2303 2305/2305/2305 2304/2304/2304
f 2304/2304/2304 2305/2305/2305 2306/2306/2306
f 2305/2305/2305 2307/2307/2307 2306/2306/2306
f 2306/2306/2306 2307/2307/2307 2308/2308/2308
f 2307/2307/2307 2309/2309/2309 2308/2308/2308
f 2308/2308/2308 2309/2309/2309 2310/2310/2310
f 2309/2309/2309 2311/2311/2311 2310/2310/2310
f 2310/2310/2310 2311/2311/2311 2312/2312/2312
f 2311/2311/2311 2313/2313/2313 2312/2312/2312
f 2312/2312/2312 2313/2313/2313 2314/2314/2314
f 2313/2313/2313 2315/2315/2315 2314/2314/2314
f 2314/2314/2314 2315/2315/2315 2316/2316/2316
f 2315/2315/2315 2317/2317/2317 2316/2316/2316
f 2316/2316/2316 2317/2317/2317 2318/2318/2318
f 2317/2317/2317 2319/2319/2319 2318/2318/2318
f 2318/2318/2318 2319/2319/2319 2320/2320/2320
f 2319/2319/2319 2321/2321/2321 2320/2320/2320
f 2320/2320/2320 2321/2321/2321 2322/2322/2322
f 2321/2321/2321 2323/2323/2323 2322/2322/2322
f 2322/2322/2322 2323/2323/2323 2324/2324/2324
f 2323/2323/2323 2325/2325/2325 2324/2324/2324
f 2324/2324/2324 2325/2325/2325 2326/2326/2326
f 2325/2325/2325 2327/2327/2327 2326/2326/2326
f 2326/2326/2326 2327/2327/2327 2328/2328/2328
f 2327/2327/2327 2329/2329/2329 2328/2328/2328
f 2328/2328/2328 2329/2329/2329 2330/2330/2330
f 2329/2329/2329 2331/2331/2331 2330/2330/2330
f 2330/2330/2330 2331/2331/2331 2332/2332/2332
f 2331/2331/2331 2333/2333/2333 2332/2332/2332
f 2332/2332/2332 2333/2333/2333 2334/2334/2334
f 2333/2333/2333 2335/2335/2335 2334/2334/2334
f 2334/2334/2334 2335/2335/2335 2336/2336/2336
f 2335/2335/2335 2337/2337/2337 2336/2336/2336
f 2336/2336/2336 2337/2337/2337 2338/2338/2338
f 2337/2337/2337 2339/2339/2339 2338/2338/2338
f 2338/2338/2338 2339/2339/2339 2340/2340/2340
f 2339/2339/2339 2341/2341/2341 2340/2340/2340
f 2340/2340/2340 2341/2341/2341 2342/2342/2342
f 2341/2341/2341 2343/2343/2343 2342/2342/2342
f 2342/2342/2342 2343/2343/2343 2344/2344/2344
f 2343/2343/2343 2345/2345/2345 2344/2344/2344
f 2344/2344/2344 2345/2345/2345 2346/2346/2346
f 2345/2345/2345 2347/2347/2347 2346/2346/2346
f 2346/2346/2346 2347/2347/2347 2348/2348/2348
f 2347/2347/2347 2349/2349/2349 2348/2348/2348
f 2348/2348/2348 2349/2349/2349 2350/2350/2350
f 2349/2349/2349 2351/2351/2351 2350/2350/2350
f 2350/2350/2350 2351/2351/2351 2352/2352/2352
f 2351/2351/2351 2353/2353/2353 2352/2352/2352
f 2352/2352/2352 2353/2353/2353 2354/2354/2354
f 2353/2353/2353 2355/2355/2355 2354/2354/2354
f 2354/2354/2354 2355/2355/2355 2356/2356/2356
f 2355/2355/2355 2357/2357/2357 2356/2356/2356
f 2356/2356/2356 2357/2357/2357 2358/2358/2358
f 2357/2357/2357 2359/2359/2359 2358/2358/2358
f 2358/2358/2358 2359/2359/2359 2360/2360/2360
f 2359/2359/2359 2361/2361/2361 2360/2360/2360
f 2360/2360/2360 2361/2361/2361 2362/2362/2362
f 2361/2361/2361 2363/2363/2363 2362/2362/2362
f 2362/2362/2362 2363/2363/2363 2364/2364/2364
f 2363/2363/2363 2365/2365/2365 2364/2364/2364
f 2364/2364/2364 2365/2365/2365 2366/2366/2366
f 2365/2365/2365 2367/2367/2367 2366/2366/2366
f 2366/2366/2366 2367/2367/2367 2368/2368/2368
f 2367/2367/2367 2369/2369/2369 2368/2368/2368
f 2368/2368/2368 2369/2369/2369 2370/2370/2370
f 2369/2369/2369 2371/2371/2371 2370/2370/2370
f 2370/2370/2370 2371/2371/2371 2372/2372/2372
f 2371/2371/2371 2373/2373/2373 2372/2372/2372
f 2372/2372/2372 2373/2373/2373 2374/2374/2374
f 2373/2373/2373 2375/2375/2375 2374/2374/2374
f 2374/2374/2374 2375/2375/2375 2376/2376/2376
f 2375/2375/2375 2377/2377/2377 2376/2376/2376
f 2376/2376/2376 2377/2377/2377 2378/2378/2378
f 2377/2377/2377 2379/2379/2379 2378/2378/2378
f 2378/2378/2378 2379/2379/2379 2380/2380/2380
f 2379/2379/2379 2381/2381/2381 2380/2380/2380
f 2380/2380/2380 2381/2381/2381 2382/2382/2382
f 2381/2381/2381 2383/2383/2383 2382/2382/2382
f 2382/2382/2382 2383/2383/2383 2384/2384/2384
f 2383/2383/2383 2385/2385/2385 2384/2384/2384
f 2384/2384/2384 2385/2385/2385 2386/2386/2386
f 2385/2385/2385 2387/2387/2387 2386/2386/2386
f 2386/2386/2386 2387/2387/2387 2388/2388/2388
f 2387/2387/2387 2389/2389/2389 2388/2388/2388
f 2388/2388/2388 2389/2389/2389 2390/2390/2390
f 2389/2389/2389 2391/2391/2391 2390/2390/2390
f 2390/2390/2390 2391/2391/2391 2392/2392/2392
f 2391/2391/2391 2393/2393/2393 2392/2392/2392
f 2392/2392/2392 2393/2393/2393 2394/2394/2394
f 2393/2393/2393 2395/2395/2395 2394/2394/2394
f 2394/2394/2394 2395/2395/2395 2396/2396/2396
f 2395/2395/2395 2397/2397/2397 2396/2396/2396
f 2396/2396/2396 2397/2397/2397 2398/2398/2398
f 2397/2397/2397 2399/2399/2399 2398/2398/2398
f 2398/2398/2398 2399/2399/2399 2400/2400/2400
f 2399/2399/2399 2401/2401/2401 2400/2400/2400
f 2400/2400/2400 2401/2401/2401 2402/2402/2402
f 2401/2401/2401 2403/2403/2403 2402/2402/2402
f 2402/2402/2402 2403/2403/2403 2404/2404/2404
f 2403/2403/2403 2405/2405/2405 2404/2404/2404
f 2404/2404/2404 2405/2405/2405 2406/2406/2406
f 2405/2405/2405 2407/2407/2407 2406/2406/2406
f 2406/2406/2406 2407/2407/2407 2408/2408/2408
f 2407/2407/2407 2409/2409/2409 2408/2408/2408
f 2408/2408/2408 2409/2409/2409 2410/2410/2410
f 2409/2409/2409 2411/2411/2411 2410/2410/2410
f 2410/2410/2410 2411/2411/2411 2412/2412/2412
f 2411/2411/2411 2413/2413/2413 2412/2412/2412
f 2412/2412/2412 2413/2413/2413 2414/2414/2414
f 2413/2413/2413 2415/2415/2415 2414/2414/2414
f 2414/2414/2414 2415/2415/2415 2416/2416/2416
f 2415/2415/2415 2417/2417/2417 2416/2416/2416
f 2416/2416/2416 2417/2417/2417 2418/2418/2418
f 2417/2417/2417 2419/2419/2419 2418/2418/2418
f 2418/2418/2418 2419/2419/2419 2420/2420/2420
f 2419/2419/2419 2421/2421/2421 2420/2420/2420
f 2420/2420/2420 2421/2421/2421 2422/2422/2422
f 2421/2421/2421 2423/2423/2423 2422/2422/2422
f 2422/2422/2422 2423/2423/2423 2424/2424/2424
f 2423/2423/2423 2425/2425/2425 2424/2424/2424
f 2424/2424/2424 2425/2425/2425 2426/2426/2426
f 2425/2425/2425 2427/2427/2427 2426/2426/2426
f 2426/2426/2426 2427/2427/2427 2428/2428/2428
f 2427/2427/2427 2429/2429/2429 2428/2428/2428
f 2428/2428/2428 2429/2429/2429 2430/2430/2430
f 2429/2429/2429 2431/2431/2431 2430/2430/2430
f 2430/2430/2430 2431/2431/2431 2432/2432/2432
f 2431/2431/2431 2433/2433/2433 2432/2432/2432
f 2432/2432/2432 2433/2433/2433 2434/2434/2434
f 2433/2433/2433 2435/2435/2435 2434/2434/2434
f 2434/2434/2434 2435/2435/2435 2436/2436/2436
f 2435/2435/2435 2437/2437/2437 2436/2436/2436
f 2436/2436/2436 2437/2437/2437 2438/2438/2438
f 2437/2437/2437 2439/2439/2439 2438/2438/2438
f 2438/2438/2438 2439/2439/2439 2440/2440/2440
f 2439/2439/2439 2441/2441/2441 2440/2440/2440
f 2440/2440/2440 2441/2441/2441 2442/2442/2442
f 2441/2441/2441 2443/2443/2443 2442/2442/2442
f 2442/2442/2442 2443/2443/2443 2444/2444/2444
f 2443/2443/2443 2445/2445/2445 2444/2444/2444
f 2444/2444/2444 2445/2445/2445 2446/2446/2446
f 2445/2445/2445 2447/2447/2447 2446/2446/2446
f 2446/2446/2446 2447/2447/2447 2448/2448/2448
f 2447/2447/2447 2449/2449/2449 2448/2448/2448
f 2448/2448/2448 2449/2449/2449 2450/2450/2450
f 2449/2449/2449 2451/2451/2451 2450/2450/2450
f 2450/2450/2450 2451/2451/2451 2452/2452/2452
f 2451/2451/2451 2453/2453/2453 2452/2452/2452
f 2452/2452/2452 2453/2453/2453 2454/2454/2454
f 2453/2453/2453 2455/2455/2455 2454/2454/2454
f 2454/2454/2454 2455/2455/2455 2456/2456/2456
f 2455/2455/2455 2457/2457/2457 2456/2456/2456
f 2456/2456/2456 2457/2457/2457 2458/2458/2458
f 2457/2457/2457 2459/2459/2459 2458/2458/2458
f 2458/2458/2458 2459/2459/2459 2460/2460/2460
f 2459/2459/2459 2461/2461/2461 2460/2460/2460
f 2460/2460/2460 2461/2461/2461 2462/2462/2462
f 2461/2461/2461 2463/2463/2463 2462/2462/2462
f 2462/2462/2462 2463/2463/2463 2464/2464/2464
f 2463/2463/2463 2465/2465/2465 2464/2464/2464
f 2464/2464/2464 2465/2465/2465 2466/2466/2466
f 2465/2465/2465 2467/2467/2467 2466/2466/2466
f 2466/2466/2466 2467/2467/2467 2468/2468/2468
f 2467/2467/2467 2469/2469/2469 2468/2468/2468
f 2468/2468/2468 2469/2469/2469 2470/2470/2470
f 2469/2469/2469 2471/2471/2471 2470/2470/2470
f 2470/2470/2470 2471/2471/2471 2472/2472/2472
f 2471/2471/2471 2473/2473/2473 2472/2472/2472
f 2472/2472/2472 2473/2473/2473 2474/2474/2474
f 2473/2473/2473 2475/2475/2475 2474/2474/2474
f 2474/2474/2474 2475/2475/2475 2476/2476/2476
f 2475/2475/2475 2477/2477/2477 2476/2476/2476
f 2476/2476/2476 2477/2477/2477 2478/2478/2478
f 2477/2477/2477 2479/2479/2479 2478/2478/2478
f 2478/2478/2478 2479/2479/2479 2480/2480/2480
