# MCO FRD road extraction

o road_strip
v -424.246905 0.233459 -683.173915
v -410.499189 0.233459 -662.054235
v -421.310173 0.233459 -678.642199
v -407.562482 0.233459 -657.522557
v -418.373522 0.233459 -674.110621
v -404.625831 0.233459 -652.990980
v -415.436846 0.233459 -669.578944
v -401.689130 0.233459 -648.459264
v -412.500123 0.233459 -665.047241
v -398.752440 0.233459 -643.927612
v -409.563417 0.233459 -660.515625
v -395.815717 0.233459 -639.395971
v -406.626727 0.233459 -655.984034
v -392.879011 0.233459 -634.864354
v -403.690034 0.233459 -651.452393
v -389.942351 0.233459 -630.332764
v -400.753375 0.233459 -646.920680
v -387.005683 0.233459 -625.801038
v -397.816668 0.233459 -642.389003
v -384.068952 0.233459 -621.269323
v -394.879937 0.233459 -637.857287
v -381.132254 0.233459 -616.737658
v -391.943255 0.233459 -633.325709
v -378.195539 0.233459 -612.206029
v -389.006596 0.233459 -628.794119
v -375.258863 0.233459 -607.674413
v -386.069895 0.233459 -624.262403
v -372.322187 0.233459 -603.142736
v -383.133210 0.233459 -619.730774
v -369.385511 0.233459 -598.611119
v -380.196520 0.233459 -615.199122
v -366.448821 0.233459 -594.079468
v -377.259814 0.233459 -610.667506
v -363.512098 0.233459 -589.547826
v -374.323155 0.233459 -606.135854
v -360.575447 0.233459 -585.016187
v -371.386406 0.233459 -601.604113
v -357.638732 0.233459 -580.484497
v -368.449786 0.233459 -597.072474
v -354.702086 0.233459 -575.952820
v -365.513063 0.233459 -592.540771
v -351.765363 0.233459 -571.421117
v -362.576356 0.233459 -588.009155
v -348.828657 0.233459 -566.889501
v -359.639666 0.233459 -583.477565
v -345.891950 0.233459 -562.357885
v -356.702960 0.233459 -578.945948
v -342.955260 0.233459 -557.826294
v -353.766331 0.233459 -574.414297
v -340.018598 0.233459 -553.294591
v -350.829608 0.233459 -569.882594
v -337.081908 0.233459 -548.762939
v -347.892868 0.233459 -565.350866
v -334.145185 0.233459 -544.231237
v -344.956225 0.233459 -560.819300
v -331.208509 0.233459 -539.699620
v -342.019518 0.233459 -556.287623
v -328.271819 0.233459 -535.167969
v -339.082795 0.233459 -551.755920
v -325.335096 0.233459 -530.636266
v -336.146111 0.233459 -547.224291
v -322.398420 0.233459 -526.104650
v -333.577727 0.233459 -543.049330
v -319.599309 0.233459 -522.081702
v -328.084702 0.233459 -540.150890
v -321.012479 0.233459 -515.701205
v -320.966446 0.233459 -535.078266
v -327.934554 0.233459 -510.075054
v -321.728522 0.233459 -529.313632
v -330.532969 0.233459 -505.701706
v -323.567082 0.233459 -524.235955
v -332.546460 0.233459 -500.690028
v -325.438490 0.233459 -519.170042
v -334.591312 0.233459 -495.691061
v -327.410646 0.233459 -514.143062
v -336.563480 0.233459 -490.664052
v -329.382773 0.233459 -509.116144
v -338.535640 0.233459 -485.637049
v -331.354921 0.233459 -504.089138
v -340.507777 0.233459 -480.610071
v -333.326346 0.233459 -499.061883
v -342.479191 0.233459 -475.582845
v -335.370543 0.233459 -494.062599
v -344.349921 0.233459 -470.516672
v -337.314701 0.233459 -489.024743
v -346.294074 0.233459 -465.478830
v -339.258843 0.233459 -483.986929
v -348.238227 0.233459 -460.440988
v -341.203012 0.233459 -478.948984
v -350.182380 0.233459 -455.403085
v -343.147135 0.233459 -473.911111
v -352.563508 0.233459 -449.219288
v -345.152671 0.233459 -468.896414
v -354.814160 0.233459 -442.986058
v -347.207165 0.233459 -463.897966
v -357.202891 0.233459 -435.576745
v -350.012816 0.233459 -459.165595
v -357.894603 0.233459 -425.735944
v -356.914848 0.233459 -454.013334
v -348.276182 0.233459 -429.537113
v -356.771198 0.233459 -447.901125
v -340.244035 0.233459 -419.753299
v -354.115635 0.233459 -443.388983
v -338.666845 0.233459 -417.077763
v -351.387707 0.233459 -438.728718
v -337.339734 0.233459 -414.803264
v -348.659763 0.233459 -434.068396
v -335.900311 0.233459 -412.337453
v -345.931843 0.233459 -429.408092
v -333.172375 0.233459 -407.677122
v -343.203922 0.233459 -424.747870
v -330.444439 0.233459 -403.016874
v -340.476002 0.233459 -420.087618
v -327.716518 0.233459 -398.356622
v -337.748020 0.233459 -415.427313
v -324.988568 0.233459 -393.696370
v -335.020130 0.233459 -410.767061
v -322.260647 0.233459 -389.036066
v -332.292149 0.233459 -406.106757
v -319.532681 0.233459 -384.375787
v -329.564259 0.233459 -401.446474
v -316.804775 0.233459 -379.715478
v -326.836307 0.233459 -396.786170
v -314.076839 0.233459 -375.055200
v -324.108387 0.233459 -392.125918
v -311.348919 0.233459 -370.394948
v -321.380451 0.233459 -387.465609
v -308.620968 0.233459 -365.734613
v -318.652485 0.233459 -382.805278
v -305.893032 0.233459 -361.074335
v -315.924564 0.233459 -378.145026
v -303.165096 0.233459 -356.414056
v -313.196629 0.233459 -373.484747
v -300.437161 0.233459 -351.753778
v -310.468693 0.233459 -368.824469
v -297.709225 0.233459 -347.093500
v -307.740757 0.233459 -364.164160
v -294.981273 0.233459 -342.433164
v -305.012775 0.233459 -359.503825
v -292.253292 0.233459 -337.772829
v -302.284893 0.233459 -354.843586
v -289.525417 0.233459 -333.112604
v -299.556980 0.233459 -350.183295
v -286.797512 0.233459 -328.452325
v -296.828998 0.233459 -345.522990
v -284.069546 0.233459 -323.792047
v -294.101109 0.233459 -340.862769
v -281.341625 0.233459 -319.131773
v -291.373158 0.233459 -336.202547
v -278.613674 0.233459 -314.471551
v -288.645252 0.233459 -331.542269
v -275.885784 0.233459 -309.811299
v -285.917302 0.233459 -326.881986
v -273.157818 0.233459 -305.150991
v -283.189335 0.233459 -322.221625
v -270.429867 0.233459 -300.490655
v -280.461399 0.233459 -317.561347
v -267.701931 0.233459 -295.830377
v -277.733479 0.233459 -312.901095
v -264.974011 0.233459 -291.170125
v -275.005566 0.233459 -308.240803
v -262.246121 0.233459 -286.509873
v -272.277622 0.233459 -303.580512
v -259.518154 0.233459 -281.849542
v -269.549709 0.233459 -298.920159
v -256.790257 0.233459 -277.189216
v -266.821758 0.233459 -294.259907
v -254.062275 0.233459 -272.528911
v -264.093807 0.233459 -289.599655
v -251.334324 0.233459 -267.868659
v -261.365887 0.233459 -284.939377
v -248.606403 0.233459 -263.208381
v -258.637920 0.233459 -280.279015
v -245.878437 0.233459 -258.548019
v -255.909984 0.233459 -275.618706
v -243.150516 0.233459 -253.887737
v -253.182049 0.233459 -270.958428
v -240.422581 0.233459 -249.227459
v -250.454128 0.233459 -266.298150
v -237.694676 0.233459 -244.567207
v -249.621815 0.233582 -260.241125
v -232.103820 0.233582 -242.125927
v -248.088307 0.234283 -252.022850
v -224.183795 0.234283 -244.713206
v -243.910471 0.235458 -249.543186
v -219.133078 0.235458 -244.947379
v -238.647873 0.236694 -248.289773
v -213.764388 0.236694 -244.308416
v -233.332155 0.237930 -247.332583
v -208.418318 0.237930 -243.545680
v -227.998048 0.239182 -246.491905
v -203.084212 0.239182 -242.705002
v -222.663896 0.240417 -245.651189
v -197.750105 0.240417 -241.864293
v -217.329714 0.241669 -244.810456
v -192.415892 0.241669 -241.023555
v -211.995439 0.242905 -243.970472
v -187.081618 0.242905 -240.183571
v -206.660982 0.244141 -243.131819
v -181.747221 0.244141 -239.344927
v -201.326433 0.245377 -242.293778
v -176.412642 0.245377 -238.506882
v -195.991869 0.246613 -241.455765
v -171.078047 0.246613 -237.668864
v -190.657335 0.247849 -240.617757
v -165.743513 0.247849 -236.830856
v -185.310837 0.249069 -239.857914
v -160.427398 0.249069 -235.876564
v -179.940424 0.250275 -239.227588
v -155.163121 0.250275 -234.631798
v -174.716157 0.251419 -239.006638
v -150.340699 0.251419 -232.613075
v -167.827525 0.251434 -242.055501
v -148.515582 0.251434 -224.798020
v -160.472779 0.249283 -240.722119
v -149.391496 0.249283 -217.753643
v -157.776009 0.246017 -235.689446
v -147.393327 0.246017 -212.727746
v -155.387241 0.242661 -230.841520
v -145.412356 0.242661 -207.699784
v -153.236317 0.239304 -225.888395
v -136.848985 0.239304 -187.869785
v -151.085386 0.235931 -220.935256
v -135.489151 0.235931 -184.751991
v -148.934452 0.232574 -215.982175
v -133.905223 0.232574 -181.114363
v -146.692594 0.229614 -211.067678
v -132.391173 0.229614 -176.919387
v -144.604545 0.227112 -206.087729
v -130.484046 0.227112 -172.371435
v -142.520979 0.224686 -201.105917
v -128.420674 0.224686 -167.437841
v -140.437401 0.222244 -196.124076
v -126.406113 0.222244 -162.620797
v -138.353843 0.219803 -191.142234
v -124.374379 0.219803 -157.762696
v -136.270265 0.217377 -186.160393
v -122.332515 0.217377 -152.880460
v -134.186699 0.214935 -181.178596
v -120.267451 0.214935 -147.942842
v -132.103126 0.212509 -176.196769
v -118.193080 0.212509 -142.982985
v -130.019563 0.210068 -171.214928
v -116.164506 0.210068 -138.132443
v -127.705448 0.207397 -166.326411
v -114.730427 0.207397 -133.042659
v -125.662614 0.204483 -161.326698
v -112.949445 0.204483 -127.989941
v -123.713289 0.201538 -156.290824
v -110.967111 0.201538 -122.867512
v -121.763978 0.198593 -151.254966
v -112.784606 0.198593 -127.709054
v -119.814668 0.195648 -146.219078
v -110.835295 0.195648 -122.673165
v -117.865343 0.192688 -141.183189
v -108.885964 0.192688 -117.637262
v -115.916032 0.189743 -136.147331
v -106.936659 0.189743 -112.601418
v -117.815007 0.186798 -141.202516
v -104.987349 0.186798 -107.565545
v -115.863652 0.183762 -136.167436
v -103.035989 0.183762 -102.530450
v -110.146152 0.180542 -121.009638
v -100.993319 0.180542 -97.530629
v -108.187631 0.177216 -115.977334
v -99.034786 0.177216 -92.498296
v -106.229094 0.173889 -110.945003
v -97.076249 0.173889 -87.465965
v -104.270578 0.170563 -105.912744
v -95.117733 0.170563 -82.433706
v -102.300464 0.167389 -100.885050
v -93.147625 0.167389 -77.406026
v -100.410671 0.164734 -95.825682
v -91.017179 0.164734 -72.441882
v -98.372164 0.162460 -90.825254
v -88.978677 0.162460 -67.441468
v -96.500846 0.160721 -85.756170
v -86.694979 0.160721 -62.542278
v -94.460111 0.159653 -80.755996
v -84.485220 0.159653 -57.614246
v -92.408996 0.158783 -75.759706
v -82.192896 0.158783 -52.723404
v -90.332915 0.158020 -70.772535
v -79.785273 0.158020 -47.886142
v -88.157565 0.157135 -65.828862
v -77.369803 0.157135 -43.054699
v -86.002062 0.155670 -60.873198
v -74.812286 0.155670 -38.293828
v -83.598818 0.153809 -56.037566
v -72.409042 0.153809 -33.458195
v -81.410902 0.151443 -51.091926
v -69.665897 0.151443 -28.796323
v -78.889889 0.148636 -46.316577
v -67.144877 0.148636 -24.020961
v -76.368878 0.145828 -41.541187
v -64.623866 0.145828 -19.245570
v -73.847858 0.143021 -36.765809
v -62.102846 0.143021 -14.470193
v -71.486314 0.140274 -31.904688
v -59.349616 0.140274 -9.819878
v -68.878381 0.137634 -27.176399
v -56.741676 0.137634 -5.091576
v -66.256287 0.135025 -22.455771
v -54.119575 0.135025 -0.370933
v -63.634186 0.132416 -17.735128
v -51.497481 0.132416 4.349695
v -61.012070 0.129807 -13.014486
v -48.875358 0.129807 9.070351
v -58.389969 0.127182 -8.293844
v -46.253257 0.127182 13.790993
v -55.767861 0.124573 -3.573204
v -43.631149 0.124573 18.511633
v -53.150796 0.121719 1.150246
v -41.014091 0.121719 23.235069
v -50.539651 0.118576 5.876976
v -38.402946 0.118576 27.961800
v -47.929391 0.115387 10.604164
v -35.792686 0.115387 32.688988
v -45.319123 0.112213 15.331339
v -33.182410 0.112213 37.416176
v -42.708840 0.109024 20.058540
v -30.572135 0.109024 42.143364
v -40.098580 0.105835 24.785744
v -27.961875 0.105835 46.870567
v -37.488305 0.102646 29.512932
v -25.351600 0.102646 51.597755
v -34.732076 0.100830 34.161326
v -22.987071 0.100830 56.456929
v -32.163666 0.100922 38.911681
v -20.575348 0.100922 61.289124
v -29.525759 0.102570 43.628419
v -18.335989 0.102570 66.207776
v -26.963830 0.106766 48.386959
v -16.176062 0.106766 71.161136
v -24.417373 0.114243 53.159254
v -14.201280 0.114243 76.195543
v -21.952863 0.125702 57.977543
v -12.388049 0.125702 81.291775
v -19.495373 0.143051 62.815242
v -10.931445 0.143051 86.515416
v -16.945727 0.168976 67.663686
v -10.180585 0.168976 91.938609
v -14.078842 0.186798 72.575235
v -10.879348 0.186798 97.571280
v -12.144577 0.170166 77.844925
v -12.144577 0.170166 103.044907
v -11.005926 0.210639 83.309851
v -13.984797 0.012048 108.332361
v -10.800252 0.211800 88.808780
v -15.971018 -0.185951 113.469357
v -11.304321 0.175637 94.239812
v -18.067567 -0.421120 118.507929
v -12.228905 0.101788 99.603864
v -20.372414 -0.692700 123.438525
v -13.647190 -0.004146 104.831429
v -22.619534 -1.001073 128.358909
v -15.351217 -0.153329 109.962045
v -24.905283 -1.347587 133.250082
v -17.321393 -0.337755 114.988345
v -27.112140 -1.736433 138.166440
v -19.358741 -0.658647 119.979490
v -29.318352 -2.052992 143.085787
v -21.563004 -0.827369 124.909821
v -31.343917 -2.623864 148.064635
v -23.725445 -1.145233 129.849084
v -33.330280 -3.146240 153.060767
v -25.888350 -1.511016 134.785865
v -35.246288 -3.701171 158.081156
v -27.907714 -1.994201 139.770697
v -37.265657 -4.184358 163.066003
v -29.920241 -2.478713 144.758124
v -39.278184 -4.668870 168.053430
v -32.073619 -2.963153 149.690297
v -41.085256 -5.165998 173.120555
v -34.116542 -3.459727 154.666068
v -42.887578 -5.652486 178.188393
v -36.069749 -3.940800 159.678098
v -44.664871 -6.139552 183.264712
v -38.145863 -4.509584 164.641594
v -46.149639 -6.510528 188.452828
v -40.124321 -4.961636 169.657153
v -47.470375 -6.947056 193.680737
v -42.013575 -5.471245 174.707309
v -48.576879 -7.261237 198.971646
v -43.824406 -5.940555 179.799572
v -49.406673 -7.535489 204.321674
v -45.498606 -6.454150 184.946557
v -49.895834 -7.653394 209.730933
v -47.170995 -6.895691 190.147118
v -49.755976 -7.691070 215.201545
v -48.538319 -7.238223 195.458097
v -49.138073 -7.638059 220.647769
v -49.384843 -7.482834 200.860865
v -48.186202 -7.482834 226.032323
v -49.727475 -7.634192 206.301569
v -46.944949 -7.236688 231.344305
v -49.737492 -7.702628 211.758212
v -45.337492 -6.902628 236.558210
v -49.327041 -7.588941 217.183898
v -43.548661 -6.592669 241.692200
v -48.465089 -7.501929 222.537895
v -41.710261 -6.111229 246.775810
v -47.335297 -7.255493 227.828842
v -39.742950 -5.657104 251.804673
v -45.935923 -7.045306 233.051517
v -37.752920 -5.049451 256.802182
v -44.259250 -6.770284 238.181853
v -35.847592 -4.366953 261.814607
v -42.516623 -6.241116 243.266073
v -33.927713 -3.844211 266.835642
v -40.582724 -5.783733 248.288912
v -32.239816 -3.201404 271.927153
v -38.722777 -5.299984 253.336776
v -30.564302 -2.514164 277.016251
v -36.974120 -4.698819 258.410323
v -28.815645 -1.912998 282.089799
v -35.225462 -4.097668 263.483840
v -27.066987 -1.311847 287.163315
v -33.476795 -3.496519 268.557343
v -25.318315 -0.710697 292.236832
v -31.728138 -2.895369 273.630860
v -23.569658 -0.109546 297.310349
v -29.979476 -2.294201 278.704421
v -21.821001 0.491619 302.383897
v -28.230818 -1.693051 283.777969
v -20.072343 1.092770 307.457444
v -26.487842 -1.002408 288.843277
v -18.322491 1.586606 312.542710
v -24.664536 -0.351906 293.886514
v -16.671834 2.045905 317.664803
v -22.937322 0.258409 298.967490
v -14.938838 2.457992 322.762978
v -21.213906 0.989088 304.042289
v -13.201037 2.591662 327.880577
v -19.470362 1.742707 309.121859
v -11.503668 2.340209 333.021940
v -17.681042 2.124969 314.212811
v -9.892078 2.124969 338.178852
v -15.995098 2.130295 319.342571
v -8.206135 2.130295 343.308613
v -14.321558 2.343894 324.478921
v -6.534795 1.744912 348.438193
v -12.562778 2.667168 329.606253
v -4.974484 0.869941 353.569284
v -10.990469 2.423212 334.769959
v -3.230936 0.234625 358.645446
v -9.329885 1.946512 339.886109
v -1.570353 -0.242074 363.761596
v -7.669302 1.469827 345.002290
v 0.090231 -0.718759 368.877776
v -6.008718 0.993127 350.118440
v 1.750814 -1.195459 373.993926
v -4.348140 0.516429 355.234575
v 3.411398 -1.672159 379.110076
v -2.687567 0.039743 360.350770
v 5.071966 -2.148843 384.226256
v -1.026983 -0.436957 365.466920
v 6.732554 -2.625544 389.342421
v 0.717140 -0.910456 370.556575
v 8.295921 -3.104314 394.489567
v 2.356651 -1.385386 375.679683
v 9.935432 -3.579244 399.612675
v 3.988793 -1.859706 380.805172
v 11.567573 -4.053563 404.738163
v 5.620328 -2.490974 385.917654
v 13.208621 -4.288201 409.880685
v 7.259561 -3.055654 391.036243
v 14.855490 -4.454905 415.023388
v 8.904797 -3.455679 396.165003
v 16.503834 -4.655527 420.161962
v 10.550549 -3.950851 401.292363
v 18.156055 -4.551285 425.309749
v 12.300126 -4.458704 406.398730
v 19.668166 -4.060431 430.494215
v 13.976298 -4.732377 411.544829
v 21.151475 -3.337204 435.661394
v 15.607641 -4.562468 416.693332
v 22.592036 -2.766481 440.839383
v 17.119794 -4.313535 421.873973
v 24.095446 -2.121188 445.989797
v 18.611310 -3.823377 427.040660
v 25.586958 -1.631031 451.156469
v 20.102811 -3.333219 432.207408
v 27.078463 -1.140871 456.323232
v 21.674601 -3.003926 437.366961
v 28.455408 -0.411264 461.498654
v 23.220369 -2.509036 442.519054
v 29.810000 0.286565 466.681034
v 24.666129 -1.970051 447.694864
v 31.249764 1.022511 471.834860
v 26.106921 -1.307135 452.855799
v 32.690560 1.685429 476.995810
v 27.610859 -0.788962 458.019254
v 33.995190 2.602713 482.160006
v 28.983495 -0.119616 463.200380
v 35.360835 3.467638 487.314696
v 30.435020 0.659461 468.342709
v 36.625279 4.253806 492.504689
v 32.180870 1.373746 473.429841
v 37.373512 5.168369 497.795317
v 33.782392 2.207009 478.557784
v 37.780627 6.005332 503.146928
v 35.357232 3.033188 483.737443
v 37.558479 6.835342 508.551498
v 36.722015 3.953194 489.002830
v 36.722015 7.544944 513.945534
v 37.596818 4.752815 494.384588
v 35.410140 8.331017 519.233209
v 38.142777 5.608560 499.845563
v 33.360519 8.995993 524.354632
v 38.200437 6.429102 505.368584
v 30.653497 9.606760 529.201025
v 37.597794 7.282893 510.847509
v 27.444375 10.070106 533.742471
v 36.455227 8.067873 516.277634
v 23.666500 10.465759 537.858610
v 34.582004 8.691805 521.480011
v 19.615445 10.886900 541.634979
v 32.073396 9.261872 526.372298
v 15.334410 11.254608 545.104020
v 29.108039 9.782254 531.001633
v 10.745604 11.578579 548.166518
v 25.840823 10.346116 535.480456
v 5.735568 11.739549 550.609162
v 22.096061 10.825059 539.566837
v 0.521881 11.823864 552.551296
v 17.972184 11.219405 543.309114
v -4.907736 11.816273 553.853773
v 13.443179 11.529991 546.525824
v -10.402652 11.728706 554.673150
v 8.580944 11.669693 549.147709
v -15.901409 11.669693 555.119015
v 3.476410 11.653076 551.142922
v -21.375336 11.653076 555.318015
v -1.767013 11.696423 552.667840
v -26.833146 11.497486 555.254029
v -7.105350 11.620899 553.618442
v -33.532324 11.411161 555.296345
v -12.485448 11.549305 554.196941
v -38.955268 11.339227 555.247330
v -17.882200 11.560758 554.577320
v -44.507914 11.138128 555.211265
v -23.279541 11.441481 554.814332
v -49.892419 11.019055 555.236759
v -28.678207 11.323728 554.941103
v -55.275403 10.901551 555.363281
v -34.076782 11.221724 555.067873
v -60.695899 10.799198 555.490398
v -39.474212 11.040032 555.194624
v -66.081901 10.828860 555.616968
v -44.872741 10.983117 555.321394
v -71.466943 10.772052 555.743524
v -50.270843 10.855530 555.448157
v -76.853189 10.855530 555.870099
v -55.669357 10.852341 555.574988
v -82.239665 10.852341 555.996739
v -61.067856 10.857819 555.701758
v -87.627010 10.857819 556.123332
v -66.466415 10.863281 555.828468
v -93.168374 10.863281 556.252309
v -71.864853 10.868744 555.955298
v -98.557108 10.868744 556.378985
v -77.263351 10.874207 556.082068
v -103.946621 10.874207 556.505612
v -82.661835 10.879669 556.208838
v -109.336636 10.879669 556.632248
v -88.060394 10.885132 556.335609
v -114.727476 10.885132 556.758896
v -93.458847 10.890594 556.462378
v -120.118895 10.890594 556.885554
v -98.857330 10.896072 556.589209
v -125.510635 10.896072 557.012278
v -104.255829 10.901535 556.715979
v -130.897538 10.901535 557.138864
v -109.654343 10.906998 556.842749
v -134.657831 10.906998 557.239630
v -115.052978 10.912369 556.967873
v -139.546689 10.912369 557.356662
v -120.450546 10.915115 557.246704
v -144.226685 10.915115 557.246704
v -125.850464 10.915329 557.280884
v -148.800369 10.915329 557.280884
v -131.531464 10.915527 557.315063
v -153.233490 10.915527 557.315063
v -137.550201 10.915741 557.349243
v -157.603317 10.915741 557.349243
v -143.568817 10.915955 557.383423
v -162.627045 10.915955 557.383423
v -149.249939 10.916168 557.417542
v -167.249924 10.916168 557.417542
v -154.649887 10.916382 557.451660
v -172.649811 10.916382 557.451660
v -160.049759 10.916595 557.485901
v -178.049744 10.916595 557.485901
v -165.449646 10.916794 557.520081
v -183.449570 10.916794 557.520081
v -170.849457 10.917007 557.554199
v -188.849442 10.917007 557.554199
v -176.249390 10.917221 557.588379
v -194.249313 10.917221 557.588379
v -181.649277 10.917435 557.622559
v -199.649200 10.917435 557.622559
v -187.049118 10.917648 557.656738
v -205.049103 10.917648 557.656738
v -192.449051 10.917862 557.690918
v -210.448975 10.917862 557.690918
v -197.848923 10.918060 557.725098
v -215.848907 10.918060 557.725098
v -203.248795 10.918274 557.759277
v -221.248718 10.918274 557.759277
v -208.648621 10.918488 557.793457
v -226.648605 10.918488 557.793457
v -214.048187 10.920746 557.796387
v -232.048187 10.920746 557.796387
v -219.449882 10.930252 557.974599
v -237.444738 10.930252 557.546150
v -224.845844 10.947433 557.588483
v -248.201647 10.947433 557.773847
v -230.256008 10.967545 557.262742
v -253.436953 10.967545 558.550572
v -235.730947 10.987717 556.757328
v -258.587812 10.987717 560.414426
v -242.084689 11.003174 554.642708
v -261.964558 11.003174 566.791515
v -248.391809 11.009903 555.398801
v -263.102837 11.009903 573.235924
v -251.832348 11.012238 559.561030
v -266.059033 11.012238 576.810886
v -255.272739 11.014557 563.723092
v -269.430036 11.014557 580.888815
v -258.713178 11.016876 567.885152
v -273.029095 11.016876 585.243202
v -262.153698 11.019211 572.047297
v -273.606433 11.019211 585.933739
v -265.594128 11.021530 576.209406
v -277.046873 11.021530 590.095860
v -269.034559 11.023849 580.371480
v -280.487314 11.023849 594.257946
v -272.475019 11.026169 584.533590
v -283.927783 11.026169 598.420067
v -275.915470 11.028503 588.695687
v -287.368234 11.028503 602.582165
v -279.355978 11.030823 592.857856
v -290.808704 11.030823 606.744286
v -282.796398 11.033142 597.019953
v -294.249134 11.033142 610.906395
v -286.236838 11.035477 601.182074
v -297.689563 11.035477 615.068505
v -289.677249 11.037796 605.344125
v -301.130014 11.037796 619.230602
v -293.117700 11.040115 609.506222
v -304.570474 11.040115 623.392712
v -296.946343 11.045242 613.356299
v -307.516450 11.045242 627.925907
v -301.071660 11.063873 617.120029
v -309.519930 11.063873 633.014231
v -305.056963 11.096405 621.276875
v -310.320506 11.096405 638.490084
v -309.125752 11.117340 626.065630
v -308.755424 11.117340 649.396310
v -309.070669 11.111176 631.456779
v -308.513687 11.111176 654.849993
v -308.860433 11.091766 636.853350
v -308.489052 11.091766 660.250320
v -308.731347 11.070953 638.651850
v -308.517069 11.070953 665.650910
v -308.578766 11.049362 647.651077
v -308.578766 11.049362 671.050797
v -308.554871 11.027435 653.050964
v -308.554871 11.027435 676.450500
v -308.530945 11.005493 658.450867
v -308.530945 11.005493 681.850403
v -308.507019 10.983566 663.850769
v -308.507019 10.983566 687.250717
v -308.490875 10.962082 669.250656
v -308.490875 10.962082 692.650635
v -308.491516 10.941544 674.650635
v -308.491516 10.941544 698.050644
v -308.501099 10.921539 680.050491
v -308.501099 10.921539 703.450485
v -308.510681 10.901520 681.766190
v -308.510681 10.901520 708.850449
v -308.520294 10.881516 690.850418
v -308.520294 10.881516 714.250412
v -308.529877 10.861496 696.250381
v -308.529877 10.861496 719.650375
v -308.539490 10.841492 701.650345
v -308.539490 10.841492 725.050308
v -308.549072 10.821472 707.050247
v -308.549072 10.821472 730.461258
v -309.066354 10.803909 712.449513
v -307.583808 10.803909 735.799607
v -312.314418 10.790619 718.912670
v -300.588452 10.790619 738.883457
v -310.528215 10.777756 724.209413
v -296.785074 10.777756 741.431830
v -307.499040 10.763062 728.715722
v -293.287602 10.763062 744.618998
v -304.071545 10.747696 732.898960
v -289.604719 10.747696 748.197212
v -300.359753 10.732056 736.820957
v -286.224089 10.732056 751.769015
v -296.677522 10.716385 740.771150
v -282.460710 10.716385 755.641609
v -292.807243 10.700836 744.544535
v -278.927254 10.700836 759.730875
v -288.962458 10.685791 748.350694
v -275.599377 10.685791 763.995277
v -284.240102 10.672836 751.575654
v -274.022654 10.672836 769.415643
v -277.605396 10.662354 755.172428
v -277.462543 10.662354 773.171832
v -277.490295 10.652298 760.571228
v -277.490295 10.652298 778.571213
v -277.477417 10.641937 765.971222
v -277.477417 10.641937 783.971207
v -277.464539 10.631592 771.371368
v -277.464539 10.631592 789.371353
v -277.451691 10.621246 776.771393
v -277.451691 10.621246 794.771408
v -277.438843 10.610886 782.171509
v -277.438843 10.610886 800.171494
v -277.425964 10.600540 787.571594
v -277.425964 10.600540 805.571579
v -277.413116 10.590179 792.971741
v -277.413116 10.590179 810.971725
v -275.734308 10.580673 798.486280
v -280.615682 10.580673 821.766680
v -274.070864 10.570801 804.854401
v -286.727508 10.570801 824.297943
v -276.633840 10.559250 809.643423
v -290.490151 10.559250 828.488008
v -279.653339 10.546951 814.129680
v -294.044808 10.546951 832.580282
v -282.875442 10.534302 818.466101
v -306.598350 10.534302 847.894518
v -286.153532 10.521423 822.760998
v -305.764981 10.521423 846.246314
v -289.540400 10.508316 826.968515
v -309.410153 10.508316 850.230665
v -293.042506 10.495132 831.079111
v -312.909048 10.495132 854.337501
v -296.544612 10.481934 835.189585
v -316.412125 10.481934 858.449112
v -300.961872 10.468613 838.493105
v -317.199084 10.468613 864.424173
v -308.066589 10.454666 841.736481
v -308.066589 10.454666 859.736481
v -308.045807 10.440231 847.136581
v -308.045807 10.440231 869.071213
v -308.025024 10.425797 852.536697
v -308.025024 10.425797 880.895615
v -308.004211 10.411346 857.936691
v -308.004211 10.411346 885.174637
v -307.983459 10.396912 863.336716
v -307.983459 10.396912 890.262817
v -307.962646 10.382462 868.736771
v -307.962646 10.382462 895.350693
v -307.941864 10.368011 874.136765
v -307.941864 10.368011 900.776581
v -307.921082 10.353577 879.536850
v -307.921082 10.353577 906.203217
v -307.900299 10.339142 884.936966
v -307.900299 10.339142 911.629822
v -307.879517 10.324692 890.336899
v -307.879517 10.324692 917.055710
v -307.858704 10.310257 895.736984
v -307.858704 10.310257 920.289200
v -307.837921 10.295807 901.137039
v -307.837921 10.295807 919.137009
v -307.817139 10.281357 906.537033
v -307.817139 10.281357 924.537003
v -307.810120 10.398946 911.938036
v -307.810120 10.113268 929.935769
v -307.818573 10.300924 917.337084
v -307.818573 10.015246 935.334817
v -307.828674 10.198064 922.736300
v -307.828674 9.912386 940.734018
v -307.838806 10.095219 928.135470
v -307.838806 9.809541 946.133187
v -307.848907 9.992376 933.534487
v -307.848907 9.706697 951.532235
v -307.857361 9.962102 938.935005
v -307.857361 9.533653 956.929876
v -307.859924 9.886233 944.334905
v -307.859924 9.315092 962.325843
v -307.858307 9.699573 949.731786
v -307.858307 9.128432 967.722724
v -307.846069 9.512011 955.129019
v -307.846069 8.940871 973.119941
v -307.891430 9.377698 960.528196
v -307.748690 8.663997 978.513460
v -307.833691 9.142499 965.924192
v -307.690951 8.428799 983.909441
v -307.777845 8.984192 971.326222
v -307.635154 8.128046 989.305285
v -307.727568 8.852101 976.730155
v -307.585003 7.711577 994.693406
v -307.681099 8.424571 982.115202
v -307.538467 7.426143 1000.086895
v -307.633940 8.169344 987.513815
v -307.491375 7.028820 1005.477067
v -307.701699 7.880746 992.914455
v -307.274338 6.598663 1010.863620
v -307.731030 7.538415 998.312442
v -306.877535 6.115925 1016.235823
v -307.693644 7.156544 1003.710884
v -306.274913 5.595940 1021.586894
v -307.570148 6.743978 1009.112418
v -305.435210 5.036028 1026.903565
v -307.237861 6.291777 1014.501595
v -304.386904 4.438655 1032.177526
v -306.745604 5.795492 1019.880373
v -303.045861 3.803322 1037.383005
v -306.005171 5.187201 1025.218514
v -301.431586 3.186257 1042.512385
v -305.052329 4.555148 1030.526972
v -299.481242 2.555270 1047.525931
v -303.880229 4.001739 1035.814995
v -297.168908 1.859828 1052.379108
v -302.365317 3.354563 1041.003852
v -294.543316 1.221290 1057.074508
v -300.520373 2.711303 1046.088372
v -291.576277 0.581756 1061.563078
v -298.296006 1.996860 1051.002418
v -288.307367 -0.000868 1065.842681
v -295.809521 1.372412 1055.822694
v -284.669441 -0.627089 1069.819204
v -292.917186 0.750715 1060.404371
v -280.777750 -1.248722 1073.543526
v -289.717796 0.203410 1064.798203
v -276.590617 -1.936891 1076.926575
v -286.224923 -0.443066 1068.960022
v -272.117111 -2.580614 1079.932765
v -282.405942 -1.090572 1072.828262
v -267.404985 -3.233566 1082.543168
v -278.254593 -1.736073 1076.324327
v -262.505536 -3.883672 1084.771549
v -273.829276 -2.384127 1079.462695
v -257.438998 -4.521990 1086.588903
v -269.161555 -3.109617 1082.194786
v -252.247746 -5.099477 1088.022233
v -264.254401 -3.731255 1084.446875
v -246.995857 -5.728112 1089.153751
v -259.216908 -4.421025 1086.369197
v -241.671326 -6.275436 1089.935372
v -254.042237 -4.991190 1087.892972
v -236.324193 -6.848727 1090.464946
v -248.797123 -5.691744 1089.062213
v -230.947848 -7.262480 1090.775744
v -243.483946 -6.253577 1089.916838
v -225.567822 -7.675492 1090.912178
v -238.136527 -6.827742 1090.420211
v -220.181692 -7.967731 1090.990206
v -232.769334 -7.322567 1090.722340
v -214.791920 -8.178634 1091.007695
v -227.387823 -7.720136 1090.885162
v -209.398078 -8.291239 1091.027937
v -223.003444 -8.095607 1091.017822
v -203.998304 -8.246442 1091.017822
v -218.589884 -8.160456 1091.042480
v -198.598447 -8.319118 1091.042480
v -214.169321 -8.211916 1091.064697
v -193.198148 -8.378354 1091.064697
v -208.770081 -8.367203 1091.087158
v -187.797897 -8.367203 1091.087158
v -203.370056 -8.397003 1091.109497
v -182.397507 -8.397003 1091.109497
v -199.767609 -8.407654 1091.131836
v -176.997528 -8.407654 1091.131836
v -196.155518 -8.402359 1091.154175
v -171.597473 -8.402359 1091.154175
v -192.574539 -8.391418 1091.176514
v -166.197540 -8.391418 1091.176514
v -187.170593 -8.380478 1091.198853
v -160.797379 -8.380478 1091.198853
v -181.767242 -8.369537 1091.221191
v -155.397324 -8.369537 1091.221191
v -176.366333 -8.358597 1091.243530
v -149.997269 -8.358597 1091.243530
v -170.969620 -8.347641 1091.265747
v -144.597229 -8.347641 1091.265747
v -165.569687 -8.336700 1091.288086
v -139.197296 -8.336700 1091.288086
v -160.169647 -8.325760 1091.310425
v -133.797256 -8.325760 1091.310425
v -154.769485 -8.314819 1091.332764
v -128.397095 -8.314819 1091.332764
v -149.369431 -8.303879 1091.355225
v -122.997040 -8.303879 1091.355225
v -143.969391 -8.292938 1091.377441
v -117.597000 -8.292938 1091.377441
v -138.569351 -8.281998 1091.399658
v -112.197083 -8.281998 1091.399658
v -133.169434 -8.271057 1091.421997
v -106.797043 -8.271057 1091.421997
v -127.769379 -8.260117 1091.444336
v -101.396988 -8.260117 1091.444336
v -122.369186 -8.249161 1091.466797
v -95.996796 -8.249161 1091.466797
v -116.969147 -8.238220 1091.489014
v -90.596878 -8.238220 1091.489014
v -111.569107 -8.227280 1091.511353
v -85.196716 -8.227280 1091.511353
v -106.169052 -8.216339 1091.533691
v -79.796661 -8.216339 1091.533691
v -100.769012 -8.205399 1091.555908
v -74.396744 -8.205399 1091.555908
v -95.369080 -8.194458 1091.578369
v -68.996689 -8.194458 1091.578369
v -89.968918 -8.183517 1091.600586
v -63.596649 -8.183517 1091.600586
v -84.568863 -8.172577 1091.622925
v -58.196472 -8.172577 1091.622925
v -79.168930 -8.161636 1091.645264
v -52.796539 -8.161636 1091.645264
v -73.768768 -8.150681 1091.667725
v -47.396378 -8.150681 1091.667725
v -68.368713 -8.139740 1091.689941
v -41.996445 -8.139740 1091.689941
v -62.968674 -8.128799 1091.712280
v -36.596283 -8.128799 1091.712280
v -57.568619 -8.117859 1091.734619
v -31.196350 -8.117859 1091.734619
v -52.168579 -8.106918 1091.756958
v -25.796188 -8.106918 1091.756958
v -46.768631 -8.095978 1091.779297
v -20.396255 -8.095978 1091.779297
v -42.320348 -8.231121 1088.426250
v -15.224351 -8.012605 1093.670636
v -34.032601 -8.318013 1083.114691
v -11.491793 -7.888664 1098.356569
v -27.920823 -8.209285 1085.229365
v -7.623763 -7.790789 1102.178456
v -23.214548 -8.104103 1088.077828
v -3.813905 -7.686885 1106.018208
v -18.930195 -7.998613 1091.284200
v -0.080422 -7.579729 1109.924530
v -14.841030 -7.890256 1094.805130
v 3.601156 -7.471116 1113.876026
v -9.533528 -7.750643 1099.823140
v 7.192169 -7.361673 1117.910231
v -5.770637 -7.643977 1103.531983
v 10.726502 -7.251188 1121.993069
v -1.898343 -7.536059 1107.106352
v 14.074561 -7.141666 1126.234397
v 1.963035 -7.426510 1111.039364
v 17.330418 -7.032474 1130.544120
v 6.274937 -7.321289 1114.589071
v 20.040990 -6.927974 1135.238151
v 11.109274 -7.095772 1118.127328
v 21.855925 -6.900379 1140.402205
v 13.914727 -7.028257 1123.324802
v 24.057790 -6.836879 1145.333334
v 17.675502 -6.941398 1131.478218
v 26.320450 -6.778285 1150.236124
v 19.983302 -6.883793 1136.265433
v 28.528710 -6.719458 1155.163930
v 23.365291 -6.803404 1143.670669
v 30.781261 -6.660789 1160.071373
v 25.617839 -6.744733 1148.578140
v 33.033816 -6.602119 1164.978858
v 27.718601 -6.682890 1153.555839
v 35.423901 -6.540199 1169.822582
v 30.024220 -6.616346 1158.438530
v 37.729513 -6.473655 1174.705259
v 32.205221 -6.543153 1163.381541
v 40.197673 -6.400430 1179.509167
v 34.545091 -6.462070 1168.248236
v 42.651522 -6.319852 1184.318880
v 36.717547 -6.452576 1173.206342
v 45.385534 -6.168380 1188.979236
v 38.646382 -6.401695 1178.344364
v 48.792444 -5.972988 1193.206202
v 38.747279 -6.500590 1186.406567
v 55.374833 -5.505779 1193.228128
v 43.397913 -6.121853 1189.350008
v 60.717703 -5.270060 1194.176835
v 48.570074 -5.851078 1190.880928
v 65.926158 -4.997501 1195.575606
v 53.754163 -5.582684 1192.371601
v 71.145632 -4.727366 1196.933298
v 58.952832 -5.316263 1193.810385
v 76.378778 -4.459249 1198.238290
v 61.655227 -5.173942 1194.501698
v 81.605201 -4.192796 1199.570954
v 68.079353 -4.848571 1196.138327
v 86.831638 -3.926327 1200.903252
v 74.432174 -4.526705 1197.757085
v 92.057868 -3.659868 1202.235745
v 80.274740 -4.229951 1199.246184
v 97.284217 -3.393419 1203.568264
v 85.501221 -3.963480 1200.578737
v 102.510684 -3.126949 1204.900814
v 92.246482 -3.604946 1202.359548
v 107.758723 -2.848251 1206.143021
v 99.012260 -3.288062 1204.067901
v 113.006691 -2.491631 1207.367401
v 104.251775 -2.984468 1205.339773
v 118.246028 -2.188047 1208.639231
v 109.491185 -2.680864 1206.611501
v 123.485557 -1.884437 1209.910988
v 114.730477 -2.377283 1207.883198
v 128.724879 -1.580854 1211.182692
v 119.969902 -2.073678 1209.155175
v 133.964289 -1.277250 1212.454664
v 125.209447 -1.770082 1210.426931
v 139.203819 -0.973655 1213.726417
v 130.448857 -1.466478 1211.698782
v 144.443229 -0.670051 1214.998268
v 135.688268 -1.162874 1212.970510
v 149.682521 -0.366453 1216.269968
v 140.927693 -0.859285 1214.242239
v 154.921947 -0.062864 1217.541697
v 146.167000 -0.555688 1215.514061
v 160.161387 0.240741 1218.813551
v 151.406514 -0.252108 1216.785936
v 165.400798 0.544314 1220.085402
v 156.645955 0.051497 1218.057668
v 170.640208 0.847917 1221.357127
v 161.897940 0.218948 1219.317341
v 175.860880 1.467667 1222.609417
v 167.145596 0.585880 1220.546980
v 181.068744 2.183619 1223.856581
v 172.374999 1.122726 1221.786065
v 186.271882 2.945268 1225.089423
v 177.585221 1.821939 1223.021162
v 191.482192 3.644492 1226.324541
v 182.805039 2.446010 1224.258890
v 196.672554 4.492037 1227.555266
v 188.004225 3.225804 1225.492425
v 201.871843 5.271846 1228.788825
v 193.202551 4.012974 1226.725750
v 207.069992 6.058990 1230.022109
v 198.400452 4.800095 1227.958970
v 212.267892 6.846111 1231.255329
v 203.598587 5.587067 1229.192369
v 217.466263 7.633117 1232.488784
v 208.791862 6.411080 1230.424602
v 222.674595 8.345559 1233.724596
v 213.995259 7.160770 1231.659361
v 227.877845 9.095228 1234.959320
v 219.198582 7.910449 1232.894102
v 233.081168 9.844908 1236.194061
v 224.401920 8.660131 1234.128847
v 238.284359 10.594569 1237.428771
v 229.600994 9.441980 1235.362499
v 243.497848 11.264518 1238.665849
v 234.798147 10.255017 1236.595143
v 248.733072 11.739886 1239.907543
v 240.017594 10.879312 1237.832706
v 253.963477 12.251038 1241.147710
v 245.234267 11.520360 1239.082594
v 259.214638 12.543314 1242.378779
v 250.465462 12.129069 1240.321129
v 264.477161 12.470818 1243.624700
v 255.717362 12.447203 1241.563870
v 269.731372 12.219333 1244.867986
v 260.973626 12.453643 1242.808001
v 274.978404 11.884344 1246.109940
v 266.227400 12.311149 1244.052696
v 280.215062 11.401382 1247.350600
v 271.476828 12.048402 1245.298539
v 285.439679 10.799692 1248.590593
v 276.708349 11.552411 1246.541836
v 290.671229 10.303698 1249.833897
v 281.949055 11.129866 1247.776061
v 295.884010 9.644994 1251.088469
v 287.171823 10.558148 1249.023222
v 301.106822 9.073271 1252.335640
v 292.393666 9.985991 1250.275451
v 306.328517 8.501129 1253.587834
v 297.614554 9.413594 1251.530320
v 311.549523 7.928720 1254.842731
v 302.835532 8.841206 1252.785325
v 316.770501 7.356332 1256.097735
v 308.048563 8.196883 1254.042915
v 322.004785 6.938535 1257.360377
v 313.272215 7.674838 1255.310415
v 327.237428 6.530149 1258.630015
v 318.502965 7.112060 1256.542870
v 332.471400 6.317109 1259.949806
v 323.732927 6.677745 1257.827708
v 337.715868 6.223015 1261.238181
v 328.967632 6.374815 1259.132093
v 342.957172 6.261079 1262.544176
v 334.204139 6.303205 1260.450001
v 348.193487 6.189470 1263.862037
v 339.440394 6.231596 1261.767602
v 353.429830 6.117861 1265.179660
v 344.676902 6.159970 1263.085502
v 358.666220 6.046236 1266.497531
v 349.913096 6.088362 1264.403219
v 363.902459 5.974627 1267.815258
v 355.149619 6.016751 1265.721000
v 369.138937 5.903017 1269.133029
v 360.396782 5.951322 1266.994094
v 374.359692 5.837802 1270.513201
v 365.639636 5.853088 1268.287432
v 379.568383 5.853088 1271.940874
v 370.858982 5.829178 1269.672682
v 384.787743 5.829178 1273.326128
v 376.089386 5.807144 1271.015529
v 389.989837 5.807144 1274.775487
v 381.320993 5.794052 1272.357804
v 395.162467 5.794052 1276.328719
v 386.511819 5.788055 1273.846574
v 400.353293 5.788055 1277.817488
v 391.701336 5.788101 1275.339599
v 405.542927 5.788101 1279.310547
v 396.893400 5.796921 1276.823699
v 410.726412 5.796921 1280.824983
v 402.080788 5.808472 1278.324835
v 415.913653 5.808472 1282.326077
v 407.267927 5.820038 1279.825900
v 421.100792 5.820038 1283.827142
v 412.455108 5.831604 1281.327108
v 426.288164 5.831604 1285.328405
v 417.642393 5.843170 1282.828215
v 431.475287 5.843170 1286.829466
v 422.829633 5.854736 1284.329440
v 436.662615 5.854736 1288.330716
v 428.016961 5.866302 1285.830691
v 441.849870 5.866302 1289.831945
v 433.204114 5.877853 1287.331637
v 447.036979 5.877853 1291.332879
v 438.391370 5.889420 1288.832858
v 452.224352 5.889420 1292.834134
v 443.578699 5.900986 1290.334100
v 457.411638 5.900986 1294.335363
v 448.598702 5.921478 1292.626300
v 462.922660 5.921478 1294.104169
v 453.937668 5.953735 1293.432555
v 468.321487 5.953735 1294.117499
v 459.331376 5.988846 1293.692443
v 473.715072 5.988846 1294.377381
v 464.725098 6.023956 1293.952454
v 479.108764 6.023956 1294.637390
v 470.118821 6.059052 1294.212463
v 484.502517 6.059052 1294.897401
v 475.512559 6.094162 1294.472472
v 489.896255 6.094162 1295.157410
v 480.906327 6.129272 1294.732482
v 495.290023 6.129272 1295.417420
v 486.300004 6.164368 1294.992492
v 500.683685 6.164368 1295.677429
v 491.693741 6.199478 1295.252502
v 506.077438 6.199478 1295.937440
v 497.087540 6.234573 1295.512511
v 511.471237 6.234573 1296.197449
v 502.481217 6.269684 1295.772521
v 516.864898 6.269684 1296.457458
v 507.874924 6.304794 1296.032531
v 522.258621 6.304794 1296.717469
v 513.268601 6.339890 1296.292541
v 527.652297 6.339890 1296.977479
v 518.662400 6.375000 1296.552551
v 533.046096 6.375000 1297.237489
v 524.056077 6.410110 1296.812560
v 538.439773 6.410110 1297.497498
v 529.449875 6.445206 1297.072570
v 543.833572 6.445206 1297.757508
v 534.843674 6.480316 1297.332580
v 549.227371 6.480316 1298.017518
v 540.237351 6.515411 1297.592468
v 554.621032 6.515411 1298.277405
v 545.631028 6.550522 1297.852355
v 560.014709 6.550522 1298.537292
v 551.024827 6.585632 1298.112365
v 565.408523 6.585632 1298.797303
v 556.418503 6.620728 1298.372497
v 570.802200 6.620728 1299.057435
v 561.812195 6.655838 1298.632385
v 576.195877 6.655838 1299.317322
v 567.205979 6.690948 1298.892394
v 581.589675 6.690948 1299.577332
v 572.599656 6.726044 1299.152404
v 586.983352 6.726044 1299.837342
v 577.993455 6.761154 1299.412414
v 592.377151 6.761154 1300.097352
v 583.388939 6.778351 1299.634428
v 597.766823 6.778351 1300.433199
v 588.780124 6.811203 1299.945481
v 603.157376 6.697098 1300.744217
v 594.167357 6.752561 1300.328290
v 608.555665 6.638368 1300.899254
v 599.559165 6.721952 1300.720947
v 613.957315 6.493410 1300.720947
v 604.960837 6.654047 1300.882086
v 619.345315 6.311560 1300.311273
v 610.369460 6.547592 1300.890914
v 624.697557 6.092732 1299.526334
v 615.769769 6.404899 1300.608349
v 629.995108 5.835885 1298.446097
v 621.150790 6.170386 1300.067416
v 635.204800 5.599084 1296.982389
v 626.496953 5.955901 1299.219566
v 640.283291 5.272281 1295.117845
v 631.766440 5.708270 1297.989821
v 645.200615 4.911327 1292.866619
v 636.946321 5.428762 1296.410124
v 649.889981 4.520435 1290.165375
v 641.992547 5.067731 1294.440653
v 654.305693 4.155647 1287.029963
v 646.814902 4.738119 1291.985117
v 658.440909 3.712295 1283.550563
v 651.428453 4.336383 1289.153065
v 662.195113 3.305533 1279.646332
v 655.760643 3.919237 1285.904326
v 665.569069 2.892774 1275.411592
v 659.753638 3.552606 1282.244956
v 668.566430 2.408088 1270.914224
v 663.366800 3.103896 1278.223142
v 671.198141 1.968919 1266.192385
v 666.635997 2.657199 1273.912320
v 673.373309 1.515282 1261.237040
v 669.556688 2.165969 1269.349959
v 675.008498 1.143754 1256.061174
v 672.035981 1.763511 1264.521385
v 676.131997 0.739508 1250.754221
v 673.975130 1.330511 1259.462564
v 676.815409 0.421621 1245.374778
v 675.481987 0.925186 1254.249015
v 676.957607 0.130621 1239.946848
v 676.461222 0.605006 1248.910772
v 676.689413 -0.193663 1234.534724
v 676.884894 0.249229 1243.515242
v 676.087030 -0.434654 1229.153703
v 676.898087 -0.027887 1238.100644
v 675.071876 -0.712716 1223.833377
v 676.480002 -0.346202 1232.709276
v 673.745837 -0.915820 1218.582761
v 675.725188 -0.593522 1227.350258
v 672.074617 -1.163924 1213.432457
v 674.603702 -0.832846 1222.058943
v 670.156355 -1.403019 1208.374796
v 673.152639 -1.068771 1216.851900
v 668.025606 -1.638441 1203.407679
v 671.397166 -1.305208 1211.744180
v 665.701686 -1.874756 1198.530666
v 669.428536 -1.544735 1206.714111
v 663.131496 -2.117193 1193.776557
v 667.254749 -1.786773 1201.766995
v 660.324863 -2.354796 1189.156873
v 664.803945 -2.064284 1196.956865
v 657.382113 -2.521012 1184.625205
v 662.185120 -2.303401 1192.231415
v 654.199730 -2.645632 1180.253331
v 659.222743 -2.452037 1187.718556
v 651.105878 -2.795003 1175.829064
v 656.175075 -2.594538 1183.262868
v 648.058193 -2.937505 1171.373350
v 653.127468 -2.737040 1178.807302
v 645.010620 -3.080006 1166.917834
v 650.079895 -2.879541 1174.351663
v 641.963055 -3.222506 1162.462208
v 647.032253 -3.022044 1169.895925
v 638.915371 -3.365011 1158.006407
v 643.984680 -3.164544 1165.440287
v 635.867798 -3.507511 1153.550768
v 640.828700 -3.301785 1161.056266
v 633.055561 -3.644718 1148.939314
v 637.819293 -3.488797 1156.573184
v 630.311354 -3.716310 1144.287464
v 634.926511 -3.612927 1152.013547
v 627.636311 -3.840745 1139.597425
v 632.076657 -3.732054 1147.424440
v 625.142266 -3.959411 1134.806122
v 629.305565 -3.842483 1142.782960
v 622.912263 -4.070815 1129.882189
v 626.587209 -3.939946 1138.090537
v 621.220170 -4.168330 1124.730034
v 623.742004 -4.064486 1133.339039
v 621.005787 -4.178495 1119.201917
v 621.859863 -4.142975 1128.133270
v 621.859863 -4.142975 1113.733231
v 621.873291 -4.140305 1134.099411
v 621.873291 -4.140305 1108.333176
v 621.886719 -4.137634 1128.699387
v 621.886719 -4.137634 1102.933212
v 621.900146 -4.134964 1123.299301
v 621.900146 -4.134964 1097.533005
v 621.913574 -4.132294 1117.899033
v 621.913574 -4.132294 1092.132858
v 621.926880 -4.129639 1112.499130
v 621.926880 -4.129639 1086.732895
v 621.940308 -4.126968 1107.098923
v 621.940308 -4.126968 1081.332687
v 621.953735 -4.124298 1090.332779
v 621.953735 -4.124298 1075.932785
v 621.967102 -4.121628 1089.736084
v 621.967102 -4.121628 1070.532639
v 621.980469 -4.118958 1079.532547
v 621.980469 -4.118958 1065.132492
v 621.993896 -4.116302 1074.132523
v 621.993896 -4.116302 1059.732529
v 622.007324 -4.113632 1068.732376
v 622.007324 -4.113632 1054.332321
v 622.020752 -4.110962 1063.332291
v 622.020752 -4.110962 1048.932297
v 622.034119 -4.108292 1058.072830
v 622.034119 -4.108292 1043.391525
v 622.047485 -4.105621 1052.982010
v 622.047485 -4.105621 1037.681992
v 622.060913 -4.102966 1047.891434
v 622.060913 -4.102966 1031.972641
v 622.074341 -4.100296 1042.631973
v 622.074341 -4.100296 1026.431992
v 622.087769 -4.097626 1037.231827
v 622.087769 -4.097626 1021.031784
v 622.101135 -4.094955 1031.831741
v 622.101135 -4.094955 1015.631699
v 622.114502 -4.092285 1026.431656
v 622.114502 -4.092285 1010.231613
v 622.128418 -4.090363 1021.031570
v 622.128418 -4.090363 1004.831528
v 622.150269 -4.019698 1015.631365
v 622.150269 -4.276808 999.433393
v 622.166138 -4.009255 1010.229561
v 622.166138 -4.651605 994.042350
v 622.163513 -4.120779 1004.828754
v 622.163513 -5.147284 988.661297
v 622.157959 -4.361589 999.432137
v 622.157959 -5.770517 983.293510
v 622.160400 -4.776489 994.047378
v 622.160400 -6.439093 977.932908
v 622.168945 -5.348923 988.677749
v 622.168945 -7.011527 972.563280
v 622.179749 -6.053785 983.319962
v 622.179749 -7.335472 967.170700
v 622.192017 -6.677876 977.950075
v 622.192017 -7.448433 961.768369
v 622.206299 -7.206284 972.563004
v 622.206299 -7.206284 956.363083
v 622.223755 -7.214172 967.162933
v 622.223755 -7.214172 950.962982
v 622.241821 -7.217407 961.762970
v 622.241821 -7.217407 945.563019
v 622.260010 -7.220657 956.362762
v 622.260010 -7.220657 940.162811
v 622.278076 -7.223892 950.962860
v 622.278076 -7.223892 934.762909
v 622.296143 -7.227142 945.562851
v 622.296143 -7.227142 929.362885
v 622.314331 -7.230377 940.162750
v 622.314331 -7.230377 923.962784
v 622.332397 -7.233627 934.762665
v 622.332397 -7.233627 918.562714
v 622.350586 -7.236862 929.362457
v 622.350586 -7.236862 913.162506
v 622.368652 -7.240112 923.962494
v 622.368652 -7.240112 907.762543
v 622.386841 -7.243347 918.562347
v 622.386841 -7.243347 902.362396
v 622.404907 -7.246597 913.162262
v 622.404907 -7.246597 885.324249
v 622.430420 -7.210527 907.762272
v 622.430420 -7.339094 891.562862
v 622.462158 -7.053321 902.357302
v 622.462158 -7.823873 886.175718
v 622.487793 -7.204047 896.957397
v 622.487793 -8.358244 880.798645
v 622.503540 -7.437784 891.558212
v 622.503540 -9.100382 875.443803
v 622.518799 -7.871728 886.173432
v 622.518799 -9.928541 870.104582
v 622.547607 -8.668765 880.830509
v 622.547607 -10.457761 864.729550
v 622.525595 -9.336772 875.471138
v 622.653482 -10.999312 859.357292
v 622.573335 -9.959259 870.106709
v 622.701323 -11.495117 853.980205
v 622.623906 -10.579976 864.740638
v 622.752071 -11.861618 848.591943
v 622.841874 -11.183684 870.789759
v 622.523119 -11.821195 830.626619
v 622.691356 -11.502369 853.978189
v 622.562793 -11.630932 837.779257
v 622.624585 -11.552951 848.578958
v 622.496022 -11.681514 832.379965
v 622.557934 -11.603534 843.179361
v 622.429371 -11.732098 826.980368
v 622.491284 -11.654117 837.779886
v 622.362721 -11.782680 821.580893
v 622.424633 -11.704700 832.380411
v 622.296070 -11.833264 816.181418
v 622.357983 -11.755283 826.980997
v 622.229420 -11.883846 810.782004
v 622.291271 -11.805866 821.581521
v 622.162708 -11.934430 805.382529
v 622.224560 -11.856464 816.182168
v 622.095997 -11.985027 799.983176
v 622.157910 -11.907047 810.782754
v 622.029346 -12.035610 794.583762
v 622.091199 -11.957629 805.383340
v 621.962636 -12.086193 789.184348
v 622.024609 -12.008213 799.983804
v 621.896046 -12.136776 783.784812
v 621.957897 -12.058796 794.584207
v 621.829334 -12.187359 778.385214
v 621.891186 -12.109378 789.184854
v 621.762623 -12.237942 772.985861
v 622.466408 -12.180328 783.785629
v 620.360182 -12.180328 767.330739
v 623.802973 -12.403533 777.776648
v 615.213991 -11.598316 763.148538
v 621.310406 -12.170283 772.976351
v 612.338074 -11.273050 759.517853
v 618.409557 -11.857238 768.429951
v 609.142471 -10.956271 755.172869
v 615.324823 -11.538602 764.009028
v 606.057772 -10.637639 750.751996
v 612.240106 -11.219953 759.588130
v 602.973055 -10.318990 746.331097
v 609.148379 -10.900755 755.172310
v 599.881310 -9.999790 741.915252
v 606.049371 -10.581001 750.761321
v 596.782329 -9.680038 737.504301
v 602.950529 -10.261256 746.350543
v 593.683478 -9.360293 733.093511
v 600.458687 -10.007989 742.921694
v 590.688726 -9.044753 728.610763
v 597.732774 -9.692670 739.741101
v 588.156204 -8.808679 723.829263
v 591.819613 -9.109940 737.174398
v 589.816791 -8.955876 717.762429
v 590.311597 -8.989777 731.221478
v 590.461134 -8.989777 712.379803
v 590.377529 -8.989777 724.497170
v 590.516554 -8.989777 706.979992
v 590.443529 -8.989777 717.779713
v 590.572096 -8.989777 701.580211
v 590.499071 -8.989777 712.379872
v 590.627638 -8.989777 696.180431
v 590.554613 -8.989777 706.980091
v 590.726036 -8.989777 685.380766
v 590.610155 -8.989777 701.580311
v 590.781578 -8.989777 679.980986
v 590.665697 -8.989777 696.180470
v 590.837121 -8.989777 674.581084
v 590.721117 -8.989777 690.780628
v 590.892541 -8.989777 669.181242
v 590.776659 -8.989777 685.380848
v 590.948082 -8.989777 663.781523
v 590.832201 -8.989777 679.981007
v 591.046480 -8.989777 652.981797
v 590.887743 -8.989777 674.581165
v 591.144878 -8.989777 642.182117
v 590.943163 -8.989777 669.181385
v 591.157442 -8.989777 642.182237
v 590.998705 -8.989777 663.781483
v 591.212349 -8.989777 636.862334
v 591.054125 -8.989777 658.381687
v 591.268404 -8.989777 631.382554
v 591.109667 -8.989777 652.981861
v 591.323946 -8.989777 625.982713
v 591.165209 -8.989777 647.582021
v 591.379488 -8.989777 620.582869
v 591.220751 -8.989777 642.182225
v 591.435030 -8.989777 615.183089
v 591.276232 -8.989777 636.782399
v 591.447655 -8.989777 615.183072
v 591.331712 -8.989777 631.382680
v 591.460280 -8.989777 615.183177
v 591.387254 -8.989777 625.982839
v 591.515822 -8.989777 609.783335
v 591.442674 -8.989777 620.582998
v 591.571242 -8.989777 604.383494
v 591.498216 -8.989777 615.183156
v 591.626784 -8.989777 598.983653
v 591.553758 -8.989777 609.783254
v 591.682325 -8.989777 593.583812
v 591.609300 -8.989777 604.383474
v 591.737867 -8.989777 588.184031
v 591.664720 -8.989777 598.983693
v 591.793287 -8.989777 582.784251
v 591.720262 -8.989777 593.583852
v 591.848829 -8.989777 577.384410
v 591.775804 -8.989777 588.184072
v 591.908958 -8.989777 571.406660
v 591.831346 -8.989777 582.784291
v 591.969087 -8.989777 565.428986
v 591.882371 -8.989777 577.384557
v 592.029746 -8.989777 558.815377
v 594.480231 -8.988983 571.383794
v 585.301317 -8.988983 553.959415
v 592.550868 -8.987244 566.263876
v 581.796845 -8.987244 551.090391
v 589.642376 -8.985245 561.697803
v 578.929859 -8.985245 548.101146
v 586.312693 -8.983200 557.446496
v 576.286973 -8.983200 544.721544
v 582.982966 -8.981140 553.194997
v 572.957266 -8.981140 540.470069
v 579.652856 -8.979095 548.943995
v 569.627136 -8.979095 536.219043
v 576.321364 -8.977036 544.693922
v 566.295654 -8.977036 531.968982
v 572.989127 -8.974991 540.444641
v 562.963416 -8.974991 527.719701
v 569.656941 -8.972931 536.195288
v 559.631174 -8.972931 523.470276
v 566.668576 -8.970901 532.684126
v 556.536585 -8.970901 519.039712
v 563.425060 -8.969009 529.258954
v 554.014952 -8.969009 514.230871
v 557.538710 -8.968796 526.587736
v 555.923590 -8.968796 508.087271
v 556.436384 -8.970596 520.424701
v 556.295702 -8.970596 502.698695
v 556.380201 -8.972855 513.498174
v 556.251634 -8.972855 497.298701
v 556.336196 -8.975113 508.098394
v 556.207628 -8.975113 491.898921
v 556.292250 -8.977386 502.698491
v 556.163683 -8.977386 486.499018
v 556.248243 -8.979645 497.298436
v 556.119676 -8.979645 481.099025
v 556.204298 -8.981903 491.898565
v 556.075732 -8.981903 475.699153
v 556.160353 -8.984177 486.498632
v 556.031786 -8.984177 470.299220
v 556.116346 -8.986435 481.098638
v 555.987779 -8.986435 464.899165
v 556.072341 -8.988693 475.698827
v 555.943774 -8.988693 459.499354
v 556.028395 -8.990967 470.298894
v 555.899828 -8.990967 454.099421
v 555.984388 -8.993225 464.898870
v 555.855821 -8.993225 448.699397
v 555.940383 -8.995483 459.499089
v 555.811815 -8.995483 443.299617
v 555.896375 -8.997757 454.099004
v 555.767808 -8.997757 437.899531
v 555.852370 -9.000015 448.699224
v 555.723803 -9.000015 432.499751
v 555.808425 -9.002274 443.299321
v 555.679857 -9.002274 427.099849
v 555.764478 -9.004547 437.899236
v 555.635911 -9.004547 421.699763
v 555.684692 -9.006714 432.499664
v 555.684692 -9.006714 416.299713
v 555.660692 -9.008713 427.099660
v 555.789259 -9.008713 410.900218
v 555.728319 -9.010620 421.699956
v 555.856886 -9.010620 405.500544
v 555.795824 -9.012527 416.300298
v 555.924391 -9.012527 400.100886
v 555.863451 -9.014435 410.900640
v 555.992018 -9.014435 394.701228
v 555.930956 -9.016357 405.500920
v 556.059523 -9.016357 389.301509
v 555.998583 -9.018265 400.101262
v 556.127150 -9.018265 383.901851
v 556.066088 -9.020172 394.701574
v 556.194655 -9.020172 378.502162
v 556.133593 -9.022079 389.301885
v 556.262160 -9.022079 373.102473
v 556.201098 -9.023987 383.902227
v 556.329664 -9.023987 367.702815
v 556.268725 -9.025894 378.502507
v 556.397291 -9.025894 362.303096
v 556.336230 -9.027817 373.102819
v 556.464796 -9.027817 356.903407
v 556.403857 -9.029724 367.703130
v 556.532423 -9.029724 351.503718
v 556.471361 -9.031631 362.303472
v 556.599928 -9.031631 346.104060
v 556.446295 -9.033401 356.902811
v 556.831900 -9.033401 340.707418
v 556.494804 -9.034912 351.501809
v 557.137156 -9.034912 335.314537
v 556.709219 -9.036270 346.106026
v 557.351572 -9.036270 329.918754
v 556.923636 -9.037643 340.710152
v 557.565988 -9.037643 324.522880
v 557.138052 -9.039001 335.314339
v 557.805637 -9.039001 318.491200
v 557.352530 -9.040375 329.918496
v 558.041139 -9.040375 312.565561
v 557.568228 -9.041733 324.522728
v 558.299795 -9.041733 306.087226
v 557.658440 -9.042831 319.120488
v 558.896160 -9.042831 299.626400
v 558.005793 -9.043701 313.731511
v 559.296317 -9.043701 293.405754
v 558.363825 -9.044525 308.343463
v 559.675463 -9.044525 287.685157
v 558.598999 -9.045090 302.946312
v 560.399299 -9.045090 282.324691
v 559.083014 -9.045425 297.567849
v 560.883315 -9.045425 276.946227
v 559.486502 -9.043243 292.182387
v 561.610937 -9.043243 271.591710
v 560.027143 -9.037033 286.809605
v 562.313070 -9.037033 266.236260
v 560.614247 -9.027313 281.441816
v 563.061260 -9.027313 260.886902
v 561.190927 -9.011139 276.071837
v 563.980451 -9.011139 255.560628
v 561.945807 -8.990387 270.724867
v 564.735326 -8.990387 250.213703
v 562.579588 -8.965210 265.360381
v 565.849990 -8.965210 244.920364
v 563.466123 -8.935760 260.033614
v 566.736536 -8.935760 239.593537
v 564.214482 -8.904480 254.683509
v 567.989598 -8.904480 234.330708
v 565.172372 -8.870926 249.369095
v 569.105822 -8.870926 229.046270
v 566.132684 -8.836884 244.054597
v 570.380627 -8.836884 223.795174
v 567.160972 -8.802826 238.752247
v 571.755624 -8.802826 218.568597
v 568.324845 -8.769394 233.479316
v 573.075105 -8.769394 213.331659
v 569.495618 -8.738098 228.206963
v 574.593454 -8.738098 208.144511
v 570.719050 -8.710175 222.944955
v 576.276118 -8.710175 203.004887
v 572.075147 -8.686584 217.716449
v 577.978115 -8.686584 197.875917
v 573.541592 -8.668518 212.518255
v 579.743740 -8.668518 192.769312
v 575.085921 -8.657196 207.342656
v 581.631825 -8.657196 187.704942
v 576.729387 -8.653885 202.198026
v 583.618747 -8.653885 182.678173
v 578.419067 -8.659866 197.066341
v 585.795001 -8.659866 177.725002
v 580.271299 -8.676468 191.992849
v 587.987376 -8.676468 172.784743
v 582.177966 -8.705032 186.937765
v 590.371631 -8.705032 167.928460
v 584.198296 -8.682921 181.926508
v 592.862161 -8.846390 163.127557
v 586.386558 -8.739383 176.988850
v 595.381020 -8.902919 158.345782
v 588.614007 -8.811605 172.066152
v 598.132690 -8.975721 153.685248
v 590.987214 -8.837611 167.212367
v 600.955413 -9.164437 149.073512
v 593.453945 -8.945521 162.404823
v 603.933639 -9.273012 144.556595
v 596.088698 -9.008289 157.688715
v 606.952796 -9.502112 140.075709
v 598.644821 -9.150220 153.311186
v 610.115333 -9.648938 135.689818
v 601.317829 -9.245808 148.920707
v 613.433341 -9.918892 131.420523
v 604.145058 -9.433466 144.536916
v 616.863833 -10.111801 127.239381
v 607.114656 -9.570855 140.280787
v 620.338788 -10.429565 123.106591
v 610.141082 -9.804251 136.076974
v 623.987196 -10.669633 119.115484
v 613.203612 -9.982923 131.962286
v 627.786587 -11.037114 115.270930
v 616.398649 -10.179247 128.053873
v 631.583387 -11.429755 111.439985
v 619.700244 -10.481609 124.213035
v 635.481774 -11.751387 107.705919
v 623.011820 -10.736503 120.362583
v 639.566254 -12.208008 104.176025
v 626.635752 -11.043636 116.557915
v 643.643897 -12.707477 100.658996
v 630.071582 -11.287028 112.965210
v 647.910917 -13.352636 97.379265
v 633.698624 -11.660459 109.387576
v 652.288775 -13.960271 94.247144
v 637.510167 -12.103129 105.886741
v 656.758447 -14.605406 91.258048
v 641.480547 -12.513776 102.420796
v 661.370947 -15.410436 88.516827
v 645.787350 -13.107932 98.895407
v 666.137391 -16.179636 86.032645
v 650.224776 -13.754373 95.709675
v 670.923356 -17.012483 83.635504
v 654.929504 -14.406371 92.539983
v 675.823475 -18.015330 81.523162
v 659.632732 -15.197192 89.778884
v 680.720187 -18.962810 79.423437
v 664.727262 -16.071265 87.104639
v 685.932087 -20.011985 77.159014
v 669.998551 -17.058619 84.610284
v 691.106841 -20.981399 74.709936
v 675.432137 -18.127591 82.176675
v 696.416608 -21.874818 71.871800
v 680.643173 -19.151622 79.987669
v 701.446648 -22.587058 68.345357
v 685.734127 -20.129483 77.631760
v 706.092977 -23.037890 64.253087
v 690.643730 -20.951647 75.014835
v 710.199988 -23.322102 59.606874
v 695.766894 -21.725337 71.534071
v 713.828998 -23.295955 54.649930
v 700.022189 -22.216108 68.160137
v 716.883788 -23.207966 49.513193
v 703.969888 -22.569367 64.425038
v 719.470216 -22.971973 44.294741
v 707.856955 -22.749466 60.537353
v 720.689893 -22.749466 38.334333
v 711.225437 -22.834108 56.181949
v 720.903950 -22.430836 32.590574
v 713.835642 -22.771872 51.377779
v 720.802541 -22.174709 27.292212
v 715.863230 -22.709037 46.309872
v 720.360257 -21.731422 22.065029
v 717.252805 -22.532097 41.059774
v 719.894313 -21.400022 17.286209
v 718.202073 -22.255645 35.724584
v 719.307338 -21.150380 12.514004
v 718.736267 -22.009869 30.340343
v 718.736267 -20.750054 7.663671
v 718.860871 -21.731701 24.943829
v 718.335960 -20.331939 2.897578
v 718.877735 -21.412369 19.546873
v 717.693811 -19.890182 -1.763744
v 718.637676 -21.052932 14.161264
v 717.167467 -19.419366 -6.421672
v 718.320281 -20.659820 8.781934
v 716.526757 -18.866295 -11.762077
v 717.838937 -20.184564 3.423588
v 716.031277 -18.376904 -17.118006
v 717.338816 -19.692362 -1.931728
v 715.531171 -17.884717 -22.473156
v 716.791967 -19.193212 -7.282757
v 715.147556 -17.384360 -27.837898
v 716.333865 -18.681857 -12.640025
v 714.702326 -16.887164 -33.197416
v 715.769872 -18.177656 -17.991020
v 714.625982 -16.380113 -38.581056
v 715.367570 -17.681518 -23.355152
v 714.549891 -15.882624 -43.960663
v 714.951186 -17.201453 -28.724594
v 714.787529 -15.401219 -49.345450
v 714.772360 -16.679398 -34.099551
v 715.099860 -15.041897 -54.732064
v 714.665989 -16.241973 -39.487574
v 715.810633 -14.606768 -60.091157
v 714.731638 -15.756632 -44.875922
v 716.867423 -14.278012 -65.412311
v 715.011134 -15.341532 -50.267305
v 718.298801 -13.862082 -70.650841
v 715.554015 -14.937071 -55.643434
v 720.137011 -13.463965 -75.775880
v 716.436718 -14.497288 -60.972553
v 722.327851 -13.188147 -80.773308
v 717.746469 -14.093560 -66.207083
v 724.625255 -12.947096 -85.696976
v 719.399775 -13.779531 -71.342575
v 726.906737 -12.637167 -90.599564
v 721.220707 -13.424387 -76.418528
v 729.266364 -12.439204 -95.465390
v 723.227322 -13.146678 -81.425739
v 731.609625 -12.160524 -100.327012
v 725.345246 -12.878983 -86.386986
v 733.999677 -11.899236 -105.165469
v 727.523623 -12.563173 -91.320204
v 736.511304 -11.746111 -109.949215
v 729.877106 -12.317997 -96.174231
v 738.864846 -11.500930 -114.803365
v 732.138660 -12.078829 -101.073723
v 741.454051 -11.261690 -119.541077
v 734.509058 -11.850135 -105.921009
v 744.020547 -11.030179 -124.288022
v 736.977062 -11.623772 -110.718773
v 746.488586 -10.803813 -129.085853
v 739.405992 -11.405086 -115.537460
v 749.113834 -10.582387 -133.801366
v 741.903798 -11.127636 -120.318147
v 751.742034 -10.471754 -138.518886
v 744.457982 -10.916410 -125.071263
v 754.296234 -10.260527 -143.272029
v 746.932958 -10.714090 -129.868701
v 757.091807 -10.058680 -147.892467
v 749.580357 -10.521188 -134.571399
v 759.739200 -9.865779 -152.595151
v 752.228406 -10.328441 -139.273614
v 762.387286 -9.673029 -157.297433
v 754.876585 -10.135708 -143.975812
v 765.035450 -9.480297 -161.999605
v 757.524900 -9.942959 -148.678052
v 767.683780 -9.287547 -166.701871
v 760.175938 -9.750970 -153.378787
v 770.334766 -9.095562 -171.402513
v 762.713085 -9.509811 -158.143893
v 773.312165 -9.020622 -175.917735
v 765.478275 -9.348800 -162.779469
v 776.077363 -8.859612 -180.553325
v 768.243511 -9.187791 -167.415035
v 778.842606 -8.698602 -185.188903
v 771.008769 -9.026795 -172.050609
v 781.607857 -8.537606 -189.824464
v 773.774052 -8.865783 -176.686238
v 784.373139 -8.376595 -194.460093
v 776.539257 -8.704787 -181.321856
v 787.138313 -8.215600 -199.095659
v 779.304508 -8.543777 -185.957417
v 789.903572 -8.054589 -203.731233
v 782.069775 -8.382766 -190.593004
v 792.668831 -7.893579 -208.366808
v 784.834926 -8.221773 -195.228515
v 795.434021 -7.732584 -213.002384
v 787.600131 -8.060762 -199.864118
v 798.199227 -7.571573 -217.637987
v 790.346046 -7.908254 -204.511467
v 801.017256 -7.415737 -222.242093
v 793.040532 -7.724832 -209.190408
v 804.024849 -7.396942 -226.732525
v 795.891623 -7.633477 -213.775639
v 806.875923 -7.305588 -231.317731
v 798.742697 -7.542123 -218.360859
v 809.726997 -7.214233 -235.902951
v 801.593824 -7.450769 -222.946066
v 812.578141 -7.122879 -240.488184
v 804.444861 -7.359414 -227.531310
v 815.429202 -7.031523 -245.073467
v 807.295911 -7.268060 -232.116492
v 818.280220 -6.940170 -249.658597
v 810.073491 -7.010252 -236.748246
v 821.364840 -7.337537 -254.094375
v 813.024083 -7.110337 -241.269612
v 824.315390 -7.437621 -258.615677
v 815.980585 -7.222045 -245.786989
v 827.271916 -7.549330 -263.133092
v 818.934001 -7.281102 -250.307529
v 830.223585 -7.771953 -267.650948
v 821.963121 -7.383788 -254.779003
v 832.943322 -8.039323 -272.314547
v 824.908937 -7.537094 -259.304629
v 835.574726 -8.357540 -277.026247
v 827.792737 -7.723666 -263.869829
v 838.068895 -8.702348 -281.812328
v 830.558625 -7.992268 -268.502153
v 840.516899 -8.971770 -286.622947
v 833.314521 -8.270634 -273.144524
v 842.692705 -9.257811 -291.571832
v 835.950537 -8.557462 -277.857776
v 844.667259 -9.544261 -296.606953
v 838.376865 -8.841991 -282.678481
v 846.561297 -9.824123 -301.666364
v 840.728493 -9.112417 -287.542021
v 848.096084 -10.094762 -306.861481
v 842.869854 -9.427061 -292.499180
v 849.410669 -10.244662 -312.121626
v 844.890691 -9.659503 -297.520703
v 850.291423 -10.477796 -317.487047
v 846.621281 -9.893112 -302.649033
v 850.865914 -10.709387 -322.892668
v 848.128612 -10.134425 -307.857831
v 850.915937 -10.954227 -328.352872
v 849.308955 -10.322868 -313.159704
v 850.455886 -11.305951 -333.804463
v 850.028521 -10.583598 -318.534435
v 849.536361 -11.567919 -339.205173
v 850.425987 -10.852057 -323.963421
v 847.800798 -11.836503 -344.472711
v 850.322231 -11.127699 -329.418128
v 845.422738 -12.107597 -349.506050
v 849.427846 -11.406036 -334.763750
v 843.036996 -12.389243 -354.427903
v 848.122846 -11.693156 -340.022363
v 840.274858 -12.674154 -359.151833
v 846.501661 -11.983336 -345.207281
v 836.993466 -12.966942 -363.567932
v 844.407972 -12.277169 -350.213535
v 833.434663 -13.259854 -367.738073
v 841.925356 -12.570373 -355.043011
v 829.493124 -13.551865 -371.564793
v 839.034351 -12.858157 -359.639274
v 825.256917 -13.842260 -375.056879
v 835.739398 -13.139385 -363.948297
v 820.794118 -14.124789 -378.236643
v 832.114836 -13.467188 -367.981962
v 816.091826 -14.284688 -381.061970
v 828.179432 -13.752702 -371.714781
v 811.222175 -14.411237 -383.568398
v 823.963081 -13.997294 -375.124733
v 806.232456 -14.489811 -385.795942
v 819.493577 -14.205311 -378.183774
v 801.181579 -14.532310 -387.830273
v 814.844416 -14.320109 -380.961010
v 796.047264 -14.647016 -389.624045
v 810.050289 -14.413893 -383.478305
v 790.844569 -14.742195 -391.193423
v 805.123691 -14.559579 -385.713455
v 785.604392 -14.723607 -392.602619
v 800.106386 -14.636593 -387.739442
v 780.311858 -14.800184 -393.792315
v 794.996793 -14.654002 -389.508749
v 775.017509 -14.981531 -394.912982
v 789.830705 -14.746916 -391.098462
v 769.685689 -15.074478 -395.848100
v 784.608555 -14.841099 -392.484074
v 764.351596 -15.167824 -396.731501
v 779.348204 -15.017471 -393.706726
v 759.025380 -15.017471 -397.640176
v 774.053038 -15.026535 -394.766571
v 753.730214 -15.026535 -398.700021
v 768.757996 -15.035599 -395.826428
v 748.435156 -15.035599 -399.759881
v 763.462861 -15.044662 -396.886218
v 743.140096 -15.044662 -400.819656
v 758.167907 -15.053726 -397.946015
v 737.845082 -15.053726 -401.879465
v 755.081792 -15.062790 -398.578325
v 732.550023 -15.062790 -402.939312
v 751.995616 -15.071869 -399.210593
v 727.254798 -15.071869 -403.999138
v 748.467809 -15.080933 -399.928362
v 721.959769 -15.080933 -405.058950
v 744.940001 -15.089996 -400.646130
v 716.664755 -15.089996 -406.118759
v 739.644927 -15.099060 -401.705981
v 711.369726 -15.099060 -407.178601
v 734.349716 -15.108124 -402.765804
v 706.074440 -15.108124 -408.238438
v 729.054686 -15.117188 -403.825574
v 700.779470 -15.117188 -409.298196
v 723.759688 -15.126251 -404.885421
v 695.484517 -15.126251 -410.358035
v 718.464570 -15.135315 -405.945250
v 690.189308 -15.135315 -411.417882
v 713.169584 -15.144379 -407.005011
v 684.894323 -15.144379 -412.477642
v 707.874419 -15.153458 -408.064868
v 679.599263 -15.153458 -413.537479
v 702.579346 -15.162521 -409.124718
v 674.304054 -15.162521 -414.597356
v 697.284301 -15.171585 -410.184491
v 669.009024 -15.171585 -415.657125
v 691.989196 -15.180649 -411.244305
v 663.714039 -15.180649 -416.716916
v 686.694152 -15.189713 -412.304150
v 658.418935 -15.189713 -417.776773
v 681.399108 -15.198776 -413.363965
v 653.123831 -15.198776 -418.836599
v 676.103942 -15.207840 -414.423779
v 647.828725 -15.207840 -419.896402
v 670.808898 -15.216904 -415.483594
v 642.533681 -15.216904 -420.956216
v 665.513854 -15.225967 -416.543439
v 637.238637 -15.225967 -422.016061
v 660.218689 -15.235046 -417.603295
v 631.943472 -15.235046 -423.075918
v 654.923644 -15.244110 -418.663067
v 626.648367 -15.244110 -424.135702
v 647.861423 -15.253174 -420.064916
v 621.353383 -15.253174 -425.195505
v 640.798821 -15.263519 -421.464906
v 616.057883 -15.263519 -426.253475
v 635.558050 -15.133324 -422.840441
v 610.677608 -15.531411 -426.821312
v 628.010164 -15.233367 -424.082462
v 605.354809 -15.777095 -427.707319
v 620.461451 -15.351235 -425.322451
v 600.037372 -16.168198 -428.590303
v 615.138422 -15.569541 -426.205075
v 594.714344 -16.386504 -429.472928
v 609.816110 -15.805976 -427.086390
v 589.392002 -16.622940 -430.354247
v 604.489570 -15.961016 -427.965308
v 584.080744 -17.103910 -431.230720
v 599.170006 -16.271642 -428.841261
v 578.761210 -17.414534 -432.106668
v 594.938452 -16.521327 -429.543173
v 572.353698 -17.786073 -433.156734
v 590.928115 -16.703764 -430.207645
v 565.807501 -18.311484 -434.226944
v 586.759963 -16.841071 -430.877852
v 559.276005 -19.057519 -435.310748
v 581.447752 -17.279315 -431.743384
v 553.963734 -19.495768 -436.176290
v 576.135633 -17.717562 -432.608982
v 548.651645 -19.934012 -437.041883
v 570.823943 -18.165060 -433.473796
v 543.339910 -20.381514 -437.906705
v 565.500188 -18.339470 -434.426057
v 538.065330 -21.436954 -438.629785
v 560.178923 -18.762127 -435.273219
v 532.823861 -22.512418 -439.464721
v 554.872757 -19.358824 -436.096098
v 527.588910 -23.573402 -440.310676
v 549.590958 -20.120078 -436.924216
v 522.340538 -24.551041 -441.133630
v 544.327408 -21.003105 -437.746817
v 517.077003 -25.434065 -441.956229
v 539.063828 -21.886120 -438.569423
v 511.813423 -26.317081 -442.778835
v 533.774872 -22.619368 -439.392006
v 506.596240 -27.480586 -443.590331
v 528.521500 -23.569566 -440.204447
v 501.342898 -28.430779 -444.402767
v 523.269012 -24.525526 -441.015999
v 496.090337 -29.386752 -445.214330
v 518.016478 -25.481499 -441.827548
v 490.837818 -30.342723 -446.025877
v 512.764007 -26.437468 -442.639137
v 485.585376 -31.298686 -446.837462
v 507.511535 -27.393441 -443.450686
v 480.332874 -32.254664 -447.649016
v 502.259091 -28.349393 -444.262231
v 475.080431 -33.210617 -448.460561
v 497.006620 -29.305377 -445.073790
v 469.827960 -34.166600 -449.272119
v 491.754178 -30.261335 -445.885339
v 464.575517 -35.122558 -450.083669
v 486.499649 -31.207093 -446.696207
v 459.321077 -36.068301 -450.894523
v 481.256799 -32.222835 -447.503186
v 454.041497 -36.869350 -451.707176
v 475.996743 -33.138772 -448.311778
v 448.781426 -37.785289 -452.515770
v 470.736732 -34.054686 -449.120423
v 443.535363 -38.698822 -453.322261
v 465.476572 -34.970625 -449.929092
v 438.275218 -39.614758 -454.130927
v 460.216501 -35.886549 -450.737686
v 433.015147 -40.530682 -454.939521
v 454.956460 -36.802468 -451.546275
v 427.755121 -41.446599 -455.748108
v 449.696389 -37.718392 -452.354930
v 422.495050 -42.362523 -456.556763
v 444.436259 -38.634326 -453.163594
v 417.234934 -43.278455 -457.365424
v 439.176188 -39.550250 -453.972187
v 411.974819 -44.194386 -458.174025
v 433.916177 -40.466164 -454.780833
v 406.700890 -45.112677 -458.984821
v 428.666201 -41.444004 -455.587923
v 401.415840 -45.874957 -459.797329
v 423.411582 -42.383853 -456.410022
v 396.117732 -46.565975 -460.592144
v 418.134805 -43.195972 -457.221317
v 390.840970 -47.378092 -461.403437
v 412.858192 -44.008051 -458.032587
v 385.564358 -48.190171 -462.214707
v 407.581489 -44.820139 -458.843867
v 380.287595 -49.002268 -463.025996
v 402.304816 -45.632238 -459.655111
v 375.010937 -49.814365 -463.837238
v 397.058507 -46.664407 -460.462414
v 369.675162 -50.197742 -464.658249
v 391.766698 -47.366296 -461.277477
v 364.383353 -50.899631 -465.473312
v 386.473898 -48.062076 -462.092735
v 359.090628 -51.595401 -466.288559
v 381.181294 -48.757854 -462.907973
v 353.798024 -52.291179 -467.103796
v 375.888616 -49.453641 -463.723283
v 348.505346 -52.986966 -467.919106
v 370.604950 -50.215627 -464.542692
v 343.195101 -53.531334 -468.742588
v 365.324860 -50.999522 -465.377097
v 337.866728 -53.878197 -469.584392
v 360.020632 -51.555092 -466.225199
v 332.562605 -54.433756 -470.432478
v 354.716630 -52.110641 -467.073271
v 327.258558 -54.989310 -471.280557
v 349.412493 -52.666205 -467.921394
v 321.954451 -55.544871 -472.128675
v 344.108656 -53.221737 -468.769472
v 316.650374 -56.100428 -472.976789
v 338.789782 -54.082808 -469.459891
v 311.340350 -56.075105 -474.108585
v 333.481890 -54.504456 -470.359768
v 306.032548 -56.496747 -475.008447
v 328.173924 -54.926062 -471.259683
v 300.724641 -56.918349 -475.908352
v 322.866092 -55.347658 -472.159575
v 295.416735 -57.339950 -476.808257
v 317.558320 -55.769252 -473.059432
v 290.108888 -57.761549 -477.708126
v 312.261078 -56.325868 -473.971134
v 284.784038 -57.876991 -478.624504
v 306.939937 -56.723975 -474.812416
v 279.488988 -58.052246 -479.682745
v 301.645434 -57.010785 -475.746506
v 274.178533 -58.339829 -480.619665
v 296.334739 -57.298365 -476.683474
v 268.868048 -58.627399 -481.556596
v 291.024405 -57.585945 -477.620383
v 263.557699 -58.914979 -482.493508
v 285.717435 -57.929547 -478.562433
v 258.241236 -59.037459 -483.437242
v 280.411477 -58.300449 -479.514613
v 252.921456 -58.965530 -484.391875
v 275.099267 -58.456608 -480.472501
v 247.609186 -59.121690 -485.349774
v 269.787147 -58.612780 -481.430374
v 242.297051 -59.277863 -486.307649
v 264.474998 -58.768938 -482.388290
v 236.984887 -59.434022 -487.265568
v 259.164254 -58.992283 -483.346724
v 231.669859 -59.435741 -488.224762
v 253.852596 -59.245590 -484.307299
v 226.354690 -59.245590 -489.185960
v 248.538998 -59.275589 -485.269485
v 221.041092 -59.275589 -490.148146
v 243.225294 -59.305588 -486.231692
v 215.727418 -59.305588 -491.110348
v 237.911695 -59.335587 -487.193848
v 210.413879 -59.335587 -492.072493
v 232.597898 -59.350113 -488.154386
v 205.100022 -59.350113 -493.033041
v 227.284771 -59.489949 -489.124842
v 199.783574 -59.049930 -493.965052
v 221.969541 -59.401447 -490.074618
v 194.468419 -58.961430 -494.914815
v 216.654355 -59.312947 -491.024383
v 189.153188 -58.872928 -495.864588
v 211.339184 -59.224446 -491.974148
v 183.838047 -58.784428 -496.814348
v 206.023862 -59.131382 -492.922765
v 178.522740 -58.691364 -497.762962
v 200.718599 -59.168864 -493.947511
v 173.190984 -58.287981 -498.572150
v 195.401384 -58.971616 -494.868765
v 167.873723 -58.090731 -499.493412
v 190.084047 -58.774348 -495.790040
v 162.556266 -57.893459 -500.414707
v 184.766861 -58.577086 -496.711226
v 157.255144 -57.696711 -501.333195
v 179.449555 -58.379835 -497.632493
v 151.937792 -57.499459 -502.254469
v 174.138484 -58.326556 -498.626569
v 146.608847 -57.005133 -503.031311
v 168.818733 -58.039500 -499.507677
v 141.288946 -56.718070 -503.912443
v 163.498514 -57.744803 -500.385469
v 135.968982 -56.423385 -504.790194
v 158.178369 -57.450124 -501.263248
v 130.648793 -56.128704 -505.667980
v 152.858180 -57.155428 -502.141004
v 125.328483 -55.834003 -506.545756
v 147.544864 -56.940019 -503.088201
v 119.976816 -55.396208 -507.278544
v 142.242780 -56.690690 -504.119658
v 114.597160 -54.921370 -507.658297
v 136.926459 -56.401361 -505.096800
v 109.195029 -54.420545 -507.737888
v 131.589695 -56.002661 -505.912484
v 103.789083 -54.016903 -507.677602
v 126.225797 -55.673119 -506.575381
v 98.399943 -53.464718 -507.458742
v 120.851073 -55.232781 -506.925606
v 93.014730 -53.023547 -507.367452
v 115.464621 -54.867301 -507.239919
v 87.643940 -52.438511 -507.019120
v 110.083850 -54.392938 -507.330587
v 82.270171 -51.964760 -506.668356
v 104.703543 -53.907323 -507.329861
v 76.903769 -51.480359 -506.226696
v 99.321487 -53.407590 -507.304344
v 71.555427 -50.983569 -505.541420
v 93.939321 -52.995820 -507.078327
v 66.227504 -50.335486 -504.861381
v 88.571495 -52.475410 -506.767616
v 60.897970 -49.818752 -504.110958
v 83.200729 -51.944572 -506.451578
v 55.597472 -49.294660 -503.139187
v 77.849005 -51.405724 -505.944662
v 50.300765 -48.761093 -502.198101
v 72.515035 -50.871019 -505.290126
v 45.003263 -48.208590 -501.296482
v 67.181704 -50.320144 -504.631245
v 39.735632 -47.664072 -500.204459
v 61.851510 -49.855161 -503.884153
v 34.498993 -46.987558 -499.031287
v 56.555714 -49.296442 -502.987615
v 29.241424 -46.432847 -497.921254
v 51.214827 -48.737749 -502.208957
v 24.054966 -45.867194 -496.467848
v 45.948493 -48.172718 -501.162829
v 18.831917 -45.306738 -495.210410
v 40.693012 -47.606168 -500.061207
v 13.622062 -44.745011 -493.898714
v 35.409493 -47.043390 -499.065709
v 8.501227 -44.176116 -492.228362
v 30.208957 -46.477749 -497.724608
v 3.301117 -43.610520 -490.887370
v 25.010645 -45.912331 -496.375686
v -1.897151 -43.045107 -489.538459
v 19.734450 -45.348552 -495.309471
v -6.934011 -42.483345 -487.595454
v 14.597535 -44.789837 -493.804354
v -12.088262 -41.922768 -486.085322
v 9.422064 -44.227525 -492.367911
v -17.204850 -41.366782 -484.445854
v 4.216570 -43.583078 -491.049724
v -22.223989 -40.939022 -482.456543
v -0.890713 -43.034735 -489.383394
v -27.331229 -40.390684 -480.790227
v -6.028544 -42.494732 -487.808143
v -32.380305 -39.837411 -478.950408
v -11.172887 -41.961799 -486.243189
v -37.363321 -39.298365 -476.921171
v -16.232015 -41.433647 -484.430079
v -42.422521 -38.770206 -475.108035
v -21.337974 -40.906799 -482.746083
v -47.387330 -38.257712 -473.032763
v -26.394760 -40.313554 -480.942090
v -52.360838 -37.872299 -470.955136
v -31.404053 -39.814913 -478.987749
v -57.370118 -37.373659 -469.000801
v -36.492685 -39.239819 -477.250312
v -62.216547 -37.022244 -466.605955
v -41.486252 -38.776262 -475.246528
v -67.131780 -36.565441 -464.413504
v -46.466138 -38.325556 -473.206729
v -72.032509 -36.121559 -462.186741
v -51.461237 -37.814655 -471.209099
v -76.843567 -35.828212 -459.731872
v -56.359691 -37.414098 -468.971739
v -81.742007 -35.427656 -457.494519
v -61.350973 -36.946947 -466.943986
v -86.453898 -35.185338 -454.832925
v -66.234013 -36.532845 -464.671693
v -91.218630 -34.985125 -452.289936
v -71.116851 -36.070654 -462.397055
v -95.896705 -34.964411 -449.564630
v -76.003542 -35.757795 -460.101864
v -100.466365 -34.876252 -446.658330
v -80.775517 -35.639775 -457.574262
v -105.085441 -34.534778 -443.872305
v -85.461507 -35.402496 -454.900809
v -109.771392 -34.297501 -441.198874
v -90.147381 -35.165224 -452.227430
v -114.457571 -34.060215 -438.525323
v -94.834589 -35.008535 -449.549511
v -119.123744 -33.683672 -435.859260
v -99.577923 -34.881259 -446.964515
v -123.696138 -33.111115 -433.024630
v -104.239601 -34.514116 -444.263511
v -128.357737 -32.743977 -430.323672
v -108.901176 -34.146996 -441.562576
v -133.019351 -32.376855 -427.622713
v -113.562869 -33.779852 -438.861572
v -137.681031 -32.009712 -424.921717
v -118.265334 -33.543688 -436.212989
v -142.260960 -31.342254 -422.123814
v -122.911222 -33.162181 -433.486284
v -146.891126 -30.742190 -419.406340
v -127.549220 -32.682946 -430.762186
v -151.541368 -30.261720 -416.675053
v -132.187164 -32.203701 -428.038111
v -156.179338 -29.782472 -413.950962
v -136.825120 -31.724470 -425.314028
v -160.817321 -29.303238 -411.226864
v -141.463119 -31.245235 -422.589930
v -165.455280 -28.824008 -408.502789
v -146.101102 -30.765986 -419.865831
v -170.093276 -28.344757 -405.778683
v -150.739046 -30.286756 -417.141726
v -174.731220 -27.865527 -403.054577
v -155.377005 -29.807511 -414.417650
v -179.369192 -27.386281 -400.330494
v -160.041592 -29.469485 -411.712621
v -183.939438 -26.592892 -397.550935
v -164.653371 -28.889387 -408.963758
v -188.551205 -26.012796 -394.802079
v -169.264802 -28.308039 -406.214566
v -193.162648 -25.431446 -392.052880
v -173.876224 -27.726696 -403.465368
v -197.774070 -24.850103 -389.303681
v -178.487617 -27.145355 -400.716207
v -202.385464 -24.268762 -386.554520
v -183.099035 -26.564008 -397.967054
v -206.996894 -23.687414 -383.805359
v -187.710507 -25.982658 -395.217816
v -211.608353 -23.106065 -381.056129
v -192.321848 -25.401322 -392.468656
v -216.219681 -22.524731 -378.306977
v -196.933279 -24.819975 -389.719495
v -220.831125 -21.943382 -375.557808
v -201.516895 -23.952223 -386.986795
v -225.481042 -21.955211 -372.785819
v -206.134378 -23.622978 -384.234004
v -230.084168 -21.405405 -370.041537
v -210.768201 -22.964556 -381.560023
v -234.659287 -21.416060 -367.181129
v -215.448086 -22.562777 -378.941753
v -239.091286 -21.236990 -364.137134
v -219.996782 -22.342113 -376.100757
v -243.630365 -20.795991 -361.302159
v -224.541447 -22.014508 -373.262295
v -248.175004 -20.468387 -358.463712
v -229.086166 -21.691447 -370.423808
v -252.719723 -20.145327 -355.625226
v -233.626797 -21.294863 -367.587841
v -257.269984 -19.969077 -352.783229
v -238.175413 -21.091629 -364.746916
v -261.809009 -19.545506 -349.948309
v -242.730074 -20.911405 -361.902256
v -266.340015 -18.925522 -347.118460
v -247.252437 -20.064071 -359.077767
v -270.915656 -19.400617 -344.260612
v -251.814173 -20.255575 -356.228585
v -275.436652 -18.489408 -341.436939
v -256.354139 -19.820206 -353.393095
v -279.987723 -18.274084 -338.594496
v -260.891471 -19.361231 -350.559256
v -284.542789 -18.256029 -335.749550
v -265.448163 -19.349936 -347.713212
v -289.070681 -17.583767 -332.921542
v -269.976365 -19.292492 -344.792305
v -293.638088 -16.638840 -330.197224
v -274.513875 -18.691089 -341.958299
v -298.192638 -16.256823 -327.352706
v -279.057731 -18.130236 -339.128677
v -302.752173 -15.915802 -324.513414
v -283.629584 -17.763630 -336.303522
v -307.308373 -15.329362 -321.697913
v -288.222787 -17.126145 -333.541196
v -311.832780 -15.140258 -318.757368
v -292.769604 -16.642447 -330.677446
v -316.392084 -14.876281 -315.885800
v -297.314640 -16.144979 -327.808293
v -320.957852 -14.819191 -313.003666
v -301.871896 -15.802653 -324.938292
v -325.523228 -14.697451 -310.128579
v -306.399006 -15.362274 -322.021484
v -330.165253 -14.918045 -307.361928
v -310.992659 -15.476959 -319.177886
v -334.743139 -14.367123 -304.528058
v -315.603707 -15.017515 -316.388487
v -339.270507 -14.575145 -301.569089
v -321.166439 -14.889650 -312.878539
v -342.835217 -14.484626 -299.310239
v -326.856943 -14.767701 -309.284817
v -346.269415 -14.404852 -297.129344
v -332.378982 -14.597840 -305.852254
v -349.848962 -14.434569 -294.749836
v -336.945499 -14.483521 -302.970888
v -354.368565 -14.483521 -291.793827
v -341.486767 -14.457733 -300.048927
v -358.909782 -14.457733 -288.871899
v -346.027927 -14.431946 -297.127016
v -363.450980 -14.431946 -285.949963
v -350.569126 -14.406143 -294.205049
v -367.992153 -14.406143 -283.028013
v -355.097497 -14.387100 -291.262856
v -371.974541 -14.387100 -280.537258
v -359.653842 -14.379379 -288.364635
v -375.978063 -14.379379 -277.990363
v -364.214196 -14.376221 -285.472359
v -380.071480 -14.376221 -275.394833
v -368.774451 -14.373062 -282.580139
v -384.328620 -14.373062 -272.695247
v -373.334761 -14.369919 -279.687872
v -388.883973 -14.369919 -269.806131
v -377.711648 -14.366684 -276.461357
v -393.708559 -14.366684 -267.814378
v -382.745770 -14.363327 -273.942206
v -398.494501 -14.363327 -264.695245
v -387.453106 -14.357239 -270.882091
v -403.610616 -14.357239 -262.370546
v -392.058216 -14.345230 -268.344567
v -408.362787 -14.345230 -260.120137
v -396.544163 -14.342133 -265.818202
v -413.081105 -14.342133 -258.340628
v -401.377200 -14.268949 -263.425837
v -418.167327 -14.555960 -256.537579
v -406.360144 -14.231276 -261.320685
v -423.547878 -14.965795 -254.416211
v -411.312877 -14.657059 -259.118527
v -429.134267 -14.657059 -252.678865
v -416.287735 -14.657059 -257.221462
v -434.619813 -14.657059 -250.958002
v -421.193745 -14.657059 -255.113126
v -439.958890 -14.657059 -250.191121
v -426.214722 -14.657059 -253.174179
v -445.633674 -14.657059 -250.222499
v -431.443959 -14.657059 -251.702892
v -450.990143 -14.657059 -251.082378
v -436.637083 -14.657059 -251.277558
v -456.205281 -14.657059 -251.588164
v -441.135419 -14.657059 -251.177225
v -460.565946 -14.657059 -252.102488
v -445.172511 -14.382807 -250.994953
v -464.734027 -15.321760 -253.185843
v -449.382128 -14.651246 -251.150107
v -468.942681 -15.433668 -254.436280
v -453.703806 -14.877840 -251.699073
v -473.201849 -15.506810 -255.630130
v -458.109938 -14.928524 -252.099440
v -477.018324 -15.866129 -257.568808
v -462.673414 -15.382046 -252.932859
v -481.124906 -15.538414 -259.969446
v -467.296247 -15.305617 -254.697679
v -485.844335 -15.934366 -261.771103
v -472.567881 -15.425384 -256.277998
v -490.233513 -16.355154 -264.645928
v -478.029385 -15.867599 -258.526884
v -494.957465 -16.325115 -267.829703
v -483.029398 -15.861674 -261.363314
v -500.062955 -16.935862 -270.417186
v -487.883176 -16.093163 -263.795017
v -504.670535 -17.466675 -273.256983
v -492.570880 -16.367975 -266.481444
v -509.229778 -18.185310 -275.719560
v -497.550100 -16.877971 -269.091559
v -513.924566 -18.848971 -278.794947
v -502.274782 -17.503090 -271.848296
v -518.554443 -19.328846 -281.737809
v -507.076492 -17.890449 -274.707036
v -523.189774 -20.322643 -284.739834
v -511.787609 -18.488521 -277.720635
v -529.541833 -21.641140 -288.505913
v -516.253459 -19.524362 -280.526898
v -534.271264 -21.860004 -291.204116
v -520.782487 -20.021892 -283.510892
v -539.242102 -22.849040 -293.322759
v -525.380646 -20.886907 -286.314494
v -544.280445 -23.207935 -294.935455
v -530.073430 -21.647232 -289.032390
v -549.790586 -23.469827 -295.825696
v -534.982329 -22.405228 -291.355799
v -555.245703 -23.228942 -295.968600
v -540.114201 -22.683062 -293.364106
v -560.851499 -23.341388 -294.845341
v -545.539862 -22.950276 -294.981616
v -566.038465 -23.278253 -291.701840
v -550.917996 -23.129211 -294.935754
v -570.632147 -23.129211 -288.692939
v -555.677237 -23.122269 -293.997716
v -575.034176 -23.122269 -285.890964
v -559.550918 -23.160612 -292.900285
v -579.171616 -22.986977 -283.176754
v -561.658895 -23.119668 -292.287557
v -583.777376 -22.920402 -280.331621
v -561.942380 -23.228426 -292.788325
v -588.279488 -22.745176 -277.324334
v -566.844360 -23.131882 -290.460499
v -592.300812 -22.656061 -274.520478
v -571.573658 -23.023374 -287.836232
v -594.199034 -22.596480 -273.108392
v -576.185788 -22.908555 -285.023856
v -598.648299 -22.480697 -270.048849
v -580.870565 -22.788008 -282.311700
v -602.997113 -22.358366 -266.844599
v -585.350855 -22.809303 -279.292964
v -607.373071 -22.167879 -263.684986
v -590.022860 -22.676477 -276.537788
v -611.591139 -22.035835 -260.308193
v -594.336141 -22.540293 -273.291521
v -615.904396 -21.899651 -257.061943
v -598.829772 -22.398751 -269.909605
v -620.217763 -21.763465 -253.815672
v -604.682074 -22.222781 -265.909216
v -624.387615 -21.625643 -250.383639
v -611.713132 -21.999360 -260.466218
v -628.591771 -21.487886 -246.997405
v -618.330870 -21.787767 -255.195411
v -632.816281 -21.348815 -243.636346
v -623.947520 -21.550006 -250.796698
v -636.960488 -21.284435 -240.173868
v -628.605643 -21.427625 -247.016169
v -641.101888 -21.169970 -236.709987
v -632.764823 -21.317502 -243.573755
v -645.261044 -21.059848 -233.267593
v -636.924099 -21.207394 -240.131328
v -649.420308 -20.949740 -229.825176
v -641.044445 -21.018204 -236.642116
v -653.656739 -21.018204 -226.475062
v -645.174901 -21.012894 -233.160115
v -658.010634 -21.012894 -223.276601
v -649.335612 -21.012894 -229.707041
v -662.552658 -21.012894 -220.339620
v -653.569547 -21.012894 -226.327453
v -667.299902 -21.012894 -217.729940
v -657.961705 -21.012894 -223.146507
v -672.212936 -21.012894 -215.443140
v -662.535415 -21.012894 -220.225791
v -677.296466 -21.012894 -213.551229
v -667.281573 -21.012894 -217.572249
v -682.558027 -21.012894 -212.180559
v -672.215916 -21.012894 -215.251873
v -687.954557 -21.012894 -211.413180
vt 0.000000 0.000000
vt 1.000000 0.000000
vt 0.000000 0.000809
vt 1.000000 0.000809
vt 0.000000 0.001617
vt 1.000000 0.001617
vt 0.000000 0.002426
vt 1.000000 0.002426
vt 0.000000 0.003235
vt 1.000000 0.003235
vt 0.000000 0.004043
vt 1.000000 0.004043
vt 0.000000 0.004852
vt 1.000000 0.004852
vt 0.000000 0.005661
vt 1.000000 0.005661
vt 0.000000 0.006469
vt 1.000000 0.006469
vt 0.000000 0.007278
vt 1.000000 0.007278
vt 0.000000 0.008087
vt 1.000000 0.008087
vt 0.000000 0.008895
vt 1.000000 0.008895
vt 0.000000 0.009704
vt 1.000000 0.009704
vt 0.000000 0.010513
vt 1.000000 0.010513
vt 0.000000 0.011321
vt 1.000000 0.011321
vt 0.000000 0.012130
vt 1.000000 0.012130
vt 0.000000 0.012938
vt 1.000000 0.012938
vt 0.000000 0.013747
vt 1.000000 0.013747
vt 0.000000 0.014556
vt 1.000000 0.014556
vt 0.000000 0.015364
vt 1.000000 0.015364
vt 0.000000 0.016173
vt 1.000000 0.016173
vt 0.000000 0.016982
vt 1.000000 0.016982
vt 0.000000 0.017790
vt 1.000000 0.017790
vt 0.000000 0.018599
vt 1.000000 0.018599
vt 0.000000 0.019408
vt 1.000000 0.019408
vt 0.000000 0.020216
vt 1.000000 0.020216
vt 0.000000 0.021025
vt 1.000000 0.021025
vt 0.000000 0.021834
vt 1.000000 0.021834
vt 0.000000 0.022642
vt 1.000000 0.022642
vt 0.000000 0.023451
vt 1.000000 0.023451
vt 0.000000 0.024260
vt 1.000000 0.024260
vt 0.000000 0.024993
vt 1.000000 0.024993
vt 0.000000 0.025752
vt 1.000000 0.025752
vt 0.000000 0.026554
vt 1.000000 0.026554
vt 0.000000 0.027353
vt 1.000000 0.027353
vt 0.000000 0.028162
vt 1.000000 0.028162
vt 0.000000 0.028971
vt 1.000000 0.028971
vt 0.000000 0.029779
vt 1.000000 0.029779
vt 0.000000 0.030588
vt 1.000000 0.030588
vt 0.000000 0.031396
vt 1.000000 0.031396
vt 0.000000 0.032205
vt 1.000000 0.032205
vt 0.000000 0.033014
vt 1.000000 0.033014
vt 0.000000 0.033822
vt 1.000000 0.033822
vt 0.000000 0.034631
vt 1.000000 0.034631
vt 0.000000 0.035440
vt 1.000000 0.035440
vt 0.000000 0.036248
vt 1.000000 0.036248
vt 0.000000 0.037057
vt 1.000000 0.037057
vt 0.000000 0.037866
vt 1.000000 0.037866
vt 0.000000 0.038664
vt 1.000000 0.038664
vt 0.000000 0.039433
vt 1.000000 0.039433
vt 0.000000 0.040216
vt 1.000000 0.040216
vt 0.000000 0.041000
vt 1.000000 0.041000
vt 0.000000 0.041808
vt 1.000000 0.041808
vt 0.000000 0.042617
vt 1.000000 0.042617
vt 0.000000 0.043426
vt 1.000000 0.043426
vt 0.000000 0.044234
vt 1.000000 0.044234
vt 0.000000 0.045043
vt 1.000000 0.045043
vt 0.000000 0.045852
vt 1.000000 0.045852
vt 0.000000 0.046660
vt 1.000000 0.046660
vt 0.000000 0.047469
vt 1.000000 0.047469
vt 0.000000 0.048278
vt 1.000000 0.048278
vt 0.000000 0.049086
vt 1.000000 0.049086
vt 0.000000 0.049895
vt 1.000000 0.049895
vt 0.000000 0.050704
vt 1.000000 0.050704
vt 0.000000 0.051512
vt 1.000000 0.051512
vt 0.000000 0.052321
vt 1.000000 0.052321
vt 0.000000 0.053130
vt 1.000000 0.053130
vt 0.000000 0.053938
vt 1.000000 0.053938
vt 0.000000 0.054747
vt 1.000000 0.054747
vt 0.000000 0.055556
vt 1.000000 0.055556
vt 0.000000 0.056364
vt 1.000000 0.056364
vt 0.000000 0.057173
vt 1.000000 0.057173
vt 0.000000 0.057982
vt 1.000000 0.057982
vt 0.000000 0.058790
vt 1.000000 0.058790
vt 0.000000 0.059599
vt 1.000000 0.059599
vt 0.000000 0.060407
vt 1.000000 0.060407
vt 0.000000 0.061216
vt 1.000000 0.061216
vt 0.000000 0.062025
vt 1.000000 0.062025
vt 0.000000 0.062833
vt 1.000000 0.062833
vt 0.000000 0.063642
vt 1.000000 0.063642
vt 0.000000 0.064451
vt 1.000000 0.064451
vt 0.000000 0.065259
vt 1.000000 0.065259
vt 0.000000 0.066068
vt 1.000000 0.066068
vt 0.000000 0.066877
vt 1.000000 0.066877
vt 0.000000 0.067685
vt 1.000000 0.067685
vt 0.000000 0.068494
vt 1.000000 0.068494
vt 0.000000 0.069303
vt 1.000000 0.069303
vt 0.000000 0.070111
vt 1.000000 0.070111
vt 0.000000 0.070920
vt 1.000000 0.070920
vt 0.000000 0.071729
vt 1.000000 0.071729
vt 0.000000 0.072526
vt 1.000000 0.072526
vt 0.000000 0.073281
vt 1.000000 0.073281
vt 0.000000 0.074063
vt 1.000000 0.074063
vt 0.000000 0.074872
vt 1.000000 0.074872
vt 0.000000 0.075681
vt 1.000000 0.075681
vt 0.000000 0.076489
vt 1.000000 0.076489
vt 0.000000 0.077298
vt 1.000000 0.077298
vt 0.000000 0.078107
vt 1.000000 0.078107
vt 0.000000 0.078915
vt 1.000000 0.078915
vt 0.000000 0.079724
vt 1.000000 0.079724
vt 0.000000 0.080533
vt 1.000000 0.080533
vt 0.000000 0.081341
vt 1.000000 0.081341
vt 0.000000 0.082150
vt 1.000000 0.082150
vt 0.000000 0.082958
vt 1.000000 0.082958
vt 0.000000 0.083767
vt 1.000000 0.083767
vt 0.000000 0.084538
vt 1.000000 0.084538
vt 0.000000 0.085296
vt 1.000000 0.085296
vt 0.000000 0.086096
vt 1.000000 0.086096
vt 0.000000 0.086905
vt 1.000000 0.086905
vt 0.000000 0.087714
vt 1.000000 0.087714
vt 0.000000 0.088522
vt 1.000000 0.088522
vt 0.000000 0.089331
vt 1.000000 0.089331
vt 0.000000 0.090140
vt 1.000000 0.090140
vt 0.000000 0.090948
vt 1.000000 0.090948
vt 0.000000 0.091757
vt 1.000000 0.091757
vt 0.000000 0.092565
vt 1.000000 0.092565
vt 0.000000 0.093374
vt 1.000000 0.093374
vt 0.000000 0.094183
vt 1.000000 0.094183
vt 0.000000 0.094991
vt 1.000000 0.094991
vt 0.000000 0.095800
vt 1.000000 0.095800
vt 0.000000 0.096609
vt 1.000000 0.096609
vt 0.000000 0.097417
vt 1.000000 0.097417
vt 0.000000 0.098226
vt 1.000000 0.098226
vt 0.000000 0.099035
vt 1.000000 0.099035
vt 0.000000 0.099843
vt 1.000000 0.099843
vt 0.000000 0.100652
vt 1.000000 0.100652
vt 0.000000 0.101461
vt 1.000000 0.101461
vt 0.000000 0.102269
vt 1.000000 0.102269
vt 0.000000 0.103078
vt 1.000000 0.103078
vt 0.000000 0.103887
vt 1.000000 0.103887
vt 0.000000 0.104695
vt 1.000000 0.104695
vt 0.000000 0.105504
vt 1.000000 0.105504
vt 0.000000 0.106313
vt 1.000000 0.106313
vt 0.000000 0.107121
vt 1.000000 0.107121
vt 0.000000 0.107930
vt 1.000000 0.107930
vt 0.000000 0.108738
vt 1.000000 0.108738
vt 0.000000 0.109547
vt 1.000000 0.109547
vt 0.000000 0.110356
vt 1.000000 0.110356
vt 0.000000 0.111164
vt 1.000000 0.111164
vt 0.000000 0.111973
vt 1.000000 0.111973
vt 0.000000 0.112782
vt 1.000000 0.112782
vt 0.000000 0.113590
vt 1.000000 0.113590
vt 0.000000 0.114399
vt 1.000000 0.114399
vt 0.000000 0.115207
vt 1.000000 0.115207
vt 0.000000 0.116016
vt 1.000000 0.116016
vt 0.000000 0.116825
vt 1.000000 0.116825
vt 0.000000 0.117633
vt 1.000000 0.117633
vt 0.000000 0.118442
vt 1.000000 0.118442
vt 0.000000 0.119251
vt 1.000000 0.119251
vt 0.000000 0.120059
vt 1.000000 0.120059
vt 0.000000 0.120868
vt 1.000000 0.120868
vt 0.000000 0.121676
vt 1.000000 0.121676
vt 0.000000 0.122485
vt 1.000000 0.122485
vt 0.000000 0.123294
vt 1.000000 0.123294
vt 0.000000 0.124102
vt 1.000000 0.124102
vt 0.000000 0.124911
vt 1.000000 0.124911
vt 0.000000 0.125720
vt 1.000000 0.125720
vt 0.000000 0.126528
vt 1.000000 0.126528
vt 0.000000 0.127337
vt 1.000000 0.127337
vt 0.000000 0.128146
vt 1.000000 0.128146
vt 0.000000 0.128954
vt 1.000000 0.128954
vt 0.000000 0.129763
vt 1.000000 0.129763
vt 0.000000 0.130572
vt 1.000000 0.130572
vt 0.000000 0.131380
vt 1.000000 0.131380
vt 0.000000 0.132189
vt 1.000000 0.132189
vt 0.000000 0.132997
vt 1.000000 0.132997
vt 0.000000 0.133806
vt 1.000000 0.133806
vt 0.000000 0.134615
vt 1.000000 0.134615
vt 0.000000 0.135423
vt 1.000000 0.135423
vt 0.000000 0.136231
vt 1.000000 0.136231
vt 0.000000 0.137039
vt 1.000000 0.137039
vt 0.000000 0.137845
vt 1.000000 0.137845
vt 0.000000 0.138651
vt 1.000000 0.138651
vt 0.000000 0.139458
vt 1.000000 0.139458
vt 0.000000 0.140266
vt 1.000000 0.140266
vt 0.000000 0.141074
vt 1.000000 0.141074
vt 0.000000 0.141882
vt 1.000000 0.141882
vt 0.000000 0.142690
vt 1.000000 0.142690
vt 0.000000 0.143499
vt 1.000000 0.143499
vt 0.000000 0.144308
vt 1.000000 0.144308
vt 0.000000 0.145116
vt 1.000000 0.145116
vt 0.000000 0.145925
vt 1.000000 0.145925
vt 0.000000 0.146733
vt 1.000000 0.146733
vt 0.000000 0.147542
vt 1.000000 0.147542
vt 0.000000 0.148351
vt 1.000000 0.148351
vt 0.000000 0.149159
vt 1.000000 0.149159
vt 0.000000 0.149968
vt 1.000000 0.149968
vt 0.000000 0.150777
vt 1.000000 0.150777
vt 0.000000 0.151585
vt 1.000000 0.151585
vt 0.000000 0.152394
vt 1.000000 0.152394
vt 0.000000 0.153202
vt 1.000000 0.153202
vt 0.000000 0.154011
vt 1.000000 0.154011
vt 0.000000 0.154819
vt 1.000000 0.154819
vt 0.000000 0.155627
vt 1.000000 0.155627
vt 0.000000 0.156435
vt 1.000000 0.156435
vt 0.000000 0.157243
vt 1.000000 0.157243
vt 0.000000 0.158051
vt 1.000000 0.158051
vt 0.000000 0.158859
vt 1.000000 0.158859
vt 0.000000 0.159667
vt 1.000000 0.159667
vt 0.000000 0.160475
vt 1.000000 0.160475
vt 0.000000 0.161284
vt 1.000000 0.161284
vt 0.000000 0.162092
vt 1.000000 0.162092
vt 0.000000 0.162901
vt 1.000000 0.162901
vt 0.000000 0.163709
vt 1.000000 0.163709
vt 0.000000 0.164518
vt 1.000000 0.164518
vt 0.000000 0.165327
vt 1.000000 0.165327
vt 0.000000 0.166135
vt 1.000000 0.166135
vt 0.000000 0.166944
vt 1.000000 0.166944
vt 0.000000 0.167752
vt 1.000000 0.167752
vt 0.000000 0.168561
vt 1.000000 0.168561
vt 0.000000 0.169370
vt 1.000000 0.169370
vt 0.000000 0.170178
vt 1.000000 0.170178
vt 0.000000 0.170987
vt 1.000000 0.170987
vt 0.000000 0.171796
vt 1.000000 0.171796
vt 0.000000 0.172604
vt 1.000000 0.172604
vt 0.000000 0.173413
vt 1.000000 0.173413
vt 0.000000 0.174222
vt 1.000000 0.174222
vt 0.000000 0.175030
vt 1.000000 0.175030
vt 0.000000 0.175838
vt 1.000000 0.175838
vt 0.000000 0.176647
vt 1.000000 0.176647
vt 0.000000 0.177456
vt 1.000000 0.177456
vt 0.000000 0.178264
vt 1.000000 0.178264
vt 0.000000 0.179073
vt 1.000000 0.179073
vt 0.000000 0.179881
vt 1.000000 0.179881
vt 0.000000 0.180690
vt 1.000000 0.180690
vt 0.000000 0.181499
vt 1.000000 0.181499
vt 0.000000 0.182307
vt 1.000000 0.182307
vt 0.000000 0.183116
vt 1.000000 0.183116
vt 0.000000 0.183924
vt 1.000000 0.183924
vt 0.000000 0.184733
vt 1.000000 0.184733
vt 0.000000 0.185542
vt 1.000000 0.185542
vt 0.000000 0.186350
vt 1.000000 0.186350
vt 0.000000 0.187159
vt 1.000000 0.187159
vt 0.000000 0.187968
vt 1.000000 0.187968
vt 0.000000 0.188776
vt 1.000000 0.188776
vt 0.000000 0.189585
vt 1.000000 0.189585
vt 0.000000 0.190393
vt 1.000000 0.190393
vt 0.000000 0.191201
vt 1.000000 0.191201
vt 0.000000 0.192010
vt 1.000000 0.192010
vt 0.000000 0.192819
vt 1.000000 0.192819
vt 0.000000 0.193627
vt 1.000000 0.193627
vt 0.000000 0.194436
vt 1.000000 0.194436
vt 0.000000 0.195245
vt 1.000000 0.195245
vt 0.000000 0.196053
vt 1.000000 0.196053
vt 0.000000 0.196862
vt 1.000000 0.196862
vt 0.000000 0.197670
vt 1.000000 0.197670
vt 0.000000 0.198479
vt 1.000000 0.198479
vt 0.000000 0.199288
vt 1.000000 0.199288
vt 0.000000 0.200096
vt 1.000000 0.200096
vt 0.000000 0.200905
vt 1.000000 0.200905
vt 0.000000 0.201713
vt 1.000000 0.201713
vt 0.000000 0.202522
vt 1.000000 0.202522
vt 0.000000 0.203330
vt 1.000000 0.203330
vt 0.000000 0.204139
vt 1.000000 0.204139
vt 0.000000 0.204947
vt 1.000000 0.204947
vt 0.000000 0.205755
vt 1.000000 0.205755
vt 0.000000 0.206564
vt 1.000000 0.206564
vt 0.000000 0.207373
vt 1.000000 0.207373
vt 0.000000 0.208182
vt 1.000000 0.208182
vt 0.000000 0.208992
vt 1.000000 0.208992
vt 0.000000 0.209802
vt 1.000000 0.209802
vt 0.000000 0.210611
vt 1.000000 0.210611
vt 0.000000 0.211421
vt 1.000000 0.211421
vt 0.000000 0.212230
vt 1.000000 0.212230
vt 0.000000 0.213040
vt 1.000000 0.213040
vt 0.000000 0.213849
vt 1.000000 0.213849
vt 0.000000 0.214658
vt 1.000000 0.214658
vt 0.000000 0.215466
vt 1.000000 0.215466
vt 0.000000 0.216275
vt 1.000000 0.216275
vt 0.000000 0.217084
vt 1.000000 0.217084
vt 0.000000 0.217894
vt 1.000000 0.217894
vt 0.000000 0.218703
vt 1.000000 0.218703
vt 0.000000 0.219512
vt 1.000000 0.219512
vt 0.000000 0.220320
vt 1.000000 0.220320
vt 0.000000 0.221129
vt 1.000000 0.221129
vt 0.000000 0.221938
vt 1.000000 0.221938
vt 0.000000 0.222746
vt 1.000000 0.222746
vt 0.000000 0.223555
vt 1.000000 0.223555
vt 0.000000 0.224364
vt 1.000000 0.224364
vt 0.000000 0.225172
vt 1.000000 0.225172
vt 0.000000 0.225981
vt 1.000000 0.225981
vt 0.000000 0.226790
vt 1.000000 0.226790
vt 0.000000 0.227598
vt 1.000000 0.227598
vt 0.000000 0.228407
vt 1.000000 0.228407
vt 0.000000 0.229216
vt 1.000000 0.229216
vt 0.000000 0.230024
vt 1.000000 0.230024
vt 0.000000 0.230833
vt 1.000000 0.230833
vt 0.000000 0.231642
vt 1.000000 0.231642
vt 0.000000 0.232450
vt 1.000000 0.232450
vt 0.000000 0.233259
vt 1.000000 0.233259
vt 0.000000 0.234068
vt 1.000000 0.234068
vt 0.000000 0.234876
vt 1.000000 0.234876
vt 0.000000 0.235685
vt 1.000000 0.235685
vt 0.000000 0.236494
vt 1.000000 0.236494
vt 0.000000 0.237302
vt 1.000000 0.237302
vt 0.000000 0.238111
vt 1.000000 0.238111
vt 0.000000 0.238920
vt 1.000000 0.238920
vt 0.000000 0.239728
vt 1.000000 0.239728
vt 0.000000 0.240537
vt 1.000000 0.240537
vt 0.000000 0.241345
vt 1.000000 0.241345
vt 0.000000 0.242154
vt 1.000000 0.242154
vt 0.000000 0.242963
vt 1.000000 0.242963
vt 0.000000 0.243771
vt 1.000000 0.243771
vt 0.000000 0.244580
vt 1.000000 0.244580
vt 0.000000 0.245389
vt 1.000000 0.245389
vt 0.000000 0.246197
vt 1.000000 0.246197
vt 0.000000 0.247006
vt 1.000000 0.247006
vt 0.000000 0.247815
vt 1.000000 0.247815
vt 0.000000 0.248623
vt 1.000000 0.248623
vt 0.000000 0.249431
vt 1.000000 0.249431
vt 0.000000 0.250238
vt 1.000000 0.250238
vt 0.000000 0.251021
vt 1.000000 0.251021
vt 0.000000 0.251809
vt 1.000000 0.251809
vt 0.000000 0.252617
vt 1.000000 0.252617
vt 0.000000 0.253426
vt 1.000000 0.253426
vt 0.000000 0.254235
vt 1.000000 0.254235
vt 0.000000 0.255043
vt 1.000000 0.255043
vt 0.000000 0.255852
vt 1.000000 0.255852
vt 0.000000 0.256661
vt 1.000000 0.256661
vt 0.000000 0.257469
vt 1.000000 0.257469
vt 0.000000 0.258278
vt 1.000000 0.258278
vt 0.000000 0.259087
vt 1.000000 0.259087
vt 0.000000 0.259895
vt 1.000000 0.259895
vt 0.000000 0.260704
vt 1.000000 0.260704
vt 0.000000 0.261513
vt 1.000000 0.261513
vt 0.000000 0.262321
vt 1.000000 0.262321
vt 0.000000 0.263128
vt 1.000000 0.263128
vt 0.000000 0.263933
vt 1.000000 0.263933
vt 0.000000 0.264737
vt 1.000000 0.264737
vt 0.000000 0.265532
vt 1.000000 0.265532
vt 0.000000 0.266340
vt 1.000000 0.266340
vt 0.000000 0.267148
vt 1.000000 0.267148
vt 0.000000 0.267957
vt 1.000000 0.267957
vt 0.000000 0.268766
vt 1.000000 0.268766
vt 0.000000 0.269574
vt 1.000000 0.269574
vt 0.000000 0.270383
vt 1.000000 0.270383
vt 0.000000 0.271192
vt 1.000000 0.271192
vt 0.000000 0.272000
vt 1.000000 0.272000
vt 0.000000 0.272809
vt 1.000000 0.272809
vt 0.000000 0.273617
vt 1.000000 0.273617
vt 0.000000 0.274426
vt 1.000000 0.274426
vt 0.000000 0.275235
vt 1.000000 0.275235
vt 0.000000 0.276043
vt 1.000000 0.276043
vt 0.000000 0.276852
vt 1.000000 0.276852
vt 0.000000 0.277661
vt 1.000000 0.277661
vt 0.000000 0.278466
vt 1.000000 0.278466
vt 0.000000 0.279249
vt 1.000000 0.279249
vt 0.000000 0.280055
vt 1.000000 0.280055
vt 0.000000 0.280863
vt 1.000000 0.280863
vt 0.000000 0.281671
vt 1.000000 0.281671
vt 0.000000 0.282480
vt 1.000000 0.282480
vt 0.000000 0.283289
vt 1.000000 0.283289
vt 0.000000 0.284097
vt 1.000000 0.284097
vt 0.000000 0.284906
vt 1.000000 0.284906
vt 0.000000 0.285708
vt 1.000000 0.285708
vt 0.000000 0.286487
vt 1.000000 0.286487
vt 0.000000 0.287296
vt 1.000000 0.287296
vt 0.000000 0.288104
vt 1.000000 0.288104
vt 0.000000 0.288913
vt 1.000000 0.288913
vt 0.000000 0.289722
vt 1.000000 0.289722
vt 0.000000 0.290530
vt 1.000000 0.290530
vt 0.000000 0.291339
vt 1.000000 0.291339
vt 0.000000 0.292148
vt 1.000000 0.292148
vt 0.000000 0.292943
vt 1.000000 0.292943
vt 0.000000 0.293729
vt 1.000000 0.293729
vt 0.000000 0.294537
vt 1.000000 0.294537
vt 0.000000 0.295346
vt 1.000000 0.295346
vt 0.000000 0.296155
vt 1.000000 0.296155
vt 0.000000 0.296963
vt 1.000000 0.296963
vt 0.000000 0.297772
vt 1.000000 0.297772
vt 0.000000 0.298580
vt 1.000000 0.298580
vt 0.000000 0.299389
vt 1.000000 0.299389
vt 0.000000 0.300179
vt 1.000000 0.300179
vt 0.000000 0.300940
vt 1.000000 0.300940
vt 0.000000 0.301749
vt 1.000000 0.301749
vt 0.000000 0.302557
vt 1.000000 0.302557
vt 0.000000 0.303366
vt 1.000000 0.303366
vt 0.000000 0.304175
vt 1.000000 0.304175
vt 0.000000 0.304983
vt 1.000000 0.304983
vt 0.000000 0.305792
vt 1.000000 0.305792
vt 0.000000 0.306601
vt 1.000000 0.306601
vt 0.000000 0.307409
vt 1.000000 0.307409
vt 0.000000 0.308218
vt 1.000000 0.308218
vt 0.000000 0.309027
vt 1.000000 0.309027
vt 0.000000 0.309835
vt 1.000000 0.309835
vt 0.000000 0.310644
vt 1.000000 0.310644
vt 0.000000 0.311453
vt 1.000000 0.311453
vt 0.000000 0.312261
vt 1.000000 0.312261
vt 0.000000 0.313070
vt 1.000000 0.313070
vt 0.000000 0.313879
vt 1.000000 0.313879
vt 0.000000 0.314687
vt 1.000000 0.314687
vt 0.000000 0.315496
vt 1.000000 0.315496
vt 0.000000 0.316305
vt 1.000000 0.316305
vt 0.000000 0.317113
vt 1.000000 0.317113
vt 0.000000 0.317922
vt 1.000000 0.317922
vt 0.000000 0.318731
vt 1.000000 0.318731
vt 0.000000 0.319540
vt 1.000000 0.319540
vt 0.000000 0.320349
vt 1.000000 0.320349
vt 0.000000 0.321158
vt 1.000000 0.321158
vt 0.000000 0.321967
vt 1.000000 0.321967
vt 0.000000 0.322776
vt 1.000000 0.322776
vt 0.000000 0.323586
vt 1.000000 0.323586
vt 0.000000 0.324395
vt 1.000000 0.324395
vt 0.000000 0.325204
vt 1.000000 0.325204
vt 0.000000 0.326013
vt 1.000000 0.326013
vt 0.000000 0.326822
vt 1.000000 0.326822
vt 0.000000 0.327631
vt 1.000000 0.327631
vt 0.000000 0.328439
vt 1.000000 0.328439
vt 0.000000 0.329248
vt 1.000000 0.329248
vt 0.000000 0.330056
vt 1.000000 0.330056
vt 0.000000 0.330864
vt 1.000000 0.330864
vt 0.000000 0.331671
vt 1.000000 0.331671
vt 0.000000 0.332479
vt 1.000000 0.332479
vt 0.000000 0.333287
vt 1.000000 0.333287
vt 0.000000 0.334095
vt 1.000000 0.334095
vt 0.000000 0.334903
vt 1.000000 0.334903
vt 0.000000 0.335711
vt 1.000000 0.335711
vt 0.000000 0.336519
vt 1.000000 0.336519
vt 0.000000 0.337326
vt 1.000000 0.337326
vt 0.000000 0.338133
vt 1.000000 0.338133
vt 0.000000 0.338940
vt 1.000000 0.338940
vt 0.000000 0.339747
vt 1.000000 0.339747
vt 0.000000 0.340554
vt 1.000000 0.340554
vt 0.000000 0.341361
vt 1.000000 0.341361
vt 0.000000 0.342168
vt 1.000000 0.342168
vt 0.000000 0.342975
vt 1.000000 0.342975
vt 0.000000 0.343783
vt 1.000000 0.343783
vt 0.000000 0.344590
vt 1.000000 0.344590
vt 0.000000 0.345398
vt 1.000000 0.345398
vt 0.000000 0.346206
vt 1.000000 0.346206
vt 0.000000 0.347015
vt 1.000000 0.347015
vt 0.000000 0.347824
vt 1.000000 0.347824
vt 0.000000 0.348633
vt 1.000000 0.348633
vt 0.000000 0.349441
vt 1.000000 0.349441
vt 0.000000 0.350250
vt 1.000000 0.350250
vt 0.000000 0.351059
vt 1.000000 0.351059
vt 0.000000 0.351867
vt 1.000000 0.351867
vt 0.000000 0.352676
vt 1.000000 0.352676
vt 0.000000 0.353485
vt 1.000000 0.353485
vt 0.000000 0.354293
vt 1.000000 0.354293
vt 0.000000 0.355102
vt 1.000000 0.355102
vt 0.000000 0.355911
vt 1.000000 0.355911
vt 0.000000 0.356719
vt 1.000000 0.356719
vt 0.000000 0.357528
vt 1.000000 0.357528
vt 0.000000 0.358337
vt 1.000000 0.358337
vt 0.000000 0.359145
vt 1.000000 0.359145
vt 0.000000 0.359954
vt 1.000000 0.359954
vt 0.000000 0.360763
vt 1.000000 0.360763
vt 0.000000 0.361571
vt 1.000000 0.361571
vt 0.000000 0.362380
vt 1.000000 0.362380
vt 0.000000 0.363189
vt 1.000000 0.363189
vt 0.000000 0.363997
vt 1.000000 0.363997
vt 0.000000 0.364806
vt 1.000000 0.364806
vt 0.000000 0.365615
vt 1.000000 0.365615
vt 0.000000 0.366423
vt 1.000000 0.366423
vt 0.000000 0.367232
vt 1.000000 0.367232
vt 0.000000 0.368041
vt 1.000000 0.368041
vt 0.000000 0.368849
vt 1.000000 0.368849
vt 0.000000 0.369658
vt 1.000000 0.369658
vt 0.000000 0.370467
vt 1.000000 0.370467
vt 0.000000 0.371275
vt 1.000000 0.371275
vt 0.000000 0.372084
vt 1.000000 0.372084
vt 0.000000 0.372893
vt 1.000000 0.372893
vt 0.000000 0.373701
vt 1.000000 0.373701
vt 0.000000 0.374499
vt 1.000000 0.374499
vt 0.000000 0.375285
vt 1.000000 0.375285
vt 0.000000 0.376092
vt 1.000000 0.376092
vt 0.000000 0.376900
vt 1.000000 0.376900
vt 0.000000 0.377709
vt 1.000000 0.377709
vt 0.000000 0.378517
vt 1.000000 0.378517
vt 0.000000 0.379326
vt 1.000000 0.379326
vt 0.000000 0.380134
vt 1.000000 0.380134
vt 0.000000 0.380943
vt 1.000000 0.380943
vt 0.000000 0.381751
vt 1.000000 0.381751
vt 0.000000 0.382559
vt 1.000000 0.382559
vt 0.000000 0.383365
vt 1.000000 0.383365
vt 0.000000 0.384174
vt 1.000000 0.384174
vt 0.000000 0.384983
vt 1.000000 0.384983
vt 0.000000 0.385791
vt 1.000000 0.385791
vt 0.000000 0.386600
vt 1.000000 0.386600
vt 0.000000 0.387409
vt 1.000000 0.387409
vt 0.000000 0.388217
vt 1.000000 0.388217
vt 0.000000 0.389026
vt 1.000000 0.389026
vt 0.000000 0.389834
vt 1.000000 0.389834
vt 0.000000 0.390643
vt 1.000000 0.390643
vt 0.000000 0.391452
vt 1.000000 0.391452
vt 0.000000 0.392258
vt 1.000000 0.392258
vt 0.000000 0.393029
vt 1.000000 0.393029
vt 0.000000 0.393832
vt 1.000000 0.393832
vt 0.000000 0.394641
vt 1.000000 0.394641
vt 0.000000 0.395450
vt 1.000000 0.395450
vt 0.000000 0.396258
vt 1.000000 0.396258
vt 0.000000 0.397067
vt 1.000000 0.397067
vt 0.000000 0.397876
vt 1.000000 0.397876
vt 0.000000 0.398684
vt 1.000000 0.398684
vt 0.000000 0.399493
vt 1.000000 0.399493
vt 0.000000 0.400302
vt 1.000000 0.400302
vt 0.000000 0.401110
vt 1.000000 0.401110
vt 0.000000 0.401919
vt 1.000000 0.401919
vt 0.000000 0.402728
vt 1.000000 0.402728
vt 0.000000 0.403536
vt 1.000000 0.403536
vt 0.000000 0.404345
vt 1.000000 0.404345
vt 0.000000 0.405154
vt 1.000000 0.405154
vt 0.000000 0.405962
vt 1.000000 0.405962
vt 0.000000 0.406771
vt 1.000000 0.406771
vt 0.000000 0.407580
vt 1.000000 0.407580
vt 0.000000 0.408388
vt 1.000000 0.408388
vt 0.000000 0.409197
vt 1.000000 0.409197
vt 0.000000 0.410006
vt 1.000000 0.410006
vt 0.000000 0.410814
vt 1.000000 0.410814
vt 0.000000 0.411623
vt 1.000000 0.411623
vt 0.000000 0.412432
vt 1.000000 0.412432
vt 0.000000 0.413240
vt 1.000000 0.413240
vt 0.000000 0.414049
vt 1.000000 0.414049
vt 0.000000 0.414858
vt 1.000000 0.414858
vt 0.000000 0.415666
vt 1.000000 0.415666
vt 0.000000 0.416475
vt 1.000000 0.416475
vt 0.000000 0.417284
vt 1.000000 0.417284
vt 0.000000 0.418092
vt 1.000000 0.418092
vt 0.000000 0.418901
vt 1.000000 0.418901
vt 0.000000 0.419710
vt 1.000000 0.419710
vt 0.000000 0.420518
vt 1.000000 0.420518
vt 0.000000 0.421327
vt 1.000000 0.421327
vt 0.000000 0.422135
vt 1.000000 0.422135
vt 0.000000 0.422944
vt 1.000000 0.422944
vt 0.000000 0.423753
vt 1.000000 0.423753
vt 0.000000 0.424561
vt 1.000000 0.424561
vt 0.000000 0.425370
vt 1.000000 0.425370
vt 0.000000 0.426178
vt 1.000000 0.426178
vt 0.000000 0.426987
vt 1.000000 0.426987
vt 0.000000 0.427795
vt 1.000000 0.427795
vt 0.000000 0.428604
vt 1.000000 0.428604
vt 0.000000 0.429412
vt 1.000000 0.429412
vt 0.000000 0.430221
vt 1.000000 0.430221
vt 0.000000 0.431030
vt 1.000000 0.431030
vt 0.000000 0.431838
vt 1.000000 0.431838
vt 0.000000 0.432647
vt 1.000000 0.432647
vt 0.000000 0.433456
vt 1.000000 0.433456
vt 0.000000 0.434264
vt 1.000000 0.434264
vt 0.000000 0.435073
vt 1.000000 0.435073
vt 0.000000 0.435882
vt 1.000000 0.435882
vt 0.000000 0.436690
vt 1.000000 0.436690
vt 0.000000 0.437499
vt 1.000000 0.437499
vt 0.000000 0.438308
vt 1.000000 0.438308
vt 0.000000 0.439116
vt 1.000000 0.439116
vt 0.000000 0.439925
vt 1.000000 0.439925
vt 0.000000 0.440734
vt 1.000000 0.440734
vt 0.000000 0.441542
vt 1.000000 0.441542
vt 0.000000 0.442351
vt 1.000000 0.442351
vt 0.000000 0.443160
vt 1.000000 0.443160
vt 0.000000 0.443968
vt 1.000000 0.443968
vt 0.000000 0.444777
vt 1.000000 0.444777
vt 0.000000 0.445585
vt 1.000000 0.445585
vt 0.000000 0.446394
vt 1.000000 0.446394
vt 0.000000 0.447203
vt 1.000000 0.447203
vt 0.000000 0.448011
vt 1.000000 0.448011
vt 0.000000 0.448820
vt 1.000000 0.448820
vt 0.000000 0.449629
vt 1.000000 0.449629
vt 0.000000 0.450437
vt 1.000000 0.450437
vt 0.000000 0.451246
vt 1.000000 0.451246
vt 0.000000 0.452055
vt 1.000000 0.452055
vt 0.000000 0.452863
vt 1.000000 0.452863
vt 0.000000 0.453672
vt 1.000000 0.453672
vt 0.000000 0.454481
vt 1.000000 0.454481
vt 0.000000 0.455290
vt 1.000000 0.455290
vt 0.000000 0.456093
vt 1.000000 0.456093
vt 0.000000 0.456899
vt 1.000000 0.456899
vt 0.000000 0.457708
vt 1.000000 0.457708
vt 0.000000 0.458517
vt 1.000000 0.458517
vt 0.000000 0.459325
vt 1.000000 0.459325
vt 0.000000 0.460134
vt 1.000000 0.460134
vt 0.000000 0.460943
vt 1.000000 0.460943
vt 0.000000 0.461751
vt 1.000000 0.461751
vt 0.000000 0.462560
vt 1.000000 0.462560
vt 0.000000 0.463369
vt 1.000000 0.463369
vt 0.000000 0.464177
vt 1.000000 0.464177
vt 0.000000 0.464986
vt 1.000000 0.464986
vt 0.000000 0.465795
vt 1.000000 0.465795
vt 0.000000 0.466603
vt 1.000000 0.466603
vt 0.000000 0.467412
vt 1.000000 0.467412
vt 0.000000 0.468221
vt 1.000000 0.468221
vt 0.000000 0.469029
vt 1.000000 0.469029
vt 0.000000 0.469838
vt 1.000000 0.469838
vt 0.000000 0.470647
vt 1.000000 0.470647
vt 0.000000 0.471455
vt 1.000000 0.471455
vt 0.000000 0.472264
vt 1.000000 0.472264
vt 0.000000 0.473073
vt 1.000000 0.473073
vt 0.000000 0.473881
vt 1.000000 0.473881
vt 0.000000 0.474690
vt 1.000000 0.474690
vt 0.000000 0.475499
vt 1.000000 0.475499
vt 0.000000 0.476307
vt 1.000000 0.476307
vt 0.000000 0.477116
vt 1.000000 0.477116
vt 0.000000 0.477925
vt 1.000000 0.477925
vt 0.000000 0.478733
vt 1.000000 0.478733
vt 0.000000 0.479541
vt 1.000000 0.479541
vt 0.000000 0.480350
vt 1.000000 0.480350
vt 0.000000 0.481158
vt 1.000000 0.481158
vt 0.000000 0.481965
vt 1.000000 0.481965
vt 0.000000 0.482773
vt 1.000000 0.482773
vt 0.000000 0.483580
vt 1.000000 0.483580
vt 0.000000 0.484387
vt 1.000000 0.484387
vt 0.000000 0.485194
vt 1.000000 0.485194
vt 0.000000 0.486001
vt 1.000000 0.486001
vt 0.000000 0.486807
vt 1.000000 0.486807
vt 0.000000 0.487614
vt 1.000000 0.487614
vt 0.000000 0.488421
vt 1.000000 0.488421
vt 0.000000 0.489228
vt 1.000000 0.489228
vt 0.000000 0.490036
vt 1.000000 0.490036
vt 0.000000 0.490843
vt 1.000000 0.490843
vt 0.000000 0.491651
vt 1.000000 0.491651
vt 0.000000 0.492459
vt 1.000000 0.492459
vt 0.000000 0.493267
vt 1.000000 0.493267
vt 0.000000 0.494075
vt 1.000000 0.494075
vt 0.000000 0.494883
vt 1.000000 0.494883
vt 0.000000 0.495692
vt 1.000000 0.495692
vt 0.000000 0.496500
vt 1.000000 0.496500
vt 0.000000 0.497308
vt 1.000000 0.497308
vt 0.000000 0.498117
vt 1.000000 0.498117
vt 0.000000 0.498925
vt 1.000000 0.498925
vt 0.000000 0.499734
vt 1.000000 0.499734
vt 0.000000 0.500542
vt 1.000000 0.500542
vt 0.000000 0.501350
vt 1.000000 0.501350
vt 0.000000 0.502159
vt 1.000000 0.502159
vt 0.000000 0.502967
vt 1.000000 0.502967
vt 0.000000 0.503776
vt 1.000000 0.503776
vt 0.000000 0.504584
vt 1.000000 0.504584
vt 0.000000 0.505393
vt 1.000000 0.505393
vt 0.000000 0.506202
vt 1.000000 0.506202
vt 0.000000 0.507010
vt 1.000000 0.507010
vt 0.000000 0.507819
vt 1.000000 0.507819
vt 0.000000 0.508628
vt 1.000000 0.508628
vt 0.000000 0.509436
vt 1.000000 0.509436
vt 0.000000 0.510245
vt 1.000000 0.510245
vt 0.000000 0.511053
vt 1.000000 0.511053
vt 0.000000 0.511862
vt 1.000000 0.511862
vt 0.000000 0.512670
vt 1.000000 0.512670
vt 0.000000 0.513473
vt 1.000000 0.513473
vt 0.000000 0.514276
vt 1.000000 0.514276
vt 0.000000 0.515084
vt 1.000000 0.515084
vt 0.000000 0.515893
vt 1.000000 0.515893
vt 0.000000 0.516702
vt 1.000000 0.516702
vt 0.000000 0.517510
vt 1.000000 0.517510
vt 0.000000 0.518319
vt 1.000000 0.518319
vt 0.000000 0.519128
vt 1.000000 0.519128
vt 0.000000 0.519936
vt 1.000000 0.519936
vt 0.000000 0.520745
vt 1.000000 0.520745
vt 0.000000 0.521554
vt 1.000000 0.521554
vt 0.000000 0.522362
vt 1.000000 0.522362
vt 0.000000 0.523171
vt 1.000000 0.523171
vt 0.000000 0.523980
vt 1.000000 0.523980
vt 0.000000 0.524788
vt 1.000000 0.524788
vt 0.000000 0.525597
vt 1.000000 0.525597
vt 0.000000 0.526406
vt 1.000000 0.526406
vt 0.000000 0.527214
vt 1.000000 0.527214
vt 0.000000 0.528023
vt 1.000000 0.528023
vt 0.000000 0.528832
vt 1.000000 0.528832
vt 0.000000 0.529640
vt 1.000000 0.529640
vt 0.000000 0.530449
vt 1.000000 0.530449
vt 0.000000 0.531258
vt 1.000000 0.531258
vt 0.000000 0.532066
vt 1.000000 0.532066
vt 0.000000 0.532875
vt 1.000000 0.532875
vt 0.000000 0.533683
vt 1.000000 0.533683
vt 0.000000 0.534492
vt 1.000000 0.534492
vt 0.000000 0.535301
vt 1.000000 0.535301
vt 0.000000 0.536109
vt 1.000000 0.536109
vt 0.000000 0.536918
vt 1.000000 0.536918
vt 0.000000 0.537726
vt 1.000000 0.537726
vt 0.000000 0.538535
vt 1.000000 0.538535
vt 0.000000 0.539344
vt 1.000000 0.539344
vt 0.000000 0.540152
vt 1.000000 0.540152
vt 0.000000 0.540961
vt 1.000000 0.540961
vt 0.000000 0.541770
vt 1.000000 0.541770
vt 0.000000 0.542578
vt 1.000000 0.542578
vt 0.000000 0.543387
vt 1.000000 0.543387
vt 0.000000 0.544196
vt 1.000000 0.544196
vt 0.000000 0.545004
vt 1.000000 0.545004
vt 0.000000 0.545813
vt 1.000000 0.545813
vt 0.000000 0.546622
vt 1.000000 0.546622
vt 0.000000 0.547430
vt 1.000000 0.547430
vt 0.000000 0.548239
vt 1.000000 0.548239
vt 0.000000 0.549047
vt 1.000000 0.549047
vt 0.000000 0.549856
vt 1.000000 0.549856
vt 0.000000 0.550664
vt 1.000000 0.550664
vt 0.000000 0.551473
vt 1.000000 0.551473
vt 0.000000 0.552282
vt 1.000000 0.552282
vt 0.000000 0.553090
vt 1.000000 0.553090
vt 0.000000 0.553899
vt 1.000000 0.553899
vt 0.000000 0.554707
vt 1.000000 0.554707
vt 0.000000 0.555515
vt 1.000000 0.555515
vt 0.000000 0.556324
vt 1.000000 0.556324
vt 0.000000 0.557133
vt 1.000000 0.557133
vt 0.000000 0.557941
vt 1.000000 0.557941
vt 0.000000 0.558750
vt 1.000000 0.558750
vt 0.000000 0.559559
vt 1.000000 0.559559
vt 0.000000 0.560367
vt 1.000000 0.560367
vt 0.000000 0.561176
vt 1.000000 0.561176
vt 0.000000 0.561985
vt 1.000000 0.561985
vt 0.000000 0.562793
vt 1.000000 0.562793
vt 0.000000 0.563602
vt 1.000000 0.563602
vt 0.000000 0.564411
vt 1.000000 0.564411
vt 0.000000 0.565220
vt 1.000000 0.565220
vt 0.000000 0.566020
vt 1.000000 0.566020
vt 0.000000 0.566806
vt 1.000000 0.566806
vt 0.000000 0.567614
vt 1.000000 0.567614
vt 0.000000 0.568423
vt 1.000000 0.568423
vt 0.000000 0.569232
vt 1.000000 0.569232
vt 0.000000 0.570040
vt 1.000000 0.570040
vt 0.000000 0.570849
vt 1.000000 0.570849
vt 0.000000 0.571658
vt 1.000000 0.571658
vt 0.000000 0.572466
vt 1.000000 0.572466
vt 0.000000 0.573275
vt 1.000000 0.573275
vt 0.000000 0.574083
vt 1.000000 0.574083
vt 0.000000 0.574865
vt 1.000000 0.574865
vt 0.000000 0.575666
vt 1.000000 0.575666
vt 0.000000 0.576475
vt 1.000000 0.576475
vt 0.000000 0.577283
vt 1.000000 0.577283
vt 0.000000 0.578092
vt 1.000000 0.578092
vt 0.000000 0.578901
vt 1.000000 0.578901
vt 0.000000 0.579709
vt 1.000000 0.579709
vt 0.000000 0.580518
vt 1.000000 0.580518
vt 0.000000 0.581327
vt 1.000000 0.581327
vt 0.000000 0.582135
vt 1.000000 0.582135
vt 0.000000 0.582944
vt 1.000000 0.582944
vt 0.000000 0.583753
vt 1.000000 0.583753
vt 0.000000 0.584561
vt 1.000000 0.584561
vt 0.000000 0.585370
vt 1.000000 0.585370
vt 0.000000 0.586179
vt 1.000000 0.586179
vt 0.000000 0.586987
vt 1.000000 0.586987
vt 0.000000 0.587796
vt 1.000000 0.587796
vt 0.000000 0.588605
vt 1.000000 0.588605
vt 0.000000 0.589413
vt 1.000000 0.589413
vt 0.000000 0.590222
vt 1.000000 0.590222
vt 0.000000 0.591031
vt 1.000000 0.591031
vt 0.000000 0.591839
vt 1.000000 0.591839
vt 0.000000 0.592648
vt 1.000000 0.592648
vt 0.000000 0.593457
vt 1.000000 0.593457
vt 0.000000 0.594265
vt 1.000000 0.594265
vt 0.000000 0.595074
vt 1.000000 0.595074
vt 0.000000 0.595883
vt 1.000000 0.595883
vt 0.000000 0.596691
vt 1.000000 0.596691
vt 0.000000 0.597500
vt 1.000000 0.597500
vt 0.000000 0.598309
vt 1.000000 0.598309
vt 0.000000 0.599090
vt 1.000000 0.599090
vt 0.000000 0.599894
vt 1.000000 0.599894
vt 0.000000 0.600703
vt 1.000000 0.600703
vt 0.000000 0.601512
vt 1.000000 0.601512
vt 0.000000 0.602320
vt 1.000000 0.602320
vt 0.000000 0.603129
vt 1.000000 0.603129
vt 0.000000 0.603938
vt 1.000000 0.603938
vt 0.000000 0.604746
vt 1.000000 0.604746
vt 0.000000 0.605555
vt 1.000000 0.605555
vt 0.000000 0.606364
vt 1.000000 0.606364
vt 0.000000 0.607171
vt 1.000000 0.607171
vt 0.000000 0.607953
vt 1.000000 0.607953
vt 0.000000 0.608756
vt 1.000000 0.608756
vt 0.000000 0.609565
vt 1.000000 0.609565
vt 0.000000 0.610373
vt 1.000000 0.610373
vt 0.000000 0.611182
vt 1.000000 0.611182
vt 0.000000 0.611991
vt 1.000000 0.611991
vt 0.000000 0.612799
vt 1.000000 0.612799
vt 0.000000 0.613608
vt 1.000000 0.613608
vt 0.000000 0.614417
vt 1.000000 0.614417
vt 0.000000 0.615225
vt 1.000000 0.615225
vt 0.000000 0.616034
vt 1.000000 0.616034
vt 0.000000 0.616843
vt 1.000000 0.616843
vt 0.000000 0.617651
vt 1.000000 0.617651
vt 0.000000 0.618460
vt 1.000000 0.618460
vt 0.000000 0.619269
vt 1.000000 0.619269
vt 0.000000 0.620078
vt 1.000000 0.620078
vt 0.000000 0.620886
vt 1.000000 0.620886
vt 0.000000 0.621695
vt 1.000000 0.621695
vt 0.000000 0.622503
vt 1.000000 0.622503
vt 0.000000 0.623312
vt 1.000000 0.623312
vt 0.000000 0.624121
vt 1.000000 0.624121
vt 0.000000 0.624929
vt 1.000000 0.624929
vt 0.000000 0.625738
vt 1.000000 0.625738
vt 0.000000 0.626547
vt 1.000000 0.626547
vt 0.000000 0.627355
vt 1.000000 0.627355
vt 0.000000 0.628164
vt 1.000000 0.628164
vt 0.000000 0.628973
vt 1.000000 0.628973
vt 0.000000 0.629782
vt 1.000000 0.629782
vt 0.000000 0.630590
vt 1.000000 0.630590
vt 0.000000 0.631399
vt 1.000000 0.631399
vt 0.000000 0.632208
vt 1.000000 0.632208
vt 0.000000 0.633016
vt 1.000000 0.633016
vt 0.000000 0.633825
vt 1.000000 0.633825
vt 0.000000 0.634633
vt 1.000000 0.634633
vt 0.000000 0.635442
vt 1.000000 0.635442
vt 0.000000 0.636251
vt 1.000000 0.636251
vt 0.000000 0.637059
vt 1.000000 0.637059
vt 0.000000 0.637868
vt 1.000000 0.637868
vt 0.000000 0.638677
vt 1.000000 0.638677
vt 0.000000 0.639485
vt 1.000000 0.639485
vt 0.000000 0.640294
vt 1.000000 0.640294
vt 0.000000 0.641103
vt 1.000000 0.641103
vt 0.000000 0.641911
vt 1.000000 0.641911
vt 0.000000 0.642720
vt 1.000000 0.642720
vt 0.000000 0.643529
vt 1.000000 0.643529
vt 0.000000 0.644337
vt 1.000000 0.644337
vt 0.000000 0.645146
vt 1.000000 0.645146
vt 0.000000 0.645954
vt 1.000000 0.645954
vt 0.000000 0.646763
vt 1.000000 0.646763
vt 0.000000 0.647572
vt 1.000000 0.647572
vt 0.000000 0.648380
vt 1.000000 0.648380
vt 0.000000 0.649189
vt 1.000000 0.649189
vt 0.000000 0.649998
vt 1.000000 0.649998
vt 0.000000 0.650806
vt 1.000000 0.650806
vt 0.000000 0.651615
vt 1.000000 0.651615
vt 0.000000 0.652423
vt 1.000000 0.652423
vt 0.000000 0.653232
vt 1.000000 0.653232
vt 0.000000 0.654041
vt 1.000000 0.654041
vt 0.000000 0.654849
vt 1.000000 0.654849
vt 0.000000 0.655658
vt 1.000000 0.655658
vt 0.000000 0.656466
vt 1.000000 0.656466
vt 0.000000 0.657275
vt 1.000000 0.657275
vt 0.000000 0.658084
vt 1.000000 0.658084
vt 0.000000 0.658892
vt 1.000000 0.658892
vt 0.000000 0.659701
vt 1.000000 0.659701
vt 0.000000 0.660509
vt 1.000000 0.660509
vt 0.000000 0.661318
vt 1.000000 0.661318
vt 0.000000 0.662127
vt 1.000000 0.662127
vt 0.000000 0.662935
vt 1.000000 0.662935
vt 0.000000 0.663744
vt 1.000000 0.663744
vt 0.000000 0.664552
vt 1.000000 0.664552
vt 0.000000 0.665361
vt 1.000000 0.665361
vt 0.000000 0.666170
vt 1.000000 0.666170
vt 0.000000 0.666978
vt 1.000000 0.666978
vt 0.000000 0.667787
vt 1.000000 0.667787
vt 0.000000 0.668595
vt 1.000000 0.668595
vt 0.000000 0.669404
vt 1.000000 0.669404
vt 0.000000 0.670213
vt 1.000000 0.670213
vt 0.000000 0.671021
vt 1.000000 0.671021
vt 0.000000 0.671830
vt 1.000000 0.671830
vt 0.000000 0.672638
vt 1.000000 0.672638
vt 0.000000 0.673447
vt 1.000000 0.673447
vt 0.000000 0.674255
vt 1.000000 0.674255
vt 0.000000 0.675064
vt 1.000000 0.675064
vt 0.000000 0.675872
vt 1.000000 0.675872
vt 0.000000 0.676680
vt 1.000000 0.676680
vt 0.000000 0.677489
vt 1.000000 0.677489
vt 0.000000 0.678297
vt 1.000000 0.678297
vt 0.000000 0.679106
vt 1.000000 0.679106
vt 0.000000 0.679915
vt 1.000000 0.679915
vt 0.000000 0.680724
vt 1.000000 0.680724
vt 0.000000 0.681533
vt 1.000000 0.681533
vt 0.000000 0.682343
vt 1.000000 0.682343
vt 0.000000 0.683152
vt 1.000000 0.683152
vt 0.000000 0.683962
vt 1.000000 0.683962
vt 0.000000 0.684772
vt 1.000000 0.684772
vt 0.000000 0.685581
vt 1.000000 0.685581
vt 0.000000 0.686389
vt 1.000000 0.686389
vt 0.000000 0.687197
vt 1.000000 0.687197
vt 0.000000 0.688005
vt 1.000000 0.688005
vt 0.000000 0.688813
vt 1.000000 0.688813
vt 0.000000 0.689622
vt 1.000000 0.689622
vt 0.000000 0.690430
vt 1.000000 0.690430
vt 0.000000 0.691239
vt 1.000000 0.691239
vt 0.000000 0.692048
vt 1.000000 0.692048
vt 0.000000 0.692857
vt 1.000000 0.692857
vt 0.000000 0.693666
vt 1.000000 0.693666
vt 0.000000 0.694475
vt 1.000000 0.694475
vt 0.000000 0.695284
vt 1.000000 0.695284
vt 0.000000 0.696092
vt 1.000000 0.696092
vt 0.000000 0.696901
vt 1.000000 0.696901
vt 0.000000 0.697710
vt 1.000000 0.697710
vt 0.000000 0.698519
vt 1.000000 0.698519
vt 0.000000 0.699327
vt 1.000000 0.699327
vt 0.000000 0.700136
vt 1.000000 0.700136
vt 0.000000 0.700944
vt 1.000000 0.700944
vt 0.000000 0.701753
vt 1.000000 0.701753
vt 0.000000 0.702561
vt 1.000000 0.702561
vt 0.000000 0.703370
vt 1.000000 0.703370
vt 0.000000 0.704178
vt 1.000000 0.704178
vt 0.000000 0.704986
vt 1.000000 0.704986
vt 0.000000 0.705794
vt 1.000000 0.705794
vt 0.000000 0.706603
vt 1.000000 0.706603
vt 0.000000 0.707411
vt 1.000000 0.707411
vt 0.000000 0.708220
vt 1.000000 0.708220
vt 0.000000 0.709028
vt 1.000000 0.709028
vt 0.000000 0.709837
vt 1.000000 0.709837
vt 0.000000 0.710646
vt 1.000000 0.710646
vt 0.000000 0.711454
vt 1.000000 0.711454
vt 0.000000 0.712263
vt 1.000000 0.712263
vt 0.000000 0.713071
vt 1.000000 0.713071
vt 0.000000 0.713880
vt 1.000000 0.713880
vt 0.000000 0.714689
vt 1.000000 0.714689
vt 0.000000 0.715497
vt 1.000000 0.715497
vt 0.000000 0.716306
vt 1.000000 0.716306
vt 0.000000 0.717115
vt 1.000000 0.717115
vt 0.000000 0.717923
vt 1.000000 0.717923
vt 0.000000 0.718732
vt 1.000000 0.718732
vt 0.000000 0.719541
vt 1.000000 0.719541
vt 0.000000 0.720349
vt 1.000000 0.720349
vt 0.000000 0.721158
vt 1.000000 0.721158
vt 0.000000 0.721967
vt 1.000000 0.721967
vt 0.000000 0.722775
vt 1.000000 0.722775
vt 0.000000 0.723584
vt 1.000000 0.723584
vt 0.000000 0.724393
vt 1.000000 0.724393
vt 0.000000 0.725201
vt 1.000000 0.725201
vt 0.000000 0.726010
vt 1.000000 0.726010
vt 0.000000 0.726819
vt 1.000000 0.726819
vt 0.000000 0.727627
vt 1.000000 0.727627
vt 0.000000 0.728436
vt 1.000000 0.728436
vt 0.000000 0.729245
vt 1.000000 0.729245
vt 0.000000 0.730053
vt 1.000000 0.730053
vt 0.000000 0.730862
vt 1.000000 0.730862
vt 0.000000 0.731671
vt 1.000000 0.731671
vt 0.000000 0.732479
vt 1.000000 0.732479
vt 0.000000 0.733288
vt 1.000000 0.733288
vt 0.000000 0.734097
vt 1.000000 0.734097
vt 0.000000 0.734905
vt 1.000000 0.734905
vt 0.000000 0.735714
vt 1.000000 0.735714
vt 0.000000 0.736522
vt 1.000000 0.736522
vt 0.000000 0.737331
vt 1.000000 0.737331
vt 0.000000 0.738140
vt 1.000000 0.738140
vt 0.000000 0.738948
vt 1.000000 0.738948
vt 0.000000 0.739757
vt 1.000000 0.739757
vt 0.000000 0.740566
vt 1.000000 0.740566
vt 0.000000 0.741374
vt 1.000000 0.741374
vt 0.000000 0.742183
vt 1.000000 0.742183
vt 0.000000 0.742991
vt 1.000000 0.742991
vt 0.000000 0.743800
vt 1.000000 0.743800
vt 0.000000 0.744608
vt 1.000000 0.744608
vt 0.000000 0.745416
vt 1.000000 0.745416
vt 0.000000 0.746224
vt 1.000000 0.746224
vt 0.000000 0.747032
vt 1.000000 0.747032
vt 0.000000 0.747839
vt 1.000000 0.747839
vt 0.000000 0.748647
vt 1.000000 0.748647
vt 0.000000 0.749454
vt 1.000000 0.749454
vt 0.000000 0.750261
vt 1.000000 0.750261
vt 0.000000 0.751069
vt 1.000000 0.751069
vt 0.000000 0.751877
vt 1.000000 0.751877
vt 0.000000 0.752684
vt 1.000000 0.752684
vt 0.000000 0.753492
vt 1.000000 0.753492
vt 0.000000 0.754300
vt 1.000000 0.754300
vt 0.000000 0.755108
vt 1.000000 0.755108
vt 0.000000 0.755916
vt 1.000000 0.755916
vt 0.000000 0.756724
vt 1.000000 0.756724
vt 0.000000 0.757532
vt 1.000000 0.757532
vt 0.000000 0.758340
vt 1.000000 0.758340
vt 0.000000 0.759149
vt 1.000000 0.759149
vt 0.000000 0.759957
vt 1.000000 0.759957
vt 0.000000 0.760766
vt 1.000000 0.760766
vt 0.000000 0.761575
vt 1.000000 0.761575
vt 0.000000 0.762383
vt 1.000000 0.762383
vt 0.000000 0.763192
vt 1.000000 0.763192
vt 0.000000 0.764000
vt 1.000000 0.764000
vt 0.000000 0.764809
vt 1.000000 0.764809
vt 0.000000 0.765618
vt 1.000000 0.765618
vt 0.000000 0.766426
vt 1.000000 0.766426
vt 0.000000 0.767235
vt 1.000000 0.767235
vt 0.000000 0.768044
vt 1.000000 0.768044
vt 0.000000 0.768852
vt 1.000000 0.768852
vt 0.000000 0.769661
vt 1.000000 0.769661
vt 0.000000 0.770470
vt 1.000000 0.770470
vt 0.000000 0.771278
vt 1.000000 0.771278
vt 0.000000 0.772087
vt 1.000000 0.772087
vt 0.000000 0.772896
vt 1.000000 0.772896
vt 0.000000 0.773704
vt 1.000000 0.773704
vt 0.000000 0.774513
vt 1.000000 0.774513
vt 0.000000 0.775322
vt 1.000000 0.775322
vt 0.000000 0.776130
vt 1.000000 0.776130
vt 0.000000 0.776939
vt 1.000000 0.776939
vt 0.000000 0.777748
vt 1.000000 0.777748
vt 0.000000 0.778556
vt 1.000000 0.778556
vt 0.000000 0.779365
vt 1.000000 0.779365
vt 0.000000 0.780174
vt 1.000000 0.780174
vt 0.000000 0.780982
vt 1.000000 0.780982
vt 0.000000 0.781791
vt 1.000000 0.781791
vt 0.000000 0.782600
vt 1.000000 0.782600
vt 0.000000 0.783408
vt 1.000000 0.783408
vt 0.000000 0.784217
vt 1.000000 0.784217
vt 0.000000 0.785026
vt 1.000000 0.785026
vt 0.000000 0.785834
vt 1.000000 0.785834
vt 0.000000 0.786643
vt 1.000000 0.786643
vt 0.000000 0.787452
vt 1.000000 0.787452
vt 0.000000 0.788260
vt 1.000000 0.788260
vt 0.000000 0.789069
vt 1.000000 0.789069
vt 0.000000 0.789878
vt 1.000000 0.789878
vt 0.000000 0.790686
vt 1.000000 0.790686
vt 0.000000 0.791495
vt 1.000000 0.791495
vt 0.000000 0.792303
vt 1.000000 0.792303
vt 0.000000 0.793112
vt 1.000000 0.793112
vt 0.000000 0.793921
vt 1.000000 0.793921
vt 0.000000 0.794729
vt 1.000000 0.794729
vt 0.000000 0.795538
vt 1.000000 0.795538
vt 0.000000 0.796347
vt 1.000000 0.796347
vt 0.000000 0.797155
vt 1.000000 0.797155
vt 0.000000 0.797964
vt 1.000000 0.797964
vt 0.000000 0.798773
vt 1.000000 0.798773
vt 0.000000 0.799581
vt 1.000000 0.799581
vt 0.000000 0.800390
vt 1.000000 0.800390
vt 0.000000 0.801198
vt 1.000000 0.801198
vt 0.000000 0.802007
vt 1.000000 0.802007
vt 0.000000 0.802816
vt 1.000000 0.802816
vt 0.000000 0.803624
vt 1.000000 0.803624
vt 0.000000 0.804433
vt 1.000000 0.804433
vt 0.000000 0.805242
vt 1.000000 0.805242
vt 0.000000 0.806051
vt 1.000000 0.806051
vt 0.000000 0.806859
vt 1.000000 0.806859
vt 0.000000 0.807668
vt 1.000000 0.807668
vt 0.000000 0.808477
vt 1.000000 0.808477
vt 0.000000 0.809285
vt 1.000000 0.809285
vt 0.000000 0.810094
vt 1.000000 0.810094
vt 0.000000 0.810903
vt 1.000000 0.810903
vt 0.000000 0.811711
vt 1.000000 0.811711
vt 0.000000 0.812520
vt 1.000000 0.812520
vt 0.000000 0.813329
vt 1.000000 0.813329
vt 0.000000 0.814137
vt 1.000000 0.814137
vt 0.000000 0.814946
vt 1.000000 0.814946
vt 0.000000 0.815755
vt 1.000000 0.815755
vt 0.000000 0.816563
vt 1.000000 0.816563
vt 0.000000 0.817372
vt 1.000000 0.817372
vt 0.000000 0.818181
vt 1.000000 0.818181
vt 0.000000 0.818989
vt 1.000000 0.818989
vt 0.000000 0.819798
vt 1.000000 0.819798
vt 0.000000 0.820607
vt 1.000000 0.820607
vt 0.000000 0.821415
vt 1.000000 0.821415
vt 0.000000 0.822224
vt 1.000000 0.822224
vt 0.000000 0.823033
vt 1.000000 0.823033
vt 0.000000 0.823841
vt 1.000000 0.823841
vt 0.000000 0.824650
vt 1.000000 0.824650
vt 0.000000 0.825458
vt 1.000000 0.825458
vt 0.000000 0.826267
vt 1.000000 0.826267
vt 0.000000 0.827076
vt 1.000000 0.827076
vt 0.000000 0.827885
vt 1.000000 0.827885
vt 0.000000 0.828693
vt 1.000000 0.828693
vt 0.000000 0.829502
vt 1.000000 0.829502
vt 0.000000 0.830310
vt 1.000000 0.830310
vt 0.000000 0.831119
vt 1.000000 0.831119
vt 0.000000 0.831928
vt 1.000000 0.831928
vt 0.000000 0.832736
vt 1.000000 0.832736
vt 0.000000 0.833545
vt 1.000000 0.833545
vt 0.000000 0.834354
vt 1.000000 0.834354
vt 0.000000 0.835162
vt 1.000000 0.835162
vt 0.000000 0.835971
vt 1.000000 0.835971
vt 0.000000 0.836780
vt 1.000000 0.836780
vt 0.000000 0.837588
vt 1.000000 0.837588
vt 0.000000 0.838397
vt 1.000000 0.838397
vt 0.000000 0.839206
vt 1.000000 0.839206
vt 0.000000 0.840014
vt 1.000000 0.840014
vt 0.000000 0.840823
vt 1.000000 0.840823
vt 0.000000 0.841632
vt 1.000000 0.841632
vt 0.000000 0.842440
vt 1.000000 0.842440
vt 0.000000 0.843249
vt 1.000000 0.843249
vt 0.000000 0.844058
vt 1.000000 0.844058
vt 0.000000 0.844866
vt 1.000000 0.844866
vt 0.000000 0.845675
vt 1.000000 0.845675
vt 0.000000 0.846484
vt 1.000000 0.846484
vt 0.000000 0.847292
vt 1.000000 0.847292
vt 0.000000 0.848101
vt 1.000000 0.848101
vt 0.000000 0.848910
vt 1.000000 0.848910
vt 0.000000 0.849718
vt 1.000000 0.849718
vt 0.000000 0.850527
vt 1.000000 0.850527
vt 0.000000 0.851335
vt 1.000000 0.851335
vt 0.000000 0.852144
vt 1.000000 0.852144
vt 0.000000 0.852953
vt 1.000000 0.852953
vt 0.000000 0.853761
vt 1.000000 0.853761
vt 0.000000 0.854570
vt 1.000000 0.854570
vt 0.000000 0.855379
vt 1.000000 0.855379
vt 0.000000 0.856187
vt 1.000000 0.856187
vt 0.000000 0.856996
vt 1.000000 0.856996
vt 0.000000 0.857805
vt 1.000000 0.857805
vt 0.000000 0.858613
vt 1.000000 0.858613
vt 0.000000 0.859422
vt 1.000000 0.859422
vt 0.000000 0.860231
vt 1.000000 0.860231
vt 0.000000 0.861039
vt 1.000000 0.861039
vt 0.000000 0.861848
vt 1.000000 0.861848
vt 0.000000 0.862657
vt 1.000000 0.862657
vt 0.000000 0.863465
vt 1.000000 0.863465
vt 0.000000 0.864274
vt 1.000000 0.864274
vt 0.000000 0.865082
vt 1.000000 0.865082
vt 0.000000 0.865891
vt 1.000000 0.865891
vt 0.000000 0.866700
vt 1.000000 0.866700
vt 0.000000 0.867508
vt 1.000000 0.867508
vt 0.000000 0.868317
vt 1.000000 0.868317
vt 0.000000 0.869125
vt 1.000000 0.869125
vt 0.000000 0.869934
vt 1.000000 0.869934
vt 0.000000 0.870742
vt 1.000000 0.870742
vt 0.000000 0.871551
vt 1.000000 0.871551
vt 0.000000 0.872360
vt 1.000000 0.872360
vt 0.000000 0.873168
vt 1.000000 0.873168
vt 0.000000 0.873977
vt 1.000000 0.873977
vt 0.000000 0.874786
vt 1.000000 0.874786
vt 0.000000 0.875594
vt 1.000000 0.875594
vt 0.000000 0.876403
vt 1.000000 0.876403
vt 0.000000 0.877211
vt 1.000000 0.877211
vt 0.000000 0.878020
vt 1.000000 0.878020
vt 0.000000 0.878829
vt 1.000000 0.878829
vt 0.000000 0.879637
vt 1.000000 0.879637
vt 0.000000 0.880446
vt 1.000000 0.880446
vt 0.000000 0.881255
vt 1.000000 0.881255
vt 0.000000 0.882063
vt 1.000000 0.882063
vt 0.000000 0.882872
vt 1.000000 0.882872
vt 0.000000 0.883680
vt 1.000000 0.883680
vt 0.000000 0.884489
vt 1.000000 0.884489
vt 0.000000 0.885298
vt 1.000000 0.885298
vt 0.000000 0.886106
vt 1.000000 0.886106
vt 0.000000 0.886915
vt 1.000000 0.886915
vt 0.000000 0.887724
vt 1.000000 0.887724
vt 0.000000 0.888532
vt 1.000000 0.888532
vt 0.000000 0.889341
vt 1.000000 0.889341
vt 0.000000 0.890150
vt 1.000000 0.890150
vt 0.000000 0.890958
vt 1.000000 0.890958
vt 0.000000 0.891767
vt 1.000000 0.891767
vt 0.000000 0.892575
vt 1.000000 0.892575
vt 0.000000 0.893384
vt 1.000000 0.893384
vt 0.000000 0.894193
vt 1.000000 0.894193
vt 0.000000 0.895001
vt 1.000000 0.895001
vt 0.000000 0.895810
vt 1.000000 0.895810
vt 0.000000 0.896619
vt 1.000000 0.896619
vt 0.000000 0.897427
vt 1.000000 0.897427
vt 0.000000 0.898236
vt 1.000000 0.898236
vt 0.000000 0.899044
vt 1.000000 0.899044
vt 0.000000 0.899853
vt 1.000000 0.899853
vt 0.000000 0.900662
vt 1.000000 0.900662
vt 0.000000 0.901470
vt 1.000000 0.901470
vt 0.000000 0.902279
vt 1.000000 0.902279
vt 0.000000 0.903088
vt 1.000000 0.903088
vt 0.000000 0.903896
vt 1.000000 0.903896
vt 0.000000 0.904705
vt 1.000000 0.904705
vt 0.000000 0.905514
vt 1.000000 0.905514
vt 0.000000 0.906322
vt 1.000000 0.906322
vt 0.000000 0.907131
vt 1.000000 0.907131
vt 0.000000 0.907940
vt 1.000000 0.907940
vt 0.000000 0.908748
vt 1.000000 0.908748
vt 0.000000 0.909557
vt 1.000000 0.909557
vt 0.000000 0.910366
vt 1.000000 0.910366
vt 0.000000 0.911174
vt 1.000000 0.911174
vt 0.000000 0.911983
vt 1.000000 0.911983
vt 0.000000 0.912792
vt 1.000000 0.912792
vt 0.000000 0.913600
vt 1.000000 0.913600
vt 0.000000 0.914409
vt 1.000000 0.914409
vt 0.000000 0.915218
vt 1.000000 0.915218
vt 0.000000 0.916026
vt 1.000000 0.916026
vt 0.000000 0.916835
vt 1.000000 0.916835
vt 0.000000 0.917644
vt 1.000000 0.917644
vt 0.000000 0.918452
vt 1.000000 0.918452
vt 0.000000 0.919260
vt 1.000000 0.919260
vt 0.000000 0.920066
vt 1.000000 0.920066
vt 0.000000 0.920872
vt 1.000000 0.920872
vt 0.000000 0.921677
vt 1.000000 0.921677
vt 0.000000 0.922480
vt 1.000000 0.922480
vt 0.000000 0.923284
vt 1.000000 0.923284
vt 0.000000 0.924088
vt 1.000000 0.924088
vt 0.000000 0.924892
vt 1.000000 0.924892
vt 0.000000 0.925695
vt 1.000000 0.925695
vt 0.000000 0.926500
vt 1.000000 0.926500
vt 0.000000 0.927303
vt 1.000000 0.927303
vt 0.000000 0.928107
vt 1.000000 0.928107
vt 0.000000 0.928911
vt 1.000000 0.928911
vt 0.000000 0.929714
vt 1.000000 0.929714
vt 0.000000 0.930518
vt 1.000000 0.930518
vt 0.000000 0.931323
vt 1.000000 0.931323
vt 0.000000 0.932129
vt 1.000000 0.932129
vt 0.000000 0.932935
vt 1.000000 0.932935
vt 0.000000 0.933741
vt 1.000000 0.933741
vt 0.000000 0.934549
vt 1.000000 0.934549
vt 0.000000 0.935357
vt 1.000000 0.935357
vt 0.000000 0.936164
vt 1.000000 0.936164
vt 0.000000 0.936972
vt 1.000000 0.936972
vt 0.000000 0.937780
vt 1.000000 0.937780
vt 0.000000 0.938588
vt 1.000000 0.938588
vt 0.000000 0.939397
vt 1.000000 0.939397
vt 0.000000 0.940206
vt 1.000000 0.940206
vt 0.000000 0.941014
vt 1.000000 0.941014
vt 0.000000 0.941823
vt 1.000000 0.941823
vt 0.000000 0.942632
vt 1.000000 0.942632
vt 0.000000 0.943440
vt 1.000000 0.943440
vt 0.000000 0.944249
vt 1.000000 0.944249
vt 0.000000 0.945058
vt 1.000000 0.945058
vt 0.000000 0.945866
vt 1.000000 0.945866
vt 0.000000 0.946675
vt 1.000000 0.946675
vt 0.000000 0.947484
vt 1.000000 0.947484
vt 0.000000 0.948292
vt 1.000000 0.948292
vt 0.000000 0.949101
vt 1.000000 0.949101
vt 0.000000 0.949911
vt 1.000000 0.949911
vt 0.000000 0.950753
vt 1.000000 0.950753
vt 0.000000 0.951592
vt 1.000000 0.951592
vt 0.000000 0.952379
vt 1.000000 0.952379
vt 0.000000 0.953148
vt 1.000000 0.953148
vt 0.000000 0.953954
vt 1.000000 0.953954
vt 0.000000 0.954764
vt 1.000000 0.954764
vt 0.000000 0.955563
vt 1.000000 0.955563
vt 0.000000 0.956372
vt 1.000000 0.956372
vt 0.000000 0.957167
vt 1.000000 0.957167
vt 0.000000 0.957962
vt 1.000000 0.957962
vt 0.000000 0.958762
vt 1.000000 0.958762
vt 0.000000 0.959540
vt 1.000000 0.959540
vt 0.000000 0.960213
vt 1.000000 0.960213
vt 0.000000 0.960812
vt 1.000000 0.960812
vt 0.000000 0.961441
vt 1.000000 0.961441
vt 0.000000 0.962093
vt 1.000000 0.962093
vt 0.000000 0.962748
vt 1.000000 0.962748
vt 0.000000 0.963437
vt 1.000000 0.963437
vt 0.000000 0.964178
vt 1.000000 0.964178
vt 0.000000 0.964997
vt 1.000000 0.964997
vt 0.000000 0.965880
vt 1.000000 0.965880
vt 0.000000 0.966740
vt 1.000000 0.966740
vt 0.000000 0.967553
vt 1.000000 0.967553
vt 0.000000 0.968363
vt 1.000000 0.968363
vt 0.000000 0.969208
vt 1.000000 0.969208
vt 0.000000 0.970032
vt 1.000000 0.970032
vt 0.000000 0.970870
vt 1.000000 0.970870
vt 0.000000 0.971712
vt 1.000000 0.971712
vt 0.000000 0.972515
vt 1.000000 0.972515
vt 0.000000 0.973328
vt 1.000000 0.973328
vt 0.000000 0.974141
vt 1.000000 0.974141
vt 0.000000 0.974952
vt 1.000000 0.974952
vt 0.000000 0.975760
vt 1.000000 0.975760
vt 0.000000 0.976566
vt 1.000000 0.976566
vt 0.000000 0.977367
vt 1.000000 0.977367
vt 0.000000 0.978173
vt 1.000000 0.978173
vt 0.000000 0.978981
vt 1.000000 0.978981
vt 0.000000 0.979789
vt 1.000000 0.979789
vt 0.000000 0.980597
vt 1.000000 0.980597
vt 0.000000 0.981406
vt 1.000000 0.981406
vt 0.000000 0.982214
vt 1.000000 0.982214
vt 0.000000 0.983023
vt 1.000000 0.983023
vt 0.000000 0.983831
vt 1.000000 0.983831
vt 0.000000 0.984640
vt 1.000000 0.984640
vt 0.000000 0.985449
vt 1.000000 0.985449
vt 0.000000 0.986257
vt 1.000000 0.986257
vt 0.000000 0.987066
vt 1.000000 0.987066
vt 0.000000 0.987875
vt 1.000000 0.987875
vt 0.000000 0.988683
vt 1.000000 0.988683
vt 0.000000 0.989492
vt 1.000000 0.989492
vt 0.000000 0.990300
vt 1.000000 0.990300
vt 0.000000 0.991109
vt 1.000000 0.991109
vt 0.000000 0.991918
vt 1.000000 0.991918
vt 0.000000 0.992726
vt 1.000000 0.992726
vt 0.000000 0.993535
vt 1.000000 0.993535
vt 0.000000 0.994344
vt 1.000000 0.994344
vt 0.000000 0.995152
vt 1.000000 0.995152
vt 0.000000 0.995961
vt 1.000000 0.995961
vt 0.000000 0.996769
vt 1.000000 0.996769
vt 0.000000 0.997577
vt 1.000000 0.997577
vt 0.000000 0.998385
vt 1.000000 0.998385
vt 0.000000 0.999193
vt 1.000000 0.999193
vt 0.000000 1.000000
vt 1.000000 1.000000
vn -0.000000 1.000000 0.000000
vn -0.000000 1.000000 0.000000
vn -0.000000 1.000000 0.000000
vn -0.000000 1.000000 0.000000
vn -0.000000 1.000000 0.000000
vn -0.000000 1.000000 0.000000
vn -0.000000 1.000000 0.000000
vn -0.000000 1.000000 0.000000
vn -0.000000 1.000000 0.000000
vn -0.000000 1.000000 0.000000
vn -0.000000 1.000000 0.000000
vn -0.000000 1.000000 0.000000
vn -0.000000 1.000000 0.000000
vn -0.000000 1.000000 0.000000
vn -0.000000 1.000000 0.000000
vn -0.000000 1.000000 0.000000
vn -0.000000 1.000000 0.000000
vn -0.000000 1.000000 0.000000
vn -0.000000 1.000000 0.000000
vn -0.000000 1.000000 0.000000
vn -0.000000 1.000000 0.000000
vn -0.000000 1.000000 0.000000
vn -0.000000 1.000000 0.000000
vn -0.000000 1.000000 0.000000
vn -0.000000 1.000000 0.000000
vn -0.000000 1.000000 0.000000
vn -0.000000 1.000000 0.000000
vn -0.000000 1.000000 0.000000
vn -0.000000 1.000000 0.000000
vn -0.000000 1.000000 0.000000
vn -0.000000 1.000000 0.000000
vn -0.000000 1.000000 0.000000
vn -0.000000 1.000000 0.000000
vn -0.000000 1.000000 0.000000
vn -0.000000 1.000000 0.000000
vn -0.000000 1.000000 0.000000
vn -0.000000 1.000000 0.000000
vn -0.000000 1.000000 0.000000
vn -0.000000 1.000000 0.000000
vn -0.000000 1.000000 0.000000
vn -0.000000 1.000000 0.000000
vn -0.000000 1.000000 0.000000
vn -0.000000 1.000000 0.000000
vn -0.000000 1.000000 0.000000
vn -0.000000 1.000000 0.000000
vn -0.000000 1.000000 0.000000
vn -0.000000 1.000000 0.000000
vn -0.000000 1.000000 0.000000
vn -0.000000 1.000000 0.000000
vn -0.000000 1.000000 0.000000
vn -0.000000 1.000000 0.000000
vn -0.000000 1.000000 0.000000
vn -0.000000 1.000000 0.000000
vn -0.000000 1.000000 0.000000
vn -0.000000 1.000000 0.000000
vn -0.000000 1.000000 0.000000
vn -0.000000 1.000000 0.000000
vn -0.000000 1.000000 0.000000
vn -0.000000 1.000000 0.000000
vn -0.000000 1.000000 0.000000
vn -0.000000 1.000000 0.000000
vn -0.000000 1.000000 0.000000
vn -0.000000 1.000000 0.000000
vn -0.000000 1.000000 0.000000
vn -0.000000 1.000000 0.000000
vn -0.000000 1.000000 0.000000
vn 0.000000 1.000000 -0.000000
vn 0.000000 1.000000 -0.000000
vn 0.000000 1.000000 -0.000000
vn 0.000000 1.000000 -0.000000
vn 0.000000 1.000000 -0.000000
vn 0.000000 1.000000 -0.000000
vn 0.000000 1.000000 -0.000000
vn 0.000000 1.000000 -0.000000
vn 0.000000 1.000000 -0.000000
vn 0.000000 1.000000 -0.000000
vn 0.000000 1.000000 -0.000000
vn 0.000000 1.000000 -0.000000
vn 0.000000 1.000000 -0.000000
vn 0.000000 1.000000 -0.000000
vn 0.000000 1.000000 -0.000000
vn 0.000000 1.000000 -0.000000
vn 0.000000 1.000000 -0.000000
vn 0.000000 1.000000 -0.000000
vn 0.000000 1.000000 -0.000000
vn 0.000000 1.000000 -0.000000
vn 0.000000 1.000000 -0.000000
vn 0.000000 1.000000 -0.000000
vn 0.000000 1.000000 -0.000000
vn 0.000000 1.000000 -0.000000
vn 0.000000 1.000000 -0.000000
vn 0.000000 1.000000 -0.000000
vn 0.000000 1.000000 -0.000000
vn 0.000000 1.000000 -0.000000
vn 0.000000 1.000000 -0.000000
vn 0.000000 1.000000 -0.000000
vn 0.000000 1.000000 -0.000000
vn 0.000000 1.000000 -0.000000
vn -0.000000 1.000000 0.000000
vn -0.000000 1.000000 0.000000
vn -0.000000 1.000000 0.000000
vn -0.000000 1.000000 0.000000
vn -0.000000 1.000000 0.000000
vn -0.000000 1.000000 0.000000
vn -0.000000 1.000000 0.000000
vn -0.000000 1.000000 0.000000
vn -0.000000 1.000000 0.000000
vn -0.000000 1.000000 0.000000
vn -0.000000 1.000000 0.000000
vn -0.000000 1.000000 0.000000
vn -0.000000 1.000000 0.000000
vn -0.000000 1.000000 0.000000
vn -0.000000 1.000000 0.000000
vn -0.000000 1.000000 0.000000
vn -0.000000 1.000000 0.000000
vn -0.000000 1.000000 0.000000
vn -0.000000 1.000000 0.000000
vn -0.000000 1.000000 0.000000
vn -0.000000 1.000000 0.000000
vn -0.000000 1.000000 0.000000
vn -0.000000 1.000000 0.000000
vn -0.000000 1.000000 0.000000
vn -0.000000 1.000000 0.000000
vn -0.000000 1.000000 0.000000
vn -0.000000 1.000000 0.000000
vn -0.000000 1.000000 0.000000
vn -0.000000 1.000000 0.000000
vn -0.000000 1.000000 0.000000
vn -0.000000 1.000000 0.000000
vn -0.000000 1.000000 0.000000
vn -0.000000 1.000000 0.000000
vn -0.000000 1.000000 0.000000
vn -0.000000 1.000000 0.000000
vn -0.000000 1.000000 0.000000
vn -0.000000 1.000000 0.000000
vn -0.000000 1.000000 0.000000
vn -0.000000 1.000000 0.000000
vn -0.000000 1.000000 0.000000
vn -0.000000 1.000000 0.000000
vn -0.000000 1.000000 0.000000
vn -0.000000 1.000000 0.000000
vn -0.000000 1.000000 0.000000
vn -0.000000 1.000000 0.000000
vn -0.000000 1.000000 0.000000
vn -0.000000 1.000000 0.000000
vn -0.000000 1.000000 0.000000
vn -0.000000 1.000000 0.000000
vn -0.000000 1.000000 0.000000
vn -0.000000 1.000000 0.000000
vn -0.000000 1.000000 0.000000
vn -0.000000 1.000000 0.000000
vn -0.000000 1.000000 0.000000
vn -0.000000 1.000000 0.000000
vn -0.000000 1.000000 0.000000
vn -0.000000 1.000000 0.000000
vn -0.000000 1.000000 0.000000
vn -0.000000 1.000000 0.000000
vn -0.000000 1.000000 0.000000
vn -0.000000 1.000000 0.000000
vn -0.000000 1.000000 0.000000
vn -0.000000 1.000000 0.000000
vn -0.000000 1.000000 0.000000
vn -0.000000 1.000000 0.000000
vn -0.000000 1.000000 0.000000
vn -0.000000 1.000000 0.000000
vn -0.000000 1.000000 0.000000
vn -0.000000 1.000000 0.000000
vn -0.000000 1.000000 0.000000
vn -0.000000 1.000000 0.000000
vn -0.000000 1.000000 0.000000
vn -0.000000 1.000000 0.000000
vn -0.000000 1.000000 0.000000
vn -0.000000 1.000000 0.000000
vn -0.000000 1.000000 0.000000
vn -0.000000 1.000000 0.000000
vn -0.000000 1.000000 0.000000
vn -0.000000 1.000000 0.000000
vn -0.000000 1.000000 0.000000
vn -0.000000 1.000000 0.000000
vn -0.000000 1.000000 0.000000
vn -0.000000 1.000000 0.000000
vn -0.000000 1.000000 0.000000
vn -0.000000 1.000000 0.000000
vn -0.000000 1.000000 0.000000
vn -0.000000 1.000000 0.000000
vn -0.000000 1.000000 0.000000
vn -0.000000 1.000000 0.000000
vn -0.000000 1.000000 0.000000
vn -0.000000 1.000000 0.000000
vn -0.000000 1.000000 0.000000
vn -0.000000 1.000000 0.000000
vn -0.000000 1.000000 0.000000
vn -0.000000 1.000000 0.000000
vn -0.000000 1.000000 0.000000
vn -0.000000 1.000000 0.000000
vn -0.000000 1.000000 0.000000
vn -0.000000 1.000000 0.000000
vn -0.000000 1.000000 0.000000
vn -0.000000 1.000000 0.000000
vn -0.000000 1.000000 0.000000
vn -0.000000 1.000000 0.000000
vn -0.000000 1.000000 0.000000
vn -0.000000 1.000000 0.000000
vn -0.000000 1.000000 0.000000
vn -0.000000 1.000000 0.000000
vn -0.000000 1.000000 0.000000
vn -0.000000 1.000000 0.000000
vn -0.000000 1.000000 0.000000
vn -0.000000 1.000000 0.000000
vn -0.000000 1.000000 0.000000
vn -0.000000 1.000000 0.000000
vn -0.000000 1.000000 0.000000
vn -0.000000 1.000000 0.000000
vn -0.000000 1.000000 0.000000
vn -0.000000 1.000000 0.000000
vn -0.000000 1.000000 0.000000
vn -0.000000 1.000000 0.000000
vn -0.000000 1.000000 0.000000
vn -0.000000 1.000000 0.000000
vn -0.000000 1.000000 0.000000
vn -0.000000 1.000000 0.000000
vn -0.000000 1.000000 0.000000
vn -0.000000 1.000000 0.000000
vn -0.000000 1.000000 0.000000
vn -0.000000 1.000000 0.000000
vn -0.000000 1.000000 0.000000
vn -0.000000 1.000000 0.000000
vn -0.000000 1.000000 0.000000
vn -0.000000 1.000000 0.000000
vn -0.000000 1.000000 0.000000
vn -0.000000 1.000000 0.000000
vn -0.000000 1.000000 0.000000
vn -0.000000 1.000000 0.000000
vn -0.000000 1.000000 0.000000
vn -0.000000 1.000000 0.000000
vn -0.000000 1.000000 0.000000
vn -0.000000 1.000000 0.000000
vn -0.000000 1.000000 0.000000
vn -0.000000 1.000000 0.000000
vn -0.000000 1.000000 0.000000
vn -0.000000 1.000000 0.000000
vn -0.000000 1.000000 0.000000
vn -0.000000 1.000000 0.000000
vn -0.000000 1.000000 0.000000
vn -0.000000 1.000000 0.000000
vn -0.000000 1.000000 0.000000
vn -0.000000 1.000000 0.000000
vn -0.000000 1.000000 0.000000
vn -0.000000 1.000000 0.000000
vn -0.000000 1.000000 0.000000
vn -0.000000 1.000000 0.000000
vn -0.000000 1.000000 0.000000
vn -0.000000 1.000000 0.000000
vn -0.000000 1.000000 0.000000
vn -0.000000 1.000000 0.000000
vn -0.000000 1.000000 0.000000
vn -0.000000 1.000000 0.000000
vn -0.000000 1.000000 0.000000
vn -0.000000 1.000000 0.000000
vn -0.000000 1.000000 0.000000
vn -0.000000 1.000000 0.000000
vn -0.000000 1.000000 0.000000
vn -0.000000 1.000000 0.000000
vn -0.000000 1.000000 0.000000
vn -0.000000 1.000000 0.000000
vn -0.000000 1.000000 0.000000
vn -0.000000 1.000000 0.000000
vn -0.000000 1.000000 0.000000
vn -0.000000 1.000000 0.000000
vn -0.000000 1.000000 0.000000
vn -0.000000 1.000000 0.000000
vn -0.000000 1.000000 0.000000
vn -0.000000 1.000000 0.000000
vn -0.000000 1.000000 0.000000
vn -0.000000 1.000000 0.000000
vn -0.000000 1.000000 0.000000
vn -0.000000 1.000000 0.000000
vn -0.000000 1.000000 0.000000
vn -0.000000 1.000000 0.000000
vn -0.000000 1.000000 0.000000
vn -0.000000 1.000000 0.000000
vn -0.000000 1.000000 0.000000
vn -0.000000 1.000000 0.000000
vn -0.000000 1.000000 0.000000
vn -0.000000 1.000000 0.000000
vn -0.000000 1.000000 0.000000
vn -0.000000 1.000000 0.000000
vn -0.000000 1.000000 0.000000
vn -0.000000 1.000000 0.000000
vn -0.000000 1.000000 0.000000
vn -0.000000 1.000000 0.000000
vn -0.000000 1.000000 0.000000
vn -0.000000 1.000000 0.000000
vn -0.000000 1.000000 0.000000
vn -0.000000 1.000000 0.000000
vn -0.000000 1.000000 0.000000
vn -0.000000 1.000000 0.000000
vn -0.000000 1.000000 0.000000
vn -0.000000 1.000000 0.000000
vn -0.000000 1.000000 0.000000
vn -0.000000 1.000000 0.000000
vn -0.000000 1.000000 0.000000
vn -0.000000 1.000000 0.000000
vn -0.000000 1.000000 0.000000
vn -0.000000 1.000000 0.000000
vn -0.000000 1.000000 0.000000
vn -0.000000 1.000000 0.000000
vn -0.000000 1.000000 0.000000
vn -0.000000 1.000000 0.000000
vn -0.000000 1.000000 0.000000
vn -0.000000 1.000000 0.000000
vn -0.000000 1.000000 0.000000
vn -0.000000 1.000000 0.000000
vn -0.000000 1.000000 0.000000
vn -0.000000 1.000000 0.000000
vn -0.000000 1.000000 0.000000
vn -0.000000 1.000000 0.000000
vn -0.000000 1.000000 0.000000
vn -0.000000 1.000000 0.000000
vn -0.000000 1.000000 0.000000
vn -0.000000 1.000000 0.000000
vn -0.000000 1.000000 0.000000
vn -0.000000 1.000000 0.000000
vn -0.000000 1.000000 0.000000
vn -0.000000 1.000000 0.000000
vn -0.000000 1.000000 0.000000
vn -0.000000 1.000000 0.000000
vn -0.000000 1.000000 0.000000
vn -0.000000 1.000000 0.000000
vn -0.000000 1.000000 0.000000
vn -0.000000 1.000000 0.000000
vn -0.000000 1.000000 0.000000
vn -0.000000 1.000000 0.000000
vn -0.000000 1.000000 0.000000
vn -0.000000 1.000000 0.000000
vn -0.000000 1.000000 0.000000
vn -0.000000 1.000000 0.000000
vn -0.000000 1.000000 0.000000
vn -0.000000 1.000000 0.000000
vn -0.000000 1.000000 0.000000
vn -0.000000 1.000000 0.000000
vn -0.000000 1.000000 0.000000
vn -0.000000 1.000000 0.000000
vn -0.000000 1.000000 0.000000
vn -0.000000 1.000000 0.000000
vn -0.000000 1.000000 0.000000
vn -0.000500 0.999969 0.007877
vn -0.000500 0.999969 0.007877
vn -0.002497 0.999875 0.015604
vn -0.002497 0.999875 0.015604
vn -0.005614 0.999719 0.023019
vn -0.005614 0.999719 0.023019
vn -0.009449 0.999503 0.030088
vn -0.009449 0.999503 0.030088
vn -0.013446 0.999217 0.037212
vn -0.013446 0.999217 0.037212
vn -0.017342 0.998876 0.044110
vn -0.017342 0.998876 0.044110
vn -0.021441 0.998458 0.051195
vn -0.021441 0.998458 0.051195
vn -0.021531 0.998468 0.050972
vn -0.021531 0.998468 0.050972
vn -0.027740 0.997456 0.065671
vn -0.027740 0.997456 0.065671
vn -0.030139 0.996842 0.073463
vn -0.030139 0.996842 0.073463
vn -0.032989 0.996216 0.080410
vn -0.032989 0.996216 0.080410
vn -0.032397 0.996216 0.080647
vn -0.032397 0.996216 0.080647
vn -0.032397 0.996216 0.080647
vn -0.032397 0.996216 0.080647
vn -0.031750 0.996172 0.081446
vn -0.031750 0.996172 0.081446
vn -0.031006 0.996207 0.081305
vn -0.031006 0.996207 0.081305
vn -0.030259 0.996186 0.081838
vn -0.030259 0.996186 0.081838
vn -0.026430 0.996842 0.074884
vn -0.026430 0.996842 0.074884
vn -0.023786 0.996891 0.075114
vn -0.023786 0.996891 0.075114
vn -0.019740 0.997473 0.068245
vn -0.019740 0.997473 0.068245
vn -0.015472 0.997994 0.061388
vn -0.015472 0.997994 0.061388
vn -0.009408 0.998866 0.046663
vn -0.009408 0.998866 0.046663
vn -0.004502 0.999501 0.031266
vn -0.004502 0.999501 0.031266
vn -0.001006 0.999874 0.015847
vn -0.001006 0.999874 0.015847
vn -0.000000 1.000000 0.000000
vn -0.000000 1.000000 0.000000
vn -0.001249 0.999875 -0.015732
vn -0.001249 0.999875 -0.015732
vn -0.004527 0.999495 -0.031439
vn -0.004527 0.999495 -0.031439
vn -0.007818 0.999217 -0.038775
vn -0.007818 0.999217 -0.038775
vn -0.013594 0.998475 -0.053501
vn -0.013594 0.998475 -0.053501
vn -0.018090 0.997986 -0.060804
vn -0.018090 0.997986 -0.060804
vn -0.024484 0.996858 -0.075334
vn -0.024484 0.996858 -0.075334
vn -0.031741 0.995442 -0.089934
vn -0.031741 0.995442 -0.089934
vn -0.032324 0.995466 -0.089455
vn -0.032324 0.995466 -0.089455
vn -0.034105 0.994736 -0.096631
vn -0.034105 0.994736 -0.096631
vn -0.036011 0.993871 -0.104519
vn -0.036011 0.993871 -0.104519
vn -0.035742 0.993871 -0.104611
vn -0.035742 0.993871 -0.104611
vn -0.035742 0.993871 -0.104611
vn -0.035742 0.993871 -0.104611
vn -0.035742 0.993871 -0.104611
vn -0.035742 0.993871 -0.104611
vn -0.035742 0.993871 -0.104611
vn -0.035742 0.993871 -0.104611
vn -0.035742 0.993871 -0.104611
vn -0.035742 0.993871 -0.104611
vn -0.035742 0.993871 -0.104611
vn -0.035742 0.993871 -0.104611
vn -0.033217 0.994708 -0.097221
vn -0.033217 0.994708 -0.097221
vn -0.030764 0.995463 -0.090042
vn -0.030764 0.995463 -0.090042
vn -0.027602 0.996183 -0.082806
vn -0.027602 0.996183 -0.082806
vn -0.020110 0.997976 -0.060331
vn -0.020110 0.997976 -0.060331
vn -0.007498 0.999719 -0.022494
vn -0.007498 0.999719 -0.022494
vn -0.000000 1.000000 0.000000
vn -0.000000 1.000000 0.000000
vn -0.000000 1.000000 0.000000
vn -0.000000 1.000000 0.000000
vn 0.007347 0.999717 0.022605
vn 0.007347 0.999717 0.022605
vn 0.022044 0.997453 0.067828
vn 0.022044 0.997453 0.067828
vn 0.026844 0.996222 0.082596
vn 0.026844 0.996222 0.082596
vn 0.026844 0.996222 0.082596
vn 0.026844 0.996222 0.082596
vn 0.026844 0.996222 0.082596
vn 0.026844 0.996222 0.082596
vn 0.026844 0.996222 0.082596
vn 0.026844 0.996222 0.082596
vn 0.026844 0.996222 0.082596
vn 0.026844 0.996222 0.082596
vn 0.026844 0.996222 0.082596
vn 0.026844 0.996222 0.082596
vn 0.026844 0.996222 0.082596
vn 0.026844 0.996222 0.082596
vn 0.026909 0.996203 0.082797
vn 0.026909 0.996203 0.082797
vn 0.026282 0.996203 0.082996
vn 0.026282 0.996203 0.082996
vn 0.026084 0.996203 0.083059
vn 0.026084 0.996203 0.083059
vn 0.021530 0.997454 0.067991
vn 0.021530 0.997454 0.067991
vn 0.016763 0.998457 0.052935
vn 0.016763 0.998457 0.052935
vn 0.014374 0.998866 0.045392
vn 0.014374 0.998866 0.045392
vn 0.007193 0.999716 0.022715
vn 0.007193 0.999716 0.022715
vn -0.004735 0.999875 -0.015079
vn -0.004735 0.999875 -0.015079
vn -0.016190 0.998466 -0.052946
vn -0.016190 0.998466 -0.052946
vn -0.020324 0.997457 -0.068312
vn -0.020324 0.997457 -0.068312
vn -0.024174 0.996208 -0.083572
vn -0.024174 0.996208 -0.083572
vn -0.023991 0.996208 -0.083625
vn -0.023991 0.996208 -0.083625
vn -0.023991 0.996208 -0.083625
vn -0.023991 0.996208 -0.083625
vn -0.027620 0.994693 -0.099107
vn -0.027620 0.994693 -0.099107
vn -0.029782 0.993827 -0.106866
vn -0.029782 0.993827 -0.106866
vn -0.031881 0.992924 -0.114395
vn -0.031881 0.992924 -0.114395
vn -0.039443 0.992888 -0.112328
vn -0.039443 0.992888 -0.112328
vn -0.050296 0.990767 -0.125897
vn -0.050296 0.990767 -0.125897
vn -0.058861 0.989549 -0.131639
vn -0.058861 0.989549 -0.131639
vn -0.066562 0.989263 -0.130110
vn -0.066562 0.989263 -0.130110
vn -0.081431 0.987301 -0.136406
vn -0.081431 0.987301 -0.136406
vn -0.082613 0.986840 -0.139006
vn -0.082613 0.986840 -0.139006
vn -0.089286 0.985671 -0.143110
vn -0.089286 0.985671 -0.143110
vn -0.086152 0.986111 -0.142000
vn -0.086152 0.986111 -0.142000
vn -0.081302 0.985480 -0.149064
vn -0.081302 0.985480 -0.149064
vn -0.075306 0.985673 -0.150925
vn -0.075306 0.985673 -0.150925
vn -0.067479 0.985946 -0.152828
vn -0.067479 0.985946 -0.152828
vn -0.063113 0.986951 -0.148140
vn -0.063113 0.986951 -0.148140
vn -0.059710 0.987611 -0.145118
vn -0.059710 0.987611 -0.145118
vn -0.048275 0.988472 -0.143503
vn -0.048275 0.988472 -0.143503
vn -0.039536 0.989281 -0.140573
vn -0.039536 0.989281 -0.140573
vn -0.031879 0.989960 -0.137704
vn -0.031879 0.989960 -0.137704
vn -0.029259 0.991060 -0.130166
vn -0.029259 0.991060 -0.130166
vn -0.028597 0.991893 -0.123814
vn -0.028597 0.991893 -0.123814
vn -0.025567 0.993412 -0.111706
vn -0.025567 0.993412 -0.111706
vn -0.028719 0.993704 -0.108293
vn -0.028719 0.993704 -0.108293
vn -0.024303 0.994727 -0.099641
vn -0.024303 0.994727 -0.099641
vn -0.014473 0.996177 -0.086147
vn -0.014473 0.996177 -0.086147
vn -0.015916 0.996859 -0.077584
vn -0.015916 0.996859 -0.077584
vn -0.012378 0.997452 -0.070264
vn -0.012378 0.997452 -0.070264
vn -0.010106 0.998436 -0.054987
vn -0.010106 0.998436 -0.054987
vn -0.016973 0.998750 -0.047021
vn -0.016973 0.998750 -0.047021
vn -0.016361 0.999375 -0.031337
vn -0.016361 0.999375 -0.031337
vn -0.016240 0.999591 -0.023542
vn -0.016240 0.999591 -0.023542
vn -0.016117 0.999748 -0.015613
vn -0.016117 0.999748 -0.015613
vn -0.008060 0.999937 -0.007808
vn -0.008060 0.999937 -0.007808
vn -0.007934 0.999968 0.000126
vn -0.007934 0.999968 0.000126
vn 0.000000 1.000000 -0.000000
vn 0.000000 1.000000 -0.000000
vn 0.000000 1.000000 -0.000000
vn 0.000000 1.000000 -0.000000
vn 0.000000 1.000000 -0.000000
vn 0.000000 1.000000 -0.000000
vn 0.000000 1.000000 -0.000000
vn 0.000000 1.000000 -0.000000
vn 0.000000 1.000000 -0.000000
vn 0.000000 1.000000 -0.000000
vn 0.000000 1.000000 -0.000000
vn 0.000000 1.000000 -0.000000
vn 0.000000 1.000000 -0.000000
vn 0.000000 1.000000 -0.000000
vn 0.000000 1.000000 -0.000000
vn 0.000000 1.000000 -0.000000
vn 0.000000 1.000000 -0.000000
vn 0.000000 1.000000 -0.000000
vn 0.000000 1.000000 -0.000000
vn 0.000000 1.000000 -0.000000
vn 0.000000 1.000000 -0.000000
vn 0.000000 1.000000 -0.000000
vn 0.000000 1.000000 -0.000000
vn 0.000000 1.000000 -0.000000
vn 0.000000 1.000000 -0.000000
vn 0.000000 1.000000 -0.000000
vn 0.000000 1.000000 -0.000000
vn 0.000000 1.000000 -0.000000
vn 0.000000 1.000000 -0.000000
vn 0.000000 1.000000 -0.000000
vn 0.000000 1.000000 -0.000000
vn 0.000000 1.000000 -0.000000
vn 0.000000 1.000000 -0.000000
vn 0.000000 1.000000 -0.000000
vn 0.000000 1.000000 -0.000000
vn 0.000000 1.000000 -0.000000
vn 0.000000 1.000000 -0.000000
vn 0.000000 1.000000 -0.000000
vn 0.000000 1.000000 -0.000000
vn 0.000000 1.000000 -0.000000
vn 0.000000 1.000000 -0.000000
vn 0.000000 1.000000 -0.000000
vn 0.000000 1.000000 -0.000000
vn 0.000000 1.000000 -0.000000
vn 0.000000 1.000000 -0.000000
vn 0.000000 1.000000 -0.000000
vn 0.000000 1.000000 -0.000000
vn 0.000000 1.000000 -0.000000
vn 0.000000 1.000000 -0.000000
vn 0.000000 1.000000 -0.000000
vn 0.000000 1.000000 -0.000000
vn 0.000000 1.000000 -0.000000
vn 0.000000 1.000000 -0.000000
vn 0.000000 1.000000 -0.000000
vn 0.000000 1.000000 -0.000000
vn 0.000000 1.000000 -0.000000
vn 0.000000 1.000000 -0.000000
vn 0.000000 1.000000 -0.000000
vn 0.000000 1.000000 -0.000000
vn 0.000000 1.000000 -0.000000
vn 0.000000 1.000000 -0.000000
vn 0.000000 1.000000 -0.000000
vn 0.000000 1.000000 0.000000
vn 0.000000 1.000000 0.000000
vn 0.000000 1.000000 0.000000
vn 0.000000 1.000000 0.000000
vn 0.000000 1.000000 -0.000000
vn 0.000000 1.000000 -0.000000
vn 0.000000 1.000000 -0.000000
vn 0.000000 1.000000 -0.000000
vn 0.000000 1.000000 -0.000000
vn 0.000000 1.000000 -0.000000
vn 0.000000 1.000000 -0.000000
vn 0.000000 1.000000 -0.000000
vn 0.000000 1.000000 -0.000000
vn 0.000000 1.000000 -0.000000
vn 0.000000 1.000000 -0.000000
vn 0.000000 1.000000 -0.000000
vn 0.000000 1.000000 -0.000000
vn 0.000000 1.000000 -0.000000
vn 0.000000 1.000000 -0.000000
vn 0.000000 1.000000 -0.000000
vn 0.000000 1.000000 -0.000000
vn 0.000000 1.000000 -0.000000
vn 0.000000 1.000000 -0.000000
vn 0.000000 1.000000 -0.000000
vn 0.000000 1.000000 -0.000000
vn 0.000000 1.000000 -0.000000
vn 0.000000 1.000000 -0.000000
vn 0.000000 1.000000 -0.000000
vn 0.000000 1.000000 -0.000000
vn 0.000000 1.000000 -0.000000
vn 0.000000 1.000000 -0.000000
vn 0.000000 1.000000 -0.000000
vn 0.000000 1.000000 -0.000000
vn 0.000000 1.000000 -0.000000
vn 0.000000 1.000000 -0.000000
vn 0.000000 1.000000 -0.000000
vn 0.000000 1.000000 -0.000000
vn 0.000000 1.000000 -0.000000
vn 0.000000 1.000000 -0.000000
vn 0.000000 1.000000 -0.000000
vn 0.000000 1.000000 -0.000000
vn 0.000000 1.000000 -0.000000
vn 0.000000 1.000000 -0.000000
vn 0.000000 1.000000 -0.000000
vn -0.000000 1.000000 0.000000
vn -0.000000 1.000000 0.000000
vn -0.000000 1.000000 0.000000
vn -0.000000 1.000000 0.000000
vn -0.000000 1.000000 0.000000
vn -0.000000 1.000000 0.000000
vn -0.000000 1.000000 0.000000
vn -0.000000 1.000000 0.000000
vn 0.000000 1.000000 0.000000
vn 0.000000 1.000000 0.000000
vn 0.000000 1.000000 0.000000
vn 0.000000 1.000000 0.000000
vn 0.000000 1.000000 0.000000
vn 0.000000 1.000000 0.000000
vn 0.000000 1.000000 0.000000
vn 0.000000 1.000000 0.000000
vn 0.000000 1.000000 0.000000
vn 0.000000 1.000000 0.000000
vn 0.000000 1.000000 0.000000
vn 0.000000 1.000000 0.000000
vn 0.000000 1.000000 0.000000
vn 0.000000 1.000000 0.000000
vn 0.000000 1.000000 0.000000
vn 0.000000 1.000000 0.000000
vn 0.000000 1.000000 0.000000
vn 0.000000 1.000000 0.000000
vn 0.000000 1.000000 0.000000
vn 0.000000 1.000000 0.000000
vn 0.000000 1.000000 0.000000
vn 0.000000 1.000000 0.000000
vn 0.000000 1.000000 0.000000
vn 0.000000 1.000000 0.000000
vn -0.000000 1.000000 0.000000
vn -0.000000 1.000000 0.000000
vn -0.000000 1.000000 0.000000
vn -0.000000 1.000000 0.000000
vn -0.000000 1.000000 0.000000
vn -0.000000 1.000000 0.000000
vn -0.000000 1.000000 0.000000
vn -0.000000 1.000000 0.000000
vn -0.000000 1.000000 0.000000
vn -0.000000 1.000000 0.000000
vn -0.000000 1.000000 0.000000
vn -0.000000 1.000000 0.000000
vn -0.000000 1.000000 0.000000
vn -0.000000 1.000000 0.000000
vn -0.000000 1.000000 0.000000
vn -0.000000 1.000000 0.000000
vn -0.000000 1.000000 0.000000
vn -0.000000 1.000000 0.000000
vn -0.000000 1.000000 0.000000
vn -0.000000 1.000000 0.000000
vn -0.000000 1.000000 0.000000
vn -0.000000 1.000000 0.000000
vn 0.000000 1.000000 0.000000
vn 0.000000 1.000000 0.000000
vn 0.000000 1.000000 0.000000
vn 0.000000 1.000000 0.000000
vn 0.000000 1.000000 0.000000
vn 0.000000 1.000000 0.000000
vn 0.000000 1.000000 0.000000
vn 0.000000 1.000000 0.000000
vn 0.000000 1.000000 0.000000
vn 0.000000 1.000000 0.000000
vn 0.000000 1.000000 0.000000
vn 0.000000 1.000000 0.000000
vn 0.000000 1.000000 0.000000
vn 0.000000 1.000000 0.000000
vn 0.000000 1.000000 -0.000000
vn 0.000000 1.000000 -0.000000
vn 0.000000 1.000000 -0.000000
vn 0.000000 1.000000 -0.000000
vn 0.000000 1.000000 -0.000000
vn 0.000000 1.000000 -0.000000
vn 0.000000 1.000000 -0.000000
vn 0.000000 1.000000 -0.000000
vn 0.000000 1.000000 -0.000000
vn 0.000000 1.000000 -0.000000
vn 0.000000 1.000000 -0.000000
vn 0.000000 1.000000 -0.000000
vn 0.000000 1.000000 -0.000000
vn 0.000000 1.000000 -0.000000
vn 0.000000 1.000000 -0.000000
vn 0.000000 1.000000 -0.000000
vn 0.000000 1.000000 -0.000000
vn 0.000000 1.000000 -0.000000
vn 0.000000 1.000000 -0.000000
vn 0.000000 1.000000 -0.000000
vn 0.000000 1.000000 0.000000
vn 0.000000 1.000000 0.000000
vn 0.000000 1.000000 0.000000
vn 0.000000 1.000000 0.000000
vn 0.000000 1.000000 0.000000
vn 0.000000 1.000000 0.000000
vn 0.000000 1.000000 0.000000
vn 0.000000 1.000000 0.000000
vn 0.000000 1.000000 0.000000
vn 0.000000 1.000000 0.000000
vn 0.000000 1.000000 0.000000
vn 0.000000 1.000000 0.000000
vn 0.000000 1.000000 0.000000
vn 0.000000 1.000000 0.000000
vn 0.000000 1.000000 0.000000
vn 0.000000 1.000000 0.000000
vn 0.000000 1.000000 0.000000
vn 0.000000 1.000000 0.000000
vn 0.000000 1.000000 0.000000
vn 0.000000 1.000000 0.000000
vn 0.000000 1.000000 0.000000
vn 0.000000 1.000000 0.000000
vn 0.000000 1.000000 0.000000
vn 0.000000 1.000000 0.000000
vn 0.000000 1.000000 0.000000
vn 0.000000 1.000000 0.000000
vn -0.000000 0.999874 0.015871
vn -0.000000 0.999874 0.015871
vn -0.000000 0.999874 0.015871
vn -0.000000 0.999874 0.015871
vn -0.000000 0.999874 0.015871
vn -0.000000 0.999874 0.015871
vn -0.000000 0.999874 0.015871
vn -0.000000 0.999874 0.015871
vn -0.000000 0.999874 0.015871
vn -0.000000 0.999874 0.015871
vn -0.000000 0.999717 0.023803
vn -0.000000 0.999717 0.023803
vn -0.000000 0.999497 0.031730
vn -0.000000 0.999497 0.031730
vn -0.000000 0.999497 0.031730
vn -0.000000 0.999497 0.031730
vn -0.000000 0.999497 0.031730
vn -0.000000 0.999497 0.031730
vn 0.000315 0.999214 0.039649
vn 0.000315 0.999214 0.039649
vn 0.016172 0.999088 0.039518
vn 0.016172 0.999088 0.039518
vn 0.024152 0.998586 0.047360
vn 0.024152 0.998586 0.047360
vn 0.040072 0.997209 0.062997
vn 0.040072 0.997209 0.062997
vn 0.047929 0.997334 0.055027
vn 0.047929 0.997334 0.055027
vn 0.063736 0.995993 0.062732
vn 0.063736 0.995993 0.062732
vn 0.080562 0.994351 0.069107
vn 0.080562 0.994351 0.069107
vn 0.098045 0.992420 0.074095
vn 0.098045 0.992420 0.074095
vn 0.117066 0.990123 0.077148
vn 0.117066 0.990123 0.077148
vn 0.127551 0.988633 0.079603
vn 0.127551 0.988633 0.079603
vn 0.139739 0.986876 0.080924
vn 0.139739 0.986876 0.080924
vn 0.152392 0.985084 0.079911
vn 0.152392 0.985084 0.079911
vn 0.156944 0.984946 0.072455
vn 0.156944 0.984946 0.072455
vn 0.160874 0.984952 0.063153
vn 0.160874 0.984952 0.063153
vn 0.166087 0.984285 0.059984
vn 0.166087 0.984285 0.059984
vn 0.168909 0.984439 0.048465
vn 0.168909 0.984439 0.048465
vn 0.171859 0.984458 0.036145
vn 0.171859 0.984458 0.036145
vn 0.170890 0.985133 0.017592
vn 0.170890 0.985133 0.017592
vn 0.171017 0.985257 0.004636
vn 0.171017 0.985257 0.004636
vn 0.171034 0.985232 -0.008094
vn 0.171034 0.985232 -0.008094
vn 0.175517 0.984342 -0.016264
vn 0.175517 0.984342 -0.016264
vn 0.172634 0.984524 -0.030167
vn 0.172634 0.984524 -0.030167
vn 0.169973 0.984407 -0.045309
vn 0.169973 0.984407 -0.045309
vn 0.165947 0.984360 -0.059132
vn 0.165947 0.984360 -0.059132
vn 0.160133 0.984393 -0.072988
vn 0.160133 0.984393 -0.072988
vn 0.146289 0.985307 -0.088149
vn 0.146289 0.985307 -0.088149
vn 0.138906 0.986119 -0.090968
vn 0.138906 0.986119 -0.090968
vn 0.123538 0.987866 -0.094119
vn 0.123538 0.987866 -0.094119
vn 0.117125 0.988777 -0.092745
vn 0.117125 0.988777 -0.092745
vn 0.096077 0.991084 -0.092312
vn 0.096077 0.991084 -0.092312
vn 0.083693 0.992549 -0.088550
vn 0.083693 0.992549 -0.088550
vn 0.065594 0.994921 -0.076359
vn 0.065594 0.994921 -0.076359
vn 0.048462 0.996866 -0.062524
vn 0.048462 0.996866 -0.062524
vn 0.032119 0.997959 -0.055187
vn 0.032119 0.997959 -0.055187
vn 0.007930 0.999185 -0.039587
vn 0.007930 0.999185 -0.039587
vn 0.007932 0.999465 -0.031729
vn 0.007932 0.999465 -0.031729
vn 0.007935 0.999843 -0.015871
vn 0.007935 0.999843 -0.015871
vn 0.000000 0.999969 -0.007936
vn 0.000000 0.999969 -0.007936
vn -0.000000 1.000000 0.000000
vn -0.000000 1.000000 0.000000
vn -0.000000 1.000000 0.000000
vn -0.000000 1.000000 0.000000
vn -0.000000 1.000000 0.000000
vn -0.000000 1.000000 0.000000
vn -0.000000 1.000000 0.000000
vn -0.000000 1.000000 0.000000
vn -0.000000 1.000000 0.000000
vn -0.000000 1.000000 0.000000
vn -0.000000 1.000000 0.000000
vn -0.000000 1.000000 0.000000
vn -0.000000 1.000000 0.000000
vn -0.000000 1.000000 0.000000
vn -0.000000 1.000000 0.000000
vn -0.000000 1.000000 0.000000
vn -0.000000 1.000000 0.000000
vn -0.000000 1.000000 0.000000
vn -0.000000 1.000000 0.000000
vn -0.000000 1.000000 0.000000
vn -0.000000 1.000000 0.000000
vn -0.000000 1.000000 0.000000
vn -0.000000 1.000000 0.000000
vn -0.000000 1.000000 0.000000
vn -0.000000 1.000000 0.000000
vn -0.000000 1.000000 0.000000
vn -0.000000 1.000000 0.000000
vn -0.000000 1.000000 0.000000
vn -0.000000 1.000000 0.000000
vn -0.000000 1.000000 0.000000
vn -0.000000 1.000000 0.000000
vn -0.000000 1.000000 0.000000
vn -0.000000 1.000000 0.000000
vn -0.000000 1.000000 0.000000
vn -0.000000 1.000000 0.000000
vn -0.000000 1.000000 0.000000
vn -0.000000 1.000000 0.000000
vn -0.000000 1.000000 0.000000
vn -0.000000 1.000000 0.000000
vn -0.000000 1.000000 0.000000
vn -0.000000 1.000000 0.000000
vn -0.000000 1.000000 0.000000
vn -0.000000 1.000000 0.000000
vn -0.000000 1.000000 0.000000
vn -0.000000 1.000000 0.000000
vn -0.000000 1.000000 0.000000
vn -0.000000 1.000000 0.000000
vn -0.000000 1.000000 0.000000
vn -0.000000 1.000000 0.000000
vn -0.000000 1.000000 0.000000
vn -0.000000 1.000000 0.000000
vn -0.000000 1.000000 0.000000
vn -0.000000 1.000000 0.000000
vn -0.000000 1.000000 0.000000
vn -0.000000 1.000000 0.000000
vn -0.000000 1.000000 0.000000
vn -0.000000 1.000000 0.000000
vn -0.000000 1.000000 0.000000
vn -0.000000 1.000000 0.000000
vn -0.000000 1.000000 0.000000
vn -0.000000 1.000000 0.000000
vn -0.000000 1.000000 0.000000
vn -0.007918 0.999968 -0.000754
vn -0.007918 0.999968 -0.000754
vn -0.014909 0.999870 -0.006117
vn -0.014909 0.999870 -0.006117
vn -0.012661 0.999874 -0.009527
vn -0.012661 0.999874 -0.009527
vn -0.011894 0.999875 -0.010391
vn -0.011894 0.999875 -0.010391
vn -0.011421 0.999875 -0.010919
vn -0.011421 0.999875 -0.010919
vn -0.011108 0.999875 -0.011233
vn -0.011108 0.999875 -0.011233
vn -0.010848 0.999875 -0.011471
vn -0.010848 0.999875 -0.011471
vn -0.010640 0.999874 -0.011766
vn -0.010640 0.999874 -0.011766
vn -0.010351 0.999875 -0.011972
vn -0.010351 0.999875 -0.011972
vn -0.010035 0.999874 -0.012293
vn -0.010035 0.999874 -0.012293
vn -0.009313 0.999874 -0.012837
vn -0.009313 0.999874 -0.012837
vn -0.003936 0.999969 -0.006873
vn -0.003936 0.999969 -0.006873
vn -0.003381 0.999969 -0.007137
vn -0.003381 0.999969 -0.007137
vn -0.003305 0.999969 -0.007172
vn -0.003305 0.999969 -0.007172
vn -0.003316 0.999969 -0.007196
vn -0.003316 0.999969 -0.007196
vn -0.003264 0.999969 -0.007219
vn -0.003264 0.999969 -0.007219
vn -0.003264 0.999969 -0.007219
vn -0.003264 0.999969 -0.007219
vn -0.003318 0.999969 -0.007200
vn -0.003318 0.999969 -0.007200
vn -0.003394 0.999969 -0.007164
vn -0.003394 0.999969 -0.007164
vn -0.003446 0.999969 -0.007142
vn -0.003446 0.999969 -0.007142
vn -0.003508 0.999969 -0.007080
vn -0.003508 0.999969 -0.007080
vn -0.007360 0.999875 -0.013971
vn -0.007360 0.999875 -0.013971
vn -0.012435 0.999716 -0.020349
vn -0.012435 0.999716 -0.020349
vn -0.044885 0.998337 -0.036183
vn -0.044885 0.998337 -0.036183
vn -0.044854 0.998876 -0.015325
vn -0.044854 0.998876 -0.015325
vn -0.045681 0.998875 -0.012731
vn -0.045681 0.998875 -0.012731
vn -0.045870 0.998870 -0.012408
vn -0.045870 0.998870 -0.012408
vn -0.046145 0.998866 -0.011725
vn -0.046145 0.998866 -0.011725
vn -0.046168 0.998866 -0.011636
vn -0.046168 0.998866 -0.011636
vn -0.046168 0.998866 -0.011636
vn -0.046168 0.998866 -0.011636
vn -0.046168 0.998866 -0.011636
vn -0.046168 0.998866 -0.011636
vn -0.046168 0.998866 -0.011636
vn -0.046168 0.998866 -0.011636
vn -0.046168 0.998866 -0.011636
vn -0.046168 0.998866 -0.011636
vn -0.045990 0.998879 -0.011217
vn -0.045990 0.998879 -0.011217
vn -0.053733 0.998469 -0.013106
vn -0.053733 0.998469 -0.013106
vn -0.053831 0.998469 -0.012692
vn -0.053831 0.998469 -0.012692
vn -0.053831 0.998469 -0.012692
vn -0.053831 0.998469 -0.012692
vn -0.053831 0.998469 -0.012692
vn -0.053831 0.998469 -0.012692
vn -0.053831 0.998469 -0.012692
vn -0.053831 0.998469 -0.012692
vn -0.053831 0.998469 -0.012692
vn -0.053831 0.998469 -0.012692
vn -0.053831 0.998469 -0.012692
vn -0.053831 0.998469 -0.012692
vn -0.053831 0.998469 -0.012692
vn -0.053831 0.998469 -0.012692
vn -0.053831 0.998469 -0.012692
vn -0.053831 0.998469 -0.012692
vn -0.053831 0.998469 -0.012692
vn -0.053831 0.998469 -0.012692
vn -0.053831 0.998469 -0.012692
vn -0.053831 0.998469 -0.012692
vn -0.053831 0.998469 -0.012692
vn -0.053831 0.998469 -0.012692
vn -0.084402 0.996233 -0.019900
vn -0.084402 0.996233 -0.019900
vn -0.107993 0.993825 -0.025462
vn -0.107993 0.993825 -0.025462
vn -0.123189 0.991958 -0.029045
vn -0.123189 0.991958 -0.029045
vn -0.123189 0.991958 -0.029045
vn -0.123189 0.991958 -0.029045
vn -0.138294 0.989854 -0.032606
vn -0.138294 0.989854 -0.032606
vn -0.138294 0.989854 -0.032606
vn -0.138294 0.989854 -0.032606
vn -0.138294 0.989854 -0.032606
vn -0.138294 0.989854 -0.032606
vn -0.138294 0.989854 -0.032606
vn -0.138294 0.989854 -0.032606
vn -0.138294 0.989854 -0.032606
vn -0.138294 0.989854 -0.032606
vn -0.130753 0.990936 -0.030828
vn -0.130753 0.990936 -0.030828
vn -0.130753 0.990936 -0.030828
vn -0.130753 0.990936 -0.030828
vn -0.130753 0.990936 -0.030828
vn -0.130753 0.990936 -0.030828
vn -0.130753 0.990936 -0.030828
vn -0.130753 0.990936 -0.030828
vn -0.123189 0.991958 -0.029045
vn -0.123189 0.991958 -0.029045
vn -0.100365 0.994669 -0.023663
vn -0.100365 0.994669 -0.023663
vn -0.092717 0.995452 -0.021860
vn -0.092717 0.995452 -0.021860
vn -0.069142 0.997474 -0.016302
vn -0.069142 0.997474 -0.016302
vn -0.023099 0.999718 -0.005446
vn -0.023099 0.999718 -0.005446
vn 0.015402 0.999875 0.003631
vn 0.015402 0.999875 0.003631
vn 0.038480 0.999218 0.009072
vn 0.038480 0.999218 0.009072
vn 0.061492 0.998002 0.014498
vn 0.061492 0.998002 0.014498
vn 0.084402 0.996233 0.019900
vn 0.084402 0.996233 0.019900
vn 0.084402 0.996233 0.019900
vn 0.084402 0.996233 0.019900
vn 0.100365 0.994669 0.023663
vn 0.100365 0.994669 0.023663
vn 0.100365 0.994669 0.023663
vn 0.100365 0.994669 0.023663
vn 0.100365 0.994669 0.023663
vn 0.100365 0.994669 0.023663
vn 0.100365 0.994669 0.023663
vn 0.100365 0.994669 0.023663
vn 0.100365 0.994669 0.023663
vn 0.100365 0.994669 0.023663
vn 0.085052 0.996175 0.020053
vn 0.085052 0.996175 0.020053
vn 0.077372 0.996835 0.018242
vn 0.077372 0.996835 0.018242
vn 0.053633 0.998475 0.013081
vn 0.053633 0.998475 0.013081
vn 0.030679 0.999501 0.007483
vn 0.030679 0.999501 0.007483
vn 0.007673 0.999969 0.001872
vn 0.007673 0.999969 0.001872
vn 0.007673 0.999969 0.001872
vn 0.007673 0.999969 0.001872
vn 0.007673 0.999969 0.001872
vn 0.007673 0.999969 0.001872
vn 0.007673 0.999969 0.001872
vn 0.007673 0.999969 0.001872
vn 0.007673 0.999969 0.001872
vn 0.007673 0.999969 0.001872
vn 0.007673 0.999969 0.001872
vn 0.007673 0.999969 0.001872
vn 0.007644 0.999969 0.001927
vn 0.007644 0.999969 0.001927
vn -0.000000 1.000000 0.000000
vn -0.000000 1.000000 0.000000
vn -0.000000 1.000000 0.000000
vn -0.000000 1.000000 0.000000
vn -0.000000 1.000000 0.000000
vn -0.000000 1.000000 0.000000
vn -0.000000 1.000000 0.000000
vn -0.000000 1.000000 0.000000
vn -0.000000 1.000000 0.000000
vn -0.000000 1.000000 0.000000
vn -0.000000 1.000000 0.000000
vn -0.000000 1.000000 0.000000
vn -0.000000 1.000000 0.000000
vn -0.000000 1.000000 0.000000
vn -0.000000 1.000000 0.000000
vn -0.000000 1.000000 0.000000
vn -0.000000 1.000000 0.000000
vn -0.000000 1.000000 0.000000
vn -0.000000 1.000000 0.000000
vn -0.000000 1.000000 0.000000
vn -0.000000 1.000000 0.000000
vn -0.000000 1.000000 0.000000
vn -0.000000 1.000000 0.000000
vn -0.000000 1.000000 0.000000
vn -0.000000 1.000000 0.000000
vn -0.000000 1.000000 0.000000
vn -0.000000 1.000000 0.000000
vn -0.000000 1.000000 0.000000
vn -0.000000 1.000000 0.000000
vn -0.000000 1.000000 0.000000
vn -0.000000 1.000000 0.000000
vn -0.000000 1.000000 0.000000
vn -0.000000 1.000000 0.000000
vn -0.000000 1.000000 0.000000
vn -0.000000 1.000000 0.000000
vn -0.000000 1.000000 0.000000
vn -0.000000 1.000000 0.000000
vn -0.000000 1.000000 0.000000
vn -0.000000 1.000000 0.000000
vn -0.000000 1.000000 0.000000
vn -0.000000 1.000000 0.000000
vn -0.000000 1.000000 0.000000
vn -0.000000 1.000000 0.000000
vn -0.000000 1.000000 0.000000
vn -0.000000 1.000000 0.000000
vn -0.000000 1.000000 0.000000
vn -0.000000 1.000000 0.000000
vn -0.000000 1.000000 0.000000
vn -0.000000 1.000000 0.000000
vn -0.000000 1.000000 0.000000
vn -0.000000 1.000000 0.000000
vn -0.000000 1.000000 0.000000
vn -0.000000 1.000000 0.000000
vn -0.000000 1.000000 0.000000
vn -0.000000 1.000000 0.000000
vn -0.000000 1.000000 0.000000
vn -0.000000 1.000000 0.000000
vn -0.000000 1.000000 0.000000
vn -0.000000 1.000000 0.000000
vn -0.000000 1.000000 0.000000
vn -0.000000 1.000000 0.000000
vn -0.000000 1.000000 0.000000
vn -0.000000 1.000000 0.000000
vn -0.000000 1.000000 0.000000
vn -0.000000 1.000000 0.000000
vn -0.000000 1.000000 0.000000
vn -0.000000 1.000000 0.000000
vn -0.000000 1.000000 0.000000
vn -0.000000 1.000000 0.000000
vn -0.000000 1.000000 0.000000
vn -0.000000 1.000000 0.000000
vn -0.000000 1.000000 0.000000
vn -0.000000 1.000000 0.000000
vn -0.000000 1.000000 0.000000
vn -0.000000 1.000000 0.000000
vn -0.000000 1.000000 0.000000
vn -0.000000 1.000000 0.000000
vn -0.000000 1.000000 0.000000
vn -0.000000 1.000000 0.000000
vn -0.000000 1.000000 0.000000
vn -0.000000 1.000000 0.000000
vn -0.000000 1.000000 0.000000
vn -0.000000 1.000000 0.000000
vn -0.000000 1.000000 0.000000
vn 0.007912 0.999969 0.000440
vn 0.007912 0.999969 0.000440
vn 0.007921 0.999969 0.000377
vn 0.007921 0.999969 0.000377
vn 0.015871 0.999874 0.000252
vn 0.015871 0.999874 0.000252
vn 0.023156 0.999600 -0.016234
vn 0.023156 0.999600 -0.016234
vn 0.029257 0.999237 -0.025881
vn 0.029257 0.999237 -0.025881
vn 0.033222 0.998471 -0.044191
vn 0.033222 0.998471 -0.044191
vn 0.028801 0.998145 -0.053639
vn 0.028801 0.998145 -0.053639
vn 0.027815 0.996968 -0.072671
vn 0.027815 0.996968 -0.072671
vn 0.023999 0.995477 -0.091922
vn 0.023999 0.995477 -0.091922
vn 0.016290 0.993712 -0.110774
vn 0.016290 0.993712 -0.110774
vn -0.001886 0.992125 -0.125242
vn -0.001886 0.992125 -0.125242
vn -0.010919 0.990711 -0.135542
vn -0.010919 0.990711 -0.135542
vn -0.028730 0.989754 -0.139860
vn -0.028730 0.989754 -0.139860
vn -0.047901 0.988778 -0.141505
vn -0.047901 0.988778 -0.141505
vn -0.055702 0.988134 -0.143136
vn -0.055702 0.988134 -0.143136
vn -0.068220 0.988132 -0.137628
vn -0.068220 0.988132 -0.137628
vn -0.079457 0.988159 -0.131257
vn -0.079457 0.988159 -0.131257
vn -0.095825 0.988690 -0.115366
vn -0.095825 0.988690 -0.115366
vn -0.098486 0.989802 -0.102923
vn -0.098486 0.989802 -0.102923
vn -0.101791 0.991213 -0.084472
vn -0.101791 0.991213 -0.084472
vn -0.102523 0.992557 -0.065720
vn -0.102523 0.992557 -0.065720
vn -0.091535 0.994187 -0.056686
vn -0.091535 0.994187 -0.056686
vn -0.079721 0.995890 -0.042994
vn -0.079721 0.995890 -0.042994
vn -0.067040 0.996977 -0.039274
vn -0.067040 0.996977 -0.039274
vn -0.052719 0.998157 -0.030045
vn -0.052719 0.998157 -0.030045
vn -0.047092 0.998482 -0.028569
vn -0.047092 0.998482 -0.028569
vn -0.033645 0.998963 -0.030689
vn -0.033645 0.998963 -0.030689
vn -0.027969 0.999107 -0.031669
vn -0.027969 0.999107 -0.031669
vn -0.015015 0.999217 -0.036598
vn -0.015015 0.999217 -0.036598
vn -0.016643 0.999209 -0.036112
vn -0.016643 0.999209 -0.036112
vn -0.018145 0.999221 -0.035038
vn -0.018145 0.999221 -0.035038
vn -0.015874 0.999497 -0.027465
vn -0.015874 0.999497 -0.027465
vn -0.012750 0.999717 -0.020063
vn -0.012750 0.999717 -0.020063
vn -0.013341 0.999716 -0.019730
vn -0.013341 0.999716 -0.019730
vn -0.013429 0.999716 -0.019670
vn -0.013429 0.999716 -0.019670
vn -0.013429 0.999716 -0.019670
vn -0.013429 0.999716 -0.019670
vn -0.013429 0.999716 -0.019670
vn -0.013429 0.999716 -0.019670
vn -0.013429 0.999716 -0.019670
vn -0.013429 0.999716 -0.019670
vn -0.013429 0.999716 -0.019670
vn -0.013429 0.999716 -0.019670
vn -0.013212 0.999716 -0.019818
vn -0.013212 0.999716 -0.019818
vn -0.008385 0.999875 -0.013392
vn -0.008385 0.999875 -0.013392
vn -0.008159 0.999875 -0.013556
vn -0.008159 0.999875 -0.013556
vn -0.007753 0.999875 -0.013755
vn -0.007753 0.999875 -0.013755
vn -0.007293 0.999874 -0.014083
vn -0.007293 0.999874 -0.014083
vn -0.006434 0.999874 -0.014507
vn -0.006434 0.999874 -0.014507
vn -0.002269 0.999968 -0.007625
vn -0.002269 0.999968 -0.007625
vn 0.000000 1.000000 0.000000
vn 0.000000 1.000000 0.000000
vn 0.000000 1.000000 0.000000
vn 0.000000 1.000000 0.000000
vn 0.000000 1.000000 0.000000
vn 0.000000 1.000000 0.000000
vn 0.000000 1.000000 0.000000
vn 0.000000 1.000000 0.000000
vn 0.000000 1.000000 0.000000
vn 0.000000 1.000000 0.000000
vn 0.000000 1.000000 0.000000
vn 0.000000 1.000000 0.000000
vn 0.000000 1.000000 0.000000
vn 0.000000 1.000000 0.000000
vn 0.000000 1.000000 0.000000
vn 0.000000 1.000000 0.000000
vn 0.000000 1.000000 0.000000
vn 0.000000 1.000000 0.000000
vn 0.000000 1.000000 0.000000
vn 0.000000 1.000000 0.000000
vn 0.000000 1.000000 0.000000
vn 0.000000 1.000000 0.000000
vn 0.000000 1.000000 0.000000
vn 0.000000 1.000000 0.000000
vn 0.000000 1.000000 0.000000
vn 0.000000 1.000000 0.000000
vn 0.000000 1.000000 0.000000
vn 0.000000 1.000000 0.000000
vn 0.000000 1.000000 0.000000
vn 0.000000 1.000000 0.000000
vn 0.000000 1.000000 0.000000
vn 0.000000 1.000000 0.000000
vn 0.000000 1.000000 0.000000
vn 0.000000 1.000000 0.000000
vn 0.000000 1.000000 0.000000
vn 0.000000 1.000000 0.000000
vn 0.000000 1.000000 0.000000
vn 0.000000 1.000000 0.000000
vn 0.000000 1.000000 0.000000
vn 0.000000 1.000000 0.000000
vn 0.000000 1.000000 0.000000
vn 0.000000 1.000000 0.000000
vn 0.000000 0.999874 -0.015871
vn 0.000000 0.999874 -0.015871
vn 0.000000 0.999214 -0.039651
vn 0.000000 0.999214 -0.039651
vn 0.000000 0.997990 -0.063364
vn 0.000000 0.997990 -0.063364
vn 0.000000 0.996211 -0.086971
vn 0.000000 0.996211 -0.086971
vn 0.000000 0.994720 -0.102630
vn 0.000000 0.994720 -0.102630
vn 0.000000 0.994720 -0.102630
vn 0.000000 0.994720 -0.102630
vn 0.000000 0.996865 -0.079116
vn 0.000000 0.996865 -0.079116
vn 0.000000 0.998868 -0.047565
vn 0.000000 0.998868 -0.047565
vn 0.000000 1.000000 0.000000
vn 0.000000 1.000000 0.000000
vn 0.000000 1.000000 0.000000
vn 0.000000 1.000000 0.000000
vn 0.000000 1.000000 0.000000
vn 0.000000 1.000000 0.000000
vn 0.000000 1.000000 0.000000
vn 0.000000 1.000000 0.000000
vn 0.000000 1.000000 0.000000
vn 0.000000 1.000000 0.000000
vn 0.000000 1.000000 0.000000
vn 0.000000 1.000000 0.000000
vn 0.000000 1.000000 0.000000
vn 0.000000 1.000000 0.000000
vn 0.000000 1.000000 0.000000
vn 0.000000 1.000000 0.000000
vn 0.000000 1.000000 0.000000
vn 0.000000 1.000000 0.000000
vn 0.000000 1.000000 0.000000
vn 0.000000 1.000000 0.000000
vn 0.000000 1.000000 0.000000
vn 0.000000 1.000000 0.000000
vn 0.000000 1.000000 0.000000
vn 0.000000 1.000000 0.000000
vn 0.000000 0.999969 -0.007936
vn 0.000000 0.999969 -0.007936
vn 0.000000 0.998868 -0.047565
vn 0.000000 0.998868 -0.047565
vn 0.000000 0.997459 -0.071247
vn 0.000000 0.997459 -0.071247
vn 0.000000 0.994720 -0.102630
vn 0.000000 0.994720 -0.102630
vn 0.000000 0.991907 -0.126964
vn 0.000000 0.991907 -0.126964
vn 0.000000 0.993884 -0.110432
vn 0.000000 0.993884 -0.110432
vn 0.000000 0.994720 -0.102630
vn 0.000000 0.994720 -0.102630
vn 0.000752 0.995496 -0.094803
vn 0.000752 0.995496 -0.094803
vn 0.000628 0.996866 -0.079111
vn 0.000628 0.996866 -0.079111
vn 0.000000 0.999874 -0.015871
vn 0.000000 0.999874 -0.015871
vn -0.000063 0.999969 -0.007936
vn -0.000063 0.999969 -0.007936
vn -0.000063 0.999969 -0.007936
vn -0.000063 0.999969 -0.007936
vn -0.000063 0.999969 -0.007936
vn -0.000063 0.999969 -0.007936
vn -0.000063 0.999969 -0.007936
vn -0.000063 0.999969 -0.007936
vn -0.000063 0.999969 -0.007936
vn -0.000063 0.999969 -0.007936
vn -0.000063 0.999969 -0.007936
vn -0.000063 0.999969 -0.007936
vn -0.000063 0.999969 -0.007936
vn -0.000063 0.999969 -0.007936
vn -0.000063 0.999969 -0.007936
vn -0.000063 0.999969 -0.007936
vn -0.000063 0.999969 -0.007936
vn -0.000063 0.999969 -0.007936
vn -0.000063 0.999969 -0.007936
vn -0.000063 0.999969 -0.007936
vn -0.000063 0.999969 -0.007936
vn -0.000063 0.999969 -0.007936
vn -0.000063 0.999969 -0.007936
vn -0.000063 0.999969 -0.007936
vn -0.000063 0.999969 -0.007936
vn -0.000063 0.999969 -0.007936
vn 0.000000 1.000000 0.000000
vn 0.000000 1.000000 0.000000
vn 0.015756 0.998830 0.045730
vn 0.015756 0.998830 0.045730
vn 0.029405 0.998464 0.046961
vn 0.029405 0.998464 0.046961
vn 0.031359 0.998452 0.045935
vn 0.031359 0.998452 0.045935
vn 0.031657 0.998452 0.045727
vn 0.031657 0.998452 0.045727
vn 0.031657 0.998452 0.045727
vn 0.031657 0.998452 0.045727
vn 0.031657 0.998452 0.045727
vn 0.031657 0.998452 0.045727
vn 0.032159 0.998452 0.045376
vn 0.032159 0.998452 0.045376
vn 0.032159 0.998452 0.045376
vn 0.032159 0.998452 0.045376
vn 0.031594 0.998458 0.045635
vn 0.031594 0.998458 0.045635
vn 0.025683 0.998868 0.040035
vn 0.025683 0.998868 0.040035
vn 0.002557 0.999967 0.007672
vn 0.002557 0.999967 0.007672
vn 0.000000 1.000000 0.000000
vn 0.000000 1.000000 0.000000
vn 0.000000 1.000000 0.000000
vn 0.000000 1.000000 0.000000
vn 0.000000 1.000000 0.000000
vn 0.000000 1.000000 0.000000
vn 0.000000 1.000000 0.000000
vn 0.000000 1.000000 0.000000
vn 0.000000 1.000000 0.000000
vn 0.000000 1.000000 0.000000
vn 0.000000 1.000000 0.000000
vn 0.000000 1.000000 0.000000
vn 0.000000 1.000000 0.000000
vn 0.000000 1.000000 0.000000
vn 0.000000 1.000000 0.000000
vn 0.000000 1.000000 0.000000
vn 0.000000 1.000000 0.000000
vn 0.000000 1.000000 0.000000
vn 0.000000 1.000000 0.000000
vn 0.000000 1.000000 0.000000
vn 0.000000 1.000000 0.000000
vn 0.000000 1.000000 0.000000
vn 0.000000 1.000000 0.000000
vn 0.000000 1.000000 0.000000
vn 0.000000 1.000000 0.000000
vn 0.000000 1.000000 0.000000
vn 0.000000 1.000000 0.000000
vn 0.000000 1.000000 0.000000
vn 0.000000 1.000000 0.000000
vn 0.000000 1.000000 0.000000
vn 0.000000 1.000000 0.000000
vn 0.000000 1.000000 0.000000
vn 0.000000 1.000000 0.000000
vn 0.000000 1.000000 0.000000
vn 0.000000 1.000000 0.000000
vn 0.000000 1.000000 0.000000
vn 0.000000 1.000000 0.000000
vn 0.000000 1.000000 0.000000
vn 0.000000 1.000000 0.000000
vn 0.000000 1.000000 0.000000
vn 0.000000 1.000000 0.000000
vn 0.000000 1.000000 0.000000
vn 0.000000 1.000000 0.000000
vn 0.000000 1.000000 0.000000
vn 0.000000 1.000000 0.000000
vn 0.000000 1.000000 0.000000
vn 0.000000 1.000000 0.000000
vn 0.000000 1.000000 0.000000
vn 0.000000 1.000000 0.000000
vn 0.000000 1.000000 0.000000
vn 0.000000 1.000000 0.000000
vn 0.000000 1.000000 0.000000
vn 0.000000 1.000000 0.000000
vn 0.000000 1.000000 0.000000
vn 0.000000 1.000000 0.000000
vn 0.000000 1.000000 0.000000
vn 0.000000 1.000000 0.000000
vn 0.000000 1.000000 0.000000
vn 0.000000 1.000000 0.000000
vn 0.000000 1.000000 0.000000
vn 0.000000 1.000000 0.000000
vn 0.000000 1.000000 0.000000
vn 0.000000 1.000000 0.000000
vn 0.000000 1.000000 0.000000
vn 0.000000 1.000000 0.000000
vn 0.000000 1.000000 0.000000
vn 0.000000 1.000000 0.000000
vn 0.000000 1.000000 0.000000
vn 0.000000 1.000000 0.000000
vn 0.000000 1.000000 0.000000
vn 0.000000 1.000000 0.000000
vn 0.000000 1.000000 0.000000
vn 0.000000 1.000000 0.000000
vn 0.000000 1.000000 0.000000
vn 0.000000 1.000000 0.000000
vn 0.000000 1.000000 0.000000
vn 0.000000 1.000000 0.000000
vn 0.000000 1.000000 0.000000
vn 0.000000 1.000000 0.000000
vn 0.000000 1.000000 0.000000
vn 0.000000 1.000000 0.000000
vn 0.000000 1.000000 0.000000
vn 0.000000 1.000000 0.000000
vn 0.000000 1.000000 0.000000
vn 0.000000 1.000000 0.000000
vn 0.000000 1.000000 0.000000
vn 0.000000 1.000000 0.000000
vn 0.000000 1.000000 0.000000
vn 0.000000 1.000000 0.000000
vn 0.000000 1.000000 0.000000
vn 0.000000 1.000000 0.000000
vn 0.000000 1.000000 0.000000
vn 0.000000 1.000000 0.000000
vn 0.000000 1.000000 0.000000
vn 0.000000 1.000000 0.000000
vn 0.000000 1.000000 0.000000
vn 0.000000 1.000000 0.000000
vn 0.000000 1.000000 0.000000
vn 0.000000 1.000000 0.000000
vn 0.000000 1.000000 0.000000
vn 0.000000 1.000000 0.000000
vn 0.000000 1.000000 0.000000
vn 0.000000 1.000000 0.000000
vn 0.000000 1.000000 0.000000
vn 0.000000 1.000000 0.000000
vn 0.000000 1.000000 0.000000
vn 0.000000 1.000000 0.000000
vn 0.000000 1.000000 0.000000
vn 0.000000 1.000000 0.000000
vn 0.000000 1.000000 0.000000
vn 0.000000 1.000000 0.000000
vn 0.000000 1.000000 0.000000
vn 0.000000 1.000000 0.000000
vn 0.000000 1.000000 0.000000
vn 0.000000 1.000000 0.000000
vn 0.000000 1.000000 0.000000
vn 0.000000 1.000000 0.000000
vn 0.000000 1.000000 0.000000
vn 0.000000 1.000000 0.000000
vn 0.000000 1.000000 0.000000
vn 0.000000 1.000000 0.000000
vn 0.000000 1.000000 0.000000
vn 0.000000 1.000000 0.000000
vn 0.000000 1.000000 0.000000
vn 0.000000 1.000000 0.000000
vn 0.000000 1.000000 0.000000
vn 0.000000 1.000000 0.000000
vn 0.000000 1.000000 0.000000
vn 0.000000 1.000000 0.000000
vn 0.000000 1.000000 0.000000
vn 0.000000 1.000000 0.000000
vn 0.000000 1.000000 0.000000
vn 0.000000 1.000000 0.000000
vn 0.000000 1.000000 0.000000
vn 0.000000 1.000000 0.000000
vn 0.000000 1.000000 0.000000
vn 0.000000 1.000000 0.000000
vn 0.000000 1.000000 0.000000
vn 0.000000 1.000000 0.000000
vn 0.000000 1.000000 0.000000
vn 0.000000 1.000000 0.000000
vn 0.000000 1.000000 0.000000
vn 0.000000 1.000000 0.000000
vn 0.000000 1.000000 0.000000
vn 0.000000 1.000000 0.000000
vn 0.000000 1.000000 0.000000
vn 0.000000 1.000000 0.000000
vn 0.000000 1.000000 0.000000
vn 0.000000 1.000000 0.000000
vn 0.000000 1.000000 0.000000
vn 0.000000 1.000000 0.000000
vn 0.000000 1.000000 0.000000
vn 0.000000 1.000000 0.000000
vn 0.000000 1.000000 0.000000
vn 0.000000 1.000000 0.000000
vn 0.000000 1.000000 0.000000
vn 0.000000 1.000000 0.000000
vn 0.000000 1.000000 0.000000
vn 0.000000 1.000000 0.000000
vn 0.000000 1.000000 0.000000
vn 0.000000 1.000000 0.000000
vn 0.000000 1.000000 0.000000
vn 0.000000 1.000000 0.000000
vn 0.000000 1.000000 0.000000
vn 0.000000 1.000000 0.000000
vn 0.000000 1.000000 0.000000
vn 0.000000 1.000000 0.000000
vn 0.000000 1.000000 0.000000
vn 0.000000 1.000000 0.000000
vn 0.000000 1.000000 0.000000
vn 0.000000 1.000000 0.000000
vn 0.000000 1.000000 0.000000
vn 0.000000 1.000000 0.000000
vn 0.000000 1.000000 0.000000
vn 0.000000 1.000000 0.000000
vn 0.000000 1.000000 0.000000
vn 0.000000 1.000000 0.000000
vn 0.000000 1.000000 0.000000
vn 0.000000 1.000000 0.000000
vn 0.000000 1.000000 0.000000
vn 0.000000 1.000000 0.000000
vn 0.000000 1.000000 0.000000
vn 0.000000 1.000000 0.000000
vn 0.000000 1.000000 0.000000
vn 0.000000 1.000000 0.000000
vn 0.000000 1.000000 0.000000
vn 0.000000 1.000000 0.000000
vn 0.000000 1.000000 0.000000
vn 0.000000 1.000000 0.000000
vn 0.000000 1.000000 0.000000
vn 0.000000 1.000000 0.000000
vn 0.000000 1.000000 0.000000
vn 0.000000 1.000000 0.000000
vn 0.000000 1.000000 0.000000
vn 0.000000 1.000000 0.000000
vn 0.000000 1.000000 0.000000
vn 0.000000 1.000000 0.000000
vn 0.000000 1.000000 0.000000
vn 0.000000 1.000000 0.000000
vn 0.000000 1.000000 0.000000
vn 0.000000 1.000000 0.000000
vn 0.000000 1.000000 0.000000
vn 0.000000 1.000000 0.000000
vn 0.000000 1.000000 0.000000
vn 0.000000 1.000000 0.000000
vn 0.000000 1.000000 0.000000
vn 0.000000 1.000000 0.000000
vn 0.000000 1.000000 0.000000
vn 0.003202 0.999969 -0.007220
vn 0.003202 0.999969 -0.007220
vn 0.003382 0.999969 -0.007140
vn 0.003382 0.999969 -0.007140
vn 0.003571 0.999968 -0.007079
vn 0.003571 0.999968 -0.007079
vn 0.007411 0.999875 -0.013943
vn 0.007411 0.999875 -0.013943
vn 0.007769 0.999875 -0.013784
vn 0.007769 0.999875 -0.013784
vn 0.012302 0.999715 -0.020441
vn 0.012302 0.999715 -0.020441
vn 0.012719 0.999719 -0.020014
vn 0.012719 0.999719 -0.020014
vn 0.017706 0.999500 -0.026185
vn 0.017706 0.999500 -0.026185
vn 0.018263 0.999501 -0.025768
vn 0.018263 0.999501 -0.025768
vn 0.023803 0.999216 -0.031633
vn 0.023803 0.999216 -0.031633
vn 0.024634 0.999220 -0.030871
vn 0.024634 0.999220 -0.030871
vn 0.030459 0.998870 -0.036475
vn 0.030459 0.998870 -0.036475
vn 0.036966 0.998460 -0.041367
vn 0.036966 0.998460 -0.041367
vn 0.037913 0.998458 -0.040558
vn 0.037913 0.998458 -0.040558
vn 0.044606 0.997986 -0.045107
vn 0.044606 0.997986 -0.045107
vn 0.051527 0.997456 -0.049263
vn 0.051527 0.997456 -0.049263
vn 0.064441 0.996219 -0.058271
vn 0.064441 0.996219 -0.058271
vn 0.072989 0.995430 -0.061585
vn 0.072989 0.995430 -0.061585
vn 0.080879 0.994685 -0.063723
vn 0.080879 0.994685 -0.063723
vn 0.095946 0.992950 -0.069608
vn 0.095946 0.992950 -0.069608
vn 0.105340 0.991953 -0.070227
vn 0.105340 0.991953 -0.070227
vn 0.114983 0.990879 -0.070267
vn 0.114983 0.990879 -0.070267
vn 0.132115 0.988523 -0.073264
vn 0.132115 0.988523 -0.073264
vn 0.141315 0.987395 -0.071283
vn 0.141315 0.987395 -0.071283
vn 0.146132 0.986094 -0.079152
vn 0.146132 0.986094 -0.079152
vn 0.143292 0.986009 -0.085173
vn 0.143292 0.986009 -0.085173
vn 0.132199 0.987151 -0.089758
vn 0.132199 0.987151 -0.089758
vn 0.110547 0.989376 -0.094412
vn 0.110547 0.989376 -0.094412
vn 0.079188 0.992302 -0.095214
vn 0.079188 0.992302 -0.095214
vn 0.047377 0.994550 -0.092875
vn 0.047377 0.994550 -0.092875
vn 0.009917 0.996575 -0.082096
vn 0.009917 0.996575 -0.082096
vn -0.019521 0.997307 -0.070700
vn -0.019521 0.997307 -0.070700
vn -0.046186 0.997389 -0.055511
vn -0.046186 0.997389 -0.055511
vn -0.068532 0.996862 -0.039610
vn -0.068532 0.996862 -0.039610
vn -0.080313 0.996643 -0.015912
vn -0.080313 0.996643 -0.015912
vn -0.091430 0.995810 -0.001757
vn -0.091430 0.995810 -0.001757
vn -0.095079 0.995216 0.022494
vn -0.095079 0.995216 0.022494
vn -0.093184 0.994960 0.037025
vn -0.093184 0.994960 0.037025
vn -0.090621 0.994954 0.043063
vn -0.090621 0.994954 0.043063
vn -0.088579 0.994536 0.055252
vn -0.088579 0.994536 0.055252
vn -0.086786 0.994092 0.065183
vn -0.086786 0.994092 0.065183
vn -0.076517 0.994223 0.075267
vn -0.076517 0.994223 0.075267
vn -0.074188 0.993686 0.084163
vn -0.074188 0.993686 0.084163
vn -0.064377 0.993642 0.092367
vn -0.064377 0.993642 0.092367
vn -0.055788 0.994158 0.092395
vn -0.055788 0.994158 0.092395
vn -0.039437 0.995066 0.091036
vn -0.039437 0.995066 0.091036
vn -0.032343 0.995400 0.090183
vn -0.032343 0.995400 0.090183
vn -0.024557 0.995740 0.088879
vn -0.024557 0.995740 0.088879
vn -0.010254 0.996109 0.087532
vn -0.010254 0.996109 0.087532
vn -0.003758 0.996191 0.087118
vn -0.003758 0.996191 0.087118
vn 0.002070 0.996210 0.086954
vn 0.002070 0.996210 0.086954
vn 0.000000 0.996865 0.079116
vn 0.000000 0.996865 0.079116
vn -0.003133 0.996874 0.078943
vn -0.003133 0.996874 0.078943
vn -0.005653 0.997444 0.071228
vn -0.005653 0.997444 0.071228
vn -0.009634 0.997441 0.070841
vn -0.009634 0.997441 0.070841
vn -0.013530 0.997462 0.069905
vn -0.013530 0.997462 0.069905
vn -0.016054 0.997996 0.061207
vn -0.016054 0.997996 0.061207
vn -0.017124 0.998464 0.052689
vn -0.017124 0.998464 0.052689
vn -0.019283 0.998476 0.051714
vn -0.019283 0.998476 0.051714
vn -0.017744 0.998866 0.044170
vn -0.017744 0.998866 0.044170
vn -0.018858 0.998864 0.043751
vn -0.018858 0.998864 0.043751
vn -0.019501 0.998879 0.043128
vn -0.019501 0.998879 0.043128
vn -0.016898 0.999221 0.035673
vn -0.016898 0.999221 0.035673
vn -0.017152 0.999221 0.035551
vn -0.017152 0.999221 0.035551
vn -0.017529 0.999221 0.035371
vn -0.017529 0.999221 0.035371
vn -0.017841 0.999215 0.035369
vn -0.017841 0.999215 0.035369
vn -0.018216 0.999215 0.035175
vn -0.018216 0.999215 0.035175
vn -0.018277 0.999210 0.035294
vn -0.018277 0.999210 0.035294
vn -0.014872 0.999498 0.027979
vn -0.014872 0.999498 0.027979
vn -0.015067 0.999498 0.027874
vn -0.015067 0.999498 0.027874
vn -0.015250 0.999499 0.027750
vn -0.015250 0.999499 0.027750
vn -0.015547 0.999499 0.027583
vn -0.015547 0.999499 0.027583
vn -0.015547 0.999499 0.027583
vn -0.015547 0.999499 0.027583
vn -0.015547 0.999499 0.027583
vn -0.015547 0.999499 0.027583
vn -0.015547 0.999499 0.027583
vn -0.015547 0.999499 0.027583
vn -0.015547 0.999499 0.027583
vn -0.015547 0.999499 0.027583
vn -0.011827 0.999721 0.020462
vn -0.011827 0.999721 0.020462
vn -0.012104 0.999721 0.020297
vn -0.012104 0.999721 0.020297
vn -0.012104 0.999721 0.020297
vn -0.012104 0.999721 0.020297
vn -0.012104 0.999721 0.020297
vn -0.012104 0.999721 0.020297
vn -0.012104 0.999721 0.020297
vn -0.012104 0.999721 0.020297
vn -0.012104 0.999721 0.020297
vn -0.012104 0.999721 0.020297
vn -0.012104 0.999721 0.020297
vn -0.012104 0.999721 0.020297
vn -0.012104 0.999721 0.020297
vn -0.012104 0.999721 0.020297
vn -0.012104 0.999721 0.020297
vn -0.012104 0.999721 0.020297
vn -0.012104 0.999721 0.020297
vn -0.012104 0.999721 0.020297
vn -0.012269 0.999717 0.020386
vn -0.012269 0.999717 0.020386
vn -0.008260 0.999875 0.013517
vn -0.008260 0.999875 0.013517
vn -0.008407 0.999875 0.013425
vn -0.008407 0.999875 0.013425
vn -0.008407 0.999875 0.013425
vn -0.008407 0.999875 0.013425
vn -0.008407 0.999875 0.013425
vn -0.008407 0.999875 0.013425
vn -0.008407 0.999875 0.013425
vn -0.008407 0.999875 0.013425
vn -0.008407 0.999875 0.013425
vn -0.008407 0.999875 0.013425
vn 0.008481 0.999875 -0.013345
vn 0.008481 0.999875 -0.013345
vn 0.008626 0.999875 -0.013251
vn 0.008626 0.999875 -0.013251
vn 0.008626 0.999875 -0.013251
vn 0.008626 0.999875 -0.013251
vn 0.012936 0.999719 -0.019873
vn 0.012936 0.999719 -0.019873
vn 0.017100 0.999498 -0.026657
vn 0.017100 0.999498 -0.026657
vn 0.013904 0.999185 -0.037891
vn 0.013904 0.999185 -0.037891
vn 0.010223 0.998765 -0.048623
vn 0.010223 0.998765 -0.048623
vn 0.002435 0.998610 -0.052641
vn 0.002435 0.998610 -0.052641
vn -0.012926 0.998112 -0.060049
vn -0.012926 0.998112 -0.060049
vn -0.029548 0.997367 -0.066230
vn -0.029548 0.997367 -0.066230
vn -0.039023 0.996896 -0.068384
vn -0.039023 0.996896 -0.068384
vn -0.048816 0.996402 -0.069281
vn -0.048816 0.996402 -0.069281
vn -0.061792 0.996155 -0.062104
vn -0.061792 0.996155 -0.062104
vn -0.072527 0.995535 -0.060419
vn -0.072527 0.995535 -0.060419
vn -0.075820 0.995546 -0.056041
vn -0.075820 0.995546 -0.056041
vn -0.079733 0.995528 -0.050665
vn -0.079733 0.995528 -0.050665
vn -0.082590 0.995227 -0.051980
vn -0.082590 0.995227 -0.051980
vn -0.086524 0.995218 -0.045331
vn -0.086524 0.995218 -0.045331
vn -0.089771 0.995301 -0.036284
vn -0.089771 0.995301 -0.036284
vn -0.093089 0.995322 -0.025848
vn -0.093089 0.995322 -0.025848
vn -0.095857 0.995221 -0.018608
vn -0.095857 0.995221 -0.018608
vn -0.096971 0.995224 -0.011254
vn -0.096971 0.995224 -0.011254
vn -0.097376 0.995244 -0.002890
vn -0.097376 0.995244 -0.002890
vn -0.097430 0.995229 0.005200
vn -0.097430 0.995229 0.005200
vn -0.096732 0.995217 0.013667
vn -0.096732 0.995217 0.013667
vn -0.095137 0.995232 0.021491
vn -0.095137 0.995232 0.021491
vn -0.093313 0.995215 0.028968
vn -0.093313 0.995215 0.028968
vn -0.084576 0.995557 0.041383
vn -0.084576 0.995557 0.041383
vn -0.070871 0.996423 0.046029
vn -0.070871 0.996423 0.046029
vn -0.056749 0.997221 0.048265
vn -0.056749 0.997221 0.048265
vn -0.043219 0.997902 0.048215
vn -0.043219 0.997902 0.048215
vn -0.037462 0.998346 0.043611
vn -0.037462 0.998346 0.043611
vn -0.029304 0.999107 0.030434
vn -0.029304 0.999107 0.030434
vn -0.015351 0.999688 0.019692
vn -0.015351 0.999688 0.019692
vn -0.012151 0.999845 0.012715
vn -0.012151 0.999845 0.012715
vn -0.017274 0.999845 0.003266
vn -0.017274 0.999845 0.003266
vn -0.015346 0.999875 -0.003868
vn -0.015346 0.999875 -0.003868
vn -0.015417 0.999875 -0.003384
vn -0.015417 0.999875 -0.003384
vn 0.000000 1.000000 0.000000
vn 0.000000 1.000000 0.000000
vn 0.000000 1.000000 0.000000
vn 0.000000 1.000000 0.000000
vn 0.000000 1.000000 0.000000
vn 0.000000 1.000000 0.000000
vn 0.000000 1.000000 0.000000
vn 0.000000 1.000000 0.000000
vn 0.000000 1.000000 0.000000
vn 0.000000 1.000000 0.000000
vn 0.000000 1.000000 0.000000
vn 0.000000 1.000000 0.000000
vn 0.000000 1.000000 0.000000
vn 0.000000 1.000000 0.000000
vn 0.000000 1.000000 0.000000
vn 0.000000 1.000000 0.000000
vn 0.000000 1.000000 0.000000
vn 0.000000 1.000000 0.000000
vn 0.000000 1.000000 0.000000
vn 0.000000 1.000000 0.000000
vn 0.000000 1.000000 0.000000
vn 0.000000 1.000000 0.000000
vn 0.000000 1.000000 0.000000
vn 0.000000 1.000000 0.000000
vn 0.000000 1.000000 0.000000
vn 0.000000 1.000000 0.000000
vn 0.000000 1.000000 0.000000
vn 0.000000 1.000000 0.000000
vn 0.000000 1.000000 0.000000
vn 0.000000 1.000000 0.000000
vn 0.000000 1.000000 0.000000
vn 0.000000 1.000000 0.000000
vn 0.000000 1.000000 0.000000
vn 0.000000 1.000000 0.000000
vn 0.000000 1.000000 0.000000
vn 0.000000 1.000000 0.000000
vn 0.000000 1.000000 0.000000
vn 0.000000 1.000000 0.000000
vn 0.000000 1.000000 0.000000
vn 0.000000 1.000000 0.000000
vn 0.000000 1.000000 0.000000
vn 0.000000 1.000000 0.000000
vn 0.000000 1.000000 0.000000
vn 0.000000 1.000000 0.000000
vn 0.000000 1.000000 0.000000
vn 0.000000 1.000000 0.000000
vn 0.000000 1.000000 0.000000
vn 0.000000 1.000000 0.000000
vn 0.000000 1.000000 0.000000
vn 0.000000 1.000000 0.000000
vn 0.000000 1.000000 0.000000
vn 0.000000 1.000000 0.000000
vn 0.000000 1.000000 0.000000
vn 0.000000 1.000000 0.000000
vn 0.000000 1.000000 0.000000
vn 0.000000 1.000000 0.000000
vn -0.015556 0.999875 -0.002760
vn -0.015556 0.999875 -0.002760
vn -0.023394 0.999719 -0.003743
vn -0.023394 0.999719 -0.003743
vn -0.038971 0.999221 -0.006235
vn -0.038971 0.999221 -0.006235
vn -0.038971 0.999221 -0.006235
vn -0.038971 0.999221 -0.006235
vn -0.038971 0.999221 -0.006235
vn -0.038971 0.999221 -0.006235
vn -0.054519 0.998475 -0.008723
vn -0.054519 0.998475 -0.008723
vn -0.054519 0.998475 -0.008723
vn -0.054519 0.998475 -0.008723
vn -0.054519 0.998475 -0.008723
vn -0.054519 0.998475 -0.008723
vn -0.062278 0.998009 -0.009965
vn -0.062278 0.998009 -0.009965
vn -0.078368 0.996846 -0.012539
vn -0.078368 0.996846 -0.012539
vn -0.078368 0.996846 -0.012539
vn -0.078368 0.996846 -0.012539
vn -0.078368 0.996846 -0.012539
vn -0.078368 0.996846 -0.012539
vn -0.078368 0.996846 -0.012539
vn -0.078368 0.996846 -0.012539
vn -0.109522 0.993830 -0.017523
vn -0.109522 0.993830 -0.017523
vn -0.132763 0.990942 -0.020180
vn -0.132763 0.990942 -0.020180
vn -0.149199 0.988547 -0.022678
vn -0.149199 0.988547 -0.022678
vn -0.156859 0.987333 -0.023843
vn -0.156859 0.987333 -0.023843
vn -0.156859 0.987333 -0.023843
vn -0.156859 0.987333 -0.023843
vn -0.156859 0.987333 -0.023843
vn -0.156859 0.987333 -0.023843
vn -0.172091 0.984734 -0.026158
vn -0.172091 0.984734 -0.026158
vn -0.172091 0.984734 -0.026158
vn -0.172091 0.984734 -0.026158
vn -0.172091 0.984734 -0.026158
vn -0.172091 0.984734 -0.026158
vn -0.172091 0.984734 -0.026158
vn -0.172091 0.984734 -0.026158
vn -0.172091 0.984734 -0.026158
vn -0.172091 0.984734 -0.026158
vn -0.172091 0.984734 -0.026158
vn -0.172091 0.984734 -0.026158
vn -0.172091 0.984734 -0.026158
vn -0.172091 0.984734 -0.026158
vn -0.172091 0.984734 -0.026158
vn -0.172091 0.984734 -0.026158
vn -0.172091 0.984734 -0.026158
vn -0.172091 0.984734 -0.026158
vn -0.172091 0.984734 -0.026158
vn -0.172091 0.984734 -0.026158
vn -0.164490 0.986062 -0.025002
vn -0.164490 0.986062 -0.025002
vn -0.164490 0.986062 -0.025002
vn -0.164490 0.986062 -0.025002
vn -0.164490 0.986062 -0.025002
vn -0.164490 0.986062 -0.025002
vn -0.164490 0.986062 -0.025002
vn -0.164490 0.986062 -0.025002
vn -0.164490 0.986062 -0.025002
vn -0.164490 0.986062 -0.025002
vn -0.164490 0.986062 -0.025002
vn -0.164490 0.986062 -0.025002
vn -0.164490 0.986062 -0.025002
vn -0.164490 0.986062 -0.025002
vn -0.164490 0.986062 -0.025002
vn -0.164490 0.986062 -0.025002
vn -0.164490 0.986062 -0.025002
vn -0.164490 0.986062 -0.025002
vn -0.164490 0.986062 -0.025002
vn -0.164490 0.986062 -0.025002
vn -0.156859 0.987333 -0.023843
vn -0.156859 0.987333 -0.023843
vn -0.148050 0.988724 -0.022504
vn -0.148050 0.988724 -0.022504
vn -0.148050 0.988724 -0.022504
vn -0.148050 0.988724 -0.022504
vn -0.148050 0.988724 -0.022504
vn -0.148050 0.988724 -0.022504
vn -0.148050 0.988724 -0.022504
vn -0.148050 0.988724 -0.022504
vn -0.148050 0.988724 -0.022504
vn -0.148050 0.988724 -0.022504
vn -0.125082 0.991964 -0.019012
vn -0.125082 0.991964 -0.019012
vn -0.125082 0.991964 -0.019012
vn -0.125082 0.991964 -0.019012
vn -0.125082 0.991964 -0.019012
vn -0.125082 0.991964 -0.019012
vn -0.125082 0.991964 -0.019012
vn -0.125082 0.991964 -0.019012
vn -0.125082 0.991964 -0.019012
vn -0.125082 0.991964 -0.019012
vn -0.117378 0.992927 -0.017842
vn -0.117378 0.992927 -0.017842
vn -0.101907 0.994673 -0.015490
vn -0.101907 0.994673 -0.015490
vn -0.101785 0.994673 -0.016286
vn -0.101785 0.994673 -0.016286
vn -0.101785 0.994673 -0.016286
vn -0.101785 0.994673 -0.016286
vn -0.101785 0.994673 -0.016286
vn -0.101785 0.994673 -0.016286
vn -0.101785 0.994673 -0.016286
vn -0.101785 0.994673 -0.016286
vn -0.070486 0.997449 -0.011278
vn -0.070486 0.997449 -0.011278
vn -0.070393 0.997449 -0.011826
vn -0.070393 0.997449 -0.011826
vn -0.070393 0.997449 -0.011826
vn -0.070393 0.997449 -0.011826
vn -0.070393 0.997449 -0.011826
vn -0.070393 0.997449 -0.011826
vn -0.070393 0.997449 -0.011826
vn -0.070393 0.997449 -0.011826
vn -0.054805 0.998455 -0.009207
vn -0.054805 0.998455 -0.009207
vn -0.046933 0.998867 -0.007885
vn -0.046933 0.998867 -0.007885
vn -0.046869 0.998867 -0.008249
vn -0.046869 0.998867 -0.008249
vn -0.046869 0.998867 -0.008249
vn -0.046869 0.998867 -0.008249
vn -0.046869 0.998867 -0.008249
vn -0.046869 0.998867 -0.008249
vn -0.039071 0.999213 -0.006876
vn -0.039071 0.999213 -0.006876
vn -0.023454 0.999716 -0.004128
vn -0.023454 0.999716 -0.004128
vn -0.023449 0.999716 -0.004160
vn -0.023449 0.999716 -0.004160
vn -0.023449 0.999716 -0.004160
vn -0.023449 0.999716 -0.004160
vn -0.023449 0.999716 -0.004160
vn -0.023449 0.999716 -0.004160
vn -0.015635 0.999874 -0.002774
vn -0.015635 0.999874 -0.002774
vn 0.000000 1.000000 0.000000
vn 0.000000 1.000000 0.000000
vn 0.000000 1.000000 0.000000
vn 0.000000 1.000000 0.000000
vn 0.000000 1.000000 0.000000
vn 0.000000 1.000000 0.000000
vn 0.000000 1.000000 0.000000
vn 0.000000 1.000000 0.000000
vn 0.000000 1.000000 0.000000
vn 0.000000 1.000000 0.000000
vn 0.015517 0.999876 0.002731
vn 0.015517 0.999876 0.002731
vn 0.015517 0.999876 0.002731
vn 0.015517 0.999876 0.002731
vn 0.015517 0.999876 0.002731
vn 0.015517 0.999876 0.002731
vn 0.015517 0.999876 0.002731
vn 0.015517 0.999876 0.002731
vn 0.015517 0.999876 0.002731
vn 0.015517 0.999876 0.002731
vn 0.031106 0.999503 0.005226
vn 0.031106 0.999503 0.005226
vn 0.031106 0.999503 0.005226
vn 0.031106 0.999503 0.005226
vn 0.031106 0.999503 0.005226
vn 0.031106 0.999503 0.005226
vn 0.031106 0.999503 0.005226
vn 0.031106 0.999503 0.005226
vn 0.031106 0.999503 0.005226
vn 0.031106 0.999503 0.005226
vn 0.046691 0.998879 0.007844
vn 0.046691 0.998879 0.007844
vn 0.046749 0.998879 0.007480
vn 0.046749 0.998879 0.007480
vn 0.046749 0.998879 0.007480
vn 0.046749 0.998879 0.007480
vn 0.046749 0.998879 0.007480
vn 0.046749 0.998879 0.007480
vn 0.046749 0.998879 0.007480
vn 0.046749 0.998879 0.007480
vn 0.054587 0.998471 0.008734
vn 0.054587 0.998471 0.008734
vn 0.062779 0.997991 0.008538
vn 0.062779 0.997991 0.008538
vn 0.070503 0.997481 0.007834
vn 0.070503 0.997481 0.007834
vn 0.070891 0.997468 0.005626
vn 0.070891 0.997468 0.005626
vn 0.078997 0.996868 0.003762
vn 0.078997 0.996868 0.003762
vn 0.079086 0.996866 0.001883
vn 0.079086 0.996866 0.001883
vn 0.086971 0.996211 0.000000
vn 0.086971 0.996211 0.000000
vn 0.086938 0.996213 -0.001380
vn 0.086938 0.996213 -0.001380
vn 0.086862 0.996217 -0.002758
vn 0.086862 0.996217 -0.002758
vn 0.086666 0.996226 -0.004815
vn 0.086666 0.996226 -0.004815
vn 0.095020 0.995452 -0.006787
vn 0.095020 0.995452 -0.006787
vn 0.094770 0.995465 -0.008274
vn 0.094770 0.995465 -0.008274
vn 0.094398 0.995487 -0.009739
vn 0.094398 0.995487 -0.009739
vn 0.093933 0.995506 -0.012023
vn 0.093933 0.995506 -0.012023
vn 0.094468 0.995445 -0.012848
vn 0.094468 0.995445 -0.012848
vn 0.094030 0.995467 -0.014293
vn 0.094030 0.995467 -0.014293
vn 0.101266 0.994714 -0.017013
vn 0.101266 0.994714 -0.017013
vn 0.100818 0.994729 -0.018700
vn 0.100818 0.994729 -0.018700
vn 0.100833 0.994696 -0.020329
vn 0.100833 0.994696 -0.020329
vn 0.100506 0.994713 -0.021074
vn 0.100506 0.994713 -0.021074
vn 0.099955 0.994732 -0.022754
vn 0.099955 0.994732 -0.022754
vn 0.099808 0.994709 -0.024343
vn 0.099808 0.994709 -0.024343
vn 0.099565 0.994709 -0.025299
vn 0.099565 0.994709 -0.025299
vn 0.099565 0.994709 -0.025299
vn 0.099565 0.994709 -0.025299
vn 0.099115 0.994715 -0.026810
vn 0.099115 0.994715 -0.026810
vn 0.098619 0.994716 -0.028526
vn 0.098619 0.994716 -0.028526
vn 0.098404 0.994739 -0.028464
vn 0.098404 0.994739 -0.028464
vn 0.090552 0.995507 -0.027689
vn 0.090552 0.995507 -0.027689
vn 0.090040 0.995508 -0.029263
vn 0.090040 0.995508 -0.029263
vn 0.090497 0.995462 -0.029411
vn 0.090497 0.995462 -0.029411
vn 0.090173 0.995441 -0.031068
vn 0.090173 0.995441 -0.031068
vn 0.089934 0.995442 -0.031741
vn 0.089934 0.995442 -0.031741
vn 0.089216 0.995490 -0.032238
vn 0.089216 0.995490 -0.032238
vn 0.081677 0.996172 -0.031148
vn 0.081677 0.996172 -0.031148
vn 0.081446 0.996172 -0.031750
vn 0.081446 0.996172 -0.031750
vn 0.073686 0.996842 -0.029600
vn 0.073686 0.996842 -0.029600
vn 0.073019 0.996862 -0.030580
vn 0.073019 0.996862 -0.030580
vn 0.072701 0.996881 -0.030710
vn 0.072701 0.996881 -0.030710
vn 0.065117 0.997467 -0.028629
vn 0.065117 0.997467 -0.028629
vn 0.064811 0.997467 -0.029306
vn 0.064811 0.997467 -0.029306
vn 0.057008 0.998009 -0.027004
vn 0.057008 0.998009 -0.027004
vn 0.049656 0.998463 -0.024608
vn 0.049656 0.998463 -0.024608
vn 0.035175 0.999215 -0.018216
vn 0.035175 0.999215 -0.018216
vn 0.027769 0.999502 -0.015010
vn 0.027769 0.999502 -0.015010
vn 0.034469 0.999217 -0.019428
vn 0.034469 0.999217 -0.019428
vn 0.034469 0.999217 -0.019428
vn 0.034469 0.999217 -0.019428
vn 0.034469 0.999217 -0.019428
vn 0.034469 0.999217 -0.019428
vn 0.041188 0.998873 -0.023590
vn 0.041188 0.998873 -0.023590
vn 0.055030 0.997987 -0.031517
vn 0.055030 0.997987 -0.031517
vn 0.054905 0.997987 -0.031734
vn 0.054905 0.997987 -0.031734
vn 0.054905 0.997987 -0.031734
vn 0.054905 0.997987 -0.031734
vn 0.054905 0.997987 -0.031734
vn 0.054905 0.997987 -0.031734
vn 0.068284 0.996885 -0.039467
vn 0.068284 0.996885 -0.039467
vn 0.074763 0.996235 -0.043897
vn 0.074763 0.996235 -0.043897
vn 0.074763 0.996235 -0.043897
vn 0.074763 0.996235 -0.043897
vn 0.074763 0.996235 -0.043897
vn 0.074763 0.996235 -0.043897
vn 0.074763 0.996235 -0.043897
vn 0.074763 0.996235 -0.043897
vn 0.074763 0.996235 -0.043897
vn 0.074763 0.996235 -0.043897
vn 0.074763 0.996235 -0.043897
vn 0.074763 0.996235 -0.043897
vn 0.074763 0.996235 -0.043897
vn 0.074763 0.996235 -0.043897
vn 0.074763 0.996235 -0.043897
vn 0.074763 0.996235 -0.043897
vn 0.088824 0.994681 -0.052154
vn 0.088824 0.994681 -0.052154
vn 0.088467 0.994681 -0.052756
vn 0.088467 0.994681 -0.052756
vn 0.088467 0.994681 -0.052756
vn 0.088467 0.994681 -0.052756
vn 0.088467 0.994681 -0.052756
vn 0.088467 0.994681 -0.052756
vn 0.088467 0.994681 -0.052756
vn 0.088467 0.994681 -0.052756
vn 0.088467 0.994681 -0.052756
vn 0.088467 0.994681 -0.052756
vn 0.088467 0.994681 -0.052756
vn 0.088467 0.994681 -0.052756
vn 0.088467 0.994681 -0.052756
vn 0.088467 0.994681 -0.052756
vn 0.088467 0.994681 -0.052756
vn 0.088467 0.994681 -0.052756
vn 0.061417 0.997440 -0.036625
vn 0.061417 0.997440 -0.036625
vn 0.068200 0.996843 -0.040670
vn 0.068200 0.996843 -0.040670
vn 0.047623 0.998462 -0.028399
vn 0.047623 0.998462 -0.028399
vn 0.040510 0.998872 -0.024756
vn 0.040510 0.998872 -0.024756
vn 0.046923 0.998466 -0.029381
vn 0.046923 0.998466 -0.029381
vn 0.046923 0.998466 -0.029381
vn 0.046923 0.998466 -0.029381
vn 0.046923 0.998466 -0.029381
vn 0.046923 0.998466 -0.029381
vn 0.040236 0.998873 -0.025194
vn 0.040236 0.998873 -0.025194
vn 0.046923 0.998466 -0.029381
vn 0.046923 0.998466 -0.029381
vn 0.060269 0.997468 -0.037738
vn 0.060269 0.997468 -0.037738
vn 0.020135 0.999718 -0.012608
vn 0.020135 0.999718 -0.012608
vn 0.053601 0.997998 -0.033563
vn 0.053601 0.997998 -0.033563
vn 0.046923 0.998466 -0.029381
vn 0.046923 0.998466 -0.029381
vn 0.033541 0.999217 -0.021002
vn 0.033541 0.999217 -0.021002
vn 0.053601 0.997998 -0.033563
vn 0.053601 0.997998 -0.033563
vn 0.080536 0.995475 -0.050429
vn 0.080536 0.995475 -0.050429
vn 0.073878 0.996194 -0.046260
vn 0.073878 0.996194 -0.046260
vn 0.067206 0.996851 -0.042082
vn 0.067206 0.996851 -0.042082
vn 0.074376 0.996194 -0.045452
vn 0.074376 0.996194 -0.045452
vn 0.060269 0.997468 -0.037738
vn 0.060269 0.997468 -0.037738
vn 0.053601 0.997998 -0.033563
vn 0.053601 0.997998 -0.033563
vn 0.040236 0.998873 -0.025194
vn 0.040236 0.998873 -0.025194
vn 0.033541 0.999217 -0.021002
vn 0.033541 0.999217 -0.021002
vn 0.013482 0.999873 -0.008442
vn 0.013482 0.999873 -0.008442
vn 0.033823 0.999210 -0.020863
vn 0.033823 0.999210 -0.020863
vn 0.013425 0.999875 -0.008407
vn 0.013425 0.999875 -0.008407
vn 0.013425 0.999875 -0.008407
vn 0.013425 0.999875 -0.008407
vn 0.013425 0.999875 -0.008407
vn 0.013425 0.999875 -0.008407
vn 0.006657 0.999969 -0.004231
vn 0.006657 0.999969 -0.004231
vn 0.000000 1.000000 -0.000000
vn 0.000000 1.000000 -0.000000
vn 0.000000 1.000000 -0.000000
vn 0.000000 1.000000 -0.000000
vn 0.000000 1.000000 -0.000000
vn 0.000000 1.000000 -0.000000
vn 0.000000 1.000000 -0.000000
vn 0.000000 1.000000 -0.000000
vn 0.000000 1.000000 -0.000000
vn 0.000000 1.000000 -0.000000
vn 0.000000 1.000000 -0.000000
vn 0.000000 1.000000 -0.000000
vn 0.000000 1.000000 -0.000000
vn 0.000000 1.000000 -0.000000
vn 0.000000 1.000000 -0.000000
vn 0.000000 1.000000 -0.000000
vn 0.000000 1.000000 -0.000000
vn 0.000000 1.000000 -0.000000
vn 0.000000 1.000000 -0.000000
vn 0.000000 1.000000 -0.000000
vn 0.000000 1.000000 -0.000000
vn 0.000000 1.000000 -0.000000
vn 0.000000 1.000000 -0.000000
vn 0.000000 1.000000 -0.000000
vn 0.000000 1.000000 -0.000000
vn 0.000000 1.000000 -0.000000
vn 0.000000 1.000000 -0.000000
vn 0.000000 1.000000 -0.000000
vn -0.013947 0.999873 0.007665
vn -0.013947 0.999873 0.007665
vn -0.035348 0.999207 0.018305
vn -0.035348 0.999207 0.018305
vn 0.000000 1.000000 -0.000000
vn 0.000000 1.000000 -0.000000
vn 0.000000 1.000000 -0.000000
vn 0.000000 1.000000 -0.000000
vn 0.000000 1.000000 -0.000000
vn 0.000000 1.000000 -0.000000
vn 0.000000 1.000000 -0.000000
vn 0.000000 1.000000 -0.000000
vn 0.000000 1.000000 -0.000000
vn 0.000000 1.000000 -0.000000
vn 0.000000 1.000000 -0.000000
vn 0.000000 1.000000 -0.000000
vn 0.000000 1.000000 -0.000000
vn 0.000000 1.000000 -0.000000
vn -0.047902 0.998852 -0.000380
vn -0.047902 0.998852 -0.000380
vn -0.039185 0.999221 -0.004665
vn -0.039185 0.999221 -0.004665
vn -0.030827 0.999500 -0.007018
vn -0.030827 0.999500 -0.007018
vn -0.044942 0.998864 -0.015862
vn -0.044942 0.998864 -0.015862
vn -0.007178 0.999968 -0.003400
vn -0.007178 0.999968 -0.003400
vn -0.027887 0.999487 -0.015718
vn -0.027887 0.999487 -0.015718
vn -0.040545 0.998855 -0.025388
vn -0.040545 0.998855 -0.025388
vn -0.019775 0.999718 -0.013183
vn -0.019775 0.999718 -0.013183
vn -0.046027 0.998432 -0.031865
vn -0.046027 0.998432 -0.031865
vn -0.058314 0.997442 -0.041329
vn -0.058314 0.997442 -0.041329
vn -0.077436 0.995413 -0.056179
vn -0.077436 0.995413 -0.056179
vn -0.083728 0.994636 -0.060744
vn -0.083728 0.994636 -0.060744
vn -0.077485 0.995407 -0.056215
vn -0.077485 0.995407 -0.056215
vn -0.103876 0.991862 -0.073621
vn -0.103876 0.991862 -0.073621
vn -0.124953 0.988660 -0.083302
vn -0.124953 0.988660 -0.083302
vn -0.093964 0.993836 -0.058837
vn -0.093964 0.993836 -0.058837
vn -0.116784 0.990974 -0.065823
vn -0.116784 0.990974 -0.065823
vn -0.099545 0.993810 -0.049332
vn -0.099545 0.993810 -0.049332
vn -0.080890 0.996193 -0.032494
vn -0.080890 0.996193 -0.032494
vn -0.038128 0.999213 -0.010938
vn -0.038128 0.999213 -0.010938
vn -0.031407 0.999496 -0.004523
vn -0.031407 0.999496 -0.004523
vn -0.015897 0.999873 0.000631
vn -0.015897 0.999873 0.000631
vn 0.000000 1.000000 -0.000000
vn 0.000000 1.000000 -0.000000
vn 0.000000 1.000000 -0.000000
vn 0.000000 1.000000 -0.000000
vn 0.007229 0.999968 -0.003269
vn 0.007229 0.999968 -0.003269
vn 0.007038 0.999969 -0.003645
vn 0.007038 0.999969 -0.003645
vn 0.013784 0.999875 -0.007769
vn 0.013784 0.999875 -0.007769
vn 0.013574 0.999874 -0.008169
vn 0.013574 0.999874 -0.008169
vn 0.013345 0.999875 -0.008481
vn 0.013345 0.999875 -0.008481
vn 0.013185 0.999874 -0.008790
vn 0.013185 0.999874 -0.008790
vn 0.013143 0.999873 -0.008973
vn 0.013143 0.999873 -0.008973
vn 0.019382 0.999718 -0.013737
vn 0.019382 0.999718 -0.013737
vn 0.019117 0.999718 -0.014057
vn 0.019117 0.999718 -0.014057
vn 0.018959 0.999719 -0.014266
vn 0.018959 0.999719 -0.014266
vn 0.018959 0.999719 -0.014266
vn 0.018959 0.999719 -0.014266
vn 0.018855 0.999717 -0.014519
vn 0.018855 0.999717 -0.014519
vn 0.018600 0.999720 -0.014655
vn 0.018600 0.999720 -0.014655
vn 0.018509 0.999720 -0.014770
vn 0.018509 0.999720 -0.014770
vn 0.012307 0.999875 -0.009921
vn 0.012307 0.999875 -0.009921
vn 0.012321 0.999874 -0.010058
vn 0.012321 0.999874 -0.010058
vn 0.012270 0.999874 -0.010120
vn 0.012270 0.999874 -0.010120
vn 0.012270 0.999874 -0.010120
vn 0.012270 0.999874 -0.010120
vn 0.000000 1.000000 -0.000000
vn 0.000000 1.000000 -0.000000
vn 0.000000 1.000000 -0.000000
vn 0.000000 1.000000 -0.000000
vn 0.000000 1.000000 -0.000000
vn 0.000000 1.000000 -0.000000
vn 0.000000 1.000000 -0.000000
vn 0.000000 1.000000 -0.000000
vn 0.000000 1.000000 -0.000000
vn 0.000000 1.000000 -0.000000
vn 0.000000 1.000000 -0.000000
vn 0.000000 1.000000 -0.000000
vn 0.000000 1.000000 -0.000000
vn 0.000000 1.000000 -0.000000
vn 0.000000 1.000000 -0.000000
vn 0.000000 1.000000 -0.000000
f 1/1/1 3/3/3 2/2/2
f 2/2/2 3/3/3 4/4/4
f 3/3/3 5/5/5 4/4/4
f 4/4/4 5/5/5 6/6/6
f 5/5/5 7/7/7 6/6/6
f 6/6/6 7/7/7 8/8/8
f 7/7/7 9/9/9 8/8/8
f 8/8/8 9/9/9 10/10/10
f 9/9/9 11/11/11 10/10/10
f 10/10/10 11/11/11 12/12/12
f 11/11/11 13/13/13 12/12/12
f 12/12/12 13/13/13 14/14/14
f 13/13/13 15/15/15 14/14/14
f 14/14/14 15/15/15 16/16/16
f 15/15/15 17/17/17 16/16/16
f 16/16/16 17/17/17 18/18/18
f 17/17/17 19/19/19 18/18/18
f 18/18/18 19/19/19 20/20/20
f 19/19/19 21/21/21 20/20/20
f 20/20/20 21/21/21 22/22/22
f 21/21/21 23/23/23 22/22/22
f 22/22/22 23/23/23 24/24/24
f 23/23/23 25/25/25 24/24/24
f 24/24/24 25/25/25 26/26/26
f 25/25/25 27/27/27 26/26/26
f 26/26/26 27/27/27 28/28/28
f 27/27/27 29/29/29 28/28/28
f 28/28/28 29/29/29 30/30/30
f 29/29/29 31/31/31 30/30/30
f 30/30/30 31/31/31 32/32/32
f 31/31/31 33/33/33 32/32/32
f 32/32/32 33/33/33 34/34/34
f 33/33/33 35/35/35 34/34/34
f 34/34/34 35/35/35 36/36/36
f 35/35/35 37/37/37 36/36/36
f 36/36/36 37/37/37 38/38/38
f 37/37/37 39/39/39 38/38/38
f 38/38/38 39/39/39 40/40/40
f 39/39/39 41/41/41 40/40/40
f 40/40/40 41/41/41 42/42/42
f 41/41/41 43/43/43 42/42/42
f 42/42/42 43/43/43 44/44/44
f 43/43/43 45/45/45 44/44/44
f 44/44/44 45/45/45 46/46/46
f 45/45/45 47/47/47 46/46/46
f 46/46/46 47/47/47 48/48/48
f 47/47/47 49/49/49 48/48/48
f 48/48/48 49/49/49 50/50/50
f 49/49/49 51/51/51 50/50/50
f 50/50/50 51/51/51 52/52/52
f 51/51/51 53/53/53 52/52/52
f 52/52/52 53/53/53 54/54/54
f 53/53/53 55/55/55 54/54/54
f 54/54/54 55/55/55 56/56/56
f 55/55/55 57/57/57 56/56/56
f 56/56/56 57/57/57 58/58/58
f 57/57/57 59/59/59 58/58/58
f 58/58/58 59/59/59 60/60/60
f 59/59/59 61/61/61 60/60/60
f 60/60/60 61/61/61 62/62/62
f 61/61/61 63/63/63 62/62/62
f 62/62/62 63/63/63 64/64/64
f 63/63/63 65/65/65 64/64/64
f 64/64/64 65/65/65 66/66/66
f 65/65/65 67/67/67 66/66/66
f 66/66/66 67/67/67 68/68/68
f 67/67/67 69/69/69 68/68/68
f 68/68/68 69/69/69 70/70/70
f 69/69/69 71/71/71 70/70/70
f 70/70/70 71/71/71 72/72/72
f 71/71/71 73/73/73 72/72/72
f 72/72/72 73/73/73 74/74/74
f 73/73/73 75/75/75 74/74/74
f 74/74/74 75/75/75 76/76/76
f 75/75/75 77/77/77 76/76/76
f 76/76/76 77/77/77 78/78/78
f 77/77/77 79/79/79 78/78/78
f 78/78/78 79/79/79 80/80/80
f 79/79/79 81/81/81 80/80/80
f 80/80/80 81/81/81 82/82/82
f 81/81/81 83/83/83 82/82/82
f 82/82/82 83/83/83 84/84/84
f 83/83/83 85/85/85 84/84/84
f 84/84/84 85/85/85 86/86/86
f 85/85/85 87/87/87 86/86/86
f 86/86/86 87/87/87 88/88/88
f 87/87/87 89/89/89 88/88/88
f 88/88/88 89/89/89 90/90/90
f 89/89/89 91/91/91 90/90/90
f 90/90/90 91/91/91 92/92/92
f 91/91/91 93/93/93 92/92/92
f 92/92/92 93/93/93 94/94/94
f 93/93/93 95/95/95 94/94/94
f 94/94/94 95/95/95 96/96/96
f 95/95/95 97/97/97 96/96/96
f 96/96/96 97/97/97 98/98/98
f 97/97/97 99/99/99 98/98/98
f 98/98/98 99/99/99 100/100/100
f 99/99/99 101/101/101 100/100/100
f 100/100/100 101/101/101 102/102/102
f 101/101/101 103/103/103 102/102/102
f 102/102/102 103/103/103 104/104/104
f 103/103/103 105/105/105 104/104/104
f 104/104/104 105/105/105 106/106/106
f 105/105/105 107/107/107 106/106/106
f 106/106/106 107/107/107 108/108/108
f 107/107/107 109/109/109 108/108/108
f 108/108/108 109/109/109 110/110/110
f 109/109/109 111/111/111 110/110/110
f 110/110/110 111/111/111 112/112/112
f 111/111/111 113/113/113 112/112/112
f 112/112/112 113/113/113 114/114/114
f 113/113/113 115/115/115 114/114/114
f 114/114/114 115/115/115 116/116/116
f 115/115/115 117/117/117 116/116/116
f 116/116/116 117/117/117 118/118/118
f 117/117/117 119/119/119 118/118/118
f 118/118/118 119/119/119 120/120/120
f 119/119/119 121/121/121 120/120/120
f 120/120/120 121/121/121 122/122/122
f 121/121/121 123/123/123 122/122/122
f 122/122/122 123/123/123 124/124/124
f 123/123/123 125/125/125 124/124/124
f 124/124/124 125/125/125 126/126/126
f 125/125/125 127/127/127 126/126/126
f 126/126/126 127/127/127 128/128/128
f 127/127/127 129/129/129 128/128/128
f 128/128/128 129/129/129 130/130/130
f 129/129/129 131/131/131 130/130/130
f 130/130/130 131/131/131 132/132/132
f 131/131/131 133/133/133 132/132/132
f 132/132/132 133/133/133 134/134/134
f 133/133/133 135/135/135 134/134/134
f 134/134/134 135/135/135 136/136/136
f 135/135/135 137/137/137 136/136/136
f 136/136/136 137/137/137 138/138/138
f 137/137/137 139/139/139 138/138/138
f 138/138/138 139/139/139 140/140/140
f 139/139/139 141/141/141 140/140/140
f 140/140/140 141/141/141 142/142/142
f 141/141/141 143/143/143 142/142/142
f 142/142/142 143/143/143 144/144/144
f 143/143/143 145/145/145 144/144/144
f 144/144/144 145/145/145 146/146/146
f 145/145/145 147/147/147 146/146/146
f 146/146/146 147/147/147 148/148/148
f 147/147/147 149/149/149 148/148/148
f 148/148/148 149/149/149 150/150/150
f 149/149/149 151/151/151 150/150/150
f 150/150/150 151/151/151 152/152/152
f 151/151/151 153/153/153 152/152/152
f 152/152/152 153/153/153 154/154/154
f 153/153/153 155/155/155 154/154/154
f 154/154/154 155/155/155 156/156/156
f 155/155/155 157/157/157 156/156/156
f 156/156/156 157/157/157 158/158/158
f 157/157/157 159/159/159 158/158/158
f 158/158/158 159/159/159 160/160/160
f 159/159/159 161/161/161 160/160/160
f 160/160/160 161/161/161 162/162/162
f 161/161/161 163/163/163 162/162/162
f 162/162/162 163/163/163 164/164/164
f 163/163/163 165/165/165 164/164/164
f 164/164/164 165/165/165 166/166/166
f 165/165/165 167/167/167 166/166/166
f 166/166/166 167/167/167 168/168/168
f 167/167/167 169/169/169 168/168/168
f 168/168/168 169/169/169 170/170/170
f 169/169/169 171/171/171 170/170/170
f 170/170/170 171/171/171 172/172/172
f 171/171/171 173/173/173 172/172/172
f 172/172/172 173/173/173 174/174/174
f 173/173/173 175/175/175 174/174/174
f 174/174/174 175/175/175 176/176/176
f 175/175/175 177/177/177 176/176/176
f 176/176/176 177/177/177 178/178/178
f 177/177/177 179/179/179 178/178/178
f 178/178/178 179/179/179 180/180/180
f 179/179/179 181/181/181 180/180/180
f 180/180/180 181/181/181 182/182/182
f 181/181/181 183/183/183 182/182/182
f 182/182/182 183/183/183 184/184/184
f 183/183/183 185/185/185 184/184/184
f 184/184/184 185/185/185 186/186/186
f 185/185/185 187/187/187 186/186/186
f 186/186/186 187/187/187 188/188/188
f 187/187/187 189/189/189 188/188/188
f 188/188/188 189/189/189 190/190/190
f 189/189/189 191/191/191 190/190/190
f 190/190/190 191/191/191 192/192/192
f 191/191/191 193/193/193 192/192/192
f 192/192/192 193/193/193 194/194/194
f 193/193/193 195/195/195 194/194/194
f 194/194/194 195/195/195 196/196/196
f 195/195/195 197/197/197 196/196/196
f 196/196/196 197/197/197 198/198/198
f 197/197/197 199/199/199 198/198/198
f 198/198/198 199/199/199 200/200/200
f 199/199/199 201/201/201 200/200/200
f 200/200/200 201/201/201 202/202/202
f 201/201/201 203/203/203 202/202/202
f 202/202/202 203/203/203 204/204/204
f 203/203/203 205/205/205 204/204/204
f 204/204/204 205/205/205 206/206/206
f 205/205/205 207/207/207 206/206/206
f 206/206/206 207/207/207 208/208/208
f 207/207/207 209/209/209 208/208/208
f 208/208/208 209/209/209 210/210/210
f 209/209/209 211/211/211 210/210/210
f 210/210/210 211/211/211 212/212/212
f 211/211/211 213/213/213 212/212/212
f 212/212/212 213/213/213 214/214/214
f 213/213/213 215/215/215 214/214/214
f 214/214/214 215/215/215 216/216/216
f 215/215/215 217/217/217 216/216/216
f 216/216/216 217/217/217 218/218/218
f 217/217/217 219/219/219 218/218/218
f 218/218/218 219/219/219 220/220/220
f 219/219/219 221/221/221 220/220/220
f 220/220/220 221/221/221 222/222/222
f 221/221/221 223/223/223 222/222/222
f 222/222/222 223/223/223 224/224/224
f 223/223/223 225/225/225 224/224/224
f 224/224/224 225/225/225 226/226/226
f 225/225/225 227/227/227 226/226/226
f 226/226/226 227/227/227 228/228/228
f 227/227/227 229/229/229 228/228/228
f 228/228/228 229/229/229 230/230/230
f 229/229/229 231/231/231 230/230/230
f 230/230/230 231/231/231 232/232/232
f 231/231/231 233/233/233 232/232/232
f 232/232/232 233/233/233 234/234/234
f 233/233/233 235/235/235 234/234/234
f 234/234/234 235/235/235 236/236/236
f 235/235/235 237/237/237 236/236/236
f 236/236/236 237/237/237 238/238/238
f 237/237/237 239/239/239 238/238/238
f 238/238/238 239/239/239 240/240/240
f 239/239/239 241/241/241 240/240/240
f 240/240/240 241/241/241 242/242/242
f 241/241/241 243/243/243 242/242/242
f 242/242/242 243/243/243 244/244/244
f 243/243/243 245/245/245 244/244/244
f 244/244/244 245/245/245 246/246/246
f 245/245/245 247/247/247 246/246/246
f 246/246/246 247/247/247 248/248/248
f 247/247/247 249/249/249 248/248/248
f 248/248/248 249/249/249 250/250/250
f 249/249/249 251/251/251 250/250/250
f 250/250/250 251/251/251 252/252/252
f 251/251/251 253/253/253 252/252/252
f 252/252/252 253/253/253 254/254/254
f 253/253/253 255/255/255 254/254/254
f 254/254/254 255/255/255 256/256/256
f 255/255/255 257/257/257 256/256/256
f 256/256/256 257/257/257 258/258/258
f 257/257/257 259/259/259 258/258/258
f 258/258/258 259/259/259 260/260/260
f 259/259/259 261/261/261 260/260/260
f 260/260/260 261/261/261 262/262/262
f 261/261/261 263/263/263 262/262/262
f 262/262/262 263/263/263 264/264/264
f 263/263/263 265/265/265 264/264/264
f 264/264/264 265/265/265 266/266/266
f 265/265/265 267/267/267 266/266/266
f 266/266/266 267/267/267 268/268/268
f 267/267/267 269/269/269 268/268/268
f 268/268/268 269/269/269 270/270/270
f 269/269/269 271/271/271 270/270/270
f 270/270/270 271/271/271 272/272/272
f 271/271/271 273/273/273 272/272/272
f 272/272/272 273/273/273 274/274/274
f 273/273/273 275/275/275 274/274/274
f 274/274/274 275/275/275 276/276/276
f 275/275/275 277/277/277 276/276/276
f 276/276/276 277/277/277 278/278/278
f 277/277/277 279/279/279 278/278/278
f 278/278/278 279/279/279 280/280/280
f 279/279/279 281/281/281 280/280/280
f 280/280/280 281/281/281 282/282/282
f 281/281/281 283/283/283 282/282/282
f 282/282/282 283/283/283 284/284/284
f 283/283/283 285/285/285 284/284/284
f 284/284/284 285/285/285 286/286/286
f 285/285/285 287/287/287 286/286/286
f 286/286/286 287/287/287 288/288/288
f 287/287/287 289/289/289 288/288/288
f 288/288/288 289/289/289 290/290/290
f 289/289/289 291/291/291 290/290/290
f 290/290/290 291/291/291 292/292/292
f 291/291/291 293/293/293 292/292/292
f 292/292/292 293/293/293 294/294/294
f 293/293/293 295/295/295 294/294/294
f 294/294/294 295/295/295 296/296/296
f 295/295/295 297/297/297 296/296/296
f 296/296/296 297/297/297 298/298/298
f 297/297/297 299/299/299 298/298/298
f 298/298/298 299/299/299 300/300/300
f 299/299/299 301/301/301 300/300/300
f 300/300/300 301/301/301 302/302/302
f 301/301/301 303/303/303 302/302/302
f 302/302/302 303/303/303 304/304/304
f 303/303/303 305/305/305 304/304/304
f 304/304/304 305/305/305 306/306/306
f 305/305/305 307/307/307 306/306/306
f 306/306/306 307/307/307 308/308/308
f 307/307/307 309/309/309 308/308/308
f 308/308/308 309/309/309 310/310/310
f 309/309/309 311/311/311 310/310/310
f 310/310/310 311/311/311 312/312/312
f 311/311/311 313/313/313 312/312/312
f 312/312/312 313/313/313 314/314/314
f 313/313/313 315/315/315 314/314/314
f 314/314/314 315/315/315 316/316/316
f 315/315/315 317/317/317 316/316/316
f 316/316/316 317/317/317 318/318/318
f 317/317/317 319/319/319 318/318/318
f 318/318/318 319/319/319 320/320/320
f 319/319/319 321/321/321 320/320/320
f 320/320/320 321/321/321 322/322/322
f 321/321/321 323/323/323 322/322/322
f 322/322/322 323/323/323 324/324/324
f 323/323/323 325/325/325 324/324/324
f 324/324/324 325/325/325 326/326/326
f 325/325/325 327/327/327 326/326/326
f 326/326/326 327/327/327 328/328/328
f 327/327/327 329/329/329 328/328/328
f 328/328/328 329/329/329 330/330/330
f 329/329/329 331/331/331 330/330/330
f 330/330/330 331/331/331 332/332/332
f 331/331/331 333/333/333 332/332/332
f 332/332/332 333/333/333 334/334/334
f 333/333/333 335/335/335 334/334/334
f 334/334/334 335/335/335 336/336/336
f 335/335/335 337/337/337 336/336/336
f 336/336/336 337/337/337 338/338/338
f 337/337/337 339/339/339 338/338/338
f 338/338/338 339/339/339 340/340/340
f 339/339/339 341/341/341 340/340/340
f 340/340/340 341/341/341 342/342/342
f 341/341/341 343/343/343 342/342/342
f 342/342/342 343/343/343 344/344/344
f 343/343/343 345/345/345 344/344/344
f 344/344/344 345/345/345 346/346/346
f 345/345/345 347/347/347 346/346/346
f 346/346/346 347/347/347 348/348/348
f 347/347/347 349/349/349 348/348/348
f 348/348/348 349/349/349 350/350/350
f 349/349/349 351/351/351 350/350/350
f 350/350/350 351/351/351 352/352/352
f 351/351/351 353/353/353 352/352/352
f 352/352/352 353/353/353 354/354/354
f 353/353/353 355/355/355 354/354/354
f 354/354/354 355/355/355 356/356/356
f 355/355/355 357/357/357 356/356/356
f 356/356/356 357/357/357 358/358/358
f 357/357/357 359/359/359 358/358/358
f 358/358/358 359/359/359 360/360/360
f 359/359/359 361/361/361 360/360/360
f 360/360/360 361/361/361 362/362/362
f 361/361/361 363/363/363 362/362/362
f 362/362/362 363/363/363 364/364/364
f 363/363/363 365/365/365 364/364/364
f 364/364/364 365/365/365 366/366/366
f 365/365/365 367/367/367 366/366/366
f 366/366/366 367/367/367 368/368/368
f 367/367/367 369/369/369 368/368/368
f 368/368/368 369/369/369 370/370/370
f 369/369/369 371/371/371 370/370/370
f 370/370/370 371/371/371 372/372/372
f 371/371/371 373/373/373 372/372/372
f 372/372/372 373/373/373 374/374/374
f 373/373/373 375/375/375 374/374/374
f 374/374/374 375/375/375 376/376/376
f 375/375/375 377/377/377 376/376/376
f 376/376/376 377/377/377 378/378/378
f 377/377/377 379/379/379 378/378/378
f 378/378/378 379/379/379 380/380/380
f 379/379/379 381/381/381 380/380/380
f 380/380/380 381/381/381 382/382/382
f 381/381/381 383/383/383 382/382/382
f 382/382/382 383/383/383 384/384/384
f 383/383/383 385/385/385 384/384/384
f 384/384/384 385/385/385 386/386/386
f 385/385/385 387/387/387 386/386/386
f 386/386/386 387/387/387 388/388/388
f 387/387/387 389/389/389 388/388/388
f 388/388/388 389/389/389 390/390/390
f 389/389/389 391/391/391 390/390/390
f 390/390/390 391/391/391 392/392/392
f 391/391/391 393/393/393 392/392/392
f 392/392/392 393/393/393 394/394/394
f 393/393/393 395/395/395 394/394/394
f 394/394/394 395/395/395 396/396/396
f 395/395/395 397/397/397 396/396/396
f 396/396/396 397/397/397 398/398/398
f 397/397/397 399/399/399 398/398/398
f 398/398/398 399/399/399 400/400/400
f 399/399/399 401/401/401 400/400/400
f 400/400/400 401/401/401 402/402/402
f 401/401/401 403/403/403 402/402/402
f 402/402/402 403/403/403 404/404/404
f 403/403/403 405/405/405 404/404/404
f 404/404/404 405/405/405 406/406/406
f 405/405/405 407/407/407 406/406/406
f 406/406/406 407/407/407 408/408/408
f 407/407/407 409/409/409 408/408/408
f 408/408/408 409/409/409 410/410/410
f 409/409/409 411/411/411 410/410/410
f 410/410/410 411/411/411 412/412/412
f 411/411/411 413/413/413 412/412/412
f 412/412/412 413/413/413 414/414/414
f 413/413/413 415/415/415 414/414/414
f 414/414/414 415/415/415 416/416/416
f 415/415/415 417/417/417 416/416/416
f 416/416/416 417/417/417 418/418/418
f 417/417/417 419/419/419 418/418/418
f 418/418/418 419/419/419 420/420/420
f 419/419/419 421/421/421 420/420/420
f 420/420/420 421/421/421 422/422/422
f 421/421/421 423/423/423 422/422/422
f 422/422/422 423/423/423 424/424/424
f 423/423/423 425/425/425 424/424/424
f 424/424/424 425/425/425 426/426/426
f 425/425/425 427/427/427 426/426/426
f 426/426/426 427/427/427 428/428/428
f 427/427/427 429/429/429 428/428/428
f 428/428/428 429/429/429 430/430/430
f 429/429/429 431/431/431 430/430/430
f 430/430/430 431/431/431 432/432/432
f 431/431/431 433/433/433 432/432/432
f 432/432/432 433/433/433 434/434/434
f 433/433/433 435/435/435 434/434/434
f 434/434/434 435/435/435 436/436/436
f 435/435/435 437/437/437 436/436/436
f 436/436/436 437/437/437 438/438/438
f 437/437/437 439/439/439 438/438/438
f 438/438/438 439/439/439 440/440/440
f 439/439/439 441/441/441 440/440/440
f 440/440/440 441/441/441 442/442/442
f 441/441/441 443/443/443 442/442/442
f 442/442/442 443/443/443 444/444/444
f 443/443/443 445/445/445 444/444/444
f 444/444/444 445/445/445 446/446/446
f 445/445/445 447/447/447 446/446/446
f 446/446/446 447/447/447 448/448/448
f 447/447/447 449/449/449 448/448/448
f 448/448/448 449/449/449 450/450/450
f 449/449/449 451/451/451 450/450/450
f 450/450/450 451/451/451 452/452/452
f 451/451/451 453/453/453 452/452/452
f 452/452/452 453/453/453 454/454/454
f 453/453/453 455/455/455 454/454/454
f 454/454/454 455/455/455 456/456/456
f 455/455/455 457/457/457 456/456/456
f 456/456/456 457/457/457 458/458/458
f 457/457/457 459/459/459 458/458/458
f 458/458/458 459/459/459 460/460/460
f 459/459/459 461/461/461 460/460/460
f 460/460/460 461/461/461 462/462/462
f 461/461/461 463/463/463 462/462/462
f 462/462/462 463/463/463 464/464/464
f 463/463/463 465/465/465 464/464/464
f 464/464/464 465/465/465 466/466/466
f 465/465/465 467/467/467 466/466/466
f 466/466/466 467/467/467 468/468/468
f 467/467/467 469/469/469 468/468/468
f 468/468/468 469/469/469 470/470/470
f 469/469/469 471/471/471 470/470/470
f 470/470/470 471/471/471 472/472/472
f 471/471/471 473/473/473 472/472/472
f 472/472/472 473/473/473 474/474/474
f 473/473/473 475/475/475 474/474/474
f 474/474/474 475/475/475 476/476/476
f 475/475/475 477/477/477 476/476/476
f 476/476/476 477/477/477 478/478/478
f 477/477/477 479/479/479 478/478/478
f 478/478/478 479/479/479 480/480/480
f 479/479/479 481/481/481 480/480/480
f 480/480/480 481/481/481 482/482/482
f 481/481/481 483/483/483 482/482/482
f 482/482/482 483/483/483 484/484/484
f 483/483/483 485/485/485 484/484/484
f 484/484/484 485/485/485 486/486/486
f 485/485/485 487/487/487 486/486/486
f 486/486/486 487/487/487 488/488/488
f 487/487/487 489/489/489 488/488/488
f 488/488/488 489/489/489 490/490/490
f 489/489/489 491/491/491 490/490/490
f 490/490/490 491/491/491 492/492/492
f 491/491/491 493/493/493 492/492/492
f 492/492/492 493/493/493 494/494/494
f 493/493/493 495/495/495 494/494/494
f 494/494/494 495/495/495 496/496/496
f 495/495/495 497/497/497 496/496/496
f 496/496/496 497/497/497 498/498/498
f 497/497/497 499/499/499 498/498/498
f 498/498/498 499/499/499 500/500/500
f 499/499/499 501/501/501 500/500/500
f 500/500/500 501/501/501 502/502/502
f 501/501/501 503/503/503 502/502/502
f 502/502/502 503/503/503 504/504/504
f 503/503/503 505/505/505 504/504/504
f 504/504/504 505/505/505 506/506/506
f 505/505/505 507/507/507 506/506/506
f 506/506/506 507/507/507 508/508/508
f 507/507/507 509/509/509 508/508/508
f 508/508/508 509/509/509 510/510/510
f 509/509/509 511/511/511 510/510/510
f 510/510/510 511/511/511 512/512/512
f 511/511/511 513/513/513 512/512/512
f 512/512/512 513/513/513 514/514/514
f 513/513/513 515/515/515 514/514/514
f 514/514/514 515/515/515 516/516/516
f 515/515/515 517/517/517 516/516/516
f 516/516/516 517/517/517 518/518/518
f 517/517/517 519/519/519 518/518/518
f 518/518/518 519/519/519 520/520/520
f 519/519/519 521/521/521 520/520/520
f 520/520/520 521/521/521 522/522/522
f 521/521/521 523/523/523 522/522/522
f 522/522/522 523/523/523 524/524/524
f 523/523/523 525/525/525 524/524/524
f 524/524/524 525/525/525 526/526/526
f 525/525/525 527/527/527 526/526/526
f 526/526/526 527/527/527 528/528/528
f 527/527/527 529/529/529 528/528/528
f 528/528/528 529/529/529 530/530/530
f 529/529/529 531/531/531 530/530/530
f 530/530/530 531/531/531 532/532/532
f 531/531/531 533/533/533 532/532/532
f 532/532/532 533/533/533 534/534/534
f 533/533/533 535/535/535 534/534/534
f 534/534/534 535/535/535 536/536/536
f 535/535/535 537/537/537 536/536/536
f 536/536/536 537/537/537 538/538/538
f 537/537/537 539/539/539 538/538/538
f 538/538/538 539/539/539 540/540/540
f 539/539/539 541/541/541 540/540/540
f 540/540/540 541/541/541 542/542/542
f 541/541/541 543/543/543 542/542/542
f 542/542/542 543/543/543 544/544/544
f 543/543/543 545/545/545 544/544/544
f 544/544/544 545/545/545 546/546/546
f 545/545/545 547/547/547 546/546/546
f 546/546/546 547/547/547 548/548/548
f 547/547/547 549/549/549 548/548/548
f 548/548/548 549/549/549 550/550/550
f 549/549/549 551/551/551 550/550/550
f 550/550/550 551/551/551 552/552/552
f 551/551/551 553/553/553 552/552/552
f 552/552/552 553/553/553 554/554/554
f 553/553/553 555/555/555 554/554/554
f 554/554/554 555/555/555 556/556/556
f 555/555/555 557/557/557 556/556/556
f 556/556/556 557/557/557 558/558/558
f 557/557/557 559/559/559 558/558/558
f 558/558/558 559/559/559 560/560/560
f 559/559/559 561/561/561 560/560/560
f 560/560/560 561/561/561 562/562/562
f 561/561/561 563/563/563 562/562/562
f 562/562/562 563/563/563 564/564/564
f 563/563/563 565/565/565 564/564/564
f 564/564/564 565/565/565 566/566/566
f 565/565/565 567/567/567 566/566/566
f 566/566/566 567/567/567 568/568/568
f 567/567/567 569/569/569 568/568/568
f 568/568/568 569/569/569 570/570/570
f 569/569/569 571/571/571 570/570/570
f 570/570/570 571/571/571 572/572/572
f 571/571/571 573/573/573 572/572/572
f 572/572/572 573/573/573 574/574/574
f 573/573/573 575/575/575 574/574/574
f 574/574/574 575/575/575 576/576/576
f 575/575/575 577/577/577 576/576/576
f 576/576/576 577/577/577 578/578/578
f 577/577/577 579/579/579 578/578/578
f 578/578/578 579/579/579 580/580/580
f 579/579/579 581/581/581 580/580/580
f 580/580/580 581/581/581 582/582/582
f 581/581/581 583/583/583 582/582/582
f 582/582/582 583/583/583 584/584/584
f 583/583/583 585/585/585 584/584/584
f 584/584/584 585/585/585 586/586/586
f 585/585/585 587/587/587 586/586/586
f 586/586/586 587/587/587 588/588/588
f 587/587/587 589/589/589 588/588/588
f 588/588/588 589/589/589 590/590/590
f 589/589/589 591/591/591 590/590/590
f 590/590/590 591/591/591 592/592/592
f 591/591/591 593/593/593 592/592/592
f 592/592/592 593/593/593 594/594/594
f 593/593/593 595/595/595 594/594/594
f 594/594/594 595/595/595 596/596/596
f 595/595/595 597/597/597 596/596/596
f 596/596/596 597/597/597 598/598/598
f 597/597/597 599/599/599 598/598/598
f 598/598/598 599/599/599 600/600/600
f 599/599/599 601/601/601 600/600/600
f 600/600/600 601/601/601 602/602/602
f 601/601/601 603/603/603 602/602/602
f 602/602/602 603/603/603 604/604/604
f 603/603/603 605/605/605 604/604/604
f 604/604/604 605/605/605 606/606/606
f 605/605/605 607/607/607 606/606/606
f 606/606/606 607/607/607 608/608/608
f 607/607/607 609/609/609 608/608/608
f 608/608/608 609/609/609 610/610/610
f 609/609/609 611/611/611 610/610/610
f 610/610/610 611/611/611 612/612/612
f 611/611/611 613/613/613 612/612/612
f 612/612/612 613/613/613 614/614/614
f 613/613/613 615/615/615 614/614/614
f 614/614/614 615/615/615 616/616/616
f 615/615/615 617/617/617 616/616/616
f 616/616/616 617/617/617 618/618/618
f 617/617/617 619/619/619 618/618/618
f 618/618/618 619/619/619 620/620/620
f 619/619/619 621/621/621 620/620/620
f 620/620/620 621/621/621 622/622/622
f 621/621/621 623/623/623 622/622/622
f 622/622/622 623/623/623 624/624/624
f 623/623/623 625/625/625 624/624/624
f 624/624/624 625/625/625 626/626/626
f 625/625/625 627/627/627 626/626/626
f 626/626/626 627/627/627 628/628/628
f 627/627/627 629/629/629 628/628/628
f 628/628/628 629/629/629 630/630/630
f 629/629/629 631/631/631 630/630/630
f 630/630/630 631/631/631 632/632/632
f 631/631/631 633/633/633 632/632/632
f 632/632/632 633/633/633 634/634/634
f 633/633/633 635/635/635 634/634/634
f 634/634/634 635/635/635 636/636/636
f 635/635/635 637/637/637 636/636/636
f 636/636/636 637/637/637 638/638/638
f 637/637/637 639/639/639 638/638/638
f 638/638/638 639/639/639 640/640/640
f 639/639/639 641/641/641 640/640/640
f 640/640/640 641/641/641 642/642/642
f 641/641/641 643/643/643 642/642/642
f 642/642/642 643/643/643 644/644/644
f 643/643/643 645/645/645 644/644/644
f 644/644/644 645/645/645 646/646/646
f 645/645/645 647/647/647 646/646/646
f 646/646/646 647/647/647 648/648/648
f 647/647/647 649/649/649 648/648/648
f 648/648/648 649/649/649 650/650/650
f 649/649/649 651/651/651 650/650/650
f 650/650/650 651/651/651 652/652/652
f 651/651/651 653/653/653 652/652/652
f 652/652/652 653/653/653 654/654/654
f 653/653/653 655/655/655 654/654/654
f 654/654/654 655/655/655 656/656/656
f 655/655/655 657/657/657 656/656/656
f 656/656/656 657/657/657 658/658/658
f 657/657/657 659/659/659 658/658/658
f 658/658/658 659/659/659 660/660/660
f 659/659/659 661/661/661 660/660/660
f 660/660/660 661/661/661 662/662/662
f 661/661/661 663/663/663 662/662/662
f 662/662/662 663/663/663 664/664/664
f 663/663/663 665/665/665 664/664/664
f 664/664/664 665/665/665 666/666/666
f 665/665/665 667/667/667 666/666/666
f 666/666/666 667/667/667 668/668/668
f 667/667/667 669/669/669 668/668/668
f 668/668/668 669/669/669 670/670/670
f 669/669/669 671/671/671 670/670/670
f 670/670/670 671/671/671 672/672/672
f 671/671/671 673/673/673 672/672/672
f 672/672/672 673/673/673 674/674/674
f 673/673/673 675/675/675 674/674/674
f 674/674/674 675/675/675 676/676/676
f 675/675/675 677/677/677 676/676/676
f 676/676/676 677/677/677 678/678/678
f 677/677/677 679/679/679 678/678/678
f 678/678/678 679/679/679 680/680/680
f 679/679/679 681/681/681 680/680/680
f 680/680/680 681/681/681 682/682/682
f 681/681/681 683/683/683 682/682/682
f 682/682/682 683/683/683 684/684/684
f 683/683/683 685/685/685 684/684/684
f 684/684/684 685/685/685 686/686/686
f 685/685/685 687/687/687 686/686/686
f 686/686/686 687/687/687 688/688/688
f 687/687/687 689/689/689 688/688/688
f 688/688/688 689/689/689 690/690/690
f 689/689/689 691/691/691 690/690/690
f 690/690/690 691/691/691 692/692/692
f 691/691/691 693/693/693 692/692/692
f 692/692/692 693/693/693 694/694/694
f 693/693/693 695/695/695 694/694/694
f 694/694/694 695/695/695 696/696/696
f 695/695/695 697/697/697 696/696/696
f 696/696/696 697/697/697 698/698/698
f 697/697/697 699/699/699 698/698/698
f 698/698/698 699/699/699 700/700/700
f 699/699/699 701/701/701 700/700/700
f 700/700/700 701/701/701 702/702/702
f 701/701/701 703/703/703 702/702/702
f 702/702/702 703/703/703 704/704/704
f 703/703/703 705/705/705 704/704/704
f 704/704/704 705/705/705 706/706/706
f 705/705/705 707/707/707 706/706/706
f 706/706/706 707/707/707 708/708/708
f 707/707/707 709/709/709 708/708/708
f 708/708/708 709/709/709 710/710/710
f 709/709/709 711/711/711 710/710/710
f 710/710/710 711/711/711 712/712/712
f 711/711/711 713/713/713 712/712/712
f 712/712/712 713/713/713 714/714/714
f 713/713/713 715/715/715 714/714/714
f 714/714/714 715/715/715 716/716/716
f 715/715/715 717/717/717 716/716/716
f 716/716/716 717/717/717 718/718/718
f 717/717/717 719/719/719 718/718/718
f 718/718/718 719/719/719 720/720/720
f 719/719/719 721/721/721 720/720/720
f 720/720/720 721/721/721 722/722/722
f 721/721/721 723/723/723 722/722/722
f 722/722/722 723/723/723 724/724/724
f 723/723/723 725/725/725 724/724/724
f 724/724/724 725/725/725 726/726/726
f 725/725/725 727/727/727 726/726/726
f 726/726/726 727/727/727 728/728/728
f 727/727/727 729/729/729 728/728/728
f 728/728/728 729/729/729 730/730/730
f 729/729/729 731/731/731 730/730/730
f 730/730/730 731/731/731 732/732/732
f 731/731/731 733/733/733 732/732/732
f 732/732/732 733/733/733 734/734/734
f 733/733/733 735/735/735 734/734/734
f 734/734/734 735/735/735 736/736/736
f 735/735/735 737/737/737 736/736/736
f 736/736/736 737/737/737 738/738/738
f 737/737/737 739/739/739 738/738/738
f 738/738/738 739/739/739 740/740/740
f 739/739/739 741/741/741 740/740/740
f 740/740/740 741/741/741 742/742/742
f 741/741/741 743/743/743 742/742/742
f 742/742/742 743/743/743 744/744/744
f 743/743/743 745/745/745 744/744/744
f 744/744/744 745/745/745 746/746/746
f 745/745/745 747/747/747 746/746/746
f 746/746/746 747/747/747 748/748/748
f 747/747/747 749/749/749 748/748/748
f 748/748/748 749/749/749 750/750/750
f 749/749/749 751/751/751 750/750/750
f 750/750/750 751/751/751 752/752/752
f 751/751/751 753/753/753 752/752/752
f 752/752/752 753/753/753 754/754/754
f 753/753/753 755/755/755 754/754/754
f 754/754/754 755/755/755 756/756/756
f 755/755/755 757/757/757 756/756/756
f 756/756/756 757/757/757 758/758/758
f 757/757/757 759/759/759 758/758/758
f 758/758/758 759/759/759 760/760/760
f 759/759/759 761/761/761 760/760/760
f 760/760/760 761/761/761 762/762/762
f 761/761/761 763/763/763 762/762/762
f 762/762/762 763/763/763 764/764/764
f 763/763/763 765/765/765 764/764/764
f 764/764/764 765/765/765 766/766/766
f 765/765/765 767/767/767 766/766/766
f 766/766/766 767/767/767 768/768/768
f 767/767/767 769/769/769 768/768/768
f 768/768/768 769/769/769 770/770/770
f 769/769/769 771/771/771 770/770/770
f 770/770/770 771/771/771 772/772/772
f 771/771/771 773/773/773 772/772/772
f 772/772/772 773/773/773 774/774/774
f 773/773/773 775/775/775 774/774/774
f 774/774/774 775/775/775 776/776/776
f 775/775/775 777/777/777 776/776/776
f 776/776/776 777/777/777 778/778/778
f 777/777/777 779/779/779 778/778/778
f 778/778/778 779/779/779 780/780/780
f 779/779/779 781/781/781 780/780/780
f 780/780/780 781/781/781 782/782/782
f 781/781/781 783/783/783 782/782/782
f 782/782/782 783/783/783 784/784/784
f 783/783/783 785/785/785 784/784/784
f 784/784/784 785/785/785 786/786/786
f 785/785/785 787/787/787 786/786/786
f 786/786/786 787/787/787 788/788/788
f 787/787/787 789/789/789 788/788/788
f 788/788/788 789/789/789 790/790/790
f 789/789/789 791/791/791 790/790/790
f 790/790/790 791/791/791 792/792/792
f 791/791/791 793/793/793 792/792/792
f 792/792/792 793/793/793 794/794/794
f 793/793/793 795/795/795 794/794/794
f 794/794/794 795/795/795 796/796/796
f 795/795/795 797/797/797 796/796/796
f 796/796/796 797/797/797 798/798/798
f 797/797/797 799/799/799 798/798/798
f 798/798/798 799/799/799 800/800/800
f 799/799/799 801/801/801 800/800/800
f 800/800/800 801/801/801 802/802/802
f 801/801/801 803/803/803 802/802/802
f 802/802/802 803/803/803 804/804/804
f 803/803/803 805/805/805 804/804/804
f 804/804/804 805/805/805 806/806/806
f 805/805/805 807/807/807 806/806/806
f 806/806/806 807/807/807 808/808/808
f 807/807/807 809/809/809 808/808/808
f 808/808/808 809/809/809 810/810/810
f 809/809/809 811/811/811 810/810/810
f 810/810/810 811/811/811 812/812/812
f 811/811/811 813/813/813 812/812/812
f 812/812/812 813/813/813 814/814/814
f 813/813/813 815/815/815 814/814/814
f 814/814/814 815/815/815 816/816/816
f 815/815/815 817/817/817 816/816/816
f 816/816/816 817/817/817 818/818/818
f 817/817/817 819/819/819 818/818/818
f 818/818/818 819/819/819 820/820/820
f 819/819/819 821/821/821 820/820/820
f 820/820/820 821/821/821 822/822/822
f 821/821/821 823/823/823 822/822/822
f 822/822/822 823/823/823 824/824/824
f 823/823/823 825/825/825 824/824/824
f 824/824/824 825/825/825 826/826/826
f 825/825/825 827/827/827 826/826/826
f 826/826/826 827/827/827 828/828/828
f 827/827/827 829/829/829 828/828/828
f 828/828/828 829/829/829 830/830/830
f 829/829/829 831/831/831 830/830/830
f 830/830/830 831/831/831 832/832/832
f 831/831/831 833/833/833 832/832/832
f 832/832/832 833/833/833 834/834/834
f 833/833/833 835/835/835 834/834/834
f 834/834/834 835/835/835 836/836/836
f 835/835/835 837/837/837 836/836/836
f 836/836/836 837/837/837 838/838/838
f 837/837/837 839/839/839 838/838/838
f 838/838/838 839/839/839 840/840/840
f 839/839/839 841/841/841 840/840/840
f 840/840/840 841/841/841 842/842/842
f 841/841/841 843/843/843 842/842/842
f 842/842/842 843/843/843 844/844/844
f 843/843/843 845/845/845 844/844/844
f 844/844/844 845/845/845 846/846/846
f 845/845/845 847/847/847 846/846/846
f 846/846/846 847/847/847 848/848/848
f 847/847/847 849/849/849 848/848/848
f 848/848/848 849/849/849 850/850/850
f 849/849/849 851/851/851 850/850/850
f 850/850/850 851/851/851 852/852/852
f 851/851/851 853/853/853 852/852/852
f 852/852/852 853/853/853 854/854/854
f 853/853/853 855/855/855 854/854/854
f 854/854/854 855/855/855 856/856/856
f 855/855/855 857/857/857 856/856/856
f 856/856/856 857/857/857 858/858/858
f 857/857/857 859/859/859 858/858/858
f 858/858/858 859/859/859 860/860/860
f 859/859/859 861/861/861 860/860/860
f 860/860/860 861/861/861 862/862/862
f 861/861/861 863/863/863 862/862/862
f 862/862/862 863/863/863 864/864/864
f 863/863/863 865/865/865 864/864/864
f 864/864/864 865/865/865 866/866/866
f 865/865/865 867/867/867 866/866/866
f 866/866/866 867/867/867 868/868/868
f 867/867/867 869/869/869 868/868/868
f 868/868/868 869/869/869 870/870/870
f 869/869/869 871/871/871 870/870/870
f 870/870/870 871/871/871 872/872/872
f 871/871/871 873/873/873 872/872/872
f 872/872/872 873/873/873 874/874/874
f 873/873/873 875/875/875 874/874/874
f 874/874/874 875/875/875 876/876/876
f 875/875/875 877/877/877 876/876/876
f 876/876/876 877/877/877 878/878/878
f 877/877/877 879/879/879 878/878/878
f 878/878/878 879/879/879 880/880/880
f 879/879/879 881/881/881 880/880/880
f 880/880/880 881/881/881 882/882/882
f 881/881/881 883/883/883 882/882/882
f 882/882/882 883/883/883 884/884/884
f 883/883/883 885/885/885 884/884/884
f 884/884/884 885/885/885 886/886/886
f 885/885/885 887/887/887 886/886/886
f 886/886/886 887/887/887 888/888/888
f 887/887/887 889/889/889 888/888/888
f 888/888/888 889/889/889 890/890/890
f 889/889/889 891/891/891 890/890/890
f 890/890/890 891/891/891 892/892/892
f 891/891/891 893/893/893 892/892/892
f 892/892/892 893/893/893 894/894/894
f 893/893/893 895/895/895 894/894/894
f 894/894/894 895/895/895 896/896/896
f 895/895/895 897/897/897 896/896/896
f 896/896/896 897/897/897 898/898/898
f 897/897/897 899/899/899 898/898/898
f 898/898/898 899/899/899 900/900/900
f 899/899/899 901/901/901 900/900/900
f 900/900/900 901/901/901 902/902/902
f 901/901/901 903/903/903 902/902/902
f 902/902/902 903/903/903 904/904/904
f 903/903/903 905/905/905 904/904/904
f 904/904/904 905/905/905 906/906/906
f 905/905/905 907/907/907 906/906/906
f 906/906/906 907/907/907 908/908/908
f 907/907/907 909/909/909 908/908/908
f 908/908/908 909/909/909 910/910/910
f 909/909/909 911/911/911 910/910/910
f 910/910/910 911/911/911 912/912/912
f 911/911/911 913/913/913 912/912/912
f 912/912/912 913/913/913 914/914/914
f 913/913/913 915/915/915 914/914/914
f 914/914/914 915/915/915 916/916/916
f 915/915/915 917/917/917 916/916/916
f 916/916/916 917/917/917 918/918/918
f 917/917/917 919/919/919 918/918/918
f 918/918/918 919/919/919 920/920/920
f 919/919/919 921/921/921 920/920/920
f 920/920/920 921/921/921 922/922/922
f 921/921/921 923/923/923 922/922/922
f 922/922/922 923/923/923 924/924/924
f 923/923/923 925/925/925 924/924/924
f 924/924/924 925/925/925 926/926/926
f 925/925/925 927/927/927 926/926/926
f 926/926/926 927/927/927 928/928/928
f 927/927/927 929/929/929 928/928/928
f 928/928/928 929/929/929 930/930/930
f 929/929/929 931/931/931 930/930/930
f 930/930/930 931/931/931 932/932/932
f 931/931/931 933/933/933 932/932/932
f 932/932/932 933/933/933 934/934/934
f 933/933/933 935/935/935 934/934/934
f 934/934/934 935/935/935 936/936/936
f 935/935/935 937/937/937 936/936/936
f 936/936/936 937/937/937 938/938/938
f 937/937/937 939/939/939 938/938/938
f 938/938/938 939/939/939 940/940/940
f 939/939/939 941/941/941 940/940/940
f 940/940/940 941/941/941 942/942/942
f 941/941/941 943/943/943 942/942/942
f 942/942/942 943/943/943 944/944/944
f 943/943/943 945/945/945 944/944/944
f 944/944/944 945/945/945 946/946/946
f 945/945/945 947/947/947 946/946/946
f 946/946/946 947/947/947 948/948/948
f 947/947/947 949/949/949 948/948/948
f 948/948/948 949/949/949 950/950/950
f 949/949/949 951/951/951 950/950/950
f 950/950/950 951/951/951 952/952/952
f 951/951/951 953/953/953 952/952/952
f 952/952/952 953/953/953 954/954/954
f 953/953/953 955/955/955 954/954/954
f 954/954/954 955/955/955 956/956/956
f 955/955/955 957/957/957 956/956/956
f 956/956/956 957/957/957 958/958/958
f 957/957/957 959/959/959 958/958/958
f 958/958/958 959/959/959 960/960/960
f 959/959/959 961/961/961 960/960/960
f 960/960/960 961/961/961 962/962/962
f 961/961/961 963/963/963 962/962/962
f 962/962/962 963/963/963 964/964/964
f 963/963/963 965/965/965 964/964/964
f 964/964/964 965/965/965 966/966/966
f 965/965/965 967/967/967 966/966/966
f 966/966/966 967/967/967 968/968/968
f 967/967/967 969/969/969 968/968/968
f 968/968/968 969/969/969 970/970/970
f 969/969/969 971/971/971 970/970/970
f 970/970/970 971/971/971 972/972/972
f 971/971/971 973/973/973 972/972/972
f 972/972/972 973/973/973 974/974/974
f 973/973/973 975/975/975 974/974/974
f 974/974/974 975/975/975 976/976/976
f 975/975/975 977/977/977 976/976/976
f 976/976/976 977/977/977 978/978/978
f 977/977/977 979/979/979 978/978/978
f 978/978/978 979/979/979 980/980/980
f 979/979/979 981/981/981 980/980/980
f 980/980/980 981/981/981 982/982/982
f 981/981/981 983/983/983 982/982/982
f 982/982/982 983/983/983 984/984/984
f 983/983/983 985/985/985 984/984/984
f 984/984/984 985/985/985 986/986/986
f 985/985/985 987/987/987 986/986/986
f 986/986/986 987/987/987 988/988/988
f 987/987/987 989/989/989 988/988/988
f 988/988/988 989/989/989 990/990/990
f 989/989/989 991/991/991 990/990/990
f 990/990/990 991/991/991 992/992/992
f 991/991/991 993/993/993 992/992/992
f 992/992/992 993/993/993 994/994/994
f 993/993/993 995/995/995 994/994/994
f 994/994/994 995/995/995 996/996/996
f 995/995/995 997/997/997 996/996/996
f 996/996/996 997/997/997 998/998/998
f 997/997/997 999/999/999 998/998/998
f 998/998/998 999/999/999 1000/1000/1000
f 999/999/999 1001/1001/1001 1000/1000/1000
f 1000/1000/1000 1001/1001/1001 1002/1002/1002
f 1001/1001/1001 1003/1003/1003 1002/1002/1002
f 1002/1002/1002 1003/1003/1003 1004/1004/1004
f 1003/1003/1003 1005/1005/1005 1004/1004/1004
f 1004/1004/1004 1005/1005/1005 1006/1006/1006
f 1005/1005/1005 1007/1007/1007 1006/1006/1006
f 1006/1006/1006 1007/1007/1007 1008/1008/1008
f 1007/1007/1007 1009/1009/1009 1008/1008/1008
f 1008/1008/1008 1009/1009/1009 1010/1010/1010
f 1009/1009/1009 1011/1011/1011 1010/1010/1010
f 1010/1010/1010 1011/1011/1011 1012/1012/1012
f 1011/1011/1011 1013/1013/1013 1012/1012/1012
f 1012/1012/1012 1013/1013/1013 1014/1014/1014
f 1013/1013/1013 1015/1015/1015 1014/1014/1014
f 1014/1014/1014 1015/1015/1015 1016/1016/1016
f 1015/1015/1015 1017/1017/1017 1016/1016/1016
f 1016/1016/1016 1017/1017/1017 1018/1018/1018
f 1017/1017/1017 1019/1019/1019 1018/1018/1018
f 1018/1018/1018 1019/1019/1019 1020/1020/1020
f 1019/1019/1019 1021/1021/1021 1020/1020/1020
f 1020/1020/1020 1021/1021/1021 1022/1022/1022
f 1021/1021/1021 1023/1023/1023 1022/1022/1022
f 1022/1022/1022 1023/1023/1023 1024/1024/1024
f 1023/1023/1023 1025/1025/1025 1024/1024/1024
f 1024/1024/1024 1025/1025/1025 1026/1026/1026
f 1025/1025/1025 1027/1027/1027 1026/1026/1026
f 1026/1026/1026 1027/1027/1027 1028/1028/1028
f 1027/1027/1027 1029/1029/1029 1028/1028/1028
f 1028/1028/1028 1029/1029/1029 1030/1030/1030
f 1029/1029/1029 1031/1031/1031 1030/1030/1030
f 1030/1030/1030 1031/1031/1031 1032/1032/1032
f 1031/1031/1031 1033/1033/1033 1032/1032/1032
f 1032/1032/1032 1033/1033/1033 1034/1034/1034
f 1033/1033/1033 1035/1035/1035 1034/1034/1034
f 1034/1034/1034 1035/1035/1035 1036/1036/1036
f 1035/1035/1035 1037/1037/1037 1036/1036/1036
f 1036/1036/1036 1037/1037/1037 1038/1038/1038
f 1037/1037/1037 1039/1039/1039 1038/1038/1038
f 1038/1038/1038 1039/1039/1039 1040/1040/1040
f 1039/1039/1039 1041/1041/1041 1040/1040/1040
f 1040/1040/1040 1041/1041/1041 1042/1042/1042
f 1041/1041/1041 1043/1043/1043 1042/1042/1042
f 1042/1042/1042 1043/1043/1043 1044/1044/1044
f 1043/1043/1043 1045/1045/1045 1044/1044/1044
f 1044/1044/1044 1045/1045/1045 1046/1046/1046
f 1045/1045/1045 1047/1047/1047 1046/1046/1046
f 1046/1046/1046 1047/1047/1047 1048/1048/1048
f 1047/1047/1047 1049/1049/1049 1048/1048/1048
f 1048/1048/1048 1049/1049/1049 1050/1050/1050
f 1049/1049/1049 1051/1051/1051 1050/1050/1050
f 1050/1050/1050 1051/1051/1051 1052/1052/1052
f 1051/1051/1051 1053/1053/1053 1052/1052/1052
f 1052/1052/1052 1053/1053/1053 1054/1054/1054
f 1053/1053/1053 1055/1055/1055 1054/1054/1054
f 1054/1054/1054 1055/1055/1055 1056/1056/1056
f 1055/1055/1055 1057/1057/1057 1056/1056/1056
f 1056/1056/1056 1057/1057/1057 1058/1058/1058
f 1057/1057/1057 1059/1059/1059 1058/1058/1058
f 1058/1058/1058 1059/1059/1059 1060/1060/1060
f 1059/1059/1059 1061/1061/1061 1060/1060/1060
f 1060/1060/1060 1061/1061/1061 1062/1062/1062
f 1061/1061/1061 1063/1063/1063 1062/1062/1062
f 1062/1062/1062 1063/1063/1063 1064/1064/1064
f 1063/1063/1063 1065/1065/1065 1064/1064/1064
f 1064/1064/1064 1065/1065/1065 1066/1066/1066
f 1065/1065/1065 1067/1067/1067 1066/1066/1066
f 1066/1066/1066 1067/1067/1067 1068/1068/1068
f 1067/1067/1067 1069/1069/1069 1068/1068/1068
f 1068/1068/1068 1069/1069/1069 1070/1070/1070
f 1069/1069/1069 1071/1071/1071 1070/1070/1070
f 1070/1070/1070 1071/1071/1071 1072/1072/1072
f 1071/1071/1071 1073/1073/1073 1072/1072/1072
f 1072/1072/1072 1073/1073/1073 1074/1074/1074
f 1073/1073/1073 1075/1075/1075 1074/1074/1074
f 1074/1074/1074 1075/1075/1075 1076/1076/1076
f 1075/1075/1075 1077/1077/1077 1076/1076/1076
f 1076/1076/1076 1077/1077/1077 1078/1078/1078
f 1077/1077/1077 1079/1079/1079 1078/1078/1078
f 1078/1078/1078 1079/1079/1079 1080/1080/1080
f 1079/1079/1079 1081/1081/1081 1080/1080/1080
f 1080/1080/1080 1081/1081/1081 1082/1082/1082
f 1081/1081/1081 1083/1083/1083 1082/1082/1082
f 1082/1082/1082 1083/1083/1083 1084/1084/1084
f 1083/1083/1083 1085/1085/1085 1084/1084/1084
f 1084/1084/1084 1085/1085/1085 1086/1086/1086
f 1085/1085/1085 1087/1087/1087 1086/1086/1086
f 1086/1086/1086 1087/1087/1087 1088/1088/1088
f 1087/1087/1087 1089/1089/1089 1088/1088/1088
f 1088/1088/1088 1089/1089/1089 1090/1090/1090
f 1089/1089/1089 1091/1091/1091 1090/1090/1090
f 1090/1090/1090 1091/1091/1091 1092/1092/1092
f 1091/1091/1091 1093/1093/1093 1092/1092/1092
f 1092/1092/1092 1093/1093/1093 1094/1094/1094
f 1093/1093/1093 1095/1095/1095 1094/1094/1094
f 1094/1094/1094 1095/1095/1095 1096/1096/1096
f 1095/1095/1095 1097/1097/1097 1096/1096/1096
f 1096/1096/1096 1097/1097/1097 1098/1098/1098
f 1097/1097/1097 1099/1099/1099 1098/1098/1098
f 1098/1098/1098 1099/1099/1099 1100/1100/1100
f 1099/1099/1099 1101/1101/1101 1100/1100/1100
f 1100/1100/1100 1101/1101/1101 1102/1102/1102
f 1101/1101/1101 1103/1103/1103 1102/1102/1102
f 1102/1102/1102 1103/1103/1103 1104/1104/1104
f 1103/1103/1103 1105/1105/1105 1104/1104/1104
f 1104/1104/1104 1105/1105/1105 1106/1106/1106
f 1105/1105/1105 1107/1107/1107 1106/1106/1106
f 1106/1106/1106 1107/1107/1107 1108/1108/1108
f 1107/1107/1107 1109/1109/1109 1108/1108/1108
f 1108/1108/1108 1109/1109/1109 1110/1110/1110
f 1109/1109/1109 1111/1111/1111 1110/1110/1110
f 1110/1110/1110 1111/1111/1111 1112/1112/1112
f 1111/1111/1111 1113/1113/1113 1112/1112/1112
f 1112/1112/1112 1113/1113/1113 1114/1114/1114
f 1113/1113/1113 1115/1115/1115 1114/1114/1114
f 1114/1114/1114 1115/1115/1115 1116/1116/1116
f 1115/1115/1115 1117/1117/1117 1116/1116/1116
f 1116/1116/1116 1117/1117/1117 1118/1118/1118
f 1117/1117/1117 1119/1119/1119 1118/1118/1118
f 1118/1118/1118 1119/1119/1119 1120/1120/1120
f 1119/1119/1119 1121/1121/1121 1120/1120/1120
f 1120/1120/1120 1121/1121/1121 1122/1122/1122
f 1121/1121/1121 1123/1123/1123 1122/1122/1122
f 1122/1122/1122 1123/1123/1123 1124/1124/1124
f 1123/1123/1123 1125/1125/1125 1124/1124/1124
f 1124/1124/1124 1125/1125/1125 1126/1126/1126
f 1125/1125/1125 1127/1127/1127 1126/1126/1126
f 1126/1126/1126 1127/1127/1127 1128/1128/1128
f 1127/1127/1127 1129/1129/1129 1128/1128/1128
f 1128/1128/1128 1129/1129/1129 1130/1130/1130
f 1129/1129/1129 1131/1131/1131 1130/1130/1130
f 1130/1130/1130 1131/1131/1131 1132/1132/1132
f 1131/1131/1131 1133/1133/1133 1132/1132/1132
f 1132/1132/1132 1133/1133/1133 1134/1134/1134
f 1133/1133/1133 1135/1135/1135 1134/1134/1134
f 1134/1134/1134 1135/1135/1135 1136/1136/1136
f 1135/1135/1135 1137/1137/1137 1136/1136/1136
f 1136/1136/1136 1137/1137/1137 1138/1138/1138
f 1137/1137/1137 1139/1139/1139 1138/1138/1138
f 1138/1138/1138 1139/1139/1139 1140/1140/1140
f 1139/1139/1139 1141/1141/1141 1140/1140/1140
f 1140/1140/1140 1141/1141/1141 1142/1142/1142
f 1141/1141/1141 1143/1143/1143 1142/1142/1142
f 1142/1142/1142 1143/1143/1143 1144/1144/1144
f 1143/1143/1143 1145/1145/1145 1144/1144/1144
f 1144/1144/1144 1145/1145/1145 1146/1146/1146
f 1145/1145/1145 1147/1147/1147 1146/1146/1146
f 1146/1146/1146 1147/1147/1147 1148/1148/1148
f 1147/1147/1147 1149/1149/1149 1148/1148/1148
f 1148/1148/1148 1149/1149/1149 1150/1150/1150
f 1149/1149/1149 1151/1151/1151 1150/1150/1150
f 1150/1150/1150 1151/1151/1151 1152/1152/1152
f 1151/1151/1151 1153/1153/1153 1152/1152/1152
f 1152/1152/1152 1153/1153/1153 1154/1154/1154
f 1153/1153/1153 1155/1155/1155 1154/1154/1154
f 1154/1154/1154 1155/1155/1155 1156/1156/1156
f 1155/1155/1155 1157/1157/1157 1156/1156/1156
f 1156/1156/1156 1157/1157/1157 1158/1158/1158
f 1157/1157/1157 1159/1159/1159 1158/1158/1158
f 1158/1158/1158 1159/1159/1159 1160/1160/1160
f 1159/1159/1159 1161/1161/1161 1160/1160/1160
f 1160/1160/1160 1161/1161/1161 1162/1162/1162
f 1161/1161/1161 1163/1163/1163 1162/1162/1162
f 1162/1162/1162 1163/1163/1163 1164/1164/1164
f 1163/1163/1163 1165/1165/1165 1164/1164/1164
f 1164/1164/1164 1165/1165/1165 1166/1166/1166
f 1165/1165/1165 1167/1167/1167 1166/1166/1166
f 1166/1166/1166 1167/1167/1167 1168/1168/1168
f 1167/1167/1167 1169/1169/1169 1168/1168/1168
f 1168/1168/1168 1169/1169/1169 1170/1170/1170
f 1169/1169/1169 1171/1171/1171 1170/1170/1170
f 1170/1170/1170 1171/1171/1171 1172/1172/1172
f 1171/1171/1171 1173/1173/1173 1172/1172/1172
f 1172/1172/1172 1173/1173/1173 1174/1174/1174
f 1173/1173/1173 1175/1175/1175 1174/1174/1174
f 1174/1174/1174 1175/1175/1175 1176/1176/1176
f 1175/1175/1175 1177/1177/1177 1176/1176/1176
f 1176/1176/1176 1177/1177/1177 1178/1178/1178
f 1177/1177/1177 1179/1179/1179 1178/1178/1178
f 1178/1178/1178 1179/1179/1179 1180/1180/1180
f 1179/1179/1179 1181/1181/1181 1180/1180/1180
f 1180/1180/1180 1181/1181/1181 1182/1182/1182
f 1181/1181/1181 1183/1183/1183 1182/1182/1182
f 1182/1182/1182 1183/1183/1183 1184/1184/1184
f 1183/1183/1183 1185/1185/1185 1184/1184/1184
f 1184/1184/1184 1185/1185/1185 1186/1186/1186
f 1185/1185/1185 1187/1187/1187 1186/1186/1186
f 1186/1186/1186 1187/1187/1187 1188/1188/1188
f 1187/1187/1187 1189/1189/1189 1188/1188/1188
f 1188/1188/1188 1189/1189/1189 1190/1190/1190
f 1189/1189/1189 1191/1191/1191 1190/1190/1190
f 1190/1190/1190 1191/1191/1191 1192/1192/1192
f 1191/1191/1191 1193/1193/1193 1192/1192/1192
f 1192/1192/1192 1193/1193/1193 1194/1194/1194
f 1193/1193/1193 1195/1195/1195 1194/1194/1194
f 1194/1194/1194 1195/1195/1195 1196/1196/1196
f 1195/1195/1195 1197/1197/1197 1196/1196/1196
f 1196/1196/1196 1197/1197/1197 1198/1198/1198
f 1197/1197/1197 1199/1199/1199 1198/1198/1198
f 1198/1198/1198 1199/1199/1199 1200/1200/1200
f 1199/1199/1199 1201/1201/1201 1200/1200/1200
f 1200/1200/1200 1201/1201/1201 1202/1202/1202
f 1201/1201/1201 1203/1203/1203 1202/1202/1202
f 1202/1202/1202 1203/1203/1203 1204/1204/1204
f 1203/1203/1203 1205/1205/1205 1204/1204/1204
f 1204/1204/1204 1205/1205/1205 1206/1206/1206
f 1205/1205/1205 1207/1207/1207 1206/1206/1206
f 1206/1206/1206 1207/1207/1207 1208/1208/1208
f 1207/1207/1207 1209/1209/1209 1208/1208/1208
f 1208/1208/1208 1209/1209/1209 1210/1210/1210
f 1209/1209/1209 1211/1211/1211 1210/1210/1210
f 1210/1210/1210 1211/1211/1211 1212/1212/1212
f 1211/1211/1211 1213/1213/1213 1212/1212/1212
f 1212/1212/1212 1213/1213/1213 1214/1214/1214
f 1213/1213/1213 1215/1215/1215 1214/1214/1214
f 1214/1214/1214 1215/1215/1215 1216/1216/1216
f 1215/1215/1215 1217/1217/1217 1216/1216/1216
f 1216/1216/1216 1217/1217/1217 1218/1218/1218
f 1217/1217/1217 1219/1219/1219 1218/1218/1218
f 1218/1218/1218 1219/1219/1219 1220/1220/1220
f 1219/1219/1219 1221/1221/1221 1220/1220/1220
f 1220/1220/1220 1221/1221/1221 1222/1222/1222
f 1221/1221/1221 1223/1223/1223 1222/1222/1222
f 1222/1222/1222 1223/1223/1223 1224/1224/1224
f 1223/1223/1223 1225/1225/1225 1224/1224/1224
f 1224/1224/1224 1225/1225/1225 1226/1226/1226
f 1225/1225/1225 1227/1227/1227 1226/1226/1226
f 1226/1226/1226 1227/1227/1227 1228/1228/1228
f 1227/1227/1227 1229/1229/1229 1228/1228/1228
f 1228/1228/1228 1229/1229/1229 1230/1230/1230
f 1229/1229/1229 1231/1231/1231 1230/1230/1230
f 1230/1230/1230 1231/1231/1231 1232/1232/1232
f 1231/1231/1231 1233/1233/1233 1232/1232/1232
f 1232/1232/1232 1233/1233/1233 1234/1234/1234
f 1233/1233/1233 1235/1235/1235 1234/1234/1234
f 1234/1234/1234 1235/1235/1235 1236/1236/1236
f 1235/1235/1235 1237/1237/1237 1236/1236/1236
f 1236/1236/1236 1237/1237/1237 1238/1238/1238
f 1237/1237/1237 1239/1239/1239 1238/1238/1238
f 1238/1238/1238 1239/1239/1239 1240/1240/1240
f 1239/1239/1239 1241/1241/1241 1240/1240/1240
f 1240/1240/1240 1241/1241/1241 1242/1242/1242
f 1241/1241/1241 1243/1243/1243 1242/1242/1242
f 1242/1242/1242 1243/1243/1243 1244/1244/1244
f 1243/1243/1243 1245/1245/1245 1244/1244/1244
f 1244/1244/1244 1245/1245/1245 1246/1246/1246
f 1245/1245/1245 1247/1247/1247 1246/1246/1246
f 1246/1246/1246 1247/1247/1247 1248/1248/1248
f 1247/1247/1247 1249/1249/1249 1248/1248/1248
f 1248/1248/1248 1249/1249/1249 1250/1250/1250
f 1249/1249/1249 1251/1251/1251 1250/1250/1250
f 1250/1250/1250 1251/1251/1251 1252/1252/1252
f 1251/1251/1251 1253/1253/1253 1252/1252/1252
f 1252/1252/1252 1253/1253/1253 1254/1254/1254
f 1253/1253/1253 1255/1255/1255 1254/1254/1254
f 1254/1254/1254 1255/1255/1255 1256/1256/1256
f 1255/1255/1255 1257/1257/1257 1256/1256/1256
f 1256/1256/1256 1257/1257/1257 1258/1258/1258
f 1257/1257/1257 1259/1259/1259 1258/1258/1258
f 1258/1258/1258 1259/1259/1259 1260/1260/1260
f 1259/1259/1259 1261/1261/1261 1260/1260/1260
f 1260/1260/1260 1261/1261/1261 1262/1262/1262
f 1261/1261/1261 1263/1263/1263 1262/1262/1262
f 1262/1262/1262 1263/1263/1263 1264/1264/1264
f 1263/1263/1263 1265/1265/1265 1264/1264/1264
f 1264/1264/1264 1265/1265/1265 1266/1266/1266
f 1265/1265/1265 1267/1267/1267 1266/1266/1266
f 1266/1266/1266 1267/1267/1267 1268/1268/1268
f 1267/1267/1267 1269/1269/1269 1268/1268/1268
f 1268/1268/1268 1269/1269/1269 1270/1270/1270
f 1269/1269/1269 1271/1271/1271 1270/1270/1270
f 1270/1270/1270 1271/1271/1271 1272/1272/1272
f 1271/1271/1271 1273/1273/1273 1272/1272/1272
f 1272/1272/1272 1273/1273/1273 1274/1274/1274
f 1273/1273/1273 1275/1275/1275 1274/1274/1274
f 1274/1274/1274 1275/1275/1275 1276/1276/1276
f 1275/1275/1275 1277/1277/1277 1276/1276/1276
f 1276/1276/1276 1277/1277/1277 1278/1278/1278
f 1277/1277/1277 1279/1279/1279 1278/1278/1278
f 1278/1278/1278 1279/1279/1279 1280/1280/1280
f 1279/1279/1279 1281/1281/1281 1280/1280/1280
f 1280/1280/1280 1281/1281/1281 1282/1282/1282
f 1281/1281/1281 1283/1283/1283 1282/1282/1282
f 1282/1282/1282 1283/1283/1283 1284/1284/1284
f 1283/1283/1283 1285/1285/1285 1284/1284/1284
f 1284/1284/1284 1285/1285/1285 1286/1286/1286
f 1285/1285/1285 1287/1287/1287 1286/1286/1286
f 1286/1286/1286 1287/1287/1287 1288/1288/1288
f 1287/1287/1287 1289/1289/1289 1288/1288/1288
f 1288/1288/1288 1289/1289/1289 1290/1290/1290
f 1289/1289/1289 1291/1291/1291 1290/1290/1290
f 1290/1290/1290 1291/1291/1291 1292/1292/1292
f 1291/1291/1291 1293/1293/1293 1292/1292/1292
f 1292/1292/1292 1293/1293/1293 1294/1294/1294
f 1293/1293/1293 1295/1295/1295 1294/1294/1294
f 1294/1294/1294 1295/1295/1295 1296/1296/1296
f 1295/1295/1295 1297/1297/1297 1296/1296/1296
f 1296/1296/1296 1297/1297/1297 1298/1298/1298
f 1297/1297/1297 1299/1299/1299 1298/1298/1298
f 1298/1298/1298 1299/1299/1299 1300/1300/1300
f 1299/1299/1299 1301/1301/1301 1300/1300/1300
f 1300/1300/1300 1301/1301/1301 1302/1302/1302
f 1301/1301/1301 1303/1303/1303 1302/1302/1302
f 1302/1302/1302 1303/1303/1303 1304/1304/1304
f 1303/1303/1303 1305/1305/1305 1304/1304/1304
f 1304/1304/1304 1305/1305/1305 1306/1306/1306
f 1305/1305/1305 1307/1307/1307 1306/1306/1306
f 1306/1306/1306 1307/1307/1307 1308/1308/1308
f 1307/1307/1307 1309/1309/1309 1308/1308/1308
f 1308/1308/1308 1309/1309/1309 1310/1310/1310
f 1309/1309/1309 1311/1311/1311 1310/1310/1310
f 1310/1310/1310 1311/1311/1311 1312/1312/1312
f 1311/1311/1311 1313/1313/1313 1312/1312/1312
f 1312/1312/1312 1313/1313/1313 1314/1314/1314
f 1313/1313/1313 1315/1315/1315 1314/1314/1314
f 1314/1314/1314 1315/1315/1315 1316/1316/1316
f 1315/1315/1315 1317/1317/1317 1316/1316/1316
f 1316/1316/1316 1317/1317/1317 1318/1318/1318
f 1317/1317/1317 1319/1319/1319 1318/1318/1318
f 1318/1318/1318 1319/1319/1319 1320/1320/1320
f 1319/1319/1319 1321/1321/1321 1320/1320/1320
f 1320/1320/1320 1321/1321/1321 1322/1322/1322
f 1321/1321/1321 1323/1323/1323 1322/1322/1322
f 1322/1322/1322 1323/1323/1323 1324/1324/1324
f 1323/1323/1323 1325/1325/1325 1324/1324/1324
f 1324/1324/1324 1325/1325/1325 1326/1326/1326
f 1325/1325/1325 1327/1327/1327 1326/1326/1326
f 1326/1326/1326 1327/1327/1327 1328/1328/1328
f 1327/1327/1327 1329/1329/1329 1328/1328/1328
f 1328/1328/1328 1329/1329/1329 1330/1330/1330
f 1329/1329/1329 1331/1331/1331 1330/1330/1330
f 1330/1330/1330 1331/1331/1331 1332/1332/1332
f 1331/1331/1331 1333/1333/1333 1332/1332/1332
f 1332/1332/1332 1333/1333/1333 1334/1334/1334
f 1333/1333/1333 1335/1335/1335 1334/1334/1334
f 1334/1334/1334 1335/1335/1335 1336/1336/1336
f 1335/1335/1335 1337/1337/1337 1336/1336/1336
f 1336/1336/1336 1337/1337/1337 1338/1338/1338
f 1337/1337/1337 1339/1339/1339 1338/1338/1338
f 1338/1338/1338 1339/1339/1339 1340/1340/1340
f 1339/1339/1339 1341/1341/1341 1340/1340/1340
f 1340/1340/1340 1341/1341/1341 1342/1342/1342
f 1341/1341/1341 1343/1343/1343 1342/1342/1342
f 1342/1342/1342 1343/1343/1343 1344/1344/1344
f 1343/1343/1343 1345/1345/1345 1344/1344/1344
f 1344/1344/1344 1345/1345/1345 1346/1346/1346
f 1345/1345/1345 1347/1347/1347 1346/1346/1346
f 1346/1346/1346 1347/1347/1347 1348/1348/1348
f 1347/1347/1347 1349/1349/1349 1348/1348/1348
f 1348/1348/1348 1349/1349/1349 1350/1350/1350
f 1349/1349/1349 1351/1351/1351 1350/1350/1350
f 1350/1350/1350 1351/1351/1351 1352/1352/1352
f 1351/1351/1351 1353/1353/1353 1352/1352/1352
f 1352/1352/1352 1353/1353/1353 1354/1354/1354
f 1353/1353/1353 1355/1355/1355 1354/1354/1354
f 1354/1354/1354 1355/1355/1355 1356/1356/1356
f 1355/1355/1355 1357/1357/1357 1356/1356/1356
f 1356/1356/1356 1357/1357/1357 1358/1358/1358
f 1357/1357/1357 1359/1359/1359 1358/1358/1358
f 1358/1358/1358 1359/1359/1359 1360/1360/1360
f 1359/1359/1359 1361/1361/1361 1360/1360/1360
f 1360/1360/1360 1361/1361/1361 1362/1362/1362
f 1361/1361/1361 1363/1363/1363 1362/1362/1362
f 1362/1362/1362 1363/1363/1363 1364/1364/1364
f 1363/1363/1363 1365/1365/1365 1364/1364/1364
f 1364/1364/1364 1365/1365/1365 1366/1366/1366
f 1365/1365/1365 1367/1367/1367 1366/1366/1366
f 1366/1366/1366 1367/1367/1367 1368/1368/1368
f 1367/1367/1367 1369/1369/1369 1368/1368/1368
f 1368/1368/1368 1369/1369/1369 1370/1370/1370
f 1369/1369/1369 1371/1371/1371 1370/1370/1370
f 1370/1370/1370 1371/1371/1371 1372/1372/1372
f 1371/1371/1371 1373/1373/1373 1372/1372/1372
f 1372/1372/1372 1373/1373/1373 1374/1374/1374
f 1373/1373/1373 1375/1375/1375 1374/1374/1374
f 1374/1374/1374 1375/1375/1375 1376/1376/1376
f 1375/1375/1375 1377/1377/1377 1376/1376/1376
f 1376/1376/1376 1377/1377/1377 1378/1378/1378
f 1377/1377/1377 1379/1379/1379 1378/1378/1378
f 1378/1378/1378 1379/1379/1379 1380/1380/1380
f 1379/1379/1379 1381/1381/1381 1380/1380/1380
f 1380/1380/1380 1381/1381/1381 1382/1382/1382
f 1381/1381/1381 1383/1383/1383 1382/1382/1382
f 1382/1382/1382 1383/1383/1383 1384/1384/1384
f 1383/1383/1383 1385/1385/1385 1384/1384/1384
f 1384/1384/1384 1385/1385/1385 1386/1386/1386
f 1385/1385/1385 1387/1387/1387 1386/1386/1386
f 1386/1386/1386 1387/1387/1387 1388/1388/1388
f 1387/1387/1387 1389/1389/1389 1388/1388/1388
f 1388/1388/1388 1389/1389/1389 1390/1390/1390
f 1389/1389/1389 1391/1391/1391 1390/1390/1390
f 1390/1390/1390 1391/1391/1391 1392/1392/1392
f 1391/1391/1391 1393/1393/1393 1392/1392/1392
f 1392/1392/1392 1393/1393/1393 1394/1394/1394
f 1393/1393/1393 1395/1395/1395 1394/1394/1394
f 1394/1394/1394 1395/1395/1395 1396/1396/1396
f 1395/1395/1395 1397/1397/1397 1396/1396/1396
f 1396/1396/1396 1397/1397/1397 1398/1398/1398
f 1397/1397/1397 1399/1399/1399 1398/1398/1398
f 1398/1398/1398 1399/1399/1399 1400/1400/1400
f 1399/1399/1399 1401/1401/1401 1400/1400/1400
f 1400/1400/1400 1401/1401/1401 1402/1402/1402
f 1401/1401/1401 1403/1403/1403 1402/1402/1402
f 1402/1402/1402 1403/1403/1403 1404/1404/1404
f 1403/1403/1403 1405/1405/1405 1404/1404/1404
f 1404/1404/1404 1405/1405/1405 1406/1406/1406
f 1405/1405/1405 1407/1407/1407 1406/1406/1406
f 1406/1406/1406 1407/1407/1407 1408/1408/1408
f 1407/1407/1407 1409/1409/1409 1408/1408/1408
f 1408/1408/1408 1409/1409/1409 1410/1410/1410
f 1409/1409/1409 1411/1411/1411 1410/1410/1410
f 1410/1410/1410 1411/1411/1411 1412/1412/1412
f 1411/1411/1411 1413/1413/1413 1412/1412/1412
f 1412/1412/1412 1413/1413/1413 1414/1414/1414
f 1413/1413/1413 1415/1415/1415 1414/1414/1414
f 1414/1414/1414 1415/1415/1415 1416/1416/1416
f 1415/1415/1415 1417/1417/1417 1416/1416/1416
f 1416/1416/1416 1417/1417/1417 1418/1418/1418
f 1417/1417/1417 1419/1419/1419 1418/1418/1418
f 1418/1418/1418 1419/1419/1419 1420/1420/1420
f 1419/1419/1419 1421/1421/1421 1420/1420/1420
f 1420/1420/1420 1421/1421/1421 1422/1422/1422
f 1421/1421/1421 1423/1423/1423 1422/1422/1422
f 1422/1422/1422 1423/1423/1423 1424/1424/1424
f 1423/1423/1423 1425/1425/1425 1424/1424/1424
f 1424/1424/1424 1425/1425/1425 1426/1426/1426
f 1425/1425/1425 1427/1427/1427 1426/1426/1426
f 1426/1426/1426 1427/1427/1427 1428/1428/1428
f 1427/1427/1427 1429/1429/1429 1428/1428/1428
f 1428/1428/1428 1429/1429/1429 1430/1430/1430
f 1429/1429/1429 1431/1431/1431 1430/1430/1430
f 1430/1430/1430 1431/1431/1431 1432/1432/1432
f 1431/1431/1431 1433/1433/1433 1432/1432/1432
f 1432/1432/1432 1433/1433/1433 1434/1434/1434
f 1433/1433/1433 1435/1435/1435 1434/1434/1434
f 1434/1434/1434 1435/1435/1435 1436/1436/1436
f 1435/1435/1435 1437/1437/1437 1436/1436/1436
f 1436/1436/1436 1437/1437/1437 1438/1438/1438
f 1437/1437/1437 1439/1439/1439 1438/1438/1438
f 1438/1438/1438 1439/1439/1439 1440/1440/1440
f 1439/1439/1439 1441/1441/1441 1440/1440/1440
f 1440/1440/1440 1441/1441/1441 1442/1442/1442
f 1441/1441/1441 1443/1443/1443 1442/1442/1442
f 1442/1442/1442 1443/1443/1443 1444/1444/1444
f 1443/1443/1443 1445/1445/1445 1444/1444/1444
f 1444/1444/1444 1445/1445/1445 1446/1446/1446
f 1445/1445/1445 1447/1447/1447 1446/1446/1446
f 1446/1446/1446 1447/1447/1447 1448/1448/1448
f 1447/1447/1447 1449/1449/1449 1448/1448/1448
f 1448/1448/1448 1449/1449/1449 1450/1450/1450
f 1449/1449/1449 1451/1451/1451 1450/1450/1450
f 1450/1450/1450 1451/1451/1451 1452/1452/1452
f 1451/1451/1451 1453/1453/1453 1452/1452/1452
f 1452/1452/1452 1453/1453/1453 1454/1454/1454
f 1453/1453/1453 1455/1455/1455 1454/1454/1454
f 1454/1454/1454 1455/1455/1455 1456/1456/1456
f 1455/1455/1455 1457/1457/1457 1456/1456/1456
f 1456/1456/1456 1457/1457/1457 1458/1458/1458
f 1457/1457/1457 1459/1459/1459 1458/1458/1458
f 1458/1458/1458 1459/1459/1459 1460/1460/1460
f 1459/1459/1459 1461/1461/1461 1460/1460/1460
f 1460/1460/1460 1461/1461/1461 1462/1462/1462
f 1461/1461/1461 1463/1463/1463 1462/1462/1462
f 1462/1462/1462 1463/1463/1463 1464/1464/1464
f 1463/1463/1463 1465/1465/1465 1464/1464/1464
f 1464/1464/1464 1465/1465/1465 1466/1466/1466
f 1465/1465/1465 1467/1467/1467 1466/1466/1466
f 1466/1466/1466 1467/1467/1467 1468/1468/1468
f 1467/1467/1467 1469/1469/1469 1468/1468/1468
f 1468/1468/1468 1469/1469/1469 1470/1470/1470
f 1469/1469/1469 1471/1471/1471 1470/1470/1470
f 1470/1470/1470 1471/1471/1471 1472/1472/1472
f 1471/1471/1471 1473/1473/1473 1472/1472/1472
f 1472/1472/1472 1473/1473/1473 1474/1474/1474
f 1473/1473/1473 1475/1475/1475 1474/1474/1474
f 1474/1474/1474 1475/1475/1475 1476/1476/1476
f 1475/1475/1475 1477/1477/1477 1476/1476/1476
f 1476/1476/1476 1477/1477/1477 1478/1478/1478
f 1477/1477/1477 1479/1479/1479 1478/1478/1478
f 1478/1478/1478 1479/1479/1479 1480/1480/1480
f 1479/1479/1479 1481/1481/1481 1480/1480/1480
f 1480/1480/1480 1481/1481/1481 1482/1482/1482
f 1481/1481/1481 1483/1483/1483 1482/1482/1482
f 1482/1482/1482 1483/1483/1483 1484/1484/1484
f 1483/1483/1483 1485/1485/1485 1484/1484/1484
f 1484/1484/1484 1485/1485/1485 1486/1486/1486
f 1485/1485/1485 1487/1487/1487 1486/1486/1486
f 1486/1486/1486 1487/1487/1487 1488/1488/1488
f 1487/1487/1487 1489/1489/1489 1488/1488/1488
f 1488/1488/1488 1489/1489/1489 1490/1490/1490
f 1489/1489/1489 1491/1491/1491 1490/1490/1490
f 1490/1490/1490 1491/1491/1491 1492/1492/1492
f 1491/1491/1491 1493/1493/1493 1492/1492/1492
f 1492/1492/1492 1493/1493/1493 1494/1494/1494
f 1493/1493/1493 1495/1495/1495 1494/1494/1494
f 1494/1494/1494 1495/1495/1495 1496/1496/1496
f 1495/1495/1495 1497/1497/1497 1496/1496/1496
f 1496/1496/1496 1497/1497/1497 1498/1498/1498
f 1497/1497/1497 1499/1499/1499 1498/1498/1498
f 1498/1498/1498 1499/1499/1499 1500/1500/1500
f 1499/1499/1499 1501/1501/1501 1500/1500/1500
f 1500/1500/1500 1501/1501/1501 1502/1502/1502
f 1501/1501/1501 1503/1503/1503 1502/1502/1502
f 1502/1502/1502 1503/1503/1503 1504/1504/1504
f 1503/1503/1503 1505/1505/1505 1504/1504/1504
f 1504/1504/1504 1505/1505/1505 1506/1506/1506
f 1505/1505/1505 1507/1507/1507 1506/1506/1506
f 1506/1506/1506 1507/1507/1507 1508/1508/1508
f 1507/1507/1507 1509/1509/1509 1508/1508/1508
f 1508/1508/1508 1509/1509/1509 1510/1510/1510
f 1509/1509/1509 1511/1511/1511 1510/1510/1510
f 1510/1510/1510 1511/1511/1511 1512/1512/1512
f 1511/1511/1511 1513/1513/1513 1512/1512/1512
f 1512/1512/1512 1513/1513/1513 1514/1514/1514
f 1513/1513/1513 1515/1515/1515 1514/1514/1514
f 1514/1514/1514 1515/1515/1515 1516/1516/1516
f 1515/1515/1515 1517/1517/1517 1516/1516/1516
f 1516/1516/1516 1517/1517/1517 1518/1518/1518
f 1517/1517/1517 1519/1519/1519 1518/1518/1518
f 1518/1518/1518 1519/1519/1519 1520/1520/1520
f 1519/1519/1519 1521/1521/1521 1520/1520/1520
f 1520/1520/1520 1521/1521/1521 1522/1522/1522
f 1521/1521/1521 1523/1523/1523 1522/1522/1522
f 1522/1522/1522 1523/1523/1523 1524/1524/1524
f 1523/1523/1523 1525/1525/1525 1524/1524/1524
f 1524/1524/1524 1525/1525/1525 1526/1526/1526
f 1525/1525/1525 1527/1527/1527 1526/1526/1526
f 1526/1526/1526 1527/1527/1527 1528/1528/1528
f 1527/1527/1527 1529/1529/1529 1528/1528/1528
f 1528/1528/1528 1529/1529/1529 1530/1530/1530
f 1529/1529/1529 1531/1531/1531 1530/1530/1530
f 1530/1530/1530 1531/1531/1531 1532/1532/1532
f 1531/1531/1531 1533/1533/1533 1532/1532/1532
f 1532/1532/1532 1533/1533/1533 1534/1534/1534
f 1533/1533/1533 1535/1535/1535 1534/1534/1534
f 1534/1534/1534 1535/1535/1535 1536/1536/1536
f 1535/1535/1535 1537/1537/1537 1536/1536/1536
f 1536/1536/1536 1537/1537/1537 1538/1538/1538
f 1537/1537/1537 1539/1539/1539 1538/1538/1538
f 1538/1538/1538 1539/1539/1539 1540/1540/1540
f 1539/1539/1539 1541/1541/1541 1540/1540/1540
f 1540/1540/1540 1541/1541/1541 1542/1542/1542
f 1541/1541/1541 1543/1543/1543 1542/1542/1542
f 1542/1542/1542 1543/1543/1543 1544/1544/1544
f 1543/1543/1543 1545/1545/1545 1544/1544/1544
f 1544/1544/1544 1545/1545/1545 1546/1546/1546
f 1545/1545/1545 1547/1547/1547 1546/1546/1546
f 1546/1546/1546 1547/1547/1547 1548/1548/1548
f 1547/1547/1547 1549/1549/1549 1548/1548/1548
f 1548/1548/1548 1549/1549/1549 1550/1550/1550
f 1549/1549/1549 1551/1551/1551 1550/1550/1550
f 1550/1550/1550 1551/1551/1551 1552/1552/1552
f 1551/1551/1551 1553/1553/1553 1552/1552/1552
f 1552/1552/1552 1553/1553/1553 1554/1554/1554
f 1553/1553/1553 1555/1555/1555 1554/1554/1554
f 1554/1554/1554 1555/1555/1555 1556/1556/1556
f 1555/1555/1555 1557/1557/1557 1556/1556/1556
f 1556/1556/1556 1557/1557/1557 1558/1558/1558
f 1557/1557/1557 1559/1559/1559 1558/1558/1558
f 1558/1558/1558 1559/1559/1559 1560/1560/1560
f 1559/1559/1559 1561/1561/1561 1560/1560/1560
f 1560/1560/1560 1561/1561/1561 1562/1562/1562
f 1561/1561/1561 1563/1563/1563 1562/1562/1562
f 1562/1562/1562 1563/1563/1563 1564/1564/1564
f 1563/1563/1563 1565/1565/1565 1564/1564/1564
f 1564/1564/1564 1565/1565/1565 1566/1566/1566
f 1565/1565/1565 1567/1567/1567 1566/1566/1566
f 1566/1566/1566 1567/1567/1567 1568/1568/1568
f 1567/1567/1567 1569/1569/1569 1568/1568/1568
f 1568/1568/1568 1569/1569/1569 1570/1570/1570
f 1569/1569/1569 1571/1571/1571 1570/1570/1570
f 1570/1570/1570 1571/1571/1571 1572/1572/1572
f 1571/1571/1571 1573/1573/1573 1572/1572/1572
f 1572/1572/1572 1573/1573/1573 1574/1574/1574
f 1573/1573/1573 1575/1575/1575 1574/1574/1574
f 1574/1574/1574 1575/1575/1575 1576/1576/1576
f 1575/1575/1575 1577/1577/1577 1576/1576/1576
f 1576/1576/1576 1577/1577/1577 1578/1578/1578
f 1577/1577/1577 1579/1579/1579 1578/1578/1578
f 1578/1578/1578 1579/1579/1579 1580/1580/1580
f 1579/1579/1579 1581/1581/1581 1580/1580/1580
f 1580/1580/1580 1581/1581/1581 1582/1582/1582
f 1581/1581/1581 1583/1583/1583 1582/1582/1582
f 1582/1582/1582 1583/1583/1583 1584/1584/1584
f 1583/1583/1583 1585/1585/1585 1584/1584/1584
f 1584/1584/1584 1585/1585/1585 1586/1586/1586
f 1585/1585/1585 1587/1587/1587 1586/1586/1586
f 1586/1586/1586 1587/1587/1587 1588/1588/1588
f 1587/1587/1587 1589/1589/1589 1588/1588/1588
f 1588/1588/1588 1589/1589/1589 1590/1590/1590
f 1589/1589/1589 1591/1591/1591 1590/1590/1590
f 1590/1590/1590 1591/1591/1591 1592/1592/1592
f 1591/1591/1591 1593/1593/1593 1592/1592/1592
f 1592/1592/1592 1593/1593/1593 1594/1594/1594
f 1593/1593/1593 1595/1595/1595 1594/1594/1594
f 1594/1594/1594 1595/1595/1595 1596/1596/1596
f 1595/1595/1595 1597/1597/1597 1596/1596/1596
f 1596/1596/1596 1597/1597/1597 1598/1598/1598
f 1597/1597/1597 1599/1599/1599 1598/1598/1598
f 1598/1598/1598 1599/1599/1599 1600/1600/1600
f 1599/1599/1599 1601/1601/1601 1600/1600/1600
f 1600/1600/1600 1601/1601/1601 1602/1602/1602
f 1601/1601/1601 1603/1603/1603 1602/1602/1602
f 1602/1602/1602 1603/1603/1603 1604/1604/1604
f 1603/1603/1603 1605/1605/1605 1604/1604/1604
f 1604/1604/1604 1605/1605/1605 1606/1606/1606
f 1605/1605/1605 1607/1607/1607 1606/1606/1606
f 1606/1606/1606 1607/1607/1607 1608/1608/1608
f 1607/1607/1607 1609/1609/1609 1608/1608/1608
f 1608/1608/1608 1609/1609/1609 1610/1610/1610
f 1609/1609/1609 1611/1611/1611 1610/1610/1610
f 1610/1610/1610 1611/1611/1611 1612/1612/1612
f 1611/1611/1611 1613/1613/1613 1612/1612/1612
f 1612/1612/1612 1613/1613/1613 1614/1614/1614
f 1613/1613/1613 1615/1615/1615 1614/1614/1614
f 1614/1614/1614 1615/1615/1615 1616/1616/1616
f 1615/1615/1615 1617/1617/1617 1616/1616/1616
f 1616/1616/1616 1617/1617/1617 1618/1618/1618
f 1617/1617/1617 1619/1619/1619 1618/1618/1618
f 1618/1618/1618 1619/1619/1619 1620/1620/1620
f 1619/1619/1619 1621/1621/1621 1620/1620/1620
f 1620/1620/1620 1621/1621/1621 1622/1622/1622
f 1621/1621/1621 1623/1623/1623 1622/1622/1622
f 1622/1622/1622 1623/1623/1623 1624/1624/1624
f 1623/1623/1623 1625/1625/1625 1624/1624/1624
f 1624/1624/1624 1625/1625/1625 1626/1626/1626
f 1625/1625/1625 1627/1627/1627 1626/1626/1626
f 1626/1626/1626 1627/1627/1627 1628/1628/1628
f 1627/1627/1627 1629/1629/1629 1628/1628/1628
f 1628/1628/1628 1629/1629/1629 1630/1630/1630
f 1629/1629/1629 1631/1631/1631 1630/1630/1630
f 1630/1630/1630 1631/1631/1631 1632/1632/1632
f 1631/1631/1631 1633/1633/1633 1632/1632/1632
f 1632/1632/1632 1633/1633/1633 1634/1634/1634
f 1633/1633/1633 1635/1635/1635 1634/1634/1634
f 1634/1634/1634 1635/1635/1635 1636/1636/1636
f 1635/1635/1635 1637/1637/1637 1636/1636/1636
f 1636/1636/1636 1637/1637/1637 1638/1638/1638
f 1637/1637/1637 1639/1639/1639 1638/1638/1638
f 1638/1638/1638 1639/1639/1639 1640/1640/1640
f 1639/1639/1639 1641/1641/1641 1640/1640/1640
f 1640/1640/1640 1641/1641/1641 1642/1642/1642
f 1641/1641/1641 1643/1643/1643 1642/1642/1642
f 1642/1642/1642 1643/1643/1643 1644/1644/1644
f 1643/1643/1643 1645/1645/1645 1644/1644/1644
f 1644/1644/1644 1645/1645/1645 1646/1646/1646
f 1645/1645/1645 1647/1647/1647 1646/1646/1646
f 1646/1646/1646 1647/1647/1647 1648/1648/1648
f 1647/1647/1647 1649/1649/1649 1648/1648/1648
f 1648/1648/1648 1649/1649/1649 1650/1650/1650
f 1649/1649/1649 1651/1651/1651 1650/1650/1650
f 1650/1650/1650 1651/1651/1651 1652/1652/1652
f 1651/1651/1651 1653/1653/1653 1652/1652/1652
f 1652/1652/1652 1653/1653/1653 1654/1654/1654
f 1653/1653/1653 1655/1655/1655 1654/1654/1654
f 1654/1654/1654 1655/1655/1655 1656/1656/1656
f 1655/1655/1655 1657/1657/1657 1656/1656/1656
f 1656/1656/1656 1657/1657/1657 1658/1658/1658
f 1657/1657/1657 1659/1659/1659 1658/1658/1658
f 1658/1658/1658 1659/1659/1659 1660/1660/1660
f 1659/1659/1659 1661/1661/1661 1660/1660/1660
f 1660/1660/1660 1661/1661/1661 1662/1662/1662
f 1661/1661/1661 1663/1663/1663 1662/1662/1662
f 1662/1662/1662 1663/1663/1663 1664/1664/1664
f 1663/1663/1663 1665/1665/1665 1664/1664/1664
f 1664/1664/1664 1665/1665/1665 1666/1666/1666
f 1665/1665/1665 1667/1667/1667 1666/1666/1666
f 1666/1666/1666 1667/1667/1667 1668/1668/1668
f 1667/1667/1667 1669/1669/1669 1668/1668/1668
f 1668/1668/1668 1669/1669/1669 1670/1670/1670
f 1669/1669/1669 1671/1671/1671 1670/1670/1670
f 1670/1670/1670 1671/1671/1671 1672/1672/1672
f 1671/1671/1671 1673/1673/1673 1672/1672/1672
f 1672/1672/1672 1673/1673/1673 1674/1674/1674
f 1673/1673/1673 1675/1675/1675 1674/1674/1674
f 1674/1674/1674 1675/1675/1675 1676/1676/1676
f 1675/1675/1675 1677/1677/1677 1676/1676/1676
f 1676/1676/1676 1677/1677/1677 1678/1678/1678
f 1677/1677/1677 1679/1679/1679 1678/1678/1678
f 1678/1678/1678 1679/1679/1679 1680/1680/1680
f 1679/1679/1679 1681/1681/1681 1680/1680/1680
f 1680/1680/1680 1681/1681/1681 1682/1682/1682
f 1681/1681/1681 1683/1683/1683 1682/1682/1682
f 1682/1682/1682 1683/1683/1683 1684/1684/1684
f 1683/1683/1683 1685/1685/1685 1684/1684/1684
f 1684/1684/1684 1685/1685/1685 1686/1686/1686
f 1685/1685/1685 1687/1687/1687 1686/1686/1686
f 1686/1686/1686 1687/1687/1687 1688/1688/1688
f 1687/1687/1687 1689/1689/1689 1688/1688/1688
f 1688/1688/1688 1689/1689/1689 1690/1690/1690
f 1689/1689/1689 1691/1691/1691 1690/1690/1690
f 1690/1690/1690 1691/1691/1691 1692/1692/1692
f 1691/1691/1691 1693/1693/1693 1692/1692/1692
f 1692/1692/1692 1693/1693/1693 1694/1694/1694
f 1693/1693/1693 1695/1695/1695 1694/1694/1694
f 1694/1694/1694 1695/1695/1695 1696/1696/1696
f 1695/1695/1695 1697/1697/1697 1696/1696/1696
f 1696/1696/1696 1697/1697/1697 1698/1698/1698
f 1697/1697/1697 1699/1699/1699 1698/1698/1698
f 1698/1698/1698 1699/1699/1699 1700/1700/1700
f 1699/1699/1699 1701/1701/1701 1700/1700/1700
f 1700/1700/1700 1701/1701/1701 1702/1702/1702
f 1701/1701/1701 1703/1703/1703 1702/1702/1702
f 1702/1702/1702 1703/1703/1703 1704/1704/1704
f 1703/1703/1703 1705/1705/1705 1704/1704/1704
f 1704/1704/1704 1705/1705/1705 1706/1706/1706
f 1705/1705/1705 1707/1707/1707 1706/1706/1706
f 1706/1706/1706 1707/1707/1707 1708/1708/1708
f 1707/1707/1707 1709/1709/1709 1708/1708/1708
f 1708/1708/1708 1709/1709/1709 1710/1710/1710
f 1709/1709/1709 1711/1711/1711 1710/1710/1710
f 1710/1710/1710 1711/1711/1711 1712/1712/1712
f 1711/1711/1711 1713/1713/1713 1712/1712/1712
f 1712/1712/1712 1713/1713/1713 1714/1714/1714
f 1713/1713/1713 1715/1715/1715 1714/1714/1714
f 1714/1714/1714 1715/1715/1715 1716/1716/1716
f 1715/1715/1715 1717/1717/1717 1716/1716/1716
f 1716/1716/1716 1717/1717/1717 1718/1718/1718
f 1717/1717/1717 1719/1719/1719 1718/1718/1718
f 1718/1718/1718 1719/1719/1719 1720/1720/1720
f 1719/1719/1719 1721/1721/1721 1720/1720/1720
f 1720/1720/1720 1721/1721/1721 1722/1722/1722
f 1721/1721/1721 1723/1723/1723 1722/1722/1722
f 1722/1722/1722 1723/1723/1723 1724/1724/1724
f 1723/1723/1723 1725/1725/1725 1724/1724/1724
f 1724/1724/1724 1725/1725/1725 1726/1726/1726
f 1725/1725/1725 1727/1727/1727 1726/1726/1726
f 1726/1726/1726 1727/1727/1727 1728/1728/1728
f 1727/1727/1727 1729/1729/1729 1728/1728/1728
f 1728/1728/1728 1729/1729/1729 1730/1730/1730
f 1729/1729/1729 1731/1731/1731 1730/1730/1730
f 1730/1730/1730 1731/1731/1731 1732/1732/1732
f 1731/1731/1731 1733/1733/1733 1732/1732/1732
f 1732/1732/1732 1733/1733/1733 1734/1734/1734
f 1733/1733/1733 1735/1735/1735 1734/1734/1734
f 1734/1734/1734 1735/1735/1735 1736/1736/1736
f 1735/1735/1735 1737/1737/1737 1736/1736/1736
f 1736/1736/1736 1737/1737/1737 1738/1738/1738
f 1737/1737/1737 1739/1739/1739 1738/1738/1738
f 1738/1738/1738 1739/1739/1739 1740/1740/1740
f 1739/1739/1739 1741/1741/1741 1740/1740/1740
f 1740/1740/1740 1741/1741/1741 1742/1742/1742
f 1741/1741/1741 1743/1743/1743 1742/1742/1742
f 1742/1742/1742 1743/1743/1743 1744/1744/1744
f 1743/1743/1743 1745/1745/1745 1744/1744/1744
f 1744/1744/1744 1745/1745/1745 1746/1746/1746
f 1745/1745/1745 1747/1747/1747 1746/1746/1746
f 1746/1746/1746 1747/1747/1747 1748/1748/1748
f 1747/1747/1747 1749/1749/1749 1748/1748/1748
f 1748/1748/1748 1749/1749/1749 1750/1750/1750
f 1749/1749/1749 1751/1751/1751 1750/1750/1750
f 1750/1750/1750 1751/1751/1751 1752/1752/1752
f 1751/1751/1751 1753/1753/1753 1752/1752/1752
f 1752/1752/1752 1753/1753/1753 1754/1754/1754
f 1753/1753/1753 1755/1755/1755 1754/1754/1754
f 1754/1754/1754 1755/1755/1755 1756/1756/1756
f 1755/1755/1755 1757/1757/1757 1756/1756/1756
f 1756/1756/1756 1757/1757/1757 1758/1758/1758
f 1757/1757/1757 1759/1759/1759 1758/1758/1758
f 1758/1758/1758 1759/1759/1759 1760/1760/1760
f 1759/1759/1759 1761/1761/1761 1760/1760/1760
f 1760/1760/1760 1761/1761/1761 1762/1762/1762
f 1761/1761/1761 1763/1763/1763 1762/1762/1762
f 1762/1762/1762 1763/1763/1763 1764/1764/1764
f 1763/1763/1763 1765/1765/1765 1764/1764/1764
f 1764/1764/1764 1765/1765/1765 1766/1766/1766
f 1765/1765/1765 1767/1767/1767 1766/1766/1766
f 1766/1766/1766 1767/1767/1767 1768/1768/1768
f 1767/1767/1767 1769/1769/1769 1768/1768/1768
f 1768/1768/1768 1769/1769/1769 1770/1770/1770
f 1769/1769/1769 1771/1771/1771 1770/1770/1770
f 1770/1770/1770 1771/1771/1771 1772/1772/1772
f 1771/1771/1771 1773/1773/1773 1772/1772/1772
f 1772/1772/1772 1773/1773/1773 1774/1774/1774
f 1773/1773/1773 1775/1775/1775 1774/1774/1774
f 1774/1774/1774 1775/1775/1775 1776/1776/1776
f 1775/1775/1775 1777/1777/1777 1776/1776/1776
f 1776/1776/1776 1777/1777/1777 1778/1778/1778
f 1777/1777/1777 1779/1779/1779 1778/1778/1778
f 1778/1778/1778 1779/1779/1779 1780/1780/1780
f 1779/1779/1779 1781/1781/1781 1780/1780/1780
f 1780/1780/1780 1781/1781/1781 1782/1782/1782
f 1781/1781/1781 1783/1783/1783 1782/1782/1782
f 1782/1782/1782 1783/1783/1783 1784/1784/1784
f 1783/1783/1783 1785/1785/1785 1784/1784/1784
f 1784/1784/1784 1785/1785/1785 1786/1786/1786
f 1785/1785/1785 1787/1787/1787 1786/1786/1786
f 1786/1786/1786 1787/1787/1787 1788/1788/1788
f 1787/1787/1787 1789/1789/1789 1788/1788/1788
f 1788/1788/1788 1789/1789/1789 1790/1790/1790
f 1789/1789/1789 1791/1791/1791 1790/1790/1790
f 1790/1790/1790 1791/1791/1791 1792/1792/1792
f 1791/1791/1791 1793/1793/1793 1792/1792/1792
f 1792/1792/1792 1793/1793/1793 1794/1794/1794
f 1793/1793/1793 1795/1795/1795 1794/1794/1794
f 1794/1794/1794 1795/1795/1795 1796/1796/1796
f 1795/1795/1795 1797/1797/1797 1796/1796/1796
f 1796/1796/1796 1797/1797/1797 1798/1798/1798
f 1797/1797/1797 1799/1799/1799 1798/1798/1798
f 1798/1798/1798 1799/1799/1799 1800/1800/1800
f 1799/1799/1799 1801/1801/1801 1800/1800/1800
f 1800/1800/1800 1801/1801/1801 1802/1802/1802
f 1801/1801/1801 1803/1803/1803 1802/1802/1802
f 1802/1802/1802 1803/1803/1803 1804/1804/1804
f 1803/1803/1803 1805/1805/1805 1804/1804/1804
f 1804/1804/1804 1805/1805/1805 1806/1806/1806
f 1805/1805/1805 1807/1807/1807 1806/1806/1806
f 1806/1806/1806 1807/1807/1807 1808/1808/1808
f 1807/1807/1807 1809/1809/1809 1808/1808/1808
f 1808/1808/1808 1809/1809/1809 1810/1810/1810
f 1809/1809/1809 1811/1811/1811 1810/1810/1810
f 1810/1810/1810 1811/1811/1811 1812/1812/1812
f 1811/1811/1811 1813/1813/1813 1812/1812/1812
f 1812/1812/1812 1813/1813/1813 1814/1814/1814
f 1813/1813/1813 1815/1815/1815 1814/1814/1814
f 1814/1814/1814 1815/1815/1815 1816/1816/1816
f 1815/1815/1815 1817/1817/1817 1816/1816/1816
f 1816/1816/1816 1817/1817/1817 1818/1818/1818
f 1817/1817/1817 1819/1819/1819 1818/1818/1818
f 1818/1818/1818 1819/1819/1819 1820/1820/1820
f 1819/1819/1819 1821/1821/1821 1820/1820/1820
f 1820/1820/1820 1821/1821/1821 1822/1822/1822
f 1821/1821/1821 1823/1823/1823 1822/1822/1822
f 1822/1822/1822 1823/1823/1823 1824/1824/1824
f 1823/1823/1823 1825/1825/1825 1824/1824/1824
f 1824/1824/1824 1825/1825/1825 1826/1826/1826
f 1825/1825/1825 1827/1827/1827 1826/1826/1826
f 1826/1826/1826 1827/1827/1827 1828/1828/1828
f 1827/1827/1827 1829/1829/1829 1828/1828/1828
f 1828/1828/1828 1829/1829/1829 1830/1830/1830
f 1829/1829/1829 1831/1831/1831 1830/1830/1830
f 1830/1830/1830 1831/1831/1831 1832/1832/1832
f 1831/1831/1831 1833/1833/1833 1832/1832/1832
f 1832/1832/1832 1833/1833/1833 1834/1834/1834
f 1833/1833/1833 1835/1835/1835 1834/1834/1834
f 1834/1834/1834 1835/1835/1835 1836/1836/1836
f 1835/1835/1835 1837/1837/1837 1836/1836/1836
f 1836/1836/1836 1837/1837/1837 1838/1838/1838
f 1837/1837/1837 1839/1839/1839 1838/1838/1838
f 1838/1838/1838 1839/1839/1839 1840/1840/1840
f 1839/1839/1839 1841/1841/1841 1840/1840/1840
f 1840/1840/1840 1841/1841/1841 1842/1842/1842
f 1841/1841/1841 1843/1843/1843 1842/1842/1842
f 1842/1842/1842 1843/1843/1843 1844/1844/1844
f 1843/1843/1843 1845/1845/1845 1844/1844/1844
f 1844/1844/1844 1845/1845/1845 1846/1846/1846
f 1845/1845/1845 1847/1847/1847 1846/1846/1846
f 1846/1846/1846 1847/1847/1847 1848/1848/1848
f 1847/1847/1847 1849/1849/1849 1848/1848/1848
f 1848/1848/1848 1849/1849/1849 1850/1850/1850
f 1849/1849/1849 1851/1851/1851 1850/1850/1850
f 1850/1850/1850 1851/1851/1851 1852/1852/1852
f 1851/1851/1851 1853/1853/1853 1852/1852/1852
f 1852/1852/1852 1853/1853/1853 1854/1854/1854
f 1853/1853/1853 1855/1855/1855 1854/1854/1854
f 1854/1854/1854 1855/1855/1855 1856/1856/1856
f 1855/1855/1855 1857/1857/1857 1856/1856/1856
f 1856/1856/1856 1857/1857/1857 1858/1858/1858
f 1857/1857/1857 1859/1859/1859 1858/1858/1858
f 1858/1858/1858 1859/1859/1859 1860/1860/1860
f 1859/1859/1859 1861/1861/1861 1860/1860/1860
f 1860/1860/1860 1861/1861/1861 1862/1862/1862
f 1861/1861/1861 1863/1863/1863 1862/1862/1862
f 1862/1862/1862 1863/1863/1863 1864/1864/1864
f 1863/1863/1863 1865/1865/1865 1864/1864/1864
f 1864/1864/1864 1865/1865/1865 1866/1866/1866
f 1865/1865/1865 1867/1867/1867 1866/1866/1866
f 1866/1866/1866 1867/1867/1867 1868/1868/1868
f 1867/1867/1867 1869/1869/1869 1868/1868/1868
f 1868/1868/1868 1869/1869/1869 1870/1870/1870
f 1869/1869/1869 1871/1871/1871 1870/1870/1870
f 1870/1870/1870 1871/1871/1871 1872/1872/1872
f 1871/1871/1871 1873/1873/1873 1872/1872/1872
f 1872/1872/1872 1873/1873/1873 1874/1874/1874
f 1873/1873/1873 1875/1875/1875 1874/1874/1874
f 1874/1874/1874 1875/1875/1875 1876/1876/1876
f 1875/1875/1875 1877/1877/1877 1876/1876/1876
f 1876/1876/1876 1877/1877/1877 1878/1878/1878
f 1877/1877/1877 1879/1879/1879 1878/1878/1878
f 1878/1878/1878 1879/1879/1879 1880/1880/1880
f 1879/1879/1879 1881/1881/1881 1880/1880/1880
f 1880/1880/1880 1881/1881/1881 1882/1882/1882
f 1881/1881/1881 1883/1883/1883 1882/1882/1882
f 1882/1882/1882 1883/1883/1883 1884/1884/1884
f 1883/1883/1883 1885/1885/1885 1884/1884/1884
f 1884/1884/1884 1885/1885/1885 1886/1886/1886
f 1885/1885/1885 1887/1887/1887 1886/1886/1886
f 1886/1886/1886 1887/1887/1887 1888/1888/1888
f 1887/1887/1887 1889/1889/1889 1888/1888/1888
f 1888/1888/1888 1889/1889/1889 1890/1890/1890
f 1889/1889/1889 1891/1891/1891 1890/1890/1890
f 1890/1890/1890 1891/1891/1891 1892/1892/1892
f 1891/1891/1891 1893/1893/1893 1892/1892/1892
f 1892/1892/1892 1893/1893/1893 1894/1894/1894
f 1893/1893/1893 1895/1895/1895 1894/1894/1894
f 1894/1894/1894 1895/1895/1895 1896/1896/1896
f 1895/1895/1895 1897/1897/1897 1896/1896/1896
f 1896/1896/1896 1897/1897/1897 1898/1898/1898
f 1897/1897/1897 1899/1899/1899 1898/1898/1898
f 1898/1898/1898 1899/1899/1899 1900/1900/1900
f 1899/1899/1899 1901/1901/1901 1900/1900/1900
f 1900/1900/1900 1901/1901/1901 1902/1902/1902
f 1901/1901/1901 1903/1903/1903 1902/1902/1902
f 1902/1902/1902 1903/1903/1903 1904/1904/1904
f 1903/1903/1903 1905/1905/1905 1904/1904/1904
f 1904/1904/1904 1905/1905/1905 1906/1906/1906
f 1905/1905/1905 1907/1907/1907 1906/1906/1906
f 1906/1906/1906 1907/1907/1907 1908/1908/1908
f 1907/1907/1907 1909/1909/1909 1908/1908/1908
f 1908/1908/1908 1909/1909/1909 1910/1910/1910
f 1909/1909/1909 1911/1911/1911 1910/1910/1910
f 1910/1910/1910 1911/1911/1911 1912/1912/1912
f 1911/1911/1911 1913/1913/1913 1912/1912/1912
f 1912/1912/1912 1913/1913/1913 1914/1914/1914
f 1913/1913/1913 1915/1915/1915 1914/1914/1914
f 1914/1914/1914 1915/1915/1915 1916/1916/1916
f 1915/1915/1915 1917/1917/1917 1916/1916/1916
f 1916/1916/1916 1917/1917/1917 1918/1918/1918
f 1917/1917/1917 1919/1919/1919 1918/1918/1918
f 1918/1918/1918 1919/1919/1919 1920/1920/1920
f 1919/1919/1919 1921/1921/1921 1920/1920/1920
f 1920/1920/1920 1921/1921/1921 1922/1922/1922
f 1921/1921/1921 1923/1923/1923 1922/1922/1922
f 1922/1922/1922 1923/1923/1923 1924/1924/1924
f 1923/1923/1923 1925/1925/1925 1924/1924/1924
f 1924/1924/1924 1925/1925/1925 1926/1926/1926
f 1925/1925/1925 1927/1927/1927 1926/1926/1926
f 1926/1926/1926 1927/1927/1927 1928/1928/1928
f 1927/1927/1927 1929/1929/1929 1928/1928/1928
f 1928/1928/1928 1929/1929/1929 1930/1930/1930
f 1929/1929/1929 1931/1931/1931 1930/1930/1930
f 1930/1930/1930 1931/1931/1931 1932/1932/1932
f 1931/1931/1931 1933/1933/1933 1932/1932/1932
f 1932/1932/1932 1933/1933/1933 1934/1934/1934
f 1933/1933/1933 1935/1935/1935 1934/1934/1934
f 1934/1934/1934 1935/1935/1935 1936/1936/1936
f 1935/1935/1935 1937/1937/1937 1936/1936/1936
f 1936/1936/1936 1937/1937/1937 1938/1938/1938
f 1937/1937/1937 1939/1939/1939 1938/1938/1938
f 1938/1938/1938 1939/1939/1939 1940/1940/1940
f 1939/1939/1939 1941/1941/1941 1940/1940/1940
f 1940/1940/1940 1941/1941/1941 1942/1942/1942
f 1941/1941/1941 1943/1943/1943 1942/1942/1942
f 1942/1942/1942 1943/1943/1943 1944/1944/1944
f 1943/1943/1943 1945/1945/1945 1944/1944/1944
f 1944/1944/1944 1945/1945/1945 1946/1946/1946
f 1945/1945/1945 1947/1947/1947 1946/1946/1946
f 1946/1946/1946 1947/1947/1947 1948/1948/1948
f 1947/1947/1947 1949/1949/1949 1948/1948/1948
f 1948/1948/1948 1949/1949/1949 1950/1950/1950
f 1949/1949/1949 1951/1951/1951 1950/1950/1950
f 1950/1950/1950 1951/1951/1951 1952/1952/1952
f 1951/1951/1951 1953/1953/1953 1952/1952/1952
f 1952/1952/1952 1953/1953/1953 1954/1954/1954
f 1953/1953/1953 1955/1955/1955 1954/1954/1954
f 1954/1954/1954 1955/1955/1955 1956/1956/1956
f 1955/1955/1955 1957/1957/1957 1956/1956/1956
f 1956/1956/1956 1957/1957/1957 1958/1958/1958
f 1957/1957/1957 1959/1959/1959 1958/1958/1958
f 1958/1958/1958 1959/1959/1959 1960/1960/1960
f 1959/1959/1959 1961/1961/1961 1960/1960/1960
f 1960/1960/1960 1961/1961/1961 1962/1962/1962
f 1961/1961/1961 1963/1963/1963 1962/1962/1962
f 1962/1962/1962 1963/1963/1963 1964/1964/1964
f 1963/1963/1963 1965/1965/1965 1964/1964/1964
f 1964/1964/1964 1965/1965/1965 1966/1966/1966
f 1965/1965/1965 1967/1967/1967 1966/1966/1966
f 1966/1966/1966 1967/1967/1967 1968/1968/1968
f 1967/1967/1967 1969/1969/1969 1968/1968/1968
f 1968/1968/1968 1969/1969/1969 1970/1970/1970
f 1969/1969/1969 1971/1971/1971 1970/1970/1970
f 1970/1970/1970 1971/1971/1971 1972/1972/1972
f 1971/1971/1971 1973/1973/1973 1972/1972/1972
f 1972/1972/1972 1973/1973/1973 1974/1974/1974
f 1973/1973/1973 1975/1975/1975 1974/1974/1974
f 1974/1974/1974 1975/1975/1975 1976/1976/1976
f 1975/1975/1975 1977/1977/1977 1976/1976/1976
f 1976/1976/1976 1977/1977/1977 1978/1978/1978
f 1977/1977/1977 1979/1979/1979 1978/1978/1978
f 1978/1978/1978 1979/1979/1979 1980/1980/1980
f 1979/1979/1979 1981/1981/1981 1980/1980/1980
f 1980/1980/1980 1981/1981/1981 1982/1982/1982
f 1981/1981/1981 1983/1983/1983 1982/1982/1982
f 1982/1982/1982 1983/1983/1983 1984/1984/1984
f 1983/1983/1983 1985/1985/1985 1984/1984/1984
f 1984/1984/1984 1985/1985/1985 1986/1986/1986
f 1985/1985/1985 1987/1987/1987 1986/1986/1986
f 1986/1986/1986 1987/1987/1987 1988/1988/1988
f 1987/1987/1987 1989/1989/1989 1988/1988/1988
f 1988/1988/1988 1989/1989/1989 1990/1990/1990
f 1989/1989/1989 1991/1991/1991 1990/1990/1990
f 1990/1990/1990 1991/1991/1991 1992/1992/1992
f 1991/1991/1991 1993/1993/1993 1992/1992/1992
f 1992/1992/1992 1993/1993/1993 1994/1994/1994
f 1993/1993/1993 1995/1995/1995 1994/1994/1994
f 1994/1994/1994 1995/1995/1995 1996/1996/1996
f 1995/1995/1995 1997/1997/1997 1996/1996/1996
f 1996/1996/1996 1997/1997/1997 1998/1998/1998
f 1997/1997/1997 1999/1999/1999 1998/1998/1998
f 1998/1998/1998 1999/1999/1999 2000/2000/2000
f 1999/1999/1999 2001/2001/2001 2000/2000/2000
f 2000/2000/2000 2001/2001/2001 2002/2002/2002
f 2001/2001/2001 2003/2003/2003 2002/2002/2002
f 2002/2002/2002 2003/2003/2003 2004/2004/2004
f 2003/2003/2003 2005/2005/2005 2004/2004/2004
f 2004/2004/2004 2005/2005/2005 2006/2006/2006
f 2005/2005/2005 2007/2007/2007 2006/2006/2006
f 2006/2006/2006 2007/2007/2007 2008/2008/2008
f 2007/2007/2007 2009/2009/2009 2008/2008/2008
f 2008/2008/2008 2009/2009/2009 2010/2010/2010
f 2009/2009/2009 2011/2011/2011 2010/2010/2010
f 2010/2010/2010 2011/2011/2011 2012/2012/2012
f 2011/2011/2011 2013/2013/2013 2012/2012/2012
f 2012/2012/2012 2013/2013/2013 2014/2014/2014
f 2013/2013/2013 2015/2015/2015 2014/2014/2014
f 2014/2014/2014 2015/2015/2015 2016/2016/2016
f 2015/2015/2015 2017/2017/2017 2016/2016/2016
f 2016/2016/2016 2017/2017/2017 2018/2018/2018
f 2017/2017/2017 2019/2019/2019 2018/2018/2018
f 2018/2018/2018 2019/2019/2019 2020/2020/2020
f 2019/2019/2019 2021/2021/2021 2020/2020/2020
f 2020/2020/2020 2021/2021/2021 2022/2022/2022
f 2021/2021/2021 2023/2023/2023 2022/2022/2022
f 2022/2022/2022 2023/2023/2023 2024/2024/2024
f 2023/2023/2023 2025/2025/2025 2024/2024/2024
f 2024/2024/2024 2025/2025/2025 2026/2026/2026
f 2025/2025/2025 2027/2027/2027 2026/2026/2026
f 2026/2026/2026 2027/2027/2027 2028/2028/2028
f 2027/2027/2027 2029/2029/2029 2028/2028/2028
f 2028/2028/2028 2029/2029/2029 2030/2030/2030
f 2029/2029/2029 2031/2031/2031 2030/2030/2030
f 2030/2030/2030 2031/2031/2031 2032/2032/2032
f 2031/2031/2031 2033/2033/2033 2032/2032/2032
f 2032/2032/2032 2033/2033/2033 2034/2034/2034
f 2033/2033/2033 2035/2035/2035 2034/2034/2034
f 2034/2034/2034 2035/2035/2035 2036/2036/2036
f 2035/2035/2035 2037/2037/2037 2036/2036/2036
f 2036/2036/2036 2037/2037/2037 2038/2038/2038
f 2037/2037/2037 2039/2039/2039 2038/2038/2038
f 2038/2038/2038 2039/2039/2039 2040/2040/2040
f 2039/2039/2039 2041/2041/2041 2040/2040/2040
f 2040/2040/2040 2041/2041/2041 2042/2042/2042
f 2041/2041/2041 2043/2043/2043 2042/2042/2042
f 2042/2042/2042 2043/2043/2043 2044/2044/2044
f 2043/2043/2043 2045/2045/2045 2044/2044/2044
f 2044/2044/2044 2045/2045/2045 2046/2046/2046
f 2045/2045/2045 2047/2047/2047 2046/2046/2046
f 2046/2046/2046 2047/2047/2047 2048/2048/2048
f 2047/2047/2047 2049/2049/2049 2048/2048/2048
f 2048/2048/2048 2049/2049/2049 2050/2050/2050
f 2049/2049/2049 2051/2051/2051 2050/2050/2050
f 2050/2050/2050 2051/2051/2051 2052/2052/2052
f 2051/2051/2051 2053/2053/2053 2052/2052/2052
f 2052/2052/2052 2053/2053/2053 2054/2054/2054
f 2053/2053/2053 2055/2055/2055 2054/2054/2054
f 2054/2054/2054 2055/2055/2055 2056/2056/2056
f 2055/2055/2055 2057/2057/2057 2056/2056/2056
f 2056/2056/2056 2057/2057/2057 2058/2058/2058
f 2057/2057/2057 2059/2059/2059 2058/2058/2058
f 2058/2058/2058 2059/2059/2059 2060/2060/2060
f 2059/2059/2059 2061/2061/2061 2060/2060/2060
f 2060/2060/2060 2061/2061/2061 2062/2062/2062
f 2061/2061/2061 2063/2063/2063 2062/2062/2062
f 2062/2062/2062 2063/2063/2063 2064/2064/2064
f 2063/2063/2063 2065/2065/2065 2064/2064/2064
f 2064/2064/2064 2065/2065/2065 2066/2066/2066
f 2065/2065/2065 2067/2067/2067 2066/2066/2066
f 2066/2066/2066 2067/2067/2067 2068/2068/2068
f 2067/2067/2067 2069/2069/2069 2068/2068/2068
f 2068/2068/2068 2069/2069/2069 2070/2070/2070
f 2069/2069/2069 2071/2071/2071 2070/2070/2070
f 2070/2070/2070 2071/2071/2071 2072/2072/2072
f 2071/2071/2071 2073/2073/2073 2072/2072/2072
f 2072/2072/2072 2073/2073/2073 2074/2074/2074
f 2073/2073/2073 2075/2075/2075 2074/2074/2074
f 2074/2074/2074 2075/2075/2075 2076/2076/2076
f 2075/2075/2075 2077/2077/2077 2076/2076/2076
f 2076/2076/2076 2077/2077/2077 2078/2078/2078
f 2077/2077/2077 2079/2079/2079 2078/2078/2078
f 2078/2078/2078 2079/2079/2079 2080/2080/2080
f 2079/2079/2079 2081/2081/2081 2080/2080/2080
f 2080/2080/2080 2081/2081/2081 2082/2082/2082
f 2081/2081/2081 2083/2083/2083 2082/2082/2082
f 2082/2082/2082 2083/2083/2083 2084/2084/2084
f 2083/2083/2083 2085/2085/2085 2084/2084/2084
f 2084/2084/2084 2085/2085/2085 2086/2086/2086
f 2085/2085/2085 2087/2087/2087 2086/2086/2086
f 2086/2086/2086 2087/2087/2087 2088/2088/2088
f 2087/2087/2087 2089/2089/2089 2088/2088/2088
f 2088/2088/2088 2089/2089/2089 2090/2090/2090
f 2089/2089/2089 2091/2091/2091 2090/2090/2090
f 2090/2090/2090 2091/2091/2091 2092/2092/2092
f 2091/2091/2091 2093/2093/2093 2092/2092/2092
f 2092/2092/2092 2093/2093/2093 2094/2094/2094
f 2093/2093/2093 2095/2095/2095 2094/2094/2094
f 2094/2094/2094 2095/2095/2095 2096/2096/2096
f 2095/2095/2095 2097/2097/2097 2096/2096/2096
f 2096/2096/2096 2097/2097/2097 2098/2098/2098
f 2097/2097/2097 2099/2099/2099 2098/2098/2098
f 2098/2098/2098 2099/2099/2099 2100/2100/2100
f 2099/2099/2099 2101/2101/2101 2100/2100/2100
f 2100/2100/2100 2101/2101/2101 2102/2102/2102
f 2101/2101/2101 2103/2103/2103 2102/2102/2102
f 2102/2102/2102 2103/2103/2103 2104/2104/2104
f 2103/2103/2103 2105/2105/2105 2104/2104/2104
f 2104/2104/2104 2105/2105/2105 2106/2106/2106
f 2105/2105/2105 2107/2107/2107 2106/2106/2106
f 2106/2106/2106 2107/2107/2107 2108/2108/2108
f 2107/2107/2107 2109/2109/2109 2108/2108/2108
f 2108/2108/2108 2109/2109/2109 2110/2110/2110
f 2109/2109/2109 2111/2111/2111 2110/2110/2110
f 2110/2110/2110 2111/2111/2111 2112/2112/2112
f 2111/2111/2111 2113/2113/2113 2112/2112/2112
f 2112/2112/2112 2113/2113/2113 2114/2114/2114
f 2113/2113/2113 2115/2115/2115 2114/2114/2114
f 2114/2114/2114 2115/2115/2115 2116/2116/2116
f 2115/2115/2115 2117/2117/2117 2116/2116/2116
f 2116/2116/2116 2117/2117/2117 2118/2118/2118
f 2117/2117/2117 2119/2119/2119 2118/2118/2118
f 2118/2118/2118 2119/2119/2119 2120/2120/2120
f 2119/2119/2119 2121/2121/2121 2120/2120/2120
f 2120/2120/2120 2121/2121/2121 2122/2122/2122
f 2121/2121/2121 2123/2123/2123 2122/2122/2122
f 2122/2122/2122 2123/2123/2123 2124/2124/2124
f 2123/2123/2123 2125/2125/2125 2124/2124/2124
f 2124/2124/2124 2125/2125/2125 2126/2126/2126
f 2125/2125/2125 2127/2127/2127 2126/2126/2126
f 2126/2126/2126 2127/2127/2127 2128/2128/2128
f 2127/2127/2127 2129/2129/2129 2128/2128/2128
f 2128/2128/2128 2129/2129/2129 2130/2130/2130
f 2129/2129/2129 2131/2131/2131 2130/2130/2130
f 2130/2130/2130 2131/2131/2131 2132/2132/2132
f 2131/2131/2131 2133/2133/2133 2132/2132/2132
f 2132/2132/2132 2133/2133/2133 2134/2134/2134
f 2133/2133/2133 2135/2135/2135 2134/2134/2134
f 2134/2134/2134 2135/2135/2135 2136/2136/2136
f 2135/2135/2135 2137/2137/2137 2136/2136/2136
f 2136/2136/2136 2137/2137/2137 2138/2138/2138
f 2137/2137/2137 2139/2139/2139 2138/2138/2138
f 2138/2138/2138 2139/2139/2139 2140/2140/2140
f 2139/2139/2139 2141/2141/2141 2140/2140/2140
f 2140/2140/2140 2141/2141/2141 2142/2142/2142
f 2141/2141/2141 2143/2143/2143 2142/2142/2142
f 2142/2142/2142 2143/2143/2143 2144/2144/2144
f 2143/2143/2143 2145/2145/2145 2144/2144/2144
f 2144/2144/2144 2145/2145/2145 2146/2146/2146
f 2145/2145/2145 2147/2147/2147 2146/2146/2146
f 2146/2146/2146 2147/2147/2147 2148/2148/2148
f 2147/2147/2147 2149/2149/2149 2148/2148/2148
f 2148/2148/2148 2149/2149/2149 2150/2150/2150
f 2149/2149/2149 2151/2151/2151 2150/2150/2150
f 2150/2150/2150 2151/2151/2151 2152/2152/2152
f 2151/2151/2151 2153/2153/2153 2152/2152/2152
f 2152/2152/2152 2153/2153/2153 2154/2154/2154
f 2153/2153/2153 2155/2155/2155 2154/2154/2154
f 2154/2154/2154 2155/2155/2155 2156/2156/2156
f 2155/2155/2155 2157/2157/2157 2156/2156/2156
f 2156/2156/2156 2157/2157/2157 2158/2158/2158
f 2157/2157/2157 2159/2159/2159 2158/2158/2158
f 2158/2158/2158 2159/2159/2159 2160/2160/2160
f 2159/2159/2159 2161/2161/2161 2160/2160/2160
f 2160/2160/2160 2161/2161/2161 2162/2162/2162
f 2161/2161/2161 2163/2163/2163 2162/2162/2162
f 2162/2162/2162 2163/2163/2163 2164/2164/2164
f 2163/2163/2163 2165/2165/2165 2164/2164/2164
f 2164/2164/2164 2165/2165/2165 2166/2166/2166
f 2165/2165/2165 2167/2167/2167 2166/2166/2166
f 2166/2166/2166 2167/2167/2167 2168/2168/2168
f 2167/2167/2167 2169/2169/2169 2168/2168/2168
f 2168/2168/2168 2169/2169/2169 2170/2170/2170
f 2169/2169/2169 2171/2171/2171 2170/2170/2170
f 2170/2170/2170 2171/2171/2171 2172/2172/2172
f 2171/2171/2171 2173/2173/2173 2172/2172/2172
f 2172/2172/2172 2173/2173/2173 2174/2174/2174
f 2173/2173/2173 2175/2175/2175 2174/2174/2174
f 2174/2174/2174 2175/2175/2175 2176/2176/2176
f 2175/2175/2175 2177/2177/2177 2176/2176/2176
f 2176/2176/2176 2177/2177/2177 2178/2178/2178
f 2177/2177/2177 2179/2179/2179 2178/2178/2178
f 2178/2178/2178 2179/2179/2179 2180/2180/2180
f 2179/2179/2179 2181/2181/2181 2180/2180/2180
f 2180/2180/2180 2181/2181/2181 2182/2182/2182
f 2181/2181/2181 2183/2183/2183 2182/2182/2182
f 2182/2182/2182 2183/2183/2183 2184/2184/2184
f 2183/2183/2183 2185/2185/2185 2184/2184/2184
f 2184/2184/2184 2185/2185/2185 2186/2186/2186
f 2185/2185/2185 2187/2187/2187 2186/2186/2186
f 2186/2186/2186 2187/2187/2187 2188/2188/2188
f 2187/2187/2187 2189/2189/2189 2188/2188/2188
f 2188/2188/2188 2189/2189/2189 2190/2190/2190
f 2189/2189/2189 2191/2191/2191 2190/2190/2190
f 2190/2190/2190 2191/2191/2191 2192/2192/2192
f 2191/2191/2191 2193/2193/2193 2192/2192/2192
f 2192/2192/2192 2193/2193/2193 2194/2194/2194
f 2193/2193/2193 2195/2195/2195 2194/2194/2194
f 2194/2194/2194 2195/2195/2195 2196/2196/2196
f 2195/2195/2195 2197/2197/2197 2196/2196/2196
f 2196/2196/2196 2197/2197/2197 2198/2198/2198
f 2197/2197/2197 2199/2199/2199 2198/2198/2198
f 2198/2198/2198 2199/2199/2199 2200/2200/2200
f 2199/2199/2199 2201/2201/2201 2200/2200/2200
f 2200/2200/2200 2201/2201/2201 2202/2202/2202
f 2201/2201/2201 2203/2203/2203 2202/2202/2202
f 2202/2202/2202 2203/2203/2203 2204/2204/2204
f 2203/2203/2203 2205/2205/2205 2204/2204/2204
f 2204/2204/2204 2205/2205/2205 2206/2206/2206
f 2205/2205/2205 2207/2207/2207 2206/2206/2206
f 2206/2206/2206 2207/2207/2207 2208/2208/2208
f 2207/2207/2207 2209/2209/2209 2208/2208/2208
f 2208/2208/2208 2209/2209/2209 2210/2210/2210
f 2209/2209/2209 2211/2211/2211 2210/2210/2210
f 2210/2210/2210 2211/2211/2211 2212/2212/2212
f 2211/2211/2211 2213/2213/2213 2212/2212/2212
f 2212/2212/2212 2213/2213/2213 2214/2214/2214
f 2213/2213/2213 2215/2215/2215 2214/2214/2214
f 2214/2214/2214 2215/2215/2215 2216/2216/2216
f 2215/2215/2215 2217/2217/2217 2216/2216/2216
f 2216/2216/2216 2217/2217/2217 2218/2218/2218
f 2217/2217/2217 2219/2219/2219 2218/2218/2218
f 2218/2218/2218 2219/2219/2219 2220/2220/2220
f 2219/2219/2219 2221/2221/2221 2220/2220/2220
f 2220/2220/2220 2221/2221/2221 2222/2222/2222
f 2221/2221/2221 2223/2223/2223 2222/2222/2222
f 2222/2222/2222 2223/2223/2223 2224/2224/2224
f 2223/2223/2223 2225/2225/2225 2224/2224/2224
f 2224/2224/2224 2225/2225/2225 2226/2226/2226
f 2225/2225/2225 2227/2227/2227 2226/2226/2226
f 2226/2226/2226 2227/2227/2227 2228/2228/2228
f 2227/2227/2227 2229/2229/2229 2228/2228/2228
f 2228/2228/2228 2229/2229/2229 2230/2230/2230
f 2229/2229/2229 2231/2231/2231 2230/2230/2230
f 2230/2230/2230 2231/2231/2231 2232/2232/2232
f 2231/2231/2231 2233/2233/2233 2232/2232/2232
f 2232/2232/2232 2233/2233/2233 2234/2234/2234
f 2233/2233/2233 2235/2235/2235 2234/2234/2234
f 2234/2234/2234 2235/2235/2235 2236/2236/2236
f 2235/2235/2235 2237/2237/2237 2236/2236/2236
f 2236/2236/2236 2237/2237/2237 2238/2238/2238
f 2237/2237/2237 2239/2239/2239 2238/2238/2238
f 2238/2238/2238 2239/2239/2239 2240/2240/2240
f 2239/2239/2239 2241/2241/2241 2240/2240/2240
f 2240/2240/2240 2241/2241/2241 2242/2242/2242
f 2241/2241/2241 2243/2243/2243 2242/2242/2242
f 2242/2242/2242 2243/2243/2243 2244/2244/2244
f 2243/2243/2243 2245/2245/2245 2244/2244/2244
f 2244/2244/2244 2245/2245/2245 2246/2246/2246
f 2245/2245/2245 2247/2247/2247 2246/2246/2246
f 2246/2246/2246 2247/2247/2247 2248/2248/2248
f 2247/2247/2247 2249/2249/2249 2248/2248/2248
f 2248/2248/2248 2249/2249/2249 2250/2250/2250
f 2249/2249/2249 2251/2251/2251 2250/2250/2250
f 2250/2250/2250 2251/2251/2251 2252/2252/2252
f 2251/2251/2251 2253/2253/2253 2252/2252/2252
f 2252/2252/2252 2253/2253/2253 2254/2254/2254
f 2253/2253/2253 2255/2255/2255 2254/2254/2254
f 2254/2254/2254 2255/2255/2255 2256/2256/2256
f 2255/2255/2255 2257/2257/2257 2256/2256/2256
f 2256/2256/2256 2257/2257/2257 2258/2258/2258
f 2257/2257/2257 2259/2259/2259 2258/2258/2258
f 2258/2258/2258 2259/2259/2259 2260/2260/2260
f 2259/2259/2259 2261/2261/2261 2260/2260/2260
f 2260/2260/2260 2261/2261/2261 2262/2262/2262
f 2261/2261/2261 2263/2263/2263 2262/2262/2262
f 2262/2262/2262 2263/2263/2263 2264/2264/2264
f 2263/2263/2263 2265/2265/2265 2264/2264/2264
f 2264/2264/2264 2265/2265/2265 2266/2266/2266
f 2265/2265/2265 2267/2267/2267 2266/2266/2266
f 2266/2266/2266 2267/2267/2267 2268/2268/2268
f 2267/2267/2267 2269/2269/2269 2268/2268/2268
f 2268/2268/2268 2269/2269/2269 2270/2270/2270
f 2269/2269/2269 2271/2271/2271 2270/2270/2270
f 2270/2270/2270 2271/2271/2271 2272/2272/2272
f 2271/2271/2271 2273/2273/2273 2272/2272/2272
f 2272/2272/2272 2273/2273/2273 2274/2274/2274
f 2273/2273/2273 2275/2275/2275 2274/2274/2274
f 2274/2274/2274 2275/2275/2275 2276/2276/2276
f 2275/2275/2275 2277/2277/2277 2276/2276/2276
f 2276/2276/2276 2277/2277/2277 2278/2278/2278
f 2277/2277/2277 2279/2279/2279 2278/2278/2278
f 2278/2278/2278 2279/2279/2279 2280/2280/2280
f 2279/2279/2279 2281/2281/2281 2280/2280/2280
f 2280/2280/2280 2281/2281/2281 2282/2282/2282
f 2281/2281/2281 2283/2283/2283 2282/2282/2282
f 2282/2282/2282 2283/2283/2283 2284/2284/2284
f 2283/2283/2283 2285/2285/2285 2284/2284/2284
f 2284/2284/2284 2285/2285/2285 2286/2286/2286
f 2285/2285/2285 2287/2287/2287 2286/2286/2286
f 2286/2286/2286 2287/2287/2287 2288/2288/2288
f 2287/2287/2287 2289/2289/2289 2288/2288/2288
f 2288/2288/2288 2289/2289/2289 2290/2290/2290
f 2289/2289/2289 2291/2291/2291 2290/2290/2290
f 2290/2290/2290 2291/2291/2291 2292/2292/2292
f 2291/2291/2291 2293/2293/2293 2292/2292/2292
f 2292/2292/2292 2293/2293/2293 2294/2294/2294
f 2293/2293/2293 2295/2295/2295 2294/2294/2294
f 2294/2294/2294 2295/2295/2295 2296/2296/2296
f 2295/2295/2295 2297/2297/2297 2296/2296/2296
f 2296/2296/2296 2297/2297/2297 2298/2298/2298
f 2297/2297/2297 2299/2299/2299 2298/2298/2298
f 2298/2298/2298 2299/2299/2299 2300/2300/2300
f 2299/2299/2299 2301/2301/2301 2300/2300/2300
f 2300/2300/2300 2301/2301/2301 2302/2302/2302
f 2301/2301/2301 2303/2303/2303 2302/2302/2302
f 2302/2302/2302 2303/2303/2303 2304/2304/2304
f 2303/2303/2303 2305/2305/2305 2304/2304/2304
f 2304/2304/2304 2305/2305/2305 2306/2306/2306
f 2305/2305/2305 2307/2307/2307 2306/2306/2306
f 2306/2306/2306 2307/2307/2307 2308/2308/2308
f 2307/2307/2307 2309/2309/2309 2308/2308/2308
f 2308/2308/2308 2309/2309/2309 2310/2310/2310
f 2309/2309/2309 2311/2311/2311 2310/2310/2310
f 2310/2310/2310 2311/2311/2311 2312/2312/2312
f 2311/2311/2311 2313/2313/2313 2312/2312/2312
f 2312/2312/2312 2313/2313/2313 2314/2314/2314
f 2313/2313/2313 2315/2315/2315 2314/2314/2314
f 2314/2314/2314 2315/2315/2315 2316/2316/2316
f 2315/2315/2315 2317/2317/2317 2316/2316/2316
f 2316/2316/2316 2317/2317/2317 2318/2318/2318
f 2317/2317/2317 2319/2319/2319 2318/2318/2318
f 2318/2318/2318 2319/2319/2319 2320/2320/2320
f 2319/2319/2319 2321/2321/2321 2320/2320/2320
f 2320/2320/2320 2321/2321/2321 2322/2322/2322
f 2321/2321/2321 2323/2323/2323 2322/2322/2322
f 2322/2322/2322 2323/2323/2323 2324/2324/2324
f 2323/2323/2323 2325/2325/2325 2324/2324/2324
f 2324/2324/2324 2325/2325/2325 2326/2326/2326
f 2325/2325/2325 2327/2327/2327 2326/2326/2326
f 2326/2326/2326 2327/2327/2327 2328/2328/2328
f 2327/2327/2327 2329/2329/2329 2328/2328/2328
f 2328/2328/2328 2329/2329/2329 2330/2330/2330
f 2329/2329/2329 2331/2331/2331 2330/2330/2330
f 2330/2330/2330 2331/2331/2331 2332/2332/2332
f 2331/2331/2331 2333/2333/2333 2332/2332/2332
f 2332/2332/2332 2333/2333/2333 2334/2334/2334
f 2333/2333/2333 2335/2335/2335 2334/2334/2334
f 2334/2334/2334 2335/2335/2335 2336/2336/2336
f 2335/2335/2335 2337/2337/2337 2336/2336/2336
f 2336/2336/2336 2337/2337/2337 2338/2338/2338
f 2337/2337/2337 2339/2339/2339 2338/2338/2338
f 2338/2338/2338 2339/2339/2339 2340/2340/2340
f 2339/2339/2339 2341/2341/2341 2340/2340/2340
f 2340/2340/2340 2341/2341/2341 2342/2342/2342
f 2341/2341/2341 2343/2343/2343 2342/2342/2342
f 2342/2342/2342 2343/2343/2343 2344/2344/2344
f 2343/2343/2343 2345/2345/2345 2344/2344/2344
f 2344/2344/2344 2345/2345/2345 2346/2346/2346
f 2345/2345/2345 2347/2347/2347 2346/2346/2346
f 2346/2346/2346 2347/2347/2347 2348/2348/2348
f 2347/2347/2347 2349/2349/2349 2348/2348/2348
f 2348/2348/2348 2349/2349/2349 2350/2350/2350
f 2349/2349/2349 2351/2351/2351 2350/2350/2350
f 2350/2350/2350 2351/2351/2351 2352/2352/2352
f 2351/2351/2351 2353/2353/2353 2352/2352/2352
f 2352/2352/2352 2353/2353/2353 2354/2354/2354
f 2353/2353/2353 2355/2355/2355 2354/2354/2354
f 2354/2354/2354 2355/2355/2355 2356/2356/2356
f 2355/2355/2355 2357/2357/2357 2356/2356/2356
f 2356/2356/2356 2357/2357/2357 2358/2358/2358
f 2357/2357/2357 2359/2359/2359 2358/2358/2358
f 2358/2358/2358 2359/2359/2359 2360/2360/2360
f 2359/2359/2359 2361/2361/2361 2360/2360/2360
f 2360/2360/2360 2361/2361/2361 2362/2362/2362
f 2361/2361/2361 2363/2363/2363 2362/2362/2362
f 2362/2362/2362 2363/2363/2363 2364/2364/2364
f 2363/2363/2363 2365/2365/2365 2364/2364/2364
f 2364/2364/2364 2365/2365/2365 2366/2366/2366
f 2365/2365/2365 2367/2367/2367 2366/2366/2366
f 2366/2366/2366 2367/2367/2367 2368/2368/2368
f 2367/2367/2367 2369/2369/2369 2368/2368/2368
f 2368/2368/2368 2369/2369/2369 2370/2370/2370
f 2369/2369/2369 2371/2371/2371 2370/2370/2370
f 2370/2370/2370 2371/2371/2371 2372/2372/2372
f 2371/2371/2371 2373/2373/2373 2372/2372/2372
f 2372/2372/2372 2373/2373/2373 2374/2374/2374
f 2373/2373/2373 2375/2375/2375 2374/2374/2374
f 2374/2374/2374 2375/2375/2375 2376/2376/2376
f 2375/2375/2375 2377/2377/2377 2376/2376/2376
f 2376/2376/2376 2377/2377/2377 2378/2378/2378
f 2377/2377/2377 2379/2379/2379 2378/2378/2378
f 2378/2378/2378 2379/2379/2379 2380/2380/2380
f 2379/2379/2379 2381/2381/2381 2380/2380/2380
f 2380/2380/2380 2381/2381/2381 2382/2382/2382
f 2381/2381/2381 2383/2383/2383 2382/2382/2382
f 2382/2382/2382 2383/2383/2383 2384/2384/2384
f 2383/2383/2383 2385/2385/2385 2384/2384/2384
f 2384/2384/2384 2385/2385/2385 2386/2386/2386
f 2385/2385/2385 2387/2387/2387 2386/2386/2386
f 2386/2386/2386 2387/2387/2387 2388/2388/2388
f 2387/2387/2387 2389/2389/2389 2388/2388/2388
f 2388/2388/2388 2389/2389/2389 2390/2390/2390
f 2389/2389/2389 2391/2391/2391 2390/2390/2390
f 2390/2390/2390 2391/2391/2391 2392/2392/2392
f 2391/2391/2391 2393/2393/2393 2392/2392/2392
f 2392/2392/2392 2393/2393/2393 2394/2394/2394
f 2393/2393/2393 2395/2395/2395 2394/2394/2394
f 2394/2394/2394 2395/2395/2395 2396/2396/2396
f 2395/2395/2395 2397/2397/2397 2396/2396/2396
f 2396/2396/2396 2397/2397/2397 2398/2398/2398
f 2397/2397/2397 2399/2399/2399 2398/2398/2398
f 2398/2398/2398 2399/2399/2399 2400/2400/2400
f 2399/2399/2399 2401/2401/2401 2400/2400/2400
f 2400/2400/2400 2401/2401/2401 2402/2402/2402
f 2401/2401/2401 2403/2403/2403 2402/2402/2402
f 2402/2402/2402 2403/2403/2403 2404/2404/2404
f 2403/2403/2403 2405/2405/2405 2404/2404/2404
f 2404/2404/2404 2405/2405/2405 2406/2406/2406
f 2405/2405/2405 2407/2407/2407 2406/2406/2406
f 2406/2406/2406 2407/2407/2407 2408/2408/2408
f 2407/2407/2407 2409/2409/2409 2408/2408/2408
f 2408/2408/2408 2409/2409/2409 2410/2410/2410
f 2409/2409/2409 2411/2411/2411 2410/2410/2410
f 2410/2410/2410 2411/2411/2411 2412/2412/2412
f 2411/2411/2411 2413/2413/2413 2412/2412/2412
f 2412/2412/2412 2413/2413/2413 2414/2414/2414
f 2413/2413/2413 2415/2415/2415 2414/2414/2414
f 2414/2414/2414 2415/2415/2415 2416/2416/2416
f 2415/2415/2415 2417/2417/2417 2416/2416/2416
f 2416/2416/2416 2417/2417/2417 2418/2418/2418
f 2417/2417/2417 2419/2419/2419 2418/2418/2418
f 2418/2418/2418 2419/2419/2419 2420/2420/2420
f 2419/2419/2419 2421/2421/2421 2420/2420/2420
f 2420/2420/2420 2421/2421/2421 2422/2422/2422
f 2421/2421/2421 2423/2423/2423 2422/2422/2422
f 2422/2422/2422 2423/2423/2423 2424/2424/2424
f 2423/2423/2423 2425/2425/2425 2424/2424/2424
f 2424/2424/2424 2425/2425/2425 2426/2426/2426
f 2425/2425/2425 2427/2427/2427 2426/2426/2426
f 2426/2426/2426 2427/2427/2427 2428/2428/2428
f 2427/2427/2427 2429/2429/2429 2428/2428/2428
f 2428/2428/2428 2429/2429/2429 2430/2430/2430
f 2429/2429/2429 2431/2431/2431 2430/2430/2430
f 2430/2430/2430 2431/2431/2431 2432/2432/2432
f 2431/2431/2431 2433/2433/2433 2432/2432/2432
f 2432/2432/2432 2433/2433/2433 2434/2434/2434
f 2433/2433/2433 2435/2435/2435 2434/2434/2434
f 2434/2434/2434 2435/2435/2435 2436/2436/2436
f 2435/2435/2435 2437/2437/2437 2436/2436/2436
f 2436/2436/2436 2437/2437/2437 2438/2438/2438
f 2437/2437/2437 2439/2439/2439 2438/2438/2438
f 2438/2438/2438 2439/2439/2439 2440/2440/2440
f 2439/2439/2439 2441/2441/2441 2440/2440/2440
f 2440/2440/2440 2441/2441/2441 2442/2442/2442
f 2441/2441/2441 2443/2443/2443 2442/2442/2442
f 2442/2442/2442 2443/2443/2443 2444/2444/2444
f 2443/2443/2443 2445/2445/2445 2444/2444/2444
f 2444/2444/2444 2445/2445/2445 2446/2446/2446
f 2445/2445/2445 2447/2447/2447 2446/2446/2446
f 2446/2446/2446 2447/2447/2447 2448/2448/2448
f 2447/2447/2447 2449/2449/2449 2448/2448/2448
f 2448/2448/2448 2449/2449/2449 2450/2450/2450
f 2449/2449/2449 2451/2451/2451 2450/2450/2450
f 2450/2450/2450 2451/2451/2451 2452/2452/2452
f 2451/2451/2451 2453/2453/2453 2452/2452/2452
f 2452/2452/2452 2453/2453/2453 2454/2454/2454
f 2453/2453/2453 2455/2455/2455 2454/2454/2454
f 2454/2454/2454 2455/2455/2455 2456/2456/2456
f 2455/2455/2455 2457/2457/2457 2456/2456/2456
f 2456/2456/2456 2457/2457/2457 2458/2458/2458
f 2457/2457/2457 2459/2459/2459 2458/2458/2458
f 2458/2458/2458 2459/2459/2459 2460/2460/2460
f 2459/2459/2459 2461/2461/2461 2460/2460/2460
f 2460/2460/2460 2461/2461/2461 2462/2462/2462
f 2461/2461/2461 2463/2463/2463 2462/2462/2462
f 2462/2462/2462 2463/2463/2463 2464/2464/2464
f 2463/2463/2463 2465/2465/2465 2464/2464/2464
f 2464/2464/2464 2465/2465/2465 2466/2466/2466
f 2465/2465/2465 2467/2467/2467 2466/2466/2466
f 2466/2466/2466 2467/2467/2467 2468/2468/2468
f 2467/2467/2467 2469/2469/2469 2468/2468/2468
f 2468/2468/2468 2469/2469/2469 2470/2470/2470
f 2469/2469/2469 2471/2471/2471 2470/2470/2470
f 2470/2470/2470 2471/2471/2471 2472/2472/2472
f 2471/2471/2471 2473/2473/2473 2472/2472/2472
f 2472/2472/2472 2473/2473/2473 2474/2474/2474
f 2473/2473/2473 2475/2475/2475 2474/2474/2474
f 2474/2474/2474 2475/2475/2475 2476/2476/2476
f 2475/2475/2475 2477/2477/2477 2476/2476/2476
f 2476/2476/2476 2477/2477/2477 2478/2478/2478
f 2477/2477/2477 2479/2479/2479 2478/2478/2478
f 2478/2478/2478 2479/2479/2479 2480/2480/2480
