# FCE4M to OBJ - Motor City Online
# NumVertices: 1120
# NumTriangles: 1716
# NumParts: 28
# HalfSize: (0.8172, 0.7173, 1.6405)

o MCity_Car

# Vertices
v -0.639943 -0.051055 -1.460045
v -0.624263 0.103189 -1.342868
v -0.001185 0.123713 -1.368168
v -0.690713 -0.012082 -1.312163
v -0.668749 0.195783 -1.206747
v -0.704781 0.148532 -1.192555
v -0.595953 0.224198 -1.225913
v -0.001185 0.236620 -1.245817
v -0.563423 0.299818 -1.087579
v -0.001185 0.303634 -1.098400
v -0.721814 -0.004458 -1.092862
v -0.727211 0.203611 -1.058671
v -0.676864 0.267424 -1.066452
v -0.739753 -0.084801 -0.931648
v -0.541217 0.305691 -0.819845
v -0.000566 0.295911 -0.847809
v -0.670529 0.285949 -0.757284
v -0.743907 0.248666 -0.810885
v -0.709213 0.268343 -0.642013
v -0.737593 -0.212996 -0.759505
v -0.712100 -0.381970 -0.677802
v -0.683605 -0.522637 -0.640586
v -0.727307 0.258402 -0.560714
v -0.605094 0.210832 0.418619
v -0.687706 -0.529935 -0.558430
v -0.658856 -0.585641 -0.070725
v -0.562908 -0.584966 0.344696
v -0.516080 0.276324 0.453967
v -0.000566 0.291805 0.442979
v -0.518077 0.257605 0.509829
v -0.586784 0.188588 0.547164
v -0.306257 0.093729 1.432460
v -0.243987 0.153307 1.472790
v -0.251585 0.289714 0.558252
v -0.001197 0.285655 0.568758
v -0.161283 0.170106 1.506082
v -0.001196 0.178377 1.523209
v -0.527826 -0.386885 0.574038
v -0.453732 -0.387126 0.975576
v -0.381048 -0.385522 1.248735
v -0.315348 -0.282716 1.422400
v -0.141737 0.144603 1.523277
v -0.001184 0.145310 1.539484
v -0.214229 0.129251 1.505428
v -0.271126 0.085213 1.490089
v -0.261421 -0.325052 1.473086
v -0.224909 -0.345424 1.517894
v -0.001210 -0.369128 1.539664
v 0.637573 -0.051055 -1.460046
v 0.621893 0.103189 -1.342869
v 0.688343 -0.012082 -1.312163
v 0.666379 0.195783 -1.206747
v 0.702411 0.148532 -1.192555
v 0.593583 0.224198 -1.225913
v 0.561053 0.299818 -1.087580
v 0.719444 -0.004458 -1.092862
v 0.724841 0.203611 -1.058671
v 0.674494 0.267424 -1.066452
v 0.737383 -0.084801 -0.931648
v 0.540085 0.305691 -0.819845
v 0.669397 0.285949 -0.757284
v 0.741537 0.248666 -0.810885
v 0.708082 0.267980 -0.643905
v 0.735223 -0.212996 -0.759505
v 0.709730 -0.381970 -0.677803
v 0.681235 -0.522637 -0.640586
v 0.726176 0.258402 -0.560714
v 0.603963 0.210832 0.418619
v 0.685336 -0.529935 -0.558430
v 0.656486 -0.585641 -0.070725
v 0.560513 -0.585136 0.344755
v 0.514950 0.276324 0.453967
v 0.515683 0.257605 0.509829
v 0.584391 0.188588 0.547164
v 0.303865 0.093729 1.432460
v 0.241594 0.153307 1.472790
v 0.249191 0.289714 0.558252
v 0.158890 0.170106 1.506082
v 0.525408 -0.386898 0.574039
v 0.451314 -0.387139 0.975577
v 0.378631 -0.385535 1.248735
v 0.312929 -0.282729 1.422400
v 0.139369 0.144603 1.523277
v 0.211862 0.129251 1.505428
v 0.268758 0.085213 1.490089
v 0.259027 -0.325065 1.473086
v 0.222099 -0.345464 1.517971
v 0.577674 -0.178425 -1.387733
v 0.577724 -0.257187 -1.237822
v 0.579279 -0.347366 -1.025238
v 0.578712 -0.499824 -0.850142
v -0.572541 -0.179315 -1.392984
v -0.571955 -0.257491 -1.240248
v -0.572829 -0.347437 -1.026892
v -0.571420 -0.499676 -0.851420
v 0.258133 -0.397172 1.457619
v -0.001210 -0.404347 1.512740
v 0.394256 -0.584918 0.576606
v 0.337492 -0.585762 0.976335
v 0.285356 -0.478797 1.246782
v -0.260554 -0.397146 1.457618
v -0.396676 -0.584892 0.576606
v -0.339912 -0.585736 0.976334
v -0.287775 -0.478771 1.246782
v -0.001185 -0.049197 -1.462670
v -0.397162 -0.386885 0.574038
v -0.341451 -0.387126 0.975576
v -0.286802 -0.385522 1.248735
v 0.394744 -0.386898 0.574039
v 0.339034 -0.387139 0.975577
v 0.284385 -0.385535 1.248735
v 0.261595 -0.425023 0.911006
v 0.255854 -0.389361 0.946365
v 0.247643 -0.423867 0.981219
v 0.253385 -0.459529 0.945860
v 0.339284 -0.433721 0.897622
v 0.370026 -0.396604 0.925282
v 0.380784 -0.435756 0.955701
v 0.350041 -0.472873 0.928041
v 0.372136 -0.538127 0.857571
v 0.421202 -0.531854 0.860264
v 0.422299 -0.555693 0.905545
v 0.373233 -0.561965 0.902853
v 0.397662 -0.553738 0.759009
v 0.445562 -0.542832 0.765931
v 0.452354 -0.589204 0.786043
v 0.404454 -0.600111 0.779121
v 0.449147 -0.562938 0.572331
v 0.495404 -0.551103 0.585546
v 0.506409 -0.599271 0.589699
v 0.460152 -0.611106 0.576484
v 0.660596 -0.537185 0.074552
v 0.708241 -0.524314 0.079580
v 0.719905 -0.571351 0.089661
v 0.672260 -0.584222 0.084633
v 0.678150 -0.549120 0.012108
v 0.722054 -0.532710 0.029109
v 0.733080 -0.579265 0.042067
v 0.689176 -0.594651 0.021927
v 0.721326 -0.544106 -0.037595
v 0.752560 -0.535853 -0.000094
v 0.760014 -0.584577 0.004420
v 0.728779 -0.592830 -0.033081
v 0.288484 -0.424678 0.700705
v 0.282742 -0.389016 0.736064
v 0.396915 -0.396260 0.714981
v 0.366172 -0.433377 0.687322
v 0.274531 -0.423522 0.770918
v 0.407672 -0.435411 0.745400
v 0.280273 -0.459184 0.735559
v 0.376929 -0.472528 0.717741
v 0.448090 -0.471794 0.634806
v 0.399025 -0.478067 0.632113
v 0.449187 -0.495633 0.680087
v 0.400121 -0.501905 0.677395
v 0.495404 -0.551103 0.585546
v 0.449147 -0.562938 0.572332
v 0.472197 -0.543977 0.655447
v 0.428003 -0.557086 0.633920
v 0.472196 -0.543977 0.655447
v 0.428003 -0.557086 0.633920
v 0.482253 -0.592153 0.662796
v 0.434365 -0.603057 0.655867
v 0.321788 -0.431007 0.588557
v 0.316047 -0.395345 0.623915
v 0.430220 -0.402589 0.602832
v 0.399477 -0.439706 0.575173
v 0.307836 -0.429851 0.658769
v 0.440977 -0.441741 0.633251
v 0.313578 -0.465513 0.623410
v 0.410234 -0.478857 0.605592
v 0.503189 -0.502549 0.539021
v 0.454123 -0.508821 0.536328
v 0.504285 -0.526388 0.584302
v 0.455220 -0.532660 0.581610
v 0.591304 -0.523763 0.407728
v 0.543746 -0.535920 0.399424
v 0.539602 -0.550737 0.543428
v 0.493131 -0.562444 0.531020
v 0.539602 -0.550737 0.543428
v 0.493131 -0.562444 0.531020
v 0.550233 -0.598712 0.549007
v 0.503896 -0.610483 0.536099
v 0.602604 -0.571466 0.413219
v 0.555097 -0.583815 0.404331
v -0.263965 -0.425023 0.911006
v -0.258223 -0.389361 0.946365
v -0.250013 -0.423867 0.981219
v -0.255754 -0.459529 0.945860
v -0.341653 -0.433721 0.897622
v -0.372396 -0.396604 0.925282
v -0.383153 -0.435756 0.955701
v -0.352411 -0.472873 0.928041
v -0.374506 -0.538127 0.857571
v -0.423572 -0.531854 0.860264
v -0.424668 -0.555693 0.905545
v -0.375602 -0.561965 0.902853
v -0.400032 -0.553738 0.759009
v -0.447931 -0.542832 0.765931
v -0.454723 -0.589204 0.786043
v -0.406824 -0.600111 0.779121
v -0.451516 -0.562938 0.572331
v -0.497774 -0.551103 0.585546
v -0.508779 -0.599271 0.589699
v -0.462522 -0.611106 0.576484
v -0.662965 -0.537185 0.074552
v -0.710611 -0.524314 0.079580
v -0.722275 -0.571351 0.089661
v -0.674629 -0.584222 0.084633
v -0.680520 -0.549120 0.012108
v -0.724424 -0.532710 0.029109
v -0.735449 -0.579265 0.042067
v -0.691545 -0.594651 0.021927
v -0.723695 -0.544106 -0.037595
v -0.754929 -0.535853 -0.000094
v -0.762383 -0.584577 0.004420
v -0.731149 -0.592830 -0.033081
v -0.290853 -0.424678 0.700705
v -0.285111 -0.389016 0.736064
v -0.399284 -0.396260 0.714981
v -0.368541 -0.433377 0.687322
v -0.276901 -0.423522 0.770918
v -0.410042 -0.435411 0.745400
v -0.282642 -0.459184 0.735559
v -0.379299 -0.472528 0.717740
v -0.450460 -0.471794 0.634806
v -0.401394 -0.478067 0.632113
v -0.451556 -0.495633 0.680087
v -0.402490 -0.501905 0.677395
v -0.497774 -0.551103 0.585546
v -0.451516 -0.562938 0.572331
v -0.474566 -0.543977 0.655447
v -0.430372 -0.557086 0.633920
v -0.474566 -0.543977 0.655447
v -0.430372 -0.557086 0.633920
v -0.484623 -0.592153 0.662796
v -0.436735 -0.603057 0.655867
v -0.324158 -0.431007 0.588557
v -0.318416 -0.395345 0.623915
v -0.432589 -0.402589 0.602832
v -0.401846 -0.439706 0.575173
v -0.310206 -0.429851 0.658769
v -0.443347 -0.441741 0.633251
v -0.315947 -0.465513 0.623410
v -0.412604 -0.478857 0.605592
v -0.505558 -0.502549 0.539021
v -0.456493 -0.508821 0.536328
v -0.506655 -0.526388 0.584302
v -0.457589 -0.532660 0.581610
v -0.593674 -0.523763 0.407728
v -0.546116 -0.535920 0.399424
v -0.541972 -0.550737 0.543428
v -0.495501 -0.562444 0.531020
v -0.541972 -0.550737 0.543428
v -0.495501 -0.562444 0.531020
v -0.552603 -0.598712 0.549007
v -0.506265 -0.610483 0.536099
v -0.604974 -0.571466 0.413219
v -0.557466 -0.583815 0.404331
v 0.261595 -0.425023 0.911006
v 0.255854 -0.389361 0.946365
v 0.247643 -0.423867 0.981219
v 0.253385 -0.459529 0.945860
v 0.339284 -0.433721 0.897622
v 0.370026 -0.396604 0.925282
v 0.380784 -0.435756 0.955701
v 0.350041 -0.472873 0.928041
v 0.372136 -0.538127 0.857571
v 0.421202 -0.531854 0.860264
v 0.422299 -0.555693 0.905545
v 0.373233 -0.561965 0.902853
v 0.397662 -0.553738 0.759009
v 0.445562 -0.542832 0.765931
v 0.452354 -0.589204 0.786043
v 0.404454 -0.600111 0.779121
v 0.449147 -0.562938 0.572331
v 0.495404 -0.551103 0.585546
v 0.506409 -0.599271 0.589699
v 0.460152 -0.611106 0.576484
v 0.660596 -0.537185 0.074552
v 0.708241 -0.524314 0.079580
v 0.719905 -0.571351 0.089661
v 0.672260 -0.584222 0.084633
v 0.678150 -0.549120 0.012108
v 0.722054 -0.532710 0.029109
v 0.733080 -0.579265 0.042067
v 0.689176 -0.594651 0.021927
v 0.721326 -0.544106 -0.037595
v 0.752560 -0.535853 -0.000094
v 0.760014 -0.584577 0.004420
v 0.728779 -0.592830 -0.033081
v 0.288484 -0.424678 0.700705
v 0.282742 -0.389016 0.736064
v 0.396915 -0.396260 0.714981
v 0.366172 -0.433377 0.687322
v 0.274531 -0.423522 0.770918
v 0.407672 -0.435411 0.745400
v 0.280273 -0.459184 0.735559
v 0.376929 -0.472528 0.717741
v 0.448090 -0.471794 0.634806
v 0.399025 -0.478067 0.632113
v 0.449187 -0.495633 0.680087
v 0.400121 -0.501905 0.677395
v 0.495404 -0.551103 0.585546
v 0.449147 -0.562938 0.572332
v 0.472197 -0.543977 0.655447
v 0.428003 -0.557086 0.633920
v 0.472196 -0.543977 0.655447
v 0.428003 -0.557086 0.633920
v 0.482253 -0.592153 0.662796
v 0.434365 -0.603057 0.655867
v 0.321788 -0.431007 0.588557
v 0.316047 -0.395345 0.623915
v 0.430220 -0.402589 0.602832
v 0.399477 -0.439706 0.575173
v 0.307836 -0.429851 0.658769
v 0.440977 -0.441741 0.633251
v 0.313578 -0.465513 0.623410
v 0.410234 -0.478857 0.605592
v 0.503189 -0.502549 0.539021
v 0.454123 -0.508821 0.536328
v 0.504285 -0.526388 0.584302
v 0.455220 -0.532660 0.581610
v 0.591304 -0.523763 0.407728
v 0.543746 -0.535920 0.399424
v 0.539602 -0.550737 0.543428
v 0.493131 -0.562444 0.531020
v 0.539602 -0.550737 0.543428
v 0.493131 -0.562444 0.531020
v 0.550233 -0.598712 0.549007
v 0.503896 -0.610483 0.536099
v 0.602604 -0.571466 0.413219
v 0.555097 -0.583815 0.404331
v -0.263965 -0.425023 0.911006
v -0.258223 -0.389361 0.946365
v -0.250013 -0.423867 0.981219
v -0.255754 -0.459529 0.945860
v -0.341653 -0.433721 0.897622
v -0.372396 -0.396604 0.925282
v -0.383153 -0.435756 0.955701
v -0.352411 -0.472873 0.928041
v -0.374506 -0.538127 0.857571
v -0.423572 -0.531854 0.860264
v -0.424668 -0.555693 0.905545
v -0.375602 -0.561965 0.902853
v -0.400032 -0.553738 0.759009
v -0.447931 -0.542832 0.765931
v -0.454723 -0.589204 0.786043
v -0.406824 -0.600111 0.779121
v -0.451516 -0.562938 0.572331
v -0.497774 -0.551103 0.585546
v -0.508779 -0.599271 0.589699
v -0.462522 -0.611106 0.576484
v -0.662965 -0.537185 0.074552
v -0.710611 -0.524314 0.079580
v -0.722275 -0.571351 0.089661
v -0.674629 -0.584222 0.084633
v -0.680520 -0.549120 0.012108
v -0.724424 -0.532710 0.029109
v -0.735449 -0.579265 0.042067
v -0.691545 -0.594651 0.021927
v -0.723695 -0.544106 -0.037595
v -0.754929 -0.535853 -0.000094
v -0.762383 -0.584577 0.004420
v -0.731149 -0.592830 -0.033081
v -0.290853 -0.424678 0.700705
v -0.285111 -0.389016 0.736064
v -0.399284 -0.396260 0.714981
v -0.368541 -0.433377 0.687322
v -0.276901 -0.423522 0.770918
v -0.410042 -0.435411 0.745400
v -0.282642 -0.459184 0.735559
v -0.379299 -0.472528 0.717740
v -0.450460 -0.471794 0.634806
v -0.401394 -0.478067 0.632113
v -0.451556 -0.495633 0.680087
v -0.402490 -0.501905 0.677395
v -0.497774 -0.551103 0.585546
v -0.451516 -0.562938 0.572331
v -0.474566 -0.543977 0.655447
v -0.430372 -0.557086 0.633920
v -0.474566 -0.543977 0.655447
v -0.430372 -0.557086 0.633920
v -0.484623 -0.592153 0.662796
v -0.436735 -0.603057 0.655867
v -0.324158 -0.431007 0.588557
v -0.318416 -0.395345 0.623915
v -0.432589 -0.402589 0.602832
v -0.401846 -0.439706 0.575173
v -0.310206 -0.429851 0.658769
v -0.443347 -0.441741 0.633251
v -0.315947 -0.465513 0.623410
v -0.412604 -0.478857 0.605592
v -0.505558 -0.502549 0.539021
v -0.456493 -0.508821 0.536328
v -0.506655 -0.526388 0.584302
v -0.457589 -0.532660 0.581610
v -0.593674 -0.523763 0.407728
v -0.546116 -0.535920 0.399424
v -0.541972 -0.550737 0.543428
v -0.495501 -0.562444 0.531020
v -0.541972 -0.550737 0.543428
v -0.495501 -0.562444 0.531020
v -0.552603 -0.598712 0.549007
v -0.506265 -0.610483 0.536099
v -0.604974 -0.571466 0.413219
v -0.557466 -0.583815 0.404331
v 0.261595 -0.425023 0.911006
v 0.255854 -0.389361 0.946365
v 0.247643 -0.423867 0.981219
v 0.253385 -0.459529 0.945860
v 0.339284 -0.433721 0.897622
v 0.370026 -0.396604 0.925282
v 0.380784 -0.435756 0.955701
v 0.350041 -0.472873 0.928041
v 0.372136 -0.538127 0.857571
v 0.421202 -0.531854 0.860264
v 0.422299 -0.555693 0.905545
v 0.373233 -0.561965 0.902853
v 0.397662 -0.553738 0.759009
v 0.445562 -0.542832 0.765931
v 0.452354 -0.589204 0.786043
v 0.404454 -0.600111 0.779121
v 0.449147 -0.562938 0.572331
v 0.495404 -0.551103 0.585546
v 0.506409 -0.599271 0.589699
v 0.460152 -0.611106 0.576484
v 0.660596 -0.537185 0.074552
v 0.708241 -0.524314 0.079580
v 0.719905 -0.571351 0.089661
v 0.672260 -0.584222 0.084633
v 0.678150 -0.549120 0.012108
v 0.722054 -0.532710 0.029109
v 0.733080 -0.579265 0.042067
v 0.689176 -0.594651 0.021927
v 0.721326 -0.544106 -0.037595
v 0.752560 -0.535853 -0.000094
v 0.760014 -0.584577 0.004420
v 0.728779 -0.592830 -0.033081
v 0.288484 -0.424678 0.700705
v 0.282742 -0.389016 0.736064
v 0.396915 -0.396260 0.714981
v 0.366172 -0.433377 0.687322
v 0.274531 -0.423522 0.770918
v 0.407672 -0.435411 0.745400
v 0.280273 -0.459184 0.735559
v 0.376929 -0.472528 0.717741
v 0.448090 -0.471794 0.634806
v 0.399025 -0.478067 0.632113
v 0.449187 -0.495633 0.680087
v 0.400121 -0.501905 0.677395
v 0.495404 -0.551103 0.585546
v 0.449147 -0.562938 0.572332
v 0.472197 -0.543977 0.655447
v 0.428003 -0.557086 0.633920
v 0.472196 -0.543977 0.655447
v 0.428003 -0.557086 0.633920
v 0.482253 -0.592153 0.662796
v 0.434365 -0.603057 0.655867
v 0.321788 -0.431007 0.588557
v 0.316047 -0.395345 0.623915
v 0.430220 -0.402589 0.602832
v 0.399477 -0.439706 0.575173
v 0.307836 -0.429851 0.658769
v 0.440977 -0.441741 0.633251
v 0.313578 -0.465513 0.623410
v 0.410234 -0.478857 0.605592
v 0.503189 -0.502549 0.539021
v 0.454123 -0.508821 0.536328
v 0.504285 -0.526388 0.584302
v 0.455220 -0.532660 0.581610
v 0.591304 -0.523763 0.407728
v 0.543746 -0.535920 0.399424
v 0.539602 -0.550737 0.543428
v 0.493131 -0.562444 0.531020
v 0.539602 -0.550737 0.543428
v 0.493131 -0.562444 0.531020
v 0.550233 -0.598712 0.549007
v 0.503896 -0.610483 0.536099
v 0.602604 -0.571466 0.413219
v 0.555097 -0.583815 0.404331
v -0.263965 -0.425023 0.911006
v -0.258223 -0.389361 0.946365
v -0.250013 -0.423867 0.981219
v -0.255754 -0.459529 0.945860
v -0.341653 -0.433721 0.897622
v -0.372396 -0.396604 0.925282
v -0.383153 -0.435756 0.955701
v -0.352411 -0.472873 0.928041
v -0.374506 -0.538127 0.857571
v -0.423572 -0.531854 0.860264
v -0.424668 -0.555693 0.905545
v -0.375602 -0.561965 0.902853
v -0.400032 -0.553738 0.759009
v -0.447931 -0.542832 0.765931
v -0.454723 -0.589204 0.786043
v -0.406824 -0.600111 0.779121
v -0.451516 -0.562938 0.572331
v -0.497774 -0.551103 0.585546
v -0.508779 -0.599271 0.589699
v -0.462522 -0.611106 0.576484
v -0.662965 -0.537185 0.074552
v -0.710611 -0.524314 0.079580
v -0.722275 -0.571351 0.089661
v -0.674629 -0.584222 0.084633
v -0.680520 -0.549120 0.012108
v -0.724424 -0.532710 0.029109
v -0.735449 -0.579265 0.042067
v -0.691545 -0.594651 0.021927
v -0.723695 -0.544106 -0.037595
v -0.754929 -0.535853 -0.000094
v -0.762383 -0.584577 0.004420
v -0.731149 -0.592830 -0.033081
v -0.290853 -0.424678 0.700705
v -0.285111 -0.389016 0.736064
v -0.399284 -0.396260 0.714981
v -0.368541 -0.433377 0.687322
v -0.276901 -0.423522 0.770918
v -0.410042 -0.435411 0.745400
v -0.282642 -0.459184 0.735559
v -0.379299 -0.472528 0.717740
v -0.450460 -0.471794 0.634806
v -0.401394 -0.478067 0.632113
v -0.451556 -0.495633 0.680087
v -0.402490 -0.501905 0.677395
v -0.497774 -0.551103 0.585546
v -0.451516 -0.562938 0.572331
v -0.474566 -0.543977 0.655447
v -0.430372 -0.557086 0.633920
v -0.474566 -0.543977 0.655447
v -0.430372 -0.557086 0.633920
v -0.484623 -0.592153 0.662796
v -0.436735 -0.603057 0.655867
v -0.324158 -0.431007 0.588557
v -0.318416 -0.395345 0.623915
v -0.432589 -0.402589 0.602832
v -0.401846 -0.439706 0.575173
v -0.310206 -0.429851 0.658769
v -0.443347 -0.441741 0.633251
v -0.315947 -0.465513 0.623410
v -0.412604 -0.478857 0.605592
v -0.505558 -0.502549 0.539021
v -0.456493 -0.508821 0.536328
v -0.506655 -0.526388 0.584302
v -0.457589 -0.532660 0.581610
v -0.593674 -0.523763 0.407728
v -0.546116 -0.535920 0.399424
v -0.541972 -0.550737 0.543428
v -0.495501 -0.562444 0.531020
v -0.541972 -0.550737 0.543428
v -0.495501 -0.562444 0.531020
v -0.552603 -0.598712 0.549007
v -0.506265 -0.610483 0.536099
v -0.604974 -0.571466 0.413219
v -0.557466 -0.583815 0.404331
v 0.261595 -0.425023 0.911006
v 0.255854 -0.389361 0.946365
v 0.247643 -0.423867 0.981219
v 0.253385 -0.459529 0.945860
v 0.339284 -0.433721 0.897622
v 0.370026 -0.396604 0.925282
v 0.380784 -0.435756 0.955701
v 0.350041 -0.472873 0.928041
v 0.372136 -0.538127 0.857571
v 0.421202 -0.531854 0.860264
v 0.422299 -0.555693 0.905545
v 0.373233 -0.561965 0.902853
v 0.397662 -0.553738 0.759009
v 0.445562 -0.542832 0.765931
v 0.452354 -0.589204 0.786043
v 0.404454 -0.600111 0.779121
v 0.449147 -0.562938 0.572331
v 0.495404 -0.551103 0.585546
v 0.506409 -0.599271 0.589699
v 0.460152 -0.611106 0.576484
v 0.660596 -0.537185 0.074552
v 0.708241 -0.524314 0.079580
v 0.719905 -0.571351 0.089661
v 0.672260 -0.584222 0.084633
v 0.678150 -0.549120 0.012108
v 0.722054 -0.532710 0.029109
v 0.733080 -0.579265 0.042067
v 0.689176 -0.594651 0.021927
v 0.721326 -0.544106 -0.037595
v 0.752560 -0.535853 -0.000094
v 0.760014 -0.584577 0.004420
v 0.728779 -0.592830 -0.033081
v 0.288484 -0.424678 0.700705
v 0.282742 -0.389016 0.736064
v 0.396915 -0.396260 0.714981
v 0.366172 -0.433377 0.687322
v 0.274531 -0.423522 0.770918
v 0.407672 -0.435411 0.745400
v 0.280273 -0.459184 0.735559
v 0.376929 -0.472528 0.717741
v 0.448090 -0.471794 0.634806
v 0.399025 -0.478067 0.632113
v 0.449187 -0.495633 0.680087
v 0.400121 -0.501905 0.677395
v 0.495404 -0.551103 0.585546
v 0.449147 -0.562938 0.572332
v 0.472197 -0.543977 0.655447
v 0.428003 -0.557086 0.633920
v 0.472196 -0.543977 0.655447
v 0.428003 -0.557086 0.633920
v 0.482253 -0.592153 0.662796
v 0.434365 -0.603057 0.655867
v 0.321788 -0.431007 0.588557
v 0.316047 -0.395345 0.623915
v 0.430220 -0.402589 0.602832
v 0.399477 -0.439706 0.575173
v 0.307836 -0.429851 0.658769
v 0.440977 -0.441741 0.633251
v 0.313578 -0.465513 0.623410
v 0.410234 -0.478857 0.605592
v 0.503189 -0.502549 0.539021
v 0.454123 -0.508821 0.536328
v 0.504285 -0.526388 0.584302
v 0.455220 -0.532660 0.581610
v 0.591304 -0.523763 0.407728
v 0.543746 -0.535920 0.399424
v 0.539602 -0.550737 0.543428
v 0.493131 -0.562444 0.531020
v 0.539602 -0.550737 0.543428
v 0.493131 -0.562444 0.531020
v 0.550233 -0.598712 0.549007
v 0.503896 -0.610483 0.536099
v 0.602604 -0.571466 0.413219
v 0.555097 -0.583815 0.404331
v -0.263965 -0.425023 0.911006
v -0.258223 -0.389361 0.946365
v -0.250013 -0.423867 0.981219
v -0.255754 -0.459529 0.945860
v -0.341653 -0.433721 0.897622
v -0.372396 -0.396604 0.925282
v -0.383153 -0.435756 0.955701
v -0.352411 -0.472873 0.928041
v -0.374506 -0.538127 0.857571
v -0.423572 -0.531854 0.860264
v -0.424668 -0.555693 0.905545
v -0.375602 -0.561965 0.902853
v -0.400032 -0.553738 0.759009
v -0.447931 -0.542832 0.765931
v -0.454723 -0.589204 0.786043
v -0.406824 -0.600111 0.779121
v -0.451516 -0.562938 0.572331
v -0.497774 -0.551103 0.585546
v -0.508779 -0.599271 0.589699
v -0.462522 -0.611106 0.576484
v -0.662965 -0.537185 0.074552
v -0.710611 -0.524314 0.079580
v -0.722275 -0.571351 0.089661
v -0.674629 -0.584222 0.084633
v -0.680520 -0.549120 0.012108
v -0.724424 -0.532710 0.029109
v -0.735449 -0.579265 0.042067
v -0.691545 -0.594651 0.021927
v -0.723695 -0.544106 -0.037595
v -0.754929 -0.535853 -0.000094
v -0.762383 -0.584577 0.004420
v -0.731149 -0.592830 -0.033081
v -0.290853 -0.424678 0.700705
v -0.285111 -0.389016 0.736064
v -0.399284 -0.396260 0.714981
v -0.368541 -0.433377 0.687322
v -0.276901 -0.423522 0.770918
v -0.410042 -0.435411 0.745400
v -0.282642 -0.459184 0.735559
v -0.379299 -0.472528 0.717740
v -0.450460 -0.471794 0.634806
v -0.401394 -0.478067 0.632113
v -0.451556 -0.495633 0.680087
v -0.402490 -0.501905 0.677395
v -0.497774 -0.551103 0.585546
v -0.451516 -0.562938 0.572331
v -0.474566 -0.543977 0.655447
v -0.430372 -0.557086 0.633920
v -0.474566 -0.543977 0.655447
v -0.430372 -0.557086 0.633920
v -0.484623 -0.592153 0.662796
v -0.436735 -0.603057 0.655867
v -0.324158 -0.431007 0.588557
v -0.318416 -0.395345 0.623915
v -0.432589 -0.402589 0.602832
v -0.401846 -0.439706 0.575173
v -0.310206 -0.429851 0.658769
v -0.443347 -0.441741 0.633251
v -0.315947 -0.465513 0.623410
v -0.412604 -0.478857 0.605592
v -0.505558 -0.502549 0.539021
v -0.456493 -0.508821 0.536328
v -0.506655 -0.526388 0.584302
v -0.457589 -0.532660 0.581610
v -0.593674 -0.523763 0.407728
v -0.546116 -0.535920 0.399424
v -0.541972 -0.550737 0.543428
v -0.495501 -0.562444 0.531020
v -0.541972 -0.550737 0.543428
v -0.495501 -0.562444 0.531020
v -0.552603 -0.598712 0.549007
v -0.506265 -0.610483 0.536099
v -0.604974 -0.571466 0.413219
v -0.557466 -0.583815 0.404331
v -0.659721 -0.469228 1.388077
v -0.566855 -0.469228 1.388077
v -0.373953 -0.523261 1.388077
v -0.659721 -0.426334 1.388077
v -0.566855 -0.426334 1.388077
v -0.373953 -0.480367 1.388077
v -0.659721 -0.469228 1.440970
v -0.566855 -0.469228 1.440971
v -0.373953 -0.523261 1.440971
v -0.659721 -0.426334 1.440970
v -0.566855 -0.426334 1.440971
v -0.373953 -0.480367 1.440971
v 0.659173 -0.469228 1.388077
v 0.566307 -0.469228 1.388077
v 0.373184 -0.523261 1.388077
v 0.659173 -0.426334 1.388077
v 0.566307 -0.426334 1.388077
v 0.373184 -0.480367 1.388077
v 0.659173 -0.469228 1.440971
v 0.566307 -0.469228 1.440971
v 0.373184 -0.523261 1.440971
v 0.659173 -0.426334 1.440971
v 0.566307 -0.426334 1.440971
v 0.373184 -0.480367 1.440971
v -0.333653 -0.481692 1.396167
v -0.370046 -0.481840 1.396167
v -0.353933 -0.370449 1.495755
v -0.384785 -0.370698 1.495755
v -0.333653 -0.481692 1.432121
v -0.370046 -0.481840 1.432121
v -0.353933 -0.370449 1.542872
v -0.384785 -0.370698 1.542872
v 0.334931 -0.481161 1.396167
v 0.371323 -0.481150 1.396167
v 0.355988 -0.368754 1.495755
v 0.385069 -0.370698 1.495755
v 0.334931 -0.481161 1.432121
v 0.371323 -0.481150 1.432121
v 0.355988 -0.368754 1.542872
v 0.385069 -0.370698 1.542872
v -0.369964 -0.363212 1.456093
v -0.284498 -0.304214 1.580519
v -0.264322 -0.363212 1.580519
v -0.337319 -0.267751 1.580519
v -0.402609 -0.267751 1.580519
v -0.455430 -0.304214 1.580519
v -0.475606 -0.363212 1.580519
v -0.455430 -0.422211 1.580519
v -0.402609 -0.458674 1.580519
v -0.337319 -0.458674 1.580519
v -0.284498 -0.422211 1.580519
v -0.369964 -0.363212 1.605200
v 0.284901 -0.306724 1.580520
v 0.370367 -0.365722 1.456093
v 0.264725 -0.365722 1.580520
v 0.337722 -0.270261 1.580520
v 0.403013 -0.270261 1.580520
v 0.455834 -0.306724 1.580520
v 0.476010 -0.365722 1.580520
v 0.455834 -0.424721 1.580520
v 0.403013 -0.461184 1.580520
v 0.337722 -0.461184 1.580520
v 0.284901 -0.424721 1.580520
v 0.370367 -0.365722 1.605200
v -0.142115 -0.539692 -0.655781
v -0.142115 -0.514863 -0.653827
v -0.075071 -0.621718 -0.671716
v -0.039328 -0.554337 -0.471090
v -0.039328 -0.529399 -0.469128
v -0.075071 -0.509133 -0.726640
v -0.075071 -0.552922 -0.730086
v 0.078584 -0.621718 -0.671716
v 0.042841 -0.554337 -0.471090
v 0.042841 -0.529399 -0.469128
v 0.078584 -0.509133 -0.726640
v 0.078584 -0.552922 -0.730086
v 0.145627 -0.539692 -0.655781
v 0.145627 -0.514863 -0.653827
v -0.142115 -0.539692 -0.655781
v -0.075071 -0.621718 -0.671716
v -0.075071 -0.552922 -0.730086
v -0.598993 0.269374 0.317130
v -0.679218 0.355644 0.345489
v -0.598993 0.269658 0.357544
v -0.678974 0.356242 0.274389
v -0.747476 0.356242 0.274389
v -0.713225 0.416908 0.274860
v -0.644723 0.416908 0.274860
v -0.610473 0.356242 0.274389
v -0.644723 0.298505 0.275254
v -0.713225 0.298505 0.275254
v -0.678974 0.355633 0.345510
v 0.597777 0.269374 0.317130
v 0.678002 0.355644 0.345489
v 0.597777 0.269658 0.357544
v 0.677758 0.356242 0.274389
v 0.746260 0.356242 0.274389
v 0.712009 0.416908 0.274860
v 0.643507 0.416908 0.274860
v 0.609256 0.356242 0.274389
v 0.643507 0.298505 0.275254
v 0.712009 0.298505 0.275254
v 0.677758 0.355633 0.345510
v 0.578579 0.552243 -0.563185
v 0.520115 0.552243 -0.563185
v -0.518377 0.552243 -0.563185
v -0.576841 0.552243 -0.563185
v 0.578579 0.615825 -0.586147
v 0.520115 0.615825 -0.586147
v -0.518377 0.615825 -0.586147
v -0.576841 0.615825 -0.586147
v 0.578579 0.585845 -0.369901
v 0.520115 0.585845 -0.369901
v -0.518377 0.585845 -0.369901
v -0.576841 0.585845 -0.369901
v 0.578579 0.644460 -0.369606
v 0.520115 0.644460 -0.369607
v -0.518377 0.644460 -0.369607
v -0.576841 0.644460 -0.369606
v 0.507201 0.517234 0.287922
v 0.455960 0.517234 0.287922
v 0.455960 0.572012 0.289292
v 0.507201 0.572012 0.289292
v -0.454222 0.572012 0.289292
v -0.454222 0.517234 0.287922
v -0.505463 0.517234 0.287922
v -0.505463 0.572012 0.289292
v 0.542081 0.246882 -0.687555
v 0.542081 0.267290 -0.752960
v 0.487310 0.267290 -0.752960
v 0.487311 0.246882 -0.687555
v -0.485572 0.246882 -0.687555
v -0.485573 0.267290 -0.752960
v -0.540343 0.267290 -0.752960
v -0.540343 0.246881 -0.687555
v -0.541217 0.305691 -0.819845
v -0.000566 0.295911 -0.847809
v -0.670529 0.285949 -0.757284
v -0.709213 0.268343 -0.642013
v -0.727307 0.258402 -0.560714
v -0.605094 0.210832 0.418619
v -0.516080 0.276324 0.453967
v -0.000566 0.291805 0.442979
v 0.540085 0.305691 -0.819845
v 0.669397 0.285949 -0.757284
v 0.708082 0.267980 -0.643905
v 0.726176 0.258402 -0.560714
v 0.603963 0.210832 0.418619
v 0.514950 0.276324 0.453967
v -0.540118 -0.499890 0.220113
v 0.539518 -0.501068 0.220717
v -0.611644 -0.287052 -0.322758
v 0.611751 -0.287052 -0.322758
v 0.562782 -0.247617 0.117778
v -0.562674 -0.246125 0.117817
v 0.515322 -0.019637 0.343794
v -0.514893 -0.019200 0.345865
v -0.078852 0.282614 0.322008
v -0.477852 0.282614 0.322008
v -0.477852 -0.074692 0.139951
v -0.078852 -0.074692 0.139951
v -0.393796 0.475839 -0.813401
v -0.410663 0.368637 -0.834526
v -0.001185 0.367934 -0.834712
v -0.279010 0.511972 -0.806994
v -0.001185 0.517754 -0.807991
v -0.683539 0.444294 -0.467671
v -0.658067 0.559159 -0.446278
v -0.694787 0.324757 -0.462205
v -0.606818 0.303354 0.339831
v -0.639201 0.559255 -0.128502
v -0.616072 0.514073 0.238950
v -0.336403 0.493718 -0.809132
v 0.391427 0.475839 -0.813401
v 0.408293 0.368637 -0.834526
v 0.276640 0.511972 -0.806994
v 0.681170 0.444294 -0.467671
v 0.655697 0.559159 -0.446278
v 0.692418 0.324757 -0.462205
v 0.604449 0.303354 0.339831
v 0.636832 0.559255 -0.128502
v 0.613702 0.514073 0.238950
v 0.334033 0.493718 -0.809132
v -0.600912 0.420791 0.303810
v 0.598543 0.420791 0.303810
v -0.605094 0.210832 0.418619
v -0.516080 0.276324 0.453967
v -0.000566 0.291805 0.442979
v 0.603963 0.210832 0.418619
v 0.514950 0.276324 0.453967
v -0.606818 0.303354 0.339831
v -0.474430 0.588407 0.287290
v -0.001185 0.584185 0.294600
v -0.554275 0.576882 0.282532
v -0.616072 0.514073 0.238950
v 0.604449 0.303354 0.339831
v 0.472060 0.588407 0.287290
v 0.551906 0.576882 0.282532
v 0.613702 0.514073 0.238950
v -0.483184 0.528900 0.349584
v -0.001185 0.532472 0.342439
v -0.555130 0.480404 0.322485
v -0.600912 0.420791 0.303810
v -0.548480 0.316668 0.435617
v -0.001185 0.315906 0.418449
v -0.258478 0.316303 0.427032
v -0.516189 0.515616 0.344251
v 0.480814 0.528900 0.349584
v 0.552760 0.480404 0.322485
v 0.598543 0.420791 0.303810
v 0.546110 0.316668 0.435617
v 0.256108 0.316303 0.427033
v 0.513819 0.515616 0.344181
v -0.541217 0.305691 -0.819845
v -0.000566 0.295911 -0.847809
v -0.670529 0.285949 -0.757284
v -0.709213 0.268343 -0.642013
v -0.727307 0.258402 -0.560714
v -0.605094 0.210832 0.418619
v 0.540085 0.305691 -0.819845
v 0.669397 0.285949 -0.757284
v 0.708082 0.267980 -0.643905
v 0.726176 0.258402 -0.560714
v 0.603963 0.210832 0.418619
v -0.633692 0.542953 -0.613454
v -0.664706 0.524426 -0.564014
v -0.601884 0.548051 -0.706736
v -0.545148 0.566887 -0.738746
v -0.393796 0.475839 -0.813401
v -0.410663 0.368637 -0.834526
v -0.001185 0.367934 -0.834712
v -0.279010 0.511972 -0.806994
v -0.001185 0.573219 -0.762722
v -0.001185 0.517754 -0.807991
v -0.001185 0.641008 -0.666714
v -0.572913 0.628277 -0.641413
v -0.616634 0.625614 -0.494874
v -0.549126 0.661625 -0.520103
v -0.683539 0.444294 -0.467671
v -0.658067 0.559159 -0.446278
v -0.694787 0.324757 -0.462205
v -0.606818 0.303354 0.339831
v -0.639201 0.559255 -0.128502
v -0.594212 0.637029 -0.116582
v -0.525848 0.664142 -0.126261
v -0.001185 0.664061 -0.534975
v -0.001185 0.663736 -0.128990
v -0.474430 0.588407 0.287290
v -0.001185 0.584185 0.294600
v -0.554275 0.576882 0.282532
v -0.616072 0.514073 0.238950
v -0.336403 0.493718 -0.809132
v 0.631322 0.542953 -0.613454
v 0.662336 0.524426 -0.564014
v 0.599514 0.548051 -0.706736
v 0.542778 0.566887 -0.738746
v 0.391427 0.475839 -0.813401
v 0.408293 0.368637 -0.834526
v 0.276640 0.511972 -0.806994
v 0.570543 0.628277 -0.641413
v 0.614264 0.625614 -0.494874
v 0.546756 0.661625 -0.520103
v 0.681170 0.444294 -0.467671
v 0.655697 0.559159 -0.446278
v 0.692418 0.324757 -0.462205
v 0.604449 0.303354 0.339831
v 0.636832 0.559255 -0.128502
v 0.591842 0.637029 -0.116582
v 0.523478 0.664142 -0.126261
v 0.472060 0.588407 0.287290
v 0.551906 0.576882 0.282532
v 0.613702 0.514073 0.238950
v 0.334033 0.493718 -0.809132
v 0.096894 0.484620 0.268107
v -0.096917 0.484620 0.268107
v 0.096894 0.535393 0.268107
v -0.096917 0.535393 0.268107
v 0.007204 0.531932 0.268107
v -0.007623 0.531932 0.268107
v 0.007204 0.583946 0.289067
v -0.007623 0.583946 0.289067
v 0.100000 -0.100000 -0.100000
v -0.100000 -0.100000 -0.100000
v 0.100000 0.100000 -0.100000
v -0.100000 0.100000 -0.100000
v 0.100000 -0.100000 0.100000
v -0.100000 -0.100000 0.100000
v 0.100000 0.100000 0.100000
v -0.100000 0.100000 0.100000
v 0.100000 -0.100000 0.100000
v -0.100000 -0.100000 0.100000
v 0.100000 -0.100000 -0.100000
v -0.100000 -0.100000 -0.100000
v 0.100000 0.100000 0.100000
v -0.100000 0.100000 0.100000
v 0.100000 0.100000 -0.100000
v -0.100000 0.100000 -0.100000
v -0.100000 -0.100000 0.100000
v 0.100000 -0.100000 0.100000
v -0.100000 -0.100000 -0.100000
v 0.100000 -0.100000 -0.100000
v -0.100000 0.100000 0.100000
v 0.100000 0.100000 0.100000
v -0.100000 0.100000 -0.100000
v 0.100000 0.100000 -0.100000
v 0.100000 -0.100000 0.100000
v -0.100000 -0.100000 0.100000
v 0.100000 -0.100000 -0.100000
v -0.100000 -0.100000 -0.100000
v 0.100000 0.100000 0.100000
v -0.100000 0.100000 0.100000
v 0.100000 0.100000 -0.100000
v -0.100000 0.100000 -0.100000
v -0.100000 -0.100000 0.100000
v 0.100000 -0.100000 0.100000
v -0.100000 -0.100000 -0.100000
v 0.100000 -0.100000 -0.100000
v -0.100000 0.100000 0.100000
v 0.100000 0.100000 0.100000
v -0.100000 0.100000 -0.100000
v 0.100000 0.100000 -0.100000
v 0.030000 -0.030000 0.030000
v -0.030000 -0.030000 0.030000
v 0.030000 -0.030000 -0.030000
v -0.030000 -0.030000 -0.030000
v 0.030000 0.030000 0.030000
v -0.030000 0.030000 0.030000
v 0.030000 0.030000 -0.030000
v -0.030000 0.030000 -0.030000
v 0.030000 -0.030000 0.030000
v -0.030000 -0.030000 0.030000
v 0.030000 -0.030000 -0.030000
v -0.030000 -0.030000 -0.030000
v 0.030000 0.030000 0.030000
v -0.030000 0.030000 0.030000
v 0.030000 0.030000 -0.030000
v -0.030000 0.030000 -0.030000
v 0.100000 -0.100000 0.100000
v 0.100000 -0.100000 -0.100000
v 0.100000 0.100000 0.100000
v 0.100000 0.100000 -0.100000
v -0.100000 -0.100000 0.100000
v -0.100000 -0.100000 -0.100000
v -0.100000 0.100000 0.100000
v -0.100000 0.100000 -0.100000
v -0.125000 -0.125000 -0.125000
v -0.125000 -0.125000 0.125000
v -0.125000 0.125000 -0.125000
v -0.125000 0.125000 0.125000
v 0.125000 -0.125000 -0.125000
v 0.125000 -0.125000 0.125000
v 0.125000 0.125000 -0.125000
v 0.125000 0.125000 0.125000
v -0.050000 -0.050000 -0.050000
v -0.050000 -0.050000 0.050000
v -0.050000 0.050000 -0.050000
v -0.050000 0.050000 0.050000
v 0.050000 -0.050000 -0.050000
v 0.050000 -0.050000 0.050000
v 0.050000 0.050000 -0.050000
v 0.050000 0.050000 0.050000
v -0.075000 -0.075000 -0.075000
v -0.075000 -0.075000 0.075000
v -0.075000 0.075000 -0.075000
v -0.075000 0.075000 0.075000
v 0.075000 -0.075000 -0.075000
v 0.075000 -0.075000 0.075000
v 0.075000 0.075000 -0.075000
v 0.075000 0.075000 0.075000
v -0.050000 -0.050000 0.050000
v 0.050000 -0.050000 0.050000
v -0.050000 0.050000 0.050000
v 0.050000 0.050000 0.050000
v -0.050000 -0.050000 -0.050000
v 0.050000 -0.050000 -0.050000
v -0.050000 0.050000 -0.050000
v 0.050000 0.050000 -0.050000
v 0.050000 -0.050000 0.050000
v 0.050000 -0.050000 -0.050000
v 0.050000 0.050000 0.050000
v 0.050000 0.050000 -0.050000
v -0.050000 -0.050000 0.050000
v -0.050000 -0.050000 -0.050000
v -0.050000 0.050000 0.050000
v -0.050000 0.050000 -0.050000
v 0.025000 -0.025000 0.025000
v -0.025000 -0.025000 0.025000
v 0.025000 -0.025000 -0.025000
v -0.025000 -0.025000 -0.025000
v 0.025000 0.025000 0.025000
v -0.025000 0.025000 0.025000
v 0.025000 0.025000 -0.025000
v -0.025000 0.025000 -0.025000
v 0.025000 -0.025000 0.025000
v -0.025000 -0.025000 0.025000
v 0.025000 -0.025000 -0.025000
v -0.025000 -0.025000 -0.025000
v 0.025000 0.025000 0.025000
v -0.025000 0.025000 0.025000
v 0.025000 0.025000 -0.025000
v -0.025000 0.025000 -0.025000
v 0.025000 -0.025000 0.025000
v -0.025000 -0.025000 0.025000
v 0.025000 -0.025000 -0.025000
v -0.025000 -0.025000 -0.025000
v 0.025000 0.025000 0.025000
v -0.025000 0.025000 0.025000
v 0.025000 0.025000 -0.025000
v -0.025000 0.025000 -0.025000
v 0.050000 -0.050000 0.050000
v 0.050000 -0.050000 -0.050000
v 0.050000 0.050000 0.050000
v 0.050000 0.050000 -0.050000
v -0.050000 -0.050000 0.050000
v -0.050000 -0.050000 -0.050000
v -0.050000 0.050000 0.050000
v -0.050000 0.050000 -0.050000

# Normals
vn -0.747943 0.041049 -0.662492
vn -0.788300 0.256580 -0.559241
vn -0.002284 0.431151 -0.902277
vn -0.697334 0.297340 -0.652161
vn -0.843344 0.373005 -0.386831
vn -0.706904 0.541753 -0.454742
vn -0.791805 0.430741 -0.433020
vn -0.002456 0.697511 -0.716569
vn -0.787035 0.558497 -0.262026
vn -0.002635 0.897442 -0.441124
vn -0.864237 0.358181 -0.353271
vn -0.740054 0.625917 -0.246065
vn -0.859028 0.466309 -0.211249
vn -0.971513 0.228519 -0.062779
vn -0.794597 0.595623 0.117681
vn -0.001417 0.991422 0.130694
vn -0.852306 0.490578 0.181406
vn -0.733680 0.666476 0.132377
vn -0.466493 0.884495 -0.007220
vn -0.960591 -0.025603 0.276784
vn -0.849326 -0.334456 0.408393
vn -0.723274 -0.538174 0.432716
vn -0.641812 0.616392 0.456222
vn -0.558192 0.645809 -0.520915
vn -0.677728 -0.510859 0.528875
vn -0.771350 -0.627770 0.104516
vn -0.488453 -0.600936 -0.632684
vn -0.599001 0.610890 -0.517699
vn -0.000798 0.764379 -0.644767
vn -0.629048 0.616332 -0.473744
vn -0.609254 0.702969 -0.366938
vn -0.075501 0.394207 0.915915
vn -0.328910 0.543683 0.772157
vn -0.366437 0.786102 -0.497762
vn -0.001900 0.850515 -0.525948
vn -0.213655 0.556524 0.802890
vn -0.001582 0.566456 0.824090
vn -0.734497 -0.494073 -0.465195
vn -0.570770 -0.524248 0.631970
vn -0.239130 -0.338530 0.910063
vn -0.096014 -0.121531 0.987933
vn -0.361135 0.878022 0.314100
vn -0.003179 0.927208 0.374535
vn -0.526734 0.809541 0.259220
vn -0.671606 0.706502 0.223160
vn -0.874712 -0.418422 0.244545
vn -0.768583 -0.496959 0.402880
vn -0.005518 -0.771064 0.636734
vn 0.750062 0.057580 -0.658856
vn 0.787163 0.257187 -0.560562
vn 0.695400 0.298119 -0.653869
vn 0.842478 0.373947 -0.387808
vn 0.705054 0.543165 -0.455928
vn 0.790626 0.431817 -0.434102
vn 0.785770 0.559955 -0.262710
vn 0.863132 0.359529 -0.354600
vn 0.738385 0.627622 -0.246736
vn 0.858237 0.467516 -0.211796
vn 0.971247 0.229567 -0.063067
vn 0.793983 0.596410 0.117837
vn 0.851912 0.491180 0.181628
vn 0.732048 0.668200 0.132719
vn 0.467630 0.883883 -0.008542
vn 0.960228 -0.025718 0.278031
vn 0.848105 -0.335697 0.409908
vn 0.721381 -0.539715 0.433955
vn 0.640917 0.616993 0.456667
vn 0.556966 0.646450 -0.521432
vn 0.675737 -0.512130 0.530191
vn 0.856683 -0.512913 0.054902
vn 0.485549 -0.602237 -0.633682
vn 0.598158 0.611370 -0.518106
vn 0.627286 0.617459 -0.474611
vn 0.606521 0.704824 -0.367906
vn 0.072308 0.394301 0.916132
vn 0.326029 0.544258 0.772974
vn 0.363413 0.787104 -0.498396
vn 0.210627 0.556898 0.803431
vn 0.731520 -0.496425 -0.467377
vn 0.566165 -0.526300 0.634401
vn 0.234963 -0.338905 0.911008
vn 0.092491 -0.121591 0.988262
vn 0.355872 0.879925 0.314781
vn 0.522508 0.812021 0.260015
vn 0.668367 0.709289 0.224041
vn 0.872794 -0.421408 0.246264
vn 0.764473 -0.500693 0.406062
vn 0.472124 -0.786297 -0.398542
vn 0.572071 -0.751154 -0.329397
vn 0.625364 -0.630269 -0.460089
vn 0.403008 -0.823014 -0.400291
vn -0.473159 -0.764468 -0.437845
vn -0.474201 -0.797148 -0.373749
vn -0.620761 -0.680996 -0.388458
vn -0.494576 -0.693093 -0.524420
vn 0.507275 -0.435058 0.743906
vn -0.000030 -0.607321 0.794457
vn 0.666726 -0.716650 0.204671
vn 0.690427 -0.680825 0.244515
vn 0.676331 -0.637754 0.368573
vn -0.508237 -0.434883 0.743352
vn -0.505088 -0.839007 0.202370
vn -0.589730 -0.771374 0.239166
vn -0.676492 -0.638443 0.367081
vn -0.002098 0.089924 -0.995946
vn -0.769190 -0.484374 0.416808
vn -0.695021 -0.708076 0.124798
vn -0.648199 -0.731914 0.210094
vn 0.505827 -0.771877 0.385156
vn 0.787661 -0.601070 0.135294
vn 0.763505 -0.597150 0.245912
vn -0.075508 0.662472 -0.745272
vn 0.133539 0.927883 0.348139
vn 0.138592 -0.289680 0.947036
vn 0.034587 -0.700848 0.712472
vn 0.043876 0.497315 -0.866460
vn 0.533708 0.767792 -0.354472
vn 0.248457 0.058022 0.966904
vn -0.084461 -0.581733 0.808982
vn -0.113939 0.868515 -0.482390
vn 0.691602 0.636026 -0.342284
vn 0.802047 -0.347856 0.485506
vn -0.098448 -0.618447 0.779635
vn -0.216392 0.969357 -0.116278
vn 0.538551 0.840434 0.060276
vn 0.825173 -0.505942 0.251223
vn 0.162373 -0.958600 0.233925
vn -0.191257 0.962531 -0.192238
vn 0.679779 0.539282 0.497068
vn 0.734909 -0.521644 0.433354
vn 0.196488 -0.965361 0.171668
vn -0.529206 0.812290 -0.245206
vn 0.481657 0.872660 0.080441
vn 0.814227 -0.478772 0.328346
vn -0.319974 -0.947410 -0.005599
vn -0.778708 0.475993 -0.408710
vn 0.425968 0.890935 0.157433
vn 0.789499 -0.491248 0.367923
vn -0.420392 -0.884194 -0.203646
vn -0.774522 0.228592 -0.589798
vn 0.136157 0.979434 0.148896
vn 0.719581 -0.226594 0.656398
vn -0.222156 -0.968379 -0.113525
vn -0.075508 0.662472 -0.745272
vn 0.133539 0.927883 0.348139
vn 0.420230 0.865960 -0.271147
vn -0.092670 0.687803 -0.719957
vn 0.138592 -0.289680 0.947036
vn 0.402244 -0.085778 0.911505
vn 0.034587 -0.700848 0.712472
vn 0.127411 -0.686420 0.715957
vn 0.579889 0.720943 -0.379433
vn -0.002656 0.632957 -0.774183
vn 0.656332 -0.178375 0.733083
vn 0.115692 -0.681992 0.722152
vn 0.420206 0.664040 -0.618448
vn 0.072794 0.602714 -0.794630
vn 0.782314 0.098031 0.615121
vn -0.103796 -0.574278 0.812054
vn 0.652495 0.736109 0.179984
vn -0.244953 0.965778 -0.085266
vn 0.810804 -0.520756 0.267227
vn 0.206514 -0.972925 0.103769
vn -0.075508 0.662472 -0.745272
vn 0.133539 0.927883 0.348139
vn 0.441198 0.859560 -0.257878
vn -0.006726 0.561271 -0.827604
vn 0.138592 -0.289680 0.947036
vn 0.265126 0.028581 0.963790
vn 0.034587 -0.700848 0.712472
vn -0.009889 -0.622529 0.782534
vn 0.509473 0.829037 -0.230510
vn -0.111119 0.854768 -0.506975
vn 0.672256 -0.163871 0.721954
vn -0.020977 -0.628219 0.777753
vn 0.555098 0.817220 0.154976
vn -0.224136 0.960923 -0.162448
vn 0.767383 0.169771 0.618305
vn 0.069638 -0.832883 0.549050
vn 0.583194 0.750358 0.311204
vn -0.191257 0.962531 -0.192238
vn 0.718185 -0.534896 0.445080
vn 0.219051 -0.970648 0.099298
vn 0.813805 -0.507257 0.283570
vn 0.257648 -0.965747 -0.030826
vn 0.075507 0.662472 -0.745271
vn -0.133539 0.927883 0.348139
vn -0.138592 -0.289680 0.947036
vn -0.034587 -0.700848 0.712472
vn -0.043876 0.497314 -0.866460
vn -0.533709 0.767792 -0.354471
vn -0.248457 0.058021 0.966904
vn 0.084461 -0.581734 0.808982
vn 0.113939 0.868515 -0.482390
vn -0.691601 0.636026 -0.342284
vn -0.802047 -0.347856 0.485507
vn 0.098448 -0.618447 0.779635
vn 0.216392 0.969357 -0.116278
vn -0.538550 0.840435 0.060276
vn -0.825173 -0.505941 0.251223
vn -0.162373 -0.958600 0.233925
vn 0.191257 0.962531 -0.192238
vn -0.679779 0.539281 0.497068
vn -0.734909 -0.521644 0.433354
vn -0.196488 -0.965361 0.171669
vn 0.529205 0.812290 -0.245206
vn -0.481657 0.872660 0.080441
vn -0.814227 -0.478772 0.328346
vn 0.319974 -0.947410 -0.005599
vn 0.778708 0.475993 -0.408711
vn -0.425969 0.890935 0.157433
vn -0.789499 -0.491247 0.367922
vn 0.420391 -0.884194 -0.203646
vn 0.774522 0.228591 -0.589798
vn -0.136157 0.979434 0.148896
vn -0.719581 -0.226594 0.656398
vn 0.222156 -0.968379 -0.113524
vn 0.075507 0.662472 -0.745271
vn -0.133539 0.927883 0.348139
vn -0.420230 0.865960 -0.271147
vn 0.092670 0.687803 -0.719958
vn -0.138592 -0.289680 0.947036
vn -0.402244 -0.085778 0.911505
vn -0.034587 -0.700848 0.712472
vn -0.127411 -0.686420 0.715956
vn -0.579889 0.720944 -0.379433
vn 0.002656 0.632957 -0.774183
vn -0.656331 -0.178376 0.733083
vn -0.115691 -0.681992 0.722152
vn -0.420206 0.664040 -0.618447
vn -0.072795 0.602714 -0.794630
vn -0.782314 0.098031 0.615122
vn 0.103796 -0.574278 0.812054
vn -0.652496 0.736108 0.179984
vn 0.244952 0.965778 -0.085266
vn -0.810804 -0.520756 0.267227
vn -0.206514 -0.972925 0.103769
vn 0.075507 0.662472 -0.745271
vn -0.133539 0.927883 0.348139
vn -0.441197 0.859560 -0.257878
vn 0.006726 0.561271 -0.827604
vn -0.138592 -0.289680 0.947036
vn -0.265126 0.028581 0.963790
vn -0.034587 -0.700848 0.712472
vn 0.009889 -0.622529 0.782534
vn -0.509473 0.829037 -0.230510
vn 0.111119 0.854768 -0.506975
vn -0.672256 -0.163871 0.721954
vn 0.020977 -0.628219 0.777753
vn -0.555098 0.817220 0.154976
vn 0.224135 0.960923 -0.162448
vn -0.767383 0.169771 0.618305
vn -0.069638 -0.832883 0.549050
vn -0.583194 0.750358 0.311204
vn 0.191257 0.962531 -0.192238
vn -0.718184 -0.534897 0.445080
vn -0.219051 -0.970647 0.099298
vn -0.813804 -0.507258 0.283570
vn -0.257648 -0.965747 -0.030826
vn -0.075508 0.662472 -0.745272
vn 0.133539 0.927883 0.348139
vn 0.138592 -0.289680 0.947036
vn 0.034587 -0.700848 0.712472
vn 0.043876 0.497315 -0.866460
vn 0.533708 0.767792 -0.354472
vn 0.248457 0.058022 0.966904
vn -0.084461 -0.581733 0.808982
vn -0.113939 0.868515 -0.482390
vn 0.691602 0.636026 -0.342284
vn 0.802047 -0.347856 0.485506
vn -0.098448 -0.618447 0.779635
vn -0.216392 0.969357 -0.116278
vn 0.538551 0.840434 0.060276
vn 0.825173 -0.505942 0.251223
vn 0.162373 -0.958600 0.233925
vn -0.191257 0.962531 -0.192238
vn 0.679779 0.539282 0.497068
vn 0.734909 -0.521644 0.433354
vn 0.196488 -0.965361 0.171668
vn -0.529206 0.812290 -0.245206
vn 0.481657 0.872660 0.080441
vn 0.814227 -0.478772 0.328346
vn -0.319974 -0.947410 -0.005599
vn -0.778708 0.475993 -0.408710
vn 0.425968 0.890935 0.157433
vn 0.789499 -0.491248 0.367923
vn -0.420392 -0.884194 -0.203646
vn -0.774522 0.228592 -0.589798
vn 0.136157 0.979434 0.148896
vn 0.719581 -0.226594 0.656398
vn -0.222156 -0.968379 -0.113525
vn -0.075508 0.662472 -0.745272
vn 0.133539 0.927883 0.348139
vn 0.420230 0.865960 -0.271147
vn -0.092670 0.687803 -0.719957
vn 0.138592 -0.289680 0.947036
vn 0.402244 -0.085778 0.911505
vn 0.034587 -0.700848 0.712472
vn 0.127411 -0.686420 0.715957
vn 0.579889 0.720943 -0.379433
vn -0.002656 0.632957 -0.774183
vn 0.656332 -0.178375 0.733083
vn 0.115692 -0.681992 0.722152
vn 0.420206 0.664040 -0.618448
vn 0.072794 0.602714 -0.794630
vn 0.782314 0.098031 0.615121
vn -0.103796 -0.574278 0.812054
vn 0.652495 0.736109 0.179984
vn -0.244953 0.965778 -0.085266
vn 0.810804 -0.520756 0.267227
vn 0.206514 -0.972925 0.103769
vn -0.075508 0.662472 -0.745272
vn 0.133539 0.927883 0.348139
vn 0.441198 0.859560 -0.257878
vn -0.006726 0.561271 -0.827604
vn 0.138592 -0.289680 0.947036
vn 0.265126 0.028581 0.963790
vn 0.034587 -0.700848 0.712472
vn -0.009889 -0.622529 0.782534
vn 0.509473 0.829037 -0.230510
vn -0.111119 0.854768 -0.506975
vn 0.672256 -0.163871 0.721954
vn -0.020977 -0.628219 0.777753
vn 0.555098 0.817220 0.154976
vn -0.224136 0.960923 -0.162448
vn 0.767383 0.169771 0.618305
vn 0.069638 -0.832883 0.549050
vn 0.583194 0.750358 0.311204
vn -0.191257 0.962531 -0.192238
vn 0.718185 -0.534896 0.445080
vn 0.219051 -0.970648 0.099298
vn 0.813805 -0.507257 0.283570
vn 0.257648 -0.965747 -0.030826
vn 0.075507 0.662472 -0.745271
vn -0.133539 0.927883 0.348139
vn -0.138592 -0.289680 0.947036
vn -0.034587 -0.700848 0.712472
vn -0.043876 0.497314 -0.866460
vn -0.533709 0.767792 -0.354471
vn -0.248457 0.058021 0.966904
vn 0.084461 -0.581734 0.808982
vn 0.113939 0.868515 -0.482390
vn -0.691601 0.636026 -0.342284
vn -0.802047 -0.347856 0.485507
vn 0.098448 -0.618447 0.779635
vn 0.216392 0.969357 -0.116278
vn -0.538550 0.840435 0.060276
vn -0.825173 -0.505941 0.251223
vn -0.162373 -0.958600 0.233925
vn 0.191257 0.962531 -0.192238
vn -0.679779 0.539281 0.497068
vn -0.734909 -0.521644 0.433354
vn -0.196488 -0.965361 0.171669
vn 0.529205 0.812290 -0.245206
vn -0.481657 0.872660 0.080441
vn -0.814227 -0.478772 0.328346
vn 0.319974 -0.947410 -0.005599
vn 0.778708 0.475993 -0.408711
vn -0.425969 0.890935 0.157433
vn -0.789499 -0.491247 0.367922
vn 0.420391 -0.884194 -0.203646
vn 0.774522 0.228591 -0.589798
vn -0.136157 0.979434 0.148896
vn -0.719581 -0.226594 0.656398
vn 0.222156 -0.968379 -0.113524
vn 0.075507 0.662472 -0.745271
vn -0.133539 0.927883 0.348139
vn -0.420230 0.865960 -0.271147
vn 0.092670 0.687803 -0.719958
vn -0.138592 -0.289680 0.947036
vn -0.402244 -0.085778 0.911505
vn -0.034587 -0.700848 0.712472
vn -0.127411 -0.686420 0.715956
vn -0.579889 0.720944 -0.379433
vn 0.002656 0.632957 -0.774183
vn -0.656331 -0.178376 0.733083
vn -0.115691 -0.681992 0.722152
vn -0.420206 0.664040 -0.618447
vn -0.072795 0.602714 -0.794630
vn -0.782314 0.098031 0.615122
vn 0.103796 -0.574278 0.812054
vn -0.652496 0.736108 0.179984
vn 0.244952 0.965778 -0.085266
vn -0.810804 -0.520756 0.267227
vn -0.206514 -0.972925 0.103769
vn 0.075507 0.662472 -0.745271
vn -0.133539 0.927883 0.348139
vn -0.441197 0.859560 -0.257878
vn 0.006726 0.561271 -0.827604
vn -0.138592 -0.289680 0.947036
vn -0.265126 0.028581 0.963790
vn -0.034587 -0.700848 0.712472
vn 0.009889 -0.622529 0.782534
vn -0.509473 0.829037 -0.230510
vn 0.111119 0.854768 -0.506975
vn -0.672256 -0.163871 0.721954
vn 0.020977 -0.628219 0.777753
vn -0.555098 0.817220 0.154976
vn 0.224135 0.960923 -0.162448
vn -0.767383 0.169771 0.618305
vn -0.069638 -0.832883 0.549050
vn -0.583194 0.750358 0.311204
vn 0.191257 0.962531 -0.192238
vn -0.718184 -0.534897 0.445080
vn -0.219051 -0.970647 0.099298
vn -0.813804 -0.507258 0.283570
vn -0.257648 -0.965747 -0.030826
vn -0.075508 0.662472 -0.745272
vn 0.133539 0.927883 0.348139
vn 0.138592 -0.289680 0.947036
vn 0.034587 -0.700848 0.712472
vn 0.043876 0.497315 -0.866460
vn 0.533708 0.767792 -0.354472
vn 0.248457 0.058022 0.966904
vn -0.084461 -0.581733 0.808982
vn -0.113939 0.868515 -0.482390
vn 0.691602 0.636026 -0.342284
vn 0.802047 -0.347856 0.485506
vn -0.098448 -0.618447 0.779635
vn -0.216392 0.969357 -0.116278
vn 0.538551 0.840434 0.060276
vn 0.825173 -0.505942 0.251223
vn 0.162373 -0.958600 0.233925
vn -0.191257 0.962531 -0.192238
vn 0.679779 0.539282 0.497068
vn 0.734909 -0.521644 0.433354
vn 0.196488 -0.965361 0.171668
vn -0.529206 0.812290 -0.245206
vn 0.481657 0.872660 0.080441
vn 0.814227 -0.478772 0.328346
vn -0.319974 -0.947410 -0.005599
vn -0.778708 0.475993 -0.408710
vn 0.425968 0.890935 0.157433
vn 0.789499 -0.491248 0.367923
vn -0.420392 -0.884194 -0.203646
vn -0.774522 0.228592 -0.589798
vn 0.136157 0.979434 0.148896
vn 0.719581 -0.226594 0.656398
vn -0.222156 -0.968379 -0.113525
vn -0.075508 0.662472 -0.745272
vn 0.133539 0.927883 0.348139
vn 0.420230 0.865960 -0.271147
vn -0.092670 0.687803 -0.719957
vn 0.138592 -0.289680 0.947036
vn 0.402244 -0.085778 0.911505
vn 0.034587 -0.700848 0.712472
vn 0.127411 -0.686420 0.715957
vn 0.579889 0.720943 -0.379433
vn -0.002656 0.632957 -0.774183
vn 0.656332 -0.178375 0.733083
vn 0.115692 -0.681992 0.722152
vn 0.420206 0.664040 -0.618448
vn 0.072794 0.602714 -0.794630
vn 0.782314 0.098031 0.615121
vn -0.103796 -0.574278 0.812054
vn 0.652495 0.736109 0.179984
vn -0.244953 0.965778 -0.085266
vn 0.810804 -0.520756 0.267227
vn 0.206514 -0.972925 0.103769
vn -0.075508 0.662472 -0.745272
vn 0.133539 0.927883 0.348139
vn 0.441198 0.859560 -0.257878
vn -0.006726 0.561271 -0.827604
vn 0.138592 -0.289680 0.947036
vn 0.265126 0.028581 0.963790
vn 0.034587 -0.700848 0.712472
vn -0.009889 -0.622529 0.782534
vn 0.509473 0.829037 -0.230510
vn -0.111119 0.854768 -0.506975
vn 0.672256 -0.163871 0.721954
vn -0.020977 -0.628219 0.777753
vn 0.555098 0.817220 0.154976
vn -0.224136 0.960923 -0.162448
vn 0.767383 0.169771 0.618305
vn 0.069638 -0.832883 0.549050
vn 0.583194 0.750358 0.311204
vn -0.191257 0.962531 -0.192238
vn 0.718185 -0.534896 0.445080
vn 0.219051 -0.970648 0.099298
vn 0.813805 -0.507257 0.283570
vn 0.257648 -0.965747 -0.030826
vn 0.075507 0.662472 -0.745271
vn -0.133539 0.927883 0.348139
vn -0.138592 -0.289680 0.947036
vn -0.034587 -0.700848 0.712472
vn -0.043876 0.497314 -0.866460
vn -0.533709 0.767792 -0.354471
vn -0.248457 0.058021 0.966904
vn 0.084461 -0.581734 0.808982
vn 0.113939 0.868515 -0.482390
vn -0.691601 0.636026 -0.342284
vn -0.802047 -0.347856 0.485507
vn 0.098448 -0.618447 0.779635
vn 0.216392 0.969357 -0.116278
vn -0.538550 0.840435 0.060276
vn -0.825173 -0.505941 0.251223
vn -0.162373 -0.958600 0.233925
vn 0.191257 0.962531 -0.192238
vn -0.679779 0.539281 0.497068
vn -0.734909 -0.521644 0.433354
vn -0.196488 -0.965361 0.171669
vn 0.529205 0.812290 -0.245206
vn -0.481657 0.872660 0.080441
vn -0.814227 -0.478772 0.328346
vn 0.319974 -0.947410 -0.005599
vn 0.778708 0.475993 -0.408711
vn -0.425969 0.890935 0.157433
vn -0.789499 -0.491247 0.367922
vn 0.420391 -0.884194 -0.203646
vn 0.774522 0.228591 -0.589798
vn -0.136157 0.979434 0.148896
vn -0.719581 -0.226594 0.656398
vn 0.222156 -0.968379 -0.113524
vn 0.075507 0.662472 -0.745271
vn -0.133539 0.927883 0.348139
vn -0.420230 0.865960 -0.271147
vn 0.092670 0.687803 -0.719958
vn -0.138592 -0.289680 0.947036
vn -0.402244 -0.085778 0.911505
vn -0.034587 -0.700848 0.712472
vn -0.127411 -0.686420 0.715956
vn -0.579889 0.720944 -0.379433
vn 0.002656 0.632957 -0.774183
vn -0.656331 -0.178376 0.733083
vn -0.115691 -0.681992 0.722152
vn -0.420206 0.664040 -0.618447
vn -0.072795 0.602714 -0.794630
vn -0.782314 0.098031 0.615122
vn 0.103796 -0.574278 0.812054
vn -0.652496 0.736108 0.179984
vn 0.244952 0.965778 -0.085266
vn -0.810804 -0.520756 0.267227
vn -0.206514 -0.972925 0.103769
vn 0.075507 0.662472 -0.745271
vn -0.133539 0.927883 0.348139
vn -0.441197 0.859560 -0.257878
vn 0.006726 0.561271 -0.827604
vn -0.138592 -0.289680 0.947036
vn -0.265126 0.028581 0.963790
vn -0.034587 -0.700848 0.712472
vn 0.009889 -0.622529 0.782534
vn -0.509473 0.829037 -0.230510
vn 0.111119 0.854768 -0.506975
vn -0.672256 -0.163871 0.721954
vn 0.020977 -0.628219 0.777753
vn -0.555098 0.817220 0.154976
vn 0.224135 0.960923 -0.162448
vn -0.767383 0.169771 0.618305
vn -0.069638 -0.832883 0.549050
vn -0.583194 0.750358 0.311204
vn 0.191257 0.962531 -0.192238
vn -0.718184 -0.534897 0.445080
vn -0.219051 -0.970647 0.099298
vn -0.813804 -0.507258 0.283570
vn -0.257648 -0.965747 -0.030826
vn -0.075508 0.662472 -0.745272
vn 0.133539 0.927883 0.348139
vn 0.138592 -0.289680 0.947036
vn 0.034587 -0.700848 0.712472
vn 0.043876 0.497315 -0.866460
vn 0.533708 0.767792 -0.354472
vn 0.248457 0.058022 0.966904
vn -0.084461 -0.581733 0.808982
vn -0.113939 0.868515 -0.482390
vn 0.691602 0.636026 -0.342284
vn 0.802047 -0.347856 0.485506
vn -0.098448 -0.618447 0.779635
vn -0.216392 0.969357 -0.116278
vn 0.538551 0.840434 0.060276
vn 0.825173 -0.505942 0.251223
vn 0.162373 -0.958600 0.233925
vn -0.191257 0.962531 -0.192238
vn 0.679779 0.539282 0.497068
vn 0.734909 -0.521644 0.433354
vn 0.196488 -0.965361 0.171668
vn -0.529206 0.812290 -0.245206
vn 0.481657 0.872660 0.080441
vn 0.814227 -0.478772 0.328346
vn -0.319974 -0.947410 -0.005599
vn -0.778708 0.475993 -0.408710
vn 0.425968 0.890935 0.157433
vn 0.789499 -0.491248 0.367923
vn -0.420392 -0.884194 -0.203646
vn -0.774522 0.228592 -0.589798
vn 0.136157 0.979434 0.148896
vn 0.719581 -0.226594 0.656398
vn -0.222156 -0.968379 -0.113525
vn -0.075508 0.662472 -0.745272
vn 0.133539 0.927883 0.348139
vn 0.420230 0.865960 -0.271147
vn -0.092670 0.687803 -0.719957
vn 0.138592 -0.289680 0.947036
vn 0.402244 -0.085778 0.911505
vn 0.034587 -0.700848 0.712472
vn 0.127411 -0.686420 0.715957
vn 0.579889 0.720943 -0.379433
vn -0.002656 0.632957 -0.774183
vn 0.656332 -0.178375 0.733083
vn 0.115692 -0.681992 0.722152
vn 0.420206 0.664040 -0.618448
vn 0.072794 0.602714 -0.794630
vn 0.782314 0.098031 0.615121
vn -0.103796 -0.574278 0.812054
vn 0.652495 0.736109 0.179984
vn -0.244953 0.965778 -0.085266
vn 0.810804 -0.520756 0.267227
vn 0.206514 -0.972925 0.103769
vn -0.075508 0.662472 -0.745272
vn 0.133539 0.927883 0.348139
vn 0.441198 0.859560 -0.257878
vn -0.006726 0.561271 -0.827604
vn 0.138592 -0.289680 0.947036
vn 0.265126 0.028581 0.963790
vn 0.034587 -0.700848 0.712472
vn -0.009889 -0.622529 0.782534
vn 0.509473 0.829037 -0.230510
vn -0.111119 0.854768 -0.506975
vn 0.672256 -0.163871 0.721954
vn -0.020977 -0.628219 0.777753
vn 0.555098 0.817220 0.154976
vn -0.224136 0.960923 -0.162448
vn 0.767383 0.169771 0.618305
vn 0.069638 -0.832883 0.549050
vn 0.583194 0.750358 0.311204
vn -0.191257 0.962531 -0.192238
vn 0.718185 -0.534896 0.445080
vn 0.219051 -0.970648 0.099298
vn 0.813805 -0.507257 0.283570
vn 0.257648 -0.965747 -0.030826
vn 0.075507 0.662472 -0.745271
vn -0.133539 0.927883 0.348139
vn -0.138592 -0.289680 0.947036
vn -0.034587 -0.700848 0.712472
vn -0.043876 0.497314 -0.866460
vn -0.533709 0.767792 -0.354471
vn -0.248457 0.058021 0.966904
vn 0.084461 -0.581734 0.808982
vn 0.113939 0.868515 -0.482390
vn -0.691601 0.636026 -0.342284
vn -0.802047 -0.347856 0.485507
vn 0.098448 -0.618447 0.779635
vn 0.216392 0.969357 -0.116278
vn -0.538550 0.840435 0.060276
vn -0.825173 -0.505941 0.251223
vn -0.162373 -0.958600 0.233925
vn 0.191257 0.962531 -0.192238
vn -0.679779 0.539281 0.497068
vn -0.734909 -0.521644 0.433354
vn -0.196488 -0.965361 0.171669
vn 0.529205 0.812290 -0.245206
vn -0.481657 0.872660 0.080441
vn -0.814227 -0.478772 0.328346
vn 0.319974 -0.947410 -0.005599
vn 0.778708 0.475993 -0.408711
vn -0.425969 0.890935 0.157433
vn -0.789499 -0.491247 0.367922
vn 0.420391 -0.884194 -0.203646
vn 0.774522 0.228591 -0.589798
vn -0.136157 0.979434 0.148896
vn -0.719581 -0.226594 0.656398
vn 0.222156 -0.968379 -0.113524
vn 0.075507 0.662472 -0.745271
vn -0.133539 0.927883 0.348139
vn -0.420230 0.865960 -0.271147
vn 0.092670 0.687803 -0.719958
vn -0.138592 -0.289680 0.947036
vn -0.402244 -0.085778 0.911505
vn -0.034587 -0.700848 0.712472
vn -0.127411 -0.686420 0.715956
vn -0.579889 0.720944 -0.379433
vn 0.002656 0.632957 -0.774183
vn -0.656331 -0.178376 0.733083
vn -0.115691 -0.681992 0.722152
vn -0.420206 0.664040 -0.618447
vn -0.072795 0.602714 -0.794630
vn -0.782314 0.098031 0.615122
vn 0.103796 -0.574278 0.812054
vn -0.652496 0.736108 0.179984
vn 0.244952 0.965778 -0.085266
vn -0.810804 -0.520756 0.267227
vn -0.206514 -0.972925 0.103769
vn 0.075507 0.662472 -0.745271
vn -0.133539 0.927883 0.348139
vn -0.441197 0.859560 -0.257878
vn 0.006726 0.561271 -0.827604
vn -0.138592 -0.289680 0.947036
vn -0.265126 0.028581 0.963790
vn -0.034587 -0.700848 0.712472
vn 0.009889 -0.622529 0.782534
vn -0.509473 0.829037 -0.230510
vn 0.111119 0.854768 -0.506975
vn -0.672256 -0.163871 0.721954
vn 0.020977 -0.628219 0.777753
vn -0.555098 0.817220 0.154976
vn 0.224135 0.960923 -0.162448
vn -0.767383 0.169771 0.618305
vn -0.069638 -0.832883 0.549050
vn -0.583194 0.750358 0.311204
vn 0.191257 0.962531 -0.192238
vn -0.718184 -0.534897 0.445080
vn -0.219051 -0.970647 0.099298
vn -0.813804 -0.507258 0.283570
vn -0.257648 -0.965747 -0.030826
vn -0.333334 -0.666666 -0.666666
vn -0.127675 -0.692493 -0.710037
vn -0.095806 -0.697241 -0.710406
vn -0.816497 0.408248 -0.408248
vn 0.063837 0.701265 -0.710037
vn 0.095806 0.697241 -0.710406
vn -0.666667 -0.333333 0.666666
vn -0.063838 -0.701265 0.710037
vn -0.121527 -0.884433 0.450566
vn -0.408249 0.816496 0.408248
vn 0.127674 0.692493 0.710037
vn 0.060424 0.439742 0.896089
vn 0.333333 -0.666667 -0.666667
vn 0.127538 -0.692525 -0.710030
vn 0.063769 -0.701278 -0.710030
vn 0.816497 0.408247 -0.408249
vn -0.063769 0.701278 -0.710030
vn -0.127538 0.692525 -0.710031
vn 0.666667 -0.333334 0.666666
vn 0.063769 -0.701278 0.710030
vn 0.127538 -0.692525 0.710030
vn 0.408249 0.816496 0.408248
vn -0.127538 0.692525 0.710030
vn -0.063769 0.701278 0.710030
vn 0.417464 0.647328 -0.637723
vn -0.919704 0.187244 -0.345085
vn 0.839978 0.438840 -0.319149
vn -0.462704 0.556544 -0.690046
vn 0.745755 -0.396996 0.535018
vn -0.669483 -0.566996 0.479904
vn 0.746202 -0.396422 0.534819
vn -0.668972 -0.567148 0.480437
vn -0.404110 0.650469 -0.643106
vn 0.918468 0.195621 -0.343728
vn -0.833875 0.445229 -0.326227
vn 0.475066 0.552046 -0.685242
vn -0.752756 -0.387742 0.531992
vn 0.672972 -0.563814 0.478772
vn -0.759971 -0.378339 0.528492
vn 0.664551 -0.566278 0.487546
vn 0.000000 0.000000 -1.000000
vn 0.749183 0.570150 0.337125
vn 0.941709 0.000000 0.336427
vn 0.278758 0.898791 0.338331
vn -0.278758 0.898792 0.338331
vn -0.749183 0.570150 0.337125
vn -0.941710 -0.000001 0.336427
vn -0.749184 -0.570149 0.337125
vn -0.278759 -0.898791 0.338331
vn 0.278759 -0.898791 0.338331
vn 0.749184 -0.570149 0.337125
vn 0.000000 0.000000 1.000000
vn -0.749183 0.570150 0.337125
vn 0.000000 0.000000 -1.000000
vn -0.941710 -0.000001 0.336427
vn -0.278758 0.898792 0.338331
vn 0.278758 0.898791 0.338331
vn 0.749183 0.570150 0.337125
vn 0.941709 0.000000 0.336427
vn 0.749184 -0.570149 0.337125
vn 0.278759 -0.898791 0.338331
vn -0.278759 -0.898791 0.338331
vn -0.749184 -0.570149 0.337125
vn 0.000000 0.000000 1.000000
vn -0.961400 -0.198627 0.190413
vn -0.938039 0.027188 -0.345462
vn -0.213500 -0.974792 0.064802
vn -0.399645 -0.452294 0.797317
vn -0.663840 -0.058677 0.745570
vn -0.265399 0.075644 -0.961167
vn -0.343665 -0.258755 -0.902740
vn 0.358499 -0.859449 -0.364453
vn 0.523414 -0.574797 0.629004
vn 0.331921 -0.074010 0.940399
vn 0.530798 0.066490 -0.844886
vn 0.331739 -0.208377 -0.920070
vn 0.929175 -0.255810 -0.266824
vn 0.993076 -0.009220 0.117115
vn -0.697281 -0.463739 -0.546576
vn -0.697281 -0.463739 -0.546576
vn -0.697281 -0.463739 -0.546576
vn 0.731503 0.681821 -0.004805
vn 0.731503 0.681821 -0.004805
vn 0.731503 0.681821 -0.004805
vn 0.000001 -0.003609 -0.999994
vn -0.880961 -0.014041 -0.472981
vn -0.445798 0.763563 -0.467157
vn 0.445799 0.763563 -0.467157
vn 0.880961 -0.014041 -0.472980
vn 0.430283 -0.769555 -0.471849
vn -0.430281 -0.769556 -0.471850
vn 0.000000 -0.012580 0.999921
vn -0.731503 0.681821 -0.004807
vn -0.731503 0.681821 -0.004807
vn -0.731503 0.681821 -0.004807
vn -0.000001 -0.003609 -0.999994
vn 0.880961 -0.014041 -0.472980
vn 0.445799 0.763562 -0.467158
vn -0.445799 0.763563 -0.467156
vn -0.880961 -0.014040 -0.472980
vn -0.430282 -0.769555 -0.471850
vn 0.430282 -0.769555 -0.471850
vn 0.000001 -0.012580 0.999921
vn 0.737441 -0.617007 0.274743
vn -0.220090 -0.965570 0.138687
vn 0.483932 -0.861113 0.155867
vn -0.755215 -0.453908 0.472883
vn 0.737238 0.446129 -0.507394
vn -0.462102 0.744234 -0.482263
vn 0.191263 0.616060 -0.764126
vn -0.749045 0.569766 -0.338081
vn 0.709275 -0.704727 0.016967
vn -0.401866 -0.798931 0.447452
vn 0.191721 -0.953402 0.232953
vn -0.705402 -0.700658 0.107179
vn 0.708790 0.705265 0.014784
vn -0.194824 0.970419 0.142588
vn 0.424694 0.845072 0.324789
vn -0.708165 0.704537 0.046152
vn 0.644865 -0.339836 0.684588
vn -0.423570 -0.856159 0.295940
vn -0.681716 0.324283 0.655823
vn 0.387325 0.763706 0.516462
vn 0.402608 0.795022 0.453702
vn 0.706243 -0.369586 0.603844
vn -0.410488 -0.832751 0.371518
vn -0.621392 0.294002 0.726247
vn 0.311925 -0.869036 0.384029
vn 0.795121 -0.269526 -0.543266
vn -0.362375 -0.350682 -0.863543
vn -0.809889 -0.489602 0.323064
vn 0.327298 -0.844935 0.423037
vn 0.869791 -0.169694 -0.463323
vn -0.348100 -0.397411 -0.849053
vn -0.788911 -0.588248 0.177718
vn 0.035811 0.929407 0.367314
vn 0.000000 0.958913 0.283700
vn 0.009117 0.980324 0.197185
vn 0.000218 0.990723 0.135899
vn 0.565812 0.781094 0.264102
vn 0.672217 0.290706 -0.680892
vn 0.029695 0.316044 -0.948280
vn 0.001026 0.304994 -0.952354
vn -0.035811 0.929407 0.367314
vn -0.012020 0.977078 0.212541
vn 0.000218 0.990723 0.135899
vn -0.585451 0.629583 0.510757
vn -0.665150 0.292319 -0.687113
vn -0.042305 0.348507 -0.936351
vn 0.418223 0.761839 -0.494663
vn -0.518563 0.594283 -0.614752
vn 0.283676 0.851196 0.441580
vn -0.499482 0.788463 0.358948
vn -0.649533 0.691980 0.315072
vn 0.844118 0.507971 0.171552
vn 0.005183 0.294269 -0.955709
vn -0.000644 0.300208 -0.953874
vn 0.000000 0.453991 -0.891006
vn 0.000000 0.453991 -0.891006
vn 0.000000 0.453991 -0.891006
vn 0.000000 0.453991 -0.891006
vn -0.525176 0.234503 -0.818046
vn -0.541106 0.090439 -0.836077
vn -0.001856 0.106423 -0.994319
vn -0.398091 0.302441 -0.866056
vn -0.001835 0.337179 -0.941439
vn -0.913667 0.192874 -0.357788
vn -0.878698 0.346047 -0.328848
vn -0.935073 0.033319 -0.352886
vn -0.747136 0.004129 0.664659
vn -0.921740 0.373851 0.103101
vn -0.783646 0.272302 0.558346
vn -0.465731 0.268191 -0.843308
vn 0.522881 0.234892 -0.819403
vn 0.538892 0.090592 -0.837489
vn 0.395239 0.302847 -0.867219
vn 0.913141 0.193434 -0.358827
vn 0.877974 0.347012 -0.329765
vn 0.934670 0.033418 -0.353941
vn 0.745843 0.004138 0.666110
vn 0.921224 0.375032 0.103427
vn 0.782479 0.272946 0.559667
vn 0.463156 0.268600 -0.844595
vn -0.757372 0.152241 0.634988
vn 0.756095 0.152586 0.636426
vn -0.821215 -0.053158 0.568137
vn -0.649269 0.033117 0.759837
vn -0.000951 0.070325 0.997524
vn 0.820714 -0.053225 0.568854
vn 0.648445 0.033148 0.760539
vn -0.869942 0.076488 0.487186
vn -0.651172 0.464476 0.600197
vn -0.002130 0.600845 0.799363
vn -0.714877 0.421597 0.557859
vn -0.865754 0.371097 0.335792
vn 0.869112 0.076715 0.488629
vn 0.649293 0.465461 0.601469
vn 0.713378 0.422519 0.559079
vn 0.864917 0.372170 0.336762
vn -0.645200 0.372417 0.667100
vn -0.002087 0.497569 0.867422
vn -0.813861 0.337789 0.472787
vn -0.865033 0.245859 0.437345
vn -0.779546 0.094755 0.619136
vn -0.002070 0.115169 0.993344
vn -0.406574 0.104292 0.907646
vn -0.677039 0.348384 0.648265
vn 0.643347 0.373178 0.668463
vn 0.812683 0.338746 0.474127
vn 0.864171 0.246586 0.438639
vn 0.778220 0.095004 0.620764
vn 0.403455 0.104450 0.909018
vn 0.675390 0.349139 0.649577
vn -0.627159 0.064535 -0.776213
vn -0.000809 0.065652 -0.997842
vn -0.740613 0.039706 -0.670758
vn -0.821454 0.021246 -0.569879
vn -0.870710 0.010059 -0.491694
vn -0.727920 -0.047119 0.684041
vn 0.626363 0.064588 -0.776852
vn 0.740048 0.039743 -0.671379
vn 0.820007 0.020822 -0.571975
vn 0.870382 0.010071 -0.492275
vn 0.727279 -0.047165 0.684719
vn -0.756232 0.349603 -0.553074
vn -0.801054 0.330718 -0.498938
vn -0.689930 0.341652 -0.638178
vn -0.631920 0.367326 -0.682458
vn -0.489886 0.280946 -0.825276
vn -0.508858 0.147005 -0.848206
vn -0.001705 0.169739 -0.985488
vn -0.366954 0.344546 -0.864079
vn -0.001711 0.466576 -0.884480
vn -0.001668 0.376914 -0.926247
vn -0.001281 0.693072 -0.720867
vn -0.537911 0.589894 -0.602227
vn -0.770635 0.469422 -0.431004
vn -0.546457 0.658408 -0.517575
vn -0.878145 0.249610 -0.408113
vn -0.838175 0.393773 -0.377367
vn -0.907781 0.097674 -0.407914
vn -0.776309 0.068256 0.626646
vn -0.899767 0.435321 0.030261
vn -0.837004 0.545168 0.047072
vn -0.613971 0.775440 -0.147420
vn -0.001390 0.778732 -0.627355
vn -0.001752 0.981633 -0.190771
vn -0.586726 0.727682 0.355291
vn -0.001811 0.892888 0.450276
vn -0.714877 0.421597 0.557859
vn -0.794974 0.340758 0.501897
vn -0.431776 0.312813 -0.846001
vn 0.755018 0.350351 -0.554258
vn 0.800027 0.331475 -0.500081
vn 0.688502 0.342292 -0.639375
vn 0.630265 0.367964 -0.683643
vn 0.487641 0.281351 -0.826467
vn 0.506677 0.147225 -0.849472
vn 0.364253 0.344939 -0.865065
vn 0.536327 0.590600 -0.602947
vn 0.769428 0.470495 -0.431989
vn 0.544799 0.659257 -0.518242
vn 0.877445 0.250279 -0.409207
vn 0.837273 0.394771 -0.378324
vn 0.907234 0.097949 -0.409064
vn 0.775100 0.068417 0.628123
vn 0.899129 0.436631 0.030352
vn 0.836001 0.546694 0.047204
vn 0.612243 0.776758 -0.147670
vn 0.584799 0.728933 0.355902
vn 0.713378 0.422519 0.559079
vn 0.793844 0.341588 0.503119
vn 0.429296 0.313224 -0.847110
vn 0.000000 -0.000001 -1.000000
vn 0.000000 -0.000001 -1.000000
vn 0.000000 -0.000001 -1.000000
vn 0.000000 -0.000001 -1.000000
vn -0.000001 0.373755 -0.927527
vn -0.000001 0.373755 -0.927527
vn -0.000001 0.373755 -0.927527
vn -0.000001 0.373755 -0.927527
vn 0.333333 -0.666667 -0.666666
vn -0.816497 -0.408248 -0.408248
vn 0.816497 0.408248 -0.408248
vn -0.333334 0.666666 -0.666667
vn 0.666667 -0.333333 0.666667
vn -0.408248 -0.816496 0.408249
vn 0.408248 0.816497 0.408248
vn -0.666666 0.333334 0.666667
vn 0.333333 -0.666667 0.666667
vn -0.816497 -0.408248 0.408248
vn 0.816497 -0.408248 -0.408248
vn -0.333333 -0.666667 -0.666667
vn 0.666667 0.666667 0.333333
vn -0.408248 0.408248 0.816497
vn 0.408248 0.408248 -0.816497
vn -0.666667 0.666667 -0.333333
vn -0.816497 -0.408248 0.408248
vn 0.333333 -0.666667 0.666667
vn -0.333333 -0.666667 -0.666667
vn 0.816497 -0.408248 -0.408248
vn -0.408248 0.408248 0.816497
vn 0.666667 0.666667 0.333333
vn -0.666667 0.666667 -0.333333
vn 0.408248 0.408248 -0.816497
vn 0.333333 -0.666667 0.666667
vn -0.816497 -0.408248 0.408248
vn 0.816497 -0.408248 -0.408248
vn -0.333333 -0.666667 -0.666667
vn 0.666667 0.666667 0.333333
vn -0.408248 0.408248 0.816497
vn 0.408248 0.408248 -0.816497
vn -0.666667 0.666667 -0.333333
vn -0.816497 -0.408248 0.408248
vn 0.333333 -0.666667 0.666667
vn -0.333333 -0.666667 -0.666667
vn 0.816497 -0.408248 -0.408248
vn -0.408248 0.408248 0.816497
vn 0.666667 0.666667 0.333333
vn -0.666667 0.666667 -0.333333
vn 0.408248 0.408248 -0.816497
vn 0.333333 -0.666667 0.666667
vn -0.816497 -0.408248 0.408248
vn 0.816497 -0.408248 -0.408248
vn -0.333333 -0.666667 -0.666667
vn 0.666667 0.666667 0.333333
vn -0.408248 0.408248 0.816497
vn 0.408248 0.408248 -0.816497
vn -0.666667 0.666667 -0.333333
vn 0.333333 -0.666667 0.666667
vn -0.816497 -0.408248 0.408248
vn 0.816497 -0.408248 -0.408248
vn -0.333333 -0.666667 -0.666667
vn 0.666667 0.666667 0.333333
vn -0.408248 0.408248 0.816497
vn 0.408248 0.408248 -0.816497
vn -0.666667 0.666667 -0.333333
vn 0.666667 -0.666667 0.333333
vn 0.408248 -0.408248 -0.816497
vn 0.408248 0.408248 0.816497
vn 0.666667 0.666667 -0.333333
vn -0.666667 -0.333333 0.666667
vn -0.408248 -0.816497 -0.408248
vn -0.408248 0.816497 0.408248
vn -0.666667 0.333333 -0.666667
vn -0.666667 -0.666667 -0.333333
vn -0.408248 -0.408248 0.816497
vn -0.408248 0.408248 -0.816497
vn -0.666667 0.666667 0.333333
vn 0.666667 -0.333333 -0.666667
vn 0.408248 -0.816497 0.408248
vn 0.408248 0.816497 -0.408248
vn 0.666667 0.333333 0.666667
vn -0.666667 -0.666667 -0.333333
vn -0.408248 -0.408248 0.816497
vn -0.408248 0.408248 -0.816497
vn -0.666667 0.666667 0.333333
vn 0.666667 -0.333333 -0.666667
vn 0.408248 -0.816497 0.408248
vn 0.408248 0.816497 -0.408248
vn 0.666667 0.333333 0.666667
vn -0.666667 -0.666667 -0.333333
vn -0.408248 -0.408248 0.816497
vn -0.408248 0.408248 -0.816497
vn -0.666667 0.666667 0.333333
vn 0.666667 -0.333333 -0.666667
vn 0.408248 -0.816497 0.408248
vn 0.408248 0.816497 -0.408248
vn 0.666667 0.333333 0.666667
vn -0.333333 -0.666667 0.666667
vn 0.816497 -0.408248 0.408248
vn -0.816497 0.408248 0.408248
vn 0.333333 0.666667 0.666667
vn -0.666667 -0.333333 -0.666667
vn 0.408248 -0.816497 -0.408248
vn -0.408248 0.816497 -0.408248
vn 0.666667 0.333333 -0.666667
vn 0.894427 0.000000 0.447214
vn 0.447214 0.000000 -0.894427
vn 0.408248 0.408248 0.816497
vn 0.666667 0.666667 -0.333333
vn -0.707107 -0.000000 0.707107
vn -0.707107 -0.000000 -0.707107
vn -0.408248 0.816497 0.408248
vn -0.666667 0.333333 -0.666667
vn 0.333333 -0.666667 0.666667
vn -0.816497 -0.408248 0.408248
vn 0.816497 -0.408248 -0.408248
vn -0.333333 -0.666667 -0.666667
vn 0.666667 0.666667 0.333333
vn -0.408248 0.408248 0.816497
vn 0.408248 0.408248 -0.816497
vn -0.666667 0.666667 -0.333333
vn 0.333333 -0.666667 0.666667
vn -0.816497 -0.408248 0.408248
vn 0.816497 -0.408248 -0.408248
vn -0.333333 -0.666667 -0.666667
vn 0.666667 0.666667 0.333333
vn -0.408248 0.408248 0.816497
vn 0.408248 0.408248 -0.816497
vn -0.666667 0.666667 -0.333333
vn 0.333333 -0.666667 0.666667
vn -0.816497 -0.408248 0.408248
vn 0.816497 -0.408248 -0.408248
vn -0.333333 -0.666667 -0.666667
vn 0.666667 0.666667 0.333333
vn -0.408248 0.408248 0.816497
vn 0.408248 0.408248 -0.816497
vn -0.666667 0.666667 -0.333333
vn 0.894427 0.000000 0.447214
vn 0.447214 0.000000 -0.894427
vn 0.408248 0.408248 0.816497
vn 0.666667 0.666667 -0.333333
vn -0.707107 -0.000000 0.707107
vn -0.707107 -0.000000 -0.707107
vn -0.408248 0.816497 0.408248
vn -0.666667 0.333333 -0.666667

# Texture coordinates + Triangles
usemtl car_body
s 1
vt 0.994141 0.776299
vt 0.961752 0.824325
vt 0.951617 0.786814
f 1/1/1 2/5/2 4/12/4
vt 0.951617 0.786814
vt 0.961752 0.824325
vt 0.916822 0.854457
f 4/10/4 2/5/2 5/15/5
vt 0.951617 0.786814
vt 0.916822 0.854457
vt 0.912137 0.839081
f 4/10/4 5/14/5 6/18/6
vt 0.279764 0.595703
vt 0.273708 0.578656
vt 0.289280 0.575862
f 2/4/2 7/20/7 5/15/5
vt 0.649323 0.458212
vt 0.657166 0.420958
vt 0.484533 0.427276
f 7/19/7 2/5/2 3/9/3
vt 0.649323 0.458212
vt 0.484533 0.427276
vt 0.484533 0.462037
f 7/19/7 3/8/3 8/24/8
vt 0.640310 0.481493
vt 0.649323 0.458212
vt 0.484533 0.462037
f 9/25/9 7/20/7 8/24/8
vt 0.640310 0.481493
vt 0.484533 0.462037
vt 0.484533 0.482668
f 9/25/9 8/23/8 10/30/10
vt 0.951617 0.786814
vt 0.912137 0.839081
vt 0.879230 0.789295
f 4/10/4 6/17/6 11/33/11
vt 0.912137 0.839081
vt 0.916822 0.854457
vt 0.870513 0.877770
f 6/16/6 5/14/5 13/39/13
vt 0.912137 0.839081
vt 0.870513 0.877770
vt 0.867945 0.857004
f 6/16/6 13/38/13 12/36/12
vt 0.289280 0.575862
vt 0.273708 0.578656
vt 0.266750 0.558493
f 5/13/5 7/20/7 9/27/9
vt 0.289280 0.575862
vt 0.266750 0.558493
vt 0.291016 0.555413
f 5/13/5 9/26/9 13/39/13
vt 0.879230 0.789295
vt 0.912137 0.839081
vt 0.867945 0.857004
f 11/31/11 6/17/6 12/36/12
vt 0.879230 0.789295
vt 0.867945 0.857004
vt 0.826016 0.763150
f 11/31/11 12/35/12 14/42/14
vt 0.262000 0.519469
vt 0.266750 0.558493
vt 0.146484 0.560070
f 15/43/15 9/26/9 10/30/10
vt 0.262000 0.519469
vt 0.146484 0.560070
vt 0.146352 0.523545
f 15/43/15 10/29/10 16/48/16
vt 0.291016 0.555413
vt 0.266750 0.558493
vt 0.262000 0.519469
f 13/37/13 9/26/9 15/45/15
vt 0.291016 0.555413
vt 0.262000 0.519469
vt 0.289660 0.510350
f 13/37/13 15/44/15 17/51/17
vt 0.867945 0.857004
vt 0.870513 0.877770
vt 0.768463 0.883799
f 12/34/12 13/38/13 17/51/17
vt 0.867945 0.857004
vt 0.768463 0.883799
vt 0.786155 0.871666
f 12/34/12 17/50/17 18/54/18
vt 0.768463 0.883799
vt 0.730414 0.878069
vt 0.786155 0.871666
f 17/49/17 19/56/19 18/54/18
vt 0.826016 0.763150
vt 0.867945 0.857004
vt 0.786155 0.871666
f 14/40/14 12/35/12 18/54/18
vt 0.826016 0.763150
vt 0.786155 0.871666
vt 0.769195 0.721433
f 14/40/14 18/53/18 20/60/20
vt 0.742227 0.666446
vt 0.769195 0.721433
vt 0.786155 0.871666
f 21/61/21 20/59/20 18/54/18
vt 0.742227 0.666446
vt 0.786155 0.871666
vt 0.703579 0.874835
f 21/61/21 18/53/18 23/69/23
vt 0.742227 0.666446
vt 0.703579 0.874835
vt 0.728370 0.619947
f 21/61/21 23/68/23 22/66/22
vt 0.541842 0.600167
vt 0.703579 0.874835
vt 0.380319 0.859354
f 26/76/26 23/68/23 24/72/24
vt 0.541842 0.600167
vt 0.380319 0.859354
vt 0.396071 0.599664
f 26/76/26 24/71/24 27/81/27
vt 0.703579 0.874835
vt 0.541842 0.600167
vt 0.702825 0.618295
f 23/67/23 26/77/26 25/75/25
vt 0.702825 0.618295
vt 0.728370 0.619947
vt 0.703579 0.874835
f 25/73/25 22/65/22 23/69/23
vt 0.380319 0.859354
vt 0.368652 0.880667
vt 0.326625 0.878910
f 24/70/24 28/83/28 30/90/30
vt 0.380319 0.859354
vt 0.326625 0.878910
vt 0.332385 0.852838
f 24/70/24 30/89/30 31/93/31
vt 0.250458 0.331402
vt 0.146360 0.333003
vt 0.197048 0.316201
f 28/82/28 29/86/29 34/102/34
vt 0.250458 0.331402
vt 0.197048 0.316201
vt 0.250861 0.323259
f 28/82/28 34/101/34 30/90/30
vt 0.197048 0.316201
vt 0.146360 0.333003
vt 0.146487 0.314670
f 34/100/34 29/86/29 35/105/35
vt 0.396071 0.599664
vt 0.380319 0.859354
vt 0.332385 0.852838
f 27/79/27 24/71/24 31/93/31
vt 0.396071 0.599664
vt 0.332385 0.852838
vt 0.320369 0.661956
f 27/79/27 31/92/31 38/114/38
vt 0.175409 0.184003
vt 0.179431 0.186510
vt 0.146489 0.184013
f 42/124/42 36/107/36 37/111/37
vt 0.175409 0.184003
vt 0.146489 0.184013
vt 0.146486 0.181641
f 42/124/42 37/110/37 43/129/43
vt 0.179431 0.186510
vt 0.175409 0.184003
vt 0.190326 0.186605
f 36/106/36 42/125/42 44/132/44
vt 0.179431 0.186510
vt 0.190326 0.186605
vt 0.196450 0.191362
f 36/106/36 44/131/44 33/99/33
vt 0.016632 0.844248
vt 0.005859 0.836419
vt 0.025076 0.819921
f 33/97/33 44/131/44 45/135/45
vt 0.016632 0.844248
vt 0.025076 0.819921
vt 0.034663 0.824137
f 33/97/33 45/134/45 32/96/32
vt 0.041915 0.692965
vt 0.034663 0.824137
vt 0.025076 0.819921
f 41/121/41 32/95/32 45/135/45
vt 0.041915 0.692965
vt 0.025076 0.819921
vt 0.029902 0.681355
f 41/121/41 45/134/45 46/138/46
vt 0.786155 0.871666
vt 0.730414 0.878069
vt 0.703579 0.874835
f 18/52/18 19/56/19 23/69/23
vt 0.961752 0.824325
vt 0.994141 0.776299
vt 0.951617 0.786814
f 50/148/50 49/146/49 51/153/51
vt 0.916822 0.854457
vt 0.961752 0.824325
vt 0.951617 0.786814
f 52/154/52 50/149/50 51/153/51
vt 0.916822 0.854457
vt 0.951617 0.786814
vt 0.912137 0.839081
f 52/154/52 51/152/51 53/159/53
vt 0.019260 0.578656
vt 0.013205 0.595703
vt 0.003689 0.575862
f 54/160/54 50/149/50 52/156/52
vt 0.484533 0.427276
vt 0.311900 0.420958
vt 0.319744 0.458212
f 3/7/3 50/149/50 54/162/54
vt 0.484533 0.427276
vt 0.319744 0.458212
vt 0.484533 0.462037
f 3/7/3 54/161/54 8/24/8
vt 0.484533 0.462037
vt 0.319744 0.458212
vt 0.328757 0.481493
f 8/22/8 54/161/54 55/165/55
vt 0.484533 0.462037
vt 0.328757 0.481493
vt 0.484533 0.482668
f 8/22/8 55/164/55 10/30/10
vt 0.912137 0.839081
vt 0.951617 0.786814
vt 0.879230 0.789295
f 53/157/53 51/152/51 56/168/56
vt 0.912137 0.839081
vt 0.867945 0.857004
vt 0.870513 0.877770
f 53/157/53 57/170/57 58/174/58
vt 0.912137 0.839081
vt 0.870513 0.877770
vt 0.916822 0.854457
f 53/157/53 58/173/58 52/156/52
vt 0.003689 0.575862
vt 0.001953 0.555413
vt 0.026219 0.558493
f 52/154/52 58/173/58 55/165/55
vt 0.003689 0.575862
vt 0.026219 0.558493
vt 0.019260 0.578656
f 52/154/52 55/164/55 54/162/54
vt 0.867945 0.857004
vt 0.912137 0.839081
vt 0.879230 0.789295
f 57/169/57 53/158/53 56/168/56
vt 0.867945 0.857004
vt 0.879230 0.789295
vt 0.826016 0.763150
f 57/169/57 56/167/56 59/177/59
vt 0.146484 0.560070
vt 0.026219 0.558493
vt 0.030704 0.519469
f 10/28/10 55/164/55 60/180/60
vt 0.146484 0.560070
vt 0.030704 0.519469
vt 0.146352 0.523545
f 10/28/10 60/179/60 16/48/16
vt 0.030704 0.519469
vt 0.026219 0.558493
vt 0.001953 0.555413
f 60/178/60 55/164/55 58/174/58
vt 0.030704 0.519469
vt 0.001953 0.555413
vt 0.003043 0.510350
f 60/178/60 58/173/58 61/183/61
vt 0.867945 0.857004
vt 0.786155 0.871666
vt 0.768463 0.883799
f 57/169/57 62/185/62 61/183/61
vt 0.867945 0.857004
vt 0.768463 0.883799
vt 0.870513 0.877770
f 57/169/57 61/182/61 58/174/58
vt 0.731038 0.877951
vt 0.768463 0.883799
vt 0.786155 0.871666
f 63/187/63 61/182/61 62/186/62
vt 0.786155 0.871666
vt 0.867945 0.857004
vt 0.826016 0.763150
f 62/184/62 57/170/57 59/177/59
vt 0.786155 0.871666
vt 0.826016 0.763150
vt 0.769195 0.721433
f 62/184/62 59/176/59 64/192/64
vt 0.786155 0.871666
vt 0.769195 0.721433
vt 0.742227 0.666446
f 62/184/62 64/191/64 65/195/65
vt 0.703579 0.874835
vt 0.786155 0.871666
vt 0.742227 0.666446
f 67/199/67 62/185/62 65/195/65
vt 0.703579 0.874835
vt 0.742227 0.666446
vt 0.728370 0.619947
f 67/199/67 65/194/65 66/198/66
vt 0.703579 0.874835
vt 0.702825 0.618295
vt 0.541842 0.600167
f 67/199/67 69/206/69 70/210/70
vt 0.380319 0.859354
vt 0.703579 0.874835
vt 0.541842 0.600167
f 68/202/68 67/200/67 70/210/70
vt 0.380319 0.859354
vt 0.541842 0.600167
vt 0.396071 0.599664
f 68/202/68 70/209/70 71/213/71
vt 0.728370 0.619947
vt 0.702825 0.618295
vt 0.703579 0.874835
f 66/196/66 69/206/69 67/201/67
vt 0.326625 0.878910
vt 0.368652 0.880667
vt 0.380319 0.859354
f 73/217/73 72/215/72 68/204/68
vt 0.326625 0.878910
vt 0.380319 0.859354
vt 0.332385 0.852838
f 73/217/73 68/203/68 74/222/74
vt 0.042262 0.331402
vt 0.042113 0.323259
vt 0.095926 0.316201
f 72/214/72 73/218/73 77/231/77
vt 0.042262 0.331402
vt 0.095926 0.316201
vt 0.146360 0.333003
f 72/214/72 77/230/77 29/87/29
vt 0.146360 0.333003
vt 0.095926 0.316201
vt 0.146487 0.314670
f 29/85/29 77/230/77 35/105/35
vt 0.332385 0.852838
vt 0.380319 0.859354
vt 0.396071 0.599664
f 74/220/74 68/203/68 71/213/71
vt 0.332385 0.852838
vt 0.396071 0.599664
vt 0.320369 0.661956
f 74/220/74 71/212/71 79/237/79
vt 0.146489 0.184013
vt 0.113547 0.186509
vt 0.117564 0.184003
f 37/109/37 78/233/78 83/249/83
vt 0.146489 0.184013
vt 0.117564 0.184003
vt 0.146486 0.181641
f 37/109/37 83/248/83 43/129/43
vt 0.113547 0.186509
vt 0.096529 0.191362
vt 0.102647 0.186605
f 78/232/78 76/227/76 84/252/84
vt 0.113547 0.186509
vt 0.102647 0.186605
vt 0.117564 0.184003
f 78/232/78 84/251/84 83/249/83
vt 0.016632 0.844248
vt 0.034663 0.824137
vt 0.025076 0.819921
f 76/226/76 75/224/75 85/255/85
vt 0.016632 0.844248
vt 0.025076 0.819921
vt 0.005859 0.836419
f 76/226/76 85/254/85 84/252/84
vt 0.025076 0.819921
vt 0.034663 0.824137
vt 0.041915 0.692965
f 85/253/85 75/224/75 82/246/82
vt 0.025076 0.819921
vt 0.041915 0.692965
vt 0.029902 0.681355
f 85/253/85 82/245/82 86/258/86
vt 0.731038 0.877951
vt 0.786155 0.871666
vt 0.703579 0.874835
f 63/187/63 62/185/62 67/201/67
vt 0.467344 0.142694
vt 0.467344 0.326056
vt 0.521515 0.312681
f 70/208/70 26/77/26 27/81/27
vt 0.467344 0.142694
vt 0.521515 0.312681
vt 0.521523 0.156073
f 70/208/70 27/80/27 71/213/71
vt 0.403748 0.138672
vt 0.403748 0.330078
vt 0.467344 0.326056
f 69/205/69 25/74/25 26/78/26
vt 0.403748 0.138672
vt 0.467344 0.326056
vt 0.467344 0.142694
f 69/205/69 26/77/26 70/210/70
vt 0.568004 0.050602
vt 0.568492 0.050602
vt 0.568004 0.050114
f 47/139/47 48/143/48 87/261/87
vt 0.393034 0.139244
vt 0.393034 0.329506
vt 0.403748 0.330078
f 66/196/66 22/65/22 25/75/25
vt 0.393034 0.139244
vt 0.403748 0.330078
vt 0.403748 0.138672
f 66/196/66 25/74/25 69/207/69
vt 0.146499 0.013216
vt 0.146484 0.177734
vt 0.071230 0.177508
f 48/142/48 43/128/43 83/249/83
vt 0.146499 0.013216
vt 0.071230 0.177508
vt 0.026935 0.020784
f 48/142/48 83/248/83 87/261/87
vt 0.026935 0.020784
vt 0.032416 0.172599
vt 0.001953 0.158515
f 87/259/87 84/251/84 85/255/85
vt 0.026935 0.020784
vt 0.001953 0.158515
vt 0.007163 0.027308
f 87/259/87 85/254/85 86/258/86
vt 0.032416 0.172599
vt 0.026935 0.020784
vt 0.071230 0.177508
f 84/250/84 87/260/87 83/249/83
vt 0.221739 0.177508
vt 0.146484 0.177734
vt 0.146499 0.013216
f 42/124/42 43/128/43 48/144/48
vt 0.221739 0.177508
vt 0.146499 0.013216
vt 0.266270 0.020797
f 42/124/42 48/143/48 47/141/47
vt 0.260552 0.172599
vt 0.221739 0.177508
vt 0.266270 0.020797
f 44/130/44 42/125/42 47/141/47
vt 0.291016 0.158515
vt 0.260552 0.172599
vt 0.266270 0.020797
f 45/133/45 44/131/44 47/141/47
vt 0.291016 0.158515
vt 0.266270 0.020797
vt 0.285820 0.027312
f 45/133/45 47/140/47 46/138/46
vt 0.994141 0.776299
vt 0.976561 0.732683
vt 0.927079 0.707052
f 49/145/49 88/263/88 89/267/89
vt 0.994141 0.776299
vt 0.927079 0.707052
vt 0.951617 0.786814
f 49/145/49 89/266/89 51/153/51
vt 0.879230 0.789295
vt 0.951617 0.786814
vt 0.927079 0.707052
f 56/166/56 51/152/51 89/267/89
vt 0.879230 0.789295
vt 0.927079 0.707052
vt 0.856909 0.677707
f 56/166/56 89/266/89 90/270/90
vt 0.826016 0.763150
vt 0.879230 0.789295
vt 0.856909 0.677707
f 59/175/59 56/167/56 90/270/90
vt 0.769195 0.721433
vt 0.826016 0.763150
vt 0.856909 0.677707
f 64/190/64 59/176/59 90/270/90
vt 0.742227 0.666446
vt 0.769195 0.721433
vt 0.856909 0.677707
f 65/193/65 64/191/64 90/270/90
vt 0.742227 0.666446
vt 0.856909 0.677707
vt 0.799113 0.628094
f 65/193/65 90/269/90 91/273/91
vt 0.728370 0.619947
vt 0.742227 0.666446
vt 0.799113 0.628094
f 66/196/66 65/194/65 91/273/91
vt 0.994141 0.776299
vt 0.951617 0.786814
vt 0.927880 0.706953
f 1/1/1 4/11/4 93/279/93
vt 0.994141 0.776299
vt 0.927880 0.706953
vt 0.978295 0.732393
f 1/1/1 93/278/93 92/276/92
vt 0.951617 0.786814
vt 0.879230 0.789295
vt 0.857455 0.677683
f 4/10/4 11/32/11 94/282/94
vt 0.951617 0.786814
vt 0.857455 0.677683
vt 0.927880 0.706953
f 4/10/4 94/281/94 93/279/93
vt 0.879230 0.789295
vt 0.826016 0.763150
vt 0.857455 0.677683
f 11/31/11 14/41/14 94/282/94
vt 0.826016 0.763150
vt 0.769195 0.721433
vt 0.857455 0.677683
f 14/40/14 20/59/20 94/282/94
vt 0.769195 0.721433
vt 0.742227 0.666446
vt 0.799113 0.628094
f 20/58/20 21/62/21 95/285/95
vt 0.769195 0.721433
vt 0.799113 0.628094
vt 0.857455 0.677683
f 20/58/20 95/284/95 94/282/94
vt 0.742227 0.666446
vt 0.728370 0.619947
vt 0.799113 0.628094
f 21/61/21 22/65/22 95/285/95
vt 0.393034 0.329506
vt 0.393034 0.139244
vt 0.365708 0.153536
f 22/64/22 66/197/66 91/273/91
vt 0.393034 0.329506
vt 0.365708 0.153536
vt 0.365542 0.313867
f 22/64/22 91/272/91 95/285/95
vt 0.342876 0.153457
vt 0.342660 0.314064
vt 0.365542 0.313867
f 90/268/90 94/281/94 95/285/95
vt 0.342876 0.153457
vt 0.365542 0.313867
vt 0.365708 0.153536
f 90/268/90 95/284/95 91/273/91
vt 0.315155 0.153674
vt 0.314839 0.313942
vt 0.342660 0.314064
f 89/265/89 93/278/93 94/282/94
vt 0.315155 0.153674
vt 0.342660 0.314064
vt 0.342876 0.153457
f 89/265/89 94/281/94 90/270/90
vt 0.295606 0.153680
vt 0.294922 0.314024
vt 0.314839 0.313942
f 88/262/88 92/275/92 93/279/93
vt 0.295606 0.153680
vt 0.314839 0.313942
vt 0.315155 0.153674
f 88/262/88 93/278/93 89/267/89
vt 0.029902 0.681355
vt 0.041915 0.692965
vt 0.037366 0.661499
f 86/256/86 82/245/82 96/288/96
vt 0.029902 0.681355
vt 0.037366 0.661499
vt 0.025308 0.660261
f 86/256/86 96/287/96 87/261/87
vt 0.146499 0.013216
vt 0.026935 0.020784
vt 0.007642 0.004248
f 48/142/48 87/260/87 96/288/96
vt 0.146499 0.013216
vt 0.007642 0.004248
vt 0.146499 0.001953
f 48/142/48 96/287/96 97/291/97
vt 0.029902 0.681355
vt 0.025308 0.660261
vt 0.037366 0.661499
f 46/136/46 47/140/47 101/303/101
vt 0.029902 0.681355
vt 0.037366 0.661499
vt 0.041915 0.692965
f 46/136/46 101/302/101 41/123/41
vt 0.285355 0.004256
vt 0.266270 0.020797
vt 0.146499 0.013216
f 101/301/101 47/140/47 48/144/48
vt 0.285355 0.004256
vt 0.146499 0.013216
vt 0.146499 0.001953
f 101/301/101 48/143/48 97/291/97
vt 0.521523 0.156073
vt 0.521515 0.312681
vt 0.551756 0.289508
f 71/211/71 27/80/27 102/306/102
vt 0.521523 0.156073
vt 0.551756 0.289508
vt 0.551756 0.179249
f 71/211/71 102/305/102 98/294/98
vt 0.673828 0.234378
vt 0.666640 0.198225
vt 0.666640 0.270532
f 97/289/97 96/287/96 101/303/101
vt 0.551756 0.179249
vt 0.551756 0.289508
vt 0.603881 0.281594
f 98/292/98 102/305/102 103/309/103
vt 0.551756 0.179249
vt 0.603881 0.281594
vt 0.603881 0.187162
f 98/292/98 103/308/103 99/297/99
vt 0.639147 0.194430
vt 0.603881 0.187162
vt 0.603881 0.281594
f 100/298/100 99/296/99 103/309/103
vt 0.639147 0.194430
vt 0.603881 0.281594
vt 0.639147 0.274327
f 100/298/100 103/308/103 104/312/104
vt 0.666640 0.198225
vt 0.639147 0.194430
vt 0.639147 0.274327
f 96/286/96 100/299/100 104/312/104
vt 0.666640 0.198225
vt 0.639147 0.274327
vt 0.666640 0.270532
f 96/286/96 104/311/104 101/303/101
vt 0.326625 0.878910
vt 0.016632 0.844248
vt 0.034663 0.824137
f 30/88/30 33/98/33 32/96/32
vt 0.326625 0.878910
vt 0.034663 0.824137
vt 0.332385 0.852838
f 30/88/30 32/95/32 31/93/31
vt 0.179431 0.186510
vt 0.197048 0.316201
vt 0.146487 0.314670
f 36/106/36 34/101/34 35/105/35
vt 0.179431 0.186510
vt 0.146487 0.314670
vt 0.146489 0.184013
f 36/106/36 35/104/35 37/111/37
vt 0.196450 0.191362
vt 0.250861 0.323259
vt 0.197048 0.316201
f 33/97/33 30/89/30 34/102/34
vt 0.196450 0.191362
vt 0.197048 0.316201
vt 0.179431 0.186510
f 33/97/33 34/101/34 36/108/36
vt 0.332385 0.852838
vt 0.197265 0.661878
vt 0.320369 0.661956
f 31/91/31 39/116/39 38/114/38
vt 0.197265 0.661878
vt 0.332385 0.852838
vt 0.034663 0.824137
f 39/115/39 31/92/31 32/96/32
vt 0.197265 0.661878
vt 0.034663 0.824137
vt 0.095307 0.661677
f 39/115/39 32/95/32 40/120/40
vt 0.095307 0.661677
vt 0.034663 0.824137
vt 0.041915 0.692965
f 40/118/40 32/95/32 41/123/41
vt 0.326625 0.878910
vt 0.332385 0.852838
vt 0.034663 0.824137
f 73/217/73 74/221/74 75/225/75
vt 0.326625 0.878910
vt 0.034663 0.824137
vt 0.016632 0.844248
f 73/217/73 75/224/75 76/228/76
vt 0.146487 0.314670
vt 0.095926 0.316201
vt 0.113547 0.186509
f 35/103/35 77/230/77 78/234/78
vt 0.146487 0.314670
vt 0.113547 0.186509
vt 0.146489 0.184013
f 35/103/35 78/233/78 37/111/37
vt 0.095926 0.316201
vt 0.042113 0.323259
vt 0.096529 0.191362
f 77/229/77 73/218/73 76/228/76
vt 0.095926 0.316201
vt 0.096529 0.191362
vt 0.113547 0.186509
f 77/229/77 76/227/76 78/234/78
vt 0.197265 0.661878
vt 0.332385 0.852838
vt 0.320369 0.661956
f 80/238/80 74/221/74 79/237/79
vt 0.034663 0.824137
vt 0.332385 0.852838
vt 0.197265 0.661878
f 75/223/75 74/221/74 80/240/80
vt 0.034663 0.824137
vt 0.197265 0.661878
vt 0.095307 0.661677
f 75/223/75 80/239/80 81/243/81
vt 0.034663 0.824137
vt 0.095307 0.661677
vt 0.041915 0.692965
f 75/223/75 81/242/81 82/246/82
vt 0.311900 0.420958
vt 0.484533 0.427276
vt 0.307556 0.373471
f 50/148/50 3/8/3 49/147/49
vt 0.307556 0.373471
vt 0.484533 0.427276
vt 0.484533 0.374043
f 49/145/49 3/8/3 105/315/105
vt 0.484533 0.427276
vt 0.657166 0.420958
vt 0.661511 0.373471
f 3/7/3 2/5/2 1/3/1
vt 0.484533 0.427276
vt 0.661511 0.373471
vt 0.484533 0.374043
f 3/7/3 1/2/1 105/315/105
vt 0.484533 0.374043
vt 0.642836 0.333984
vt 0.324152 0.334259
f 105/313/105 92/275/92 88/264/88
vt 0.484533 0.374043
vt 0.661511 0.373471
vt 0.642836 0.333984
f 105/313/105 1/2/1 92/276/92
vt 0.307556 0.373471
vt 0.484533 0.374043
vt 0.324152 0.334259
f 49/145/49 105/314/105 88/264/88
vt 0.558495 0.102960
vt 0.555882 0.103155
vt 0.555882 0.103155
f 38/112/38 39/116/39 107/321/107
vt 0.558495 0.102960
vt 0.555882 0.103155
vt 0.558495 0.102960
f 38/112/38 107/320/107 106/318/106
vt 0.558495 0.102960
vt 0.558495 0.102960
vt 0.559998 0.099612
f 38/112/38 106/317/106 27/81/27
vt 0.320369 0.661956
vt 0.328171 0.600411
vt 0.396071 0.599664
f 106/316/106 102/305/102 27/81/27
vt 0.196229 0.600136
vt 0.328171 0.600411
vt 0.320369 0.661956
f 103/307/103 102/305/102 106/318/106
vt 0.196229 0.600136
vt 0.320369 0.661956
vt 0.197265 0.661878
f 103/307/103 106/317/106 107/321/107
vt 0.555882 0.103155
vt 0.553789 0.103184
vt 0.553789 0.103184
f 39/115/39 40/119/40 108/324/108
vt 0.555882 0.103155
vt 0.553789 0.103184
vt 0.555882 0.103155
f 39/115/39 108/323/108 107/321/107
vt 0.106959 0.634945
vt 0.196229 0.600136
vt 0.197265 0.661878
f 104/310/104 103/308/103 107/321/107
vt 0.106959 0.634945
vt 0.197265 0.661878
vt 0.095307 0.661677
f 104/310/104 107/320/107 108/324/108
vt 0.553789 0.103184
vt 0.552734 0.104841
vt 0.553789 0.103184
f 40/118/40 41/122/41 108/324/108
vt 0.095307 0.661677
vt 0.041915 0.692965
vt 0.037366 0.661499
f 108/322/108 41/122/41 101/303/101
vt 0.095307 0.661677
vt 0.037366 0.661499
vt 0.106959 0.634945
f 108/322/108 101/302/101 104/312/104
vt 0.559998 0.099612
vt 0.558495 0.102960
vt 0.558495 0.102960
f 71/211/71 109/326/109 79/237/79
vt 0.396071 0.599664
vt 0.328171 0.600411
vt 0.320369 0.661956
f 71/211/71 98/293/98 109/327/109
vt 0.555882 0.103155
vt 0.558495 0.102960
vt 0.558495 0.102960
f 80/238/80 79/236/79 109/327/109
vt 0.555882 0.103155
vt 0.558495 0.102960
vt 0.555882 0.103155
f 80/238/80 109/326/109 110/330/110
vt 0.553789 0.103184
vt 0.555882 0.103155
vt 0.555882 0.103155
f 81/241/81 80/239/80 110/330/110
vt 0.553789 0.103184
vt 0.555882 0.103155
vt 0.553789 0.103184
f 81/241/81 110/329/110 111/333/111
vt 0.553789 0.103184
vt 0.552734 0.104841
vt 0.553789 0.103184
f 111/331/111 82/245/82 81/243/81
vt 0.095307 0.661677
vt 0.037366 0.661499
vt 0.041915 0.692965
f 111/331/111 96/287/96 82/246/82
vt 0.106959 0.634945
vt 0.037366 0.661499
vt 0.095307 0.661677
f 100/298/100 96/287/96 111/333/111
vt 0.197265 0.661878
vt 0.196229 0.600136
vt 0.106959 0.634945
f 110/328/110 99/296/99 100/300/100
vt 0.197265 0.661878
vt 0.106959 0.634945
vt 0.095307 0.661677
f 110/328/110 100/299/100 111/333/111
vt 0.328171 0.600411
vt 0.196229 0.600136
vt 0.197265 0.661878
f 98/292/98 99/296/99 110/330/110
vt 0.328171 0.600411
vt 0.197265 0.661878
vt 0.320369 0.661956
f 98/292/98 110/329/110 109/327/109
vt 0.289728 0.010429
vt 0.429854 0.193005
vt 0.298518 0.192929
f 31/91/31 39/116/39 38/114/38
vt 0.429854 0.193005
vt 0.289728 0.010429
vt 0.579293 0.040512
f 39/115/39 31/92/31 32/96/32
vt 0.429854 0.193005
vt 0.579293 0.040512
vt 0.519200 0.192497
f 39/115/39 32/95/32 40/120/40
vt 0.519200 0.192497
vt 0.579293 0.040512
vt 0.576003 0.159894
f 40/118/40 32/95/32 41/123/41
vt 0.774038 0.266474
vt 0.601075 -0.006767
vt 0.946774 0.008633
f 26/76/26 23/68/23 24/72/24
vt 0.774038 0.266474
vt 0.946774 0.008633
vt 0.920680 0.266256
f 26/76/26 24/71/24 27/81/27
vt 0.601075 -0.006767
vt 0.774038 0.266474
vt 0.601881 0.248441
f 23/67/23 26/77/26 25/75/25
vt 0.601881 0.248441
vt 0.572881 0.246078
vt 0.601075 -0.006767
f 25/73/25 22/65/22 23/69/23
vt 0.920680 0.266256
vt 0.946774 0.008633
vt 0.992150 0.015834
f 27/79/27 24/71/24 31/93/31
vt 0.920680 0.266256
vt 0.992150 0.015834
vt 1.001637 0.202131
f 27/79/27 31/92/31 38/114/38
vt -0.008924 0.167413
vt 0.035500 0.093550
vt 0.047141 0.148750
f 1/1/1 2/5/2 4/12/4
vt 0.047141 0.148750
vt 0.035500 0.093550
vt 0.087107 0.049209
f 4/10/4 2/5/2 5/15/5
vt 0.047141 0.148750
vt 0.087107 0.049209
vt 0.092487 0.071836
f 4/10/4 5/14/5 6/18/6
vt 0.047141 0.148750
vt 0.092487 0.071836
vt 0.130283 0.145099
f 4/10/4 6/17/6 11/33/11
vt 0.092487 0.071836
vt 0.087107 0.049209
vt 0.140295 0.014902
f 6/16/6 5/14/5 13/39/13
vt 0.092487 0.071836
vt 0.140295 0.014902
vt 0.143245 0.045460
f 6/16/6 13/38/13 12/36/12
vt 0.130283 0.145099
vt 0.092487 0.071836
vt 0.143245 0.045460
f 11/31/11 6/17/6 12/36/12
vt 0.130283 0.145099
vt 0.143245 0.045460
vt 0.191403 0.183573
f 11/31/11 12/35/12 14/42/14
vt 0.143245 0.045460
vt 0.140295 0.014902
vt 0.257508 0.006031
f 12/34/12 13/38/13 17/51/17
vt 0.143245 0.045460
vt 0.257508 0.006031
vt 0.237186 0.023885
f 12/34/12 17/50/17 18/54/18
vt 0.257508 0.006031
vt 0.301209 0.014462
vt 0.237186 0.023885
f 17/49/17 19/56/19 18/54/18
vt 0.191403 0.183573
vt 0.143245 0.045460
vt 0.237186 0.023885
f 14/40/14 12/35/12 18/54/18
vt 0.191403 0.183573
vt 0.237186 0.023885
vt 0.256666 0.244962
f 14/40/14 18/53/18 20/60/20
vt 0.287641 0.325879
vt 0.256666 0.244962
vt 0.237186 0.023885
f 21/61/21 20/59/20 18/54/18
vt 0.287641 0.325879
vt 0.237186 0.023885
vt 0.332032 0.019222
f 21/61/21 18/53/18 23/69/23
vt 0.287641 0.325879
vt 0.332032 0.019222
vt 0.301751 0.393241
f 21/61/21 23/68/23 22/66/22
vt 0.237186 0.023885
vt 0.301209 0.014462
vt 0.332032 0.019222
f 18/52/18 19/56/19 23/69/23
vt 0.081941 0.370786
vt 0.139824 0.377229
vt 0.147395 0.360660
f 2/4/2 7/20/7 5/15/5
vt 0.139824 0.377229
vt 0.081941 0.370786
vt 0.071274 0.512600
f 7/19/7 2/5/2 3/9/3
vt 0.139824 0.377229
vt 0.071274 0.512600
vt 0.131285 0.512600
f 7/19/7 3/8/3 8/24/8
vt 0.205608 0.384633
vt 0.139824 0.377229
vt 0.131285 0.512600
f 9/25/9 7/20/7 8/24/8
vt 0.205608 0.384633
vt 0.131285 0.512600
vt 0.200849 0.512600
f 9/25/9 8/23/8 10/30/10
vt 0.147395 0.360660
vt 0.139824 0.377229
vt 0.205608 0.384633
f 5/13/5 7/20/7 9/27/9
vt 0.147395 0.360660
vt 0.205608 0.384633
vt 0.213910 0.358813
f 5/13/5 9/26/9 13/39/13
vt 0.327349 0.389687
vt 0.205608 0.384633
vt 0.200849 0.512600
f 15/43/15 9/26/9 10/30/10
vt 0.327349 0.389687
vt 0.200849 0.512600
vt 0.314269 0.512741
f 15/43/15 10/29/10 16/48/16
vt 0.213910 0.358813
vt 0.205608 0.384633
vt 0.327349 0.389687
f 13/37/13 9/26/9 15/45/15
vt 0.213910 0.358813
vt 0.327349 0.389687
vt 0.354957 0.360255
f 13/37/13 15/44/15 17/51/17
vt 0.139824 0.647972
vt 0.081941 0.654415
vt 0.147395 0.664540
f 54/160/54 50/149/50 52/156/52
vt 0.071274 0.512600
vt 0.081941 0.654415
vt 0.139824 0.647972
f 3/7/3 50/149/50 54/162/54
vt 0.071274 0.512600
vt 0.139824 0.647972
vt 0.131285 0.512600
f 3/7/3 54/161/54 8/24/8
vt 0.131285 0.512600
vt 0.139824 0.647972
vt 0.205608 0.640568
f 8/22/8 54/161/54 55/165/55
vt 0.131285 0.512600
vt 0.205608 0.640568
vt 0.200849 0.512600
f 8/22/8 55/164/55 10/30/10
vt 0.147395 0.664540
vt 0.213910 0.666388
vt 0.205608 0.640568
f 52/154/52 58/173/58 55/165/55
vt 0.147395 0.664540
vt 0.205608 0.640568
vt 0.139824 0.647972
f 52/154/52 55/164/55 54/162/54
vt 0.200849 0.512600
vt 0.205608 0.640568
vt 0.327349 0.635796
f 10/28/10 55/164/55 60/180/60
vt 0.200849 0.512600
vt 0.327349 0.635796
vt 0.314269 0.512741
f 10/28/10 60/179/60 16/48/16
vt 0.327349 0.635796
vt 0.205608 0.640568
vt 0.213910 0.666388
f 60/178/60 55/164/55 58/174/58
vt 0.327349 0.635796
vt 0.213910 0.666388
vt 0.354957 0.665228
f 60/178/60 58/173/58 61/183/61
vt 0.081941 0.654415
vt 0.071274 0.512600
vt 0.022638 0.657984
f 50/148/50 3/8/3 49/147/49
vt 0.022638 0.657984
vt 0.071274 0.512600
vt 0.021520 0.512600
f 49/145/49 3/8/3 105/315/105
vt 0.071274 0.512600
vt 0.081941 0.370786
vt 0.022638 0.367217
f 3/7/3 2/5/2 1/3/1
vt 0.071274 0.512600
vt 0.022638 0.367217
vt 0.021520 0.512600
f 3/7/3 1/2/1 105/315/105
vt 0.021520 0.512600
vt 0.047980 0.382558
vt 0.050399 0.644351
f 105/313/105 92/275/92 88/264/88
vt 0.021520 0.512600
vt 0.022638 0.367217
vt 0.047980 0.382558
f 105/313/105 1/2/1 92/276/92
vt 0.022638 0.657984
vt 0.021520 0.512600
vt 0.050399 0.644351
f 49/145/49 105/314/105 88/264/88
vt 0.690528 0.893026
vt 0.733236 0.830900
vt 0.679337 0.846598
f 50/148/50 49/146/49 51/153/51
vt 0.640914 0.930321
vt 0.690528 0.893026
vt 0.679337 0.846598
f 52/154/52 50/149/50 51/153/51
vt 0.640914 0.930321
vt 0.679337 0.846598
vt 0.635742 0.911289
f 52/154/52 51/152/51 53/159/53
vt 0.635742 0.911289
vt 0.679337 0.846598
vt 0.599406 0.849668
f 53/157/53 51/152/51 56/168/56
vt 0.635742 0.911289
vt 0.586944 0.933474
vt 0.589780 0.959176
f 53/157/53 57/170/57 58/174/58
vt 0.635742 0.911289
vt 0.589780 0.959176
vt 0.640914 0.930321
f 53/157/53 58/173/58 52/156/52
vt 0.586944 0.933474
vt 0.635742 0.911289
vt 0.599406 0.849668
f 57/169/57 53/158/53 56/168/56
vt 0.586944 0.933474
vt 0.599406 0.849668
vt 0.540647 0.817308
f 57/169/57 56/167/56 59/177/59
vt 0.586944 0.933474
vt 0.496632 0.951621
vt 0.477095 0.966637
f 57/169/57 62/185/62 61/183/61
vt 0.586944 0.933474
vt 0.477095 0.966637
vt 0.589780 0.959176
f 57/169/57 61/182/61 58/174/58
vt 0.435771 0.959400
vt 0.477095 0.966637
vt 0.496632 0.951621
f 63/187/63 61/182/61 62/186/62
vt 0.496632 0.951621
vt 0.586944 0.933474
vt 0.540647 0.817308
f 62/184/62 57/170/57 59/177/59
vt 0.496632 0.951621
vt 0.540647 0.817308
vt 0.477905 0.765674
f 62/184/62 59/176/59 64/192/64
vt 0.496632 0.951621
vt 0.477905 0.765674
vt 0.448126 0.697615
f 62/184/62 64/191/64 65/195/65
vt 0.405450 0.955542
vt 0.496632 0.951621
vt 0.448126 0.697615
f 67/199/67 62/185/62 65/195/65
vt 0.405450 0.955542
vt 0.448126 0.697615
vt 0.434562 0.640958
f 67/199/67 65/194/65 66/198/66
vt 0.434562 0.640958
vt 0.404618 0.638019
vt 0.405450 0.955542
f 66/196/66 69/206/69 67/201/67
vt 0.435771 0.959400
vt 0.496632 0.951621
vt 0.405450 0.955542
f 63/187/63 62/185/62 67/201/67
vt 0.814991 1.006751
vt 0.814038 0.689133
vt 0.610630 0.666690
f 67/199/67 69/206/69 70/210/70
vt 0.406538 0.987585
vt 0.814991 1.006751
vt 0.610630 0.666690
f 68/202/68 67/200/67 70/210/70
vt 0.406538 0.987585
vt 0.610630 0.666690
vt 0.437344 0.666893
f 68/202/68 70/209/70 71/213/71
vt 0.352925 0.978623
vt 0.406538 0.987585
vt 0.437344 0.666893
f 74/220/74 68/203/68 71/213/71
vt 0.352925 0.978623
vt 0.437344 0.666893
vt 0.341716 0.746762
f 74/220/74 71/212/71 79/237/79
vt 0.228127 0.732005
vt 0.358084 0.996291
vt 0.349931 0.732115
f 80/238/80 74/221/74 79/237/79
vt 0.089535 0.952746
vt 0.358084 0.996291
vt 0.228127 0.732005
f 75/223/75 74/221/74 80/240/80
vt 0.089535 0.952746
vt 0.228127 0.732005
vt 0.145267 0.732741
f 75/223/75 80/239/80 81/243/81
vt 0.089535 0.952746
vt 0.145267 0.732741
vt 0.092587 0.779934
f 75/223/75 81/242/81 82/246/82
vt 0.236857 0.337956
vt 0.229605 0.361816
vt 0.218143 0.361281
f 24/70/24 28/83/28 30/90/30
vt 0.236857 0.337956
vt 0.218143 0.361281
vt 0.210483 0.342864
f 24/70/24 30/89/30 31/93/31
vt 0.229605 0.361816
vt 0.231859 0.500000
vt 0.208208 0.432714
f 28/82/28 29/86/29 34/102/34
vt 0.229605 0.361816
vt 0.208208 0.432714
vt 0.218143 0.361281
f 28/82/28 34/101/34 30/90/30
vt 0.208208 0.432714
vt 0.231859 0.500000
vt 0.206053 0.499831
f 34/100/34 29/86/29 35/105/35
vt 0.218143 0.638381
vt 0.229605 0.638184
vt 0.236857 0.662044
f 73/217/73 72/215/72 68/204/68
vt 0.218143 0.638381
vt 0.236857 0.662044
vt 0.210483 0.656798
f 73/217/73 68/203/68 74/222/74
vt 0.229605 0.638184
vt 0.218143 0.638381
vt 0.208208 0.566947
f 72/214/72 73/218/73 77/231/77
vt 0.229605 0.638184
vt 0.208208 0.566947
vt 0.231859 0.500000
f 72/214/72 77/230/77 29/87/29
vt 0.231859 0.500000
vt 0.208208 0.566947
vt 0.206053 0.499831
f 29/85/29 77/230/77 35/105/35
vt 0.218143 0.361281
vt 0.020567 0.434751
vt 0.028842 0.418060
f 30/88/30 33/98/33 32/96/32
vt 0.218143 0.361281
vt 0.028842 0.418060
vt 0.210483 0.342864
f 30/88/30 32/95/32 31/93/31
vt 0.013737 0.456920
vt 0.208208 0.432714
vt 0.206053 0.499831
f 36/106/36 34/101/34 35/105/35
vt 0.013737 0.456920
vt 0.206053 0.499831
vt 0.010222 0.499831
f 36/106/36 35/104/35 37/111/37
vt 0.020567 0.434751
vt 0.218143 0.361281
vt 0.208208 0.432714
f 33/97/33 30/89/30 34/102/34
vt 0.020567 0.434751
vt 0.208208 0.432714
vt 0.013737 0.456920
f 33/97/33 34/101/34 36/108/36
vt 0.218143 0.638381
vt 0.210483 0.656798
vt 0.028842 0.581603
f 73/217/73 74/221/74 75/225/75
vt 0.218143 0.638381
vt 0.028842 0.581603
vt 0.020567 0.564911
f 73/217/73 75/224/75 76/228/76
vt 0.206053 0.499831
vt 0.208208 0.566947
vt 0.013737 0.542742
f 35/103/35 77/230/77 78/234/78
vt 0.206053 0.499831
vt 0.013737 0.542742
vt 0.010222 0.499831
f 35/103/35 78/233/78 37/111/37
vt 0.208208 0.566947
vt 0.218143 0.638381
vt 0.020567 0.564911
f 77/229/77 73/218/73 76/228/76
vt 0.208208 0.566947
vt 0.020567 0.564911
vt 0.013737 0.542742
f 77/229/77 76/227/76 78/234/78
vt 0.499545 -0.165304
vt 1.190688 1.165304
vt -0.190688 1.090311
f 26/76/26 23/68/23 24/72/24
vt 0.499545 -0.165304
vt -0.190688 1.090311
vt -0.086417 -0.164240
f 26/76/26 24/71/24 27/81/27
vt 1.190688 1.165304
vt 0.499545 -0.165304
vt 1.187466 -0.077485
f 23/67/23 26/77/26 25/75/25
vt -0.190687 1.165304
vt -0.187466 -0.077485
vt 0.500454 -0.165304
f 67/199/67 69/206/69 70/210/70
vt 1.190687 1.090311
vt -0.190687 1.165304
vt 0.500454 -0.165304
f 68/202/68 67/200/67 70/210/70
vt 1.190687 1.090311
vt 0.500454 -0.165304
vt 1.086499 -0.164509
f 68/202/68 70/209/70 71/213/71
vt 0.606654 0.028380
vt 0.606654 0.028380
vt 0.606602 0.029297
f 112/334/112 116/347/116 117/351/117
vt 0.606654 0.028380
vt 0.606602 0.029297
vt 0.606602 0.029297
f 112/334/112 117/350/117 113/339/113
vt 0.606602 0.029297
vt 0.606602 0.029297
vt 0.606654 0.028380
f 113/337/113 117/350/117 118/354/118
vt 0.606602 0.029297
vt 0.606654 0.028380
vt 0.607422 0.028418
f 113/337/113 118/353/118 114/342/114
vt 0.607422 0.028418
vt 0.606654 0.028380
vt 0.606669 0.026836
f 114/340/114 118/353/118 119/357/119
vt 0.607422 0.028418
vt 0.606669 0.026836
vt 0.607038 0.027266
f 114/340/114 119/356/119 115/345/115
vt 0.606654 0.028380
vt 0.605854 0.024476
vt 0.605854 0.024476
f 116/346/116 120/359/120 121/363/121
vt 0.606654 0.028380
vt 0.605854 0.024476
vt 0.606602 0.029297
f 116/346/116 121/362/121 117/351/117
vt 0.606602 0.029297
vt 0.605854 0.024476
vt 0.606268 0.023910
f 117/349/117 121/362/121 122/366/122
vt 0.606602 0.029297
vt 0.606268 0.023910
vt 0.606654 0.028380
f 117/349/117 122/365/122 118/354/118
vt 0.606654 0.028380
vt 0.606268 0.023910
vt 0.606268 0.023910
f 118/352/118 122/365/122 123/369/123
vt 0.606654 0.028380
vt 0.606268 0.023910
vt 0.606669 0.026836
f 118/352/118 123/368/123 119/357/119
vt 0.605854 0.024476
vt 0.603044 0.018088
vt 0.603044 0.018088
f 120/358/120 124/371/124 125/375/125
vt 0.605854 0.024476
vt 0.603044 0.018088
vt 0.605854 0.024476
f 120/358/120 125/374/125 121/363/121
vt 0.605854 0.024476
vt 0.603044 0.018088
vt 0.603228 0.016944
f 121/361/121 125/374/125 126/378/126
vt 0.605854 0.024476
vt 0.603228 0.016944
vt 0.606268 0.023910
f 121/361/121 126/377/126 122/366/122
vt 0.606268 0.023910
vt 0.603228 0.016944
vt 0.603228 0.016944
f 122/364/122 126/377/126 127/381/127
vt 0.606268 0.023910
vt 0.603228 0.016944
vt 0.606268 0.023910
f 122/364/122 127/380/127 123/369/123
vt 0.603044 0.018088
vt 0.601472 0.017427
vt 0.601472 0.017427
f 124/370/124 161/482/161 160/480/160
vt 0.603044 0.018088
vt 0.601472 0.017427
vt 0.603044 0.018088
f 124/370/124 160/479/160 125/375/125
vt 0.603044 0.018088
vt 0.601472 0.017427
vt 0.601676 0.016295
f 125/373/125 160/479/160 162/486/162
vt 0.603044 0.018088
vt 0.601676 0.016295
vt 0.603228 0.016944
f 125/373/125 162/485/162 126/378/126
vt 0.603228 0.016944
vt 0.601676 0.016295
vt 0.601676 0.016295
f 126/376/126 162/485/162 163/489/163
vt 0.603228 0.016944
vt 0.601676 0.016295
vt 0.603228 0.016944
f 126/376/126 163/488/163 127/381/127
vt 0.600298 0.016876
vt 0.599442 0.016508
vt 0.599442 0.016508
f 128/382/128 181/542/181 180/540/180
vt 0.600298 0.016876
vt 0.599442 0.016508
vt 0.600298 0.016876
f 128/382/128 180/539/180 129/387/129
vt 0.596471 0.015643
vt 0.593040 0.014842
vt 0.593040 0.014842
f 177/529/177 132/395/132 133/399/133
vt 0.596471 0.015643
vt 0.593040 0.014842
vt 0.596471 0.015643
f 177/529/177 133/398/133 176/528/176
vt 0.599442 0.016508
vt 0.598275 0.016437
vt 0.598342 0.014899
f 180/538/180 176/527/176 184/552/184
vt 0.599442 0.016508
vt 0.598342 0.014899
vt 0.599526 0.015337
f 180/538/180 184/551/184 182/546/182
vt 0.600298 0.016876
vt 0.599442 0.016508
vt 0.599526 0.015337
f 129/385/129 180/539/180 182/546/182
vt 0.600298 0.016876
vt 0.599526 0.015337
vt 0.600375 0.015704
f 129/385/129 182/545/182 130/390/130
vt 0.600375 0.015704
vt 0.599526 0.015337
vt 0.599526 0.015337
f 130/388/130 182/545/182 183/549/183
vt 0.600375 0.015704
vt 0.599526 0.015337
vt 0.600375 0.015704
f 130/388/130 183/548/183 131/393/131
vt 0.599526 0.015337
vt 0.598342 0.014899
vt 0.598342 0.014899
f 182/544/182 184/551/184 185/555/185
vt 0.599526 0.015337
vt 0.598342 0.014899
vt 0.599526 0.015337
f 182/544/182 185/554/185 183/549/183
vt 0.593040 0.014842
vt 0.592357 0.014813
vt 0.592357 0.014813
f 132/394/132 136/407/136 137/411/137
vt 0.593040 0.014842
vt 0.592357 0.014813
vt 0.593040 0.014842
f 132/394/132 137/410/137 133/399/133
vt 0.593040 0.014842
vt 0.592357 0.014813
vt 0.592618 0.013686
f 133/397/133 137/410/137 138/414/138
vt 0.593040 0.014842
vt 0.592618 0.013686
vt 0.593136 0.013672
f 133/397/133 138/413/138 134/402/134
vt 0.593136 0.013672
vt 0.592618 0.013686
vt 0.592618 0.013686
f 134/400/134 138/413/138 139/417/139
vt 0.593136 0.013672
vt 0.592618 0.013686
vt 0.593136 0.013672
f 134/400/134 139/416/139 135/405/135
vt 0.592357 0.014813
vt 0.593040 0.014842
vt 0.593136 0.013672
f 136/406/136 132/395/132 135/405/135
vt 0.592357 0.014813
vt 0.593136 0.013672
vt 0.592618 0.013686
f 136/406/136 135/404/135 139/417/139
vt 0.592357 0.014813
vt 0.591840 0.015251
vt 0.592357 0.014813
f 136/406/136 140/419/140 141/423/141
vt 0.592357 0.014813
vt 0.592845 0.014813
vt 0.592357 0.014306
f 136/406/136 141/422/141 137/411/137
vt 0.592357 0.014813
vt 0.592357 0.014813
vt 0.592618 0.013686
f 137/409/137 141/422/141 142/426/142
vt 0.592357 0.014813
vt 0.592618 0.013686
vt 0.592618 0.013686
f 137/409/137 142/425/142 138/414/138
vt 0.592618 0.013686
vt 0.592618 0.013686
vt 0.591797 0.013677
f 138/412/138 142/425/142 143/429/143
vt 0.592618 0.013686
vt 0.591797 0.013677
vt 0.592618 0.013686
f 138/412/138 143/428/143 139/417/139
vt 0.591840 0.015251
vt 0.592357 0.014813
vt 0.592618 0.013686
f 140/418/140 136/407/136 139/417/139
vt 0.591840 0.015251
vt 0.592618 0.013686
vt 0.591797 0.013677
f 140/418/140 139/416/139 143/429/143
vt 0.604769 0.028057
vt 0.604769 0.028057
vt 0.604717 0.028974
f 144/430/144 147/440/147 146/438/146
vt 0.604769 0.028057
vt 0.604717 0.028974
vt 0.604717 0.028974
f 144/430/144 146/437/146 145/435/145
vt 0.604717 0.028974
vt 0.604717 0.028974
vt 0.604769 0.028057
f 145/433/145 146/437/146 149/447/149
vt 0.604717 0.028974
vt 0.604769 0.028057
vt 0.605537 0.028094
f 145/433/145 149/446/149 148/444/148
vt 0.605537 0.028094
vt 0.604769 0.028057
vt 0.604784 0.026512
f 148/442/148 149/446/149 151/453/151
vt 0.605537 0.028094
vt 0.604784 0.026512
vt 0.605153 0.026943
f 148/442/148 151/452/151 150/450/150
vt 0.603906 0.024356
vt 0.604717 0.028974
vt 0.604769 0.028057
f 152/454/152 146/437/146 147/441/147
vt 0.603906 0.024356
vt 0.604769 0.028057
vt 0.603906 0.024356
f 152/454/152 147/440/147 153/459/153
vt 0.604717 0.028974
vt 0.603906 0.024356
vt 0.604383 0.023587
f 146/436/146 152/455/152 154/462/154
vt 0.604717 0.028974
vt 0.604383 0.023587
vt 0.604769 0.028057
f 146/436/146 154/461/154 149/447/149
vt 0.604769 0.028057
vt 0.604383 0.023587
vt 0.604383 0.023587
f 149/445/149 154/461/154 155/465/155
vt 0.604769 0.028057
vt 0.604383 0.023587
vt 0.604784 0.026512
f 149/445/149 155/464/155 151/453/151
vt 0.600298 0.016876
vt 0.603906 0.024356
vt 0.603906 0.024356
f 156/466/156 152/455/152 153/459/153
vt 0.600298 0.016876
vt 0.603906 0.024356
vt 0.600298 0.016876
f 156/466/156 153/458/153 157/471/157
vt 0.603906 0.024356
vt 0.600298 0.016876
vt 0.601472 0.017427
f 152/454/152 156/467/156 158/474/158
vt 0.603906 0.024356
vt 0.601472 0.017427
vt 0.604383 0.023587
f 152/454/152 158/473/158 154/462/154
vt 0.604383 0.023587
vt 0.601472 0.017427
vt 0.601472 0.017427
f 154/460/154 158/473/158 159/477/159
vt 0.604383 0.023587
vt 0.601472 0.017427
vt 0.604383 0.023587
f 154/460/154 159/476/159 155/465/155
vt 0.601472 0.017427
vt 0.600298 0.016876
vt 0.600375 0.015704
f 160/478/160 129/386/129 130/390/130
vt 0.601472 0.017427
vt 0.600375 0.015704
vt 0.601676 0.016295
f 160/478/160 130/389/130 162/486/162
vt 0.601676 0.016295
vt 0.600375 0.015704
vt 0.600375 0.015704
f 162/484/162 130/389/130 131/393/131
vt 0.601676 0.016295
vt 0.600375 0.015704
vt 0.601676 0.016295
f 162/484/162 131/392/131 163/489/163
vt 0.602912 0.027885
vt 0.602912 0.027885
vt 0.602860 0.028802
f 164/490/164 167/500/167 166/498/166
vt 0.602912 0.027885
vt 0.602860 0.028802
vt 0.602860 0.028802
f 164/490/164 166/497/166 165/495/165
vt 0.602860 0.028802
vt 0.602860 0.028802
vt 0.602912 0.027885
f 165/493/165 166/497/166 169/507/169
vt 0.602860 0.028802
vt 0.602912 0.027885
vt 0.603680 0.027923
f 165/493/165 169/506/169 168/504/168
vt 0.603680 0.027923
vt 0.602912 0.027885
vt 0.602927 0.026341
f 168/502/168 169/506/169 171/513/171
vt 0.603680 0.027923
vt 0.602927 0.026341
vt 0.603296 0.026771
f 168/502/168 171/512/171 170/510/170
vt 0.602049 0.024184
vt 0.602860 0.028802
vt 0.602912 0.027885
f 172/514/172 166/497/166 167/501/167
vt 0.602049 0.024184
vt 0.602912 0.027885
vt 0.602049 0.024184
f 172/514/172 167/500/167 173/519/173
vt 0.602860 0.028802
vt 0.602049 0.024184
vt 0.602526 0.023415
f 166/496/166 172/515/172 174/522/174
vt 0.602860 0.028802
vt 0.602526 0.023415
vt 0.602912 0.027885
f 166/496/166 174/521/174 169/507/169
vt 0.602912 0.027885
vt 0.602526 0.023415
vt 0.602526 0.023415
f 169/505/169 174/521/174 175/525/175
vt 0.602912 0.027885
vt 0.602526 0.023415
vt 0.602927 0.026341
f 169/505/169 175/524/175 171/513/171
vt 0.598275 0.016437
vt 0.602049 0.024184
vt 0.602049 0.024184
f 176/526/176 172/515/172 173/519/173
vt 0.598275 0.016437
vt 0.602049 0.024184
vt 0.598275 0.016437
f 176/526/176 173/518/173 177/531/177
vt 0.602049 0.024184
vt 0.598275 0.016437
vt 0.599442 0.016508
f 172/514/172 176/527/176 178/534/178
vt 0.602049 0.024184
vt 0.599442 0.016508
vt 0.602526 0.023415
f 172/514/172 178/533/178 174/522/174
vt 0.602526 0.023415
vt 0.599442 0.016508
vt 0.599442 0.016508
f 174/520/174 178/533/178 179/537/179
vt 0.602526 0.023415
vt 0.599442 0.016508
vt 0.602526 0.023415
f 174/520/174 179/536/179 175/525/175
vt 0.596471 0.015643
vt 0.593040 0.014842
vt 0.593136 0.013672
f 176/526/176 133/398/133 134/402/134
vt 0.596471 0.015643
vt 0.593136 0.013672
vt 0.596600 0.014489
f 176/526/176 134/401/134 184/552/184
vt 0.596600 0.014489
vt 0.593136 0.013672
vt 0.593136 0.013672
f 184/550/184 134/401/134 135/405/135
vt 0.596600 0.014489
vt 0.593136 0.013672
vt 0.596600 0.014489
f 184/550/184 135/404/135 185/555/185
vt 0.606654 0.028380
vt 0.606602 0.029297
vt 0.606602 0.029297
f 186/556/186 187/560/187 191/573/191
vt 0.606654 0.028380
vt 0.606602 0.029297
vt 0.606654 0.028380
f 186/556/186 191/572/191 190/570/190
vt 0.606602 0.029297
vt 0.607422 0.028418
vt 0.606654 0.028380
f 187/559/187 188/563/188 192/576/192
vt 0.606602 0.029297
vt 0.606654 0.028380
vt 0.606602 0.029297
f 187/559/187 192/575/192 191/573/191
vt 0.607422 0.028418
vt 0.607038 0.027266
vt 0.606669 0.026836
f 188/562/188 189/566/189 193/579/193
vt 0.607422 0.028418
vt 0.606669 0.026836
vt 0.606654 0.028380
f 188/562/188 193/578/193 192/576/192
vt 0.606654 0.028380
vt 0.606602 0.029297
vt 0.605854 0.024476
f 190/568/190 191/572/191 195/585/195
vt 0.606654 0.028380
vt 0.605854 0.024476
vt 0.605854 0.024476
f 190/568/190 195/584/195 194/582/194
vt 0.606602 0.029297
vt 0.606654 0.028380
vt 0.606268 0.023910
f 191/571/191 192/575/192 196/588/196
vt 0.606602 0.029297
vt 0.606268 0.023910
vt 0.605854 0.024476
f 191/571/191 196/587/196 195/585/195
vt 0.606654 0.028380
vt 0.606669 0.026836
vt 0.606268 0.023910
f 192/574/192 193/578/193 197/591/197
vt 0.606654 0.028380
vt 0.606268 0.023910
vt 0.606268 0.023910
f 192/574/192 197/590/197 196/588/196
vt 0.605854 0.024476
vt 0.605854 0.024476
vt 0.603044 0.018088
f 194/580/194 195/584/195 199/597/199
vt 0.605854 0.024476
vt 0.603044 0.018088
vt 0.603044 0.018088
f 194/580/194 199/596/199 198/594/198
vt 0.605854 0.024476
vt 0.606268 0.023910
vt 0.603228 0.016944
f 195/583/195 196/587/196 200/600/200
vt 0.605854 0.024476
vt 0.603228 0.016944
vt 0.603044 0.018088
f 195/583/195 200/599/200 199/597/199
vt 0.606268 0.023910
vt 0.606268 0.023910
vt 0.603228 0.016944
f 196/586/196 197/590/197 201/603/201
vt 0.606268 0.023910
vt 0.603228 0.016944
vt 0.603228 0.016944
f 196/586/196 201/602/201 200/600/200
vt 0.603044 0.018088
vt 0.603044 0.018088
vt 0.601472 0.017427
f 198/592/198 199/596/199 234/702/234
vt 0.603044 0.018088
vt 0.601472 0.017427
vt 0.601472 0.017427
f 198/592/198 234/701/234 235/705/235
vt 0.603044 0.018088
vt 0.603228 0.016944
vt 0.601676 0.016295
f 199/595/199 200/599/200 236/708/236
vt 0.603044 0.018088
vt 0.601676 0.016295
vt 0.601472 0.017427
f 199/595/199 236/707/236 234/702/234
vt 0.603228 0.016944
vt 0.603228 0.016944
vt 0.601676 0.016295
f 200/598/200 201/602/201 237/711/237
vt 0.603228 0.016944
vt 0.601676 0.016295
vt 0.601676 0.016295
f 200/598/200 237/710/237 236/708/236
vt 0.600298 0.016876
vt 0.600298 0.016876
vt 0.599442 0.016508
f 202/604/202 203/608/203 254/762/254
vt 0.600298 0.016876
vt 0.599442 0.016508
vt 0.599442 0.016508
f 202/604/202 254/761/254 255/765/255
vt 0.593040 0.014842
vt 0.593040 0.014842
vt 0.596471 0.015643
f 207/619/207 206/617/206 251/753/251
vt 0.593040 0.014842
vt 0.596471 0.015643
vt 0.596471 0.015643
f 207/619/207 251/752/251 250/750/250
vt 0.599442 0.016508
vt 0.599526 0.015337
vt 0.598342 0.014899
f 254/760/254 256/767/256 258/774/258
vt 0.599442 0.016508
vt 0.598342 0.014899
vt 0.598275 0.016437
f 254/760/254 258/773/258 250/750/250
vt 0.600298 0.016876
vt 0.600375 0.015704
vt 0.599526 0.015337
f 203/607/203 204/611/204 256/768/256
vt 0.600298 0.016876
vt 0.599526 0.015337
vt 0.599442 0.016508
f 203/607/203 256/767/256 254/762/254
vt 0.600375 0.015704
vt 0.600375 0.015704
vt 0.599526 0.015337
f 204/610/204 205/614/205 257/771/257
vt 0.600375 0.015704
vt 0.599526 0.015337
vt 0.599526 0.015337
f 204/610/204 257/770/257 256/768/256
vt 0.599526 0.015337
vt 0.599526 0.015337
vt 0.598342 0.014899
f 256/766/256 257/770/257 259/777/259
vt 0.599526 0.015337
vt 0.598342 0.014899
vt 0.598342 0.014899
f 256/766/256 259/776/259 258/774/258
vt 0.593040 0.014842
vt 0.593040 0.014842
vt 0.592357 0.014813
f 206/616/206 207/620/207 211/633/211
vt 0.593040 0.014842
vt 0.592357 0.014813
vt 0.592357 0.014813
f 206/616/206 211/632/211 210/630/210
vt 0.593040 0.014842
vt 0.593136 0.013672
vt 0.592618 0.013686
f 207/619/207 208/623/208 212/636/212
vt 0.593040 0.014842
vt 0.592618 0.013686
vt 0.592357 0.014813
f 207/619/207 212/635/212 211/633/211
vt 0.593136 0.013672
vt 0.593136 0.013672
vt 0.592618 0.013686
f 208/622/208 209/626/209 213/639/213
vt 0.593136 0.013672
vt 0.592618 0.013686
vt 0.592618 0.013686
f 208/622/208 213/638/213 212/636/212
vt 0.593136 0.013672
vt 0.593040 0.014842
vt 0.592357 0.014813
f 209/625/209 206/617/206 210/630/210
vt 0.593136 0.013672
vt 0.592357 0.014813
vt 0.592618 0.013686
f 209/625/209 210/629/210 213/639/213
vt 0.592357 0.014813
vt 0.592845 0.014813
vt 0.592357 0.014306
f 210/628/210 211/632/211 215/645/215
vt 0.592357 0.014813
vt 0.592357 0.014813
vt 0.591840 0.015251
f 210/628/210 215/644/215 214/642/214
vt 0.592357 0.014813
vt 0.592618 0.013686
vt 0.592618 0.013686
f 211/631/211 212/635/212 216/648/216
vt 0.592357 0.014813
vt 0.592618 0.013686
vt 0.592357 0.014813
f 211/631/211 216/647/216 215/645/215
vt 0.592618 0.013686
vt 0.592618 0.013686
vt 0.591797 0.013677
f 212/634/212 213/638/213 217/651/217
vt 0.592618 0.013686
vt 0.591797 0.013677
vt 0.592618 0.013686
f 212/634/212 217/650/217 216/648/216
vt 0.592618 0.013686
vt 0.592357 0.014813
vt 0.591840 0.015251
f 213/637/213 210/629/210 214/642/214
vt 0.592618 0.013686
vt 0.591840 0.015251
vt 0.591797 0.013677
f 213/637/213 214/641/214 217/651/217
vt 0.604769 0.028057
vt 0.604717 0.028974
vt 0.604717 0.028974
f 218/652/218 219/656/219 220/660/220
vt 0.604769 0.028057
vt 0.604717 0.028974
vt 0.604769 0.028057
f 218/652/218 220/659/220 221/663/221
vt 0.604717 0.028974
vt 0.605537 0.028094
vt 0.604769 0.028057
f 219/655/219 222/665/222 223/669/223
vt 0.604717 0.028974
vt 0.604769 0.028057
vt 0.604717 0.028974
f 219/655/219 223/668/223 220/660/220
vt 0.605537 0.028094
vt 0.605153 0.026943
vt 0.604784 0.026512
f 222/664/222 224/671/224 225/675/225
vt 0.605537 0.028094
vt 0.604784 0.026512
vt 0.604769 0.028057
f 222/664/222 225/674/225 223/669/223
vt 0.604769 0.028057
vt 0.604717 0.028974
vt 0.603906 0.024356
f 221/661/221 220/659/220 226/678/226
vt 0.604769 0.028057
vt 0.603906 0.024356
vt 0.603906 0.024356
f 221/661/221 226/677/226 227/681/227
vt 0.604717 0.028974
vt 0.604769 0.028057
vt 0.604383 0.023587
f 220/658/220 223/668/223 228/684/228
vt 0.604717 0.028974
vt 0.604383 0.023587
vt 0.603906 0.024356
f 220/658/220 228/683/228 226/678/226
vt 0.604769 0.028057
vt 0.604784 0.026512
vt 0.604383 0.023587
f 223/667/223 225/674/225 229/687/229
vt 0.604769 0.028057
vt 0.604383 0.023587
vt 0.604383 0.023587
f 223/667/223 229/686/229 228/684/228
vt 0.603906 0.024356
vt 0.603906 0.024356
vt 0.600298 0.016876
f 227/679/227 226/677/226 230/690/230
vt 0.603906 0.024356
vt 0.600298 0.016876
vt 0.600298 0.016876
f 227/679/227 230/689/230 231/693/231
vt 0.603906 0.024356
vt 0.604383 0.023587
vt 0.601472 0.017427
f 226/676/226 228/683/228 232/696/232
vt 0.603906 0.024356
vt 0.601472 0.017427
vt 0.600298 0.016876
f 226/676/226 232/695/232 230/690/230
vt 0.604383 0.023587
vt 0.604383 0.023587
vt 0.601472 0.017427
f 228/682/228 229/686/229 233/699/233
vt 0.604383 0.023587
vt 0.601472 0.017427
vt 0.601472 0.017427
f 228/682/228 233/698/233 232/696/232
vt 0.600375 0.015704
vt 0.600298 0.016876
vt 0.601472 0.017427
f 204/610/204 203/608/203 234/702/234
vt 0.600375 0.015704
vt 0.601472 0.017427
vt 0.601676 0.016295
f 204/610/204 234/701/234 236/708/236
vt 0.600375 0.015704
vt 0.600375 0.015704
vt 0.601676 0.016295
f 205/613/205 204/611/204 236/708/236
vt 0.600375 0.015704
vt 0.601676 0.016295
vt 0.601676 0.016295
f 205/613/205 236/707/236 237/711/237
vt 0.602912 0.027885
vt 0.602860 0.028802
vt 0.602860 0.028802
f 238/712/238 239/716/239 240/720/240
vt 0.602912 0.027885
vt 0.602860 0.028802
vt 0.602912 0.027885
f 238/712/238 240/719/240 241/723/241
vt 0.602860 0.028802
vt 0.603680 0.027923
vt 0.602912 0.027885
f 239/715/239 242/725/242 243/729/243
vt 0.602860 0.028802
vt 0.602912 0.027885
vt 0.602860 0.028802
f 239/715/239 243/728/243 240/720/240
vt 0.603680 0.027923
vt 0.603296 0.026771
vt 0.602927 0.026341
f 242/724/242 244/731/244 245/735/245
vt 0.603680 0.027923
vt 0.602927 0.026341
vt 0.602912 0.027885
f 242/724/242 245/734/245 243/729/243
vt 0.602912 0.027885
vt 0.602860 0.028802
vt 0.602049 0.024184
f 241/721/241 240/719/240 246/738/246
vt 0.602912 0.027885
vt 0.602049 0.024184
vt 0.602049 0.024184
f 241/721/241 246/737/246 247/741/247
vt 0.602860 0.028802
vt 0.602912 0.027885
vt 0.602526 0.023415
f 240/718/240 243/728/243 248/744/248
vt 0.602860 0.028802
vt 0.602526 0.023415
vt 0.602049 0.024184
f 240/718/240 248/743/248 246/738/246
vt 0.602912 0.027885
vt 0.602927 0.026341
vt 0.602526 0.023415
f 243/727/243 245/734/245 249/747/249
vt 0.602912 0.027885
vt 0.602526 0.023415
vt 0.602526 0.023415
f 243/727/243 249/746/249 248/744/248
vt 0.602049 0.024184
vt 0.602049 0.024184
vt 0.598275 0.016437
f 247/739/247 246/737/246 250/750/250
vt 0.602049 0.024184
vt 0.598275 0.016437
vt 0.598275 0.016437
f 247/739/247 250/749/250 251/753/251
vt 0.602049 0.024184
vt 0.602526 0.023415
vt 0.599442 0.016508
f 246/736/246 248/743/248 252/756/252
vt 0.602049 0.024184
vt 0.599442 0.016508
vt 0.598275 0.016437
f 246/736/246 252/755/252 250/750/250
vt 0.602526 0.023415
vt 0.602526 0.023415
vt 0.599442 0.016508
f 248/742/248 249/746/249 253/759/253
vt 0.602526 0.023415
vt 0.599442 0.016508
vt 0.599442 0.016508
f 248/742/248 253/758/253 252/756/252
vt 0.593136 0.013672
vt 0.593040 0.014842
vt 0.596471 0.015643
f 208/622/208 207/620/207 250/750/250
vt 0.593136 0.013672
vt 0.596471 0.015643
vt 0.596600 0.014489
f 208/622/208 250/749/250 258/774/258
vt 0.593136 0.013672
vt 0.593136 0.013672
vt 0.596600 0.014489
f 209/625/209 208/623/208 258/774/258
vt 0.593136 0.013672
vt 0.596600 0.014489
vt 0.596600 0.014489
f 209/625/209 258/773/258 259/777/259
vt 0.606654 0.028380
vt 0.606654 0.028380
vt 0.606602 0.029297
f 260/778/260 264/791/264 265/795/265
vt 0.606654 0.028380
vt 0.606602 0.029297
vt 0.606602 0.029297
f 260/778/260 265/794/265 261/783/261
vt 0.606602 0.029297
vt 0.606602 0.029297
vt 0.606654 0.028380
f 261/781/261 265/794/265 266/798/266
vt 0.606602 0.029297
vt 0.606654 0.028380
vt 0.607422 0.028418
f 261/781/261 266/797/266 262/786/262
vt 0.607422 0.028418
vt 0.606654 0.028380
vt 0.606669 0.026836
f 262/784/262 266/797/266 267/801/267
vt 0.607422 0.028418
vt 0.606669 0.026836
vt 0.607038 0.027266
f 262/784/262 267/800/267 263/789/263
vt 0.606654 0.028380
vt 0.605854 0.024476
vt 0.605854 0.024476
f 264/790/264 268/803/268 269/807/269
vt 0.606654 0.028380
vt 0.605854 0.024476
vt 0.606602 0.029297
f 264/790/264 269/806/269 265/795/265
vt 0.606602 0.029297
vt 0.605854 0.024476
vt 0.606268 0.023910
f 265/793/265 269/806/269 270/810/270
vt 0.606602 0.029297
vt 0.606268 0.023910
vt 0.606654 0.028380
f 265/793/265 270/809/270 266/798/266
vt 0.606654 0.028380
vt 0.606268 0.023910
vt 0.606268 0.023910
f 266/796/266 270/809/270 271/813/271
vt 0.606654 0.028380
vt 0.606268 0.023910
vt 0.606669 0.026836
f 266/796/266 271/812/271 267/801/267
vt 0.605854 0.024476
vt 0.603044 0.018088
vt 0.603044 0.018088
f 268/802/268 272/815/272 273/819/273
vt 0.605854 0.024476
vt 0.603044 0.018088
vt 0.605854 0.024476
f 268/802/268 273/818/273 269/807/269
vt 0.605854 0.024476
vt 0.603044 0.018088
vt 0.603228 0.016944
f 269/805/269 273/818/273 274/822/274
vt 0.605854 0.024476
vt 0.603228 0.016944
vt 0.606268 0.023910
f 269/805/269 274/821/274 270/810/270
vt 0.606268 0.023910
vt 0.603228 0.016944
vt 0.603228 0.016944
f 270/808/270 274/821/274 275/825/275
vt 0.606268 0.023910
vt 0.603228 0.016944
vt 0.606268 0.023910
f 270/808/270 275/824/275 271/813/271
vt 0.603044 0.018088
vt 0.601472 0.017427
vt 0.601472 0.017427
f 272/814/272 309/926/309 308/924/308
vt 0.603044 0.018088
vt 0.601472 0.017427
vt 0.603044 0.018088
f 272/814/272 308/923/308 273/819/273
vt 0.603044 0.018088
vt 0.601472 0.017427
vt 0.601676 0.016295
f 273/817/273 308/923/308 310/930/310
vt 0.603044 0.018088
vt 0.601676 0.016295
vt 0.603228 0.016944
f 273/817/273 310/929/310 274/822/274
vt 0.603228 0.016944
vt 0.601676 0.016295
vt 0.601676 0.016295
f 274/820/274 310/929/310 311/933/311
vt 0.603228 0.016944
vt 0.601676 0.016295
vt 0.603228 0.016944
f 274/820/274 311/932/311 275/825/275
vt 0.600298 0.016876
vt 0.599442 0.016508
vt 0.599442 0.016508
f 276/826/276 329/986/329 328/984/328
vt 0.600298 0.016876
vt 0.599442 0.016508
vt 0.600298 0.016876
f 276/826/276 328/983/328 277/831/277
vt 0.596471 0.015643
vt 0.593040 0.014842
vt 0.593040 0.014842
f 325/973/325 280/839/280 281/843/281
vt 0.596471 0.015643
vt 0.593040 0.014842
vt 0.596471 0.015643
f 325/973/325 281/842/281 324/972/324
vt 0.599442 0.016508
vt 0.598275 0.016437
vt 0.598342 0.014899
f 328/982/328 324/971/324 332/996/332
vt 0.599442 0.016508
vt 0.598342 0.014899
vt 0.599526 0.015337
f 328/982/328 332/995/332 330/990/330
vt 0.600298 0.016876
vt 0.599442 0.016508
vt 0.599526 0.015337
f 277/829/277 328/983/328 330/990/330
vt 0.600298 0.016876
vt 0.599526 0.015337
vt 0.600375 0.015704
f 277/829/277 330/989/330 278/834/278
vt 0.600375 0.015704
vt 0.599526 0.015337
vt 0.599526 0.015337
f 278/832/278 330/989/330 331/993/331
vt 0.600375 0.015704
vt 0.599526 0.015337
vt 0.600375 0.015704
f 278/832/278 331/992/331 279/837/279
vt 0.599526 0.015337
vt 0.598342 0.014899
vt 0.598342 0.014899
f 330/988/330 332/995/332 333/999/333
vt 0.599526 0.015337
vt 0.598342 0.014899
vt 0.599526 0.015337
f 330/988/330 333/998/333 331/993/331
vt 0.593040 0.014842
vt 0.592357 0.014813
vt 0.592357 0.014813
f 280/838/280 284/851/284 285/855/285
vt 0.593040 0.014842
vt 0.592357 0.014813
vt 0.593040 0.014842
f 280/838/280 285/854/285 281/843/281
vt 0.593040 0.014842
vt 0.592357 0.014813
vt 0.592618 0.013686
f 281/841/281 285/854/285 286/858/286
vt 0.593040 0.014842
vt 0.592618 0.013686
vt 0.593136 0.013672
f 281/841/281 286/857/286 282/846/282
vt 0.593136 0.013672
vt 0.592618 0.013686
vt 0.592618 0.013686
f 282/844/282 286/857/286 287/861/287
vt 0.593136 0.013672
vt 0.592618 0.013686
vt 0.593136 0.013672
f 282/844/282 287/860/287 283/849/283
vt 0.592357 0.014813
vt 0.593040 0.014842
vt 0.593136 0.013672
f 284/850/284 280/839/280 283/849/283
vt 0.592357 0.014813
vt 0.593136 0.013672
vt 0.592618 0.013686
f 284/850/284 283/848/283 287/861/287
vt 0.592357 0.014813
vt 0.591840 0.015251
vt 0.592357 0.014813
f 284/850/284 288/863/288 289/867/289
vt 0.592357 0.014813
vt 0.592845 0.014813
vt 0.592357 0.014306
f 284/850/284 289/866/289 285/855/285
vt 0.592357 0.014813
vt 0.592357 0.014813
vt 0.592618 0.013686
f 285/853/285 289/866/289 290/870/290
vt 0.592357 0.014813
vt 0.592618 0.013686
vt 0.592618 0.013686
f 285/853/285 290/869/290 286/858/286
vt 0.592618 0.013686
vt 0.592618 0.013686
vt 0.591797 0.013677
f 286/856/286 290/869/290 291/873/291
vt 0.592618 0.013686
vt 0.591797 0.013677
vt 0.592618 0.013686
f 286/856/286 291/872/291 287/861/287
vt 0.591840 0.015251
vt 0.592357 0.014813
vt 0.592618 0.013686
f 288/862/288 284/851/284 287/861/287
vt 0.591840 0.015251
vt 0.592618 0.013686
vt 0.591797 0.013677
f 288/862/288 287/860/287 291/873/291
vt 0.604769 0.028057
vt 0.604769 0.028057
vt 0.604717 0.028974
f 292/874/292 295/884/295 294/882/294
vt 0.604769 0.028057
vt 0.604717 0.028974
vt 0.604717 0.028974
f 292/874/292 294/881/294 293/879/293
vt 0.604717 0.028974
vt 0.604717 0.028974
vt 0.604769 0.028057
f 293/877/293 294/881/294 297/891/297
vt 0.604717 0.028974
vt 0.604769 0.028057
vt 0.605537 0.028094
f 293/877/293 297/890/297 296/888/296
vt 0.605537 0.028094
vt 0.604769 0.028057
vt 0.604784 0.026512
f 296/886/296 297/890/297 299/897/299
vt 0.605537 0.028094
vt 0.604784 0.026512
vt 0.605153 0.026943
f 296/886/296 299/896/299 298/894/298
vt 0.603906 0.024356
vt 0.604717 0.028974
vt 0.604769 0.028057
f 300/898/300 294/881/294 295/885/295
vt 0.603906 0.024356
vt 0.604769 0.028057
vt 0.603906 0.024356
f 300/898/300 295/884/295 301/903/301
vt 0.604717 0.028974
vt 0.603906 0.024356
vt 0.604383 0.023587
f 294/880/294 300/899/300 302/906/302
vt 0.604717 0.028974
vt 0.604383 0.023587
vt 0.604769 0.028057
f 294/880/294 302/905/302 297/891/297
vt 0.604769 0.028057
vt 0.604383 0.023587
vt 0.604383 0.023587
f 297/889/297 302/905/302 303/909/303
vt 0.604769 0.028057
vt 0.604383 0.023587
vt 0.604784 0.026512
f 297/889/297 303/908/303 299/897/299
vt 0.600298 0.016876
vt 0.603906 0.024356
vt 0.603906 0.024356
f 304/910/304 300/899/300 301/903/301
vt 0.600298 0.016876
vt 0.603906 0.024356
vt 0.600298 0.016876
f 304/910/304 301/902/301 305/915/305
vt 0.603906 0.024356
vt 0.600298 0.016876
vt 0.601472 0.017427
f 300/898/300 304/911/304 306/918/306
vt 0.603906 0.024356
vt 0.601472 0.017427
vt 0.604383 0.023587
f 300/898/300 306/917/306 302/906/302
vt 0.604383 0.023587
vt 0.601472 0.017427
vt 0.601472 0.017427
f 302/904/302 306/917/306 307/921/307
vt 0.604383 0.023587
vt 0.601472 0.017427
vt 0.604383 0.023587
f 302/904/302 307/920/307 303/909/303
vt 0.601472 0.017427
vt 0.600298 0.016876
vt 0.600375 0.015704
f 308/922/308 277/830/277 278/834/278
vt 0.601472 0.017427
vt 0.600375 0.015704
vt 0.601676 0.016295
f 308/922/308 278/833/278 310/930/310
vt 0.601676 0.016295
vt 0.600375 0.015704
vt 0.600375 0.015704
f 310/928/310 278/833/278 279/837/279
vt 0.601676 0.016295
vt 0.600375 0.015704
vt 0.601676 0.016295
f 310/928/310 279/836/279 311/933/311
vt 0.602912 0.027885
vt 0.602912 0.027885
vt 0.602860 0.028802
f 312/934/312 315/944/315 314/942/314
vt 0.602912 0.027885
vt 0.602860 0.028802
vt 0.602860 0.028802
f 312/934/312 314/941/314 313/939/313
vt 0.602860 0.028802
vt 0.602860 0.028802
vt 0.602912 0.027885
f 313/937/313 314/941/314 317/951/317
vt 0.602860 0.028802
vt 0.602912 0.027885
vt 0.603680 0.027923
f 313/937/313 317/950/317 316/948/316
vt 0.603680 0.027923
vt 0.602912 0.027885
vt 0.602927 0.026341
f 316/946/316 317/950/317 319/957/319
vt 0.603680 0.027923
vt 0.602927 0.026341
vt 0.603296 0.026771
f 316/946/316 319/956/319 318/954/318
vt 0.602049 0.024184
vt 0.602860 0.028802
vt 0.602912 0.027885
f 320/958/320 314/941/314 315/945/315
vt 0.602049 0.024184
vt 0.602912 0.027885
vt 0.602049 0.024184
f 320/958/320 315/944/315 321/963/321
vt 0.602860 0.028802
vt 0.602049 0.024184
vt 0.602526 0.023415
f 314/940/314 320/959/320 322/966/322
vt 0.602860 0.028802
vt 0.602526 0.023415
vt 0.602912 0.027885
f 314/940/314 322/965/322 317/951/317
vt 0.602912 0.027885
vt 0.602526 0.023415
vt 0.602526 0.023415
f 317/949/317 322/965/322 323/969/323
vt 0.602912 0.027885
vt 0.602526 0.023415
vt 0.602927 0.026341
f 317/949/317 323/968/323 319/957/319
vt 0.598275 0.016437
vt 0.602049 0.024184
vt 0.602049 0.024184
f 324/970/324 320/959/320 321/963/321
vt 0.598275 0.016437
vt 0.602049 0.024184
vt 0.598275 0.016437
f 324/970/324 321/962/321 325/975/325
vt 0.602049 0.024184
vt 0.598275 0.016437
vt 0.599442 0.016508
f 320/958/320 324/971/324 326/978/326
vt 0.602049 0.024184
vt 0.599442 0.016508
vt 0.602526 0.023415
f 320/958/320 326/977/326 322/966/322
vt 0.602526 0.023415
vt 0.599442 0.016508
vt 0.599442 0.016508
f 322/964/322 326/977/326 327/981/327
vt 0.602526 0.023415
vt 0.599442 0.016508
vt 0.602526 0.023415
f 322/964/322 327/980/327 323/969/323
vt 0.596471 0.015643
vt 0.593040 0.014842
vt 0.593136 0.013672
f 324/970/324 281/842/281 282/846/282
vt 0.596471 0.015643
vt 0.593136 0.013672
vt 0.596600 0.014489
f 324/970/324 282/845/282 332/996/332
vt 0.596600 0.014489
vt 0.593136 0.013672
vt 0.593136 0.013672
f 332/994/332 282/845/282 283/849/283
vt 0.596600 0.014489
vt 0.593136 0.013672
vt 0.596600 0.014489
f 332/994/332 283/848/283 333/999/333
vt 0.606654 0.028380
vt 0.606602 0.029297
vt 0.606602 0.029297
f 334/1000/334 335/1004/335 339/1017/339
vt 0.606654 0.028380
vt 0.606602 0.029297
vt 0.606654 0.028380
f 334/1000/334 339/1016/339 338/1014/338
vt 0.606602 0.029297
vt 0.607422 0.028418
vt 0.606654 0.028380
f 335/1003/335 336/1007/336 340/1020/340
vt 0.606602 0.029297
vt 0.606654 0.028380
vt 0.606602 0.029297
f 335/1003/335 340/1019/340 339/1017/339
vt 0.607422 0.028418
vt 0.607038 0.027266
vt 0.606669 0.026836
f 336/1006/336 337/1010/337 341/1023/341
vt 0.607422 0.028418
vt 0.606669 0.026836
vt 0.606654 0.028380
f 336/1006/336 341/1022/341 340/1020/340
vt 0.606654 0.028380
vt 0.606602 0.029297
vt 0.605854 0.024476
f 338/1012/338 339/1016/339 343/1029/343
vt 0.606654 0.028380
vt 0.605854 0.024476
vt 0.605854 0.024476
f 338/1012/338 343/1028/343 342/1026/342
vt 0.606602 0.029297
vt 0.606654 0.028380
vt 0.606268 0.023910
f 339/1015/339 340/1019/340 344/1032/344
vt 0.606602 0.029297
vt 0.606268 0.023910
vt 0.605854 0.024476
f 339/1015/339 344/1031/344 343/1029/343
vt 0.606654 0.028380
vt 0.606669 0.026836
vt 0.606268 0.023910
f 340/1018/340 341/1022/341 345/1035/345
vt 0.606654 0.028380
vt 0.606268 0.023910
vt 0.606268 0.023910
f 340/1018/340 345/1034/345 344/1032/344
vt 0.605854 0.024476
vt 0.605854 0.024476
vt 0.603044 0.018088
f 342/1024/342 343/1028/343 347/1041/347
vt 0.605854 0.024476
vt 0.603044 0.018088
vt 0.603044 0.018088
f 342/1024/342 347/1040/347 346/1038/346
vt 0.605854 0.024476
vt 0.606268 0.023910
vt 0.603228 0.016944
f 343/1027/343 344/1031/344 348/1044/348
vt 0.605854 0.024476
vt 0.603228 0.016944
vt 0.603044 0.018088
f 343/1027/343 348/1043/348 347/1041/347
vt 0.606268 0.023910
vt 0.606268 0.023910
vt 0.603228 0.016944
f 344/1030/344 345/1034/345 349/1047/349
vt 0.606268 0.023910
vt 0.603228 0.016944
vt 0.603228 0.016944
f 344/1030/344 349/1046/349 348/1044/348
vt 0.603044 0.018088
vt 0.603044 0.018088
vt 0.601472 0.017427
f 346/1036/346 347/1040/347 382/1146/382
vt 0.603044 0.018088
vt 0.601472 0.017427
vt 0.601472 0.017427
f 346/1036/346 382/1145/382 383/1149/383
vt 0.603044 0.018088
vt 0.603228 0.016944
vt 0.601676 0.016295
f 347/1039/347 348/1043/348 384/1152/384
vt 0.603044 0.018088
vt 0.601676 0.016295
vt 0.601472 0.017427
f 347/1039/347 384/1151/384 382/1146/382
vt 0.603228 0.016944
vt 0.603228 0.016944
vt 0.601676 0.016295
f 348/1042/348 349/1046/349 385/1155/385
vt 0.603228 0.016944
vt 0.601676 0.016295
vt 0.601676 0.016295
f 348/1042/348 385/1154/385 384/1152/384
vt 0.600298 0.016876
vt 0.600298 0.016876
vt 0.599442 0.016508
f 350/1048/350 351/1052/351 402/1206/402
vt 0.600298 0.016876
vt 0.599442 0.016508
vt 0.599442 0.016508
f 350/1048/350 402/1205/402 403/1209/403
vt 0.593040 0.014842
vt 0.593040 0.014842
vt 0.596471 0.015643
f 355/1063/355 354/1061/354 399/1197/399
vt 0.593040 0.014842
vt 0.596471 0.015643
vt 0.596471 0.015643
f 355/1063/355 399/1196/399 398/1194/398
vt 0.599442 0.016508
vt 0.599526 0.015337
vt 0.598342 0.014899
f 402/1204/402 404/1211/404 406/1218/406
vt 0.599442 0.016508
vt 0.598342 0.014899
vt 0.598275 0.016437
f 402/1204/402 406/1217/406 398/1194/398
vt 0.600298 0.016876
vt 0.600375 0.015704
vt 0.599526 0.015337
f 351/1051/351 352/1055/352 404/1212/404
vt 0.600298 0.016876
vt 0.599526 0.015337
vt 0.599442 0.016508
f 351/1051/351 404/1211/404 402/1206/402
vt 0.600375 0.015704
vt 0.600375 0.015704
vt 0.599526 0.015337
f 352/1054/352 353/1058/353 405/1215/405
vt 0.600375 0.015704
vt 0.599526 0.015337
vt 0.599526 0.015337
f 352/1054/352 405/1214/405 404/1212/404
vt 0.599526 0.015337
vt 0.599526 0.015337
vt 0.598342 0.014899
f 404/1210/404 405/1214/405 407/1221/407
vt 0.599526 0.015337
vt 0.598342 0.014899
vt 0.598342 0.014899
f 404/1210/404 407/1220/407 406/1218/406
vt 0.593040 0.014842
vt 0.593040 0.014842
vt 0.592357 0.014813
f 354/1060/354 355/1064/355 359/1077/359
vt 0.593040 0.014842
vt 0.592357 0.014813
vt 0.592357 0.014813
f 354/1060/354 359/1076/359 358/1074/358
vt 0.593040 0.014842
vt 0.593136 0.013672
vt 0.592618 0.013686
f 355/1063/355 356/1067/356 360/1080/360
vt 0.593040 0.014842
vt 0.592618 0.013686
vt 0.592357 0.014813
f 355/1063/355 360/1079/360 359/1077/359
vt 0.593136 0.013672
vt 0.593136 0.013672
vt 0.592618 0.013686
f 356/1066/356 357/1070/357 361/1083/361
vt 0.593136 0.013672
vt 0.592618 0.013686
vt 0.592618 0.013686
f 356/1066/356 361/1082/361 360/1080/360
vt 0.593136 0.013672
vt 0.593040 0.014842
vt 0.592357 0.014813
f 357/1069/357 354/1061/354 358/1074/358
vt 0.593136 0.013672
vt 0.592357 0.014813
vt 0.592618 0.013686
f 357/1069/357 358/1073/358 361/1083/361
vt 0.592357 0.014813
vt 0.592845 0.014813
vt 0.592357 0.014306
f 358/1072/358 359/1076/359 363/1089/363
vt 0.592357 0.014813
vt 0.592357 0.014813
vt 0.591840 0.015251
f 358/1072/358 363/1088/363 362/1086/362
vt 0.592357 0.014813
vt 0.592618 0.013686
vt 0.592618 0.013686
f 359/1075/359 360/1079/360 364/1092/364
vt 0.592357 0.014813
vt 0.592618 0.013686
vt 0.592357 0.014813
f 359/1075/359 364/1091/364 363/1089/363
vt 0.592618 0.013686
vt 0.592618 0.013686
vt 0.591797 0.013677
f 360/1078/360 361/1082/361 365/1095/365
vt 0.592618 0.013686
vt 0.591797 0.013677
vt 0.592618 0.013686
f 360/1078/360 365/1094/365 364/1092/364
vt 0.592618 0.013686
vt 0.592357 0.014813
vt 0.591840 0.015251
f 361/1081/361 358/1073/358 362/1086/362
vt 0.592618 0.013686
vt 0.591840 0.015251
vt 0.591797 0.013677
f 361/1081/361 362/1085/362 365/1095/365
vt 0.604769 0.028057
vt 0.604717 0.028974
vt 0.604717 0.028974
f 366/1096/366 367/1100/367 368/1104/368
vt 0.604769 0.028057
vt 0.604717 0.028974
vt 0.604769 0.028057
f 366/1096/366 368/1103/368 369/1107/369
vt 0.604717 0.028974
vt 0.605537 0.028094
vt 0.604769 0.028057
f 367/1099/367 370/1109/370 371/1113/371
vt 0.604717 0.028974
vt 0.604769 0.028057
vt 0.604717 0.028974
f 367/1099/367 371/1112/371 368/1104/368
vt 0.605537 0.028094
vt 0.605153 0.026943
vt 0.604784 0.026512
f 370/1108/370 372/1115/372 373/1119/373
vt 0.605537 0.028094
vt 0.604784 0.026512
vt 0.604769 0.028057
f 370/1108/370 373/1118/373 371/1113/371
vt 0.604769 0.028057
vt 0.604717 0.028974
vt 0.603906 0.024356
f 369/1105/369 368/1103/368 374/1122/374
vt 0.604769 0.028057
vt 0.603906 0.024356
vt 0.603906 0.024356
f 369/1105/369 374/1121/374 375/1125/375
vt 0.604717 0.028974
vt 0.604769 0.028057
vt 0.604383 0.023587
f 368/1102/368 371/1112/371 376/1128/376
vt 0.604717 0.028974
vt 0.604383 0.023587
vt 0.603906 0.024356
f 368/1102/368 376/1127/376 374/1122/374
vt 0.604769 0.028057
vt 0.604784 0.026512
vt 0.604383 0.023587
f 371/1111/371 373/1118/373 377/1131/377
vt 0.604769 0.028057
vt 0.604383 0.023587
vt 0.604383 0.023587
f 371/1111/371 377/1130/377 376/1128/376
vt 0.603906 0.024356
vt 0.603906 0.024356
vt 0.600298 0.016876
f 375/1123/375 374/1121/374 378/1134/378
vt 0.603906 0.024356
vt 0.600298 0.016876
vt 0.600298 0.016876
f 375/1123/375 378/1133/378 379/1137/379
vt 0.603906 0.024356
vt 0.604383 0.023587
vt 0.601472 0.017427
f 374/1120/374 376/1127/376 380/1140/380
vt 0.603906 0.024356
vt 0.601472 0.017427
vt 0.600298 0.016876
f 374/1120/374 380/1139/380 378/1134/378
vt 0.604383 0.023587
vt 0.604383 0.023587
vt 0.601472 0.017427
f 376/1126/376 377/1130/377 381/1143/381
vt 0.604383 0.023587
vt 0.601472 0.017427
vt 0.601472 0.017427
f 376/1126/376 381/1142/381 380/1140/380
vt 0.600375 0.015704
vt 0.600298 0.016876
vt 0.601472 0.017427
f 352/1054/352 351/1052/351 382/1146/382
vt 0.600375 0.015704
vt 0.601472 0.017427
vt 0.601676 0.016295
f 352/1054/352 382/1145/382 384/1152/384
vt 0.600375 0.015704
vt 0.600375 0.015704
vt 0.601676 0.016295
f 353/1057/353 352/1055/352 384/1152/384
vt 0.600375 0.015704
vt 0.601676 0.016295
vt 0.601676 0.016295
f 353/1057/353 384/1151/384 385/1155/385
vt 0.602912 0.027885
vt 0.602860 0.028802
vt 0.602860 0.028802
f 386/1156/386 387/1160/387 388/1164/388
vt 0.602912 0.027885
vt 0.602860 0.028802
vt 0.602912 0.027885
f 386/1156/386 388/1163/388 389/1167/389
vt 0.602860 0.028802
vt 0.603680 0.027923
vt 0.602912 0.027885
f 387/1159/387 390/1169/390 391/1173/391
vt 0.602860 0.028802
vt 0.602912 0.027885
vt 0.602860 0.028802
f 387/1159/387 391/1172/391 388/1164/388
vt 0.603680 0.027923
vt 0.603296 0.026771
vt 0.602927 0.026341
f 390/1168/390 392/1175/392 393/1179/393
vt 0.603680 0.027923
vt 0.602927 0.026341
vt 0.602912 0.027885
f 390/1168/390 393/1178/393 391/1173/391
vt 0.602912 0.027885
vt 0.602860 0.028802
vt 0.602049 0.024184
f 389/1165/389 388/1163/388 394/1182/394
vt 0.602912 0.027885
vt 0.602049 0.024184
vt 0.602049 0.024184
f 389/1165/389 394/1181/394 395/1185/395
vt 0.602860 0.028802
vt 0.602912 0.027885
vt 0.602526 0.023415
f 388/1162/388 391/1172/391 396/1188/396
vt 0.602860 0.028802
vt 0.602526 0.023415
vt 0.602049 0.024184
f 388/1162/388 396/1187/396 394/1182/394
vt 0.602912 0.027885
vt 0.602927 0.026341
vt 0.602526 0.023415
f 391/1171/391 393/1178/393 397/1191/397
vt 0.602912 0.027885
vt 0.602526 0.023415
vt 0.602526 0.023415
f 391/1171/391 397/1190/397 396/1188/396
vt 0.602049 0.024184
vt 0.602049 0.024184
vt 0.598275 0.016437
f 395/1183/395 394/1181/394 398/1194/398
vt 0.602049 0.024184
vt 0.598275 0.016437
vt 0.598275 0.016437
f 395/1183/395 398/1193/398 399/1197/399
vt 0.602049 0.024184
vt 0.602526 0.023415
vt 0.599442 0.016508
f 394/1180/394 396/1187/396 400/1200/400
vt 0.602049 0.024184
vt 0.599442 0.016508
vt 0.598275 0.016437
f 394/1180/394 400/1199/400 398/1194/398
vt 0.602526 0.023415
vt 0.602526 0.023415
vt 0.599442 0.016508
f 396/1186/396 397/1190/397 401/1203/401
vt 0.602526 0.023415
vt 0.599442 0.016508
vt 0.599442 0.016508
f 396/1186/396 401/1202/401 400/1200/400
vt 0.593136 0.013672
vt 0.593040 0.014842
vt 0.596471 0.015643
f 356/1066/356 355/1064/355 398/1194/398
vt 0.593136 0.013672
vt 0.596471 0.015643
vt 0.596600 0.014489
f 356/1066/356 398/1193/398 406/1218/406
vt 0.593136 0.013672
vt 0.593136 0.013672
vt 0.596600 0.014489
f 357/1069/357 356/1067/356 406/1218/406
vt 0.593136 0.013672
vt 0.596600 0.014489
vt 0.596600 0.014489
f 357/1069/357 406/1217/406 407/1221/407
vt 0.606654 0.028380
vt 0.606654 0.028380
vt 0.606602 0.029297
f 408/1222/408 412/1235/412 413/1239/413
vt 0.606654 0.028380
vt 0.606602 0.029297
vt 0.606602 0.029297
f 408/1222/408 413/1238/413 409/1227/409
vt 0.606602 0.029297
vt 0.606602 0.029297
vt 0.606654 0.028380
f 409/1225/409 413/1238/413 414/1242/414
vt 0.606602 0.029297
vt 0.606654 0.028380
vt 0.607422 0.028418
f 409/1225/409 414/1241/414 410/1230/410
vt 0.607422 0.028418
vt 0.606654 0.028380
vt 0.606669 0.026836
f 410/1228/410 414/1241/414 415/1245/415
vt 0.607422 0.028418
vt 0.606669 0.026836
vt 0.607038 0.027266
f 410/1228/410 415/1244/415 411/1233/411
vt 0.606654 0.028380
vt 0.605854 0.024476
vt 0.605854 0.024476
f 412/1234/412 416/1247/416 417/1251/417
vt 0.606654 0.028380
vt 0.605854 0.024476
vt 0.606602 0.029297
f 412/1234/412 417/1250/417 413/1239/413
vt 0.606602 0.029297
vt 0.605854 0.024476
vt 0.606268 0.023910
f 413/1237/413 417/1250/417 418/1254/418
vt 0.606602 0.029297
vt 0.606268 0.023910
vt 0.606654 0.028380
f 413/1237/413 418/1253/418 414/1242/414
vt 0.606654 0.028380
vt 0.606268 0.023910
vt 0.606268 0.023910
f 414/1240/414 418/1253/418 419/1257/419
vt 0.606654 0.028380
vt 0.606268 0.023910
vt 0.606669 0.026836
f 414/1240/414 419/1256/419 415/1245/415
vt 0.605854 0.024476
vt 0.603044 0.018088
vt 0.603044 0.018088
f 416/1246/416 420/1259/420 421/1263/421
vt 0.605854 0.024476
vt 0.603044 0.018088
vt 0.605854 0.024476
f 416/1246/416 421/1262/421 417/1251/417
vt 0.605854 0.024476
vt 0.603044 0.018088
vt 0.603228 0.016944
f 417/1249/417 421/1262/421 422/1266/422
vt 0.605854 0.024476
vt 0.603228 0.016944
vt 0.606268 0.023910
f 417/1249/417 422/1265/422 418/1254/418
vt 0.606268 0.023910
vt 0.603228 0.016944
vt 0.603228 0.016944
f 418/1252/418 422/1265/422 423/1269/423
vt 0.606268 0.023910
vt 0.603228 0.016944
vt 0.606268 0.023910
f 418/1252/418 423/1268/423 419/1257/419
vt 0.603044 0.018088
vt 0.601472 0.017427
vt 0.601472 0.017427
f 420/1258/420 457/1370/457 456/1368/456
vt 0.603044 0.018088
vt 0.601472 0.017427
vt 0.603044 0.018088
f 420/1258/420 456/1367/456 421/1263/421
vt 0.603044 0.018088
vt 0.601472 0.017427
vt 0.601676 0.016295
f 421/1261/421 456/1367/456 458/1374/458
vt 0.603044 0.018088
vt 0.601676 0.016295
vt 0.603228 0.016944
f 421/1261/421 458/1373/458 422/1266/422
vt 0.603228 0.016944
vt 0.601676 0.016295
vt 0.601676 0.016295
f 422/1264/422 458/1373/458 459/1377/459
vt 0.603228 0.016944
vt 0.601676 0.016295
vt 0.603228 0.016944
f 422/1264/422 459/1376/459 423/1269/423
vt 0.600298 0.016876
vt 0.599442 0.016508
vt 0.599442 0.016508
f 424/1270/424 477/1430/477 476/1428/476
vt 0.600298 0.016876
vt 0.599442 0.016508
vt 0.600298 0.016876
f 424/1270/424 476/1427/476 425/1275/425
vt 0.596471 0.015643
vt 0.593040 0.014842
vt 0.593040 0.014842
f 473/1417/473 428/1283/428 429/1287/429
vt 0.596471 0.015643
vt 0.593040 0.014842
vt 0.596471 0.015643
f 473/1417/473 429/1286/429 472/1416/472
vt 0.599442 0.016508
vt 0.598275 0.016437
vt 0.598342 0.014899
f 476/1426/476 472/1415/472 480/1440/480
vt 0.599442 0.016508
vt 0.598342 0.014899
vt 0.599526 0.015337
f 476/1426/476 480/1439/480 478/1434/478
vt 0.600298 0.016876
vt 0.599442 0.016508
vt 0.599526 0.015337
f 425/1273/425 476/1427/476 478/1434/478
vt 0.600298 0.016876
vt 0.599526 0.015337
vt 0.600375 0.015704
f 425/1273/425 478/1433/478 426/1278/426
vt 0.600375 0.015704
vt 0.599526 0.015337
vt 0.599526 0.015337
f 426/1276/426 478/1433/478 479/1437/479
vt 0.600375 0.015704
vt 0.599526 0.015337
vt 0.600375 0.015704
f 426/1276/426 479/1436/479 427/1281/427
vt 0.599526 0.015337
vt 0.598342 0.014899
vt 0.598342 0.014899
f 478/1432/478 480/1439/480 481/1443/481
vt 0.599526 0.015337
vt 0.598342 0.014899
vt 0.599526 0.015337
f 478/1432/478 481/1442/481 479/1437/479
vt 0.593040 0.014842
vt 0.592357 0.014813
vt 0.592357 0.014813
f 428/1282/428 432/1295/432 433/1299/433
vt 0.593040 0.014842
vt 0.592357 0.014813
vt 0.593040 0.014842
f 428/1282/428 433/1298/433 429/1287/429
vt 0.593040 0.014842
vt 0.592357 0.014813
vt 0.592618 0.013686
f 429/1285/429 433/1298/433 434/1302/434
vt 0.593040 0.014842
vt 0.592618 0.013686
vt 0.593136 0.013672
f 429/1285/429 434/1301/434 430/1290/430
vt 0.593136 0.013672
vt 0.592618 0.013686
vt 0.592618 0.013686
f 430/1288/430 434/1301/434 435/1305/435
vt 0.593136 0.013672
vt 0.592618 0.013686
vt 0.593136 0.013672
f 430/1288/430 435/1304/435 431/1293/431
vt 0.592357 0.014813
vt 0.593040 0.014842
vt 0.593136 0.013672
f 432/1294/432 428/1283/428 431/1293/431
vt 0.592357 0.014813
vt 0.593136 0.013672
vt 0.592618 0.013686
f 432/1294/432 431/1292/431 435/1305/435
vt 0.592357 0.014813
vt 0.591840 0.015251
vt 0.592357 0.014813
f 432/1294/432 436/1307/436 437/1311/437
vt 0.592357 0.014813
vt 0.592845 0.014813
vt 0.592357 0.014306
f 432/1294/432 437/1310/437 433/1299/433
vt 0.592357 0.014813
vt 0.592357 0.014813
vt 0.592618 0.013686
f 433/1297/433 437/1310/437 438/1314/438
vt 0.592357 0.014813
vt 0.592618 0.013686
vt 0.592618 0.013686
f 433/1297/433 438/1313/438 434/1302/434
vt 0.592618 0.013686
vt 0.592618 0.013686
vt 0.591797 0.013677
f 434/1300/434 438/1313/438 439/1317/439
vt 0.592618 0.013686
vt 0.591797 0.013677
vt 0.592618 0.013686
f 434/1300/434 439/1316/439 435/1305/435
vt 0.591840 0.015251
vt 0.592357 0.014813
vt 0.592618 0.013686
f 436/1306/436 432/1295/432 435/1305/435
vt 0.591840 0.015251
vt 0.592618 0.013686
vt 0.591797 0.013677
f 436/1306/436 435/1304/435 439/1317/439
vt 0.604769 0.028057
vt 0.604769 0.028057
vt 0.604717 0.028974
f 440/1318/440 443/1328/443 442/1326/442
vt 0.604769 0.028057
vt 0.604717 0.028974
vt 0.604717 0.028974
f 440/1318/440 442/1325/442 441/1323/441
vt 0.604717 0.028974
vt 0.604717 0.028974
vt 0.604769 0.028057
f 441/1321/441 442/1325/442 445/1335/445
vt 0.604717 0.028974
vt 0.604769 0.028057
vt 0.605537 0.028094
f 441/1321/441 445/1334/445 444/1332/444
vt 0.605537 0.028094
vt 0.604769 0.028057
vt 0.604784 0.026512
f 444/1330/444 445/1334/445 447/1341/447
vt 0.605537 0.028094
vt 0.604784 0.026512
vt 0.605153 0.026943
f 444/1330/444 447/1340/447 446/1338/446
vt 0.603906 0.024356
vt 0.604717 0.028974
vt 0.604769 0.028057
f 448/1342/448 442/1325/442 443/1329/443
vt 0.603906 0.024356
vt 0.604769 0.028057
vt 0.603906 0.024356
f 448/1342/448 443/1328/443 449/1347/449
vt 0.604717 0.028974
vt 0.603906 0.024356
vt 0.604383 0.023587
f 442/1324/442 448/1343/448 450/1350/450
vt 0.604717 0.028974
vt 0.604383 0.023587
vt 0.604769 0.028057
f 442/1324/442 450/1349/450 445/1335/445
vt 0.604769 0.028057
vt 0.604383 0.023587
vt 0.604383 0.023587
f 445/1333/445 450/1349/450 451/1353/451
vt 0.604769 0.028057
vt 0.604383 0.023587
vt 0.604784 0.026512
f 445/1333/445 451/1352/451 447/1341/447
vt 0.600298 0.016876
vt 0.603906 0.024356
vt 0.603906 0.024356
f 452/1354/452 448/1343/448 449/1347/449
vt 0.600298 0.016876
vt 0.603906 0.024356
vt 0.600298 0.016876
f 452/1354/452 449/1346/449 453/1359/453
vt 0.603906 0.024356
vt 0.600298 0.016876
vt 0.601472 0.017427
f 448/1342/448 452/1355/452 454/1362/454
vt 0.603906 0.024356
vt 0.601472 0.017427
vt 0.604383 0.023587
f 448/1342/448 454/1361/454 450/1350/450
vt 0.604383 0.023587
vt 0.601472 0.017427
vt 0.601472 0.017427
f 450/1348/450 454/1361/454 455/1365/455
vt 0.604383 0.023587
vt 0.601472 0.017427
vt 0.604383 0.023587
f 450/1348/450 455/1364/455 451/1353/451
vt 0.601472 0.017427
vt 0.600298 0.016876
vt 0.600375 0.015704
f 456/1366/456 425/1274/425 426/1278/426
vt 0.601472 0.017427
vt 0.600375 0.015704
vt 0.601676 0.016295
f 456/1366/456 426/1277/426 458/1374/458
vt 0.601676 0.016295
vt 0.600375 0.015704
vt 0.600375 0.015704
f 458/1372/458 426/1277/426 427/1281/427
vt 0.601676 0.016295
vt 0.600375 0.015704
vt 0.601676 0.016295
f 458/1372/458 427/1280/427 459/1377/459
vt 0.602912 0.027885
vt 0.602912 0.027885
vt 0.602860 0.028802
f 460/1378/460 463/1388/463 462/1386/462
vt 0.602912 0.027885
vt 0.602860 0.028802
vt 0.602860 0.028802
f 460/1378/460 462/1385/462 461/1383/461
vt 0.602860 0.028802
vt 0.602860 0.028802
vt 0.602912 0.027885
f 461/1381/461 462/1385/462 465/1395/465
vt 0.602860 0.028802
vt 0.602912 0.027885
vt 0.603680 0.027923
f 461/1381/461 465/1394/465 464/1392/464
vt 0.603680 0.027923
vt 0.602912 0.027885
vt 0.602927 0.026341
f 464/1390/464 465/1394/465 467/1401/467
vt 0.603680 0.027923
vt 0.602927 0.026341
vt 0.603296 0.026771
f 464/1390/464 467/1400/467 466/1398/466
vt 0.602049 0.024184
vt 0.602860 0.028802
vt 0.602912 0.027885
f 468/1402/468 462/1385/462 463/1389/463
vt 0.602049 0.024184
vt 0.602912 0.027885
vt 0.602049 0.024184
f 468/1402/468 463/1388/463 469/1407/469
vt 0.602860 0.028802
vt 0.602049 0.024184
vt 0.602526 0.023415
f 462/1384/462 468/1403/468 470/1410/470
vt 0.602860 0.028802
vt 0.602526 0.023415
vt 0.602912 0.027885
f 462/1384/462 470/1409/470 465/1395/465
vt 0.602912 0.027885
vt 0.602526 0.023415
vt 0.602526 0.023415
f 465/1393/465 470/1409/470 471/1413/471
vt 0.602912 0.027885
vt 0.602526 0.023415
vt 0.602927 0.026341
f 465/1393/465 471/1412/471 467/1401/467
vt 0.598275 0.016437
vt 0.602049 0.024184
vt 0.602049 0.024184
f 472/1414/472 468/1403/468 469/1407/469
vt 0.598275 0.016437
vt 0.602049 0.024184
vt 0.598275 0.016437
f 472/1414/472 469/1406/469 473/1419/473
vt 0.602049 0.024184
vt 0.598275 0.016437
vt 0.599442 0.016508
f 468/1402/468 472/1415/472 474/1422/474
vt 0.602049 0.024184
vt 0.599442 0.016508
vt 0.602526 0.023415
f 468/1402/468 474/1421/474 470/1410/470
vt 0.602526 0.023415
vt 0.599442 0.016508
vt 0.599442 0.016508
f 470/1408/470 474/1421/474 475/1425/475
vt 0.602526 0.023415
vt 0.599442 0.016508
vt 0.602526 0.023415
f 470/1408/470 475/1424/475 471/1413/471
vt 0.596471 0.015643
vt 0.593040 0.014842
vt 0.593136 0.013672
f 472/1414/472 429/1286/429 430/1290/430
vt 0.596471 0.015643
vt 0.593136 0.013672
vt 0.596600 0.014489
f 472/1414/472 430/1289/430 480/1440/480
vt 0.596600 0.014489
vt 0.593136 0.013672
vt 0.593136 0.013672
f 480/1438/480 430/1289/430 431/1293/431
vt 0.596600 0.014489
vt 0.593136 0.013672
vt 0.596600 0.014489
f 480/1438/480 431/1292/431 481/1443/481
vt 0.606654 0.028380
vt 0.606602 0.029297
vt 0.606602 0.029297
f 482/1444/482 483/1448/483 487/1461/487
vt 0.606654 0.028380
vt 0.606602 0.029297
vt 0.606654 0.028380
f 482/1444/482 487/1460/487 486/1458/486
vt 0.606602 0.029297
vt 0.607422 0.028418
vt 0.606654 0.028380
f 483/1447/483 484/1451/484 488/1464/488
vt 0.606602 0.029297
vt 0.606654 0.028380
vt 0.606602 0.029297
f 483/1447/483 488/1463/488 487/1461/487
vt 0.607422 0.028418
vt 0.607038 0.027266
vt 0.606669 0.026836
f 484/1450/484 485/1454/485 489/1467/489
vt 0.607422 0.028418
vt 0.606669 0.026836
vt 0.606654 0.028380
f 484/1450/484 489/1466/489 488/1464/488
vt 0.606654 0.028380
vt 0.606602 0.029297
vt 0.605854 0.024476
f 486/1456/486 487/1460/487 491/1473/491
vt 0.606654 0.028380
vt 0.605854 0.024476
vt 0.605854 0.024476
f 486/1456/486 491/1472/491 490/1470/490
vt 0.606602 0.029297
vt 0.606654 0.028380
vt 0.606268 0.023910
f 487/1459/487 488/1463/488 492/1476/492
vt 0.606602 0.029297
vt 0.606268 0.023910
vt 0.605854 0.024476
f 487/1459/487 492/1475/492 491/1473/491
vt 0.606654 0.028380
vt 0.606669 0.026836
vt 0.606268 0.023910
f 488/1462/488 489/1466/489 493/1479/493
vt 0.606654 0.028380
vt 0.606268 0.023910
vt 0.606268 0.023910
f 488/1462/488 493/1478/493 492/1476/492
vt 0.605854 0.024476
vt 0.605854 0.024476
vt 0.603044 0.018088
f 490/1468/490 491/1472/491 495/1485/495
vt 0.605854 0.024476
vt 0.603044 0.018088
vt 0.603044 0.018088
f 490/1468/490 495/1484/495 494/1482/494
vt 0.605854 0.024476
vt 0.606268 0.023910
vt 0.603228 0.016944
f 491/1471/491 492/1475/492 496/1488/496
vt 0.605854 0.024476
vt 0.603228 0.016944
vt 0.603044 0.018088
f 491/1471/491 496/1487/496 495/1485/495
vt 0.606268 0.023910
vt 0.606268 0.023910
vt 0.603228 0.016944
f 492/1474/492 493/1478/493 497/1491/497
vt 0.606268 0.023910
vt 0.603228 0.016944
vt 0.603228 0.016944
f 492/1474/492 497/1490/497 496/1488/496
vt 0.603044 0.018088
vt 0.603044 0.018088
vt 0.601472 0.017427
f 494/1480/494 495/1484/495 530/1590/530
vt 0.603044 0.018088
vt 0.601472 0.017427
vt 0.601472 0.017427
f 494/1480/494 530/1589/530 531/1593/531
vt 0.603044 0.018088
vt 0.603228 0.016944
vt 0.601676 0.016295
f 495/1483/495 496/1487/496 532/1596/532
vt 0.603044 0.018088
vt 0.601676 0.016295
vt 0.601472 0.017427
f 495/1483/495 532/1595/532 530/1590/530
vt 0.603228 0.016944
vt 0.603228 0.016944
vt 0.601676 0.016295
f 496/1486/496 497/1490/497 533/1599/533
vt 0.603228 0.016944
vt 0.601676 0.016295
vt 0.601676 0.016295
f 496/1486/496 533/1598/533 532/1596/532
vt 0.600298 0.016876
vt 0.600298 0.016876
vt 0.599442 0.016508
f 498/1492/498 499/1496/499 550/1650/550
vt 0.600298 0.016876
vt 0.599442 0.016508
vt 0.599442 0.016508
f 498/1492/498 550/1649/550 551/1653/551
vt 0.593040 0.014842
vt 0.593040 0.014842
vt 0.596471 0.015643
f 503/1507/503 502/1505/502 547/1641/547
vt 0.593040 0.014842
vt 0.596471 0.015643
vt 0.596471 0.015643
f 503/1507/503 547/1640/547 546/1638/546
vt 0.599442 0.016508
vt 0.599526 0.015337
vt 0.598342 0.014899
f 550/1648/550 552/1655/552 554/1662/554
vt 0.599442 0.016508
vt 0.598342 0.014899
vt 0.598275 0.016437
f 550/1648/550 554/1661/554 546/1638/546
vt 0.600298 0.016876
vt 0.600375 0.015704
vt 0.599526 0.015337
f 499/1495/499 500/1499/500 552/1656/552
vt 0.600298 0.016876
vt 0.599526 0.015337
vt 0.599442 0.016508
f 499/1495/499 552/1655/552 550/1650/550
vt 0.600375 0.015704
vt 0.600375 0.015704
vt 0.599526 0.015337
f 500/1498/500 501/1502/501 553/1659/553
vt 0.600375 0.015704
vt 0.599526 0.015337
vt 0.599526 0.015337
f 500/1498/500 553/1658/553 552/1656/552
vt 0.599526 0.015337
vt 0.599526 0.015337
vt 0.598342 0.014899
f 552/1654/552 553/1658/553 555/1665/555
vt 0.599526 0.015337
vt 0.598342 0.014899
vt 0.598342 0.014899
f 552/1654/552 555/1664/555 554/1662/554
vt 0.593040 0.014842
vt 0.593040 0.014842
vt 0.592357 0.014813
f 502/1504/502 503/1508/503 507/1521/507
vt 0.593040 0.014842
vt 0.592357 0.014813
vt 0.592357 0.014813
f 502/1504/502 507/1520/507 506/1518/506
vt 0.593040 0.014842
vt 0.593136 0.013672
vt 0.592618 0.013686
f 503/1507/503 504/1511/504 508/1524/508
vt 0.593040 0.014842
vt 0.592618 0.013686
vt 0.592357 0.014813
f 503/1507/503 508/1523/508 507/1521/507
vt 0.593136 0.013672
vt 0.593136 0.013672
vt 0.592618 0.013686
f 504/1510/504 505/1514/505 509/1527/509
vt 0.593136 0.013672
vt 0.592618 0.013686
vt 0.592618 0.013686
f 504/1510/504 509/1526/509 508/1524/508
vt 0.593136 0.013672
vt 0.593040 0.014842
vt 0.592357 0.014813
f 505/1513/505 502/1505/502 506/1518/506
vt 0.593136 0.013672
vt 0.592357 0.014813
vt 0.592618 0.013686
f 505/1513/505 506/1517/506 509/1527/509
vt 0.592357 0.014813
vt 0.592845 0.014813
vt 0.592357 0.014306
f 506/1516/506 507/1520/507 511/1533/511
vt 0.592357 0.014813
vt 0.592357 0.014813
vt 0.591840 0.015251
f 506/1516/506 511/1532/511 510/1530/510
vt 0.592357 0.014813
vt 0.592618 0.013686
vt 0.592618 0.013686
f 507/1519/507 508/1523/508 512/1536/512
vt 0.592357 0.014813
vt 0.592618 0.013686
vt 0.592357 0.014813
f 507/1519/507 512/1535/512 511/1533/511
vt 0.592618 0.013686
vt 0.592618 0.013686
vt 0.591797 0.013677
f 508/1522/508 509/1526/509 513/1539/513
vt 0.592618 0.013686
vt 0.591797 0.013677
vt 0.592618 0.013686
f 508/1522/508 513/1538/513 512/1536/512
vt 0.592618 0.013686
vt 0.592357 0.014813
vt 0.591840 0.015251
f 509/1525/509 506/1517/506 510/1530/510
vt 0.592618 0.013686
vt 0.591840 0.015251
vt 0.591797 0.013677
f 509/1525/509 510/1529/510 513/1539/513
vt 0.604769 0.028057
vt 0.604717 0.028974
vt 0.604717 0.028974
f 514/1540/514 515/1544/515 516/1548/516
vt 0.604769 0.028057
vt 0.604717 0.028974
vt 0.604769 0.028057
f 514/1540/514 516/1547/516 517/1551/517
vt 0.604717 0.028974
vt 0.605537 0.028094
vt 0.604769 0.028057
f 515/1543/515 518/1553/518 519/1557/519
vt 0.604717 0.028974
vt 0.604769 0.028057
vt 0.604717 0.028974
f 515/1543/515 519/1556/519 516/1548/516
vt 0.605537 0.028094
vt 0.605153 0.026943
vt 0.604784 0.026512
f 518/1552/518 520/1559/520 521/1563/521
vt 0.605537 0.028094
vt 0.604784 0.026512
vt 0.604769 0.028057
f 518/1552/518 521/1562/521 519/1557/519
vt 0.604769 0.028057
vt 0.604717 0.028974
vt 0.603906 0.024356
f 517/1549/517 516/1547/516 522/1566/522
vt 0.604769 0.028057
vt 0.603906 0.024356
vt 0.603906 0.024356
f 517/1549/517 522/1565/522 523/1569/523
vt 0.604717 0.028974
vt 0.604769 0.028057
vt 0.604383 0.023587
f 516/1546/516 519/1556/519 524/1572/524
vt 0.604717 0.028974
vt 0.604383 0.023587
vt 0.603906 0.024356
f 516/1546/516 524/1571/524 522/1566/522
vt 0.604769 0.028057
vt 0.604784 0.026512
vt 0.604383 0.023587
f 519/1555/519 521/1562/521 525/1575/525
vt 0.604769 0.028057
vt 0.604383 0.023587
vt 0.604383 0.023587
f 519/1555/519 525/1574/525 524/1572/524
vt 0.603906 0.024356
vt 0.603906 0.024356
vt 0.600298 0.016876
f 523/1567/523 522/1565/522 526/1578/526
vt 0.603906 0.024356
vt 0.600298 0.016876
vt 0.600298 0.016876
f 523/1567/523 526/1577/526 527/1581/527
vt 0.603906 0.024356
vt 0.604383 0.023587
vt 0.601472 0.017427
f 522/1564/522 524/1571/524 528/1584/528
vt 0.603906 0.024356
vt 0.601472 0.017427
vt 0.600298 0.016876
f 522/1564/522 528/1583/528 526/1578/526
vt 0.604383 0.023587
vt 0.604383 0.023587
vt 0.601472 0.017427
f 524/1570/524 525/1574/525 529/1587/529
vt 0.604383 0.023587
vt 0.601472 0.017427
vt 0.601472 0.017427
f 524/1570/524 529/1586/529 528/1584/528
vt 0.600375 0.015704
vt 0.600298 0.016876
vt 0.601472 0.017427
f 500/1498/500 499/1496/499 530/1590/530
vt 0.600375 0.015704
vt 0.601472 0.017427
vt 0.601676 0.016295
f 500/1498/500 530/1589/530 532/1596/532
vt 0.600375 0.015704
vt 0.600375 0.015704
vt 0.601676 0.016295
f 501/1501/501 500/1499/500 532/1596/532
vt 0.600375 0.015704
vt 0.601676 0.016295
vt 0.601676 0.016295
f 501/1501/501 532/1595/532 533/1599/533
vt 0.602912 0.027885
vt 0.602860 0.028802
vt 0.602860 0.028802
f 534/1600/534 535/1604/535 536/1608/536
vt 0.602912 0.027885
vt 0.602860 0.028802
vt 0.602912 0.027885
f 534/1600/534 536/1607/536 537/1611/537
vt 0.602860 0.028802
vt 0.603680 0.027923
vt 0.602912 0.027885
f 535/1603/535 538/1613/538 539/1617/539
vt 0.602860 0.028802
vt 0.602912 0.027885
vt 0.602860 0.028802
f 535/1603/535 539/1616/539 536/1608/536
vt 0.603680 0.027923
vt 0.603296 0.026771
vt 0.602927 0.026341
f 538/1612/538 540/1619/540 541/1623/541
vt 0.603680 0.027923
vt 0.602927 0.026341
vt 0.602912 0.027885
f 538/1612/538 541/1622/541 539/1617/539
vt 0.602912 0.027885
vt 0.602860 0.028802
vt 0.602049 0.024184
f 537/1609/537 536/1607/536 542/1626/542
vt 0.602912 0.027885
vt 0.602049 0.024184
vt 0.602049 0.024184
f 537/1609/537 542/1625/542 543/1629/543
vt 0.602860 0.028802
vt 0.602912 0.027885
vt 0.602526 0.023415
f 536/1606/536 539/1616/539 544/1632/544
vt 0.602860 0.028802
vt 0.602526 0.023415
vt 0.602049 0.024184
f 536/1606/536 544/1631/544 542/1626/542
vt 0.602912 0.027885
vt 0.602927 0.026341
vt 0.602526 0.023415
f 539/1615/539 541/1622/541 545/1635/545
vt 0.602912 0.027885
vt 0.602526 0.023415
vt 0.602526 0.023415
f 539/1615/539 545/1634/545 544/1632/544
vt 0.602049 0.024184
vt 0.602049 0.024184
vt 0.598275 0.016437
f 543/1627/543 542/1625/542 546/1638/546
vt 0.602049 0.024184
vt 0.598275 0.016437
vt 0.598275 0.016437
f 543/1627/543 546/1637/546 547/1641/547
vt 0.602049 0.024184
vt 0.602526 0.023415
vt 0.599442 0.016508
f 542/1624/542 544/1631/544 548/1644/548
vt 0.602049 0.024184
vt 0.599442 0.016508
vt 0.598275 0.016437
f 542/1624/542 548/1643/548 546/1638/546
vt 0.602526 0.023415
vt 0.602526 0.023415
vt 0.599442 0.016508
f 544/1630/544 545/1634/545 549/1647/549
vt 0.602526 0.023415
vt 0.599442 0.016508
vt 0.599442 0.016508
f 544/1630/544 549/1646/549 548/1644/548
vt 0.593136 0.013672
vt 0.593040 0.014842
vt 0.596471 0.015643
f 504/1510/504 503/1508/503 546/1638/546
vt 0.593136 0.013672
vt 0.596471 0.015643
vt 0.596600 0.014489
f 504/1510/504 546/1637/546 554/1662/554
vt 0.593136 0.013672
vt 0.593136 0.013672
vt 0.596600 0.014489
f 505/1513/505 504/1511/504 554/1662/554
vt 0.593136 0.013672
vt 0.596600 0.014489
vt 0.596600 0.014489
f 505/1513/505 554/1661/554 555/1665/555
vt 0.606654 0.028380
vt 0.606654 0.028380
vt 0.606602 0.029297
f 556/1666/556 560/1679/560 561/1683/561
vt 0.606654 0.028380
vt 0.606602 0.029297
vt 0.606602 0.029297
f 556/1666/556 561/1682/561 557/1671/557
vt 0.606602 0.029297
vt 0.606602 0.029297
vt 0.606654 0.028380
f 557/1669/557 561/1682/561 562/1686/562
vt 0.606602 0.029297
vt 0.606654 0.028380
vt 0.607422 0.028418
f 557/1669/557 562/1685/562 558/1674/558
vt 0.607422 0.028418
vt 0.606654 0.028380
vt 0.606669 0.026836
f 558/1672/558 562/1685/562 563/1689/563
vt 0.607422 0.028418
vt 0.606669 0.026836
vt 0.607038 0.027266
f 558/1672/558 563/1688/563 559/1677/559
vt 0.606654 0.028380
vt 0.605854 0.024476
vt 0.605854 0.024476
f 560/1678/560 564/1691/564 565/1695/565
vt 0.606654 0.028380
vt 0.605854 0.024476
vt 0.606602 0.029297
f 560/1678/560 565/1694/565 561/1683/561
vt 0.606602 0.029297
vt 0.605854 0.024476
vt 0.606268 0.023910
f 561/1681/561 565/1694/565 566/1698/566
vt 0.606602 0.029297
vt 0.606268 0.023910
vt 0.606654 0.028380
f 561/1681/561 566/1697/566 562/1686/562
vt 0.606654 0.028380
vt 0.606268 0.023910
vt 0.606268 0.023910
f 562/1684/562 566/1697/566 567/1701/567
vt 0.606654 0.028380
vt 0.606268 0.023910
vt 0.606669 0.026836
f 562/1684/562 567/1700/567 563/1689/563
vt 0.605854 0.024476
vt 0.603044 0.018088
vt 0.603044 0.018088
f 564/1690/564 568/1703/568 569/1707/569
vt 0.605854 0.024476
vt 0.603044 0.018088
vt 0.605854 0.024476
f 564/1690/564 569/1706/569 565/1695/565
vt 0.605854 0.024476
vt 0.603044 0.018088
vt 0.603228 0.016944
f 565/1693/565 569/1706/569 570/1710/570
vt 0.605854 0.024476
vt 0.603228 0.016944
vt 0.606268 0.023910
f 565/1693/565 570/1709/570 566/1698/566
vt 0.606268 0.023910
vt 0.603228 0.016944
vt 0.603228 0.016944
f 566/1696/566 570/1709/570 571/1713/571
vt 0.606268 0.023910
vt 0.603228 0.016944
vt 0.606268 0.023910
f 566/1696/566 571/1712/571 567/1701/567
vt 0.603044 0.018088
vt 0.601472 0.017427
vt 0.601472 0.017427
f 568/1702/568 605/1814/605 604/1812/604
vt 0.603044 0.018088
vt 0.601472 0.017427
vt 0.603044 0.018088
f 568/1702/568 604/1811/604 569/1707/569
vt 0.603044 0.018088
vt 0.601472 0.017427
vt 0.601676 0.016295
f 569/1705/569 604/1811/604 606/1818/606
vt 0.603044 0.018088
vt 0.601676 0.016295
vt 0.603228 0.016944
f 569/1705/569 606/1817/606 570/1710/570
vt 0.603228 0.016944
vt 0.601676 0.016295
vt 0.601676 0.016295
f 570/1708/570 606/1817/606 607/1821/607
vt 0.603228 0.016944
vt 0.601676 0.016295
vt 0.603228 0.016944
f 570/1708/570 607/1820/607 571/1713/571
vt 0.600298 0.016876
vt 0.599442 0.016508
vt 0.599442 0.016508
f 572/1714/572 625/1874/625 624/1872/624
vt 0.600298 0.016876
vt 0.599442 0.016508
vt 0.600298 0.016876
f 572/1714/572 624/1871/624 573/1719/573
vt 0.596471 0.015643
vt 0.593040 0.014842
vt 0.593040 0.014842
f 621/1861/621 576/1727/576 577/1731/577
vt 0.596471 0.015643
vt 0.593040 0.014842
vt 0.596471 0.015643
f 621/1861/621 577/1730/577 620/1860/620
vt 0.599442 0.016508
vt 0.598275 0.016437
vt 0.598342 0.014899
f 624/1870/624 620/1859/620 628/1884/628
vt 0.599442 0.016508
vt 0.598342 0.014899
vt 0.599526 0.015337
f 624/1870/624 628/1883/628 626/1878/626
vt 0.600298 0.016876
vt 0.599442 0.016508
vt 0.599526 0.015337
f 573/1717/573 624/1871/624 626/1878/626
vt 0.600298 0.016876
vt 0.599526 0.015337
vt 0.600375 0.015704
f 573/1717/573 626/1877/626 574/1722/574
vt 0.600375 0.015704
vt 0.599526 0.015337
vt 0.599526 0.015337
f 574/1720/574 626/1877/626 627/1881/627
vt 0.600375 0.015704
vt 0.599526 0.015337
vt 0.600375 0.015704
f 574/1720/574 627/1880/627 575/1725/575
vt 0.599526 0.015337
vt 0.598342 0.014899
vt 0.598342 0.014899
f 626/1876/626 628/1883/628 629/1887/629
vt 0.599526 0.015337
vt 0.598342 0.014899
vt 0.599526 0.015337
f 626/1876/626 629/1886/629 627/1881/627
vt 0.593040 0.014842
vt 0.592357 0.014813
vt 0.592357 0.014813
f 576/1726/576 580/1739/580 581/1743/581
vt 0.593040 0.014842
vt 0.592357 0.014813
vt 0.593040 0.014842
f 576/1726/576 581/1742/581 577/1731/577
vt 0.593040 0.014842
vt 0.592357 0.014813
vt 0.592618 0.013686
f 577/1729/577 581/1742/581 582/1746/582
vt 0.593040 0.014842
vt 0.592618 0.013686
vt 0.593136 0.013672
f 577/1729/577 582/1745/582 578/1734/578
vt 0.593136 0.013672
vt 0.592618 0.013686
vt 0.592618 0.013686
f 578/1732/578 582/1745/582 583/1749/583
vt 0.593136 0.013672
vt 0.592618 0.013686
vt 0.593136 0.013672
f 578/1732/578 583/1748/583 579/1737/579
vt 0.592357 0.014813
vt 0.593040 0.014842
vt 0.593136 0.013672
f 580/1738/580 576/1727/576 579/1737/579
vt 0.592357 0.014813
vt 0.593136 0.013672
vt 0.592618 0.013686
f 580/1738/580 579/1736/579 583/1749/583
vt 0.592357 0.014813
vt 0.591840 0.015251
vt 0.592357 0.014813
f 580/1738/580 584/1751/584 585/1755/585
vt 0.592357 0.014813
vt 0.592845 0.014813
vt 0.592357 0.014306
f 580/1738/580 585/1754/585 581/1743/581
vt 0.592357 0.014813
vt 0.592357 0.014813
vt 0.592618 0.013686
f 581/1741/581 585/1754/585 586/1758/586
vt 0.592357 0.014813
vt 0.592618 0.013686
vt 0.592618 0.013686
f 581/1741/581 586/1757/586 582/1746/582
vt 0.592618 0.013686
vt 0.592618 0.013686
vt 0.591797 0.013677
f 582/1744/582 586/1757/586 587/1761/587
vt 0.592618 0.013686
vt 0.591797 0.013677
vt 0.592618 0.013686
f 582/1744/582 587/1760/587 583/1749/583
vt 0.591840 0.015251
vt 0.592357 0.014813
vt 0.592618 0.013686
f 584/1750/584 580/1739/580 583/1749/583
vt 0.591840 0.015251
vt 0.592618 0.013686
vt 0.591797 0.013677
f 584/1750/584 583/1748/583 587/1761/587
vt 0.604769 0.028057
vt 0.604769 0.028057
vt 0.604717 0.028974
f 588/1762/588 591/1772/591 590/1770/590
vt 0.604769 0.028057
vt 0.604717 0.028974
vt 0.604717 0.028974
f 588/1762/588 590/1769/590 589/1767/589
vt 0.604717 0.028974
vt 0.604717 0.028974
vt 0.604769 0.028057
f 589/1765/589 590/1769/590 593/1779/593
vt 0.604717 0.028974
vt 0.604769 0.028057
vt 0.605537 0.028094
f 589/1765/589 593/1778/593 592/1776/592
vt 0.605537 0.028094
vt 0.604769 0.028057
vt 0.604784 0.026512
f 592/1774/592 593/1778/593 595/1785/595
vt 0.605537 0.028094
vt 0.604784 0.026512
vt 0.605153 0.026943
f 592/1774/592 595/1784/595 594/1782/594
vt 0.603906 0.024356
vt 0.604717 0.028974
vt 0.604769 0.028057
f 596/1786/596 590/1769/590 591/1773/591
vt 0.603906 0.024356
vt 0.604769 0.028057
vt 0.603906 0.024356
f 596/1786/596 591/1772/591 597/1791/597
vt 0.604717 0.028974
vt 0.603906 0.024356
vt 0.604383 0.023587
f 590/1768/590 596/1787/596 598/1794/598
vt 0.604717 0.028974
vt 0.604383 0.023587
vt 0.604769 0.028057
f 590/1768/590 598/1793/598 593/1779/593
vt 0.604769 0.028057
vt 0.604383 0.023587
vt 0.604383 0.023587
f 593/1777/593 598/1793/598 599/1797/599
vt 0.604769 0.028057
vt 0.604383 0.023587
vt 0.604784 0.026512
f 593/1777/593 599/1796/599 595/1785/595
vt 0.600298 0.016876
vt 0.603906 0.024356
vt 0.603906 0.024356
f 600/1798/600 596/1787/596 597/1791/597
vt 0.600298 0.016876
vt 0.603906 0.024356
vt 0.600298 0.016876
f 600/1798/600 597/1790/597 601/1803/601
vt 0.603906 0.024356
vt 0.600298 0.016876
vt 0.601472 0.017427
f 596/1786/596 600/1799/600 602/1806/602
vt 0.603906 0.024356
vt 0.601472 0.017427
vt 0.604383 0.023587
f 596/1786/596 602/1805/602 598/1794/598
vt 0.604383 0.023587
vt 0.601472 0.017427
vt 0.601472 0.017427
f 598/1792/598 602/1805/602 603/1809/603
vt 0.604383 0.023587
vt 0.601472 0.017427
vt 0.604383 0.023587
f 598/1792/598 603/1808/603 599/1797/599
vt 0.601472 0.017427
vt 0.600298 0.016876
vt 0.600375 0.015704
f 604/1810/604 573/1718/573 574/1722/574
vt 0.601472 0.017427
vt 0.600375 0.015704
vt 0.601676 0.016295
f 604/1810/604 574/1721/574 606/1818/606
vt 0.601676 0.016295
vt 0.600375 0.015704
vt 0.600375 0.015704
f 606/1816/606 574/1721/574 575/1725/575
vt 0.601676 0.016295
vt 0.600375 0.015704
vt 0.601676 0.016295
f 606/1816/606 575/1724/575 607/1821/607
vt 0.602912 0.027885
vt 0.602912 0.027885
vt 0.602860 0.028802
f 608/1822/608 611/1832/611 610/1830/610
vt 0.602912 0.027885
vt 0.602860 0.028802
vt 0.602860 0.028802
f 608/1822/608 610/1829/610 609/1827/609
vt 0.602860 0.028802
vt 0.602860 0.028802
vt 0.602912 0.027885
f 609/1825/609 610/1829/610 613/1839/613
vt 0.602860 0.028802
vt 0.602912 0.027885
vt 0.603680 0.027923
f 609/1825/609 613/1838/613 612/1836/612
vt 0.603680 0.027923
vt 0.602912 0.027885
vt 0.602927 0.026341
f 612/1834/612 613/1838/613 615/1845/615
vt 0.603680 0.027923
vt 0.602927 0.026341
vt 0.603296 0.026771
f 612/1834/612 615/1844/615 614/1842/614
vt 0.602049 0.024184
vt 0.602860 0.028802
vt 0.602912 0.027885
f 616/1846/616 610/1829/610 611/1833/611
vt 0.602049 0.024184
vt 0.602912 0.027885
vt 0.602049 0.024184
f 616/1846/616 611/1832/611 617/1851/617
vt 0.602860 0.028802
vt 0.602049 0.024184
vt 0.602526 0.023415
f 610/1828/610 616/1847/616 618/1854/618
vt 0.602860 0.028802
vt 0.602526 0.023415
vt 0.602912 0.027885
f 610/1828/610 618/1853/618 613/1839/613
vt 0.602912 0.027885
vt 0.602526 0.023415
vt 0.602526 0.023415
f 613/1837/613 618/1853/618 619/1857/619
vt 0.602912 0.027885
vt 0.602526 0.023415
vt 0.602927 0.026341
f 613/1837/613 619/1856/619 615/1845/615
vt 0.598275 0.016437
vt 0.602049 0.024184
vt 0.602049 0.024184
f 620/1858/620 616/1847/616 617/1851/617
vt 0.598275 0.016437
vt 0.602049 0.024184
vt 0.598275 0.016437
f 620/1858/620 617/1850/617 621/1863/621
vt 0.602049 0.024184
vt 0.598275 0.016437
vt 0.599442 0.016508
f 616/1846/616 620/1859/620 622/1866/622
vt 0.602049 0.024184
vt 0.599442 0.016508
vt 0.602526 0.023415
f 616/1846/616 622/1865/622 618/1854/618
vt 0.602526 0.023415
vt 0.599442 0.016508
vt 0.599442 0.016508
f 618/1852/618 622/1865/622 623/1869/623
vt 0.602526 0.023415
vt 0.599442 0.016508
vt 0.602526 0.023415
f 618/1852/618 623/1868/623 619/1857/619
vt 0.596471 0.015643
vt 0.593040 0.014842
vt 0.593136 0.013672
f 620/1858/620 577/1730/577 578/1734/578
vt 0.596471 0.015643
vt 0.593136 0.013672
vt 0.596600 0.014489
f 620/1858/620 578/1733/578 628/1884/628
vt 0.596600 0.014489
vt 0.593136 0.013672
vt 0.593136 0.013672
f 628/1882/628 578/1733/578 579/1737/579
vt 0.596600 0.014489
vt 0.593136 0.013672
vt 0.596600 0.014489
f 628/1882/628 579/1736/579 629/1887/629
vt 0.606654 0.028380
vt 0.606602 0.029297
vt 0.606602 0.029297
f 630/1888/630 631/1892/631 635/1905/635
vt 0.606654 0.028380
vt 0.606602 0.029297
vt 0.606654 0.028380
f 630/1888/630 635/1904/635 634/1902/634
vt 0.606602 0.029297
vt 0.607422 0.028418
vt 0.606654 0.028380
f 631/1891/631 632/1895/632 636/1908/636
vt 0.606602 0.029297
vt 0.606654 0.028380
vt 0.606602 0.029297
f 631/1891/631 636/1907/636 635/1905/635
vt 0.607422 0.028418
vt 0.607038 0.027266
vt 0.606669 0.026836
f 632/1894/632 633/1898/633 637/1911/637
vt 0.607422 0.028418
vt 0.606669 0.026836
vt 0.606654 0.028380
f 632/1894/632 637/1910/637 636/1908/636
vt 0.606654 0.028380
vt 0.606602 0.029297
vt 0.605854 0.024476
f 634/1900/634 635/1904/635 639/1917/639
vt 0.606654 0.028380
vt 0.605854 0.024476
vt 0.605854 0.024476
f 634/1900/634 639/1916/639 638/1914/638
vt 0.606602 0.029297
vt 0.606654 0.028380
vt 0.606268 0.023910
f 635/1903/635 636/1907/636 640/1920/640
vt 0.606602 0.029297
vt 0.606268 0.023910
vt 0.605854 0.024476
f 635/1903/635 640/1919/640 639/1917/639
vt 0.606654 0.028380
vt 0.606669 0.026836
vt 0.606268 0.023910
f 636/1906/636 637/1910/637 641/1923/641
vt 0.606654 0.028380
vt 0.606268 0.023910
vt 0.606268 0.023910
f 636/1906/636 641/1922/641 640/1920/640
vt 0.605854 0.024476
vt 0.605854 0.024476
vt 0.603044 0.018088
f 638/1912/638 639/1916/639 643/1929/643
vt 0.605854 0.024476
vt 0.603044 0.018088
vt 0.603044 0.018088
f 638/1912/638 643/1928/643 642/1926/642
vt 0.605854 0.024476
vt 0.606268 0.023910
vt 0.603228 0.016944
f 639/1915/639 640/1919/640 644/1932/644
vt 0.605854 0.024476
vt 0.603228 0.016944
vt 0.603044 0.018088
f 639/1915/639 644/1931/644 643/1929/643
vt 0.606268 0.023910
vt 0.606268 0.023910
vt 0.603228 0.016944
f 640/1918/640 641/1922/641 645/1935/645
vt 0.606268 0.023910
vt 0.603228 0.016944
vt 0.603228 0.016944
f 640/1918/640 645/1934/645 644/1932/644
vt 0.603044 0.018088
vt 0.603044 0.018088
vt 0.601472 0.017427
f 642/1924/642 643/1928/643 678/2034/678
vt 0.603044 0.018088
vt 0.601472 0.017427
vt 0.601472 0.017427
f 642/1924/642 678/2033/678 679/2037/679
vt 0.603044 0.018088
vt 0.603228 0.016944
vt 0.601676 0.016295
f 643/1927/643 644/1931/644 680/2040/680
vt 0.603044 0.018088
vt 0.601676 0.016295
vt 0.601472 0.017427
f 643/1927/643 680/2039/680 678/2034/678
vt 0.603228 0.016944
vt 0.603228 0.016944
vt 0.601676 0.016295
f 644/1930/644 645/1934/645 681/2043/681
vt 0.603228 0.016944
vt 0.601676 0.016295
vt 0.601676 0.016295
f 644/1930/644 681/2042/681 680/2040/680
vt 0.600298 0.016876
vt 0.600298 0.016876
vt 0.599442 0.016508
f 646/1936/646 647/1940/647 698/2094/698
vt 0.600298 0.016876
vt 0.599442 0.016508
vt 0.599442 0.016508
f 646/1936/646 698/2093/698 699/2097/699
vt 0.593040 0.014842
vt 0.593040 0.014842
vt 0.596471 0.015643
f 651/1951/651 650/1949/650 695/2085/695
vt 0.593040 0.014842
vt 0.596471 0.015643
vt 0.596471 0.015643
f 651/1951/651 695/2084/695 694/2082/694
vt 0.599442 0.016508
vt 0.599526 0.015337
vt 0.598342 0.014899
f 698/2092/698 700/2099/700 702/2106/702
vt 0.599442 0.016508
vt 0.598342 0.014899
vt 0.598275 0.016437
f 698/2092/698 702/2105/702 694/2082/694
vt 0.600298 0.016876
vt 0.600375 0.015704
vt 0.599526 0.015337
f 647/1939/647 648/1943/648 700/2100/700
vt 0.600298 0.016876
vt 0.599526 0.015337
vt 0.599442 0.016508
f 647/1939/647 700/2099/700 698/2094/698
vt 0.600375 0.015704
vt 0.600375 0.015704
vt 0.599526 0.015337
f 648/1942/648 649/1946/649 701/2103/701
vt 0.600375 0.015704
vt 0.599526 0.015337
vt 0.599526 0.015337
f 648/1942/648 701/2102/701 700/2100/700
vt 0.599526 0.015337
vt 0.599526 0.015337
vt 0.598342 0.014899
f 700/2098/700 701/2102/701 703/2109/703
vt 0.599526 0.015337
vt 0.598342 0.014899
vt 0.598342 0.014899
f 700/2098/700 703/2108/703 702/2106/702
vt 0.593040 0.014842
vt 0.593040 0.014842
vt 0.592357 0.014813
f 650/1948/650 651/1952/651 655/1965/655
vt 0.593040 0.014842
vt 0.592357 0.014813
vt 0.592357 0.014813
f 650/1948/650 655/1964/655 654/1962/654
vt 0.593040 0.014842
vt 0.593136 0.013672
vt 0.592618 0.013686
f 651/1951/651 652/1955/652 656/1968/656
vt 0.593040 0.014842
vt 0.592618 0.013686
vt 0.592357 0.014813
f 651/1951/651 656/1967/656 655/1965/655
vt 0.593136 0.013672
vt 0.593136 0.013672
vt 0.592618 0.013686
f 652/1954/652 653/1958/653 657/1971/657
vt 0.593136 0.013672
vt 0.592618 0.013686
vt 0.592618 0.013686
f 652/1954/652 657/1970/657 656/1968/656
vt 0.593136 0.013672
vt 0.593040 0.014842
vt 0.592357 0.014813
f 653/1957/653 650/1949/650 654/1962/654
vt 0.593136 0.013672
vt 0.592357 0.014813
vt 0.592618 0.013686
f 653/1957/653 654/1961/654 657/1971/657
vt 0.592357 0.014813
vt 0.592845 0.014813
vt 0.592357 0.014306
f 654/1960/654 655/1964/655 659/1977/659
vt 0.592357 0.014813
vt 0.592357 0.014813
vt 0.591840 0.015251
f 654/1960/654 659/1976/659 658/1974/658
vt 0.592357 0.014813
vt 0.592618 0.013686
vt 0.592618 0.013686
f 655/1963/655 656/1967/656 660/1980/660
vt 0.592357 0.014813
vt 0.592618 0.013686
vt 0.592357 0.014813
f 655/1963/655 660/1979/660 659/1977/659
vt 0.592618 0.013686
vt 0.592618 0.013686
vt 0.591797 0.013677
f 656/1966/656 657/1970/657 661/1983/661
vt 0.592618 0.013686
vt 0.591797 0.013677
vt 0.592618 0.013686
f 656/1966/656 661/1982/661 660/1980/660
vt 0.592618 0.013686
vt 0.592357 0.014813
vt 0.591840 0.015251
f 657/1969/657 654/1961/654 658/1974/658
vt 0.592618 0.013686
vt 0.591840 0.015251
vt 0.591797 0.013677
f 657/1969/657 658/1973/658 661/1983/661
vt 0.604769 0.028057
vt 0.604717 0.028974
vt 0.604717 0.028974
f 662/1984/662 663/1988/663 664/1992/664
vt 0.604769 0.028057
vt 0.604717 0.028974
vt 0.604769 0.028057
f 662/1984/662 664/1991/664 665/1995/665
vt 0.604717 0.028974
vt 0.605537 0.028094
vt 0.604769 0.028057
f 663/1987/663 666/1997/666 667/2001/667
vt 0.604717 0.028974
vt 0.604769 0.028057
vt 0.604717 0.028974
f 663/1987/663 667/2000/667 664/1992/664
vt 0.605537 0.028094
vt 0.605153 0.026943
vt 0.604784 0.026512
f 666/1996/666 668/2003/668 669/2007/669
vt 0.605537 0.028094
vt 0.604784 0.026512
vt 0.604769 0.028057
f 666/1996/666 669/2006/669 667/2001/667
vt 0.604769 0.028057
vt 0.604717 0.028974
vt 0.603906 0.024356
f 665/1993/665 664/1991/664 670/2010/670
vt 0.604769 0.028057
vt 0.603906 0.024356
vt 0.603906 0.024356
f 665/1993/665 670/2009/670 671/2013/671
vt 0.604717 0.028974
vt 0.604769 0.028057
vt 0.604383 0.023587
f 664/1990/664 667/2000/667 672/2016/672
vt 0.604717 0.028974
vt 0.604383 0.023587
vt 0.603906 0.024356
f 664/1990/664 672/2015/672 670/2010/670
vt 0.604769 0.028057
vt 0.604784 0.026512
vt 0.604383 0.023587
f 667/1999/667 669/2006/669 673/2019/673
vt 0.604769 0.028057
vt 0.604383 0.023587
vt 0.604383 0.023587
f 667/1999/667 673/2018/673 672/2016/672
vt 0.603906 0.024356
vt 0.603906 0.024356
vt 0.600298 0.016876
f 671/2011/671 670/2009/670 674/2022/674
vt 0.603906 0.024356
vt 0.600298 0.016876
vt 0.600298 0.016876
f 671/2011/671 674/2021/674 675/2025/675
vt 0.603906 0.024356
vt 0.604383 0.023587
vt 0.601472 0.017427
f 670/2008/670 672/2015/672 676/2028/676
vt 0.603906 0.024356
vt 0.601472 0.017427
vt 0.600298 0.016876
f 670/2008/670 676/2027/676 674/2022/674
vt 0.604383 0.023587
vt 0.604383 0.023587
vt 0.601472 0.017427
f 672/2014/672 673/2018/673 677/2031/677
vt 0.604383 0.023587
vt 0.601472 0.017427
vt 0.601472 0.017427
f 672/2014/672 677/2030/677 676/2028/676
vt 0.600375 0.015704
vt 0.600298 0.016876
vt 0.601472 0.017427
f 648/1942/648 647/1940/647 678/2034/678
vt 0.600375 0.015704
vt 0.601472 0.017427
vt 0.601676 0.016295
f 648/1942/648 678/2033/678 680/2040/680
vt 0.600375 0.015704
vt 0.600375 0.015704
vt 0.601676 0.016295
f 649/1945/649 648/1943/648 680/2040/680
vt 0.600375 0.015704
vt 0.601676 0.016295
vt 0.601676 0.016295
f 649/1945/649 680/2039/680 681/2043/681
vt 0.602912 0.027885
vt 0.602860 0.028802
vt 0.602860 0.028802
f 682/2044/682 683/2048/683 684/2052/684
vt 0.602912 0.027885
vt 0.602860 0.028802
vt 0.602912 0.027885
f 682/2044/682 684/2051/684 685/2055/685
vt 0.602860 0.028802
vt 0.603680 0.027923
vt 0.602912 0.027885
f 683/2047/683 686/2057/686 687/2061/687
vt 0.602860 0.028802
vt 0.602912 0.027885
vt 0.602860 0.028802
f 683/2047/683 687/2060/687 684/2052/684
vt 0.603680 0.027923
vt 0.603296 0.026771
vt 0.602927 0.026341
f 686/2056/686 688/2063/688 689/2067/689
vt 0.603680 0.027923
vt 0.602927 0.026341
vt 0.602912 0.027885
f 686/2056/686 689/2066/689 687/2061/687
vt 0.602912 0.027885
vt 0.602860 0.028802
vt 0.602049 0.024184
f 685/2053/685 684/2051/684 690/2070/690
vt 0.602912 0.027885
vt 0.602049 0.024184
vt 0.602049 0.024184
f 685/2053/685 690/2069/690 691/2073/691
vt 0.602860 0.028802
vt 0.602912 0.027885
vt 0.602526 0.023415
f 684/2050/684 687/2060/687 692/2076/692
vt 0.602860 0.028802
vt 0.602526 0.023415
vt 0.602049 0.024184
f 684/2050/684 692/2075/692 690/2070/690
vt 0.602912 0.027885
vt 0.602927 0.026341
vt 0.602526 0.023415
f 687/2059/687 689/2066/689 693/2079/693
vt 0.602912 0.027885
vt 0.602526 0.023415
vt 0.602526 0.023415
f 687/2059/687 693/2078/693 692/2076/692
vt 0.602049 0.024184
vt 0.602049 0.024184
vt 0.598275 0.016437
f 691/2071/691 690/2069/690 694/2082/694
vt 0.602049 0.024184
vt 0.598275 0.016437
vt 0.598275 0.016437
f 691/2071/691 694/2081/694 695/2085/695
vt 0.602049 0.024184
vt 0.602526 0.023415
vt 0.599442 0.016508
f 690/2068/690 692/2075/692 696/2088/696
vt 0.602049 0.024184
vt 0.599442 0.016508
vt 0.598275 0.016437
f 690/2068/690 696/2087/696 694/2082/694
vt 0.602526 0.023415
vt 0.602526 0.023415
vt 0.599442 0.016508
f 692/2074/692 693/2078/693 697/2091/697
vt 0.602526 0.023415
vt 0.599442 0.016508
vt 0.599442 0.016508
f 692/2074/692 697/2090/697 696/2088/696
vt 0.593136 0.013672
vt 0.593040 0.014842
vt 0.596471 0.015643
f 652/1954/652 651/1952/651 694/2082/694
vt 0.593136 0.013672
vt 0.596471 0.015643
vt 0.596600 0.014489
f 652/1954/652 694/2081/694 702/2106/702
vt 0.593136 0.013672
vt 0.593136 0.013672
vt 0.596600 0.014489
f 653/1957/653 652/1955/652 702/2106/702
vt 0.593136 0.013672
vt 0.596600 0.014489
vt 0.596600 0.014489
f 653/1957/653 702/2105/702 703/2109/703
vt 0.568280 0.050137
vt 0.568768 0.050137
vt 0.568280 0.049649
f 1/1/1 2/5/2 5/15/5
vt 0.568280 0.050137
vt 0.568768 0.050137
vt 0.568280 0.049649
f 1/1/1 5/14/5 4/12/4
vt 0.568280 0.050137
vt 0.568768 0.050137
vt 0.568280 0.049649
f 2/4/2 3/8/3 6/18/6
vt 0.568280 0.050137
vt 0.568768 0.050137
vt 0.568280 0.049649
f 2/4/2 6/17/6 5/15/5
vt 0.568280 0.050137
vt 0.568768 0.050137
vt 0.568280 0.049649
f 7/19/7 10/29/10 11/33/11
vt 0.568280 0.050137
vt 0.568768 0.050137
vt 0.568280 0.049649
f 7/19/7 11/32/11 8/24/8
vt 0.568280 0.050137
vt 0.568768 0.050137
vt 0.568280 0.049649
f 8/22/8 11/32/11 12/36/12
vt 0.568280 0.050137
vt 0.568768 0.050137
vt 0.568280 0.049649
f 8/22/8 12/35/12 9/27/9
vt 0.568280 0.050137
vt 0.568768 0.050137
vt 0.568280 0.049649
f 1/1/1 7/20/7 8/24/8
vt 0.568280 0.050137
vt 0.568768 0.050137
vt 0.568280 0.049649
f 1/1/1 8/23/8 2/6/2
vt 0.568280 0.050137
vt 0.568768 0.050137
vt 0.568280 0.049649
f 2/4/2 8/23/8 9/27/9
vt 0.568280 0.050137
vt 0.568768 0.050137
vt 0.568280 0.049649
f 2/4/2 9/26/9 3/9/3
vt 0.568280 0.050137
vt 0.568768 0.050137
vt 0.568280 0.049649
f 11/31/11 5/14/5 6/18/6
vt 0.568280 0.050137
vt 0.568768 0.050137
vt 0.568280 0.049649
f 11/31/11 6/17/6 12/36/12
vt 0.568280 0.050137
vt 0.568768 0.050137
vt 0.568280 0.049649
f 10/28/10 4/11/4 5/15/5
vt 0.568280 0.050137
vt 0.568768 0.050137
vt 0.568280 0.049649
f 10/28/10 5/14/5 11/33/11
vt 0.568280 0.050137
vt 0.568768 0.050137
vt 0.568280 0.049649
f 7/19/7 1/2/1 4/12/4
vt 0.568280 0.050137
vt 0.568768 0.050137
vt 0.568280 0.049649
f 7/19/7 4/11/4 10/30/10
vt 0.568280 0.050137
vt 0.568768 0.050137
vt 0.568280 0.049649
f 13/37/13 16/47/16 17/51/17
vt 0.568280 0.050137
vt 0.568768 0.050137
vt 0.568280 0.049649
f 13/37/13 17/50/17 14/42/14
vt 0.568280 0.050137
vt 0.568768 0.050137
vt 0.568280 0.049649
f 14/40/14 17/50/17 18/54/18
vt 0.568280 0.050137
vt 0.568768 0.050137
vt 0.568280 0.049649
f 14/40/14 18/53/18 15/45/15
vt 0.568280 0.050137
vt 0.568768 0.050137
vt 0.568280 0.049649
f 6/16/6 3/8/3 15/45/15
vt 0.568280 0.050137
vt 0.568768 0.050137
vt 0.568280 0.049649
f 6/16/6 15/44/15 18/54/18
vt 0.568280 0.050137
vt 0.568768 0.050137
vt 0.568280 0.049649
f 19/55/19 20/59/20 23/69/23
vt 0.568280 0.050137
vt 0.568768 0.050137
vt 0.568280 0.049649
f 19/55/19 23/68/23 22/66/22
vt 0.568280 0.050137
vt 0.568768 0.050137
vt 0.568280 0.049649
f 20/58/20 21/62/21 24/72/24
vt 0.568280 0.050137
vt 0.568768 0.050137
vt 0.568280 0.049649
f 20/58/20 24/71/24 23/69/23
vt 0.568280 0.050137
vt 0.568768 0.050137
vt 0.568280 0.049649
f 21/61/21 9/26/9 12/36/12
vt 0.568280 0.050137
vt 0.568768 0.050137
vt 0.568280 0.049649
f 21/61/21 12/35/12 24/72/24
vt 0.568280 0.050137
vt 0.568768 0.050137
vt 0.568280 0.049649
f 13/37/13 14/41/14 20/60/20
vt 0.568280 0.050137
vt 0.568768 0.050137
vt 0.568280 0.049649
f 13/37/13 20/59/20 19/57/19
vt 0.568280 0.050137
vt 0.568768 0.050137
vt 0.568280 0.049649
f 14/40/14 15/44/15 21/63/21
vt 0.568280 0.050137
vt 0.568768 0.050137
vt 0.568280 0.049649
f 14/40/14 21/62/21 20/60/20
vt 0.568280 0.050137
vt 0.568768 0.050137
vt 0.568280 0.049649
f 15/43/15 3/8/3 9/27/9
vt 0.568280 0.050137
vt 0.568768 0.050137
vt 0.568280 0.049649
f 15/43/15 9/26/9 21/63/21
vt 0.568280 0.050137
vt 0.568768 0.050137
vt 0.568280 0.049649
f 6/16/6 18/53/18 24/72/24
vt 0.568280 0.050137
vt 0.568768 0.050137
vt 0.568280 0.049649
f 6/16/6 24/71/24 12/36/12
vt 0.568280 0.050137
vt 0.568768 0.050137
vt 0.568280 0.049649
f 18/52/18 17/50/17 23/69/23
vt 0.568280 0.050137
vt 0.568768 0.050137
vt 0.568280 0.049649
f 18/52/18 23/68/23 24/72/24
vt 0.568280 0.050137
vt 0.568768 0.050137
vt 0.568280 0.049649
f 17/49/17 16/47/16 22/66/22
vt 0.568280 0.050137
vt 0.568768 0.050137
vt 0.568280 0.049649
f 17/49/17 22/65/22 23/69/23
vt 0.568280 0.050137
vt 0.568768 0.050137
vt 0.568280 0.049649
f 16/46/16 13/38/13 19/57/19
vt 0.568280 0.050137
vt 0.568768 0.050137
vt 0.568280 0.049649
f 16/46/16 19/56/19 22/66/22
vt 0.568280 0.050137
vt 0.568768 0.050137
vt 0.568280 0.049649
f 29/85/29 30/89/30 32/96/32
vt 0.568280 0.050137
vt 0.568768 0.050137
vt 0.568280 0.049649
f 29/85/29 32/95/32 31/93/31
vt 0.568280 0.050137
vt 0.568768 0.050137
vt 0.568280 0.049649
f 26/76/26 28/83/28 32/96/32
vt 0.568280 0.050137
vt 0.568768 0.050137
vt 0.568280 0.049649
f 26/76/26 32/95/32 30/90/30
vt 0.568280 0.050137
vt 0.568768 0.050137
vt 0.568280 0.049649
f 27/79/27 25/74/25 29/87/29
vt 0.568280 0.050137
vt 0.568768 0.050137
vt 0.568280 0.049649
f 27/79/27 29/86/29 31/93/31
vt 0.568280 0.050137
vt 0.568768 0.050137
vt 0.568280 0.049649
f 28/82/28 26/77/26 25/75/25
vt 0.568280 0.050137
vt 0.568768 0.050137
vt 0.568280 0.049649
f 25/73/25 27/80/27 28/84/28
vt 0.568280 0.050137
vt 0.568768 0.050137
vt 0.568280 0.049649
f 37/109/37 39/116/39 40/120/40
vt 0.568280 0.050137
vt 0.568768 0.050137
vt 0.568280 0.049649
f 37/109/37 40/119/40 38/114/38
vt 0.568280 0.050137
vt 0.568768 0.050137
vt 0.568280 0.049649
f 34/100/34 38/113/38 40/120/40
vt 0.568280 0.050137
vt 0.568768 0.050137
vt 0.568280 0.049649
f 34/100/34 40/119/40 36/108/36
vt 0.568280 0.050137
vt 0.568768 0.050137
vt 0.568280 0.049649
f 37/109/37 33/98/33 35/105/35
vt 0.568280 0.050137
vt 0.568768 0.050137
vt 0.568280 0.049649
f 37/109/37 35/104/35 39/117/39
vt 0.568280 0.050137
vt 0.568768 0.050137
vt 0.568280 0.049649
f 34/100/34 36/107/36 33/99/33
vt 0.568280 0.050137
vt 0.568768 0.050137
vt 0.568280 0.049649
f 35/103/35 33/98/33 36/108/36
vt 0.568280 0.050137
vt 0.568768 0.050137
vt 0.568280 0.049649
f 42/124/42 41/122/41 43/129/43
vt 0.568280 0.050137
vt 0.568768 0.050137
vt 0.568280 0.049649
f 44/130/44 41/122/41 42/126/42
vt 0.568280 0.050137
vt 0.568768 0.050137
vt 0.568280 0.049649
f 45/133/45 41/122/41 44/132/44
vt 0.568280 0.050137
vt 0.568768 0.050137
vt 0.568280 0.049649
f 46/136/46 41/122/41 45/135/45
vt 0.568280 0.050137
vt 0.568768 0.050137
vt 0.568280 0.049649
f 47/139/47 41/122/41 46/138/46
vt 0.568280 0.050137
vt 0.568768 0.050137
vt 0.568280 0.049649
f 48/142/48 41/122/41 47/141/47
vt 0.568280 0.050137
vt 0.568768 0.050137
vt 0.568280 0.049649
f 49/145/49 41/122/41 48/144/48
vt 0.568280 0.050137
vt 0.568768 0.050137
vt 0.568280 0.049649
f 50/148/50 41/122/41 49/147/49
vt 0.568280 0.050137
vt 0.568768 0.050137
vt 0.568280 0.049649
f 51/151/51 41/122/41 50/150/50
vt 0.568280 0.050137
vt 0.568768 0.050137
vt 0.568280 0.049649
f 43/127/43 41/122/41 51/153/51
vt 0.646484 0.073301
vt 0.703125 0.073301
vt 0.657302 0.107740
f 43/127/43 52/155/52 42/126/42
vt 0.657302 0.107740
vt 0.703125 0.073301
vt 0.685622 0.129025
f 42/124/42 52/155/52 44/132/44
vt 0.685622 0.129025
vt 0.703125 0.073301
vt 0.720628 0.129025
f 44/130/44 52/155/52 45/135/45
vt 0.720628 0.129025
vt 0.703125 0.073301
vt 0.748948 0.107740
f 45/133/45 52/155/52 46/138/46
vt 0.748948 0.107740
vt 0.703125 0.073301
vt 0.759766 0.073301
f 46/136/46 52/155/52 47/141/47
vt 0.759766 0.073301
vt 0.703125 0.073301
vt 0.748948 0.038863
f 47/139/47 52/155/52 48/144/48
vt 0.748948 0.038863
vt 0.703125 0.073301
vt 0.720628 0.017578
f 48/142/48 52/155/52 49/147/49
vt 0.720628 0.017578
vt 0.703125 0.073301
vt 0.685622 0.017578
f 49/145/49 52/155/52 50/150/50
vt 0.685622 0.017578
vt 0.703125 0.073301
vt 0.657302 0.038863
f 50/148/50 52/155/52 51/153/51
vt 0.657302 0.038863
vt 0.703125 0.073301
vt 0.646484 0.073301
f 51/151/51 52/155/52 43/129/43
vt 0.568280 0.050137
vt 0.568768 0.050137
vt 0.568280 0.049649
f 54/160/54 53/158/53 55/165/55
vt 0.568280 0.050137
vt 0.568768 0.050137
vt 0.568280 0.049649
f 54/160/54 56/167/56 53/159/53
vt 0.568280 0.050137
vt 0.568768 0.050137
vt 0.568280 0.049649
f 54/160/54 57/170/57 56/168/56
vt 0.568280 0.050137
vt 0.568768 0.050137
vt 0.568280 0.049649
f 54/160/54 58/173/58 57/171/57
vt 0.568280 0.050137
vt 0.568768 0.050137
vt 0.568280 0.049649
f 54/160/54 59/176/59 58/174/58
vt 0.568280 0.050137
vt 0.568768 0.050137
vt 0.568280 0.049649
f 54/160/54 60/179/60 59/177/59
vt 0.568280 0.050137
vt 0.568768 0.050137
vt 0.568280 0.049649
f 54/160/54 61/182/61 60/180/60
vt 0.568280 0.050137
vt 0.568768 0.050137
vt 0.568280 0.049649
f 54/160/54 62/185/62 61/183/61
vt 0.568280 0.050137
vt 0.568768 0.050137
vt 0.568280 0.049649
f 54/160/54 63/188/63 62/186/62
vt 0.568280 0.050137
vt 0.568768 0.050137
vt 0.568280 0.049649
f 54/160/54 55/164/55 63/189/63
vt 0.703125 0.077063
vt 0.759072 0.075818
vt 0.748387 0.109836
f 64/190/64 55/164/55 53/159/53
vt 0.703125 0.077063
vt 0.748387 0.109836
vt 0.720414 0.130859
f 64/190/64 53/158/53 56/168/56
vt 0.703125 0.077063
vt 0.720414 0.130859
vt 0.685836 0.130859
f 64/190/64 56/167/56 57/171/57
vt 0.703125 0.077063
vt 0.685836 0.130859
vt 0.657863 0.109836
f 64/190/64 57/170/57 58/174/58
vt 0.703125 0.077063
vt 0.657863 0.109836
vt 0.647178 0.075818
f 64/190/64 58/173/58 59/177/59
vt 0.703125 0.077063
vt 0.647178 0.075818
vt 0.657863 0.041801
f 64/190/64 59/176/59 60/180/60
vt 0.703125 0.077063
vt 0.657863 0.041801
vt 0.685836 0.020777
f 64/190/64 60/179/60 61/183/61
vt 0.703125 0.077063
vt 0.685836 0.020777
vt 0.720414 0.020777
f 64/190/64 61/182/61 62/186/62
vt 0.703125 0.077063
vt 0.720414 0.020777
vt 0.748387 0.041801
f 64/190/64 62/185/62 63/189/63
vt 0.703125 0.077063
vt 0.748387 0.041801
vt 0.759072 0.075818
f 64/190/64 63/188/63 55/165/55
vt 0.568027 0.050518
vt 0.568515 0.050518
vt 0.568027 0.050030
f 1/1/1 4/11/4 3/9/3
vt 0.568027 0.050518
vt 0.568515 0.050518
vt 0.568027 0.050030
f 1/1/1 2/5/2 5/15/5
vt 0.568027 0.050518
vt 0.568515 0.050518
vt 0.568027 0.050030
f 1/1/1 5/14/5 4/12/4
vt 0.568159 0.051222
vt 0.568647 0.051222
vt 0.568159 0.050734
f 2/4/2 1/2/1 7/21/7
vt 0.568159 0.051222
vt 0.568647 0.051222
vt 0.568159 0.050734
f 2/4/2 7/20/7 6/18/6
vt 0.568027 0.050518
vt 0.568515 0.050518
vt 0.568027 0.050030
f 3/7/3 4/11/4 9/27/9
vt 0.568027 0.050518
vt 0.568515 0.050518
vt 0.568027 0.050030
f 3/7/3 9/26/9 8/24/8
vt 0.568027 0.050518
vt 0.568515 0.050518
vt 0.568027 0.050030
f 4/10/4 5/14/5 10/30/10
vt 0.568027 0.050518
vt 0.568515 0.050518
vt 0.568027 0.050030
f 4/10/4 10/29/10 9/27/9
vt 0.568159 0.051222
vt 0.568647 0.051222
vt 0.568159 0.050734
f 6/16/6 7/20/7 12/36/12
vt 0.568159 0.051222
vt 0.568647 0.051222
vt 0.568159 0.050734
f 6/16/6 12/35/12 11/33/11
vt 0.568159 0.051222
vt 0.568647 0.051222
vt 0.568159 0.050734
f 7/19/7 3/8/3 8/24/8
vt 0.568159 0.051222
vt 0.568647 0.051222
vt 0.568159 0.050734
f 7/19/7 8/23/8 12/36/12
vt 0.568027 0.050518
vt 0.568515 0.050518
vt 0.568027 0.050030
f 8/22/8 9/26/9 13/39/13
vt 0.568027 0.050518
vt 0.568515 0.050518
vt 0.568027 0.050030
f 9/25/9 10/29/10 14/42/14
vt 0.568027 0.050518
vt 0.568515 0.050518
vt 0.568027 0.050030
f 9/25/9 14/41/14 13/39/13
vt 0.568159 0.051222
vt 0.568647 0.051222
vt 0.568159 0.050734
f 11/31/11 12/35/12 13/39/13
vt 0.568159 0.051222
vt 0.568647 0.051222
vt 0.568159 0.050734
f 11/31/11 13/38/13 14/42/14
vt 0.568159 0.051222
vt 0.568647 0.051222
vt 0.568159 0.050734
f 12/34/12 8/23/8 13/39/13
vt 0.568159 0.051222
vt 0.568647 0.051222
vt 0.568159 0.050734
f 15/43/15 16/47/16 17/51/17
vt 0.567909 0.050806
vt 0.567909 0.050806
vt 0.568337 0.051234
f 2/4/2 1/2/1 3/9/3
vt 0.567909 0.050806
vt 0.568397 0.050806
vt 0.567909 0.050318
f 4/10/4 6/17/6 5/15/5
vt 0.567909 0.050806
vt 0.568397 0.050806
vt 0.567909 0.050318
f 4/10/4 7/20/7 6/18/6
vt 0.567909 0.050806
vt 0.568397 0.050806
vt 0.567909 0.050318
f 4/10/4 8/23/8 7/21/7
vt 0.567909 0.050806
vt 0.568397 0.050806
vt 0.567909 0.050318
f 4/10/4 9/26/9 8/24/8
vt 0.567909 0.050806
vt 0.568397 0.050806
vt 0.567909 0.050318
f 4/10/4 10/29/10 9/27/9
vt 0.567909 0.050806
vt 0.568397 0.050806
vt 0.567909 0.050318
f 4/10/4 5/14/5 10/30/10
vt 0.567909 0.050806
vt 0.568397 0.050806
vt 0.567909 0.050318
f 5/13/5 6/17/6 11/33/11
vt 0.567909 0.050806
vt 0.568397 0.050806
vt 0.567909 0.050318
f 6/16/6 7/20/7 11/33/11
vt 0.567909 0.050806
vt 0.568397 0.050806
vt 0.567909 0.050318
f 7/19/7 8/23/8 11/33/11
vt 0.567909 0.050806
vt 0.568397 0.050806
vt 0.567909 0.050318
f 8/22/8 9/26/9 11/33/11
vt 0.567909 0.050806
vt 0.568397 0.050806
vt 0.567909 0.050318
f 9/25/9 10/29/10 11/33/11
vt 0.567909 0.050806
vt 0.568397 0.050806
vt 0.567909 0.050318
f 10/28/10 5/14/5 11/33/11
vt 0.568337 0.050806
vt 0.568825 0.050806
vt 0.568337 0.050318
f 1/1/1 2/5/2 3/9/3
vt 0.568337 0.050806
vt 0.568825 0.050806
vt 0.568337 0.050318
f 6/16/6 4/11/4 5/15/5
vt 0.568337 0.050806
vt 0.568825 0.050806
vt 0.568337 0.050318
f 7/19/7 4/11/4 6/18/6
vt 0.568337 0.050806
vt 0.568825 0.050806
vt 0.568337 0.050318
f 8/22/8 4/11/4 7/21/7
vt 0.568337 0.050806
vt 0.568825 0.050806
vt 0.568337 0.050318
f 9/25/9 4/11/4 8/24/8
vt 0.568337 0.050806
vt 0.568825 0.050806
vt 0.568337 0.050318
f 10/28/10 4/11/4 9/27/9
vt 0.568337 0.050806
vt 0.568825 0.050806
vt 0.568337 0.050318
f 5/13/5 4/11/4 10/30/10
vt 0.568337 0.050806
vt 0.568825 0.050806
vt 0.568337 0.050318
f 6/16/6 5/14/5 11/33/11
vt 0.568337 0.050806
vt 0.568825 0.050806
vt 0.568337 0.050318
f 7/19/7 6/17/6 11/33/11
vt 0.568337 0.050806
vt 0.568825 0.050806
vt 0.568337 0.050318
f 8/22/8 7/20/7 11/33/11
vt 0.568337 0.050806
vt 0.568825 0.050806
vt 0.568337 0.050318
f 9/25/9 8/23/8 11/33/11
vt 0.568337 0.050806
vt 0.568825 0.050806
vt 0.568337 0.050318
f 10/28/10 9/26/9 11/33/11
vt 0.568337 0.050806
vt 0.568825 0.050806
vt 0.568337 0.050318
f 5/13/5 10/29/10 11/33/11
vt 0.568031 0.050515
vt 0.568519 0.050515
vt 0.568031 0.050027
f 25/73/25 26/77/26 27/81/27
vt 0.568031 0.050515
vt 0.568519 0.050515
vt 0.568031 0.050027
f 25/73/25 27/80/27 28/84/28
vt 0.568031 0.050515
vt 0.568519 0.050515
vt 0.568031 0.050027
f 2/4/2 6/17/6 7/21/7
vt 0.568031 0.050515
vt 0.568519 0.050515
vt 0.568031 0.050027
f 2/4/2 7/20/7 3/9/3
vt 0.568031 0.050515
vt 0.568519 0.050515
vt 0.568031 0.050027
f 29/85/29 30/89/30 31/93/31
vt 0.568031 0.050515
vt 0.568519 0.050515
vt 0.568031 0.050027
f 29/85/29 31/92/31 32/96/32
vt 0.568031 0.050515
vt 0.568519 0.050515
vt 0.568031 0.050027
f 17/49/17 18/53/18 19/57/19
vt 0.568031 0.050515
vt 0.568519 0.050515
vt 0.568031 0.050027
f 17/49/17 19/56/19 20/60/20
vt 0.568031 0.050515
vt 0.568519 0.050515
vt 0.568031 0.050027
f 10/28/10 11/32/11 15/45/15
vt 0.568031 0.050515
vt 0.568519 0.050515
vt 0.568031 0.050027
f 10/28/10 15/44/15 14/42/14
vt 0.568031 0.050515
vt 0.568519 0.050515
vt 0.568031 0.050027
f 22/64/22 23/68/23 24/72/24
vt 0.568031 0.050515
vt 0.568519 0.050515
vt 0.568031 0.050027
f 22/64/22 24/71/24 21/63/21
vt 0.568031 0.050515
vt 0.568519 0.050515
vt 0.568031 0.050027
f 1/1/1 2/5/2 10/30/10
vt 0.568031 0.050515
vt 0.568519 0.050515
vt 0.568031 0.050027
f 1/1/1 10/29/10 9/27/9
vt 0.568031 0.050515
vt 0.568519 0.050515
vt 0.568031 0.050027
f 2/4/2 3/8/3 11/33/11
vt 0.568031 0.050515
vt 0.568519 0.050515
vt 0.568031 0.050027
f 2/4/2 11/32/11 10/30/10
vt 0.568031 0.050515
vt 0.568519 0.050515
vt 0.568031 0.050027
f 3/7/3 4/11/4 12/36/12
vt 0.568031 0.050515
vt 0.568519 0.050515
vt 0.568031 0.050027
f 3/7/3 12/35/12 11/33/11
vt 0.568031 0.050515
vt 0.568519 0.050515
vt 0.568031 0.050027
f 4/10/4 8/23/8 16/48/16
vt 0.568031 0.050515
vt 0.568519 0.050515
vt 0.568031 0.050027
f 4/10/4 16/47/16 12/36/12
vt 0.568031 0.050515
vt 0.568519 0.050515
vt 0.568031 0.050027
f 8/22/8 7/20/7 15/45/15
vt 0.568031 0.050515
vt 0.568519 0.050515
vt 0.568031 0.050027
f 8/22/8 15/44/15 16/48/16
vt 0.568031 0.050515
vt 0.568519 0.050515
vt 0.568031 0.050027
f 7/19/7 6/17/6 14/42/14
vt 0.568031 0.050515
vt 0.568519 0.050515
vt 0.568031 0.050027
f 7/19/7 14/41/14 15/45/15
vt 0.568031 0.050515
vt 0.568519 0.050515
vt 0.568031 0.050027
f 6/16/6 5/14/5 13/39/13
vt 0.568031 0.050515
vt 0.568519 0.050515
vt 0.568031 0.050027
f 6/16/6 13/38/13 14/42/14
vt 0.568031 0.050515
vt 0.568519 0.050515
vt 0.568031 0.050027
f 5/13/5 1/2/1 9/27/9
vt 0.568031 0.050515
vt 0.568519 0.050515
vt 0.568031 0.050027
f 5/13/5 9/26/9 13/39/13
vt 0.568031 0.050515
vt 0.568519 0.050515
vt 0.568031 0.050027
f 9/25/9 10/29/10 18/54/18
vt 0.568031 0.050515
vt 0.568519 0.050515
vt 0.568031 0.050027
f 9/25/9 18/53/18 17/51/17
vt 0.568031 0.050515
vt 0.568519 0.050515
vt 0.568031 0.050027
f 10/28/10 14/41/14 19/57/19
vt 0.568031 0.050515
vt 0.568519 0.050515
vt 0.568031 0.050027
f 10/28/10 19/56/19 18/54/18
vt 0.568031 0.050515
vt 0.568519 0.050515
vt 0.568031 0.050027
f 14/40/14 13/38/13 20/60/20
vt 0.568031 0.050515
vt 0.568519 0.050515
vt 0.568031 0.050027
f 14/40/14 20/59/20 19/57/19
vt 0.568031 0.050515
vt 0.568519 0.050515
vt 0.568031 0.050027
f 13/37/13 9/26/9 17/51/17
vt 0.568031 0.050515
vt 0.568519 0.050515
vt 0.568031 0.050027
f 13/37/13 17/50/17 20/60/20
vt 0.568031 0.050515
vt 0.568519 0.050515
vt 0.568031 0.050027
f 15/43/15 11/32/11 22/66/22
vt 0.568031 0.050515
vt 0.568519 0.050515
vt 0.568031 0.050027
f 15/43/15 22/65/22 21/63/21
vt 0.568031 0.050515
vt 0.568519 0.050515
vt 0.568031 0.050027
f 11/31/11 12/35/12 23/69/23
vt 0.568031 0.050515
vt 0.568519 0.050515
vt 0.568031 0.050027
f 11/31/11 23/68/23 22/66/22
vt 0.568031 0.050515
vt 0.568519 0.050515
vt 0.568031 0.050027
f 12/34/12 16/47/16 24/72/24
vt 0.568031 0.050515
vt 0.568519 0.050515
vt 0.568031 0.050027
f 12/34/12 24/71/24 23/69/23
vt 0.568031 0.050515
vt 0.568519 0.050515
vt 0.568031 0.050027
f 16/46/16 15/44/15 21/63/21
vt 0.568031 0.050515
vt 0.568519 0.050515
vt 0.568031 0.050027
f 16/46/16 21/62/21 24/72/24
vt 0.568031 0.050515
vt 0.568519 0.050515
vt 0.568031 0.050027
f 1/1/1 5/14/5 26/78/26
vt 0.568031 0.050515
vt 0.568519 0.050515
vt 0.568031 0.050027
f 1/1/1 26/77/26 25/75/25
vt 0.568031 0.050515
vt 0.568519 0.050515
vt 0.568031 0.050027
f 5/13/5 6/17/6 27/81/27
vt 0.568031 0.050515
vt 0.568519 0.050515
vt 0.568031 0.050027
f 5/13/5 27/80/27 26/78/26
vt 0.568031 0.050515
vt 0.568519 0.050515
vt 0.568031 0.050027
f 6/16/6 2/5/2 28/84/28
vt 0.568031 0.050515
vt 0.568519 0.050515
vt 0.568031 0.050027
f 6/16/6 28/83/28 27/81/27
vt 0.568031 0.050515
vt 0.568519 0.050515
vt 0.568031 0.050027
f 2/4/2 1/2/1 25/75/25
vt 0.568031 0.050515
vt 0.568519 0.050515
vt 0.568031 0.050027
f 2/4/2 25/74/25 28/84/28
vt 0.568031 0.050515
vt 0.568519 0.050515
vt 0.568031 0.050027
f 3/7/3 7/20/7 30/90/30
vt 0.568031 0.050515
vt 0.568519 0.050515
vt 0.568031 0.050027
f 3/7/3 30/89/30 29/87/29
vt 0.568031 0.050515
vt 0.568519 0.050515
vt 0.568031 0.050027
f 7/19/7 8/23/8 31/93/31
vt 0.568031 0.050515
vt 0.568519 0.050515
vt 0.568031 0.050027
f 7/19/7 31/92/31 30/90/30
vt 0.568031 0.050515
vt 0.568519 0.050515
vt 0.568031 0.050027
f 8/22/8 4/11/4 32/96/32
vt 0.568031 0.050515
vt 0.568519 0.050515
vt 0.568031 0.050027
f 8/22/8 32/95/32 31/93/31
vt 0.568031 0.050515
vt 0.568519 0.050515
vt 0.568031 0.050027
f 4/10/4 3/8/3 29/87/29
vt 0.568031 0.050515
vt 0.568519 0.050515
vt 0.568031 0.050027
f 4/10/4 29/86/29 32/96/32
vt 0.571860 0.101616
vt 0.572348 0.101616
vt 0.571860 0.101128
f 15/43/15 16/47/16 21/63/21
vt 0.571860 0.101616
vt 0.572348 0.101616
vt 0.571860 0.101128
f 15/43/15 21/62/21 22/66/22
vt 0.572264 0.100968
vt 0.571764 0.100668
vt 0.571764 0.100668
f 3/7/3 10/29/10 11/33/11
vt 0.572264 0.100968
vt 0.571764 0.100668
vt 0.572264 0.100968
f 3/7/3 11/32/11 4/12/4
vt 0.571764 0.100668
vt 0.572264 0.100968
vt 0.572264 0.100968
f 10/28/10 3/8/3 2/6/2
vt 0.571764 0.100668
vt 0.572264 0.100968
vt 0.571764 0.100668
f 10/28/10 2/5/2 9/27/9
vt 0.572264 0.100968
vt 0.572752 0.100968
vt 0.572264 0.100480
f 1/1/1 2/5/2 3/9/3
vt 0.702208 0.345558
vt 0.742463 0.216797
vt 0.677734 0.407199
f 21/61/21 16/47/16 13/39/13
vt 0.998047 0.419922
vt 0.677734 0.407199
vt 0.776131 0.284584
f 12/34/12 13/38/13 19/57/19
vt 0.998047 0.419922
vt 0.776131 0.284584
vt 0.920218 0.274037
f 12/34/12 19/56/19 18/54/18
vt 0.677734 0.407199
vt 0.742463 0.216797
vt 0.701530 0.345675
f 6/16/6 15/44/15 22/66/22
vt 0.998047 0.419922
vt 0.920218 0.274037
vt 0.776131 0.284584
f 5/13/5 17/50/17 20/60/20
vt 0.998047 0.419922
vt 0.776131 0.284584
vt 0.677734 0.407199
f 5/13/5 20/59/20 6/18/6
vt 0.533203 0.087253
vt 0.294922 0.087254
vt 0.304460 0.006277
f 17/49/17 18/53/18 19/57/19
vt 0.533203 0.087253
vt 0.304460 0.006277
vt 0.523665 0.006270
f 17/49/17 19/56/19 20/60/20
vt 0.677734 0.407199
vt 0.776131 0.284584
vt 0.742463 0.216797
f 6/16/6 20/59/20 15/45/15
vt 0.677734 0.407199
vt 0.742463 0.216797
vt 0.776131 0.284584
f 13/37/13 16/47/16 19/57/19
vt 0.571860 0.101616
vt 0.572348 0.101616
vt 0.571860 0.101128
f 15/43/15 20/59/20 19/57/19
vt 0.571860 0.101616
vt 0.572348 0.101616
vt 0.571860 0.101128
f 15/43/15 19/56/19 16/48/16
vt 0.514241 0.001953
vt 0.533203 0.134766
vt 0.294922 0.134766
f 17/49/17 5/14/5 12/36/12
vt 0.514241 0.001953
vt 0.294922 0.134766
vt 0.313680 0.001953
f 17/49/17 12/35/12 18/54/18
vt 0.572264 0.100968
vt 0.572264 0.100968
vt 0.571764 0.100668
f 5/13/5 4/11/4 11/33/11
vt 0.572264 0.100968
vt 0.571764 0.100668
vt 0.571764 0.100668
f 5/13/5 11/32/11 12/36/12
vt 0.974465 0.590025
vt 0.701218 0.423828
vt 0.837891 0.595703
f 7/19/7 21/62/21 8/24/8
vt 0.998047 0.551274
vt 0.974150 0.424417
vt 0.974465 0.590025
f 6/16/6 22/65/22 7/21/7
vt 0.837891 0.595703
vt 0.701218 0.423828
vt 0.701316 0.590025
f 8/22/8 21/62/21 14/42/14
vt 0.701218 0.423828
vt 0.677734 0.551274
vt 0.701316 0.590025
f 21/61/21 13/38/13 14/42/14
vt 0.974150 0.424417
vt 0.701218 0.423828
vt 0.974465 0.590025
f 22/64/22 21/62/21 7/21/7
vt 0.787109 0.212891
vt 0.998047 0.212890
vt 0.998047 0.001953
f 1/1/1 2/5/2 3/9/3
vt 0.787109 0.212891
vt 0.998047 0.001953
vt 0.787109 0.001953
f 1/1/1 3/8/3 4/12/4
vt 0.571850 0.101660
vt 0.572338 0.101660
vt 0.571850 0.101172
f 2/4/2 12/35/12 1/3/1
vt 0.571850 0.101660
vt 0.572338 0.101660
vt 0.571850 0.101172
f 2/4/2 4/11/4 12/36/12
vt 0.571850 0.101660
vt 0.572338 0.101660
vt 0.571850 0.101172
f 4/10/4 2/5/2 3/9/3
vt 0.571850 0.101660
vt 0.572338 0.101660
vt 0.571850 0.101172
f 4/10/4 3/8/3 5/15/5
vt 0.571850 0.101660
vt 0.572338 0.101660
vt 0.571850 0.101172
f 3/7/3 14/41/14 15/45/15
vt 0.571850 0.101660
vt 0.572338 0.101660
vt 0.571850 0.101172
f 3/7/3 15/44/15 5/15/5
vt 0.571850 0.101660
vt 0.572338 0.101660
vt 0.571850 0.101172
f 22/64/22 15/44/15 14/42/14
vt 0.571850 0.101660
vt 0.572338 0.101660
vt 0.571850 0.101172
f 13/37/13 22/65/22 14/42/14
vt 0.571850 0.101660
vt 0.572338 0.101660
vt 0.571850 0.101172
f 23/67/23 9/26/9 8/24/8
vt 0.571850 0.101660
vt 0.572338 0.101660
vt 0.571850 0.101172
f 23/67/23 8/23/8 11/33/11
vt 0.571850 0.101660
vt 0.572338 0.101660
vt 0.571850 0.101172
f 10/28/10 11/32/11 8/24/8
vt 0.571850 0.101660
vt 0.572338 0.101660
vt 0.571850 0.101172
f 10/28/10 8/23/8 7/21/7
vt 0.571850 0.101660
vt 0.572338 0.101660
vt 0.571850 0.101172
f 6/16/6 7/20/7 8/24/8
vt 0.571850 0.101660
vt 0.572338 0.101660
vt 0.571850 0.101172
f 24/70/24 18/53/18 19/57/19
vt 0.571850 0.101660
vt 0.572338 0.101660
vt 0.571850 0.101172
f 18/52/18 24/71/24 21/63/21
vt 0.571850 0.101660
vt 0.572338 0.101660
vt 0.571850 0.101172
f 18/52/18 21/62/21 20/60/20
vt 0.571850 0.101660
vt 0.572338 0.101660
vt 0.571850 0.101172
f 18/52/18 20/59/20 17/51/17
vt 0.571850 0.101660
vt 0.572338 0.101660
vt 0.571850 0.101172
f 18/52/18 17/50/17 16/48/16
vt 0.248821 0.364158
vt 0.146488 0.363092
vt 0.146488 0.356119
f 7/19/7 8/23/8 16/48/16
vt 0.248821 0.364158
vt 0.146488 0.356119
vt 0.250713 0.355078
f 7/19/7 16/47/16 15/45/15
vt 0.266086 0.364851
vt 0.248821 0.364158
vt 0.250713 0.355078
f 9/25/9 7/20/7 15/45/15
vt 0.266086 0.364851
vt 0.250713 0.355078
vt 0.257850 0.355855
f 9/25/9 15/44/15 22/66/22
vt 0.439625 0.953699
vt 0.425240 0.978474
vt 0.412051 0.947078
f 10/28/10 9/26/9 17/51/17
vt 0.439625 0.953699
vt 0.412051 0.947078
vt 0.418216 0.927679
f 10/28/10 17/50/17 18/54/18
vt 0.425240 0.978474
vt 0.404867 0.958537
vt 0.412051 0.947078
f 9/25/9 22/65/22 17/51/17
vt 0.412051 0.947078
vt 0.374709 0.893796
vt 0.406326 0.889463
f 17/49/17 19/56/19 6/18/6
vt 0.412051 0.947078
vt 0.406326 0.889463
vt 0.418216 0.927679
f 17/49/17 6/17/6 18/54/18
vt 0.406326 0.889463
vt 0.374709 0.893796
vt 0.380319 0.859354
f 6/16/6 19/56/19 1/3/1
vt 0.380319 0.859354
vt 0.374709 0.893796
vt 0.368652 0.880667
f 1/1/1 19/56/19 2/6/2
vt 0.146360 0.333003
vt 0.250458 0.331402
vt 0.198440 0.335328
f 3/7/3 2/5/2 21/63/21
vt 0.146360 0.333003
vt 0.198440 0.335328
vt 0.146485 0.336579
f 3/7/3 21/62/21 20/60/20
vt 0.198440 0.335328
vt 0.250458 0.331402
vt 0.257000 0.334076
f 21/61/21 2/5/2 19/57/19
vt 0.146488 0.356119
vt 0.146488 0.363092
vt 0.044156 0.364158
f 16/46/16 8/23/8 12/36/12
vt 0.146488 0.356119
vt 0.044156 0.364158
vt 0.042263 0.355078
f 16/46/16 12/35/12 23/69/23
vt 0.042263 0.355078
vt 0.044156 0.364158
vt 0.026891 0.364851
f 23/67/23 12/35/12 13/39/13
vt 0.042263 0.355078
vt 0.026891 0.364851
vt 0.035127 0.355865
f 23/67/23 13/38/13 28/84/28
vt 0.412051 0.947078
vt 0.425240 0.978474
vt 0.439625 0.953699
f 24/70/24 13/38/13 14/42/14
vt 0.412051 0.947078
vt 0.439625 0.953699
vt 0.418216 0.927679
f 24/70/24 14/41/14 25/75/25
vt 0.404867 0.958537
vt 0.425240 0.978474
vt 0.412051 0.947078
f 28/82/28 13/38/13 24/72/24
vt 0.406326 0.889463
vt 0.374709 0.893796
vt 0.412051 0.947078
f 11/31/11 26/77/26 24/72/24
vt 0.406326 0.889463
vt 0.412051 0.947078
vt 0.418216 0.927679
f 11/31/11 24/71/24 25/75/25
vt 0.374709 0.893796
vt 0.406326 0.889463
vt 0.380319 0.859354
f 26/76/26 11/32/11 4/12/4
vt 0.374709 0.893796
vt 0.380319 0.859354
vt 0.368652 0.880667
f 26/76/26 4/11/4 5/15/5
vt 0.146360 0.333003
vt 0.146485 0.336579
vt 0.094529 0.335328
f 3/7/3 20/59/20 27/81/27
vt 0.146360 0.333003
vt 0.094529 0.335328
vt 0.042262 0.331402
f 3/7/3 27/80/27 5/15/5
vt 0.042262 0.331402
vt 0.094529 0.335328
vt 0.035969 0.334076
f 5/13/5 27/80/27 26/78/26
vt 0.559534 0.115563
vt 0.560234 0.118517
vt 0.560120 0.119141
f 19/55/19 17/50/17 22/66/22
vt 0.571845 0.101712
vt 0.572333 0.101712
vt 0.571845 0.101224
f 19/55/19 22/65/22 15/45/15
vt 0.571845 0.101712
vt 0.572333 0.101712
vt 0.571845 0.101224
f 19/55/19 15/44/15 21/63/21
vt 0.571845 0.101712
vt 0.572333 0.101712
vt 0.571845 0.101224
f 21/61/21 15/44/15 16/48/16
vt 0.571845 0.101712
vt 0.572333 0.101712
vt 0.571845 0.101224
f 21/61/21 16/47/16 20/60/20
vt 0.560234 0.118517
vt 0.559534 0.115563
vt 0.560120 0.119141
f 24/70/24 26/77/26 28/84/28
vt 0.571845 0.101712
vt 0.572333 0.101712
vt 0.571845 0.101224
f 23/67/23 28/83/28 26/78/26
vt 0.571845 0.101712
vt 0.572333 0.101712
vt 0.571845 0.101224
f 23/67/23 26/77/26 27/81/27
vt 0.571845 0.101712
vt 0.572333 0.101712
vt 0.571845 0.101224
f 16/46/16 23/68/23 27/81/27
vt 0.571845 0.101712
vt 0.572333 0.101712
vt 0.571845 0.101224
f 16/46/16 27/80/27 20/60/20
vt 0.703579 0.874835
vt 0.730414 0.878069
vt 0.720987 0.967433
f 5/13/5 4/11/4 12/36/12
vt 0.703579 0.874835
vt 0.720987 0.967433
vt 0.704667 0.961404
f 5/13/5 12/35/12 13/39/13
vt 0.663411 0.563683
vt 0.673828 0.479757
vt 0.654417 0.565348
f 12/34/12 3/8/3 14/42/14
vt 0.730414 0.878069
vt 0.768463 0.883799
vt 0.720987 0.967433
f 4/10/4 3/8/3 12/36/12
vt 0.673828 0.479757
vt 0.637261 0.486204
vt 0.635386 0.571499
f 3/7/3 1/2/1 15/45/15
vt 0.673828 0.479757
vt 0.635386 0.571499
vt 0.654417 0.565348
f 3/7/3 15/44/15 14/42/14
vt 0.596684 0.541766
vt 0.635386 0.571499
vt 0.637261 0.486204
f 16/46/16 15/44/15 1/3/1
vt 0.596684 0.541766
vt 0.637261 0.486204
vt 0.601502 0.506759
f 16/46/16 1/2/1 17/51/17
vt 0.601502 0.506759
vt 0.637261 0.486204
vt 0.484374 0.483010
f 17/49/17 1/2/1 2/6/2
vt 0.601502 0.506759
vt 0.484374 0.483010
vt 0.484551 0.506529
f 17/49/17 2/5/2 18/54/18
vt 0.635386 0.571499
vt 0.580292 0.547605
vt 0.563900 0.553566
f 15/43/15 39/116/39 19/57/19
vt 0.484551 0.573567
vt 0.635386 0.571499
vt 0.563900 0.553566
f 20/58/20 15/44/15 19/57/19
vt 0.484551 0.573567
vt 0.563900 0.553566
vt 0.484551 0.555454
f 20/58/20 19/56/19 21/63/21
vt 0.635386 0.571499
vt 0.484551 0.573567
vt 0.484551 0.595703
f 15/43/15 20/59/20 22/66/22
vt 0.635386 0.571499
vt 0.484551 0.595703
vt 0.647841 0.591546
f 15/43/15 22/65/22 23/69/23
vt 0.635386 0.571499
vt 0.647841 0.591546
vt 0.654417 0.565348
f 15/43/15 23/68/23 14/42/14
vt 0.663411 0.563683
vt 0.654417 0.565348
vt 0.647841 0.591546
f 12/34/12 14/41/14 23/69/23
vt 0.720987 0.967433
vt 0.681845 0.994332
vt 0.704667 0.961404
f 12/34/12 24/71/24 13/39/13
vt 0.279570 0.485742
vt 0.270116 0.507102
vt 0.264972 0.489420
f 24/70/24 23/68/23 25/75/25
vt 0.283259 0.503026
vt 0.270116 0.507102
vt 0.279570 0.485742
f 12/34/12 23/68/23 24/72/24
vt 0.704667 0.961404
vt 0.681845 0.994332
vt 0.657157 0.966203
f 13/37/13 24/71/24 27/81/27
vt 0.704667 0.961404
vt 0.657157 0.966203
vt 0.664218 0.933160
f 13/37/13 27/80/27 26/78/26
vt 0.703579 0.874835
vt 0.704667 0.961404
vt 0.664218 0.933160
f 5/13/5 13/38/13 26/78/26
vt 0.703579 0.874835
vt 0.664218 0.933160
vt 0.662414 0.896428
f 5/13/5 26/77/26 28/84/28
vt 0.703579 0.874835
vt 0.662414 0.896428
vt 0.406326 0.889463
f 5/13/5 28/83/28 29/87/29
vt 0.703579 0.874835
vt 0.406326 0.889463
vt 0.380319 0.859354
f 5/13/5 29/86/29 6/18/6
vt 0.657157 0.966203
vt 0.681845 0.994332
vt 0.556980 0.998047
f 27/79/27 24/71/24 31/93/31
vt 0.657157 0.966203
vt 0.556980 0.998047
vt 0.560914 0.968402
f 27/79/27 31/92/31 30/90/30
vt 0.279570 0.485742
vt 0.264972 0.489420
vt 0.259939 0.424436
f 24/70/24 25/74/25 32/96/32
vt 0.279570 0.485742
vt 0.259939 0.424436
vt 0.274722 0.423025
f 24/70/24 32/95/32 31/93/31
vt 0.264972 0.489420
vt 0.270116 0.507102
vt 0.146488 0.510790
f 25/73/25 23/68/23 22/66/22
vt 0.264972 0.489420
vt 0.146488 0.510790
vt 0.146488 0.491587
f 25/73/25 22/65/22 33/99/33
vt 0.259939 0.424436
vt 0.264972 0.489420
vt 0.146488 0.491587
f 32/94/32 25/74/25 33/99/33
vt 0.259939 0.424436
vt 0.146488 0.491587
vt 0.146488 0.424834
f 32/94/32 33/98/33 34/102/34
vt 0.248821 0.364158
vt 0.259939 0.424436
vt 0.146488 0.424834
f 35/103/35 32/95/32 34/102/34
vt 0.248821 0.364158
vt 0.146488 0.424834
vt 0.146488 0.363092
f 35/103/35 34/101/34 36/108/36
vt 0.259939 0.424436
vt 0.248821 0.364158
vt 0.266086 0.364851
f 32/94/32 35/104/35 37/111/37
vt 0.259939 0.424436
vt 0.266086 0.364851
vt 0.274722 0.423025
f 32/94/32 37/110/37 31/93/31
vt 0.556980 0.998047
vt 0.425240 0.978474
vt 0.439625 0.953699
f 31/91/31 37/110/37 38/114/38
vt 0.556980 0.998047
vt 0.439625 0.953699
vt 0.560914 0.968402
f 31/91/31 38/113/38 30/90/30
vt 0.580292 0.547605
vt 0.635386 0.571499
vt 0.596684 0.541766
f 39/115/39 15/44/15 16/48/16
vt 0.720987 0.967433
vt 0.731038 0.877951
vt 0.703579 0.874835
f 40/118/40 9/26/9 10/30/10
vt 0.720987 0.967433
vt 0.703579 0.874835
vt 0.704667 0.961404
f 40/118/40 10/29/10 41/123/41
vt 0.720987 0.967433
vt 0.768463 0.883799
vt 0.731038 0.877951
f 40/118/40 8/23/8 9/27/9
vt 0.314683 0.565348
vt 0.294922 0.479757
vt 0.305689 0.563683
f 42/124/42 8/23/8 40/120/40
vt 0.333715 0.571499
vt 0.331489 0.486204
vt 0.294922 0.479757
f 43/127/43 7/20/7 8/24/8
vt 0.333715 0.571499
vt 0.294922 0.479757
vt 0.314683 0.565348
f 43/127/43 8/23/8 42/126/42
vt 0.331489 0.486204
vt 0.333715 0.571499
vt 0.372417 0.541766
f 7/19/7 43/128/43 44/132/44
vt 0.331489 0.486204
vt 0.372417 0.541766
vt 0.367600 0.506759
f 7/19/7 44/131/44 45/135/45
vt 0.484374 0.483010
vt 0.331489 0.486204
vt 0.367600 0.506759
f 2/4/2 7/20/7 45/135/45
vt 0.484374 0.483010
vt 0.367600 0.506759
vt 0.484551 0.506529
f 2/4/2 45/134/45 18/54/18
vt 0.388809 0.547605
vt 0.333715 0.571499
vt 0.405201 0.553566
f 60/178/60 43/128/43 46/138/46
vt 0.484551 0.573567
vt 0.484551 0.555454
vt 0.405201 0.553566
f 20/58/20 21/62/21 46/138/46
vt 0.484551 0.573567
vt 0.405201 0.553566
vt 0.333715 0.571499
f 20/58/20 46/137/46 43/129/43
vt 0.484551 0.595703
vt 0.484551 0.573567
vt 0.333715 0.571499
f 22/64/22 20/59/20 43/129/43
vt 0.484551 0.595703
vt 0.333715 0.571499
vt 0.321260 0.591546
f 22/64/22 43/128/43 47/141/47
vt 0.321260 0.591546
vt 0.333715 0.571499
vt 0.314683 0.565348
f 47/139/47 43/128/43 42/126/42
vt 0.314683 0.565348
vt 0.305689 0.563683
vt 0.321260 0.591546
f 42/124/42 40/119/40 47/141/47
vt 0.681845 0.994332
vt 0.720987 0.967433
vt 0.704667 0.961404
f 48/142/48 40/119/40 41/123/41
vt 0.022861 0.507102
vt 0.013406 0.485743
vt 0.028004 0.489420
f 47/139/47 48/143/48 49/147/49
vt 0.009718 0.503026
vt 0.013406 0.485743
vt 0.022861 0.507102
f 40/118/40 48/143/48 47/141/47
vt 0.704667 0.961404
vt 0.664218 0.933160
vt 0.657157 0.966203
f 41/121/41 50/149/50 51/153/51
vt 0.704667 0.961404
vt 0.657157 0.966203
vt 0.681845 0.994332
f 41/121/41 51/152/51 48/144/48
vt 0.703579 0.874835
vt 0.662414 0.896428
vt 0.664218 0.933160
f 10/28/10 52/155/52 50/150/50
vt 0.703579 0.874835
vt 0.664218 0.933160
vt 0.704667 0.961404
f 10/28/10 50/149/50 41/123/41
vt 0.703579 0.874835
vt 0.380319 0.859354
vt 0.406326 0.889463
f 10/28/10 11/32/11 53/159/53
vt 0.703579 0.874835
vt 0.406326 0.889463
vt 0.662414 0.896428
f 10/28/10 53/158/53 52/156/52
vt 0.556980 0.998047
vt 0.681845 0.994332
vt 0.657157 0.966203
f 55/163/55 48/143/48 51/153/51
vt 0.556980 0.998047
vt 0.657157 0.966203
vt 0.560914 0.968402
f 55/163/55 51/152/51 54/162/54
vt 0.013406 0.485743
vt 0.018255 0.423025
vt 0.033038 0.424436
f 48/142/48 55/164/55 56/168/56
vt 0.013406 0.485743
vt 0.033038 0.424436
vt 0.028004 0.489420
f 48/142/48 56/167/56 49/147/49
vt 0.146488 0.510790
vt 0.022861 0.507102
vt 0.028004 0.489420
f 22/64/22 47/140/47 49/147/49
vt 0.146488 0.510790
vt 0.028004 0.489420
vt 0.146488 0.491587
f 22/64/22 49/146/49 33/99/33
vt 0.146488 0.491587
vt 0.028004 0.489420
vt 0.033038 0.424436
f 33/97/33 49/146/49 56/168/56
vt 0.146488 0.491587
vt 0.033038 0.424436
vt 0.146488 0.424834
f 33/97/33 56/167/56 34/102/34
vt 0.146488 0.424834
vt 0.033038 0.424436
vt 0.044156 0.364158
f 34/100/34 56/167/56 57/171/57
vt 0.146488 0.424834
vt 0.044156 0.364158
vt 0.146488 0.363092
f 34/100/34 57/170/57 36/108/36
vt 0.033038 0.424436
vt 0.018255 0.423025
vt 0.026891 0.364851
f 56/166/56 55/164/55 58/174/58
vt 0.033038 0.424436
vt 0.026891 0.364851
vt 0.044156 0.364158
f 56/166/56 58/173/58 57/171/57
vt 0.556980 0.998047
vt 0.560914 0.968402
vt 0.439625 0.953699
f 55/163/55 54/161/54 59/177/59
vt 0.556980 0.998047
vt 0.439625 0.953699
vt 0.425240 0.978474
f 55/163/55 59/176/59 58/174/58
vt 0.333715 0.571499
vt 0.388809 0.547605
vt 0.372417 0.541766
f 43/127/43 60/179/60 44/132/44
vt 0.567909 0.050806
vt 0.567909 0.050806
vt 0.568337 0.051234
f 62/184/62 61/182/61 63/189/63
vt 0.567909 0.050806
vt 0.568337 0.051234
vt 0.567909 0.050806
f 62/184/62 63/188/63 64/192/64
vt 0.567909 0.050806
vt 0.568397 0.050806
vt 0.567909 0.050318
f 66/196/66 65/194/65 67/201/67
vt 0.567909 0.050806
vt 0.568397 0.050806
vt 0.567909 0.050318
f 66/196/66 67/200/67 68/204/68
vt 0.640566 0.329463
vt 0.693999 0.341578
vt 0.649766 0.348169
f 24/70/24 23/68/23 25/75/25
vt 0.683804 0.324737
vt 0.693999 0.341578
vt 0.640566 0.329463
f 12/34/12 23/68/23 24/72/24
vt 0.640566 0.329463
vt 0.649766 0.348169
vt 0.506158 0.354620
f 24/70/24 25/74/25 32/96/32
vt 0.640566 0.329463
vt 0.506158 0.354620
vt 0.502629 0.335677
f 24/70/24 32/95/32 31/93/31
vt 0.649766 0.348169
vt 0.693999 0.341578
vt 0.703225 0.500000
f 25/73/25 23/68/23 22/66/22
vt 0.649766 0.348169
vt 0.703225 0.500000
vt 0.655188 0.500000
f 25/73/25 22/65/22 33/99/33
vt 0.506158 0.354620
vt 0.649766 0.348169
vt 0.655188 0.500000
f 32/94/32 25/74/25 33/99/33
vt 0.506158 0.354620
vt 0.655188 0.500000
vt 0.507153 0.500000
f 32/94/32 33/98/33 34/102/34
vt 0.355364 0.368867
vt 0.506158 0.354620
vt 0.507153 0.500000
f 35/103/35 32/95/32 34/102/34
vt 0.355364 0.368867
vt 0.507153 0.500000
vt 0.352698 0.500000
f 35/103/35 34/101/34 36/108/36
vt 0.506158 0.354620
vt 0.355364 0.368867
vt 0.357098 0.346743
f 32/94/32 35/104/35 37/111/37
vt 0.506158 0.354620
vt 0.357098 0.346743
vt 0.502629 0.335677
f 32/94/32 37/110/37 31/93/31
vt 0.693999 0.658422
vt 0.640566 0.670537
vt 0.649766 0.651831
f 47/139/47 48/143/48 49/147/49
vt 0.683804 0.675263
vt 0.640566 0.670537
vt 0.693999 0.658422
f 40/118/40 48/143/48 47/141/47
vt 0.640566 0.670537
vt 0.502629 0.664324
vt 0.506158 0.645381
f 48/142/48 55/164/55 56/168/56
vt 0.640566 0.670537
vt 0.506158 0.645381
vt 0.649766 0.651831
f 48/142/48 56/167/56 49/147/49
vt 0.703225 0.500000
vt 0.693999 0.658422
vt 0.649766 0.651831
f 22/64/22 47/140/47 49/147/49
vt 0.703225 0.500000
vt 0.649766 0.651831
vt 0.655188 0.500000
f 22/64/22 49/146/49 33/99/33
vt 0.655188 0.500000
vt 0.649766 0.651831
vt 0.506158 0.645381
f 33/97/33 49/146/49 56/168/56
vt 0.655188 0.500000
vt 0.506158 0.645381
vt 0.507153 0.500000
f 33/97/33 56/167/56 34/102/34
vt 0.507153 0.500000
vt 0.506158 0.645381
vt 0.355364 0.631133
f 34/100/34 56/167/56 57/171/57
vt 0.507153 0.500000
vt 0.355364 0.631133
vt 0.352698 0.500000
f 34/100/34 57/170/57 36/108/36
vt 0.506158 0.645381
vt 0.502629 0.664324
vt 0.357099 0.653258
f 56/166/56 55/164/55 58/174/58
vt 0.506158 0.645381
vt 0.357099 0.653258
vt 0.355364 0.631133
f 56/166/56 58/173/58 57/171/57
vt -0.170429 0.111684
vt -0.122801 -0.072580
vt -0.096890 0.079959
f 24/70/24 23/68/23 25/75/25
vt -0.189011 -0.037423
vt -0.122801 -0.072580
vt -0.170429 0.111684
f 12/34/12 23/68/23 24/72/24
vt -0.170429 0.111684
vt -0.096890 0.079959
vt -0.071533 0.575191
f 24/70/24 25/74/25 32/96/32
vt -0.170429 0.111684
vt -0.071533 0.575191
vt -0.146003 0.587361
f 24/70/24 32/95/32 31/93/31
vt -0.096890 0.079959
vt -0.122801 -0.072580
vt 0.500000 -0.104396
f 25/73/25 23/68/23 22/66/22
vt -0.096890 0.079959
vt 0.500000 -0.104396
vt 0.500000 0.061259
f 25/73/25 22/65/22 33/99/33
vt -0.071533 0.575191
vt -0.096890 0.079959
vt 0.500000 0.061259
f 32/94/32 25/74/25 33/99/33
vt -0.071533 0.575191
vt 0.500000 0.061259
vt 0.500000 0.571758
f 32/94/32 33/98/33 34/102/34
vt -0.015521 1.095204
vt -0.071533 0.575191
vt 0.500000 0.571758
f 35/103/35 32/95/32 34/102/34
vt -0.015521 1.095204
vt 0.500000 0.571758
vt 0.500000 1.104396
f 35/103/35 34/101/34 36/108/36
vt -0.071533 0.575191
vt -0.015521 1.095204
vt -0.102499 1.089221
f 32/94/32 35/104/35 37/111/37
vt -0.071533 0.575191
vt -0.102499 1.089221
vt -0.146003 0.587361
f 32/94/32 37/110/37 31/93/31
vt 1.122802 -0.072580
vt 1.170429 0.111683
vt 1.096890 0.079958
f 47/139/47 48/143/48 49/147/49
vt 1.189011 -0.037424
vt 1.170429 0.111683
vt 1.122802 -0.072580
f 40/118/40 48/143/48 47/141/47
vt 1.170429 0.111683
vt 1.146004 0.587361
vt 1.071533 0.575190
f 48/142/48 55/164/55 56/168/56
vt 1.170429 0.111683
vt 1.071533 0.575190
vt 1.096890 0.079958
f 48/142/48 56/167/56 49/147/49
vt 0.500000 -0.104396
vt 1.122802 -0.072580
vt 1.096890 0.079958
f 22/64/22 47/140/47 49/147/49
vt 0.500000 -0.104396
vt 1.096890 0.079958
vt 0.500000 0.061259
f 22/64/22 49/146/49 33/99/33
vt 0.500000 0.061259
vt 1.096890 0.079958
vt 1.071533 0.575190
f 33/97/33 49/146/49 56/168/56
vt 0.500000 0.061259
vt 1.071533 0.575190
vt 0.500000 0.571758
f 33/97/33 56/167/56 34/102/34
vt 0.500000 0.571758
vt 1.071533 0.575190
vt 1.015522 1.095204
f 34/100/34 56/167/56 57/171/57
vt 0.500000 0.571758
vt 1.015522 1.095204
vt 0.500000 1.104396
f 34/100/34 57/170/57 36/108/36
vt 1.071533 0.575190
vt 1.146004 0.587361
vt 1.102500 1.089221
f 56/166/56 55/164/55 58/174/58
vt 1.071533 0.575190
vt 1.102500 1.089221
vt 1.015522 1.095204
f 56/166/56 58/173/58 57/171/57
vt 0.395716 1.071083
vt 0.606840 1.071083
vt 0.606840 1.071083
f 62/184/62 61/182/61 63/189/63
vt 0.395716 1.071083
vt 0.606840 1.071083
vt 0.395716 1.071083
f 62/184/62 63/188/63 64/192/64
vt 0.492987 1.071082
vt 0.509138 1.071083
vt 0.509138 1.097438
f 66/196/66 65/194/65 67/201/67
vt 0.492987 1.071082
vt 0.509138 1.097438
vt 0.492987 1.097438
f 66/196/66 67/200/67 68/204/68
vt 0.568336 0.049278
vt 0.568824 0.049278
vt 0.568336 0.048790
f 1/1/1 3/8/3 4/12/4
vt 0.568336 0.049278
vt 0.568824 0.049278
vt 0.568336 0.048790
f 1/1/1 4/11/4 2/6/2
vt 0.568336 0.049278
vt 0.568824 0.049278
vt 0.568336 0.048790
f 5/13/5 6/17/6 8/24/8
vt 0.568336 0.049278
vt 0.568824 0.049278
vt 0.568336 0.048790
f 5/13/5 8/23/8 7/21/7
vt 0.568336 0.049278
vt 0.568824 0.049278
vt 0.568336 0.048790
f 1/1/1 2/5/2 6/18/6
vt 0.568336 0.049278
vt 0.568824 0.049278
vt 0.568336 0.048790
f 1/1/1 6/17/6 5/15/5
vt 0.568336 0.049278
vt 0.568824 0.049278
vt 0.568336 0.048790
f 2/4/2 4/11/4 8/24/8
vt 0.568336 0.049278
vt 0.568824 0.049278
vt 0.568336 0.048790
f 2/4/2 8/23/8 6/18/6
vt 0.568336 0.049278
vt 0.568824 0.049278
vt 0.568336 0.048790
f 4/10/4 3/8/3 7/21/7
vt 0.568336 0.049278
vt 0.568824 0.049278
vt 0.568336 0.048790
f 4/10/4 7/20/7 8/24/8
vt 0.568336 0.049278
vt 0.568824 0.049278
vt 0.568336 0.048790
f 3/7/3 1/2/1 5/15/5
vt 0.568336 0.049278
vt 0.568824 0.049278
vt 0.568336 0.048790
f 3/7/3 5/14/5 7/21/7
vt 0.568337 0.048962
vt 0.568337 0.048962
vt 0.567949 0.049279
f 1/1/1 3/8/3 4/12/4
vt 0.568337 0.048962
vt 0.567949 0.049279
vt 0.568337 0.048962
f 1/1/1 4/11/4 2/6/2
vt 0.568337 0.048962
vt 0.568825 0.048962
vt 0.568337 0.048474
f 5/13/5 6/17/6 8/24/8
vt 0.568337 0.048962
vt 0.568337 0.048962
vt 0.567949 0.049279
f 5/13/5 8/23/8 7/21/7
vt 0.568337 0.048962
vt 0.568825 0.048962
vt 0.568337 0.048474
f 1/1/1 2/5/2 6/18/6
vt 0.568337 0.048962
vt 0.568337 0.048962
vt 0.567949 0.049279
f 1/1/1 6/17/6 5/15/5
vt 0.568337 0.048962
vt 0.568825 0.048962
vt 0.568337 0.048474
f 2/4/2 4/11/4 8/24/8
vt 0.568337 0.048962
vt 0.568337 0.048962
vt 0.567949 0.049279
f 2/4/2 8/23/8 6/18/6
vt 0.568337 0.048962
vt 0.568825 0.048962
vt 0.568337 0.048474
f 4/10/4 3/8/3 7/21/7
vt 0.568337 0.048962
vt 0.568337 0.048962
vt 0.567949 0.049279
f 4/10/4 7/20/7 8/24/8
vt 0.568337 0.048962
vt 0.568825 0.048962
vt 0.568337 0.048474
f 3/7/3 1/2/1 5/15/5
vt 0.568337 0.048962
vt 0.568337 0.048962
vt 0.567949 0.049279
f 3/7/3 5/14/5 7/21/7
vt 0.568337 0.049279
vt 0.568337 0.049279
vt 0.567949 0.048962
f 3/7/3 1/2/1 2/6/2
vt 0.568337 0.049279
vt 0.567949 0.048962
vt 0.568337 0.049279
f 3/7/3 2/5/2 4/12/4
vt 0.568337 0.049279
vt 0.567949 0.048962
vt 0.568337 0.049279
f 6/16/6 5/14/5 7/21/7
vt 0.568337 0.049279
vt 0.568825 0.049279
vt 0.568337 0.048791
f 6/16/6 7/20/7 8/24/8
vt 0.568337 0.049279
vt 0.567949 0.048962
vt 0.568337 0.049279
f 2/4/2 1/2/1 5/15/5
vt 0.568337 0.049279
vt 0.568825 0.049279
vt 0.568337 0.048791
f 2/4/2 5/14/5 6/18/6
vt 0.568337 0.049279
vt 0.567949 0.048962
vt 0.568337 0.049279
f 4/10/4 2/5/2 6/18/6
vt 0.568337 0.049279
vt 0.568825 0.049279
vt 0.568337 0.048791
f 4/10/4 6/17/6 8/24/8
vt 0.568337 0.049279
vt 0.567949 0.048962
vt 0.568337 0.049279
f 3/7/3 4/11/4 8/24/8
vt 0.568337 0.049279
vt 0.568825 0.049279
vt 0.568337 0.048791
f 3/7/3 8/23/8 7/21/7
vt 0.568337 0.049279
vt 0.567949 0.048962
vt 0.568337 0.049279
f 1/1/1 3/8/3 7/21/7
vt 0.568337 0.049279
vt 0.568825 0.049279
vt 0.568337 0.048791
f 1/1/1 7/20/7 5/15/5
vt 0.568337 0.048962
vt 0.568337 0.048962
vt 0.567949 0.049279
f 1/1/1 3/8/3 4/12/4
vt 0.568337 0.048962
vt 0.567949 0.049279
vt 0.568337 0.048962
f 1/1/1 4/11/4 2/6/2
vt 0.568337 0.048962
vt 0.568825 0.048962
vt 0.568337 0.048474
f 5/13/5 6/17/6 8/24/8
vt 0.568337 0.048962
vt 0.568337 0.048962
vt 0.567949 0.049279
f 5/13/5 8/23/8 7/21/7
vt 0.568337 0.048962
vt 0.568825 0.048962
vt 0.568337 0.048474
f 1/1/1 2/5/2 6/18/6
vt 0.568337 0.048962
vt 0.568337 0.048962
vt 0.567949 0.049279
f 1/1/1 6/17/6 5/15/5
vt 0.568337 0.048962
vt 0.568825 0.048962
vt 0.568337 0.048474
f 2/4/2 4/11/4 8/24/8
vt 0.568337 0.048962
vt 0.568337 0.048962
vt 0.567949 0.049279
f 2/4/2 8/23/8 6/18/6
vt 0.568337 0.048962
vt 0.568825 0.048962
vt 0.568337 0.048474
f 4/10/4 3/8/3 7/21/7
vt 0.568337 0.048962
vt 0.568337 0.048962
vt 0.567949 0.049279
f 4/10/4 7/20/7 8/24/8
vt 0.568337 0.048962
vt 0.568825 0.048962
vt 0.568337 0.048474
f 3/7/3 1/2/1 5/15/5
vt 0.568337 0.048962
vt 0.568337 0.048962
vt 0.567949 0.049279
f 3/7/3 5/14/5 7/21/7
vt 0.568337 0.049279
vt 0.568337 0.049279
vt 0.567949 0.048962
f 3/7/3 1/2/1 2/6/2
vt 0.568337 0.049279
vt 0.567949 0.048962
vt 0.568337 0.049279
f 3/7/3 2/5/2 4/12/4
vt 0.568337 0.049279
vt 0.567949 0.048962
vt 0.568337 0.049279
f 6/16/6 5/14/5 7/21/7
vt 0.568337 0.049279
vt 0.568825 0.049279
vt 0.568337 0.048791
f 6/16/6 7/20/7 8/24/8
vt 0.568337 0.049279
vt 0.567949 0.048962
vt 0.568337 0.049279
f 2/4/2 1/2/1 5/15/5
vt 0.568337 0.049279
vt 0.568825 0.049279
vt 0.568337 0.048791
f 2/4/2 5/14/5 6/18/6
vt 0.568337 0.049279
vt 0.567949 0.048962
vt 0.568337 0.049279
f 4/10/4 2/5/2 6/18/6
vt 0.568337 0.049279
vt 0.568825 0.049279
vt 0.568337 0.048791
f 4/10/4 6/17/6 8/24/8
vt 0.568337 0.049279
vt 0.567949 0.048962
vt 0.568337 0.049279
f 3/7/3 4/11/4 8/24/8
vt 0.568337 0.049279
vt 0.568825 0.049279
vt 0.568337 0.048791
f 3/7/3 8/23/8 7/21/7
vt 0.568337 0.049279
vt 0.567949 0.048962
vt 0.568337 0.049279
f 1/1/1 3/8/3 7/21/7
vt 0.568337 0.049279
vt 0.568825 0.049279
vt 0.568337 0.048791
f 1/1/1 7/20/7 5/15/5
vt 0.567949 0.048962
vt 0.568437 0.048962
vt 0.567949 0.048474
f 1/1/1 3/8/3 4/12/4
vt 0.567949 0.048962
vt 0.568437 0.048962
vt 0.567949 0.048474
f 1/1/1 4/11/4 2/6/2
vt 0.567949 0.048962
vt 0.568437 0.048962
vt 0.567949 0.048474
f 5/13/5 6/17/6 8/24/8
vt 0.567949 0.048962
vt 0.568437 0.048962
vt 0.567949 0.048474
f 5/13/5 8/23/8 7/21/7
vt 0.567949 0.048962
vt 0.568437 0.048962
vt 0.567949 0.048474
f 1/1/1 2/5/2 6/18/6
vt 0.567949 0.048962
vt 0.568437 0.048962
vt 0.567949 0.048474
f 1/1/1 6/17/6 5/15/5
vt 0.567949 0.048962
vt 0.568437 0.048962
vt 0.567949 0.048474
f 2/4/2 4/11/4 8/24/8
vt 0.567949 0.048962
vt 0.568437 0.048962
vt 0.567949 0.048474
f 2/4/2 8/23/8 6/18/6
vt 0.567949 0.048962
vt 0.568437 0.048962
vt 0.567949 0.048474
f 4/10/4 3/8/3 7/21/7
vt 0.567949 0.048962
vt 0.568437 0.048962
vt 0.567949 0.048474
f 4/10/4 7/20/7 8/24/8
vt 0.567949 0.048962
vt 0.568437 0.048962
vt 0.567949 0.048474
f 3/7/3 1/2/1 5/15/5
vt 0.567949 0.048962
vt 0.568437 0.048962
vt 0.567949 0.048474
f 3/7/3 5/14/5 7/21/7
vt 0.567949 0.048962
vt 0.568437 0.048962
vt 0.567949 0.048474
f 1/1/1 3/8/3 4/12/4
vt 0.567949 0.048962
vt 0.568437 0.048962
vt 0.567949 0.048474
f 1/1/1 4/11/4 2/6/2
vt 0.567949 0.048962
vt 0.568437 0.048962
vt 0.567949 0.048474
f 5/13/5 6/17/6 8/24/8
vt 0.567949 0.048962
vt 0.568437 0.048962
vt 0.567949 0.048474
f 5/13/5 8/23/8 7/21/7
vt 0.567949 0.048962
vt 0.568437 0.048962
vt 0.567949 0.048474
f 1/1/1 2/5/2 6/18/6
vt 0.567949 0.048962
vt 0.568437 0.048962
vt 0.567949 0.048474
f 1/1/1 6/17/6 5/15/5
vt 0.567949 0.048962
vt 0.568437 0.048962
vt 0.567949 0.048474
f 2/4/2 4/11/4 8/24/8
vt 0.567949 0.048962
vt 0.568437 0.048962
vt 0.567949 0.048474
f 2/4/2 8/23/8 6/18/6
vt 0.567949 0.048962
vt 0.568437 0.048962
vt 0.567949 0.048474
f 4/10/4 3/8/3 7/21/7
vt 0.567949 0.048962
vt 0.568437 0.048962
vt 0.567949 0.048474
f 4/10/4 7/20/7 8/24/8
vt 0.567949 0.048962
vt 0.568437 0.048962
vt 0.567949 0.048474
f 3/7/3 1/2/1 5/15/5
vt 0.567949 0.048962
vt 0.568437 0.048962
vt 0.567949 0.048474
f 3/7/3 5/14/5 7/21/7
vt 0.568337 0.048962
vt 0.568337 0.048962
vt 0.567949 0.049279
f 1/1/1 3/8/3 4/12/4
vt 0.568337 0.048962
vt 0.567949 0.049279
vt 0.568337 0.048962
f 1/1/1 4/11/4 2/6/2
vt 0.568337 0.048962
vt 0.568825 0.048962
vt 0.568337 0.048474
f 5/13/5 6/17/6 8/24/8
vt 0.568337 0.048962
vt 0.568337 0.048962
vt 0.567949 0.049279
f 5/13/5 8/23/8 7/21/7
vt 0.568337 0.048962
vt 0.568825 0.048962
vt 0.568337 0.048474
f 1/1/1 2/5/2 6/18/6
vt 0.568337 0.048962
vt 0.568337 0.048962
vt 0.567949 0.049279
f 1/1/1 6/17/6 5/15/5
vt 0.568337 0.048962
vt 0.568825 0.048962
vt 0.568337 0.048474
f 2/4/2 4/11/4 8/24/8
vt 0.568337 0.048962
vt 0.568337 0.048962
vt 0.567949 0.049279
f 2/4/2 8/23/8 6/18/6
vt 0.568337 0.048962
vt 0.568825 0.048962
vt 0.568337 0.048474
f 4/10/4 3/8/3 7/21/7
vt 0.568337 0.048962
vt 0.568337 0.048962
vt 0.567949 0.049279
f 4/10/4 7/20/7 8/24/8
vt 0.568337 0.048962
vt 0.568825 0.048962
vt 0.568337 0.048474
f 3/7/3 1/2/1 5/15/5
vt 0.568337 0.048962
vt 0.568337 0.048962
vt 0.567949 0.049279
f 3/7/3 5/14/5 7/21/7
vt 0.568337 0.048962
vt 0.568337 0.048962
vt 0.567949 0.049279
f 1/1/1 3/8/3 4/12/4
vt 0.568337 0.048962
vt 0.567949 0.049279
vt 0.568337 0.048962
f 1/1/1 4/11/4 2/6/2
vt 0.568337 0.048962
vt 0.568825 0.048962
vt 0.568337 0.048474
f 5/13/5 6/17/6 8/24/8
vt 0.568337 0.048962
vt 0.568337 0.048962
vt 0.567949 0.049279
f 5/13/5 8/23/8 7/21/7
vt 0.568337 0.048962
vt 0.568825 0.048962
vt 0.568337 0.048474
f 1/1/1 2/5/2 6/18/6
vt 0.568337 0.048962
vt 0.568337 0.048962
vt 0.567949 0.049279
f 1/1/1 6/17/6 5/15/5
vt 0.568337 0.048962
vt 0.568825 0.048962
vt 0.568337 0.048474
f 2/4/2 4/11/4 8/24/8
vt 0.568337 0.048962
vt 0.568337 0.048962
vt 0.567949 0.049279
f 2/4/2 8/23/8 6/18/6
vt 0.568337 0.048962
vt 0.568825 0.048962
vt 0.568337 0.048474
f 4/10/4 3/8/3 7/21/7
vt 0.568337 0.048962
vt 0.568337 0.048962
vt 0.567949 0.049279
f 4/10/4 7/20/7 8/24/8
vt 0.568337 0.048962
vt 0.568825 0.048962
vt 0.568337 0.048474
f 3/7/3 1/2/1 5/15/5
vt 0.568337 0.048962
vt 0.568337 0.048962
vt 0.567949 0.049279
f 3/7/3 5/14/5 7/21/7
vt 0.568337 0.048962
vt 0.568337 0.048962
vt 0.567949 0.049279
f 1/1/1 3/8/3 4/12/4
vt 0.568337 0.048962
vt 0.567949 0.049279
vt 0.568337 0.048962
f 1/1/1 4/11/4 2/6/2
vt 0.568337 0.048962
vt 0.568825 0.048962
vt 0.568337 0.048474
f 5/13/5 6/17/6 8/24/8
vt 0.568337 0.048962
vt 0.568337 0.048962
vt 0.567949 0.049279
f 5/13/5 8/23/8 7/21/7
vt 0.568337 0.048962
vt 0.568825 0.048962
vt 0.568337 0.048474
f 1/1/1 2/5/2 6/18/6
vt 0.568337 0.048962
vt 0.568337 0.048962
vt 0.567949 0.049279
f 1/1/1 6/17/6 5/15/5
vt 0.568337 0.048962
vt 0.568825 0.048962
vt 0.568337 0.048474
f 2/4/2 4/11/4 8/24/8
vt 0.568337 0.048962
vt 0.568337 0.048962
vt 0.567949 0.049279
f 2/4/2 8/23/8 6/18/6
vt 0.568337 0.048962
vt 0.568825 0.048962
vt 0.568337 0.048474
f 4/10/4 3/8/3 7/21/7
vt 0.568337 0.048962
vt 0.568337 0.048962
vt 0.567949 0.049279
f 4/10/4 7/20/7 8/24/8
vt 0.568337 0.048962
vt 0.568825 0.048962
vt 0.568337 0.048474
f 3/7/3 1/2/1 5/15/5
vt 0.568337 0.048962
vt 0.568337 0.048962
vt 0.567949 0.049279
f 3/7/3 5/14/5 7/21/7
vt 0.568337 0.048962
vt 0.568337 0.048962
vt 0.567949 0.049279
f 1/1/1 3/8/3 4/12/4
vt 0.568337 0.048962
vt 0.567949 0.049279
vt 0.568337 0.048962
f 1/1/1 4/11/4 2/6/2
vt 0.568337 0.048962
vt 0.568825 0.048962
vt 0.568337 0.048474
f 5/13/5 6/17/6 8/24/8
vt 0.568337 0.048962
vt 0.568337 0.048962
vt 0.567949 0.049279
f 5/13/5 8/23/8 7/21/7
vt 0.568337 0.048962
vt 0.568825 0.048962
vt 0.568337 0.048474
f 1/1/1 2/5/2 6/18/6
vt 0.568337 0.048962
vt 0.568337 0.048962
vt 0.567949 0.049279
f 1/1/1 6/17/6 5/15/5
vt 0.568337 0.048962
vt 0.568825 0.048962
vt 0.568337 0.048474
f 2/4/2 4/11/4 8/24/8
vt 0.568337 0.048962
vt 0.568337 0.048962
vt 0.567949 0.049279
f 2/4/2 8/23/8 6/18/6
vt 0.568337 0.048962
vt 0.568825 0.048962
vt 0.568337 0.048474
f 4/10/4 3/8/3 7/21/7
vt 0.568337 0.048962
vt 0.568337 0.048962
vt 0.567949 0.049279
f 4/10/4 7/20/7 8/24/8
vt 0.568337 0.048962
vt 0.568825 0.048962
vt 0.568337 0.048474
f 3/7/3 1/2/1 5/15/5
vt 0.568337 0.048962
vt 0.568337 0.048962
vt 0.567949 0.049279
f 3/7/3 5/14/5 7/21/7
vt 0.568337 0.048962
vt 0.568337 0.048962
vt 0.567949 0.049279
f 1/1/1 3/8/3 4/12/4
vt 0.568337 0.048962
vt 0.567949 0.049279
vt 0.568337 0.048962
f 1/1/1 4/11/4 2/6/2
vt 0.568337 0.048962
vt 0.568825 0.048962
vt 0.568337 0.048474
f 5/13/5 6/17/6 8/24/8
vt 0.568337 0.048962
vt 0.568337 0.048962
vt 0.567949 0.049279
f 5/13/5 8/23/8 7/21/7
vt 0.568337 0.048962
vt 0.568825 0.048962
vt 0.568337 0.048474
f 1/1/1 2/5/2 6/18/6
vt 0.568337 0.048962
vt 0.568337 0.048962
vt 0.567949 0.049279
f 1/1/1 6/17/6 5/15/5
vt 0.568337 0.048962
vt 0.568825 0.048962
vt 0.568337 0.048474
f 2/4/2 4/11/4 8/24/8
vt 0.568337 0.048962
vt 0.568337 0.048962
vt 0.567949 0.049279
f 2/4/2 8/23/8 6/18/6
vt 0.568337 0.048962
vt 0.568825 0.048962
vt 0.568337 0.048474
f 4/10/4 3/8/3 7/21/7
vt 0.568337 0.048962
vt 0.568337 0.048962
vt 0.567949 0.049279
f 4/10/4 7/20/7 8/24/8
vt 0.568337 0.048962
vt 0.568825 0.048962
vt 0.568337 0.048474
f 3/7/3 1/2/1 5/15/5
vt 0.568337 0.048962
vt 0.568337 0.048962
vt 0.567949 0.049279
f 3/7/3 5/14/5 7/21/7
vt 0.567949 0.048962
vt 0.567949 0.048962
vt 0.568337 0.049279
f 1/1/1 3/8/3 4/12/4
vt 0.567949 0.048962
vt 0.568337 0.049279
vt 0.567949 0.048962
f 1/1/1 4/11/4 2/6/2
vt 0.567949 0.048962
vt 0.567949 0.048962
vt 0.568337 0.049279
f 5/13/5 6/17/6 8/24/8
vt 0.567949 0.048962
vt 0.568337 0.049279
vt 0.567949 0.048962
f 5/13/5 8/23/8 7/21/7
vt 0.567949 0.048962
vt 0.567949 0.048962
vt 0.568337 0.049279
f 2/4/2 4/11/4 8/24/8
vt 0.567949 0.048962
vt 0.568337 0.049279
vt 0.567949 0.048962
f 2/4/2 8/23/8 6/18/6
vt 0.567949 0.048962
vt 0.567949 0.048962
vt 0.568337 0.049279
f 4/10/4 3/8/3 7/21/7
vt 0.567949 0.048962
vt 0.568337 0.049279
vt 0.567949 0.048962
f 4/10/4 7/20/7 8/24/8
vt 0.567949 0.048962
vt 0.567949 0.048962
vt 0.568337 0.049279
f 3/7/3 1/2/1 5/15/5
vt 0.567949 0.048962
vt 0.568337 0.049279
vt 0.567949 0.048962
f 3/7/3 5/14/5 7/21/7
vt 0.568337 0.048962
vt 0.568337 0.048962
vt 0.567949 0.049279
f 1/1/1 3/8/3 4/12/4
vt 0.568337 0.048962
vt 0.567949 0.049279
vt 0.568337 0.048962
f 1/1/1 4/11/4 2/6/2
vt 0.568337 0.048962
vt 0.568825 0.048962
vt 0.568337 0.048474
f 5/13/5 6/17/6 8/24/8
vt 0.568337 0.048962
vt 0.568337 0.048962
vt 0.567949 0.049279
f 5/13/5 8/23/8 7/21/7
vt 0.568337 0.048962
vt 0.568825 0.048962
vt 0.568337 0.048474
f 1/1/1 2/5/2 6/18/6
vt 0.568337 0.048962
vt 0.568337 0.048962
vt 0.567949 0.049279
f 1/1/1 6/17/6 5/15/5
vt 0.568337 0.048962
vt 0.568825 0.048962
vt 0.568337 0.048474
f 2/4/2 4/11/4 8/24/8
vt 0.568337 0.048962
vt 0.568337 0.048962
vt 0.567949 0.049279
f 2/4/2 8/23/8 6/18/6
vt 0.568337 0.048962
vt 0.568825 0.048962
vt 0.568337 0.048474
f 4/10/4 3/8/3 7/21/7
vt 0.568337 0.048962
vt 0.568337 0.048962
vt 0.567949 0.049279
f 4/10/4 7/20/7 8/24/8
vt 0.568337 0.048962
vt 0.568825 0.048962
vt 0.568337 0.048474
f 3/7/3 1/2/1 5/15/5
vt 0.568337 0.048962
vt 0.568337 0.048962
vt 0.567949 0.049279
f 3/7/3 5/14/5 7/21/7
vt 0.568337 0.048962
vt 0.568337 0.048962
vt 0.567949 0.049279
f 1/1/1 3/8/3 4/12/4
vt 0.568337 0.048962
vt 0.567949 0.049279
vt 0.568337 0.048962
f 1/1/1 4/11/4 2/6/2
vt 0.568337 0.048962
vt 0.568825 0.048962
vt 0.568337 0.048474
f 5/13/5 6/17/6 8/24/8
vt 0.568337 0.048962
vt 0.568337 0.048962
vt 0.567949 0.049279
f 5/13/5 8/23/8 7/21/7
vt 0.568337 0.048962
vt 0.568825 0.048962
vt 0.568337 0.048474
f 1/1/1 2/5/2 6/18/6
vt 0.568337 0.048962
vt 0.568337 0.048962
vt 0.567949 0.049279
f 1/1/1 6/17/6 5/15/5
vt 0.568337 0.048962
vt 0.568825 0.048962
vt 0.568337 0.048474
f 2/4/2 4/11/4 8/24/8
vt 0.568337 0.048962
vt 0.568337 0.048962
vt 0.567949 0.049279
f 2/4/2 8/23/8 6/18/6
vt 0.568337 0.048962
vt 0.568825 0.048962
vt 0.568337 0.048474
f 4/10/4 3/8/3 7/21/7
vt 0.568337 0.048962
vt 0.568337 0.048962
vt 0.567949 0.049279
f 4/10/4 7/20/7 8/24/8
vt 0.568337 0.048962
vt 0.568825 0.048962
vt 0.568337 0.048474
f 3/7/3 1/2/1 5/15/5
vt 0.568337 0.048962
vt 0.568337 0.048962
vt 0.567949 0.049279
f 3/7/3 5/14/5 7/21/7
vt 0.568337 0.048962
vt 0.568337 0.048962
vt 0.567949 0.049279
f 1/1/1 3/8/3 4/12/4
vt 0.568337 0.048962
vt 0.567949 0.049279
vt 0.568337 0.048962
f 1/1/1 4/11/4 2/6/2
vt 0.568337 0.048962
vt 0.568825 0.048962
vt 0.568337 0.048474
f 5/13/5 6/17/6 8/24/8
vt 0.568337 0.048962
vt 0.568337 0.048962
vt 0.567949 0.049279
f 5/13/5 8/23/8 7/21/7
vt 0.568337 0.048962
vt 0.568825 0.048962
vt 0.568337 0.048474
f 1/1/1 2/5/2 6/18/6
vt 0.568337 0.048962
vt 0.568337 0.048962
vt 0.567949 0.049279
f 1/1/1 6/17/6 5/15/5
vt 0.568337 0.048962
vt 0.568825 0.048962
vt 0.568337 0.048474
f 2/4/2 4/11/4 8/24/8
vt 0.568337 0.048962
vt 0.568337 0.048962
vt 0.567949 0.049279
f 2/4/2 8/23/8 6/18/6
vt 0.568337 0.048962
vt 0.568825 0.048962
vt 0.568337 0.048474
f 4/10/4 3/8/3 7/21/7
vt 0.568337 0.048962
vt 0.568337 0.048962
vt 0.567949 0.049279
f 4/10/4 7/20/7 8/24/8
vt 0.568337 0.048962
vt 0.568825 0.048962
vt 0.568337 0.048474
f 3/7/3 1/2/1 5/15/5
vt 0.568337 0.048962
vt 0.568337 0.048962
vt 0.567949 0.049279
f 3/7/3 5/14/5 7/21/7
vt 0.567949 0.048962
vt 0.567949 0.048962
vt 0.568337 0.049279
f 1/1/1 3/8/3 4/12/4
vt 0.567949 0.048962
vt 0.568337 0.049279
vt 0.567949 0.048962
f 1/1/1 4/11/4 2/6/2
vt 0.567949 0.048962
vt 0.567949 0.048962
vt 0.568337 0.049279
f 5/13/5 6/17/6 8/24/8
vt 0.567949 0.048962
vt 0.568337 0.049279
vt 0.567949 0.048962
f 5/13/5 8/23/8 7/21/7
vt 0.567949 0.048962
vt 0.567949 0.048962
vt 0.568337 0.049279
f 2/4/2 4/11/4 8/24/8
vt 0.567949 0.048962
vt 0.568337 0.049279
vt 0.567949 0.048962
f 2/4/2 8/23/8 6/18/6
vt 0.567949 0.048962
vt 0.567949 0.048962
vt 0.568337 0.049279
f 4/10/4 3/8/3 7/21/7
vt 0.567949 0.048962
vt 0.568337 0.049279
vt 0.567949 0.048962
f 4/10/4 7/20/7 8/24/8
vt 0.567949 0.048962
vt 0.567949 0.048962
vt 0.568337 0.049279
f 3/7/3 1/2/1 5/15/5
vt 0.567949 0.048962
vt 0.568337 0.049279
vt 0.567949 0.048962
f 3/7/3 5/14/5 7/21/7
