# FCE4M to OBJ - Motor City Online
# NumVertices: 1193
# NumTriangles: 1431
# NumParts: 16
# HalfSize: (0.7637, 0.6803, 2.7313)

o MCity_Car

# Vertices
v -0.667655 0.427661 0.270018
v -0.679010 0.444730 0.269881
v -0.695614 0.456410 0.267027
v -0.714941 0.460924 0.261889
v -0.734048 0.457583 0.255251
v -0.750026 0.446897 0.248122
v -0.760442 0.430493 0.241588
v -0.763711 0.410868 0.236644
v -0.759335 0.391009 0.234042
v -0.747980 0.373940 0.234179
v -0.731375 0.362259 0.237033
v -0.712049 0.357746 0.242171
v -0.692942 0.361086 0.248809
v -0.676964 0.371772 0.255938
v -0.666548 0.388177 0.262472
v -0.663279 0.407802 0.267416
v -0.669609 0.416542 0.270827
v -0.690025 0.447233 0.270581
v -0.724775 0.455348 0.261344
v -0.753503 0.436135 0.248526
v -0.759381 0.400848 0.239636
v -0.738965 0.370157 0.239882
v -0.704215 0.362042 0.249119
v -0.675487 0.381255 0.261937
v -0.714495 0.408695 0.255231
v -0.636575 0.373248 0.359192
v -0.697891 0.395508 0.282531
v -0.634820 0.383374 0.361812
v -0.696195 0.405864 0.282645
v -0.634830 0.378278 0.348903
v -0.693369 0.400715 0.274758
v -0.625731 0.385805 0.367967
v -0.624710 0.361789 0.364197
v -0.623923 0.375046 0.343241
v -0.623607 0.380379 0.345371
v 0.650786 -0.481815 -0.426047
v 0.650864 -0.202587 0.866215
v 0.650732 -0.481814 0.593652
v -0.622416 -0.481815 -0.426047
v -0.622419 -0.202587 0.866214
v -0.622992 -0.481814 0.593652
v 0.650787 0.320856 0.324914
v 0.650864 -0.202587 0.866215
v 0.650732 -0.481814 0.593652
v -0.622416 0.320856 0.324914
v -0.622419 -0.202587 0.866214
v -0.622992 -0.481814 0.593652
v 0.003302 -0.101518 -0.660006
v 0.003302 -0.101518 -1.721790
v 0.003302 -0.101518 -2.673056
v 0.003302 0.243578 -2.673056
v 0.003302 0.243578 -2.731310
v 0.615452 0.243401 -0.606247
v 0.724694 0.262092 -0.593026
v 0.656401 0.192223 -2.731310
v 0.724694 0.262092 -1.778317
v 0.615452 0.243401 -1.741851
v 0.724694 0.262092 -2.731310
v 0.615452 0.243401 -2.673056
v 0.615452 -0.101518 -0.658926
v 0.615452 -0.101518 -1.726088
v 0.615452 -0.101518 -2.673056
v 0.694731 0.104436 -2.712474
v -0.608849 0.243401 -0.606247
v -0.718091 0.262092 -0.593026
v -0.649798 0.192223 -2.731310
v -0.718091 0.262092 -1.778317
v -0.608849 0.243401 -1.741851
v -0.718091 0.262092 -2.731310
v -0.608849 0.243401 -2.673055
v -0.608849 -0.101518 -0.658926
v -0.608849 -0.101518 -1.726088
v -0.608849 -0.101518 -2.673055
v -0.688128 0.104436 -2.712474
v 0.002885 0.700568 -0.563187
v 0.002885 0.728240 0.216023
v -0.016754 0.692010 0.300774
v 0.002885 0.663319 -0.571667
v 0.002885 0.392002 -0.591358
v 0.002885 -0.144648 -0.662053
v 0.581870 0.699683 0.149128
v 0.508127 0.672649 -0.543306
v 0.597644 0.662131 0.184862
v 0.624327 0.644868 0.178409
v 0.392709 0.637788 -0.571667
v 0.464902 0.600379 -0.571667
v 0.583704 0.599756 -0.471914
v 0.617137 0.672493 0.099941
v 0.622582 0.672502 -0.408614
v 0.623445 0.638614 0.065142
v 0.623655 0.638254 -0.390533
v 0.626914 0.615390 -0.422847
v 0.650636 0.356859 -0.422411
v 0.606076 0.343955 -0.472210
v 0.627688 0.358156 0.352544
v 0.650606 0.342520 0.260867
v 0.499779 0.330778 -0.584671
v 0.408786 0.409896 -0.590590
v 0.650787 0.320856 0.324914
v 0.514733 -0.144648 -0.661150
v 0.623550 0.638614 0.043516
v 0.022524 0.692010 0.300774
v -0.573857 0.699683 0.149006
v -0.502356 0.672649 -0.543306
v -0.572299 0.662118 0.184886
v -0.594275 0.644725 0.178447
v -0.386939 0.640537 -0.571667
v -0.459132 0.602072 -0.571667
v -0.577934 0.605979 -0.471913
v -0.603554 0.671818 0.099941
v -0.602534 0.672502 -0.408614
v -0.612160 0.638614 0.065142
v -0.612182 0.638614 -0.399752
v -0.612188 0.608809 -0.422775
v -0.622410 0.355495 -0.422411
v -0.602823 0.342711 -0.472131
v -0.592009 0.358156 0.352376
v -0.622410 0.342519 0.260867
v -0.487587 0.330778 -0.580351
v -0.403016 0.404741 -0.590590
v -0.622416 0.320856 0.324914
v -0.508963 -0.144648 -0.661150
v -0.612171 0.638614 0.043516
v -0.612191 0.634166 0.113912
v -0.622410 0.367513 0.276289
v 0.623748 0.634067 0.113758
v 0.650579 0.367513 0.276289
v 0.481387 0.617138 -0.551817
v 0.570059 0.617659 -0.486070
v -0.471954 0.617138 -0.559704
v -0.565005 0.617659 -0.481369
v -0.371151 0.658107 -0.571667
v 0.364540 0.658107 -0.571667
v 0.375710 0.392243 -0.590974
v -0.386577 0.392243 -0.590974
v -0.474459 0.355894 -0.591358
v 0.480229 0.349338 -0.591358
v 0.310084 0.678264 0.268840
v -0.299634 0.678244 0.268868
v -0.612191 0.620823 0.133657
v 0.623748 0.620819 0.133647
v 0.650636 0.356859 -0.422411
v 0.598960 0.330778 -0.479325
v 0.499779 0.330778 -0.584671
v 0.650806 0.246752 -0.425818
v 0.650786 -0.481815 -0.426047
v 0.514733 -0.144648 -0.661150
v -0.622410 0.355495 -0.422411
v -0.602823 0.342711 -0.472131
v -0.487587 0.330778 -0.580351
v -0.622416 -0.481815 -0.426047
v -0.508963 -0.144648 -0.661150
v -0.589285 0.330778 -0.482917
v 0.606076 0.343955 -0.472210
v -0.016754 0.692010 0.300774
v -0.016754 0.361762 0.506702
v 0.597644 0.662131 0.184862
v 0.624327 0.644868 0.178409
v 0.627688 0.358156 0.352544
v 0.604850 0.337106 0.376888
v 0.022524 0.361762 0.506702
v 0.022524 0.692010 0.300774
v -0.572299 0.662118 0.184886
v -0.594275 0.644725 0.178447
v -0.592009 0.358156 0.352376
v -0.571014 0.337107 0.380165
v 0.426068 0.349434 0.439888
v -0.431813 0.349434 0.439658
v -0.222811 0.355598 0.488504
v 0.222824 0.355598 0.488869
v 0.310084 0.678264 0.268840
v -0.299634 0.678244 0.268868
v 0.591964 0.653136 0.214955
v 0.307170 0.668074 0.292713
v 0.599102 0.352187 0.392757
v 0.621720 0.371678 0.370217
v -0.026244 0.375017 0.512956
v -0.026244 0.680802 0.322282
v 0.022375 0.375017 0.512956
v 0.220748 0.369309 0.496444
v -0.296686 0.668056 0.292739
v -0.586249 0.371678 0.370061
v -0.565457 0.352188 0.395792
v -0.427594 0.363602 0.450878
v 0.618391 0.637152 0.208981
v -0.566729 0.653124 0.214978
v -0.588494 0.637020 0.209016
v 0.422039 0.363602 0.451091
v -0.220601 0.369309 0.496106
v 0.022375 0.680802 0.322282
v 0.623445 0.638614 0.065142
v 0.623655 0.638254 -0.390533
v 0.626914 0.615390 -0.422847
v 0.650662 0.330778 -0.399490
v 0.650636 0.356859 -0.422411
v 0.650610 0.342325 0.065142
v 0.650606 0.342519 0.260867
v 0.623550 0.638614 0.043516
v 0.650636 0.330778 0.043516
v 0.623748 0.634067 0.113758
v 0.650579 0.367513 0.276289
v 0.623748 0.620819 0.133647
v 0.662701 0.363309 -0.412269
v 0.638978 0.609529 -0.412692
v 0.635509 0.631647 0.061354
v 0.635812 0.627317 0.108581
v 0.662727 0.338470 -0.390003
v 0.662671 0.349652 0.252103
v 0.662674 0.349467 0.061354
v 0.635720 0.631304 -0.381302
v 0.635614 0.631647 0.040346
v 0.662701 0.338470 0.040346
v 0.635812 0.614699 0.127902
v 0.662643 0.373456 0.267086
v 0.464902 0.600379 -0.571667
v 0.583704 0.599756 -0.471914
v 0.606076 0.343955 -0.472210
v 0.499779 0.330778 -0.584671
v 0.481387 0.617138 -0.551817
v 0.570059 0.617659 -0.486070
v 0.480229 0.349338 -0.591358
v 0.483725 0.591452 -0.581920
v 0.499285 0.606827 -0.563184
v 0.595859 0.590880 -0.487766
v 0.616974 0.358934 -0.488045
v 0.516645 0.344112 -0.594194
v 0.582979 0.607305 -0.501127
v 0.498192 0.361139 -0.600505
v 0.606823 0.344112 -0.498465
v 0.598960 0.330778 -0.479325
v -0.612160 0.638614 0.065142
v -0.612182 0.638614 -0.399752
v -0.612188 0.608809 -0.422775
v -0.622410 0.330778 -0.399490
v -0.622410 0.355495 -0.422411
v -0.622410 0.342325 0.065142
v -0.622410 0.342519 0.260867
v -0.612171 0.638614 0.043516
v -0.622410 0.330778 0.043515
v -0.612191 0.634166 0.113912
v -0.622410 0.367513 0.276289
v -0.612191 0.620823 0.133657
v -0.630235 0.601089 -0.415799
v -0.640457 0.359976 -0.415442
v -0.640457 0.347440 0.062550
v -0.640457 0.347634 0.254715
v -0.630229 0.629459 -0.393228
v -0.630218 0.629459 0.041348
v -0.640457 0.336449 -0.392971
v -0.640457 0.336450 0.041348
v -0.630239 0.625225 0.110365
v -0.630208 0.629459 0.062550
v -0.640457 0.371848 0.269862
v -0.630239 0.612525 0.129722
v -0.459132 0.602072 -0.571667
v -0.577934 0.605979 -0.471913
v -0.602823 0.342711 -0.472131
v -0.487587 0.330778 -0.580351
v -0.471954 0.617138 -0.559704
v -0.565005 0.617659 -0.481369
v -0.474459 0.355894 -0.591358
v -0.589285 0.330778 -0.482917
v -0.587611 0.605979 -0.499481
v -0.576655 0.617659 -0.507494
v -0.608704 0.342711 -0.499665
v -0.511046 0.330778 -0.591377
v -0.597230 0.330778 -0.508806
v -0.497798 0.617138 -0.573879
v -0.486931 0.602072 -0.584018
v -0.499920 0.355894 -0.600705
v 0.002885 0.663319 -0.571667
v 0.002885 0.392002 -0.591358
v 0.392709 0.637788 -0.571667
v 0.408786 0.409896 -0.590590
v -0.386939 0.640537 -0.571667
v -0.403016 0.404741 -0.590590
v -0.371151 0.658107 -0.571667
v 0.364540 0.658107 -0.571667
v 0.375710 0.392243 -0.590974
v -0.386577 0.392243 -0.590974
v 0.002801 0.655484 -0.579955
v 0.353922 0.650567 -0.579955
v 0.002801 0.399524 -0.598531
v -0.375318 0.399752 -0.598169
v -0.360341 0.650567 -0.579955
v 0.364766 0.399752 -0.598169
v -0.375670 0.633992 -0.579955
v 0.381271 0.631398 -0.579955
v -0.391278 0.411542 -0.597806
v 0.396879 0.416405 -0.597806
v -0.622410 0.330778 -0.399490
v -0.622410 0.355495 -0.422411
v -0.622416 -0.481815 -0.426047
v -0.622416 0.320856 0.324914
v -0.622992 -0.481814 0.593652
v -0.622410 0.330778 0.043515
v -0.622410 0.342325 0.065142
v -0.622410 0.342519 0.260867
v -0.622416 0.320856 0.324914
v -0.622410 0.330778 0.043515
v -0.610681 0.343454 0.110170
v -0.610681 0.338592 0.097828
v -0.610681 0.348743 0.098005
v -0.610681 0.355796 0.105308
v -0.610681 0.355619 0.115459
v -0.610681 0.348316 0.122511
v -0.610681 0.338165 0.122334
v -0.610681 0.331112 0.115031
v -0.610681 0.331289 0.104880
v -0.621253 0.337426 0.094866
v -0.621253 0.350013 0.095085
v -0.621253 0.358758 0.104141
v -0.621253 0.358538 0.116728
v -0.621253 0.328370 0.103611
v -0.614432 0.319229 0.111575
v -0.614432 0.319293 0.107920
v -0.617502 0.319293 0.107920
v -0.612321 0.340101 0.052714
v -0.612321 0.348781 0.047880
v -0.619613 0.348781 0.045732
v -0.619613 0.340101 0.050566
v -0.618473 0.151561 -0.062669
v -0.618578 0.155787 -0.051374
v -0.618479 0.152569 -0.039752
v -0.618214 0.143136 -0.032241
v -0.617884 0.131092 -0.031712
v -0.618205 0.141506 -0.069322
v -0.613551 0.149462 -0.060897
v -0.613640 0.153070 -0.051253
v -0.613556 0.150322 -0.041331
v -0.613329 0.142269 -0.034919
v -0.613048 0.131987 -0.034467
v -0.612819 0.123402 -0.040147
v -0.612729 0.119795 -0.049790
v -0.613040 0.130595 -0.066125
v -0.613322 0.140877 -0.066577
v -0.599727 0.132451 -0.063526
v -0.599899 0.138735 -0.063745
v -0.613322 0.140877 -0.066577
v -0.608484 0.138731 -0.081052
v -0.605518 0.136079 -0.126588
v -0.605377 0.130936 -0.126409
v -0.610968 0.136839 -0.126666
v -0.608327 0.130244 -0.139395
v -0.603442 0.135533 -0.136826
v -0.603327 0.131336 -0.136679
v -0.608503 0.136665 -0.139746
v -0.617869 0.129254 -0.068183
v -0.613305 0.141091 -0.042967
v -0.613023 0.130809 -0.042515
v -0.605191 0.139785 -0.048679
v -0.604955 0.131144 -0.048299
v -0.620842 0.026573 -0.266129
v -0.620328 0.057360 -0.266129
v -0.620328 0.057360 -0.138005
v -0.572034 0.036915 -0.249875
v -0.572034 0.036915 -0.154259
v -0.571355 0.049788 -0.249875
v -0.571355 0.049788 -0.154259
v -0.618367 0.102207 0.062667
v -0.618367 0.106823 0.073809
v -0.618367 0.104007 0.085536
v -0.618367 0.094837 0.093368
v -0.618367 0.082814 0.094314
v -0.618367 0.091925 0.056366
v -0.613505 0.100037 0.064520
v -0.613505 0.103978 0.074033
v -0.613505 0.101574 0.084045
v -0.613505 0.093745 0.090732
v -0.613505 0.083480 0.091540
v -0.613505 0.074701 0.086160
v -0.613505 0.073164 0.066635
v -0.613505 0.080994 0.059948
v -0.613505 0.091258 0.059141
v -0.600149 0.082575 0.062507
v -0.600149 0.088849 0.062071
v -0.613506 0.091258 0.059141
v -0.608714 0.088482 0.044758
v -0.602672 0.086657 -0.004406
v -0.602672 0.081994 -0.004082
v -0.611205 0.084723 0.007698
v -0.608734 0.077622 -0.004791
v -0.608734 0.084029 -0.005364
v -0.618367 0.079715 0.057928
v -0.618367 0.071225 0.065888
v -0.613505 0.092289 0.082729
v -0.613505 0.082024 0.083537
v -0.605425 0.090565 0.077081
v -0.605425 0.081939 0.077760
v -0.613505 0.069213 0.076566
v 0.650662 0.330778 -0.399490
v 0.650636 0.356859 -0.422411
v 0.650806 0.246752 -0.425818
v 0.650786 -0.481815 -0.426047
v 0.650787 0.320856 0.324914
v 0.650732 -0.481814 0.593652
v 0.650636 0.330778 0.043516
v 0.650610 0.342325 0.065142
v 0.650607 0.342519 0.260867
v 0.650787 0.320856 0.324914
v 0.650636 0.330778 0.043516
v 0.636735 0.343454 0.110170
v 0.636735 0.338592 0.097828
v 0.636735 0.348743 0.098005
v 0.636735 0.355796 0.105308
v 0.636735 0.355619 0.115459
v 0.636735 0.348316 0.122511
v 0.636735 0.338165 0.122334
v 0.636735 0.331112 0.115031
v 0.636735 0.331289 0.104880
v 0.647307 0.337426 0.094866
v 0.647307 0.350013 0.095085
v 0.647307 0.358758 0.104141
v 0.647307 0.358538 0.116728
v 0.647307 0.328370 0.103611
v 0.640486 0.319229 0.111575
v 0.640486 0.319293 0.107920
v 0.643556 0.319293 0.107920
v 0.638375 0.340101 0.052714
v 0.638375 0.348781 0.047880
v 0.645667 0.348781 0.045732
v 0.645667 0.340101 0.050566
v 0.644578 0.151998 -0.063160
v 0.646348 0.156137 -0.051971
v 0.647749 0.152839 -0.040456
v 0.648246 0.143363 -0.033012
v 0.647649 0.131329 -0.032484
v 0.643116 0.142003 -0.069748
v 0.639887 0.150024 -0.060737
v 0.641398 0.153557 -0.051184
v 0.642594 0.150741 -0.041353
v 0.643018 0.142651 -0.034998
v 0.642509 0.132377 -0.034547
v 0.641260 0.123844 -0.040171
v 0.639750 0.120310 -0.049724
v 0.638129 0.131216 -0.065910
v 0.638639 0.141490 -0.066361
v 0.625355 0.133422 -0.061505
v 0.625674 0.139700 -0.061725
v 0.638639 0.141490 -0.066361
v 0.631806 0.139584 -0.080045
v 0.622563 0.137346 -0.124754
v 0.622302 0.132208 -0.124574
v 0.627970 0.137956 -0.125575
v 0.623426 0.131529 -0.137845
v 0.619091 0.136933 -0.134612
v 0.618878 0.132739 -0.134466
v 0.623735 0.137945 -0.138195
v 0.642591 0.129757 -0.068615
v 0.641859 0.141533 -0.042972
v 0.641350 0.131259 -0.042520
v 0.633006 0.140493 -0.047522
v 0.632578 0.131860 -0.047143
v 0.638549 0.123638 -0.059793
v 0.647221 0.102186 0.062432
v 0.647221 0.106801 0.073574
v 0.647221 0.103985 0.085301
v 0.647221 0.094815 0.093133
v 0.647221 0.082792 0.094079
v 0.647221 0.091903 0.056130
v 0.642360 0.100016 0.064285
v 0.642360 0.103956 0.073798
v 0.642360 0.101552 0.083809
v 0.642360 0.093723 0.090496
v 0.642360 0.083458 0.091304
v 0.642360 0.074679 0.085924
v 0.642360 0.073143 0.066400
v 0.642360 0.080972 0.059713
v 0.642360 0.091237 0.058905
v 0.629004 0.082553 0.062272
v 0.629004 0.088828 0.061835
v 0.642360 0.091237 0.058905
v 0.637569 0.088460 0.044522
v 0.631526 0.086635 -0.004642
v 0.631526 0.081972 -0.004317
v 0.640060 0.084701 0.007462
v 0.637588 0.077600 -0.005026
v 0.637588 0.084007 -0.005599
v 0.647221 0.079693 0.057693
v 0.647221 0.071203 0.065652
v 0.642360 0.092267 0.082493
v 0.642360 0.082002 0.083301
v 0.634280 0.090543 0.076846
v 0.634280 0.081917 0.077525
v 0.642360 0.069191 0.076331
v 0.647453 0.026388 -0.266218
v 0.647453 0.026388 -0.138093
v 0.646939 0.057175 -0.266218
v 0.646939 0.057175 -0.138093
v 0.598644 0.036730 -0.249963
v 0.598644 0.036730 -0.154348
v 0.597966 0.049603 -0.249963
v 0.597966 0.049603 -0.154348
v -0.601852 0.081743 -0.009448
v -0.601852 0.086287 -0.008688
v -0.601852 0.089516 -0.005402
v -0.601852 0.090197 -0.000845
v -0.601852 0.088070 0.003242
v -0.601852 0.077619 -0.007392
v -0.594278 0.081413 -0.011651
v -0.594278 0.087315 -0.010664
v -0.594278 0.091510 -0.006396
v -0.594278 0.092394 -0.000477
v -0.594278 0.089631 0.004831
v -0.594278 0.084276 0.007501
v -0.594278 0.078374 0.006513
v -0.594278 0.074179 0.002245
v -0.594278 0.073295 -0.003673
v -0.594278 0.076058 -0.008981
v -0.591161 0.082845 -0.002075
v 0.630706 0.081721 -0.009684
v 0.630706 0.086265 -0.008923
v 0.630706 0.089494 -0.005637
v 0.630706 0.090175 -0.001080
v 0.630706 0.088048 0.003007
v 0.630706 0.077597 -0.007628
v 0.623133 0.081391 -0.011887
v 0.623133 0.087293 -0.010899
v 0.623133 0.091488 -0.006631
v 0.623133 0.092372 -0.000712
v 0.623133 0.089609 0.004596
v 0.623133 0.084254 0.007266
v 0.623133 0.078352 0.006278
v 0.623133 0.074157 0.002010
v 0.623133 0.073273 -0.003909
v 0.623133 0.076036 -0.009217
v 0.620015 0.082823 -0.002310
v -0.590566 0.314926 -0.480249
v -0.584013 -0.132244 -0.325232
v -0.585135 0.346635 -0.518585
v 0.014968 -0.115579 -0.303598
v 0.014968 0.326980 -0.455307
v 0.014968 0.366605 -0.488284
v 0.014968 0.381510 -0.533560
v 0.014968 0.375004 -0.573581
v -0.432231 -0.067530 0.070504
v -0.438326 -0.095274 0.114604
v -0.596515 -0.093590 -0.022170
v -0.578163 -0.080754 0.004469
v -0.555261 -0.073172 0.030782
v -0.526378 -0.068274 0.055939
v -0.492309 -0.066591 0.068179
v -0.499979 -0.093079 0.108299
v -0.540180 -0.095651 0.093521
v -0.574261 -0.099062 0.065505
v -0.597033 -0.115073 0.026412
v -0.551749 -0.113537 -0.309725
v -0.516267 -0.113381 -0.305071
v -0.561739 0.331422 -0.466743
v -0.526481 0.333294 -0.461599
v -0.561739 0.356360 -0.493935
v -0.526481 0.364695 -0.491143
v -0.561739 0.374414 -0.530978
v -0.526481 0.381510 -0.533561
v -0.561739 0.366682 -0.570552
v -0.526481 0.375004 -0.573581
v 0.611877 -0.128147 -0.325232
v 0.453124 -0.064867 0.070504
v 0.466190 -0.095274 0.114604
v 0.606027 -0.080754 0.004469
v 0.583124 -0.074371 0.030782
v 0.554242 -0.071424 0.055939
v 0.520173 -0.068956 0.068179
v 0.527843 -0.093079 0.108299
v 0.568044 -0.095651 0.093521
v 0.587870 -0.111248 -0.308915
v 0.549235 -0.108898 -0.305042
v 0.558317 0.333294 -0.456446
v 0.554345 0.364695 -0.491143
v 0.554345 0.381510 -0.533561
v 0.554345 0.375004 -0.573581
v -0.563303 -0.006546 -0.331751
v -0.528971 -0.004502 -0.324123
v 0.014968 -0.005928 -0.322762
v -0.587043 -0.010302 -0.345769
v 0.564720 -0.004645 -0.324655
v -0.522606 -0.083969 -0.199810
v -0.553227 -0.085223 -0.199874
v 0.014968 -0.082322 -0.197467
v -0.581593 -0.092268 -0.198632
v -0.589636 -0.102202 -0.198716
v 0.550470 -0.082326 -0.199809
v 0.581091 -0.087160 -0.199874
v 0.609457 -0.094846 -0.198632
v 0.014968 0.189982 -0.386570
v -0.520062 0.190457 -0.394084
v -0.560066 0.189099 -0.403277
v 0.562741 0.190407 -0.390763
v -0.586406 0.184796 -0.416857
v -0.520495 -0.065165 -0.073584
v 0.014968 -0.061697 -0.072813
v -0.581139 -0.075187 -0.072988
v -0.559537 -0.070493 -0.073399
v 0.546496 -0.064638 -0.073566
v 0.586992 -0.068876 -0.073375
v 0.607397 -0.075283 -0.072979
v -0.594393 -0.086176 -0.072938
v 0.010447 -0.066198 0.070504
v 0.013932 -0.095274 0.114604
v -0.016754 0.361762 0.506702
v -0.057568 0.339586 0.332866
v 0.627688 0.358156 0.352544
v 0.604850 0.337106 0.376888
v 0.650787 0.320856 0.324914
v 0.022524 0.361762 0.506702
v -0.592009 0.358156 0.352376
v -0.571014 0.337107 0.380165
v -0.622416 0.320856 0.324914
v 0.644483 0.312518 0.305752
v -0.057568 0.324239 0.309546
v -0.616113 0.312518 0.305752
v 0.615973 0.297503 0.300828
v -0.126118 0.297509 0.300830
v -0.616113 0.297503 0.300828
v 0.615973 0.132140 0.300791
v -0.133144 0.132347 0.300879
v -0.616113 0.132140 0.300791
v 0.615927 0.114553 0.311571
v -0.149356 0.114760 0.311658
v -0.616109 0.114553 0.311571
v -0.057625 0.300494 0.301784
v 0.064380 0.339464 0.332818
v 0.064342 0.324223 0.309539
v 0.063879 0.300487 0.301798
v 0.633943 0.297503 0.300828
v 0.633943 0.132140 0.300791
v 0.633898 0.114553 0.311571
v 0.064380 0.340823 0.330471
v -0.057568 0.340945 0.330520
v -0.057568 0.325598 0.307199
v -0.057625 0.301853 0.299437
v 0.064341 0.325583 0.307192
v 0.063879 0.301846 0.299452
v -0.133144 0.288380 0.300855
v 0.615973 0.296679 0.297149
v -0.126118 0.296684 0.297152
v -0.133144 0.131523 0.297200
v 0.615973 0.131315 0.297112
v -0.149356 0.113936 0.307980
v -0.133144 0.287556 0.297176
v 0.615927 0.113728 0.307892
v 0.426068 0.349434 0.439888
v -0.431813 0.349434 0.439658
v -0.222811 0.355598 0.488504
v 0.222824 0.355598 0.488869
v 0.054594 0.323689 0.306573
v -0.047851 0.323702 0.306580
v -0.047899 0.303748 0.300056
v 0.054206 0.303742 0.300069
v -0.222071 0.082780 0.288460
v -0.233158 0.029385 0.292698
v -0.203585 0.082780 0.281691
v -0.223292 0.082649 0.284710
v -0.234197 0.029451 0.289006
v -0.214358 0.021559 0.281191
v -0.194519 0.029451 0.273376
v -0.205425 0.082649 0.277672
v -0.227965 0.082317 0.284710
v -0.200628 0.082317 0.277672
v -0.200986 0.108739 0.277056
v -0.228323 0.108739 0.284094
v -0.215402 0.111538 0.295859
v -0.212201 0.111538 0.295859
v -0.215402 0.102897 0.300698
v -0.215402 0.113742 0.274757
v -0.212201 0.113742 0.274757
v -0.215402 0.096448 0.270713
v -0.212709 0.096448 0.270713
v -0.215402 0.102886 0.291444
v -0.215402 0.090533 0.283864
v -0.080842 0.320074 0.266911
v -0.065001 0.320489 0.266911
v -0.072562 0.306563 0.266911
v -0.088403 0.306148 0.266911
v -0.096683 0.319660 0.266911
v -0.089122 0.333586 0.266911
v -0.073281 0.334000 0.266911
v -0.088403 0.306148 0.275663
v -0.096683 0.319660 0.275663
v -0.089122 0.333586 0.275663
v -0.073281 0.334000 0.275663
v -0.084173 0.313940 0.276161
v -0.087821 0.319892 0.276161
v -0.084490 0.326026 0.276161
v -0.077511 0.326209 0.276161
v -0.073864 0.320257 0.284541
v -0.077195 0.314122 0.284541
v -0.084173 0.313940 0.284541
v -0.087821 0.319892 0.284541
v -0.084490 0.326026 0.284541
v -0.077511 0.326209 0.284541
v -0.060677 0.320602 0.294376
v -0.070302 0.302875 0.289114
v -0.090467 0.302347 0.289114
v -0.101007 0.319546 0.294376
v -0.091382 0.337274 0.319653
v -0.071217 0.337802 0.319653
v 0.088900 0.320074 0.266911
v 0.104737 0.319521 0.266911
v 0.096339 0.306083 0.266911
v 0.080502 0.306636 0.266911
v 0.073063 0.320627 0.266911
v 0.081460 0.334066 0.266911
v 0.097297 0.333513 0.266911
v 0.080502 0.306636 0.275663
v 0.073063 0.320627 0.275663
v 0.081460 0.334066 0.275663
v 0.097297 0.333513 0.275663
v 0.085201 0.314154 0.276161
v 0.081923 0.320318 0.276161
v 0.085623 0.326238 0.276161
v 0.092599 0.325994 0.276161
v 0.095876 0.319831 0.284541
v 0.092177 0.313911 0.284541
v 0.085201 0.314154 0.284541
v 0.081923 0.320318 0.284541
v 0.085623 0.326238 0.284541
v 0.092599 0.325994 0.284541
v 0.109059 0.319370 0.294376
v 0.098370 0.302264 0.289113
v 0.078210 0.302968 0.289113
v 0.068740 0.320778 0.294376
v 0.079430 0.337885 0.319653
v 0.099589 0.337181 0.319653
v -0.170257 0.276109 0.300015
v -0.179521 0.276109 0.300015
v -0.184154 0.268086 0.300155
v -0.163587 0.268002 0.290056
v -0.169238 0.277789 0.289885
v -0.180541 0.277789 0.289885
v -0.186192 0.268002 0.290056
v -0.180541 0.258215 0.290227
v -0.169238 0.258215 0.290227
v -0.163587 0.268002 0.290056
v -0.584361 0.229572 0.300015
v -0.575096 0.229572 0.300015
v -0.570464 0.221550 0.300155
v -0.591031 0.221466 0.290056
v -0.585380 0.231253 0.289885
v -0.574077 0.231253 0.289885
v -0.568426 0.221466 0.290056
v -0.574077 0.211679 0.290227
v -0.585380 0.211679 0.290227
v -0.591031 0.221466 0.290056
v 0.361392 0.319653 0.300558
v 0.373204 0.319653 0.300558
v 0.367298 0.309423 0.300558
v 0.355486 0.309423 0.300558
v 0.349580 0.319653 0.300558
v 0.355486 0.329882 0.300558
v 0.367298 0.329882 0.300558
v 0.355014 0.308605 0.305887
v 0.348635 0.319653 0.309268
v 0.355014 0.330701 0.324785
v 0.367771 0.330701 0.324785
v -0.207440 0.114059 0.313701
v -0.219298 0.114059 0.313701
v -0.225227 0.103791 0.313880
v -0.198902 0.103683 0.300954
v -0.206135 0.116210 0.300735
v -0.220603 0.116210 0.300735
v -0.227836 0.103683 0.300954
v -0.220603 0.091155 0.301173
v -0.206135 0.091155 0.301173
v -0.198902 0.103683 0.300954
v -0.170257 0.171535 0.300015
v -0.179521 0.171535 0.300015
v -0.184154 0.163513 0.300155
v -0.163587 0.163428 0.290056
v -0.169238 0.173215 0.289885
v -0.180541 0.173215 0.289885
v -0.186192 0.163428 0.290056
v -0.180541 0.153641 0.290227
v -0.169238 0.153641 0.290227
v -0.163587 0.163428 0.290056
v -0.257669 0.219876 0.299232
v -0.199670 0.243900 0.299232
v -0.199670 0.195852 0.299232
v -0.233645 0.161877 0.299232
v -0.281693 0.161877 0.299232
v -0.315668 0.195852 0.299232
v -0.315668 0.243900 0.299232
v -0.281693 0.277875 0.299232
v -0.233645 0.277875 0.299232
v -0.434777 0.219876 0.299232
v -0.376778 0.243900 0.299232
v -0.376778 0.195852 0.299232
v -0.410753 0.161877 0.299232
v -0.458801 0.161877 0.299232
v -0.492776 0.195852 0.299232
v -0.492776 0.243900 0.299232
v -0.458801 0.277875 0.299232
v -0.410753 0.277875 0.299232
v -0.257669 0.219876 0.297942
v -0.199670 0.243900 0.297942
v -0.199670 0.195852 0.297942
v -0.233645 0.161877 0.297942
v -0.281693 0.161877 0.297942
v -0.315668 0.195852 0.297942
v -0.315668 0.243900 0.297942
v -0.281693 0.277875 0.297942
v -0.233645 0.277875 0.297942
v -0.434777 0.219876 0.298022
v -0.376778 0.243900 0.298022
v -0.376778 0.195852 0.298022
v -0.410753 0.161877 0.298022
v -0.458801 0.161877 0.298022
v -0.492776 0.195852 0.298022
v -0.492776 0.243900 0.298022
v -0.458801 0.277875 0.298022
v -0.410753 0.277875 0.298022
v 0.054594 0.323948 0.305623
v -0.047851 0.323961 0.305629
v -0.047899 0.304007 0.299106
v 0.054206 0.304002 0.299118
v 0.003366 0.001229 -0.000012
v -0.000503 0.003330 -0.000012
v -0.024663 -0.048091 0.000013
v -0.026019 -0.047355 0.000013
v 0.002686 -0.002372 -0.000012
v 0.002686 0.002031 -0.000012
v -0.054032 -0.001273 0.000013
v -0.054032 0.000270 0.000013
v -0.257651 0.281264 0.289382
v -0.257651 0.277681 0.299186
v -0.257651 0.284846 0.299186
v -0.241768 0.279172 0.289382
v -0.242695 0.275712 0.299186
v -0.240841 0.282633 0.299186
v -0.226967 0.273042 0.289382
v -0.228759 0.269939 0.299186
v -0.225176 0.276145 0.299186
v -0.214258 0.263289 0.289382
v -0.216791 0.260756 0.299186
v -0.211724 0.265823 0.299186
v -0.204505 0.250580 0.289382
v -0.207608 0.248788 0.299186
v -0.201402 0.252371 0.299186
v -0.198374 0.235779 0.289382
v -0.201835 0.234852 0.299186
v -0.194914 0.236706 0.299186
v -0.196283 0.219896 0.289382
v -0.199866 0.219896 0.299186
v -0.192701 0.219896 0.299186
v -0.198374 0.204013 0.289382
v -0.201835 0.204940 0.299186
v -0.194914 0.203086 0.299186
v -0.204505 0.189212 0.289382
v -0.207608 0.191004 0.299186
v -0.201402 0.187421 0.299186
v -0.214258 0.176503 0.289382
v -0.216791 0.179036 0.299186
v -0.211724 0.173969 0.299186
v -0.226967 0.166750 0.289382
v -0.228759 0.169853 0.299186
v -0.225176 0.163647 0.299186
v -0.241768 0.160619 0.289382
v -0.242695 0.164080 0.299186
v -0.240841 0.157159 0.299186
v -0.257651 0.158528 0.289382
v -0.257651 0.162111 0.299186
v -0.257651 0.154946 0.299186
v -0.273534 0.160619 0.289382
v -0.272607 0.164080 0.299186
v -0.274461 0.157159 0.299186
v -0.288335 0.166750 0.289382
v -0.286543 0.169853 0.299186
v -0.290126 0.163647 0.299186
v -0.301044 0.176503 0.289382
v -0.298511 0.179036 0.299186
v -0.303578 0.173969 0.299186
v -0.310797 0.189212 0.289382
v -0.307694 0.191004 0.299186
v -0.313900 0.187421 0.299186
v -0.316927 0.204013 0.289382
v -0.313467 0.204940 0.299186
v -0.320388 0.203086 0.299186
v -0.319019 0.219896 0.289382
v -0.315436 0.219896 0.299186
v -0.322601 0.219896 0.299186
v -0.316927 0.235779 0.289382
v -0.313467 0.234852 0.299186
v -0.320388 0.236706 0.299186
v -0.310797 0.250580 0.289382
v -0.307694 0.248788 0.299186
v -0.313900 0.252371 0.299186
v -0.301044 0.263289 0.289382
v -0.298511 0.260756 0.299186
v -0.303578 0.265823 0.299186
v -0.288335 0.273042 0.289382
v -0.286543 0.269939 0.299186
v -0.290126 0.276145 0.299186
v -0.273534 0.279172 0.289382
v -0.272607 0.275712 0.299186
v -0.274461 0.282633 0.299186
v -0.434940 0.281264 0.289382
v -0.434940 0.277681 0.299186
v -0.434940 0.284846 0.299186
v -0.419057 0.279172 0.289382
v -0.419985 0.275712 0.299186
v -0.418130 0.282633 0.299186
v -0.404257 0.273042 0.289382
v -0.406048 0.269939 0.299186
v -0.402465 0.276145 0.299186
v -0.391547 0.263289 0.289382
v -0.394080 0.260756 0.299186
v -0.389014 0.265823 0.299186
v -0.381795 0.250580 0.289382
v -0.384897 0.248788 0.299186
v -0.378692 0.252371 0.299186
v -0.375664 0.235779 0.289382
v -0.379124 0.234852 0.299186
v -0.372203 0.236706 0.299186
v -0.373573 0.219896 0.289382
v -0.377156 0.219896 0.299186
v -0.369990 0.219896 0.299186
v -0.375664 0.204013 0.289382
v -0.379124 0.204940 0.299186
v -0.372203 0.203086 0.299186
v -0.381795 0.189212 0.289382
v -0.384897 0.191004 0.299186
v -0.378692 0.187421 0.299186
v -0.391547 0.176503 0.289382
v -0.394080 0.179036 0.299186
v -0.389014 0.173969 0.299186
v -0.404257 0.166750 0.289382
v -0.406048 0.169853 0.299186
v -0.402465 0.163647 0.299186
v -0.419057 0.160619 0.289382
v -0.419985 0.164080 0.299186
v -0.418130 0.157159 0.299186
v -0.434940 0.158528 0.289382
v -0.434940 0.162111 0.299186
v -0.434940 0.154946 0.299186
v -0.450824 0.160619 0.289382
v -0.449896 0.164080 0.299186
v -0.451751 0.157159 0.299186
v -0.465624 0.166750 0.289382
v -0.463833 0.169853 0.299186
v -0.467416 0.163647 0.299186
v -0.478334 0.176503 0.289382
v -0.475800 0.179036 0.299186
v -0.480867 0.173969 0.299186
v -0.488086 0.189212 0.289382
v -0.484984 0.191004 0.299186
v -0.491189 0.187421 0.299186
v -0.494217 0.204013 0.289382
v -0.490756 0.204940 0.299186
v -0.497678 0.203086 0.299186
v -0.496308 0.219896 0.289382
v -0.492725 0.219896 0.299186
v -0.499891 0.219896 0.299186
v -0.494217 0.235779 0.289382
v -0.490756 0.234852 0.299186
v -0.497678 0.236706 0.299186
v -0.488086 0.250580 0.289382
v -0.484984 0.248788 0.299186
v -0.491189 0.252371 0.299186
v -0.478334 0.263289 0.289382
v -0.475800 0.260756 0.299186
v -0.480867 0.265823 0.299186
v -0.465624 0.273042 0.289382
v -0.463833 0.269939 0.299186
v -0.467416 0.276145 0.299186
v -0.450824 0.279172 0.289382
v -0.449896 0.275712 0.299186
v -0.451751 0.282633 0.299186
v -0.376272 0.185837 0.211045
v -0.375403 0.189545 0.212737
v -0.376162 0.187545 0.207246
v -0.377142 0.182129 0.209354
v -0.518114 0.216200 0.225135
v -0.517134 0.221615 0.223027
v -0.517893 0.219615 0.217536
v -0.518873 0.214199 0.219644
v -0.536332 0.219114 0.228109
v -0.534881 0.227129 0.224989
v -0.536004 0.224169 0.216862
v -0.537455 0.216154 0.219982
v -0.557640 0.223728 0.228948
v -0.556322 0.231014 0.226111
v -0.557343 0.228323 0.218724
v -0.558661 0.221037 0.221560
v -0.563745 0.227311 0.224231
v -0.563335 0.229062 0.225030
v -0.563693 0.228117 0.222438
v -0.564156 0.225561 0.223433
v -0.312370 0.193017 0.178502
v -0.330720 0.163761 0.166084
v -0.367420 0.163761 0.166084
v -0.385769 0.193017 0.178502
v -0.367420 0.222273 0.190921
v -0.330720 0.222273 0.190921
v -0.312370 -0.130356 0.940321
v -0.330720 -0.159612 0.927902
v -0.367420 -0.159612 0.927902
v -0.385769 -0.130356 0.940321
v -0.367420 -0.101100 0.952739
v -0.330720 -0.101100 0.952739
v 0.229670 0.012812 0.007263
v 0.229617 -0.012648 -0.003415
v -0.229677 -0.012583 -0.001295
v -0.229624 0.012877 0.009382
v 0.235157 0.011120 0.000605
v 0.235120 -0.006732 -0.006882
v -0.235173 0.011186 0.002775
v -0.235210 -0.006666 -0.004712
v -0.050129 -0.019599 -0.011080
v -0.054230 -0.034586 -0.000536
v -0.054900 0.020240 0.022975
v -0.050764 0.019048 0.005494
v 0.050077 0.023974 0.007145
v 0.054308 0.026574 0.025191
v 0.054979 -0.027558 0.001978
v 0.050712 -0.014673 -0.009428
v 0.046440 -0.000253 -0.020093
v 0.045851 0.019210 -0.011927
v 0.036163 0.036496 -0.004634
v 0.019294 0.048180 0.000343
v -0.001414 0.051948 0.002018
v -0.021860 0.047054 0.000059
v -0.037995 0.034468 -0.005146
v -0.046623 0.016682 -0.012566
v -0.046034 -0.002782 -0.020732
v -0.036346 -0.020067 -0.028025
v -0.019477 -0.031751 -0.033002
v 0.001231 -0.035520 -0.034677
v 0.021678 -0.030626 -0.032718
v 0.037812 -0.018040 -0.027513
v 0.042854 0.029564 0.026212
v 0.022933 0.043362 0.032089
v -0.001522 0.047812 0.034067
v -0.025668 0.042033 0.031753
v -0.044723 0.027169 0.025606
v -0.042775 -0.037233 -0.001412
v -0.026925 -0.048886 -0.006335
v -0.023556 -0.053433 -0.008356
v 0.029045 -0.047340 -0.005902
v 0.044801 -0.034838 -0.000807
v 0.000489 0.235528 0.102601
v 0.000414 0.228904 0.086407
v 0.000442 0.212710 0.093031
v 0.047451 0.231508 0.100701
v 0.045103 0.225078 0.084599
v 0.042858 0.209079 0.091315
v 0.092797 0.219597 0.095499
v 0.088254 0.213744 0.079649
v 0.083814 0.198321 0.086617
v 0.134983 0.200201 0.087172
v 0.128398 0.195286 0.071725
v 0.121917 0.180802 0.079096
v 0.172572 0.173980 0.076004
v 0.164167 0.170335 0.061098
v 0.155867 0.157120 0.069009
v 0.204284 0.141828 0.062375
v 0.194345 0.139739 0.048129
v 0.184510 0.128080 0.056700
v 0.229040 0.104839 0.046750
v 0.217902 0.104540 0.033259
v 0.206869 0.094672 0.042587
v 0.245995 0.064274 0.029660
v 0.234038 0.065938 0.016996
v 0.222184 0.058032 0.027151
v 0.254574 0.021512 0.011687
v 0.242201 0.025246 -0.000107
v 0.229933 0.019410 0.010918
v 0.254484 -0.021989 -0.006557
v 0.242116 -0.016150 -0.017467
v 0.229851 -0.019880 -0.005560
v 0.245728 -0.064748 -0.024450
v 0.233783 -0.056839 -0.034494
v 0.221942 -0.058500 -0.021721
v 0.228603 -0.105309 -0.041383
v 0.217487 -0.095437 -0.050608
v 0.206475 -0.095135 -0.037015
v 0.203694 -0.142291 -0.056779
v 0.193784 -0.130629 -0.065259
v 0.183977 -0.128537 -0.050921
v 0.171848 -0.174434 -0.070115
v 0.163479 -0.161217 -0.077949
v 0.155214 -0.157569 -0.062966
v 0.134150 -0.200644 -0.080935
v 0.127606 -0.186158 -0.088246
v 0.121165 -0.181242 -0.072739
v 0.091884 -0.220028 -0.088872
v 0.087385 -0.204604 -0.095799
v 0.082990 -0.198750 -0.079908
v 0.046489 -0.231926 -0.093655
v 0.044187 -0.215926 -0.100350
v 0.041989 -0.209496 -0.084228
v -0.000489 -0.235933 -0.095122
v -0.000518 -0.219740 -0.101746
v 0.020246 -0.210511 -0.083794
v -0.047451 -0.231913 -0.093222
v -0.045207 -0.215914 -0.099938
v -0.042858 -0.209484 -0.083836
v -0.092797 -0.220002 -0.088020
v -0.088358 -0.204579 -0.094988
v -0.083814 -0.198726 -0.079138
v -0.134983 -0.200606 -0.079693
v -0.128502 -0.186122 -0.087064
v -0.121917 -0.181208 -0.071617
v -0.172572 -0.174385 -0.068525
v -0.164271 -0.161170 -0.076436
v -0.155867 -0.157525 -0.061530
v -0.204284 -0.142233 -0.054896
v -0.194449 -0.130574 -0.063467
v -0.184510 -0.128485 -0.049221
v -0.229040 -0.105244 -0.039271
v -0.218006 -0.095376 -0.048598
v -0.206869 -0.095077 -0.035108
v -0.245995 -0.064679 -0.022181
v -0.234142 -0.056773 -0.032335
v -0.222184 -0.058438 -0.019672
v -0.254574 -0.021917 -0.004208
v -0.242305 -0.016081 -0.015232
v -0.229933 -0.019815 -0.003438
v -0.254484 0.021584 0.014036
v -0.242219 0.025314 0.002129
v -0.229851 0.019475 0.013039
v -0.245728 0.064343 0.031929
v -0.233887 0.066004 0.019156
v -0.221942 0.058095 0.029200
v -0.228603 0.104904 0.048862
v -0.217591 0.104602 0.035269
v -0.206475 0.094730 0.044494
v -0.203694 0.141886 0.064258
v -0.193887 0.139794 0.049920
v -0.183977 0.128132 0.058400
v -0.171848 0.174029 0.077594
v -0.163583 0.170381 0.062610
v -0.155214 0.157164 0.070445
v -0.134150 0.200239 0.088414
v -0.127710 0.195322 0.072907
v -0.121165 0.180837 0.080218
v -0.091884 0.219623 0.096351
v -0.087489 0.213768 0.080460
v -0.082990 0.198345 0.087387
v -0.046489 0.231521 0.101134
v -0.044291 0.225091 0.085012
v -0.041989 0.209091 0.091707
v 0.236067 0.022328 0.005405
v 0.235983 -0.018015 -0.011514
v 0.229617 -0.012648 -0.003415
v -0.236119 -0.017948 -0.009335
v -0.236035 0.022395 0.007584
v 0.026207 -0.052655 -0.008010
v 0.018472 -0.036097 -0.029187
v -0.017408 -0.037617 -0.029864
v -0.020511 -0.211153 -0.084579
v 0.015690 -0.206540 -0.082526
v -0.015416 -0.206917 -0.082503
v 0.042854 0.001180 0.090289
v 0.054644 -0.028875 0.077662
v 0.022933 0.014979 0.096166
v -0.001522 0.019429 0.098144
v -0.025668 0.013650 0.095830
v -0.044723 -0.001214 0.089683
v -0.042775 -0.065616 0.062665
v -0.054565 -0.035556 0.075296
v -0.026925 -0.077270 0.057742
v 0.029045 -0.075724 0.058175
v 0.001325 -0.081427 0.055894
v 0.044801 -0.063222 0.063270
v 0.046440 -0.000253 -0.020093
v 0.045851 0.019210 -0.011927
v 0.036163 0.036496 -0.004634
v 0.019294 0.048180 0.000343
v -0.001414 0.051948 0.002018
v -0.021860 0.047054 0.000059
v -0.037995 0.034468 -0.005146
v -0.046623 0.016682 -0.012566
v -0.046034 -0.002782 -0.020732
v -0.036346 -0.020067 -0.028025
v -0.019477 -0.031751 -0.033002
v 0.001231 -0.035520 -0.034677
v 0.021678 -0.030626 -0.032718
v 0.037812 -0.018040 -0.027513
v -0.000166 0.015085 -0.032711
v 0.017831 -0.020394 -0.038041
v 0.031142 -0.010010 -0.033747
v 0.038260 0.004664 -0.027625
v 0.037774 0.020721 -0.020889
v 0.029781 0.034982 -0.014871
v 0.015865 0.044621 -0.010765
v -0.001220 0.047730 -0.009384
v -0.018088 0.043693 -0.011000
v -0.031399 0.033309 -0.015294
v -0.038517 0.018635 -0.021416
v -0.038031 0.002578 -0.028152
v -0.030039 -0.011683 -0.034170
v -0.016122 -0.021322 -0.038276
v 0.000962 -0.024431 -0.039657

# Normals
vn 0.621305 0.531328 -0.575909
vn 0.362743 0.772988 -0.520487
vn 0.066972 0.861393 -0.503504
vn -0.203560 0.830039 -0.519228
vn -0.423040 0.715468 -0.556006
vn -0.581799 0.545420 -0.603346
vn -0.675969 0.341030 -0.653272
vn -0.703945 0.120077 -0.700031
vn -0.665384 -0.100830 -0.739660
vn -0.561039 -0.304727 -0.769660
vn -0.393004 -0.472734 -0.788715
vn -0.165893 -0.581790 -0.796241
vn 0.109110 -0.601557 -0.791343
vn 0.402904 -0.493717 -0.770657
vn 0.647735 -0.228940 -0.726654
vn 0.738718 0.156953 -0.655485
vn 0.671494 0.365509 -0.644592
vn 0.176445 0.835498 -0.520394
vn -0.344515 0.769647 -0.537543
vn -0.647969 0.437620 -0.623397
vn -0.701242 0.010009 -0.712853
vn -0.502074 -0.384528 -0.774635
vn -0.066256 -0.596642 -0.799768
vn 0.500260 -0.382544 -0.776788
vn -0.302910 0.181699 -0.935538
vn -0.470537 -0.878996 -0.077203
vn -0.762117 -0.446950 0.468415
vn -0.581365 0.436031 0.686944
vn 0.290689 0.955558 0.049082
vn 0.103553 0.572421 -0.813395
vn 0.563256 -0.558251 -0.609179
vn -0.411400 0.903935 0.116842
vn -0.691534 -0.462110 0.555190
vn -0.523471 -0.451774 -0.722411
vn -0.327773 0.717582 -0.614525
vn 0.000000 1.000000 0.000000
vn 0.000000 0.698515 -0.715596
vn 0.000000 0.966591 -0.256322
vn 0.000000 1.000000 0.000000
vn 0.000000 0.698515 -0.715596
vn 0.000000 0.858601 -0.512644
vn -1.000000 0.000170 0.000307
vn -1.000000 0.000170 0.000307
vn -1.000000 0.000170 0.000307
vn 0.999999 -0.001059 -0.001018
vn 0.999999 -0.001059 -0.001018
vn 0.999999 -0.001059 -0.001018
vn 0.000000 1.000000 0.000000
vn 0.000000 1.000000 0.000000
vn 0.000000 0.707107 0.707107
vn 0.000000 0.447214 0.894427
vn 0.000000 0.941395 -0.337306
vn -0.561380 0.827558 0.000000
vn -0.168642 0.985677 0.000000
vn -0.219305 0.651351 -0.726393
vn -0.168642 0.985677 0.000000
vn -0.910377 0.413779 0.000000
vn -0.367910 0.827318 -0.424486
vn -0.383292 0.919896 -0.082935
vn -0.707107 0.707107 0.000000
vn -0.707107 0.707107 0.000000
vn -0.577350 0.577350 0.577350
vn 0.000000 1.000000 0.000000
vn 0.561380 0.827558 0.000000
vn 0.168642 0.985677 0.000000
vn 0.219304 0.651352 -0.726393
vn 0.168642 0.985677 0.000000
vn 0.910377 0.413779 0.000000
vn 0.367909 0.827318 -0.424486
vn 0.383292 0.919896 -0.082935
vn 0.707107 0.707107 0.000000
vn 0.707107 0.707107 0.000000
vn 0.577350 0.577350 0.577350
vn 0.000000 1.000000 0.000000
vn 0.000011 -0.902962 0.429721
vn 0.000119 -0.975669 -0.219247
vn 0.058470 -0.924366 -0.376999
vn -0.000053 -0.221985 0.975050
vn 0.001845 -0.098606 0.995125
vn 0.000000 -0.130605 0.991435
vn -0.258158 -0.946577 -0.193251
vn -0.574291 -0.460028 0.677174
vn -0.231482 -0.719898 -0.654342
vn -0.950034 -0.311026 -0.026405
vn -0.147089 -0.283858 0.947518
vn -0.589114 0.035556 0.807267
vn -0.740131 -0.117388 0.662138
vn -0.944760 -0.326869 -0.024209
vn -0.847654 -0.415915 0.329389
vn -0.984425 -0.175646 -0.007419
vn -0.995224 -0.094953 -0.022673
vn -0.875041 -0.126391 0.467257
vn -0.736695 -0.065841 0.673013
vn -0.735194 -0.065078 0.674726
vn -0.932430 -0.195504 -0.303896
vn -0.999995 -0.002350 0.002020
vn -0.017173 -0.030216 0.999396
vn -0.002972 -0.016195 0.999864
vn -0.999995 -0.002350 0.002020
vn -0.017359 -0.145209 0.989249
vn -0.983286 -0.182050 -0.002441
vn -0.057692 -0.925135 -0.375230
vn 0.296343 -0.929734 -0.218577
vn 0.576646 -0.480989 0.660401
vn 0.600008 -0.539404 -0.590791
vn 0.915595 -0.315385 -0.249437
vn 0.152683 -0.286556 0.945819
vn 0.557285 0.007665 0.830286
vn 0.824207 -0.171190 0.539794
vn 0.928783 -0.363668 -0.071464
vn 0.806043 -0.487431 0.335717
vn 0.970567 -0.240605 -0.010457
vn 0.965839 -0.243800 0.087845
vn 0.865641 -0.162152 0.473680
vn 0.874350 -0.060079 0.481562
vn 0.919016 -0.087200 0.384456
vn 0.823456 -0.537492 -0.181721
vn 0.823456 -0.537492 -0.181721
vn 0.043228 -0.169280 0.984620
vn 0.005402 -0.023631 0.999706
vn 0.823456 -0.537492 -0.181721
vn 0.022498 -0.150003 0.988430
vn 0.968040 -0.250794 -0.000255
vn 0.957779 -0.262896 -0.116383
vn 0.942222 -0.192413 -0.274217
vn -0.986189 -0.165149 0.012529
vn -0.995723 -0.075408 0.053384
vn -0.739237 0.260900 0.620854
vn -0.719951 -0.045121 0.692557
vn 0.739256 0.216511 0.637670
vn 0.732804 -0.143717 0.665089
vn 0.003094 -0.221984 0.975045
vn -0.003199 -0.221984 0.975045
vn -0.001090 0.099833 0.995004
vn 0.001077 0.168588 0.985686
vn 0.005402 -0.023631 0.999706
vn -0.002972 -0.016195 0.999864
vn -0.160950 -0.841366 -0.515943
vn 0.175903 -0.817354 -0.548626
vn 0.942222 -0.192413 -0.274217
vn -0.995723 -0.075408 0.053384
vn -0.743412 0.013758 0.668693
vn -0.738383 0.004921 0.674364
vn -0.741261 -0.070371 0.667517
vn -0.774483 -0.040908 0.631271
vn -0.865605 -0.000134 0.500728
vn -0.813804 -0.064341 0.577566
vn 0.930267 -0.001601 0.366879
vn 0.809590 0.013561 0.586839
vn 0.843389 -0.038168 0.535946
vn 0.827161 -0.012326 0.561830
vn 0.943470 -0.096321 0.317154
vn 0.665135 0.025111 0.746301
vn -0.750647 0.049595 0.658840
vn -0.137750 -0.716755 -0.683584
vn -0.469582 -0.219880 -0.855070
vn -0.296863 -0.885969 -0.356275
vn -0.738875 -0.600188 -0.306329
vn -0.945549 0.002707 -0.325470
vn -0.640638 0.443506 -0.626806
vn -0.036294 -0.045287 -0.998314
vn -0.048425 -0.732392 -0.679159
vn 0.486840 -0.811852 -0.322308
vn 0.906790 -0.333957 -0.257302
vn 0.906779 0.115198 -0.405562
vn 0.490118 0.498550 -0.715005
vn -0.201845 0.606379 -0.769132
vn 0.213549 0.527205 -0.822467
vn 0.105717 0.464776 -0.879095
vn -0.140963 0.504837 -0.851627
vn -0.114853 -0.899269 -0.422048
vn 0.135659 -0.918384 -0.371708
vn -0.424473 -0.846381 -0.321656
vn -0.128232 -0.919760 -0.370942
vn -0.430433 0.535101 -0.726907
vn -0.886200 0.149835 -0.438406
vn -0.271487 0.251312 -0.929052
vn -0.574787 -0.593793 -0.563054
vn -0.062920 0.425280 -0.902872
vn -0.103537 0.452327 -0.885822
vn 0.115066 -0.904092 -0.411555
vn 0.950263 0.006373 -0.311384
vn 0.688114 0.401695 -0.604268
vn 0.227415 0.595523 -0.770477
vn -0.884031 -0.384351 -0.266014
vn 0.321211 -0.876915 -0.357553
vn 0.786226 -0.542277 -0.296285
vn -0.194870 0.533907 -0.822781
vn 0.137279 0.506047 -0.851511
vn -0.087875 -0.898337 -0.430429
vn -0.745928 -0.663520 -0.057729
vn -0.569051 -0.811566 0.132444
vn -0.694615 -0.478268 0.537373
vn -0.685144 0.626112 0.372238
vn -0.687923 0.121998 0.715457
vn -0.964693 0.262928 0.015364
vn -0.611991 0.758091 -0.225309
vn -0.808406 -0.293988 -0.509952
vn -0.784285 0.535231 -0.313728
vn -0.561820 -0.757025 -0.333574
vn -0.639698 0.108791 -0.760888
vn -0.507568 -0.554700 -0.659305
vn -0.706700 0.305458 0.638177
vn -0.682204 -0.273969 0.677893
vn -0.516202 -0.853183 -0.074923
vn -0.544784 -0.813491 -0.203578
vn -0.627209 0.756815 0.183957
vn -0.670216 0.589777 -0.450527
vn -0.509513 0.860462 -0.000855
vn -0.618706 -0.739579 0.265002
vn -0.534473 -0.741328 -0.405921
vn -0.447428 0.340915 -0.826792
vn -0.574181 -0.617667 -0.537405
vn -0.591550 -0.203990 -0.780036
vn 0.157688 -0.575397 0.802529
vn -0.825081 -0.292030 -0.483694
vn -0.902549 0.359867 -0.236434
vn -0.054862 0.629246 0.775268
vn -0.191851 -0.857963 0.476543
vn -0.604556 -0.796279 0.021240
vn 0.374884 0.132539 0.917549
vn 0.340191 -0.313022 0.886728
vn -0.104090 -0.817300 0.566733
vn -0.798681 -0.510242 -0.319003
vn -0.883261 0.158021 -0.441452
vn -0.257251 0.755956 0.601958
vn -0.446991 -0.868690 0.213486
vn 0.258836 0.308426 0.915356
vn -0.742229 0.658503 0.124381
vn -0.606080 0.747415 0.272098
vn 0.845343 -0.532167 -0.046836
vn 0.522222 -0.700468 0.486446
vn 0.422051 -0.193908 0.885592
vn 0.367868 0.899445 0.235948
vn 0.423289 0.433891 0.795339
vn 0.807859 0.589356 0.004861
vn 0.395863 0.714350 -0.577058
vn 0.821917 -0.504186 -0.265044
vn 0.578459 0.343183 -0.740007
vn 0.469286 -0.854329 -0.223365
vn 0.362826 -0.181735 -0.913964
vn 0.441591 -0.661469 -0.606181
vn 0.476648 -0.374984 0.795106
vn 0.400471 0.212769 0.891265
vn 0.272813 0.962067 -0.000974
vn 0.350621 0.891205 -0.287782
vn 0.506765 -0.828053 0.239829
vn 0.302393 -0.393489 -0.868173
vn 0.407041 0.782855 0.470591
vn 0.316927 0.840940 -0.438608
vn 0.465715 -0.807139 -0.362817
vn 0.457489 -0.885671 -0.079314
vn 0.370716 0.177247 -0.911676
vn 0.349005 -0.586463 -0.730929
vn -0.366350 -0.294345 0.882694
vn 0.758797 -0.585693 -0.284939
vn 0.939767 0.234118 -0.249052
vn -0.135689 0.947758 0.288692
vn -0.225165 -0.862692 0.452838
vn 0.188293 -0.978608 -0.082899
vn -0.350683 0.318529 0.880659
vn 0.431204 0.895182 -0.112752
vn 0.906515 -0.324134 -0.270496
vn 0.412684 -0.896180 -0.162949
vn 0.815931 0.543899 -0.196036
vn -0.254327 0.749763 0.610879
vn 0.222297 0.972589 -0.068227
vn -0.128610 -0.964154 0.232091
vn -0.367227 -0.516955 0.773241
vn -0.363294 0.121608 0.923704
vn -0.003537 -0.728749 0.684771
vn 0.000353 0.690389 0.723439
vn -0.487926 -0.231308 0.841680
vn -0.372199 0.285851 0.883039
vn 0.454008 -0.280299 0.845759
vn 0.491979 0.060179 0.868525
vn 0.144539 -0.628262 0.764458
vn -0.227214 -0.564201 0.793758
vn -0.085974 0.620807 0.779235
vn 0.210224 0.497568 0.841565
vn 0.003293 -0.728847 0.684668
vn -0.116512 -0.653317 0.748065
vn -0.000414 0.690394 0.723433
vn 0.104040 0.602008 0.791683
vn 0.279551 -0.505137 0.816510
vn -0.171483 0.546531 0.819694
vn 0.510302 -0.195411 0.837500
vn -0.407431 -0.350419 0.843330
vn 0.407163 0.228312 0.884360
vn -0.474420 0.089406 0.875747
vn 1.000000 -0.000669 0.000000
vn 1.000000 -0.000008 0.000009
vn 1.000000 -0.000529 0.000565
vn 1.000000 -0.000529 0.000565
vn 1.000000 -0.000529 0.000565
vn 1.000000 -0.000669 0.000000
vn 1.000000 -0.000669 0.000000
vn 1.000000 -0.000669 0.000000
vn 1.000000 -0.000669 0.000000
vn 1.000000 -0.000008 0.000009
vn 1.000000 -0.000008 0.000009
vn 0.972176 -0.157060 -0.173800
vn 0.707720 0.653289 -0.268973
vn 0.720916 0.673480 -0.163415
vn 0.920403 0.390911 0.006823
vn 1.000000 -0.000008 0.000009
vn 1.000000 -0.000008 0.000009
vn 0.988441 -0.151582 -0.002646
vn 0.682013 -0.411959 -0.604274
vn 0.268021 -0.669243 -0.693021
vn 0.210894 0.904630 -0.370362
vn 0.285845 0.835182 -0.469856
vn 0.268021 0.963266 0.016814
vn 0.241808 -0.519233 -0.819711
vn 0.954032 -0.299660 -0.005230
vn 0.827663 -0.366512 -0.425020
vn 0.103785 -0.299346 -0.948483
vn 0.603439 -0.387942 -0.696680
vn 0.906478 0.205204 -0.369038
vn 0.296400 0.499216 -0.814205
vn 0.249332 -0.471138 -0.846087
vn 0.487084 0.688334 -0.537537
vn 0.480342 0.875373 0.054720
vn 0.486204 0.678400 0.550798
vn 0.498806 0.227565 0.836305
vn 0.487063 0.051675 0.871837
vn 0.474144 0.137279 -0.869679
vn 0.803731 0.434110 -0.406897
vn 0.793871 0.601473 -0.089441
vn 0.795814 0.542936 0.268141
vn 0.803099 0.285475 0.523007
vn 0.915101 0.042693 0.400958
vn 0.999626 0.027336 -0.000959
vn 0.999626 0.027336 -0.000959
vn 0.448451 -0.049268 -0.892448
vn 0.419755 0.854506 0.305984
vn 0.992110 0.031396 0.121373
vn 0.760049 0.605638 0.235643
vn 0.536438 0.763633 -0.359303
vn 0.138857 0.988353 -0.062269
vn 0.735823 0.676019 0.039539
vn 0.999604 0.027565 0.005643
vn 0.160544 0.986900 -0.015964
vn 0.487063 -0.025708 -0.872988
vn 0.677864 0.575881 -0.457013
vn 0.980746 0.020078 -0.194253
vn 0.482707 0.653276 -0.583287
vn 0.408294 -0.073389 -0.909896
vn 0.977745 0.174877 0.115902
vn 0.930835 0.041458 0.363080
vn 0.644515 0.564919 0.515235
vn 0.858491 0.044936 0.510856
vn 0.321475 0.031593 -0.946391
vn 0.341437 0.448905 -0.825776
vn 0.146133 0.989265 0.000000
vn 0.811618 0.030828 -0.583375
vn 0.999562 0.029598 0.000000
vn 0.584932 0.733978 -0.345154
vn 0.898439 0.439098 0.000000
vn 0.506233 0.655771 -0.560082
vn 0.504040 0.863309 0.025342
vn 0.504039 0.683536 0.527943
vn 0.504039 0.242675 0.828887
vn 0.487457 0.068506 0.870455
vn 0.478553 0.094111 -0.873001
vn 0.815687 0.397676 -0.420130
vn 0.810102 0.576131 -0.108668
vn 0.810101 0.529973 0.250728
vn 0.810101 0.281383 0.514354
vn 0.915541 0.031557 0.400984
vn 1.000000 -0.000008 0.000009
vn 0.836572 -0.365525 -0.408092
vn 0.670960 -0.221056 -0.707776
vn 0.442663 0.852811 0.277061
vn 0.989013 0.010259 0.147471
vn 0.762212 0.598993 0.245438
vn 0.557456 0.735820 -0.384463
vn -0.031490 0.996444 -0.078159
vn 0.191494 0.757361 -0.624287
vn 0.897604 -0.030593 -0.439740
vn -0.349438 0.931878 -0.097450
vn 0.178414 -0.077959 -0.980862
vn -0.134241 0.597698 -0.790403
vn 0.415574 -0.461806 -0.783603
vn 0.359396 -0.638235 -0.680802
vn 0.982048 0.152039 0.111649
vn 0.966820 0.020042 0.254673
vn 0.659222 0.564614 0.496626
vn 0.858909 0.039146 0.510630
vn 1.000000 -0.000008 0.000009
vn -0.999978 -0.006702 -0.000168
vn -0.999999 -0.001520 -0.000592
vn -0.999999 -0.001081 -0.000157
vn -1.000000 0.000050 -0.000052
vn -0.999989 -0.004627 0.000002
vn -1.000000 0.000050 -0.000052
vn -0.999858 -0.016833 -0.000059
vn -0.999984 -0.005705 0.000208
vn -0.999965 -0.008346 -0.000010
vn -0.999984 -0.005705 0.000208
vn -0.999995 -0.003064 0.000427
vn -1.000000 0.000050 -0.000052
vn -0.972176 -0.157059 -0.173800
vn -0.707720 0.653289 -0.268973
vn -0.720916 0.673480 -0.163415
vn -0.920403 0.390911 0.006823
vn -1.000000 0.000050 -0.000052
vn -1.000000 0.000050 -0.000052
vn -0.988441 -0.151582 -0.002646
vn -0.682013 -0.411959 -0.604274
vn -0.268021 -0.669243 -0.693022
vn -0.210894 0.904630 -0.370362
vn -0.285845 0.835182 -0.469856
vn -0.268021 0.963266 0.016814
vn -0.241808 -0.519233 -0.819711
vn -0.954032 -0.299660 -0.005230
vn -0.827663 -0.366512 -0.425020
vn -0.103785 -0.299346 -0.948483
vn -0.603439 -0.387942 -0.696680
vn -0.906478 0.205204 -0.369038
vn -0.296400 0.499216 -0.814205
vn -0.249332 -0.471138 -0.846087
vn -0.536287 0.705453 -0.463391
vn -0.443246 0.887922 0.122993
vn -0.386766 0.687586 0.614522
vn -0.372995 0.235209 0.897525
vn -0.361506 0.058807 0.930513
vn -0.584597 0.156681 -0.796051
vn -0.839178 0.459156 -0.291472
vn -0.781213 0.623869 0.022210
vn -0.735869 0.562810 0.376485
vn -0.715527 0.303803 0.629066
vn -0.850036 0.065111 0.522685
vn -0.989168 0.055024 0.136087
vn -0.989168 0.055024 0.136087
vn -0.915003 0.014540 -0.403184
vn -0.349462 0.863559 0.363514
vn -0.964870 0.057985 0.256249
vn -0.703119 0.624732 0.339608
vn -0.558625 0.780794 -0.279821
vn -0.117909 0.992247 -0.039289
vn -0.703965 0.695838 0.142274
vn -0.988236 0.055205 0.142625
vn -0.133088 0.991058 0.009545
vn -0.602477 -0.005856 -0.798115
vn -0.717374 0.597746 -0.357874
vn -0.997131 0.048652 -0.057995
vn -0.539211 0.670622 -0.509429
vn -0.530888 -0.055432 -0.845627
vn -0.947314 0.201049 0.249351
vn -0.901781 0.063495 0.427504
vn -0.551616 0.578795 0.600596
vn -0.778879 0.064986 0.623799
vn -0.989168 0.055024 0.136087
vn -0.506233 0.655772 -0.560082
vn -0.504040 0.863309 0.025342
vn -0.504039 0.683536 0.527943
vn -0.504039 0.242675 0.828887
vn -0.487457 0.068506 0.870455
vn -0.478553 0.094111 -0.873001
vn -0.815687 0.397676 -0.420130
vn -0.810102 0.576131 -0.108668
vn -0.810101 0.529973 0.250728
vn -0.810101 0.281383 0.514354
vn -0.915541 0.031557 0.400984
vn -1.000000 0.000050 -0.000052
vn -0.836572 -0.365525 -0.408092
vn -0.670960 -0.221056 -0.707776
vn -0.442663 0.852811 0.277061
vn -0.989013 0.010259 0.147471
vn -0.762212 0.598993 0.245438
vn -0.557456 0.735820 -0.384463
vn 0.031490 0.996444 -0.078159
vn -0.191494 0.757361 -0.624287
vn -0.897604 -0.030593 -0.439740
vn 0.349438 0.931878 -0.097450
vn -0.178414 -0.077959 -0.980862
vn 0.134241 0.597698 -0.790403
vn -0.415574 -0.461806 -0.783603
vn -0.359396 -0.638235 -0.680802
vn -0.982048 0.152039 0.111649
vn -0.966820 0.020042 0.254673
vn -0.659222 0.564614 0.496625
vn -0.858909 0.039146 0.510630
vn -1.000000 0.000050 -0.000052
vn -0.321475 0.031593 -0.946391
vn -0.321475 0.031593 0.946391
vn -0.341437 0.448905 -0.825776
vn -0.318251 0.691290 0.648718
vn -0.811618 0.030828 -0.583375
vn -0.653434 0.028160 0.756460
vn -0.584932 0.733978 -0.345154
vn -0.866034 0.372215 0.333827
vn -0.280656 -0.038830 -0.959023
vn -0.280656 0.532285 -0.798689
vn -0.280656 0.900086 -0.333284
vn -0.280655 0.924084 0.259425
vn -0.269382 0.854221 0.444679
vn -0.269383 -0.429703 -0.861851
vn 0.306724 -0.223244 -0.925247
vn 0.306724 0.363238 -0.879760
vn 0.306724 0.810976 -0.498235
vn 0.306724 0.948949 0.073600
vn 0.474745 0.748004 0.463796
vn 0.951884 0.045297 0.303092
vn 0.951884 -0.141507 0.271832
vn 0.951884 -0.274260 0.136741
vn 0.951884 -0.302256 -0.050580
vn 0.722600 -0.381168 -0.576680
vn 1.000000 0.000000 0.000000
vn 0.280656 -0.038830 -0.959023
vn 0.280656 0.532285 -0.798689
vn 0.280656 0.900086 -0.333284
vn 0.280655 0.924084 0.259425
vn 0.269382 0.854221 0.444679
vn 0.269383 -0.429703 -0.861851
vn -0.306724 -0.223244 -0.925247
vn -0.306724 0.363238 -0.879760
vn -0.306724 0.810976 -0.498235
vn -0.306724 0.948949 0.073600
vn -0.474745 0.748004 0.463796
vn -0.951884 0.045297 0.303092
vn -0.951884 -0.141507 0.271832
vn -0.951884 -0.274260 0.136741
vn -0.951884 -0.302256 -0.050580
vn -0.722600 -0.381168 -0.576680
vn -1.000000 0.000000 0.000000
vn -0.676738 0.442555 0.588363
vn -0.562520 0.794257 -0.229626
vn -0.746272 0.577883 0.330346
vn -0.004020 0.943883 0.330257
vn -0.002276 0.522434 0.852677
vn -0.001603 0.791089 0.611699
vn 0.000004 0.983896 0.178744
vn 0.000000 0.987043 -0.160455
vn -0.000099 0.934341 0.356380
vn -0.014184 0.843327 0.537214
vn -0.792843 0.591833 0.145376
vn -0.668331 0.731475 0.135201
vn -0.491851 0.842886 0.218232
vn -0.284456 0.925115 0.251488
vn -0.066993 0.953672 0.293293
vn -0.205808 0.828614 0.520617
vn -0.457018 0.784058 0.419984
vn -0.681496 0.677583 0.276485
vn -0.844827 0.495397 0.202110
vn -0.272165 0.899423 0.342001
vn -0.031409 0.847969 0.529114
vn -0.391020 0.527687 0.754089
vn -0.068053 0.555828 0.828507
vn -0.513836 0.729198 0.451933
vn -0.132749 0.832186 0.538372
vn -0.395807 0.912217 0.105817
vn -0.130256 0.984434 0.117997
vn -0.300267 0.936154 -0.182908
vn -0.187772 0.967797 -0.167663
vn 0.547561 0.811231 -0.205136
vn 0.040068 0.963192 0.265811
vn 0.028266 0.837293 0.546023
vn 0.388601 0.919086 0.065343
vn 0.240478 0.969176 0.053557
vn 0.220591 0.940048 0.260096
vn 0.103562 0.961559 0.254321
vn 0.200924 0.853007 0.481672
vn 0.283009 0.841369 0.460440
vn 0.283435 0.934695 -0.214498
vn 0.011636 0.840596 0.541537
vn -0.001110 0.608222 0.793766
vn 0.004818 0.888760 0.458348
vn 0.000000 0.999866 0.016393
vn 0.000000 0.987043 -0.160455
vn -0.441450 0.271213 0.855316
vn -0.169120 0.253407 0.952462
vn -0.002283 0.237527 0.971378
vn -0.611284 0.272330 0.743080
vn 0.005299 0.272287 0.962202
vn -0.012444 0.978130 -0.207623
vn -0.230763 0.953521 -0.193766
vn 0.000851 0.974903 -0.222630
vn -0.541435 0.825054 -0.161658
vn -0.801459 0.587438 -0.112159
vn 0.077825 0.976120 -0.202812
vn 0.283391 0.944580 -0.165702
vn 0.404617 0.896694 -0.179512
vn -0.003076 0.378287 0.925683
vn -0.130618 0.371751 0.919097
vn -0.440211 0.339543 0.831219
vn 0.004467 0.396382 0.918075
vn -0.580149 0.304508 0.755448
vn -0.080392 0.994895 -0.061009
vn 0.008128 0.998784 -0.048616
vn -0.592084 0.805172 -0.033683
vn -0.266478 0.963380 -0.029798
vn 0.080960 0.996022 -0.037231
vn 0.270502 0.961858 -0.040719
vn 0.357121 0.931230 -0.072629
vn -0.728784 0.684633 0.012320
vn -0.002898 0.933048 0.359740
vn -0.001062 0.838738 0.544534
vn -0.009447 0.992193 -0.124355
vn -0.299286 0.944077 -0.138368
vn -0.743499 0.034291 -0.667857
vn -0.495376 0.602153 -0.626111
vn -0.148331 0.876600 -0.457789
vn 0.006857 0.992089 -0.125350
vn 0.744416 -0.123769 -0.656145
vn 0.530561 0.540854 -0.652673
vn 0.189286 0.878037 -0.439571
vn 0.004246 0.493808 -0.869561
vn -0.726445 0.352299 -0.590053
vn -0.013703 0.734109 -0.678894
vn 0.163761 0.472341 -0.866069
vn -0.282324 0.556563 -0.781365
vn -0.000012 0.187035 -0.982353
vn 0.718944 -0.250971 -0.648177
vn -0.646914 0.051333 -0.760833
vn 0.000214 -0.180174 -0.983635
vn 0.774966 -0.582462 -0.245290
vn -0.369900 -0.889947 -0.266774
vn 0.000386 -0.522714 -0.852508
vn -0.245827 -0.199723 -0.948515
vn 0.189857 0.981729 0.012765
vn 0.735189 0.494763 -0.463364
vn 0.418614 0.069926 -0.905468
vn -0.000002 0.157898 -0.987455
vn 0.000214 -0.180174 -0.983635
vn 0.000386 -0.522714 -0.852508
vn 0.609433 0.771666 -0.181997
vn -0.357453 0.919722 0.162291
vn -0.535479 0.465259 -0.704838
vn -0.512388 0.017928 -0.858567
vn 0.616237 0.356130 -0.702440
vn 0.245487 -0.200456 -0.948448
vn -0.657379 0.141985 -0.740063
vn 0.636441 0.310518 -0.706060
vn -0.212502 0.688617 -0.693288
vn -0.570323 0.020739 -0.821159
vn 0.718827 -0.251495 -0.648104
vn -0.623886 -0.313661 -0.715810
vn -0.826463 0.387911 -0.408024
vn 0.369756 -0.916363 -0.153490
vn -0.054359 0.938982 -0.339645
vn 0.051327 0.945751 -0.320811
vn -0.001764 0.981785 -0.189988
vn -0.001104 0.980135 -0.198330
vn 0.000052 0.310258 -0.950652
vn 0.000052 0.310258 -0.950652
vn 0.000052 0.310258 -0.950652
vn 0.000052 0.310258 -0.950652
vn -0.776557 0.590469 0.219783
vn -0.938826 0.216219 0.268059
vn -0.011160 0.999505 -0.029432
vn -0.523334 0.687050 -0.504067
vn -0.885331 0.146578 -0.441252
vn -0.366501 -0.000000 -0.930418
vn -0.366501 -0.000000 -0.930418
vn -0.262975 0.696527 -0.667603
vn -0.249242 -0.025966 -0.968093
vn -0.249242 -0.025966 -0.968093
vn -0.249242 -0.025966 -0.968093
vn -0.249242 -0.025966 -0.968093
vn -0.707107 0.703281 0.073450
vn -0.000002 0.994591 0.103874
vn -1.000000 0.000000 0.000000
vn -0.894403 0.364400 -0.259336
vn -0.000001 0.814736 -0.579832
vn -0.447214 0.203640 -0.870937
vn -0.000001 0.227676 -0.973737
vn -1.000000 0.000000 0.000000
vn -1.000000 0.000000 0.000000
vn 0.000000 0.000000 -1.000000
vn 0.000000 0.000000 -1.000000
vn 0.000000 0.000000 -1.000000
vn -0.602908 -0.369462 -0.707107
vn -0.787027 0.130199 -0.603023
vn -0.280758 0.746685 -0.603023
vn -0.011706 0.447060 -0.894427
vn -0.852640 -0.522498 0.000000
vn -0.976697 -0.214622 0.000000
vn -0.674217 0.738533 0.000000
vn -0.026176 0.999657 0.000000
vn -0.852640 -0.522498 0.000000
vn -0.986591 0.163211 0.000000
vn -0.351950 0.936019 0.000000
vn -0.026176 0.999657 0.000000
vn 0.511717 0.026328 -0.858751
vn 0.117156 -0.311581 -0.942970
vn -0.558170 -0.375878 -0.739704
vn -0.941097 0.080218 -0.328483
vn -0.518007 0.836197 -0.180120
vn 0.214695 0.922938 -0.319517
vn 0.597924 0.389647 -0.700473
vn 0.323574 -0.220571 -0.920135
vn -0.173563 -0.278385 -0.944658
vn -0.561979 0.168332 -0.809842
vn -0.441024 0.810127 -0.386254
vn 0.145949 0.931331 -0.333647
vn 0.000000 0.000000 -1.000000
vn 0.000000 0.000000 -1.000000
vn 0.000000 0.000000 -1.000000
vn -0.624338 -0.331967 -0.707107
vn -0.777611 0.178003 -0.603023
vn -0.234651 0.762432 -0.603023
vn 0.015608 0.446941 -0.894427
vn -0.882948 -0.469472 0.000000
vn -0.987978 -0.154596 0.000000
vn -0.627873 0.778316 0.000000
vn 0.034900 0.999391 0.000000
vn -0.882948 -0.469472 0.000000
vn -0.974787 0.223138 0.000000
vn -0.294151 0.955759 0.000000
vn 0.034900 0.999391 0.000000
vn 0.512369 -0.004960 -0.858751
vn 0.097916 -0.318153 -0.942969
vn -0.580076 -0.341102 -0.739704
vn -0.934444 0.137522 -0.328483
vn -0.465991 0.866261 -0.180120
vn 0.270638 0.908110 -0.319517
vn 0.620595 0.352419 -0.700473
vn 0.309504 -0.239913 -0.920135
vn -0.190233 -0.267270 -0.944658
vn -0.550655 0.202326 -0.809842
vn -0.390744 0.835540 -0.386255
vn 0.202533 0.920684 -0.333648
vn 0.000000 0.986520 0.163642
vn -0.641458 0.743788 0.187913
vn -0.852428 0.495155 0.167894
vn 1.000000 -0.000001 0.000000
vn 0.455943 0.773491 -0.440260
vn -0.285557 0.815132 -0.504000
vn -0.664224 0.372231 -0.648268
vn -0.000001 -0.017455 -0.999848
vn 0.609694 -0.364351 -0.703933
vn 0.397346 -0.016016 -0.917529
vn 0.000000 0.986520 0.163642
vn 0.320728 0.928666 0.186313
vn 0.852427 0.495157 0.167894
vn -1.000000 0.000000 0.000000
vn -0.322010 0.913108 -0.250087
vn 0.570559 0.649900 -0.502089
vn 0.411367 0.222107 -0.883994
vn -0.000001 -0.017455 -0.999848
vn -0.609694 -0.364350 -0.703933
vn -0.397347 -0.016016 -0.917529
vn 0.000000 0.000000 -1.000000
vn 0.000000 0.000000 -1.000000
vn 0.000000 0.000000 -1.000000
vn -0.580424 -0.319946 -0.748828
vn -0.741487 0.172489 -0.648417
vn -0.256265 0.739774 -0.622144
vn 0.000000 0.441042 -0.897486
vn -0.875429 -0.460040 -0.148280
vn -0.981519 -0.143090 -0.127063
vn -0.623913 0.779351 -0.057834
vn 0.000000 0.999430 -0.033761
vn 0.000000 0.986520 0.163642
vn -0.641458 0.743788 0.187913
vn -0.852428 0.495155 0.167894
vn 1.000000 -0.000001 0.000000
vn 0.455943 0.773491 -0.440260
vn -0.285557 0.815132 -0.504000
vn -0.664224 0.372231 -0.648268
vn -0.000001 -0.017455 -0.999848
vn 0.609694 -0.364351 -0.703933
vn 0.397346 -0.016016 -0.917529
vn 0.000000 0.986520 0.163642
vn -0.641458 0.743788 0.187913
vn -0.852428 0.495155 0.167894
vn 1.000000 -0.000001 0.000000
vn 0.455943 0.773491 -0.440260
vn -0.285557 0.815132 -0.504000
vn -0.664224 0.372231 -0.648268
vn -0.000001 -0.017455 -0.999848
vn 0.609694 -0.364351 -0.703933
vn 0.397346 -0.016016 -0.917529
vn 0.000000 0.000000 -1.000000
vn 0.000000 0.000000 -1.000000
vn 0.000000 0.000000 -1.000000
vn 0.000000 0.000000 -1.000000
vn 0.000000 0.000000 -1.000000
vn 0.000000 0.000000 -1.000000
vn 0.000000 0.000000 -1.000000
vn 0.000000 0.000000 -1.000000
vn 0.000000 0.000000 -1.000000
vn 0.000000 0.000000 -1.000000
vn 0.000000 0.000000 -1.000000
vn 0.000000 0.000000 -1.000000
vn 0.000000 0.000000 -1.000000
vn 0.000000 0.000000 -1.000000
vn 0.000000 0.000000 -1.000000
vn 0.000000 0.000000 -1.000000
vn 0.000000 0.000000 -1.000000
vn 0.000000 0.000000 -1.000000
vn 0.000000 0.000000 -1.000000
vn 0.000000 0.000000 -1.000000
vn 0.000000 0.000000 -1.000000
vn 0.000000 0.000000 -1.000000
vn 0.000000 0.000000 -1.000000
vn 0.000000 0.000000 -1.000000
vn 0.000000 0.000000 -1.000000
vn 0.000000 0.000000 -1.000000
vn 0.000000 0.000000 -1.000000
vn 0.000000 0.000000 -1.000000
vn 0.000000 0.000000 -1.000000
vn 0.000000 0.000000 -1.000000
vn 0.000000 0.000000 -1.000000
vn 0.000000 0.000000 -1.000000
vn 0.000000 0.000000 -1.000000
vn 0.000000 0.000000 -1.000000
vn 0.000000 0.000000 -1.000000
vn 0.000000 0.000000 -1.000000
vn -0.000020 0.310734 -0.950497
vn -0.000020 0.310734 -0.950497
vn -0.000020 0.310734 -0.950497
vn 0.000133 0.310020 -0.950730
vn -0.000211 -0.000388 -1.000000
vn -0.000211 -0.000388 -1.000000
vn -0.000211 -0.000388 -1.000000
vn -0.000211 -0.000388 -1.000000
vn -0.000442 0.000000 -1.000000
vn -0.000442 0.000000 -1.000000
vn -0.000442 0.000000 -1.000000
vn -0.000442 0.000000 -1.000000
vn -0.119226 0.000001 -0.992867
vn 0.041183 -0.938448 -0.342957
vn 0.041183 0.938449 -0.342955
vn -0.115164 0.030858 -0.992867
vn -0.203109 -0.917130 -0.342956
vn 0.282668 0.895813 -0.342955
vn -0.103253 0.059613 -0.992867
vn -0.433559 -0.833312 -0.342955
vn 0.504890 0.792129 -0.342955
vn -0.084305 0.084306 -0.992867
vn -0.634462 -0.692704 -0.342955
vn 0.692704 0.634463 -0.342955
vn -0.059613 0.103253 -0.992867
vn -0.792129 -0.504890 -0.342956
vn 0.833312 0.433559 -0.342955
vn -0.030858 0.115164 -0.992867
vn -0.895813 -0.282668 -0.342955
vn 0.917131 0.203108 -0.342955
vn 0.000000 0.119226 -0.992867
vn -0.938448 -0.041183 -0.342956
vn 0.938449 -0.041183 -0.342955
vn 0.030858 0.115164 -0.992867
vn -0.917131 0.203108 -0.342956
vn 0.895813 -0.282668 -0.342955
vn 0.059613 0.103253 -0.992867
vn -0.833312 0.433558 -0.342956
vn 0.792129 -0.504890 -0.342955
vn 0.084305 0.084306 -0.992867
vn -0.692704 0.634463 -0.342954
vn 0.634462 -0.692704 -0.342956
vn 0.103253 0.059613 -0.992867
vn -0.504890 0.792129 -0.342955
vn 0.433559 -0.833312 -0.342956
vn 0.115163 0.030858 -0.992867
vn -0.282668 0.895813 -0.342955
vn 0.203109 -0.917130 -0.342955
vn 0.119227 0.000001 -0.992867
vn -0.041183 0.938449 -0.342955
vn -0.041183 -0.938448 -0.342956
vn 0.115164 -0.030858 -0.992867
vn 0.203109 0.917131 -0.342955
vn -0.282668 -0.895813 -0.342955
vn 0.103254 -0.059613 -0.992867
vn 0.433559 0.833312 -0.342954
vn -0.504890 -0.792129 -0.342955
vn 0.084305 -0.084306 -0.992867
vn 0.634462 0.692704 -0.342956
vn -0.692704 -0.634462 -0.342955
vn 0.059613 -0.103253 -0.992867
vn 0.792129 0.504890 -0.342956
vn -0.833312 -0.433559 -0.342956
vn 0.030858 -0.115164 -0.992867
vn 0.895813 0.282668 -0.342955
vn -0.917130 -0.203108 -0.342956
vn 0.000001 -0.119226 -0.992867
vn 0.938449 0.041183 -0.342955
vn -0.938448 0.041183 -0.342957
vn -0.030858 -0.115164 -0.992867
vn 0.917131 -0.203108 -0.342955
vn -0.895813 0.282668 -0.342955
vn -0.059614 -0.103253 -0.992867
vn 0.833312 -0.433559 -0.342955
vn -0.792129 0.504890 -0.342955
vn -0.084306 -0.084304 -0.992867
vn 0.692704 -0.634462 -0.342957
vn -0.634463 0.692705 -0.342954
vn -0.103253 -0.059613 -0.992867
vn 0.504889 -0.792129 -0.342956
vn -0.433559 0.833312 -0.342956
vn -0.115164 -0.030858 -0.992867
vn 0.282668 -0.895813 -0.342955
vn -0.203109 0.917131 -0.342955
vn -0.119226 0.000001 -0.992867
vn 0.041183 -0.938448 -0.342957
vn 0.041183 0.938449 -0.342955
vn -0.115164 0.030858 -0.992867
vn -0.203109 -0.917130 -0.342956
vn 0.282668 0.895813 -0.342955
vn -0.103253 0.059613 -0.992867
vn -0.433559 -0.833312 -0.342955
vn 0.504890 0.792129 -0.342955
vn -0.084305 0.084306 -0.992867
vn -0.634462 -0.692704 -0.342955
vn 0.692704 0.634463 -0.342955
vn -0.059613 0.103253 -0.992867
vn -0.792129 -0.504890 -0.342956
vn 0.833312 0.433559 -0.342955
vn -0.030858 0.115164 -0.992867
vn -0.895813 -0.282668 -0.342955
vn 0.917131 0.203108 -0.342955
vn 0.000000 0.119226 -0.992867
vn -0.938448 -0.041183 -0.342956
vn 0.938449 -0.041183 -0.342955
vn 0.030858 0.115164 -0.992867
vn -0.917131 0.203108 -0.342956
vn 0.895813 -0.282668 -0.342955
vn 0.059613 0.103253 -0.992867
vn -0.833312 0.433558 -0.342956
vn 0.792129 -0.504890 -0.342955
vn 0.084305 0.084306 -0.992867
vn -0.692704 0.634463 -0.342954
vn 0.634462 -0.692704 -0.342956
vn 0.103253 0.059613 -0.992867
vn -0.504890 0.792129 -0.342955
vn 0.433559 -0.833312 -0.342956
vn 0.115163 0.030858 -0.992867
vn -0.282668 0.895813 -0.342955
vn 0.203109 -0.917130 -0.342955
vn 0.119227 0.000001 -0.992867
vn -0.041183 0.938449 -0.342955
vn -0.041183 -0.938448 -0.342956
vn 0.115164 -0.030858 -0.992867
vn 0.203109 0.917131 -0.342955
vn -0.282668 -0.895813 -0.342955
vn 0.103254 -0.059613 -0.992867
vn 0.433559 0.833312 -0.342954
vn -0.504890 -0.792129 -0.342955
vn 0.084305 -0.084306 -0.992867
vn 0.634462 0.692704 -0.342956
vn -0.692704 -0.634462 -0.342955
vn 0.059613 -0.103253 -0.992867
vn 0.792129 0.504890 -0.342956
vn -0.833312 -0.433559 -0.342956
vn 0.030858 -0.115164 -0.992867
vn 0.895813 0.282668 -0.342955
vn -0.917130 -0.203108 -0.342956
vn 0.000001 -0.119226 -0.992867
vn 0.938449 0.041183 -0.342955
vn -0.938448 0.041183 -0.342957
vn -0.030858 -0.115164 -0.992867
vn 0.917131 -0.203108 -0.342955
vn -0.895813 0.282668 -0.342955
vn -0.059614 -0.103253 -0.992867
vn 0.833312 -0.433559 -0.342955
vn -0.792129 0.504890 -0.342955
vn -0.084306 -0.084304 -0.992867
vn 0.692704 -0.634462 -0.342957
vn -0.634463 0.692705 -0.342954
vn -0.103253 -0.059613 -0.992867
vn 0.504889 -0.792129 -0.342956
vn -0.433559 0.833312 -0.342956
vn -0.115164 -0.030858 -0.992867
vn 0.282668 -0.895813 -0.342955
vn -0.203109 0.917131 -0.342955
vn 0.977635 -0.200995 -0.061893
vn 0.595634 0.724767 -0.346313
vn 0.618501 -0.053132 -0.783986
vn 0.594253 -0.382856 -0.707308
vn 0.202601 0.323171 0.924399
vn 0.272904 0.960763 -0.049579
vn 0.082552 0.398005 -0.913661
vn -0.113950 -0.342410 -0.932615
vn 0.141661 0.336723 0.930887
vn 0.248402 0.881000 0.402661
vn 0.066340 0.400819 -0.913752
vn -0.085051 -0.348029 -0.933618
vn -0.068342 0.372613 0.925467
vn -0.069612 0.905706 0.418152
vn -0.241816 0.459961 -0.854377
vn -0.262985 -0.308283 -0.914221
vn -0.977635 0.200995 0.061893
vn -0.656322 0.695133 0.293312
vn -0.763611 0.538429 -0.356359
vn -0.763822 -0.109391 -0.636089
vn 0.981981 -0.173959 -0.073841
vn 0.327327 -0.869795 -0.369206
vn -0.654654 -0.695836 -0.295365
vn -0.981981 0.173959 0.073841
vn -0.327327 0.869795 0.369206
vn 0.654654 0.695836 0.295365
vn 0.981981 0.173959 0.073841
vn 0.654654 -0.695836 -0.295365
vn -0.327327 -0.869795 -0.369206
vn -0.981981 -0.173959 -0.073841
vn -0.654654 0.695836 0.295365
vn 0.327327 0.869795 0.369206
vn -0.517751 0.645985 -0.560925
vn 0.033731 -0.594598 -0.803316
vn 0.510506 -0.051952 -0.858303
vn 0.223838 0.904696 -0.362521
vn -0.437959 0.605686 -0.664332
vn -0.439433 0.189709 -0.878014
vn 0.464753 0.471084 -0.749723
vn 0.377748 0.004766 -0.925896
vn -0.526146 -0.016499 -0.850234
vn -0.304235 -0.700399 -0.645665
vn -0.604805 0.792364 0.079817
vn -0.534263 0.757711 -0.374750
vn 0.522729 0.625768 -0.578938
vn 0.312621 0.948327 0.054262
vn 0.608389 -0.605865 -0.512631
vn 0.527801 -0.263864 -0.807343
vn 0.829365 -0.218934 -0.514026
vn 0.923945 0.275257 -0.265631
vn 0.626963 0.773200 -0.095283
vn 0.458512 0.884921 0.081743
vn 0.045206 0.990743 0.128006
vn -0.377273 0.920630 0.100526
vn -0.725250 0.688470 0.004745
vn -0.838307 0.509716 -0.193472
vn -0.926111 -0.003285 -0.377237
vn -0.621451 -0.478003 -0.620735
vn -0.521186 -0.574239 -0.631359
vn 0.174211 -0.061278 -0.982800
vn 0.549617 -0.561192 -0.618857
vn 0.724152 -0.481309 -0.493908
vn 0.577773 0.773888 0.259378
vn 0.406090 0.883451 0.233679
vn -0.026877 0.962708 0.269203
vn -0.454547 0.861360 0.226819
vn -0.648619 0.757227 0.076811
vn -0.578020 -0.721135 -0.381912
vn -0.703573 -0.579557 -0.411217
vn -0.784343 -0.497824 -0.370105
vn 0.683285 -0.630060 -0.368980
vn 0.647645 -0.575390 -0.499481
vn 0.020220 0.925334 -0.378614
vn -0.035072 0.386572 -0.921592
vn 0.017512 -0.378520 -0.925427
vn 0.149715 0.910515 -0.385419
vn -0.034535 0.391803 -0.919401
vn -0.112743 -0.371102 -0.921723
vn 0.274011 0.874000 -0.401299
vn -0.032966 0.396856 -0.917289
vn -0.239259 -0.341735 -0.908830
vn 0.388875 0.817034 -0.425713
vn -0.030416 0.401560 -0.915328
vn -0.357729 -0.291420 -0.887189
vn 0.490395 0.741554 -0.457832
vn -0.026974 0.405752 -0.913585
vn -0.464118 -0.221871 -0.857536
vn 0.575114 0.650133 -0.496559
vn -0.022757 0.409291 -0.912120
vn -0.554803 -0.135456 -0.820881
vn 0.640147 0.545882 -0.540577
vn -0.017907 0.412056 -0.910983
vn -0.626696 -0.035116 -0.778472
vn 0.683280 0.432353 -0.588387
vn -0.150824 0.381772 -0.911868
vn -0.677349 0.075729 -0.731754
vn 0.703043 0.313412 -0.638360
vn 0.005494 0.426682 -0.904385
vn -0.708154 0.223768 -0.669661
vn 0.698764 0.193108 -0.688795
vn -0.224388 0.388694 -0.893626
vn -0.695697 0.269804 -0.665741
vn 0.670588 0.075539 -0.737974
vn 0.004307 0.413951 -0.910289
vn -0.691361 0.422737 -0.585929
vn 0.619475 -0.035292 -0.784223
vn 0.009615 0.412052 -0.911110
vn -0.644955 0.546064 -0.534647
vn 0.547165 -0.135611 -0.825966
vn 0.014453 0.409285 -0.912292
vn -0.579489 0.650296 -0.491231
vn 0.456121 -0.222001 -0.861782
vn 0.018656 0.405745 -0.913796
vn -0.494390 0.741693 -0.453288
vn 0.349444 -0.291520 -0.890452
vn 0.022081 0.401552 -0.915570
vn -0.392557 0.817144 -0.422108
vn 0.230765 -0.341801 -0.910999
vn 0.024611 0.396849 -0.917554
vn -0.277457 0.874078 -0.398754
vn 0.104126 -0.371132 -0.922724
vn 0.030191 0.389294 -0.920619
vn -0.147638 0.911581 -0.383698
vn -0.026159 -0.378514 -0.925226
vn -0.020343 0.437263 -0.899103
vn 0.077568 0.853998 -0.514462
vn -0.155655 -0.363695 -0.918421
vn 0.026138 0.381333 -0.924068
vn 0.104018 0.915947 -0.387585
vn -0.279951 -0.327181 -0.902541
vn 0.024568 0.376279 -0.926181
vn 0.233319 0.888555 -0.395009
vn -0.394815 -0.270214 -0.878126
vn 0.022019 0.371576 -0.928141
vn 0.351789 0.838240 -0.416651
vn -0.496334 -0.194734 -0.846009
vn 0.018577 0.367384 -0.929884
vn 0.458178 0.768691 -0.446304
vn -0.581053 -0.103312 -0.807282
vn 0.014360 0.363846 -0.931349
vn 0.548864 0.682275 -0.482959
vn -0.646087 0.000938 -0.763263
vn 0.009510 0.361080 -0.932486
vn 0.620757 0.581936 -0.525367
vn -0.689220 0.114467 -0.715454
vn 0.142513 0.383368 -0.912534
vn 0.671409 0.471091 -0.572086
vn -0.708983 0.233408 -0.665480
vn 0.116432 0.349621 -0.929628
vn 0.702214 0.323147 -0.634406
vn -0.704704 0.353712 -0.615045
vn 0.123748 0.370113 -0.920708
vn 0.689637 0.288046 -0.664402
vn -0.676528 0.471281 -0.565866
vn -0.012705 0.359185 -0.933180
vn 0.685423 0.123920 -0.717523
vn -0.625414 0.582112 -0.519618
vn -0.018013 0.361084 -0.932359
vn 0.639015 0.000756 -0.769194
vn -0.553104 0.682431 -0.477874
vn -0.022851 0.363850 -0.931177
vn 0.573549 -0.103476 -0.812609
vn -0.462060 0.768820 -0.442058
vn -0.027054 0.367390 -0.929673
vn 0.488451 -0.194873 -0.850553
vn -0.355383 0.838340 -0.413388
vn -0.030478 0.371584 -0.927899
vn 0.386618 -0.270324 -0.881732
vn -0.236704 0.888621 -0.392841
vn -0.033008 0.376287 -0.925915
vn 0.271517 -0.327259 -0.905086
vn -0.110066 0.917952 -0.381116
vn -0.034557 0.381341 -0.923788
vn 0.147069 -0.363738 -0.919818
vn -0.705409 0.266342 -0.656856
vn -0.709336 0.307303 -0.634356
vn -0.663194 0.193063 -0.723118
vn 0.699430 0.284167 -0.655780
vn 0.703397 0.239422 -0.669261
vn 0.855452 -0.382280 -0.349378
vn 0.559590 -0.273253 -0.782427
vn -0.688432 -0.153563 -0.708858
vn -0.120556 0.824527 -0.552830
vn 0.610572 0.334948 -0.717643
vn -0.728295 0.349667 -0.589338
vn 0.741724 0.613236 0.271638
vn 0.889677 0.292898 0.350266
vn 0.338198 0.860439 0.381138
vn -0.103532 0.909402 0.402827
vn -0.524799 0.778289 0.344749
vn -0.767354 0.569149 0.295359
vn -0.754464 -0.600103 -0.265821
vn -0.888544 -0.458198 0.023340
vn -0.568816 -0.760638 -0.312857
vn 0.519505 -0.781252 -0.346062
vn 0.356033 -0.901915 -0.244520
vn 0.775113 -0.592297 -0.219963
vn 0.701661 0.083314 -0.707624
vn 0.717299 0.383213 -0.581919
vn 0.590301 0.659441 -0.465492
vn 0.345818 0.857287 -0.381403
vn 0.032275 0.937566 -0.346306
vn -0.288229 0.884377 -0.367153
vn -0.552212 0.708254 -0.439816
vn -0.707390 0.444082 -0.549901
vn -0.723027 0.144183 -0.675606
vn -0.596028 -0.132044 -0.792032
vn -0.351546 -0.329890 -0.876121
vn 0.017496 -0.409283 -0.912240
vn 0.332319 -0.333933 -0.882073
vn 0.546482 -0.180858 -0.817709
vn -0.004201 0.386752 -0.922174
vn 0.263723 -0.162184 -0.950866
vn 0.455300 0.045357 -0.889182
vn 0.540925 0.256663 -0.800952
vn 0.518719 0.481142 -0.706706
vn 0.393078 0.674335 -0.625110
vn 0.188888 0.797975 -0.572326
vn -0.053408 0.827576 -0.558808
vn -0.285822 0.757273 -0.587233
vn -0.462321 0.600992 -0.651973
vn -0.547946 0.389685 -0.740203
vn -0.525739 0.165206 -0.834449
vn -0.400098 -0.027986 -0.916045
vn -0.195908 -0.151626 -0.968829
vn 0.010185 -0.121601 -0.992527

# Texture coordinates + Triangles
usemtl car_body
s 1
vt 0.958984 0.044922
vt 0.958390 0.047912
vt 0.957126 0.048900
f 1/1/1 2/5/2 18/54/18
vt 0.958984 0.044922
vt 0.957126 0.048900
vt 0.958195 0.043525
f 1/1/1 18/53/18 17/51/17
vt 0.958390 0.047912
vt 0.956696 0.050446
vt 0.957126 0.048900
f 2/4/2 3/8/3 18/54/18
vt 0.956696 0.050446
vt 0.954162 0.052140
vt 0.952569 0.051945
f 3/7/3 4/11/4 19/57/19
vt 0.956696 0.050446
vt 0.952569 0.051945
vt 0.957126 0.048900
f 3/7/3 19/56/19 18/54/18
vt 0.954162 0.052140
vt 0.951172 0.052734
vt 0.952569 0.051945
f 4/10/4 5/14/5 19/57/19
vt 0.951172 0.052734
vt 0.948182 0.052140
vt 0.947193 0.050876
f 5/13/5 6/17/6 20/60/20
vt 0.951172 0.052734
vt 0.947193 0.050876
vt 0.952569 0.051945
f 5/13/5 20/59/20 19/57/19
vt 0.948182 0.052140
vt 0.945648 0.050446
vt 0.947193 0.050876
f 6/16/6 7/20/7 20/60/20
vt 0.945648 0.050446
vt 0.943954 0.047912
vt 0.944148 0.046319
f 7/19/7 8/23/8 21/63/21
vt 0.945648 0.050446
vt 0.944148 0.046319
vt 0.947193 0.050876
f 7/19/7 21/62/21 20/60/20
vt 0.943954 0.047912
vt 0.943359 0.044922
vt 0.944148 0.046319
f 8/22/8 9/26/9 21/63/21
vt 0.943359 0.044922
vt 0.943954 0.041932
vt 0.945218 0.040943
f 9/25/9 10/29/10 22/66/22
vt 0.943359 0.044922
vt 0.945218 0.040943
vt 0.944148 0.046319
f 9/25/9 22/65/22 21/63/21
vt 0.943954 0.041932
vt 0.945648 0.039398
vt 0.945218 0.040943
f 10/28/10 11/32/11 22/66/22
vt 0.945648 0.039398
vt 0.948182 0.037704
vt 0.949775 0.037898
f 11/31/11 12/35/12 23/69/23
vt 0.945648 0.039398
vt 0.949775 0.037898
vt 0.945218 0.040943
f 11/31/11 23/68/23 22/66/22
vt 0.948182 0.037704
vt 0.951172 0.037109
vt 0.949775 0.037898
f 12/34/12 13/38/13 23/69/23
vt 0.951172 0.037109
vt 0.954162 0.037704
vt 0.955150 0.038968
f 13/37/13 14/41/14 24/72/24
vt 0.951172 0.037109
vt 0.955150 0.038968
vt 0.949775 0.037898
f 13/37/13 24/71/24 23/69/23
vt 0.954162 0.037704
vt 0.956696 0.039398
vt 0.955150 0.038968
f 14/40/14 15/44/15 24/72/24
vt 0.956696 0.039398
vt 0.958390 0.041932
vt 0.958195 0.043525
f 15/43/15 16/47/16 17/51/17
vt 0.956696 0.039398
vt 0.958195 0.043525
vt 0.955150 0.038968
f 15/43/15 17/50/17 24/72/24
vt 0.958390 0.041932
vt 0.958984 0.044922
vt 0.958195 0.043525
f 16/46/16 1/2/1 17/51/17
vt 0.951172 0.044922
vt 0.958195 0.043525
vt 0.957126 0.048900
f 25/73/25 17/50/17 18/54/18
vt 0.951172 0.044922
vt 0.957126 0.048900
vt 0.952569 0.051945
f 25/73/25 18/53/18 19/57/19
vt 0.951172 0.044922
vt 0.952569 0.051945
vt 0.947193 0.050876
f 25/73/25 19/56/19 20/60/20
vt 0.951172 0.044922
vt 0.947193 0.050876
vt 0.944148 0.046319
f 25/73/25 20/59/20 21/63/21
vt 0.951172 0.044922
vt 0.944148 0.046319
vt 0.945218 0.040943
f 25/73/25 21/62/21 22/66/22
vt 0.951172 0.044922
vt 0.945218 0.040943
vt 0.949775 0.037898
f 25/73/25 22/65/22 23/69/23
vt 0.951172 0.044922
vt 0.949775 0.037898
vt 0.955150 0.038968
f 25/73/25 23/68/23 24/72/24
vt 0.951172 0.044922
vt 0.955150 0.038968
vt 0.958195 0.043525
f 25/73/25 24/71/24 17/51/17
vt 0.947318 0.047338
vt 0.958984 0.042524
vt 0.958564 0.037109
f 26/76/26 27/80/27 29/87/29
vt 0.947318 0.047338
vt 0.958564 0.037109
vt 0.947005 0.041851
f 26/76/26 29/86/29 28/84/28
vt 0.958984 0.042524
vt 0.947318 0.047338
vt 0.946377 0.045483
f 27/79/27 26/77/26 30/90/30
vt 0.958984 0.042524
vt 0.946377 0.045483
vt 0.957468 0.040344
f 27/79/27 30/89/30 31/93/31
vt 0.947005 0.041851
vt 0.958564 0.037109
vt 0.957468 0.040344
f 28/82/28 29/86/29 31/93/31
vt 0.947005 0.041851
vt 0.957468 0.040344
vt 0.946377 0.045483
f 28/82/28 31/92/31 30/90/30
vt 0.947318 0.047338
vt 0.947005 0.041851
vt 0.945022 0.039984
f 26/76/26 28/83/28 32/96/32
vt 0.947318 0.047338
vt 0.945022 0.039984
vt 0.944581 0.052734
f 26/76/26 32/95/32 33/99/33
vt 0.946377 0.045483
vt 0.947318 0.047338
vt 0.944581 0.052734
f 30/88/30 26/77/26 33/99/33
vt 0.946377 0.045483
vt 0.944581 0.052734
vt 0.943359 0.047432
f 30/88/30 33/98/33 34/102/34
vt 0.943359 0.047432
vt 0.943359 0.044922
vt 0.946377 0.045483
f 34/100/34 35/104/35 30/90/30
vt 0.947005 0.041851
vt 0.946377 0.045483
vt 0.943359 0.044922
f 28/82/28 30/89/30 35/105/35
vt 0.947005 0.041851
vt 0.943359 0.044922
vt 0.945022 0.039984
f 28/82/28 35/104/35 32/96/32
vt 0.939453 0.029297
vt 0.939453 0.029297
vt 0.939453 0.013672
f 3/7/3 2/5/2 6/18/6
vt 0.939453 0.029297
vt 0.939453 0.029297
vt 0.939453 0.013672
f 2/4/2 5/14/5 6/18/6
vt 0.939453 0.029297
vt 0.955078 0.029297
vt 0.939453 0.029297
f 1/1/1 3/8/3 4/12/4
vt 0.939453 0.029297
vt 0.939453 0.029297
vt 0.939453 0.013672
f 4/10/4 3/8/3 6/18/6
vt 0.939453 0.029297
vt 0.955078 0.029297
vt 0.939453 0.029297
f 7/19/7 8/23/8 9/27/9
vt 0.939453 0.013672
vt 0.939453 0.029297
vt 0.939453 0.029297
f 11/31/11 10/29/10 12/36/12
vt 0.962891 0.039493
vt 0.968146 0.038309
vt 0.970845 0.045289
f 25/73/25 13/38/13 14/42/14
vt 0.962891 0.039493
vt 0.970845 0.045289
vt 0.965603 0.046509
f 25/73/25 14/41/14 26/78/26
vt 0.955078 0.091805
vt 0.955078 0.091805
vt 0.955086 0.094194
f 22/64/22 18/53/18 25/75/25
vt 0.955078 0.091805
vt 0.955086 0.094194
vt 0.957797 0.101203
f 22/64/22 25/74/25 26/78/26
vt 0.970845 0.045289
vt 0.973263 0.051542
vt 0.968010 0.052734
f 14/40/14 15/44/15 27/81/27
vt 0.970845 0.045289
vt 0.968010 0.052734
vt 0.965603 0.046509
f 14/40/14 27/80/27 26/78/26
vt 0.955078 0.091805
vt 0.957797 0.101203
vt 0.960203 0.107422
f 22/64/22 26/77/26 27/81/27
vt 0.955078 0.091805
vt 0.960203 0.107422
vt 0.955078 0.091805
f 22/64/22 27/80/27 24/72/24
vt 0.960203 0.107422
vt 0.965453 0.106231
vt 0.955078 0.091805
f 27/79/27 15/44/15 16/48/16
vt 0.960203 0.107422
vt 0.955078 0.091805
vt 0.955078 0.091805
f 27/79/27 16/47/16 24/72/24
vt 0.955078 0.091805
vt 0.955566 0.091805
vt 0.955078 0.091317
f 19/55/19 18/53/18 21/63/21
vt 0.955078 0.091805
vt 0.955566 0.091805
vt 0.955078 0.091317
f 21/61/21 18/53/18 22/66/22
vt 0.955078 0.091805
vt 0.955566 0.091805
vt 0.955078 0.091317
f 21/61/21 22/65/22 24/72/24
vt 0.955078 0.091805
vt 0.955566 0.091805
vt 0.955078 0.091317
f 21/61/21 24/71/24 23/69/23
vt 0.955078 0.091805
vt 0.955566 0.091805
vt 0.955078 0.091317
f 23/67/23 24/71/24 20/60/20
vt 0.955078 0.091805
vt 0.955566 0.091805
vt 0.955078 0.091317
f 16/46/16 17/50/17 24/72/24
vt 0.955078 0.091805
vt 0.955566 0.091805
vt 0.955078 0.091317
f 20/58/20 24/71/24 17/51/17
vt 0.970845 0.045289
vt 0.968146 0.038309
vt 0.973396 0.037109
f 14/40/14 13/38/13 36/108/36
vt 0.970845 0.045289
vt 0.973396 0.037109
vt 0.976109 0.044125
f 14/40/14 36/107/36 37/111/37
vt 0.965586 0.091812
vt 0.955078 0.091805
vt 0.955078 0.091805
f 36/106/36 29/86/29 33/99/33
vt 0.965586 0.091812
vt 0.955078 0.091805
vt 0.968297 0.098821
f 36/106/36 33/98/33 37/111/37
vt 0.970845 0.045289
vt 0.976109 0.044125
vt 0.978516 0.050350
f 14/40/14 37/110/37 38/114/38
vt 0.970845 0.045289
vt 0.978516 0.050350
vt 0.973263 0.051542
f 14/40/14 38/113/38 15/45/15
vt 0.955078 0.091805
vt 0.955078 0.091805
vt 0.970703 0.105040
f 33/97/33 35/104/35 38/114/38
vt 0.955078 0.091805
vt 0.970703 0.105040
vt 0.968297 0.098821
f 33/97/33 38/113/38 37/111/37
vt 0.955078 0.091805
vt 0.965453 0.106231
vt 0.970703 0.105040
f 16/46/16 15/44/15 38/114/38
vt 0.955078 0.091805
vt 0.970703 0.105040
vt 0.955078 0.091805
f 16/46/16 38/113/38 35/105/35
vt 0.955078 0.091805
vt 0.955566 0.091805
vt 0.955078 0.091317
f 29/85/29 30/89/30 32/96/32
vt 0.955078 0.091805
vt 0.955566 0.091805
vt 0.955078 0.091317
f 29/85/29 32/95/32 33/99/33
vt 0.955078 0.091805
vt 0.955566 0.091805
vt 0.955078 0.091317
f 33/97/33 32/95/32 35/105/35
vt 0.955078 0.091805
vt 0.955566 0.091805
vt 0.955078 0.091317
f 35/103/35 32/95/32 34/102/34
vt 0.955078 0.091805
vt 0.955566 0.091805
vt 0.955078 0.091317
f 35/103/35 34/101/34 31/93/31
vt 0.955078 0.091805
vt 0.955566 0.091805
vt 0.955078 0.091317
f 17/49/17 16/47/16 35/105/35
vt 0.955078 0.091805
vt 0.955566 0.091805
vt 0.955078 0.091317
f 35/103/35 31/92/31 17/51/17
vt 0.668631 0.368525
vt 0.668631 0.315351
vt 0.648320 0.319916
f 1/1/1 2/5/2 7/21/7
vt 0.668631 0.368525
vt 0.648320 0.319916
vt 0.650907 0.367169
f 1/1/1 7/20/7 8/24/8
vt 0.648320 0.319916
vt 0.657854 0.311747
vt 0.647767 0.317477
f 7/19/7 64/191/64 9/27/9
vt 0.668631 0.368525
vt 0.655944 0.369104
vt 0.668631 0.369104
f 1/1/1 59/176/59 4/12/4
vt 0.652423 0.369104
vt 0.654956 0.369104
vt 0.650907 0.367169
f 12/34/12 11/32/11 8/24/8
vt 0.651845 0.367749
vt 0.652423 0.369104
vt 0.650907 0.367169
f 54/160/54 12/35/12 8/24/8
vt 0.648320 0.319916
vt 0.647083 0.323272
vt 0.646892 0.357977
f 7/19/7 14/41/14 15/45/15
vt 0.648320 0.319916
vt 0.646892 0.357977
vt 0.650907 0.367169
f 7/19/7 15/44/15 8/24/8
vt 0.646892 0.357977
vt 0.648734 0.363263
vt 0.650907 0.367169
f 15/43/15 55/164/55 8/24/8
vt 0.648320 0.319916
vt 0.646831 0.317918
vt 0.647083 0.323272
f 7/19/7 10/29/10 14/42/14
vt 0.647083 0.323272
vt 0.646851 0.322330
vt 0.646862 0.325647
f 14/40/14 52/155/52 16/48/16
vt 0.646740 0.358948
vt 0.648256 0.362297
vt 0.646892 0.357977
f 18/52/18 13/38/13 15/45/15
vt 0.660262 0.294767
vt 0.644085 0.297310
vt 0.644672 0.234898
f 13/37/13 18/53/18 19/57/19
vt 0.660262 0.294767
vt 0.644672 0.234898
vt 0.661169 0.233042
f 13/37/13 19/56/19 20/60/20
vt 0.646851 0.322330
vt 0.647083 0.323272
vt 0.646831 0.317918
f 52/154/52 14/41/14 10/30/10
vt 0.683333 0.279167
vt 0.683333 0.279167
vt 0.683333 0.283333
f 5/13/5 23/68/23 26/78/26
vt 0.675000 0.291667
vt 0.679167 0.291667
vt 0.675000 0.291667
f 5/13/5 26/77/26 6/18/6
vt 0.646854 0.356743
vt 0.646740 0.358948
vt 0.646892 0.357977
f 17/49/17 18/53/18 15/45/15
vt 0.646854 0.356743
vt 0.646892 0.357977
vt 0.647083 0.323272
f 17/49/17 15/44/15 14/42/14
vt 0.647083 0.323272
vt 0.646858 0.327123
vt 0.646854 0.356743
f 14/40/14 27/80/27 17/51/17
vt 0.646858 0.327123
vt 0.647083 0.323272
vt 0.646862 0.325647
f 27/79/27 14/41/14 16/48/16
vt 0.667942 0.309567
vt 0.668631 0.315351
vt 0.669320 0.309567
f 28/82/28 2/5/2 3/9/3
vt 0.668631 0.315351
vt 0.667942 0.309567
vt 0.648320 0.319916
f 2/4/2 28/83/28 7/21/7
vt 0.668631 0.368525
vt 0.686355 0.367168
vt 0.688863 0.319924
f 1/1/1 30/89/30 29/87/29
vt 0.668631 0.368525
vt 0.688863 0.319924
vt 0.668631 0.315351
f 1/1/1 29/86/29 2/6/2
vt 0.669320 0.309567
vt 0.688863 0.319924
vt 0.679243 0.311745
f 3/7/3 29/86/29 65/195/65
vt 0.682306 0.369104
vt 0.684838 0.369104
vt 0.686355 0.367168
f 33/97/33 34/101/34 30/90/30
vt 0.688552 0.362942
vt 0.689869 0.357977
vt 0.686355 0.367168
f 57/169/57 37/110/37 30/90/30
vt 0.688863 0.319924
vt 0.686355 0.367168
vt 0.689869 0.357977
f 29/85/29 30/89/30 37/111/37
vt 0.688863 0.319924
vt 0.689869 0.357977
vt 0.689905 0.323272
f 29/85/29 37/110/37 36/108/36
vt 0.689006 0.362297
vt 0.689869 0.357977
vt 0.688552 0.362942
f 35/103/35 37/110/37 57/171/57
vt 0.689579 0.317915
vt 0.688863 0.319924
vt 0.689905 0.323272
f 32/94/32 29/86/29 36/108/36
vt 0.689579 0.317915
vt 0.689905 0.323272
vt 0.690207 0.322319
f 32/94/32 36/107/36 50/150/50
vt 0.689006 0.362297
vt 0.690207 0.358943
vt 0.689869 0.357977
f 35/103/35 40/119/40 37/111/37
vt 0.672612 0.249060
vt 0.670559 0.285076
vt 0.643236 0.285040
f 41/121/41 40/119/40 35/105/35
vt 0.672612 0.249060
vt 0.643236 0.285040
vt 0.652084 0.247613
f 41/121/41 35/104/35 42/126/42
vt 0.683354 0.245540
vt 0.662686 0.238953
vt 0.642610 0.241231
f 44/130/44 47/140/47 43/129/43
vt 0.679167 0.287500
vt 0.679167 0.283333
vt 0.679167 0.283333
f 5/13/5 6/17/6 48/144/48
vt 0.679167 0.287500
vt 0.679167 0.287500
vt 0.675000 0.287500
f 5/13/5 48/143/48 45/135/45
vt 0.690207 0.358943
vt 0.690207 0.357372
vt 0.689869 0.357977
f 40/118/40 39/116/39 37/111/37
vt 0.689869 0.357977
vt 0.690207 0.357372
vt 0.689905 0.323272
f 37/109/37 39/116/39 36/108/36
vt 0.690207 0.327123
vt 0.689905 0.323272
vt 0.690207 0.357372
f 49/145/49 36/107/36 39/117/39
vt 0.689905 0.323272
vt 0.690207 0.327123
vt 0.690206 0.325647
f 36/106/36 49/146/49 38/114/38
vt 0.669320 0.309567
vt 0.668631 0.315351
vt 0.688863 0.319924
f 3/7/3 2/5/2 29/87/29
vt 0.646831 0.317918
vt 0.648320 0.319916
vt 0.647767 0.317477
f 10/28/10 7/20/7 9/27/9
vt 0.688863 0.319924
vt 0.689579 0.317915
vt 0.688808 0.317476
f 29/85/29 32/95/32 31/93/31
vt 0.690206 0.325647
vt 0.690207 0.322319
vt 0.689905 0.323272
f 38/112/38 50/149/50 36/108/36
vt 0.667190 0.284388
vt 0.671025 0.247262
vt 0.643305 0.284058
f 66/196/66 51/152/51 32/96/32
vt 0.683354 0.245540
vt 0.642610 0.241231
vt 0.671025 0.247262
f 44/130/44 43/128/43 51/153/51
vt 0.671025 0.247262
vt 0.642610 0.241231
vt 0.643305 0.284058
f 51/151/51 43/128/43 32/96/32
vt 0.676274 0.247262
vt 0.672292 0.284388
vt 0.648311 0.284076
f 53/157/53 67/200/67 10/30/10
vt 0.647571 0.241220
vt 0.676274 0.247262
vt 0.648311 0.284076
f 21/61/21 53/158/53 10/30/10
vt 0.683333 0.287500
vt 0.683821 0.287500
vt 0.683333 0.287012
f 45/133/45 61/182/61 5/15/5
vt 0.648734 0.363263
vt 0.651845 0.367749
vt 0.650907 0.367169
f 55/163/55 54/161/54 8/24/8
vt 0.648256 0.362297
vt 0.648734 0.363263
vt 0.646892 0.357977
f 13/37/13 55/164/55 15/45/15
vt 0.684838 0.369104
vt 0.685288 0.368287
vt 0.686355 0.367168
f 34/100/34 56/167/56 30/90/30
vt 0.685288 0.368287
vt 0.688552 0.362942
vt 0.686355 0.367168
f 56/166/56 57/170/57 30/90/30
vt 0.681752 0.369104
vt 0.668631 0.368525
vt 0.668631 0.369104
f 58/172/58 1/2/1 4/12/4
vt 0.679167 0.287500
vt 0.679655 0.287500
vt 0.679167 0.287012
f 60/178/60 23/68/23 5/15/5
vt 0.682306 0.369104
vt 0.686355 0.367168
vt 0.681752 0.369104
f 33/97/33 30/89/30 58/174/58
vt 0.681752 0.369104
vt 0.686355 0.367168
vt 0.668631 0.368525
f 58/172/58 30/89/30 1/3/1
vt 0.655944 0.369104
vt 0.668631 0.368525
vt 0.650907 0.367169
f 59/175/59 1/2/1 8/24/8
vt 0.650907 0.367169
vt 0.654956 0.369104
vt 0.655944 0.369104
f 8/22/8 11/32/11 59/177/59
vt 0.679167 0.287500
vt 0.679655 0.287500
vt 0.679167 0.287012
f 62/184/62 46/137/46 61/183/61
vt 0.679167 0.283333
vt 0.683333 0.283333
vt 0.687500 0.283333
f 45/133/45 62/185/62 61/183/61
vt 0.667196 0.249739
vt 0.667427 0.273470
vt 0.646497 0.277502
f 62/184/62 34/101/34 33/99/33
vt 0.646497 0.277502
vt 0.646695 0.254765
vt 0.667196 0.249739
f 33/97/33 46/137/46 62/186/62
vt 0.670833 0.287500
vt 0.671321 0.287500
vt 0.670833 0.287012
f 60/178/60 24/71/24 63/189/63
vt 0.675000 0.283333
vt 0.675488 0.283333
vt 0.675000 0.282845
f 63/187/63 23/68/23 60/180/60
vt 0.665737 0.250925
vt 0.668044 0.276481
vt 0.644327 0.272043
f 24/70/24 11/32/11 12/36/12
vt 0.644327 0.272043
vt 0.642578 0.243900
vt 0.665737 0.250925
f 12/34/12 63/188/63 24/72/24
vt 0.667936 0.238953
vt 0.688604 0.245540
vt 0.676274 0.247262
f 25/73/25 22/65/22 53/159/53
vt 0.676274 0.247262
vt 0.647571 0.241220
vt 0.667936 0.238953
f 53/157/53 21/62/21 25/75/25
vt 0.648320 0.319916
vt 0.667942 0.309567
vt 0.657854 0.311747
f 7/19/7 28/83/28 64/192/64
vt 0.679243 0.311745
vt 0.688863 0.319924
vt 0.688808 0.317476
f 65/193/65 29/86/29 31/93/31
vt 0.667190 0.284388
vt 0.643305 0.284058
vt 0.671940 0.287148
f 66/196/66 32/95/32 50/150/50
vt 0.672292 0.284388
vt 0.677124 0.287148
vt 0.648311 0.284076
f 67/199/67 52/155/52 10/30/10
vt 0.675000 0.287500
vt 0.675488 0.287500
vt 0.675000 0.287012
f 71/211/71 70/209/70 69/207/69
vt 0.679167 0.283333
vt 0.679655 0.283333
vt 0.679167 0.282845
f 71/211/71 69/206/69 68/204/68
vt 0.679167 0.283333
vt 0.679655 0.283333
vt 0.679167 0.282845
f 71/211/71 72/215/72 73/219/73
vt 0.683333 0.287500
vt 0.683821 0.287500
vt 0.683333 0.287012
f 73/217/73 70/209/70 71/213/71
vt 0.666667 0.287500
vt 0.675000 0.287500
vt 0.675000 0.287500
f 77/229/77 76/227/76 78/234/78
vt 0.679167 0.283333
vt 0.675000 0.283333
vt 0.675000 0.283333
f 77/229/77 74/221/74 75/225/75
vt 0.683333 0.295833
vt 0.683821 0.295833
vt 0.683333 0.295345
f 77/229/77 75/224/75 79/237/79
vt 0.675000 0.283333
vt 0.675488 0.283333
vt 0.675000 0.282845
f 77/229/77 79/236/79 76/228/76
vt 0.670833 0.291667
vt 0.675000 0.291667
vt 0.670833 0.291667
f 69/205/69 80/239/80 68/204/68
vt 0.944337 0.051419
vt 0.947560 0.052129
vt 0.947560 0.052129
f 83/247/83 97/290/97 100/300/100
vt 0.944337 0.051419
vt 0.947560 0.052129
vt 0.944337 0.051419
f 83/247/83 100/299/100 99/297/99
vt 0.943551 0.037109
vt 0.943359 0.038036
vt 0.943368 0.038631
f 86/256/86 85/254/85 102/306/102
vt 0.943551 0.037109
vt 0.943368 0.038631
vt 0.943359 0.038036
f 86/256/86 102/305/102 101/303/101
vt 0.950706 0.038195
vt 0.951454 0.052734
vt 0.951454 0.052734
f 82/244/82 81/242/81 104/312/104
vt 0.950706 0.038195
vt 0.951454 0.052734
vt 0.950800 0.038778
f 82/244/82 104/311/104 103/309/103
vt 0.950706 0.038195
vt 0.947831 0.037923
vt 0.947829 0.038527
f 87/259/87 96/287/96 106/318/106
vt 0.950706 0.038195
vt 0.947829 0.038527
vt 0.950203 0.038778
f 87/259/87 106/317/106 105/315/105
vt 0.951454 0.052734
vt 0.955041 0.052128
vt 0.955041 0.052128
f 81/241/81 98/293/98 107/321/107
vt 0.951454 0.052734
vt 0.955041 0.052128
vt 0.951454 0.052734
f 81/241/81 107/320/107 104/312/104
vt 0.958324 0.038036
vt 0.957966 0.037109
vt 0.957841 0.037773
f 91/271/91 92/275/92 109/327/109
vt 0.958324 0.038036
vt 0.957841 0.037773
vt 0.958190 0.038631
f 91/271/91 109/326/109 108/324/108
vt 0.957966 0.037109
vt 0.956042 0.037652
vt 0.955949 0.038276
f 92/274/92 94/281/94 110/330/110
vt 0.957966 0.037109
vt 0.955949 0.038276
vt 0.957841 0.037773
f 92/274/92 110/329/110 109/327/109
vt 0.944033 0.050659
vt 0.944337 0.051419
vt 0.944337 0.051419
f 84/250/84 83/248/83 99/297/99
vt 0.944033 0.050659
vt 0.944337 0.051419
vt 0.944033 0.050659
f 84/250/84 99/296/99 111/333/111
vt 0.958691 0.051418
vt 0.958984 0.050653
vt 0.958984 0.050653
f 89/265/89 90/269/90 113/339/113
vt 0.958691 0.051418
vt 0.958984 0.050653
vt 0.958691 0.051418
f 89/265/89 113/338/113 112/336/112
vt 0.958984 0.050653
vt 0.958324 0.038036
vt 0.958190 0.038631
f 90/268/90 91/272/91 108/324/108
vt 0.958984 0.050653
vt 0.958190 0.038631
vt 0.958984 0.050653
f 90/268/90 108/323/108 113/339/113
vt 0.943359 0.038036
vt 0.944033 0.050659
vt 0.944033 0.050659
f 85/253/85 84/251/84 111/333/111
vt 0.943359 0.038036
vt 0.944033 0.050659
vt 0.943368 0.038631
f 85/253/85 111/332/111 102/306/102
vt 0.945516 0.037652
vt 0.943551 0.037109
vt 0.943359 0.038036
f 93/277/93 86/257/86 101/303/101
vt 0.945516 0.037652
vt 0.943359 0.038036
vt 0.945524 0.038276
f 93/277/93 101/302/101 114/342/114
vt 0.956042 0.037652
vt 0.953300 0.037924
vt 0.953245 0.038527
f 94/280/94 95/284/95 115/345/115
vt 0.956042 0.037652
vt 0.953245 0.038527
vt 0.955949 0.038276
f 94/280/94 115/344/115 110/330/110
vt 0.953300 0.037924
vt 0.950706 0.038195
vt 0.950800 0.038778
f 95/283/95 82/245/82 103/309/103
vt 0.953300 0.037924
vt 0.950800 0.038778
vt 0.953245 0.038527
f 95/283/95 103/308/103 115/345/115
vt 0.947831 0.037923
vt 0.945516 0.037652
vt 0.945524 0.038276
f 96/286/96 93/278/93 114/342/114
vt 0.947831 0.037923
vt 0.945524 0.038276
vt 0.947829 0.038527
f 96/286/96 114/341/114 106/318/106
vt 0.947560 0.052129
vt 0.951454 0.052734
vt 0.950896 0.052241
f 97/289/97 88/263/88 116/348/116
vt 0.947560 0.052129
vt 0.950896 0.052241
vt 0.947560 0.052129
f 97/289/97 116/347/116 100/300/100
vt 0.955041 0.052128
vt 0.958691 0.051418
vt 0.958691 0.051418
f 98/292/98 89/266/89 112/336/112
vt 0.955041 0.052128
vt 0.958691 0.051418
vt 0.955041 0.052128
f 98/292/98 112/335/112 107/321/107
vt 0.950706 0.038195
vt 0.951454 0.052734
vt 0.950706 0.038195
f 87/259/87 81/242/81 82/246/82
vt 0.950706 0.038195
vt 0.951454 0.052734
vt 0.951454 0.052734
f 87/259/87 88/263/88 81/243/81
vt 0.958975 0.038433
vt 0.958691 0.051418
vt 0.958691 0.051418
f 121/361/121 119/356/119 130/390/130
vt 0.958975 0.038433
vt 0.958691 0.051418
vt 0.958975 0.038433
f 121/361/121 130/389/130 129/387/129
vt 0.948078 0.052734
vt 0.946992 0.052504
vt 0.947560 0.052129
f 117/349/117 126/377/126 132/396/132
vt 0.948078 0.052734
vt 0.947560 0.052129
vt 0.948078 0.052734
f 117/349/117 132/395/132 131/393/131
vt 0.957966 0.037109
vt 0.958975 0.038433
vt 0.958975 0.038433
f 120/358/120 121/362/121 129/387/129
vt 0.957966 0.037109
vt 0.958975 0.038433
vt 0.957966 0.037109
f 120/358/120 129/386/129 133/399/133
vt 0.943359 0.038036
vt 0.947831 0.037923
vt 0.947831 0.037923
f 123/367/123 122/365/122 135/405/135
vt 0.943359 0.038036
vt 0.947831 0.037923
vt 0.943900 0.038067
f 123/367/123 135/404/135 134/402/134
vt 0.958691 0.051418
vt 0.958262 0.052716
vt 0.958262 0.052716
f 119/355/119 118/353/118 136/408/136
vt 0.958691 0.051418
vt 0.958262 0.052716
vt 0.958691 0.051418
f 119/355/119 136/407/136 130/390/130
vt 0.958262 0.052716
vt 0.948078 0.052734
vt 0.948632 0.052381
f 118/352/118 124/371/124 137/411/137
vt 0.958262 0.052716
vt 0.948632 0.052381
vt 0.958262 0.052716
f 118/352/118 137/410/137 136/408/136
vt 0.948562 0.037109
vt 0.957966 0.037109
vt 0.957966 0.037109
f 125/373/125 120/359/120 133/399/133
vt 0.948562 0.037109
vt 0.957966 0.037109
vt 0.948562 0.037109
f 125/373/125 133/398/133 138/414/138
vt 0.948078 0.052734
vt 0.948562 0.037109
vt 0.948562 0.037109
f 124/370/124 125/374/125 138/414/138
vt 0.948078 0.052734
vt 0.948562 0.037109
vt 0.948632 0.052381
f 124/370/124 138/413/138 137/411/137
vt 0.946547 0.051831
vt 0.943368 0.038631
vt 0.943565 0.039276
f 128/382/128 127/380/127 140/420/140
vt 0.946547 0.051831
vt 0.943565 0.039276
vt 0.946547 0.051831
f 128/382/128 140/419/140 139/417/139
vt 0.943368 0.038631
vt 0.943359 0.038036
vt 0.943900 0.038067
f 127/379/127 123/368/123 134/402/134
vt 0.943368 0.038631
vt 0.943900 0.038067
vt 0.943565 0.039276
f 127/379/127 134/401/134 140/420/140
vt 0.946992 0.052504
vt 0.946547 0.051831
vt 0.946547 0.051831
f 126/376/126 128/383/128 139/417/139
vt 0.946992 0.052504
vt 0.946547 0.051831
vt 0.947560 0.052129
f 126/376/126 139/416/139 132/396/132
vt 0.948078 0.052734
vt 0.948078 0.052734
vt 0.947831 0.037923
f 124/370/124 117/350/117 122/366/122
vt 0.947831 0.037923
vt 0.948562 0.037109
vt 0.948078 0.052734
f 122/364/122 125/374/125 124/372/124
vt 0.958691 0.051418
vt 0.956301 0.052706
vt 0.955949 0.052144
f 141/421/141 145/434/145 149/447/149
vt 0.958691 0.051418
vt 0.955949 0.052144
vt 0.958145 0.051307
f 141/421/141 149/446/149 148/444/148
vt 0.944718 0.051759
vt 0.943359 0.038036
vt 0.943368 0.038631
f 142/424/142 143/428/143 151/453/151
vt 0.944718 0.051759
vt 0.943368 0.038631
vt 0.945017 0.051276
f 142/424/142 151/452/151 150/450/150
vt 0.944268 0.037109
vt 0.957338 0.037109
vt 0.956928 0.037836
f 156/466/156 144/431/144 152/456/152
vt 0.944268 0.037109
vt 0.956928 0.037836
vt 0.945048 0.037836
f 156/466/156 152/455/152 155/465/155
vt 0.956301 0.052706
vt 0.946494 0.052734
vt 0.946992 0.052504
f 145/433/145 146/437/146 153/459/153
vt 0.956301 0.052706
vt 0.946992 0.052504
vt 0.955949 0.052144
f 145/433/145 153/458/153 149/447/149
vt 0.946494 0.052734
vt 0.944718 0.051759
vt 0.945017 0.051276
f 146/436/146 142/425/142 150/450/150
vt 0.946494 0.052734
vt 0.945017 0.051276
vt 0.946992 0.052504
f 146/436/146 150/449/150 153/459/153
vt 0.957338 0.037109
vt 0.958975 0.038433
vt 0.958190 0.038631
f 144/430/144 147/440/147 154/462/154
vt 0.957338 0.037109
vt 0.958190 0.038631
vt 0.956928 0.037836
f 144/430/144 154/461/154 152/456/152
vt 0.958975 0.038433
vt 0.958691 0.051418
vt 0.958145 0.051307
f 147/439/147 141/422/141 148/444/148
vt 0.958975 0.038433
vt 0.958145 0.051307
vt 0.958190 0.038631
f 147/439/147 148/443/148 154/462/154
vt 0.943359 0.038036
vt 0.945048 0.037836
vt 0.943368 0.038631
f 143/427/143 155/464/155 151/453/151
vt 0.944268 0.037109
vt 0.945048 0.037836
vt 0.943359 0.038036
f 156/466/156 155/464/155 143/429/143
vt 0.943359 0.051221
vt 0.943359 0.038036
vt 0.943368 0.038631
f 159/475/159 161/482/161 170/510/170
vt 0.943359 0.051221
vt 0.943368 0.038631
vt 0.943359 0.051221
f 159/475/159 170/509/170 169/507/169
vt 0.954265 0.037695
vt 0.958324 0.038036
vt 0.958324 0.038036
f 162/484/162 163/488/163 172/516/172
vt 0.954265 0.037695
vt 0.958324 0.038036
vt 0.954265 0.037695
f 162/484/162 172/515/172 171/513/171
vt 0.943874 0.052734
vt 0.943359 0.051221
vt 0.943359 0.051221
f 158/472/158 159/476/159 169/507/169
vt 0.943874 0.052734
vt 0.943359 0.051221
vt 0.943874 0.052734
f 158/472/158 169/506/169 173/519/173
vt 0.953782 0.052734
vt 0.943874 0.052734
vt 0.943874 0.052734
f 164/490/164 158/473/158 173/519/173
vt 0.953782 0.052734
vt 0.943874 0.052734
vt 0.953782 0.052734
f 164/490/164 173/518/173 174/522/174
vt 0.943551 0.037109
vt 0.953782 0.037109
vt 0.953782 0.037109
f 160/478/160 165/494/165 176/528/176
vt 0.943551 0.037109
vt 0.953782 0.037109
vt 0.944268 0.037109
f 160/478/160 176/527/176 175/525/175
vt 0.953782 0.037109
vt 0.953782 0.052734
vt 0.953782 0.052734
f 165/493/165 164/491/164 174/522/174
vt 0.953782 0.037109
vt 0.953782 0.052734
vt 0.953782 0.037109
f 165/493/165 174/521/174 176/528/176
vt 0.955041 0.052128
vt 0.953782 0.052734
vt 0.954207 0.052270
f 166/496/166 157/470/157 178/534/178
vt 0.955041 0.052128
vt 0.954207 0.052270
vt 0.955041 0.052128
f 166/496/166 178/533/178 177/531/177
vt 0.958984 0.038974
vt 0.955949 0.052144
vt 0.955708 0.051410
f 167/499/167 168/503/168 180/540/180
vt 0.958984 0.038974
vt 0.955708 0.051410
vt 0.958984 0.038974
f 167/499/167 180/539/180 179/537/179
vt 0.958324 0.038036
vt 0.958984 0.038974
vt 0.958984 0.038974
f 163/487/163 167/500/167 179/537/179
vt 0.958324 0.038036
vt 0.958984 0.038974
vt 0.958324 0.038036
f 163/487/163 179/536/179 172/516/172
vt 0.943359 0.038036
vt 0.943551 0.037109
vt 0.944268 0.037109
f 161/481/161 160/479/160 175/525/175
vt 0.943359 0.038036
vt 0.944268 0.037109
vt 0.943368 0.038631
f 161/481/161 175/524/175 170/510/170
vt 0.955949 0.052144
vt 0.955041 0.052128
vt 0.955041 0.052128
f 168/502/168 166/497/166 177/531/177
vt 0.955949 0.052144
vt 0.955041 0.052128
vt 0.955708 0.051410
f 168/502/168 177/530/177 180/540/180
vt 0.953782 0.052734
vt 0.953782 0.052734
vt 0.954265 0.037695
f 157/469/157 164/491/164 162/486/162
vt 0.953782 0.037109
vt 0.954265 0.037695
vt 0.953782 0.052734
f 165/493/165 162/485/162 164/492/164
vt 0.957268 0.052098
vt 0.956301 0.052706
vt 0.955177 0.052734
f 182/544/182 186/557/186 190/570/190
vt 0.957268 0.052098
vt 0.955177 0.052734
vt 0.955949 0.052144
f 182/544/182 190/569/190 189/567/189
vt 0.958984 0.037759
vt 0.957268 0.052098
vt 0.955949 0.052144
f 183/547/183 182/545/182 189/567/189
vt 0.958984 0.037759
vt 0.955949 0.052144
vt 0.957841 0.037773
f 183/547/183 189/566/189 191/573/191
vt 0.944891 0.037109
vt 0.957338 0.037109
vt 0.956533 0.037109
f 184/550/184 188/563/188 193/579/193
vt 0.944891 0.037109
vt 0.956533 0.037109
vt 0.945900 0.037109
f 184/550/184 193/578/193 192/576/192
vt 0.944966 0.052706
vt 0.943402 0.051885
vt 0.944718 0.051759
f 185/553/185 181/542/181 195/585/195
vt 0.944966 0.052706
vt 0.944718 0.051759
vt 0.945964 0.052706
f 185/553/185 195/584/195 194/582/194
vt 0.956301 0.052706
vt 0.944966 0.052706
vt 0.945964 0.052706
f 186/556/186 185/554/185 194/582/194
vt 0.956301 0.052706
vt 0.945964 0.052706
vt 0.955177 0.052734
f 186/556/186 194/581/194 190/570/190
vt 0.943359 0.038036
vt 0.944891 0.037109
vt 0.945900 0.037109
f 187/559/187 184/551/184 192/576/192
vt 0.943359 0.038036
vt 0.945900 0.037109
vt 0.944602 0.038477
f 187/559/187 192/575/192 196/588/196
vt 0.943402 0.051885
vt 0.943359 0.038036
vt 0.944602 0.038477
f 181/541/181 187/560/187 196/588/196
vt 0.943402 0.051885
vt 0.944602 0.038477
vt 0.944718 0.051759
f 181/541/181 196/587/196 195/585/195
vt 0.957338 0.037109
vt 0.958984 0.037759
vt 0.957841 0.037773
f 188/562/188 183/548/183 191/573/191
vt 0.957338 0.037109
vt 0.957841 0.037773
vt 0.956533 0.037109
f 188/562/188 191/572/191 193/579/193
vt 0.951454 0.052734
vt 0.943874 0.052734
vt 0.944718 0.051759
f 197/589/197 204/611/204 208/624/208
vt 0.951454 0.052734
vt 0.944718 0.051759
vt 0.950896 0.052241
f 197/589/197 208/623/208 207/621/207
vt 0.951172 0.037109
vt 0.958668 0.037123
vt 0.958324 0.038036
f 198/592/198 206/617/206 210/630/210
vt 0.951172 0.037109
vt 0.958324 0.038036
vt 0.951172 0.037109
f 198/592/198 210/629/210 209/627/209
vt 0.958262 0.052716
vt 0.951454 0.052734
vt 0.950896 0.052241
f 203/607/203 197/590/197 207/621/207
vt 0.958262 0.052716
vt 0.950896 0.052241
vt 0.958163 0.052000
f 203/607/203 207/620/207 211/633/211
vt 0.943551 0.037109
vt 0.951172 0.037109
vt 0.951172 0.037109
f 205/613/205 198/593/198 209/627/209
vt 0.943551 0.037109
vt 0.951172 0.037109
vt 0.944268 0.037109
f 205/613/205 209/626/209 212/636/212
vt 0.958691 0.051418
vt 0.958262 0.052716
vt 0.958163 0.052000
f 201/601/201 203/608/203 211/633/211
vt 0.958691 0.051418
vt 0.958163 0.052000
vt 0.958691 0.051418
f 201/601/201 211/632/211 213/639/213
vt 0.943874 0.052734
vt 0.943359 0.051221
vt 0.944033 0.050659
f 204/610/204 199/596/199 214/642/214
vt 0.943874 0.052734
vt 0.944033 0.050659
vt 0.944718 0.051759
f 204/610/204 214/641/214 208/624/208
vt 0.958668 0.037123
vt 0.958984 0.037759
vt 0.958324 0.038036
f 206/616/206 202/605/202 215/645/215
vt 0.958668 0.037123
vt 0.958324 0.038036
vt 0.958324 0.038036
f 206/616/206 215/644/215 210/630/210
vt 0.958984 0.037759
vt 0.958691 0.051418
vt 0.958691 0.051418
f 202/604/202 201/602/201 213/639/213
vt 0.958984 0.037759
vt 0.958691 0.051418
vt 0.958324 0.038036
f 202/604/202 213/638/213 215/645/215
vt 0.943359 0.038036
vt 0.943551 0.037109
vt 0.944268 0.037109
f 200/598/200 205/614/205 212/636/212
vt 0.943359 0.038036
vt 0.944268 0.037109
vt 0.943368 0.038631
f 200/598/200 212/635/212 216/648/216
vt 0.943359 0.051221
vt 0.943359 0.038036
vt 0.943368 0.038631
f 199/595/199 200/599/200 216/648/216
vt 0.943359 0.051221
vt 0.943368 0.038631
vt 0.944033 0.050659
f 199/595/199 216/647/216 214/642/214
vt 0.985850 0.123047
vt 0.646293 0.123047
vt 0.735782 0.366449
f 3/7/3 5/14/5 4/12/4
vt 0.735782 0.366449
vt 0.829487 0.369458
vt 0.977007 0.369458
f 4/10/4 6/17/6 1/3/1
vt 0.985850 0.123047
vt 0.735782 0.366449
vt 0.977007 0.369458
f 3/7/3 4/11/4 1/3/1
vt 0.977007 0.369458
vt 0.984639 0.376953
vt 0.985850 0.123047
f 1/1/1 2/5/2 3/9/3
vt 0.829487 0.369458
vt 0.735782 0.366449
vt 0.822285 0.372960
f 10/28/10 9/26/9 7/21/7
vt 0.757109 0.373018
vt 0.822285 0.372960
vt 0.735782 0.366449
f 8/22/8 7/20/7 9/27/9
vt 0.946268 0.044087
vt 0.948324 0.046925
vt 0.949176 0.044087
f 11/31/11 13/38/13 12/36/12
vt 0.946268 0.044087
vt 0.946268 0.048101
vt 0.948324 0.046925
f 11/31/11 14/41/14 13/39/13
vt 0.946268 0.044087
vt 0.944211 0.046925
vt 0.946268 0.048101
f 11/31/11 15/44/15 14/42/14
vt 0.946268 0.044087
vt 0.943359 0.044087
vt 0.944211 0.046925
f 11/31/11 16/47/16 15/45/15
vt 0.946268 0.044087
vt 0.944211 0.041248
vt 0.943359 0.044087
f 11/31/11 17/50/17 16/48/16
vt 0.946268 0.044087
vt 0.946268 0.040072
vt 0.944211 0.041248
f 11/31/11 18/53/18 17/51/17
vt 0.946268 0.044087
vt 0.948324 0.041248
vt 0.946268 0.040072
f 11/31/11 19/56/19 18/54/18
vt 0.946268 0.044087
vt 0.949176 0.044087
vt 0.948324 0.041248
f 11/31/11 12/35/12 19/57/19
vt 0.958258 0.049515
vt 0.958546 0.052496
vt 0.958546 0.052496
f 28/82/28 29/86/29 30/90/30
vt 0.958258 0.049515
vt 0.958546 0.052496
vt 0.958258 0.049515
f 28/82/28 30/89/30 31/93/31
vt 0.948324 0.046925
vt 0.946268 0.048101
vt 0.946268 0.049065
f 13/37/13 14/41/14 22/66/22
vt 0.948324 0.046925
vt 0.946268 0.049065
vt 0.948818 0.047607
f 13/37/13 22/65/22 21/63/21
vt 0.946268 0.048101
vt 0.944211 0.046925
vt 0.943718 0.047607
f 14/40/14 15/44/15 23/69/23
vt 0.946268 0.048101
vt 0.943718 0.047607
vt 0.946268 0.049065
f 14/40/14 23/68/23 22/66/22
vt 0.948324 0.041248
vt 0.949176 0.044087
vt 0.949874 0.044087
f 19/55/19 12/35/12 20/60/20
vt 0.948324 0.041248
vt 0.949874 0.044087
vt 0.948818 0.040567
f 19/55/19 20/59/20 24/72/24
vt 0.946268 0.040072
vt 0.948324 0.041248
vt 0.948668 0.037533
f 18/52/18 19/56/19 26/78/26
vt 0.946268 0.040072
vt 0.948668 0.037533
vt 0.947928 0.037109
f 18/52/18 26/77/26 25/75/25
vt 0.948324 0.041248
vt 0.948818 0.040567
vt 0.948668 0.037533
f 19/55/19 24/71/24 27/81/27
vt 0.948324 0.041248
vt 0.948668 0.037533
vt 0.948668 0.037533
f 19/55/19 27/80/27 26/78/26
vt 0.949176 0.044087
vt 0.948324 0.046925
vt 0.958546 0.052496
f 12/34/12 13/38/13 29/87/29
vt 0.949176 0.044087
vt 0.958546 0.052496
vt 0.958258 0.049515
f 12/34/12 29/86/29 28/84/28
vt 0.948324 0.046925
vt 0.948818 0.047607
vt 0.958546 0.052496
f 13/37/13 21/62/21 30/90/30
vt 0.948324 0.046925
vt 0.958546 0.052496
vt 0.958546 0.052496
f 13/37/13 30/89/30 29/87/29
vt 0.950371 0.051531
vt 0.951177 0.049583
vt 0.950560 0.049583
f 33/97/33 32/95/32 38/114/38
vt 0.950371 0.051531
vt 0.950560 0.049583
vt 0.949872 0.051246
f 33/97/33 38/113/38 39/117/39
vt 0.948263 0.052734
vt 0.950371 0.051531
vt 0.949872 0.051246
f 34/100/34 33/98/33 39/117/39
vt 0.948263 0.052734
vt 0.949872 0.051246
vt 0.948263 0.052734
f 34/100/34 39/116/39 40/120/40
vt 0.945657 0.052734
vt 0.948263 0.052734
vt 0.948263 0.052734
f 35/103/35 34/101/34 40/120/40
vt 0.945657 0.052734
vt 0.948263 0.052734
vt 0.945657 0.052734
f 35/103/35 40/119/40 41/123/41
vt 0.943548 0.051531
vt 0.945657 0.052734
vt 0.945657 0.052734
f 36/106/36 35/104/35 41/123/41
vt 0.943548 0.051531
vt 0.945657 0.052734
vt 0.944047 0.051246
f 36/106/36 41/122/41 42/126/42
vt 0.958376 0.037996
vt 0.957851 0.037109
vt 0.957646 0.037572
f 55/163/55 54/161/54 56/168/56
vt 0.958376 0.037996
vt 0.958984 0.037742
vt 0.957851 0.037109
f 55/163/55 57/170/57 54/162/54
vt 0.950560 0.049583
vt 0.949872 0.047921
vt 0.949872 0.047921
f 38/112/38 49/146/49 46/138/46
vt 0.950560 0.049583
vt 0.951177 0.049583
vt 0.949872 0.047921
f 38/112/38 32/95/32 49/147/49
vt 0.950371 0.047636
vt 0.949872 0.047921
vt 0.951177 0.049583
f 37/109/37 49/146/49 32/96/32
vt 0.949872 0.047921
vt 0.949872 0.047921
vt 0.951435 0.045758
f 46/136/46 49/146/49 50/150/50
vt 0.949872 0.047921
vt 0.951435 0.045758
vt 0.948818 0.047607
f 46/136/46 50/149/50 48/144/48
vt 0.947973 0.047398
vt 0.948818 0.047607
vt 0.957100 0.039420
f 47/139/47 48/143/48 51/153/51
vt 0.947973 0.047398
vt 0.957100 0.039420
vt 0.956206 0.038900
f 47/139/47 51/152/51 52/156/52
vt 0.948818 0.047607
vt 0.951435 0.045758
vt 0.957100 0.039420
f 48/142/48 50/149/50 53/159/53
vt 0.948818 0.047607
vt 0.957100 0.039420
vt 0.957100 0.039420
f 48/142/48 53/158/53 51/153/51
vt 0.956206 0.038900
vt 0.957100 0.039420
vt 0.958376 0.037996
f 52/154/52 51/152/51 55/165/55
vt 0.956206 0.038900
vt 0.958376 0.037996
vt 0.957646 0.037572
f 52/154/52 55/164/55 56/168/56
vt 0.957100 0.039420
vt 0.957100 0.039420
vt 0.958984 0.037742
f 51/151/51 53/158/53 57/171/57
vt 0.957100 0.039420
vt 0.958984 0.037742
vt 0.958376 0.037996
f 51/151/51 57/170/57 55/165/55
vt 0.950560 0.049583
vt 0.946731 0.051080
vt 0.949872 0.051246
f 38/112/38 59/176/59 39/117/39
vt 0.949872 0.047921
vt 0.946731 0.051080
vt 0.950560 0.049583
f 49/145/49 59/176/59 38/114/38
vt 0.948818 0.047607
vt 0.947240 0.050161
vt 0.949872 0.047921
f 48/142/48 61/182/61 49/147/49
vt 0.947240 0.050161
vt 0.946731 0.051080
vt 0.949872 0.047921
f 61/181/61 59/176/59 49/147/49
vt 0.946731 0.051080
vt 0.948263 0.052734
vt 0.949872 0.051246
f 59/175/59 40/119/40 39/117/39
vt 0.946731 0.051080
vt 0.945657 0.052734
vt 0.948263 0.052734
f 59/175/59 41/122/41 40/120/40
vt 0.946731 0.051080
vt 0.944047 0.051246
vt 0.945657 0.052734
f 59/175/59 42/125/42 41/123/41
vt 0.946731 0.051080
vt 0.944931 0.050052
vt 0.944047 0.051246
f 59/175/59 60/179/60 42/126/42
vt 0.947240 0.050161
vt 0.944931 0.050052
vt 0.946731 0.051080
f 61/181/61 60/179/60 59/177/59
vt 0.947240 0.050161
vt 0.945728 0.049297
vt 0.944931 0.050052
f 61/181/61 62/185/62 60/180/60
vt 0.947973 0.047398
vt 0.945728 0.049297
vt 0.948818 0.047607
f 47/139/47 62/185/62 48/144/48
vt 0.947240 0.050161
vt 0.948818 0.047607
vt 0.945728 0.049297
f 61/181/61 48/143/48 62/186/62
vt 0.944931 0.050052
vt 0.943718 0.047607
vt 0.943359 0.049583
f 60/178/60 44/131/44 43/129/43
vt 0.944931 0.050052
vt 0.943359 0.049583
vt 0.944047 0.051246
f 60/178/60 43/128/43 42/126/42
vt 0.948324 0.046925
vt 0.950371 0.047636
vt 0.948324 0.046925
f 45/133/45 37/110/37 58/174/58
vt 0.950371 0.047636
vt 0.948324 0.046925
vt 0.949872 0.047921
f 37/109/37 45/134/45 49/147/49
vt 0.933852 0.280566
vt 0.900102 0.280566
vt 0.900102 0.284527
f 66/196/66 67/200/67 69/207/69
vt 0.933852 0.280566
vt 0.900102 0.284527
vt 0.933852 0.284527
f 66/196/66 69/206/69 68/204/68
vt 0.894365 0.286858
vt 0.939590 0.286858
vt 0.933852 0.284527
f 65/193/65 64/191/64 68/204/68
vt 0.894365 0.286858
vt 0.933852 0.284527
vt 0.900102 0.284527
f 65/193/65 68/203/68 69/207/69
vt 0.939590 0.286858
vt 0.939590 0.277383
vt 0.933852 0.280566
f 64/190/64 63/188/63 66/198/66
vt 0.939590 0.286858
vt 0.933852 0.280566
vt 0.933852 0.284527
f 64/190/64 66/197/66 68/204/68
vt 0.950371 0.051531
vt 0.951682 0.049356
vt 0.951177 0.049583
f 71/211/71 70/209/70 76/228/76
vt 0.950371 0.051531
vt 0.951177 0.049583
vt 0.950371 0.051531
f 71/211/71 76/227/76 77/231/77
vt 0.948263 0.052734
vt 0.950371 0.051531
vt 0.950371 0.051531
f 72/214/72 71/212/71 77/231/77
vt 0.948263 0.052734
vt 0.950371 0.051531
vt 0.948377 0.052240
f 72/214/72 77/230/77 78/234/78
vt 0.945657 0.052734
vt 0.948263 0.052734
vt 0.948377 0.052240
f 73/217/73 72/215/72 78/234/78
vt 0.945657 0.052734
vt 0.948377 0.052240
vt 0.946008 0.052240
f 73/217/73 78/233/78 79/237/79
vt 0.943548 0.051531
vt 0.945657 0.052734
vt 0.946008 0.052240
f 74/220/74 73/218/73 79/237/79
vt 0.943548 0.051531
vt 0.946008 0.052240
vt 0.944047 0.051246
f 74/220/74 79/236/79 80/240/80
vt 0.958984 0.037742
vt 0.957851 0.037109
vt 0.958376 0.037996
f 89/265/89 92/275/92 90/270/90
vt 0.958984 0.037742
vt 0.958376 0.037996
vt 0.957851 0.037109
f 89/265/89 93/278/93 92/276/92
vt 0.951177 0.049583
vt 0.950371 0.047636
vt 0.950371 0.047636
f 76/226/76 87/260/87 84/252/84
vt 0.951177 0.049583
vt 0.951682 0.049356
vt 0.950371 0.047636
f 76/226/76 70/209/70 87/261/87
vt 0.950825 0.047267
vt 0.950371 0.047636
vt 0.951682 0.049356
f 75/223/75 87/260/87 70/210/70
vt 0.950371 0.047636
vt 0.950371 0.047636
vt 0.951957 0.045253
f 84/250/84 87/260/87 88/264/88
vt 0.950371 0.047636
vt 0.951957 0.045253
vt 0.949872 0.047921
f 84/250/84 88/263/88 86/258/86
vt 0.948324 0.046925
vt 0.949872 0.047921
vt 0.958984 0.037742
f 85/253/85 86/257/86 89/267/89
vt 0.948324 0.046925
vt 0.958984 0.037742
vt 0.958376 0.037996
f 85/253/85 89/266/89 90/270/90
vt 0.949872 0.047921
vt 0.951957 0.045253
vt 0.957100 0.039420
f 86/256/86 88/263/88 91/273/91
vt 0.949872 0.047921
vt 0.957100 0.039420
vt 0.958984 0.037742
f 86/256/86 91/272/91 89/267/89
vt 0.958376 0.037996
vt 0.958984 0.037742
vt 0.957100 0.039420
f 93/277/93 89/266/89 91/273/91
vt 0.951177 0.049583
vt 0.946731 0.051080
vt 0.950371 0.051531
f 76/226/76 96/287/96 77/231/77
vt 0.950371 0.047636
vt 0.946731 0.051080
vt 0.951177 0.049583
f 87/259/87 96/287/96 76/228/76
vt 0.949872 0.047921
vt 0.947240 0.050161
vt 0.950371 0.047636
f 86/256/86 98/293/98 87/261/87
vt 0.947240 0.050161
vt 0.946731 0.051080
vt 0.950371 0.047636
f 98/292/98 96/287/96 87/261/87
vt 0.946731 0.051080
vt 0.948377 0.052240
vt 0.950371 0.051531
f 96/286/96 78/233/78 77/231/77
vt 0.946731 0.051080
vt 0.946008 0.052240
vt 0.948377 0.052240
f 96/286/96 79/236/79 78/234/78
vt 0.946731 0.051080
vt 0.944047 0.051246
vt 0.946008 0.052240
f 96/286/96 80/239/80 79/237/79
vt 0.946731 0.051080
vt 0.944931 0.050052
vt 0.944047 0.051246
f 96/286/96 97/290/97 80/240/80
vt 0.947240 0.050161
vt 0.944931 0.050052
vt 0.946731 0.051080
f 98/292/98 97/290/97 96/288/96
vt 0.947240 0.050161
vt 0.946268 0.049065
vt 0.944931 0.050052
f 98/292/98 99/296/99 97/291/97
vt 0.948324 0.046925
vt 0.946268 0.049065
vt 0.949872 0.047921
f 85/253/85 99/296/99 86/258/86
vt 0.947240 0.050161
vt 0.949872 0.047921
vt 0.946268 0.049065
f 98/292/98 86/257/86 99/297/99
vt 0.944931 0.050052
vt 0.943359 0.049583
vt 0.944047 0.051246
f 97/289/97 81/242/81 80/240/80
vt 0.948324 0.046925
vt 0.948455 0.046040
vt 0.946008 0.046471
f 83/247/83 94/281/94 82/246/82
vt 0.946008 0.046471
vt 0.948455 0.046040
vt 0.946008 0.046471
f 82/244/82 94/281/94 95/285/95
vt 0.948324 0.046925
vt 0.950825 0.047267
vt 0.948455 0.046040
f 83/247/83 75/224/75 94/282/94
vt 0.950825 0.047267
vt 0.948324 0.046925
vt 0.950371 0.047636
f 75/223/75 83/248/83 87/261/87
vt 0.946008 0.046471
vt 0.943718 0.047607
vt 0.944931 0.050052
f 82/244/82 100/299/100 97/291/97
vt 0.944931 0.050052
vt 0.943718 0.047607
vt 0.943359 0.049583
f 97/289/97 100/299/100 81/243/81
vt 0.948324 0.046925
vt 0.946008 0.046471
vt 0.944931 0.050052
f 83/247/83 82/245/82 97/291/97
vt 0.989067 0.369434
vt 0.981712 0.362135
vt 0.990161 0.338616
f 2/4/2 1/2/1 3/9/3
vt 0.749259 0.359349
vt 0.990161 0.338616
vt 0.981712 0.362135
f 5/13/5 3/8/3 1/3/1
vt 0.663024 0.134793
vt 0.990234 0.134788
vt 0.749259 0.359349
f 6/16/6 4/11/4 5/15/5
vt 0.990161 0.338616
vt 0.749259 0.359349
vt 0.990234 0.134788
f 3/7/3 5/14/5 4/12/4
vt 0.839557 0.362137
vt 0.749259 0.359349
vt 0.981712 0.362135
f 7/19/7 5/14/5 1/3/1
vt 0.749259 0.359349
vt 0.839557 0.362137
vt 0.832617 0.365370
f 10/28/10 11/32/11 8/24/8
vt 0.832617 0.365370
vt 0.769811 0.365425
vt 0.749259 0.359349
f 8/22/8 9/26/9 10/30/10
vt 0.948324 0.046925
vt 0.946268 0.044087
vt 0.949176 0.044087
f 14/40/14 12/35/12 13/39/13
vt 0.946268 0.048101
vt 0.946268 0.044087
vt 0.948324 0.046925
f 15/43/15 12/35/12 14/42/14
vt 0.944211 0.046925
vt 0.946268 0.044087
vt 0.946268 0.048101
f 16/46/16 12/35/12 15/45/15
vt 0.943359 0.044087
vt 0.946268 0.044087
vt 0.944211 0.046925
f 17/49/17 12/35/12 16/48/16
vt 0.944211 0.041248
vt 0.946268 0.044087
vt 0.943359 0.044087
f 18/52/18 12/35/12 17/51/17
vt 0.946268 0.040072
vt 0.946268 0.044087
vt 0.944211 0.041248
f 19/55/19 12/35/12 18/54/18
vt 0.948324 0.041248
vt 0.946268 0.044087
vt 0.946268 0.040072
f 20/58/20 12/35/12 19/57/19
vt 0.949176 0.044087
vt 0.946268 0.044087
vt 0.948324 0.041248
f 13/37/13 12/35/12 20/60/20
vt 0.958546 0.052496
vt 0.958258 0.049515
vt 0.958258 0.049515
f 30/88/30 29/86/29 32/96/32
vt 0.958546 0.052496
vt 0.958258 0.049515
vt 0.958546 0.052496
f 30/88/30 32/95/32 31/93/31
vt 0.946268 0.048101
vt 0.948324 0.046925
vt 0.948818 0.047607
f 15/43/15 14/41/14 22/66/22
vt 0.946268 0.048101
vt 0.948818 0.047607
vt 0.946268 0.049065
f 15/43/15 22/65/22 23/69/23
vt 0.944211 0.046925
vt 0.946268 0.048101
vt 0.946268 0.049065
f 16/46/16 15/44/15 23/69/23
vt 0.944211 0.046925
vt 0.946268 0.049065
vt 0.943718 0.047607
f 16/46/16 23/68/23 24/72/24
vt 0.949176 0.044087
vt 0.948324 0.041248
vt 0.948818 0.040567
f 13/37/13 20/59/20 25/75/25
vt 0.949176 0.044087
vt 0.948818 0.040567
vt 0.949874 0.044087
f 13/37/13 25/74/25 21/63/21
vt 0.948324 0.041248
vt 0.946268 0.040072
vt 0.947928 0.037109
f 20/58/20 19/56/19 26/78/26
vt 0.948324 0.041248
vt 0.947928 0.037109
vt 0.948668 0.037533
f 20/58/20 26/77/26 27/81/27
vt 0.948818 0.040567
vt 0.948324 0.041248
vt 0.948668 0.037533
f 25/73/25 20/59/20 27/81/27
vt 0.948818 0.040567
vt 0.948668 0.037533
vt 0.948668 0.037533
f 25/73/25 27/80/27 28/84/28
vt 0.948324 0.046925
vt 0.949176 0.044087
vt 0.958258 0.049515
f 14/40/14 13/38/13 29/87/29
vt 0.948324 0.046925
vt 0.958258 0.049515
vt 0.958546 0.052496
f 14/40/14 29/86/29 30/90/30
vt 0.948818 0.047607
vt 0.948324 0.046925
vt 0.958546 0.052496
f 22/64/22 14/41/14 30/90/30
vt 0.948818 0.047607
vt 0.958546 0.052496
vt 0.958546 0.052496
f 22/64/22 30/89/30 31/93/31
vt 0.951177 0.049583
vt 0.950371 0.051531
vt 0.949872 0.051246
f 33/97/33 34/101/34 40/120/40
vt 0.951177 0.049583
vt 0.949872 0.051246
vt 0.950560 0.049583
f 33/97/33 40/119/40 39/117/39
vt 0.950371 0.051531
vt 0.948263 0.052734
vt 0.948263 0.052734
f 34/100/34 35/104/35 41/123/41
vt 0.950371 0.051531
vt 0.948263 0.052734
vt 0.949872 0.051246
f 34/100/34 41/122/41 40/120/40
vt 0.948263 0.052734
vt 0.945657 0.052734
vt 0.945657 0.052734
f 35/103/35 36/107/36 42/126/42
vt 0.948263 0.052734
vt 0.945657 0.052734
vt 0.948263 0.052734
f 35/103/35 42/125/42 41/123/41
vt 0.945657 0.052734
vt 0.943548 0.051531
vt 0.944047 0.051246
f 36/106/36 37/110/37 43/129/43
vt 0.945657 0.052734
vt 0.944047 0.051246
vt 0.945657 0.052734
f 36/106/36 43/128/43 42/126/42
vt 0.957851 0.037109
vt 0.958376 0.037996
vt 0.957646 0.037572
f 55/163/55 56/167/56 57/171/57
vt 0.958984 0.037742
vt 0.958376 0.037996
vt 0.957851 0.037109
f 58/172/58 56/167/56 55/165/55
vt 0.949872 0.047921
vt 0.950560 0.049583
vt 0.949872 0.047921
f 50/148/50 39/116/39 47/141/47
vt 0.951177 0.049583
vt 0.950560 0.049583
vt 0.949872 0.047921
f 33/97/33 39/116/39 50/150/50
vt 0.949872 0.047921
vt 0.950371 0.047636
vt 0.951177 0.049583
f 50/148/50 38/113/38 33/99/33
vt 0.949872 0.047921
vt 0.949872 0.047921
vt 0.948818 0.047607
f 50/148/50 47/140/47 49/147/49
vt 0.949872 0.047921
vt 0.948818 0.047607
vt 0.951435 0.045758
f 50/148/50 49/146/49 51/153/51
vt 0.948818 0.047607
vt 0.947973 0.047398
vt 0.956206 0.038900
f 49/145/49 48/143/48 53/159/53
vt 0.948818 0.047607
vt 0.956206 0.038900
vt 0.957100 0.039420
f 49/145/49 53/158/53 52/156/52
vt 0.951435 0.045758
vt 0.948818 0.047607
vt 0.957100 0.039420
f 51/151/51 49/146/49 52/156/52
vt 0.951435 0.045758
vt 0.957100 0.039420
vt 0.957100 0.039420
f 51/151/51 52/155/52 54/162/54
vt 0.957100 0.039420
vt 0.956206 0.038900
vt 0.957646 0.037572
f 52/154/52 53/158/53 57/171/57
vt 0.957100 0.039420
vt 0.957646 0.037572
vt 0.958376 0.037996
f 52/154/52 57/170/57 56/168/56
vt 0.957100 0.039420
vt 0.957100 0.039420
vt 0.958376 0.037996
f 54/160/54 52/155/52 56/168/56
vt 0.957100 0.039420
vt 0.958376 0.037996
vt 0.958984 0.037742
f 54/160/54 56/167/56 58/174/58
vt 0.946731 0.051080
vt 0.950560 0.049583
vt 0.949872 0.051246
f 60/178/60 39/116/39 40/120/40
vt 0.946731 0.051080
vt 0.949872 0.047921
vt 0.950560 0.049583
f 60/178/60 50/149/50 39/117/39
vt 0.947240 0.050161
vt 0.948818 0.047607
vt 0.949872 0.047921
f 62/184/62 49/146/49 50/150/50
vt 0.946731 0.051080
vt 0.947240 0.050161
vt 0.949872 0.047921
f 60/178/60 62/185/62 50/150/50
vt 0.948263 0.052734
vt 0.946731 0.051080
vt 0.949872 0.051246
f 41/121/41 60/179/60 40/120/40
vt 0.945657 0.052734
vt 0.946731 0.051080
vt 0.948263 0.052734
f 42/124/42 60/179/60 41/123/41
vt 0.944047 0.051246
vt 0.946731 0.051080
vt 0.945657 0.052734
f 43/127/43 60/179/60 42/126/42
vt 0.944931 0.050052
vt 0.946731 0.051080
vt 0.944047 0.051246
f 61/181/61 60/179/60 43/129/43
vt 0.944931 0.050052
vt 0.947240 0.050161
vt 0.946731 0.051080
f 61/181/61 62/185/62 60/180/60
vt 0.945728 0.049297
vt 0.947240 0.050161
vt 0.944931 0.050052
f 63/187/63 62/185/62 61/183/61
vt 0.945728 0.049297
vt 0.947973 0.047398
vt 0.948818 0.047607
f 63/187/63 48/143/48 49/147/49
vt 0.948818 0.047607
vt 0.947240 0.050161
vt 0.945728 0.049297
f 49/145/49 62/185/62 63/189/63
vt 0.943718 0.047607
vt 0.944931 0.050052
vt 0.943359 0.049583
f 45/133/45 61/182/61 44/132/44
vt 0.943359 0.049583
vt 0.944931 0.050052
vt 0.944047 0.051246
f 44/130/44 61/182/61 43/129/43
vt 0.950371 0.047636
vt 0.948324 0.046925
vt 0.948324 0.046925
f 38/112/38 46/137/46 59/177/59
vt 0.948324 0.046925
vt 0.950371 0.047636
vt 0.949872 0.047921
f 46/136/46 38/113/38 50/150/50
vt 0.943718 0.047607
vt 0.948324 0.046925
vt 0.944931 0.050052
f 45/133/45 46/137/46 61/183/61
vt 0.943718 0.047607
vt 0.945966 0.046915
vt 0.948324 0.046925
f 45/133/45 64/191/64 46/138/46
vt 0.951682 0.049356
vt 0.950371 0.051531
vt 0.950371 0.051531
f 65/193/65 66/197/66 72/216/72
vt 0.951682 0.049356
vt 0.950371 0.051531
vt 0.951177 0.049583
f 65/193/65 72/215/72 71/213/71
vt 0.950371 0.051531
vt 0.948263 0.052734
vt 0.948377 0.052240
f 66/196/66 67/200/67 73/219/73
vt 0.950371 0.051531
vt 0.948377 0.052240
vt 0.950371 0.051531
f 66/196/66 73/218/73 72/216/72
vt 0.948263 0.052734
vt 0.945657 0.052734
vt 0.946008 0.052240
f 67/199/67 68/203/68 74/222/74
vt 0.948263 0.052734
vt 0.946008 0.052240
vt 0.948377 0.052240
f 67/199/67 74/221/74 73/219/73
vt 0.945657 0.052734
vt 0.943548 0.051531
vt 0.944047 0.051246
f 68/202/68 69/206/69 75/225/75
vt 0.945657 0.052734
vt 0.944047 0.051246
vt 0.946008 0.052240
f 68/202/68 75/224/75 74/222/74
vt 0.957851 0.037109
vt 0.958984 0.037742
vt 0.958376 0.037996
f 87/259/87 84/251/84 85/255/85
vt 0.958376 0.037996
vt 0.958984 0.037742
vt 0.957851 0.037109
f 88/262/88 84/251/84 87/261/87
vt 0.950371 0.047636
vt 0.951177 0.049583
vt 0.950371 0.047636
f 82/244/82 71/212/71 79/237/79
vt 0.951682 0.049356
vt 0.951177 0.049583
vt 0.950371 0.047636
f 65/193/65 71/212/71 82/246/82
vt 0.950371 0.047636
vt 0.950825 0.047267
vt 0.951682 0.049356
f 82/244/82 70/209/70 65/195/65
vt 0.950371 0.047636
vt 0.950371 0.047636
vt 0.949872 0.047921
f 82/244/82 79/236/79 81/243/81
vt 0.950371 0.047636
vt 0.949872 0.047921
vt 0.951957 0.045253
f 82/244/82 81/242/81 83/249/83
vt 0.949872 0.047921
vt 0.948324 0.046925
vt 0.958376 0.037996
f 81/241/81 80/239/80 85/255/85
vt 0.949872 0.047921
vt 0.958376 0.037996
vt 0.958984 0.037742
f 81/241/81 85/254/85 84/252/84
vt 0.951957 0.045253
vt 0.949872 0.047921
vt 0.958984 0.037742
f 83/247/83 81/242/81 84/252/84
vt 0.951957 0.045253
vt 0.958984 0.037742
vt 0.957100 0.039420
f 83/247/83 84/251/84 86/258/86
vt 0.958984 0.037742
vt 0.958376 0.037996
vt 0.957100 0.039420
f 84/250/84 88/263/88 86/258/86
vt 0.946731 0.051080
vt 0.951177 0.049583
vt 0.950371 0.051531
f 91/271/91 71/212/71 72/216/72
vt 0.946731 0.051080
vt 0.950371 0.047636
vt 0.951177 0.049583
f 91/271/91 82/245/82 71/213/71
vt 0.947240 0.050161
vt 0.949872 0.047921
vt 0.950371 0.047636
f 93/277/93 81/242/81 82/246/82
vt 0.946731 0.051080
vt 0.947240 0.050161
vt 0.950371 0.047636
f 91/271/91 93/278/93 82/246/82
vt 0.948377 0.052240
vt 0.946731 0.051080
vt 0.950371 0.051531
f 73/217/73 91/272/91 72/216/72
vt 0.946008 0.052240
vt 0.946731 0.051080
vt 0.948377 0.052240
f 74/220/74 91/272/91 73/219/73
vt 0.944047 0.051246
vt 0.946731 0.051080
vt 0.946008 0.052240
f 75/223/75 91/272/91 74/222/74
vt 0.944931 0.050052
vt 0.946731 0.051080
vt 0.944047 0.051246
f 92/274/92 91/272/91 75/225/75
vt 0.944931 0.050052
vt 0.947240 0.050161
vt 0.946731 0.051080
f 92/274/92 93/278/93 91/273/91
vt 0.946268 0.049065
vt 0.947240 0.050161
vt 0.944931 0.050052
f 94/280/94 93/278/93 92/276/92
vt 0.946268 0.049065
vt 0.948324 0.046925
vt 0.949872 0.047921
f 94/280/94 80/239/80 81/243/81
vt 0.949872 0.047921
vt 0.947240 0.050161
vt 0.946268 0.049065
f 81/241/81 93/278/93 94/282/94
vt 0.943359 0.049583
vt 0.944931 0.050052
vt 0.944047 0.051246
f 76/226/76 92/275/92 75/225/75
vt 0.948455 0.046040
vt 0.948324 0.046925
vt 0.945966 0.046915
f 89/265/89 78/233/78 77/231/77
vt 0.948455 0.046040
vt 0.945966 0.046915
vt 0.945780 0.046138
f 89/265/89 77/230/77 90/270/90
vt 0.950825 0.047267
vt 0.948324 0.046925
vt 0.948455 0.046040
f 70/208/70 78/233/78 89/267/89
vt 0.948324 0.046925
vt 0.950825 0.047267
vt 0.950371 0.047636
f 78/232/78 70/209/70 82/246/82
vt 0.943718 0.047607
vt 0.945966 0.046915
vt 0.944931 0.050052
f 95/283/95 77/230/77 92/276/92
vt 0.943718 0.047607
vt 0.944931 0.050052
vt 0.943359 0.049583
f 95/283/95 92/275/92 76/228/76
vt 0.945966 0.046915
vt 0.948324 0.046925
vt 0.944931 0.050052
f 77/229/77 78/233/78 92/276/92
vt 0.898485 0.279535
vt 0.931574 0.279535
vt 0.931574 0.283230
f 101/301/101 100/299/100 102/306/102
vt 0.898485 0.279535
vt 0.931574 0.283230
vt 0.898485 0.283230
f 101/301/101 102/305/102 103/309/103
vt 0.937198 0.285404
vt 0.892860 0.285404
vt 0.898485 0.283230
f 98/292/98 99/296/99 103/309/103
vt 0.937198 0.285404
vt 0.898485 0.283230
vt 0.931574 0.283230
f 98/292/98 103/308/103 102/306/102
vt 0.937198 0.276566
vt 0.937198 0.285404
vt 0.931574 0.283230
f 96/286/96 98/293/98 102/306/102
vt 0.937198 0.276566
vt 0.931574 0.283230
vt 0.931574 0.279535
f 96/286/96 102/305/102 100/300/100
vt 0.898485 0.279535
vt 0.898485 0.283230
vt 0.892860 0.285404
f 101/301/101 103/308/103 99/297/99
vt 0.898485 0.279535
vt 0.892860 0.285404
vt 0.892860 0.276566
f 101/301/101 99/296/99 97/291/97
vt 0.899277 0.027540
vt 0.873272 0.015433
vt 0.875090 0.001953
f 2/4/2 1/2/1 7/21/7
vt 0.899277 0.027540
vt 0.875090 0.001953
vt 0.908865 0.017678
f 2/4/2 7/20/7 8/24/8
vt 0.913024 0.052255
vt 0.899277 0.027540
vt 0.908865 0.017678
f 3/7/3 2/5/2 8/24/8
vt 0.913024 0.052255
vt 0.908865 0.017678
vt 0.926720 0.049777
f 3/7/3 8/23/8 9/27/9
vt 0.909264 0.080136
vt 0.913024 0.052255
vt 0.926720 0.049777
f 4/10/4 3/8/3 9/27/9
vt 0.909264 0.080136
vt 0.926720 0.049777
vt 0.921836 0.085990
f 4/10/4 9/26/9 10/30/10
vt 0.889431 0.100536
vt 0.909264 0.080136
vt 0.921836 0.085990
f 5/13/5 4/11/4 10/30/10
vt 0.889431 0.100536
vt 0.921836 0.085990
vt 0.896078 0.112484
f 5/13/5 10/29/10 11/33/11
vt 0.873272 0.015433
vt 0.844943 0.020558
vt 0.838297 0.008609
f 1/1/1 6/17/6 16/48/16
vt 0.873272 0.015433
vt 0.838297 0.008609
vt 0.875090 0.001953
f 1/1/1 16/47/16 7/21/7
vt 0.875090 0.001953
vt 0.867187 0.060547
vt 0.908865 0.017678
f 7/19/7 17/50/17 8/24/8
vt 0.908865 0.017678
vt 0.867187 0.060547
vt 0.926720 0.049777
f 8/22/8 17/50/17 9/27/9
vt 0.926720 0.049777
vt 0.867187 0.060547
vt 0.921836 0.085990
f 9/25/9 17/50/17 10/30/10
vt 0.921836 0.085990
vt 0.867187 0.060547
vt 0.896078 0.112484
f 10/28/10 17/50/17 11/33/11
vt 0.896078 0.112484
vt 0.867187 0.060547
vt 0.859284 0.119141
f 11/31/11 17/50/17 12/36/12
vt 0.859284 0.119141
vt 0.867187 0.060547
vt 0.825510 0.103416
f 12/34/12 17/50/17 13/39/13
vt 0.825510 0.103416
vt 0.867187 0.060547
vt 0.807654 0.071317
f 13/37/13 17/50/17 14/42/14
vt 0.807654 0.071317
vt 0.867187 0.060547
vt 0.812539 0.035104
f 14/40/14 17/50/17 15/45/15
vt 0.812539 0.035104
vt 0.867187 0.060547
vt 0.838297 0.008609
f 15/43/15 17/50/17 16/48/16
vt 0.838297 0.008609
vt 0.867187 0.060547
vt 0.875090 0.001953
f 16/46/16 17/50/17 7/21/7
vt 0.913805 0.060547
vt 0.904902 0.087293
vt 0.916171 0.095285
f 1/1/1 2/5/2 8/24/8
vt 0.913805 0.060547
vt 0.916171 0.095285
vt 0.927734 0.060547
f 1/1/1 8/23/8 7/21/7
vt 0.904902 0.087293
vt 0.881593 0.103823
vt 0.885897 0.116754
f 2/4/2 3/8/3 9/27/9
vt 0.904902 0.087293
vt 0.885897 0.116754
vt 0.916171 0.095285
f 2/4/2 9/26/9 8/24/8
vt 0.881593 0.103823
vt 0.852782 0.103823
vt 0.848477 0.116754
f 3/7/3 4/11/4 10/30/10
vt 0.881593 0.103823
vt 0.848477 0.116754
vt 0.885897 0.116754
f 3/7/3 10/29/10 9/27/9
vt 0.852782 0.103823
vt 0.829473 0.087293
vt 0.818204 0.095285
f 4/10/4 5/14/5 11/33/11
vt 0.852782 0.103823
vt 0.818204 0.095285
vt 0.848477 0.116754
f 4/10/4 11/32/11 10/30/10
vt 0.904902 0.033801
vt 0.913805 0.060547
vt 0.927734 0.060547
f 6/16/6 1/2/1 7/21/7
vt 0.904902 0.033801
vt 0.927734 0.060547
vt 0.916171 0.025809
f 6/16/6 7/20/7 16/48/16
vt 0.867187 0.060547
vt 0.927734 0.060547
vt 0.916171 0.095285
f 17/49/17 7/20/7 8/24/8
vt 0.867187 0.060547
vt 0.916171 0.095285
vt 0.885897 0.116754
f 17/49/17 8/23/8 9/27/9
vt 0.867187 0.060547
vt 0.885897 0.116754
vt 0.848477 0.116754
f 17/49/17 9/26/9 10/30/10
vt 0.867187 0.060547
vt 0.848477 0.116754
vt 0.818204 0.095285
f 17/49/17 10/29/10 11/33/11
vt 0.867187 0.060547
vt 0.818204 0.095285
vt 0.806641 0.060547
f 17/49/17 11/32/11 12/36/12
vt 0.867187 0.060547
vt 0.806641 0.060547
vt 0.818204 0.025809
f 17/49/17 12/35/12 13/39/13
vt 0.867187 0.060547
vt 0.818204 0.025809
vt 0.848477 0.004340
f 17/49/17 13/38/13 14/42/14
vt 0.867187 0.060547
vt 0.848477 0.004340
vt 0.885897 0.004340
f 17/49/17 14/41/14 15/45/15
vt 0.867187 0.060547
vt 0.885897 0.004340
vt 0.916171 0.025809
f 17/49/17 15/44/15 16/48/16
vt 0.867187 0.060547
vt 0.916171 0.025809
vt 0.927734 0.060547
f 17/49/17 16/47/16 7/21/7
vt 0.428784 0.074210
vt 0.402061 0.073417
vt 0.406835 0.055493
f 20/58/20 21/62/21 50/150/50
vt 0.428784 0.074210
vt 0.406835 0.055493
vt 0.429897 0.055504
f 20/58/20 50/149/50 51/153/51
vt 0.384016 0.009859
vt 0.405245 0.033999
vt 0.001953 0.033867
f 15/43/15 63/188/63 64/192/64
vt 0.411628 0.076662
vt 0.428784 0.074210
vt 0.437486 0.077961
f 46/136/46 20/59/20 45/135/45
vt 0.436308 0.100948
vt 0.436308 0.105578
vt 0.409753 0.105103
f 22/64/22 24/71/24 25/75/25
vt 0.436308 0.100948
vt 0.409753 0.105103
vt 0.409753 0.100072
f 22/64/22 25/74/25 23/69/23
vt 0.436308 0.105578
vt 0.436308 0.111886
vt 0.409753 0.112326
f 24/70/24 26/77/26 27/81/27
vt 0.436308 0.105578
vt 0.409753 0.112326
vt 0.409753 0.105103
f 24/70/24 27/80/27 25/75/25
vt 0.436308 0.111886
vt 0.436308 0.118625
vt 0.409753 0.119141
f 26/76/26 28/83/28 29/87/29
vt 0.436308 0.111886
vt 0.409753 0.119141
vt 0.409753 0.112326
f 26/76/26 29/86/29 27/81/27
vt 0.384016 0.009859
vt 0.338767 0.009463
vt 0.343358 0.001953
f 15/43/15 9/26/9 10/30/10
vt 0.384016 0.009859
vt 0.343358 0.001953
vt 0.389793 0.003027
f 15/43/15 10/29/10 16/48/16
vt 0.409676 0.011943
vt 0.384016 0.009859
vt 0.389793 0.003027
f 14/40/14 15/44/15 16/48/16
vt 0.409676 0.011943
vt 0.389793 0.003027
vt 0.420071 0.005543
f 14/40/14 16/47/16 17/51/17
vt 0.431429 0.016227
vt 0.409676 0.011943
vt 0.420071 0.005543
f 13/37/13 14/41/14 17/51/17
vt 0.431429 0.016227
vt 0.420071 0.005543
vt 0.445739 0.010314
f 13/37/13 17/50/17 18/54/18
vt 0.448678 0.020707
vt 0.431429 0.016227
vt 0.445739 0.010314
f 12/34/12 13/38/13 18/54/18
vt 0.448678 0.020707
vt 0.445739 0.010314
vt 0.462890 0.016971
f 12/34/12 18/53/18 19/57/19
vt 0.462500 0.025244
vt 0.448678 0.020707
vt 0.462890 0.016971
f 11/31/11 12/35/12 19/57/19
vt 0.411628 0.076662
vt 0.001953 0.076430
vt 0.402061 0.073417
f 46/136/46 47/140/47 21/63/21
vt 0.434650 0.033967
vt 0.448678 0.020707
vt 0.450920 0.033897
f 66/196/66 12/35/12 65/195/65
vt 0.453084 0.076851
vt 0.451262 0.055292
vt 0.457319 0.055307
f 2/4/2 53/158/53 54/162/54
vt 0.001953 0.104616
vt 0.001953 0.099000
vt 0.409753 0.100072
f 6/16/6 5/14/5 23/69/23
vt 0.001953 0.104616
vt 0.409753 0.100072
vt 0.409753 0.105103
f 6/16/6 23/68/23 25/75/25
vt 0.458020 0.103248
vt 0.453929 0.109776
vt 0.436308 0.105578
f 1/1/1 3/8/3 24/72/24
vt 0.458020 0.103248
vt 0.436308 0.105578
vt 0.436308 0.100948
f 1/1/1 24/71/24 22/66/22
vt 0.001953 0.112326
vt 0.001953 0.104616
vt 0.409753 0.105103
f 7/19/7 6/17/6 25/75/25
vt 0.001953 0.112326
vt 0.409753 0.105103
vt 0.409753 0.112326
f 7/19/7 25/74/25 27/81/27
vt 0.453929 0.109776
vt 0.436308 0.111886
vt 0.436308 0.105578
f 3/7/3 26/77/26 24/72/24
vt 0.001953 0.119141
vt 0.001953 0.112326
vt 0.409753 0.112326
f 8/22/8 7/20/7 27/81/27
vt 0.001953 0.119141
vt 0.409753 0.112326
vt 0.409753 0.119141
f 8/22/8 27/80/27 29/87/29
vt 0.415828 0.055493
vt 0.444491 0.074072
vt 0.439297 0.055504
f 55/163/55 39/116/39 56/168/56
vt 0.392609 0.009859
vt 0.341222 0.009463
vt 0.005418 0.033867
f 36/106/36 31/92/31 64/192/64
vt 0.392609 0.009859
vt 0.005418 0.033867
vt 0.412783 0.033996
f 36/106/36 64/191/64 67/201/67
vt 0.351236 0.001953
vt 0.341222 0.009463
vt 0.392609 0.009859
f 32/94/32 31/92/31 36/108/36
vt 0.351236 0.001953
vt 0.392609 0.009859
vt 0.398487 0.003027
f 32/94/32 36/107/36 37/111/37
vt 0.398487 0.003027
vt 0.392609 0.009859
vt 0.418720 0.011943
f 37/109/37 36/107/36 35/105/35
vt 0.398487 0.003027
vt 0.418720 0.011943
vt 0.429297 0.005543
f 37/109/37 35/104/35 38/114/38
vt 0.414882 0.073412
vt 0.005418 0.073167
vt 0.005418 0.076430
f 40/118/40 4/11/4 47/141/47
vt 0.414882 0.073412
vt 0.005418 0.076430
vt 0.426750 0.076752
f 40/118/40 47/140/47 49/147/49
vt 0.458407 0.020708
vt 0.440855 0.016227
vt 0.443819 0.033963
f 33/97/33 34/101/34 68/204/68
vt 0.458407 0.020708
vt 0.443819 0.033963
vt 0.459457 0.033896
f 33/97/33 68/203/68 69/207/69
vt 0.421842 0.099194
vt 0.005418 0.099000
vt 0.005418 0.104616
f 41/121/41 5/14/5 6/18/6
vt 0.421842 0.099194
vt 0.005418 0.104616
vt 0.418798 0.105103
f 41/121/41 6/17/6 42/126/42
vt 0.418798 0.105103
vt 0.005418 0.104616
vt 0.005418 0.112326
f 42/124/42 6/17/6 7/21/7
vt 0.418798 0.105103
vt 0.005418 0.112326
vt 0.418798 0.112326
f 42/124/42 7/20/7 43/129/43
vt 0.418798 0.112326
vt 0.005418 0.112326
vt 0.005418 0.119141
f 43/127/43 7/20/7 8/24/8
vt 0.418798 0.112326
vt 0.005418 0.119141
vt 0.418798 0.119141
f 43/127/43 8/23/8 44/132/44
vt 0.351236 0.001953
vt 0.001953 0.009463
vt 0.341222 0.009463
f 32/94/32 71/212/71 31/93/31
vt 0.435048 0.090140
vt 0.404919 0.088575
vt 0.411628 0.076662
f 60/178/60 59/176/59 46/138/46
vt 0.404919 0.088575
vt 0.001953 0.087295
vt 0.001953 0.076430
f 59/175/59 58/173/58 47/141/47
vt 0.001953 0.073167
vt 0.402061 0.073417
vt 0.001953 0.076430
f 4/10/4 21/62/21 47/141/47
vt 0.402061 0.073417
vt 0.428784 0.074210
vt 0.411628 0.076662
f 21/61/21 20/59/20 46/138/46
vt 0.454887 0.092453
vt 0.435048 0.090140
vt 0.437486 0.077961
f 62/184/62 60/179/60 45/135/45
vt 0.005418 0.087295
vt 0.425233 0.088009
vt 0.426750 0.076752
f 58/172/58 61/182/61 49/147/49
vt 0.405245 0.033999
vt 0.434650 0.033967
vt 0.429897 0.055504
f 63/187/63 66/197/66 51/153/51
vt 0.406835 0.055493
vt 0.402061 0.073417
vt 0.001953 0.055094
f 50/148/50 21/62/21 52/156/52
vt 0.402061 0.073417
vt 0.001953 0.073167
vt 0.001953 0.055094
f 21/61/21 4/11/4 52/156/52
vt 0.451262 0.055292
vt 0.453084 0.076851
vt 0.429897 0.055504
f 53/157/53 2/5/2 51/153/51
vt 0.453084 0.076851
vt 0.428784 0.074210
vt 0.429897 0.055504
f 2/4/2 20/59/20 51/153/51
vt 0.457319 0.055307
vt 0.451262 0.055292
vt 0.450920 0.033897
f 54/160/54 53/158/53 65/195/65
vt 0.457319 0.055307
vt 0.450920 0.033897
vt 0.460902 0.033889
f 54/160/54 65/194/65 70/210/70
vt 0.414882 0.073412
vt 0.444491 0.074072
vt 0.415828 0.055493
f 40/118/40 39/116/39 55/165/55
vt 0.443819 0.033963
vt 0.412783 0.033996
vt 0.415828 0.055493
f 68/202/68 67/200/67 55/165/55
vt 0.005418 0.055094
vt 0.005418 0.073167
vt 0.415828 0.055493
f 52/154/52 4/11/4 55/165/55
vt 0.005418 0.073167
vt 0.414882 0.073412
vt 0.415828 0.055493
f 4/10/4 40/119/40 55/165/55
vt 0.439297 0.055504
vt 0.444491 0.074072
vt 0.461036 0.055292
f 56/166/56 39/116/39 57/171/57
vt 0.444491 0.074072
vt 0.462891 0.076851
vt 0.461036 0.055292
f 39/115/39 30/89/30 57/171/57
vt 0.411628 0.076662
vt 0.437486 0.077961
vt 0.435048 0.090140
f 46/136/46 45/134/45 60/180/60
vt 0.435048 0.090140
vt 0.436308 0.100948
vt 0.404919 0.088575
f 60/178/60 22/65/22 59/177/59
vt 0.436308 0.100948
vt 0.409753 0.100072
vt 0.404919 0.088575
f 22/64/22 23/68/23 59/177/59
vt 0.001953 0.076430
vt 0.411628 0.076662
vt 0.404919 0.088575
f 47/139/47 46/137/46 59/177/59
vt 0.404919 0.088575
vt 0.409753 0.100072
vt 0.001953 0.087295
f 59/175/59 23/68/23 58/174/58
vt 0.409753 0.100072
vt 0.001953 0.099000
vt 0.001953 0.087295
f 23/67/23 5/14/5 58/174/58
vt 0.437486 0.077961
vt 0.455367 0.080348
vt 0.454887 0.092453
f 45/133/45 48/143/48 62/186/62
vt 0.454887 0.092453
vt 0.458020 0.103248
vt 0.435048 0.090140
f 62/184/62 1/2/1 60/180/60
vt 0.458020 0.103248
vt 0.436308 0.100948
vt 0.435048 0.090140
f 1/1/1 22/65/22 60/180/60
vt 0.426750 0.076752
vt 0.005418 0.076430
vt 0.005418 0.087295
f 49/145/49 47/140/47 58/174/58
vt 0.005418 0.087295
vt 0.005418 0.099000
vt 0.425233 0.088009
f 58/172/58 5/14/5 61/183/61
vt 0.005418 0.099000
vt 0.421842 0.099194
vt 0.425233 0.088009
f 5/13/5 41/122/41 61/183/61
vt 0.405245 0.033999
vt 0.406835 0.055493
vt 0.001953 0.033867
f 63/187/63 50/149/50 64/192/64
vt 0.406835 0.055493
vt 0.001953 0.055094
vt 0.001953 0.033867
f 50/148/50 52/155/52 64/192/64
vt 0.450920 0.033897
vt 0.451262 0.055292
vt 0.434650 0.033967
f 65/193/65 53/158/53 66/198/66
vt 0.451262 0.055292
vt 0.429897 0.055504
vt 0.434650 0.033967
f 53/157/53 51/152/51 66/198/66
vt 0.005418 0.033867
vt 0.005418 0.055094
vt 0.412783 0.033996
f 64/190/64 52/155/52 67/201/67
vt 0.005418 0.055094
vt 0.415828 0.055493
vt 0.412783 0.033996
f 52/154/52 55/164/55 67/201/67
vt 0.443819 0.033963
vt 0.439297 0.055504
vt 0.459457 0.033896
f 68/202/68 56/167/56 69/207/69
vt 0.439297 0.055504
vt 0.461036 0.055292
vt 0.459457 0.033896
f 56/166/56 57/170/57 69/207/69
vt 0.429897 0.055504
vt 0.406835 0.055493
vt 0.405245 0.033999
f 51/151/51 50/149/50 63/189/63
vt 0.405245 0.033999
vt 0.409676 0.011943
vt 0.434650 0.033967
f 63/187/63 14/41/14 66/198/66
vt 0.409676 0.011943
vt 0.431429 0.016227
vt 0.434650 0.033967
f 14/40/14 13/38/13 66/198/66
vt 0.384016 0.009859
vt 0.409676 0.011943
vt 0.405245 0.033999
f 15/43/15 14/41/14 63/189/63
vt 0.338767 0.009463
vt 0.384016 0.009859
vt 0.001953 0.033867
f 9/25/9 15/44/15 64/192/64
vt 0.431429 0.016227
vt 0.448678 0.020707
vt 0.434650 0.033967
f 13/37/13 12/35/12 66/198/66
vt 0.450920 0.033897
vt 0.448678 0.020707
vt 0.460902 0.033889
f 65/193/65 12/35/12 70/210/70
vt 0.448678 0.020707
vt 0.462500 0.025244
vt 0.460902 0.033889
f 12/34/12 11/32/11 70/210/70
vt 0.415828 0.055493
vt 0.439297 0.055504
vt 0.443819 0.033963
f 55/163/55 56/167/56 68/204/68
vt 0.443819 0.033963
vt 0.440855 0.016227
vt 0.412783 0.033996
f 68/202/68 34/101/34 67/201/67
vt 0.440855 0.016227
vt 0.418720 0.011943
vt 0.412783 0.033996
f 34/100/34 35/104/35 67/201/67
vt 0.418720 0.011943
vt 0.392609 0.009859
vt 0.412783 0.033996
f 35/103/35 36/107/36 67/201/67
vt 0.005358 0.009463
vt 0.338767 0.009463
vt 0.001953 0.033867
f 71/211/71 9/26/9 64/192/64
vt 0.338767 0.009463
vt 0.005358 0.009463
vt 0.002733 0.001953
f 9/25/9 71/212/71 72/216/72
vt 0.338767 0.009463
vt 0.002733 0.001953
vt 0.343358 0.001953
f 9/25/9 72/215/72 10/30/10
vt 0.341222 0.009463
vt 0.001953 0.009463
vt 0.005418 0.033867
f 31/91/31 71/212/71 64/192/64
vt 0.351236 0.001953
vt 0.004624 0.001953
vt 0.001953 0.009463
f 32/94/32 72/215/72 71/213/71
vt 0.634766 0.264244
vt 0.623285 0.295434
vt 0.611934 0.287201
f 5/13/5 3/8/3 4/12/4
vt 0.343308 0.278425
vt 0.634766 0.264244
vt 0.422058 0.325718
f 23/67/23 5/14/5 46/138/46
vt 0.322504 0.333984
vt 0.343308 0.278425
vt 0.422058 0.325718
f 6/16/6 23/68/23 46/138/46
vt 0.282696 0.278517
vt 0.322504 0.333984
vt 0.302982 0.333984
f 2/4/2 6/17/6 1/3/1
vt 0.017066 0.295395
vt 0.001953 0.264244
vt 0.027501 0.287970
f 7/19/7 9/26/9 8/24/8
vt 0.001953 0.264244
vt 0.096688 0.310091
vt 0.027501 0.287970
f 9/25/9 44/131/44 8/24/8
vt 0.200566 0.325632
vt 0.096688 0.310091
vt 0.001953 0.264244
f 45/133/45 44/131/44 9/27/9
vt 0.343308 0.278425
vt 0.282696 0.278517
vt 0.282696 0.263230
f 29/85/29 30/89/30 31/93/31
vt 0.343288 0.262869
vt 0.631633 0.254226
vt 0.634766 0.264244
f 24/70/24 10/29/10 5/15/5
vt 0.282696 0.278517
vt 0.001953 0.264244
vt 0.005086 0.254226
f 2/4/2 9/26/9 12/36/12
vt 0.282696 0.278517
vt 0.005086 0.254226
vt 0.282696 0.263230
f 2/4/2 12/35/12 11/33/11
vt 0.248625 0.243130
vt 0.617462 0.243125
vt 0.343059 0.245329
f 14/40/14 13/38/13 25/75/25
vt 0.248625 0.243130
vt 0.343059 0.245329
vt 0.282668 0.245330
f 14/40/14 25/74/25 22/66/22
vt 0.282696 0.263230
vt 0.005086 0.254226
vt 0.005086 0.243125
f 11/31/11 12/35/12 15/45/15
vt 0.282696 0.263230
vt 0.005086 0.243125
vt 0.282668 0.245330
f 11/31/11 15/44/15 22/66/22
vt 0.617462 0.241716
vt 0.248625 0.241720
vt 0.245133 0.132326
f 36/106/36 37/110/37 38/114/38
vt 0.617462 0.241716
vt 0.245133 0.132326
vt 0.617462 0.132168
f 36/106/36 38/113/38 39/117/39
vt 0.005086 0.243125
vt 0.005086 0.133577
vt 0.245133 0.237089
f 15/43/15 18/53/18 35/105/35
vt 0.005086 0.243125
vt 0.245133 0.237089
vt 0.248625 0.243130
f 15/43/15 35/104/35 14/42/14
vt 0.617440 0.123047
vt 0.617440 0.124456
vt 0.617462 0.132168
f 42/124/42 19/56/19 39/117/39
vt 0.245133 0.133735
vt 0.005086 0.133577
vt 0.005087 0.124456
f 17/49/17 18/53/18 21/63/21
vt 0.245133 0.133735
vt 0.005087 0.124456
vt 0.237076 0.124614
f 17/49/17 21/62/21 20/60/20
vt 0.998047 0.994030
vt 0.666171 0.994141
vt 0.666016 0.822313
f 47/139/47 48/143/48 49/147/49
vt 0.005086 0.243125
vt 0.248625 0.243130
vt 0.282668 0.245330
f 15/43/15 14/41/14 22/66/22
vt 0.322504 0.333984
vt 0.282696 0.278517
vt 0.343308 0.278425
f 6/16/6 2/5/2 23/69/23
vt 0.343288 0.262869
vt 0.343308 0.278425
vt 0.282696 0.263230
f 33/97/33 29/86/29 31/93/31
vt 0.343288 0.262869
vt 0.634766 0.264244
vt 0.343308 0.278425
f 24/70/24 5/14/5 23/69/23
vt 0.343059 0.245329
vt 0.617462 0.243125
vt 0.631633 0.254226
f 25/73/25 13/38/13 10/30/10
vt 0.996789 0.822266
vt 0.998047 0.994030
vt 0.666016 0.822313
f 50/148/50 47/140/47 49/147/49
vt 0.343059 0.245329
vt 0.631633 0.254226
vt 0.343288 0.262869
f 25/73/25 10/29/10 24/72/24
vt 0.617462 0.243125
vt 0.617462 0.133577
vt 0.626395 0.133577
f 13/37/13 16/47/16 27/81/27
vt 0.617462 0.243125
vt 0.626395 0.133577
vt 0.626395 0.243125
f 13/37/13 27/80/27 26/78/26
vt 0.617462 0.133577
vt 0.617440 0.124456
vt 0.626372 0.124456
f 16/46/16 19/56/19 28/84/28
vt 0.617462 0.133577
vt 0.626372 0.124456
vt 0.626395 0.133577
f 16/46/16 28/83/28 27/81/27
vt 0.626395 0.243125
vt 0.631633 0.254226
vt 0.617462 0.243125
f 26/76/26 10/29/10 13/39/13
vt 0.343308 0.278425
vt 0.282696 0.278517
vt 0.282696 0.278517
f 23/67/23 2/5/2 30/90/30
vt 0.343308 0.278425
vt 0.282696 0.278517
vt 0.343308 0.278425
f 23/67/23 30/89/30 29/87/29
vt 0.282696 0.278517
vt 0.282696 0.263230
vt 0.282696 0.263230
f 2/4/2 11/32/11 31/93/31
vt 0.282696 0.278517
vt 0.282696 0.263230
vt 0.282696 0.278517
f 2/4/2 31/92/31 30/90/30
vt 0.282696 0.263230
vt 0.282668 0.245330
vt 0.282668 0.245330
f 11/31/11 22/65/22 32/96/32
vt 0.282696 0.263230
vt 0.282668 0.245330
vt 0.282696 0.263230
f 11/31/11 32/95/32 31/93/31
vt 0.343288 0.262869
vt 0.343308 0.278425
vt 0.343308 0.278425
f 24/70/24 23/68/23 29/87/29
vt 0.343288 0.262869
vt 0.343308 0.278425
vt 0.343288 0.262869
f 24/70/24 29/86/29 33/99/33
vt 0.282668 0.245330
vt 0.343059 0.245329
vt 0.343059 0.245329
f 22/64/22 25/74/25 34/102/34
vt 0.282668 0.245330
vt 0.343059 0.245329
vt 0.282668 0.245330
f 22/64/22 34/101/34 32/96/32
vt 0.343059 0.245329
vt 0.343288 0.262869
vt 0.343288 0.262869
f 25/73/25 24/71/24 33/99/33
vt 0.343059 0.245329
vt 0.343288 0.262869
vt 0.343059 0.245329
f 25/73/25 33/98/33 34/102/34
vt 0.005086 0.133577
vt 0.245133 0.133735
vt 0.245133 0.237089
f 18/52/18 17/50/17 35/105/35
vt 0.245133 0.132326
vt 0.248625 0.241720
vt 0.245133 0.235680
f 38/112/38 37/110/37 41/123/41
vt 0.617462 0.243125
vt 0.248625 0.243130
vt 0.248625 0.241720
f 13/37/13 14/41/14 37/111/37
vt 0.617462 0.243125
vt 0.248625 0.241720
vt 0.617462 0.241716
f 13/37/13 37/110/37 36/108/36
vt 0.617462 0.133577
vt 0.617462 0.243125
vt 0.617462 0.241716
f 16/46/16 13/38/13 36/108/36
vt 0.617462 0.133577
vt 0.617462 0.241716
vt 0.617462 0.132168
f 16/46/16 36/107/36 39/117/39
vt 0.245133 0.133735
vt 0.237076 0.124614
vt 0.237076 0.123205
f 17/49/17 20/59/20 40/120/40
vt 0.245133 0.133735
vt 0.237076 0.123205
vt 0.245133 0.132326
f 17/49/17 40/119/40 38/114/38
vt 0.617440 0.124456
vt 0.617462 0.133577
vt 0.617462 0.132168
f 19/55/19 16/47/16 39/117/39
vt 0.245133 0.237089
vt 0.245133 0.133735
vt 0.245133 0.132326
f 35/103/35 17/50/17 38/114/38
vt 0.245133 0.237089
vt 0.245133 0.132326
vt 0.245133 0.235680
f 35/103/35 38/113/38 41/123/41
vt 0.237076 0.124614
vt 0.617440 0.124456
vt 0.617440 0.123047
f 20/58/20 19/56/19 42/126/42
vt 0.237076 0.124614
vt 0.617440 0.123047
vt 0.237076 0.123205
f 20/58/20 42/125/42 40/120/40
vt 0.248625 0.243130
vt 0.245133 0.237089
vt 0.245133 0.235680
f 14/40/14 35/104/35 41/123/41
vt 0.248625 0.243130
vt 0.245133 0.235680
vt 0.248625 0.241720
f 14/40/14 41/122/41 37/111/37
vt 0.523075 0.310145
vt 0.634766 0.264244
vt 0.611934 0.287201
f 43/127/43 5/14/5 4/12/4
vt 0.282696 0.278517
vt 0.200566 0.325632
vt 0.001953 0.264244
f 2/4/2 45/134/45 9/27/9
vt 0.282696 0.278517
vt 0.302982 0.333984
vt 0.200566 0.325632
f 2/4/2 1/2/1 45/135/45
vt 0.422058 0.325718
vt 0.634766 0.264244
vt 0.523075 0.310145
f 46/136/46 5/14/5 43/129/43
vt 0.343288 0.262869
vt 0.282696 0.263230
vt 0.287526 0.261829
f 33/97/33 31/92/31 48/144/48
vt 0.343288 0.262869
vt 0.287526 0.261829
vt 0.338443 0.261819
f 33/97/33 48/143/48 47/141/47
vt 0.282696 0.263230
vt 0.282668 0.245330
vt 0.287502 0.247081
f 31/91/31 32/95/32 49/147/49
vt 0.282696 0.263230
vt 0.287502 0.247081
vt 0.287526 0.261829
f 31/91/31 49/146/49 48/144/48
vt 0.343059 0.245329
vt 0.343288 0.262869
vt 0.338443 0.261819
f 34/100/34 33/98/33 47/141/47
vt 0.343059 0.245329
vt 0.338443 0.261819
vt 0.338250 0.247080
f 34/100/34 47/140/47 50/150/50
vt 0.282668 0.245330
vt 0.343059 0.245329
vt 0.338250 0.247080
f 32/94/32 34/101/34 50/150/50
vt 0.282668 0.245330
vt 0.338250 0.247080
vt 0.287502 0.247081
f 32/94/32 50/149/50 49/147/49
vt 0.245133 0.132326
vt 0.237076 0.123205
vt 0.617462 0.132168
f 38/112/38 40/119/40 39/117/39
vt 0.617462 0.132168
vt 0.237076 0.123205
vt 0.617440 0.123047
f 39/115/39 40/119/40 42/126/42
vt 0.737865 0.083083
vt 0.712891 0.008916
vt 0.712891 0.008916
f 51/151/51 52/155/52 55/165/55
vt 0.737865 0.083083
vt 0.712891 0.008916
vt 0.737865 0.083083
f 51/151/51 55/164/55 54/162/54
vt 0.802734 0.009008
vt 0.737865 0.083083
vt 0.712891 0.008916
f 57/169/57 54/161/54 55/165/55
vt 0.802734 0.009008
vt 0.712891 0.008916
vt 0.757903 -0.001953
f 57/169/57 55/164/55 56/168/56
vt 0.802734 0.009008
vt 0.778091 0.082901
vt 0.737865 0.083083
f 57/169/57 58/173/58 54/162/54
vt 0.779322 0.083083
vt 0.737865 0.083083
vt 0.737865 0.083083
f 53/157/53 51/152/51 54/162/54
vt 0.779322 0.083083
vt 0.737865 0.083083
vt 0.778091 0.082901
f 53/157/53 54/161/54 58/174/58
vt 0.728291 0.082441
vt 0.787766 0.082441
vt 0.787423 0.119141
f 59/175/59 60/179/60 61/183/61
vt 0.728291 0.082441
vt 0.787423 0.119141
vt 0.727948 0.119141
f 59/175/59 61/182/61 62/186/62
vt 0.944907 0.039623
vt 0.943430 0.050599
vt 0.943430 0.050599
f 63/187/63 66/197/66 67/201/67
vt 0.944907 0.039623
vt 0.943430 0.050599
vt 0.944907 0.039623
f 63/187/63 67/200/67 64/192/64
vt 0.944907 0.039623
vt 0.950706 0.041923
vt 0.943430 0.050599
f 63/187/63 70/209/70 66/198/66
vt 0.958984 0.045869
vt 0.955020 0.052708
vt 0.943430 0.050599
f 71/211/71 68/203/68 66/198/66
vt 0.943430 0.050599
vt 0.955020 0.052708
vt 0.943430 0.050599
f 66/196/66 68/203/68 67/201/67
vt 0.943430 0.050599
vt 0.955020 0.052708
vt 0.955020 0.052708
f 67/199/67 68/203/68 69/207/69
vt 0.950699 0.037109
vt 0.950706 0.041923
vt 0.944907 0.039623
f 65/193/65 70/209/70 63/189/63
vt 0.950706 0.041923
vt 0.958984 0.045869
vt 0.943430 0.050599
f 70/208/70 71/212/71 66/198/66
vt 0.867187 0.060547
vt 0.890970 0.016392
vt 0.914752 0.060547
f 72/214/72 74/221/74 73/219/73
vt 0.867187 0.060547
vt 0.843405 0.016392
vt 0.890970 0.016392
f 72/214/72 75/224/75 74/222/74
vt 0.867187 0.060547
vt 0.819623 0.060547
vt 0.843405 0.016392
f 72/214/72 76/227/76 75/225/75
vt 0.867187 0.060547
vt 0.843405 0.104702
vt 0.819623 0.060547
f 72/214/72 77/230/77 76/228/76
vt 0.867187 0.060547
vt 0.890970 0.104702
vt 0.843405 0.104702
f 72/214/72 78/233/78 77/231/77
vt 0.867187 0.060547
vt 0.914752 0.060547
vt 0.890970 0.104702
f 72/214/72 73/218/73 78/234/78
vt 0.843405 0.016392
vt 0.819623 0.060547
vt 0.819623 0.060547
f 75/223/75 76/227/76 80/240/80
vt 0.843405 0.016392
vt 0.819623 0.060547
vt 0.843405 0.016392
f 75/223/75 80/239/80 79/237/79
vt 0.819623 0.060547
vt 0.843405 0.104702
vt 0.843405 0.104702
f 76/226/76 77/230/77 81/243/81
vt 0.819623 0.060547
vt 0.843405 0.104702
vt 0.819623 0.060547
f 76/226/76 81/242/81 80/240/80
vt 0.843405 0.104702
vt 0.890970 0.104702
vt 0.890970 0.104702
f 77/229/77 78/233/78 82/246/82
vt 0.843405 0.104702
vt 0.890970 0.104702
vt 0.843405 0.104702
f 77/229/77 82/245/82 81/243/81
vt 0.856711 0.041095
vt 0.846234 0.060547
vt 0.846234 0.060547
f 83/247/83 84/251/84 90/270/90
vt 0.856711 0.041095
vt 0.846234 0.060547
vt 0.856711 0.041095
f 83/247/83 90/269/90 89/267/89
vt 0.846234 0.060547
vt 0.856711 0.079998
vt 0.856711 0.079998
f 84/250/84 85/254/85 91/273/91
vt 0.846234 0.060547
vt 0.856711 0.079998
vt 0.846234 0.060547
f 84/250/84 91/272/91 90/270/90
vt 0.856711 0.079998
vt 0.877664 0.079998
vt 0.877664 0.079998
f 85/253/85 86/257/86 92/276/92
vt 0.856711 0.079998
vt 0.877664 0.079998
vt 0.856711 0.079998
f 85/253/85 92/275/92 91/273/91
vt 0.888141 0.060547
vt 0.877664 0.041095
vt 0.897461 0.004340
f 87/259/87 88/263/88 94/282/94
vt 0.888141 0.060547
vt 0.897461 0.004340
vt 0.927734 0.060547
f 87/259/87 94/281/94 93/279/93
vt 0.877664 0.041095
vt 0.856711 0.041095
vt 0.836914 0.004340
f 88/262/88 89/266/89 95/285/95
vt 0.877664 0.041095
vt 0.836914 0.004340
vt 0.897461 0.004340
f 88/262/88 95/284/95 94/282/94
vt 0.856711 0.041095
vt 0.846234 0.060547
vt 0.806641 0.060547
f 89/265/89 90/269/90 96/288/96
vt 0.856711 0.041095
vt 0.806641 0.060547
vt 0.836914 0.004340
f 89/265/89 96/287/96 95/285/95
vt 0.846234 0.060547
vt 0.856711 0.079998
vt 0.836914 0.116754
f 90/268/90 91/272/91 97/291/97
vt 0.846234 0.060547
vt 0.836914 0.116754
vt 0.806641 0.060547
f 90/268/90 97/290/97 96/288/96
vt 0.856711 0.079998
vt 0.877664 0.079998
vt 0.897461 0.116754
f 91/271/91 92/275/92 98/294/98
vt 0.856711 0.079998
vt 0.897461 0.116754
vt 0.836914 0.116754
f 91/271/91 98/293/98 97/291/97
vt 0.877664 0.079998
vt 0.888141 0.060547
vt 0.927734 0.060547
f 92/274/92 87/260/87 93/279/93
vt 0.877664 0.079998
vt 0.927734 0.060547
vt 0.897461 0.116754
f 92/274/92 93/278/93 98/294/98
vt 0.867187 0.060547
vt 0.890970 0.016392
vt 0.914752 0.060547
f 99/295/99 101/302/101 100/300/100
vt 0.867187 0.060547
vt 0.843405 0.016392
vt 0.890970 0.016392
f 99/295/99 102/305/102 101/303/101
vt 0.867187 0.060547
vt 0.819623 0.060547
vt 0.843405 0.016392
f 99/295/99 103/308/103 102/306/102
vt 0.867187 0.060547
vt 0.843405 0.104702
vt 0.819623 0.060547
f 99/295/99 104/311/104 103/309/103
vt 0.867187 0.060547
vt 0.890970 0.104702
vt 0.843405 0.104702
f 99/295/99 105/314/105 104/312/104
vt 0.867187 0.060547
vt 0.914752 0.060547
vt 0.890970 0.104702
f 99/295/99 100/299/100 105/315/105
vt 0.843405 0.016392
vt 0.819623 0.060547
vt 0.819623 0.060547
f 102/304/102 103/308/103 107/321/107
vt 0.843405 0.016392
vt 0.819623 0.060547
vt 0.843405 0.016392
f 102/304/102 107/320/107 106/318/106
vt 0.819623 0.060547
vt 0.843405 0.104702
vt 0.843405 0.104702
f 103/307/103 104/311/104 108/324/108
vt 0.819623 0.060547
vt 0.843405 0.104702
vt 0.819623 0.060547
f 103/307/103 108/323/108 107/321/107
vt 0.843405 0.104702
vt 0.890970 0.104702
vt 0.890970 0.104702
f 104/310/104 105/314/105 109/327/109
vt 0.843405 0.104702
vt 0.890970 0.104702
vt 0.843405 0.104702
f 104/310/104 109/326/109 108/324/108
vt 0.856711 0.041095
vt 0.846234 0.060547
vt 0.846234 0.060547
f 110/328/110 111/332/111 117/351/117
vt 0.856711 0.041095
vt 0.846234 0.060547
vt 0.856711 0.041095
f 110/328/110 117/350/117 116/348/116
vt 0.846234 0.060547
vt 0.856711 0.079998
vt 0.856711 0.079998
f 111/331/111 112/335/112 118/354/118
vt 0.846234 0.060547
vt 0.856711 0.079998
vt 0.846234 0.060547
f 111/331/111 118/353/118 117/351/117
vt 0.856711 0.079998
vt 0.877664 0.079998
vt 0.877664 0.079998
f 112/334/112 113/338/113 119/357/119
vt 0.856711 0.079998
vt 0.877664 0.079998
vt 0.856711 0.079998
f 112/334/112 119/356/119 118/354/118
vt 0.888141 0.060547
vt 0.877664 0.041095
vt 0.897461 0.004340
f 114/340/114 115/344/115 121/363/121
vt 0.888141 0.060547
vt 0.897461 0.004340
vt 0.927734 0.060547
f 114/340/114 121/362/121 120/360/120
vt 0.877664 0.041095
vt 0.856711 0.041095
vt 0.836914 0.004340
f 115/343/115 116/347/116 122/366/122
vt 0.877664 0.041095
vt 0.836914 0.004340
vt 0.897461 0.004340
f 115/343/115 122/365/122 121/363/121
vt 0.856711 0.041095
vt 0.846234 0.060547
vt 0.806641 0.060547
f 116/346/116 117/350/117 123/369/123
vt 0.856711 0.041095
vt 0.806641 0.060547
vt 0.836914 0.004340
f 116/346/116 123/368/123 122/366/122
vt 0.846234 0.060547
vt 0.856711 0.079998
vt 0.836914 0.116754
f 117/349/117 118/353/118 124/372/124
vt 0.846234 0.060547
vt 0.836914 0.116754
vt 0.806641 0.060547
f 117/349/117 124/371/124 123/369/123
vt 0.856711 0.079998
vt 0.877664 0.079998
vt 0.897461 0.116754
f 118/352/118 119/356/119 125/375/125
vt 0.856711 0.079998
vt 0.897461 0.116754
vt 0.836914 0.116754
f 118/352/118 125/374/125 124/372/124
vt 0.877664 0.079998
vt 0.888141 0.060547
vt 0.927734 0.060547
f 119/355/119 114/341/114 120/360/120
vt 0.877664 0.079998
vt 0.927734 0.060547
vt 0.897461 0.116754
f 119/355/119 120/359/120 125/375/125
vt 0.889949 0.102594
vt 0.844425 0.102594
vt 0.839418 0.112375
f 126/376/126 127/380/127 131/393/131
vt 0.889949 0.102594
vt 0.839418 0.112375
vt 0.894957 0.112375
f 126/376/126 131/392/131 130/390/130
vt 0.844425 0.102594
vt 0.821663 0.060334
vt 0.811648 0.060816
f 127/379/127 128/383/128 132/396/132
vt 0.844425 0.102594
vt 0.811648 0.060816
vt 0.839418 0.112375
f 127/379/127 132/395/132 131/393/131
vt 0.922727 0.060816
vt 0.922727 0.060816
vt 0.894957 0.112375
f 135/403/135 129/386/129 130/390/130
vt 0.922727 0.060816
vt 0.894957 0.112375
vt 0.839418 0.112375
f 135/403/135 130/389/130 131/393/131
vt 0.922727 0.060816
vt 0.839418 0.112375
vt 0.811648 0.060816
f 135/403/135 131/392/131 132/396/132
vt 0.922727 0.060816
vt 0.811648 0.060816
vt 0.839418 0.009258
f 135/403/135 132/395/132 133/399/133
vt 0.922727 0.060816
vt 0.839418 0.009258
vt 0.894957 0.009258
f 135/403/135 133/398/133 134/402/134
vt 0.922727 0.060816
vt 0.894957 0.009258
vt 0.922727 0.060816
f 135/403/135 134/401/134 129/387/129
vt 0.844425 0.102594
vt 0.889949 0.102594
vt 0.894957 0.112375
f 137/409/137 136/407/136 140/420/140
vt 0.844425 0.102594
vt 0.894957 0.112375
vt 0.839418 0.112375
f 137/409/137 140/419/140 141/423/141
vt 0.821663 0.060334
vt 0.844425 0.102594
vt 0.839418 0.112375
f 138/412/138 137/410/137 141/423/141
vt 0.821663 0.060334
vt 0.839418 0.112375
vt 0.811648 0.060816
f 138/412/138 141/422/141 142/426/142
vt 0.922727 0.060816
vt 0.922727 0.060816
vt 0.894957 0.112375
f 139/415/139 145/434/145 140/420/140
vt 0.894957 0.112375
vt 0.922727 0.060816
vt 0.839418 0.112375
f 140/418/140 145/434/145 141/423/141
vt 0.839418 0.112375
vt 0.922727 0.060816
vt 0.811648 0.060816
f 141/421/141 145/434/145 142/426/142
vt 0.811648 0.060816
vt 0.922727 0.060816
vt 0.839418 0.009258
f 142/424/142 145/434/145 143/429/143
vt 0.839418 0.009258
vt 0.922727 0.060816
vt 0.894957 0.009258
f 143/427/143 145/434/145 144/432/144
vt 0.894957 0.009258
vt 0.922727 0.060816
vt 0.922727 0.060816
f 144/430/144 145/434/145 139/417/139
vt 0.869516 0.060547
vt 0.898625 0.008503
vt 0.927734 0.060547
f 146/436/146 148/443/148 147/441/147
vt 0.869516 0.060547
vt 0.840407 0.008504
vt 0.898625 0.008503
f 146/436/146 149/446/149 148/444/148
vt 0.869516 0.060547
vt 0.811648 0.060816
vt 0.840407 0.008504
f 146/436/146 150/449/150 149/447/149
vt 0.869516 0.060547
vt 0.840407 0.112590
vt 0.811648 0.060816
f 146/436/146 151/452/151 150/450/150
vt 0.869516 0.060547
vt 0.898625 0.112590
vt 0.840407 0.112590
f 146/436/146 152/455/152 151/453/151
vt 0.869516 0.060547
vt 0.927734 0.060547
vt 0.898625 0.112590
f 146/436/146 147/440/147 152/456/152
vt 0.840407 0.008504
vt 0.811648 0.060816
vt 0.806641 0.060547
f 149/445/149 150/449/150 154/462/154
vt 0.840407 0.008504
vt 0.806641 0.060547
vt 0.838078 0.004340
f 149/445/149 154/461/154 153/459/153
vt 0.811648 0.060816
vt 0.840407 0.112590
vt 0.838078 0.116754
f 150/448/150 151/452/151 155/465/155
vt 0.811648 0.060816
vt 0.838078 0.116754
vt 0.806641 0.060547
f 150/448/150 155/464/155 154/462/154
vt 0.840407 0.112590
vt 0.898625 0.112590
vt 0.900954 0.116754
f 151/451/151 152/455/152 156/468/156
vt 0.840407 0.112590
vt 0.900954 0.116754
vt 0.838078 0.116754
f 151/451/151 156/467/156 155/465/155
vt 0.889949 0.102594
vt 0.844425 0.102594
vt 0.839418 0.112375
f 157/469/157 158/473/158 162/486/162
vt 0.889949 0.102594
vt 0.839418 0.112375
vt 0.894957 0.112375
f 157/469/157 162/485/162 161/483/161
vt 0.844425 0.102594
vt 0.821663 0.060334
vt 0.811648 0.060816
f 158/472/158 159/476/159 163/489/163
vt 0.844425 0.102594
vt 0.811648 0.060816
vt 0.839418 0.112375
f 158/472/158 163/488/163 162/486/162
vt 0.922727 0.060816
vt 0.922727 0.060816
vt 0.894957 0.112375
f 166/496/166 160/479/160 161/483/161
vt 0.922727 0.060816
vt 0.894957 0.112375
vt 0.839418 0.112375
f 166/496/166 161/482/161 162/486/162
vt 0.922727 0.060816
vt 0.839418 0.112375
vt 0.811648 0.060816
f 166/496/166 162/485/162 163/489/163
vt 0.922727 0.060816
vt 0.811648 0.060816
vt 0.839418 0.009258
f 166/496/166 163/488/163 164/492/164
vt 0.922727 0.060816
vt 0.839418 0.009258
vt 0.894957 0.009258
f 166/496/166 164/491/164 165/495/165
vt 0.922727 0.060816
vt 0.894957 0.009258
vt 0.922727 0.060816
f 166/496/166 165/494/165 160/480/160
vt 0.889949 0.102594
vt 0.844425 0.102594
vt 0.839418 0.112375
f 167/499/167 168/503/168 172/516/172
vt 0.889949 0.102594
vt 0.839418 0.112375
vt 0.894957 0.112375
f 167/499/167 172/515/172 171/513/171
vt 0.844425 0.102594
vt 0.821663 0.060334
vt 0.811648 0.060816
f 168/502/168 169/506/169 173/519/173
vt 0.844425 0.102594
vt 0.811648 0.060816
vt 0.839418 0.112375
f 168/502/168 173/518/173 172/516/172
vt 0.922727 0.060816
vt 0.922727 0.060816
vt 0.894957 0.112375
f 176/526/176 170/509/170 171/513/171
vt 0.922727 0.060816
vt 0.894957 0.112375
vt 0.839418 0.112375
f 176/526/176 171/512/171 172/516/172
vt 0.922727 0.060816
vt 0.839418 0.112375
vt 0.811648 0.060816
f 176/526/176 172/515/172 173/519/173
vt 0.922727 0.060816
vt 0.811648 0.060816
vt 0.839418 0.009258
f 176/526/176 173/518/173 174/522/174
vt 0.922727 0.060816
vt 0.839418 0.009258
vt 0.894957 0.009258
f 176/526/176 174/521/174 175/525/175
vt 0.922727 0.060816
vt 0.894957 0.009258
vt 0.922727 0.060816
f 176/526/176 175/524/175 170/510/170
vt 0.166016 0.833984
vt 0.330078 0.766027
vt 0.330078 0.901941
f 1/1/1 3/8/3 2/6/2
vt 0.166016 0.833984
vt 0.233973 0.669922
vt 0.330078 0.766027
f 1/1/1 4/11/4 3/9/3
vt 0.166016 0.833984
vt 0.098059 0.669922
vt 0.233973 0.669922
f 1/1/1 5/14/5 4/12/4
vt 0.166016 0.833984
vt 0.001953 0.766027
vt 0.098059 0.669922
f 1/1/1 6/17/6 5/15/5
vt 0.166016 0.833984
vt 0.001953 0.901941
vt 0.001953 0.766027
f 1/1/1 7/20/7 6/18/6
vt 0.166016 0.833984
vt 0.098059 0.998047
vt 0.001953 0.901941
f 1/1/1 8/23/8 7/21/7
vt 0.166016 0.833984
vt 0.233973 0.998047
vt 0.098059 0.998047
f 1/1/1 9/26/9 8/24/8
vt 0.166016 0.833984
vt 0.330078 0.901941
vt 0.233973 0.998047
f 1/1/1 2/5/2 9/27/9
vt 0.498047 0.833984
vt 0.662109 0.766027
vt 0.662109 0.901941
f 10/28/10 12/35/12 11/33/11
vt 0.498047 0.833984
vt 0.566004 0.669922
vt 0.662109 0.766027
f 10/28/10 13/38/13 12/36/12
vt 0.498047 0.833984
vt 0.430090 0.669922
vt 0.566004 0.669922
f 10/28/10 14/41/14 13/39/13
vt 0.498047 0.833984
vt 0.333984 0.766027
vt 0.430090 0.669922
f 10/28/10 15/44/15 14/42/14
vt 0.498047 0.833984
vt 0.333984 0.901941
vt 0.333984 0.766027
f 10/28/10 16/47/16 15/45/15
vt 0.498047 0.833984
vt 0.430090 0.998047
vt 0.333984 0.901941
f 10/28/10 17/50/17 16/48/16
vt 0.498047 0.833984
vt 0.566004 0.998047
vt 0.430090 0.998047
f 10/28/10 18/53/18 17/51/17
vt 0.498047 0.833984
vt 0.662109 0.901941
vt 0.566004 0.998047
f 10/28/10 11/32/11 18/54/18
vt 0.166016 0.501953
vt 0.330078 0.433996
vt 0.330078 0.569910
f 1/1/1 3/8/3 2/6/2
vt 0.166016 0.501953
vt 0.233973 0.337891
vt 0.330078 0.433996
f 1/1/1 4/11/4 3/9/3
vt 0.166016 0.501953
vt 0.098059 0.337891
vt 0.233973 0.337891
f 1/1/1 5/14/5 4/12/4
vt 0.166016 0.501953
vt 0.001953 0.433996
vt 0.098059 0.337891
f 1/1/1 6/17/6 5/15/5
vt 0.166016 0.501953
vt 0.001953 0.569910
vt 0.001953 0.433996
f 1/1/1 7/20/7 6/18/6
vt 0.166016 0.501953
vt 0.098059 0.666016
vt 0.001953 0.569910
f 1/1/1 8/23/8 7/21/7
vt 0.166016 0.501953
vt 0.233973 0.666015
vt 0.098059 0.666016
f 1/1/1 9/26/9 8/24/8
vt 0.166016 0.501953
vt 0.330078 0.569910
vt 0.233973 0.666015
f 1/1/1 2/5/2 9/27/9
vt 0.498047 0.501953
vt 0.662109 0.433996
vt 0.662109 0.569910
f 10/28/10 12/35/12 11/33/11
vt 0.498047 0.501953
vt 0.566004 0.337891
vt 0.662109 0.433996
f 10/28/10 13/38/13 12/36/12
vt 0.498047 0.501953
vt 0.430090 0.337891
vt 0.566004 0.337891
f 10/28/10 14/41/14 13/39/13
vt 0.498047 0.501953
vt 0.333984 0.433996
vt 0.430090 0.337891
f 10/28/10 15/44/15 14/42/14
vt 0.498047 0.501953
vt 0.333984 0.569910
vt 0.333984 0.433996
f 10/28/10 16/47/16 15/45/15
vt 0.498047 0.501953
vt 0.430090 0.666016
vt 0.333984 0.569910
f 10/28/10 17/50/17 16/48/16
vt 0.498047 0.501953
vt 0.566004 0.666015
vt 0.430090 0.666016
f 10/28/10 18/53/18 17/51/17
vt 0.498047 0.501953
vt 0.662109 0.569910
vt 0.566004 0.666015
f 10/28/10 11/32/11 18/54/18
vt 0.998047 0.818248
vt 0.666171 0.818359
vt 0.666016 0.646532
f 19/55/19 20/59/20 21/63/21
vt 0.996789 0.646484
vt 0.998047 0.818248
vt 0.666016 0.646532
f 22/64/22 19/56/19 21/63/21
vt 0.955078 0.083984
vt 0.939453 0.083984
vt 0.944529 0.068359
f 1/1/1 2/5/2 4/12/4
vt 0.955078 0.083984
vt 0.944529 0.068359
vt 0.950003 0.068359
f 1/1/1 4/11/4 3/9/3
vt 0.955078 0.083984
vt 0.939453 0.083984
vt 0.944529 0.068359
f 1/1/1 2/5/2 4/12/4
vt 0.955078 0.083984
vt 0.944529 0.068359
vt 0.950003 0.068359
f 1/1/1 4/11/4 3/9/3
vt 0.183250 0.229683
vt 0.183250 0.229683
vt 0.190683 0.228305
f 1/1/1 2/5/2 5/15/5
vt 0.183250 0.229683
vt 0.190683 0.228305
vt 0.190683 0.228305
f 1/1/1 5/14/5 4/12/4
vt 0.183250 0.234356
vt 0.183250 0.229683
vt 0.190683 0.228305
f 3/7/3 1/2/1 4/12/4
vt 0.183250 0.234356
vt 0.190683 0.228305
vt 0.191605 0.232890
f 3/7/3 4/11/4 6/18/6
vt 0.190683 0.228305
vt 0.190683 0.228305
vt 0.197611 0.224481
f 4/10/4 5/14/5 8/24/8
vt 0.190683 0.228305
vt 0.197611 0.224481
vt 0.198501 0.224237
f 4/10/4 8/23/8 7/21/7
vt 0.191605 0.232890
vt 0.190683 0.228305
vt 0.198501 0.224237
f 6/16/6 4/11/4 7/21/7
vt 0.191605 0.232890
vt 0.198501 0.224237
vt 0.199391 0.228592
f 6/16/6 7/20/7 9/27/9
vt 0.198501 0.224237
vt 0.197611 0.224481
vt 0.203559 0.218398
f 7/19/7 8/23/8 11/33/11
vt 0.198501 0.224237
vt 0.203559 0.218398
vt 0.204818 0.217777
f 7/19/7 11/32/11 10/30/10
vt 0.199391 0.228592
vt 0.198501 0.224237
vt 0.204818 0.217777
f 9/25/9 7/20/7 10/30/10
vt 0.199391 0.228592
vt 0.204818 0.217777
vt 0.206077 0.221754
f 9/25/9 10/29/10 12/36/12
vt 0.204818 0.217777
vt 0.203559 0.218398
vt 0.208123 0.210471
f 10/28/10 11/32/11 14/42/14
vt 0.204818 0.217777
vt 0.208123 0.210471
vt 0.209665 0.209358
f 10/28/10 14/41/14 13/39/13
vt 0.206077 0.221754
vt 0.204818 0.217777
vt 0.209665 0.209358
f 12/34/12 10/29/10 13/39/13
vt 0.206077 0.221754
vt 0.209665 0.209358
vt 0.211207 0.212844
f 12/34/12 13/38/13 15/45/15
vt 0.209665 0.209358
vt 0.208123 0.210471
vt 0.210992 0.201239
f 13/37/13 14/41/14 17/51/17
vt 0.209665 0.209358
vt 0.210992 0.201239
vt 0.212712 0.199553
f 13/37/13 17/50/17 16/48/16
vt 0.211207 0.212844
vt 0.209665 0.209358
vt 0.212712 0.199553
f 15/43/15 13/38/13 16/48/16
vt 0.211207 0.212844
vt 0.212712 0.199553
vt 0.214432 0.202467
f 15/43/15 16/47/16 18/54/18
vt 0.212712 0.199553
vt 0.210992 0.201239
vt 0.211971 0.191332
f 16/46/16 17/50/17 20/60/20
vt 0.212712 0.199553
vt 0.211971 0.191332
vt 0.213751 0.189032
f 16/46/16 20/59/20 19/57/19
vt 0.214432 0.202467
vt 0.212712 0.199553
vt 0.213751 0.189032
f 18/52/18 16/47/16 19/57/19
vt 0.214432 0.202467
vt 0.213751 0.189032
vt 0.215532 0.191332
f 18/52/18 19/56/19 21/63/21
vt 0.213751 0.189032
vt 0.211971 0.191332
vt 0.210992 0.181425
f 19/55/19 20/59/20 23/69/23
vt 0.213751 0.189032
vt 0.210992 0.181425
vt 0.212712 0.178511
f 19/55/19 23/68/23 22/66/22
vt 0.215532 0.191332
vt 0.213751 0.189032
vt 0.212712 0.178511
f 21/61/21 19/56/19 22/66/22
vt 0.215532 0.191332
vt 0.212712 0.178511
vt 0.214432 0.180196
f 21/61/21 22/65/22 24/72/24
vt 0.212712 0.178511
vt 0.210992 0.181425
vt 0.208123 0.172193
f 22/64/22 23/68/23 26/78/26
vt 0.212712 0.178511
vt 0.208123 0.172193
vt 0.209665 0.168707
f 22/64/22 26/77/26 25/75/25
vt 0.214432 0.180196
vt 0.212712 0.178511
vt 0.209665 0.168707
f 24/70/24 22/65/22 25/75/25
vt 0.214432 0.180196
vt 0.209665 0.168707
vt 0.211207 0.169820
f 24/70/24 25/74/25 27/81/27
vt 0.209665 0.168707
vt 0.208123 0.172193
vt 0.203559 0.164265
f 25/73/25 26/77/26 29/87/29
vt 0.209665 0.168707
vt 0.203559 0.164265
vt 0.204817 0.160288
f 25/73/25 29/86/29 28/84/28
vt 0.211207 0.169820
vt 0.209665 0.168707
vt 0.204817 0.160288
f 27/79/27 25/74/25 28/84/28
vt 0.211207 0.169820
vt 0.204817 0.160288
vt 0.206077 0.160909
f 27/79/27 28/83/28 30/90/30
vt 0.204817 0.160288
vt 0.203559 0.164265
vt 0.197610 0.158182
f 28/82/28 29/86/29 32/96/32
vt 0.204817 0.160288
vt 0.197610 0.158182
vt 0.198501 0.153827
f 28/82/28 32/95/32 31/93/31
vt 0.206077 0.160909
vt 0.204817 0.160288
vt 0.198501 0.153827
f 30/88/30 28/83/28 31/93/31
vt 0.206077 0.160909
vt 0.198501 0.153827
vt 0.199391 0.154072
f 30/88/30 31/92/31 33/99/33
vt 0.198501 0.153827
vt 0.197610 0.158182
vt 0.190683 0.154358
f 31/91/31 32/95/32 35/105/35
vt 0.198501 0.153827
vt 0.190683 0.154358
vt 0.191144 0.149766
f 31/91/31 35/104/35 34/102/34
vt 0.199391 0.154072
vt 0.198501 0.153827
vt 0.191144 0.149766
f 33/97/33 31/92/31 34/102/34
vt 0.199391 0.154072
vt 0.191144 0.149766
vt 0.191144 0.149766
f 33/97/33 34/101/34 36/108/36
vt 0.191144 0.149766
vt 0.190683 0.154358
vt 0.183250 0.153054
f 34/100/34 35/104/35 38/114/38
vt 0.191144 0.149766
vt 0.183250 0.153054
vt 0.183250 0.148381
f 34/100/34 38/113/38 37/111/37
vt 0.191144 0.149766
vt 0.191144 0.149766
vt 0.183250 0.148381
f 36/106/36 34/101/34 37/111/37
vt 0.191144 0.149766
vt 0.183250 0.148381
vt 0.183250 0.148381
f 36/106/36 37/110/37 39/117/39
vt 0.183250 0.148381
vt 0.183250 0.153054
vt 0.175817 0.154358
f 37/109/37 38/113/38 41/123/41
vt 0.183250 0.148381
vt 0.175817 0.154358
vt 0.175356 0.149766
f 37/109/37 41/122/41 40/120/40
vt 0.183250 0.148381
vt 0.183250 0.148381
vt 0.175356 0.149766
f 39/115/39 37/110/37 40/120/40
vt 0.183250 0.148381
vt 0.175356 0.149766
vt 0.175356 0.149766
f 39/115/39 40/119/40 42/126/42
vt 0.175356 0.149766
vt 0.175817 0.154358
vt 0.168890 0.158182
f 40/118/40 41/122/41 44/132/44
vt 0.175356 0.149766
vt 0.168890 0.158182
vt 0.168000 0.153827
f 40/118/40 44/131/44 43/129/43
vt 0.175356 0.149766
vt 0.175356 0.149766
vt 0.168000 0.153827
f 42/124/42 40/119/40 43/129/43
vt 0.175356 0.149766
vt 0.168000 0.153827
vt 0.167109 0.154072
f 42/124/42 43/128/43 45/135/45
vt 0.168000 0.153827
vt 0.168890 0.158182
vt 0.162942 0.164265
f 43/127/43 44/131/44 47/141/47
vt 0.168000 0.153827
vt 0.162942 0.164265
vt 0.161682 0.160288
f 43/127/43 47/140/47 46/138/46
vt 0.167109 0.154072
vt 0.168000 0.153827
vt 0.161682 0.160288
f 45/133/45 43/128/43 46/138/46
vt 0.167109 0.154072
vt 0.161682 0.160288
vt 0.160424 0.160909
f 45/133/45 46/137/46 48/144/48
vt 0.161682 0.160288
vt 0.162942 0.164265
vt 0.158378 0.172193
f 46/136/46 47/140/47 50/150/50
vt 0.161682 0.160288
vt 0.158378 0.172193
vt 0.156835 0.168707
f 46/136/46 50/149/50 49/147/49
vt 0.160424 0.160909
vt 0.161682 0.160288
vt 0.156835 0.168707
f 48/142/48 46/137/46 49/147/49
vt 0.160424 0.160909
vt 0.156835 0.168707
vt 0.155293 0.169820
f 48/142/48 49/146/49 51/153/51
vt 0.156835 0.168707
vt 0.158378 0.172193
vt 0.155508 0.181425
f 49/145/49 50/149/50 53/159/53
vt 0.156835 0.168707
vt 0.155508 0.181425
vt 0.153788 0.178511
f 49/145/49 53/158/53 52/156/52
vt 0.155293 0.169820
vt 0.156835 0.168707
vt 0.153788 0.178511
f 51/151/51 49/146/49 52/156/52
vt 0.155293 0.169820
vt 0.153788 0.178511
vt 0.152068 0.180196
f 51/151/51 52/155/52 54/162/54
vt 0.153788 0.178511
vt 0.155508 0.181425
vt 0.154529 0.191332
f 52/154/52 53/158/53 56/168/56
vt 0.153788 0.178511
vt 0.154529 0.191332
vt 0.152749 0.189032
f 52/154/52 56/167/56 55/165/55
vt 0.152068 0.180196
vt 0.153788 0.178511
vt 0.152749 0.189032
f 54/160/54 52/155/52 55/165/55
vt 0.152068 0.180196
vt 0.152749 0.189032
vt 0.150968 0.191332
f 54/160/54 55/164/55 57/171/57
vt 0.152749 0.189032
vt 0.154529 0.191332
vt 0.155508 0.201239
f 55/163/55 56/167/56 59/177/59
vt 0.152749 0.189032
vt 0.155508 0.201239
vt 0.153788 0.199553
f 55/163/55 59/176/59 58/174/58
vt 0.150968 0.191332
vt 0.152749 0.189032
vt 0.153788 0.199553
f 57/169/57 55/164/55 58/174/58
vt 0.150968 0.191332
vt 0.153788 0.199553
vt 0.152068 0.202467
f 57/169/57 58/173/58 60/180/60
vt 0.153788 0.199553
vt 0.155508 0.201239
vt 0.158378 0.210471
f 58/172/58 59/176/59 62/186/62
vt 0.153788 0.199553
vt 0.158378 0.210471
vt 0.156835 0.209358
f 58/172/58 62/185/62 61/183/61
vt 0.152068 0.202467
vt 0.153788 0.199553
vt 0.156835 0.209358
f 60/178/60 58/173/58 61/183/61
vt 0.152068 0.202467
vt 0.156835 0.209358
vt 0.155293 0.212844
f 60/178/60 61/182/61 63/189/63
vt 0.156835 0.209358
vt 0.158378 0.210471
vt 0.162942 0.218398
f 61/181/61 62/185/62 65/195/65
vt 0.156835 0.209358
vt 0.162942 0.218398
vt 0.161682 0.217777
f 61/181/61 65/194/65 64/192/64
vt 0.155293 0.212844
vt 0.156835 0.209358
vt 0.161682 0.217777
f 63/187/63 61/182/61 64/192/64
vt 0.155293 0.212844
vt 0.161682 0.217777
vt 0.160424 0.221754
f 63/187/63 64/191/64 66/198/66
vt 0.161682 0.217777
vt 0.162942 0.218398
vt 0.168890 0.224481
f 64/190/64 65/194/65 68/204/68
vt 0.161682 0.217777
vt 0.168890 0.224481
vt 0.168000 0.224237
f 64/190/64 68/203/68 67/201/67
vt 0.160424 0.221754
vt 0.161682 0.217777
vt 0.168000 0.224237
f 66/196/66 64/191/64 67/201/67
vt 0.160424 0.221754
vt 0.168000 0.224237
vt 0.167109 0.228592
f 66/196/66 67/200/67 69/207/69
vt 0.168000 0.224237
vt 0.168890 0.224481
vt 0.175817 0.228305
f 67/199/67 68/203/68 71/213/71
vt 0.168000 0.224237
vt 0.175817 0.228305
vt 0.175817 0.228305
f 67/199/67 71/212/71 70/210/70
vt 0.167109 0.228592
vt 0.168000 0.224237
vt 0.175817 0.228305
f 69/205/69 67/200/67 70/210/70
vt 0.167109 0.228592
vt 0.175817 0.228305
vt 0.174895 0.232890
f 69/205/69 70/209/70 72/216/72
vt 0.183250 0.229683
vt 0.183250 0.229683
vt 0.175817 0.228305
f 2/4/2 1/2/1 70/210/70
vt 0.183250 0.229683
vt 0.175817 0.228305
vt 0.175817 0.228305
f 2/4/2 70/209/70 71/213/71
vt 0.183250 0.229683
vt 0.183250 0.234356
vt 0.174895 0.232890
f 1/1/1 3/8/3 72/216/72
vt 0.183250 0.229683
vt 0.174895 0.232890
vt 0.175817 0.228305
f 1/1/1 72/215/72 70/210/70
vt 0.095133 0.229683
vt 0.095133 0.229683
vt 0.102567 0.228305
f 73/217/73 74/221/74 77/231/77
vt 0.095133 0.229683
vt 0.102567 0.228305
vt 0.102567 0.228305
f 73/217/73 77/230/77 76/228/76
vt 0.095133 0.234356
vt 0.095133 0.229683
vt 0.102567 0.228305
f 75/223/75 73/218/73 76/228/76
vt 0.095133 0.234356
vt 0.102567 0.228305
vt 0.103488 0.232890
f 75/223/75 76/227/76 78/234/78
vt 0.102567 0.228305
vt 0.102567 0.228305
vt 0.109493 0.224481
f 76/226/76 77/230/77 80/240/80
vt 0.102567 0.228305
vt 0.109493 0.224481
vt 0.110383 0.224237
f 76/226/76 80/239/80 79/237/79
vt 0.103488 0.232890
vt 0.102567 0.228305
vt 0.110383 0.224237
f 78/232/78 76/227/76 79/237/79
vt 0.103488 0.232890
vt 0.110383 0.224237
vt 0.111274 0.228592
f 78/232/78 79/236/79 81/243/81
vt 0.110383 0.224237
vt 0.109493 0.224481
vt 0.115441 0.218398
f 79/235/79 80/239/80 83/249/83
vt 0.110383 0.224237
vt 0.115441 0.218398
vt 0.116701 0.217777
f 79/235/79 83/248/83 82/246/82
vt 0.111274 0.228592
vt 0.110383 0.224237
vt 0.116701 0.217777
f 81/241/81 79/236/79 82/246/82
vt 0.111274 0.228592
vt 0.116701 0.217777
vt 0.117960 0.221754
f 81/241/81 82/245/82 84/252/84
vt 0.116701 0.217777
vt 0.115441 0.218398
vt 0.120006 0.210471
f 82/244/82 83/248/83 86/258/86
vt 0.116701 0.217777
vt 0.120006 0.210471
vt 0.121548 0.209358
f 82/244/82 86/257/86 85/255/85
vt 0.117960 0.221754
vt 0.116701 0.217777
vt 0.121548 0.209358
f 84/250/84 82/245/82 85/255/85
vt 0.117960 0.221754
vt 0.121548 0.209358
vt 0.123090 0.212844
f 84/250/84 85/254/85 87/261/87
vt 0.121548 0.209358
vt 0.120006 0.210471
vt 0.122875 0.201239
f 85/253/85 86/257/86 89/267/89
vt 0.121548 0.209358
vt 0.122875 0.201239
vt 0.124595 0.199553
f 85/253/85 89/266/89 88/264/88
vt 0.123090 0.212844
vt 0.121548 0.209358
vt 0.124595 0.199553
f 87/259/87 85/254/85 88/264/88
vt 0.123090 0.212844
vt 0.124595 0.199553
vt 0.126315 0.202467
f 87/259/87 88/263/88 90/270/90
vt 0.124595 0.199553
vt 0.122875 0.201239
vt 0.123853 0.191332
f 88/262/88 89/266/89 92/276/92
vt 0.124595 0.199553
vt 0.123853 0.191332
vt 0.125634 0.189032
f 88/262/88 92/275/92 91/273/91
vt 0.126315 0.202467
vt 0.124595 0.199553
vt 0.125634 0.189032
f 90/268/90 88/263/88 91/273/91
vt 0.126315 0.202467
vt 0.125634 0.189032
vt 0.127415 0.191332
f 90/268/90 91/272/91 93/279/93
vt 0.125634 0.189032
vt 0.123853 0.191332
vt 0.122875 0.181425
f 91/271/91 92/275/92 95/285/95
vt 0.125634 0.189032
vt 0.122875 0.181425
vt 0.124595 0.178511
f 91/271/91 95/284/95 94/282/94
vt 0.127415 0.191332
vt 0.125634 0.189032
vt 0.124595 0.178511
f 93/277/93 91/272/91 94/282/94
vt 0.127415 0.191332
vt 0.124595 0.178511
vt 0.126315 0.180196
f 93/277/93 94/281/94 96/288/96
vt 0.124595 0.178511
vt 0.122875 0.181425
vt 0.120005 0.172193
f 94/280/94 95/284/95 98/294/98
vt 0.124595 0.178511
vt 0.120005 0.172193
vt 0.121548 0.168707
f 94/280/94 98/293/98 97/291/97
vt 0.126315 0.180196
vt 0.124595 0.178511
vt 0.121548 0.168707
f 96/286/96 94/281/94 97/291/97
vt 0.126315 0.180196
vt 0.121548 0.168707
vt 0.123090 0.169820
f 96/286/96 97/290/97 99/297/99
vt 0.121548 0.168707
vt 0.120005 0.172193
vt 0.115441 0.164265
f 97/289/97 98/293/98 101/303/101
vt 0.121548 0.168707
vt 0.115441 0.164265
vt 0.116701 0.160288
f 97/289/97 101/302/101 100/300/100
vt 0.123090 0.169820
vt 0.121548 0.168707
vt 0.116701 0.160288
f 99/295/99 97/290/97 100/300/100
vt 0.123090 0.169820
vt 0.116701 0.160288
vt 0.117960 0.160909
f 99/295/99 100/299/100 102/306/102
vt 0.116701 0.160288
vt 0.115441 0.164265
vt 0.109493 0.158182
f 100/298/100 101/302/101 104/312/104
vt 0.116701 0.160288
vt 0.109493 0.158182
vt 0.110383 0.153827
f 100/298/100 104/311/104 103/309/103
vt 0.117960 0.160909
vt 0.116701 0.160288
vt 0.110383 0.153827
f 102/304/102 100/299/100 103/309/103
vt 0.117960 0.160909
vt 0.110383 0.153827
vt 0.111274 0.154072
f 102/304/102 103/308/103 105/315/105
vt 0.110383 0.153827
vt 0.109493 0.158182
vt 0.102567 0.154358
f 103/307/103 104/311/104 107/321/107
vt 0.110383 0.153827
vt 0.102567 0.154358
vt 0.103027 0.149766
f 103/307/103 107/320/107 106/318/106
vt 0.111274 0.154072
vt 0.110383 0.153827
vt 0.103027 0.149766
f 105/313/105 103/308/103 106/318/106
vt 0.111274 0.154072
vt 0.103027 0.149766
vt 0.103027 0.149766
f 105/313/105 106/317/106 108/324/108
vt 0.103027 0.149766
vt 0.102567 0.154358
vt 0.095133 0.153054
f 106/316/106 107/320/107 110/330/110
vt 0.103027 0.149766
vt 0.095133 0.153054
vt 0.095133 0.148381
f 106/316/106 110/329/110 109/327/109
vt 0.103027 0.149766
vt 0.103027 0.149766
vt 0.095133 0.148381
f 108/322/108 106/317/106 109/327/109
vt 0.103027 0.149766
vt 0.095133 0.148381
vt 0.095133 0.148381
f 108/322/108 109/326/109 111/333/111
vt 0.095133 0.148381
vt 0.095133 0.153054
vt 0.087700 0.154358
f 109/325/109 110/329/110 113/339/113
vt 0.095133 0.148381
vt 0.087700 0.154358
vt 0.087238 0.149766
f 109/325/109 113/338/113 112/336/112
vt 0.095133 0.148381
vt 0.095133 0.148381
vt 0.087238 0.149766
f 111/331/111 109/326/109 112/336/112
vt 0.095133 0.148381
vt 0.087238 0.149766
vt 0.087238 0.149766
f 111/331/111 112/335/112 114/342/114
vt 0.087238 0.149766
vt 0.087700 0.154358
vt 0.080773 0.158182
f 112/334/112 113/338/113 116/348/116
vt 0.087238 0.149766
vt 0.080773 0.158182
vt 0.079882 0.153827
f 112/334/112 116/347/116 115/345/115
vt 0.087238 0.149766
vt 0.087238 0.149766
vt 0.079882 0.153827
f 114/340/114 112/335/112 115/345/115
vt 0.087238 0.149766
vt 0.079882 0.153827
vt 0.078992 0.154072
f 114/340/114 115/344/115 117/351/117
vt 0.079882 0.153827
vt 0.080773 0.158182
vt 0.074825 0.164265
f 115/343/115 116/347/116 119/357/119
vt 0.079882 0.153827
vt 0.074825 0.164265
vt 0.073565 0.160288
f 115/343/115 119/356/119 118/354/118
vt 0.078992 0.154072
vt 0.079882 0.153827
vt 0.073565 0.160288
f 117/349/117 115/344/115 118/354/118
vt 0.078992 0.154072
vt 0.073565 0.160288
vt 0.072306 0.160909
f 117/349/117 118/353/118 120/360/120
vt 0.073565 0.160288
vt 0.074825 0.164265
vt 0.070260 0.172193
f 118/352/118 119/356/119 122/366/122
vt 0.073565 0.160288
vt 0.070260 0.172193
vt 0.068718 0.168707
f 118/352/118 122/365/122 121/363/121
vt 0.072306 0.160909
vt 0.073565 0.160288
vt 0.068718 0.168707
f 120/358/120 118/353/118 121/363/121
vt 0.072306 0.160909
vt 0.068718 0.168707
vt 0.067176 0.169820
f 120/358/120 121/362/121 123/369/123
vt 0.068718 0.168707
vt 0.070260 0.172193
vt 0.067391 0.181425
f 121/361/121 122/365/122 125/375/125
vt 0.068718 0.168707
vt 0.067391 0.181425
vt 0.065671 0.178511
f 121/361/121 125/374/125 124/372/124
vt 0.067176 0.169820
vt 0.068718 0.168707
vt 0.065671 0.178511
f 123/367/123 121/362/121 124/372/124
vt 0.067176 0.169820
vt 0.065671 0.178511
vt 0.063951 0.180196
f 123/367/123 124/371/124 126/378/126
vt 0.065671 0.178511
vt 0.067391 0.181425
vt 0.066413 0.191332
f 124/370/124 125/374/125 128/384/128
vt 0.065671 0.178511
vt 0.066413 0.191332
vt 0.064632 0.189032
f 124/370/124 128/383/128 127/381/127
vt 0.063951 0.180196
vt 0.065671 0.178511
vt 0.064632 0.189032
f 126/376/126 124/371/124 127/381/127
vt 0.063951 0.180196
vt 0.064632 0.189032
vt 0.062851 0.191332
f 126/376/126 127/380/127 129/387/129
vt 0.064632 0.189032
vt 0.066413 0.191332
vt 0.067391 0.201239
f 127/379/127 128/383/128 131/393/131
vt 0.064632 0.189032
vt 0.067391 0.201239
vt 0.065671 0.199553
f 127/379/127 131/392/131 130/390/130
vt 0.062851 0.191332
vt 0.064632 0.189032
vt 0.065671 0.199553
f 129/385/129 127/380/127 130/390/130
vt 0.062851 0.191332
vt 0.065671 0.199553
vt 0.063951 0.202467
f 129/385/129 130/389/130 132/396/132
vt 0.065671 0.199553
vt 0.067391 0.201239
vt 0.070260 0.210471
f 130/388/130 131/392/131 134/402/134
vt 0.065671 0.199553
vt 0.070260 0.210471
vt 0.068718 0.209358
f 130/388/130 134/401/134 133/399/133
vt 0.063951 0.202467
vt 0.065671 0.199553
vt 0.068718 0.209358
f 132/394/132 130/389/130 133/399/133
vt 0.063951 0.202467
vt 0.068718 0.209358
vt 0.067176 0.212844
f 132/394/132 133/398/133 135/405/135
vt 0.068718 0.209358
vt 0.070260 0.210471
vt 0.074825 0.218398
f 133/397/133 134/401/134 137/411/137
vt 0.068718 0.209358
vt 0.074825 0.218398
vt 0.073565 0.217777
f 133/397/133 137/410/137 136/408/136
vt 0.067176 0.212844
vt 0.068718 0.209358
vt 0.073565 0.217777
f 135/403/135 133/398/133 136/408/136
vt 0.067176 0.212844
vt 0.073565 0.217777
vt 0.072306 0.221754
f 135/403/135 136/407/136 138/414/138
vt 0.073565 0.217777
vt 0.074825 0.218398
vt 0.080773 0.224481
f 136/406/136 137/410/137 140/420/140
vt 0.073565 0.217777
vt 0.080773 0.224481
vt 0.079882 0.224237
f 136/406/136 140/419/140 139/417/139
vt 0.072306 0.221754
vt 0.073565 0.217777
vt 0.079882 0.224237
f 138/412/138 136/407/136 139/417/139
vt 0.072306 0.221754
vt 0.079882 0.224237
vt 0.078992 0.228592
f 138/412/138 139/416/139 141/423/141
vt 0.079882 0.224237
vt 0.080773 0.224481
vt 0.087700 0.228305
f 139/415/139 140/419/140 143/429/143
vt 0.079882 0.224237
vt 0.087700 0.228305
vt 0.087700 0.228305
f 139/415/139 143/428/143 142/426/142
vt 0.078992 0.228592
vt 0.079882 0.224237
vt 0.087700 0.228305
f 141/421/141 139/416/139 142/426/142
vt 0.078992 0.228592
vt 0.087700 0.228305
vt 0.086778 0.232890
f 141/421/141 142/425/142 144/432/144
vt 0.095133 0.229683
vt 0.095133 0.229683
vt 0.087700 0.228305
f 74/220/74 73/218/73 142/426/142
vt 0.095133 0.229683
vt 0.087700 0.228305
vt 0.087700 0.228305
f 74/220/74 142/425/142 143/429/143
vt 0.095133 0.229683
vt 0.095133 0.234356
vt 0.086778 0.232890
f 73/217/73 75/224/75 144/432/144
vt 0.095133 0.229683
vt 0.086778 0.232890
vt 0.087700 0.228305
f 73/217/73 144/431/144 142/426/142
vt 0.943359 0.041941
vt 0.943359 0.041941
vt 0.943359 0.046772
f 3/7/3 1/2/1 2/6/2
vt 0.943359 0.037109
vt 0.943359 0.041941
vt 0.943359 0.041941
f 4/10/4 1/2/1 3/9/3
vt 0.943359 0.041941
vt 0.943359 0.046772
vt 0.955185 0.050415
f 3/7/3 2/5/2 6/18/6
vt 0.943359 0.041941
vt 0.955185 0.050415
vt 0.955185 0.045584
f 3/7/3 6/17/6 7/21/7
vt 0.943359 0.037109
vt 0.943359 0.041941
vt 0.955185 0.045584
f 4/10/4 3/8/3 7/21/7
vt 0.943359 0.037109
vt 0.955185 0.045584
vt 0.955185 0.040753
f 4/10/4 7/20/7 8/24/8
vt 0.958984 0.047865
vt 0.958984 0.045584
vt 0.958984 0.045584
f 18/52/18 17/50/17 19/57/19
vt 0.958984 0.045584
vt 0.958984 0.045584
vt 0.958984 0.043303
f 19/55/19 17/50/17 20/60/20
vt 0.955185 0.050415
vt 0.955185 0.045584
vt 0.956694 0.045584
f 6/16/6 5/14/5 9/27/9
vt 0.955185 0.050415
vt 0.956694 0.045584
vt 0.956694 0.052734
f 6/16/6 9/26/9 10/30/10
vt 0.955185 0.045584
vt 0.955185 0.050415
vt 0.956694 0.052734
f 7/19/7 6/17/6 10/30/10
vt 0.955185 0.045584
vt 0.956694 0.052734
vt 0.956694 0.045584
f 7/19/7 10/29/10 11/33/11
vt 0.955185 0.040753
vt 0.955185 0.045584
vt 0.956694 0.045584
f 8/22/8 7/20/7 11/33/11
vt 0.955185 0.040753
vt 0.956694 0.045584
vt 0.956694 0.038434
f 8/22/8 11/32/11 12/36/12
vt 0.956694 0.052734
vt 0.956694 0.045584
vt 0.958465 0.045584
f 10/28/10 9/26/9 13/39/13
vt 0.956694 0.052734
vt 0.958465 0.045584
vt 0.958465 0.052084
f 10/28/10 13/38/13 14/42/14
vt 0.956694 0.045584
vt 0.956694 0.052734
vt 0.958465 0.052084
f 11/31/11 10/29/10 14/42/14
vt 0.956694 0.045584
vt 0.958465 0.052084
vt 0.958465 0.045584
f 11/31/11 14/41/14 15/45/15
vt 0.956694 0.038434
vt 0.956694 0.045584
vt 0.958465 0.045584
f 12/34/12 11/32/11 15/45/15
vt 0.956694 0.038434
vt 0.958465 0.045584
vt 0.958465 0.039084
f 12/34/12 15/44/15 16/48/16
vt 0.958465 0.052084
vt 0.958465 0.045584
vt 0.958984 0.047865
f 14/40/14 13/38/13 18/54/18
vt 0.958465 0.045584
vt 0.958465 0.052084
vt 0.958984 0.047865
f 15/43/15 14/41/14 18/54/18
vt 0.958465 0.045584
vt 0.958984 0.047865
vt 0.958984 0.045584
f 15/43/15 18/53/18 19/57/19
vt 0.958465 0.039084
vt 0.958465 0.045584
vt 0.958984 0.045584
f 16/46/16 15/44/15 19/57/19
vt 0.958465 0.039084
vt 0.958984 0.045584
vt 0.958984 0.043303
f 16/46/16 19/56/19 20/60/20
vt 0.970703 0.076172
vt 0.970703 0.068359
vt 0.986328 0.068359
f 21/61/21 22/65/22 28/84/28
vt 0.970703 0.076172
vt 0.986328 0.068359
vt 0.986328 0.076172
f 21/61/21 28/83/28 27/81/27
vt 0.970703 0.068359
vt 0.970703 0.068359
vt 0.986328 0.068359
f 22/64/22 23/68/23 29/87/29
vt 0.970703 0.068359
vt 0.986328 0.068359
vt 0.986328 0.068359
f 22/64/22 29/86/29 28/84/28
vt 0.970703 0.068359
vt 0.970703 0.076172
vt 0.986328 0.076172
f 23/67/23 24/71/24 30/90/30
vt 0.970703 0.068359
vt 0.986328 0.076172
vt 0.986328 0.068359
f 23/67/23 30/89/30 29/87/29
vt 0.970703 0.076172
vt 0.970703 0.083984
vt 0.986328 0.083984
f 24/70/24 25/74/25 31/93/31
vt 0.970703 0.076172
vt 0.986328 0.083984
vt 0.986328 0.076172
f 24/70/24 31/92/31 30/90/30
vt 0.970703 0.083984
vt 0.970703 0.083984
vt 0.986328 0.083984
f 25/73/25 26/77/26 32/96/32
vt 0.970703 0.083984
vt 0.986328 0.083984
vt 0.986328 0.083984
f 25/73/25 32/95/32 31/93/31
vt 0.970703 0.083984
vt 0.970703 0.076172
vt 0.986328 0.076172
f 26/76/26 21/62/21 27/81/27
vt 0.970703 0.083984
vt 0.986328 0.076172
vt 0.986328 0.083984
f 26/76/26 27/80/27 32/96/32
vt 0.467981 0.072418
vt 0.475185 0.080289
vt 0.703644 0.119141
f 8/22/8 3/8/3 10/30/10
vt 0.467981 0.072418
vt 0.703644 0.119141
vt 0.708984 0.100720
f 8/22/8 10/29/10 9/27/9
vt 0.475254 0.026063
vt 0.468029 0.034395
vt 0.708158 0.018116
f 4/10/4 7/20/7 12/36/12
vt 0.475254 0.026063
vt 0.708158 0.018116
vt 0.702771 0.001953
f 4/10/4 12/35/12 11/33/11
vt 0.468029 0.034395
vt 0.467981 0.072418
vt 0.708984 0.100720
f 7/19/7 8/23/8 9/27/9
vt 0.468029 0.034395
vt 0.708984 0.100720
vt 0.708158 0.018116
f 7/19/7 9/26/9 12/36/12
vt 0.467873 0.050002
vt 0.475021 0.041519
vt 0.703472 0.001953
f 5/13/5 1/2/1 14/42/14
vt 0.467873 0.050002
vt 0.703472 0.001953
vt 0.708984 0.021340
f 5/13/5 14/41/14 13/39/13
vt 0.475090 0.096441
vt 0.467921 0.088513
vt 0.708157 0.105004
f 2/4/2 6/17/6 16/48/16
vt 0.475090 0.096441
vt 0.708157 0.105004
vt 0.702598 0.119141
f 2/4/2 16/47/16 15/45/15
vt 0.467921 0.088513
vt 0.467873 0.050002
vt 0.708984 0.021340
f 6/16/6 5/14/5 13/39/13
vt 0.467921 0.088513
vt 0.708984 0.021340
vt 0.708157 0.105004
f 6/16/6 13/38/13 16/48/16
vt 0.976019 0.021849
vt 0.976168 0.020924
vt 0.976019 0.021849
f 18/52/18 16/47/16 13/39/13
vt 0.975720 0.022422
vt 0.976019 0.021849
vt 0.976273 0.022496
f 19/55/19 13/38/13 14/42/14
vt 0.975720 0.022422
vt 0.976273 0.022496
vt 0.975720 0.022422
f 19/55/19 14/41/14 31/93/31
vt 0.975202 0.022809
vt 0.975720 0.022422
vt 0.975720 0.022422
f 20/58/20 19/56/19 31/93/31
vt 0.975202 0.022809
vt 0.975720 0.022422
vt 0.975202 0.022809
f 20/58/20 31/92/31 32/96/32
vt 0.974566 0.022934
vt 0.975202 0.022809
vt 0.975202 0.022809
f 21/61/21 20/59/20 32/96/32
vt 0.974566 0.022934
vt 0.975202 0.022809
vt 0.974566 0.022934
f 21/61/21 32/95/32 33/99/33
vt 0.973939 0.022771
vt 0.974566 0.022934
vt 0.974566 0.022934
f 22/64/22 21/62/21 33/99/33
vt 0.973939 0.022771
vt 0.974566 0.022934
vt 0.973939 0.022771
f 22/64/22 33/98/33 34/102/34
vt 0.973444 0.022354
vt 0.973939 0.022771
vt 0.973939 0.022771
f 23/67/23 22/65/22 34/102/34
vt 0.973444 0.022354
vt 0.973939 0.022771
vt 0.973444 0.022354
f 23/67/23 34/101/34 35/105/35
vt 0.973181 0.021765
vt 0.973444 0.022354
vt 0.973444 0.022354
f 24/70/24 23/68/23 35/105/35
vt 0.973181 0.021765
vt 0.973444 0.022354
vt 0.973444 0.022354
f 24/70/24 35/104/35 12/36/12
vt 0.973200 0.021120
vt 0.973444 0.022354
vt 0.973200 0.021120
f 25/73/25 12/35/12 9/27/9
vt 0.973498 0.020547
vt 0.973200 0.021120
vt 0.972946 0.020462
f 26/76/26 9/26/9 10/30/10
vt 0.973498 0.020547
vt 0.972946 0.020462
vt 0.973498 0.020547
f 26/76/26 10/29/10 36/108/36
vt 0.974017 0.020160
vt 0.973498 0.020547
vt 0.973498 0.020547
f 27/79/27 26/77/26 36/108/36
vt 0.974017 0.020160
vt 0.973498 0.020547
vt 0.974017 0.020160
f 27/79/27 36/107/36 37/111/37
vt 0.975416 0.019869
vt 0.975904 0.019869
vt 0.975416 0.019381
f 148/442/148 39/116/39 29/87/29
vt 0.975416 0.019869
vt 0.975904 0.019869
vt 0.975416 0.019381
f 148/442/148 29/86/29 149/447/149
vt 0.975774 0.020614
vt 0.975416 0.019869
vt 0.975416 0.019869
f 30/88/30 29/86/29 39/117/39
vt 0.975774 0.020614
vt 0.975416 0.019869
vt 0.975774 0.020614
f 30/88/30 39/116/39 40/120/40
vt 0.976168 0.020924
vt 0.975774 0.020614
vt 0.975774 0.020614
f 17/49/17 30/89/30 40/120/40
vt 0.976168 0.020924
vt 0.975774 0.020614
vt 0.976168 0.020924
f 17/49/17 40/119/40 16/48/16
vt 0.976019 0.021849
vt 0.976168 0.020924
vt 0.976168 0.020924
f 18/52/18 17/50/17 16/48/16
vt 0.975774 0.020614
vt 0.976168 0.020924
vt 0.976168 0.020924
f 40/118/40 15/44/15 16/48/16
vt 0.975720 0.022422
vt 0.976019 0.021849
vt 0.976019 0.021849
f 19/55/19 18/53/18 13/39/13
vt 0.973444 0.022354
vt 0.972921 0.022285
vt 0.973444 0.022354
f 35/103/35 11/32/11 12/36/12
vt 0.973200 0.021120
vt 0.973181 0.021765
vt 0.973444 0.022354
f 25/73/25 24/71/24 12/36/12
vt 0.973498 0.020547
vt 0.973200 0.021120
vt 0.973200 0.021120
f 26/76/26 25/74/25 9/27/9
vt 0.974609 0.029297
vt 0.974609 0.029297
vt 0.975981 0.028792
f 41/121/41 42/125/42 45/135/45
vt 0.974609 0.029297
vt 0.975981 0.028792
vt 0.975981 0.028792
f 41/121/41 45/134/45 44/132/44
vt 0.974609 0.029297
vt 0.974609 0.028541
vt 0.975981 0.028792
f 42/124/42 43/128/43 46/138/46
vt 0.974609 0.029297
vt 0.975981 0.028792
vt 0.975981 0.028792
f 42/124/42 46/137/46 45/135/45
vt 0.975981 0.028792
vt 0.975981 0.028792
vt 0.977306 0.028417
f 44/130/44 45/134/45 48/144/48
vt 0.975981 0.028792
vt 0.977306 0.028417
vt 0.977306 0.028417
f 44/130/44 48/143/48 47/141/47
vt 0.975981 0.028792
vt 0.975981 0.028792
vt 0.977306 0.028417
f 45/133/45 46/137/46 49/147/49
vt 0.975981 0.028792
vt 0.977306 0.028417
vt 0.977306 0.028417
f 45/133/45 49/146/49 48/144/48
vt 0.977306 0.028417
vt 0.977306 0.028417
vt 0.978540 0.027805
f 47/139/47 48/143/48 51/153/51
vt 0.977306 0.028417
vt 0.978540 0.027805
vt 0.978540 0.027805
f 47/139/47 51/152/51 50/150/50
vt 0.977306 0.028417
vt 0.977306 0.028417
vt 0.978540 0.027805
f 48/142/48 49/146/49 52/156/52
vt 0.977306 0.028417
vt 0.978540 0.027805
vt 0.978540 0.027805
f 48/142/48 52/155/52 51/153/51
vt 0.978540 0.027805
vt 0.978540 0.027805
vt 0.979639 0.026978
f 50/148/50 51/152/51 54/162/54
vt 0.978540 0.027805
vt 0.979639 0.026978
vt 0.979639 0.026978
f 50/148/50 54/161/54 53/159/53
vt 0.978540 0.027805
vt 0.978540 0.027805
vt 0.979639 0.026978
f 51/151/51 52/155/52 55/165/55
vt 0.978540 0.027805
vt 0.979639 0.026978
vt 0.979639 0.026978
f 51/151/51 55/164/55 54/162/54
vt 0.979639 0.026978
vt 0.979639 0.026978
vt 0.980568 0.025965
f 53/157/53 54/161/54 57/171/57
vt 0.979639 0.026978
vt 0.980568 0.025965
vt 0.980568 0.025965
f 53/157/53 57/170/57 56/168/56
vt 0.979639 0.026978
vt 0.979639 0.026978
vt 0.980568 0.025965
f 54/160/54 55/164/55 58/174/58
vt 0.979639 0.026978
vt 0.980568 0.025965
vt 0.980568 0.025965
f 54/160/54 58/173/58 57/171/57
vt 0.980568 0.025965
vt 0.980568 0.025965
vt 0.981293 0.024798
f 56/166/56 57/170/57 60/180/60
vt 0.980568 0.025965
vt 0.981293 0.024798
vt 0.981293 0.024798
f 56/166/56 60/179/60 59/177/59
vt 0.980568 0.025965
vt 0.980568 0.025965
vt 0.981293 0.024798
f 57/169/57 58/173/58 61/183/61
vt 0.980568 0.025965
vt 0.981293 0.024798
vt 0.981293 0.024798
f 57/169/57 61/182/61 60/180/60
vt 0.981293 0.024798
vt 0.981293 0.024798
vt 0.981791 0.023519
f 59/175/59 60/179/60 63/189/63
vt 0.981293 0.024798
vt 0.981791 0.023519
vt 0.981791 0.023519
f 59/175/59 63/188/63 62/186/62
vt 0.981293 0.024798
vt 0.981293 0.024798
vt 0.981791 0.023519
f 60/178/60 61/182/61 64/192/64
vt 0.981293 0.024798
vt 0.981791 0.023519
vt 0.981791 0.023519
f 60/178/60 64/191/64 63/189/63
vt 0.981791 0.023519
vt 0.981791 0.023519
vt 0.982044 0.022170
f 62/184/62 63/188/63 66/198/66
vt 0.981791 0.023519
vt 0.982044 0.022170
vt 0.982044 0.022170
f 62/184/62 66/197/66 65/195/65
vt 0.981791 0.023519
vt 0.982044 0.022170
vt 0.982044 0.022170
f 63/187/63 143/428/143 66/198/66
vt 0.981791 0.023519
vt 0.981791 0.023519
vt 0.982044 0.022170
f 63/187/63 64/191/64 67/201/67
vt 0.981791 0.023519
vt 0.982044 0.022170
vt 0.982044 0.022170
f 63/187/63 67/200/67 143/429/143
vt 0.982044 0.022170
vt 0.982044 0.022170
vt 0.982044 0.020798
f 65/193/65 66/197/66 69/207/69
vt 0.982044 0.022170
vt 0.982044 0.020798
vt 0.982044 0.020798
f 65/193/65 69/206/69 68/204/68
vt 0.467921 0.088513
vt 0.474786 0.111320
vt 0.466797 0.112770
f 6/16/6 70/209/70 144/432/144
vt 0.467921 0.088513
vt 0.466797 0.112770
vt 0.703124 0.055402
f 6/16/6 144/431/144 69/207/69
vt 0.982044 0.020798
vt 0.982044 0.020798
vt 0.981791 0.019450
f 68/202/68 69/206/69 72/216/72
vt 0.982044 0.020798
vt 0.981791 0.019450
vt 0.981791 0.019450
f 68/202/68 72/215/72 71/213/71
vt 0.982044 0.020798
vt 0.982044 0.020798
vt 0.981791 0.019450
f 69/205/69 144/431/144 73/219/73
vt 0.982044 0.020798
vt 0.981791 0.019450
vt 0.981791 0.019450
f 69/205/69 73/218/73 72/216/72
vt 0.982044 0.020798
vt 0.982044 0.020798
vt 0.981791 0.019450
f 144/430/144 70/209/70 73/219/73
vt 0.981791 0.019450
vt 0.981791 0.019450
vt 0.981293 0.018171
f 71/211/71 72/215/72 75/225/75
vt 0.981791 0.019450
vt 0.981293 0.018171
vt 0.981293 0.018171
f 71/211/71 75/224/75 74/222/74
vt 0.981791 0.019450
vt 0.981791 0.019450
vt 0.981293 0.018171
f 72/214/72 73/218/73 76/228/76
vt 0.981791 0.019450
vt 0.981293 0.018171
vt 0.981293 0.018171
f 72/214/72 76/227/76 75/225/75
vt 0.981293 0.018171
vt 0.981293 0.018171
vt 0.980568 0.017004
f 74/220/74 75/224/75 78/234/78
vt 0.981293 0.018171
vt 0.980568 0.017004
vt 0.980568 0.017004
f 74/220/74 78/233/78 77/231/77
vt 0.981293 0.018171
vt 0.981293 0.018171
vt 0.980568 0.017004
f 75/223/75 76/227/76 79/237/79
vt 0.981293 0.018171
vt 0.980568 0.017004
vt 0.980568 0.017004
f 75/223/75 79/236/79 78/234/78
vt 0.980568 0.017004
vt 0.980568 0.017004
vt 0.979639 0.015990
f 77/229/77 78/233/78 81/243/81
vt 0.980568 0.017004
vt 0.979639 0.015990
vt 0.979639 0.015990
f 77/229/77 81/242/81 80/240/80
vt 0.980568 0.017004
vt 0.980568 0.017004
vt 0.979639 0.015990
f 78/232/78 79/236/79 82/246/82
vt 0.980568 0.017004
vt 0.979639 0.015990
vt 0.979639 0.015990
f 78/232/78 82/245/82 81/243/81
vt 0.979639 0.015990
vt 0.979639 0.015990
vt 0.978540 0.015164
f 80/238/80 81/242/81 84/252/84
vt 0.979639 0.015990
vt 0.978540 0.015164
vt 0.978540 0.015164
f 80/238/80 84/251/84 83/249/83
vt 0.979639 0.015990
vt 0.979639 0.015990
vt 0.978540 0.015164
f 81/241/81 82/245/82 85/255/85
vt 0.979639 0.015990
vt 0.978540 0.015164
vt 0.978540 0.015164
f 81/241/81 85/254/85 84/252/84
vt 0.978540 0.015164
vt 0.978540 0.015164
vt 0.977306 0.014552
f 83/247/83 84/251/84 87/261/87
vt 0.978540 0.015164
vt 0.977306 0.014552
vt 0.977306 0.014552
f 83/247/83 87/260/87 86/258/86
vt 0.978540 0.015164
vt 0.978540 0.015164
vt 0.977306 0.014552
f 84/250/84 85/254/85 88/264/88
vt 0.978540 0.015164
vt 0.977306 0.014552
vt 0.977306 0.014552
f 84/250/84 88/263/88 87/261/87
vt 0.977306 0.014552
vt 0.977306 0.014552
vt 0.975981 0.014177
f 86/256/86 87/260/87 90/270/90
vt 0.977306 0.014552
vt 0.975981 0.014177
vt 0.975981 0.014177
f 86/256/86 90/269/90 89/267/89
vt 0.977306 0.014552
vt 0.977306 0.014552
vt 0.975981 0.014177
f 87/259/87 88/263/88 91/273/91
vt 0.977306 0.014552
vt 0.975981 0.014177
vt 0.975981 0.014177
f 87/259/87 91/272/91 90/270/90
vt 0.975981 0.014177
vt 0.975981 0.014177
vt 0.974609 0.014050
f 89/265/89 90/269/90 93/279/93
vt 0.975981 0.014177
vt 0.974609 0.014050
vt 0.974609 0.014050
f 89/265/89 93/278/93 92/276/92
vt 0.975981 0.014177
vt 0.975981 0.014177
vt 0.975244 0.014524
f 90/268/90 91/272/91 94/282/94
vt 0.975981 0.014177
vt 0.975244 0.014524
vt 0.974609 0.014050
f 90/268/90 94/281/94 93/279/93
vt 0.974609 0.014050
vt 0.974609 0.014050
vt 0.973237 0.014177
f 92/274/92 93/278/93 96/288/96
vt 0.974609 0.014050
vt 0.973237 0.014177
vt 0.973237 0.014177
f 92/274/92 96/287/96 95/285/95
vt 0.974609 0.014050
vt 0.973993 0.014494
vt 0.973237 0.014177
f 93/277/93 151/452/151 97/291/97
vt 0.974609 0.014050
vt 0.973237 0.014177
vt 0.973237 0.014177
f 93/277/93 97/290/97 96/288/96
vt 0.973237 0.014177
vt 0.973237 0.014177
vt 0.971912 0.014552
f 95/283/95 96/287/96 99/297/99
vt 0.973237 0.014177
vt 0.971912 0.014552
vt 0.971912 0.014552
f 95/283/95 99/296/99 98/294/98
vt 0.973237 0.014177
vt 0.973237 0.014177
vt 0.971912 0.014552
f 96/286/96 97/290/97 100/300/100
vt 0.973237 0.014177
vt 0.971912 0.014552
vt 0.971912 0.014552
f 96/286/96 100/299/100 99/297/99
vt 0.971912 0.014552
vt 0.971912 0.014552
vt 0.970679 0.015164
f 98/292/98 99/296/99 102/306/102
vt 0.971912 0.014552
vt 0.970679 0.015164
vt 0.970679 0.015164
f 98/292/98 102/305/102 101/303/101
vt 0.971912 0.014552
vt 0.971912 0.014552
vt 0.970679 0.015164
f 99/295/99 100/299/100 103/309/103
vt 0.971912 0.014552
vt 0.970679 0.015164
vt 0.970679 0.015164
f 99/295/99 103/308/103 102/306/102
vt 0.970679 0.015164
vt 0.970679 0.015164
vt 0.969579 0.015990
f 101/301/101 102/305/102 105/315/105
vt 0.970679 0.015164
vt 0.969579 0.015990
vt 0.969579 0.015990
f 101/301/101 105/314/105 104/312/104
vt 0.970679 0.015164
vt 0.970679 0.015164
vt 0.969579 0.015990
f 102/304/102 103/308/103 106/318/106
vt 0.970679 0.015164
vt 0.969579 0.015990
vt 0.969579 0.015990
f 102/304/102 106/317/106 105/315/105
vt 0.969579 0.015990
vt 0.969579 0.015990
vt 0.968651 0.017004
f 104/310/104 105/314/105 108/324/108
vt 0.969579 0.015990
vt 0.968651 0.017004
vt 0.968651 0.017004
f 104/310/104 108/323/108 107/321/107
vt 0.969579 0.015990
vt 0.969579 0.015990
vt 0.968651 0.017004
f 105/313/105 106/317/106 109/327/109
vt 0.969579 0.015990
vt 0.968651 0.017004
vt 0.968651 0.017004
f 105/313/105 109/326/109 108/324/108
vt 0.968651 0.017004
vt 0.968651 0.017004
vt 0.967926 0.018171
f 107/319/107 108/323/108 111/333/111
vt 0.968651 0.017004
vt 0.967926 0.018171
vt 0.967926 0.018171
f 107/319/107 111/332/111 110/330/110
vt 0.968651 0.017004
vt 0.968651 0.017004
vt 0.967926 0.018171
f 108/322/108 109/326/109 112/336/112
vt 0.968651 0.017004
vt 0.967926 0.018171
vt 0.967926 0.018171
f 108/322/108 112/335/112 111/333/111
vt 0.967926 0.018171
vt 0.967926 0.018171
vt 0.967428 0.019450
f 110/328/110 111/332/111 114/342/114
vt 0.967926 0.018171
vt 0.967428 0.019450
vt 0.967428 0.019450
f 110/328/110 114/341/114 113/339/113
vt 0.967926 0.018171
vt 0.967926 0.018171
vt 0.967428 0.019450
f 111/331/111 112/335/112 115/345/115
vt 0.967926 0.018171
vt 0.967428 0.019450
vt 0.967428 0.019450
f 111/331/111 115/344/115 114/342/114
vt 0.967428 0.019450
vt 0.967428 0.019450
vt 0.967175 0.020798
f 113/337/113 114/341/114 117/351/117
vt 0.967428 0.019450
vt 0.967175 0.020798
vt 0.967175 0.020798
f 113/337/113 117/350/117 116/348/116
vt 0.967428 0.019450
vt 0.967175 0.020798
vt 0.967175 0.020798
f 114/340/114 146/437/146 117/351/117
vt 0.967428 0.019450
vt 0.967428 0.019450
vt 0.967175 0.020798
f 114/340/114 115/344/115 118/354/118
vt 0.967428 0.019450
vt 0.967175 0.020798
vt 0.967175 0.020798
f 114/340/114 118/353/118 146/438/146
vt 0.967175 0.020798
vt 0.967175 0.020798
vt 0.967175 0.022170
f 116/346/116 117/350/117 120/360/120
vt 0.967175 0.020798
vt 0.967175 0.022170
vt 0.967175 0.022170
f 116/346/116 120/359/120 119/357/119
vt 0.967175 0.022170
vt 0.967663 0.022170
vt 0.967175 0.021682
f 7/19/7 121/362/121 147/441/147
vt 0.967175 0.022170
vt 0.967663 0.022170
vt 0.967175 0.021682
f 7/19/7 147/440/147 120/360/120
vt 0.967175 0.022170
vt 0.967175 0.022170
vt 0.967428 0.023519
f 119/355/119 120/359/120 123/369/123
vt 0.967175 0.022170
vt 0.967428 0.023519
vt 0.967428 0.023519
f 119/355/119 123/368/123 122/366/122
vt 0.967175 0.022170
vt 0.967175 0.022170
vt 0.967428 0.023519
f 120/358/120 147/440/147 124/372/124
vt 0.967175 0.022170
vt 0.967428 0.023519
vt 0.967428 0.023519
f 120/358/120 124/371/124 123/369/123
vt 0.967175 0.022170
vt 0.967175 0.022170
vt 0.967428 0.023519
f 147/439/147 121/362/121 124/372/124
vt 0.967428 0.023519
vt 0.967428 0.023519
vt 0.967926 0.024798
f 122/364/122 123/368/123 126/378/126
vt 0.967428 0.023519
vt 0.967926 0.024798
vt 0.967926 0.024798
f 122/364/122 126/377/126 125/375/125
vt 0.967428 0.023519
vt 0.967428 0.023519
vt 0.967926 0.024798
f 123/367/123 124/371/124 127/381/127
vt 0.967428 0.023519
vt 0.967926 0.024798
vt 0.967926 0.024798
f 123/367/123 127/380/127 126/378/126
vt 0.967926 0.024798
vt 0.967926 0.024798
vt 0.968651 0.025965
f 125/373/125 126/377/126 129/387/129
vt 0.967926 0.024798
vt 0.968651 0.025965
vt 0.968651 0.025965
f 125/373/125 129/386/129 128/384/128
vt 0.967926 0.024798
vt 0.967926 0.024798
vt 0.968651 0.025965
f 126/376/126 127/380/127 130/390/130
vt 0.967926 0.024798
vt 0.968651 0.025965
vt 0.968651 0.025965
f 126/376/126 130/389/130 129/387/129
vt 0.968651 0.025965
vt 0.968651 0.025965
vt 0.969579 0.026978
f 128/382/128 129/386/129 132/396/132
vt 0.968651 0.025965
vt 0.969579 0.026978
vt 0.969579 0.026978
f 128/382/128 132/395/132 131/393/131
vt 0.968651 0.025965
vt 0.968651 0.025965
vt 0.969579 0.026978
f 129/385/129 130/389/130 133/399/133
vt 0.968651 0.025965
vt 0.969579 0.026978
vt 0.969579 0.026978
f 129/385/129 133/398/133 132/396/132
vt 0.969579 0.026978
vt 0.969579 0.026978
vt 0.970679 0.027805
f 131/391/131 132/395/132 135/405/135
vt 0.969579 0.026978
vt 0.970679 0.027805
vt 0.970679 0.027805
f 131/391/131 135/404/135 134/402/134
vt 0.969579 0.026978
vt 0.969579 0.026978
vt 0.970679 0.027805
f 132/394/132 133/398/133 136/408/136
vt 0.969579 0.026978
vt 0.970679 0.027805
vt 0.970679 0.027805
f 132/394/132 136/407/136 135/405/135
vt 0.970679 0.027805
vt 0.970679 0.027805
vt 0.971912 0.028417
f 134/400/134 135/404/135 138/414/138
vt 0.970679 0.027805
vt 0.971912 0.028417
vt 0.971912 0.028417
f 134/400/134 138/413/138 137/411/137
vt 0.970679 0.027805
vt 0.970679 0.027805
vt 0.971912 0.028417
f 135/403/135 136/407/136 139/417/139
vt 0.970679 0.027805
vt 0.971912 0.028417
vt 0.971912 0.028417
f 135/403/135 139/416/139 138/414/138
vt 0.971912 0.028417
vt 0.971912 0.028417
vt 0.973237 0.028792
f 137/409/137 138/413/138 141/423/141
vt 0.971912 0.028417
vt 0.973237 0.028792
vt 0.973237 0.028792
f 137/409/137 141/422/141 140/420/140
vt 0.971912 0.028417
vt 0.971912 0.028417
vt 0.973237 0.028792
f 138/412/138 139/416/139 142/426/142
vt 0.971912 0.028417
vt 0.973237 0.028792
vt 0.973237 0.028792
f 138/412/138 142/425/142 141/423/141
vt 0.974609 0.029297
vt 0.974609 0.029297
vt 0.973237 0.028792
f 42/124/42 41/122/41 140/420/140
vt 0.974609 0.029297
vt 0.973237 0.028792
vt 0.973237 0.028792
f 42/124/42 140/419/140 141/423/141
vt 0.974609 0.028541
vt 0.974609 0.029297
vt 0.973237 0.028792
f 43/127/43 42/125/42 141/423/141
vt 0.974609 0.028541
vt 0.973237 0.028792
vt 0.973237 0.028792
f 43/127/43 141/422/141 142/426/142
vt 0.982044 0.022170
vt 0.982044 0.020798
vt 0.982044 0.020798
f 5/13/5 6/17/6 69/207/69
vt 0.982044 0.022170
vt 0.982532 0.022170
vt 0.982044 0.021682
f 143/427/143 67/200/67 1/3/1
vt 0.982044 0.022170
vt 0.982532 0.022170
vt 0.982044 0.021682
f 143/427/143 1/2/1 5/15/5
vt 0.982044 0.022170
vt 0.982532 0.022170
vt 0.982044 0.021682
f 143/427/143 5/14/5 66/198/66
vt 0.475090 0.096441
vt 0.474786 0.111320
vt 0.467921 0.088513
f 145/433/145 70/209/70 6/18/6
vt 0.982044 0.022170
vt 0.982044 0.022170
vt 0.982044 0.020798
f 66/196/66 5/14/5 69/207/69
vt 0.967175 0.020798
vt 0.967175 0.022170
vt 0.967175 0.022170
f 117/349/117 7/20/7 120/360/120
vt 0.466797 0.096361
vt 0.475185 0.080289
vt 0.467981 0.072418
f 146/436/146 3/8/3 8/24/8
vt 0.466797 0.096361
vt 0.467981 0.072418
vt 0.472658 0.055402
f 146/436/146 8/23/8 117/351/117
vt 0.466797 0.096361
vt 0.474853 0.094979
vt 0.475185 0.080289
f 146/436/146 118/353/118 3/9/3
vt 0.967175 0.020798
vt 0.967175 0.020798
vt 0.967175 0.022170
f 117/349/117 8/23/8 7/21/7
vt 0.475254 0.026063
vt 0.474959 0.011296
vt 0.468029 0.034395
f 4/10/4 121/362/121 7/21/7
vt 0.975416 0.019869
vt 0.974653 0.020035
vt 0.975416 0.019869
f 29/85/29 28/83/28 149/447/149
vt 0.974017 0.020160
vt 0.974505 0.020160
vt 0.974017 0.019672
f 37/109/37 38/113/38 150/450/150
vt 0.974017 0.020160
vt 0.974505 0.020160
vt 0.974017 0.019672
f 150/448/150 27/80/27 37/111/37
vt 0.974017 0.020160
vt 0.974653 0.020035
vt 0.974017 0.020160
f 150/448/150 28/83/28 27/81/27
vt 0.975244 0.014524
vt 0.975416 0.019869
vt 0.975416 0.019869
f 152/454/152 148/443/148 149/447/149
vt 0.975244 0.014524
vt 0.975416 0.019869
vt 0.974653 0.020035
f 152/454/152 149/446/149 28/84/28
vt 0.974653 0.020035
vt 0.974017 0.020160
vt 0.974609 0.014050
f 28/82/28 150/449/150 93/279/93
vt 0.974609 0.014050
vt 0.975244 0.014524
vt 0.974653 0.020035
f 93/277/93 152/455/152 28/84/28
vt 0.974017 0.020160
vt 0.974017 0.020160
vt 0.973993 0.014494
f 150/448/150 38/113/38 153/459/153
vt 0.973993 0.014494
vt 0.974609 0.014050
vt 0.974017 0.020160
f 153/457/153 93/278/93 150/450/150
vt 0.975244 0.014524
vt 0.975244 0.014524
vt 0.974609 0.014050
f 94/280/94 152/455/152 93/279/93
vt 0.974609 0.014050
vt 0.973993 0.014494
vt 0.973993 0.014494
f 93/277/93 153/458/153 151/453/151
vt 0.975720 0.022422
vt 0.976273 0.022496
vt 0.976019 0.021849
f 31/91/31 14/41/14 155/465/155
vt 0.975720 0.022422
vt 0.976019 0.021849
vt 0.975720 0.022422
f 31/91/31 155/464/155 154/462/154
vt 0.975202 0.022809
vt 0.975720 0.022422
vt 0.975720 0.022422
f 32/94/32 31/92/31 154/462/154
vt 0.975202 0.022809
vt 0.975720 0.022422
vt 0.975202 0.022809
f 32/94/32 154/461/154 156/468/156
vt 0.974566 0.022934
vt 0.975202 0.022809
vt 0.975202 0.022809
f 33/97/33 32/95/32 156/468/156
vt 0.974566 0.022934
vt 0.975202 0.022809
vt 0.974566 0.022934
f 33/97/33 156/467/156 157/471/157
vt 0.973939 0.022771
vt 0.974566 0.022934
vt 0.974566 0.022934
f 34/100/34 33/98/33 157/471/157
vt 0.973939 0.022771
vt 0.974566 0.022934
vt 0.973939 0.022771
f 34/100/34 157/470/157 158/474/158
vt 0.973444 0.022354
vt 0.973939 0.022771
vt 0.973939 0.022771
f 35/103/35 34/101/34 158/474/158
vt 0.973444 0.022354
vt 0.973939 0.022771
vt 0.973444 0.022354
f 35/103/35 158/473/158 159/477/159
vt 0.973498 0.020547
vt 0.972946 0.020462
vt 0.973200 0.021120
f 36/106/36 10/29/10 161/483/161
vt 0.973498 0.020547
vt 0.973200 0.021120
vt 0.973498 0.020547
f 36/106/36 161/482/161 160/480/160
vt 0.974017 0.020160
vt 0.973498 0.020547
vt 0.973498 0.020547
f 37/109/37 36/107/36 160/480/160
vt 0.974017 0.020160
vt 0.973498 0.020547
vt 0.974017 0.020160
f 37/109/37 160/479/160 162/486/162
vt 0.975416 0.019869
vt 0.975416 0.019869
vt 0.974653 0.020035
f 39/115/39 148/443/148 164/492/164
vt 0.975416 0.019869
vt 0.974653 0.020035
vt 0.975416 0.019869
f 39/115/39 164/491/164 163/489/163
vt 0.975774 0.020614
vt 0.975416 0.019869
vt 0.975416 0.019869
f 40/118/40 39/116/39 163/489/163
vt 0.975774 0.020614
vt 0.975416 0.019869
vt 0.975774 0.020614
f 40/118/40 163/488/163 165/495/165
vt 0.976168 0.020924
vt 0.975774 0.020614
vt 0.975774 0.020614
f 15/43/15 40/119/40 165/495/165
vt 0.976168 0.020924
vt 0.975774 0.020614
vt 0.976019 0.021849
f 15/43/15 165/494/165 155/465/155
vt 0.972921 0.022285
vt 0.973444 0.022354
vt 0.973444 0.022354
f 11/31/11 35/104/35 159/477/159
vt 0.972921 0.022285
vt 0.973444 0.022354
vt 0.973200 0.021120
f 11/31/11 159/476/159 161/483/161
vt 0.974017 0.020160
vt 0.974505 0.020160
vt 0.974017 0.019672
f 38/112/38 37/110/37 162/486/162
vt 0.974017 0.020160
vt 0.974017 0.020160
vt 0.974653 0.020035
f 38/112/38 162/485/162 164/492/164
vt 0.998047 0.488733
vt 0.995803 0.546102
vt 0.968994 0.493097
f 166/496/166 167/500/167 183/549/183
vt 0.998047 0.488733
vt 0.968994 0.493097
vt 0.943718 0.449843
f 166/496/166 183/548/183 182/546/182
vt 0.995803 0.546102
vt 0.961123 0.597047
vt 0.967143 0.540426
f 167/499/167 168/503/168 184/552/184
vt 0.995803 0.546102
vt 0.967143 0.540426
vt 0.968994 0.493097
f 167/499/167 184/551/184 183/549/183
vt 0.961123 0.597047
vt 0.900874 0.631479
vt 0.938532 0.582457
f 168/502/168 169/506/169 185/555/185
vt 0.961123 0.597047
vt 0.938532 0.582457
vt 0.967143 0.540426
f 168/502/168 185/554/185 184/552/184
vt 0.900874 0.631479
vt 0.826990 0.642578
vt 0.888827 0.610863
f 169/505/169 170/509/170 186/558/186
vt 0.900874 0.631479
vt 0.888827 0.610863
vt 0.938532 0.582457
f 169/505/169 186/557/186 185/555/185
vt 0.826990 0.642578
vt 0.754105 0.628145
vt 0.827872 0.620019
f 170/508/170 171/512/171 187/561/187
vt 0.826990 0.642578
vt 0.827872 0.620019
vt 0.888827 0.610863
f 170/508/170 187/560/187 186/558/186
vt 0.754105 0.628145
vt 0.696654 0.591040
vt 0.767742 0.608113
f 171/511/171 172/515/172 188/564/188
vt 0.754105 0.628145
vt 0.767742 0.608113
vt 0.827872 0.620019
f 171/511/171 188/563/188 187/561/187
vt 0.696654 0.591040
vt 0.666016 0.538611
vt 0.720345 0.577501
f 172/514/172 173/518/173 189/567/189
vt 0.696654 0.591040
vt 0.720345 0.577501
vt 0.767742 0.608113
f 172/514/172 189/566/189 188/564/188
vt 0.666016 0.538611
vt 0.668259 0.481242
vt 0.695068 0.534247
f 173/517/173 174/521/174 190/570/190
vt 0.666016 0.538611
vt 0.695068 0.534247
vt 0.720345 0.577501
f 173/517/173 190/569/190 189/567/189
vt 0.668259 0.481242
vt 0.702940 0.430296
vt 0.696919 0.486917
f 174/520/174 175/524/175 191/573/191
vt 0.668259 0.481242
vt 0.696919 0.486917
vt 0.695068 0.534247
f 174/520/174 191/572/191 190/570/190
vt 0.702940 0.430296
vt 0.763188 0.395864
vt 0.725531 0.444887
f 175/523/175 176/527/176 192/576/192
vt 0.702940 0.430296
vt 0.725531 0.444887
vt 0.696919 0.486917
f 175/523/175 192/575/192 191/573/191
vt 0.763188 0.395864
vt 0.837072 0.384766
vt 0.775236 0.416481
f 176/526/176 177/530/177 193/579/193
vt 0.763188 0.395864
vt 0.775236 0.416481
vt 0.725531 0.444887
f 176/526/176 193/578/193 192/576/192
vt 0.837072 0.384766
vt 0.896320 0.419231
vt 0.836190 0.407324
f 177/529/177 181/542/181 194/582/194
vt 0.837072 0.384766
vt 0.836190 0.407324
vt 0.775236 0.416481
f 177/529/177 194/581/194 193/579/193
vt 0.909957 0.399198
vt 0.967409 0.436304
vt 0.896320 0.419231
f 178/532/178 179/536/179 181/543/181
vt 0.909957 0.399198
vt 0.896320 0.419231
vt 0.837072 0.384766
f 178/532/178 181/542/181 177/531/177
vt 0.967409 0.436304
vt 0.998047 0.488733
vt 0.943718 0.449843
f 179/535/179 166/497/166 182/546/182
vt 0.967409 0.436304
vt 0.943718 0.449843
vt 0.896320 0.419231
f 179/535/179 182/545/182 181/543/181
vt 0.832031 0.513672
vt 0.896320 0.419231
vt 0.943718 0.449843
f 180/538/180 181/542/181 182/546/182
vt 0.832031 0.513672
vt 0.943718 0.449843
vt 0.968994 0.493097
f 180/538/180 182/545/182 183/549/183
vt 0.832031 0.513672
vt 0.968994 0.493097
vt 0.967143 0.540426
f 180/538/180 183/548/183 184/552/184
vt 0.832031 0.513672
vt 0.967143 0.540426
vt 0.938532 0.582457
f 180/538/180 184/551/184 185/555/185
vt 0.832031 0.513672
vt 0.938532 0.582457
vt 0.888827 0.610863
f 180/538/180 185/554/185 186/558/186
vt 0.832031 0.513672
vt 0.888827 0.610863
vt 0.827872 0.620019
f 180/538/180 186/557/186 187/561/187
vt 0.832031 0.513672
vt 0.827872 0.620019
vt 0.767742 0.608113
f 180/538/180 187/560/187 188/564/188
vt 0.832031 0.513672
vt 0.767742 0.608113
vt 0.720345 0.577501
f 180/538/180 188/563/188 189/567/189
vt 0.832031 0.513672
vt 0.720345 0.577501
vt 0.695068 0.534247
f 180/538/180 189/566/189 190/570/190
vt 0.832031 0.513672
vt 0.695068 0.534247
vt 0.696919 0.486917
f 180/538/180 190/569/190 191/573/191
vt 0.832031 0.513672
vt 0.696919 0.486917
vt 0.725531 0.444887
f 180/538/180 191/572/191 192/576/192
vt 0.832031 0.513672
vt 0.725531 0.444887
vt 0.775236 0.416481
f 180/538/180 192/575/192 193/579/193
vt 0.832031 0.513672
vt 0.775236 0.416481
vt 0.836190 0.407324
f 180/538/180 193/578/193 194/582/194
vt 0.832031 0.513672
vt 0.836190 0.407324
vt 0.896320 0.419231
f 180/538/180 194/581/194 181/543/181
