# FCE4M to OBJ - Motor City Online
# NumVertices: 1201
# NumTriangles: 2480
# NumParts: 42
# HalfSize: (0.9771, 0.6993, 2.4791)

o MCity_Car

# Vertices
v 0.000412 0.203888 1.177073
v 0.000412 0.178245 2.020248
v -0.409856 0.155234 1.989597
v -0.651683 0.171223 1.116403
v -0.481190 0.112190 2.014863
v -0.711966 0.125985 1.105565
v -0.787052 0.017210 1.103472
v -0.530610 0.017210 2.058675
v -0.590596 -0.012192 2.072547
v -0.480822 0.005037 2.141693
v -0.555724 -0.060239 2.212097
v -0.431273 0.098166 2.101461
v -0.388205 0.141325 2.065573
v 0.000412 0.163706 2.099491
v 0.000412 0.100170 2.164376
v -0.366201 0.091744 2.138444
v -0.385307 -0.007384 2.190125
v -0.525377 -0.148807 2.280198
v 0.000412 -0.148807 2.292258
v 0.000412 -0.202285 2.244509
v -0.504701 -0.216824 2.227551
v 0.181040 -0.023959 2.254939
v 0.196466 -0.001289 2.205431
v 0.305826 -0.024117 2.209457
v 0.000412 -0.001179 2.217050
v 0.000412 -0.023970 2.264198
v 0.114427 -0.101797 2.278368
v 0.000412 -0.101807 2.284184
v 0.120382 -0.113098 2.268740
v 0.000412 -0.112955 2.274029
v 0.184759 -0.038142 2.232997
v -0.305003 -0.024095 2.209457
v -0.195643 -0.001289 2.205431
v -0.119558 -0.113098 2.268739
v -0.180217 -0.023959 2.254939
v -0.113604 -0.101797 2.278368
v -0.183936 -0.038142 2.232997
v 0.526200 -0.148807 2.280198
v 0.505524 -0.216824 2.227551
v 0.367024 0.091744 2.138444
v 0.386130 -0.007384 2.190125
v 0.652506 0.171223 1.116403
v 0.410679 0.155234 1.989596
v 0.712789 0.125985 1.105565
v 0.482013 0.112190 2.014863
v 0.787875 0.017210 1.103472
v 0.531433 0.017210 2.058675
v 0.591419 -0.012192 2.072547
v 0.556547 -0.060239 2.212097
v 0.481645 0.005037 2.141693
v 0.432096 0.098166 2.101461
v 0.389028 0.141325 2.065573
v -0.651683 0.171223 1.116403
v -0.409856 0.155234 1.989597
v -0.481190 0.112190 2.014863
v -0.711966 0.125985 1.105565
v -0.787052 0.017210 1.103472
v -0.530610 0.017210 2.058675
v -0.590596 -0.012192 2.072547
v -0.480822 0.005037 2.141693
v -0.555724 -0.060239 2.212097
v -0.431273 0.098166 2.101461
v -0.388205 0.141325 2.065573
v 0.000412 0.178245 2.020248
v 0.000412 0.163706 2.099491
v 0.000412 0.100170 2.164376
v -0.366201 0.091744 2.138444
v -0.385307 -0.007384 2.190125
v -0.525377 -0.148807 2.280198
v 0.000412 -0.148807 2.292258
v 0.000412 -0.202285 2.244509
v -0.504701 -0.216824 2.227551
v 0.181040 -0.023959 2.254939
v 0.196466 -0.001289 2.205431
v 0.305826 -0.024117 2.209457
v 0.000412 -0.001179 2.217050
v 0.000412 -0.023970 2.264198
v 0.114427 -0.101797 2.278368
v 0.000412 -0.101807 2.284184
v 0.120382 -0.113098 2.268740
v 0.000412 -0.112955 2.274029
v 0.184759 -0.038142 2.232997
v -0.305003 -0.024095 2.209457
v -0.195643 -0.001289 2.205431
v -0.119558 -0.113098 2.268739
v -0.180217 -0.023959 2.254939
v -0.113604 -0.101797 2.278368
v -0.183936 -0.038142 2.232997
v 0.526200 -0.148807 2.280198
v 0.505524 -0.216824 2.227551
v 0.367024 0.091744 2.138444
v 0.386130 -0.007384 2.190125
v 0.652506 0.171223 1.116403
v 0.712789 0.125985 1.105565
v 0.482013 0.112190 2.014863
v 0.410679 0.155234 1.989596
v 0.787875 0.017210 1.103472
v 0.531433 0.017210 2.058675
v 0.591419 -0.012192 2.072547
v 0.481645 0.005037 2.141693
v 0.556547 -0.060239 2.212097
v 0.432096 0.098166 2.101461
v 0.389028 0.141325 2.065573
v 0.000412 0.184782 1.805302
v 0.150422 0.176173 1.805302
v 0.150422 0.192187 1.305302
v 0.000412 0.203888 1.177073
v 0.000412 0.199988 1.305302
v -0.149578 0.176175 1.805302
v -0.149578 0.192189 1.305302
v -0.943065 -0.421628 1.319982
v -0.900726 -0.765754 1.029137
v -0.939248 -0.138327 1.130523
v -0.954765 -0.138327 0.844379
v -0.909927 -0.765754 -0.101762
v -0.949347 -0.138327 -0.101762
v -0.935253 -0.067142 -0.101762
v -0.928988 -0.067142 0.844824
v -0.917149 -0.067142 1.128220
v -0.855497 0.003058 1.124331
v -0.861552 0.003058 0.829786
v -0.857246 0.023621 -0.082500
v -0.805925 0.017210 0.817070
v -0.787748 0.180153 0.408142
v -0.786156 0.180031 0.543413
v -0.766766 0.116998 0.805350
v -0.723942 0.189998 0.796726
v -0.788983 0.180153 0.380126
v -0.816491 0.034092 -0.248588
v -0.774854 0.223311 -0.202568
v -0.799436 0.180153 0.006725
v -0.892517 -0.073553 -0.248588
v -0.907382 -0.152993 -0.248588
v -0.883961 -0.778117 -0.248589
v -0.827432 0.034092 -0.291788
v -0.918088 -0.038694 -0.291788
v -0.942394 -0.138327 -0.291788
v -0.892004 -0.778118 -0.291788
v -0.827432 -0.013675 -2.349803
v -0.864230 -0.072008 -2.369515
v -0.876238 -0.138327 -2.393364
v -0.941231 -0.476349 -0.989393
v -0.889594 -0.777055 -0.899791
v -0.926521 -0.568391 -0.956594
v -0.942847 -0.425749 -1.052958
v -0.945954 -0.394611 -1.159262
v -0.945039 -0.389574 -1.463850
v -0.943396 -0.416362 -1.568346
v -0.888119 -0.435022 -2.293698
v -0.936857 -0.480623 -1.642469
v -0.891134 -0.741239 -1.824584
v -0.878222 -0.660395 -2.293698
v -0.855781 -0.716756 -2.293698
v -0.727405 -0.001832 -0.263887
v -0.660358 0.012402 -0.263887
v -0.659946 0.012402 -0.303643
v 0.000412 0.203764 1.180712
v -0.651683 0.171100 1.120042
v -0.238103 0.238399 1.021645
v -0.538189 0.225239 0.985548
v -0.658286 0.214191 0.916797
v -0.711966 0.125861 1.109204
v -0.787052 0.017086 1.107111
v -0.652765 -0.008014 2.074222
v -0.590596 -0.012316 2.076186
v -0.803294 0.003058 2.074223
v -0.892380 -0.067142 2.062407
v -0.908106 -0.138327 2.047586
v -0.939747 -0.359580 1.389017
v -0.941383 -0.313102 1.487347
v -0.935179 -0.307835 1.759216
v -0.927092 -0.341721 1.888837
v -0.901072 -0.138327 2.175546
v -0.880470 -0.281551 2.145472
v -0.914925 -0.423002 1.971146
v -0.884102 -0.087349 2.185915
v -0.880688 -0.138327 2.264328
v -0.807527 -0.036061 2.198255
v -0.798605 -0.083914 2.295298
v -0.646717 -0.038064 2.218120
v -0.660058 -0.085715 2.300623
v -0.555724 -0.060363 2.215736
v -0.598365 -0.138328 2.290180
v -0.525377 -0.148931 2.283837
v -0.858425 -0.281551 2.219712
v -0.879715 -0.663762 2.088603
v -0.880470 -0.587261 2.145287
v -0.828083 -0.552822 2.197957
v -0.873272 -0.663762 2.037977
v -0.917362 -0.663638 2.220262
v -0.853546 -0.663638 2.302783
v -0.846501 -0.729358 2.270996
v -0.884797 -0.724761 2.179330
v -0.600742 -0.281551 2.219713
v -0.504701 -0.216948 2.231190
v -0.498457 -0.266394 2.246441
v -0.590827 -0.327984 2.232543
v -0.666561 -0.501611 2.224618
v -0.679795 -0.354772 2.207897
v -0.780785 -0.355802 2.207897
v -0.643403 -0.552822 2.221790
v -0.499201 -0.663638 2.349153
v -0.498457 -0.552822 2.221790
v -0.466215 -0.426379 2.382576
v -0.476746 -0.403426 2.321958
v -0.483194 -0.673178 2.398130
v -0.492166 -0.729358 2.318579
v -0.423231 -0.426379 2.382576
v -0.406253 -0.673178 2.398130
v -0.412700 -0.403426 2.321958
v -0.392474 -0.729358 2.318579
v 0.000412 -0.202285 2.244509
v 0.000412 -0.246474 2.260987
v -0.385760 -0.663638 2.358830
v -0.385535 -0.552936 2.221790
v 0.000412 -0.729358 2.318579
v 0.000412 -0.663638 2.358830
v -0.866649 -0.645593 -2.422307
v -0.866649 -0.435022 -2.422307
v -0.866649 -0.311911 -2.445388
v -0.827432 -0.435022 -2.485973
v -0.827432 -0.645593 -2.516870
v -0.868794 -0.138327 -2.450852
v -0.858070 -0.291045 -2.475291
v -0.857626 -0.073474 -2.446142
v -0.827432 -0.038371 -2.466914
v -0.788216 -0.311911 -2.445388
v -0.796795 -0.291045 -2.475290
v -0.799771 -0.073474 -2.444765
v -0.793220 -0.072008 -2.369515
v 0.000412 -0.552936 2.221790
v -0.668013 -0.113226 2.264327
v -0.791177 -0.113226 2.264327
v -0.786072 -0.138327 -2.450852
v -0.778626 -0.138327 -2.393364
v -0.659946 0.012402 -2.287952
v -0.727405 -0.038593 -2.347559
v -0.660358 0.012402 -2.347559
v 0.000412 0.012211 -2.347559
v 0.000412 0.012211 -2.287952
v 0.000412 -0.347755 -2.250156
v -0.628500 -0.347755 -2.250156
v -0.628500 -0.347755 -0.341439
v -0.774909 -0.038593 -2.334844
v -0.774909 -0.311911 -2.347560
v -0.788216 -0.435022 -2.422307
v -0.765935 -0.435022 -2.347560
v -0.788627 -0.576141 -2.422307
v -0.765936 -0.523515 -2.347560
v -0.807942 -0.653401 -2.469095
v -0.827432 -0.695354 -2.473495
v -0.827844 -0.710080 -2.414188
v -0.774909 -0.138327 -2.347560
v 0.940071 -0.138327 1.130523
v 0.901549 -0.765754 1.029136
v 0.943888 -0.421628 1.319982
v 0.955589 -0.138327 0.844379
v 0.950171 -0.138327 -0.101762
v 0.910751 -0.765754 -0.101763
v 0.929811 -0.067142 0.844824
v 0.936077 -0.067142 -0.101763
v 0.917972 -0.067142 1.128220
v 0.856320 0.003058 1.124330
v 0.862375 0.003058 0.829786
v 0.858069 0.023621 -0.082501
v 0.806748 0.017210 0.817070
v 0.788571 0.180153 0.408142
v 0.786979 0.180031 0.543413
v 0.767590 0.116998 0.805350
v 0.724765 0.189998 0.796726
v 0.789795 0.180153 0.380126
v 0.800260 0.180153 0.006725
v 0.775266 0.223311 -0.202568
v 0.817109 0.034092 -0.248588
v 0.893341 -0.073553 -0.248588
v 0.908205 -0.152993 -0.248588
v 0.884784 -0.778118 -0.248589
v 0.828255 0.034092 -0.291788
v 0.918912 -0.038694 -0.291788
v 0.943217 -0.138327 -0.291788
v 0.892827 -0.778118 -0.291788
v 0.828255 -0.013675 -2.349803
v 0.865053 -0.072008 -2.369515
v 0.877062 -0.138327 -2.393364
v 0.927344 -0.568391 -0.956594
v 0.890417 -0.777055 -0.899791
v 0.942054 -0.476349 -0.989393
v 0.943671 -0.425749 -1.052958
v 0.946777 -0.394611 -1.159262
v 0.945863 -0.389574 -1.463850
v 0.944219 -0.416362 -1.568346
v 0.937681 -0.480623 -1.642469
v 0.888943 -0.435022 -2.293698
v 0.891957 -0.741239 -1.824584
v 0.879045 -0.660395 -2.293699
v 0.692839 0.222777 -0.239812
v 0.728023 -0.001832 -0.263887
v 0.660975 0.012402 -0.263887
v 0.582253 0.222777 -0.241419
v 0.893203 -0.067142 2.062407
v 0.804117 0.003058 2.074223
v 0.908929 -0.138327 2.047586
v 0.940570 -0.359580 1.389017
v 0.942206 -0.313102 1.487347
v 0.936002 -0.307835 1.759216
v 0.927915 -0.341721 1.888837
v 0.881293 -0.281551 2.145472
v 0.901895 -0.138327 2.175546
v 0.915748 -0.423002 1.971146
v 0.884925 -0.087349 2.185915
v 0.881512 -0.138328 2.264327
v 0.799428 -0.083914 2.295298
v 0.808351 -0.036061 2.198255
v 0.859248 -0.281551 2.219712
v 0.828906 -0.552822 2.197957
v 0.881293 -0.587261 2.145287
v 0.880538 -0.663762 2.088602
v 0.874095 -0.663762 2.037977
v 0.867472 -0.435022 -2.422307
v 0.867472 -0.645593 -2.422307
v 0.867472 -0.311911 -2.445388
v 0.828256 -0.435022 -2.485974
v 0.828255 -0.645593 -2.516870
v 0.869617 -0.138327 -2.450852
v 0.858894 -0.291045 -2.475291
v 0.858450 -0.073474 -2.446142
v 0.828256 -0.038371 -2.466914
v 0.800594 -0.073474 -2.444765
v 0.786895 -0.138327 -2.450852
v 0.797618 -0.291045 -2.475290
v 0.789039 -0.311911 -2.445388
v 0.794043 -0.072008 -2.369515
v 0.779450 -0.138327 -2.393364
v -0.000000 -0.523515 -2.347559
v 0.199015 -0.710080 -2.347560
v 0.199015 -0.523515 -2.347559
v -0.000000 -0.710080 -2.347491
v 0.211710 -0.710080 -2.414188
v 0.478705 -0.523515 -2.347560
v 0.660769 -0.523515 -2.347559
v 0.660975 0.012402 -2.347559
v 0.426094 -0.523515 -2.347559
v 0.629323 -0.347755 -2.250156
v 0.660769 0.012402 -2.287952
v 0.660769 0.012402 -0.303643
v 0.629324 -0.347755 -0.341439
v 0.775527 -0.038593 -2.334844
v 0.000000 0.222777 -0.252438
v 0.000412 0.012307 -0.263887
v 0.789039 -0.435022 -2.422307
v 0.775321 -0.311911 -2.347560
v 0.766347 -0.435022 -2.347560
v 0.789039 -0.576141 -2.422307
v 0.766347 -0.523515 -2.347559
v 0.808353 -0.653401 -2.469095
v 0.828255 -0.695354 -2.473495
v 0.828255 -0.710080 -2.414188
v 0.775321 -0.138327 -2.347560
v 0.728022 -0.038593 -2.347559
v 0.856605 -0.716756 -2.293698
v 0.212765 -0.576141 -2.422307
v 0.222103 -0.653401 -2.469095
v 0.426094 -0.576141 -2.422307
v 0.426094 -0.653401 -2.469096
v 0.452399 -0.710079 -2.414188
v 0.478704 -0.653401 -2.469095
v 0.478705 -0.576141 -2.422307
v 0.468787 -0.542248 -2.494416
v 0.467297 -0.570700 -2.478463
v 0.436011 -0.542248 -2.494417
v 0.437501 -0.570700 -2.478464
v 0.459460 -0.653401 -2.494349
v 0.445339 -0.653401 -2.494416
v 0.452399 -0.695354 -2.473495
v -0.473766 -0.765754 1.029137
v -0.473766 -0.663762 2.037977
v 0.474589 -0.765754 1.029137
v 0.474589 -0.663762 2.037977
v 0.492990 -0.729358 2.318579
v 0.885621 -0.724761 2.179330
v 0.393297 -0.729358 2.318579
v 0.847324 -0.729358 2.270996
v -0.473766 -0.777055 -0.899791
v 0.474589 -0.777055 -0.899791
v 0.474589 -0.741239 -1.824584
v -0.473766 -0.741239 -1.824584
v -0.198604 -0.710080 -2.347560
v -0.451988 -0.710079 -2.414188
v -0.211299 -0.710080 -2.414188
v 0.000412 0.248764 1.037741
v 0.000412 0.012402 -0.303643
v 0.000412 -0.347755 -0.341439
v 0.918186 -0.663638 2.220262
v 0.854370 -0.663638 2.302782
v 0.526200 -0.148931 2.283837
v 0.599188 -0.138328 2.290180
v 0.601565 -0.281551 2.219713
v 0.505524 -0.216948 2.231190
v 0.591651 -0.327984 2.232543
v 0.499280 -0.266394 2.246441
v 0.680618 -0.354772 2.207897
v 0.667384 -0.501611 2.224618
v 0.781608 -0.355802 2.207897
v 0.644227 -0.552822 2.221790
v 0.500024 -0.663638 2.349153
v 0.499280 -0.552822 2.221790
v 0.386583 -0.663638 2.358830
v 0.386358 -0.552936 2.221790
v 0.792001 -0.113226 2.264327
v 0.668836 -0.113226 2.264327
v 0.660882 -0.085715 2.300622
v 0.467038 -0.426379 2.382576
v 0.477569 -0.403426 2.321958
v 0.484017 -0.673178 2.398130
v 0.407076 -0.673178 2.398130
v 0.424055 -0.426379 2.382576
v 0.413524 -0.403426 2.321958
v -0.478293 -0.576141 -2.422307
v -0.466474 -0.570700 -2.478463
v -0.467964 -0.542248 -2.494416
v -0.478293 -0.523515 -2.347560
v -0.425683 -0.576141 -2.422307
v -0.425683 -0.523515 -2.347559
v -0.435188 -0.542248 -2.494416
v -0.436677 -0.570700 -2.478464
v -0.458637 -0.653401 -2.494349
v -0.478293 -0.653401 -2.469095
v -0.451576 -0.695354 -2.473495
v -0.444516 -0.653401 -2.494416
v -0.425683 -0.653401 -2.469096
v -0.847000 -0.044553 -0.210572
v -0.831321 -0.022523 -0.201632
v -0.869623 0.004487 -0.207605
v -0.883024 -0.014341 -0.215246
v -0.827468 -0.009361 -0.176673
v -0.866330 0.015738 -0.186272
v -0.837700 -0.012775 -0.150315
v -0.875075 0.012820 -0.163744
v -0.856022 -0.030766 -0.137999
v -0.890735 -0.002558 -0.153217
v -0.871702 -0.052796 -0.146939
v -0.904137 -0.021386 -0.160858
v -0.875554 -0.065959 -0.171898
v -0.907429 -0.032637 -0.182191
v -0.865322 -0.062544 -0.198256
v -0.898684 -0.029718 -0.204719
v -0.113548 -0.163079 -2.356600
v -0.113548 -0.163079 -2.334328
v -0.142788 -0.208174 -2.334328
v -0.142788 -0.208174 -2.356600
v -0.050438 -0.208174 -2.334328
v -0.050438 -0.208174 -2.356600
v -0.050438 -0.163079 -2.356600
v -0.050438 -0.163079 -2.334328
v 0.117855 -0.208174 -2.356600
v 0.117855 -0.208174 -2.334328
v 0.142219 -0.163079 -2.334328
v 0.142219 -0.163079 -2.356600
v 0.046139 -0.163079 -2.334328
v 0.046617 -0.163079 -2.356600
v 0.047095 -0.208174 -2.356600
v 0.047095 -0.208174 -2.334328
v 0.046139 -0.138327 -2.356600
v 0.046139 -0.138327 -2.334328
v -0.050438 -0.138327 -2.334328
v -0.050438 -0.138327 -2.356600
v 0.047095 -0.230287 -2.356600
v 0.047095 -0.230287 -2.334328
v -0.050438 -0.230287 -2.356600
v -0.050438 -0.230287 -2.334328
v -0.692427 0.222777 -0.239812
v -0.581841 0.222777 -0.241423
v -0.199015 -0.523515 -2.347559
v -0.660769 -0.523515 -2.347559
v -0.222103 -0.653401 -2.469096
v -0.212765 -0.576141 -2.422307
v 0.238926 0.238396 1.021751
v 0.652506 0.171100 1.120042
v 0.539013 0.225239 0.985548
v 0.659110 0.214191 0.916796
v 0.712789 0.125861 1.109204
v 0.787875 0.017086 1.107111
v 0.591419 -0.012192 2.072547
v 0.653589 -0.008014 2.074222
v 0.647541 -0.038064 2.218120
v 0.556547 -0.060363 2.215736
v 0.591419 -0.012316 2.076186
v 0.787875 0.017086 1.107111
v -0.715464 -0.187546 1.107111
v 0.716287 -0.187546 1.107111
v 0.000412 0.203764 1.180712
v -0.786156 0.180031 0.543413
v -0.787748 0.180153 0.408142
v -0.722036 0.550933 0.408142
v -0.767998 0.233767 0.580148
v -0.703308 0.539535 0.603533
v 0.786979 0.180031 0.543413
v 0.768821 0.233767 0.580148
v 0.722860 0.550933 0.408142
v 0.788571 0.180153 0.408142
v 0.704131 0.539535 0.603533
v 0.724203 0.550933 0.380126
v 0.789795 0.180153 0.380126
v -0.788983 0.180153 0.380126
v -0.723578 0.550933 0.380126
v 0.739501 0.550933 0.077383
v 0.800260 0.180153 0.006725
v -0.799436 0.180153 0.006725
v -0.738678 0.550933 0.077383
v -0.613646 0.617323 0.756894
v -0.658286 0.214191 0.916797
v -0.723942 0.189998 0.796726
v -0.735879 0.241361 0.699344
v -0.671659 0.525658 0.721002
v -0.524442 0.660890 0.800422
v -0.538189 0.225239 0.985548
v 0.000000 0.682489 0.848295
v 0.000412 0.248764 1.037741
v -0.238103 0.238399 1.021645
v 0.724765 0.189998 0.796726
v 0.659110 0.214191 0.916796
v 0.614058 0.617323 0.756894
v 0.672071 0.525658 0.721002
v 0.736702 0.241361 0.699344
v 0.524853 0.660890 0.800422
v 0.539013 0.225239 0.985548
v 0.238926 0.238396 1.021751
v -0.717486 0.552867 -0.133977
v -0.736494 0.495429 -0.081813
v -0.780492 0.273339 -0.135765
v -0.774854 0.223311 -0.202568
v -0.692427 0.222777 -0.239812
v -0.665492 0.552868 -0.173310
v -0.581841 0.222777 -0.241423
v 0.000000 0.222777 -0.252438
v 0.000000 0.552868 -0.186170
v 0.781316 0.273339 -0.135765
v 0.737317 0.495429 -0.081813
v 0.717898 0.552867 -0.133977
v 0.775266 0.223311 -0.202568
v 0.665904 0.552868 -0.173310
v 0.692839 0.222777 -0.239812
v 0.582253 0.222777 -0.241419
v -0.786156 0.180031 0.543413
v -0.767998 0.233767 0.580148
v -0.735879 0.241361 0.699344
v -0.723942 0.189998 0.796726
v -0.703308 0.539535 0.603533
v -0.671659 0.525658 0.721002
v -0.675602 0.618132 0.614720
v -0.722036 0.550933 0.408142
v -0.697904 0.641314 0.411516
v -0.723578 0.550933 0.380126
v -0.738678 0.550933 0.077383
v -0.702491 0.651320 -0.101348
v -0.717486 0.552867 -0.133977
v -0.736494 0.495429 -0.081813
v -0.799436 0.180153 0.006725
v -0.780492 0.273339 -0.135765
v -0.774854 0.223311 -0.202568
v -0.624824 0.721336 -0.082365
v -0.636528 0.714810 0.425182
v -0.539883 0.741827 -0.077067
v -0.538098 0.750242 0.433605
v 0.000412 0.757511 -0.067017
v 0.000412 0.773845 0.437813
v 0.000412 0.746521 0.730793
v -0.519022 0.727002 0.699774
v -0.613375 0.686591 0.655238
v -0.613646 0.617323 0.756894
v -0.524442 0.660890 0.800422
v 0.000000 0.682489 0.848295
v -0.615386 0.583502 0.927410
v -0.519398 0.619907 1.015003
v 0.000412 0.651045 1.068011
v 0.786979 0.180031 0.543413
v 0.724765 0.189998 0.796726
v 0.736702 0.241361 0.699344
v 0.768821 0.233767 0.580148
v 0.672071 0.525658 0.721002
v 0.704131 0.539535 0.603533
v 0.676425 0.618132 0.614720
v 0.698727 0.641314 0.411516
v 0.722860 0.550933 0.408142
v 0.739501 0.550933 0.077383
v 0.724203 0.550933 0.380126
v 0.702902 0.651320 -0.101348
v 0.717898 0.552867 -0.133977
v 0.737317 0.495429 -0.081813
v 0.800260 0.180153 0.006725
v 0.781316 0.273339 -0.135765
v 0.775266 0.223311 -0.202568
v 0.651930 0.653678 -0.141675
v 0.540295 0.658543 -0.154922
v 0.665904 0.552868 -0.173310
v 0.625442 0.721336 -0.081400
v 0.540500 0.741827 -0.077067
v 0.000000 0.663409 -0.166083
v 0.637352 0.714810 0.425182
v 0.614198 0.686591 0.655238
v 0.614058 0.617323 0.756894
v 0.000000 0.552868 -0.186170
v -0.665492 0.552868 -0.173310
v -0.540295 0.658543 -0.154922
v -0.651930 0.653678 -0.141675
v 0.538922 0.750242 0.433605
v 0.519845 0.727002 0.699774
v 0.524853 0.660890 0.800422
v 0.615386 0.583502 0.927410
v 0.519398 0.619907 1.015003
v -0.000412 0.651045 1.068011
v -0.613646 0.557323 0.756894
v -0.658286 0.214191 0.916797
v -0.723942 0.189998 0.796726
v -0.735879 0.241361 0.699344
v -0.671659 0.465658 0.721002
v -0.524442 0.600890 0.800422
v -0.538189 0.225239 0.985548
v 0.000000 0.622489 0.848295
v 0.000412 0.248764 1.037741
v -0.238103 0.238399 1.021645
v 0.724765 0.189998 0.796726
v 0.659110 0.214191 0.916796
v 0.614058 0.557323 0.756894
v 0.672071 0.465658 0.721002
v 0.736702 0.241361 0.699344
v 0.524853 0.600890 0.800422
v 0.539013 0.225239 0.985548
v 0.238926 0.238396 1.021751
v -0.717486 0.492867 -0.133977
v -0.736494 0.435429 -0.081813
v -0.780492 0.273339 -0.135765
v -0.774854 0.223311 -0.202568
v -0.692427 0.222777 -0.239812
v -0.665492 0.492868 -0.173310
v -0.581841 0.222777 -0.241423
v 0.000000 0.222777 -0.252438
v 0.000000 0.492868 -0.186170
v 0.781316 0.273339 -0.135765
v 0.737317 0.435429 -0.081813
v 0.717898 0.492867 -0.133977
v 0.775266 0.223311 -0.202568
v 0.665904 0.492868 -0.173310
v 0.692839 0.222777 -0.239812
v 0.582253 0.222777 -0.241419
v -0.786156 0.180031 0.543413
v -0.767998 0.233767 0.580148
v -0.735879 0.241361 0.699344
v -0.723942 0.189998 0.796726
v -0.703308 0.479535 0.603533
v -0.671659 0.465658 0.721002
v -0.675602 0.558132 0.614720
v -0.722036 0.490933 0.408142
v -0.697904 0.581314 0.411516
v -0.723578 0.490933 0.380126
v -0.738678 0.490933 0.077383
v -0.702491 0.591320 -0.101348
v -0.717486 0.492867 -0.133977
v -0.736494 0.435429 -0.081813
v -0.799436 0.180153 0.006725
v -0.780492 0.273339 -0.135765
v -0.774854 0.223311 -0.202568
v -0.624824 0.661336 -0.082365
v -0.636528 0.654810 0.425182
v -0.539883 0.681827 -0.077067
v -0.538098 0.690242 0.433605
v 0.000412 0.697511 -0.067017
v 0.000412 0.713845 0.437813
v 0.000412 0.686521 0.730793
v -0.519022 0.667002 0.699774
v -0.613375 0.626591 0.655238
v -0.613646 0.557323 0.756894
v -0.524442 0.600890 0.800422
v 0.000000 0.622489 0.848295
v -0.615386 0.523502 0.927410
v -0.519398 0.559907 1.015003
v 0.000412 0.591045 1.068011
v 0.786979 0.180031 0.543413
v 0.724765 0.189998 0.796726
v 0.736702 0.241361 0.699344
v 0.768821 0.233767 0.580148
v 0.672071 0.465658 0.721002
v 0.704131 0.479535 0.603533
v 0.676425 0.558132 0.614720
v 0.698727 0.581314 0.411516
v 0.722860 0.490933 0.408142
v 0.739501 0.490933 0.077383
v 0.724203 0.490933 0.380126
v 0.702902 0.591320 -0.101348
v 0.717898 0.492867 -0.133977
v 0.737317 0.435429 -0.081813
v 0.800260 0.180153 0.006725
v 0.781316 0.273339 -0.135765
v 0.775266 0.223311 -0.202568
v 0.651930 0.593678 -0.141675
v 0.540295 0.598543 -0.154922
v 0.665904 0.492868 -0.173310
v 0.625442 0.661336 -0.081400
v 0.540500 0.681827 -0.077067
v 0.000000 0.603409 -0.166083
v 0.637352 0.654810 0.425182
v 0.614198 0.626591 0.655238
v 0.614058 0.557323 0.756894
v 0.000000 0.492868 -0.186170
v -0.665492 0.492868 -0.173310
v -0.540295 0.598543 -0.154922
v -0.651930 0.593678 -0.141675
v 0.538922 0.690242 0.433605
v 0.519845 0.667002 0.699774
v 0.524853 0.600890 0.800422
v 0.615386 0.523502 0.927410
v 0.519398 0.559907 1.015003
v -0.000412 0.591045 1.068011
v -0.786156 0.180031 0.543413
v -0.787748 0.180153 0.408142
v -0.722036 0.490933 0.408142
v -0.767998 0.233767 0.580148
v -0.703308 0.479535 0.603533
v 0.786979 0.180031 0.543413
v 0.768821 0.233767 0.580148
v 0.722860 0.490933 0.408142
v 0.788571 0.180153 0.408142
v 0.704131 0.479535 0.603533
v 0.724203 0.490933 0.380126
v 0.789795 0.180153 0.380126
v -0.788983 0.180153 0.380126
v -0.723578 0.490933 0.380126
v 0.739501 0.490933 0.077383
v 0.800260 0.180153 0.006725
v -0.799436 0.180153 0.006725
v -0.738678 0.490933 0.077383
v -0.723942 0.189998 0.796726
v -0.538189 0.225238 0.880173
v -0.658286 0.214191 0.916797
v -0.538189 0.225239 0.985548
v 0.539013 0.225239 0.985548
v 0.238926 0.238396 1.021751
v 0.539013 0.225238 0.880173
v 0.659110 0.214191 0.916796
v 0.724765 0.189998 0.796726
v -0.238103 0.238399 1.021645
v 0.000412 0.225238 0.880173
v 0.000412 0.248764 1.037741
v 0.724765 -0.644712 1.064402
v -0.723942 -0.644712 1.064402
v -0.723942 -0.644712 0.498184
v -0.552436 -0.644712 0.498184
v 0.553259 -0.644712 0.498184
v 0.724765 -0.644712 0.498184
v 0.580901 -0.221829 -0.000468
v 0.553259 -0.172500 0.547082
v -0.552436 -0.172500 0.547082
v -0.580078 -0.221829 -0.000468
v 0.582253 0.288279 -0.095058
v -0.581430 0.288279 -0.095058
v 0.582253 0.288279 -0.202568
v -0.581430 0.288279 -0.202568
v 0.000000 0.222777 -0.252438
v 0.786979 0.180031 0.543413
v 0.582253 -0.644712 -0.202568
v 0.788571 0.180153 0.408142
v 0.775266 0.223311 -0.202568
v 0.724765 -0.644712 -0.202568
v 0.692839 0.222777 -0.239812
v 0.800260 0.180153 0.006725
v 0.789795 0.180153 0.380126
v -0.786156 0.180031 0.543413
v -0.723942 -0.644712 -0.202568
v -0.581430 -0.644712 -0.202568
v -0.787748 0.180153 0.408142
v -0.692427 0.222777 -0.239812
v -0.774854 0.223311 -0.202568
v -0.799436 0.180153 0.006725
v -0.788983 0.180153 0.380126
v 0.582253 0.222777 -0.241419
v -0.581841 0.222777 -0.241423
v 0.539013 0.225238 0.880173
v 0.000412 0.225238 0.880173
v 0.724765 -0.644712 1.064402
v -0.538189 0.225238 0.880173
v -0.723942 -0.644712 1.064402
v -0.723942 0.189998 0.796726
v 0.724765 0.189998 0.796726
v 0.916445 0.320044 0.574972
v 0.921101 0.253458 0.574972
v 0.861107 0.282719 0.633002
v 0.856451 0.349305 0.574972
v 0.801114 0.311980 0.574972
v 0.805770 0.245393 0.574972
v 0.865764 0.216133 0.574972
v 0.763698 0.140514 0.752940
v 0.831323 0.223663 0.709529
v 0.813313 0.223312 0.705254
v 0.748617 0.146170 0.743810
v 0.820511 0.238072 0.713803
v 0.749957 0.148916 0.762070
v 0.871093 0.277029 0.625636
v 0.852625 0.275737 0.625636
v 0.860741 0.292377 0.625636
v -0.856542 0.282719 0.633002
v -0.916536 0.253458 0.574972
v -0.911880 0.320044 0.574972
v -0.851886 0.349305 0.574972
v -0.796549 0.311980 0.574972
v -0.801205 0.245393 0.574972
v -0.861198 0.216133 0.574972
v -0.759133 0.140514 0.752940
v -0.744052 0.146170 0.743810
v -0.808747 0.223312 0.705254
v -0.826757 0.223663 0.709529
v -0.745392 0.148916 0.762070
v -0.815946 0.238072 0.713803
v -0.848060 0.275737 0.625636
v -0.866528 0.277029 0.625636
v -0.856175 0.292377 0.625636
v -0.727827 0.134564 -1.436438
v -0.727827 0.134564 -1.510948
v -0.789805 0.134564 -1.510948
v -0.789805 0.134564 -1.436438
v -0.455083 0.797286 -0.456775
v -0.509067 0.797286 -0.456775
v -0.519444 0.860810 -0.554185
v -0.465461 0.860810 -0.554184
v -0.594078 0.738660 -1.309701
v -0.646168 0.738660 -1.309702
v -0.590833 0.795332 -1.181848
v -0.538743 0.795332 -1.181848
v -0.646168 0.787132 -1.373913
v -0.592900 0.860368 -1.205770
v -0.594078 0.787132 -1.373913
v -0.540811 0.860368 -1.205770
v 0.727827 0.134564 -1.436438
v 0.789805 0.134564 -1.436438
v 0.789805 0.134564 -1.510948
v 0.727827 0.134564 -1.510948
v 0.455083 0.797286 -0.456775
v 0.465461 0.860810 -0.554184
v 0.519444 0.860810 -0.554185
v 0.509067 0.797286 -0.456775
v 0.594078 0.738660 -1.309701
v 0.538743 0.795332 -1.181848
v 0.590833 0.795332 -1.181848
v 0.646168 0.738660 -1.309702
v 0.592900 0.860368 -1.205770
v 0.646168 0.787132 -1.373913
v 0.540811 0.860368 -1.205770
v 0.594078 0.787132 -1.373913
v -0.003234 -0.092018 0.390582
v 0.132463 -0.093880 0.603928
v 0.125403 -0.049601 0.639447
v 0.089846 -0.043286 1.022455
v 0.132463 -0.108468 1.057135
v -0.096314 -0.043286 1.022455
v -0.138930 -0.108468 1.057135
v -0.131870 -0.039534 0.639535
v -0.138930 -0.093880 0.603928
v 0.143367 -0.025489 1.072768
v -0.149835 -0.025489 1.072768
v 0.116615 0.040809 1.073347
v 0.116615 0.013139 0.648422
v -0.003234 0.060942 1.073523
v -0.123083 0.040809 1.073347
v -0.123083 0.013139 0.648422
v -0.003234 0.064863 0.618197
v -0.003234 0.085587 0.846058
v -0.063158 0.008456 0.486260
v -0.003234 0.002779 0.438052
v 0.056691 0.008456 0.486260
v -0.003234 -0.054766 0.410068
v -0.005625 -0.103244 0.960910
v -0.163245 -0.106957 0.897731
v -0.139747 -0.016958 0.876950
v -0.005625 -0.017428 0.930711
v -0.163245 -0.091877 0.390480
v -0.139747 -0.013081 0.432642
v 0.151995 -0.091877 0.390480
v 0.128497 -0.013081 0.432642
v 0.151995 -0.106957 0.897731
v 0.128497 -0.016958 0.876951
v -0.005625 -0.016925 1.093487
v -0.139747 -0.016925 1.093487
v -0.139747 0.040330 1.093986
v -0.005625 0.040330 1.093986
v -0.139747 0.044175 0.433141
v -0.139747 0.040297 0.877450
v 0.128497 0.044175 0.433142
v 0.128497 0.040297 0.877450
v 0.128497 -0.016925 1.093487
v 0.128497 0.040330 1.093986
v -0.005625 0.040913 0.806898
v -0.005625 0.039828 0.931211
v -0.127150 -0.616633 -1.539598
v -0.035187 -0.622516 -1.373941
v -0.067166 -0.690574 -1.550641
v -0.127150 -0.594363 -1.538821
v -0.035187 -0.600148 -1.373160
v -0.067166 -0.631358 -1.605499
v -0.067166 -0.592083 -1.604128
v 0.038329 -0.622516 -1.373941
v 0.070309 -0.690574 -1.550641
v 0.038329 -0.600148 -1.373160
v 0.070309 -0.631358 -1.605499
v 0.070309 -0.592083 -1.604128
v 0.130293 -0.616633 -1.539598
v 0.130293 -0.594363 -1.538821
v -0.109775 -0.108070 0.077136
v -0.109775 -0.108070 -0.139004
v -0.325915 -0.108070 -0.139004
v -0.325915 -0.108070 0.077136
v -0.109775 0.108070 0.077136
v -0.325915 0.108070 0.077136
v -0.325915 0.108070 -0.139004
v -0.109775 0.108070 -0.139004
v 0.115600 -0.108070 0.077136
v 0.331740 -0.108070 0.077136
v 0.331740 -0.108070 -0.139004
v 0.115600 -0.108070 -0.139004
v 0.115600 0.108070 0.077136
v 0.115600 0.108070 -0.139004
v 0.331740 0.108070 -0.139004
v 0.331740 0.108070 0.077136
v -0.109775 -0.108070 0.204347
v -0.109775 -0.108070 -0.011793
v -0.325915 -0.108070 -0.011793
v -0.325915 -0.108070 0.204347
v -0.109775 0.108070 0.204347
v -0.325915 0.108070 0.204347
v -0.325915 0.108070 -0.011793
v -0.109775 0.108070 -0.011793
v 0.115600 -0.108070 0.204347
v 0.331740 -0.108070 0.204347
v 0.331740 -0.108070 -0.011793
v 0.115600 -0.108070 -0.011793
v 0.115600 0.108070 0.204347
v 0.115600 0.108070 -0.011793
v 0.331740 0.108070 -0.011793
v 0.331740 0.108070 0.204347
v -0.135088 -0.135088 -0.135088
v -0.135088 0.135088 -0.135088
v -0.135088 0.135088 0.135088
v -0.135088 -0.135088 0.135088
v 0.135088 -0.135088 -0.135088
v 0.135088 -0.135088 0.135088
v 0.135088 0.135088 0.135088
v 0.135088 0.135088 -0.135088
v 0.032350 -0.026807 0.032593
v 0.032350 -0.026807 -0.032249
v -0.032492 -0.026807 -0.032249
v -0.032492 -0.026807 0.032593
v 0.032350 0.038035 0.032593
v -0.032492 0.038035 0.032593
v -0.032492 0.038035 -0.032249
v 0.032350 0.038035 -0.032249
v 0.032350 -0.026807 0.032593
v 0.032350 -0.026807 -0.032249
v -0.032492 -0.026807 -0.032249
v -0.032492 -0.026807 0.032593
v 0.032350 0.038035 0.032593
v -0.032492 0.038035 0.032593
v -0.032492 0.038035 -0.032249
v 0.032350 0.038035 -0.032249
v 0.108070 -0.108070 0.108070
v 0.108070 -0.108070 -0.108070
v -0.108070 -0.108070 -0.108070
v -0.108070 -0.108070 0.108070
v 0.108070 0.108070 0.108070
v -0.108070 0.108070 0.108070
v -0.108070 0.108070 -0.108070
v 0.108070 0.108070 -0.108070
v -0.108070 -0.108070 0.108070
v -0.108070 -0.108070 -0.108070
v 0.108070 -0.108070 -0.108070
v 0.108070 -0.108070 0.108070
v -0.108070 0.108070 0.108070
v 0.108070 0.108070 0.108070
v 0.108070 0.108070 -0.108070
v -0.108070 0.108070 -0.108070
v 0.108070 -0.108070 0.108070
v 0.108070 -0.108070 -0.108070
v -0.108070 -0.108070 -0.108070
v -0.108070 -0.108070 0.108070
v 0.108070 0.108070 0.108070
v -0.108070 0.108070 0.108070
v -0.108070 0.108070 -0.108070
v 0.108070 0.108070 -0.108070
v -0.108070 -0.108070 0.108070
v 0.108070 -0.108070 0.108070
v 0.108070 -0.108070 -0.108070
v -0.108070 -0.108070 -0.108070
v -0.108070 0.108070 0.108070
v -0.108070 0.108070 -0.108070
v 0.108070 0.108070 -0.108070
v 0.108070 0.108070 0.108070
v 0.027018 0.000000 0.027018
v 0.027018 0.000000 -0.027018
v -0.027018 0.000000 -0.027018
v -0.027018 0.000000 0.027018
v 0.027018 0.054035 0.027018
v -0.027018 0.054035 0.027018
v -0.027018 0.054035 -0.027018
v 0.027018 0.054035 -0.027018
v 0.100000 -0.100000 0.000000
v 0.100000 0.100000 -0.000000
v -0.100000 0.100000 -0.000000
v -0.100000 -0.100000 0.000000
v 0.100000 -0.100000 0.200000
v -0.100000 -0.100000 0.200000
v -0.100000 0.100000 0.200000
v 0.100000 0.100000 0.200000
v 0.027018 -0.034433 0.027017
v 0.027017 -0.034433 -0.027018
v -0.027018 -0.034433 -0.027018
v -0.027018 -0.034433 0.027017
v 0.027018 0.019602 0.027017
v -0.027018 0.019602 0.027017
v -0.027018 0.019602 -0.027018
v 0.027017 0.019602 -0.027018
v 0.027018 -0.036588 0.027018
v 0.027017 -0.036588 -0.027018
v -0.027018 -0.036588 -0.027018
v -0.027018 -0.036588 0.027017
v 0.027018 0.017447 0.027018
v -0.027018 0.017447 0.027018
v -0.027018 0.017447 -0.027018
v 0.027017 0.017447 -0.027018
v 0.027018 -0.036588 0.027018
v 0.027018 -0.036588 -0.027017
v -0.027018 -0.036588 -0.027017
v -0.027018 -0.036588 0.027018
v 0.027018 0.017447 0.027018
v -0.027018 0.017447 0.027018
v -0.027018 0.017447 -0.027017
v 0.027018 0.017447 -0.027017
v 0.108070 -0.108070 0.108070
v 0.108070 0.108070 0.108070
v 0.108070 0.108070 -0.108070
v 0.108070 -0.108070 -0.108070
v -0.108070 -0.108070 0.108070
v -0.108070 -0.108070 -0.108070
v -0.108070 0.108070 -0.108070
v -0.108070 0.108070 0.108070
v -0.054035 -0.054035 0.054035
v -0.054035 0.054035 0.054035
v 0.054035 0.054035 0.054035
v 0.054035 -0.054035 0.054035
v -0.054035 -0.054035 -0.054035
v 0.054035 -0.054035 -0.054035
v 0.054035 0.054035 -0.054035
v -0.054035 0.054035 -0.054035
v -0.054035 -0.054035 0.054035
v -0.054035 0.054035 0.054035
v 0.054035 0.054035 0.054035
v 0.054035 -0.054035 0.054035
v -0.054035 -0.054035 -0.054035
v 0.054035 -0.054035 -0.054035
v 0.054035 0.054035 -0.054035
v -0.054035 0.054035 -0.054035
v 0.891957 -0.741239 -1.824584
v 0.890417 -0.777055 -0.899791
v 0.927344 -0.568391 -0.956594
v 0.942054 -0.476349 -0.989393
v 0.945863 -0.389574 -1.463850
v 0.943671 -0.425749 -1.052958
v 0.946777 -0.394611 -1.159262
v 0.944219 -0.416362 -1.568346
v 0.937681 -0.480623 -1.642469
v 0.474589 -0.741239 -1.824584
v 0.474589 -0.777055 -0.899791
v 0.474589 -0.765754 1.029137
v 0.474589 -0.663762 2.037977
v 0.874918 -0.663762 2.037977
v 0.901549 -0.765754 1.029136
v 0.915748 -0.423002 1.971146
v 0.943888 -0.421628 1.319982
v 0.927915 -0.341721 1.888837
v 0.940570 -0.359580 1.389017
v 0.936002 -0.307835 1.759216
v 0.942206 -0.313102 1.487347
v -0.891134 -0.741239 -1.824584
v -0.926521 -0.568391 -0.956594
v -0.889594 -0.777055 -0.899791
v -0.941231 -0.476349 -0.989393
v -0.945039 -0.389574 -1.463850
v -0.942847 -0.425749 -1.052958
v -0.945954 -0.394611 -1.159262
v -0.943396 -0.416362 -1.568346
v -0.936857 -0.480623 -1.642469
v -0.473766 -0.777055 -0.899791
v -0.473766 -0.741239 -1.824584
v -0.873272 -0.663762 2.037977
v -0.473766 -0.663762 2.037977
v -0.473766 -0.765754 1.029137
v -0.901549 -0.765754 1.029136
v -0.914925 -0.423002 1.971146
v -0.943888 -0.421628 1.319982
v -0.927092 -0.341721 1.888837
v -0.940570 -0.359580 1.389017
v -0.935179 -0.307835 1.759216
v -0.942206 -0.313102 1.487347
v 0.901549 -0.765754 1.029136
v 0.474589 -0.765754 1.029137
v 0.474589 -0.312129 1.278592
v 0.943888 -0.421628 1.319982
v 0.474589 -0.389698 -0.899791
v 0.890417 -0.777055 -0.899791
v 0.927344 -0.568391 -0.956594
v 0.474589 -0.777055 -0.899791
v 0.942054 -0.476349 -0.989393
v 0.943671 -0.425749 -1.052958
v 0.946777 -0.394611 -1.159262
v 0.945863 -0.389574 -1.463850
v 0.474589 -0.389698 -1.820703
v 0.944219 -0.416362 -1.568346
v 0.937681 -0.480623 -1.642469
v 0.891957 -0.741239 -1.824584
v 0.474589 -0.741239 -1.824584
v 0.940570 -0.359580 1.389017
v 0.942206 -0.313102 1.487347
v 0.474589 -0.312129 1.975360
v 0.936002 -0.307835 1.759216
v 0.927915 -0.341721 1.888837
v 0.915748 -0.423002 1.971146
v 0.474589 -0.663762 2.037977
v 0.874095 -0.663762 2.037977
v -0.900704 -0.765754 1.029136
v -0.943043 -0.421628 1.319982
v -0.473744 -0.312129 1.278592
v -0.473744 -0.765754 1.029137
v -0.473744 -0.389698 -0.899791
v -0.926499 -0.568391 -0.956594
v -0.889572 -0.777055 -0.899791
v -0.473744 -0.777055 -0.899791
v -0.941209 -0.476349 -0.989393
v -0.942826 -0.425749 -1.052958
v -0.945933 -0.394611 -1.159262
v -0.945018 -0.389574 -1.463850
v -0.473744 -0.389698 -1.820703
v -0.943374 -0.416362 -1.568346
v -0.936836 -0.480623 -1.642469
v -0.891112 -0.741239 -1.824584
v -0.473744 -0.741239 -1.824584
v -0.939725 -0.359580 1.389017
v -0.941361 -0.313102 1.487347
v -0.935157 -0.307835 1.759216
v -0.473744 -0.312129 1.975360
v -0.927070 -0.341721 1.888837
v -0.914903 -0.423002 1.971146
v -0.873250 -0.663762 2.037977
v -0.473744 -0.663762 2.037977
v -0.727827 0.134564 -1.436438
v -0.727827 0.134564 -1.510948
v -0.789805 0.134564 -1.510948
v -0.789805 0.134564 -1.436438
v -0.455083 0.737286 -0.456775
v -0.509067 0.737286 -0.456775
v -0.519444 0.800810 -0.554184
v -0.465461 0.800810 -0.554184
v -0.594078 0.678660 -1.309701
v -0.646168 0.678660 -1.309702
v -0.590833 0.735332 -1.181848
v -0.538743 0.735332 -1.181848
v -0.646168 0.727132 -1.373913
v -0.592900 0.800368 -1.205770
v -0.594078 0.727132 -1.373913
v -0.540811 0.800368 -1.205770
v 0.727827 0.134564 -1.436438
v 0.789805 0.134564 -1.436438
v 0.789805 0.134564 -1.510948
v 0.727827 0.134564 -1.510948
v 0.455083 0.737286 -0.456775
v 0.465461 0.800810 -0.554184
v 0.519444 0.800810 -0.554185
v 0.509067 0.737286 -0.456775
v 0.594078 0.678660 -1.309701
v 0.538743 0.735332 -1.181848
v 0.590833 0.735332 -1.181848
v 0.646168 0.678660 -1.309702
v 0.592900 0.800368 -1.205770
v 0.646168 0.727132 -1.373913
v 0.540811 0.800368 -1.205770
v 0.594078 0.727132 -1.373913
v 0.214144 0.371719 -0.099964
v -0.247196 0.371719 -0.099964
v -0.247196 -0.005761 -0.369218
v 0.214144 -0.005761 -0.369218
v -0.135088 -0.135088 -0.135088
v -0.135088 0.135088 -0.135088
v -0.135088 0.135088 0.135088
v -0.135088 -0.135088 0.135088
v 0.135088 -0.135088 -0.135088
v 0.135088 -0.135088 0.135088
v 0.135088 0.135088 0.135088
v 0.135088 0.135088 -0.135088
v -0.135088 -0.135088 -0.135088
v -0.135088 0.135088 -0.135088
v -0.135088 0.135088 0.135088
v -0.135088 -0.135088 0.135088
v 0.135088 -0.135088 -0.135088
v 0.135088 -0.135088 0.135088
v 0.135088 0.135088 0.135088
v 0.135088 0.135088 -0.135088

# Normals
vn 0.000430 0.453290 0.891363
vn 0.000236 0.234086 0.972216
vn -0.233012 0.219234 0.947440
vn -0.591145 0.364302 0.719605
vn -0.268534 0.191179 0.944108
vn -0.637787 0.319241 0.700937
vn -0.693033 0.218019 0.687148
vn -0.289685 0.135174 0.947529
vn -0.317646 0.117353 0.940919
vn -0.253631 0.124185 0.959296
vn -0.281183 0.086090 0.955785
vn -0.231971 0.176720 0.956535
vn -0.212893 0.203847 0.955575
vn 0.000226 0.216584 0.976264
vn 0.000220 0.176701 0.984265
vn -0.194817 0.171372 0.965753
vn -0.200747 0.116185 0.972729
vn -0.259058 0.040226 0.965024
vn 0.000209 0.041393 0.999143
vn 0.000214 0.014624 0.999893
vn -0.256163 0.006883 0.966609
vn 0.092782 0.105792 0.990050
vn 0.103058 0.120174 0.987389
vn 0.159112 0.107315 0.981411
vn 0.000216 0.120145 0.992756
vn 0.000211 0.105744 0.994393
vn 0.058297 0.065512 0.996147
vn 0.000209 0.065425 0.997857
vn 0.061643 0.060059 0.996290
vn 0.000211 0.060084 0.998193
vn 0.095809 0.099690 0.990395
vn -0.158694 0.107334 0.981476
vn -0.102630 0.120180 0.987433
vn -0.061223 0.060061 0.996315
vn -0.092364 0.105796 0.990089
vn -0.057879 0.065514 0.996172
vn -0.095386 0.099694 0.990436
vn 0.259437 0.040222 0.964922
vn 0.256553 0.006883 0.966506
vn 0.195238 0.171357 0.965670
vn 0.201159 0.116175 0.972645
vn 0.591630 0.364141 0.719288
vn 0.233455 0.219210 0.947336
vn 0.638224 0.319091 0.700608
vn 0.268960 0.191155 0.943991
vn 0.693410 0.217910 0.686803
vn 0.290096 0.135157 0.947405
vn 0.318044 0.117337 0.940787
vn 0.281566 0.086080 0.955673
vn 0.254037 0.124171 0.959191
vn 0.232390 0.176702 0.956437
vn 0.213324 0.203828 0.955483
vn -0.591145 0.364302 0.719606
vn -0.233012 0.219234 0.947440
vn -0.268534 0.191179 0.944108
vn -0.637787 0.319241 0.700938
vn -0.693033 0.218019 0.687148
vn -0.289684 0.135174 0.947529
vn -0.317646 0.117353 0.940920
vn -0.253631 0.124185 0.959296
vn -0.281183 0.086090 0.955785
vn -0.231971 0.176720 0.956535
vn -0.212892 0.203847 0.955575
vn 0.000236 0.234086 0.972216
vn 0.000226 0.216584 0.976264
vn 0.000220 0.176701 0.984265
vn -0.194817 0.171372 0.965753
vn -0.200747 0.116185 0.972729
vn -0.244506 0.035750 0.968989
vn 0.000196 0.036657 0.999328
vn 0.000201 0.011404 0.999935
vn -0.241336 0.004208 0.970433
vn 0.092782 0.105792 0.990050
vn 0.103058 0.120174 0.987389
vn 0.159112 0.107315 0.981411
vn 0.000216 0.120144 0.992756
vn 0.000211 0.105744 0.994393
vn 0.058297 0.065512 0.996147
vn 0.000209 0.065425 0.997857
vn 0.061643 0.060059 0.996290
vn 0.000211 0.060084 0.998193
vn 0.095809 0.099690 0.990395
vn -0.158694 0.107334 0.981476
vn -0.102630 0.120180 0.987433
vn -0.061223 0.060061 0.996315
vn -0.092363 0.105796 0.990089
vn -0.057879 0.065514 0.996172
vn -0.095386 0.099694 0.990436
vn 0.244866 0.035747 0.968898
vn 0.241706 0.004208 0.970340
vn 0.195238 0.171357 0.965670
vn 0.201159 0.116175 0.972645
vn 0.591630 0.364141 0.719288
vn 0.638224 0.319091 0.700608
vn 0.268960 0.191155 0.943992
vn 0.233455 0.219210 0.947336
vn 0.693410 0.217910 0.686803
vn 0.290096 0.135157 0.947405
vn 0.318044 0.117337 0.940787
vn 0.254037 0.124171 0.959191
vn 0.281566 0.086080 0.955673
vn 0.232390 0.176702 0.956437
vn 0.213324 0.203828 0.955483
vn 0.000267 0.269722 0.962938
vn 0.097406 0.263266 0.959793
vn 0.139309 0.391354 0.909634
vn 0.000430 0.453290 0.891363
vn 0.000384 0.401337 0.915930
vn -0.096864 0.263281 0.959844
vn -0.138542 0.391398 0.909733
vn -0.681937 -0.138289 0.718219
vn -0.714034 -0.424403 0.556810
vn -0.757674 0.074262 0.648395
vn -0.875969 0.084461 0.474916
vn -0.798611 -0.469873 -0.376084
vn -0.907915 0.088041 -0.409804
vn -0.897887 0.156722 -0.411385
vn -0.863260 0.151694 0.481426
vn -0.746322 0.132838 0.652194
vn -0.717282 0.195729 0.668728
vn -0.840861 0.227838 0.490962
vn -0.871809 0.258322 -0.416196
vn -0.826323 0.253863 0.502737
vn -0.883097 0.460231 0.091252
vn -0.861141 0.449564 0.237336
vn -0.791841 0.358744 0.494258
vn -0.754066 0.437876 0.489539
vn -0.885500 0.460761 0.059913
vn -0.790214 0.255966 -0.556815
vn -0.743401 0.435281 -0.507825
vn -0.838013 0.430349 -0.335461
vn -0.831485 0.146108 -0.535989
vn -0.842360 0.071847 -0.534104
vn -0.743796 -0.460880 -0.484104
vn -0.613583 0.196124 0.764887
vn -0.658545 0.137501 0.739873
vn -0.673051 0.065748 0.736668
vn -0.606987 -0.372718 0.701889
vn -0.619247 0.162186 -0.768263
vn -0.632557 0.115922 -0.765789
vn -0.632141 0.066414 -0.772002
vn -0.915121 -0.239140 0.324602
vn -0.789527 -0.485177 0.375833
vn -0.880554 -0.321235 0.348472
vn -0.942758 -0.195345 0.270273
vn -0.971197 -0.168607 0.168371
vn -0.975665 -0.164347 -0.145149
vn -0.950720 -0.187420 -0.246992
vn -0.667102 -0.153710 -0.728937
vn -0.917687 -0.245117 -0.312680
vn -0.779654 -0.446945 -0.438611
vn -0.637475 -0.312131 -0.704415
vn -0.619112 -0.351863 -0.702063
vn -0.754203 0.236975 -0.612389
vn -0.718859 0.264297 -0.642954
vn -0.537883 0.231357 0.810651
vn 0.000430 0.453188 0.891415
vn -0.591169 0.364205 0.719635
vn -0.273242 0.537966 0.797453
vn -0.557697 0.472140 0.682685
vn -0.665257 0.449285 0.596302
vn -0.637809 0.319141 0.700962
vn -0.693050 0.217915 0.687164
vn -0.347470 0.118370 0.930190
vn -0.317648 0.117288 0.940927
vn -0.414628 0.120495 0.901978
vn -0.455657 0.083354 0.886244
vn -0.466190 0.047260 0.883421
vn -0.659859 -0.090716 0.745893
vn -0.628981 -0.055266 0.775453
vn -0.546101 -0.045227 0.836497
vn -0.509419 -0.061177 0.858341
vn -0.437678 0.044716 0.898019
vn -0.435597 -0.025313 0.899786
vn -0.483671 -0.101826 0.869306
vn -0.428418 0.069313 0.900918
vn -0.413404 0.043213 0.909522
vn -0.394389 0.094907 0.914030
vn -0.375034 0.068785 0.924456
vn -0.322052 0.095772 0.941865
vn -0.316372 0.069342 0.946098
vn -0.281184 0.086028 0.955790
vn -0.291224 0.044805 0.955605
vn -0.259059 0.040165 0.965026
vn -0.412874 -0.024609 0.910456
vn -0.436280 -0.214926 0.873766
vn -0.429131 -0.173937 0.886337
vn -0.399750 -0.155653 0.903312
vn -0.443408 -0.220049 0.868889
vn -0.427042 -0.201683 0.881453
vn -0.388740 -0.197321 0.899970
vn -0.388579 -0.229049 0.892493
vn -0.418994 -0.234110 0.877289
vn -0.302387 -0.025754 0.952837
vn -0.256163 0.006821 0.966610
vn -0.251279 -0.018152 0.967745
vn -0.295759 -0.048856 0.954013
vn -0.328399 -0.133626 0.935039
vn -0.339205 -0.062066 0.938663
vn -0.382623 -0.061460 0.921858
vn -0.317401 -0.159062 0.934856
vn -0.234622 -0.203626 0.950521
vn -0.251004 -0.162366 0.954272
vn -0.220211 -0.092575 0.971049
vn -0.231580 -0.084054 0.969178
vn -0.222404 -0.203808 0.953414
vn -0.233084 -0.236307 0.943308
vn -0.200767 -0.092972 0.975217
vn -0.188360 -0.205301 0.960402
vn -0.201831 -0.084625 0.975758
vn -0.187737 -0.238679 0.952779
vn 0.000215 0.014651 0.999893
vn 0.000213 -0.008317 0.999965
vn -0.182542 -0.205015 0.961586
vn -0.196643 -0.164518 0.966574
vn 0.000200 -0.243000 0.970026
vn 0.000198 -0.208519 0.978018
vn -0.593625 -0.284403 -0.752811
vn -0.612680 -0.144668 -0.776977
vn -0.610240 -0.057405 -0.790134
vn -0.573938 -0.141943 -0.806503
vn -0.547770 -0.274872 -0.790186
vn -0.609062 0.064537 -0.790493
vn -0.596812 -0.042190 -0.801271
vn -0.603272 0.110375 -0.789861
vn -0.580820 0.134786 -0.802796
vn -0.573782 -0.059346 -0.816855
vn -0.568307 -0.043265 -0.821678
vn -0.576879 0.113182 -0.808950
vn -0.599800 0.119759 -0.791137
vn 0.000214 -0.167794 0.985822
vn -0.325407 0.057072 0.943850
vn -0.377440 0.055892 0.924346
vn -0.570599 0.066824 -0.818506
vn -0.586935 0.069395 -0.806655
vn -0.552820 0.203377 -0.808101
vn -0.577002 0.143638 -0.804013
vn -0.536099 0.188404 -0.822862
vn 0.000396 0.223013 -0.974815
vn 0.000414 0.243882 -0.969805
vn 0.000441 -0.125622 -0.992078
vn -0.558159 -0.104233 -0.823161
vn -0.547801 -0.066501 0.833962
vn -0.601342 0.148835 -0.785007
vn -0.602113 -0.063346 -0.795894
vn -0.576235 -0.149602 -0.803475
vn -0.591332 -0.157987 -0.790801
vn -0.564836 -0.247639 -0.787169
vn -0.583719 -0.223393 -0.780620
vn -0.551698 -0.288853 -0.782428
vn -0.554850 -0.311793 -0.771314
vn -0.570511 -0.330582 -0.751819
vn -0.601781 0.071491 -0.795455
vn 0.757957 0.074225 0.648068
vn 0.714354 -0.424205 0.556550
vn 0.682256 -0.138232 0.717927
vn 0.876144 0.084405 0.474602
vn 0.908053 0.087978 -0.409512
vn 0.798873 -0.469602 -0.375867
vn 0.863455 0.151594 0.481108
vn 0.898040 0.156611 -0.411094
vn 0.746618 0.132772 0.651868
vn 0.717617 0.195632 0.668397
vn 0.841096 0.227684 0.490630
vn 0.872010 0.258134 -0.415892
vn 0.826590 0.253686 0.502386
vn 0.883300 0.459856 0.091177
vn 0.861374 0.449215 0.237152
vn 0.792157 0.358503 0.493925
vn 0.754436 0.437593 0.489223
vn 0.885697 0.460389 0.059865
vn 0.838269 0.430038 -0.335218
vn 0.743577 0.435153 -0.507676
vn 0.790438 0.255845 -0.556553
vn 0.831722 0.146015 -0.535648
vn 0.842582 0.071801 -0.533760
vn 0.744105 -0.460643 -0.483855
vn 0.613963 0.196051 0.764600
vn 0.658879 0.137447 0.739585
vn 0.673373 0.065722 0.736376
vn 0.607341 -0.372591 0.701651
vn 0.619627 0.162124 -0.767970
vn 0.632919 0.115878 -0.765497
vn 0.632497 0.066389 -0.771712
vn 0.880729 -0.321014 0.348232
vn 0.789802 -0.484897 0.375616
vn 0.915250 -0.238965 0.324364
vn 0.942849 -0.195193 0.270064
vn 0.971245 -0.168469 0.168233
vn 0.975706 -0.164210 -0.145029
vn 0.950800 -0.187272 -0.246797
vn 0.917814 -0.244935 -0.312449
vn 0.667445 -0.153647 -0.728636
vn 0.779936 -0.446695 -0.438365
vn 0.637830 -0.312012 -0.704146
vn 0.690643 0.451727 -0.564760
vn 0.754479 0.236860 -0.612094
vn 0.719183 0.264169 -0.642643
vn 0.625254 0.486630 -0.610122
vn 0.455990 0.083338 0.886075
vn 0.414980 0.120473 0.901819
vn 0.466521 0.047250 0.883247
vn 0.660185 -0.090681 0.745609
vn 0.629314 -0.055247 0.775185
vn 0.546438 -0.045215 0.836278
vn 0.509754 -0.061163 0.858143
vn 0.435927 -0.025308 0.899626
vn 0.438001 0.044708 0.897862
vn 0.484004 -0.101804 0.869123
vn 0.428744 0.069301 0.900764
vn 0.413724 0.043206 0.909376
vn 0.375366 0.068775 0.924322
vn 0.394729 0.094892 0.913885
vn 0.413202 -0.024605 0.910307
vn 0.400083 -0.155628 0.903168
vn 0.429458 -0.173907 0.886184
vn 0.436611 -0.214887 0.873610
vn 0.443744 -0.220008 0.868728
vn 0.613044 -0.144617 -0.776700
vn 0.593989 -0.284308 -0.752559
vn 0.610603 -0.057384 -0.789855
vn 0.574320 -0.141897 -0.806239
vn 0.548151 -0.274790 -0.789950
vn 0.609425 0.064515 -0.790215
vn 0.597180 -0.042176 -0.800998
vn 0.603640 0.110337 -0.789585
vn 0.581203 0.134741 -0.802526
vn 0.577275 0.113143 -0.808673
vn 0.571001 0.066801 -0.818227
vn 0.568705 -0.043250 -0.821404
vn 0.574184 -0.059326 -0.816574
vn 0.600198 0.119715 -0.790842
vn 0.587341 0.069369 -0.806361
vn -0.000000 -0.287146 -0.957887
vn 0.173292 -0.417692 -0.891910
vn 0.184838 -0.282198 -0.941382
vn -0.000000 -0.424132 -0.905600
vn 0.174910 -0.396311 -0.901301
vn 0.412180 -0.261619 -0.872733
vn 0.529668 -0.243559 -0.812485
vn 0.536456 0.188354 -0.822641
vn 0.373532 -0.266361 -0.888553
vn 0.558662 -0.104190 -0.822825
vn 0.553299 0.203300 -0.807793
vn 0.538360 0.231274 0.810359
vn 0.548302 -0.066474 0.833634
vn 0.601647 0.148792 -0.784781
vn 0.000000 0.616216 -0.787577
vn 0.000645 0.380069 -0.924958
vn 0.576637 -0.149550 -0.803196
vn 0.602317 -0.063334 -0.795741
vn 0.594617 -0.167093 -0.786454
vn 0.565037 -0.247597 -0.787038
vn 0.583926 -0.223352 -0.780477
vn 0.551893 -0.288808 -0.782307
vn 0.555232 -0.311698 -0.771078
vn 0.570703 -0.330529 -0.751697
vn 0.601984 0.071478 -0.795302
vn 0.577329 0.143597 -0.803785
vn 0.619480 -0.351733 -0.701804
vn 0.181597 -0.295105 -0.938049
vn 0.178905 -0.340740 -0.922978
vn 0.346864 -0.281463 -0.894686
vn 0.329382 -0.327002 -0.885764
vn 0.354902 -0.376314 -0.855823
vn 0.364898 -0.322448 -0.873428
vn 0.383687 -0.277126 -0.880900
vn 0.360751 -0.239991 -0.901256
vn 0.361748 -0.263447 -0.894279
vn 0.338514 -0.242127 -0.909276
vn 0.341451 -0.265601 -0.901591
vn 0.346184 -0.318723 -0.882367
vn 0.336752 -0.319871 -0.885596
vn 0.342579 -0.352096 -0.871016
vn -0.000000 -0.994928 0.100586
vn -0.000000 -0.994928 0.100586
vn -0.000000 -0.994928 0.100586
vn -0.000000 -0.994928 0.100586
vn 0.233453 -0.236286 0.943223
vn 0.419316 -0.234072 0.877146
vn 0.188116 -0.238662 0.952708
vn 0.388900 -0.229015 0.892361
vn 0.000000 -0.999251 -0.038700
vn 0.000000 -0.999251 -0.038700
vn 0.000000 -0.999251 -0.038700
vn 0.000000 -0.999251 -0.038700
vn -0.172944 -0.417718 -0.891965
vn -0.354620 -0.376357 -0.855921
vn -0.174580 -0.396335 -0.901355
vn 0.000480 0.558853 0.829267
vn 0.000398 0.274439 0.961604
vn 0.000429 -0.079488 0.996836
vn 0.427355 -0.201650 0.881309
vn 0.389059 -0.197292 0.899839
vn 0.259438 0.040161 0.964925
vn 0.291591 0.044800 0.955493
vn 0.302764 -0.025751 0.952718
vn 0.256553 0.006820 0.966506
vn 0.296135 -0.048850 0.953896
vn 0.251667 -0.018150 0.967644
vn 0.339569 -0.062058 0.938532
vn 0.328761 -0.133608 0.934915
vn 0.382967 -0.061451 0.921716
vn 0.317766 -0.159042 0.934735
vn 0.234987 -0.203607 0.950434
vn 0.251392 -0.162349 0.954172
vn 0.182918 -0.205001 0.961517
vn 0.197047 -0.164504 0.966494
vn 0.377777 0.055884 0.924209
vn 0.325766 0.057064 0.943727
vn 0.316727 0.069334 0.945979
vn 0.220581 -0.092567 0.970966
vn 0.231958 -0.084046 0.969088
vn 0.222764 -0.203790 0.953334
vn 0.188728 -0.205287 0.960333
vn 0.201141 -0.092965 0.975141
vn 0.202217 -0.084618 0.975678
vn -0.383405 -0.277161 -0.881012
vn -0.361194 -0.263508 -0.894485
vn -0.360200 -0.240046 -0.901462
vn -0.411886 -0.261657 -0.872860
vn -0.346569 -0.281496 -0.894790
vn -0.373221 -0.266397 -0.888672
vn -0.337948 -0.242179 -0.909473
vn -0.340883 -0.265659 -0.901789
vn -0.345638 -0.318792 -0.882557
vn -0.364626 -0.322485 -0.873528
vn -0.342028 -0.352171 -0.871202
vn -0.336200 -0.319938 -0.885782
vn -0.329099 -0.327036 -0.885856
vn 0.277508 0.185067 -0.942730
vn 0.277508 0.185067 -0.942730
vn -0.696548 0.671291 -0.253355
vn -0.740060 0.612409 -0.277968
vn 0.559992 0.694043 -0.452452
vn -0.684385 0.705200 -0.185231
vn 0.467731 0.835035 0.289731
vn -0.710498 0.694451 -0.113712
vn 0.054767 0.525454 0.849058
vn -0.759487 0.645530 -0.080435
vn -0.436991 -0.053357 0.897882
vn -0.802849 0.586920 -0.104684
vn -0.719475 -0.562331 0.407603
vn -0.815289 0.552761 -0.172508
vn -0.627213 -0.703322 -0.334576
vn -0.789326 0.563238 -0.244392
vn -0.110191 0.054919 -0.992392
vn -0.839055 0.544047 0.000002
vn -0.839055 0.544047 0.000002
vn -0.138278 0.011134 -0.990331
vn -0.000000 -1.000000 -0.000000
vn -0.049259 0.011228 -0.998723
vn -0.049187 0.055188 -0.997264
vn 0.000289 1.000000 0.000000
vn 0.114482 0.011168 -0.993362
vn 0.879802 -0.475340 -0.000003
vn 0.879802 -0.475340 -0.000003
vn 0.137540 0.054730 -0.988983
vn 0.000289 1.000000 0.000000
vn 0.045469 0.055198 -0.997440
vn 0.046002 0.011230 -0.998878
vn -0.000000 -1.000000 -0.000000
vn 0.044931 0.079214 -0.995845
vn 0.000289 1.000000 0.000000
vn 0.000289 1.000000 0.000000
vn -0.049108 0.079198 -0.995649
vn 0.046002 -0.010369 -0.998888
vn 1.000000 0.000000 0.000002
vn -0.049260 -0.010367 -0.998732
vn -0.000000 -1.000000 -0.000000
vn -0.690429 0.451855 -0.564920
vn -0.624983 0.486764 -0.610293
vn -0.184838 -0.282198 -0.941382
vn -0.529668 -0.243559 -0.812485
vn -0.178905 -0.340740 -0.922978
vn -0.181597 -0.295105 -0.938049
vn 0.274089 0.537773 0.797292
vn 0.591655 0.364044 0.719317
vn 0.558284 0.471915 0.682360
vn 0.665721 0.449037 0.595972
vn 0.638247 0.318991 0.700633
vn 0.693426 0.217806 0.686819
vn 0.318630 0.117553 0.940562
vn 0.347855 0.118352 0.930048
vn 0.322419 0.095759 0.941741
vn 0.281568 0.086018 0.955678
vn -0.018053 -0.999260 -0.033978
vn -0.980064 0.000000 -0.198684
vn 0.928761 0.324913 -0.178425
vn -0.930810 0.325630 -0.166008
vn 0.091649 -0.019596 0.995599
vn -0.961421 0.073886 0.264974
vn -0.991810 0.076221 0.102486
vn -0.854497 0.510446 0.096332
vn -0.940320 0.139767 0.310264
vn -0.813419 0.485664 0.320125
vn 0.961497 0.073815 0.264718
vn 0.940436 0.139634 0.309970
vn 0.854759 0.510021 0.096252
vn 0.991827 0.076142 0.102380
vn 0.813741 0.485288 0.319878
vn 0.857447 0.510676 0.063205
vn 0.994819 0.076254 0.067241
vn -0.994808 0.076332 0.067309
vn -0.857251 0.511000 0.063245
vn 0.829343 0.483719 -0.279655
vn 0.926229 0.070068 -0.370393
vn -0.926093 0.070130 -0.370720
vn -0.829054 0.484090 -0.279869
vn -0.682121 0.553247 0.478151
vn -0.740420 0.106377 0.663674
vn -0.835975 0.081276 0.542715
vn -0.882593 0.146020 0.446887
vn -0.764713 0.462298 0.448881
vn -0.589152 0.608064 0.532126
vn -0.627830 0.123217 0.768536
vn 0.000000 0.733519 0.679669
vn 0.000570 0.178721 0.983900
vn -0.319986 0.159634 0.933877
vn 0.836261 0.081211 0.542284
vn 0.740838 0.106304 0.663219
vn 0.682366 0.553074 0.478002
vn 0.764908 0.462133 0.448720
vn 0.882811 0.145893 0.446498
vn 0.589454 0.607898 0.531981
vn 0.628411 0.123143 0.768072
vn 0.320936 0.159553 0.933565
vn -0.750172 0.452990 -0.481708
vn -0.798568 0.407490 -0.442990
vn -0.848204 0.167061 -0.502633
vn -0.820734 0.109837 -0.560652
vn -0.768850 0.114549 -0.629085
vn -0.709159 0.461682 -0.532864
vn -0.709777 0.125847 -0.693094
vn 0.000000 0.175359 -0.984505
vn 0.000000 0.645291 -0.763937
vn 0.848455 0.166935 -0.502252
vn 0.798891 0.407200 -0.442675
vn 0.750360 0.452844 -0.481552
vn 0.820877 0.109798 -0.560452
vn 0.709376 0.461538 -0.532699
vn 0.769037 0.114509 -0.628864
vn 0.710028 0.125802 -0.692845
vn -0.861141 0.449564 0.237336
vn -0.823630 0.497775 0.271761
vn -0.774440 0.496467 0.392126
vn -0.754066 0.437876 0.489539
vn -0.651873 0.713614 0.256548
vn -0.618793 0.696535 0.363227
vn -0.602029 0.756115 0.256616
vn -0.676718 0.732279 0.076290
vn -0.623199 0.778391 0.075699
vn -0.678624 0.732778 0.050066
vn -0.669238 0.707870 -0.225919
vn -0.582551 0.731169 -0.355002
vn -0.619690 0.676493 -0.397922
vn -0.662420 0.652816 -0.367465
vn -0.838013 0.430349 -0.335461
vn -0.752137 0.485425 -0.445705
vn -0.743401 0.435281 -0.507825
vn -0.516481 0.786695 -0.338170
vn -0.556508 0.826373 0.086063
vn -0.456327 0.821748 -0.341314
vn -0.478882 0.872713 0.095102
vn 0.000387 0.928930 -0.370256
vn 0.000407 0.993939 0.109932
vn 0.000389 0.924079 0.382200
vn -0.450876 0.831686 0.324053
vn -0.532869 0.796623 0.285380
vn -0.542349 0.749217 0.380173
vn -0.461069 0.783577 0.416440
vn 0.000000 0.868280 0.496074
vn -0.519741 0.687391 0.507309
vn -0.428907 0.702152 0.568349
vn 0.000357 0.765335 0.643633
vn 0.861374 0.449215 0.237152
vn 0.754436 0.437593 0.489223
vn 0.774787 0.496134 0.391863
vn 0.823913 0.497414 0.271564
vn 0.619027 0.696372 0.363142
vn 0.652311 0.713259 0.256420
vn 0.602496 0.755781 0.256503
vn 0.623648 0.778035 0.075664
vn 0.677136 0.731897 0.076250
vn 0.669650 0.707517 -0.225806
vn 0.678940 0.732486 0.050046
vn 0.582777 0.731023 -0.354931
vn 0.619909 0.676344 -0.397834
vn 0.662836 0.652496 -0.367285
vn 0.838269 0.430038 -0.335218
vn 0.752481 0.485135 -0.445440
vn 0.743577 0.435153 -0.507676
vn 0.545936 0.740328 -0.392260
vn 0.471318 0.775444 -0.420173
vn 0.582477 0.685125 -0.437405
vn 0.516994 0.786699 -0.337374
vn 0.456740 0.821552 -0.341233
vn 0.000000 0.875703 -0.482851
vn 0.557005 0.826042 0.086029
vn 0.533381 0.796320 0.285271
vn 0.542606 0.749069 0.380098
vn 0.000000 0.836585 -0.547837
vn -0.582239 0.685269 -0.437497
vn -0.471318 0.775444 -0.420173
vn -0.545936 0.740328 -0.392260
vn 0.479447 0.872406 0.095069
vn 0.451445 0.831417 0.323949
vn 0.461354 0.783446 0.416371
vn 0.519741 0.687391 0.507309
vn 0.428907 0.702152 0.568349
vn -0.000358 0.765335 0.643632
vn -0.707080 0.504354 0.495646
vn -0.740420 0.106377 0.663674
vn -0.835975 0.081276 0.542715
vn -0.882593 0.146020 0.446887
vn -0.788111 0.406040 0.462615
vn -0.613377 0.562891 0.554006
vn -0.627830 0.123217 0.768536
vn 0.000000 0.694099 0.719879
vn 0.000570 0.178721 0.983900
vn -0.319986 0.159634 0.933877
vn 0.836261 0.081211 0.542284
vn 0.740838 0.106304 0.663219
vn 0.707317 0.504185 0.495480
vn 0.788293 0.405886 0.462439
vn 0.882811 0.145893 0.446498
vn 0.613677 0.562725 0.553842
vn 0.628411 0.123143 0.768072
vn 0.320936 0.159553 0.933565
vn -0.770837 0.401008 -0.494978
vn -0.818792 0.351105 -0.454209
vn -0.848204 0.167061 -0.502633
vn -0.820734 0.109837 -0.560652
vn -0.768850 0.114549 -0.629085
vn -0.729484 0.409145 -0.548137
vn -0.709777 0.125847 -0.693094
vn 0.000000 0.175359 -0.984505
vn 0.000000 0.588404 -0.808567
vn 0.848455 0.166935 -0.502252
vn 0.819093 0.350842 -0.453869
vn 0.771016 0.400871 -0.494809
vn 0.820877 0.109798 -0.560452
vn 0.729695 0.409010 -0.547956
vn 0.769037 0.114509 -0.628864
vn 0.710028 0.125802 -0.692845
vn -0.861141 0.449564 0.237336
vn -0.823629 0.497775 0.271761
vn -0.774440 0.496467 0.392126
vn -0.754066 0.437876 0.489539
vn -0.678254 0.684631 0.266930
vn -0.643025 0.666370 0.377451
vn -0.626975 0.731764 0.267250
vn -0.705219 0.704518 0.079503
vn -0.649920 0.755892 0.078945
vn -0.707247 0.705039 0.052178
vn -0.695467 0.679123 -0.234773
vn -0.604170 0.706700 -0.368176
vn -0.641702 0.646860 -0.412056
vn -0.685994 0.620162 -0.380542
vn -0.838013 0.430349 -0.335461
vn -0.752137 0.485425 -0.445705
vn -0.743401 0.435281 -0.507825
vn -0.537178 0.766637 -0.351721
vn -0.581448 0.808599 0.089921
vn -0.475955 0.804198 -0.355995
vn -0.502101 0.859041 0.099714
vn 0.000408 0.920544 -0.390639
vn 0.000433 0.993152 0.116825
vn 0.000411 0.915090 0.403249
vn -0.471091 0.814515 0.338582
vn -0.555655 0.776333 0.297583
vn -0.564411 0.724508 0.395638
vn -0.480668 0.761892 0.434142
vn 0.000000 0.853126 0.521705
vn -0.538107 0.659217 0.525237
vn -0.444070 0.675676 0.588442
vn 0.000372 0.742404 0.669953
vn 0.861374 0.449215 0.237152
vn 0.754435 0.437593 0.489223
vn 0.774786 0.496134 0.391863
vn 0.823913 0.497414 0.271564
vn 0.643256 0.666201 0.377356
vn 0.678682 0.684263 0.266787
vn 0.627439 0.731414 0.267122
vn 0.650362 0.755515 0.078905
vn 0.705623 0.704119 0.079458
vn 0.695866 0.678757 -0.234646
vn 0.707552 0.704734 0.052156
vn 0.604395 0.706549 -0.368097
vn 0.641918 0.646707 -0.411959
vn 0.686399 0.619835 -0.380342
vn 0.838270 0.430038 -0.335218
vn 0.752481 0.485135 -0.445439
vn 0.743577 0.435153 -0.507676
vn 0.566679 0.716304 -0.407164
vn 0.490965 0.753247 -0.437689
vn 0.603728 0.655724 -0.453363
vn 0.537712 0.766642 -0.350894
vn 0.476376 0.803990 -0.355903
vn 0.000000 0.860868 -0.508828
vn 0.581946 0.808245 0.089881
vn 0.556170 0.776011 0.297460
vn 0.564668 0.724353 0.395554
vn 0.000000 0.815701 -0.578474
vn -0.603491 0.655872 -0.453465
vn -0.490965 0.753247 -0.437689
vn -0.566679 0.716304 -0.407164
vn 0.502676 0.858709 0.099675
vn 0.471672 0.814229 0.338463
vn 0.480958 0.761754 0.434063
vn 0.538107 0.659217 0.525237
vn 0.444070 0.675676 0.588442
vn -0.000372 0.742404 0.669953
vn -0.961421 0.073886 0.264974
vn -0.991810 0.076221 0.102486
vn -0.884859 0.455053 0.099755
vn -0.940320 0.139767 0.310264
vn -0.840135 0.429942 0.330640
vn 0.961497 0.073815 0.264718
vn 0.940436 0.139634 0.309970
vn 0.885078 0.454647 0.099666
vn 0.991827 0.076142 0.102380
vn 0.840424 0.429587 0.330367
vn 0.887943 0.455273 0.065453
vn 0.994819 0.076254 0.067241
vn -0.994808 0.076332 0.067309
vn -0.887781 0.455583 0.065497
vn 0.855661 0.429645 -0.288529
vn 0.926229 0.070068 -0.370393
vn -0.926093 0.070130 -0.370720
vn -0.855406 0.429995 -0.288764
vn -0.758427 0.429184 0.490500
vn -0.604782 0.499961 0.619902
vn -0.834845 0.550228 0.016826
vn -0.765475 0.632802 0.116658
vn 0.765959 0.632236 0.116553
vn 0.450814 0.864296 0.223066
vn 0.605368 0.499681 0.619555
vn 0.835161 0.549749 0.016812
vn 0.758793 0.428903 0.490179
vn -0.449593 0.864941 0.223031
vn 0.000581 0.627783 0.778388
vn 0.000845 0.961321 0.275429
vn 0.648911 -0.380556 0.658856
vn -0.648484 -0.380738 0.659172
vn -0.853726 -0.501240 0.141106
vn -0.781135 -0.601001 0.169191
vn 0.781588 -0.600455 0.169037
vn 0.853989 -0.500825 0.140989
vn 0.837509 -0.003110 -0.546415
vn 0.953426 0.081290 0.290465
vn -0.953297 0.081400 0.290859
vn -0.837154 -0.003113 -0.546959
vn 0.753200 0.657083 -0.030512
vn -0.752739 0.657610 -0.030537
vn 0.742934 0.648127 -0.167275
vn -0.742463 0.648633 -0.167405
vn 0.000000 0.574134 -0.818761
vn 0.876433 0.445136 0.183626
vn 0.628828 -0.459041 -0.627580
vn 0.891407 0.451965 0.033475
vn 0.727718 0.415814 -0.545458
vn 0.709458 -0.416064 -0.568824
vn 0.673538 0.430123 -0.601116
vn 0.826058 0.412714 -0.383791
vn 0.892189 0.451660 0.001804
vn -0.876221 0.445494 0.183774
vn -0.709057 -0.416302 -0.569149
vn -0.628291 -0.459297 -0.627931
vn -0.891216 0.452340 0.033503
vn -0.673320 0.430239 -0.601278
vn -0.727536 0.415931 -0.545611
vn -0.825788 0.413004 -0.384060
vn -0.892001 0.452030 0.001805
vn 0.607333 0.461507 -0.646652
vn -0.607060 0.461626 -0.646823
vn -0.000000 -0.207175 -0.978304
vn -0.000000 -0.207175 -0.978304
vn -0.000000 -0.207175 -0.978304
vn -0.000000 -0.207175 -0.978304
vn -0.000000 -0.207175 -0.978304
vn 0.436903 -0.274678 -0.856544
vn -0.436904 -0.274678 -0.856544
vn 0.190428 -0.030337 -0.981232
vn 0.191262 -0.044142 -0.980546
vn 0.181417 -0.038622 -0.982648
vn 0.178402 -0.024317 -0.983657
vn 0.167171 -0.032149 -0.985404
vn 0.168024 -0.046011 -0.984708
vn 0.180088 -0.051984 -0.982276
vn -0.502145 -0.731783 0.460808
vn 0.003022 -0.635565 0.772041
vn -0.645904 -0.563428 0.515129
vn -0.611970 -0.687191 0.391487
vn -0.425003 -0.035110 0.904511
vn -0.578097 -0.640320 0.505762
vn 0.466251 0.445495 -0.764293
vn 0.274234 0.471855 -0.837943
vn 0.329944 0.597647 -0.730722
vn -0.180487 -0.038629 -0.982819
vn -0.190348 -0.044150 -0.980723
vn -0.189514 -0.030342 -0.981409
vn -0.177481 -0.024321 -0.983824
vn -0.166245 -0.032154 -0.985560
vn -0.167099 -0.046018 -0.984866
vn -0.179169 -0.051993 -0.982443
vn 0.492692 -0.736370 0.463697
vn 0.604077 -0.692443 0.394479
vn 0.608405 -0.585722 0.535512
vn -0.072823 -0.633882 0.769994
vn 0.570038 -0.644754 0.509264
vn 0.368072 -0.036065 0.929098
vn -0.294039 0.468975 -0.832829
vn -0.481465 0.441372 -0.757220
vn -0.346581 0.593861 -0.726093
vn -0.000000 -1.000000 0.000000
vn -0.000000 -1.000000 0.000000
vn -0.000000 -1.000000 0.000000
vn -0.000000 -1.000000 0.000000
vn -0.000001 0.837627 0.546243
vn -0.000001 0.837627 0.546243
vn -0.000001 0.837627 0.546243
vn -0.000001 0.837627 0.546243
vn -0.000001 -0.914215 0.405229
vn -0.000001 -0.914215 0.405229
vn -0.000001 -0.914215 0.405229
vn -0.000001 -0.914215 0.405229
vn -0.948656 0.252456 0.190572
vn -0.948656 0.252456 0.190572
vn -0.000000 0.916809 -0.399325
vn -0.000000 0.916809 -0.399325
vn -0.000000 -1.000000 0.000000
vn -0.000000 -1.000000 0.000000
vn -0.000000 -1.000000 0.000000
vn -0.000000 -1.000000 0.000000
vn -0.000001 0.837627 0.546243
vn -0.000001 0.837627 0.546243
vn -0.000001 0.837627 0.546243
vn -0.000001 0.837627 0.546243
vn -0.000001 -0.914215 0.405229
vn -0.000001 -0.914215 0.405229
vn -0.000001 -0.914215 0.405229
vn -0.000001 -0.914215 0.405229
vn 0.928620 0.101724 0.356814
vn 0.948656 0.252456 0.190572
vn -0.000000 0.916809 -0.399325
vn -0.000000 0.916809 -0.399325
vn -0.000026 0.017140 -0.999853
vn 0.565731 0.021617 -0.824307
vn 0.604369 0.232415 -0.762051
vn 0.378267 0.226707 0.897507
vn 0.468771 -0.032485 0.882722
vn -0.378342 0.226700 0.897477
vn -0.468830 -0.032483 0.882691
vn -0.597428 0.276457 -0.752763
vn -0.565792 0.021616 -0.824265
vn 0.462594 0.232185 0.855627
vn -0.462648 0.232177 0.855600
vn 0.365069 0.426105 0.827743
vn 0.533673 0.499676 -0.682288
vn -0.000034 0.507188 0.861835
vn -0.365127 0.426095 0.827723
vn -0.533742 0.499650 -0.682253
vn -0.000044 0.666349 -0.745640
vn -0.000057 0.972256 0.233920
vn -0.177038 0.317599 -0.931552
vn -0.000029 0.269733 -0.962935
vn 0.176976 0.317602 -0.931562
vn -0.000028 0.112418 -0.993661
vn -0.027273 0.009961 0.999578
vn -0.752232 -0.007643 0.658854
vn -0.679745 0.429698 0.594396
vn -0.028587 0.446587 0.894283
vn -0.408723 0.033605 -0.912040
vn -0.384950 0.254026 -0.887290
vn 0.384859 0.033985 -0.922350
vn 0.358085 0.256985 -0.897627
vn 0.728353 -0.007948 0.685156
vn 0.648607 0.445911 0.616824
vn -0.016066 0.252410 0.967487
vn -0.370743 0.234452 0.898656
vn -0.354024 0.368927 0.859395
vn -0.015235 0.394429 0.918800
vn -0.366609 0.392126 -0.843703
vn -0.591687 0.616454 0.519510
vn 0.340653 0.396263 -0.852603
vn 0.559397 0.633837 0.534159
vn 0.344576 0.236982 0.908354
vn 0.328723 0.372552 0.867840
vn -0.036211 0.941269 0.335711
vn -0.024612 0.635010 0.772112
vn -0.226143 -0.973836 -0.022410
vn -0.061164 -0.962015 0.266056
vn -0.107371 -0.993500 -0.037794
vn -0.874440 -0.016932 0.484838
vn -0.874440 -0.016932 0.484838
vn -0.117488 -0.983535 -0.137315
vn -0.736688 0.023601 -0.675821
vn 0.066604 -0.961680 0.265963
vn 0.112333 -0.992952 -0.037774
vn 0.000000 -0.034896 0.999391
vn 0.122904 -0.982886 -0.137224
vn -0.000000 0.034898 -0.999391
vn 0.231436 -0.972593 -0.022381
vn 0.874440 -0.016936 0.484837
vn -0.000000 -1.000000 0.000000
vn -0.000000 -1.000000 0.000000
vn -0.000000 -1.000000 0.000000
vn -0.000000 -1.000000 0.000000
vn -0.000000 1.000000 0.000000
vn -0.000000 1.000000 0.000000
vn -0.000000 1.000000 0.000000
vn -0.000000 1.000000 0.000000
vn -0.000000 -1.000000 0.000000
vn -0.000000 -1.000000 0.000000
vn -0.000000 -1.000000 0.000000
vn -0.000000 -1.000000 0.000000
vn -0.000000 1.000000 -0.000000
vn -0.000000 1.000000 -0.000000
vn -0.000000 1.000000 -0.000000
vn -0.000000 1.000000 -0.000000
vn -0.000000 -1.000000 -0.000000
vn -0.000000 -1.000000 -0.000000
vn -0.000000 -1.000000 -0.000000
vn -0.000000 -1.000000 -0.000000
vn -0.000000 1.000000 0.000000
vn -0.000000 1.000000 0.000000
vn -0.000000 1.000000 0.000000
vn -0.000000 1.000000 0.000000
vn -0.000000 -1.000000 0.000000
vn -0.000000 -1.000000 0.000000
vn -0.000000 -1.000000 0.000000
vn -0.000000 -1.000000 0.000000
vn 0.000000 1.000000 0.000000
vn 0.000000 1.000000 0.000000
vn 0.000000 1.000000 0.000000
vn 0.000000 1.000000 0.000000
vn -1.000000 0.000000 -0.000000
vn -1.000000 0.000000 -0.000000
vn -1.000000 0.000000 -0.000000
vn -1.000000 0.000000 -0.000000
vn 1.000000 0.000000 -0.000000
vn 1.000000 0.000000 -0.000000
vn 1.000000 0.000000 -0.000000
vn 1.000000 0.000000 -0.000000
vn -0.000000 -1.000000 -0.000000
vn -0.000000 -1.000000 -0.000000
vn -0.000000 -1.000000 -0.000000
vn -0.000000 -1.000000 -0.000000
vn -0.000000 1.000000 -0.000000
vn -0.000000 1.000000 -0.000000
vn -0.000000 1.000000 -0.000000
vn -0.000000 1.000000 -0.000000
vn -0.000000 -1.000000 -0.000000
vn -0.000000 -1.000000 -0.000000
vn -0.000000 -1.000000 -0.000000
vn -0.000000 -1.000000 -0.000000
vn -0.000000 1.000000 -0.000000
vn -0.000000 1.000000 -0.000000
vn -0.000000 1.000000 -0.000000
vn -0.000000 1.000000 -0.000000
vn -0.000000 -1.000000 -0.000000
vn -0.000000 -1.000000 -0.000000
vn -0.000000 -1.000000 -0.000000
vn -0.000000 -1.000000 -0.000000
vn -0.000000 1.000000 -0.000000
vn -0.000000 1.000000 -0.000000
vn -0.000000 1.000000 -0.000000
vn -0.000000 1.000000 -0.000000
vn -0.000000 1.000000 -0.000000
vn -0.000000 1.000000 -0.000000
vn -0.000000 1.000000 -0.000000
vn -0.000000 1.000000 -0.000000
vn -0.000000 -1.000000 -0.000000
vn -0.000000 -1.000000 -0.000000
vn -0.000000 -1.000000 -0.000000
vn -0.000000 -1.000000 -0.000000
vn -0.000000 -1.000000 -0.000000
vn -0.000000 -1.000000 -0.000000
vn -0.000000 -1.000000 -0.000000
vn -0.000000 -1.000000 -0.000000
vn -0.000000 1.000000 -0.000000
vn -0.000000 1.000000 -0.000000
vn -0.000000 1.000000 -0.000000
vn -0.000000 1.000000 -0.000000
vn -0.000000 -1.000000 -0.000000
vn -0.000000 -1.000000 -0.000000
vn -0.000000 -1.000000 -0.000000
vn -0.000000 -1.000000 -0.000000
vn -0.000000 1.000000 -0.000000
vn -0.000000 1.000000 -0.000000
vn -0.000000 1.000000 -0.000000
vn -0.000000 1.000000 -0.000000
vn -0.000000 -1.000000 -0.000000
vn -0.000000 -1.000000 -0.000000
vn -0.000000 -1.000000 -0.000000
vn -0.000000 -1.000000 -0.000000
vn -0.000000 1.000000 -0.000000
vn -0.000000 1.000000 -0.000000
vn -0.000000 1.000000 -0.000000
vn -0.000000 1.000000 -0.000000
vn -0.000000 -0.000000 -1.000000
vn -0.000000 -0.000000 -1.000000
vn -0.000000 -0.000000 -1.000000
vn -0.000000 -0.000000 -1.000000
vn -0.000000 0.000000 1.000000
vn -0.000000 0.000000 1.000000
vn -0.000000 0.000000 1.000000
vn -0.000000 0.000000 1.000000
vn -0.000000 -1.000000 -0.000000
vn -0.000000 -1.000000 -0.000000
vn -0.000000 -1.000000 -0.000000
vn -0.000000 -1.000000 -0.000000
vn -0.000000 1.000000 -0.000000
vn -0.000000 1.000000 -0.000000
vn -0.000000 1.000000 -0.000000
vn -0.000000 1.000000 -0.000000
vn 0.000000 -1.000000 -0.000000
vn 0.000000 -1.000000 -0.000000
vn 0.000000 -1.000000 -0.000000
vn 0.000000 -1.000000 -0.000000
vn -0.000000 1.000000 -0.000000
vn -0.000000 1.000000 -0.000000
vn -0.000000 1.000000 -0.000000
vn -0.000000 1.000000 -0.000000
vn 0.000000 -1.000000 -0.000000
vn 0.000000 -1.000000 -0.000000
vn 0.000000 -1.000000 -0.000000
vn 0.000000 -1.000000 -0.000000
vn -0.000000 1.000000 -0.000000
vn -0.000000 1.000000 -0.000000
vn -0.000000 1.000000 -0.000000
vn -0.000000 1.000000 -0.000000
vn 1.000000 0.000000 -0.000000
vn 1.000000 0.000000 -0.000000
vn 1.000000 0.000000 -0.000000
vn 1.000000 0.000000 -0.000000
vn -1.000000 0.000000 -0.000000
vn -1.000000 0.000000 -0.000000
vn -1.000000 0.000000 -0.000000
vn -1.000000 0.000000 -0.000000
vn 0.000000 0.000000 1.000000
vn 0.000000 0.000000 1.000000
vn 0.000000 0.000000 1.000000
vn 0.000000 0.000000 1.000000
vn -0.000000 0.000000 -1.000000
vn -0.000000 0.000000 -1.000000
vn -0.000000 0.000000 -1.000000
vn -0.000000 0.000000 -1.000000
vn 0.000000 0.000000 1.000000
vn 0.000000 0.000000 1.000000
vn 0.000000 0.000000 1.000000
vn 0.000000 0.000000 1.000000
vn -0.000000 0.000000 -1.000000
vn -0.000000 0.000000 -1.000000
vn -0.000000 0.000000 -1.000000
vn -0.000000 0.000000 -1.000000
vn 0.984444 -0.175623 -0.005162
vn 0.984444 -0.175623 -0.005162
vn 0.984444 -0.175623 -0.005162
vn 0.986973 -0.160673 -0.008242
vn 0.999593 -0.028374 0.002835
vn 0.999593 -0.028374 0.002835
vn 0.993258 -0.115824 -0.004898
vn 0.982637 -0.182856 0.031421
vn 0.949321 -0.274072 0.153865
vn -0.000000 -0.999251 -0.038700
vn -0.000000 -0.999251 -0.038700
vn 0.000000 -0.994928 0.100586
vn 0.000000 -0.994928 0.100586
vn 0.000000 -0.994928 0.100586
vn 0.000000 -0.994928 0.100586
vn 0.986909 -0.155765 0.041800
vn 0.986668 -0.157151 0.042308
vn 0.993506 -0.105463 0.042712
vn 0.999356 0.026342 0.024362
vn 0.991874 -0.123749 0.029535
vn 0.995937 -0.086685 0.024405
vn -0.984444 -0.175622 -0.005162
vn -0.984444 -0.175622 -0.005162
vn -0.984444 -0.175622 -0.005162
vn -0.986973 -0.160673 -0.008242
vn -0.999593 -0.028373 0.002835
vn -0.999593 -0.028373 0.002835
vn -0.993258 -0.115824 -0.004898
vn -0.982638 -0.182856 0.031420
vn -0.949321 -0.274071 0.153864
vn -0.000000 -0.999251 -0.038700
vn -0.000000 -0.999251 -0.038700
vn 0.000000 -0.994928 0.100586
vn 0.000000 -0.994928 0.100586
vn 0.000000 -0.994928 0.100586
vn 0.000000 -0.994928 0.100586
vn -0.986452 -0.158169 0.043543
vn -0.986452 -0.158169 0.043543
vn -0.993584 -0.104197 0.043974
vn -0.999361 0.024435 0.026076
vn -0.992491 -0.118325 0.030992
vn -0.995260 -0.093274 0.027530
vn 0.000000 -0.481863 0.876247
vn 0.000000 -0.481863 0.876247
vn 0.000000 -0.481863 0.876247
vn -0.210637 -0.615777 0.759243
vn -0.207376 -0.222619 -0.952594
vn -0.207376 -0.222619 -0.952594
vn -0.207376 -0.222619 -0.952594
vn 0.000001 0.000000 -1.000000
vn -0.232141 -0.293380 -0.927383
vn -0.255780 -0.753173 -0.606059
vn -0.164632 -0.945273 -0.281700
vn -0.019454 -0.999675 -0.016474
vn 0.000263 -1.000000 -0.000000
vn -0.186569 -0.950958 0.246720
vn -0.375144 -0.683766 0.625884
vn -0.395660 -0.478401 0.783955
vn 0.000000 -0.011037 0.999939
vn -0.227138 -0.729702 0.644937
vn -0.190287 -0.886343 0.422121
vn -0.002079 -0.999998 0.000000
vn 0.018571 -0.999632 0.019786
vn -0.111863 -0.959684 -0.257862
vn -0.179295 -0.686627 -0.704554
vn -0.053391 -0.175067 -0.983108
vn 0.000000 -0.267474 -0.963565
vn 0.210637 -0.615777 0.759243
vn 0.210637 -0.615777 0.759243
vn 0.210637 -0.615777 0.759243
vn 0.000000 -0.481863 0.876247
vn 0.207376 -0.222619 -0.952594
vn 0.207376 -0.222619 -0.952594
vn 0.207376 -0.222619 -0.952594
vn 0.000001 0.000000 -1.000000
vn 0.232141 -0.293380 -0.927383
vn 0.255780 -0.753173 -0.606059
vn 0.164632 -0.945273 -0.281700
vn 0.019454 -0.999675 -0.016474
vn -0.000263 -1.000000 -0.000000
vn 0.186569 -0.950958 0.246720
vn 0.375144 -0.683766 0.625884
vn 0.395660 -0.478401 0.783955
vn 0.000000 -0.011037 0.999939
vn 0.227138 -0.729702 0.644937
vn 0.190287 -0.886343 0.422121
vn -0.018571 -0.999632 0.019786
vn -0.018571 -0.999632 0.019786
vn 0.111863 -0.959684 -0.257862
vn 0.179295 -0.686627 -0.704554
vn 0.000000 -0.267474 -0.963565
vn 0.000000 -0.267474 -0.963565
vn -0.000000 -1.000000 0.000000
vn -0.000000 -1.000000 0.000000
vn -0.000000 -1.000000 0.000000
vn -0.000000 -1.000000 0.000000
vn -0.000001 0.837627 0.546243
vn -0.000001 0.837627 0.546243
vn -0.000001 0.837627 0.546243
vn -0.000001 0.837627 0.546243
vn -0.000001 -0.914215 0.405229
vn -0.000001 -0.914215 0.405229
vn -0.000001 -0.914215 0.405229
vn -0.000001 -0.914215 0.405229
vn -0.948656 0.252456 0.190572
vn -0.948656 0.252456 0.190572
vn -0.000000 0.916809 -0.399325
vn -0.000000 0.916809 -0.399325
vn -0.000000 -1.000000 0.000000
vn -0.000000 -1.000000 0.000000
vn -0.000000 -1.000000 0.000000
vn -0.000000 -1.000000 0.000000
vn -0.000001 0.837627 0.546243
vn -0.000001 0.837627 0.546243
vn -0.000001 0.837627 0.546243
vn -0.000001 0.837627 0.546243
vn -0.000001 -0.914215 0.405229
vn -0.000001 -0.914215 0.405229
vn -0.000001 -0.914215 0.405229
vn -0.000001 -0.914215 0.405229
vn 0.928620 0.101724 0.356814
vn 0.948656 0.252456 0.190572
vn -0.000000 0.916809 -0.399325
vn -0.000000 0.916809 -0.399325
vn -0.000000 0.580703 -0.814115
vn -0.000000 0.580703 -0.814115
vn -0.000000 0.580703 -0.814115
vn -0.000000 0.580703 -0.814115
vn -1.000000 0.000000 -0.000000
vn -1.000000 0.000000 -0.000000
vn -1.000000 0.000000 -0.000000
vn -1.000000 0.000000 -0.000000
vn 1.000000 0.000000 -0.000000
vn 1.000000 0.000000 -0.000000
vn 1.000000 0.000000 -0.000000
vn 1.000000 0.000000 -0.000000
vn -1.000000 0.000000 -0.000000
vn -1.000000 0.000000 -0.000000
vn -1.000000 0.000000 -0.000000
vn -1.000000 0.000000 -0.000000
vn 1.000000 0.000000 -0.000000
vn 1.000000 0.000000 -0.000000
vn 1.000000 0.000000 -0.000000
vn 1.000000 0.000000 -0.000000

# Texture coordinates + Triangles
usemtl car_body
s 1
vt 0.241860 0.668631
vt 0.060729 0.668631
vt 0.067314 0.596506
f 1/1/1 2/5/2 3/9/3
vt 0.241860 0.668631
vt 0.067314 0.596506
vt 0.254893 0.553992
f 1/1/1 3/8/3 4/12/4
vt 0.254893 0.553992
vt 0.067314 0.596506
vt 0.061886 0.583965
f 4/10/4 3/8/3 5/15/5
vt 0.254893 0.553992
vt 0.061886 0.583965
vt 0.257221 0.543395
f 4/10/4 5/14/5 6/18/6
vt 0.257670 0.530194
vt 0.257221 0.543395
vt 0.061886 0.583965
f 7/19/7 6/17/6 5/15/5
vt 0.308542 0.470302
vt 0.257766 0.483066
vt 0.255962 0.470601
f 7/19/7 5/14/5 8/24/8
vt 0.254271 0.452221
vt 0.308398 0.470600
vt 0.256274 0.470329
f 9/25/9 7/20/7 8/24/8
vt 0.254271 0.452221
vt 0.256274 0.470329
vt 0.248899 0.470412
f 9/25/9 8/23/8 10/30/10
vt 0.254271 0.452221
vt 0.248899 0.470412
vt 0.246640 0.445191
f 9/25/9 10/29/10 11/33/11
vt 0.255962 0.470601
vt 0.257766 0.483066
vt 0.250573 0.483209
f 8/22/8 5/14/5 12/36/12
vt 0.255962 0.470601
vt 0.250573 0.483209
vt 0.249063 0.470181
f 8/22/8 12/35/12 10/30/10
vt 0.067314 0.596506
vt 0.050993 0.600312
vt 0.043283 0.592741
f 3/7/3 13/38/13 12/36/12
vt 0.067314 0.596506
vt 0.043283 0.592741
vt 0.061886 0.583965
f 3/7/3 12/35/12 5/15/5
vt 0.060729 0.668631
vt 0.043706 0.668631
vt 0.050993 0.600312
f 2/4/2 14/41/14 13/39/13
vt 0.060729 0.668631
vt 0.050993 0.600312
vt 0.067314 0.596506
f 2/4/2 13/38/13 3/9/3
vt 0.043706 0.668631
vt 0.029768 0.668631
vt 0.035339 0.604180
f 14/40/14 15/44/15 16/48/16
vt 0.043706 0.668631
vt 0.035339 0.604180
vt 0.050993 0.600312
f 14/40/14 16/47/16 13/39/13
vt 0.050993 0.600312
vt 0.035339 0.604180
vt 0.043283 0.592741
f 13/37/13 16/47/16 12/36/12
vt 0.214830 0.470246
vt 0.249063 0.470181
vt 0.250573 0.483209
f 17/49/17 10/29/10 12/36/12
vt 0.214830 0.470246
vt 0.250573 0.483209
vt 0.211726 0.488173
f 17/49/17 12/35/12 16/48/16
vt 0.200954 0.422298
vt 0.246640 0.445191
vt 0.248899 0.470412
f 18/52/18 11/32/11 10/30/10
vt 0.200954 0.422298
vt 0.248899 0.470412
vt 0.215006 0.470105
f 18/52/18 10/29/10 17/51/17
vt 0.003906 0.421875
vt 0.003906 0.398438
vt 0.193540 0.396330
f 19/55/19 20/59/20 21/63/21
vt 0.003906 0.421875
vt 0.193540 0.396330
vt 0.201123 0.421875
f 19/55/19 21/62/21 18/54/18
vt 0.746519 0.986606
vt 0.736325 0.996849
vt 0.695736 0.992181
f 22/64/22 23/68/23 24/72/24
vt 0.841690 0.997715
vt 0.736325 0.996849
vt 0.746519 0.986606
f 25/73/25 23/68/23 22/66/22
vt 0.841690 0.997715
vt 0.746519 0.986606
vt 0.841690 0.986600
f 25/73/25 22/65/22 26/78/26
vt 0.841690 0.986600
vt 0.783927 0.944603
vt 0.841690 0.944597
f 26/76/26 27/80/27 28/84/28
vt 0.779695 0.936308
vt 0.841690 0.936391
vt 0.841690 0.944597
f 29/85/29 30/89/30 28/84/28
vt 0.779695 0.936308
vt 0.841690 0.944597
vt 0.783927 0.944603
f 29/85/29 28/83/28 27/81/27
vt 0.779695 0.936308
vt 0.783927 0.944603
vt 0.746519 0.986606
f 29/85/29 27/80/27 22/66/22
vt 0.779695 0.936308
vt 0.746519 0.986606
vt 0.742617 0.975887
f 29/85/29 22/65/22 31/93/31
vt 0.783927 0.944603
vt 0.841690 0.986600
vt 0.746519 0.986606
f 27/79/27 26/77/26 22/66/22
vt 0.742617 0.975887
vt 0.746519 0.986606
vt 0.693058 0.986539
f 31/91/31 22/65/22 24/72/24
vt 0.119958 0.469207
vt 0.141285 0.506114
vt 0.074219 0.472656
f 32/94/32 16/47/16 33/99/33
vt 0.211649 0.488308
vt 0.119947 0.469201
vt 0.214789 0.470017
f 16/46/16 32/95/32 17/51/17
vt 0.119947 0.469201
vt 0.201123 0.421875
vt 0.214789 0.470017
f 32/94/32 18/53/18 17/51/17
vt 0.003906 0.421875
vt 0.201123 0.421875
vt 0.046875 0.432787
f 19/55/19 18/53/18 34/102/34
vt 0.074219 0.472656
vt 0.003906 0.511719
vt 0.003906 0.472656
f 33/97/33 15/44/15 25/75/25
vt 0.074219 0.472656
vt 0.141285 0.506114
vt 0.003906 0.511719
f 33/97/33 16/47/16 15/45/15
vt 0.987645 0.992181
vt 0.947055 0.996849
vt 0.937641 0.986606
f 32/94/32 33/98/33 35/105/35
vt 0.841690 0.997715
vt 0.841690 0.986600
vt 0.937641 0.986606
f 25/73/25 26/77/26 35/105/35
vt 0.841690 0.997715
vt 0.937641 0.986606
vt 0.947055 0.996849
f 25/73/25 35/104/35 33/99/33
vt 0.841690 0.944597
vt 0.900233 0.944603
vt 0.841690 0.986600
f 28/82/28 36/107/36 26/78/26
vt 0.841690 0.944597
vt 0.841690 0.936391
vt 0.903686 0.936307
f 28/82/28 30/89/30 34/102/34
vt 0.841690 0.944597
vt 0.903686 0.936307
vt 0.900233 0.944603
f 28/82/28 34/101/34 36/108/36
vt 0.900233 0.944603
vt 0.903686 0.936307
vt 0.940764 0.975887
f 36/106/36 34/101/34 37/111/37
vt 0.900233 0.944603
vt 0.940764 0.975887
vt 0.937641 0.986606
f 36/106/36 37/110/37 35/105/35
vt 0.003906 0.432787
vt 0.003906 0.421875
vt 0.046875 0.432787
f 30/88/30 19/56/19 34/102/34
vt 0.046875 0.432787
vt 0.201123 0.421875
vt 0.070313 0.457031
f 34/100/34 18/53/18 37/111/37
vt 0.937641 0.986606
vt 0.841690 0.986600
vt 0.900233 0.944603
f 35/103/35 26/77/26 36/108/36
vt 0.070313 0.457031
vt 0.201123 0.421875
vt 0.119933 0.469205
f 37/109/37 18/53/18 32/96/32
vt 0.990322 0.986539
vt 0.937641 0.986606
vt 0.940764 0.975887
f 32/94/32 35/104/35 37/111/37
vt 0.003906 0.421875
vt 0.201123 0.421875
vt 0.193540 0.396330
f 19/55/19 38/113/38 39/117/39
vt 0.003906 0.421875
vt 0.193540 0.396330
vt 0.003906 0.398438
f 19/55/19 39/116/39 20/60/20
vt 0.074219 0.472656
vt 0.141760 0.506114
vt 0.119958 0.469207
f 23/67/23 40/119/40 24/72/24
vt 0.214789 0.470017
vt 0.119947 0.469201
vt 0.212125 0.488308
f 41/121/41 24/71/24 40/120/40
vt 0.214789 0.470017
vt 0.201123 0.421875
vt 0.119947 0.469201
f 41/121/41 38/113/38 24/72/24
vt 0.046875 0.432787
vt 0.201123 0.421875
vt 0.003906 0.421875
f 29/85/29 38/113/38 19/57/19
vt 0.003906 0.472656
vt 0.003906 0.511719
vt 0.074219 0.472656
f 25/73/25 15/44/15 23/69/23
vt 0.003906 0.511719
vt 0.141760 0.506114
vt 0.074219 0.472656
f 15/43/15 40/119/40 23/69/23
vt 0.046875 0.432787
vt 0.003906 0.421875
vt 0.003906 0.432787
f 29/85/29 19/56/19 30/90/30
vt 0.070313 0.457031
vt 0.201123 0.421875
vt 0.046875 0.432787
f 31/91/31 38/113/38 29/87/29
vt 0.119933 0.469205
vt 0.201123 0.421875
vt 0.070313 0.457031
f 24/70/24 38/113/38 31/93/31
vt 0.241860 0.668631
vt 0.254893 0.553992
vt 0.067314 0.596506
f 1/1/1 42/125/42 43/129/43
vt 0.241860 0.668631
vt 0.067314 0.596506
vt 0.060729 0.668631
f 1/1/1 43/128/43 2/6/2
vt 0.254893 0.553992
vt 0.257221 0.543395
vt 0.061886 0.583965
f 42/124/42 44/131/44 45/135/45
vt 0.254893 0.553992
vt 0.061886 0.583965
vt 0.067314 0.596506
f 42/124/42 45/134/45 43/129/43
vt 0.061886 0.583965
vt 0.257221 0.543395
vt 0.257670 0.530194
f 45/133/45 44/131/44 46/138/46
vt 0.257766 0.483066
vt 0.308542 0.470302
vt 0.255962 0.470601
f 45/133/45 46/137/46 47/141/47
vt 0.255962 0.470601
vt 0.308542 0.470302
vt 0.254408 0.451961
f 47/139/47 46/137/46 48/144/48
vt 0.254408 0.452501
vt 0.246775 0.445537
vt 0.249063 0.470181
f 48/142/48 49/146/49 50/150/50
vt 0.254408 0.452501
vt 0.249063 0.470181
vt 0.256437 0.470601
f 48/142/48 50/149/50 47/141/47
vt 0.256437 0.470601
vt 0.249063 0.470181
vt 0.250573 0.483209
f 47/139/47 50/149/50 51/153/51
vt 0.256437 0.470601
vt 0.250573 0.483209
vt 0.257766 0.483066
f 47/139/47 51/152/51 45/135/45
vt 0.067314 0.596506
vt 0.061886 0.583965
vt 0.043283 0.592741
f 43/127/43 45/134/45 51/153/51
vt 0.067314 0.596506
vt 0.043283 0.592741
vt 0.050993 0.600312
f 43/127/43 51/152/51 52/156/52
vt 0.060729 0.668631
vt 0.067314 0.596506
vt 0.050993 0.600312
f 2/4/2 43/128/43 52/156/52
vt 0.060729 0.668631
vt 0.050993 0.600312
vt 0.043706 0.668631
f 2/4/2 52/155/52 14/42/14
vt 0.035339 0.604180
vt 0.029768 0.668631
vt 0.043706 0.668631
f 40/118/40 15/44/15 14/42/14
vt 0.035339 0.604180
vt 0.043706 0.668631
vt 0.050993 0.600312
f 40/118/40 14/41/14 52/156/52
vt 0.043283 0.592741
vt 0.035339 0.604180
vt 0.050993 0.600312
f 51/151/51 40/119/40 52/156/52
vt 0.214829 0.470245
vt 0.211726 0.488173
vt 0.250573 0.483209
f 41/121/41 40/119/40 51/153/51
vt 0.214829 0.470245
vt 0.250573 0.483209
vt 0.249063 0.470181
f 41/121/41 51/152/51 50/150/50
vt 0.200821 0.422130
vt 0.214829 0.470245
vt 0.249063 0.470181
f 38/112/38 41/122/41 50/150/50
vt 0.200821 0.422130
vt 0.249063 0.470181
vt 0.246775 0.445537
f 38/112/38 50/149/50 49/147/49
vt 0.533586 0.290519
vt 0.500000 0.833025
vt 0.774303 0.810481
f 1/1/1 2/5/2 3/9/3
vt 0.533586 0.290519
vt 0.774303 0.810481
vt 0.959978 0.296136
f 1/1/1 3/8/3 4/12/4
vt 0.959978 0.296136
vt 0.774303 0.810481
vt 0.821997 0.829064
f 4/10/4 3/8/3 5/15/5
vt 0.959978 0.296136
vt 0.821997 0.829064
vt 1.000283 0.288165
f 4/10/4 5/14/5 6/18/6
vt 1.045687 0.286626
vt 1.000283 0.288165
vt 0.821997 0.829064
f 7/19/7 6/17/6 5/15/5
vt 1.045687 0.286626
vt 0.821997 0.829064
vt 0.855039 0.861287
f 7/19/7 5/14/5 8/24/8
vt 0.895145 0.871490
vt 1.045687 0.286626
vt 0.855039 0.861287
f 9/25/9 7/20/7 8/24/8
vt 0.895145 0.871490
vt 0.855039 0.861287
vt 0.821751 0.922346
f 9/25/9 8/23/8 10/30/10
vt 0.895145 0.871490
vt 0.821751 0.922346
vt 0.871830 0.974128
f 9/25/9 10/29/10 11/33/11
vt 0.855039 0.861287
vt 0.821997 0.829064
vt 0.788623 0.892756
f 8/22/8 5/14/5 12/36/12
vt 0.855039 0.861287
vt 0.788623 0.892756
vt 0.821751 0.922346
f 8/22/8 12/35/12 10/30/10
vt 0.774303 0.810481
vt 0.759828 0.866361
vt 0.788623 0.892756
f 3/7/3 13/38/13 12/36/12
vt 0.774303 0.810481
vt 0.788623 0.892756
vt 0.821997 0.829064
f 3/7/3 12/35/12 5/15/5
vt 0.500000 0.833025
vt 0.500000 0.891307
vt 0.759828 0.866361
f 2/4/2 14/41/14 13/39/13
vt 0.500000 0.833025
vt 0.759828 0.866361
vt 0.774303 0.810481
f 2/4/2 13/38/13 3/9/3
vt 0.500000 0.891307
vt 0.500000 0.939030
vt 0.745116 0.919957
f 14/40/14 15/44/15 16/48/16
vt 0.500000 0.891307
vt 0.745116 0.919957
vt 0.759828 0.866361
f 14/40/14 16/47/16 13/39/13
vt 0.759828 0.866361
vt 0.745116 0.919957
vt 0.788623 0.892756
f 13/37/13 16/47/16 12/36/12
vt 0.757891 0.957968
vt 0.821751 0.922346
vt 0.788623 0.892756
f 17/49/17 10/29/10 12/36/12
vt 0.757891 0.957968
vt 0.788623 0.892756
vt 0.745116 0.919957
f 17/49/17 12/35/12 16/48/16
vt 0.851541 1.024216
vt 0.871830 0.974128
vt 0.821751 0.922346
f 18/52/18 11/32/11 10/30/10
vt 0.851541 1.024216
vt 0.821751 0.922346
vt 0.757891 0.957968
f 18/52/18 10/29/10 17/51/17
vt 0.379232 1.005638
vt 0.368919 0.969226
vt 0.295801 0.972186
f 22/64/22 23/68/23 24/72/24
vt 0.500000 0.977771
vt 0.368919 0.969226
vt 0.379232 1.005638
f 25/73/25 23/68/23 22/66/22
vt 0.500000 0.977771
vt 0.379232 1.005638
vt 0.500000 1.012449
f 25/73/25 22/65/22 26/78/26
vt 0.500000 1.012449
vt 0.423770 1.022870
vt 0.500000 1.027148
f 26/76/26 27/80/27 28/84/28
vt 0.419788 1.015789
vt 0.500000 1.019679
vt 0.500000 1.027148
f 29/85/29 30/89/30 28/84/28
vt 0.419788 1.015789
vt 0.500000 1.027148
vt 0.423770 1.022870
f 29/85/29 28/83/28 27/81/27
vt 0.419788 1.015789
vt 0.423770 1.022870
vt 0.379232 1.005638
f 29/85/29 27/80/27 22/66/22
vt 0.419788 1.015789
vt 0.379232 1.005638
vt 0.376746 0.989500
f 29/85/29 22/65/22 31/93/31
vt 0.423770 1.022870
vt 0.500000 1.012449
vt 0.379232 1.005638
f 27/79/27 26/77/26 22/66/22
vt 0.376746 0.989500
vt 0.379232 1.005638
vt 0.295801 0.972186
f 31/91/31 22/65/22 24/72/24
vt 0.704199 0.972187
vt 0.745116 0.919957
vt 0.631081 0.969226
f 32/94/32 16/47/16 33/99/33
vt 0.745116 0.919957
vt 0.704199 0.972187
vt 0.757891 0.957968
f 16/46/16 32/95/32 17/51/17
vt 0.704199 0.972187
vt 0.851541 1.024216
vt 0.757891 0.957968
f 32/94/32 18/53/18 17/51/17
vt 0.500000 1.033086
vt 0.851541 1.024216
vt 0.580212 1.015788
f 19/55/19 18/53/18 34/102/34
vt 0.631081 0.969226
vt 0.500000 0.939030
vt 0.500000 0.977771
f 33/97/33 15/44/15 25/75/25
vt 0.631081 0.969226
vt 0.745116 0.919957
vt 0.500000 0.939030
f 33/97/33 16/47/16 15/45/15
vt 0.704199 0.972187
vt 0.631081 0.969226
vt 0.620767 1.005638
f 32/94/32 33/98/33 35/105/35
vt 0.500000 0.977771
vt 0.500000 1.012449
vt 0.620767 1.005638
f 25/73/25 26/77/26 35/105/35
vt 0.500000 0.977771
vt 0.620767 1.005638
vt 0.631081 0.969226
f 25/73/25 35/104/35 33/99/33
vt 0.500000 1.027148
vt 0.576230 1.022870
vt 0.500000 1.012449
f 28/82/28 36/107/36 26/78/26
vt 0.500000 1.027148
vt 0.500000 1.019679
vt 0.580212 1.015788
f 28/82/28 30/89/30 34/102/34
vt 0.500000 1.027148
vt 0.580212 1.015788
vt 0.576230 1.022870
f 28/82/28 34/101/34 36/108/36
vt 0.576230 1.022870
vt 0.580212 1.015788
vt 0.623254 0.989500
f 36/106/36 34/101/34 37/111/37
vt 0.576230 1.022870
vt 0.623254 0.989500
vt 0.620767 1.005638
f 36/106/36 37/110/37 35/105/35
vt 0.500000 1.019679
vt 0.500000 1.033086
vt 0.580212 1.015788
f 30/88/30 19/56/19 34/102/34
vt 0.580212 1.015788
vt 0.851541 1.024216
vt 0.623254 0.989500
f 34/100/34 18/53/18 37/111/37
vt 0.620767 1.005638
vt 0.500000 1.012449
vt 0.576230 1.022870
f 35/103/35 26/77/26 36/108/36
vt 0.623254 0.989500
vt 0.851541 1.024216
vt 0.704199 0.972187
f 37/109/37 18/53/18 32/96/32
vt 0.704199 0.972187
vt 0.620767 1.005638
vt 0.623254 0.989500
f 32/94/32 35/104/35 37/111/37
vt 0.368919 0.969226
vt 0.254884 0.919957
vt 0.295801 0.972186
f 23/67/23 40/119/40 24/72/24
vt 0.242110 0.957968
vt 0.295801 0.972186
vt 0.254884 0.919957
f 41/121/41 24/71/24 40/120/40
vt 0.242110 0.957968
vt 0.148459 1.024216
vt 0.295801 0.972186
f 41/121/41 38/113/38 24/72/24
vt 0.419788 1.015789
vt 0.148459 1.024216
vt 0.500000 1.033086
f 29/85/29 38/113/38 19/57/19
vt 0.500000 0.977771
vt 0.500000 0.939030
vt 0.368919 0.969226
f 25/73/25 15/44/15 23/69/23
vt 0.500000 0.939030
vt 0.254884 0.919957
vt 0.368919 0.969226
f 15/43/15 40/119/40 23/69/23
vt 0.419788 1.015789
vt 0.500000 1.033086
vt 0.500000 1.019679
f 29/85/29 19/56/19 30/90/30
vt 0.376746 0.989500
vt 0.148459 1.024216
vt 0.419788 1.015789
f 31/91/31 38/113/38 29/87/29
vt 0.295801 0.972186
vt 0.148459 1.024216
vt 0.376746 0.989500
f 24/70/24 38/113/38 31/93/31
vt 0.533586 0.290519
vt 0.097598 0.424021
vt 0.225697 0.810481
f 1/1/1 42/125/42 43/129/43
vt 0.533586 0.290519
vt 0.225697 0.810481
vt 0.500000 0.833025
f 1/1/1 43/128/43 2/6/2
vt 0.097598 0.424021
vt 0.057293 0.416050
vt 0.178003 0.829064
f 42/124/42 44/131/44 45/135/45
vt 0.097598 0.424021
vt 0.178003 0.829064
vt 0.225697 0.810481
f 42/124/42 45/134/45 43/129/43
vt 0.178003 0.829064
vt 0.057293 0.416050
vt 0.007090 0.418504
f 45/133/45 44/131/44 46/138/46
vt 0.178003 0.829064
vt 0.007090 0.418504
vt 0.144961 0.861287
f 45/133/45 46/137/46 47/141/47
vt 0.144961 0.861287
vt 0.007090 0.418504
vt 0.104854 0.871490
f 47/139/47 46/137/46 48/144/48
vt 0.104854 0.871490
vt 0.128170 0.974128
vt 0.178249 0.922346
f 48/142/48 49/146/49 50/150/50
vt 0.104854 0.871490
vt 0.178249 0.922346
vt 0.144961 0.861287
f 48/142/48 50/149/50 47/141/47
vt 0.144961 0.861287
vt 0.178249 0.922346
vt 0.211377 0.892756
f 47/139/47 50/149/50 51/153/51
vt 0.144961 0.861287
vt 0.211377 0.892756
vt 0.178003 0.829064
f 47/139/47 51/152/51 45/135/45
vt 0.225697 0.810481
vt 0.178003 0.829064
vt 0.211377 0.892756
f 43/127/43 45/134/45 51/153/51
vt 0.225697 0.810481
vt 0.211377 0.892756
vt 0.240172 0.866361
f 43/127/43 51/152/51 52/156/52
vt 0.500000 0.833025
vt 0.225697 0.810481
vt 0.240172 0.866361
f 2/4/2 43/128/43 52/156/52
vt 0.500000 0.833025
vt 0.240172 0.866361
vt 0.500000 0.891307
f 2/4/2 52/155/52 14/42/14
vt 0.254884 0.919957
vt 0.500000 0.939030
vt 0.500000 0.891307
f 40/118/40 15/44/15 14/42/14
vt 0.254884 0.919957
vt 0.500000 0.891307
vt 0.240172 0.866361
f 40/118/40 14/41/14 52/156/52
vt 0.211377 0.892756
vt 0.254884 0.919957
vt 0.240172 0.866361
f 51/151/51 40/119/40 52/156/52
vt 0.242110 0.957968
vt 0.254884 0.919957
vt 0.211377 0.892756
f 41/121/41 40/119/40 51/153/51
vt 0.242110 0.957968
vt 0.211377 0.892756
vt 0.178249 0.922346
f 41/121/41 51/152/51 50/150/50
vt 0.148459 1.024216
vt 0.242110 0.957968
vt 0.178249 0.922346
f 38/112/38 41/122/41 50/150/50
vt 0.148459 1.024216
vt 0.178249 0.922346
vt 0.128170 0.974128
f 38/112/38 50/149/50 49/147/49
vt 0.254893 0.553992
vt 0.067314 0.596506
vt 0.061886 0.583965
f 1/1/1 2/5/2 3/9/3
vt 0.254893 0.553992
vt 0.061886 0.583965
vt 0.257221 0.543395
f 1/1/1 3/8/3 4/12/4
vt 0.257670 0.530194
vt 0.257221 0.543395
vt 0.061886 0.583965
f 5/13/5 4/11/4 3/9/3
vt 0.308542 0.470302
vt 0.257766 0.483066
vt 0.255962 0.470601
f 5/13/5 3/8/3 6/18/6
vt 0.254408 0.451961
vt 0.308542 0.470302
vt 0.255962 0.470601
f 7/19/7 5/14/5 6/18/6
vt 0.254408 0.451961
vt 0.255962 0.470601
vt 0.249063 0.470181
f 7/19/7 6/17/6 8/24/8
vt 0.254408 0.451961
vt 0.249063 0.470181
vt 0.246775 0.444997
f 7/19/7 8/23/8 9/27/9
vt 0.255962 0.470601
vt 0.257766 0.483066
vt 0.250573 0.483748
f 6/16/6 3/8/3 10/30/10
vt 0.255962 0.470601
vt 0.250573 0.483748
vt 0.249063 0.470181
f 6/16/6 10/29/10 8/24/8
vt 0.043283 0.592741
vt 0.061886 0.583965
vt 0.067314 0.596506
f 10/28/10 3/8/3 2/6/2
vt 0.043283 0.592741
vt 0.067314 0.596506
vt 0.050993 0.600312
f 10/28/10 2/5/2 11/33/11
vt 0.060729 0.668631
vt 0.043706 0.668631
vt 0.050993 0.600312
f 12/34/12 13/38/13 11/33/11
vt 0.060729 0.668631
vt 0.050993 0.600312
vt 0.067314 0.596506
f 12/34/12 11/32/11 2/6/2
vt 0.043706 0.668631
vt 0.029768 0.668631
vt 0.035339 0.604180
f 13/37/13 14/41/14 15/45/15
vt 0.043706 0.668631
vt 0.035339 0.604180
vt 0.050993 0.600312
f 13/37/13 15/44/15 11/33/11
vt 0.050993 0.600312
vt 0.035339 0.604180
vt 0.043283 0.592741
f 11/31/11 15/44/15 10/30/10
vt 0.250573 0.483748
vt 0.212201 0.488173
vt 0.214829 0.470245
f 10/28/10 15/44/15 16/48/16
vt 0.250573 0.483748
vt 0.214829 0.470245
vt 0.249063 0.470181
f 10/28/10 16/47/16 8/24/8
vt 0.200821 0.422130
vt 0.246775 0.444997
vt 0.249063 0.470181
f 17/49/17 9/26/9 8/24/8
vt 0.200821 0.422130
vt 0.249063 0.470181
vt 0.214829 0.470245
f 17/49/17 8/23/8 16/48/16
vt 0.003906 0.421875
vt 0.003906 0.398438
vt 0.193540 0.396330
f 18/52/18 19/56/19 20/60/20
vt 0.003906 0.421875
vt 0.193540 0.396330
vt 0.201123 0.421875
f 18/52/18 20/59/20 17/51/17
vt 0.746519 0.986606
vt 0.736325 0.996849
vt 0.695736 0.992181
f 21/61/21 22/65/22 23/69/23
vt 0.841690 0.997715
vt 0.736325 0.996849
vt 0.746519 0.986606
f 24/70/24 22/65/22 21/63/21
vt 0.841690 0.997715
vt 0.746519 0.986606
vt 0.841690 0.986600
f 24/70/24 21/62/21 25/75/25
vt 0.841690 0.986600
vt 0.783927 0.944603
vt 0.841690 0.944597
f 25/73/25 26/77/26 27/81/27
vt 0.779695 0.936308
vt 0.841690 0.936391
vt 0.841690 0.944597
f 28/82/28 29/86/29 27/81/27
vt 0.779695 0.936308
vt 0.841690 0.944597
vt 0.783927 0.944603
f 28/82/28 27/80/27 26/78/26
vt 0.746519 0.986606
vt 0.742617 0.975887
vt 0.779695 0.936308
f 21/61/21 30/89/30 28/84/28
vt 0.746519 0.986606
vt 0.779695 0.936308
vt 0.783927 0.944603
f 21/61/21 28/83/28 26/78/26
vt 0.783927 0.944603
vt 0.841690 0.986600
vt 0.746519 0.986606
f 26/76/26 25/74/25 21/63/21
vt 0.742617 0.975887
vt 0.746519 0.986606
vt 0.693058 0.986539
f 30/88/30 21/62/21 23/69/23
vt 0.119958 0.469207
vt 0.141760 0.506114
vt 0.074219 0.472656
f 31/91/31 15/44/15 32/96/32
vt 0.211649 0.488308
vt 0.119947 0.469201
vt 0.214789 0.470556
f 15/43/15 31/92/31 16/48/16
vt 0.119947 0.469201
vt 0.201123 0.421875
vt 0.214789 0.470556
f 31/91/31 17/50/17 16/48/16
vt 0.003906 0.421875
vt 0.201123 0.421875
vt 0.046875 0.432787
f 18/52/18 17/50/17 33/99/33
vt 0.074219 0.472656
vt 0.003906 0.511719
vt 0.003906 0.472656
f 32/94/32 14/41/14 24/72/24
vt 0.074219 0.472656
vt 0.141760 0.506114
vt 0.003906 0.511719
f 32/94/32 15/44/15 14/42/14
vt 0.987645 0.992181
vt 0.947055 0.996849
vt 0.937641 0.986606
f 31/91/31 32/95/32 34/102/34
vt 0.841690 0.997715
vt 0.841690 0.986600
vt 0.937641 0.986606
f 24/70/24 25/74/25 34/102/34
vt 0.841690 0.997715
vt 0.937641 0.986606
vt 0.947055 0.996849
f 24/70/24 34/101/34 32/96/32
vt 0.841690 0.944597
vt 0.900233 0.944603
vt 0.841690 0.986600
f 27/79/27 35/104/35 25/75/25
vt 0.841690 0.944597
vt 0.841690 0.936391
vt 0.903686 0.936307
f 27/79/27 29/86/29 33/99/33
vt 0.841690 0.944597
vt 0.903686 0.936307
vt 0.900233 0.944603
f 27/79/27 33/98/33 35/105/35
vt 0.940764 0.975887
vt 0.937641 0.986606
vt 0.900233 0.944603
f 36/106/36 34/101/34 35/105/35
vt 0.940764 0.975887
vt 0.900233 0.944603
vt 0.903686 0.936307
f 36/106/36 35/104/35 33/99/33
vt 0.003906 0.432787
vt 0.003906 0.421875
vt 0.046875 0.432787
f 29/85/29 18/53/18 33/99/33
vt 0.046875 0.432787
vt 0.201123 0.421875
vt 0.070313 0.457031
f 33/97/33 17/50/17 36/108/36
vt 0.937641 0.986606
vt 0.841690 0.986600
vt 0.900233 0.944603
f 34/100/34 25/74/25 35/105/35
vt 0.070313 0.457031
vt 0.201123 0.421875
vt 0.119933 0.469205
f 36/106/36 17/50/17 31/93/31
vt 0.990322 0.986539
vt 0.937641 0.986606
vt 0.940764 0.975887
f 31/91/31 34/101/34 36/108/36
vt 0.003906 0.421875
vt 0.201123 0.421875
vt 0.193540 0.396330
f 18/52/18 37/110/37 38/114/38
vt 0.003906 0.421875
vt 0.193540 0.396330
vt 0.003906 0.398438
f 18/52/18 38/113/38 19/57/19
vt 0.074219 0.472656
vt 0.141760 0.506114
vt 0.119958 0.469207
f 22/64/22 39/116/39 23/69/23
vt 0.214789 0.470556
vt 0.119947 0.469201
vt 0.211649 0.488308
f 40/118/40 23/68/23 39/117/39
vt 0.214789 0.470556
vt 0.201123 0.421875
vt 0.119947 0.469201
f 40/118/40 37/110/37 23/69/23
vt 0.046875 0.432787
vt 0.201123 0.421875
vt 0.003906 0.421875
f 28/82/28 37/110/37 18/54/18
vt 0.003906 0.472656
vt 0.003906 0.511719
vt 0.074219 0.472656
f 24/70/24 14/41/14 22/66/22
vt 0.003906 0.511719
vt 0.141760 0.506114
vt 0.074219 0.472656
f 14/40/14 39/116/39 22/66/22
vt 0.046875 0.432787
vt 0.003906 0.421875
vt 0.003906 0.432787
f 28/82/28 18/53/18 29/87/29
vt 0.070313 0.457031
vt 0.201123 0.421875
vt 0.046875 0.432787
f 30/88/30 37/110/37 28/84/28
vt 0.119933 0.469205
vt 0.201123 0.421875
vt 0.070313 0.457031
f 23/67/23 37/110/37 30/90/30
vt 0.254893 0.553992
vt 0.257221 0.543395
vt 0.061886 0.583965
f 41/121/41 42/125/42 43/129/43
vt 0.254893 0.553992
vt 0.061886 0.583965
vt 0.067314 0.596506
f 41/121/41 43/128/43 44/132/44
vt 0.061886 0.583965
vt 0.257221 0.543395
vt 0.257670 0.530194
f 43/127/43 42/125/42 45/135/45
vt 0.257766 0.483066
vt 0.308542 0.470302
vt 0.255962 0.470601
f 43/127/43 45/134/45 46/138/46
vt 0.255962 0.470601
vt 0.308542 0.470302
vt 0.254408 0.451961
f 46/136/46 45/134/45 47/141/47
vt 0.249063 0.470181
vt 0.255962 0.470601
vt 0.254408 0.451961
f 48/142/48 46/137/46 47/141/47
vt 0.249063 0.470181
vt 0.254408 0.451961
vt 0.246775 0.444997
f 48/142/48 47/140/47 49/147/49
vt 0.250573 0.483748
vt 0.257766 0.483066
vt 0.255962 0.470601
f 50/148/50 43/128/43 46/138/46
vt 0.250573 0.483748
vt 0.255962 0.470601
vt 0.249063 0.470181
f 50/148/50 46/137/46 48/144/48
vt 0.067314 0.596506
vt 0.061886 0.583965
vt 0.043283 0.592741
f 44/130/44 43/128/43 50/150/50
vt 0.067314 0.596506
vt 0.043283 0.592741
vt 0.050993 0.600312
f 44/130/44 50/149/50 51/153/51
vt 0.060729 0.668631
vt 0.067314 0.596506
vt 0.050993 0.600312
f 12/34/12 44/131/44 51/153/51
vt 0.060729 0.668631
vt 0.050993 0.600312
vt 0.043706 0.668631
f 12/34/12 51/152/51 13/39/13
vt 0.043706 0.668631
vt 0.050993 0.600312
vt 0.035339 0.604180
f 13/37/13 51/152/51 39/117/39
vt 0.043706 0.668631
vt 0.035339 0.604180
vt 0.029768 0.668631
f 13/37/13 39/116/39 14/42/14
vt 0.043283 0.592741
vt 0.035339 0.604180
vt 0.050993 0.600312
f 50/148/50 39/116/39 51/153/51
vt 0.214829 0.470245
vt 0.212201 0.488173
vt 0.250573 0.483748
f 40/118/40 39/116/39 50/150/50
vt 0.214829 0.470245
vt 0.250573 0.483748
vt 0.249063 0.470181
f 40/118/40 50/149/50 48/144/48
vt 0.200821 0.422130
vt 0.214829 0.470245
vt 0.249063 0.470181
f 37/109/37 40/119/40 48/144/48
vt 0.200821 0.422130
vt 0.249063 0.470181
vt 0.246775 0.444997
f 37/109/37 48/143/48 49/147/49
vt 0.067314 0.596506
vt 0.060729 0.668631
vt 0.106904 0.668631
f 44/130/44 12/35/12 52/156/52
vt 0.067314 0.596506
vt 0.106904 0.668631
vt 0.106905 0.642264
f 44/130/44 52/155/52 53/159/53
vt 0.254893 0.553992
vt 0.067314 0.596506
vt 0.106905 0.642264
f 41/121/41 44/131/44 53/159/53
vt 0.254893 0.553992
vt 0.106905 0.642264
vt 0.214316 0.642266
f 41/121/41 53/158/53 54/162/54
vt 0.241860 0.668631
vt 0.254893 0.553992
vt 0.214316 0.642266
f 55/163/55 41/122/41 54/162/54
vt 0.214314 0.668631
vt 0.241860 0.668631
vt 0.214316 0.642266
f 56/166/56 55/164/55 54/162/54
vt 0.106905 0.642264
vt 0.106904 0.668631
vt 0.060729 0.668631
f 57/169/57 52/155/52 12/36/12
vt 0.106905 0.642264
vt 0.060729 0.668631
vt 0.067314 0.596506
f 57/169/57 12/35/12 2/6/2
vt 0.106905 0.642264
vt 0.067314 0.596506
vt 0.254893 0.553992
f 57/169/57 2/5/2 1/3/1
vt 0.214316 0.642266
vt 0.106905 0.642264
vt 0.254893 0.553992
f 58/172/58 57/170/57 1/3/1
vt 0.214316 0.642266
vt 0.254893 0.553992
vt 0.241860 0.668631
f 58/172/58 1/2/1 55/165/55
vt 0.214316 0.642266
vt 0.241860 0.668631
vt 0.214314 0.668631
f 58/172/58 55/164/55 56/168/56
vt 0.886050 0.265641
vt 0.727705 0.784627
vt 0.769843 0.802093
f 1/1/1 2/5/2 3/9/3
vt 0.886050 0.265641
vt 0.769843 0.802093
vt 0.921738 0.257864
f 1/1/1 3/8/3 4/12/4
vt 0.966191 0.256362
vt 0.921738 0.257864
vt 0.769843 0.802093
f 5/13/5 4/11/4 3/9/3
vt 0.966191 0.256362
vt 0.769843 0.802093
vt 0.799037 0.832377
f 5/13/5 3/8/3 6/18/6
vt 0.834471 0.841966
vt 0.966191 0.256362
vt 0.799037 0.832377
f 7/19/7 5/14/5 6/18/6
vt 0.834471 0.841966
vt 0.799037 0.832377
vt 0.769626 0.889763
f 7/19/7 6/17/6 8/24/8
vt 0.834471 0.841966
vt 0.769626 0.889763
vt 0.813872 0.938429
f 7/19/7 8/23/8 9/27/9
vt 0.799037 0.832377
vt 0.769843 0.802093
vt 0.740357 0.861953
f 6/16/6 3/8/3 10/30/10
vt 0.799037 0.832377
vt 0.740357 0.861953
vt 0.769626 0.889763
f 6/16/6 10/29/10 8/24/8
vt 0.740357 0.861953
vt 0.769843 0.802093
vt 0.727705 0.784627
f 10/28/10 3/8/3 2/6/2
vt 0.740357 0.861953
vt 0.727705 0.784627
vt 0.714916 0.837145
f 10/28/10 2/5/2 11/33/11
vt 0.485354 0.805815
vt 0.485354 0.860591
vt 0.714916 0.837145
f 12/34/12 13/38/13 11/33/11
vt 0.485354 0.805815
vt 0.714916 0.837145
vt 0.727705 0.784627
f 12/34/12 11/32/11 2/6/2
vt 0.485354 0.860591
vt 0.485354 0.905443
vt 0.701917 0.887517
f 13/37/13 14/41/14 15/45/15
vt 0.485354 0.860591
vt 0.701917 0.887517
vt 0.714916 0.837145
f 13/37/13 15/44/15 11/33/11
vt 0.714916 0.837145
vt 0.701917 0.887517
vt 0.740357 0.861953
f 11/31/11 15/44/15 10/30/10
vt 0.740357 0.861953
vt 0.701917 0.887517
vt 0.713204 0.923241
f 10/28/10 15/44/15 16/48/16
vt 0.740357 0.861953
vt 0.713204 0.923241
vt 0.769626 0.889763
f 10/28/10 16/47/16 8/24/8
vt 0.795946 0.985503
vt 0.813872 0.938429
vt 0.769626 0.889763
f 17/49/17 9/26/9 8/24/8
vt 0.795946 0.985503
vt 0.769626 0.889763
vt 0.713204 0.923241
f 17/49/17 8/23/8 16/48/16
vt 0.378653 0.968043
vt 0.369541 0.933821
vt 0.304940 0.936604
f 21/61/21 22/65/22 23/69/23
vt 0.485354 0.941853
vt 0.369541 0.933821
vt 0.378653 0.968043
f 24/70/24 22/65/22 21/63/21
vt 0.485354 0.941853
vt 0.378653 0.968043
vt 0.485354 0.974444
f 24/70/24 21/62/21 25/75/25
vt 0.485354 0.974444
vt 0.418003 0.984238
vt 0.485354 0.988259
f 25/73/25 26/77/26 27/81/27
vt 0.418003 0.984238
vt 0.485354 0.974444
vt 0.378653 0.968043
f 26/76/26 25/74/25 21/63/21
vt 0.665767 0.936604
vt 0.701917 0.887517
vt 0.601166 0.933821
f 31/91/31 15/44/15 32/96/32
vt 0.701917 0.887517
vt 0.665767 0.936604
vt 0.713204 0.923241
f 15/43/15 31/92/31 16/48/16
vt 0.665767 0.936604
vt 0.795946 0.985503
vt 0.713204 0.923241
f 31/91/31 17/50/17 16/48/16
vt 0.485354 0.993839
vt 0.795946 0.985503
vt 0.556222 0.977583
f 18/52/18 17/50/17 33/99/33
vt 0.601166 0.933821
vt 0.485354 0.905443
vt 0.485354 0.941853
f 32/94/32 14/41/14 24/72/24
vt 0.601166 0.933821
vt 0.701917 0.887517
vt 0.485354 0.905443
f 32/94/32 15/44/15 14/42/14
vt 0.665767 0.936604
vt 0.601166 0.933821
vt 0.592054 0.968043
f 31/91/31 32/95/32 34/102/34
vt 0.485354 0.941853
vt 0.485354 0.974444
vt 0.592054 0.968043
f 24/70/24 25/74/25 34/102/34
vt 0.485354 0.941853
vt 0.592054 0.968043
vt 0.601166 0.933821
f 24/70/24 34/101/34 32/96/32
vt 0.485354 0.988259
vt 0.552704 0.984238
vt 0.485354 0.974444
f 27/79/27 35/104/35 25/75/25
vt 0.485354 0.981239
vt 0.485354 0.993839
vt 0.556222 0.977583
f 29/85/29 18/53/18 33/99/33
vt 0.556222 0.977583
vt 0.795946 0.985503
vt 0.594251 0.952876
f 33/97/33 17/50/17 36/108/36
vt 0.592054 0.968043
vt 0.485354 0.974444
vt 0.552704 0.984238
f 34/100/34 25/74/25 35/105/35
vt 0.594251 0.952876
vt 0.795946 0.985503
vt 0.665767 0.936604
f 36/106/36 17/50/17 31/93/31
vt 0.369541 0.933821
vt 0.268789 0.887517
vt 0.304940 0.936604
f 22/64/22 39/116/39 23/69/23
vt 0.257503 0.923241
vt 0.304940 0.936604
vt 0.268789 0.887517
f 40/118/40 23/68/23 39/117/39
vt 0.257503 0.923241
vt 0.174761 0.985503
vt 0.304940 0.936604
f 40/118/40 37/110/37 23/69/23
vt 0.414485 0.977583
vt 0.174761 0.985503
vt 0.485354 0.993839
f 28/82/28 37/110/37 18/54/18
vt 0.485354 0.941853
vt 0.485354 0.905443
vt 0.369541 0.933821
f 24/70/24 14/41/14 22/66/22
vt 0.485354 0.905443
vt 0.268789 0.887517
vt 0.369541 0.933821
f 14/40/14 39/116/39 22/66/22
vt 0.414485 0.977583
vt 0.485354 0.993839
vt 0.485354 0.981239
f 28/82/28 18/53/18 29/87/29
vt 0.376456 0.952876
vt 0.174761 0.985503
vt 0.414485 0.977583
f 30/88/30 37/110/37 28/84/28
vt 0.304940 0.936604
vt 0.174761 0.985503
vt 0.376456 0.952876
f 23/67/23 37/110/37 30/90/30
vt 0.113950 0.265641
vt 0.078261 0.257864
vt 0.200863 0.802093
f 41/121/41 42/125/42 43/129/43
vt 0.113950 0.265641
vt 0.200863 0.802093
vt 0.243002 0.784627
f 41/121/41 43/128/43 44/132/44
vt 0.200863 0.802093
vt 0.078261 0.257864
vt 0.033809 0.256362
f 43/127/43 42/125/42 45/135/45
vt 0.200863 0.802093
vt 0.033809 0.256362
vt 0.171670 0.832377
f 43/127/43 45/134/45 46/138/46
vt 0.171670 0.832377
vt 0.033809 0.256362
vt 0.136235 0.841966
f 46/136/46 45/134/45 47/141/47
vt 0.201080 0.889763
vt 0.171670 0.832377
vt 0.136235 0.841966
f 48/142/48 46/137/46 47/141/47
vt 0.201080 0.889763
vt 0.136235 0.841966
vt 0.156835 0.938429
f 48/142/48 47/140/47 49/147/49
vt 0.230350 0.861953
vt 0.200863 0.802093
vt 0.171670 0.832377
f 50/148/50 43/128/43 46/138/46
vt 0.230350 0.861953
vt 0.171670 0.832377
vt 0.201080 0.889763
f 50/148/50 46/137/46 48/144/48
vt 0.243002 0.784627
vt 0.200863 0.802093
vt 0.230350 0.861953
f 44/130/44 43/128/43 50/150/50
vt 0.243002 0.784627
vt 0.230350 0.861953
vt 0.255791 0.837145
f 44/130/44 50/149/50 51/153/51
vt 0.485354 0.805815
vt 0.243002 0.784627
vt 0.255791 0.837145
f 12/34/12 44/131/44 51/153/51
vt 0.485354 0.805815
vt 0.255791 0.837145
vt 0.485354 0.860591
f 12/34/12 51/152/51 13/39/13
vt 0.485354 0.860591
vt 0.255791 0.837145
vt 0.268789 0.887517
f 13/37/13 51/152/51 39/117/39
vt 0.485354 0.860591
vt 0.268789 0.887517
vt 0.485354 0.905443
f 13/37/13 39/116/39 14/42/14
vt 0.230350 0.861953
vt 0.268789 0.887517
vt 0.255791 0.837145
f 50/148/50 39/116/39 51/153/51
vt 0.257503 0.923241
vt 0.268789 0.887517
vt 0.230350 0.861953
f 40/118/40 39/116/39 50/150/50
vt 0.257503 0.923241
vt 0.230350 0.861953
vt 0.201080 0.889763
f 40/118/40 50/149/50 48/144/48
vt 0.174761 0.985503
vt 0.257503 0.923241
vt 0.201080 0.889763
f 37/109/37 40/119/40 48/144/48
vt 0.174761 0.985503
vt 0.201080 0.889763
vt 0.156835 0.938429
f 37/109/37 48/143/48 49/147/49
vt 0.243002 0.784627
vt 0.485354 0.805815
vt 0.500000 0.574265
f 44/130/44 12/35/12 52/156/52
vt 0.243002 0.784627
vt 0.500000 0.574265
vt 0.411386 0.574265
f 44/130/44 52/155/52 53/159/53
vt 0.113950 0.265641
vt 0.243002 0.784627
vt 0.411386 0.574265
f 41/121/41 44/131/44 53/159/53
vt 0.113950 0.265641
vt 0.411386 0.574265
vt 0.411191 0.401195
f 41/121/41 53/158/53 54/162/54
vt 0.500000 0.309178
vt 0.113950 0.265641
vt 0.411191 0.401195
f 55/163/55 41/122/41 54/162/54
vt 0.500000 0.401195
vt 0.500000 0.309178
vt 0.411191 0.401195
f 56/166/56 55/164/55 54/162/54
vt 0.588601 0.574265
vt 0.500000 0.574265
vt 0.485354 0.805815
f 57/169/57 52/155/52 12/36/12
vt 0.588601 0.574265
vt 0.485354 0.805815
vt 0.727705 0.784627
f 57/169/57 12/35/12 2/6/2
vt 0.588601 0.574265
vt 0.727705 0.784627
vt 0.886050 0.265641
f 57/169/57 2/5/2 1/3/1
vt 0.588796 0.401195
vt 0.588601 0.574265
vt 0.886050 0.265641
f 58/172/58 57/170/57 1/3/1
vt 0.588796 0.401195
vt 0.886050 0.265641
vt 0.500000 0.309178
f 58/172/58 1/2/1 55/165/55
vt 0.588796 0.401195
vt 0.500000 0.309178
vt 0.500000 0.401195
f 58/172/58 55/164/55 56/168/56
vt 0.202974 0.753803
vt 0.268132 0.673266
vt 0.242306 0.813678
f 1/1/1 2/5/2 3/9/3
vt 0.301709 0.813678
vt 0.242306 0.813678
vt 0.268132 0.673266
f 4/10/4 3/8/3 2/6/2
vt 0.301709 0.813678
vt 0.268132 0.673266
vt 0.498127 0.673266
f 4/10/4 2/5/2 5/15/5
vt 0.301709 0.813678
vt 0.498127 0.673266
vt 0.498127 0.813678
f 4/10/4 5/14/5 6/18/6
vt 0.301709 0.813678
vt 0.498127 0.813678
vt 0.498127 0.828723
f 4/10/4 6/17/6 7/21/7
vt 0.301709 0.813678
vt 0.498127 0.828723
vt 0.301616 0.828723
f 4/10/4 7/20/7 8/24/8
vt 0.301709 0.813678
vt 0.301616 0.828723
vt 0.242784 0.828723
f 4/10/4 8/23/8 9/27/9
vt 0.301709 0.813678
vt 0.242784 0.828723
vt 0.242306 0.813678
f 4/10/4 9/26/9 3/9/3
vt 0.243591 0.839006
vt 0.242784 0.828723
vt 0.301616 0.828723
f 10/28/10 9/26/9 8/24/8
vt 0.243591 0.839006
vt 0.301616 0.828723
vt 0.301632 0.838940
f 10/28/10 8/23/8 11/33/11
vt 0.301632 0.838940
vt 0.301616 0.828723
vt 0.498127 0.828723
f 11/31/11 8/23/8 7/21/7
vt 0.301632 0.838940
vt 0.498127 0.828723
vt 0.494128 0.847905
f 11/31/11 7/20/7 12/36/12
vt 0.301632 0.838940
vt 0.494128 0.847905
vt 0.303475 0.846550
f 11/31/11 12/35/12 13/39/13
vt 0.303475 0.846550
vt 0.494128 0.847905
vt 0.392271 0.882489
f 13/37/13 12/35/12 14/42/14
vt 0.303475 0.846550
vt 0.392271 0.882489
vt 0.364189 0.882463
f 13/37/13 14/41/14 15/45/15
vt 0.303475 0.846550
vt 0.364189 0.882463
vt 0.305619 0.862636
f 13/37/13 15/44/15 16/48/16
vt 0.305619 0.862636
vt 0.364189 0.882463
vt 0.311602 0.876563
f 16/46/16 15/44/15 17/51/17
vt 0.395545 0.882489
vt 0.392271 0.882489
vt 0.494128 0.847905
f 18/52/18 14/41/14 12/36/12
vt 0.494128 0.847905
vt 0.528608 0.848116
vt 0.519054 0.891610
f 12/34/12 19/56/19 20/60/20
vt 0.494128 0.847905
vt 0.519054 0.891610
vt 0.477106 0.882489
f 12/34/12 20/59/20 21/63/21
vt 0.494128 0.847905
vt 0.498127 0.828723
vt 0.528608 0.827368
f 12/34/12 7/20/7 22/66/22
vt 0.494128 0.847905
vt 0.528608 0.827368
vt 0.528608 0.848116
f 12/34/12 22/65/22 19/57/19
vt 0.498127 0.828723
vt 0.498127 0.813678
vt 0.528608 0.810578
f 7/19/7 6/17/6 23/69/23
vt 0.498127 0.828723
vt 0.528608 0.810578
vt 0.528608 0.827368
f 7/19/7 23/68/23 22/66/22
vt 0.498127 0.813678
vt 0.498127 0.673266
vt 0.528608 0.673256
f 6/16/6 5/14/5 24/72/24
vt 0.498127 0.813678
vt 0.528608 0.673256
vt 0.528608 0.810578
f 6/16/6 24/71/24 23/69/23
vt 0.537576 0.848116
vt 0.528608 0.848116
vt 0.528608 0.827368
f 25/73/25 19/56/19 22/66/22
vt 0.537576 0.848116
vt 0.528608 0.827368
vt 0.537576 0.834735
f 25/73/25 22/65/22 26/78/26
vt 0.537576 0.834735
vt 0.528608 0.827368
vt 0.528608 0.810578
f 26/76/26 22/65/22 23/69/23
vt 0.537576 0.834735
vt 0.528608 0.810578
vt 0.537576 0.813678
f 26/76/26 23/68/23 27/81/27
vt 0.528608 0.810578
vt 0.528608 0.673256
vt 0.537576 0.673256
f 23/67/23 24/71/24 28/84/28
vt 0.528608 0.810578
vt 0.537576 0.673256
vt 0.537576 0.813678
f 23/67/23 28/83/28 27/81/27
vt 0.964818 0.838021
vt 0.537576 0.848116
vt 0.537576 0.834735
f 29/85/29 25/74/25 26/78/26
vt 0.964818 0.838021
vt 0.537576 0.834735
vt 0.968910 0.827694
f 29/85/29 26/77/26 30/90/30
vt 0.968910 0.827694
vt 0.537576 0.834735
vt 0.537576 0.813678
f 30/88/30 26/77/26 27/81/27
vt 0.968910 0.827694
vt 0.537576 0.813678
vt 0.973861 0.813678
f 30/88/30 27/80/27 31/93/31
vt 0.682398 0.742238
vt 0.537576 0.813678
vt 0.537576 0.673256
f 32/94/32 27/80/27 28/84/28
vt 0.537576 0.673256
vt 0.662650 0.673256
vt 0.675589 0.722785
f 28/82/28 33/98/33 34/102/34
vt 0.537576 0.673256
vt 0.675589 0.722785
vt 0.682398 0.742238
f 28/82/28 34/101/34 32/96/32
vt 0.537576 0.813678
vt 0.682398 0.742238
vt 0.695594 0.752932
f 27/79/27 32/95/32 35/105/35
vt 0.537576 0.813678
vt 0.695594 0.752932
vt 0.717663 0.759513
f 27/79/27 35/104/35 36/108/36
vt 0.973861 0.813678
vt 0.537576 0.813678
vt 0.717663 0.759513
f 31/91/31 27/80/27 36/108/36
vt 0.973861 0.813678
vt 0.717663 0.759513
vt 0.780895 0.760577
f 31/91/31 36/107/36 37/111/37
vt 0.802588 0.754916
vt 0.973861 0.813678
vt 0.780895 0.760577
f 38/112/38 31/92/31 37/111/37
vt 0.973861 0.813678
vt 0.802588 0.754916
vt 0.953170 0.748370
f 31/91/31 38/113/38 39/117/39
vt 0.953170 0.748370
vt 0.817976 0.741334
vt 0.857084 0.681700
f 39/115/39 40/119/40 41/123/41
vt 0.953170 0.748370
vt 0.857084 0.681700
vt 0.953170 0.703340
f 39/115/39 41/122/41 42/126/42
vt 0.953170 0.689477
vt 0.953170 0.703340
vt 0.857084 0.681700
f 43/127/43 42/125/42 41/123/41
vt 0.555863 0.525019
vt 0.565143 0.523095
vt 0.559149 0.540680
f 19/55/19 25/74/25 44/132/44
vt 0.559149 0.552467
vt 0.559149 0.540680
vt 0.567690 0.552540
f 45/133/45 44/131/44 46/138/46
vt 0.565143 0.523095
vt 0.999500 0.523095
vt 0.559149 0.540680
f 25/73/25 29/86/29 44/132/44
vt 0.241860 0.668631
vt 0.254893 0.553992
vt 0.275414 0.626700
f 47/139/47 48/143/48 49/147/49
vt 0.254893 0.553992
vt 0.282332 0.573945
vt 0.275414 0.626700
f 48/142/48 50/149/50 49/147/49
vt 0.282332 0.573945
vt 0.254893 0.553992
vt 0.297772 0.551489
f 50/148/50 48/143/48 51/153/51
vt 0.297772 0.551489
vt 0.254893 0.553992
vt 0.318919 0.537933
f 51/151/51 48/143/48 17/51/17
vt 0.318919 0.537933
vt 0.254893 0.553992
vt 0.257221 0.543395
f 17/49/17 48/143/48 52/156/52
vt 0.318919 0.537933
vt 0.257221 0.543395
vt 0.317067 0.532418
f 17/49/17 52/155/52 16/48/16
vt 0.317067 0.532418
vt 0.257221 0.543395
vt 0.257670 0.530194
f 16/46/16 52/155/52 53/159/53
vt 0.317067 0.532418
vt 0.257670 0.530194
vt 0.314549 0.526876
f 16/46/16 53/158/53 13/39/13
vt 0.316463 0.519162
vt 0.314549 0.526876
vt 0.257670 0.530194
f 11/31/11 13/38/13 53/159/53
vt 0.316463 0.519162
vt 0.257670 0.530194
vt 0.253190 0.518162
f 11/31/11 53/158/53 10/30/10
vt 0.049135 0.553802
vt 0.257670 0.530194
vt 0.049495 0.564731
f 54/160/54 53/158/53 55/165/55
vt 0.257670 0.530194
vt 0.049135 0.553802
vt 0.049135 0.527339
f 53/157/53 54/161/54 56/168/56
vt 0.257670 0.530194
vt 0.049135 0.527339
vt 0.253190 0.518162
f 53/157/53 56/167/56 10/30/10
vt 0.243591 0.839006
vt 0.046395 0.839006
vt 0.048847 0.828723
f 10/28/10 56/167/56 57/171/57
vt 0.243591 0.839006
vt 0.048847 0.828723
vt 0.242784 0.828723
f 10/28/10 57/170/57 9/27/9
vt 0.242784 0.828723
vt 0.048847 0.828723
vt 0.051924 0.813678
f 9/25/9 57/170/57 58/174/58
vt 0.242784 0.828723
vt 0.051924 0.813678
vt 0.242306 0.813678
f 9/25/9 58/173/58 3/9/3
vt 0.202974 0.753803
vt 0.242306 0.813678
vt 0.188643 0.766917
f 1/1/1 3/8/3 59/177/59
vt 0.188643 0.766917
vt 0.242306 0.813678
vt 0.168229 0.776740
f 59/175/59 3/8/3 60/180/60
vt 0.168229 0.776740
vt 0.242306 0.813678
vt 0.051924 0.813678
f 60/178/60 3/8/3 58/174/58
vt 0.168229 0.776740
vt 0.051924 0.813678
vt 0.111790 0.777853
f 60/178/60 58/173/58 61/183/61
vt 0.111790 0.777853
vt 0.051924 0.813678
vt 0.084880 0.770691
f 61/181/61 58/173/58 62/186/62
vt 0.051924 0.813678
vt 0.025360 0.813678
vt 0.031603 0.783408
f 58/172/58 63/188/63 64/192/64
vt 0.051924 0.813678
vt 0.031603 0.783408
vt 0.084880 0.770691
f 58/172/58 64/191/64 62/186/62
vt 0.084880 0.770691
vt 0.031603 0.783408
vt 0.067023 0.753513
f 62/184/62 64/191/64 65/195/65
vt 0.048847 0.828723
vt 0.023207 0.824452
vt 0.025360 0.813678
f 57/169/57 66/197/66 63/189/63
vt 0.048847 0.828723
vt 0.025360 0.813678
vt 0.051924 0.813678
f 57/169/57 63/188/63 58/174/58
vt 0.023207 0.824452
vt 0.009239 0.813678
vt 0.025360 0.813678
f 66/196/66 67/200/67 63/189/63
vt 0.009239 0.813678
vt 0.023207 0.824452
vt 0.020646 0.835292
f 67/199/67 66/197/66 68/204/68
vt 0.009239 0.813678
vt 0.020646 0.835292
vt 0.002809 0.825178
f 67/199/67 68/203/68 69/207/69
vt 0.046395 0.839006
vt 0.020646 0.835292
vt 0.023207 0.824452
f 56/166/56 68/203/68 66/198/66
vt 0.046395 0.839006
vt 0.023207 0.824452
vt 0.048847 0.828723
f 56/166/56 66/197/66 57/171/57
vt 0.006341 0.528163
vt 0.022490 0.526595
vt 0.018223 0.554865
f 69/205/69 68/203/68 70/210/70
vt 0.006341 0.528163
vt 0.018223 0.554865
vt 0.005197 0.552520
f 69/205/69 70/209/70 71/213/71
vt 0.022490 0.526595
vt 0.049135 0.527339
vt 0.049135 0.553802
f 68/202/68 56/167/56 54/162/54
vt 0.022490 0.526595
vt 0.049135 0.553802
vt 0.018223 0.554865
f 68/202/68 54/161/54 70/210/70
vt 0.018223 0.554865
vt 0.049135 0.553802
vt 0.049495 0.564731
f 70/208/70 54/161/54 55/165/55
vt 0.018223 0.554865
vt 0.049495 0.564731
vt 0.019517 0.572875
f 70/208/70 55/164/55 72/216/72
vt 0.018223 0.554865
vt 0.019517 0.572875
vt 0.007441 0.563366
f 70/208/70 72/215/72 73/219/73
vt 0.018223 0.554865
vt 0.007441 0.563366
vt 0.005197 0.552520
f 70/208/70 73/218/73 71/213/71
vt 0.007441 0.563366
vt 0.019517 0.572875
vt 0.011598 0.580224
f 73/217/73 72/215/72 74/222/74
vt 0.025360 0.813678
vt 0.009239 0.813678
vt 0.018501 0.783408
f 63/187/63 67/200/67 75/225/75
vt 0.025360 0.813678
vt 0.018501 0.783408
vt 0.031603 0.783408
f 63/187/63 75/224/75 64/192/64
vt 0.040671 0.699960
vt 0.031603 0.783408
vt 0.031109 0.716102
f 76/226/76 64/191/64 77/231/77
vt 0.031603 0.783408
vt 0.018501 0.783408
vt 0.022247 0.723381
f 64/190/64 75/224/75 78/234/78
vt 0.031603 0.783408
vt 0.022247 0.723381
vt 0.031109 0.716102
f 64/190/64 78/233/78 77/231/77
vt 0.067023 0.753513
vt 0.031603 0.783408
vt 0.040671 0.699960
f 65/193/65 64/191/64 76/228/76
vt 0.067023 0.753513
vt 0.040671 0.699960
vt 0.053520 0.699960
f 65/193/65 76/227/76 79/237/79
vt 0.343750 0.229818
vt 0.339844 0.229818
vt 0.333078 0.257813
f 80/238/80 76/227/76 77/231/77
vt 0.313547 0.269531
vt 0.332031 0.229818
vt 0.343750 0.229818
f 78/232/78 81/242/81 80/240/80
vt 0.343750 0.229818
vt 0.332031 0.229818
vt 0.328125 0.203125
f 80/238/80 81/242/81 82/246/82
vt 0.343750 0.229818
vt 0.328125 0.203125
vt 0.339844 0.207031
f 80/238/80 82/245/82 83/249/83
vt 0.234375 0.375000
vt 0.230469 0.425781
vt 0.201123 0.421875
f 84/250/84 73/218/73 74/222/74
vt 0.234375 0.375000
vt 0.201123 0.421875
vt 0.193540 0.396330
f 84/250/84 74/221/74 85/255/85
vt 0.193540 0.396330
vt 0.193117 0.376779
vt 0.228986 0.354351
f 85/253/85 86/257/86 87/261/87
vt 0.193540 0.396330
vt 0.228986 0.354351
vt 0.234375 0.375000
f 85/253/85 87/260/87 84/252/84
vt 0.234375 0.375000
vt 0.228986 0.354351
vt 0.258395 0.291125
f 84/250/84 87/260/87 88/264/88
vt 0.234375 0.375000
vt 0.258395 0.291125
vt 0.261719 0.343750
f 84/250/84 88/263/88 89/267/89
vt 0.258395 0.291125
vt 0.313547 0.269531
vt 0.304688 0.343750
f 88/262/88 78/233/78 90/270/90
vt 0.258395 0.291125
vt 0.304688 0.343750
vt 0.261719 0.343750
f 88/262/88 90/269/90 89/267/89
vt 0.332031 0.371094
vt 0.304688 0.343750
vt 0.313547 0.269531
f 75/223/75 90/269/90 78/234/78
vt 0.250000 0.269531
vt 0.313547 0.269531
vt 0.258395 0.291125
f 91/271/91 78/233/78 88/264/88
vt 0.332031 0.229818
vt 0.313547 0.269531
vt 0.250000 0.269531
f 81/241/81 78/233/78 91/273/91
vt 0.332031 0.229818
vt 0.250000 0.269531
vt 0.193117 0.229818
f 81/241/81 91/272/91 92/276/92
vt 0.193117 0.229818
vt 0.250000 0.269531
vt 0.193095 0.269531
f 92/274/92 91/272/91 93/279/93
vt 0.648438 0.988292
vt 0.644531 0.885379
vt 0.644531 0.915609
f 94/280/94 92/275/92 93/279/93
vt 0.648438 0.988292
vt 0.644531 0.915609
vt 0.644531 1.000000
f 94/280/94 93/278/93 95/285/95
vt 0.648438 0.890625
vt 0.644531 0.885379
vt 0.648438 0.988292
f 96/286/96 92/275/92 94/282/94
vt 0.328125 0.203125
vt 0.332031 0.229818
vt 0.193117 0.229818
f 82/244/82 81/242/81 92/276/92
vt 0.328125 0.203125
vt 0.193117 0.229818
vt 0.193102 0.203125
f 82/244/82 92/275/92 97/291/97
vt 0.648438 0.890625
vt 0.648438 0.988292
vt 0.671875 0.988292
f 96/286/96 94/281/94 98/294/98
vt 0.648438 0.890625
vt 0.671875 0.988292
vt 0.671875 0.890625
f 96/286/96 98/293/98 99/297/99
vt 0.648438 0.988281
vt 0.644531 1.000000
vt 0.675781 1.000000
f 94/280/94 95/284/95 100/300/100
vt 0.648438 0.988281
vt 0.675781 1.000000
vt 0.671875 0.988281
f 94/280/94 100/299/100 98/294/98
vt 0.648438 0.890625
vt 0.671875 0.890625
vt 0.675781 0.867188
f 96/286/96 99/296/99 101/303/101
vt 0.648438 0.890625
vt 0.675781 0.867188
vt 0.644531 0.867188
f 96/286/96 101/302/101 97/291/97
vt 0.003906 0.398438
vt 0.003906 0.382813
vt 0.193117 0.376779
f 102/304/102 103/308/103 86/258/86
vt 0.003906 0.398438
vt 0.193117 0.376779
vt 0.193540 0.396330
f 102/304/102 86/257/86 85/255/85
vt 0.671875 0.988292
vt 0.675781 0.885379
vt 0.671875 0.890625
f 98/292/98 104/311/104 99/297/99
vt 0.671875 0.988292
vt 0.675781 1.000000
vt 0.675781 0.915609
f 98/292/98 100/299/100 105/315/105
vt 0.671875 0.988292
vt 0.675781 0.915609
vt 0.675781 0.885379
f 98/292/98 105/314/105 104/312/104
vt 0.003906 0.203125
vt 0.148184 0.203125
vt 0.148438 0.229818
f 106/316/106 101/302/101 104/312/104
vt 0.003906 0.203125
vt 0.148438 0.229818
vt 0.003906 0.229818
f 106/316/106 104/311/104 107/321/107
vt 0.953170 0.748370
vt 0.953170 0.703340
vt 0.979869 0.706469
f 39/115/39 42/125/42 108/324/108
vt 0.953170 0.748370
vt 0.979869 0.706469
vt 0.979869 0.748370
f 39/115/39 108/323/108 109/327/109
vt 0.984661 0.776991
vt 0.953170 0.748370
vt 0.979869 0.748370
f 110/328/110 39/116/39 109/327/109
vt 0.979869 0.748370
vt 0.993086 0.748370
vt 0.984661 0.776991
f 109/325/109 111/332/111 110/330/110
vt 0.999501 0.706469
vt 0.993086 0.748370
vt 0.979869 0.748370
f 112/334/112 111/332/111 109/327/109
vt 0.985795 0.813678
vt 0.973861 0.813678
vt 0.984661 0.776991
f 113/337/113 31/92/31 110/330/110
vt 0.985795 0.813678
vt 0.984661 0.776991
vt 0.990869 0.781401
f 113/337/113 110/329/110 114/342/114
vt 0.964818 0.838021
vt 0.968910 0.827694
vt 0.984818 0.827384
f 29/85/29 30/89/30 115/345/115
vt 0.964818 0.838021
vt 0.984818 0.827384
vt 0.989130 0.835804
f 29/85/29 115/344/115 116/348/116
vt 0.968910 0.827694
vt 0.973861 0.813678
vt 0.985795 0.813678
f 30/88/30 31/92/31 113/339/113
vt 0.968910 0.827694
vt 0.985795 0.813678
vt 0.984818 0.827384
f 30/88/30 113/338/113 115/345/115
vt 0.984661 0.776991
vt 0.984661 0.776991
vt 0.990869 0.781401
f 110/328/110 117/350/117 118/354/118
vt 0.984661 0.776991
vt 0.990869 0.781401
vt 0.990869 0.781401
f 110/328/110 118/353/118 114/342/114
vt 0.964818 0.838021
vt 0.989130 0.835804
vt 0.984532 0.827384
f 29/85/29 116/347/116 119/357/119
vt 0.964818 0.838021
vt 0.984532 0.827384
vt 0.968910 0.827694
f 29/85/29 119/356/119 120/360/120
vt 0.003906 0.269531
vt 0.003906 0.229818
vt 0.148438 0.269531
f 121/361/121 107/320/107 105/315/105
vt 0.148438 0.269531
vt 0.003906 0.229818
vt 0.148438 0.229818
f 105/313/105 107/320/107 104/312/104
vt 0.003906 0.382813
vt 0.148438 0.269531
vt 0.193117 0.376779
f 103/307/103 105/314/105 86/258/86
vt 0.193117 0.376779
vt 0.193095 0.269531
vt 0.228986 0.354351
f 86/256/86 93/278/93 87/261/87
vt 0.648438 0.890625
vt 0.644531 0.867188
vt 0.644531 0.885379
f 96/286/96 97/290/97 92/276/92
vt 0.675781 0.885379
vt 0.675781 0.867188
vt 0.671875 0.890625
f 104/310/104 101/302/101 99/297/99
vt 0.228986 0.354351
vt 0.193095 0.269531
vt 0.250000 0.269531
f 87/259/87 93/278/93 91/273/91
vt 0.228986 0.354351
vt 0.250000 0.269531
vt 0.258395 0.291125
f 87/259/87 91/272/91 88/264/88
vt 0.193117 0.376779
vt 0.148438 0.269531
vt 0.193095 0.269531
f 86/256/86 105/314/105 93/279/93
vt 0.003906 0.382813
vt 0.003906 0.269531
vt 0.148438 0.269531
f 103/307/103 121/362/121 105/315/105
vt 0.308594 0.445313
vt 0.257813 0.445313
vt 0.258959 0.432554
f 69/205/69 71/212/71 122/366/122
vt 0.308594 0.445313
vt 0.258959 0.432554
vt 0.306786 0.432554
f 69/205/69 122/365/122 123/369/123
vt 0.230469 0.425781
vt 0.234375 0.375000
vt 0.258959 0.432554
f 73/217/73 84/251/84 122/366/122
vt 0.306786 0.432554
vt 0.339844 0.425781
vt 0.308594 0.445313
f 123/367/123 67/200/67 69/207/69
vt 0.234375 0.375000
vt 0.261719 0.343750
vt 0.306786 0.432554
f 84/250/84 89/266/89 123/369/123
vt 0.234375 0.375000
vt 0.306786 0.432554
vt 0.258959 0.432554
f 84/250/84 123/368/123 122/366/122
vt 0.261719 0.343750
vt 0.304688 0.343750
vt 0.306786 0.432554
f 89/265/89 90/269/90 123/369/123
vt 0.985795 0.813678
vt 0.990869 0.781401
vt 0.984661 0.776991
f 124/370/124 118/353/118 117/351/117
vt 0.985795 0.813678
vt 0.984661 0.776991
vt 0.973861 0.813678
f 124/370/124 117/350/117 125/375/125
vt 0.973861 0.813678
vt 0.953170 0.748370
vt 0.984661 0.776991
f 31/91/31 39/116/39 110/330/110
vt 0.802588 0.754916
vt 0.817976 0.741334
vt 0.953170 0.748370
f 38/112/38 40/119/40 39/117/39
vt 0.990344 0.552540
vt 0.999018 0.540680
vt 0.999018 0.552467
f 126/376/126 127/380/127 128/384/128
vt 0.999018 0.668559
vt 0.990344 0.668631
vt 0.990344 0.552540
f 129/385/129 130/389/130 126/378/126
vt 0.999018 0.668559
vt 0.990344 0.552540
vt 0.999018 0.552467
f 129/385/129 126/377/126 128/384/128
vt 0.687500 0.968750
vt 0.687500 0.906250
vt 0.687500 0.906250
f 130/388/130 131/392/131 132/396/132
vt 0.687500 0.968750
vt 0.687500 0.906250
vt 0.687500 0.968750
f 130/388/130 132/395/132 126/378/126
vt 0.687500 0.968750
vt 0.687500 0.906250
vt 0.742188 0.906250
f 126/376/126 132/395/132 133/399/133
vt 0.687500 0.968750
vt 0.742188 0.906250
vt 0.742188 0.968750
f 126/376/126 133/398/133 46/138/46
vt 0.964818 0.838021
vt 0.968910 0.827694
vt 0.961712 0.832755
f 29/85/29 120/359/120 134/402/134
vt 0.559149 0.540680
vt 0.999500 0.523095
vt 0.996287 0.532329
f 44/130/44 29/86/29 134/402/134
vt 0.567690 0.552540
vt 0.559149 0.540680
vt 0.999018 0.540680
f 46/136/46 44/131/44 127/381/127
vt 0.567690 0.552540
vt 0.999018 0.540680
vt 0.990344 0.552540
f 46/136/46 127/380/127 126/378/126
vt 0.964352 0.776991
vt 0.984661 0.776991
vt 0.979869 0.748370
f 135/403/135 117/350/117 136/408/136
vt 0.964352 0.776991
vt 0.979869 0.748370
vt 0.964352 0.748370
f 135/403/135 136/407/136 137/411/137
vt 0.985795 0.813678
vt 0.973861 0.813678
vt 0.968910 0.827694
f 124/370/124 125/374/125 120/360/120
vt 0.985795 0.813678
vt 0.968910 0.827694
vt 0.984532 0.827384
f 124/370/124 120/359/120 119/357/119
vt 0.964352 0.748370
vt 0.979869 0.748370
vt 0.979869 0.721147
f 137/409/137 136/407/136 138/414/138
vt 0.964352 0.748370
vt 0.979869 0.721147
vt 0.964352 0.732269
f 137/409/137 138/413/138 139/417/139
vt 0.993086 0.748370
vt 0.999501 0.706469
vt 0.979869 0.748370
f 111/331/111 112/335/112 136/408/136
vt 0.979869 0.721147
vt 0.979869 0.748370
vt 0.989583 0.704818
f 138/412/138 136/407/136 140/420/140
vt 0.990496 0.693349
vt 0.999501 0.706469
vt 0.979869 0.706469
f 141/421/141 112/335/112 108/324/108
vt 0.990496 0.693349
vt 0.979869 0.706469
vt 0.978184 0.689587
f 141/421/141 108/323/108 142/426/142
vt 0.559149 0.540680
vt 0.996287 0.532329
vt 0.999018 0.540680
f 44/130/44 134/401/134 127/381/127
vt 0.973861 0.813678
vt 0.984661 0.776991
vt 0.964352 0.776991
f 125/373/125 117/350/117 135/405/135
vt 0.973861 0.813678
vt 0.964352 0.776991
vt 0.964352 0.813678
f 125/373/125 135/404/135 143/429/143
vt 0.968910 0.827694
vt 0.973861 0.813678
vt 0.964352 0.813678
f 120/358/120 125/374/125 143/429/143
vt 0.968910 0.827694
vt 0.964352 0.813678
vt 0.961712 0.832755
f 120/358/120 143/428/143 134/402/134
vt 0.999501 0.706469
vt 0.979869 0.748370
vt 0.979869 0.706469
f 112/334/112 109/326/109 108/324/108
vt 0.979869 0.706469
vt 0.953170 0.689477
vt 0.978184 0.689587
f 108/322/108 43/128/43 142/426/142
vt 0.953170 0.703340
vt 0.953170 0.689477
vt 0.979869 0.706469
f 42/124/42 43/128/43 108/324/108
vt 0.990496 0.693349
vt 0.989583 0.704818
vt 0.999501 0.706469
f 141/421/141 140/419/140 112/336/112
vt 0.989583 0.704818
vt 0.979869 0.748370
vt 0.999501 0.706469
f 140/418/140 136/407/136 112/336/112
vt 0.978184 0.689587
vt 0.989583 0.704818
vt 0.990496 0.693349
f 142/424/142 140/419/140 141/423/141
vt 0.332031 0.371094
vt 0.306786 0.432554
vt 0.304688 0.343750
f 75/223/75 123/368/123 90/270/90
vt 0.230469 0.425781
vt 0.258959 0.432554
vt 0.257813 0.445313
f 73/217/73 122/365/122 71/213/71
vt 0.332031 0.371094
vt 0.339844 0.425781
vt 0.306786 0.432554
f 75/223/75 67/200/67 123/369/123
vt 0.242306 0.813678
vt 0.268132 0.673267
vt 0.202974 0.753803
f 144/430/144 145/434/145 146/438/146
vt 0.268132 0.673267
vt 0.242306 0.813678
vt 0.301709 0.813678
f 145/433/145 144/431/144 147/441/147
vt 0.301709 0.813678
vt 0.498127 0.813678
vt 0.498127 0.673266
f 147/439/147 148/443/148 149/447/149
vt 0.301709 0.813678
vt 0.498127 0.673266
vt 0.268132 0.673267
f 147/439/147 149/446/149 145/435/145
vt 0.301709 0.813678
vt 0.301616 0.828723
vt 0.498127 0.828723
f 147/439/147 150/449/150 151/453/151
vt 0.301709 0.813678
vt 0.498127 0.828723
vt 0.498127 0.813678
f 147/439/147 151/452/151 148/444/148
vt 0.301709 0.813678
vt 0.242306 0.813678
vt 0.242784 0.828723
f 147/439/147 144/431/144 152/456/152
vt 0.301709 0.813678
vt 0.242784 0.828723
vt 0.301616 0.828723
f 147/439/147 152/455/152 150/450/150
vt 0.301616 0.828723
vt 0.242784 0.828723
vt 0.243591 0.839006
f 150/448/150 152/455/152 153/459/153
vt 0.301616 0.828723
vt 0.243591 0.839006
vt 0.301632 0.838940
f 150/448/150 153/458/153 154/462/154
vt 0.498127 0.828723
vt 0.301616 0.828723
vt 0.301632 0.838940
f 151/451/151 150/449/150 154/462/154
vt 0.498127 0.828723
vt 0.301632 0.838940
vt 0.494128 0.847905
f 151/451/151 154/461/154 155/465/155
vt 0.303475 0.846550
vt 0.494128 0.847905
vt 0.301632 0.838940
f 156/466/156 155/464/155 154/462/154
vt 0.392271 0.882489
vt 0.494128 0.847905
vt 0.303475 0.846550
f 157/469/157 155/464/155 156/468/156
vt 0.392271 0.882489
vt 0.303475 0.846550
vt 0.364189 0.882463
f 157/469/157 156/467/156 158/474/158
vt 0.305619 0.862636
vt 0.364189 0.882463
vt 0.303475 0.846550
f 159/475/159 158/473/158 156/468/156
vt 0.311602 0.876563
vt 0.364189 0.882463
vt 0.305619 0.862636
f 160/478/160 158/473/158 159/477/159
vt 0.494128 0.847905
vt 0.395545 0.882489
vt 0.477106 0.882489
f 155/463/155 161/482/161 162/486/162
vt 0.494128 0.847905
vt 0.477106 0.882489
vt 0.519054 0.891610
f 155/463/155 162/485/162 163/489/163
vt 0.494128 0.847905
vt 0.519054 0.891610
vt 0.528608 0.848116
f 155/463/155 163/488/163 164/492/164
vt 0.528608 0.827368
vt 0.498127 0.828723
vt 0.494128 0.847905
f 165/493/165 151/452/151 155/465/155
vt 0.528608 0.827368
vt 0.494128 0.847905
vt 0.528608 0.848116
f 165/493/165 155/464/155 164/492/164
vt 0.498127 0.828723
vt 0.528608 0.827368
vt 0.528608 0.810578
f 151/451/151 165/494/165 166/498/166
vt 0.498127 0.828723
vt 0.528608 0.810578
vt 0.498127 0.813678
f 151/451/151 166/497/166 148/444/148
vt 0.498127 0.813678
vt 0.528608 0.810578
vt 0.528608 0.673256
f 148/442/148 166/497/166 167/501/167
vt 0.498127 0.813678
vt 0.528608 0.673256
vt 0.498127 0.673266
f 148/442/148 167/500/167 149/447/149
vt 0.528608 0.827368
vt 0.528608 0.848116
vt 0.537576 0.848116
f 165/493/165 164/491/164 168/504/168
vt 0.528608 0.827368
vt 0.537576 0.848116
vt 0.537576 0.834735
f 165/493/165 168/503/168 169/507/169
vt 0.528608 0.810578
vt 0.528608 0.827368
vt 0.537576 0.834735
f 166/496/166 165/494/165 169/507/169
vt 0.528608 0.810578
vt 0.537576 0.834735
vt 0.537576 0.813678
f 166/496/166 169/506/169 170/510/170
vt 0.528608 0.810578
vt 0.537576 0.813678
vt 0.537576 0.673256
f 166/496/166 170/509/170 171/513/171
vt 0.528608 0.810578
vt 0.537576 0.673256
vt 0.528608 0.673256
f 166/496/166 171/512/171 167/501/167
vt 0.537576 0.834735
vt 0.537576 0.848116
vt 0.964818 0.838021
f 169/505/169 168/503/168 172/516/172
vt 0.537576 0.834735
vt 0.964818 0.838021
vt 0.968910 0.827694
f 169/505/169 172/515/172 173/519/173
vt 0.537576 0.813678
vt 0.537576 0.834735
vt 0.968910 0.827694
f 170/508/170 169/506/169 173/519/173
vt 0.537576 0.813678
vt 0.968910 0.827694
vt 0.973861 0.813678
f 170/508/170 173/518/173 174/522/174
vt 0.537576 0.673256
vt 0.675589 0.722785
vt 0.662650 0.673256
f 171/511/171 175/524/175 176/528/176
vt 0.675589 0.722785
vt 0.537576 0.673256
vt 0.682398 0.742238
f 175/523/175 171/512/171 177/531/177
vt 0.682398 0.742238
vt 0.537576 0.673256
vt 0.537576 0.813678
f 177/529/177 171/512/171 170/510/170
vt 0.695594 0.752932
vt 0.682398 0.742238
vt 0.537576 0.813678
f 178/532/178 177/530/177 170/510/170
vt 0.717663 0.759513
vt 0.695594 0.752932
vt 0.537576 0.813678
f 179/535/179 178/533/178 170/510/170
vt 0.717663 0.759513
vt 0.537576 0.813678
vt 0.973861 0.813678
f 179/535/179 170/509/170 174/522/174
vt 0.717663 0.759513
vt 0.973861 0.813678
vt 0.780895 0.760577
f 179/535/179 174/521/174 180/540/180
vt 0.780895 0.760577
vt 0.973861 0.813678
vt 0.802588 0.754916
f 180/538/180 174/521/174 181/543/181
vt 0.817976 0.741334
vt 0.802588 0.754916
vt 0.953170 0.748370
f 182/544/182 181/542/181 183/549/183
vt 0.857084 0.681700
vt 0.817976 0.741334
vt 0.953170 0.748370
f 184/550/184 182/545/182 183/549/183
vt 0.857084 0.681700
vt 0.953170 0.748370
vt 0.953170 0.703340
f 184/550/184 183/548/183 185/555/185
vt 0.696894 0.455677
vt 0.668908 0.456343
vt 0.696444 0.404815
f 163/487/163 186/557/186 164/492/164
vt 0.683507 0.396015
vt 0.696444 0.404815
vt 0.668908 0.456343
f 187/559/187 164/491/164 186/558/186
vt 0.654810 0.399013
vt 0.683507 0.396015
vt 0.668908 0.456343
f 188/562/188 187/560/187 186/558/186
vt 0.654810 0.399013
vt 0.668908 0.456343
vt 0.637728 0.455534
f 188/562/188 186/557/186 189/567/189
vt 0.243591 0.839006
vt 0.242784 0.828723
vt 0.048847 0.828723
f 153/457/153 152/455/152 190/570/190
vt 0.243591 0.839006
vt 0.048847 0.828723
vt 0.046395 0.839006
f 153/457/153 190/569/190 191/573/191
vt 0.242784 0.828723
vt 0.242306 0.813678
vt 0.051924 0.813678
f 152/454/152 144/431/144 192/576/192
vt 0.242784 0.828723
vt 0.051924 0.813678
vt 0.048847 0.828723
f 152/454/152 192/575/192 190/570/190
vt 0.188643 0.766917
vt 0.242306 0.813678
vt 0.202974 0.753803
f 193/577/193 144/431/144 146/438/146
vt 0.168229 0.776740
vt 0.242306 0.813678
vt 0.188643 0.766917
f 194/580/194 144/431/144 193/579/193
vt 0.051924 0.813678
vt 0.242306 0.813678
vt 0.168229 0.776740
f 192/574/192 144/431/144 194/582/194
vt 0.051924 0.813678
vt 0.168229 0.776740
vt 0.111790 0.777853
f 192/574/192 194/581/194 195/585/195
vt 0.084880 0.770691
vt 0.051924 0.813678
vt 0.111790 0.777853
f 196/586/196 192/575/192 195/585/195
vt 0.051924 0.813678
vt 0.084880 0.770691
vt 0.031603 0.783408
f 192/574/192 196/587/196 197/591/197
vt 0.051924 0.813678
vt 0.031603 0.783408
vt 0.025360 0.813678
f 192/574/192 197/590/197 198/594/198
vt 0.067023 0.753513
vt 0.031603 0.783408
vt 0.084880 0.770691
f 199/595/199 197/590/197 196/588/196
vt 0.048847 0.828723
vt 0.051924 0.813678
vt 0.025360 0.813678
f 190/568/190 192/575/192 198/594/198
vt 0.048847 0.828723
vt 0.025360 0.813678
vt 0.023207 0.824452
f 190/568/190 198/593/198 200/600/200
vt 0.025360 0.813678
vt 0.009239 0.813678
vt 0.023207 0.824452
f 198/592/198 201/602/201 200/600/200
vt 0.009239 0.813678
vt 0.002809 0.825178
vt 0.020646 0.835292
f 201/601/201 202/605/202 203/609/203
vt 0.009239 0.813678
vt 0.020646 0.835292
vt 0.023207 0.824452
f 201/601/201 203/608/203 200/600/200
vt 0.046395 0.839006
vt 0.048847 0.828723
vt 0.023207 0.824452
f 191/571/191 190/569/190 200/600/200
vt 0.046395 0.839006
vt 0.023207 0.824452
vt 0.020646 0.835292
f 191/571/191 200/599/200 203/609/203
vt 0.025360 0.813678
vt 0.031603 0.783408
vt 0.018501 0.783408
f 198/592/198 197/590/197 204/612/204
vt 0.025360 0.813678
vt 0.018501 0.783408
vt 0.009239 0.813678
f 198/592/198 204/611/204 201/603/201
vt 0.022247 0.723381
vt 0.018501 0.783408
vt 0.031603 0.783408
f 205/613/205 204/611/204 197/591/197
vt 0.022247 0.723381
vt 0.031603 0.783408
vt 0.031109 0.716102
f 205/613/205 197/590/197 206/618/206
vt 0.040671 0.699960
vt 0.031603 0.783408
vt 0.067023 0.753513
f 207/619/207 197/590/197 199/597/199
vt 0.040671 0.699960
vt 0.067023 0.753513
vt 0.053520 0.699960
f 207/619/207 199/596/199 208/624/208
vt 0.953170 0.748370
vt 0.979869 0.748370
vt 0.979869 0.706469
f 183/547/183 209/626/209 210/630/210
vt 0.953170 0.748370
vt 0.979869 0.706469
vt 0.953170 0.703340
f 183/547/183 210/629/210 185/555/185
vt 0.979869 0.748370
vt 0.953170 0.748370
vt 0.984661 0.776991
f 209/625/209 183/548/183 211/633/211
vt 0.984661 0.776991
vt 0.993086 0.748370
vt 0.979869 0.748370
f 211/631/211 212/635/212 209/627/209
vt 0.979869 0.748370
vt 0.993086 0.748370
vt 0.999501 0.706469
f 209/625/209 212/635/212 213/639/213
vt 0.984661 0.776991
vt 0.973861 0.813678
vt 0.985795 0.813678
f 211/631/211 174/521/174 214/642/214
vt 0.984661 0.776991
vt 0.985795 0.813678
vt 0.990869 0.781401
f 211/631/211 214/641/214 215/645/215
vt 0.984818 0.827384
vt 0.968910 0.827694
vt 0.964818 0.838021
f 216/646/216 173/518/173 172/516/172
vt 0.984818 0.827384
vt 0.964818 0.838021
vt 0.989130 0.835804
f 216/646/216 172/515/172 217/651/217
vt 0.968910 0.827694
vt 0.984818 0.827384
vt 0.985795 0.813678
f 173/517/173 216/647/216 214/642/214
vt 0.968910 0.827694
vt 0.985795 0.813678
vt 0.973861 0.813678
f 173/517/173 214/641/214 174/522/174
vt 0.046875 0.972656
vt 0.027344 0.996094
vt 0.007813 0.972656
f 216/646/216 217/650/217 218/654/218
vt 0.050781 0.933594
vt 0.003906 0.933594
vt 0.007813 0.847656
f 214/640/214 219/656/219 220/660/220
vt 0.050781 0.933594
vt 0.007813 0.847656
vt 0.046875 0.847656
f 214/640/214 220/659/220 215/645/215
vt 0.984661 0.776991
vt 0.990869 0.781401
vt 0.990869 0.781401
f 211/631/211 215/644/215 220/660/220
vt 0.984661 0.776991
vt 0.990869 0.781401
vt 0.984661 0.776991
f 211/631/211 220/659/220 221/663/221
vt 0.984532 0.827384
vt 0.989130 0.835804
vt 0.964818 0.838021
f 218/652/218 217/650/217 172/516/172
vt 0.984532 0.827384
vt 0.964818 0.838021
vt 0.968910 0.827694
f 218/652/218 172/515/172 222/666/222
vt 0.984661 0.776991
vt 0.990869 0.781401
vt 0.985795 0.813678
f 221/661/221 220/659/220 219/657/219
vt 0.984661 0.776991
vt 0.985795 0.813678
vt 0.973861 0.813678
f 221/661/221 219/656/219 223/669/223
vt 0.393210 0.256411
vt 0.438545 0.204457
vt 0.438545 0.256411
f 224/670/224 225/674/225 226/678/226
vt 0.393210 0.204457
vt 0.438545 0.204457
vt 0.393210 0.256411
f 227/679/227 225/674/225 224/672/224
vt 0.438545 0.204457
vt 0.443844 0.204457
vt 0.438545 0.256411
f 225/673/225 228/683/228 226/678/226
vt 0.953170 0.748370
vt 0.802588 0.754916
vt 0.973861 0.813678
f 183/547/183 181/542/181 174/522/174
vt 0.953170 0.748370
vt 0.973861 0.813678
vt 0.984661 0.776991
f 183/547/183 174/521/174 211/633/211
vt 0.555284 0.256411
vt 0.631276 0.256411
vt 0.631276 0.399013
f 229/685/229 230/689/230 231/693/231
vt 0.355651 0.398962
vt 0.533325 0.256411
vt 0.631276 0.399013
f 129/385/129 232/695/232 231/693/231
vt 0.438545 0.256411
vt 0.533325 0.256411
vt 0.355651 0.398962
f 226/676/226 232/695/232 129/387/129
vt 0.355651 0.256411
vt 0.438545 0.256411
vt 0.355651 0.398962
f 224/670/224 226/677/226 129/387/129
vt 0.687500 0.906250
vt 0.687500 0.906250
vt 0.687500 0.968750
f 233/697/233 131/392/131 130/390/130
vt 0.687500 0.906250
vt 0.687500 0.968750
vt 0.687500 0.968750
f 233/697/233 130/389/130 234/702/234
vt 0.687500 0.968750
vt 0.742188 0.968750
vt 0.742188 0.906250
f 234/700/234 235/704/235 236/708/236
vt 0.687500 0.968750
vt 0.742188 0.906250
vt 0.687500 0.906250
f 234/700/234 236/707/236 233/699/233
vt 0.961712 0.832755
vt 0.968910 0.827694
vt 0.964818 0.838021
f 237/709/237 222/665/222 172/516/172
vt 0.527996 0.455534
vt 0.527996 0.398988
vt 0.654810 0.399013
f 238/712/238 239/716/239 188/564/188
vt 0.979869 0.748370
vt 0.984661 0.776991
vt 0.964352 0.776991
f 240/718/240 221/662/221 241/723/241
vt 0.979869 0.748370
vt 0.964352 0.776991
vt 0.964352 0.748370
f 240/718/240 241/722/241 242/726/242
vt 0.985795 0.813678
vt 0.984532 0.827384
vt 0.968910 0.827694
f 219/655/219 218/653/218 222/666/222
vt 0.985795 0.813678
vt 0.968910 0.827694
vt 0.973861 0.813678
f 219/655/219 222/665/222 223/669/223
vt 0.046875 0.972656
vt 0.007813 0.972656
vt 0.003906 0.933594
f 216/646/216 218/653/218 219/657/219
vt 0.050781 0.933594
vt 0.046875 0.972656
vt 0.003906 0.933594
f 214/640/214 216/647/216 219/657/219
vt 0.979869 0.721147
vt 0.979869 0.748370
vt 0.964352 0.748370
f 243/727/243 240/719/240 242/726/242
vt 0.979869 0.721147
vt 0.964352 0.748370
vt 0.964352 0.732270
f 243/727/243 242/725/242 244/732/244
vt 0.979869 0.748370
vt 0.999501 0.706469
vt 0.993086 0.748370
f 240/718/240 213/638/213 212/636/212
vt 0.989583 0.704818
vt 0.979869 0.748370
vt 0.979869 0.721147
f 245/733/245 240/719/240 243/729/243
vt 0.979869 0.706469
vt 0.999501 0.706469
vt 0.990496 0.693349
f 210/628/210 213/638/213 246/738/246
vt 0.979869 0.706469
vt 0.990496 0.693349
vt 0.978184 0.689587
f 210/628/210 246/737/246 247/741/247
vt 0.964352 0.776991
vt 0.984661 0.776991
vt 0.973861 0.813678
f 241/721/241 221/662/221 223/669/223
vt 0.964352 0.776991
vt 0.973861 0.813678
vt 0.964352 0.813678
f 241/721/241 223/668/223 248/744/248
vt 0.968910 0.827694
vt 0.961712 0.832755
vt 0.964352 0.813678
f 222/664/222 237/710/237 248/744/248
vt 0.968910 0.827694
vt 0.964352 0.813678
vt 0.973861 0.813678
f 222/664/222 248/743/248 223/669/223
vt 0.659261 0.384072
vt 0.631276 0.399013
vt 0.631276 0.256411
f 249/745/249 231/692/231 230/690/230
vt 0.659261 0.384072
vt 0.631276 0.256411
vt 0.675343 0.278031
f 249/745/249 230/689/230 242/726/242
vt 0.979869 0.706469
vt 0.979869 0.748370
vt 0.999501 0.706469
f 210/628/210 209/626/209 213/639/213
vt 0.757813 0.742188
vt 0.703125 0.742188
vt 0.730469 0.677706
f 211/631/211 221/662/221 212/636/212
vt 0.978184 0.689587
vt 0.953170 0.689477
vt 0.979869 0.706469
f 247/739/247 250/749/250 210/630/210
vt 0.659261 0.384072
vt 0.675343 0.278031
vt 0.679088 0.310962
f 249/745/249 242/725/242 241/723/241
vt 0.659261 0.384072
vt 0.679088 0.310962
vt 0.679088 0.357394
f 249/745/249 241/722/241 248/744/248
vt 0.679088 0.357394
vt 0.679088 0.384072
vt 0.659261 0.384072
f 248/742/248 237/710/237 249/747/249
vt 0.675343 0.256411
vt 0.675343 0.278031
vt 0.631276 0.256411
f 244/730/244 242/725/242 230/690/230
vt 0.979869 0.706469
vt 0.953170 0.689477
vt 0.953170 0.703340
f 210/628/210 250/749/250 185/555/185
vt 0.953170 0.703340
vt 0.953170 0.689477
vt 0.857084 0.681700
f 185/553/185 250/749/250 184/552/184
vt 0.999501 0.706469
vt 0.989583 0.704818
vt 0.990496 0.693349
f 213/637/213 245/734/245 246/738/246
vt 0.533325 0.256411
vt 0.555284 0.256411
vt 0.631276 0.399013
f 232/694/232 229/686/229 231/693/231
vt 0.999501 0.706469
vt 0.979869 0.748370
vt 0.989583 0.704818
f 213/637/213 240/719/240 245/735/245
vt 0.990496 0.693349
vt 0.989583 0.704818
vt 0.978184 0.689587
f 246/736/246 245/734/245 247/741/247
vt 0.444284 0.240284
vt 0.438545 0.256411
vt 0.448182 0.219617
f 251/751/251 226/677/226 252/756/252
vt 0.443844 0.204457
vt 0.448182 0.219617
vt 0.438545 0.256411
f 228/682/228 252/755/252 226/678/226
vt 0.533325 0.256411
vt 0.438545 0.256411
vt 0.444284 0.240284
f 232/694/232 226/677/226 251/753/251
vt 0.533325 0.256411
vt 0.444284 0.240284
vt 0.533325 0.240284
f 232/694/232 251/752/251 253/759/253
vt 0.533325 0.240284
vt 0.444284 0.240284
vt 0.448182 0.219617
f 253/757/253 251/752/251 252/756/252
vt 0.533325 0.240284
vt 0.448182 0.219617
vt 0.533325 0.219617
f 253/757/253 252/755/252 254/762/254
vt 0.544305 0.204457
vt 0.701182 0.204457
vt 0.692876 0.219617
f 255/763/255 247/740/247 245/735/245
vt 0.544305 0.204457
vt 0.692876 0.219617
vt 0.555284 0.219617
f 255/763/255 245/734/245 256/768/256
vt 0.443844 0.204457
vt 0.544305 0.204457
vt 0.533325 0.219617
f 228/682/228 255/764/255 254/762/254
vt 0.443844 0.204457
vt 0.533325 0.219617
vt 0.448182 0.219617
f 228/682/228 254/761/254 252/756/252
vt 0.555284 0.240284
vt 0.684814 0.240284
vt 0.675343 0.256411
f 257/769/257 243/728/243 244/732/244
vt 0.555284 0.240284
vt 0.675343 0.256411
vt 0.631276 0.256411
f 257/769/257 244/731/244 230/690/230
vt 0.631276 0.256411
vt 0.555284 0.256411
vt 0.555284 0.240284
f 230/688/230 229/686/229 257/771/257
vt 0.684814 0.240284
vt 0.555284 0.240284
vt 0.555284 0.219617
f 243/727/243 257/770/257 256/768/256
vt 0.684814 0.240284
vt 0.555284 0.219617
vt 0.692876 0.219617
f 243/727/243 256/767/256 245/735/245
vt 0.675781 0.959400
vt 0.675781 0.990172
vt 0.671875 0.984432
f 257/769/257 229/686/229 258/774/258
vt 0.675781 0.959400
vt 0.671875 0.984432
vt 0.671875 0.957976
f 257/769/257 258/773/258 259/777/259
vt 0.648438 0.984432
vt 0.644531 0.990172
vt 0.644531 0.959400
f 260/778/260 232/695/232 253/759/253
vt 0.648438 0.984432
vt 0.644531 0.959400
vt 0.648438 0.957976
f 260/778/260 253/758/253 261/783/261
vt 0.675781 0.906250
vt 0.671875 0.957976
vt 0.671875 0.906250
f 256/766/256 259/776/259 262/786/262
vt 0.675781 0.906250
vt 0.675781 0.959400
vt 0.671875 0.957976
f 256/766/256 257/770/257 259/777/259
vt 0.671875 0.906250
vt 0.648438 0.906250
vt 0.660156 0.884236
f 262/784/262 263/788/263 264/792/264
vt 0.660156 0.884236
vt 0.675781 0.906250
vt 0.671875 0.906250
f 264/790/264 256/767/256 262/786/262
vt 0.648438 0.984432
vt 0.671875 0.984432
vt 0.675781 0.990172
f 260/778/260 258/773/258 229/687/229
vt 0.644531 0.990172
vt 0.648438 0.984432
vt 0.675781 0.990172
f 232/694/232 260/779/260 229/687/229
vt 0.671875 0.984432
vt 0.648438 0.984432
vt 0.648438 0.957976
f 258/772/258 260/779/260 261/783/261
vt 0.671875 0.984432
vt 0.648438 0.957976
vt 0.671875 0.957976
f 258/772/258 261/782/261 259/777/259
vt 0.644531 0.906250
vt 0.648438 0.957976
vt 0.644531 0.959400
f 254/760/254 261/782/261 253/759/253
vt 0.644531 0.906250
vt 0.648438 0.906250
vt 0.648438 0.957976
f 254/760/254 263/788/263 261/783/261
vt 0.648438 0.906250
vt 0.671875 0.906250
vt 0.671875 0.957976
f 263/787/263 262/785/262 259/777/259
vt 0.648438 0.957976
vt 0.648438 0.906250
vt 0.671875 0.957976
f 261/781/261 263/788/263 259/777/259
vt 0.648438 0.906250
vt 0.644531 0.906250
vt 0.660156 0.884236
f 263/787/263 254/761/254 264/792/264
vt 0.660156 0.884236
vt 0.644531 0.906250
vt 0.660156 0.867188
f 264/790/264 254/761/254 255/765/255
vt 0.660156 0.867188
vt 0.675781 0.906250
vt 0.660156 0.884236
f 255/763/255 256/767/256 264/792/264
vt 0.889488 0.033221
vt 0.947080 0.033221
vt 0.889488 0.093195
f 265/793/265 266/797/266 267/801/267
vt 0.947080 0.093195
vt 0.889488 0.093195
vt 0.947080 0.033221
f 268/802/268 267/800/267 266/798/266
vt 0.963099 0.094359
vt 0.955150 0.119189
vt 0.963099 0.088054
f 269/805/269 270/809/270 271/813/271
vt 0.949970 0.118867
vt 0.949970 0.007549
vt 0.955150 0.007228
f 207/619/207 76/227/76 83/249/83
vt 0.949970 0.118867
vt 0.955150 0.007228
vt 0.955150 0.119189
f 207/619/207 83/248/83 270/810/270
vt 0.955150 0.119189
vt 0.963099 0.094359
vt 0.960383 0.116767
f 270/808/270 269/806/269 272/816/272
vt 0.960383 0.009650
vt 0.963099 0.032058
vt 0.955150 0.007228
f 82/244/82 97/290/97 83/249/83
vt 0.947080 0.093195
vt 0.949970 0.007549
vt 0.949970 0.118867
f 268/802/268 76/227/76 207/621/207
vt 0.947080 0.093195
vt 0.949970 0.118867
vt 0.947080 0.118460
f 268/802/268 207/620/207 208/624/208
vt 0.947080 0.033221
vt 0.947080 0.007957
vt 0.949970 0.007549
f 266/796/266 79/236/79 76/228/76
vt 0.955150 0.119189
vt 0.963099 0.063208
vt 0.963099 0.088054
f 270/808/270 106/317/106 271/813/271
vt 0.963099 0.038362
vt 0.955150 0.007228
vt 0.963099 0.032058
f 101/301/101 83/248/83 97/291/97
vt 0.963099 0.063208
vt 0.955150 0.007228
vt 0.963099 0.038362
f 106/316/106 83/248/83 101/303/101
vt 0.955150 0.007228
vt 0.963099 0.063208
vt 0.955150 0.119189
f 83/247/83 106/317/106 270/810/270
vt 0.793382 0.033221
vt 0.793382 0.093195
vt 0.740809 0.093195
f 273/817/273 274/821/274 275/825/275
vt 0.793382 0.033221
vt 0.740809 0.093195
vt 0.740809 0.033221
f 273/817/273 275/824/275 276/828/276
vt 0.834936 0.005639
vt 0.889488 0.033221
vt 0.889488 0.093195
f 5/13/5 265/794/265 267/801/267
vt 0.834936 0.005639
vt 0.889488 0.093195
vt 0.834936 0.120778
f 5/13/5 267/800/267 149/447/149
vt 0.824088 0.006772
vt 0.824088 0.119644
vt 0.793382 0.093195
f 28/82/28 171/512/171 274/822/274
vt 0.824088 0.006772
vt 0.793382 0.093195
vt 0.793382 0.033221
f 28/82/28 274/821/274 273/819/273
vt 0.710732 0.075768
vt 0.710736 0.063182
vt 0.740809 0.093195
f 225/673/225 227/680/227 275/825/275
vt 0.740809 0.033221
vt 0.710736 0.063182
vt 0.710732 0.050623
f 276/826/276 227/680/227 277/831/277
vt 0.710736 0.063182
vt 0.740809 0.033221
vt 0.740809 0.093195
f 227/679/227 276/827/276 275/825/275
vt 0.706928 0.034599
vt 0.740809 0.033221
vt 0.710732 0.050623
f 278/832/278 276/827/276 277/831/277
vt 0.706928 0.049820
vt 0.706928 0.034599
vt 0.710732 0.050623
f 279/835/279 278/833/278 277/831/277
vt 0.706928 0.034599
vt 0.713807 0.009063
vt 0.740588 0.006827
f 278/832/278 43/128/43 41/123/41
vt 0.706928 0.034599
vt 0.740588 0.006827
vt 0.740809 0.033221
f 278/832/278 41/122/41 276/828/276
vt 0.713807 0.009063
vt 0.706928 0.034599
vt 0.706928 0.010830
f 43/127/43 278/833/278 142/426/142
vt 0.710732 0.075768
vt 0.740809 0.093195
vt 0.706928 0.091792
f 225/673/225 275/824/275 255/765/255
vt 0.710732 0.075768
vt 0.706928 0.091792
vt 0.706928 0.076571
f 225/673/225 255/764/255 228/684/228
vt 0.713807 0.117354
vt 0.706928 0.091792
vt 0.740809 0.093195
f 250/748/250 255/764/255 275/825/275
vt 0.713807 0.117354
vt 0.740809 0.093195
vt 0.740588 0.119589
f 250/748/250 275/824/275 184/552/184
vt 0.706928 0.115561
vt 0.706928 0.091792
vt 0.713807 0.117354
f 247/739/247 255/764/255 250/750/250
vt 0.824088 0.006772
vt 0.826554 0.007281
vt 0.826554 0.119136
f 28/82/28 24/71/24 167/501/167
vt 0.824088 0.006772
vt 0.826554 0.119136
vt 0.824088 0.119644
f 28/82/28 167/500/167 171/513/171
vt 0.889488 0.033221
vt 0.834936 0.005639
vt 0.889247 0.006221
f 265/793/265 5/14/5 2/6/2
vt 0.824088 0.006772
vt 0.793382 0.033221
vt 0.793160 0.006925
f 28/82/28 273/818/273 33/99/33
vt 0.826554 0.007281
vt 0.834936 0.005639
vt 0.834936 0.120778
f 24/70/24 5/14/5 149/447/149
vt 0.826554 0.007281
vt 0.834936 0.120778
vt 0.826554 0.119136
f 24/70/24 149/446/149 167/501/167
vt 0.889247 0.120196
vt 0.834936 0.120778
vt 0.889488 0.093195
f 145/433/145 149/446/149 267/801/267
vt 0.793382 0.093195
vt 0.824088 0.119644
vt 0.793160 0.119492
f 274/820/274 171/512/171 176/528/176
vt 0.241860 0.668631
vt 0.275414 0.626700
vt 0.270449 0.668631
f 47/139/47 49/146/49 280/840/280
vt 0.654810 0.399013
vt 0.637728 0.455534
vt 0.527996 0.455534
f 188/562/188 189/566/189 238/714/238
vt 0.947080 0.033221
vt 0.949970 0.007549
vt 0.947080 0.093195
f 266/796/266 76/227/76 268/804/268
vt 0.339844 0.229818
vt 0.343750 0.229818
vt 0.339844 0.207031
f 76/226/76 80/239/80 83/249/83
vt 0.343750 0.229818
vt 0.333078 0.257813
vt 0.313547 0.269531
f 80/238/80 77/230/77 78/234/78
vt 0.031109 0.716102
vt 0.031603 0.783408
vt 0.040671 0.699960
f 206/616/206 197/590/197 207/621/207
vt 0.550781 0.667969
vt 0.550781 0.550781
vt 0.566406 0.550781
f 239/715/239 45/134/45 46/138/46
vt 0.550781 0.667969
vt 0.566406 0.550781
vt 0.566406 0.667969
f 239/715/239 46/137/46 281/843/281
vt 0.742188 0.906250
vt 0.742188 0.968750
vt 0.742188 0.968750
f 236/706/236 235/704/235 281/843/281
vt 0.742188 0.906250
vt 0.742188 0.968750
vt 0.742188 0.906250
f 236/706/236 281/842/281 282/846/282
vt 0.742188 0.968750
vt 0.742188 0.906250
vt 0.742188 0.906250
f 46/136/46 133/398/133 282/846/282
vt 0.742188 0.968750
vt 0.742188 0.906250
vt 0.742188 0.968750
f 46/136/46 282/845/282 281/843/281
vt 0.566406 0.558594
vt 0.980469 0.558594
vt 0.980469 0.667969
f 133/397/133 132/395/132 131/393/131
vt 0.566406 0.558594
vt 0.980469 0.667969
vt 0.566406 0.667969
f 133/397/133 131/392/131 282/846/282
vt 0.333078 0.257813
vt 0.339844 0.229818
vt 0.343750 0.229818
f 206/616/206 207/620/207 283/849/283
vt 0.343750 0.229818
vt 0.332031 0.229818
vt 0.313547 0.269531
f 283/847/283 284/851/284 205/615/205
vt 0.343750 0.229818
vt 0.339844 0.207031
vt 0.328125 0.203125
f 283/847/283 270/809/270 272/816/272
vt 0.343750 0.229818
vt 0.328125 0.203125
vt 0.332031 0.229818
f 283/847/283 272/815/272 284/852/284
vt 0.201123 0.421875
vt 0.230469 0.425781
vt 0.234375 0.375000
f 285/853/285 286/857/286 287/861/287
vt 0.201123 0.421875
vt 0.234375 0.375000
vt 0.193540 0.396330
f 285/853/285 287/860/287 288/864/288
vt 0.193540 0.396330
vt 0.234375 0.375000
vt 0.228986 0.354351
f 288/862/288 287/860/287 289/867/289
vt 0.193540 0.396330
vt 0.228986 0.354351
vt 0.193117 0.376779
f 288/862/288 289/866/289 290/870/290
vt 0.234375 0.375000
vt 0.261719 0.343750
vt 0.258395 0.291125
f 287/859/287 291/872/291 292/876/292
vt 0.234375 0.375000
vt 0.258395 0.291125
vt 0.228986 0.354351
f 287/859/287 292/875/292 289/867/289
vt 0.304688 0.343750
vt 0.313547 0.269531
vt 0.258395 0.291125
f 293/877/293 205/614/205 292/876/292
vt 0.304688 0.343750
vt 0.258395 0.291125
vt 0.261719 0.343750
f 293/877/293 292/875/292 291/873/291
vt 0.313547 0.269531
vt 0.304688 0.343750
vt 0.332031 0.371094
f 205/613/205 293/878/293 204/612/204
vt 0.258395 0.291125
vt 0.313547 0.269531
vt 0.250000 0.269531
f 292/874/292 205/614/205 294/882/294
vt 0.332031 0.229818
vt 0.193117 0.229818
vt 0.250000 0.269531
f 284/850/284 295/884/295 294/882/294
vt 0.332031 0.229818
vt 0.250000 0.269531
vt 0.313547 0.269531
f 284/850/284 294/881/294 205/615/205
vt 0.193095 0.269531
vt 0.250000 0.269531
vt 0.193117 0.229818
f 296/886/296 294/881/294 295/885/295
vt 0.328125 0.203125
vt 0.193102 0.203125
vt 0.193117 0.229818
f 272/814/272 269/806/269 295/885/295
vt 0.328125 0.203125
vt 0.193117 0.229818
vt 0.332031 0.229818
f 272/814/272 295/884/295 284/852/284
vt 0.003906 0.398438
vt 0.193540 0.396330
vt 0.193117 0.376779
f 102/304/102 288/863/288 290/870/290
vt 0.003906 0.398438
vt 0.193117 0.376779
vt 0.003906 0.382813
f 102/304/102 290/869/290 103/309/103
vt 0.003906 0.203125
vt 0.003906 0.229818
vt 0.148438 0.229818
f 106/316/106 107/320/107 297/891/297
vt 0.003906 0.203125
vt 0.148438 0.229818
vt 0.148184 0.203125
f 106/316/106 297/890/297 271/813/271
vt 0.148438 0.269531
vt 0.003906 0.229818
vt 0.003906 0.269531
f 298/892/298 107/320/107 121/363/121
vt 0.148438 0.229818
vt 0.003906 0.229818
vt 0.148438 0.269531
f 297/889/297 107/320/107 298/894/298
vt 0.193117 0.376779
vt 0.148438 0.269531
vt 0.003906 0.382813
f 290/868/290 298/893/298 103/309/103
vt 0.228986 0.354351
vt 0.193095 0.269531
vt 0.193117 0.376779
f 289/865/289 296/887/296 290/870/290
vt 0.250000 0.269531
vt 0.193095 0.269531
vt 0.228986 0.354351
f 294/880/294 296/887/296 289/867/289
vt 0.258395 0.291125
vt 0.250000 0.269531
vt 0.228986 0.354351
f 292/874/292 294/881/294 289/867/289
vt 0.193095 0.269531
vt 0.148438 0.269531
vt 0.193117 0.376779
f 296/886/296 298/893/298 290/870/290
vt 0.148438 0.269531
vt 0.003906 0.269531
vt 0.003906 0.382813
f 298/892/298 121/362/121 103/309/103
vt 0.308594 0.445313
vt 0.306786 0.432554
vt 0.258959 0.432554
f 202/604/202 299/896/299 300/900/300
vt 0.308594 0.445313
vt 0.258959 0.432554
vt 0.257813 0.445313
f 202/604/202 300/899/300 301/903/301
vt 0.258959 0.432554
vt 0.234375 0.375000
vt 0.230469 0.425781
f 300/898/300 287/860/287 286/858/286
vt 0.308594 0.445313
vt 0.339844 0.425781
vt 0.306786 0.432554
f 202/604/202 201/602/201 299/897/299
vt 0.306786 0.432554
vt 0.261719 0.343750
vt 0.234375 0.375000
f 299/895/299 291/872/291 287/861/287
vt 0.258959 0.432554
vt 0.306786 0.432554
vt 0.234375 0.375000
f 300/898/300 299/896/299 287/861/287
vt 0.306786 0.432554
vt 0.304688 0.343750
vt 0.261719 0.343750
f 299/895/299 293/878/293 291/873/291
vt 0.304688 0.343750
vt 0.306786 0.432554
vt 0.332031 0.371094
f 293/877/293 299/896/299 204/612/204
vt 0.257813 0.445313
vt 0.258959 0.432554
vt 0.230469 0.425781
f 301/901/301 300/899/300 286/858/286
vt 0.306786 0.432554
vt 0.339844 0.425781
vt 0.332031 0.371094
f 299/895/299 201/602/201 204/612/204
vt 0.339844 0.207031
vt 0.343750 0.229818
vt 0.339844 0.229818
f 270/808/270 283/848/283 207/621/207
vt 0.313547 0.269531
vt 0.333078 0.257813
vt 0.343750 0.229818
f 205/613/205 206/617/206 283/849/283
vt 0.477106 0.882489
vt 0.395545 0.882489
vt 0.494128 0.847905
f 21/61/21 18/53/18 12/36/12
vt 0.494128 0.847905
vt 0.392271 0.882489
vt 0.395545 0.882489
f 155/463/155 157/470/157 161/483/161
vt 0.644531 0.915609
vt 0.644531 0.885379
vt 0.648438 0.988292
f 296/886/296 295/884/295 302/906/302
vt 0.644531 0.915609
vt 0.648438 0.988292
vt 0.644531 1.000000
f 296/886/296 302/905/302 303/909/303
vt 0.648438 0.988292
vt 0.644531 0.885379
vt 0.648438 0.890625
f 302/904/302 295/884/295 304/912/304
vt 0.648438 0.890625
vt 0.671875 0.890625
vt 0.671875 0.988292
f 304/910/304 305/914/305 306/918/306
vt 0.648438 0.890625
vt 0.671875 0.988292
vt 0.648438 0.988292
f 304/910/304 306/917/306 302/906/302
vt 0.648438 0.988281
vt 0.671875 0.988281
vt 0.675781 1.000000
f 302/904/302 306/917/306 307/921/307
vt 0.648438 0.988281
vt 0.675781 1.000000
vt 0.644531 1.000000
f 302/904/302 307/920/307 303/909/303
vt 0.648438 0.890625
vt 0.644531 0.867188
vt 0.675781 0.867188
f 304/910/304 269/806/269 271/813/271
vt 0.648438 0.890625
vt 0.675781 0.867188
vt 0.671875 0.890625
f 304/910/304 271/812/271 305/915/305
vt 0.671875 0.890625
vt 0.675781 0.885379
vt 0.671875 0.988292
f 305/913/305 297/890/297 306/918/306
vt 0.671875 0.988292
vt 0.675781 0.885379
vt 0.675781 0.915609
f 306/916/306 297/890/297 298/894/298
vt 0.671875 0.988292
vt 0.675781 0.915609
vt 0.675781 1.000000
f 306/916/306 298/893/298 307/921/307
vt 0.644531 0.885379
vt 0.644531 0.867188
vt 0.648438 0.890625
f 295/883/295 269/806/269 304/912/304
vt 0.671875 0.890625
vt 0.675781 0.867188
vt 0.675781 0.885379
f 305/913/305 271/812/271 297/891/297
vt 0.675781 0.959400
vt 0.671875 0.957976
vt 0.671875 0.984432
f 308/922/308 309/926/309 310/930/310
vt 0.675781 0.959400
vt 0.671875 0.984432
vt 0.675781 0.990172
f 308/922/308 310/929/310 311/933/311
vt 0.644531 0.959400
vt 0.644531 0.990172
vt 0.648438 0.984432
f 312/934/312 313/938/313 314/942/314
vt 0.644531 0.959400
vt 0.648438 0.984432
vt 0.648438 0.957976
f 312/934/312 314/941/314 315/945/315
vt 0.671875 0.906250
vt 0.671875 0.957976
vt 0.675781 0.906250
f 316/946/316 309/926/309 317/951/317
vt 0.671875 0.957976
vt 0.675781 0.959400
vt 0.675781 0.906250
f 309/925/309 308/923/308 317/951/317
vt 0.660156 0.884236
vt 0.648438 0.906250
vt 0.671875 0.906250
f 318/952/318 319/956/319 316/948/316
vt 0.671875 0.906250
vt 0.675781 0.906250
vt 0.660156 0.884236
f 316/946/316 317/950/317 318/954/318
vt 0.675781 0.990172
vt 0.671875 0.984432
vt 0.648438 0.984432
f 311/931/311 310/929/310 314/942/314
vt 0.675781 0.990172
vt 0.648438 0.984432
vt 0.644531 0.990172
f 311/931/311 314/941/314 313/939/313
vt 0.671875 0.984432
vt 0.671875 0.957976
vt 0.648438 0.957976
f 310/928/310 309/926/309 315/945/315
vt 0.671875 0.984432
vt 0.648438 0.957976
vt 0.648438 0.984432
f 310/928/310 315/944/315 314/942/314
vt 0.644531 0.959400
vt 0.648438 0.957976
vt 0.644531 0.906250
f 312/934/312 315/944/315 320/960/320
vt 0.648438 0.957976
vt 0.648438 0.906250
vt 0.644531 0.906250
f 315/943/315 319/956/319 320/960/320
vt 0.671875 0.957976
vt 0.671875 0.906250
vt 0.648438 0.906250
f 309/925/309 316/947/316 319/957/319
vt 0.671875 0.957976
vt 0.648438 0.906250
vt 0.648438 0.957976
f 309/925/309 319/956/319 315/945/315
vt 0.660156 0.884236
vt 0.644531 0.906250
vt 0.648438 0.906250
f 318/952/318 320/959/320 319/957/319
vt 0.660156 0.867188
vt 0.644531 0.906250
vt 0.660156 0.884236
f 278/832/278 320/959/320 318/954/318
vt 0.660156 0.884236
vt 0.675781 0.906250
vt 0.660156 0.867188
f 318/952/318 317/950/317 278/834/278
vt 0.979869 0.748370
vt 0.993086 0.748370
vt 0.984661 0.776991
f 240/718/240 212/635/212 221/663/221
vt 0.984661 0.776991
vt 0.993086 0.748370
vt 0.979869 0.748370
f 117/349/117 111/332/111 136/408/136
vt 0.730469 0.677706
vt 0.703125 0.742188
vt 0.757813 0.742188
f 111/331/111 117/350/117 110/330/110
vt 0.007813 0.972656
vt 0.027344 0.996094
vt 0.046875 0.972656
f 119/355/119 116/347/116 115/345/115
vt 0.050781 0.933594
vt 0.046875 0.847656
vt 0.007813 0.847656
f 113/337/113 114/341/114 118/354/118
vt 0.050781 0.933594
vt 0.007813 0.847656
vt 0.003906 0.933594
f 113/337/113 118/353/118 124/372/124
vt 0.003906 0.933594
vt 0.007813 0.972656
vt 0.046875 0.972656
f 124/370/124 119/356/119 115/345/115
vt 0.003906 0.933594
vt 0.046875 0.972656
vt 0.050781 0.933594
f 124/370/124 115/344/115 113/339/113
vt 0.635905 0.957636
vt 0.623636 0.987256
vt 0.619332 0.982952
f 321/961/321 322/965/322 323/969/323
vt 0.635905 0.957636
vt 0.619332 0.982952
vt 0.629819 0.957636
f 321/961/321 323/968/323 324/972/324
vt 0.623636 0.987256
vt 0.594016 0.999525
vt 0.594016 0.993438
f 322/964/322 325/974/325 326/978/326
vt 0.623636 0.987256
vt 0.594016 0.993438
vt 0.619332 0.982952
f 322/964/322 326/977/326 323/969/323
vt 0.594016 0.999525
vt 0.564397 0.987256
vt 0.568701 0.982952
f 325/973/325 327/980/327 328/984/328
vt 0.594016 0.999525
vt 0.568701 0.982952
vt 0.594016 0.993438
f 325/973/325 328/983/328 326/978/326
vt 0.564397 0.987256
vt 0.552128 0.957636
vt 0.558214 0.957636
f 327/979/327 329/986/329 330/990/330
vt 0.564397 0.987256
vt 0.558214 0.957636
vt 0.568701 0.982952
f 327/979/327 330/989/330 328/984/328
vt 0.552128 0.957636
vt 0.564397 0.928016
vt 0.568701 0.932320
f 329/985/329 331/992/331 332/996/332
vt 0.552128 0.957636
vt 0.568701 0.932320
vt 0.558214 0.957636
f 329/985/329 332/995/332 330/990/330
vt 0.564397 0.928016
vt 0.594016 0.915748
vt 0.594016 0.921834
f 331/991/331 333/998/333 334/1002/334
vt 0.564397 0.928016
vt 0.594016 0.921834
vt 0.568701 0.932320
f 331/991/331 334/1001/334 332/996/332
vt 0.594016 0.915748
vt 0.623636 0.928016
vt 0.619332 0.932320
f 333/997/333 335/1004/335 336/1008/336
vt 0.594016 0.915748
vt 0.619332 0.932320
vt 0.594016 0.921834
f 333/997/333 336/1007/336 334/1002/334
vt 0.623636 0.928016
vt 0.635905 0.957636
vt 0.629819 0.957636
f 335/1003/335 321/962/321 324/972/324
vt 0.623636 0.928016
vt 0.629819 0.957636
vt 0.619332 0.932320
f 335/1003/335 324/971/324 336/1008/336
vt 0.594016 0.993438
vt 0.568701 0.982952
vt 0.619332 0.982952
f 326/976/326 328/983/328 323/969/323
vt 0.568701 0.982952
vt 0.629819 0.957636
vt 0.619332 0.982952
f 328/982/328 324/971/324 323/969/323
vt 0.558214 0.957636
vt 0.629819 0.957636
vt 0.568701 0.982952
f 330/988/330 324/971/324 328/984/328
vt 0.568701 0.932320
vt 0.619332 0.932320
vt 0.558214 0.957636
f 332/994/332 336/1007/336 330/990/330
vt 0.594016 0.921834
vt 0.619332 0.932320
vt 0.568701 0.932320
f 334/1000/334 336/1007/336 332/996/332
vt 0.619332 0.932320
vt 0.629819 0.957636
vt 0.558214 0.957636
f 336/1006/336 324/971/324 330/990/330
vt 0.085938 0.984375
vt 0.085938 0.984375
vt 0.066406 0.953125
f 337/1009/337 338/1013/338 339/1017/339
vt 0.085938 0.984375
vt 0.066406 0.953125
vt 0.066406 0.953125
f 337/1009/337 339/1016/339 340/1020/340
vt 0.066406 0.953125
vt 0.066406 0.953125
vt 0.117188 0.953125
f 340/1018/340 339/1016/339 341/1023/341
vt 0.066406 0.953125
vt 0.117188 0.953125
vt 0.117188 0.953125
f 340/1018/340 341/1022/341 342/1026/342
vt 0.085938 0.984375
vt 0.085938 0.984375
vt 0.117188 0.984375
f 338/1012/338 337/1010/337 343/1029/343
vt 0.085938 0.984375
vt 0.117188 0.984375
vt 0.117188 0.984375
f 338/1012/338 343/1028/343 344/1032/344
vt 0.214844 0.953125
vt 0.214844 0.953125
vt 0.234375 0.984375
f 345/1033/345 346/1037/346 347/1041/347
vt 0.214844 0.953125
vt 0.234375 0.984375
vt 0.234375 0.984375
f 345/1033/345 347/1040/347 348/1044/348
vt 0.234375 0.984375
vt 0.234375 0.984375
vt 0.175781 0.984375
f 348/1042/348 347/1040/347 349/1047/349
vt 0.234375 0.984375
vt 0.175781 0.984375
vt 0.175781 0.984375
f 348/1042/348 349/1046/349 350/1050/350
vt 0.214844 0.953125
vt 0.214844 0.953125
vt 0.175781 0.953125
f 346/1036/346 345/1034/345 351/1053/351
vt 0.214844 0.953125
vt 0.175781 0.953125
vt 0.175781 0.953125
f 346/1036/346 351/1052/351 352/1056/352
vt 0.175781 0.996094
vt 0.175781 0.996094
vt 0.117188 0.996094
f 353/1057/353 354/1061/354 355/1065/355
vt 0.175781 0.996094
vt 0.117188 0.996094
vt 0.117188 0.996094
f 353/1057/353 355/1064/355 356/1068/356
vt 0.117188 0.984375
vt 0.117188 0.984375
vt 0.117188 0.996094
f 344/1030/344 343/1028/343 356/1068/356
vt 0.117188 0.984375
vt 0.117188 0.996094
vt 0.117188 0.996094
f 344/1030/344 356/1067/356 355/1065/355
vt 0.175781 0.984375
vt 0.175781 0.984375
vt 0.175781 0.996094
f 350/1048/350 349/1046/349 354/1062/354
vt 0.175781 0.984375
vt 0.175781 0.996094
vt 0.175781 0.996094
f 350/1048/350 354/1061/354 353/1059/353
vt 0.175781 0.953125
vt 0.175781 0.953125
vt 0.175781 0.941406
f 352/1054/352 351/1052/351 357/1071/357
vt 0.175781 0.953125
vt 0.175781 0.941406
vt 0.175781 0.941406
f 352/1054/352 357/1070/357 358/1074/358
vt 0.175781 0.941406
vt 0.175781 0.941406
vt 0.117188 0.941406
f 358/1072/358 357/1070/357 359/1077/359
vt 0.175781 0.941406
vt 0.117188 0.941406
vt 0.117188 0.941406
f 358/1072/358 359/1076/359 360/1080/360
vt 0.117188 0.953125
vt 0.117188 0.953125
vt 0.117188 0.941406
f 342/1024/342 341/1022/341 360/1080/360
vt 0.117188 0.953125
vt 0.117188 0.941406
vt 0.117188 0.941406
f 342/1024/342 360/1079/360 359/1077/359
vt 0.117188 0.984375
vt 0.175781 0.984375
vt 0.175781 0.996094
f 343/1027/343 350/1049/350 353/1059/353
vt 0.117188 0.984375
vt 0.175781 0.996094
vt 0.117188 0.996094
f 343/1027/343 353/1058/353 356/1068/356
vt 0.175781 0.953125
vt 0.117188 0.953125
vt 0.117188 0.941406
f 351/1051/351 342/1025/342 359/1077/359
vt 0.175781 0.953125
vt 0.117188 0.941406
vt 0.175781 0.941406
f 351/1051/351 359/1076/359 357/1071/357
vt 0.117188 0.984375
vt 0.117188 0.953125
vt 0.175781 0.953125
f 343/1027/343 342/1025/342 351/1053/351
vt 0.117188 0.984375
vt 0.175781 0.953125
vt 0.175781 0.984375
f 343/1027/343 351/1052/351 350/1050/350
vt 0.117188 0.984375
vt 0.085938 0.984375
vt 0.066406 0.953125
f 343/1027/343 337/1010/337 340/1020/340
vt 0.117188 0.984375
vt 0.066406 0.953125
vt 0.117188 0.953125
f 343/1027/343 340/1019/340 342/1026/342
vt 0.175781 0.953125
vt 0.214844 0.953125
vt 0.234375 0.984375
f 351/1051/351 345/1034/345 348/1044/348
vt 0.175781 0.953125
vt 0.234375 0.984375
vt 0.175781 0.984375
f 351/1051/351 348/1043/348 350/1050/350
vt 0.696444 0.404815
vt 0.668908 0.456343
vt 0.696894 0.455677
f 19/55/19 361/1082/361 20/60/20
vt 0.668908 0.456343
vt 0.696444 0.404815
vt 0.683507 0.396015
f 361/1081/361 19/56/19 44/132/44
vt 0.668908 0.456343
vt 0.683507 0.396015
vt 0.654810 0.399013
f 361/1081/361 44/131/44 45/135/45
vt 0.637728 0.455534
vt 0.668908 0.456343
vt 0.654810 0.399013
f 362/1084/362 361/1082/361 45/135/45
vt 0.353917 0.256411
vt 0.353917 0.204457
vt 0.393210 0.256411
f 363/1087/363 277/830/277 224/672/224
vt 0.393210 0.256411
vt 0.353917 0.204457
vt 0.393210 0.204457
f 224/670/224 277/830/277 227/681/227
vt 0.438545 0.256411
vt 0.443844 0.204457
vt 0.438545 0.204457
f 363/1087/363 279/836/279 277/831/277
vt 0.631276 0.399013
vt 0.631276 0.256411
vt 0.555284 0.256411
f 128/382/128 364/1091/364 311/933/311
vt 0.631276 0.399013
vt 0.533325 0.256411
vt 0.355651 0.398962
f 128/382/128 313/938/313 129/387/129
vt 0.355651 0.398962
vt 0.533325 0.256411
vt 0.438545 0.256411
f 129/385/129 313/938/313 363/1089/363
vt 0.355651 0.398962
vt 0.438545 0.256411
vt 0.355651 0.256411
f 129/385/129 363/1088/363 224/672/224
vt 0.393116 0.399013
vt 0.527996 0.398988
vt 0.527996 0.455534
f 45/133/45 239/716/239 238/714/238
vt 0.659261 0.384072
vt 0.675343 0.278031
vt 0.631276 0.256411
f 127/379/127 137/410/137 364/1092/364
vt 0.659261 0.384072
vt 0.631276 0.256411
vt 0.631276 0.399013
f 127/379/127 364/1091/364 128/384/128
vt 0.679088 0.310962
vt 0.675343 0.278031
vt 0.659261 0.384072
f 135/403/135 137/410/137 127/381/127
vt 0.679088 0.310962
vt 0.659261 0.384072
vt 0.679088 0.357394
f 135/403/135 127/380/127 143/429/143
vt 0.659261 0.384072
vt 0.679088 0.384072
vt 0.679088 0.357394
f 127/379/127 134/401/134 143/429/143
vt 0.631276 0.256411
vt 0.675343 0.278031
vt 0.675343 0.256411
f 364/1090/364 137/410/137 139/417/139
vt 0.631276 0.399013
vt 0.555284 0.256411
vt 0.533325 0.256411
f 128/382/128 311/932/311 313/939/313
vt 0.448182 0.219617
vt 0.438545 0.256411
vt 0.444284 0.240284
f 365/1093/365 363/1088/363 366/1098/366
vt 0.438545 0.256411
vt 0.448182 0.219617
vt 0.443844 0.204457
f 363/1087/363 365/1094/365 279/837/279
vt 0.533325 0.256411
vt 0.533325 0.240284
vt 0.444284 0.240284
f 313/937/313 312/935/312 366/1098/366
vt 0.533325 0.256411
vt 0.444284 0.240284
vt 0.438545 0.256411
f 313/937/313 366/1097/366 363/1089/363
vt 0.533325 0.240284
vt 0.533325 0.219617
vt 0.448182 0.219617
f 312/934/312 320/959/320 365/1095/365
vt 0.533325 0.240284
vt 0.448182 0.219617
vt 0.444284 0.240284
f 312/934/312 365/1094/365 366/1098/366
vt 0.692876 0.219617
vt 0.701182 0.204457
vt 0.544305 0.204457
f 140/418/140 142/425/142 278/834/278
vt 0.692876 0.219617
vt 0.544305 0.204457
vt 0.555284 0.219617
f 140/418/140 278/833/278 317/951/317
vt 0.533325 0.219617
vt 0.544305 0.204457
vt 0.443844 0.204457
f 320/958/320 278/833/278 279/837/279
vt 0.533325 0.219617
vt 0.443844 0.204457
vt 0.448182 0.219617
f 320/958/320 279/836/279 365/1095/365
vt 0.675343 0.256411
vt 0.684814 0.240284
vt 0.555284 0.240284
f 139/415/139 138/413/138 308/924/308
vt 0.675343 0.256411
vt 0.555284 0.240284
vt 0.631276 0.256411
f 139/415/139 308/923/308 364/1092/364
vt 0.555284 0.240284
vt 0.555284 0.256411
vt 0.631276 0.256411
f 308/922/308 311/932/311 364/1092/364
vt 0.684814 0.240284
vt 0.692876 0.219617
vt 0.555284 0.219617
f 138/412/138 140/419/140 317/951/317
vt 0.684814 0.240284
vt 0.555284 0.219617
vt 0.555284 0.240284
f 138/412/138 317/950/317 308/924/308
vt 0.527996 0.455534
vt 0.410198 0.455534
vt 0.393116 0.399013
f 238/712/238 362/1085/362 45/135/45
vt 0.559149 0.540680
vt 0.565143 0.523095
vt 0.555863 0.525019
f 187/559/187 168/503/168 164/492/164
vt 0.567690 0.552540
vt 0.559149 0.540680
vt 0.559149 0.552467
f 235/703/235 187/560/187 188/564/188
vt 0.559149 0.540680
vt 0.999500 0.523095
vt 0.565143 0.523095
f 187/559/187 172/515/172 168/504/168
vt 0.275414 0.626700
vt 0.254893 0.553992
vt 0.241860 0.668631
f 367/1099/367 368/1103/368 47/141/47
vt 0.275414 0.626700
vt 0.282332 0.573945
vt 0.254893 0.553992
f 367/1099/367 369/1106/369 368/1104/368
vt 0.297772 0.551489
vt 0.254893 0.553992
vt 0.282332 0.573945
f 370/1108/370 368/1103/368 369/1107/369
vt 0.318919 0.537933
vt 0.254893 0.553992
vt 0.297772 0.551489
f 160/478/160 368/1103/368 370/1110/370
vt 0.318919 0.537933
vt 0.317067 0.532418
vt 0.257221 0.543395
f 160/478/160 159/476/159 371/1113/371
vt 0.318919 0.537933
vt 0.257221 0.543395
vt 0.254893 0.553992
f 160/478/160 371/1112/371 368/1104/368
vt 0.317067 0.532418
vt 0.314549 0.526876
vt 0.257670 0.530194
f 159/475/159 156/467/156 372/1116/372
vt 0.317067 0.532418
vt 0.257670 0.530194
vt 0.257221 0.543395
f 159/475/159 372/1115/372 371/1113/371
vt 0.316463 0.519162
vt 0.253190 0.518162
vt 0.257670 0.530194
f 154/460/154 153/458/153 372/1116/372
vt 0.316463 0.519162
vt 0.257670 0.530194
vt 0.314549 0.526876
f 154/460/154 372/1115/372 156/468/156
vt 0.049495 0.564731
vt 0.257670 0.530194
vt 0.049135 0.553802
f 373/1117/373 372/1115/372 374/1122/374
vt 0.257670 0.530194
vt 0.253190 0.518162
vt 0.049135 0.527339
f 372/1114/372 153/458/153 191/573/191
vt 0.257670 0.530194
vt 0.049135 0.527339
vt 0.049135 0.553802
f 372/1114/372 191/572/191 374/1122/374
vt 0.006341 0.528163
vt 0.005197 0.552520
vt 0.018223 0.554865
f 202/604/202 301/902/301 375/1125/375
vt 0.006341 0.528163
vt 0.018223 0.554865
vt 0.022490 0.526595
f 202/604/202 375/1124/375 203/609/203
vt 0.049135 0.553802
vt 0.049135 0.527339
vt 0.022490 0.526595
f 374/1120/374 191/572/191 203/609/203
vt 0.049135 0.553802
vt 0.022490 0.526595
vt 0.018223 0.554865
f 374/1120/374 203/608/203 375/1125/375
vt 0.049495 0.564731
vt 0.049135 0.553802
vt 0.018223 0.554865
f 373/1117/373 374/1121/374 375/1125/375
vt 0.049495 0.564731
vt 0.018223 0.554865
vt 0.019517 0.572875
f 373/1117/373 375/1124/375 376/1128/376
vt 0.018223 0.554865
vt 0.005197 0.552520
vt 0.007441 0.563366
f 375/1123/375 301/902/301 286/858/286
vt 0.018223 0.554865
vt 0.007441 0.563366
vt 0.019517 0.572875
f 375/1123/375 286/857/286 376/1128/376
vt 0.011598 0.580224
vt 0.019517 0.572875
vt 0.007441 0.563366
f 285/853/285 376/1127/376 286/858/286
vt 0.999018 0.552467
vt 0.999018 0.540680
vt 0.990344 0.552540
f 231/691/231 249/746/249 234/702/234
vt 0.999018 0.668559
vt 0.999018 0.552467
vt 0.990344 0.552540
f 129/385/129 231/692/231 234/702/234
vt 0.999018 0.668559
vt 0.990344 0.552540
vt 0.990344 0.668631
f 129/385/129 234/701/234 130/390/130
vt 0.996287 0.532329
vt 0.999500 0.523095
vt 0.559149 0.540680
f 237/709/237 172/515/172 187/561/187
vt 0.999018 0.540680
vt 0.559149 0.540680
vt 0.567690 0.552540
f 249/745/249 187/560/187 235/705/235
vt 0.999018 0.540680
vt 0.567690 0.552540
vt 0.990344 0.552540
f 249/745/249 235/704/235 234/702/234
vt 0.999018 0.540680
vt 0.996287 0.532329
vt 0.559149 0.540680
f 249/745/249 237/710/237 187/561/187
vt 0.270449 0.668631
vt 0.275414 0.626700
vt 0.241860 0.668631
f 280/838/280 367/1100/367 47/141/47
vt 0.550781 0.667969
vt 0.566406 0.667969
vt 0.566406 0.550781
f 239/715/239 281/842/281 235/705/235
vt 0.550781 0.667969
vt 0.566406 0.550781
vt 0.550781 0.550781
f 239/715/239 235/704/235 188/564/188
vt 0.566406 0.667969
vt 0.566406 0.558594
vt 0.980469 0.558594
f 131/391/131 233/698/233 236/708/236
vt 0.566406 0.667969
vt 0.980469 0.558594
vt 0.980469 0.667969
f 131/391/131 236/707/236 282/846/282
vt 0.257670 0.530194
vt 0.049495 0.564731
vt 0.049495 0.564731
f 372/1114/372 373/1118/373 377/1131/377
vt 0.257670 0.530194
vt 0.049495 0.564731
vt 0.257670 0.530194
f 372/1114/372 377/1130/377 378/1134/378
vt 0.949261 0.025833
vt 0.893939 0.013409
vt 0.893939 0.017936
f 55/163/55 53/158/53 379/1137/379
vt 0.949261 0.025833
vt 0.893939 0.017936
vt 0.958110 0.031265
f 55/163/55 379/1136/379 85/255/85
vt 0.893939 0.113007
vt 0.949261 0.100583
vt 0.958110 0.095151
f 378/1132/378 377/1130/377 288/864/288
vt 0.893939 0.113007
vt 0.958110 0.095151
vt 0.893939 0.108480
f 378/1132/378 288/863/288 380/1140/380
vt 0.958870 0.063208
vt 0.893939 0.017936
vt 0.893939 0.108480
f 102/304/102 379/1136/379 380/1140/380
vt 0.893939 0.017936
vt 0.958870 0.063208
vt 0.958110 0.031265
f 379/1135/379 102/305/102 85/255/85
vt 0.893939 0.013409
vt 0.894059 0.018158
vt 0.893939 0.017936
f 53/157/53 52/155/52 379/1137/379
vt 0.894059 0.108259
vt 0.893939 0.113007
vt 0.893939 0.108480
f 371/1111/371 372/1115/372 380/1140/380
vt 0.893939 0.017936
vt 0.894059 0.018158
vt 0.894677 0.021970
f 379/1135/379 52/155/52 48/144/48
vt 0.893939 0.017936
vt 0.894677 0.021970
vt 0.898141 0.063208
f 379/1135/379 48/143/48 47/141/47
vt 0.894059 0.108259
vt 0.893939 0.108480
vt 0.894677 0.104446
f 371/1111/371 380/1139/380 368/1104/368
vt 0.893939 0.108480
vt 0.898141 0.063208
vt 0.894677 0.104446
f 380/1138/380 381/1142/381 368/1104/368
vt 0.893939 0.108480
vt 0.893939 0.017936
vt 0.898141 0.063208
f 380/1138/380 379/1136/379 381/1143/381
vt 0.893939 0.108480
vt 0.958110 0.095151
vt 0.958870 0.063208
f 380/1138/380 288/863/288 102/306/102
vt 0.957228 0.098378
vt 0.961116 0.096459
vt 0.958110 0.095151
f 376/1126/376 285/854/285 288/864/288
vt 0.957228 0.098378
vt 0.958110 0.095151
vt 0.949261 0.100583
f 376/1126/376 288/863/288 377/1131/377
vt 0.949261 0.025833
vt 0.958110 0.031265
vt 0.961116 0.029958
f 55/163/55 85/254/85 74/222/74
vt 0.949261 0.025833
vt 0.961116 0.029958
vt 0.957228 0.028038
f 55/163/55 74/221/74 72/216/72
vt -0.283812 1.033043
vt -0.605216 -0.111293
vt 1.362096 -0.111293
f 4/10/4 2/5/2 5/15/5
vt -0.283812 1.033043
vt 1.362096 -0.111293
vt 1.362095 1.033043
f 4/10/4 5/14/5 6/18/6
vt -0.283812 1.033043
vt 1.362095 1.033043
vt 1.362095 1.162875
f 4/10/4 6/17/6 7/21/7
vt -0.283812 1.033043
vt 1.362095 1.162875
vt -0.284585 1.162875
f 4/10/4 7/20/7 8/24/8
vt 1.253453 1.069481
vt -0.292834 1.069481
vt -0.292835 -0.098874
f 147/439/147 148/443/148 149/447/149
vt 1.253453 1.069481
vt -0.292835 -0.098874
vt 1.555404 -0.098875
f 147/439/147 149/446/149 145/435/145
vt 1.253453 1.069481
vt 1.254180 1.202038
vt -0.292835 1.202038
f 147/439/147 150/449/150 151/453/151
vt 1.253453 1.069481
vt -0.292835 1.202038
vt -0.292834 1.069481
f 147/439/147 151/452/151 148/444/148
vt 0.597621 0.493129
vt 0.683475 0.380455
vt 0.655950 0.585389
f 1/1/1 2/5/2 3/9/3
vt 0.744044 0.585389
vt 0.655950 0.585389
vt 0.683475 0.380455
f 4/10/4 3/8/3 2/6/2
vt 0.744044 0.585389
vt 0.743908 0.618932
vt 0.656659 0.618932
f 4/10/4 8/23/8 9/27/9
vt 0.744044 0.585389
vt 0.656659 0.618932
vt 0.655950 0.585389
f 4/10/4 9/26/9 3/9/3
vt 0.665432 0.668359
vt 0.656659 0.618932
vt 0.743908 0.618932
f 10/28/10 9/26/9 8/24/8
vt 0.665432 0.668359
vt 0.743908 0.618932
vt 0.756114 0.668359
f 10/28/10 8/23/8 11/33/11
vt 0.665432 0.668359
vt 0.392181 0.663791
vt 0.388242 0.614364
f 10/28/10 56/167/56 57/171/57
vt 0.665432 0.668359
vt 0.388242 0.614364
vt 0.656659 0.618932
f 10/28/10 57/170/57 9/27/9
vt 0.656659 0.618932
vt 0.388242 0.614364
vt 0.392805 0.580822
f 9/25/9 57/170/57 58/174/58
vt 0.656659 0.618932
vt 0.392805 0.580822
vt 0.655950 0.585389
f 9/25/9 58/173/58 3/9/3
vt 0.597621 0.493129
vt 0.655950 0.585389
vt 0.576367 0.522367
f 1/1/1 3/8/3 59/177/59
vt 0.576367 0.522367
vt 0.655950 0.585389
vt 0.546094 0.544268
f 59/175/59 3/8/3 60/180/60
vt 0.546094 0.544268
vt 0.655950 0.585389
vt 0.392805 0.580822
f 60/178/60 3/8/3 58/174/58
vt 0.546094 0.544268
vt 0.392805 0.580822
vt 0.481586 0.542181
f 60/178/60 58/173/58 61/183/61
vt 0.481586 0.542181
vt 0.392805 0.580822
vt 0.441680 0.526214
f 61/181/61 58/173/58 62/186/62
vt 0.392805 0.580822
vt 0.353410 0.580822
vt 0.362669 0.554567
f 58/172/58 63/188/63 64/192/64
vt 0.392805 0.580822
vt 0.362669 0.554567
vt 0.441680 0.526214
f 58/172/58 64/191/64 62/186/62
vt 0.441680 0.526214
vt 0.362669 0.554567
vt 0.416339 0.487915
f 62/184/62 64/191/64 65/195/65
vt 0.388242 0.614364
vt 0.350218 0.604843
vt 0.353410 0.580822
f 57/169/57 66/197/66 63/189/63
vt 0.388242 0.614364
vt 0.353410 0.580822
vt 0.392805 0.580822
f 57/169/57 63/188/63 58/174/58
vt 0.350218 0.604843
vt 0.326077 0.580822
vt 0.353410 0.580822
f 66/196/66 67/200/67 63/189/63
vt 0.326077 0.580822
vt 0.350218 0.604843
vt 0.346419 0.629010
f 67/199/67 66/197/66 68/204/68
vt 0.326077 0.580822
vt 0.346419 0.629010
vt 0.316542 0.606462
f 67/199/67 68/203/68 69/207/69
vt 0.392181 0.663791
vt 0.346419 0.629010
vt 0.350218 0.604843
f 56/166/56 68/203/68 66/198/66
vt 0.392181 0.663791
vt 0.350218 0.604843
vt 0.388242 0.614364
f 56/166/56 66/197/66 57/171/57
vt 0.353410 0.580822
vt 0.326077 0.580822
vt 0.339813 0.554567
f 63/187/63 67/200/67 75/225/75
vt 0.353410 0.580822
vt 0.339813 0.554567
vt 0.362669 0.554567
f 63/187/63 75/224/75 64/192/64
vt 0.376489 0.423947
vt 0.362669 0.554567
vt 0.359038 0.459994
f 76/226/76 64/191/64 77/231/77
vt 0.362669 0.554567
vt 0.339813 0.554567
vt 0.342822 0.476222
f 64/190/64 75/224/75 78/234/78
vt 0.362669 0.554567
vt 0.342822 0.476222
vt 0.359038 0.459994
f 64/190/64 78/233/78 77/231/77
vt 0.416339 0.487915
vt 0.362669 0.554567
vt 0.376489 0.423947
f 65/193/65 64/191/64 76/228/76
vt 0.416339 0.487915
vt 0.376489 0.423947
vt 0.392075 0.423947
f 65/193/65 76/227/76 79/237/79
vt 0.361371 0.638678
vt 0.294092 0.325827
vt 0.705908 0.325827
f 4/10/4 2/5/2 5/15/5
vt 0.361371 0.638678
vt 0.705908 0.325827
vt 0.705908 0.638678
f 4/10/4 5/14/5 6/18/6
vt 0.361371 0.638678
vt 0.705908 0.638678
vt 0.705908 0.674173
f 4/10/4 6/17/6 7/21/7
vt 0.361371 0.638678
vt 0.705908 0.674173
vt 0.361210 0.674173
f 4/10/4 7/20/7 8/24/8
vt 0.408706 0.881541
vt 0.110020 0.730207
vt 0.110020 1.016643
f 32/94/32 27/80/27 28/84/28
vt 0.110020 1.016643
vt 0.370341 1.016167
vt 0.394662 0.922748
f 28/82/28 33/98/33 34/102/34
vt 0.110020 1.016643
vt 0.394662 0.922748
vt 0.408706 0.881541
f 28/82/28 34/101/34 32/96/32
vt 0.110020 0.730207
vt 0.408706 0.881541
vt 0.435921 0.858887
f 27/79/27 32/95/32 35/105/35
vt 0.110020 0.730207
vt 0.435921 0.858887
vt 0.481436 0.844946
f 27/79/27 35/104/35 36/108/36
vt 0.837100 0.730207
vt 0.110020 0.730207
vt 0.481436 0.844946
f 31/91/31 27/80/27 36/108/36
vt 0.837100 0.730207
vt 0.481436 0.844946
vt 0.496697 0.847258
f 31/91/31 36/107/36 37/111/37
vt 0.541437 0.859251
vt 0.837100 0.730207
vt 0.496697 0.847258
f 38/112/38 31/92/31 37/111/37
vt 0.837100 0.730207
vt 0.541437 0.859251
vt 0.794427 0.863038
f 31/91/31 38/113/38 39/117/39
vt 0.794427 0.863038
vt 0.573174 0.888021
vt 0.651148 1.004700
f 39/115/39 40/119/40 41/123/41
vt 0.794427 0.863038
vt 0.651148 1.004700
vt 0.794427 0.963938
f 39/115/39 41/122/41 42/126/42
vt 0.794427 0.989171
vt 0.794427 0.963938
vt 0.651148 1.004700
f 43/127/43 42/125/42 41/123/41
vt 0.794427 0.863038
vt 0.794427 0.963938
vt 0.849492 0.957312
f 39/115/39 42/125/42 108/324/108
vt 0.794427 0.863038
vt 0.849492 0.957312
vt 0.849492 0.863038
f 39/115/39 108/323/108 109/327/109
vt 0.859374 0.807921
vt 0.794427 0.863038
vt 0.849492 0.863038
f 110/328/110 39/116/39 109/327/109
vt 0.849492 0.863038
vt 0.876751 0.863038
vt 0.859374 0.807921
f 109/325/109 111/332/111 110/330/110
vt 0.889980 0.957312
vt 0.876751 0.863038
vt 0.849492 0.863038
f 112/334/112 111/332/111 109/327/109
vt 0.861714 0.730207
vt 0.837100 0.730207
vt 0.859374 0.807921
f 113/337/113 31/92/31 110/330/110
vt 0.861714 0.730207
vt 0.859374 0.807921
vt 0.872177 0.798579
f 113/337/113 110/329/110 114/342/114
vt 0.837100 0.730207
vt 0.794427 0.863038
vt 0.859374 0.807921
f 31/91/31 39/116/39 110/330/110
vt 0.541437 0.859251
vt 0.573174 0.888021
vt 0.794427 0.863038
f 38/112/38 40/119/40 39/117/39
vt 0.871408 0.979590
vt 0.889980 0.957312
vt 0.849492 0.957312
f 141/421/141 112/335/112 108/324/108
vt 0.871408 0.979590
vt 0.849492 0.957312
vt 0.846016 0.986182
f 141/421/141 108/323/108 142/426/142
vt 0.889980 0.957312
vt 0.849492 0.863038
vt 0.849492 0.957312
f 112/334/112 109/326/109 108/324/108
vt 0.849492 0.957312
vt 0.794427 0.989171
vt 0.846016 0.986182
f 108/322/108 43/128/43 142/426/142
vt 0.794427 0.963938
vt 0.794427 0.989171
vt 0.849492 0.957312
f 42/124/42 43/128/43 108/324/108
vt 1.023935 0.361747
vt 1.002245 0.361665
vt 1.002681 0.412335
f 80/238/80 76/227/76 77/231/77
vt 0.972500 0.435146
vt 0.987170 0.361747
vt 1.023935 0.361747
f 78/232/78 81/242/81 80/240/80
vt 1.023935 0.361747
vt 0.987170 0.361747
vt 0.983111 0.318217
f 80/238/80 81/242/81 82/246/82
vt 1.023935 0.361747
vt 0.983111 0.318217
vt 1.005173 0.321262
f 80/238/80 82/245/82 83/249/83
vt 0.841529 0.614821
vt 0.840159 0.709684
vt 0.798110 0.702661
f 84/250/84 73/218/73 74/222/74
vt 0.841529 0.614821
vt 0.798110 0.702661
vt 0.786198 0.657610
f 84/250/84 74/221/74 85/255/85
vt 0.786198 0.657610
vt 0.782602 0.624860
vt 0.835816 0.584066
f 85/253/85 86/257/86 87/261/87
vt 0.786198 0.657610
vt 0.835816 0.584066
vt 0.841529 0.614821
f 85/253/85 87/260/87 84/252/84
vt 0.841529 0.614821
vt 0.835816 0.584066
vt 0.879445 0.469065
f 84/250/84 87/260/87 88/264/88
vt 0.841529 0.614821
vt 0.879445 0.469065
vt 0.887070 0.566323
f 84/250/84 88/263/88 89/267/89
vt 0.879445 0.469065
vt 0.972500 0.435146
vt 0.945251 0.565640
f 88/262/88 78/233/78 90/270/90
vt 0.879445 0.469065
vt 0.945251 0.565640
vt 0.887070 0.566323
f 88/262/88 90/269/90 89/267/89
vt 0.989980 0.614821
vt 0.945251 0.565640
vt 0.972500 0.435146
f 75/223/75 90/269/90 78/234/78
vt 0.866105 0.435146
vt 0.972500 0.435146
vt 0.879445 0.469065
f 91/271/91 78/233/78 88/264/88
vt 0.987170 0.361747
vt 0.972500 0.435146
vt 0.866105 0.435146
f 81/241/81 78/233/78 91/273/91
vt 0.987170 0.361747
vt 0.866105 0.435146
vt 0.783031 0.361747
f 81/241/81 91/272/91 92/276/92
vt 0.783031 0.361747
vt 0.866105 0.435146
vt 0.782602 0.435146
f 92/274/92 91/272/91 93/279/93
vt 0.764027 0.518894
vt 0.783031 0.361747
vt 0.782602 0.435146
f 94/280/94 92/275/92 93/279/93
vt 0.764027 0.518894
vt 0.782602 0.435146
vt 0.770093 0.534097
f 94/280/94 93/278/93 95/285/95
vt 0.773809 0.355428
vt 0.783031 0.361747
vt 0.764027 0.518894
f 96/286/96 92/275/92 94/282/94
vt 0.983111 0.318217
vt 0.987170 0.361747
vt 0.783031 0.361747
f 82/244/82 81/242/81 92/276/92
vt 0.983111 0.318217
vt 0.783031 0.361747
vt 0.778978 0.318217
f 82/244/82 92/275/92 97/291/97
vt 0.773809 0.355428
vt 0.764027 0.518894
vt 0.739264 0.518894
f 96/286/96 94/281/94 98/294/98
vt 0.773809 0.355428
vt 0.739264 0.518894
vt 0.729483 0.355428
f 96/286/96 98/293/98 99/297/99
vt 0.764027 0.518894
vt 0.770093 0.534097
vt 0.733196 0.534097
f 94/280/94 95/284/95 100/300/100
vt 0.764027 0.518894
vt 0.733196 0.534097
vt 0.739264 0.518894
f 94/280/94 100/299/100 98/294/98
vt 0.773809 0.355428
vt 0.729483 0.355428
vt 0.721544 0.318217
f 96/286/96 99/296/99 101/303/101
vt 0.773809 0.355428
vt 0.721544 0.318217
vt 0.778978 0.318217
f 96/286/96 101/302/101 97/291/97
vt 0.495202 0.667322
vt 0.495202 0.638054
vt 0.782602 0.624860
f 102/304/102 103/308/103 86/258/86
vt 0.495202 0.667322
vt 0.782602 0.624860
vt 0.786198 0.657610
f 102/304/102 86/257/86 85/255/85
vt 0.739264 0.518894
vt 0.717676 0.361747
vt 0.729483 0.355428
f 98/292/98 104/311/104 99/297/99
vt 0.739264 0.518894
vt 0.733196 0.534097
vt 0.717546 0.435070
f 98/292/98 100/299/100 105/315/105
vt 0.739264 0.518894
vt 0.717546 0.435070
vt 0.717676 0.361747
f 98/292/98 105/314/105 104/312/104
vt 0.495202 0.318217
vt 0.721544 0.318217
vt 0.717676 0.361747
f 106/316/106 101/302/101 104/312/104
vt 0.495202 0.318217
vt 0.717676 0.361747
vt 0.495202 0.361747
f 106/316/106 104/311/104 107/321/107
vt 0.495202 0.435070
vt 0.495202 0.361747
vt 0.717546 0.435070
f 121/361/121 107/320/107 105/315/105
vt 0.717546 0.435070
vt 0.495202 0.361747
vt 0.717676 0.361747
f 105/313/105 107/320/107 104/312/104
vt 0.495202 0.638054
vt 0.717546 0.435070
vt 0.782602 0.624860
f 103/307/103 105/314/105 86/258/86
vt 0.782602 0.624860
vt 0.782602 0.435146
vt 0.835816 0.584066
f 86/256/86 93/278/93 87/261/87
vt 0.773809 0.355428
vt 0.778978 0.318217
vt 0.783031 0.361747
f 96/286/96 97/290/97 92/276/92
vt 0.717676 0.361747
vt 0.721544 0.318217
vt 0.729483 0.355428
f 104/310/104 101/302/101 99/297/99
vt 0.835816 0.584066
vt 0.782602 0.435146
vt 0.866105 0.435146
f 87/259/87 93/278/93 91/273/91
vt 0.835816 0.584066
vt 0.866105 0.435146
vt 0.879445 0.469065
f 87/259/87 91/272/91 88/264/88
vt 0.782602 0.624860
vt 0.717546 0.435070
vt 0.782602 0.435146
f 86/256/86 105/314/105 93/279/93
vt 0.495202 0.638054
vt 0.495202 0.435070
vt 0.717546 0.435070
f 103/307/103 121/362/121 105/315/105
vt 0.955518 0.745725
vt 0.875700 0.744532
vt 0.880282 0.726310
f 69/205/69 71/212/71 122/366/122
vt 0.955518 0.745725
vt 0.880282 0.726310
vt 0.951238 0.726310
f 69/205/69 122/365/122 123/369/123
vt 0.840159 0.709684
vt 0.841529 0.614821
vt 0.880282 0.726310
f 73/217/73 84/251/84 122/366/122
vt 0.951238 0.726310
vt 1.002806 0.709684
vt 0.955518 0.745725
f 123/367/123 67/200/67 69/207/69
vt 0.841529 0.614821
vt 0.887070 0.566323
vt 0.951238 0.726310
f 84/250/84 89/266/89 123/369/123
vt 0.841529 0.614821
vt 0.951238 0.726310
vt 0.880282 0.726310
f 84/250/84 123/368/123 122/366/122
vt 0.887070 0.566323
vt 0.945251 0.565640
vt 0.951238 0.726310
f 89/265/89 90/269/90 123/369/123
vt 0.989980 0.614821
vt 0.951238 0.726310
vt 0.945251 0.565640
f 75/223/75 123/368/123 90/270/90
vt 0.840159 0.709684
vt 0.880282 0.726310
vt 0.875700 0.744532
f 73/217/73 122/365/122 71/213/71
vt 0.989980 0.614821
vt 1.002806 0.709684
vt 0.951238 0.726310
f 75/223/75 67/200/67 123/369/123
vt 1.002245 0.361665
vt 1.023935 0.361747
vt 1.005173 0.321262
f 76/226/76 80/239/80 83/249/83
vt 1.023935 0.361747
vt 1.002681 0.412335
vt 0.972500 0.435146
f 80/238/80 77/230/77 78/234/78
vt -0.012276 0.412335
vt -0.011841 0.361665
vt -0.033530 0.361747
f 206/616/206 207/620/207 283/849/283
vt -0.033530 0.361747
vt 0.003235 0.361747
vt 0.017905 0.435146
f 283/847/283 284/851/284 205/615/205
vt -0.033530 0.361747
vt -0.014769 0.321262
vt 0.007294 0.318217
f 283/847/283 270/809/270 272/816/272
vt -0.033530 0.361747
vt 0.007294 0.318217
vt 0.003235 0.361747
f 283/847/283 272/815/272 284/852/284
vt 0.192293 0.702661
vt 0.150245 0.709684
vt 0.148876 0.614821
f 285/853/285 286/857/286 287/861/287
vt 0.192293 0.702661
vt 0.148876 0.614821
vt 0.204205 0.657610
f 285/853/285 287/860/287 288/864/288
vt 0.204205 0.657610
vt 0.148876 0.614821
vt 0.154588 0.584066
f 288/862/288 287/860/287 289/867/289
vt 0.204205 0.657610
vt 0.154588 0.584066
vt 0.207803 0.624860
f 288/862/288 289/866/289 290/870/290
vt 0.148876 0.614821
vt 0.103334 0.566323
vt 0.110957 0.469065
f 287/859/287 291/872/291 292/876/292
vt 0.148876 0.614821
vt 0.110957 0.469065
vt 0.154588 0.584066
f 287/859/287 292/875/292 289/867/289
vt 0.045153 0.565640
vt 0.017905 0.435146
vt 0.110957 0.469065
f 293/877/293 205/614/205 292/876/292
vt 0.045153 0.565640
vt 0.110957 0.469065
vt 0.103334 0.566323
f 293/877/293 292/875/292 291/873/291
vt 0.017905 0.435146
vt 0.045153 0.565640
vt 0.000424 0.614821
f 205/613/205 293/878/293 204/612/204
vt 0.110957 0.469065
vt 0.017905 0.435146
vt 0.124298 0.435146
f 292/874/292 205/614/205 294/882/294
vt 0.003235 0.361747
vt 0.207374 0.361747
vt 0.124298 0.435146
f 284/850/284 295/884/295 294/882/294
vt 0.003235 0.361747
vt 0.124298 0.435146
vt 0.017905 0.435146
f 284/850/284 294/881/294 205/615/205
vt 0.207803 0.435146
vt 0.124298 0.435146
vt 0.207374 0.361747
f 296/886/296 294/881/294 295/885/295
vt 0.007294 0.318217
vt 0.211427 0.318217
vt 0.207374 0.361747
f 272/814/272 269/806/269 295/885/295
vt 0.007294 0.318217
vt 0.207374 0.361747
vt 0.003235 0.361747
f 272/814/272 295/884/295 284/852/284
vt 0.495202 0.667322
vt 0.204205 0.657610
vt 0.207803 0.624860
f 102/304/102 288/863/288 290/870/290
vt 0.495202 0.667322
vt 0.207803 0.624860
vt 0.495202 0.638054
f 102/304/102 290/869/290 103/309/103
vt 0.495202 0.318217
vt 0.495202 0.361747
vt 0.272728 0.361747
f 106/316/106 107/320/107 297/891/297
vt 0.495202 0.318217
vt 0.272728 0.361747
vt 0.268860 0.318217
f 106/316/106 297/890/297 271/813/271
vt 0.272858 0.435070
vt 0.495202 0.361747
vt 0.495202 0.435070
f 298/892/298 107/320/107 121/363/121
vt 0.272728 0.361747
vt 0.495202 0.361747
vt 0.272858 0.435070
f 297/889/297 107/320/107 298/894/298
vt 0.207803 0.624860
vt 0.272858 0.435070
vt 0.495202 0.638054
f 290/868/290 298/893/298 103/309/103
vt 0.154588 0.584066
vt 0.207803 0.435146
vt 0.207803 0.624860
f 289/865/289 296/887/296 290/870/290
vt 0.124298 0.435146
vt 0.207803 0.435146
vt 0.154588 0.584066
f 294/880/294 296/887/296 289/867/289
vt 0.110957 0.469065
vt 0.124298 0.435146
vt 0.154588 0.584066
f 292/874/292 294/881/294 289/867/289
vt 0.207803 0.435146
vt 0.272858 0.435070
vt 0.207803 0.624860
f 296/886/296 298/893/298 290/870/290
vt 0.272858 0.435070
vt 0.495202 0.435070
vt 0.495202 0.638054
f 298/892/298 121/362/121 103/309/103
vt 0.034887 0.745725
vt 0.039166 0.726310
vt 0.110121 0.726310
f 202/604/202 299/896/299 300/900/300
vt 0.034887 0.745725
vt 0.110121 0.726310
vt 0.114704 0.744532
f 202/604/202 300/899/300 301/903/301
vt 0.110121 0.726310
vt 0.148876 0.614821
vt 0.150245 0.709684
f 300/898/300 287/860/287 286/858/286
vt 0.034887 0.745725
vt -0.012402 0.709684
vt 0.039166 0.726310
f 202/604/202 201/602/201 299/897/299
vt 0.039166 0.726310
vt 0.103334 0.566323
vt 0.148876 0.614821
f 299/895/299 291/872/291 287/861/287
vt 0.110121 0.726310
vt 0.039166 0.726310
vt 0.148876 0.614821
f 300/898/300 299/896/299 287/861/287
vt 0.039166 0.726310
vt 0.045153 0.565640
vt 0.103334 0.566323
f 299/895/299 293/878/293 291/873/291
vt 0.045153 0.565640
vt 0.039166 0.726310
vt 0.000424 0.614821
f 293/877/293 299/896/299 204/612/204
vt 0.114704 0.744532
vt 0.110121 0.726310
vt 0.150245 0.709684
f 301/901/301 300/899/300 286/858/286
vt 0.039166 0.726310
vt -0.012402 0.709684
vt 0.000424 0.614821
f 299/895/299 201/602/201 204/612/204
vt -0.014769 0.321262
vt -0.033530 0.361747
vt -0.011841 0.361665
f 270/808/270 283/848/283 207/621/207
vt 0.017905 0.435146
vt -0.012276 0.412335
vt -0.033530 0.361747
f 205/613/205 206/617/206 283/849/283
vt 0.207803 0.435146
vt 0.207374 0.361747
vt 0.226377 0.518894
f 296/886/296 295/884/295 302/906/302
vt 0.207803 0.435146
vt 0.226377 0.518894
vt 0.220310 0.534097
f 296/886/296 302/905/302 303/909/303
vt 0.226377 0.518894
vt 0.207374 0.361747
vt 0.216596 0.355428
f 302/904/302 295/884/295 304/912/304
vt 0.216596 0.355428
vt 0.260922 0.355428
vt 0.251140 0.518894
f 304/910/304 305/914/305 306/918/306
vt 0.216596 0.355428
vt 0.251140 0.518894
vt 0.226377 0.518894
f 304/910/304 306/917/306 302/906/302
vt 0.226377 0.518894
vt 0.251140 0.518894
vt 0.257207 0.534097
f 302/904/302 306/917/306 307/921/307
vt 0.226377 0.518894
vt 0.257207 0.534097
vt 0.220310 0.534097
f 302/904/302 307/920/307 303/909/303
vt 0.216596 0.355428
vt 0.211427 0.318217
vt 0.268860 0.318217
f 304/910/304 269/806/269 271/813/271
vt 0.216596 0.355428
vt 0.268860 0.318217
vt 0.260922 0.355428
f 304/910/304 271/812/271 305/915/305
vt 0.260922 0.355428
vt 0.272728 0.361747
vt 0.251140 0.518894
f 305/913/305 297/890/297 306/918/306
vt 0.251140 0.518894
vt 0.272728 0.361747
vt 0.272858 0.435070
f 306/916/306 297/890/297 298/894/298
vt 0.251140 0.518894
vt 0.272858 0.435070
vt 0.257207 0.534097
f 306/916/306 298/893/298 307/921/307
vt 0.207374 0.361747
vt 0.211427 0.318217
vt 0.216596 0.355428
f 295/883/295 269/806/269 304/912/304
vt 0.260922 0.355428
vt 0.268860 0.318217
vt 0.272728 0.361747
f 305/913/305 271/812/271 297/891/297
vt 0.739785 0.614406
vt 0.730527 0.240109
vt 0.587204 0.449091
f 144/430/144 145/434/145 146/438/146
vt 0.725580 0.687774
vt 0.741639 0.655945
vt 0.114042 0.660512
f 153/457/153 152/455/152 190/570/190
vt 0.725580 0.687774
vt 0.114042 0.660512
vt 0.085335 0.692341
f 153/457/153 190/569/190 191/573/191
vt 0.741639 0.655945
vt 0.739785 0.614406
vt 0.125978 0.618973
f 152/454/152 144/431/144 192/576/192
vt 0.741639 0.655945
vt 0.125978 0.618973
vt 0.114042 0.660512
f 152/454/152 192/575/192 190/570/190
vt 0.531608 0.485297
vt 0.739785 0.614406
vt 0.587204 0.449091
f 193/577/193 144/431/144 146/438/146
vt 0.452418 0.512420
vt 0.739785 0.614406
vt 0.531608 0.485297
f 194/580/194 144/431/144 193/579/193
vt 0.125978 0.618973
vt 0.739785 0.614406
vt 0.452418 0.512420
f 192/574/192 144/431/144 194/582/194
vt 0.125978 0.618973
vt 0.452418 0.512420
vt 0.358217 0.520060
f 192/574/192 194/581/194 195/585/195
vt 0.253827 0.500286
vt 0.125978 0.618973
vt 0.358217 0.520060
f 196/586/196 192/575/192 195/585/195
vt 0.125978 0.618973
vt 0.253827 0.500286
vt 0.047146 0.535398
f 192/574/192 196/587/196 197/591/197
vt 0.125978 0.618973
vt 0.047146 0.535398
vt 0.022927 0.618973
f 192/574/192 197/590/197 198/594/198
vt 0.187539 0.452857
vt 0.047146 0.535398
vt 0.253827 0.500286
f 199/595/199 197/590/197 196/588/196
vt 0.114042 0.660512
vt 0.125978 0.618973
vt 0.022927 0.618973
f 190/568/190 192/575/192 198/594/198
vt 0.114042 0.660512
vt 0.022927 0.618973
vt 0.014576 0.648720
f 190/568/190 198/593/198 200/600/200
vt 0.022927 0.618973
vt -0.048574 0.618973
vt 0.014576 0.648720
f 198/592/198 201/602/201 200/600/200
vt -0.048574 0.618973
vt -0.073517 0.650725
vt 0.004637 0.678649
f 201/601/201 202/605/202 203/609/203
vt -0.048574 0.618973
vt 0.004637 0.678649
vt 0.014576 0.648720
f 201/601/201 203/608/203 200/600/200
vt 0.085335 0.692341
vt 0.114042 0.660512
vt 0.014576 0.648720
f 191/571/191 190/569/190 200/600/200
vt 0.085335 0.692341
vt 0.014576 0.648720
vt 0.004637 0.678649
f 191/571/191 200/599/200 203/609/203
vt 0.022927 0.618973
vt 0.047146 0.535398
vt -0.012644 0.535398
f 198/592/198 197/590/197 204/612/204
vt 0.022927 0.618973
vt -0.012644 0.535398
vt -0.048574 0.618973
f 198/592/198 204/611/204 201/603/201
vt 0.004877 0.377103
vt -0.012644 0.535398
vt 0.047146 0.535398
f 205/613/205 204/611/204 197/591/197
vt 0.004877 0.377103
vt 0.047146 0.535398
vt 0.047295 0.357006
f 205/613/205 197/590/197 206/618/206
vt 0.092946 0.312366
vt 0.047146 0.535398
vt 0.187539 0.452857
f 207/619/207 197/590/197 199/597/199
vt 0.092946 0.312366
vt 0.187539 0.452857
vt 0.133716 0.312366
f 207/619/207 199/596/199 208/624/208
vt 0.047295 0.357006
vt 0.047146 0.535398
vt 0.092946 0.312366
f 206/616/206 197/590/197 207/621/207
vt 0.352311 0.643056
vt 0.719366 0.643057
vt 0.719366 0.320328
f 147/439/147 148/443/148 149/447/149
vt 0.352311 0.643056
vt 0.719366 0.320328
vt 0.280634 0.320328
f 147/439/147 149/446/149 145/435/145
vt 0.352311 0.643056
vt 0.352138 0.679672
vt 0.719366 0.679672
f 147/439/147 150/449/150 151/453/151
vt 0.352311 0.643056
vt 0.719366 0.679672
vt 0.719366 0.643057
f 147/439/147 151/452/151 148/444/148
vt 0.103745 1.035113
vt 0.337662 0.929826
vt 0.317675 1.034580
f 171/511/171 175/524/175 176/528/176
vt 0.337662 0.929826
vt 0.103745 1.035113
vt 0.349203 0.883620
f 175/523/175 171/512/171 177/531/177
vt 0.349203 0.883620
vt 0.103745 1.035113
vt 0.103745 0.713925
f 177/529/177 171/512/171 170/510/170
vt 0.371569 0.858217
vt 0.349203 0.883620
vt 0.103745 0.713925
f 178/532/178 177/530/177 170/510/170
vt 0.408972 0.842585
vt 0.371569 0.858217
vt 0.103745 0.713925
f 179/535/179 178/533/178 170/510/170
vt 0.408972 0.842585
vt 0.103745 0.713925
vt 0.843202 0.713925
f 179/535/179 170/509/170 174/522/174
vt 0.408972 0.842585
vt 0.843202 0.713925
vt 0.516145 0.840056
f 179/535/179 174/521/174 180/540/180
vt 0.516145 0.840056
vt 0.843202 0.713925
vt 0.552912 0.853504
f 180/538/180 174/521/174 181/543/181
vt 0.578993 0.885765
vt 0.552912 0.853504
vt 0.808134 0.862872
f 182/544/182 181/542/181 183/549/183
vt 0.643072 1.016600
vt 0.578993 0.885765
vt 0.808134 0.862872
f 184/550/184 182/545/182 183/549/183
vt 0.643072 1.016600
vt 0.808134 0.862872
vt 0.808134 0.976014
f 184/550/184 183/548/183 185/555/185
vt 0.808134 0.862872
vt 0.853386 0.862872
vt 0.853386 0.968583
f 183/547/183 209/626/209 210/630/210
vt 0.808134 0.862872
vt 0.853386 0.968583
vt 0.808134 0.976014
f 183/547/183 210/629/210 185/555/185
vt 0.853386 0.862872
vt 0.808134 0.862872
vt 0.861507 0.801068
f 209/625/209 183/548/183 211/633/211
vt 0.861507 0.801068
vt 0.875787 0.862872
vt 0.853386 0.862872
f 211/631/211 212/635/212 209/627/209
vt 0.853386 0.862872
vt 0.875787 0.862872
vt 0.886658 0.968583
f 209/625/209 212/635/212 213/639/213
vt 0.808134 0.862872
vt 0.552912 0.853504
vt 0.843202 0.713925
f 183/547/183 181/542/181 174/522/174
vt 0.808134 0.862872
vt 0.843202 0.713925
vt 0.861507 0.801068
f 183/547/183 174/521/174 211/633/211
vt 0.853386 0.968583
vt 0.886658 0.968583
vt 0.871397 0.993564
f 210/628/210 213/638/213 246/738/246
vt 0.853386 0.968583
vt 0.871397 0.993564
vt 0.850529 1.000957
f 210/628/210 246/737/246 247/741/247
vt 0.853386 0.968583
vt 0.853386 0.862872
vt 0.886658 0.968583
f 210/628/210 209/626/209 213/639/213
vt 0.850529 1.000957
vt 0.808134 1.004309
vt 0.853386 0.968583
f 247/739/247 250/749/250 210/630/210
vt 0.853386 0.968583
vt 0.808134 1.004309
vt 0.808134 0.976014
f 210/628/210 250/749/250 185/555/185
vt 0.808134 0.976014
vt 0.808134 1.004309
vt 0.643072 1.016600
f 185/553/185 250/749/250 184/552/184
vt 0.948208 0.473356
vt 0.955900 0.473356
vt 0.955900 0.531731
f 135/403/135 117/350/117 136/408/136
vt 0.948208 0.473356
vt 0.955900 0.531731
vt 0.943020 0.531731
f 135/403/135 136/407/136 137/411/137
vt 0.943020 0.531731
vt 0.955900 0.531731
vt 0.956138 0.598644
f 137/409/137 136/407/136 138/414/138
vt 0.943020 0.531731
vt 0.956138 0.598644
vt 0.943020 0.573691
f 137/409/137 138/413/138 139/417/139
vt 0.978571 0.531731
vt 0.978571 0.631576
vt 0.955900 0.531731
f 111/331/111 112/335/112 136/408/136
vt 0.956138 0.598644
vt 0.955900 0.531731
vt 0.967304 0.635278
f 138/412/138 136/407/136 140/420/140
vt 0.950357 0.391048
vt 0.955900 0.473356
vt 0.948208 0.473356
f 125/373/125 117/350/117 135/405/135
vt 0.950357 0.391048
vt 0.948208 0.473356
vt 0.948208 0.391048
f 125/373/125 135/404/135 143/429/143
vt 0.978571 0.655171
vt 0.967304 0.635278
vt 0.978571 0.631576
f 141/421/141 140/419/140 112/336/112
vt 0.967304 0.635278
vt 0.955900 0.531731
vt 0.978571 0.631576
f 140/418/140 136/407/136 112/336/112
vt 0.978810 0.662153
vt 0.967304 0.635278
vt 0.978571 0.655171
f 142/424/142 140/419/140 141/423/141
vt 0.500238 0.573691
vt 0.385188 0.662153
vt 0.385188 0.573691
f 224/670/224 225/674/225 226/678/226
vt 0.500238 0.662153
vt 0.385188 0.662153
vt 0.500238 0.573691
f 227/679/227 225/674/225 224/672/224
vt 0.385188 0.662153
vt 0.377850 0.662153
vt 0.385188 0.573691
f 225/673/225 228/683/228 226/678/226
vt 0.223502 0.573691
vt 0.118251 0.573691
vt 0.118132 0.319578
f 229/685/229 230/689/230 231/693/231
vt 0.500000 0.319668
vt 0.253916 0.573691
vt 0.118132 0.319578
f 129/385/129 232/695/232 231/693/231
vt 0.385188 0.573691
vt 0.253916 0.573691
vt 0.500000 0.319668
f 226/676/226 232/695/232 129/387/129
vt 0.500238 0.573691
vt 0.385188 0.573691
vt 0.500000 0.319668
f 224/670/224 226/677/226 129/387/129
vt 0.044099 0.531731
vt 0.044099 0.473356
vt 0.052030 0.473356
f 240/718/240 221/662/221 241/723/241
vt 0.044099 0.531731
vt 0.052030 0.473356
vt 0.057218 0.531731
f 240/718/240 241/722/241 242/726/242
vt 0.044100 0.598644
vt 0.044099 0.531731
vt 0.057218 0.531731
f 243/727/243 240/719/240 242/726/242
vt 0.044100 0.598644
vt 0.057218 0.531731
vt 0.057217 0.573691
f 243/727/243 242/725/242 244/732/244
vt 0.044099 0.531731
vt 0.021429 0.631576
vt 0.021429 0.531731
f 240/718/240 213/638/213 212/636/212
vt 0.032934 0.635278
vt 0.044099 0.531731
vt 0.044100 0.598644
f 245/733/245 240/719/240 243/729/243
vt 0.052030 0.473356
vt 0.044099 0.473356
vt 0.049643 0.391048
f 241/721/241 221/662/221 223/669/223
vt 0.052030 0.473356
vt 0.049643 0.391048
vt 0.052030 0.391048
f 241/721/241 223/668/223 248/744/248
vt 0.079373 0.343758
vt 0.118132 0.319578
vt 0.118251 0.573691
f 249/745/249 231/692/231 230/690/230
vt 0.079373 0.343758
vt 0.118251 0.573691
vt 0.057218 0.531731
f 249/745/249 230/689/230 242/726/242
vt -0.001242 0.473356
vt 0.044099 0.473356
vt 0.021429 0.531731
f 211/631/211 221/662/221 212/636/212
vt 0.079373 0.343758
vt 0.057218 0.531731
vt 0.052030 0.473356
f 249/745/249 242/725/242 241/723/241
vt 0.079373 0.343758
vt 0.052030 0.473356
vt 0.052030 0.391048
f 249/745/249 241/722/241 248/744/248
vt 0.052030 0.391048
vt 0.051911 0.343758
vt 0.079373 0.343758
f 248/742/248 237/710/237 249/747/249
vt 0.057217 0.573691
vt 0.057218 0.531731
vt 0.118251 0.573691
f 244/730/244 242/725/242 230/690/230
vt 0.021429 0.631576
vt 0.032934 0.635278
vt 0.021429 0.655171
f 213/637/213 245/734/245 246/738/246
vt 0.253916 0.573691
vt 0.223502 0.573691
vt 0.118132 0.319578
f 232/694/232 229/686/229 231/693/231
vt 0.021429 0.631576
vt 0.044099 0.531731
vt 0.032934 0.635278
f 213/637/213 240/719/240 245/735/245
vt 0.021429 0.655171
vt 0.032934 0.635278
vt 0.021429 0.662153
f 246/736/246 245/734/245 247/741/247
vt 0.377240 0.598644
vt 0.385188 0.573691
vt 0.371842 0.635278
f 251/751/251 226/677/226 252/756/252
vt 0.377850 0.662153
vt 0.371842 0.635278
vt 0.385188 0.573691
f 228/682/228 252/755/252 226/678/226
vt 0.253916 0.573691
vt 0.385188 0.573691
vt 0.377240 0.598644
f 232/694/232 226/677/226 251/753/251
vt 0.253916 0.573691
vt 0.377240 0.598644
vt 0.253916 0.598644
f 232/694/232 251/752/251 253/759/253
vt 0.253916 0.598644
vt 0.377240 0.598644
vt 0.371842 0.635278
f 253/757/253 251/752/251 252/756/252
vt 0.253916 0.598644
vt 0.371842 0.635278
vt 0.253916 0.635278
f 253/757/253 252/755/252 254/762/254
vt 0.238709 0.662153
vt 0.021429 0.662153
vt 0.032934 0.635278
f 255/763/255 247/740/247 245/735/245
vt 0.238709 0.662153
vt 0.032934 0.635278
vt 0.223502 0.635278
f 255/763/255 245/734/245 256/768/256
vt 0.377850 0.662153
vt 0.238709 0.662153
vt 0.253916 0.635278
f 228/682/228 255/764/255 254/762/254
vt 0.377850 0.662153
vt 0.253916 0.635278
vt 0.371842 0.635278
f 228/682/228 254/761/254 252/756/252
vt 0.223502 0.598644
vt 0.044100 0.598644
vt 0.057217 0.573691
f 257/769/257 243/728/243 244/732/244
vt 0.223502 0.598644
vt 0.057217 0.573691
vt 0.118251 0.573691
f 257/769/257 244/731/244 230/690/230
vt 0.118251 0.573691
vt 0.223502 0.573691
vt 0.223502 0.598644
f 230/688/230 229/686/229 257/771/257
vt 0.044100 0.598644
vt 0.223502 0.598644
vt 0.223502 0.635278
f 243/727/243 257/770/257 256/768/256
vt 0.044100 0.598644
vt 0.223502 0.635278
vt 0.032934 0.635278
f 243/727/243 256/767/256 245/735/245
vt 0.223502 0.598644
vt 0.223502 0.573691
vt 0.229235 0.582574
f 257/769/257 229/686/229 258/774/258
vt 0.223502 0.598644
vt 0.229235 0.582574
vt 0.230096 0.596064
f 257/769/257 258/773/258 259/777/259
vt 0.248183 0.582574
vt 0.253916 0.573691
vt 0.253916 0.598644
f 260/778/260 232/695/232 253/759/253
vt 0.248183 0.582574
vt 0.253916 0.598644
vt 0.247322 0.596064
f 260/778/260 253/758/253 261/783/261
vt 0.223502 0.635278
vt 0.230096 0.596064
vt 0.234627 0.635278
f 256/766/256 259/776/259 262/786/262
vt 0.223502 0.635278
vt 0.223502 0.598644
vt 0.230096 0.596064
f 256/766/256 257/770/257 259/777/259
vt 0.234627 0.635278
vt 0.242791 0.635278
vt 0.238709 0.655171
f 262/784/262 263/788/263 264/792/264
vt 0.238709 0.655171
vt 0.223502 0.635278
vt 0.234627 0.635278
f 264/790/264 256/767/256 262/786/262
vt 0.248183 0.582574
vt 0.229235 0.582574
vt 0.223502 0.573691
f 260/778/260 258/773/258 229/687/229
vt 0.253916 0.573691
vt 0.248183 0.582574
vt 0.223502 0.573691
f 232/694/232 260/779/260 229/687/229
vt 0.229235 0.582574
vt 0.248183 0.582574
vt 0.247322 0.596064
f 258/772/258 260/779/260 261/783/261
vt 0.229235 0.582574
vt 0.247322 0.596064
vt 0.230096 0.596064
f 258/772/258 261/782/261 259/777/259
vt 0.253916 0.635278
vt 0.247322 0.596064
vt 0.253916 0.598644
f 254/760/254 261/782/261 253/759/253
vt 0.253916 0.635278
vt 0.242791 0.635278
vt 0.247322 0.596064
f 254/760/254 263/788/263 261/783/261
vt 0.242791 0.635278
vt 0.234627 0.635278
vt 0.230096 0.596064
f 263/787/263 262/785/262 259/777/259
vt 0.247322 0.596064
vt 0.242791 0.635278
vt 0.230096 0.596064
f 261/781/261 263/788/263 259/777/259
vt 0.242791 0.635278
vt 0.253916 0.635278
vt 0.238709 0.655171
f 263/787/263 254/761/254 264/792/264
vt 0.238709 0.655171
vt 0.253916 0.635278
vt 0.238709 0.662153
f 264/790/264 254/761/254 255/765/255
vt 0.238709 0.662153
vt 0.223502 0.635278
vt 0.238709 0.655171
f 255/763/255 256/767/256 264/792/264
vt 0.776736 0.598644
vt 0.769903 0.596064
vt 0.770765 0.582574
f 308/922/308 309/926/309 310/930/310
vt 0.776736 0.598644
vt 0.770765 0.582574
vt 0.776736 0.573691
f 308/922/308 310/929/310 311/933/311
vt 0.746322 0.598644
vt 0.746322 0.573691
vt 0.751817 0.582574
f 312/934/312 313/938/313 314/942/314
vt 0.746322 0.598644
vt 0.751817 0.582574
vt 0.752678 0.596064
f 312/934/312 314/941/314 315/945/315
vt 0.765373 0.635278
vt 0.769903 0.596064
vt 0.776736 0.635278
f 316/946/316 309/926/309 317/951/317
vt 0.769903 0.596064
vt 0.776736 0.598644
vt 0.776736 0.635278
f 309/925/309 308/923/308 317/951/317
vt 0.761291 0.655171
vt 0.757210 0.635278
vt 0.765373 0.635278
f 318/952/318 319/956/319 316/948/316
vt 0.765373 0.635278
vt 0.776736 0.635278
vt 0.761291 0.655171
f 316/946/316 317/950/317 318/954/318
vt 0.776736 0.573691
vt 0.770765 0.582574
vt 0.751817 0.582574
f 311/931/311 310/929/310 314/942/314
vt 0.776736 0.573691
vt 0.751817 0.582574
vt 0.746322 0.573691
f 311/931/311 314/941/314 313/939/313
vt 0.770765 0.582574
vt 0.769903 0.596064
vt 0.752678 0.596064
f 310/928/310 309/926/309 315/945/315
vt 0.770765 0.582574
vt 0.752678 0.596064
vt 0.751817 0.582574
f 310/928/310 315/944/315 314/942/314
vt 0.746322 0.598644
vt 0.752678 0.596064
vt 0.746322 0.635278
f 312/934/312 315/944/315 320/960/320
vt 0.752678 0.596064
vt 0.757210 0.635278
vt 0.746322 0.635278
f 315/943/315 319/956/319 320/960/320
vt 0.769903 0.596064
vt 0.765373 0.635278
vt 0.757210 0.635278
f 309/925/309 316/947/316 319/957/319
vt 0.769903 0.596064
vt 0.757210 0.635278
vt 0.752678 0.596064
f 309/925/309 319/956/319 315/945/315
vt 0.761291 0.655171
vt 0.746322 0.635278
vt 0.757210 0.635278
f 318/952/318 320/959/320 319/957/319
vt 0.761529 0.662153
vt 0.746322 0.635278
vt 0.761291 0.655171
f 278/832/278 320/959/320 318/954/318
vt 0.761291 0.655171
vt 0.776736 0.635278
vt 0.761529 0.662153
f 318/952/318 317/950/317 278/834/278
vt 0.044099 0.531731
vt 0.021429 0.531731
vt 0.044099 0.473356
f 240/718/240 212/635/212 221/663/221
vt 0.955900 0.473356
vt 0.978571 0.531731
vt 0.955900 0.531731
f 117/349/117 111/332/111 136/408/136
vt 0.978571 0.531731
vt 0.955900 0.473356
vt 1.001242 0.473356
f 111/331/111 117/350/117 110/330/110
vt 0.565880 0.402785
vt 0.565880 0.402785
vt 0.582783 0.424168
f 337/1009/337 338/1013/338 339/1017/339
vt 0.565880 0.402785
vt 0.582783 0.424168
vt 0.582783 0.424168
f 337/1009/337 339/1016/339 340/1020/340
vt 0.582783 0.424168
vt 0.582783 0.424168
vt 0.529396 0.424168
f 340/1018/340 339/1016/339 341/1023/341
vt 0.582783 0.424168
vt 0.529396 0.424168
vt 0.529396 0.424168
f 340/1018/340 341/1022/341 342/1026/342
vt 0.565880 0.402785
vt 0.565880 0.402785
vt 0.529396 0.402785
f 338/1012/338 337/1010/337 343/1029/343
vt 0.565880 0.402785
vt 0.529396 0.402785
vt 0.529396 0.402785
f 338/1012/338 343/1028/343 344/1032/344
vt 0.432107 0.424168
vt 0.432107 0.424168
vt 0.418022 0.402785
f 345/1033/345 346/1037/346 347/1041/347
vt 0.432107 0.424168
vt 0.418022 0.402785
vt 0.418022 0.402785
f 345/1033/345 347/1040/347 348/1044/348
vt 0.418022 0.402785
vt 0.418022 0.402785
vt 0.473565 0.402785
f 348/1042/348 347/1040/347 349/1047/349
vt 0.418022 0.402785
vt 0.473565 0.402785
vt 0.473289 0.402785
f 348/1042/348 349/1046/349 350/1050/350
vt 0.432107 0.424168
vt 0.432107 0.424168
vt 0.473012 0.424168
f 346/1036/346 345/1034/345 351/1053/351
vt 0.432107 0.424168
vt 0.473012 0.424168
vt 0.473012 0.424168
f 346/1036/346 351/1052/351 352/1056/352
vt 0.473565 0.391048
vt 0.473565 0.391049
vt 0.529396 0.391049
f 353/1057/353 354/1061/354 355/1065/355
vt 0.473565 0.391048
vt 0.529396 0.391049
vt 0.529396 0.391048
f 353/1057/353 355/1064/355 356/1068/356
vt 0.529396 0.402785
vt 0.529396 0.402785
vt 0.529396 0.391048
f 344/1030/344 343/1028/343 356/1068/356
vt 0.529396 0.402785
vt 0.529396 0.391048
vt 0.529396 0.391049
f 344/1030/344 356/1067/356 355/1065/355
vt 0.473289 0.402785
vt 0.473565 0.402785
vt 0.473565 0.391049
f 350/1048/350 349/1046/349 354/1062/354
vt 0.473289 0.402785
vt 0.473565 0.391049
vt 0.473565 0.391048
f 350/1048/350 354/1061/354 353/1059/353
vt 0.473012 0.424168
vt 0.473012 0.424168
vt 0.473012 0.434653
f 352/1054/352 351/1052/351 357/1071/357
vt 0.473012 0.424168
vt 0.473012 0.434653
vt 0.473012 0.434653
f 352/1054/352 357/1070/357 358/1074/358
vt 0.473012 0.434653
vt 0.473012 0.434653
vt 0.529396 0.434653
f 358/1072/358 357/1070/357 359/1077/359
vt 0.473012 0.434653
vt 0.529396 0.434653
vt 0.529396 0.434653
f 358/1072/358 359/1076/359 360/1080/360
vt 0.529396 0.424168
vt 0.529396 0.424168
vt 0.529396 0.434653
f 342/1024/342 341/1022/341 360/1080/360
vt 0.529396 0.424168
vt 0.529396 0.434653
vt 0.529396 0.434653
f 342/1024/342 360/1079/360 359/1077/359
vt 0.529396 0.402785
vt 0.473289 0.402785
vt 0.473565 0.391048
f 343/1027/343 350/1049/350 353/1059/353
vt 0.529396 0.402785
vt 0.473565 0.391048
vt 0.529396 0.391048
f 343/1027/343 353/1058/353 356/1068/356
vt 0.473012 0.424168
vt 0.529396 0.424168
vt 0.529396 0.434653
f 351/1051/351 342/1025/342 359/1077/359
vt 0.473012 0.424168
vt 0.529396 0.434653
vt 0.473012 0.434653
f 351/1051/351 359/1076/359 357/1071/357
vt 0.529396 0.402785
vt 0.529396 0.424168
vt 0.473012 0.424168
f 343/1027/343 342/1025/342 351/1053/351
vt 0.529396 0.402785
vt 0.473012 0.424168
vt 0.473289 0.402785
f 343/1027/343 351/1052/351 350/1050/350
vt 0.529396 0.402785
vt 0.565880 0.402785
vt 0.582783 0.424168
f 343/1027/343 337/1010/337 340/1020/340
vt 0.529396 0.402785
vt 0.582783 0.424168
vt 0.529396 0.424168
f 343/1027/343 340/1019/340 342/1026/342
vt 0.473012 0.424168
vt 0.432107 0.424168
vt 0.418022 0.402785
f 351/1051/351 345/1034/345 348/1044/348
vt 0.473012 0.424168
vt 0.418022 0.402785
vt 0.473289 0.402785
f 351/1051/351 348/1043/348 350/1050/350
vt 0.615288 0.573691
vt 0.615049 0.662153
vt 0.500238 0.573691
f 363/1087/363 277/830/277 224/672/224
vt 0.500238 0.573691
vt 0.615049 0.662153
vt 0.500238 0.662153
f 224/670/224 277/830/277 227/681/227
vt 0.615288 0.573691
vt 0.622388 0.662153
vt 0.615049 0.662153
f 363/1087/363 279/836/279 277/831/277
vt 0.881987 0.319578
vt 0.882224 0.573691
vt 0.776736 0.573691
f 128/382/128 364/1091/364 311/933/311
vt 0.881987 0.319578
vt 0.746322 0.573691
vt 0.500000 0.319668
f 128/382/128 313/938/313 129/387/129
vt 0.500000 0.319668
vt 0.746322 0.573691
vt 0.615288 0.573691
f 129/385/129 313/938/313 363/1089/363
vt 0.500000 0.319668
vt 0.615288 0.573691
vt 0.500238 0.573691
f 129/385/129 363/1088/363 224/672/224
vt 0.920746 0.343758
vt 0.943020 0.531731
vt 0.882224 0.573691
f 127/379/127 137/410/137 364/1092/364
vt 0.920746 0.343758
vt 0.882224 0.573691
vt 0.881987 0.319578
f 127/379/127 364/1091/364 128/384/128
vt 0.948208 0.473356
vt 0.943020 0.531731
vt 0.920746 0.343758
f 135/403/135 137/410/137 127/381/127
vt 0.948208 0.473356
vt 0.920746 0.343758
vt 0.948208 0.391048
f 135/403/135 127/380/127 143/429/143
vt 0.920746 0.343758
vt 0.948208 0.343758
vt 0.948208 0.391048
f 127/379/127 134/401/134 143/429/143
vt 0.882224 0.573691
vt 0.943020 0.531731
vt 0.943020 0.573691
f 364/1090/364 137/410/137 139/417/139
vt 0.881987 0.319578
vt 0.776736 0.573691
vt 0.746322 0.573691
f 128/382/128 311/932/311 313/939/313
vt 0.628635 0.635278
vt 0.615288 0.573691
vt 0.623236 0.598644
f 365/1093/365 363/1088/363 366/1098/366
vt 0.615288 0.573691
vt 0.628635 0.635278
vt 0.622388 0.662153
f 363/1087/363 365/1094/365 279/837/279
vt 0.746322 0.573691
vt 0.746322 0.598644
vt 0.623236 0.598644
f 313/937/313 312/935/312 366/1098/366
vt 0.746322 0.573691
vt 0.623236 0.598644
vt 0.615288 0.573691
f 313/937/313 366/1097/366 363/1089/363
vt 0.746322 0.598644
vt 0.746322 0.635278
vt 0.628635 0.635278
f 312/934/312 320/959/320 365/1095/365
vt 0.746322 0.598644
vt 0.628635 0.635278
vt 0.623236 0.598644
f 312/934/312 365/1094/365 366/1098/366
vt 0.967304 0.635278
vt 0.978810 0.662153
vt 0.761529 0.662153
f 140/418/140 142/425/142 278/834/278
vt 0.967304 0.635278
vt 0.761529 0.662153
vt 0.776736 0.635278
f 140/418/140 278/833/278 317/951/317
vt 0.746322 0.635278
vt 0.761529 0.662153
vt 0.622388 0.662153
f 320/958/320 278/833/278 279/837/279
vt 0.746322 0.635278
vt 0.622388 0.662153
vt 0.628635 0.635278
f 320/958/320 279/836/279 365/1095/365
vt 0.943020 0.573691
vt 0.956138 0.598644
vt 0.776736 0.598644
f 139/415/139 138/413/138 308/924/308
vt 0.943020 0.573691
vt 0.776736 0.598644
vt 0.882224 0.573691
f 139/415/139 308/923/308 364/1092/364
vt 0.776736 0.598644
vt 0.776736 0.573691
vt 0.882224 0.573691
f 308/922/308 311/932/311 364/1092/364
vt 0.956138 0.598644
vt 0.967304 0.635278
vt 0.776736 0.635278
f 138/412/138 140/419/140 317/951/317
vt 0.956138 0.598644
vt 0.776736 0.635278
vt 0.776736 0.598644
f 138/412/138 317/950/317 308/924/308
vt 0.972656 0.066406
vt 0.972656 0.066406
vt 0.972656 0.066406
f 1/1/1 2/5/2 3/9/3
vt 0.972656 0.066406
vt 0.972656 0.066406
vt 0.972656 0.066406
f 1/1/1 3/8/3 4/12/4
vt 0.972656 0.066406
vt 0.972656 0.066406
vt 0.972656 0.066406
f 4/10/4 3/8/3 5/15/5
vt 0.972656 0.066406
vt 0.972656 0.066406
vt 0.972656 0.066406
f 6/16/6 7/20/7 8/24/8
vt 0.972656 0.066406
vt 0.972656 0.066406
vt 0.972656 0.066406
f 6/16/6 8/23/8 9/27/9
vt 0.972656 0.066406
vt 0.972656 0.066406
vt 0.972656 0.066406
f 10/28/10 8/23/8 7/21/7
vt 0.527344 0.714844
vt 0.527344 0.792969
vt 0.539063 0.792969
f 9/25/9 8/23/8 11/33/11
vt 0.527344 0.714844
vt 0.539063 0.792969
vt 0.539063 0.714844
f 9/25/9 11/32/11 12/36/12
vt 0.527344 0.792969
vt 0.527344 0.714844
vt 0.539063 0.714844
f 3/7/3 2/5/2 13/39/13
vt 0.527344 0.792969
vt 0.539063 0.714844
vt 0.539063 0.792969
f 3/7/3 13/38/13 14/42/14
vt 0.972656 0.066406
vt 0.972656 0.066406
vt 0.972656 0.066406
f 15/43/15 16/47/16 12/36/12
vt 0.972656 0.066406
vt 0.972656 0.066406
vt 0.972656 0.066406
f 15/43/15 12/35/12 11/33/11
vt 0.972656 0.066406
vt 0.972656 0.066406
vt 0.972656 0.066406
f 17/49/17 18/53/18 14/42/14
vt 0.972656 0.066406
vt 0.972656 0.066406
vt 0.972656 0.066406
f 17/49/17 14/41/14 13/39/13
vt 0.972656 0.066406
vt 0.972656 0.066406
vt 0.972656 0.066406
f 1/1/1 2/5/2 3/9/3
vt 0.972656 0.066406
vt 0.972656 0.066406
vt 0.972656 0.066406
f 3/7/3 4/11/4 5/15/5
vt 0.972656 0.066406
vt 0.972656 0.066406
vt 0.972656 0.066406
f 3/7/3 5/14/5 1/3/1
vt 0.972656 0.066406
vt 0.972656 0.066406
vt 0.972656 0.066406
f 2/4/2 1/2/1 6/18/6
vt 0.972656 0.066406
vt 0.972656 0.066406
vt 0.972656 0.066406
f 2/4/2 6/17/6 7/21/7
vt 0.972656 0.066406
vt 0.972656 0.066406
vt 0.972656 0.066406
f 8/22/8 9/26/9 10/30/10
vt 0.972656 0.066406
vt 0.972656 0.066406
vt 0.972656 0.066406
f 6/16/6 10/29/10 7/21/7
vt 0.972656 0.066406
vt 0.972656 0.066406
vt 0.972656 0.066406
f 11/31/11 12/35/12 13/39/13
vt 0.972656 0.066406
vt 0.972656 0.066406
vt 0.972656 0.066406
f 14/40/14 15/44/15 11/33/11
vt 0.972656 0.066406
vt 0.972656 0.066406
vt 0.972656 0.066406
f 14/40/14 11/32/11 13/39/13
vt 0.972656 0.066406
vt 0.972656 0.066406
vt 0.972656 0.066406
f 16/46/16 13/38/13 12/36/12
vt 0.972656 0.066406
vt 0.972656 0.066406
vt 0.972656 0.066406
f 16/46/16 12/35/12 17/51/17
vt 0.972656 0.066406
vt 0.972656 0.066406
vt 0.972656 0.066406
f 17/49/17 18/53/18 16/48/16
vt 0.972656 0.066406
vt 0.972656 0.066406
vt 0.972656 0.066406
f 18/52/18 8/23/8 16/48/16
vt 0.972656 0.066406
vt 0.972656 0.066406
vt 0.972656 0.066406
f 8/22/8 10/29/10 6/18/6
vt 0.972656 0.066406
vt 0.972656 0.066406
vt 0.972656 0.066406
f 18/52/18 9/26/9 8/24/8
vt 0.972656 0.066406
vt 0.972656 0.066406
vt 0.972656 0.066406
f 19/55/19 20/59/20 21/63/21
vt 0.972656 0.066406
vt 0.972656 0.066406
vt 0.972656 0.066406
f 19/55/19 21/62/21 22/66/22
vt 0.972656 0.066406
vt 0.972656 0.066406
vt 0.972656 0.066406
f 22/64/22 23/68/23 24/72/24
vt 0.972656 0.066406
vt 0.972656 0.066406
vt 0.972656 0.066406
f 22/64/22 24/71/24 19/57/19
vt 0.972656 0.066406
vt 0.972656 0.066406
vt 0.972656 0.066406
f 24/70/24 25/74/25 26/78/26
vt 0.972656 0.066406
vt 0.972656 0.066406
vt 0.972656 0.066406
f 27/79/27 24/71/24 26/78/26
vt 0.972656 0.066406
vt 0.972656 0.066406
vt 0.972656 0.066406
f 28/82/28 29/86/29 30/90/30
vt 0.972656 0.066406
vt 0.972656 0.066406
vt 0.972656 0.066406
f 28/82/28 30/89/30 31/93/31
vt 0.972656 0.066406
vt 0.972656 0.066406
vt 0.972656 0.066406
f 31/91/31 30/89/30 32/96/32
vt 0.972656 0.066406
vt 0.972656 0.066406
vt 0.972656 0.066406
f 31/91/31 32/95/32 33/99/33
vt 0.972656 0.066406
vt 0.972656 0.066406
vt 0.972656 0.066406
f 34/100/34 33/98/33 32/96/32
vt 0.972656 0.066406
vt 0.972656 0.066406
vt 0.972656 0.066406
f 26/76/26 32/95/32 27/81/27
vt 0.972656 0.066406
vt 0.972656 0.066406
vt 0.972656 0.066406
f 26/76/26 34/101/34 32/96/32
vt 0.972656 0.066406
vt 0.972656 0.066406
vt 0.972656 0.066406
f 24/70/24 23/68/23 25/75/25
vt 0.364189 0.882463
vt 0.356563 0.893820
vt 0.336322 0.891922
f 1/1/1 2/5/2 3/9/3
vt 0.364189 0.882463
vt 0.336322 0.891922
vt 0.311602 0.876563
f 1/1/1 3/8/3 4/12/4
vt 0.336322 0.891922
vt 0.356563 0.893820
vt 0.351708 0.960495
f 3/7/3 2/5/2 5/15/5
vt 0.336322 0.891922
vt 0.351708 0.960495
vt 0.332326 0.956011
f 3/7/3 5/14/5 6/18/6
vt 0.349386 0.977557
vt 0.332326 0.956011
vt 0.351708 0.960495
f 7/19/7 6/17/6 5/15/5
vt 0.351708 0.960495
vt 0.392271 0.961128
vt 0.391571 0.979954
f 5/13/5 8/23/8 9/27/9
vt 0.351708 0.960495
vt 0.391571 0.979954
vt 0.349386 0.977557
f 5/13/5 9/26/9 7/21/7
vt 0.391571 0.979954
vt 0.395545 0.961128
vt 0.462438 0.961128
f 9/25/9 10/29/10 11/33/11
vt 0.391571 0.979954
vt 0.462438 0.961128
vt 0.498041 0.980067
f 9/25/9 11/32/11 12/36/12
vt 0.392271 0.961128
vt 0.395545 0.961128
vt 0.391571 0.979954
f 8/22/8 10/29/10 9/27/9
vt 0.498041 0.980067
vt 0.462438 0.961128
vt 0.504815 0.960944
f 12/34/12 11/32/11 13/39/13
vt 0.504815 0.960944
vt 0.462438 0.961128
vt 0.493985 0.947621
f 13/37/13 11/32/11 14/42/14
vt 0.493985 0.947621
vt 0.462438 0.961128
vt 0.477106 0.882489
f 14/40/14 11/32/11 15/45/15
vt 0.493985 0.947621
vt 0.477106 0.882489
vt 0.505186 0.902184
f 14/40/14 15/44/15 16/48/16
vt 0.505186 0.902184
vt 0.477106 0.882489
vt 0.519054 0.891610
f 16/46/16 15/44/15 17/51/17
vt 0.391571 0.979954
vt 0.498041 0.980067
vt 0.494500 0.995365
f 9/25/9 12/35/12 18/54/18
vt 0.391571 0.979954
vt 0.494500 0.995365
vt 0.388734 0.995988
f 9/25/9 18/53/18 19/57/19
vt 0.403380 0.561779
vt 0.508797 0.562328
vt 0.507659 0.573647
f 19/55/19 18/53/18 20/60/20
vt 0.403380 0.561779
vt 0.507659 0.573647
vt 0.401571 0.573960
f 19/55/19 20/59/20 21/63/21
vt 0.507659 0.573647
vt 0.505500 0.668559
vt 0.400667 0.668631
f 20/58/20 22/65/22 23/69/23
vt 0.507659 0.573647
vt 0.400667 0.668631
vt 0.401571 0.573960
f 20/58/20 23/68/23 21/63/21
vt 0.400667 0.668631
vt 0.337729 0.668631
vt 0.344393 0.577314
f 23/67/23 24/71/24 25/75/25
vt 0.400667 0.668631
vt 0.344393 0.577314
vt 0.401571 0.573960
f 23/67/23 25/74/25 21/63/21
vt 0.401571 0.573960
vt 0.344393 0.577314
vt 0.353960 0.562276
f 21/61/21 25/74/25 26/78/26
vt 0.401571 0.573960
vt 0.353960 0.562276
vt 0.403380 0.561779
f 21/61/21 26/77/26 19/57/19
vt 0.349386 0.977557
vt 0.391571 0.979954
vt 0.388734 0.995988
f 7/19/7 9/26/9 19/57/19
vt 0.349386 0.977557
vt 0.388734 0.995988
vt 0.340974 0.989023
f 7/19/7 19/56/19 26/78/26
vt 0.332326 0.956011
vt 0.349386 0.977557
vt 0.340974 0.989023
f 6/16/6 7/20/7 26/78/26
vt 0.332326 0.956011
vt 0.340974 0.989023
vt 0.320371 0.977386
f 6/16/6 26/77/26 27/81/27
vt 0.344393 0.577314
vt 0.326369 0.579864
vt 0.333671 0.562228
f 25/73/25 28/83/28 27/81/27
vt 0.344393 0.577314
vt 0.333671 0.562228
vt 0.353960 0.562276
f 25/73/25 27/80/27 26/78/26
vt 0.337729 0.668631
vt 0.314036 0.668631
vt 0.326369 0.579864
f 24/70/24 29/86/29 28/84/28
vt 0.337729 0.668631
vt 0.326369 0.579864
vt 0.344393 0.577314
f 24/70/24 28/83/28 25/75/25
vt 0.270914 0.942436
vt 0.274697 0.900210
vt 0.288597 0.953378
f 27/79/27 30/89/30 6/18/6
vt 0.242423 0.929166
vt 0.240885 0.873506
vt 0.270914 0.942436
f 28/82/28 31/92/31 27/81/27
vt 0.270914 0.942436
vt 0.240885 0.873506
vt 0.274697 0.900210
f 27/79/27 31/92/31 30/90/30
vt 0.154634 0.920855
vt 0.154634 0.858425
vt 0.242423 0.925929
f 29/85/29 32/95/32 28/84/28
vt 0.242423 0.925929
vt 0.154634 0.858425
vt 0.240885 0.870269
f 28/82/28 32/95/32 31/93/31
vt 0.364189 0.882463
vt 0.311602 0.876563
vt 0.336322 0.891922
f 33/97/33 34/101/34 35/105/35
vt 0.364189 0.882463
vt 0.336322 0.891922
vt 0.356563 0.893820
f 33/97/33 35/104/35 36/108/36
vt 0.336322 0.891922
vt 0.332326 0.956011
vt 0.351708 0.960495
f 35/103/35 37/110/37 38/114/38
vt 0.336322 0.891922
vt 0.351708 0.960495
vt 0.356563 0.893820
f 35/103/35 38/113/38 36/108/36
vt 0.351708 0.960495
vt 0.332326 0.956011
vt 0.349386 0.977557
f 38/112/38 37/110/37 39/117/39
vt 0.351708 0.960495
vt 0.349386 0.977557
vt 0.391571 0.979954
f 38/112/38 39/116/39 40/120/40
vt 0.351708 0.960495
vt 0.391571 0.979954
vt 0.392271 0.961128
f 38/112/38 40/119/40 41/123/41
vt 0.462438 0.961128
vt 0.395545 0.961128
vt 0.391571 0.979954
f 42/124/42 43/128/43 40/120/40
vt 0.462438 0.961128
vt 0.391571 0.979954
vt 0.498041 0.980067
f 42/124/42 40/119/40 44/132/44
vt 0.504814 0.960944
vt 0.462438 0.961128
vt 0.498041 0.980067
f 45/133/45 42/125/42 44/132/44
vt 0.493985 0.947621
vt 0.462438 0.961128
vt 0.504814 0.960944
f 46/136/46 42/125/42 45/135/45
vt 0.477106 0.882489
vt 0.462438 0.961128
vt 0.493985 0.947621
f 47/139/47 42/125/42 46/138/46
vt 0.477106 0.882489
vt 0.493985 0.947621
vt 0.505186 0.902184
f 47/139/47 46/137/46 48/144/48
vt 0.519054 0.891610
vt 0.477106 0.882489
vt 0.505186 0.902184
f 49/145/49 47/140/47 48/144/48
vt 0.627586 0.490124
vt 0.580991 0.491426
vt 0.633419 0.460556
f 50/148/50 51/152/51 52/156/52
vt 0.655121 0.460556
vt 0.648862 0.489494
vt 0.627586 0.490124
f 45/133/45 44/131/44 50/150/50
vt 0.655121 0.460556
vt 0.627586 0.490124
vt 0.633419 0.460556
f 45/133/45 50/149/50 52/156/52
vt 0.616445 0.502367
vt 0.627586 0.490124
vt 0.648862 0.489494
f 53/157/53 50/149/50 44/132/44
vt 0.580991 0.511752
vt 0.580991 0.491426
vt 0.627586 0.490124
f 54/160/54 51/152/51 50/150/50
vt 0.580991 0.511752
vt 0.627586 0.490124
vt 0.616445 0.502367
f 54/160/54 50/149/50 53/159/53
vt 0.355651 0.511393
vt 0.355651 0.492727
vt 0.580991 0.491426
f 22/64/22 55/164/55 51/153/51
vt 0.355651 0.511393
vt 0.580991 0.491426
vt 0.580991 0.511752
f 22/64/22 51/152/51 54/162/54
vt 0.391571 0.979954
vt 0.388734 0.995988
vt 0.493699 0.995365
f 40/118/40 56/167/56 53/159/53
vt 0.391571 0.979954
vt 0.493699 0.995365
vt 0.498041 0.980067
f 40/118/40 53/158/53 44/132/44
vt 0.388734 0.995988
vt 0.391571 0.979954
vt 0.349386 0.977557
f 56/166/56 40/119/40 39/117/39
vt 0.388734 0.995988
vt 0.349386 0.977557
vt 0.340974 0.989023
f 56/166/56 39/116/39 57/171/57
vt 0.332326 0.956011
vt 0.320371 0.977386
vt 0.340974 0.989023
f 37/109/37 58/173/58 57/171/57
vt 0.332326 0.956011
vt 0.340974 0.989023
vt 0.349386 0.977557
f 37/109/37 57/170/57 39/117/39
vt 0.355651 0.492727
vt 0.633419 0.460556
vt 0.580991 0.491426
f 55/163/55 52/155/52 51/153/51
vt 0.355651 0.460556
vt 0.633419 0.460556
vt 0.355651 0.492727
f 59/175/59 52/155/52 55/165/55
vt 0.391571 0.979954
vt 0.395545 0.961128
vt 0.392271 0.961128
f 40/118/40 43/128/43 41/123/41
vt 0.633419 0.460556
vt 0.580991 0.491426
vt 0.627586 0.490124
f 60/178/60 61/182/61 62/186/62
vt 0.627586 0.490124
vt 0.648862 0.489494
vt 0.655121 0.460556
f 62/184/62 12/35/12 13/39/13
vt 0.627586 0.490124
vt 0.655121 0.460556
vt 0.633419 0.460556
f 62/184/62 13/38/13 60/180/60
vt 0.648862 0.489494
vt 0.627586 0.490124
vt 0.616445 0.502367
f 12/34/12 62/185/62 18/54/18
vt 0.580991 0.511752
vt 0.616445 0.502367
vt 0.627586 0.490124
f 20/58/20 18/53/18 62/186/62
vt 0.580991 0.511752
vt 0.627586 0.490124
vt 0.580991 0.491426
f 20/58/20 62/185/62 61/183/61
vt 0.355651 0.511393
vt 0.580991 0.511752
vt 0.580991 0.491426
f 22/64/22 20/59/20 61/183/61
vt 0.355651 0.511393
vt 0.580991 0.491426
vt 0.355651 0.492727
f 22/64/22 61/182/61 55/165/55
vt 0.580991 0.491426
vt 0.633419 0.460556
vt 0.355651 0.492727
f 61/181/61 60/179/60 55/165/55
vt 0.355651 0.492727
vt 0.633419 0.460556
vt 0.355651 0.460556
f 55/163/55 60/179/60 59/177/59
vt 0.507659 0.573647
vt 0.508797 0.562328
vt 0.403380 0.561779
f 54/160/54 53/158/53 56/168/56
vt 0.507659 0.573647
vt 0.403380 0.561779
vt 0.401571 0.573960
f 54/160/54 56/167/56 63/189/63
vt 0.400667 0.668631
vt 0.505500 0.668559
vt 0.507659 0.573647
f 23/67/23 22/65/22 54/162/54
vt 0.400667 0.668631
vt 0.507659 0.573647
vt 0.401571 0.573960
f 23/67/23 54/161/54 63/189/63
vt 0.400667 0.668631
vt 0.401571 0.573960
vt 0.344393 0.577314
f 23/67/23 63/188/63 64/192/64
vt 0.400667 0.668631
vt 0.344393 0.577314
vt 0.337729 0.668631
f 23/67/23 64/191/64 24/72/24
vt 0.401571 0.573960
vt 0.403380 0.561779
vt 0.353960 0.562276
f 63/187/63 56/167/56 57/171/57
vt 0.401571 0.573960
vt 0.353960 0.562276
vt 0.344393 0.577314
f 63/187/63 57/170/57 64/192/64
vt 0.344393 0.577314
vt 0.353960 0.562276
vt 0.333671 0.562228
f 64/190/64 57/170/57 58/174/58
vt 0.344393 0.577314
vt 0.333671 0.562228
vt 0.326369 0.579864
f 64/190/64 58/173/58 65/195/65
vt 0.337729 0.668631
vt 0.344393 0.577314
vt 0.326369 0.579864
f 24/70/24 64/191/64 65/195/65
vt 0.337729 0.668631
vt 0.326369 0.579864
vt 0.314036 0.668631
f 24/70/24 65/194/65 29/87/29
vt 0.288597 0.953378
vt 0.274697 0.900210
vt 0.270914 0.942436
f 37/109/37 66/197/66 58/174/58
vt 0.270914 0.942436
vt 0.240885 0.873506
vt 0.242423 0.929166
f 58/172/58 67/200/67 65/195/65
vt 0.274697 0.900210
vt 0.240885 0.873506
vt 0.270914 0.942436
f 66/196/66 67/200/67 58/174/58
vt 0.069364 0.924849
vt 0.154634 0.858425
vt 0.154634 0.920855
f 65/193/65 68/203/68 29/87/29
vt 0.067826 0.869189
vt 0.154634 0.858425
vt 0.069364 0.924849
f 67/199/67 68/203/68 65/195/65
vt 1.239233 1.092294
vt 0.499859 1.077557
vt 0.499859 0.337310
f 20/58/20 22/65/22 23/69/23
vt 1.239233 1.092294
vt 0.499859 0.337310
vt 1.236791 0.343481
f 20/58/20 23/68/23 21/63/21
vt 0.499859 0.337310
vt 0.499859 -0.092294
vt 1.210685 -0.046811
f 23/67/23 24/71/24 25/75/25
vt 0.499859 0.337310
vt 1.210685 -0.046811
vt 1.236791 0.343481
f 23/67/23 25/74/25 21/63/21
vt 0.499859 0.337310
vt 0.499859 1.077557
vt -0.239233 1.092294
f 23/67/23 22/65/22 54/162/54
vt 0.499859 0.337310
vt -0.239233 1.092294
vt -0.237073 0.343481
f 23/67/23 54/161/54 63/189/63
vt 0.499859 0.337310
vt -0.237073 0.343481
vt -0.210967 -0.046811
f 23/67/23 63/188/63 64/192/64
vt 0.499859 0.337310
vt -0.210967 -0.046811
vt 0.499859 -0.092294
f 23/67/23 64/191/64 24/72/24
vt 0.706601 0.558777
vt 0.708840 0.363525
vt 0.670909 0.370753
f 9/25/9 12/35/12 18/54/18
vt 0.706601 0.558777
vt 0.670909 0.370753
vt 0.676625 0.563980
f 9/25/9 18/53/18 19/57/19
vt 0.676625 0.563980
vt 0.670909 0.370753
vt 0.629426 0.372769
f 19/55/19 18/53/18 20/60/20
vt 0.676625 0.563980
vt 0.629426 0.372769
vt 0.628554 0.567187
f 19/55/19 20/59/20 21/63/21
vt 0.628554 0.567187
vt 0.619238 0.668520
vt 0.665318 0.651564
f 21/61/21 25/74/25 26/78/26
vt 0.628554 0.567187
vt 0.665318 0.651564
vt 0.676625 0.563980
f 21/61/21 26/77/26 19/57/19
vt 0.695709 0.636138
vt 0.706601 0.558777
vt 0.676625 0.563980
f 7/19/7 9/26/9 19/57/19
vt 0.695709 0.636138
vt 0.676625 0.563980
vt 0.665318 0.651564
f 7/19/7 19/56/19 26/78/26
vt 0.693783 0.676601
vt 0.695709 0.636138
vt 0.665318 0.651564
f 6/16/6 7/20/7 26/78/26
vt 0.693783 0.676601
vt 0.665318 0.651564
vt 0.665450 0.690265
f 6/16/6 26/77/26 27/81/27
vt 0.619238 0.668520
vt 0.621884 0.706836
vt 0.665450 0.690265
f 25/73/25 28/83/28 27/81/27
vt 0.619238 0.668520
vt 0.665450 0.690265
vt 0.665318 0.651564
f 25/73/25 27/80/27 26/78/26
vt 0.365556 0.680328
vt 0.365756 0.725062
vt 0.621884 0.706836
f 24/70/24 29/86/29 28/84/28
vt 0.365556 0.680328
vt 0.621884 0.706836
vt 0.619238 0.668520
f 24/70/24 28/83/28 25/75/25
vt 0.060303 0.371120
vt 0.047367 0.348173
vt 0.022473 0.363525
f 53/157/53 50/149/50 44/132/44
vt 0.101787 0.372769
vt 0.101888 0.343130
vt 0.047367 0.348173
f 54/160/54 51/152/51 50/150/50
vt 0.101787 0.372769
vt 0.047367 0.348173
vt 0.060303 0.371120
f 54/160/54 50/149/50 53/159/53
vt 0.365556 0.376596
vt 0.365756 0.338880
vt 0.101888 0.343130
f 22/64/22 55/164/55 51/153/51
vt 0.365556 0.376596
vt 0.101888 0.343130
vt 0.101787 0.372769
f 22/64/22 51/152/51 54/162/54
vt 0.024512 0.558777
vt 0.054487 0.563980
vt 0.060303 0.371120
f 40/118/40 56/167/56 53/159/53
vt 0.024512 0.558777
vt 0.060303 0.371120
vt 0.022473 0.363525
f 40/118/40 53/158/53 44/132/44
vt 0.054487 0.563980
vt 0.024512 0.558777
vt 0.035404 0.636138
f 56/166/56 40/119/40 39/117/39
vt 0.054487 0.563980
vt 0.035404 0.636138
vt 0.065794 0.651564
f 56/166/56 39/116/39 57/171/57
vt 0.037531 0.676601
vt 0.065863 0.690265
vt 0.065794 0.651564
f 37/109/37 58/173/58 57/171/57
vt 0.037531 0.676601
vt 0.065794 0.651564
vt 0.035404 0.636138
f 37/109/37 57/170/57 39/117/39
vt 0.708840 0.363525
vt 0.684147 0.348173
vt 0.670909 0.370753
f 12/34/12 62/185/62 18/54/18
vt 0.629426 0.372769
vt 0.670909 0.370753
vt 0.684147 0.348173
f 20/58/20 18/53/18 62/186/62
vt 0.629426 0.372769
vt 0.684147 0.348173
vt 0.629627 0.343130
f 20/58/20 62/185/62 61/183/61
vt 0.365556 0.376596
vt 0.629426 0.372769
vt 0.629627 0.343130
f 22/64/22 20/59/20 61/183/61
vt 0.365556 0.376596
vt 0.629627 0.343130
vt 0.365756 0.338880
f 22/64/22 61/182/61 55/165/55
vt 0.101787 0.372769
vt 0.060303 0.371120
vt 0.054487 0.563980
f 54/160/54 53/158/53 56/168/56
vt 0.101787 0.372769
vt 0.054487 0.563980
vt 0.102558 0.567187
f 54/160/54 56/167/56 63/189/63
vt 0.102558 0.567187
vt 0.054487 0.563980
vt 0.065794 0.651564
f 63/187/63 56/167/56 57/171/57
vt 0.102558 0.567187
vt 0.065794 0.651564
vt 0.111875 0.668520
f 63/187/63 57/170/57 64/192/64
vt 0.111875 0.668520
vt 0.065794 0.651564
vt 0.065863 0.690265
f 64/190/64 57/170/57 58/174/58
vt 0.111875 0.668520
vt 0.065863 0.690265
vt 0.109429 0.706836
f 64/190/64 58/173/58 65/195/65
vt 0.365556 0.680328
vt 0.111875 0.668520
vt 0.109429 0.706836
f 24/70/24 64/191/64 65/195/65
vt 0.365556 0.680328
vt 0.109429 0.706836
vt 0.365756 0.725062
f 24/70/24 65/194/65 29/87/29
vt 0.629426 0.372769
vt 0.365556 0.376596
vt 0.365556 0.568789
f 20/58/20 22/65/22 23/69/23
vt 0.629426 0.372769
vt 0.365556 0.568789
vt 0.628554 0.567187
f 20/58/20 23/68/23 21/63/21
vt 0.365556 0.568789
vt 0.365556 0.680328
vt 0.619238 0.668520
f 23/67/23 24/71/24 25/75/25
vt 0.365556 0.568789
vt 0.619238 0.668520
vt 0.628554 0.567187
f 23/67/23 25/74/25 21/63/21
vt 0.365556 0.568789
vt 0.365556 0.376596
vt 0.101787 0.372769
f 23/67/23 22/65/22 54/162/54
vt 0.365556 0.568789
vt 0.101787 0.372769
vt 0.102558 0.567187
f 23/67/23 54/161/54 63/189/63
vt 0.365556 0.568789
vt 0.102558 0.567187
vt 0.111875 0.668520
f 23/67/23 63/188/63 64/192/64
vt 0.365556 0.568789
vt 0.111875 0.668520
vt 0.365556 0.680328
f 23/67/23 64/191/64 24/72/24
vt 0.822449 0.848371
vt 0.823409 0.929902
vt 0.854450 0.831210
f 27/79/27 30/89/30 6/18/6
vt 0.773242 0.869183
vt 0.770460 0.971783
vt 0.822449 0.848371
f 28/82/28 31/92/31 27/81/27
vt 0.822449 0.848371
vt 0.770460 0.971783
vt 0.823409 0.929902
f 27/79/27 31/92/31 30/90/30
vt 0.483952 0.892074
vt 0.483725 0.997128
vt 0.773242 0.869183
f 29/85/29 32/95/32 28/84/28
vt 0.773242 0.869183
vt 0.483725 0.997128
vt 0.770460 0.971783
f 28/82/28 32/95/32 31/93/31
vt 0.113227 0.831210
vt 0.144495 0.929902
vt 0.145228 0.848371
f 37/109/37 66/197/66 58/174/58
vt 0.145228 0.848371
vt 0.197444 0.971783
vt 0.194434 0.869183
f 58/172/58 67/200/67 65/195/65
vt 0.144495 0.929902
vt 0.197444 0.971783
vt 0.145228 0.848371
f 66/196/66 67/200/67 58/174/58
vt 0.194434 0.869183
vt 0.484179 0.997128
vt 0.483952 0.892074
f 65/193/65 68/203/68 29/87/29
vt 0.197444 0.971783
vt 0.484179 0.997128
vt 0.194434 0.869183
f 67/199/67 68/203/68 65/195/65
vt 0.972656 0.066406
vt 0.972656 0.066406
vt 0.972656 0.066406
f 1/1/1 2/5/2 3/9/3
vt 0.972656 0.066406
vt 0.972656 0.066406
vt 0.972656 0.066406
f 3/7/3 4/11/4 5/15/5
vt 0.972656 0.066406
vt 0.972656 0.066406
vt 0.972656 0.066406
f 3/7/3 5/14/5 1/3/1
vt 0.972656 0.066406
vt 0.972656 0.066406
vt 0.972656 0.066406
f 2/4/2 1/2/1 6/18/6
vt 0.972656 0.066406
vt 0.972656 0.066406
vt 0.972656 0.066406
f 2/4/2 6/17/6 7/21/7
vt 0.972656 0.066406
vt 0.972656 0.066406
vt 0.972656 0.066406
f 8/22/8 9/26/9 10/30/10
vt 0.972656 0.066406
vt 0.972656 0.066406
vt 0.972656 0.066406
f 6/16/6 10/29/10 7/21/7
vt 0.972656 0.066406
vt 0.972656 0.066406
vt 0.972656 0.066406
f 11/31/11 12/35/12 13/39/13
vt 0.972656 0.066406
vt 0.972656 0.066406
vt 0.972656 0.066406
f 14/40/14 15/44/15 11/33/11
vt 0.972656 0.066406
vt 0.972656 0.066406
vt 0.972656 0.066406
f 14/40/14 11/32/11 13/39/13
vt 0.972656 0.066406
vt 0.972656 0.066406
vt 0.972656 0.066406
f 16/46/16 13/38/13 12/36/12
vt 0.972656 0.066406
vt 0.972656 0.066406
vt 0.972656 0.066406
f 16/46/16 12/35/12 17/51/17
vt 0.972656 0.066406
vt 0.972656 0.066406
vt 0.972656 0.066406
f 17/49/17 18/53/18 16/48/16
vt 0.972656 0.066406
vt 0.972656 0.066406
vt 0.972656 0.066406
f 18/52/18 8/23/8 16/48/16
vt 0.972656 0.066406
vt 0.972656 0.066406
vt 0.972656 0.066406
f 8/22/8 10/29/10 6/18/6
vt 0.972656 0.066406
vt 0.972656 0.066406
vt 0.972656 0.066406
f 18/52/18 9/26/9 8/24/8
vt 0.972656 0.066406
vt 0.972656 0.066406
vt 0.972656 0.066406
f 19/55/19 20/59/20 21/63/21
vt 0.972656 0.066406
vt 0.972656 0.066406
vt 0.972656 0.066406
f 19/55/19 21/62/21 22/66/22
vt 0.972656 0.066406
vt 0.972656 0.066406
vt 0.972656 0.066406
f 22/64/22 23/68/23 24/72/24
vt 0.972656 0.066406
vt 0.972656 0.066406
vt 0.972656 0.066406
f 22/64/22 24/71/24 19/57/19
vt 0.972656 0.066406
vt 0.972656 0.066406
vt 0.972656 0.066406
f 24/70/24 25/74/25 26/78/26
vt 0.972656 0.066406
vt 0.972656 0.066406
vt 0.972656 0.066406
f 27/79/27 24/71/24 26/78/26
vt 0.972656 0.066406
vt 0.972656 0.066406
vt 0.972656 0.066406
f 28/82/28 29/86/29 30/90/30
vt 0.972656 0.066406
vt 0.972656 0.066406
vt 0.972656 0.066406
f 28/82/28 30/89/30 31/93/31
vt 0.972656 0.066406
vt 0.972656 0.066406
vt 0.972656 0.066406
f 31/91/31 30/89/30 32/96/32
vt 0.972656 0.066406
vt 0.972656 0.066406
vt 0.972656 0.066406
f 31/91/31 32/95/32 33/99/33
vt 0.972656 0.066406
vt 0.972656 0.066406
vt 0.972656 0.066406
f 34/100/34 33/98/33 32/96/32
vt 0.972656 0.066406
vt 0.972656 0.066406
vt 0.972656 0.066406
f 26/76/26 32/95/32 27/81/27
vt 0.972656 0.066406
vt 0.972656 0.066406
vt 0.972656 0.066406
f 26/76/26 34/101/34 32/96/32
vt 0.972656 0.066406
vt 0.972656 0.066406
vt 0.972656 0.066406
f 24/70/24 23/68/23 25/75/25
vt 0.364189 0.882463
vt 0.356563 0.893820
vt 0.336322 0.891922
f 1/1/1 2/5/2 3/9/3
vt 0.364189 0.882463
vt 0.336322 0.891922
vt 0.311602 0.876563
f 1/1/1 3/8/3 4/12/4
vt 0.336322 0.891922
vt 0.356563 0.893820
vt 0.351708 0.960495
f 3/7/3 2/5/2 5/15/5
vt 0.336322 0.891922
vt 0.351708 0.960495
vt 0.332326 0.956011
f 3/7/3 5/14/5 6/18/6
vt 0.349386 0.977557
vt 0.332326 0.956011
vt 0.351708 0.960495
f 7/19/7 6/17/6 5/15/5
vt 0.351708 0.960495
vt 0.392271 0.961128
vt 0.391571 0.979954
f 5/13/5 8/23/8 9/27/9
vt 0.351708 0.960495
vt 0.391571 0.979954
vt 0.349386 0.977557
f 5/13/5 9/26/9 7/21/7
vt 0.391571 0.979954
vt 0.395545 0.961128
vt 0.462438 0.961128
f 9/25/9 10/29/10 11/33/11
vt 0.391571 0.979954
vt 0.462438 0.961128
vt 0.498041 0.980067
f 9/25/9 11/32/11 12/36/12
vt 0.392271 0.961128
vt 0.395545 0.961128
vt 0.391571 0.979954
f 8/22/8 10/29/10 9/27/9
vt 0.498041 0.980067
vt 0.462438 0.961128
vt 0.504815 0.960944
f 12/34/12 11/32/11 13/39/13
vt 0.504815 0.960944
vt 0.462438 0.961128
vt 0.493985 0.947621
f 13/37/13 11/32/11 14/42/14
vt 0.493985 0.947621
vt 0.462438 0.961128
vt 0.477106 0.882489
f 14/40/14 11/32/11 15/45/15
vt 0.493985 0.947621
vt 0.477106 0.882489
vt 0.505186 0.902184
f 14/40/14 15/44/15 16/48/16
vt 0.505186 0.902184
vt 0.477106 0.882489
vt 0.519054 0.891610
f 16/46/16 15/44/15 17/51/17
vt 0.391571 0.979954
vt 0.498041 0.980067
vt 0.494500 0.995365
f 9/25/9 12/35/12 18/54/18
vt 0.391571 0.979954
vt 0.494500 0.995365
vt 0.388734 0.995988
f 9/25/9 18/53/18 19/57/19
vt 0.403380 0.561779
vt 0.508797 0.562328
vt 0.507659 0.573647
f 19/55/19 18/53/18 20/60/20
vt 0.403380 0.561779
vt 0.507659 0.573647
vt 0.401571 0.573960
f 19/55/19 20/59/20 21/63/21
vt 0.507659 0.573647
vt 0.505500 0.668559
vt 0.400667 0.668631
f 20/58/20 22/65/22 23/69/23
vt 0.507659 0.573647
vt 0.400667 0.668631
vt 0.401571 0.573960
f 20/58/20 23/68/23 21/63/21
vt 0.400667 0.668631
vt 0.337729 0.668631
vt 0.344393 0.577314
f 23/67/23 24/71/24 25/75/25
vt 0.400667 0.668631
vt 0.344393 0.577314
vt 0.401571 0.573960
f 23/67/23 25/74/25 21/63/21
vt 0.401571 0.573960
vt 0.344393 0.577314
vt 0.353960 0.562276
f 21/61/21 25/74/25 26/78/26
vt 0.401571 0.573960
vt 0.353960 0.562276
vt 0.403380 0.561779
f 21/61/21 26/77/26 19/57/19
vt 0.349386 0.977557
vt 0.391571 0.979954
vt 0.388734 0.995988
f 7/19/7 9/26/9 19/57/19
vt 0.349386 0.977557
vt 0.388734 0.995988
vt 0.340974 0.989023
f 7/19/7 19/56/19 26/78/26
vt 0.332326 0.956011
vt 0.349386 0.977557
vt 0.340974 0.989023
f 6/16/6 7/20/7 26/78/26
vt 0.332326 0.956011
vt 0.340974 0.989023
vt 0.320371 0.977386
f 6/16/6 26/77/26 27/81/27
vt 0.344393 0.577314
vt 0.326369 0.579864
vt 0.333671 0.562228
f 25/73/25 28/83/28 27/81/27
vt 0.344393 0.577314
vt 0.333671 0.562228
vt 0.353960 0.562276
f 25/73/25 27/80/27 26/78/26
vt 0.337729 0.668631
vt 0.314036 0.668631
vt 0.326369 0.579864
f 24/70/24 29/86/29 28/84/28
vt 0.337729 0.668631
vt 0.326369 0.579864
vt 0.344393 0.577314
f 24/70/24 28/83/28 25/75/25
vt 0.270914 0.942436
vt 0.274697 0.900210
vt 0.288597 0.953378
f 27/79/27 30/89/30 6/18/6
vt 0.242423 0.929166
vt 0.240885 0.873506
vt 0.270914 0.942436
f 28/82/28 31/92/31 27/81/27
vt 0.270914 0.942436
vt 0.240885 0.873506
vt 0.274697 0.900210
f 27/79/27 31/92/31 30/90/30
vt 0.154159 0.923013
vt 0.151782 0.856267
vt 0.242423 0.929166
f 29/85/29 32/95/32 28/84/28
vt 0.242423 0.929166
vt 0.151782 0.856267
vt 0.238508 0.869189
f 28/82/28 32/95/32 31/93/31
vt 0.364189 0.882463
vt 0.311602 0.876563
vt 0.336322 0.891922
f 33/97/33 34/101/34 35/105/35
vt 0.364189 0.882463
vt 0.336322 0.891922
vt 0.356563 0.893820
f 33/97/33 35/104/35 36/108/36
vt 0.336322 0.891922
vt 0.332326 0.956011
vt 0.351708 0.960495
f 35/103/35 37/110/37 38/114/38
vt 0.336322 0.891922
vt 0.351708 0.960495
vt 0.356563 0.893820
f 35/103/35 38/113/38 36/108/36
vt 0.351708 0.960495
vt 0.332326 0.956011
vt 0.349386 0.977557
f 38/112/38 37/110/37 39/117/39
vt 0.351708 0.960495
vt 0.349386 0.977557
vt 0.391571 0.979954
f 38/112/38 39/116/39 40/120/40
vt 0.351708 0.960495
vt 0.391571 0.979954
vt 0.392271 0.961128
f 38/112/38 40/119/40 41/123/41
vt 0.462438 0.961128
vt 0.395545 0.961128
vt 0.391571 0.979954
f 42/124/42 43/128/43 40/120/40
vt 0.462438 0.961128
vt 0.391571 0.979954
vt 0.498041 0.980067
f 42/124/42 40/119/40 44/132/44
vt 0.504814 0.960944
vt 0.462438 0.961128
vt 0.498041 0.980067
f 45/133/45 42/125/42 44/132/44
vt 0.493985 0.947621
vt 0.462438 0.961128
vt 0.504814 0.960944
f 46/136/46 42/125/42 45/135/45
vt 0.477106 0.882489
vt 0.462438 0.961128
vt 0.493985 0.947621
f 47/139/47 42/125/42 46/138/46
vt 0.477106 0.882489
vt 0.493985 0.947621
vt 0.505186 0.902184
f 47/139/47 46/137/46 48/144/48
vt 0.519054 0.891610
vt 0.477106 0.882489
vt 0.505186 0.902184
f 49/145/49 47/140/47 48/144/48
vt 0.627586 0.490124
vt 0.580991 0.491426
vt 0.633419 0.460556
f 50/148/50 51/152/51 52/156/52
vt 0.655121 0.460556
vt 0.648862 0.489494
vt 0.627586 0.490124
f 45/133/45 44/131/44 50/150/50
vt 0.655121 0.460556
vt 0.627586 0.490124
vt 0.633419 0.460556
f 45/133/45 50/149/50 52/156/52
vt 0.616445 0.502367
vt 0.627586 0.490124
vt 0.648862 0.489494
f 53/157/53 50/149/50 44/132/44
vt 0.580991 0.511752
vt 0.580991 0.491426
vt 0.627586 0.490124
f 54/160/54 51/152/51 50/150/50
vt 0.580991 0.511752
vt 0.627586 0.490124
vt 0.616445 0.502367
f 54/160/54 50/149/50 53/159/53
vt 0.355651 0.511393
vt 0.355651 0.492727
vt 0.580991 0.491426
f 22/64/22 55/164/55 51/153/51
vt 0.355651 0.511393
vt 0.580991 0.491426
vt 0.580991 0.511752
f 22/64/22 51/152/51 54/162/54
vt 0.391571 0.979954
vt 0.388734 0.995988
vt 0.493699 0.995365
f 40/118/40 56/167/56 53/159/53
vt 0.391571 0.979954
vt 0.493699 0.995365
vt 0.498041 0.980067
f 40/118/40 53/158/53 44/132/44
vt 0.388734 0.995988
vt 0.391571 0.979954
vt 0.349386 0.977557
f 56/166/56 40/119/40 39/117/39
vt 0.388734 0.995988
vt 0.349386 0.977557
vt 0.340974 0.989023
f 56/166/56 39/116/39 57/171/57
vt 0.332326 0.956011
vt 0.320371 0.977386
vt 0.340974 0.989023
f 37/109/37 58/173/58 57/171/57
vt 0.332326 0.956011
vt 0.340974 0.989023
vt 0.349386 0.977557
f 37/109/37 57/170/57 39/117/39
vt 0.355651 0.492727
vt 0.633419 0.460556
vt 0.580991 0.491426
f 55/163/55 52/155/52 51/153/51
vt 0.355651 0.460556
vt 0.633419 0.460556
vt 0.355651 0.492727
f 59/175/59 52/155/52 55/165/55
vt 0.391571 0.979954
vt 0.395545 0.961128
vt 0.392271 0.961128
f 40/118/40 43/128/43 41/123/41
vt 0.633419 0.460556
vt 0.580991 0.491426
vt 0.627586 0.490124
f 60/178/60 61/182/61 62/186/62
vt 0.627586 0.490124
vt 0.648862 0.489494
vt 0.655121 0.460556
f 62/184/62 12/35/12 13/39/13
vt 0.627586 0.490124
vt 0.655121 0.460556
vt 0.633419 0.460556
f 62/184/62 13/38/13 60/180/60
vt 0.648862 0.489494
vt 0.627586 0.490124
vt 0.616445 0.502367
f 12/34/12 62/185/62 18/54/18
vt 0.580991 0.511752
vt 0.616445 0.502367
vt 0.627586 0.490124
f 20/58/20 18/53/18 62/186/62
vt 0.580991 0.511752
vt 0.627586 0.490124
vt 0.580991 0.491426
f 20/58/20 62/185/62 61/183/61
vt 0.355651 0.511393
vt 0.580991 0.511752
vt 0.580991 0.491426
f 22/64/22 20/59/20 61/183/61
vt 0.355651 0.511393
vt 0.580991 0.491426
vt 0.355651 0.492727
f 22/64/22 61/182/61 55/165/55
vt 0.580991 0.491426
vt 0.633419 0.460556
vt 0.355651 0.492727
f 61/181/61 60/179/60 55/165/55
vt 0.355651 0.492727
vt 0.633419 0.460556
vt 0.355651 0.460556
f 55/163/55 60/179/60 59/177/59
vt 0.507659 0.573647
vt 0.508797 0.562328
vt 0.403380 0.561779
f 54/160/54 53/158/53 56/168/56
vt 0.507659 0.573647
vt 0.403380 0.561779
vt 0.401571 0.573960
f 54/160/54 56/167/56 63/189/63
vt 0.400667 0.668631
vt 0.505500 0.668559
vt 0.507659 0.573647
f 23/67/23 22/65/22 54/162/54
vt 0.400667 0.668631
vt 0.507659 0.573647
vt 0.401571 0.573960
f 23/67/23 54/161/54 63/189/63
vt 0.400667 0.668631
vt 0.401571 0.573960
vt 0.344393 0.577314
f 23/67/23 63/188/63 64/192/64
vt 0.400667 0.668631
vt 0.344393 0.577314
vt 0.337729 0.668631
f 23/67/23 64/191/64 24/72/24
vt 0.401571 0.573960
vt 0.403380 0.561779
vt 0.353960 0.562276
f 63/187/63 56/167/56 57/171/57
vt 0.401571 0.573960
vt 0.353960 0.562276
vt 0.344393 0.577314
f 63/187/63 57/170/57 64/192/64
vt 0.344393 0.577314
vt 0.353960 0.562276
vt 0.333671 0.562228
f 64/190/64 57/170/57 58/174/58
vt 0.344393 0.577314
vt 0.333671 0.562228
vt 0.326369 0.579864
f 64/190/64 58/173/58 65/195/65
vt 0.337729 0.668631
vt 0.344393 0.577314
vt 0.326369 0.579864
f 24/70/24 64/191/64 65/195/65
vt 0.337729 0.668631
vt 0.326369 0.579864
vt 0.314036 0.668631
f 24/70/24 65/194/65 29/87/29
vt 0.288597 0.953378
vt 0.274697 0.900210
vt 0.270914 0.942436
f 37/109/37 66/197/66 58/174/58
vt 0.270914 0.942436
vt 0.240885 0.873506
vt 0.242423 0.929166
f 58/172/58 67/200/67 65/195/65
vt 0.274697 0.900210
vt 0.240885 0.873506
vt 0.270914 0.942436
f 66/196/66 67/200/67 58/174/58
vt 0.065449 0.927008
vt 0.151782 0.856267
vt 0.154159 0.923013
f 65/193/65 68/203/68 29/87/29
vt 0.064610 0.867031
vt 0.151782 0.856267
vt 0.065449 0.927008
f 67/199/67 68/203/68 65/195/65
vt -0.208912 -0.069460
vt 0.500135 -0.055290
vt 0.500135 0.656418
f 20/58/20 22/65/22 23/69/23
vt -0.208912 -0.069460
vt 0.500135 0.656418
vt -0.206570 0.650485
f 20/58/20 23/68/23 21/63/21
vt 0.500135 0.656418
vt 0.500135 1.069460
vt -0.181535 1.025730
f 23/67/23 24/71/24 25/75/25
vt 0.500135 0.656418
vt -0.181535 1.025730
vt -0.206570 0.650485
f 23/67/23 25/74/25 21/63/21
vt 0.500135 0.656418
vt 0.500135 -0.055290
vt 1.208912 -0.069460
f 23/67/23 22/65/22 54/162/54
vt 0.500135 0.656418
vt 1.208912 -0.069460
vt 1.206840 0.650485
f 23/67/23 54/161/54 63/189/63
vt 0.500135 0.656418
vt 1.206840 0.650485
vt 1.181805 1.025730
f 23/67/23 63/188/63 64/192/64
vt 0.500135 0.656418
vt 1.181805 1.025730
vt 0.500135 1.069460
f 23/67/23 64/191/64 24/72/24
vt 0.498803 0.665490
vt 0.665500 0.666331
vt 0.659311 0.649049
f 9/25/9 12/35/12 18/54/18
vt 0.498803 0.665490
vt 0.659311 0.649049
vt 0.494346 0.651833
f 9/25/9 18/53/18 19/57/19
vt 0.494346 0.651833
vt 0.659311 0.649049
vt 0.657569 0.630144
f 19/55/19 18/53/18 20/60/20
vt 0.494346 0.651833
vt 0.657569 0.630144
vt 0.491584 0.629926
f 19/55/19 20/59/20 21/63/21
vt 0.491584 0.629926
vt 0.405067 0.625773
vt 0.419565 0.646760
f 21/61/21 25/74/25 26/78/26
vt 0.491584 0.629926
vt 0.419565 0.646760
vt 0.494346 0.651833
f 21/61/21 26/77/26 19/57/19
vt 0.432750 0.660597
vt 0.498803 0.665490
vt 0.494346 0.651833
f 7/19/7 9/26/9 19/57/19
vt 0.432750 0.660597
vt 0.494346 0.651833
vt 0.419565 0.646760
f 7/19/7 19/56/19 26/78/26
vt 0.398204 0.659757
vt 0.432750 0.660597
vt 0.419565 0.646760
f 6/16/6 7/20/7 26/78/26
vt 0.398204 0.659757
vt 0.419565 0.646760
vt 0.386524 0.646856
f 6/16/6 26/77/26 27/81/27
vt 0.405067 0.625773
vt 0.372355 0.627015
vt 0.386524 0.646856
f 25/73/25 28/83/28 27/81/27
vt 0.405067 0.625773
vt 0.386524 0.646856
vt 0.419565 0.646760
f 25/73/25 27/80/27 26/78/26
vt 0.394860 0.510162
vt 0.356669 0.510295
vt 0.372355 0.627015
f 24/70/24 29/86/29 28/84/28
vt 0.394860 0.510162
vt 0.372355 0.627015
vt 0.405067 0.625773
f 24/70/24 28/83/28 25/75/25
vt 0.658697 0.370749
vt 0.678282 0.364832
vt 0.665162 0.353500
f 53/157/53 50/149/50 44/132/44
vt 0.657309 0.389658
vt 0.682614 0.389677
vt 0.678282 0.364832
f 54/160/54 51/152/51 50/150/50
vt 0.657309 0.389658
vt 0.678282 0.364832
vt 0.658697 0.370749
f 54/160/54 50/149/50 53/159/53
vt 0.654172 0.509882
vt 0.686372 0.509939
vt 0.682614 0.389677
f 22/64/22 55/164/55 51/153/51
vt 0.654172 0.509882
vt 0.682614 0.389677
vt 0.657309 0.389658
f 22/64/22 51/152/51 54/162/54
vt 0.498467 0.354610
vt 0.494040 0.368276
vt 0.658697 0.370749
f 40/118/40 56/167/56 53/159/53
vt 0.498467 0.354610
vt 0.658697 0.370749
vt 0.665162 0.353500
f 40/118/40 53/158/53 44/132/44
vt 0.494040 0.368276
vt 0.498467 0.354610
vt 0.432425 0.359645
f 56/166/56 40/119/40 39/117/39
vt 0.494040 0.368276
vt 0.432425 0.359645
vt 0.419270 0.373511
f 56/166/56 39/116/39 57/171/57
vt 0.397881 0.360652
vt 0.386229 0.373578
vt 0.419270 0.373511
f 37/109/37 58/173/58 57/171/57
vt 0.397881 0.360652
vt 0.419270 0.373511
vt 0.432425 0.359645
f 37/109/37 57/170/57 39/117/39
vt 0.665500 0.666331
vt 0.678595 0.655062
vt 0.659311 0.649049
f 12/34/12 62/185/62 18/54/18
vt 0.657569 0.630144
vt 0.659311 0.649049
vt 0.678595 0.655062
f 20/58/20 18/53/18 62/186/62
vt 0.657569 0.630144
vt 0.678595 0.655062
vt 0.682874 0.630208
f 20/58/20 62/185/62 61/183/61
vt 0.654172 0.509882
vt 0.657569 0.630144
vt 0.682874 0.630208
f 22/64/22 20/59/20 61/183/61
vt 0.654172 0.509882
vt 0.682874 0.630208
vt 0.686372 0.509939
f 22/64/22 61/182/61 55/165/55
vt 0.657309 0.389658
vt 0.658697 0.370749
vt 0.494040 0.368276
f 54/160/54 53/158/53 56/168/56
vt 0.657309 0.389658
vt 0.494040 0.368276
vt 0.491326 0.390189
f 54/160/54 56/167/56 63/189/63
vt 0.491326 0.390189
vt 0.494040 0.368276
vt 0.419270 0.373511
f 63/187/63 56/167/56 57/171/57
vt 0.491326 0.390189
vt 0.419270 0.373511
vt 0.404817 0.394529
f 63/187/63 57/170/57 64/192/64
vt 0.404817 0.394529
vt 0.419270 0.373511
vt 0.386229 0.373578
f 64/190/64 57/170/57 58/174/58
vt 0.404817 0.394529
vt 0.386229 0.373578
vt 0.372103 0.393449
f 64/190/64 58/173/58 65/195/65
vt 0.394860 0.510162
vt 0.404817 0.394529
vt 0.372103 0.393449
f 24/70/24 64/191/64 65/195/65
vt 0.394860 0.510162
vt 0.372103 0.393449
vt 0.356669 0.510295
f 24/70/24 65/194/65 29/87/29
vt 0.657569 0.630144
vt 0.654172 0.509882
vt 0.490087 0.510059
f 20/58/20 22/65/22 23/69/23
vt 0.657569 0.630144
vt 0.490087 0.510059
vt 0.491584 0.629926
f 20/58/20 23/68/23 21/63/21
vt 0.490087 0.510059
vt 0.394860 0.510162
vt 0.405067 0.625773
f 23/67/23 24/71/24 25/75/25
vt 0.490087 0.510059
vt 0.405067 0.625773
vt 0.491584 0.629926
f 23/67/23 25/74/25 21/63/21
vt 0.490087 0.510059
vt 0.654172 0.509882
vt 0.657309 0.389658
f 23/67/23 22/65/22 54/162/54
vt 0.490087 0.510059
vt 0.657309 0.389658
vt 0.491326 0.390189
f 23/67/23 54/161/54 63/189/63
vt 0.490087 0.510059
vt 0.491326 0.390189
vt 0.404817 0.394529
f 23/67/23 63/188/63 64/192/64
vt 0.490087 0.510059
vt 0.404817 0.394529
vt 0.394860 0.510162
f 23/67/23 64/191/64 24/72/24
vt 0.864541 0.802874
vt 0.865551 0.902965
vt 0.898229 0.781806
f 27/79/27 30/89/30 6/18/6
vt 0.812740 0.828425
vt 0.809811 0.954381
vt 0.864541 0.802874
f 28/82/28 31/92/31 27/81/27
vt 0.864541 0.802874
vt 0.809811 0.954381
vt 0.865551 0.902965
f 27/79/27 31/92/31 30/90/30
vt 0.508200 0.856525
vt 0.507961 0.985496
vt 0.812740 0.828425
f 29/85/29 32/95/32 28/84/28
vt 0.812740 0.828425
vt 0.507961 0.985496
vt 0.809811 0.954381
f 28/82/28 32/95/32 31/93/31
vt 0.117933 0.781806
vt 0.150850 0.902965
vt 0.151621 0.802874
f 37/109/37 66/197/66 58/174/58
vt 0.151621 0.802874
vt 0.206589 0.954381
vt 0.203421 0.828425
f 58/172/58 67/200/67 65/195/65
vt 0.150850 0.902965
vt 0.206589 0.954381
vt 0.151621 0.802874
f 66/196/66 67/200/67 58/174/58
vt 0.203421 0.828425
vt 0.508439 0.985496
vt 0.508200 0.856525
f 65/193/65 68/203/68 29/87/29
vt 0.206589 0.954381
vt 0.508439 0.985496
vt 0.203421 0.828425
f 67/199/67 68/203/68 65/195/65
vt 0.972656 0.066406
vt 0.972656 0.066406
vt 0.972656 0.066406
f 1/1/1 2/5/2 3/9/3
vt 0.972656 0.066406
vt 0.972656 0.066406
vt 0.972656 0.066406
f 1/1/1 3/8/3 4/12/4
vt 0.972656 0.066406
vt 0.972656 0.066406
vt 0.972656 0.066406
f 4/10/4 3/8/3 5/15/5
vt 0.972656 0.066406
vt 0.972656 0.066406
vt 0.972656 0.066406
f 6/16/6 7/20/7 8/24/8
vt 0.972656 0.066406
vt 0.972656 0.066406
vt 0.972656 0.066406
f 6/16/6 8/23/8 9/27/9
vt 0.972656 0.066406
vt 0.972656 0.066406
vt 0.972656 0.066406
f 10/28/10 8/23/8 7/21/7
vt 0.527344 0.714844
vt 0.527344 0.792969
vt 0.539063 0.792969
f 9/25/9 8/23/8 11/33/11
vt 0.527344 0.714844
vt 0.539063 0.792969
vt 0.539063 0.714844
f 9/25/9 11/32/11 12/36/12
vt 0.527344 0.792969
vt 0.527344 0.714844
vt 0.539063 0.714844
f 3/7/3 2/5/2 13/39/13
vt 0.527344 0.792969
vt 0.539063 0.714844
vt 0.539063 0.792969
f 3/7/3 13/38/13 14/42/14
vt 0.972656 0.066406
vt 0.972656 0.066406
vt 0.972656 0.066406
f 15/43/15 16/47/16 12/36/12
vt 0.972656 0.066406
vt 0.972656 0.066406
vt 0.972656 0.066406
f 15/43/15 12/35/12 11/33/11
vt 0.972656 0.066406
vt 0.972656 0.066406
vt 0.972656 0.066406
f 17/49/17 18/53/18 14/42/14
vt 0.972656 0.066406
vt 0.972656 0.066406
vt 0.972656 0.066406
f 17/49/17 14/41/14 13/39/13
vt 0.995752 0.121773
vt 0.992749 0.113663
vt 0.994691 0.110104
f 1/1/1 2/5/2 3/9/3
vt 0.992749 0.103422
vt 0.994691 0.110104
vt 0.992749 0.113663
f 4/10/4 3/8/3 2/6/2
vt 0.975332 0.103422
vt 0.980184 0.100586
vt 0.975332 0.113663
f 5/13/5 6/17/6 7/21/7
vt 0.975332 0.113663
vt 0.973390 0.110104
vt 0.975332 0.103422
f 7/19/7 8/23/8 5/15/5
vt 0.973390 0.110104
vt 0.975332 0.113663
vt 0.972329 0.121773
f 8/22/8 7/20/7 9/27/9
vt 0.991880 0.113663
vt 0.987897 0.100596
vt 0.992749 0.103422
f 2/4/2 10/29/10 4/12/4
vt 0.986864 0.113663
vt 0.984040 0.098350
vt 0.987897 0.100596
f 11/31/11 12/35/12 10/30/10
vt 0.984040 0.098350
vt 0.986864 0.113663
vt 0.980184 0.100586
f 12/34/12 11/32/11 6/18/6
vt 0.987919 0.113663
vt 0.987897 0.100596
vt 0.991880 0.113663
f 11/31/11 10/29/10 2/6/2
vt 0.308062 0.198051
vt 0.179273 0.198051
vt 0.347656 0.003906
f 7/19/7 11/32/11 13/39/13
vt 0.044351 0.198051
vt 0.003906 0.003906
vt 0.179273 0.198051
f 2/4/2 14/41/14 11/33/11
vt 0.347656 0.003906
vt 0.179273 0.198051
vt 0.003906 0.003906
f 13/37/13 11/32/11 14/42/14
vt 0.044351 0.198051
vt 0.003906 0.191406
vt 0.003906 0.003906
f 2/4/2 1/2/1 14/42/14
vt 0.347656 0.003906
vt 0.347656 0.191406
vt 0.308062 0.198051
f 13/37/13 9/26/9 7/21/7
vt 0.997323 0.122900
vt 0.994289 0.122900
vt 0.997323 0.122900
f 15/43/15 16/47/16 14/42/14
vt 0.971696 0.122900
vt 0.974730 0.122900
vt 0.971696 0.122900
f 13/37/13 17/50/17 18/54/18
vt 0.855469 0.128906
vt 0.855469 0.343750
vt 0.703125 0.343750
f 19/55/19 20/59/20 21/63/21
vt 0.855469 0.128906
vt 0.703125 0.343750
vt 0.707031 0.128906
f 19/55/19 21/62/21 22/66/22
vt 0.707031 0.347656
vt 0.707031 0.125000
vt 0.855469 0.125000
f 23/67/23 19/56/19 22/66/22
vt 0.707031 0.347656
vt 0.855469 0.125000
vt 0.855469 0.347656
f 23/67/23 22/65/22 24/72/24
vt 0.707031 0.347656
vt 0.707031 0.347656
vt 0.855469 0.347656
f 25/73/25 23/68/23 24/72/24
vt 0.707031 0.347656
vt 0.855469 0.347656
vt 0.855469 0.347656
f 25/73/25 24/71/24 26/78/26
vt 0.984517 0.097404
vt 0.974217 0.095479
vt 0.994802 0.095479
f 27/79/27 25/74/25 26/78/26
vt 0.974730 0.122900
vt 0.971696 0.122900
vt 0.997323 0.122900
f 17/49/17 13/38/13 14/42/14
vt 0.974730 0.122900
vt 0.997323 0.122900
vt 0.994289 0.122900
f 17/49/17 14/41/14 16/48/16
vt 0.993588 0.109239
vt 0.974029 0.109239
vt 0.993588 0.123117
f 21/61/21 20/59/20 16/48/16
vt 0.974029 0.123117
vt 0.993588 0.123117
vt 0.974029 0.109239
f 17/49/17 16/47/16 20/60/20
vt 0.818014 0.506680
vt 0.707880 0.352305
vt 0.837612 0.352305
f 28/82/28 13/38/13 18/54/18
vt 0.707880 0.352305
vt 0.818014 0.506680
vt 0.760353 0.508545
f 13/37/13 28/83/28 9/27/9
vt 0.974029 0.123117
vt 0.974029 0.109239
vt 0.973540 0.110689
f 17/49/17 20/59/20 19/57/19
vt 0.974029 0.123117
vt 0.973540 0.110689
vt 0.973516 0.123117
f 17/49/17 19/56/19 29/87/29
vt 0.973516 0.095696
vt 0.973516 0.123117
vt 0.973540 0.110689
f 23/67/23 29/86/29 19/57/19
vt 0.973516 0.095696
vt 0.973516 0.095696
vt 0.973516 0.123117
f 23/67/23 25/74/25 29/87/29
vt 0.837612 0.352305
vt 0.858108 0.506703
vt 0.818014 0.506680
f 18/52/18 30/89/30 28/84/28
vt 0.970802 0.097388
vt 0.971696 0.122900
vt 0.972260 0.097404
f 31/91/31 32/95/32 33/99/33
vt 0.949481 0.506703
vt 0.997121 0.352305
vt 0.997121 0.514781
f 34/100/34 32/95/32 31/93/31
vt 0.837612 0.352305
vt 0.997121 0.352305
vt 0.949481 0.506703
f 18/52/18 32/95/32 34/102/34
vt 0.837612 0.352305
vt 0.949481 0.506703
vt 0.864485 0.506703
f 18/52/18 34/101/34 35/105/35
vt 0.837612 0.352305
vt 0.707880 0.352305
vt 0.818014 0.506680
f 15/43/15 14/41/14 36/108/36
vt 0.760353 0.508545
vt 0.818014 0.506680
vt 0.707880 0.352305
f 1/1/1 36/107/36 14/42/14
vt 0.994289 0.122900
vt 0.997323 0.122900
vt 0.997323 0.122900
f 16/46/16 15/44/15 37/111/37
vt 0.994289 0.122900
vt 0.997323 0.122900
vt 0.994802 0.122900
f 16/46/16 37/110/37 38/114/38
vt 0.994077 0.110689
vt 0.993588 0.109239
vt 0.993588 0.123117
f 22/64/22 21/62/21 16/48/16
vt 0.994077 0.110689
vt 0.993588 0.123117
vt 0.994101 0.123117
f 22/64/22 16/47/16 38/114/38
vt 0.994101 0.123117
vt 0.994101 0.095696
vt 0.994101 0.095696
f 38/112/38 26/77/26 24/72/24
vt 0.994101 0.123117
vt 0.994101 0.095696
vt 0.994077 0.110689
f 38/112/38 24/71/24 22/66/22
vt 0.818014 0.506680
vt 0.858108 0.506703
vt 0.837612 0.352305
f 36/106/36 39/116/39 15/45/15
vt 0.996766 0.097404
vt 0.997323 0.122900
vt 0.998224 0.097388
f 40/118/40 37/110/37 41/123/41
vt 0.997121 0.514781
vt 0.997121 0.352305
vt 0.949481 0.506703
f 41/121/41 37/110/37 42/126/42
vt 0.864485 0.506703
vt 0.837612 0.352305
vt 0.858108 0.506703
f 43/127/43 15/44/15 39/117/39
vt 0.837612 0.352305
vt 0.864485 0.506703
vt 0.949481 0.506703
f 15/43/15 43/128/43 42/126/42
vt 0.837612 0.352305
vt 0.949481 0.506703
vt 0.997121 0.352305
f 15/43/15 42/125/42 37/111/37
vt 0.974217 0.095479
vt 0.984517 0.097404
vt 0.974217 0.097404
f 25/73/25 27/80/27 44/132/44
vt 0.994809 0.097404
vt 0.984517 0.097404
vt 0.994802 0.095479
f 45/133/45 27/80/27 26/78/26
vt 0.994101 0.095696
vt 0.994101 0.123117
vt 0.994109 0.097621
f 26/76/26 38/113/38 45/135/45
vt 0.973516 0.097621
vt 0.973516 0.123117
vt 0.973516 0.095696
f 44/130/44 29/86/29 25/75/25
vt 0.994802 0.122900
vt 0.997323 0.122900
vt 0.996766 0.097404
f 38/112/38 37/110/37 40/120/40
vt 0.994802 0.122900
vt 0.996766 0.097404
vt 0.994809 0.097404
f 38/112/38 40/119/40 45/135/45
vt 0.971696 0.122900
vt 0.974217 0.122900
vt 0.974217 0.097404
f 32/94/32 29/86/29 44/132/44
vt 0.971696 0.122900
vt 0.974217 0.097404
vt 0.972260 0.097404
f 32/94/32 44/131/44 33/99/33
vt 0.858108 0.506703
vt 0.837612 0.352305
vt 0.864485 0.506703
f 30/88/30 18/53/18 35/105/35
vt 0.980184 0.100586
vt 0.986864 0.113663
vt 0.975332 0.113663
f 6/16/6 11/32/11 7/21/7
vt 0.994289 0.122900
vt 0.994802 0.122900
vt 0.997323 0.122900
f 17/49/17 29/86/29 32/96/32
vt 0.994289 0.122900
vt 0.997323 0.122900
vt 0.997323 0.122900
f 17/49/17 32/95/32 18/54/18
vt 0.659441 0.198051
vt 0.530652 0.198051
vt 0.699035 0.003906
f 1/1/1 2/5/2 3/9/3
vt 0.395730 0.198051
vt 0.355285 0.003906
vt 0.530652 0.198051
f 4/10/4 5/14/5 2/6/2
vt 0.699035 0.003906
vt 0.530652 0.198051
vt 0.355285 0.003906
f 3/7/3 2/5/2 5/15/5
vt 0.395730 0.198051
vt 0.355285 0.191406
vt 0.355285 0.003906
f 4/10/4 6/17/6 5/15/5
vt 0.699035 0.003906
vt 0.699035 0.191406
vt 0.659441 0.198051
f 3/7/3 7/20/7 1/3/1
vt 0.671788 0.979660
vt 0.671788 0.949904
vt 0.663403 0.962980
f 1/1/1 2/5/2 3/9/3
vt 0.671788 0.992736
vt 0.671788 0.979660
vt 0.663403 0.962980
f 4/10/4 1/2/1 3/9/3
vt 0.671788 0.976056
vt 0.671788 0.992736
vt 0.663403 0.962980
f 5/13/5 4/11/4 3/9/3
vt 0.671788 0.946300
vt 0.671788 0.976056
vt 0.663403 0.962980
f 6/16/6 5/14/5 3/9/3
vt 0.671788 0.933224
vt 0.671788 0.946300
vt 0.663403 0.962980
f 7/19/7 6/17/6 3/9/3
vt 0.671788 0.949904
vt 0.671788 0.933224
vt 0.663403 0.962980
f 2/4/2 7/20/7 3/9/3
vt 0.646073 0.899432
vt 0.652346 0.936590
vt 0.652963 0.936433
f 8/22/8 9/26/9 10/30/10
vt 0.646073 0.899432
vt 0.652963 0.936433
vt 0.647393 0.901960
f 8/22/8 10/29/10 11/33/11
vt 0.647393 0.901960
vt 0.652963 0.936433
vt 0.651728 0.943029
f 11/31/11 10/29/10 12/36/12
vt 0.647393 0.901960
vt 0.651728 0.943029
vt 0.644754 0.903187
f 11/31/11 12/35/12 13/39/13
vt 0.652346 0.936590
vt 0.646073 0.899432
vt 0.644754 0.903187
f 9/25/9 8/23/8 13/39/13
vt 0.652346 0.936590
vt 0.644754 0.903187
vt 0.651728 0.943029
f 9/25/9 13/38/13 12/36/12
vt 0.652346 0.936590
vt 0.664467 0.960437
vt 0.664467 0.959860
f 9/25/9 14/41/14 15/45/15
vt 0.652346 0.936590
vt 0.664467 0.959860
vt 0.652963 0.936433
f 9/25/9 15/44/15 10/30/10
vt 0.652963 0.936433
vt 0.664467 0.959860
vt 0.664467 0.967296
f 10/28/10 15/44/15 16/48/16
vt 0.652963 0.936433
vt 0.664467 0.967296
vt 0.651728 0.943029
f 10/28/10 16/47/16 12/36/12
vt 0.664467 0.960437
vt 0.652346 0.936590
vt 0.651728 0.943029
f 14/40/14 9/26/9 12/36/12
vt 0.664467 0.960437
vt 0.651728 0.943029
vt 0.664467 0.967296
f 14/40/14 12/35/12 16/48/16
vt 50.076797 142.851028
vt 50.076801 74.349243
vt 109.401085 108.600136
f 5/13/5 1/2/1 4/12/4
vt -9.247487 108.600128
vt 50.076801 74.349243
vt 50.076797 142.851028
f 6/16/6 1/2/1 5/15/5
vt -9.247474 40.098339
vt 50.076801 5.847456
vt -9.247487 108.600128
f 7/19/7 2/5/2 6/18/6
vt 50.076801 5.847456
vt 50.076801 74.349243
vt -9.247487 108.600128
f 2/4/2 1/2/1 6/18/6
vt 0.663403 0.962980
vt 0.671788 0.949904
vt 0.671788 0.979660
f 1/1/1 2/5/2 3/9/3
vt 0.663403 0.962980
vt 0.671788 0.979660
vt 0.671788 0.992736
f 1/1/1 3/8/3 4/12/4
vt 0.663403 0.962980
vt 0.671788 0.992736
vt 0.671788 0.976056
f 1/1/1 4/11/4 5/15/5
vt 0.663403 0.962980
vt 0.671788 0.976056
vt 0.671788 0.946300
f 1/1/1 5/14/5 6/18/6
vt 0.663403 0.962980
vt 0.671788 0.946300
vt 0.671788 0.933224
f 1/1/1 6/17/6 7/21/7
vt 0.663403 0.962980
vt 0.671788 0.933224
vt 0.671788 0.949904
f 1/1/1 7/20/7 2/6/2
vt 0.646073 0.899432
vt 0.647393 0.901960
vt 0.652963 0.936433
f 8/22/8 9/26/9 10/30/10
vt 0.646073 0.899432
vt 0.652963 0.936433
vt 0.652346 0.936590
f 8/22/8 10/29/10 11/33/11
vt 0.647393 0.901960
vt 0.644754 0.903187
vt 0.651728 0.943029
f 9/25/9 12/35/12 13/39/13
vt 0.647393 0.901960
vt 0.651728 0.943029
vt 0.652963 0.936433
f 9/25/9 13/38/13 10/30/10
vt 0.644754 0.903187
vt 0.646073 0.899432
vt 0.652346 0.936590
f 12/34/12 8/23/8 11/33/11
vt 0.644754 0.903187
vt 0.652346 0.936590
vt 0.651728 0.943029
f 12/34/12 11/32/11 13/39/13
vt 0.652346 0.936590
vt 0.652963 0.936433
vt 0.664467 0.959860
f 11/31/11 10/29/10 14/42/14
vt 0.652346 0.936590
vt 0.664467 0.959860
vt 0.664467 0.960437
f 11/31/11 14/41/14 15/45/15
vt 0.652963 0.936433
vt 0.651728 0.943029
vt 0.664467 0.967296
f 10/28/10 13/38/13 16/48/16
vt 0.652963 0.936433
vt 0.664467 0.967296
vt 0.664467 0.959860
f 10/28/10 16/47/16 14/42/14
vt 0.651728 0.943029
vt 0.652346 0.936590
vt 0.664467 0.960437
f 13/37/13 11/32/11 15/45/15
vt 0.651728 0.943029
vt 0.664467 0.960437
vt 0.664467 0.967296
f 13/37/13 15/44/15 16/48/16
vt 109.401085 40.098347
vt 50.076801 74.349243
vt 109.401085 108.600136
f 3/7/3 5/14/5 4/12/4
vt 109.401085 40.098347
vt 50.076801 5.847456
vt 50.076801 74.349243
f 3/7/3 2/5/2 5/15/5
vt -9.247487 108.600128
vt 50.076801 74.349243
vt 50.076801 5.847456
f 6/16/6 5/14/5 2/6/2
vt -9.247474 40.098339
vt -9.247487 108.600128
vt 50.076801 5.847456
f 7/19/7 6/17/6 2/6/2
vt 0.647604 0.181694
vt 0.647604 0.181956
vt 0.645551 0.181956
f 1/1/1 2/5/2 3/9/3
vt 0.647604 0.181694
vt 0.645551 0.181956
vt 0.645551 0.181694
f 1/1/1 3/8/3 4/12/4
vt 0.649956 0.190584
vt 0.648168 0.190584
vt 0.648168 0.192207
f 5/13/5 6/17/6 7/21/7
vt 0.649956 0.190584
vt 0.648168 0.192207
vt 0.649956 0.192207
f 5/13/5 7/20/7 8/24/8
vt 0.650513 0.190725
vt 0.648788 0.190725
vt 0.648788 0.191720
f 9/25/9 10/29/10 11/33/11
vt 0.650513 0.190725
vt 0.648788 0.191720
vt 0.650513 0.191720
f 9/25/9 11/32/11 12/36/12
vt 0.648788 0.190725
vt 0.648788 0.192609
vt 0.648788 0.193458
f 10/28/10 13/38/13 14/42/14
vt 0.648788 0.190725
vt 0.648788 0.193458
vt 0.648788 0.191720
f 10/28/10 14/41/14 11/33/11
vt 0.648788 0.192609
vt 0.650513 0.192609
vt 0.650513 0.193458
f 13/37/13 15/44/15 16/48/16
vt 0.648788 0.192609
vt 0.650513 0.193458
vt 0.648788 0.193458
f 13/37/13 16/47/16 14/42/14
vt 0.650513 0.193458
vt 0.650513 0.191720
vt 0.649956 0.190584
f 16/46/16 12/35/12 5/15/5
vt 0.650513 0.193458
vt 0.649956 0.190584
vt 0.649956 0.192207
f 16/46/16 5/14/5 8/24/8
vt 0.650513 0.191720
vt 0.648788 0.191720
vt 0.648168 0.190584
f 12/34/12 11/32/11 6/18/6
vt 0.650513 0.191720
vt 0.648168 0.190584
vt 0.649956 0.190584
f 12/34/12 6/17/6 5/15/5
vt 0.648788 0.191720
vt 0.648788 0.193458
vt 0.648168 0.192207
f 11/31/11 14/41/14 7/21/7
vt 0.648788 0.191720
vt 0.648168 0.192207
vt 0.648168 0.190584
f 11/31/11 7/20/7 6/18/6
vt 0.648788 0.193458
vt 0.650513 0.193458
vt 0.649956 0.192207
f 14/40/14 16/47/16 8/24/8
vt 0.648788 0.193458
vt 0.649956 0.192207
vt 0.648168 0.192207
f 14/40/14 8/23/8 7/21/7
vt 0.650513 0.190725
vt 0.650513 0.192609
vt 0.647604 0.181956
f 9/25/9 15/44/15 2/6/2
vt 0.650513 0.190725
vt 0.647604 0.181956
vt 0.647604 0.181694
f 9/25/9 2/5/2 1/3/1
vt 0.650513 0.192609
vt 0.648788 0.192609
vt 0.645551 0.181956
f 15/43/15 13/38/13 3/9/3
vt 0.650513 0.192609
vt 0.645551 0.181956
vt 0.647604 0.181956
f 15/43/15 3/8/3 2/6/2
vt 0.648788 0.192609
vt 0.648788 0.190725
vt 0.645551 0.181694
f 13/37/13 10/29/10 4/12/4
vt 0.648788 0.192609
vt 0.645551 0.181694
vt 0.645551 0.181956
f 13/37/13 4/11/4 3/9/3
vt 0.648788 0.190725
vt 0.650513 0.190725
vt 0.647604 0.181694
f 10/28/10 9/26/9 1/3/1
vt 0.648788 0.190725
vt 0.647604 0.181694
vt 0.645551 0.181694
f 10/28/10 1/2/1 4/12/4
vt 0.647604 0.181694
vt 0.645551 0.181694
vt 0.645551 0.181956
f 17/49/17 18/53/18 19/57/19
vt 0.647604 0.181694
vt 0.645551 0.181956
vt 0.647604 0.181956
f 17/49/17 19/56/19 20/60/20
vt 0.649956 0.190584
vt 0.649956 0.192207
vt 0.648168 0.192207
f 21/61/21 22/65/22 23/69/23
vt 0.649956 0.190584
vt 0.648168 0.192207
vt 0.648168 0.190584
f 21/61/21 23/68/23 24/72/24
vt 0.650513 0.190725
vt 0.650513 0.191720
vt 0.648788 0.191720
f 25/73/25 26/77/26 27/81/27
vt 0.650513 0.190725
vt 0.648788 0.191720
vt 0.648788 0.190725
f 25/73/25 27/80/27 28/84/28
vt 0.648788 0.190725
vt 0.648788 0.191720
vt 0.648788 0.193458
f 28/82/28 27/80/27 29/87/29
vt 0.648788 0.190725
vt 0.648788 0.193458
vt 0.648788 0.192609
f 28/82/28 29/86/29 30/90/30
vt 0.650513 0.193458
vt 0.650513 0.192609
vt 0.648788 0.192609
f 31/91/31 32/95/32 30/90/30
vt 0.650513 0.193458
vt 0.648788 0.192609
vt 0.648788 0.193458
f 31/91/31 30/89/30 29/87/29
vt 0.649956 0.190584
vt 0.650513 0.191720
vt 0.650513 0.193458
f 21/61/21 26/77/26 31/93/31
vt 0.649956 0.190584
vt 0.650513 0.193458
vt 0.649956 0.192207
f 21/61/21 31/92/31 22/66/22
vt 0.650513 0.191720
vt 0.649956 0.190584
vt 0.648168 0.190584
f 26/76/26 21/62/21 24/72/24
vt 0.650513 0.191720
vt 0.648168 0.190584
vt 0.648788 0.191720
f 26/76/26 24/71/24 27/81/27
vt 0.648788 0.191720
vt 0.648168 0.190584
vt 0.648168 0.192207
f 27/79/27 24/71/24 23/69/23
vt 0.648788 0.191720
vt 0.648168 0.192207
vt 0.648788 0.193458
f 27/79/27 23/68/23 29/87/29
vt 0.649956 0.192207
vt 0.650513 0.193458
vt 0.648788 0.193458
f 22/64/22 31/92/31 29/87/29
vt 0.649956 0.192207
vt 0.648788 0.193458
vt 0.648168 0.192207
f 22/64/22 29/86/29 23/69/23
vt 0.650513 0.190725
vt 0.647604 0.181694
vt 0.647604 0.181956
f 25/73/25 17/50/17 20/60/20
vt 0.650513 0.190725
vt 0.647604 0.181956
vt 0.650513 0.192609
f 25/73/25 20/59/20 32/96/32
vt 0.650513 0.192609
vt 0.647604 0.181956
vt 0.645551 0.181956
f 32/94/32 20/59/20 19/57/19
vt 0.650513 0.192609
vt 0.645551 0.181956
vt 0.648788 0.192609
f 32/94/32 19/56/19 30/90/30
vt 0.645551 0.181694
vt 0.648788 0.190725
vt 0.648788 0.192609
f 18/52/18 28/83/28 30/90/30
vt 0.645551 0.181694
vt 0.648788 0.192609
vt 0.645551 0.181956
f 18/52/18 30/89/30 19/57/19
vt 0.647604 0.181694
vt 0.650513 0.190725
vt 0.648788 0.190725
f 17/49/17 25/74/25 28/84/28
vt 0.647604 0.181694
vt 0.648788 0.190725
vt 0.645551 0.181694
f 17/49/17 28/83/28 18/54/18
vt 0.650513 0.190725
vt 0.650513 0.191720
vt 0.650513 0.191720
f 9/25/9 12/35/12 26/78/26
vt 0.650513 0.190725
vt 0.650513 0.191720
vt 0.650513 0.190725
f 9/25/9 26/77/26 25/75/25
vt 0.650513 0.193458
vt 0.650513 0.192609
vt 0.650513 0.192609
f 16/46/16 15/44/15 32/96/32
vt 0.650513 0.193458
vt 0.650513 0.192609
vt 0.650513 0.193458
f 16/46/16 32/95/32 31/93/31
vt 0.650513 0.191720
vt 0.650513 0.193458
vt 0.650513 0.193458
f 12/34/12 16/47/16 31/93/31
vt 0.650513 0.191720
vt 0.650513 0.193458
vt 0.650513 0.191720
f 12/34/12 31/92/31 26/78/26
vt 0.650513 0.192609
vt 0.650513 0.190725
vt 0.650513 0.190725
f 15/43/15 9/26/9 25/75/25
vt 0.650513 0.192609
vt 0.650513 0.190725
vt 0.650513 0.192609
f 15/43/15 25/74/25 32/96/32
vt 0.985507 0.019652
vt 0.980842 0.016503
vt 0.981085 0.015979
f 1/1/1 2/5/2 3/9/3
vt 0.980842 0.016503
vt 0.982307 0.010326
vt 0.981085 0.015979
f 2/4/2 4/11/4 3/9/3
vt 0.980842 0.016503
vt 0.980842 0.009814
vt 0.982307 0.010326
f 2/4/2 5/14/5 4/12/4
vt 0.980842 0.009814
vt 0.988708 0.010326
vt 0.982307 0.010326
f 5/13/5 6/17/6 4/12/4
vt 0.980842 0.009814
vt 0.990173 0.009814
vt 0.988708 0.010326
f 5/13/5 7/20/7 6/18/6
vt 0.990173 0.009814
vt 0.989930 0.015978
vt 0.988708 0.010326
f 7/19/7 8/23/8 6/18/6
vt 0.990173 0.009814
vt 0.990173 0.016503
vt 0.989930 0.015978
f 7/19/7 9/26/9 8/24/8
vt 0.990173 0.016503
vt 0.985507 0.019652
vt 0.989930 0.015978
f 9/25/9 1/2/1 8/24/8
vt 0.981085 0.015979
vt 0.982307 0.010326
vt 0.980467 0.009583
f 3/7/3 4/11/4 10/30/10
vt 0.982307 0.010326
vt 0.990548 0.009583
vt 0.980467 0.009583
f 4/10/4 11/32/11 10/30/10
vt 0.982307 0.010326
vt 0.988708 0.010326
vt 0.990548 0.009583
f 4/10/4 6/17/6 11/33/11
vt 0.988708 0.010326
vt 0.989930 0.015978
vt 0.990548 0.009583
f 6/16/6 8/23/8 11/33/11
vt 0.981085 0.015979
vt 0.981387 0.009575
vt 0.981387 0.015847
f 3/7/3 12/35/12 13/39/13
vt 0.981085 0.015979
vt 0.980467 0.009583
vt 0.981387 0.009575
f 3/7/3 10/29/10 12/36/12
vt 0.774235 0.116141
vt 0.776171 0.120013
vt 0.774588 0.119111
f 10/28/10 14/41/14 12/36/12
vt 0.776171 0.120013
vt 0.778107 0.116141
vt 0.777754 0.119111
f 14/40/14 11/32/11 15/45/15
vt 0.990548 0.009583
vt 0.989628 0.015847
vt 0.989628 0.009575
f 11/31/11 16/47/16 15/45/15
vt 0.990548 0.009583
vt 0.989930 0.015978
vt 0.989628 0.015847
f 11/31/11 8/23/8 16/48/16
vt 0.985507 0.016293
vt 0.981387 0.015847
vt 0.985507 0.012930
f 17/49/17 13/38/13 18/54/18
vt 0.985507 0.012930
vt 0.985507 0.009572
vt 0.989628 0.009575
f 18/52/18 14/41/14 15/45/15
vt 0.985507 0.012930
vt 0.989628 0.009575
vt 0.989628 0.015847
f 18/52/18 15/44/15 16/48/16
vt 0.985507 0.016293
vt 0.987568 0.018240
vt 0.985507 0.018952
f 17/49/17 19/56/19 20/60/20
vt 0.985507 0.016293
vt 0.983447 0.018240
vt 0.981387 0.015847
f 17/49/17 21/62/21 13/39/13
vt 0.774235 0.116141
vt 0.778107 0.116141
vt 0.776171 0.120013
f 10/28/10 11/32/11 14/42/14
vt 0.981387 0.015847
vt 0.981387 0.009575
vt 0.985507 0.012930
f 13/37/13 12/35/12 18/54/18
vt 0.985507 0.016293
vt 0.989628 0.015847
vt 0.987568 0.018240
f 17/49/17 16/47/16 19/57/19
vt 0.985507 0.016293
vt 0.985507 0.018952
vt 0.983447 0.018240
f 17/49/17 20/59/20 21/63/21
vt 0.985507 0.018952
vt 0.985507 0.019365
vt 0.983447 0.018240
f 20/58/20 22/65/22 21/63/21
vt 0.989930 0.015978
vt 0.985507 0.019652
vt 0.985507 0.019365
f 8/22/8 1/2/1 22/66/22
vt 0.987568 0.018240
vt 0.985507 0.019365
vt 0.985507 0.018952
f 19/55/19 22/65/22 20/60/20
vt 0.981085 0.015979
vt 0.983447 0.018240
vt 0.985507 0.019365
f 3/7/3 21/62/21 22/66/22
vt 0.981085 0.015979
vt 0.981387 0.015847
vt 0.983447 0.018240
f 3/7/3 13/38/13 21/63/21
vt 0.985507 0.019365
vt 0.985507 0.019652
vt 0.981085 0.015979
f 22/64/22 1/2/1 3/9/3
vt 0.989628 0.015847
vt 0.989930 0.015978
vt 0.987568 0.018240
f 16/46/16 8/23/8 19/57/19
vt 0.987568 0.018240
vt 0.989930 0.015978
vt 0.985507 0.019365
f 19/55/19 8/23/8 22/66/22
vt 0.985507 0.016293
vt 0.985507 0.012930
vt 0.989628 0.015847
f 17/49/17 18/53/18 16/48/16
vt 0.985507 0.012930
vt 0.981387 0.009575
vt 0.985507 0.009572
f 18/52/18 12/35/12 14/42/14
vt 0.982505 0.013044
vt 0.988416 0.014106
vt 0.987535 0.014455
f 1/1/1 2/5/2 3/9/3
vt 0.982505 0.013044
vt 0.987535 0.014455
vt 0.982505 0.013551
f 1/1/1 3/8/3 4/12/4
vt 0.988416 0.014106
vt 0.988416 0.022631
vt 0.987535 0.021922
f 2/4/2 5/14/5 6/18/6
vt 0.988416 0.014106
vt 0.987535 0.021922
vt 0.987535 0.014455
f 2/4/2 6/17/6 3/9/3
vt 0.988416 0.022631
vt 0.976593 0.022631
vt 0.977474 0.021922
f 5/13/5 7/20/7 8/24/8
vt 0.988416 0.022631
vt 0.977474 0.021922
vt 0.987535 0.021922
f 5/13/5 8/23/8 6/18/6
vt 0.976593 0.022631
vt 0.976593 0.014106
vt 0.977474 0.014455
f 7/19/7 9/26/9 10/30/10
vt 0.976593 0.022631
vt 0.977474 0.014455
vt 0.977474 0.021922
f 7/19/7 10/29/10 8/24/8
vt 0.976593 0.014106
vt 0.982505 0.013044
vt 0.982505 0.013551
f 9/25/9 1/2/1 4/12/4
vt 0.976593 0.014106
vt 0.982505 0.013551
vt 0.977474 0.014455
f 9/25/9 4/11/4 10/30/10
vt 0.778127 0.119226
vt 0.779132 0.119226
vt 0.779132 0.121236
f 11/31/11 12/35/12 13/39/13
vt 0.778127 0.119226
vt 0.779132 0.121236
vt 0.778127 0.121236
f 11/31/11 13/38/13 14/42/14
vt 0.987535 0.014455
vt 0.987535 0.021922
vt 0.987535 0.021914
f 3/7/3 6/17/6 15/45/15
vt 0.987535 0.014455
vt 0.987535 0.021914
vt 0.987535 0.014447
f 3/7/3 15/44/15 16/48/16
vt 0.987535 0.021922
vt 0.977474 0.021922
vt 0.977474 0.021914
f 6/16/6 8/23/8 17/51/17
vt 0.987535 0.021922
vt 0.977474 0.021914
vt 0.987535 0.021914
f 6/16/6 17/50/17 15/45/15
vt 0.977474 0.021922
vt 0.977474 0.014455
vt 0.977474 0.014447
f 8/22/8 10/29/10 18/54/18
vt 0.977474 0.021922
vt 0.977474 0.014447
vt 0.977474 0.021914
f 8/22/8 18/53/18 17/51/17
vt 0.777122 0.119226
vt 0.778127 0.119226
vt 0.778127 0.121236
f 19/55/19 11/32/11 14/42/14
vt 0.777122 0.119226
vt 0.778127 0.121236
vt 0.777122 0.121236
f 19/55/19 14/41/14 20/60/20
vt 0.982505 0.015632
vt 0.982505 0.013543
vt 0.987535 0.014447
f 21/61/21 22/65/22 16/48/16
vt 0.982505 0.015632
vt 0.987535 0.014447
vt 0.987535 0.021914
f 21/61/21 16/47/16 15/45/15
vt 0.982505 0.015632
vt 0.987535 0.021914
vt 0.977474 0.021914
f 21/61/21 15/44/15 17/51/17
vt 0.982505 0.015632
vt 0.977474 0.021914
vt 0.977474 0.014447
f 21/61/21 17/50/17 18/54/18
vt 0.982505 0.015632
vt 0.977474 0.014447
vt 0.982505 0.013543
f 21/61/21 18/53/18 22/66/22
vt 0.982505 0.013551
vt 0.987535 0.014455
vt 0.987535 0.010816
f 4/10/4 3/8/3 12/36/12
vt 0.982505 0.013551
vt 0.987535 0.010816
vt 0.982505 0.010816
f 4/10/4 12/35/12 11/33/11
vt 0.977474 0.014455
vt 0.982505 0.013551
vt 0.982505 0.010816
f 10/28/10 4/11/4 11/33/11
vt 0.977474 0.014455
vt 0.982505 0.010816
vt 0.977474 0.010816
f 10/28/10 11/32/11 19/57/19
vt 0.987535 0.014447
vt 0.982505 0.013543
vt 0.982505 0.010807
f 16/46/16 22/65/22 14/42/14
vt 0.987535 0.014447
vt 0.982505 0.010807
vt 0.987535 0.010807
f 16/46/16 14/41/14 13/39/13
vt 0.987535 0.014455
vt 0.987535 0.014447
vt 0.987535 0.010807
f 3/7/3 16/47/16 13/39/13
vt 0.987535 0.014455
vt 0.987535 0.010807
vt 0.987535 0.010816
f 3/7/3 13/38/13 12/36/12
vt 0.977474 0.014447
vt 0.977474 0.014455
vt 0.977474 0.010816
f 18/52/18 10/29/10 19/57/19
vt 0.977474 0.014447
vt 0.977474 0.010816
vt 0.977474 0.010807
f 18/52/18 19/56/19 20/60/20
vt 0.982505 0.013543
vt 0.977474 0.014447
vt 0.977474 0.010807
f 22/64/22 18/53/18 20/60/20
vt 0.982505 0.013543
vt 0.977474 0.010807
vt 0.982505 0.010807
f 22/64/22 20/59/20 14/42/14
vt 0.764552 0.032158
vt 0.789371 0.045971
vt 0.762411 0.041168
f 1/1/1 2/5/2 3/9/3
vt 0.764552 0.032158
vt 0.764814 0.032158
vt 0.789634 0.045971
f 1/1/1 4/11/4 5/15/5
vt 0.764552 0.032158
vt 0.789634 0.045971
vt 0.789371 0.045971
f 1/1/1 5/14/5 2/6/2
vt 0.764814 0.032158
vt 0.764552 0.032158
vt 0.754567 0.041168
f 4/10/4 1/2/1 6/18/6
vt 0.764814 0.032158
vt 0.754567 0.041168
vt 0.755030 0.041168
f 4/10/4 6/17/6 7/21/7
vt 0.762411 0.041168
vt 0.789371 0.045971
vt 0.789371 0.057013
f 3/7/3 2/5/2 8/24/8
vt 0.762411 0.041168
vt 0.789371 0.057013
vt 0.762411 0.061816
f 3/7/3 8/23/8 9/27/9
vt 0.789371 0.045971
vt 0.789634 0.045971
vt 0.789634 0.057013
f 2/4/2 5/14/5 10/30/10
vt 0.789371 0.045971
vt 0.789634 0.057013
vt 0.789371 0.057013
f 2/4/2 10/29/10 8/24/8
vt 0.755030 0.041168
vt 0.754567 0.041168
vt 0.754567 0.061816
f 7/19/7 6/17/6 11/33/11
vt 0.755030 0.041168
vt 0.754567 0.061816
vt 0.755030 0.061816
f 7/19/7 11/32/11 12/36/12
vt 0.754567 0.041168
vt 0.762411 0.041168
vt 0.762411 0.061816
f 6/16/6 3/8/3 9/27/9
vt 0.754567 0.041168
vt 0.762411 0.061816
vt 0.754567 0.061816
f 6/16/6 9/26/9 11/33/11
vt 0.762411 0.061816
vt 0.789371 0.057013
vt 0.764552 0.070825
f 9/25/9 8/23/8 13/39/13
vt 0.789371 0.057013
vt 0.789634 0.057013
vt 0.764814 0.070825
f 8/22/8 10/29/10 14/42/14
vt 0.789371 0.057013
vt 0.764814 0.070825
vt 0.764552 0.070825
f 8/22/8 14/41/14 13/39/13
vt 0.755030 0.061816
vt 0.754567 0.061816
vt 0.764552 0.070825
f 12/34/12 11/32/11 13/39/13
vt 0.755030 0.061816
vt 0.764552 0.070825
vt 0.764814 0.070825
f 12/34/12 13/38/13 14/42/14
vt 0.754567 0.061816
vt 0.762411 0.061816
vt 0.764552 0.070825
f 11/31/11 9/26/9 13/39/13
vt 0.764552 0.032158
vt 0.762411 0.041168
vt 0.754567 0.041168
f 1/1/1 3/8/3 6/18/6
vt 1.000000 0.000000
vt 1.000000 1.000000
vt 0.000000 1.000000
f 1/1/1 2/5/2 3/9/3
vt 1.000000 0.000000
vt 0.000000 1.000000
vt 0.000000 0.000000
f 1/1/1 3/8/3 4/12/4
vt 0.000000 0.000000
vt 1.000000 0.000000
vt 1.000000 1.000000
f 5/13/5 6/17/6 7/21/7
vt 0.000000 0.000000
vt 1.000000 1.000000
vt 0.000000 1.000000
f 5/13/5 7/20/7 8/24/8
vt 0.000000 0.000000
vt 1.000000 0.000000
vt 1.000000 1.000000
f 1/1/1 4/11/4 6/18/6
vt 0.000000 0.000000
vt 1.000000 1.000000
vt 0.000000 1.000000
f 1/1/1 6/17/6 5/15/5
vt 0.000000 0.000000
vt 1.000000 0.000000
vt 1.000000 1.000000
f 4/10/4 3/8/3 7/21/7
vt 0.000000 0.000000
vt 1.000000 1.000000
vt 0.000000 1.000000
f 4/10/4 7/20/7 6/18/6
vt 0.000000 0.000000
vt 1.000000 0.000000
vt 1.000000 1.000000
f 3/7/3 2/5/2 8/24/8
vt 0.000000 0.000000
vt 1.000000 1.000000
vt 0.000000 1.000000
f 3/7/3 8/23/8 7/21/7
vt 0.000000 0.000000
vt 1.000000 0.000000
vt 1.000000 1.000000
f 2/4/2 1/2/1 5/15/5
vt 0.000000 0.000000
vt 1.000000 1.000000
vt 0.000000 1.000000
f 2/4/2 5/14/5 8/24/8
vt 1.000000 0.000000
vt 0.000000 0.000000
vt 0.000000 1.000000
f 1/1/1 2/5/2 3/9/3
vt 1.000000 0.000000
vt 0.000000 1.000000
vt 1.000000 1.000000
f 1/1/1 3/8/3 4/12/4
vt 0.000000 0.000000
vt 0.000000 1.000000
vt 1.000000 1.000000
f 5/13/5 6/17/6 7/21/7
vt 0.000000 0.000000
vt 1.000000 1.000000
vt 1.000000 0.000000
f 5/13/5 7/20/7 8/24/8
vt 0.000000 0.000000
vt 0.000000 1.000000
vt 1.000000 1.000000
f 1/1/1 5/14/5 8/24/8
vt 0.000000 0.000000
vt 1.000000 1.000000
vt 1.000000 0.000000
f 1/1/1 8/23/8 2/6/2
vt 0.000000 0.000000
vt 0.000000 1.000000
vt 1.000000 1.000000
f 2/4/2 8/23/8 7/21/7
vt 0.000000 0.000000
vt 1.000000 1.000000
vt 1.000000 0.000000
f 2/4/2 7/20/7 3/9/3
vt 1.000000 1.000000
vt 1.000000 0.000000
vt 0.000000 0.000000
f 6/16/6 4/11/4 3/9/3
vt 1.000000 1.000000
vt 0.000000 0.000000
vt 0.000000 1.000000
f 6/16/6 3/8/3 7/21/7
vt 1.000000 1.000000
vt 1.000000 0.000000
vt 0.000000 0.000000
f 5/13/5 1/2/1 4/12/4
vt 1.000000 1.000000
vt 0.000000 0.000000
vt 0.000000 1.000000
f 5/13/5 4/11/4 6/18/6
vt 1.000000 0.000000
vt 1.000000 1.000000
vt 0.000000 1.000000
f 1/1/1 2/5/2 3/9/3
vt 1.000000 0.000000
vt 0.000000 1.000000
vt 0.000000 0.000000
f 1/1/1 3/8/3 4/12/4
vt 0.000000 0.000000
vt 1.000000 0.000000
vt 1.000000 1.000000
f 5/13/5 6/17/6 7/21/7
vt 0.000000 0.000000
vt 1.000000 1.000000
vt 0.000000 1.000000
f 5/13/5 7/20/7 8/24/8
vt 0.000000 0.000000
vt 1.000000 0.000000
vt 1.000000 1.000000
f 1/1/1 4/11/4 6/18/6
vt 0.000000 0.000000
vt 1.000000 1.000000
vt 0.000000 1.000000
f 1/1/1 6/17/6 5/15/5
vt 0.000000 0.000000
vt 1.000000 0.000000
vt 1.000000 1.000000
f 4/10/4 3/8/3 7/21/7
vt 0.000000 0.000000
vt 1.000000 1.000000
vt 0.000000 1.000000
f 4/10/4 7/20/7 6/18/6
vt 0.000000 0.000000
vt 1.000000 0.000000
vt 1.000000 1.000000
f 3/7/3 2/5/2 8/24/8
vt 0.000000 0.000000
vt 1.000000 1.000000
vt 0.000000 1.000000
f 3/7/3 8/23/8 7/21/7
vt 0.000000 0.000000
vt 1.000000 0.000000
vt 1.000000 1.000000
f 2/4/2 1/2/1 5/15/5
vt 0.000000 0.000000
vt 1.000000 1.000000
vt 0.000000 1.000000
f 2/4/2 5/14/5 8/24/8
vt 1.000000 0.000000
vt 0.000000 0.000000
vt 0.000000 1.000000
f 1/1/1 2/5/2 3/9/3
vt 1.000000 0.000000
vt 0.000000 1.000000
vt 1.000000 1.000000
f 1/1/1 3/8/3 4/12/4
vt 0.000000 0.000000
vt 0.000000 1.000000
vt 1.000000 1.000000
f 5/13/5 6/17/6 7/21/7
vt 0.000000 0.000000
vt 1.000000 1.000000
vt 1.000000 0.000000
f 5/13/5 7/20/7 8/24/8
vt 0.000000 0.000000
vt 0.000000 1.000000
vt 1.000000 1.000000
f 1/1/1 5/14/5 8/24/8
vt 0.000000 0.000000
vt 1.000000 1.000000
vt 1.000000 0.000000
f 1/1/1 8/23/8 2/6/2
vt 0.000000 0.000000
vt 0.000000 1.000000
vt 1.000000 1.000000
f 2/4/2 8/23/8 7/21/7
vt 0.000000 0.000000
vt 1.000000 1.000000
vt 1.000000 0.000000
f 2/4/2 7/20/7 3/9/3
vt 1.000000 1.000000
vt 1.000000 0.000000
vt 0.000000 0.000000
f 6/16/6 4/11/4 3/9/3
vt 1.000000 1.000000
vt 0.000000 0.000000
vt 0.000000 1.000000
f 6/16/6 3/8/3 7/21/7
vt 1.000000 1.000000
vt 1.000000 0.000000
vt 0.000000 0.000000
f 5/13/5 1/2/1 4/12/4
vt 1.000000 1.000000
vt 0.000000 0.000000
vt 0.000000 1.000000
f 5/13/5 4/11/4 6/18/6
vt 1.000000 0.000000
vt 1.000000 1.000000
vt 0.000000 1.000000
f 1/1/1 2/5/2 3/9/3
vt 1.000000 0.000000
vt 0.000000 1.000000
vt 0.000000 0.000000
f 1/1/1 3/8/3 4/12/4
vt 0.000000 0.000000
vt 1.000000 0.000000
vt 1.000000 1.000000
f 5/13/5 6/17/6 7/21/7
vt 0.000000 0.000000
vt 1.000000 1.000000
vt 0.000000 1.000000
f 5/13/5 7/20/7 8/24/8
vt 0.000000 0.000000
vt 1.000000 0.000000
vt 1.000000 1.000000
f 1/1/1 4/11/4 6/18/6
vt 0.000000 0.000000
vt 1.000000 1.000000
vt 0.000000 1.000000
f 1/1/1 6/17/6 5/15/5
vt 0.000000 0.000000
vt 1.000000 0.000000
vt 1.000000 1.000000
f 4/10/4 3/8/3 7/21/7
vt 0.000000 0.000000
vt 1.000000 1.000000
vt 0.000000 1.000000
f 4/10/4 7/20/7 6/18/6
vt 0.000000 0.000000
vt 1.000000 0.000000
vt 1.000000 1.000000
f 3/7/3 2/5/2 8/24/8
vt 0.000000 0.000000
vt 1.000000 1.000000
vt 0.000000 1.000000
f 3/7/3 8/23/8 7/21/7
vt 0.000000 0.000000
vt 1.000000 0.000000
vt 1.000000 1.000000
f 2/4/2 1/2/1 5/15/5
vt 0.000000 0.000000
vt 1.000000 1.000000
vt 0.000000 1.000000
f 2/4/2 5/14/5 8/24/8
vt 0.000000 0.000000
vt 1.000000 0.000000
vt 1.000000 1.000000
f 1/1/1 2/5/2 3/9/3
vt 0.000000 0.000000
vt 1.000000 1.000000
vt 0.000000 1.000000
f 1/1/1 3/8/3 4/12/4
vt 0.000000 0.000000
vt 1.000000 0.000000
vt 1.000000 1.000000
f 5/13/5 6/17/6 7/21/7
vt 0.000000 0.000000
vt 1.000000 1.000000
vt 0.000000 1.000000
f 5/13/5 7/20/7 8/24/8
vt 0.000000 0.000000
vt 1.000000 0.000000
vt 1.000000 1.000000
f 1/1/1 4/11/4 6/18/6
vt 0.000000 0.000000
vt 1.000000 1.000000
vt 0.000000 1.000000
f 1/1/1 6/17/6 5/15/5
vt 0.000000 0.000000
vt 1.000000 0.000000
vt 1.000000 1.000000
f 4/10/4 3/8/3 7/21/7
vt 0.000000 0.000000
vt 1.000000 1.000000
vt 0.000000 1.000000
f 4/10/4 7/20/7 6/18/6
vt 0.000000 0.000000
vt 1.000000 0.000000
vt 1.000000 1.000000
f 3/7/3 2/5/2 8/24/8
vt 0.000000 0.000000
vt 1.000000 1.000000
vt 0.000000 1.000000
f 3/7/3 8/23/8 7/21/7
vt 0.000000 0.000000
vt 1.000000 0.000000
vt 1.000000 1.000000
f 2/4/2 1/2/1 5/15/5
vt 0.000000 0.000000
vt 1.000000 1.000000
vt 0.000000 1.000000
f 2/4/2 5/14/5 8/24/8
vt 0.000000 0.000000
vt 1.000000 0.000000
vt 1.000000 1.000000
f 1/1/1 2/5/2 3/9/3
vt 0.000000 0.000000
vt 1.000000 1.000000
vt 0.000000 1.000000
f 1/1/1 3/8/3 4/12/4
vt 0.000000 0.000000
vt 1.000000 0.000000
vt 1.000000 1.000000
f 5/13/5 6/17/6 7/21/7
vt 0.000000 0.000000
vt 1.000000 1.000000
vt 0.000000 1.000000
f 5/13/5 7/20/7 8/24/8
vt 0.000000 0.000000
vt 1.000000 0.000000
vt 1.000000 1.000000
f 1/1/1 4/11/4 6/18/6
vt 0.000000 0.000000
vt 1.000000 1.000000
vt 0.000000 1.000000
f 1/1/1 6/17/6 5/15/5
vt 0.000000 0.000000
vt 1.000000 0.000000
vt 1.000000 1.000000
f 4/10/4 3/8/3 7/21/7
vt 0.000000 0.000000
vt 1.000000 1.000000
vt 0.000000 1.000000
f 4/10/4 7/20/7 6/18/6
vt 0.000000 0.000000
vt 1.000000 0.000000
vt 1.000000 1.000000
f 3/7/3 2/5/2 8/24/8
vt 0.000000 0.000000
vt 1.000000 1.000000
vt 0.000000 1.000000
f 3/7/3 8/23/8 7/21/7
vt 0.000000 0.000000
vt 1.000000 0.000000
vt 1.000000 1.000000
f 2/4/2 1/2/1 5/15/5
vt 0.000000 0.000000
vt 1.000000 1.000000
vt 0.000000 1.000000
f 2/4/2 5/14/5 8/24/8
vt 1.000000 0.000000
vt 1.000000 1.000000
vt 0.000000 1.000000
f 1/1/1 2/5/2 3/9/3
vt 1.000000 0.000000
vt 0.000000 1.000000
vt 0.000000 0.000000
f 1/1/1 3/8/3 4/12/4
vt 0.000000 0.000000
vt 1.000000 0.000000
vt 1.000000 1.000000
f 5/13/5 6/17/6 7/21/7
vt 0.000000 0.000000
vt 1.000000 1.000000
vt 0.000000 1.000000
f 5/13/5 7/20/7 8/24/8
vt 0.000000 0.000000
vt 1.000000 0.000000
vt 1.000000 1.000000
f 1/1/1 4/11/4 6/18/6
vt 0.000000 0.000000
vt 1.000000 1.000000
vt 0.000000 1.000000
f 1/1/1 6/17/6 5/15/5
vt 0.000000 0.000000
vt 1.000000 0.000000
vt 1.000000 1.000000
f 4/10/4 3/8/3 7/21/7
vt 0.000000 0.000000
vt 1.000000 1.000000
vt 0.000000 1.000000
f 4/10/4 7/20/7 6/18/6
vt 0.000000 0.000000
vt 1.000000 0.000000
vt 1.000000 1.000000
f 3/7/3 2/5/2 8/24/8
vt 0.000000 0.000000
vt 1.000000 1.000000
vt 0.000000 1.000000
f 3/7/3 8/23/8 7/21/7
vt 0.000000 0.000000
vt 1.000000 0.000000
vt 1.000000 1.000000
f 2/4/2 1/2/1 5/15/5
vt 0.000000 0.000000
vt 1.000000 1.000000
vt 0.000000 1.000000
f 2/4/2 5/14/5 8/24/8
vt 1.000000 0.000000
vt 1.000000 1.000000
vt 0.000000 1.000000
f 1/1/1 2/5/2 3/9/3
vt 1.000000 0.000000
vt 0.000000 1.000000
vt 0.000000 0.000000
f 1/1/1 3/8/3 4/12/4
vt 0.000000 0.000000
vt 1.000000 0.000000
vt 1.000000 1.000000
f 5/13/5 6/17/6 7/21/7
vt 0.000000 0.000000
vt 1.000000 1.000000
vt 0.000000 1.000000
f 5/13/5 7/20/7 8/24/8
vt 0.000000 0.000000
vt 1.000000 0.000000
vt 1.000000 1.000000
f 1/1/1 4/11/4 6/18/6
vt 0.000000 0.000000
vt 1.000000 1.000000
vt 0.000000 1.000000
f 1/1/1 6/17/6 5/15/5
vt 0.000000 0.000000
vt 1.000000 0.000000
vt 1.000000 1.000000
f 4/10/4 3/8/3 7/21/7
vt 0.000000 0.000000
vt 1.000000 1.000000
vt 0.000000 1.000000
f 4/10/4 7/20/7 6/18/6
vt 0.000000 0.000000
vt 1.000000 0.000000
vt 1.000000 1.000000
f 3/7/3 2/5/2 8/24/8
vt 0.000000 0.000000
vt 1.000000 1.000000
vt 0.000000 1.000000
f 3/7/3 8/23/8 7/21/7
vt 0.000000 0.000000
vt 1.000000 0.000000
vt 1.000000 1.000000
f 2/4/2 1/2/1 5/15/5
vt 0.000000 0.000000
vt 1.000000 1.000000
vt 0.000000 1.000000
f 2/4/2 5/14/5 8/24/8
vt 1.000000 0.000000
vt 1.000000 1.000000
vt 0.000000 1.000000
f 1/1/1 2/5/2 3/9/3
vt 1.000000 0.000000
vt 0.000000 1.000000
vt 0.000000 0.000000
f 1/1/1 3/8/3 4/12/4
vt 0.000000 0.000000
vt 1.000000 0.000000
vt 1.000000 1.000000
f 5/13/5 6/17/6 7/21/7
vt 0.000000 0.000000
vt 1.000000 1.000000
vt 0.000000 1.000000
f 5/13/5 7/20/7 8/24/8
vt 0.000000 0.000000
vt 1.000000 0.000000
vt 1.000000 1.000000
f 1/1/1 4/11/4 6/18/6
vt 0.000000 0.000000
vt 1.000000 1.000000
vt 0.000000 1.000000
f 1/1/1 6/17/6 5/15/5
vt 0.000000 0.000000
vt 1.000000 0.000000
vt 1.000000 1.000000
f 4/10/4 3/8/3 7/21/7
vt 0.000000 0.000000
vt 1.000000 1.000000
vt 0.000000 1.000000
f 4/10/4 7/20/7 6/18/6
vt 0.000000 0.000000
vt 1.000000 0.000000
vt 1.000000 1.000000
f 3/7/3 2/5/2 8/24/8
vt 0.000000 0.000000
vt 1.000000 1.000000
vt 0.000000 1.000000
f 3/7/3 8/23/8 7/21/7
vt 0.000000 0.000000
vt 1.000000 0.000000
vt 1.000000 1.000000
f 2/4/2 1/2/1 5/15/5
vt 0.000000 0.000000
vt 1.000000 1.000000
vt 0.000000 1.000000
f 2/4/2 5/14/5 8/24/8
vt 1.000000 0.000000
vt 0.000000 0.000000
vt 0.000000 1.000000
f 1/1/1 2/5/2 3/9/3
vt 1.000000 0.000000
vt 0.000000 1.000000
vt 1.000000 1.000000
f 1/1/1 3/8/3 4/12/4
vt 0.000000 0.000000
vt 0.000000 1.000000
vt 1.000000 1.000000
f 5/13/5 6/17/6 7/21/7
vt 0.000000 0.000000
vt 1.000000 1.000000
vt 1.000000 0.000000
f 5/13/5 7/20/7 8/24/8
vt 0.000000 0.000000
vt 0.000000 1.000000
vt 1.000000 1.000000
f 1/1/1 5/14/5 8/24/8
vt 0.000000 0.000000
vt 1.000000 1.000000
vt 1.000000 0.000000
f 1/1/1 8/23/8 2/6/2
vt 0.000000 0.000000
vt 0.000000 1.000000
vt 1.000000 1.000000
f 2/4/2 8/23/8 7/21/7
vt 0.000000 0.000000
vt 1.000000 1.000000
vt 1.000000 0.000000
f 2/4/2 7/20/7 3/9/3
vt 1.000000 1.000000
vt 1.000000 0.000000
vt 0.000000 0.000000
f 6/16/6 4/11/4 3/9/3
vt 1.000000 1.000000
vt 0.000000 0.000000
vt 0.000000 1.000000
f 6/16/6 3/8/3 7/21/7
vt 1.000000 1.000000
vt 1.000000 0.000000
vt 0.000000 0.000000
f 5/13/5 1/2/1 4/12/4
vt 1.000000 1.000000
vt 0.000000 0.000000
vt 0.000000 1.000000
f 5/13/5 4/11/4 6/18/6
vt 1.000000 0.000000
vt 1.000000 1.000000
vt 0.000000 1.000000
f 1/1/1 2/5/2 3/9/3
vt 1.000000 0.000000
vt 0.000000 1.000000
vt 0.000000 0.000000
f 1/1/1 3/8/3 4/12/4
vt 0.000000 0.000000
vt 1.000000 0.000000
vt 1.000000 1.000000
f 5/13/5 6/17/6 7/21/7
vt 0.000000 0.000000
vt 1.000000 1.000000
vt 0.000000 1.000000
f 5/13/5 7/20/7 8/24/8
vt 0.000000 0.000000
vt 1.000000 0.000000
vt 1.000000 1.000000
f 1/1/1 4/11/4 6/18/6
vt 0.000000 0.000000
vt 1.000000 1.000000
vt 0.000000 1.000000
f 1/1/1 6/17/6 5/15/5
vt 0.000000 0.000000
vt 1.000000 0.000000
vt 1.000000 1.000000
f 4/10/4 3/8/3 7/21/7
vt 0.000000 0.000000
vt 1.000000 1.000000
vt 0.000000 1.000000
f 4/10/4 7/20/7 6/18/6
vt 0.000000 0.000000
vt 1.000000 0.000000
vt 1.000000 1.000000
f 3/7/3 2/5/2 8/24/8
vt 0.000000 0.000000
vt 1.000000 1.000000
vt 0.000000 1.000000
f 3/7/3 8/23/8 7/21/7
vt 0.000000 0.000000
vt 1.000000 0.000000
vt 1.000000 1.000000
f 2/4/2 1/2/1 5/15/5
vt 0.000000 0.000000
vt 1.000000 1.000000
vt 0.000000 1.000000
f 2/4/2 5/14/5 8/24/8
vt 0.000000 0.000000
vt 1.000000 0.000000
vt 1.000000 1.000000
f 1/1/1 2/5/2 3/9/3
vt 0.000000 0.000000
vt 1.000000 1.000000
vt 0.000000 1.000000
f 1/1/1 3/8/3 4/12/4
vt 0.000000 0.000000
vt 1.000000 0.000000
vt 1.000000 1.000000
f 5/13/5 6/17/6 7/21/7
vt 0.000000 0.000000
vt 1.000000 1.000000
vt 0.000000 1.000000
f 5/13/5 7/20/7 8/24/8
vt 0.000000 0.000000
vt 1.000000 0.000000
vt 1.000000 1.000000
f 1/1/1 4/11/4 6/18/6
vt 0.000000 0.000000
vt 1.000000 1.000000
vt 0.000000 1.000000
f 1/1/1 6/17/6 5/15/5
vt 0.000000 0.000000
vt 1.000000 0.000000
vt 1.000000 1.000000
f 4/10/4 3/8/3 7/21/7
vt 0.000000 0.000000
vt 1.000000 1.000000
vt 0.000000 1.000000
f 4/10/4 7/20/7 6/18/6
vt 0.000000 0.000000
vt 1.000000 0.000000
vt 1.000000 1.000000
f 3/7/3 2/5/2 8/24/8
vt 0.000000 0.000000
vt 1.000000 1.000000
vt 0.000000 1.000000
f 3/7/3 8/23/8 7/21/7
vt 0.000000 0.000000
vt 1.000000 0.000000
vt 1.000000 1.000000
f 2/4/2 1/2/1 5/15/5
vt 0.000000 0.000000
vt 1.000000 1.000000
vt 0.000000 1.000000
f 2/4/2 5/14/5 8/24/8
vt 1.000000 0.000000
vt 1.000000 1.000000
vt 0.000000 1.000000
f 1/1/1 2/5/2 3/9/3
vt 1.000000 0.000000
vt 0.000000 1.000000
vt 0.000000 0.000000
f 1/1/1 3/8/3 4/12/4
vt 0.000000 0.000000
vt 1.000000 0.000000
vt 1.000000 1.000000
f 5/13/5 6/17/6 7/21/7
vt 0.000000 0.000000
vt 1.000000 1.000000
vt 0.000000 1.000000
f 5/13/5 7/20/7 8/24/8
vt 0.000000 0.000000
vt 1.000000 0.000000
vt 1.000000 1.000000
f 1/1/1 4/11/4 6/18/6
vt 0.000000 0.000000
vt 1.000000 1.000000
vt 0.000000 1.000000
f 1/1/1 6/17/6 5/15/5
vt 0.000000 0.000000
vt 1.000000 0.000000
vt 1.000000 1.000000
f 4/10/4 3/8/3 7/21/7
vt 0.000000 0.000000
vt 1.000000 1.000000
vt 0.000000 1.000000
f 4/10/4 7/20/7 6/18/6
vt 0.000000 0.000000
vt 1.000000 0.000000
vt 1.000000 1.000000
f 3/7/3 2/5/2 8/24/8
vt 0.000000 0.000000
vt 1.000000 1.000000
vt 0.000000 1.000000
f 3/7/3 8/23/8 7/21/7
vt 0.000000 0.000000
vt 1.000000 0.000000
vt 1.000000 1.000000
f 2/4/2 1/2/1 5/15/5
vt 0.000000 0.000000
vt 1.000000 1.000000
vt 0.000000 1.000000
f 2/4/2 5/14/5 8/24/8
vt 1.000000 0.000000
vt 1.000000 1.000000
vt 0.000000 1.000000
f 1/1/1 2/5/2 3/9/3
vt 1.000000 0.000000
vt 0.000000 1.000000
vt 0.000000 0.000000
f 1/1/1 3/8/3 4/12/4
vt 0.000000 0.000000
vt 1.000000 0.000000
vt 1.000000 1.000000
f 5/13/5 6/17/6 7/21/7
vt 0.000000 0.000000
vt 1.000000 1.000000
vt 0.000000 1.000000
f 5/13/5 7/20/7 8/24/8
vt 0.000000 0.000000
vt 1.000000 0.000000
vt 1.000000 1.000000
f 1/1/1 4/11/4 6/18/6
vt 0.000000 0.000000
vt 1.000000 1.000000
vt 0.000000 1.000000
f 1/1/1 6/17/6 5/15/5
vt 0.000000 0.000000
vt 1.000000 0.000000
vt 1.000000 1.000000
f 4/10/4 3/8/3 7/21/7
vt 0.000000 0.000000
vt 1.000000 1.000000
vt 0.000000 1.000000
f 4/10/4 7/20/7 6/18/6
vt 0.000000 0.000000
vt 1.000000 0.000000
vt 1.000000 1.000000
f 3/7/3 2/5/2 8/24/8
vt 0.000000 0.000000
vt 1.000000 1.000000
vt 0.000000 1.000000
f 3/7/3 8/23/8 7/21/7
vt 0.000000 0.000000
vt 1.000000 0.000000
vt 1.000000 1.000000
f 2/4/2 1/2/1 5/15/5
vt 0.000000 0.000000
vt 1.000000 1.000000
vt 0.000000 1.000000
f 2/4/2 5/14/5 8/24/8
vt 1.000000 0.000000
vt 1.000000 1.000000
vt 0.000000 1.000000
f 1/1/1 2/5/2 3/9/3
vt 1.000000 0.000000
vt 0.000000 1.000000
vt 0.000000 0.000000
f 1/1/1 3/8/3 4/12/4
vt 0.000000 0.000000
vt 1.000000 0.000000
vt 1.000000 1.000000
f 5/13/5 6/17/6 7/21/7
vt 0.000000 0.000000
vt 1.000000 1.000000
vt 0.000000 1.000000
f 5/13/5 7/20/7 8/24/8
vt 0.000000 0.000000
vt 1.000000 0.000000
vt 1.000000 1.000000
f 1/1/1 4/11/4 6/18/6
vt 0.000000 0.000000
vt 1.000000 1.000000
vt 0.000000 1.000000
f 1/1/1 6/17/6 5/15/5
vt 0.000000 0.000000
vt 1.000000 0.000000
vt 1.000000 1.000000
f 4/10/4 3/8/3 7/21/7
vt 0.000000 0.000000
vt 1.000000 1.000000
vt 0.000000 1.000000
f 4/10/4 7/20/7 6/18/6
vt 0.000000 0.000000
vt 1.000000 0.000000
vt 1.000000 1.000000
f 3/7/3 2/5/2 8/24/8
vt 0.000000 0.000000
vt 1.000000 1.000000
vt 0.000000 1.000000
f 3/7/3 8/23/8 7/21/7
vt 0.000000 0.000000
vt 1.000000 0.000000
vt 1.000000 1.000000
f 2/4/2 1/2/1 5/15/5
vt 0.000000 0.000000
vt 1.000000 1.000000
vt 0.000000 1.000000
f 2/4/2 5/14/5 8/24/8
vt 1.000000 0.000000
vt 1.000000 1.000000
vt 0.000000 1.000000
f 1/1/1 2/5/2 3/9/3
vt 1.000000 0.000000
vt 0.000000 1.000000
vt 0.000000 0.000000
f 1/1/1 3/8/3 4/12/4
vt 0.000000 0.000000
vt 1.000000 0.000000
vt 1.000000 1.000000
f 5/13/5 6/17/6 7/21/7
vt 0.000000 0.000000
vt 1.000000 1.000000
vt 0.000000 1.000000
f 5/13/5 7/20/7 8/24/8
vt 0.000000 0.000000
vt 1.000000 0.000000
vt 1.000000 1.000000
f 1/1/1 4/11/4 6/18/6
vt 0.000000 0.000000
vt 1.000000 1.000000
vt 0.000000 1.000000
f 1/1/1 6/17/6 5/15/5
vt 0.000000 0.000000
vt 1.000000 0.000000
vt 1.000000 1.000000
f 4/10/4 3/8/3 7/21/7
vt 0.000000 0.000000
vt 1.000000 1.000000
vt 0.000000 1.000000
f 4/10/4 7/20/7 6/18/6
vt 0.000000 0.000000
vt 1.000000 0.000000
vt 1.000000 1.000000
f 3/7/3 2/5/2 8/24/8
vt 0.000000 0.000000
vt 1.000000 1.000000
vt 0.000000 1.000000
f 3/7/3 8/23/8 7/21/7
vt 0.000000 0.000000
vt 1.000000 0.000000
vt 1.000000 1.000000
f 2/4/2 1/2/1 5/15/5
vt 0.000000 0.000000
vt 1.000000 1.000000
vt 0.000000 1.000000
f 2/4/2 5/14/5 8/24/8
vt 1.000000 0.000000
vt 1.000000 1.000000
vt 0.000000 1.000000
f 1/1/1 2/5/2 3/9/3
vt 1.000000 0.000000
vt 0.000000 1.000000
vt 0.000000 0.000000
f 1/1/1 3/8/3 4/12/4
vt 0.000000 0.000000
vt 1.000000 0.000000
vt 1.000000 1.000000
f 5/13/5 6/17/6 7/21/7
vt 0.000000 0.000000
vt 1.000000 1.000000
vt 0.000000 1.000000
f 5/13/5 7/20/7 8/24/8
vt 0.000000 0.000000
vt 1.000000 0.000000
vt 1.000000 1.000000
f 1/1/1 4/11/4 6/18/6
vt 0.000000 0.000000
vt 1.000000 1.000000
vt 0.000000 1.000000
f 1/1/1 6/17/6 5/15/5
vt 0.000000 0.000000
vt 1.000000 0.000000
vt 1.000000 1.000000
f 4/10/4 3/8/3 7/21/7
vt 0.000000 0.000000
vt 1.000000 1.000000
vt 0.000000 1.000000
f 4/10/4 7/20/7 6/18/6
vt 0.000000 0.000000
vt 1.000000 0.000000
vt 1.000000 1.000000
f 3/7/3 2/5/2 8/24/8
vt 0.000000 0.000000
vt 1.000000 1.000000
vt 0.000000 1.000000
f 3/7/3 8/23/8 7/21/7
vt 0.000000 0.000000
vt 1.000000 0.000000
vt 1.000000 1.000000
f 2/4/2 1/2/1 5/15/5
vt 0.000000 0.000000
vt 1.000000 1.000000
vt 0.000000 1.000000
f 2/4/2 5/14/5 8/24/8
vt 1.000000 0.000000
vt 1.000000 1.000000
vt 0.000000 1.000000
f 1/1/1 2/5/2 3/9/3
vt 1.000000 0.000000
vt 0.000000 1.000000
vt 0.000000 0.000000
f 1/1/1 3/8/3 4/12/4
vt 0.000000 0.000000
vt 1.000000 0.000000
vt 1.000000 1.000000
f 5/13/5 6/17/6 7/21/7
vt 0.000000 0.000000
vt 1.000000 1.000000
vt 0.000000 1.000000
f 5/13/5 7/20/7 8/24/8
vt 0.000000 0.000000
vt 1.000000 0.000000
vt 1.000000 1.000000
f 1/1/1 4/11/4 6/18/6
vt 0.000000 0.000000
vt 1.000000 1.000000
vt 0.000000 1.000000
f 1/1/1 6/17/6 5/15/5
vt 0.000000 0.000000
vt 1.000000 0.000000
vt 1.000000 1.000000
f 4/10/4 3/8/3 7/21/7
vt 0.000000 0.000000
vt 1.000000 1.000000
vt 0.000000 1.000000
f 4/10/4 7/20/7 6/18/6
vt 0.000000 0.000000
vt 1.000000 0.000000
vt 1.000000 1.000000
f 3/7/3 2/5/2 8/24/8
vt 0.000000 0.000000
vt 1.000000 1.000000
vt 0.000000 1.000000
f 3/7/3 8/23/8 7/21/7
vt 0.000000 0.000000
vt 1.000000 0.000000
vt 1.000000 1.000000
f 2/4/2 1/2/1 5/15/5
vt 0.000000 0.000000
vt 1.000000 1.000000
vt 0.000000 1.000000
f 2/4/2 5/14/5 8/24/8
vt 0.740795 0.119537
vt 0.793368 0.119440
vt 0.790347 0.121775
f 1/1/1 2/5/2 3/9/3
vt 0.740795 0.119537
vt 0.790347 0.121775
vt 0.788474 0.122705
f 1/1/1 3/8/3 4/12/4
vt 0.761389 0.122946
vt 0.788474 0.122705
vt 0.784846 0.122808
f 5/13/5 4/11/4 6/18/6
vt 0.761389 0.122946
vt 0.784846 0.122808
vt 0.778777 0.123004
f 5/13/5 6/17/6 7/21/7
vt 0.788474 0.122705
vt 0.761389 0.122946
vt 0.740795 0.119537
f 4/10/4 5/14/5 1/3/1
vt 0.755423 0.122842
vt 0.740795 0.119537
vt 0.761389 0.122946
f 8/22/8 1/2/1 5/15/5
vt 0.751192 0.122429
vt 0.740795 0.119537
vt 0.755423 0.122842
f 9/25/9 1/2/1 8/24/8
vt 0.793368 0.119440
vt 0.740795 0.119537
vt 0.740809 0.093143
f 2/4/2 1/2/1 10/30/10
vt 0.793368 0.119440
vt 0.740809 0.093143
vt 0.793382 0.093143
f 2/4/2 10/29/10 11/33/11
vt 0.889488 0.093195
vt 0.947080 0.093195
vt 0.947080 0.118460
f 12/34/12 13/38/13 14/42/14
vt 0.889488 0.093195
vt 0.947080 0.118460
vt 0.889455 0.120196
f 12/34/12 14/41/14 15/45/15
vt 0.889455 0.120196
vt 0.947080 0.118460
vt 0.943473 0.121094
f 15/43/15 14/41/14 16/48/16
vt 0.889455 0.120196
vt 0.943473 0.121094
vt 0.906299 0.122873
f 15/43/15 16/47/16 17/51/17
vt 0.906299 0.122873
vt 0.943473 0.121094
vt 0.938774 0.121863
f 17/49/17 16/47/16 18/54/18
vt 0.906299 0.122873
vt 0.938774 0.121863
vt 0.910240 0.122664
f 17/49/17 18/53/18 19/57/19
vt 0.910240 0.122664
vt 0.938774 0.121863
vt 0.931374 0.122375
f 19/55/19 18/53/18 20/60/20
vt 0.910240 0.122664
vt 0.931374 0.122375
vt 0.915854 0.122767
f 19/55/19 20/59/20 21/63/21
vt 0.740795 0.119537
vt 0.790347 0.121775
vt 0.793368 0.119440
f 22/64/22 23/68/23 24/72/24
vt 0.740795 0.119537
vt 0.788474 0.122705
vt 0.790347 0.121775
f 22/64/22 25/74/25 23/69/23
vt 0.761389 0.122946
vt 0.784846 0.122808
vt 0.788474 0.122705
f 26/76/26 27/80/27 25/75/25
vt 0.761389 0.122946
vt 0.778777 0.123004
vt 0.784846 0.122808
f 26/76/26 28/83/28 27/81/27
vt 0.788474 0.122705
vt 0.740795 0.119537
vt 0.761389 0.122946
f 25/73/25 22/65/22 26/78/26
vt 0.755423 0.122842
vt 0.761389 0.122946
vt 0.740795 0.119537
f 29/85/29 26/77/26 22/66/22
vt 0.751192 0.122429
vt 0.755423 0.122842
vt 0.740795 0.119537
f 30/88/30 29/86/29 22/66/22
vt 0.793368 0.119440
vt 0.793382 0.093143
vt 0.740809 0.093143
f 24/70/24 31/92/31 32/96/32
vt 0.793368 0.119440
vt 0.740809 0.093143
vt 0.740795 0.119537
f 24/70/24 32/95/32 22/66/22
vt 0.947080 0.118460
vt 0.947080 0.093195
vt 0.889488 0.093195
f 33/97/33 34/101/34 35/105/35
vt 0.947080 0.118460
vt 0.889488 0.093195
vt 0.889455 0.120196
f 33/97/33 35/104/35 36/108/36
vt 0.943473 0.121094
vt 0.947080 0.118460
vt 0.889455 0.120196
f 37/109/37 33/98/33 36/108/36
vt 0.943473 0.121094
vt 0.889455 0.120196
vt 0.906299 0.122873
f 37/109/37 36/107/36 38/114/38
vt 0.938774 0.121863
vt 0.943473 0.121094
vt 0.906299 0.122873
f 39/115/39 37/110/37 38/114/38
vt 0.938774 0.121863
vt 0.906299 0.122873
vt 0.910240 0.122664
f 39/115/39 38/113/38 40/120/40
vt 0.931374 0.122375
vt 0.938774 0.121863
vt 0.910240 0.122664
f 41/121/41 39/116/39 40/120/40
vt 0.931374 0.122375
vt 0.910240 0.122664
vt 0.915854 0.122767
f 41/121/41 40/119/40 42/126/42
vt 0.889455 0.120196
vt 0.889488 0.093195
vt 0.903729 0.093195
f 1/1/1 2/5/2 3/9/3
vt 0.889455 0.120196
vt 0.903729 0.093195
vt 0.906299 0.122873
f 1/1/1 3/8/3 4/12/4
vt 0.793382 0.093195
vt 0.793368 0.119492
vt 0.790347 0.121827
f 5/13/5 6/17/6 7/21/7
vt 0.793368 0.119492
vt 0.793382 0.093195
vt 0.793382 0.093195
f 6/16/6 5/14/5 8/24/8
vt 0.793382 0.093195
vt 0.790347 0.121827
vt 0.788474 0.122757
f 5/13/5 7/20/7 9/27/9
vt 0.793382 0.093195
vt 0.788474 0.122757
vt 0.784846 0.122860
f 5/13/5 9/26/9 10/30/10
vt 0.793382 0.093195
vt 0.784846 0.122860
vt 0.778777 0.123056
f 5/13/5 10/29/10 11/33/11
vt 0.793382 0.093195
vt 0.778777 0.123056
vt 0.761389 0.122998
f 5/13/5 11/32/11 12/36/12
vt 0.793382 0.093195
vt 0.761389 0.122998
vt 0.740809 0.093195
f 5/13/5 12/35/12 13/39/13
vt 0.740809 0.093195
vt 0.761389 0.122998
vt 0.755423 0.122894
f 13/37/13 12/35/12 14/42/14
vt 0.740809 0.093195
vt 0.755423 0.122894
vt 0.751192 0.122481
f 13/37/13 14/41/14 15/45/15
vt 0.740809 0.093195
vt 0.751192 0.122481
vt 0.740795 0.119589
f 13/37/13 15/44/15 16/48/16
vt 0.740795 0.119589
vt 0.740809 0.093195
vt 0.740809 0.093195
f 16/46/16 17/50/17 13/39/13
vt 0.903729 0.093195
vt 0.910240 0.122664
vt 0.906299 0.122873
f 3/7/3 18/53/18 4/12/4
vt 0.903729 0.093195
vt 0.915854 0.122767
vt 0.910240 0.122664
f 3/7/3 19/56/19 18/54/18
vt 0.915854 0.122767
vt 0.903729 0.093195
vt 0.943505 0.093195
f 19/55/19 3/8/3 20/60/20
vt 0.915854 0.122767
vt 0.943505 0.093195
vt 0.931374 0.122375
f 19/55/19 20/59/20 21/63/21
vt 0.943505 0.093195
vt 0.938774 0.121863
vt 0.931374 0.122375
f 20/58/20 22/65/22 21/63/21
vt 0.943505 0.093195
vt 0.943473 0.121094
vt 0.938774 0.121863
f 20/58/20 23/68/23 22/66/22
vt 0.943473 0.121094
vt 0.943505 0.093195
vt 0.947080 0.093195
f 23/67/23 20/59/20 24/72/24
vt 0.943473 0.121094
vt 0.947080 0.093195
vt 0.947080 0.118460
f 23/67/23 24/71/24 25/75/25
vt 0.943505 0.093195
vt 0.903729 0.093195
vt 0.889488 0.093195
f 20/58/20 3/8/3 2/6/2
vt 0.943505 0.093195
vt 0.889488 0.093195
vt 0.947080 0.093195
f 20/58/20 2/5/2 24/72/24
vt 0.793382 0.093195
vt 0.740809 0.093195
vt 0.740809 0.093195
f 5/13/5 13/38/13 17/51/17
vt 0.793382 0.093195
vt 0.740809 0.093195
vt 0.793382 0.093195
f 5/13/5 17/50/17 8/24/8
vt 0.889455 0.120196
vt 0.906299 0.122873
vt 0.903729 0.093195
f 26/76/26 27/80/27 28/84/28
vt 0.889455 0.120196
vt 0.903729 0.093195
vt 0.889488 0.093195
f 26/76/26 28/83/28 29/87/29
vt 0.793382 0.093195
vt 0.790347 0.121827
vt 0.793368 0.119492
f 30/88/30 31/92/31 32/96/32
vt 0.793368 0.119492
vt 0.793382 0.093195
vt 0.793382 0.093195
f 32/94/32 33/98/33 30/90/30
vt 0.793382 0.093195
vt 0.788474 0.122757
vt 0.790347 0.121827
f 30/88/30 34/101/34 31/93/31
vt 0.793382 0.093195
vt 0.784846 0.122860
vt 0.788474 0.122757
f 30/88/30 35/104/35 34/102/34
vt 0.793382 0.093195
vt 0.778777 0.123056
vt 0.784846 0.122860
f 30/88/30 36/107/36 35/105/35
vt 0.761389 0.122998
vt 0.778777 0.123056
vt 0.793382 0.093195
f 37/109/37 36/107/36 30/90/30
vt 0.761389 0.122998
vt 0.793382 0.093195
vt 0.740809 0.093195
f 37/109/37 30/89/30 38/114/38
vt 0.740809 0.093195
vt 0.755423 0.122894
vt 0.761389 0.122998
f 38/112/38 39/116/39 37/111/37
vt 0.740809 0.093195
vt 0.751192 0.122481
vt 0.755423 0.122894
f 38/112/38 40/119/40 39/117/39
vt 0.740809 0.093195
vt 0.740795 0.119589
vt 0.751192 0.122481
f 38/112/38 41/122/41 40/120/40
vt 0.740795 0.119589
vt 0.740809 0.093195
vt 0.740809 0.093195
f 41/121/41 38/113/38 42/126/42
vt 0.903729 0.093195
vt 0.906299 0.122873
vt 0.910240 0.122664
f 28/82/28 27/80/27 43/129/43
vt 0.903729 0.093195
vt 0.910240 0.122664
vt 0.915854 0.122767
f 28/82/28 43/128/43 44/132/44
vt 0.915854 0.122767
vt 0.931374 0.122375
vt 0.943505 0.093195
f 44/130/44 45/134/45 46/138/46
vt 0.915854 0.122767
vt 0.943505 0.093195
vt 0.903729 0.093195
f 44/130/44 46/137/46 28/84/28
vt 0.943505 0.093195
vt 0.931374 0.122375
vt 0.938774 0.121863
f 46/136/46 45/134/45 47/141/47
vt 0.943505 0.093195
vt 0.938774 0.121863
vt 0.943473 0.121094
f 46/136/46 47/140/47 48/144/48
vt 0.943473 0.121094
vt 0.947080 0.118460
vt 0.947080 0.093195
f 48/142/48 49/146/49 50/150/50
vt 0.943473 0.121094
vt 0.947080 0.093195
vt 0.943505 0.093195
f 48/142/48 50/149/50 46/138/46
vt 0.889488 0.093195
vt 0.903729 0.093195
vt 0.943505 0.093195
f 29/85/29 28/83/28 46/138/46
vt 0.889488 0.093195
vt 0.943505 0.093195
vt 0.947080 0.093195
f 29/85/29 46/137/46 50/150/50
vt 0.793382 0.093195
vt 0.793382 0.093195
vt 0.740809 0.093195
f 30/88/30 33/98/33 42/126/42
vt 0.793382 0.093195
vt 0.740809 0.093195
vt 0.740809 0.093195
f 30/88/30 42/125/42 38/114/38
vt 0.647604 0.181694
vt 0.647604 0.181956
vt 0.645551 0.181956
f 1/1/1 2/5/2 3/9/3
vt 0.647604 0.181694
vt 0.645551 0.181956
vt 0.645551 0.181694
f 1/1/1 3/8/3 4/12/4
vt 0.649956 0.190584
vt 0.648168 0.190584
vt 0.648168 0.192207
f 5/13/5 6/17/6 7/21/7
vt 0.649956 0.190584
vt 0.648168 0.192207
vt 0.649956 0.192207
f 5/13/5 7/20/7 8/24/8
vt 0.650513 0.190725
vt 0.648788 0.190725
vt 0.648788 0.191720
f 9/25/9 10/29/10 11/33/11
vt 0.650513 0.190725
vt 0.648788 0.191720
vt 0.650513 0.191720
f 9/25/9 11/32/11 12/36/12
vt 0.648788 0.190725
vt 0.648788 0.192609
vt 0.648788 0.193458
f 10/28/10 13/38/13 14/42/14
vt 0.648788 0.190725
vt 0.648788 0.193458
vt 0.648788 0.191720
f 10/28/10 14/41/14 11/33/11
vt 0.648788 0.192609
vt 0.650513 0.192609
vt 0.650513 0.193458
f 13/37/13 15/44/15 16/48/16
vt 0.648788 0.192609
vt 0.650513 0.193458
vt 0.648788 0.193458
f 13/37/13 16/47/16 14/42/14
vt 0.650513 0.193458
vt 0.650513 0.191720
vt 0.649956 0.190584
f 16/46/16 12/35/12 5/15/5
vt 0.650513 0.193458
vt 0.649956 0.190584
vt 0.649956 0.192207
f 16/46/16 5/14/5 8/24/8
vt 0.650513 0.191720
vt 0.648788 0.191720
vt 0.648168 0.190584
f 12/34/12 11/32/11 6/18/6
vt 0.650513 0.191720
vt 0.648168 0.190584
vt 0.649956 0.190584
f 12/34/12 6/17/6 5/15/5
vt 0.648788 0.191720
vt 0.648788 0.193458
vt 0.648168 0.192207
f 11/31/11 14/41/14 7/21/7
vt 0.648788 0.191720
vt 0.648168 0.192207
vt 0.648168 0.190584
f 11/31/11 7/20/7 6/18/6
vt 0.648788 0.193458
vt 0.650513 0.193458
vt 0.649956 0.192207
f 14/40/14 16/47/16 8/24/8
vt 0.648788 0.193458
vt 0.649956 0.192207
vt 0.648168 0.192207
f 14/40/14 8/23/8 7/21/7
vt 0.650513 0.190725
vt 0.650513 0.192609
vt 0.647604 0.181956
f 9/25/9 15/44/15 2/6/2
vt 0.650513 0.190725
vt 0.647604 0.181956
vt 0.647604 0.181694
f 9/25/9 2/5/2 1/3/1
vt 0.650513 0.192609
vt 0.648788 0.192609
vt 0.645551 0.181956
f 15/43/15 13/38/13 3/9/3
vt 0.650513 0.192609
vt 0.645551 0.181956
vt 0.647604 0.181956
f 15/43/15 3/8/3 2/6/2
vt 0.648788 0.192609
vt 0.648788 0.190725
vt 0.645551 0.181694
f 13/37/13 10/29/10 4/12/4
vt 0.648788 0.192609
vt 0.645551 0.181694
vt 0.645551 0.181956
f 13/37/13 4/11/4 3/9/3
vt 0.648788 0.190725
vt 0.650513 0.190725
vt 0.647604 0.181694
f 10/28/10 9/26/9 1/3/1
vt 0.648788 0.190725
vt 0.647604 0.181694
vt 0.645551 0.181694
f 10/28/10 1/2/1 4/12/4
vt 0.647604 0.181694
vt 0.645551 0.181694
vt 0.645551 0.181956
f 17/49/17 18/53/18 19/57/19
vt 0.647604 0.181694
vt 0.645551 0.181956
vt 0.647604 0.181956
f 17/49/17 19/56/19 20/60/20
vt 0.649956 0.190584
vt 0.649956 0.192207
vt 0.648168 0.192207
f 21/61/21 22/65/22 23/69/23
vt 0.649956 0.190584
vt 0.648168 0.192207
vt 0.648168 0.190584
f 21/61/21 23/68/23 24/72/24
vt 0.650513 0.190725
vt 0.650513 0.191720
vt 0.648788 0.191720
f 25/73/25 26/77/26 27/81/27
vt 0.650513 0.190725
vt 0.648788 0.191720
vt 0.648788 0.190725
f 25/73/25 27/80/27 28/84/28
vt 0.648788 0.190725
vt 0.648788 0.191720
vt 0.648788 0.193458
f 28/82/28 27/80/27 29/87/29
vt 0.648788 0.190725
vt 0.648788 0.193458
vt 0.648788 0.192609
f 28/82/28 29/86/29 30/90/30
vt 0.650513 0.193458
vt 0.650513 0.192609
vt 0.648788 0.192609
f 31/91/31 32/95/32 30/90/30
vt 0.650513 0.193458
vt 0.648788 0.192609
vt 0.648788 0.193458
f 31/91/31 30/89/30 29/87/29
vt 0.649956 0.190584
vt 0.650513 0.191720
vt 0.650513 0.193458
f 21/61/21 26/77/26 31/93/31
vt 0.649956 0.190584
vt 0.650513 0.193458
vt 0.649956 0.192207
f 21/61/21 31/92/31 22/66/22
vt 0.650513 0.191720
vt 0.649956 0.190584
vt 0.648168 0.190584
f 26/76/26 21/62/21 24/72/24
vt 0.650513 0.191720
vt 0.648168 0.190584
vt 0.648788 0.191720
f 26/76/26 24/71/24 27/81/27
vt 0.648788 0.191720
vt 0.648168 0.190584
vt 0.648168 0.192207
f 27/79/27 24/71/24 23/69/23
vt 0.648788 0.191720
vt 0.648168 0.192207
vt 0.648788 0.193458
f 27/79/27 23/68/23 29/87/29
vt 0.649956 0.192207
vt 0.650513 0.193458
vt 0.648788 0.193458
f 22/64/22 31/92/31 29/87/29
vt 0.649956 0.192207
vt 0.648788 0.193458
vt 0.648168 0.192207
f 22/64/22 29/86/29 23/69/23
vt 0.650513 0.190725
vt 0.647604 0.181694
vt 0.647604 0.181956
f 25/73/25 17/50/17 20/60/20
vt 0.650513 0.190725
vt 0.647604 0.181956
vt 0.650513 0.192609
f 25/73/25 20/59/20 32/96/32
vt 0.650513 0.192609
vt 0.647604 0.181956
vt 0.645551 0.181956
f 32/94/32 20/59/20 19/57/19
vt 0.650513 0.192609
vt 0.645551 0.181956
vt 0.648788 0.192609
f 32/94/32 19/56/19 30/90/30
vt 0.645551 0.181694
vt 0.648788 0.190725
vt 0.648788 0.192609
f 18/52/18 28/83/28 30/90/30
vt 0.645551 0.181694
vt 0.648788 0.192609
vt 0.645551 0.181956
f 18/52/18 30/89/30 19/57/19
vt 0.647604 0.181694
vt 0.650513 0.190725
vt 0.648788 0.190725
f 17/49/17 25/74/25 28/84/28
vt 0.647604 0.181694
vt 0.648788 0.190725
vt 0.645551 0.181694
f 17/49/17 28/83/28 18/54/18
vt 0.650513 0.190725
vt 0.650513 0.191720
vt 0.650513 0.191720
f 9/25/9 12/35/12 26/78/26
vt 0.650513 0.190725
vt 0.650513 0.191720
vt 0.650513 0.190725
f 9/25/9 26/77/26 25/75/25
vt 0.650513 0.193458
vt 0.650513 0.192609
vt 0.650513 0.192609
f 16/46/16 15/44/15 32/96/32
vt 0.650513 0.193458
vt 0.650513 0.192609
vt 0.650513 0.193458
f 16/46/16 32/95/32 31/93/31
vt 0.650513 0.191720
vt 0.650513 0.193458
vt 0.650513 0.193458
f 12/34/12 16/47/16 31/93/31
vt 0.650513 0.191720
vt 0.650513 0.193458
vt 0.650513 0.191720
f 12/34/12 31/92/31 26/78/26
vt 0.650513 0.192609
vt 0.650513 0.190725
vt 0.650513 0.190725
f 15/43/15 9/26/9 25/75/25
vt 0.650513 0.192609
vt 0.650513 0.190725
vt 0.650513 0.192609
f 15/43/15 25/74/25 32/96/32
vt 0.859375 0.343750
vt 1.000000 0.343750
vt 1.000000 0.207031
f 1/1/1 2/5/2 3/9/3
vt 0.859375 0.343750
vt 1.000000 0.207031
vt 0.859375 0.207031
f 1/1/1 3/8/3 4/12/4
vt 1.000000 0.000000
vt 1.000000 1.000000
vt 0.000000 1.000000
f 1/1/1 2/5/2 3/9/3
vt 1.000000 0.000000
vt 0.000000 1.000000
vt 0.000000 0.000000
f 1/1/1 3/8/3 4/12/4
vt 0.000000 0.000000
vt 1.000000 0.000000
vt 1.000000 1.000000
f 5/13/5 6/17/6 7/21/7
vt 0.000000 0.000000
vt 1.000000 1.000000
vt 0.000000 1.000000
f 5/13/5 7/20/7 8/24/8
vt 0.000000 0.000000
vt 1.000000 0.000000
vt 1.000000 1.000000
f 1/1/1 4/11/4 6/18/6
vt 0.000000 0.000000
vt 1.000000 1.000000
vt 0.000000 1.000000
f 1/1/1 6/17/6 5/15/5
vt 0.000000 0.000000
vt 1.000000 0.000000
vt 1.000000 1.000000
f 4/10/4 3/8/3 7/21/7
vt 0.000000 0.000000
vt 1.000000 1.000000
vt 0.000000 1.000000
f 4/10/4 7/20/7 6/18/6
vt 0.000000 0.000000
vt 1.000000 0.000000
vt 1.000000 1.000000
f 3/7/3 2/5/2 8/24/8
vt 0.000000 0.000000
vt 1.000000 1.000000
vt 0.000000 1.000000
f 3/7/3 8/23/8 7/21/7
vt 0.000000 0.000000
vt 1.000000 0.000000
vt 1.000000 1.000000
f 2/4/2 1/2/1 5/15/5
vt 0.000000 0.000000
vt 1.000000 1.000000
vt 0.000000 1.000000
f 2/4/2 5/14/5 8/24/8
vt 1.000000 0.000000
vt 1.000000 1.000000
vt 0.000000 1.000000
f 1/1/1 2/5/2 3/9/3
vt 1.000000 0.000000
vt 0.000000 1.000000
vt 0.000000 0.000000
f 1/1/1 3/8/3 4/12/4
vt 0.000000 0.000000
vt 1.000000 0.000000
vt 1.000000 1.000000
f 5/13/5 6/17/6 7/21/7
vt 0.000000 0.000000
vt 1.000000 1.000000
vt 0.000000 1.000000
f 5/13/5 7/20/7 8/24/8
vt 0.000000 0.000000
vt 1.000000 0.000000
vt 1.000000 1.000000
f 1/1/1 4/11/4 6/18/6
vt 0.000000 0.000000
vt 1.000000 1.000000
vt 0.000000 1.000000
f 1/1/1 6/17/6 5/15/5
vt 0.000000 0.000000
vt 1.000000 0.000000
vt 1.000000 1.000000
f 4/10/4 3/8/3 7/21/7
vt 0.000000 0.000000
vt 1.000000 1.000000
vt 0.000000 1.000000
f 4/10/4 7/20/7 6/18/6
vt 0.000000 0.000000
vt 1.000000 0.000000
vt 1.000000 1.000000
f 3/7/3 2/5/2 8/24/8
vt 0.000000 0.000000
vt 1.000000 1.000000
vt 0.000000 1.000000
f 3/7/3 8/23/8 7/21/7
vt 0.000000 0.000000
vt 1.000000 0.000000
vt 1.000000 1.000000
f 2/4/2 1/2/1 5/15/5
vt 0.000000 0.000000
vt 1.000000 1.000000
vt 0.000000 1.000000
f 2/4/2 5/14/5 8/24/8
