# FCE4M to OBJ - Motor City Online
# NumVertices: 1091
# NumTriangles: 2061
# NumParts: 41
# HalfSize: (1.0791, 0.5170, 2.6037)

o MCity_Car

# Vertices
v 0.199052 -0.191746 -0.058623
v 0.199052 0.191746 0.058623
v -0.199052 0.191746 0.058623
v -0.199052 -0.191746 -0.058623
v -0.003614 -0.062824 0.125646
v 0.148053 -0.064905 0.364102
v 0.140162 -0.015415 0.403801
v 0.100420 -0.008356 0.831886
v 0.148053 -0.081210 0.870648
v -0.107649 -0.008356 0.831886
v -0.155282 -0.081210 0.870648
v -0.147390 -0.004163 0.403899
v -0.155282 -0.064905 0.364102
v 0.160240 0.011535 0.888121
v -0.167469 0.011535 0.888121
v 0.130340 0.085635 0.888768
v 0.130340 0.054709 0.413832
v -0.003614 0.108139 0.888964
v -0.137569 0.085635 0.888768
v -0.137569 0.054709 0.413832
v -0.003614 0.112521 0.380050
v -0.003614 0.135684 0.634729
v -0.070591 0.049475 0.232585
v -0.003614 0.043130 0.178703
v 0.063363 0.049475 0.232585
v -0.003614 -0.021187 0.147426
v -0.006287 -0.075372 0.763098
v -0.182457 -0.079522 0.692483
v -0.156194 0.021070 0.669257
v -0.006287 0.020545 0.729345
v -0.182457 -0.062666 0.125532
v -0.156194 0.025403 0.172656
v 0.169884 -0.062666 0.125532
v 0.143620 0.025403 0.172656
v 0.169884 -0.079522 0.692483
v 0.143620 0.021070 0.669257
v -0.006287 0.021107 0.911278
v -0.156194 0.021107 0.911278
v -0.156194 0.085101 0.911836
v -0.006287 0.085101 0.911836
v -0.156194 0.089398 0.173215
v -0.156194 0.085064 0.669815
v 0.143620 0.089398 0.173215
v 0.143620 0.085064 0.669816
v 0.143620 0.021107 0.911278
v 0.143620 0.085101 0.911836
v -0.006287 0.085752 0.590960
v -0.006287 0.084540 0.729904
v -0.829843 0.355153 0.438408
v -0.918530 0.492017 0.418397
v -0.829844 0.355153 0.490747
v -0.918398 0.492011 0.354049
v -0.953718 0.546612 0.354049
v -0.985898 0.492011 0.354049
v -0.884691 0.546612 0.354049
v -0.851380 0.492011 0.354049
v -0.884691 0.437410 0.354049
v -0.953718 0.437410 0.354049
v -0.890405 0.491660 0.393401
v -0.815614 0.411494 0.438408
v -0.815614 0.411494 0.490747
v -0.142115 -0.637934 -1.430750
v -0.039328 -0.652579 -1.246059
v -0.075071 -0.719960 -1.446685
v -0.142115 -0.613105 -1.428796
v -0.039328 -0.627641 -1.244096
v -0.075071 -0.651164 -1.505054
v -0.075071 -0.607374 -1.501608
v 0.042841 -0.652579 -1.246059
v 0.078584 -0.719960 -1.446685
v 0.042841 -0.627641 -1.244096
v 0.078584 -0.651164 -1.505054
v 0.078584 -0.607374 -1.501608
v 0.145627 -0.637934 -1.430750
v 0.145628 -0.613105 -1.428796
v -0.670517 0.229320 -0.469262
v 0.000055 0.302918 -0.463182
v -0.784154 0.310278 -0.464014
v -0.772668 0.305607 -2.484107
v -0.673593 0.204059 -2.452657
v -0.650049 -0.208275 -0.492725
v -0.662070 -0.222651 -2.414015
v -0.850620 0.327184 -0.211387
v -0.895934 0.239393 -0.219582
v -0.867654 0.229486 -0.400842
v -0.806310 0.317844 -0.412650
v -0.800300 0.216301 -0.424068
v -0.874314 -0.595354 -0.377206
v -0.771013 -0.571898 -0.420800
v -0.954874 -0.622111 -0.875548
v -0.783690 -0.566638 -0.815619
v -0.816355 -0.226486 -0.815275
v -0.969543 -0.228227 -0.875245
v -0.985854 -0.675080 -1.016214
v -1.025588 -0.228742 -1.037468
v -1.022902 -0.138005 -1.141583
v -0.957578 -0.016237 -0.990897
v -0.817899 -0.019332 -0.872746
v -1.007779 -0.138372 -1.671812
v -0.924478 0.002585 -1.918085
v -0.962596 0.049105 -1.206377
v -0.787513 0.050107 -1.990768
v -0.804664 0.114803 -1.209481
v -0.805079 0.076741 -0.997386
v -0.995699 -0.214483 -1.800217
v -0.908905 -0.141237 -2.084431
v -0.893667 -0.286178 -2.127730
v -0.987636 -0.349756 -1.858478
v -0.965645 -0.578505 -1.892355
v -0.870801 -0.585768 -2.147168
v -0.780668 -0.134774 -2.169685
v -0.772828 -0.288841 -2.199800
v -0.891287 -0.596359 -0.223220
v -0.851650 0.324552 0.501441
v -0.895047 0.232847 0.615845
v -0.888286 -0.596370 0.735508
v -0.827544 0.358349 0.792417
v -0.827077 0.276197 1.118050
v -0.728271 0.375043 0.945149
v -0.729135 0.342204 1.134052
v -0.902758 0.036255 0.926681
v -0.892100 0.076961 1.128700
v -0.912944 -0.120532 0.818877
v -0.978549 -0.667664 0.771296
v -1.003399 -0.136141 0.865191
v -1.016177 -0.687706 0.843803
v -1.038947 -0.174326 0.921085
v -1.060682 -0.262525 1.067172
v -1.043917 -0.695140 0.984843
v -1.026914 -0.025348 1.032350
v -1.062149 -0.185586 1.166630
v -0.994428 -0.001022 0.956908
v -0.986494 0.032346 1.019458
v -1.012365 0.014703 1.746478
v -1.057120 -0.177979 1.738242
v -0.958772 0.071685 1.745778
v -0.822377 0.093308 1.677131
v -0.518572 0.393479 1.050611
v -0.528247 0.375375 1.177698
v 0.000055 0.398619 1.090510
v 0.000055 0.389740 1.211140
v -0.705781 0.091109 2.122988
v -0.787753 0.107708 1.665821
v -0.702352 0.124611 1.893387
v -0.623191 0.125500 2.084465
v -0.526404 0.112796 2.201024
v -0.644373 0.005473 2.325397
v -0.884280 0.053335 2.123706
v -0.795493 -0.038791 2.304531
v -0.951242 -0.045557 2.160105
v -1.057110 -0.258859 1.835051
v -0.986583 -0.218942 2.164635
v -0.888407 -0.215696 2.269466
v -0.986727 -0.464142 2.159905
v -0.970174 -0.646799 2.136045
v -1.046329 -0.460405 1.866153
v -1.028315 -0.647818 1.876323
v -0.872001 -0.654460 2.236748
v -0.889678 -0.446290 2.259634
v -0.712737 -0.461039 2.305655
v -0.752541 -0.323892 2.269277
v -0.716258 -0.312224 2.339284
v -0.609764 -0.299156 2.353353
v -0.625848 -0.468243 2.333806
v -0.776707 -0.217373 2.342704
v -0.808285 -0.215730 2.286452
v -0.759242 -0.100774 2.296869
v -0.641293 -0.080098 2.301981
v -0.737239 -0.125274 2.348502
v -0.639146 -0.108407 2.355298
v -0.539310 -0.113193 2.290013
v -0.381448 0.095377 2.276569
v 0.000055 0.013313 2.360718
v 0.000024 -0.105361 2.323567
v -0.090697 -0.195639 2.374067
v -0.562895 -0.194820 2.355485
v 0.000055 -0.233037 2.396787
v 0.000024 -0.306728 2.357459
v -0.552386 -0.308082 2.310683
v 0.000055 -0.479223 2.365848
v -0.436719 -0.679160 2.493809
v -0.436443 -0.511570 2.523147
v 0.000055 -0.679964 2.501039
v 0.000055 -0.512287 2.529695
v -0.914764 -0.672879 2.437441
v -0.906876 -0.503495 2.451009
v -0.921845 -0.500082 2.388075
v -0.930405 -0.668548 2.380903
v -0.429515 -0.543117 2.350709
v -0.364637 -0.540479 2.507665
v -0.525868 -0.539518 2.491457
v -0.498381 -0.539167 2.349444
v 0.000055 0.062260 2.335579
v 0.000055 -0.666866 2.365848
v -0.625848 -0.667842 2.333806
v -0.713038 -0.662774 2.305655
v -0.731402 0.204059 -2.452657
v -0.719879 -0.222651 -2.414015
v -0.759577 -0.398059 -2.194767
v -0.772828 -0.581555 -2.199800
v -0.662180 -0.398059 -2.414015
v -0.525868 -0.556169 2.491457
v -0.498381 -0.555818 2.349443
v -0.429514 -0.555669 2.350709
v -0.364637 -0.553031 2.507665
v -0.436443 -0.431104 -2.491020
v -0.436718 -0.598694 -2.461682
v 0.000055 -0.599499 -2.468912
v 0.000055 -0.431821 -2.497567
v -0.906876 -0.423029 -2.418881
v -0.914764 -0.592413 -2.405313
v -0.921845 -0.419616 -2.355947
v -0.930404 -0.588082 -2.348775
v -0.429514 -0.462651 -2.187657
v -0.498381 -0.479839 -2.186392
v -0.525868 -0.480191 -2.459330
v -0.364636 -0.460013 -2.475538
v -0.525868 -0.496842 -2.459330
v -0.498381 -0.496491 -2.186392
v -0.429514 -0.475203 -2.187657
v -0.364636 -0.472565 -2.475538
v -0.662070 -0.222651 -2.452273
v -0.673593 0.204059 -2.490915
v 0.000055 -0.222651 -2.452273
v 0.000055 0.204059 -2.490915
v 0.000055 0.204059 -2.452657
v 0.670628 0.229320 -0.469262
v 0.784265 0.310278 -0.464014
v 0.673703 0.204059 -2.452657
v 0.772779 0.305607 -2.484107
v 0.650159 -0.208275 -0.492725
v 0.662181 -0.222651 -2.414015
v 0.850731 0.327184 -0.211387
v 0.806421 0.317844 -0.412650
v 0.867765 0.229486 -0.400842
v 0.896045 0.239393 -0.219582
v 0.800411 0.216301 -0.424068
v 0.771124 -0.571898 -0.420800
v 0.874425 -0.595354 -0.377206
v 0.783801 -0.566638 -0.815619
v 0.954984 -0.622111 -0.875549
v 0.816466 -0.226486 -0.815275
v 0.969654 -0.228227 -0.875245
v 1.025699 -0.228742 -1.037468
v 0.985965 -0.675080 -1.016214
v 1.023012 -0.138005 -1.141583
v 0.957689 -0.016237 -0.990897
v 0.818010 -0.019332 -0.872746
v 1.007889 -0.138372 -1.671812
v 0.962707 0.049105 -1.206377
v 0.924589 0.002585 -1.918085
v 0.804775 0.114803 -1.209481
v 0.787624 0.050107 -1.990769
v 0.805190 0.076741 -0.997386
v 0.995810 -0.214483 -1.800217
v 0.909016 -0.141237 -2.084431
v 0.965756 -0.578505 -1.892355
v 0.987747 -0.349756 -1.858478
v 0.893778 -0.286178 -2.127730
v 0.870912 -0.585768 -2.147168
v 0.780779 -0.134775 -2.169685
v 0.772938 -0.288841 -2.199800
v 0.891398 -0.596359 -0.223220
v 0.851760 0.324552 0.501441
v 0.895158 0.232847 0.615845
v 0.888396 -0.596370 0.735508
v 0.827655 0.358349 0.792417
v 0.827188 0.276197 1.118050
v 0.728382 0.375043 0.945149
v 0.729246 0.342204 1.134052
v 0.902869 0.036255 0.926681
v 0.892211 0.076961 1.128700
v 0.913055 -0.120532 0.818877
v 0.978659 -0.667664 0.771296
v 1.003510 -0.136141 0.865191
v 1.016288 -0.687706 0.843803
v 1.039057 -0.174326 0.921084
v 1.044027 -0.695140 0.984843
v 1.060793 -0.262525 1.067172
v 1.027025 -0.025348 1.032350
v 1.062260 -0.185586 1.166630
v 0.994539 -0.001022 0.956908
v 0.986605 0.032346 1.019458
v 1.012476 0.014702 1.746478
v 1.057231 -0.177979 1.738242
v 0.958882 0.071685 1.745778
v 0.822488 0.093308 1.677131
v 0.518683 0.393479 1.050611
v 0.528358 0.375375 1.177698
v 0.787863 0.107708 1.665821
v 0.705891 0.091109 2.122988
v 0.702463 0.124611 1.893387
v 0.623302 0.125500 2.084465
v 0.644484 0.005473 2.325397
v 0.526515 0.112796 2.201024
v 0.884391 0.053335 2.123706
v 0.795603 -0.038791 2.304531
v 0.951353 -0.045557 2.160105
v 1.057221 -0.258859 1.835051
v 0.986694 -0.218942 2.164635
v 0.888518 -0.215696 2.269466
v 0.970285 -0.646799 2.136045
v 0.986838 -0.464142 2.159905
v 1.046440 -0.460405 1.866153
v 1.028426 -0.647818 1.876323
v 0.872112 -0.654460 2.236748
v 0.889789 -0.446290 2.259634
v 0.712816 -0.461039 2.305655
v 0.752620 -0.323892 2.269277
v 0.808364 -0.215730 2.286452
v 0.759321 -0.100774 2.296869
v 0.641372 -0.080098 2.301981
v 0.539389 -0.113193 2.290013
v 0.381559 0.095377 2.276569
v 0.625926 -0.468243 2.333806
v 0.552464 -0.308082 2.310683
v 0.436554 -0.511570 2.523147
v 0.436829 -0.679160 2.493809
v 0.906986 -0.503495 2.451009
v 0.914874 -0.672879 2.437440
v 0.921955 -0.500082 2.388075
v 0.930515 -0.668548 2.380903
v 0.364747 -0.540479 2.507665
v 0.429625 -0.543117 2.350709
v 0.525979 -0.539518 2.491458
v 0.498492 -0.539167 2.349444
v 0.625958 -0.667842 2.333806
v 0.713148 -0.662774 2.305655
v 0.731513 0.204059 -2.452657
v 0.719990 -0.222651 -2.414015
v 0.759688 -0.398059 -2.194768
v 0.772938 -0.581555 -2.199800
v 0.662290 -0.398059 -2.414015
v 0.525979 -0.556169 2.491457
v 0.498492 -0.555818 2.349443
v 0.429625 -0.555669 2.350709
v 0.364747 -0.553031 2.507665
v 0.436829 -0.598694 -2.461682
v 0.436554 -0.431104 -2.491020
v 0.914874 -0.592413 -2.405313
v 0.906986 -0.423029 -2.418882
v 0.930515 -0.588082 -2.348776
v 0.921955 -0.419616 -2.355947
v 0.429625 -0.462651 -2.187657
v 0.364747 -0.460013 -2.475538
v 0.525979 -0.480191 -2.459330
v 0.498492 -0.479839 -2.186393
v 0.525979 -0.496842 -2.459330
v 0.498492 -0.496491 -2.186393
v 0.429625 -0.475203 -2.187657
v 0.364747 -0.472565 -2.475538
v 0.662181 -0.222651 -2.452273
v 0.673703 0.204059 -2.490915
v -0.519462 -0.647818 1.876323
v 0.519573 -0.647818 1.876323
v 0.519573 -0.695140 0.984843
v -0.519462 -0.695140 0.984843
v -0.519462 -0.675080 -1.016214
v 0.519573 -0.675080 -1.016214
v 0.519573 -0.578505 -1.892355
v -0.519462 -0.578505 -1.892355
v -0.985854 -0.675080 -0.225792
v 0.985965 -0.675080 -0.225792
v 0.716306 -0.312224 2.339283
v 0.609811 -0.299156 2.353353
v 0.776754 -0.217373 2.342704
v 0.737286 -0.125274 2.348501
v 0.639194 -0.108407 2.355298
v 0.090744 -0.195639 2.374067
v 0.562942 -0.194820 2.355485
v -0.000008 -0.233037 2.396788
v -0.827544 0.358349 0.792417
v -0.851650 0.324552 0.501441
v -0.821950 0.422913 0.614233
v -0.801395 0.423828 0.770985
v -0.717832 0.434292 0.905500
v -0.728271 0.375043 0.945149
v -0.517438 0.445155 0.993082
v -0.518572 0.393479 1.050611
v 0.000055 0.446707 1.029421
v 0.000055 0.398619 1.090510
v 0.822060 0.422913 0.614233
v 0.851760 0.324552 0.501441
v 0.827655 0.358349 0.792417
v 0.801505 0.423827 0.770985
v 0.728382 0.375043 0.945149
v 0.717943 0.434292 0.905500
v 0.518683 0.393479 1.050611
v 0.517549 0.445155 0.993082
v -0.784154 0.310278 -0.464014
v 0.000055 0.302918 -0.463182
v 0.000055 0.411531 -0.384688
v -0.772626 0.417330 -0.392178
v -0.817466 0.437609 -0.314725
v -0.850620 0.327184 -0.211387
v -0.806310 0.317844 -0.412650
v 0.784265 0.310278 -0.464014
v 0.772737 0.417330 -0.392178
v 0.806421 0.317844 -0.412650
v 0.817577 0.437609 -0.314725
v -0.798341 -0.087562 -2.344881
v -0.760721 -0.203342 -2.344881
v -0.859210 -0.171341 -2.270141
v -0.859210 -0.274897 -2.344881
v -0.920079 -0.087562 -2.344881
v -0.957698 -0.203342 -2.344881
v -0.830070 -0.147599 -2.305717
v -0.830070 -0.196101 -2.305717
v -0.729008 -0.196101 -2.305717
v -0.729008 -0.147599 -2.305717
v 0.797182 -0.087562 -2.344881
v 0.858051 -0.171341 -2.270142
v 0.759563 -0.203342 -2.344881
v 0.858051 -0.274897 -2.344881
v 0.918920 -0.087562 -2.344881
v 0.956539 -0.203342 -2.344881
v 0.828911 -0.147599 -2.305717
v 0.727849 -0.196101 -2.305717
v 0.828911 -0.196101 -2.305717
v 0.727849 -0.147599 -2.305717
v -0.801395 0.423828 0.770985
v -0.821950 0.422913 0.614233
v -0.690705 0.422913 0.614233
v -0.717832 0.434292 0.905500
v -0.517438 0.445156 0.993082
v 0.000055 0.446708 1.029421
v 0.690816 0.422913 0.614233
v 0.517549 0.445156 0.993082
v 0.717943 0.434292 0.905500
v 0.801505 0.423828 0.770985
v 0.822060 0.422913 0.614233
v -0.690705 0.071328 0.546101
v 0.690816 0.071327 0.546101
v 0.851760 0.324552 0.501441
v -0.851650 0.324552 0.501441
v -0.690705 -0.293798 0.562313
v 0.690816 -0.293798 0.562313
v -0.690705 -0.302583 0.283555
v 0.690816 -0.302583 0.283555
v -0.690705 -0.051517 0.253221
v 0.690816 -0.051517 0.253221
v -0.690705 -0.072355 -0.025215
v 0.690816 -0.072356 -0.025215
v 0.850731 0.327184 -0.211387
v -0.850620 0.327184 -0.211387
v -0.697220 0.327184 -0.211387
v 0.697330 0.327184 -0.211387
v 0.817577 0.437609 -0.314725
v 0.772737 0.417330 -0.392178
v -0.772626 0.417330 -0.392178
v -0.817466 0.437609 -0.314725
v 0.000055 0.411531 -0.384688
v 0.912601 0.492016 0.418397
v 0.823915 0.355152 0.438407
v 0.823915 0.355152 0.490747
v 0.947790 0.546611 0.354049
v 0.912469 0.492010 0.354049
v 0.979970 0.492010 0.354049
v 0.878762 0.546611 0.354049
v 0.845452 0.492010 0.354049
v 0.878762 0.437410 0.354049
v 0.947790 0.437410 0.354049
v 0.884477 0.491659 0.393401
v 0.809686 0.411493 0.438408
v 0.809686 0.411493 0.490747
v -0.519462 -0.647818 1.876323
v -0.519462 -0.695140 0.984843
v -1.043917 -0.695140 0.984843
v -1.028315 -0.647818 1.876323
v -1.046329 -0.460405 1.866153
v -1.057110 -0.258859 1.835051
v -1.057120 -0.177979 1.738242
v -1.062149 -0.185586 1.166630
v -1.060682 -0.262525 1.067172
v -0.519462 -0.675080 -1.016214
v -0.519462 -0.578505 -1.892355
v -0.965645 -0.578505 -1.892355
v -0.985854 -0.675080 -1.016214
v -0.987636 -0.349756 -1.858478
v -0.995699 -0.214483 -1.800217
v -1.007778 -0.138372 -1.671812
v -1.022902 -0.138005 -1.141583
v -1.025588 -0.228742 -1.037468
v 0.519573 -0.695140 0.984843
v 0.519573 -0.647818 1.876323
v 1.044027 -0.695140 0.984843
v 1.028426 -0.647818 1.876323
v 1.046440 -0.460405 1.866153
v 1.057221 -0.258859 1.835051
v 1.062260 -0.185586 1.166630
v 1.060793 -0.262525 1.067172
v 0.519573 -0.578505 -1.892355
v 0.519573 -0.675080 -1.016214
v 0.965756 -0.578505 -1.892355
v 0.985965 -0.675080 -1.016214
v 1.025699 -0.228742 -1.037468
v 1.023013 -0.138005 -1.141583
v 1.007889 -0.138372 -1.671812
v 0.995810 -0.214483 -1.800217
v 0.987747 -0.349756 -1.858478
v 1.057231 -0.177979 1.738242
v 1.025699 -0.228742 -1.037468
v 1.023012 -0.138005 -1.141583
v 0.741214 -0.138005 -1.141583
v 0.741214 -0.228742 -1.037468
v 1.007889 -0.138372 -1.671812
v 0.741214 -0.138372 -1.671812
v 0.995810 -0.214483 -1.800217
v 0.741214 -0.214483 -1.800217
v 1.062260 -0.185586 1.166630
v 1.060793 -0.262525 1.067172
v 0.531742 -0.262525 1.067173
v 0.531742 -0.185586 1.166630
v 1.057231 -0.177979 1.738242
v 0.531742 -0.177979 1.738242
v 1.057221 -0.258859 1.835051
v 0.531742 -0.258859 1.835051
v 0.987747 -0.349756 -1.858478
v 0.741214 -0.349756 -1.858478
v 1.046440 -0.460405 1.866153
v 0.520961 -0.460405 1.866153
v 1.028426 -0.647818 1.876323
v 0.519573 -0.647818 1.876323
v 1.044027 -0.695140 0.984843
v 0.519573 -0.695140 0.984843
v 0.519573 -0.675080 -1.016214
v 0.985965 -0.675080 -1.016214
v 0.519573 -0.578505 -1.892355
v 0.965756 -0.578505 -1.892355
v -0.741103 -0.138005 -1.141582
v -1.022902 -0.138005 -1.141583
v -1.025588 -0.228742 -1.037467
v -0.741103 -0.228742 -1.037467
v -0.741103 -0.138372 -1.671812
v -1.007778 -0.138372 -1.671812
v -0.741103 -0.214483 -1.800217
v -0.995699 -0.214483 -1.800217
v -0.531632 -0.262525 1.067173
v -1.060682 -0.262525 1.067173
v -1.062149 -0.185586 1.166630
v -0.531632 -0.185586 1.166630
v -1.057120 -0.177979 1.738243
v -0.531632 -0.177979 1.738243
v -1.057110 -0.258859 1.835051
v -0.531632 -0.258859 1.835052
v -0.741103 -0.349756 -1.858478
v -0.987636 -0.349756 -1.858478
v -1.046329 -0.460405 1.866154
v -0.520851 -0.460405 1.866154
v -1.028315 -0.647818 1.876323
v -0.519462 -0.647818 1.876323
v -1.043917 -0.695140 0.984844
v -0.519462 -0.695140 0.984844
v -0.519462 -0.675080 -1.016214
v -0.985854 -0.675080 -1.016214
v -0.519462 -0.578505 -1.892355
v -0.965645 -0.578505 -1.892354
v -0.787777 -0.288633 0.565622
v -0.892124 -0.319380 0.028501
v -0.827101 -0.120144 0.017851
v -0.736883 -0.149495 0.557439
v -0.729159 -0.054137 0.033853
v -0.666911 -0.085944 0.534362
v -0.155029 -0.021330 0.268257
v -0.403160 -0.057417 0.719017
v -0.528271 -0.020966 0.077499
v 0.000031 -0.006601 0.110940
v -0.155029 -0.046956 0.768256
v -0.614502 -0.105167 0.755839
v -0.529205 -0.109141 0.938182
v -0.360599 -0.096943 1.007415
v -0.472144 -0.107420 1.008511
v 0.000031 -0.075586 1.046842
v -0.007173 -0.036367 0.768256
v -0.670252 -0.163615 0.780599
v -0.583594 -0.172875 0.968443
v -0.503150 -0.170343 1.057167
v -0.375823 -0.159239 1.098095
v 0.000031 -0.162278 1.161851
v -0.702376 -0.271730 0.793188
v -0.623215 -0.270841 0.984266
v -0.526428 -0.283545 1.100824
v -0.381472 -0.300964 1.176370
v 0.000031 -0.334081 1.235380
v 0.892187 -0.319380 0.028501
v 0.787839 -0.288633 0.565622
v 0.827164 -0.120144 0.017851
v 0.736946 -0.149495 0.557439
v 0.729222 -0.054137 0.033853
v 0.666973 -0.085944 0.534362
v 0.144971 -0.021014 0.268256
v 0.000031 -0.013358 0.268256
v 0.528334 -0.020966 0.077499
v 0.403222 -0.057417 0.719017
v 0.614564 -0.105167 0.755839
v 0.529268 -0.109141 0.938182
v 0.360662 -0.096943 1.007415
v 0.472207 -0.107420 1.008511
v 0.144972 -0.046233 0.768257
v 0.014439 -0.036906 0.768256
v 0.670314 -0.163615 0.780599
v 0.583657 -0.172875 0.968443
v 0.503213 -0.170343 1.057167
v 0.375886 -0.159239 1.098095
v 0.702439 -0.271730 0.793188
v 0.623278 -0.270841 0.984266
v 0.526491 -0.283545 1.100824
v 0.381535 -0.300964 1.176370
v -0.787777 -0.288633 0.565622
v -0.892124 -0.319380 0.028501
v -0.827101 -0.120144 0.017851
v -0.736883 -0.149496 0.557439
v -0.729160 -0.054138 0.033853
v -0.666911 -0.085945 0.534362
v -0.403160 -0.057418 0.719017
v -0.528271 -0.020966 0.077499
v 0.000031 -0.006601 0.110940
v 0.000031 -0.034408 0.758304
v -0.614502 -0.105167 0.755838
v -0.529205 -0.109141 0.938182
v -0.360599 -0.096943 1.007415
v -0.472144 -0.107420 1.008511
v 0.000031 -0.075587 1.046842
v -0.670252 -0.163615 0.780599
v -0.583594 -0.172875 0.968443
v -0.503151 -0.170344 1.057167
v -0.375823 -0.159239 1.098095
v 0.000031 -0.162278 1.161851
v -0.702376 -0.271730 0.793187
v -0.623215 -0.270841 0.984265
v -0.526429 -0.283545 1.100824
v -0.381472 -0.300964 1.176369
v 0.000031 -0.334081 1.235380
v 0.892187 -0.319380 0.028501
v 0.787839 -0.288633 0.565622
v 0.827164 -0.120144 0.017851
v 0.736946 -0.149496 0.557439
v 0.729222 -0.054138 0.033853
v 0.666973 -0.085945 0.534362
v 0.528334 -0.020966 0.077499
v 0.403222 -0.057418 0.719017
v 0.614564 -0.105167 0.755839
v 0.529268 -0.109141 0.938182
v 0.360662 -0.096943 1.007415
v 0.472207 -0.107420 1.008511
v 0.670314 -0.163615 0.780599
v 0.583656 -0.172875 0.968442
v 0.503213 -0.170344 1.057167
v 0.375886 -0.159239 1.098095
v 0.702439 -0.271730 0.793187
v 0.623278 -0.270841 0.984265
v 0.526491 -0.283545 1.100824
v 0.381535 -0.300964 1.176369
v 0.000055 0.411531 -0.384689
v 0.000055 0.465520 -0.335434
v -0.742439 0.467387 -0.339455
v -0.772626 0.417330 -0.392178
v -0.513574 1.054392 -0.220948
v -0.525426 0.995221 -0.321808
v 0.000051 1.002363 -0.317946
v 0.000051 1.048265 -0.249919
v 0.000055 1.044011 0.681088
v -0.494013 1.038213 0.666103
v -0.672182 1.011208 0.583363
v -0.709784 1.022375 -0.158823
v -0.670323 0.993387 -0.300860
v -0.714950 0.973073 -0.291641
v -0.758728 0.914498 -0.208620
v -0.748972 0.860313 -0.291379
v -0.739519 0.913470 0.491303
v -0.850620 0.327184 -0.211387
v -0.817466 0.437609 -0.314725
v -0.673262 0.831311 -0.302251
v -0.769719 0.822716 -0.117933
v -0.835108 0.438346 -0.115123
v -0.851650 0.324552 0.501441
v -0.823894 0.433933 0.395959
v -0.747469 0.822754 0.397083
v -0.525426 0.903117 -0.321808
v 0.000051 0.910259 -0.317947
v -0.670323 0.901283 -0.300860
v 0.000051 0.841947 -0.299386
v 0.772737 0.417330 -0.392178
v 0.742550 0.467387 -0.339455
v 0.000060 1.002363 -0.317946
v 0.525537 0.995221 -0.321808
v 0.513685 1.054392 -0.220948
v 0.000060 1.048265 -0.249919
v 0.494123 1.038213 0.666103
v 0.709895 1.022375 -0.158823
v 0.672293 1.011208 0.583363
v 0.670434 0.993387 -0.300860
v 0.758839 0.914498 -0.208620
v 0.715061 0.973074 -0.291641
v 0.749082 0.860313 -0.291379
v 0.739630 0.913470 0.491303
v 0.850731 0.327184 -0.211387
v 0.817577 0.437609 -0.314725
v 0.673373 0.831311 -0.302251
v 0.835219 0.438346 -0.115123
v 0.769829 0.822716 -0.117933
v 0.851760 0.324552 0.501441
v 0.824005 0.433933 0.395959
v 0.747580 0.822754 0.397083
v 0.000060 0.910259 -0.317946
v 0.525537 0.903117 -0.321808
v 0.670434 0.901283 -0.300860
v 0.000060 0.841947 -0.299386
v 0.000055 0.411531 -0.384688
v 0.000055 0.465520 -0.335434
v -0.742439 0.467387 -0.339454
v -0.772626 0.417330 -0.392178
v -0.513574 0.919839 -0.220948
v -0.525426 0.860668 -0.321808
v 0.000051 0.867810 -0.317946
v 0.000051 0.913712 -0.249919
v 0.000055 0.909458 0.681088
v -0.494013 0.903660 0.666104
v -0.672182 0.876655 0.583364
v -0.709784 0.887822 -0.158823
v -0.670323 0.858834 -0.300860
v -0.714950 0.838520 -0.291640
v -0.758728 0.779944 -0.208620
v -0.748972 0.725760 -0.291379
v -0.739519 0.778917 0.491303
v -0.850620 0.327184 -0.211387
v -0.817466 0.437609 -0.314725
v -0.673262 0.696758 -0.302250
v -0.769719 0.688163 -0.117932
v -0.835108 0.438346 -0.115122
v -0.851650 0.324552 0.501441
v -0.823894 0.433933 0.395959
v -0.747469 0.688201 0.397083
v -0.525426 0.768563 -0.321808
v 0.000051 0.775706 -0.317946
v -0.670323 0.766730 -0.300860
v 0.000051 0.707394 -0.299386
v 0.772737 0.417330 -0.392178
v 0.742550 0.467387 -0.339454
v 0.000060 0.867810 -0.317946
v 0.525537 0.860668 -0.321808
v 0.513685 0.919839 -0.220948
v 0.000060 0.913712 -0.249919
v 0.494123 0.903660 0.666104
v 0.709895 0.887822 -0.158823
v 0.672293 0.876655 0.583363
v 0.670434 0.858834 -0.300860
v 0.758839 0.779945 -0.208620
v 0.715061 0.838520 -0.291641
v 0.749082 0.725760 -0.291379
v 0.739630 0.778917 0.491303
v 0.850731 0.327184 -0.211387
v 0.817577 0.437609 -0.314725
v 0.673373 0.696758 -0.302250
v 0.835219 0.438346 -0.115123
v 0.769829 0.688163 -0.117933
v 0.851760 0.324552 0.501441
v 0.824005 0.433933 0.395959
v 0.747580 0.688201 0.397083
v 0.000060 0.775706 -0.317946
v 0.525537 0.768563 -0.321808
v 0.670434 0.766730 -0.300860
v 0.000060 0.707394 -0.299386
v -0.672182 1.011208 0.583363
v -0.494013 1.038213 0.666104
v -0.643758 1.012153 0.630230
v -0.733051 0.870635 0.594487
v -0.694026 0.818115 0.641466
v -0.778693 0.485000 0.663518
v -0.821950 0.422913 0.614233
v -0.801395 0.423828 0.770985
v -0.748115 0.484540 0.749594
v -0.681515 0.488507 0.848705
v -0.717832 0.434292 0.905500
v -0.517438 0.445155 0.993082
v -0.507295 0.494186 0.927108
v 0.000055 0.492634 0.960210
v 0.000055 0.446707 1.029421
v 0.000055 0.851674 0.729149
v -0.488464 0.846659 0.712642
v -0.487744 0.919106 0.704604
v 0.000055 0.925040 0.718254
v -0.743318 0.923637 0.598844
v -0.679167 0.943163 0.689615
v -0.500781 0.960805 0.744704
v 0.000055 1.044011 0.681088
v 0.000055 0.977026 0.783396
v -0.630634 0.837476 0.682206
v -0.634448 0.910441 0.679733
v -0.739519 0.913470 0.491303
v -0.851650 0.324552 0.501441
v 0.494123 1.038213 0.666104
v 0.672293 1.011208 0.583363
v 0.643868 1.012153 0.630230
v 0.733162 0.870635 0.594487
v 0.822060 0.422913 0.614233
v 0.778804 0.485000 0.663518
v 0.694137 0.818115 0.641466
v 0.801506 0.423827 0.770985
v 0.748226 0.484540 0.749594
v 0.717943 0.434292 0.905500
v 0.681625 0.488507 0.848705
v 0.517549 0.445155 0.993082
v 0.507406 0.494186 0.927108
v 0.487854 0.919106 0.704604
v 0.488574 0.846659 0.712642
v 0.743428 0.923637 0.598843
v 0.679278 0.943163 0.689615
v 0.500892 0.960805 0.744703
v 0.630744 0.837476 0.682206
v 0.634558 0.910441 0.679733
v 0.739630 0.913470 0.491303
v 0.851760 0.324552 0.501441
v -0.747469 0.822754 0.397083
v -0.823894 0.433933 0.395959
v 0.747580 0.822754 0.397083
v 0.824005 0.433933 0.395959
v -0.769719 0.822716 -0.117933
v -0.747469 0.822754 0.397083
v -0.823894 0.433933 0.395959
v -0.835108 0.438346 -0.115122
v 0.769829 0.822716 -0.117933
v 0.835219 0.438346 -0.115122
v 0.747580 0.822754 0.397083
v 0.824005 0.433933 0.395959
v -0.672182 0.876655 0.583364
v -0.494013 0.903660 0.666104
v -0.643758 0.877600 0.630230
v -0.733051 0.736082 0.594487
v -0.694026 0.683562 0.641466
v -0.778693 0.485000 0.663518
v -0.821950 0.422913 0.614233
v -0.801395 0.423828 0.770985
v -0.748115 0.484540 0.749594
v -0.681515 0.488507 0.848705
v -0.717832 0.434292 0.905500
v -0.517438 0.445156 0.993082
v -0.507295 0.494186 0.927108
v 0.000055 0.492634 0.960210
v 0.000055 0.446708 1.029421
v 0.000055 0.717121 0.729149
v -0.488464 0.712106 0.712642
v -0.487744 0.784553 0.704604
v 0.000055 0.790487 0.718254
v -0.743317 0.789084 0.598844
v -0.679167 0.808609 0.689615
v -0.500781 0.826252 0.744704
v 0.000055 0.909458 0.681088
v 0.000055 0.842473 0.783396
v -0.630634 0.702923 0.682206
v -0.634447 0.775888 0.679733
v -0.739519 0.778917 0.491303
v -0.851650 0.324552 0.501441
v 0.494124 0.903660 0.666104
v 0.672293 0.876655 0.583363
v 0.643869 0.877600 0.630230
v 0.733162 0.736082 0.594487
v 0.822060 0.422913 0.614233
v 0.778804 0.485000 0.663518
v 0.694137 0.683562 0.641466
v 0.801506 0.423828 0.770985
v 0.748226 0.484541 0.749594
v 0.717943 0.434292 0.905500
v 0.681625 0.488507 0.848705
v 0.517549 0.445156 0.993082
v 0.507406 0.494186 0.927108
v 0.487855 0.784553 0.704604
v 0.488575 0.712106 0.712642
v 0.743428 0.789084 0.598844
v 0.679278 0.808609 0.689615
v 0.500892 0.826252 0.744704
v 0.630744 0.702923 0.682206
v 0.634558 0.775888 0.679733
v 0.739630 0.778917 0.491303
v 0.851760 0.324552 0.501441
v -0.769719 0.688163 -0.117932
v -0.747469 0.688201 0.397083
v -0.823894 0.433933 0.395959
v -0.835108 0.438346 -0.115122
v 0.769829 0.688163 -0.117933
v 0.835219 0.438346 -0.115123
v 0.747580 0.688201 0.397083
v 0.824005 0.433933 0.395959
v -0.801395 0.423827 0.770985
v -0.821950 0.422913 0.614233
v -0.690705 0.422913 0.614233
v -0.717832 0.434292 0.905500
v -0.517438 0.445155 0.993082
v 0.000055 0.446707 1.029421
v 0.690816 0.422913 0.614233
v 0.517549 0.445155 0.993082
v 0.717943 0.434292 0.905500
v 0.801506 0.423827 0.770985
v 0.822061 0.422913 0.614233
v -0.690705 0.071327 0.546101
v 0.690816 0.071327 0.546101
v 0.851760 0.324552 0.501441
v -0.851649 0.324552 0.501441
v -0.827077 0.276197 1.118050
v -0.729135 0.342204 1.134052
v -0.660435 -0.533638 1.279389
v -0.892100 0.076961 1.128700
v -0.528247 0.375375 1.177698
v 0.000055 0.389740 1.211140
v -0.702352 0.124611 1.893387
v -0.787753 0.107708 1.665821
v -0.389699 -0.533638 2.110647
v -0.623191 0.125500 2.084465
v -0.526404 0.112796 2.201024
v -0.381448 0.095377 2.276569
v 0.000056 -0.533638 2.214954
v 0.000055 0.062260 2.335579
v 0.729246 0.342204 1.134052
v 0.827188 0.276197 1.118050
v 0.660547 -0.533638 1.279389
v 0.892211 0.076961 1.128700
v 0.528358 0.375375 1.177698
v 0.787863 0.107708 1.665821
v 0.702463 0.124611 1.893387
v 0.389811 -0.533638 2.110647
v 0.623302 0.125500 2.084465
v 0.526515 0.112796 2.201024
v 0.381559 0.095377 2.276569
v -0.109775 -0.108070 0.077136
v -0.109775 -0.108070 -0.139004
v -0.325915 -0.108070 -0.139004
v -0.325915 -0.108070 0.077136
v -0.109775 0.108070 0.077136
v -0.325915 0.108070 0.077136
v -0.325915 0.108070 -0.139004
v -0.109775 0.108070 -0.139004
v 0.115600 -0.108070 0.077136
v 0.115600 -0.108070 -0.139004
v 0.331740 -0.108070 -0.139004
v 0.331740 -0.108070 0.077136
v 0.115600 0.108070 0.077136
v 0.331740 0.108070 0.077136
v 0.331740 0.108070 -0.139004
v 0.115600 0.108070 -0.139004
v -0.109775 -0.108070 0.204347
v -0.109775 -0.108070 -0.011793
v -0.325915 -0.108070 -0.011793
v -0.325915 -0.108070 0.204347
v -0.109775 0.108070 0.204347
v -0.325915 0.108070 0.204347
v -0.325915 0.108070 -0.011793
v -0.109775 0.108070 -0.011793
v 0.115600 -0.108070 0.204347
v 0.115600 -0.108070 -0.011793
v 0.331740 -0.108070 -0.011793
v 0.331740 -0.108070 0.204347
v 0.115600 0.108070 0.204347
v 0.331740 0.108070 0.204347
v 0.331740 0.108070 -0.011793
v 0.115600 0.108070 -0.011793
v -0.135088 -0.135088 -0.135088
v -0.135088 0.135088 -0.135088
v -0.135088 0.135088 0.135088
v -0.135088 -0.135088 0.135088
v 0.135088 -0.135088 -0.135088
v 0.135088 -0.135088 0.135088
v 0.135088 0.135088 0.135088
v 0.135088 0.135088 -0.135088
v 0.032350 -0.026807 0.032593
v 0.032350 -0.026807 -0.032249
v -0.032492 -0.026807 -0.032249
v -0.032492 -0.026807 0.032593
v 0.032350 0.038035 0.032593
v -0.032492 0.038035 0.032593
v -0.032492 0.038035 -0.032249
v 0.032350 0.038035 -0.032249
v 0.032350 -0.026807 0.032593
v 0.032350 -0.026807 -0.032249
v -0.032492 -0.026807 -0.032249
v -0.032492 -0.026807 0.032593
v 0.032350 0.038035 0.032593
v -0.032492 0.038035 0.032593
v -0.032492 0.038035 -0.032249
v 0.032350 0.038035 -0.032249
v 0.108070 -0.108070 0.108070
v 0.108070 -0.108070 -0.108070
v -0.108070 -0.108070 -0.108070
v -0.108070 -0.108070 0.108070
v 0.108070 0.108070 0.108070
v -0.108070 0.108070 0.108070
v -0.108070 0.108070 -0.108070
v 0.108070 0.108070 -0.108070
v -0.108070 -0.108070 0.108070
v -0.108070 -0.108070 -0.108070
v 0.108070 -0.108070 -0.108070
v 0.108070 -0.108070 0.108070
v -0.108070 0.108070 0.108070
v 0.108070 0.108070 0.108070
v 0.108070 0.108070 -0.108070
v -0.108070 0.108070 -0.108070
v 0.108070 -0.108070 0.108070
v 0.108070 -0.108070 -0.108070
v -0.108070 -0.108070 -0.108070
v -0.108070 -0.108070 0.108070
v 0.108070 0.108070 0.108070
v -0.108070 0.108070 0.108070
v -0.108070 0.108070 -0.108070
v 0.108070 0.108070 -0.108070
v -0.108070 -0.108070 0.108070
v -0.108070 -0.108070 -0.108070
v 0.108070 -0.108070 -0.108070
v 0.108070 -0.108070 0.108070
v -0.108070 0.108070 0.108070
v 0.108070 0.108070 0.108070
v 0.108070 0.108070 -0.108070
v -0.108070 0.108070 -0.108070
v 0.027018 0.000000 0.027018
v 0.027018 0.000000 -0.027018
v -0.027018 0.000000 -0.027018
v -0.027018 0.000000 0.027018
v 0.027018 0.054035 0.027018
v -0.027018 0.054035 0.027018
v -0.027018 0.054035 -0.027018
v 0.027018 0.054035 -0.027018
v 0.100000 -0.100000 0.000000
v 0.100000 0.100000 -0.000000
v -0.100000 0.100000 -0.000000
v -0.100000 -0.100000 0.000000
v 0.100000 -0.100000 0.200000
v -0.100000 -0.100000 0.200000
v -0.100000 0.100000 0.200000
v 0.100000 0.100000 0.200000
v 0.027018 -0.034433 0.027017
v 0.027017 -0.034433 -0.027018
v -0.027018 -0.034433 -0.027018
v -0.027018 -0.034433 0.027017
v 0.027018 0.019602 0.027017
v -0.027018 0.019602 0.027017
v -0.027018 0.019602 -0.027018
v 0.027017 0.019602 -0.027018
v 0.027018 -0.036588 0.027018
v 0.027017 -0.036588 -0.027018
v -0.027018 -0.036588 -0.027018
v -0.027018 -0.036588 0.027017
v 0.027018 0.017447 0.027018
v -0.027018 0.017447 0.027018
v -0.027018 0.017447 -0.027018
v 0.027017 0.017447 -0.027018
v 0.027018 -0.036588 0.027018
v 0.027018 -0.036588 -0.027017
v -0.027018 -0.036588 -0.027017
v -0.027018 -0.036588 0.027018
v 0.027018 0.017447 0.027018
v -0.027018 0.017447 0.027018
v -0.027018 0.017447 -0.027017
v 0.027018 0.017447 -0.027017
v 0.108070 -0.108070 0.108070
v 0.108070 0.108070 0.108070
v 0.108070 0.108070 -0.108070
v 0.108070 -0.108070 -0.108070
v -0.108070 -0.108070 0.108070
v -0.108070 -0.108070 -0.108070
v -0.108070 0.108070 -0.108070
v -0.108070 0.108070 0.108070
v -0.054035 -0.054035 0.054035
v -0.054035 0.054035 0.054035
v 0.054035 0.054035 0.054035
v 0.054035 -0.054035 0.054035
v -0.054035 -0.054035 -0.054035
v 0.054035 -0.054035 -0.054035
v 0.054035 0.054035 -0.054035
v -0.054035 0.054035 -0.054035
v -0.054035 -0.054035 0.054035
v -0.054035 0.054035 0.054035
v 0.054035 0.054035 0.054035
v 0.054035 -0.054035 0.054035
v -0.054035 -0.054035 -0.054035
v 0.054035 -0.054035 -0.054035
v 0.054035 0.054035 -0.054035
v -0.054035 0.054035 -0.054035
v -0.135088 -0.135088 -0.135088
v -0.135088 0.135088 -0.135088
v -0.135088 0.135088 0.135088
v -0.135088 -0.135088 0.135088
v 0.135088 -0.135088 -0.135088
v 0.135088 -0.135088 0.135088
v 0.135088 0.135088 0.135088
v 0.135088 0.135088 -0.135088
v -0.135088 -0.135088 -0.135088
v -0.135088 0.135088 -0.135088
v -0.135088 0.135088 0.135088
v -0.135088 -0.135088 0.135088
v 0.135088 -0.135088 -0.135088
v 0.135088 -0.135088 0.135088
v 0.135088 0.135088 0.135088
v 0.135088 0.135088 -0.135088

# Normals
vn -0.000000 0.292372 -0.956305
vn -0.000000 0.292372 -0.956305
vn -0.000000 0.292372 -0.956305
vn -0.000000 0.292372 -0.956305
vn -0.008516 0.013313 -0.999875
vn 0.622914 0.015017 -0.782146
vn 0.669451 0.253429 -0.698290
vn 0.329012 0.196969 0.923555
vn 0.418930 -0.036035 0.907303
vn -0.349883 0.195398 0.916189
vn -0.435578 -0.035723 0.899442
vn -0.678379 0.296001 -0.672447
vn -0.641006 0.014734 -0.767395
vn 0.279678 -0.959184 0.041779
vn -0.000000 -0.942759 0.333475
vn 0.284659 0.609571 0.739860
vn 0.418225 0.796354 -0.436929
vn -0.007966 0.664728 0.747043
vn -0.299069 0.606774 0.736466
vn -0.437084 0.788532 -0.432637
vn -0.010326 0.874167 -0.485515
vn -0.010633 0.968377 0.249266
vn -0.173910 0.598536 -0.781991
vn -0.008209 0.537381 -0.843299
vn 0.156562 0.600303 -0.784299
vn -0.008917 0.116656 -0.993132
vn -0.029474 -0.032334 0.999042
vn -0.787260 -0.047665 0.614776
vn -0.723269 0.414642 0.552226
vn -0.031384 0.444386 0.895285
vn -0.394879 0.012571 -0.918647
vn -0.372738 0.224028 -0.900488
vn 0.371543 0.012703 -0.928329
vn 0.346472 0.226473 -0.910312
vn 0.765245 -0.049762 0.641813
vn 0.693672 0.432490 0.575996
vn -0.000000 -0.008728 0.999962
vn -0.000000 -0.008728 0.999962
vn -0.295001 0.667793 0.683393
vn -0.012426 0.698842 0.715168
vn -0.287851 0.659526 -0.694382
vn -0.385997 0.873690 0.296094
vn 0.266390 0.663789 -0.698871
vn 0.359082 0.883924 0.299563
vn -0.000000 -0.008728 0.999962
vn 0.273095 0.672329 0.688035
vn -0.017628 0.993227 0.114846
vn -0.015865 0.890861 0.453999
vn 0.503551 -0.826955 -0.250162
vn -0.168795 0.131840 -0.976794
vn 0.518066 -0.850793 0.088088
vn -0.081155 0.064168 -0.994634
vn -0.311784 0.429764 -0.847404
vn -0.531523 0.054533 -0.845287
vn 0.168498 0.445845 -0.879108
vn 0.418472 0.058472 -0.906346
vn 0.176468 -0.348137 -0.920685
vn -0.325416 -0.334436 -0.884453
vn 0.207917 0.088218 -0.974160
vn 0.747587 -0.585036 -0.314398
vn 0.782510 -0.612366 0.112636
vn -0.771414 -0.628575 -0.099065
vn -0.182841 -0.606460 0.773806
vn -0.350251 -0.922977 -0.159494
vn -0.838324 -0.536631 -0.096130
vn -0.194136 -0.520821 0.831298
vn -0.427405 -0.734611 -0.526946
vn -0.520000 -0.590442 -0.617235
vn 0.198554 -0.604577 0.771403
vn 0.364505 -0.917602 -0.158566
vn 0.210737 -0.518999 0.828390
vn 0.443540 -0.728269 -0.522395
vn 0.537417 -0.582942 -0.609395
vn 0.778967 -0.619420 -0.097621
vn 0.844325 -0.527436 -0.094483
vn -0.460183 0.201692 -0.864611
vn 0.000042 0.281276 -0.959627
vn -0.869805 0.336753 -0.360607
vn -0.502728 0.194566 -0.842264
vn -0.684938 0.188404 0.703821
vn -0.449651 -0.099412 -0.887655
vn -0.652135 -0.237803 0.719839
vn -0.910045 0.347562 -0.225872
vn -0.926935 0.297678 -0.228429
vn -0.901546 0.289087 -0.321936
vn -0.879756 0.340063 -0.332244
vn -0.892583 0.290809 -0.344567
vn -0.935094 -0.153001 -0.319671
vn -0.921212 -0.146966 -0.360234
vn -0.982541 -0.168224 -0.079461
vn -0.838108 -0.129934 -0.529803
vn -0.849223 0.046052 -0.526022
vn -0.995641 0.048444 -0.079697
vn -0.969657 -0.191424 -0.152060
vn -0.985620 0.046237 -0.162529
vn -0.972143 0.093192 -0.215065
vn -0.976329 0.163390 -0.141722
vn -0.827743 0.148690 -0.541048
vn -0.887195 0.085570 -0.453391
vn -0.819522 0.148505 -0.553471
vn -0.948559 0.192810 -0.251117
vn -0.588352 0.132874 -0.797613
vn -0.741960 0.195116 -0.641425
vn -0.791208 0.189633 -0.581403
vn -0.862307 0.047836 -0.504121
vn -0.787233 0.078943 -0.611581
vn -0.777450 0.013401 -0.628802
vn -0.850101 -0.015783 -0.526384
vn -0.833883 -0.121704 -0.538356
vn -0.763441 -0.120878 -0.634465
vn -0.560755 0.062945 -0.825586
vn -0.555134 0.009369 -0.831708
vn -0.958468 -0.155840 -0.238858
vn -0.922485 0.350657 0.161435
vn -0.929723 0.295205 0.220156
vn -0.944522 -0.153847 0.290189
vn -0.880708 0.357557 0.310656
vn -0.836673 0.298379 0.459291
vn -0.449661 0.768805 -0.454692
vn -0.480660 0.799183 -0.360933
vn -0.907889 0.184184 0.376583
vn -0.864684 0.196902 0.462117
vn -0.938453 0.105016 0.329055
vn -0.938718 -0.182221 0.292580
vn -0.937340 0.091760 0.336115
vn -0.980421 -0.194874 0.028255
vn -0.994841 0.074423 0.068938
vn -0.989301 0.027600 0.143251
vn -0.975687 -0.194919 0.100208
vn -0.980355 0.151451 0.126356
vn -0.979040 0.066601 0.192470
vn -0.913550 0.157405 0.375034
vn -0.899422 0.172138 0.401758
vn -0.879080 0.155726 0.450519
vn -0.893925 0.064529 0.443547
vn -0.748593 0.161921 0.642954
vn -0.464341 0.880405 0.096305
vn -0.344668 0.839844 -0.419365
vn -0.365907 0.862726 -0.349021
vn 0.000040 0.906461 -0.422289
vn 0.000041 0.936821 -0.349809
vn -0.388371 0.856804 0.339198
vn -0.445813 0.890578 0.090126
vn -0.394306 0.892952 0.217163
vn -0.345417 0.882093 0.320311
vn -0.291916 0.875487 0.385108
vn -0.357391 0.816100 0.454150
vn -0.660524 0.142011 0.737253
vn -0.609943 0.103786 0.785619
vn -0.790959 0.118459 0.600293
vn -0.877085 0.026198 0.479620
vn -0.800503 0.042186 0.597843
vn -0.640323 0.037284 0.767201
vn -0.800558 -0.064446 0.595780
vn -0.796224 -0.144398 0.587517
vn -0.868262 -0.065997 0.491697
vn -0.856188 -0.150941 0.494125
vn -0.638010 -0.126646 0.759542
vn -0.642091 -0.048573 0.765088
vn -0.405717 -0.082592 0.910260
vn -0.433870 -0.004580 0.900964
vn -0.401734 0.002088 0.915754
vn -0.347220 0.009561 0.937735
vn -0.357611 -0.087022 0.929807
vn -0.428217 0.054346 0.902040
vn -0.454739 0.056382 0.888838
vn -0.427662 0.121202 0.895776
vn 0.016150 -0.263359 0.964563
vn -0.407332 0.105349 0.907184
vn -0.358987 0.116568 0.926035
vn -0.320063 0.120328 0.939724
vn -0.214036 0.876079 0.432057
vn 0.000032 0.866000 0.500043
vn 0.000015 0.129142 0.991626
vn -0.054170 0.071856 0.995943
vn -0.322289 0.069352 0.944098
vn 0.000033 0.048994 0.998799
vn 0.000014 0.005584 0.999984
vn -0.325588 0.004636 0.945500
vn 0.000033 -0.097929 0.995193
vn -0.396881 -0.193764 0.897185
vn -0.394170 -0.041204 0.918114
vn 0.000054 -0.210391 0.977617
vn 0.000054 -0.045246 0.998976
vn -0.692261 -0.156598 0.704451
vn -0.692332 -0.028665 0.721009
vn -0.722484 -0.026752 0.690869
vn -0.719719 -0.156723 0.676345
vn 0.666261 0.695766 -0.268339
vn 0.654216 0.701681 -0.282214
vn -0.682150 0.717895 -0.138922
vn -0.673929 0.727510 -0.128640
vn 0.000032 0.878995 0.476831
vn 0.000033 -0.206912 0.978360
vn -0.351877 -0.197849 0.914898
vn -0.399488 -0.194314 0.895908
vn -0.500084 0.166192 -0.849880
vn -0.509630 0.030612 -0.859849
vn -0.552557 -0.028484 -0.832988
vn -0.552833 -0.091421 -0.828262
vn -0.495465 -0.027204 -0.868202
vn -0.981779 -0.000004 -0.190026
vn -0.981779 -0.000004 -0.190026
vn 0.924162 0.000002 -0.382001
vn 0.924162 0.000002 -0.382001
vn -0.509230 -0.071163 -0.857683
vn -0.507312 -0.265531 -0.819834
vn 0.000074 -0.306267 -0.951946
vn 0.000074 -0.082919 -0.996556
vn -0.806398 -0.047053 -0.589499
vn -0.799872 -0.194380 -0.567822
vn -0.837256 -0.044961 -0.544959
vn -0.827352 -0.193827 -0.527181
vn 0.618525 0.766429 0.173243
vn -0.784399 0.615307 0.078203
vn -0.766980 0.638225 0.066419
vn 0.642955 0.750715 0.151779
vn -0.994967 -0.000004 0.100202
vn -0.994967 -0.000004 0.100202
vn 0.975534 0.000000 0.219850
vn 0.975534 0.000000 0.219850
vn -0.516824 -0.123410 -0.847150
vn -0.503612 0.200832 -0.840263
vn 0.000051 -0.144155 -0.989555
vn 0.000048 0.232463 -0.972605
vn 0.000077 0.258584 0.965989
vn 0.460243 0.201685 -0.864581
vn 0.869819 0.336735 -0.360588
vn 0.684998 0.188390 0.703767
vn 0.502754 0.194562 -0.842250
vn 0.449713 -0.099408 -0.887624
vn 0.652198 -0.237787 0.719788
vn 0.910055 0.347543 -0.225860
vn 0.879770 0.340045 -0.332227
vn 0.901557 0.289071 -0.321919
vn 0.926943 0.297661 -0.228416
vn 0.892595 0.290793 -0.344548
vn 0.921222 -0.146958 -0.360213
vn 0.935102 -0.152992 -0.319652
vn 0.838126 -0.129928 -0.529778
vn 0.982543 -0.168214 -0.079456
vn 0.849239 0.046050 -0.525997
vn 0.995642 0.048441 -0.079693
vn 0.985622 0.046234 -0.162520
vn 0.969660 -0.191413 -0.152052
vn 0.972146 0.093186 -0.215053
vn 0.976332 0.163380 -0.141714
vn 0.827761 0.148683 -0.541023
vn 0.887206 0.085566 -0.453370
vn 0.948565 0.192799 -0.251103
vn 0.819539 0.148499 -0.553448
vn 0.741982 0.195109 -0.641401
vn 0.588378 0.132871 -0.797594
vn 0.791228 0.189625 -0.581378
vn 0.862321 0.047834 -0.504098
vn 0.787253 0.078940 -0.611557
vn 0.833899 -0.121699 -0.538333
vn 0.850115 -0.015783 -0.526361
vn 0.777470 0.013401 -0.628777
vn 0.763462 -0.120873 -0.634441
vn 0.560781 0.062944 -0.825568
vn 0.555160 0.009368 -0.831690
vn 0.958473 -0.155831 -0.238844
vn 0.922494 0.350637 0.161426
vn 0.929731 0.295189 0.220144
vn 0.944528 -0.153838 0.290172
vn 0.880721 0.357538 0.310639
vn 0.836690 0.298365 0.459270
vn 0.839350 0.371376 0.396953
vn 0.480716 0.799155 -0.360921
vn 0.907899 0.184174 0.376563
vn 0.864698 0.196893 0.462095
vn 0.938460 0.105010 0.329037
vn 0.938725 -0.182212 0.292564
vn 0.937347 0.091756 0.336097
vn 0.979993 -0.196971 0.028559
vn 0.994727 0.075238 0.069692
vn 0.975167 -0.196966 0.101260
vn 0.989070 0.027896 0.144785
vn 0.979929 0.153071 0.127708
vn 0.978594 0.067298 0.194485
vn 0.913559 0.157397 0.375015
vn 0.899432 0.172130 0.401738
vn 0.876834 0.157072 0.454412
vn 0.891952 0.065092 0.447419
vn 0.748613 0.161915 0.642932
vn 0.464390 0.880380 0.096302
vn 0.344733 0.839822 -0.419354
vn 0.365973 0.862702 -0.349011
vn 0.445863 0.890553 0.090123
vn 0.388423 0.856783 0.339190
vn 0.394359 0.892930 0.217157
vn 0.345471 0.882074 0.320304
vn 0.357445 0.816082 0.454140
vn 0.291972 0.875471 0.385101
vn 0.660548 0.142007 0.737232
vn 0.609969 0.103783 0.785600
vn 0.787523 0.119314 0.604625
vn 0.874864 0.026418 0.483648
vn 0.797231 0.042491 0.602178
vn 0.640347 0.037283 0.767180
vn 0.792877 -0.145444 0.591770
vn 0.797286 -0.064914 0.600100
vn 0.865902 -0.066543 0.495767
vn 0.853641 -0.152167 0.498139
vn 0.638034 -0.126643 0.759522
vn 0.642115 -0.048572 0.765068
vn 0.405754 -0.082590 0.910243
vn 0.433907 -0.004580 0.900946
vn 0.454775 0.056381 0.888820
vn 0.427698 0.121199 0.895759
vn 0.369538 0.135889 0.919226
vn 0.320105 0.120326 0.939710
vn 0.214095 0.876068 0.432052
vn 0.357650 -0.087021 0.929792
vn 0.325630 0.004636 0.945486
vn 0.394254 -0.041202 0.918077
vn 0.396966 -0.193756 0.897149
vn 0.692376 -0.028663 0.720967
vn 0.692305 -0.156589 0.704410
vn 0.722526 -0.026751 0.690826
vn 0.719760 -0.156713 0.676304
vn -0.654218 0.701679 -0.282215
vn -0.666262 0.695765 -0.268339
vn 0.682149 0.717895 -0.138921
vn 0.673929 0.727511 -0.128639
vn 0.351931 -0.197845 0.914878
vn 0.399540 -0.194309 0.895886
vn 0.500111 0.166189 -0.849865
vn 0.509657 0.030611 -0.859833
vn 0.552584 -0.028483 -0.832970
vn 0.552860 -0.091419 -0.828244
vn 0.495493 -0.027203 -0.868186
vn 0.981779 -0.000001 -0.190026
vn 0.981779 -0.000001 -0.190026
vn -0.924162 0.000004 -0.382001
vn -0.924162 0.000004 -0.382001
vn 0.507408 -0.265514 -0.819780
vn 0.509326 -0.071158 -0.857627
vn 0.799907 -0.194365 -0.567778
vn 0.806432 -0.047050 -0.589452
vn 0.827383 -0.193811 -0.527138
vn 0.837286 -0.044957 -0.544914
vn -0.618524 0.766430 0.173243
vn -0.642953 0.750716 0.151778
vn 0.766980 0.638225 0.066419
vn 0.784399 0.615307 0.078203
vn 0.994967 -0.000004 0.100202
vn 0.994967 -0.000004 0.100202
vn -0.975534 -0.000002 0.219850
vn -0.975534 -0.000002 0.219850
vn 0.516887 -0.123404 -0.847112
vn 0.503673 0.200824 -0.840228
vn -0.000000 -0.999992 0.003924
vn -0.000000 -0.999043 -0.043728
vn -0.000000 -0.998594 0.053008
vn -0.000000 -0.998594 0.053008
vn -0.000000 -0.993980 -0.109564
vn -0.000000 -0.993980 -0.109564
vn -0.000000 -0.993980 -0.109564
vn -0.000000 -0.993980 -0.109564
vn -0.955437 -0.188617 -0.227076
vn 0.955442 -0.188606 -0.227063
vn 0.401756 0.002088 0.915744
vn 0.347244 0.009561 0.937726
vn 0.428238 0.054346 0.902030
vn 0.407353 0.105348 0.907174
vn 0.359010 0.116567 0.926026
vn 0.054198 0.071856 0.995941
vn 0.322313 0.069351 0.944089
vn -0.000005 0.048994 0.998799
vn -0.723786 0.436693 0.534259
vn -0.833384 0.455515 0.313012
vn -0.756430 0.518912 0.398176
vn -0.700552 0.493706 0.515248
vn -0.613227 0.491413 0.618438
vn -0.620017 0.439290 0.650079
vn -0.459186 0.520120 0.720155
vn -0.453120 0.466972 0.759355
vn 0.000054 0.569655 0.821884
vn 0.000052 0.510456 0.859904
vn 0.756474 0.518872 0.398145
vn 0.833418 0.455473 0.312984
vn 0.723832 0.436662 0.534222
vn 0.700602 0.493673 0.515213
vn 0.620075 0.439265 0.650041
vn 0.613286 0.491384 0.618402
vn 0.453197 0.466952 0.759321
vn 0.459264 0.520096 0.720123
vn -0.513795 0.245601 -0.822007
vn 0.000042 0.281276 -0.959627
vn 0.000044 0.375467 -0.926836
vn -0.861467 0.393344 -0.321179
vn -0.874341 0.399119 -0.276102
vn -0.910045 0.347562 -0.225872
vn -0.879756 0.340063 -0.332244
vn 0.513848 0.245592 -0.821976
vn 0.861482 0.393323 -0.321163
vn 0.879770 0.340045 -0.332227
vn 0.874355 0.399098 -0.276088
vn 0.534569 0.735771 0.415784
vn 0.552890 -0.179644 -0.813658
vn 0.000000 0.000001 1.000000
vn -0.000000 -0.909464 0.415783
vn -0.531710 0.731835 -0.426264
vn -0.860325 -0.279536 -0.426265
vn -0.000000 0.000000 -1.000000
vn -0.000000 0.000000 -1.000000
vn -0.000000 0.000000 -1.000000
vn -0.000000 0.000000 -1.000000
vn -0.534569 0.735772 0.415783
vn 0.000000 0.000001 1.000000
vn -0.552891 -0.179645 -0.813658
vn -0.000000 -0.909464 0.415783
vn 0.531710 0.731835 -0.426265
vn 0.860324 -0.279536 -0.426265
vn -0.000000 0.000000 -1.000000
vn -0.000000 0.000000 -1.000000
vn -0.000000 0.000000 -1.000000
vn -0.000000 0.000000 -1.000000
vn -0.027055 0.999323 -0.024937
vn -0.000000 0.999983 -0.005836
vn -0.017718 0.998972 -0.041725
vn -0.044856 0.998060 -0.043171
vn -0.017237 0.998563 -0.050744
vn 0.000000 0.998287 -0.058498
vn 0.017718 0.998972 -0.041725
vn 0.017237 0.998563 -0.050744
vn 0.044856 0.998060 -0.043171
vn 0.027055 0.999323 -0.024937
vn -0.000000 0.999983 -0.005836
vn 0.000000 0.190245 -0.981737
vn 0.000000 0.190245 -0.981737
vn -0.000000 0.753675 -0.657247
vn -0.000000 0.753675 -0.657247
vn -0.000000 -0.044356 -0.999016
vn -0.000000 -0.044356 -0.999016
vn 0.000000 0.999504 -0.031501
vn 0.000000 0.999504 -0.031501
vn 0.885359 0.446591 0.129209
vn -0.728898 0.610364 0.310102
vn 0.206140 0.800851 0.562267
vn -0.506301 0.722532 0.470752
vn -0.387530 0.617376 0.684593
vn 0.601499 0.603383 0.523572
vn 0.110150 0.750510 0.651614
vn -0.094283 0.708431 0.699454
vn -0.331570 0.811445 0.481267
vn -0.320636 0.894283 0.312171
vn 0.320636 0.894283 0.312171
vn 0.331570 0.811445 0.481267
vn 0.000000 0.896608 0.442826
vn 0.140270 0.132427 -0.981217
vn -0.511912 -0.822239 -0.248735
vn -0.526492 -0.845660 0.087555
vn 0.300800 0.431360 -0.850557
vn 0.067023 0.064231 -0.995682
vn 0.522780 0.054878 -0.850699
vn -0.180655 0.444866 -0.877187
vn -0.429059 0.058149 -0.901403
vn -0.189159 -0.347305 -0.918476
vn 0.314055 -0.335795 -0.888038
vn -0.227332 0.087821 -0.969849
vn -0.753750 -0.578869 -0.311081
vn -0.788170 -0.605303 0.111335
vn -0.000000 -0.998594 0.053008
vn -0.000000 -0.998594 0.053008
vn -0.000000 -0.998594 0.053008
vn -0.000000 -0.998594 0.053008
vn -0.995277 -0.094449 0.022432
vn -0.998601 -0.051714 0.011040
vn -0.999887 -0.011582 -0.009573
vn -0.999193 -0.039073 0.009310
vn -0.998954 -0.042109 0.017844
vn 0.000000 -0.993980 -0.109564
vn 0.000000 -0.993980 -0.109564
vn 0.000000 -0.993980 -0.109564
vn 0.000000 -0.993980 -0.109564
vn -0.995323 -0.090802 -0.032967
vn -0.998497 -0.051809 -0.017899
vn -0.995134 -0.089906 -0.040323
vn -0.996751 -0.075380 -0.028377
vn -0.989905 -0.093207 -0.106773
vn -0.000000 -0.998594 0.053008
vn -0.000000 -0.998594 0.053008
vn -0.000000 -0.998594 0.053008
vn -0.000000 -0.998594 0.053008
vn 0.995277 -0.094448 0.022432
vn 0.998601 -0.051713 0.011040
vn 0.998954 -0.042109 0.017844
vn 0.998954 -0.042109 0.017844
vn 0.000000 -0.993980 -0.109564
vn 0.000000 -0.993980 -0.109564
vn 0.000000 -0.993980 -0.109564
vn 0.000000 -0.993980 -0.109564
vn 0.989905 -0.093208 -0.106774
vn 0.989905 -0.093208 -0.106774
vn 0.996751 -0.075380 -0.028377
vn 0.995134 -0.089906 -0.040323
vn 0.998497 -0.051809 -0.017899
vn 0.999887 -0.011582 -0.009573
vn -0.000000 -0.753879 -0.657013
vn -0.000000 -0.972811 -0.231601
vn -0.000000 -0.885868 -0.463937
vn -0.000000 -0.753879 -0.657013
vn 0.000000 -0.936294 0.351217
vn -0.000000 -0.984396 0.175966
vn 0.000000 -0.575479 0.817817
vn 0.000000 -0.737410 0.675446
vn 0.000000 -0.901826 0.432100
vn 0.000000 -0.790957 0.611872
vn 0.000000 -0.790957 0.611872
vn 0.000000 -0.974813 0.223022
vn -0.000000 -0.942306 -0.334752
vn -0.000000 -0.847269 -0.531165
vn -0.000001 -0.671792 -0.740740
vn -0.000000 -0.491628 -0.870806
vn 0.000000 -0.395566 0.918437
vn 0.000000 -0.395566 0.918437
vn -0.000000 -0.152513 -0.988301
vn -0.000000 -0.152513 -0.988301
vn -0.000000 -0.054183 -0.998531
vn -0.000000 -0.054183 -0.998531
vn 0.000001 -0.186951 0.982369
vn 0.000001 -0.186951 0.982369
vn -0.000000 -0.047564 -0.998868
vn -0.000000 -0.047564 -0.998868
vn 0.721698 -0.688040 -0.075841
vn 0.000000 -0.146496 0.989211
vn -0.000000 -0.885868 -0.463937
vn -0.000000 -0.972811 -0.231601
vn -0.000000 -0.753879 -0.657013
vn -0.000000 -0.753879 -0.657013
vn -0.000000 -0.984396 0.175966
vn 0.000000 -0.936294 0.351217
vn 0.000000 -0.737410 0.675446
vn 0.000000 -0.575479 0.817817
vn 0.000000 -0.790957 0.611872
vn 0.000000 -0.790957 0.611872
vn 0.000000 -0.901826 0.432100
vn 0.000000 -0.974813 0.223022
vn -0.000000 -0.942306 -0.334752
vn -0.000000 -0.847269 -0.531165
vn -0.000001 -0.671792 -0.740740
vn -0.000000 -0.491628 -0.870806
vn 0.000000 -0.395566 0.918437
vn 0.000000 -0.395566 0.918437
vn -0.000000 -0.152513 -0.988301
vn -0.000000 -0.152513 -0.988301
vn -0.000000 -0.054183 -0.998531
vn -0.000000 -0.054183 -0.998531
vn 0.000001 -0.186951 0.982369
vn 0.000001 -0.186951 0.982369
vn -0.000000 -0.047564 -0.998868
vn -0.000000 -0.047564 -0.998868
vn -0.721698 -0.688041 -0.075841
vn 0.000000 -0.146496 0.989211
vn -0.969177 0.241758 -0.047424
vn -0.830195 0.154255 -0.535707
vn -0.767584 0.338733 -0.544128
vn -0.908529 0.413830 -0.057615
vn -0.677921 0.509185 -0.530240
vn -0.788287 0.609750 -0.082512
vn -0.143651 0.939405 -0.311259
vn -0.378980 0.919086 0.107960
vn -0.419606 0.805560 -0.418334
vn 0.000028 0.901684 -0.432396
vn -0.152942 0.974887 0.161879
vn -0.763802 0.617306 0.188519
vn -0.664449 0.618573 0.419373
vn -0.437632 0.754306 0.489389
vn -0.594453 0.622459 0.509087
vn 0.000030 0.908031 0.418903
vn -0.007086 0.986747 0.162111
vn -0.877257 0.420829 0.230919
vn -0.772456 0.413321 0.482159
vn -0.673890 0.421622 0.606718
vn -0.536115 0.464903 0.704590
vn 0.000049 0.501030 0.865430
vn -0.926585 0.281535 0.249356
vn -0.819173 0.281683 0.499610
vn -0.700701 0.268334 0.661071
vn -0.535822 0.258698 0.803722
vn 0.000048 0.232746 0.972537
vn 0.830213 0.154247 -0.535681
vn 0.969182 0.241740 -0.047420
vn 0.767608 0.338718 -0.544103
vn 0.908543 0.413801 -0.057611
vn 0.677952 0.509165 -0.530219
vn 0.788315 0.609714 -0.082507
vn 0.134469 0.940658 -0.311577
vn 0.000029 0.949981 -0.312308
vn 0.419647 0.805543 -0.418326
vn 0.379031 0.919065 0.107957
vn 0.763835 0.617269 0.188508
vn 0.664493 0.618541 0.419352
vn 0.437693 0.754281 0.489373
vn 0.594504 0.622430 0.509063
vn 0.143131 0.976355 0.162004
vn 0.014272 0.986657 0.162184
vn 0.877276 0.420799 0.230903
vn 0.772489 0.413295 0.482128
vn 0.673936 0.421598 0.606684
vn 0.536179 0.464880 0.704556
vn 0.926597 0.281514 0.249336
vn 0.819200 0.281664 0.499576
vn 0.700744 0.268319 0.661032
vn 0.535885 0.258686 0.803684
vn -0.953328 0.298312 -0.046648
vn -0.823421 0.199146 -0.531336
vn -0.755009 0.378825 -0.535213
vn -0.884604 0.462956 -0.056098
vn -0.645397 0.573270 -0.504801
vn -0.732501 0.676434 -0.076673
vn -0.363230 0.925936 0.103473
vn -0.406492 0.818858 -0.405260
vn 0.000026 0.909416 -0.415887
vn 0.000029 0.989411 0.145139
vn -0.706465 0.685932 0.174367
vn -0.613996 0.687626 0.387529
vn -0.320084 0.877169 0.357939
vn -0.548964 0.691098 0.470130
vn 0.000028 0.915826 0.401574
vn -0.852323 0.472451 0.224356
vn -0.750598 0.465935 0.468516
vn -0.654246 0.474346 0.589032
vn -0.486769 0.594806 0.639736
vn 0.000047 0.555810 0.831309
vn -0.907940 0.340504 0.244338
vn -0.802746 0.340439 0.489591
vn -0.687046 0.328361 0.648188
vn -0.525097 0.322345 0.787634
vn 0.000047 0.303507 0.952829
vn 0.823440 0.199136 -0.531311
vn 0.953335 0.298291 -0.046645
vn 0.755033 0.378809 -0.535190
vn 0.884621 0.462925 -0.056095
vn 0.645429 0.573249 -0.504783
vn 0.732533 0.676400 -0.076669
vn 0.406532 0.818842 -0.405252
vn 0.363279 0.925917 0.103471
vn 0.706501 0.685897 0.174358
vn 0.614041 0.687595 0.387512
vn 0.320134 0.877154 0.357933
vn 0.549015 0.691070 0.470111
vn 0.852345 0.472419 0.224341
vn 0.750634 0.465907 0.468487
vn 0.654292 0.474321 0.589000
vn 0.486831 0.594782 0.639711
vn 0.907955 0.340479 0.244320
vn 0.802775 0.340417 0.489560
vn 0.687089 0.328342 0.648151
vn 0.525159 0.322331 0.787598
vn -0.004752 -0.083827 -0.996469
vn -0.005056 -0.022795 -0.999727
vn -0.674577 -0.015059 -0.738051
vn -0.665110 -0.057130 -0.744557
vn -0.375740 0.885156 -0.274443
vn -0.388756 0.851379 -0.352169
vn 0.000041 0.925979 -0.377576
vn 0.000040 0.948009 -0.318243
vn 0.000042 0.915555 0.402194
vn -0.355506 0.859008 0.368403
vn -0.475641 0.825549 0.303701
vn -0.503270 0.835145 -0.221926
vn -0.476829 0.817229 -0.323682
vn -0.789853 0.557919 -0.254676
vn -0.685676 0.386876 -0.616584
vn -0.660594 0.330026 -0.674314
vn -0.865887 0.499978 0.016186
vn -0.770830 -0.141461 -0.621136
vn -0.719320 -0.040661 -0.693488
vn -0.621689 0.318686 -0.715501
vn -0.748838 0.327702 -0.576066
vn -0.816117 -0.044446 -0.576175
vn -0.982698 -0.183149 0.027604
vn -0.993398 -0.060128 -0.097704
vn -0.907414 0.408898 -0.096965
vn -0.506140 0.400506 -0.763817
vn -0.004561 0.472326 -0.881412
vn -0.607006 0.375486 -0.700396
vn -0.004812 0.418453 -0.908226
vn 0.661157 -0.057398 -0.748049
vn 0.670499 -0.015134 -0.741756
vn 0.000048 0.925979 -0.377576
vn 0.388825 0.851352 -0.352158
vn 0.375810 0.885129 -0.274434
vn 0.000047 0.948009 -0.318243
vn 0.355576 0.858984 0.368393
vn 0.503329 0.835112 -0.221918
vn 0.475702 0.825518 0.303690
vn 0.476890 0.817199 -0.323670
vn 0.681731 0.388841 -0.619715
vn 0.789852 0.557919 -0.254676
vn 0.656500 0.331600 -0.677532
vn 0.863461 0.504151 0.016321
vn 0.767795 -0.142273 -0.624699
vn 0.715819 -0.040872 -0.697089
vn 0.617027 0.320182 -0.718861
vn 0.813421 -0.044737 -0.579953
vn 0.745313 0.329662 -0.579511
vn 0.982369 -0.184863 0.027862
vn 0.993266 -0.060723 -0.098671
vn 0.905637 0.412610 -0.097845
vn -0.004550 0.472326 -0.881412
vn 0.500261 0.402096 -0.766850
vn 0.602302 0.377173 -0.703543
vn -0.004801 0.418453 -0.908226
vn -0.004752 -0.083827 -0.996469
vn -0.005056 -0.022795 -0.999727
vn -0.674577 -0.015059 -0.738050
vn -0.665110 -0.057130 -0.744557
vn -0.411089 0.860726 -0.300261
vn -0.424068 0.820116 -0.384158
vn 0.000045 0.908016 -0.418936
vn 0.000044 0.935421 -0.353535
vn 0.000047 0.896286 0.443477
vn -0.387193 0.830114 0.401240
vn -0.515341 0.791296 0.329050
vn -0.545954 0.802480 -0.240748
vn -0.516368 0.781344 -0.350521
vn -0.789853 0.557919 -0.254676
vn -0.714458 0.277105 -0.642466
vn -0.682794 0.219131 -0.696975
vn -0.929457 0.368521 0.017375
vn -0.770830 -0.141461 -0.621136
vn -0.719320 -0.040661 -0.693488
vn -0.642405 0.201708 -0.739344
vn -0.775834 0.204624 -0.596833
vn -0.816117 -0.044446 -0.576175
vn -0.982698 -0.183149 0.027604
vn -0.993398 -0.060128 -0.097704
vn -0.959948 0.260726 -0.102578
vn -0.529553 0.284489 -0.799149
vn -0.004858 0.344277 -0.938856
vn -0.631570 0.264689 -0.728738
vn -0.005092 0.276321 -0.961052
vn 0.661157 -0.057398 -0.748049
vn 0.670499 -0.015134 -0.741756
vn 0.000053 0.908016 -0.418936
vn 0.424141 0.820085 -0.384143
vn 0.411163 0.860694 -0.300250
vn 0.000052 0.935421 -0.353535
vn 0.387267 0.830086 0.401226
vn 0.546014 0.802443 -0.240737
vn 0.515403 0.791262 0.329036
vn 0.516431 0.781310 -0.350506
vn 0.710657 0.278634 -0.646010
vn 0.789852 0.557919 -0.254675
vn 0.678785 0.220249 -0.700530
vn 0.928038 0.372071 0.017542
vn 0.767795 -0.142273 -0.624699
vn 0.715819 -0.040872 -0.697089
vn 0.637792 0.202720 -0.743052
vn 0.813421 -0.044737 -0.579952
vn 0.772521 0.205938 -0.600666
vn 0.982369 -0.184863 0.027863
vn 0.993266 -0.060723 -0.098670
vn 0.959111 0.263380 -0.103622
vn -0.004847 0.344277 -0.938856
vn 0.523598 0.285726 -0.802624
vn 0.626908 0.265978 -0.732285
vn -0.005080 0.276321 -0.961052
vn -0.475641 0.825549 0.303701
vn -0.355506 0.859008 0.368403
vn -0.454706 0.824727 0.336256
vn -0.604205 0.316833 0.731132
vn -0.573734 0.274512 0.771669
vn -0.631540 0.000764 0.775343
vn -0.670588 -0.049630 0.740168
vn -0.601361 -0.044959 0.797711
vn -0.583437 0.000378 0.812158
vn -0.513335 0.003335 0.858182
vn -0.514245 -0.035442 0.856911
vn -0.374544 -0.027931 0.926788
vn -0.385353 0.007635 0.922738
vn -0.003268 0.006822 0.999971
vn -0.003097 -0.028131 0.999599
vn -0.003769 0.337086 0.941466
vn -0.417131 0.307034 0.855414
vn -0.410544 0.363092 0.836431
vn -0.003712 0.398201 0.917291
vn -0.599316 0.352449 0.718749
vn -0.531601 0.357166 0.768006
vn -0.403164 0.380652 0.832204
vn 0.000042 0.915555 0.402194
vn -0.003460 0.414925 0.909849
vn -0.520416 0.289740 0.803255
vn -0.513807 0.343058 0.786329
vn -0.637744 0.368245 0.676520
vn -0.724247 -0.134980 0.676200
vn 0.355576 0.858984 0.368393
vn 0.475702 0.825518 0.303690
vn 0.454768 0.824697 0.336244
vn 0.599900 0.318123 0.734110
vn 0.666891 -0.049852 0.743486
vn 0.627528 0.000767 0.778594
vn 0.569175 0.275576 0.774659
vn 0.597422 -0.045125 0.800657
vn 0.579208 0.000379 0.815180
vn 0.509918 -0.035549 0.859488
vn 0.508781 0.003345 0.860890
vn 0.369452 -0.027992 0.928828
vn 0.380060 0.007653 0.924930
vn 0.404815 0.364111 0.838778
vn 0.411355 0.307922 0.857888
vn 0.595067 0.353842 0.721589
vn 0.526989 0.358379 0.770615
vn 0.397645 0.381655 0.834397
vn 0.515475 0.290755 0.806069
vn 0.508914 0.344222 0.788998
vn 0.633533 0.369902 0.679565
vn 0.720914 -0.135662 0.679617
vn -0.697198 0.314170 0.644370
vn -0.765798 -0.046352 0.641409
vn 0.693247 0.315845 0.647804
vn 0.762626 -0.046623 0.645157
vn -0.886461 0.387928 -0.252385
vn -0.858515 0.386863 0.336585
vn -0.940995 -0.056956 0.333595
vn -0.966673 -0.052645 -0.250542
vn 0.884419 0.391190 -0.254508
vn 0.966044 -0.053131 -0.252856
vn 0.856016 0.390002 0.339316
vn 0.939910 -0.057461 0.336552
vn -0.515341 0.791296 0.329050
vn -0.387193 0.830114 0.401239
vn -0.492541 0.790403 0.364235
vn -0.622434 0.212789 0.753191
vn -0.588168 0.168069 0.791083
vn -0.631540 0.000764 0.775343
vn -0.670588 -0.049630 0.740168
vn -0.601361 -0.044959 0.797711
vn -0.583437 0.000378 0.812158
vn -0.513335 0.003335 0.858182
vn -0.514245 -0.035442 0.856911
vn -0.374544 -0.027931 0.926788
vn -0.385353 0.007635 0.922738
vn -0.003268 0.006822 0.999971
vn -0.003097 -0.028131 0.999599
vn -0.003904 0.221363 0.975184
vn -0.429548 0.198850 0.880879
vn -0.425472 0.259914 0.866844
vn -0.003874 0.288796 0.957383
vn -0.619602 0.252845 0.743077
vn -0.549421 0.260953 0.793751
vn -0.418117 0.283354 0.863069
vn 0.000047 0.896286 0.443477
vn -0.003609 0.314715 0.949179
vn -0.534429 0.184264 0.824884
vn -0.530674 0.242509 0.812142
vn -0.661903 0.262438 0.702148
vn -0.724247 -0.134980 0.676200
vn 0.387267 0.830086 0.401226
vn 0.515403 0.791262 0.329035
vn 0.492605 0.790370 0.364220
vn 0.618155 0.213709 0.756448
vn 0.666891 -0.049852 0.743486
vn 0.627528 0.000767 0.778594
vn 0.583610 0.168754 0.794306
vn 0.597422 -0.045125 0.800657
vn 0.579208 0.000379 0.815180
vn 0.509918 -0.035549 0.859488
vn 0.508781 0.003345 0.860890
vn 0.369452 -0.027992 0.928828
vn 0.380060 0.007653 0.924930
vn 0.419621 0.260697 0.869457
vn 0.423675 0.199460 0.883581
vn 0.615377 0.253914 0.746217
vn 0.544781 0.261900 0.796631
vn 0.412476 0.284158 0.865516
vn 0.529456 0.184944 0.827932
vn 0.525740 0.243387 0.815083
vn 0.657761 0.263711 0.705554
vn 0.720914 -0.135662 0.679617
vn -0.932252 0.245879 -0.265422
vn -0.902596 0.245149 0.353867
vn -0.940995 -0.056956 0.333595
vn -0.966673 -0.052645 -0.250543
vn 0.930938 0.248169 -0.267894
vn 0.966044 -0.053131 -0.252857
vn 0.900742 0.247351 0.357045
vn 0.939910 -0.057461 0.336552
vn -0.027055 0.999323 -0.024937
vn -0.000000 0.999983 -0.005836
vn -0.017718 0.998972 -0.041725
vn -0.044856 0.998060 -0.043171
vn -0.017237 0.998563 -0.050744
vn 0.000000 0.998287 -0.058498
vn 0.017718 0.998972 -0.041725
vn 0.017237 0.998563 -0.050744
vn 0.044856 0.998060 -0.043171
vn 0.027055 0.999323 -0.024937
vn -0.000000 0.999983 -0.005836
vn 0.000000 0.190245 -0.981737
vn 0.000000 0.190245 -0.981737
vn -0.000000 0.753675 -0.657247
vn -0.000000 0.753675 -0.657247
vn -0.256084 0.137915 0.956766
vn -0.241439 0.140398 0.960206
vn -0.163142 0.123055 0.978898
vn -0.261728 0.136490 0.955442
vn -0.149743 0.131402 0.979954
vn 0.000000 0.105018 0.994470
vn 0.879496 0.336457 -0.336574
vn 0.897738 0.344016 -0.275171
vn 0.699293 0.286429 -0.654941
vn 0.827863 0.273815 -0.489560
vn 0.626744 0.236351 -0.742516
vn 0.299117 0.221672 -0.928111
vn -0.000000 0.224979 -0.974364
vn 0.000000 0.198403 -0.980121
vn 0.241439 0.140398 0.960206
vn 0.256085 0.137915 0.956765
vn 0.163142 0.123055 0.978898
vn 0.261730 0.136490 0.955441
vn 0.149743 0.131402 0.979954
vn -0.904409 0.320494 -0.281652
vn -0.883041 0.300427 -0.360531
vn -0.737510 0.295920 -0.607051
vn -0.827863 0.273814 -0.489560
vn -0.626744 0.236350 -0.742516
vn -0.299117 0.221672 -0.928111
vn -0.000000 -1.000000 0.000000
vn -0.000000 -1.000000 0.000000
vn -0.000000 -1.000000 0.000000
vn -0.000000 -1.000000 0.000000
vn -0.000000 1.000000 0.000000
vn -0.000000 1.000000 0.000000
vn -0.000000 1.000000 0.000000
vn -0.000000 1.000000 0.000000
vn 0.000000 1.000000 -0.000000
vn 0.000000 1.000000 -0.000000
vn 0.000000 1.000000 -0.000000
vn 0.000000 1.000000 -0.000000
vn -0.000000 -1.000000 -0.000000
vn -0.000000 -1.000000 -0.000000
vn -0.000000 -1.000000 -0.000000
vn -0.000000 -1.000000 -0.000000
vn -0.000000 -1.000000 -0.000000
vn -0.000000 -1.000000 -0.000000
vn -0.000000 -1.000000 -0.000000
vn -0.000000 -1.000000 -0.000000
vn -0.000000 1.000000 0.000000
vn -0.000000 1.000000 0.000000
vn -0.000000 1.000000 0.000000
vn -0.000000 1.000000 0.000000
vn 0.000000 1.000000 -0.000000
vn 0.000000 1.000000 -0.000000
vn 0.000000 1.000000 -0.000000
vn 0.000000 1.000000 -0.000000
vn -0.000000 -1.000000 -0.000000
vn -0.000000 -1.000000 -0.000000
vn -0.000000 -1.000000 -0.000000
vn -0.000000 -1.000000 -0.000000
vn -1.000000 0.000000 -0.000000
vn -1.000000 0.000000 -0.000000
vn -1.000000 0.000000 -0.000000
vn -1.000000 0.000000 -0.000000
vn 1.000000 0.000000 -0.000000
vn 1.000000 0.000000 -0.000000
vn 1.000000 0.000000 -0.000000
vn 1.000000 0.000000 -0.000000
vn -0.000000 -1.000000 -0.000000
vn -0.000000 -1.000000 -0.000000
vn -0.000000 -1.000000 -0.000000
vn -0.000000 -1.000000 -0.000000
vn -0.000000 1.000000 -0.000000
vn -0.000000 1.000000 -0.000000
vn -0.000000 1.000000 -0.000000
vn -0.000000 1.000000 -0.000000
vn -0.000000 -1.000000 -0.000000
vn -0.000000 -1.000000 -0.000000
vn -0.000000 -1.000000 -0.000000
vn -0.000000 -1.000000 -0.000000
vn -0.000000 1.000000 -0.000000
vn -0.000000 1.000000 -0.000000
vn -0.000000 1.000000 -0.000000
vn -0.000000 1.000000 -0.000000
vn -0.000000 -1.000000 -0.000000
vn -0.000000 -1.000000 -0.000000
vn -0.000000 -1.000000 -0.000000
vn -0.000000 -1.000000 -0.000000
vn -0.000000 1.000000 -0.000000
vn -0.000000 1.000000 -0.000000
vn -0.000000 1.000000 -0.000000
vn -0.000000 1.000000 -0.000000
vn -0.000000 1.000000 -0.000000
vn -0.000000 1.000000 -0.000000
vn -0.000000 1.000000 -0.000000
vn -0.000000 1.000000 -0.000000
vn -0.000000 -1.000000 -0.000000
vn -0.000000 -1.000000 -0.000000
vn -0.000000 -1.000000 -0.000000
vn -0.000000 -1.000000 -0.000000
vn -0.000000 -1.000000 -0.000000
vn -0.000000 -1.000000 -0.000000
vn -0.000000 -1.000000 -0.000000
vn -0.000000 -1.000000 -0.000000
vn -0.000000 1.000000 -0.000000
vn -0.000000 1.000000 -0.000000
vn -0.000000 1.000000 -0.000000
vn -0.000000 1.000000 -0.000000
vn -0.000000 1.000000 -0.000000
vn -0.000000 1.000000 -0.000000
vn -0.000000 1.000000 -0.000000
vn -0.000000 1.000000 -0.000000
vn -0.000000 -1.000000 -0.000000
vn -0.000000 -1.000000 -0.000000
vn -0.000000 -1.000000 -0.000000
vn -0.000000 -1.000000 -0.000000
vn -0.000000 -1.000000 -0.000000
vn -0.000000 -1.000000 -0.000000
vn -0.000000 -1.000000 -0.000000
vn -0.000000 -1.000000 -0.000000
vn -0.000000 1.000000 -0.000000
vn -0.000000 1.000000 -0.000000
vn -0.000000 1.000000 -0.000000
vn -0.000000 1.000000 -0.000000
vn -0.000000 -0.000000 -1.000000
vn -0.000000 -0.000000 -1.000000
vn -0.000000 -0.000000 -1.000000
vn -0.000000 -0.000000 -1.000000
vn -0.000000 0.000000 1.000000
vn -0.000000 0.000000 1.000000
vn -0.000000 0.000000 1.000000
vn -0.000000 0.000000 1.000000
vn -0.000000 -1.000000 -0.000000
vn -0.000000 -1.000000 -0.000000
vn -0.000000 -1.000000 -0.000000
vn -0.000000 -1.000000 -0.000000
vn -0.000000 1.000000 -0.000000
vn -0.000000 1.000000 -0.000000
vn -0.000000 1.000000 -0.000000
vn -0.000000 1.000000 -0.000000
vn 0.000000 -1.000000 -0.000000
vn 0.000000 -1.000000 -0.000000
vn 0.000000 -1.000000 -0.000000
vn 0.000000 -1.000000 -0.000000
vn -0.000000 1.000000 -0.000000
vn -0.000000 1.000000 -0.000000
vn -0.000000 1.000000 -0.000000
vn -0.000000 1.000000 -0.000000
vn 0.000000 -1.000000 -0.000000
vn 0.000000 -1.000000 -0.000000
vn 0.000000 -1.000000 -0.000000
vn 0.000000 -1.000000 -0.000000
vn -0.000000 1.000000 -0.000000
vn -0.000000 1.000000 -0.000000
vn -0.000000 1.000000 -0.000000
vn -0.000000 1.000000 -0.000000
vn 1.000000 0.000000 -0.000000
vn 1.000000 0.000000 -0.000000
vn 1.000000 0.000000 -0.000000
vn 1.000000 0.000000 -0.000000
vn -1.000000 0.000000 -0.000000
vn -1.000000 0.000000 -0.000000
vn -1.000000 0.000000 -0.000000
vn -1.000000 0.000000 -0.000000
vn 0.000000 0.000000 1.000000
vn 0.000000 0.000000 1.000000
vn 0.000000 0.000000 1.000000
vn 0.000000 0.000000 1.000000
vn -0.000000 0.000000 -1.000000
vn -0.000000 0.000000 -1.000000
vn -0.000000 0.000000 -1.000000
vn -0.000000 0.000000 -1.000000
vn 0.000000 0.000000 1.000000
vn 0.000000 0.000000 1.000000
vn 0.000000 0.000000 1.000000
vn 0.000000 0.000000 1.000000
vn -0.000000 0.000000 -1.000000
vn -0.000000 0.000000 -1.000000
vn -0.000000 0.000000 -1.000000
vn -0.000000 0.000000 -1.000000
vn -1.000000 0.000000 -0.000000
vn -1.000000 0.000000 -0.000000
vn -1.000000 0.000000 -0.000000
vn -1.000000 0.000000 -0.000000
vn 1.000000 0.000000 -0.000000
vn 1.000000 0.000000 -0.000000
vn 1.000000 0.000000 -0.000000
vn 1.000000 0.000000 -0.000000
vn -1.000000 0.000000 -0.000000
vn -1.000000 0.000000 -0.000000
vn -1.000000 0.000000 -0.000000
vn -1.000000 0.000000 -0.000000
vn 1.000000 0.000000 -0.000000
vn 1.000000 0.000000 -0.000000
vn 1.000000 0.000000 -0.000000
vn 1.000000 0.000000 -0.000000

# Texture coordinates + Triangles
usemtl car_body
s 1
vt 0.876014 0.141963
vt 0.876014 0.250791
vt 0.999060 0.250791
f 1/1/1 2/5/2 3/9/3
vt 0.876014 0.141963
vt 0.999060 0.250791
vt 0.999060 0.141963
f 1/1/1 3/8/3 4/12/4
vt 0.985994 0.005269
vt 0.988892 0.009825
vt 0.988741 0.010583
f 1/1/1 2/5/2 3/9/3
vt 0.988892 0.009825
vt 0.987982 0.018762
vt 0.988741 0.010583
f 2/4/2 4/11/4 3/9/3
vt 0.988892 0.009825
vt 0.988892 0.019502
vt 0.987982 0.018762
f 2/4/2 5/14/5 4/12/4
vt 0.988892 0.019502
vt 0.984007 0.018762
vt 0.987982 0.018762
f 5/13/5 6/17/6 4/12/4
vt 0.988892 0.019502
vt 0.983097 0.019502
vt 0.984007 0.018762
f 5/13/5 7/20/7 6/18/6
vt 0.983097 0.019502
vt 0.983248 0.010585
vt 0.984007 0.018762
f 7/19/7 8/23/8 6/18/6
vt 0.983097 0.019502
vt 0.983097 0.009825
vt 0.983248 0.010585
f 7/19/7 9/26/9 8/24/8
vt 0.983097 0.009825
vt 0.985994 0.005269
vt 0.983248 0.010585
f 9/25/9 1/2/1 8/24/8
vt 0.988741 0.010583
vt 0.987982 0.018762
vt 0.989125 0.019836
f 3/7/3 4/11/4 10/30/10
vt 0.987982 0.018762
vt 0.982864 0.019836
vt 0.989125 0.019836
f 4/10/4 11/32/11 10/30/10
vt 0.987982 0.018762
vt 0.984007 0.018762
vt 0.982864 0.019836
f 4/10/4 6/17/6 11/33/11
vt 0.984007 0.018762
vt 0.983248 0.010585
vt 0.982864 0.019836
f 6/16/6 8/23/8 11/33/11
vt 0.988741 0.010583
vt 0.988554 0.019849
vt 0.988554 0.010775
f 3/7/3 12/35/12 13/39/13
vt 0.988741 0.010583
vt 0.989125 0.019836
vt 0.988554 0.019849
f 3/7/3 10/29/10 12/36/12
vt 0.665462 0.186503
vt 0.662332 0.186519
vt 0.664891 0.186515
f 10/28/10 14/41/14 12/36/12
vt 0.665462 0.186503
vt 0.659201 0.186503
vt 0.659772 0.186515
f 10/28/10 11/32/11 15/45/15
vt 0.982864 0.019836
vt 0.983435 0.010775
vt 0.983435 0.019849
f 11/31/11 16/47/16 15/45/15
vt 0.982864 0.019836
vt 0.983248 0.010585
vt 0.983435 0.010775
f 11/31/11 8/23/8 16/48/16
vt 0.985994 0.010129
vt 0.988554 0.010775
vt 0.985994 0.014995
f 17/49/17 13/38/13 18/54/18
vt 0.985994 0.014995
vt 0.985994 0.019852
vt 0.983435 0.019849
f 18/52/18 14/41/14 15/45/15
vt 0.985994 0.014995
vt 0.983435 0.019849
vt 0.983435 0.010775
f 18/52/18 15/44/15 16/48/16
vt 0.985994 0.010129
vt 0.984715 0.007312
vt 0.985994 0.006283
f 17/49/17 19/56/19 20/60/20
vt 0.985994 0.010129
vt 0.987274 0.007312
vt 0.988554 0.010775
f 17/49/17 21/62/21 13/39/13
vt 0.665462 0.186503
vt 0.659772 0.186515
vt 0.662332 0.186519
f 10/28/10 15/44/15 14/42/14
vt 0.988554 0.010775
vt 0.988554 0.019849
vt 0.985994 0.014995
f 13/37/13 12/35/12 18/54/18
vt 0.985994 0.010129
vt 0.983435 0.010775
vt 0.984715 0.007312
f 17/49/17 16/47/16 19/57/19
vt 0.985994 0.010129
vt 0.985994 0.006283
vt 0.987274 0.007312
f 17/49/17 20/59/20 21/63/21
vt 0.985994 0.006283
vt 0.985994 0.005685
vt 0.987274 0.007312
f 20/58/20 22/65/22 21/63/21
vt 0.983248 0.010585
vt 0.985994 0.005269
vt 0.985994 0.005685
f 8/22/8 1/2/1 22/66/22
vt 0.984715 0.007312
vt 0.985994 0.005685
vt 0.985994 0.006283
f 19/55/19 22/65/22 20/60/20
vt 0.988741 0.010583
vt 0.987274 0.007312
vt 0.985994 0.005685
f 3/7/3 21/62/21 22/66/22
vt 0.988741 0.010583
vt 0.988554 0.010775
vt 0.987274 0.007312
f 3/7/3 13/38/13 21/63/21
vt 0.985994 0.005685
vt 0.985994 0.005269
vt 0.988741 0.010583
f 22/64/22 1/2/1 3/9/3
vt 0.983435 0.010775
vt 0.983248 0.010585
vt 0.984715 0.007312
f 16/46/16 8/23/8 19/57/19
vt 0.984715 0.007312
vt 0.983248 0.010585
vt 0.985994 0.005685
f 19/55/19 8/23/8 22/66/22
vt 0.985994 0.010129
vt 0.985994 0.014995
vt 0.983435 0.010775
f 17/49/17 18/53/18 16/48/16
vt 0.985994 0.014995
vt 0.988554 0.019849
vt 0.985994 0.019852
f 18/52/18 12/35/12 14/42/14
vt 0.985494 0.008094
vt 0.989221 0.009587
vt 0.988665 0.010078
f 1/1/1 2/5/2 3/9/3
vt 0.985494 0.008094
vt 0.988665 0.010078
vt 0.985494 0.008807
f 1/1/1 3/8/3 4/12/4
vt 0.989221 0.009587
vt 0.989221 0.021579
vt 0.988665 0.020582
f 2/4/2 5/14/5 6/18/6
vt 0.989221 0.009587
vt 0.988665 0.020582
vt 0.988665 0.010078
f 2/4/2 6/17/6 3/9/3
vt 0.989221 0.021579
vt 0.981768 0.021579
vt 0.982324 0.020582
f 5/13/5 7/20/7 8/24/8
vt 0.989221 0.021579
vt 0.982324 0.020582
vt 0.988665 0.020582
f 5/13/5 8/23/8 6/18/6
vt 0.981768 0.021579
vt 0.981768 0.009587
vt 0.982324 0.010078
f 7/19/7 9/26/9 10/30/10
vt 0.981768 0.021579
vt 0.982324 0.010078
vt 0.982324 0.020582
f 7/19/7 10/29/10 8/24/8
vt 0.981768 0.009587
vt 0.985494 0.008094
vt 0.985494 0.008807
f 9/25/9 1/2/1 4/12/4
vt 0.981768 0.009587
vt 0.985494 0.008807
vt 0.982324 0.010078
f 9/25/9 4/11/4 10/30/10
vt 0.659858 0.186119
vt 0.663029 0.186119
vt 0.663029 0.186107
f 11/31/11 12/35/12 13/39/13
vt 0.659858 0.186119
vt 0.663029 0.186107
vt 0.659858 0.186107
f 11/31/11 13/38/13 14/42/14
vt 0.988665 0.010078
vt 0.988665 0.020582
vt 0.988665 0.020571
f 3/7/3 6/17/6 15/45/15
vt 0.988665 0.010078
vt 0.988665 0.020571
vt 0.988665 0.010067
f 3/7/3 15/44/15 16/48/16
vt 0.988665 0.020582
vt 0.982324 0.020582
vt 0.982324 0.020571
f 6/16/6 8/23/8 17/51/17
vt 0.988665 0.020582
vt 0.982324 0.020571
vt 0.988665 0.020571
f 6/16/6 17/50/17 15/45/15
vt 0.982324 0.020582
vt 0.982324 0.010078
vt 0.982324 0.010067
f 8/22/8 10/29/10 18/54/18
vt 0.982324 0.020582
vt 0.982324 0.010067
vt 0.982324 0.020571
f 8/22/8 18/53/18 17/51/17
vt 0.656687 0.186119
vt 0.659858 0.186119
vt 0.659858 0.186107
f 19/55/19 11/32/11 14/42/14
vt 0.656687 0.186119
vt 0.659858 0.186107
vt 0.656687 0.186107
f 19/55/19 14/41/14 20/60/20
vt 0.985494 0.011735
vt 0.985494 0.008796
vt 0.988665 0.010067
f 21/61/21 22/65/22 16/48/16
vt 0.985494 0.011735
vt 0.988665 0.010067
vt 0.988665 0.020571
f 21/61/21 16/47/16 15/45/15
vt 0.985494 0.011735
vt 0.988665 0.020571
vt 0.982324 0.020571
f 21/61/21 15/44/15 17/51/17
vt 0.985494 0.011735
vt 0.982324 0.020571
vt 0.982324 0.010067
f 21/61/21 17/50/17 18/54/18
vt 0.985494 0.011735
vt 0.982324 0.010067
vt 0.985494 0.008796
f 21/61/21 18/53/18 22/66/22
vt 0.985494 0.008807
vt 0.988665 0.010078
vt 0.988665 0.004959
f 4/10/4 3/8/3 12/36/12
vt 0.985494 0.008807
vt 0.988665 0.004959
vt 0.985494 0.004959
f 4/10/4 12/35/12 11/33/11
vt 0.982324 0.010078
vt 0.985494 0.008807
vt 0.985494 0.004959
f 10/28/10 4/11/4 11/33/11
vt 0.982324 0.010078
vt 0.985494 0.004959
vt 0.982324 0.004959
f 10/28/10 11/32/11 19/57/19
vt 0.988665 0.010067
vt 0.985494 0.008796
vt 0.985494 0.004947
f 16/46/16 22/65/22 14/42/14
vt 0.988665 0.010067
vt 0.985494 0.004947
vt 0.988665 0.004947
f 16/46/16 14/41/14 13/39/13
vt 0.988665 0.010078
vt 0.988665 0.010067
vt 0.988665 0.004947
f 3/7/3 16/47/16 13/39/13
vt 0.988665 0.010078
vt 0.988665 0.004947
vt 0.988665 0.004959
f 3/7/3 13/38/13 12/36/12
vt 0.982324 0.010067
vt 0.982324 0.010078
vt 0.982324 0.004959
f 18/52/18 10/29/10 19/57/19
vt 0.982324 0.010067
vt 0.982324 0.004959
vt 0.982324 0.004947
f 18/52/18 19/56/19 20/60/20
vt 0.985494 0.008796
vt 0.982324 0.010067
vt 0.982324 0.004947
f 22/64/22 18/53/18 20/60/20
vt 0.985494 0.008796
vt 0.982324 0.004947
vt 0.985494 0.004947
f 22/64/22 20/59/20 14/42/14
vt 0.121833 0.925135
vt 0.299189 0.923811
vt 0.121833 0.925135
f 1/1/1 2/5/2 3/9/3
vt 0.983399 0.062230
vt 0.991265 0.069695
vt 0.993521 0.062230
f 4/10/4 5/14/5 6/18/6
vt 0.983399 0.062230
vt 0.975787 0.069695
vt 0.991265 0.069695
f 4/10/4 7/20/7 5/15/5
vt 0.983399 0.062230
vt 0.973277 0.062230
vt 0.975787 0.069695
f 4/10/4 8/23/8 7/21/7
vt 0.983399 0.062230
vt 0.975787 0.054765
vt 0.973277 0.062230
f 4/10/4 9/26/9 8/24/8
vt 0.983399 0.062230
vt 0.991265 0.054765
vt 0.975787 0.054765
f 4/10/4 10/29/10 9/27/9
vt 0.983399 0.062230
vt 0.993521 0.062230
vt 0.991265 0.054765
f 4/10/4 6/17/6 10/30/10
vt 0.239085 0.927378
vt 0.230876 0.954541
vt 0.202320 0.927381
f 6/16/6 5/14/5 2/6/2
vt 0.230876 0.954541
vt 0.174556 0.954541
vt 0.202320 0.927381
f 5/13/5 7/20/7 2/6/2
vt 0.174556 0.954541
vt 0.165425 0.927378
vt 0.202320 0.927381
f 7/19/7 8/23/8 2/6/2
vt 0.165425 0.927378
vt 0.174556 0.900214
vt 0.202320 0.927381
f 8/22/8 9/26/9 2/6/2
vt 0.174556 0.900214
vt 0.230876 0.900214
vt 0.202320 0.927381
f 9/25/9 10/29/10 2/6/2
vt 0.230876 0.900214
vt 0.239085 0.927378
vt 0.202320 0.927381
f 10/28/10 6/17/6 2/6/2
vt 0.283977 0.946558
vt 0.299189 0.923811
vt 0.121833 0.925135
f 11/31/11 2/5/2 1/3/1
vt 0.283977 0.946558
vt 0.121833 0.925135
vt 0.095499 0.949781
f 11/31/11 1/2/1 12/36/12
vt 0.095499 0.949781
vt 0.121833 0.925135
vt 0.121833 0.925135
f 12/34/12 1/2/1 3/9/3
vt 0.095499 0.949781
vt 0.121833 0.925135
vt 0.095499 0.949781
f 12/34/12 3/8/3 13/39/13
vt 0.299189 0.923811
vt 0.283977 0.946558
vt 0.095499 0.949781
f 2/4/2 11/32/11 13/39/13
vt 0.299189 0.923811
vt 0.095499 0.949781
vt 0.121833 0.925135
f 2/4/2 13/38/13 3/9/3
vt 0.283977 0.946558
vt 0.095499 0.949781
vt 0.095499 0.949781
f 11/31/11 12/35/12 13/39/13
vt 0.764552 0.032158
vt 0.789371 0.045971
vt 0.762411 0.041168
f 1/1/1 2/5/2 3/9/3
vt 0.764552 0.032158
vt 0.764814 0.032158
vt 0.789634 0.045971
f 1/1/1 4/11/4 5/15/5
vt 0.764552 0.032158
vt 0.789634 0.045971
vt 0.789371 0.045971
f 1/1/1 5/14/5 2/6/2
vt 0.764814 0.032158
vt 0.764552 0.032158
vt 0.754567 0.041168
f 4/10/4 1/2/1 6/18/6
vt 0.764814 0.032158
vt 0.754567 0.041168
vt 0.755030 0.041168
f 4/10/4 6/17/6 7/21/7
vt 0.762411 0.041168
vt 0.789371 0.045971
vt 0.789371 0.057013
f 3/7/3 2/5/2 8/24/8
vt 0.762411 0.041168
vt 0.789371 0.057013
vt 0.762411 0.061816
f 3/7/3 8/23/8 9/27/9
vt 0.789371 0.045971
vt 0.789634 0.045971
vt 0.789634 0.057013
f 2/4/2 5/14/5 10/30/10
vt 0.789371 0.045971
vt 0.789634 0.057013
vt 0.789371 0.057013
f 2/4/2 10/29/10 8/24/8
vt 0.755030 0.041168
vt 0.754567 0.041168
vt 0.754567 0.061816
f 7/19/7 6/17/6 11/33/11
vt 0.755030 0.041168
vt 0.754567 0.061816
vt 0.755030 0.061816
f 7/19/7 11/32/11 12/36/12
vt 0.754567 0.041168
vt 0.762411 0.041168
vt 0.762411 0.061816
f 6/16/6 3/8/3 9/27/9
vt 0.754567 0.041168
vt 0.762411 0.061816
vt 0.754567 0.061816
f 6/16/6 9/26/9 11/33/11
vt 0.762411 0.061816
vt 0.789371 0.057013
vt 0.764552 0.070825
f 9/25/9 8/23/8 13/39/13
vt 0.789371 0.057013
vt 0.789634 0.057013
vt 0.764814 0.070825
f 8/22/8 10/29/10 14/42/14
vt 0.789371 0.057013
vt 0.764814 0.070825
vt 0.764552 0.070825
f 8/22/8 14/41/14 13/39/13
vt 0.755030 0.061816
vt 0.754567 0.061816
vt 0.764552 0.070825
f 12/34/12 11/32/11 13/39/13
vt 0.755030 0.061816
vt 0.764552 0.070825
vt 0.764814 0.070825
f 12/34/12 13/38/13 14/42/14
vt 0.754567 0.061816
vt 0.762411 0.061816
vt 0.764552 0.070825
f 11/31/11 9/26/9 13/39/13
vt 0.764552 0.032158
vt 0.762411 0.041168
vt 0.754567 0.041168
f 1/1/1 3/8/3 6/18/6
vt 0.778812 0.980153
vt 0.804471 0.994516
vt 0.778809 0.995952
f 1/1/1 2/5/2 3/9/3
vt 0.056469 0.284419
vt 0.040661 0.285171
vt 0.042259 0.002092
f 1/1/1 3/8/3 4/12/4
vt 0.056469 0.284419
vt 0.042259 0.002092
vt 0.056041 0.002155
f 1/1/1 4/11/4 5/15/5
vt 0.842810 0.894756
vt 0.842251 0.980153
vt 0.842167 0.975224
f 6/16/6 1/2/1 5/15/5
vt 0.842810 0.894756
vt 0.842167 0.975224
vt 0.842482 0.891951
f 6/16/6 5/14/5 7/21/7
vt 0.472197 0.867731
vt 0.470510 0.852544
vt 0.433195 0.850830
f 8/22/8 9/26/9 10/30/10
vt 0.472197 0.867731
vt 0.433195 0.850830
vt 0.430764 0.866115
f 8/22/8 10/29/10 11/33/11
vt 0.430764 0.866115
vt 0.433195 0.850830
vt 0.428414 0.848549
f 11/31/11 10/29/10 12/36/12
vt 0.428414 0.848549
vt 0.433195 0.850830
vt 0.438061 0.708138
f 12/34/12 10/29/10 13/39/13
vt 0.428414 0.848549
vt 0.438061 0.708138
vt 0.429086 0.712196
f 12/34/12 13/38/13 14/42/14
vt 0.438061 0.708138
vt 0.335471 0.703509
vt 0.347808 0.713105
f 13/37/13 15/44/15 16/48/16
vt 0.438061 0.708138
vt 0.347808 0.713105
vt 0.429086 0.712196
f 13/37/13 16/47/16 14/42/14
vt 0.347879 0.771950
vt 0.347808 0.713105
vt 0.335471 0.703509
f 17/49/17 16/47/16 15/45/15
vt 0.347879 0.771950
vt 0.335471 0.703509
vt 0.335533 0.771648
f 17/49/17 15/44/15 18/54/18
vt 0.335533 0.771648
vt 0.335471 0.703509
vt 0.306513 0.694346
f 18/52/18 15/44/15 19/57/19
vt 0.335533 0.771648
vt 0.306513 0.694346
vt 0.302138 0.771559
f 18/52/18 19/56/19 20/60/20
vt 0.302138 0.771559
vt 0.280704 0.787256
vt 0.311725 0.808321
f 20/58/20 21/62/21 22/66/22
vt 0.311725 0.808321
vt 0.335533 0.771648
vt 0.302138 0.771559
f 22/64/22 18/53/18 20/60/20
vt 0.335533 0.771648
vt 0.311725 0.808321
vt 0.336048 0.807786
f 18/52/18 22/65/22 23/69/23
vt 0.335533 0.771648
vt 0.336048 0.807786
vt 0.347879 0.771950
f 18/52/18 23/68/23 17/51/17
vt 0.171550 0.787193
vt 0.120851 0.811577
vt 0.267365 0.819625
f 24/70/24 25/74/25 26/78/26
vt 0.171550 0.787193
vt 0.267365 0.819625
vt 0.280704 0.787256
f 24/70/24 26/77/26 21/63/21
vt 0.267365 0.819625
vt 0.311725 0.808321
vt 0.280704 0.787256
f 26/76/26 22/65/22 21/63/21
vt 0.120851 0.811577
vt 0.105889 0.819798
vt 0.266726 0.830990
f 25/73/25 27/80/27 28/84/28
vt 0.120851 0.811577
vt 0.266726 0.830990
vt 0.267365 0.819625
f 25/73/25 28/83/28 26/78/26
vt 0.311725 0.808321
vt 0.267365 0.819625
vt 0.266726 0.830990
f 22/64/22 26/77/26 28/84/28
vt 0.311725 0.808321
vt 0.266726 0.830990
vt 0.310389 0.824406
f 22/64/22 28/83/28 29/87/29
vt 0.120851 0.811577
vt 0.171550 0.787193
vt 0.145116 0.774026
f 25/73/25 24/71/24 30/90/30
vt 0.120851 0.811577
vt 0.145116 0.774026
vt 0.086607 0.786697
f 25/73/25 30/89/30 31/93/31
vt 0.077693 0.761623
vt 0.133122 0.750625
vt 0.126148 0.711052
f 32/94/32 33/98/33 34/102/34
vt 0.077693 0.761623
vt 0.126148 0.711052
vt 0.073692 0.709796
f 32/94/32 34/101/34 35/105/35
vt 0.105889 0.819798
vt 0.120851 0.811577
vt 0.086607 0.786697
f 27/79/27 25/74/25 31/93/31
vt 0.105889 0.819798
vt 0.086607 0.786697
vt 0.069056 0.787815
f 27/79/27 31/92/31 36/108/36
vt 0.069056 0.787815
vt 0.086607 0.786697
vt 0.077693 0.761623
f 36/106/36 31/92/31 32/96/32
vt 0.069056 0.787815
vt 0.077693 0.761623
vt 0.062857 0.761163
f 36/106/36 32/95/32 37/111/37
vt 0.004329 0.863998
vt 0.105889 0.819798
vt 0.069056 0.787815
f 4/10/4 27/80/27 36/108/36
vt 0.420190 0.864806
vt 0.266726 0.830990
vt 0.105889 0.819798
f 3/7/3 28/83/28 27/81/27
vt 0.420190 0.864806
vt 0.105889 0.819798
vt 0.004329 0.863998
f 3/7/3 27/80/27 4/12/4
vt 0.266726 0.830990
vt 0.420190 0.864806
vt 0.310389 0.824406
f 28/82/28 3/8/3 29/87/29
vt 0.310389 0.824406
vt 0.420190 0.864806
vt 0.336048 0.807786
f 29/85/29 3/8/3 23/69/23
vt 0.428414 0.848549
vt 0.420190 0.864806
vt 0.430764 0.866115
f 12/34/12 3/8/3 11/33/11
vt 0.347879 0.771950
vt 0.428414 0.848549
vt 0.429086 0.712196
f 17/49/17 12/35/12 14/42/14
vt 0.347879 0.771950
vt 0.429086 0.712196
vt 0.347808 0.713105
f 17/49/17 14/41/14 16/48/16
vt 0.438061 0.708138
vt 0.433195 0.850830
vt 0.470510 0.852544
f 13/37/13 10/29/10 9/27/9
vt 0.438061 0.708138
vt 0.470510 0.852544
vt 0.469761 0.707964
f 13/37/13 9/26/9 38/114/38
vt 0.470510 0.852544
vt 0.472197 0.867731
vt 0.618941 0.867276
f 9/25/9 8/23/8 39/117/39
vt 0.470510 0.852544
vt 0.618941 0.867276
vt 0.642493 0.851411
f 9/25/9 39/116/39 40/120/40
vt 0.469761 0.707964
vt 0.470510 0.852544
vt 0.642493 0.851411
f 38/112/38 9/26/9 40/120/40
vt 0.469761 0.707964
vt 0.642493 0.851411
vt 0.667127 0.707962
f 38/112/38 40/119/40 41/123/41
vt 0.618941 0.867276
vt 0.678842 0.873122
vt 0.642493 0.851411
f 39/115/39 42/125/42 40/120/40
vt 0.678842 0.873122
vt 0.745878 0.858911
vt 0.642493 0.851411
f 42/124/42 43/128/43 40/120/40
vt 0.034690 0.512094
vt 0.034625 0.465387
vt 0.048435 0.487294
f 43/127/43 42/125/42 44/132/44
vt 0.034690 0.512094
vt 0.048435 0.487294
vt 0.048315 0.514390
f 43/127/43 44/131/44 45/135/45
vt 0.706482 0.817402
vt 0.642493 0.851411
vt 0.745878 0.858911
f 46/136/46 40/119/40 43/129/43
vt 0.706482 0.817402
vt 0.745878 0.858911
vt 0.748070 0.824444
f 46/136/46 43/128/43 47/141/47
vt 0.684289 0.790279
vt 0.642493 0.851411
vt 0.706482 0.817402
f 48/142/48 40/119/40 46/138/46
vt 0.684289 0.790279
vt 0.667127 0.707962
vt 0.642493 0.851411
f 48/142/48 41/122/41 40/120/40
vt 0.674494 0.695628
vt 0.667127 0.707962
vt 0.684289 0.790279
f 49/145/49 41/122/41 48/144/48
vt 0.674494 0.695628
vt 0.684289 0.790279
vt 0.693824 0.787579
f 49/145/49 48/143/48 50/150/50
vt 0.689421 0.692161
vt 0.674494 0.695628
vt 0.693824 0.787579
f 51/151/51 49/146/49 50/150/50
vt 0.689421 0.692161
vt 0.693824 0.787579
vt 0.705330 0.780973
f 51/151/51 50/149/50 52/156/52
vt 0.705330 0.780973
vt 0.735404 0.765715
vt 0.718456 0.690875
f 52/154/52 53/158/53 54/162/54
vt 0.705330 0.780973
vt 0.718456 0.690875
vt 0.689421 0.692161
f 52/154/52 54/161/54 51/153/51
vt 0.735404 0.765715
vt 0.705330 0.780973
vt 0.728235 0.806745
f 53/157/53 52/155/52 55/165/55
vt 0.735404 0.765715
vt 0.728235 0.806745
vt 0.755879 0.779025
f 53/157/53 55/164/55 56/168/56
vt 0.705330 0.780973
vt 0.693824 0.787579
vt 0.712705 0.810953
f 52/154/52 50/149/50 57/171/57
vt 0.705330 0.780973
vt 0.712705 0.810953
vt 0.728235 0.806745
f 52/154/52 57/170/57 55/165/55
vt 0.728235 0.806745
vt 0.712705 0.810953
vt 0.725581 0.816726
f 55/163/55 57/170/57 58/174/58
vt 0.706482 0.817402
vt 0.712705 0.810953
vt 0.693824 0.787579
f 46/136/46 57/170/57 50/150/50
vt 0.706482 0.817402
vt 0.693824 0.787579
vt 0.684289 0.790279
f 46/136/46 50/149/50 48/144/48
vt 0.024163 0.484645
vt 0.025645 0.513622
vt 0.012514 0.497953
f 46/136/46 47/140/47 58/174/58
vt 0.024163 0.484645
vt 0.012514 0.497953
vt 0.011411 0.488981
f 46/136/46 58/173/58 57/171/57
vt 0.755879 0.779025
vt 0.728235 0.806745
vt 0.875248 0.813674
f 56/166/56 55/164/55 59/177/59
vt 0.873552 0.780341
vt 0.755879 0.779025
vt 0.875248 0.813674
f 60/178/60 56/167/56 59/177/59
vt 0.728235 0.806745
vt 0.725581 0.816726
vt 0.875104 0.823531
f 55/163/55 58/173/58 61/183/61
vt 0.875248 0.813674
vt 0.728235 0.806745
vt 0.875104 0.823531
f 59/175/59 55/164/55 61/183/61
vt 0.016371 0.602132
vt 0.012514 0.497953
vt 0.025645 0.513622
f 61/181/61 58/173/58 47/141/47
vt 0.016371 0.602132
vt 0.025645 0.513622
vt 0.035344 0.592286
f 61/181/61 47/140/47 62/186/62
vt 0.048315 0.514390
vt 0.048435 0.487294
vt 0.077605 0.502421
f 45/133/45 44/131/44 63/189/63
vt 0.048315 0.514390
vt 0.077605 0.502421
vt 0.076259 0.520650
f 45/133/45 63/188/63 64/192/64
vt 0.076259 0.520650
vt 0.077605 0.502421
vt 0.149750 0.508144
f 64/190/64 63/188/63 65/195/65
vt 0.076259 0.520650
vt 0.149750 0.508144
vt 0.149750 0.525447
f 64/190/64 65/194/65 66/198/66
vt 0.051563 0.656237
vt 0.040161 0.590664
vt 0.052040 0.623305
f 67/199/67 68/203/68 69/207/69
vt 0.051563 0.656237
vt 0.052040 0.623305
vt 0.063052 0.650712
f 67/199/67 69/206/69 70/210/70
vt 0.076516 0.667430
vt 0.060106 0.685270
vt 0.051563 0.656237
f 71/211/71 72/215/72 67/201/67
vt 0.063052 0.650712
vt 0.076516 0.667430
vt 0.051563 0.656237
f 70/208/70 71/212/71 67/201/67
vt 0.035344 0.592286
vt 0.051563 0.656237
vt 0.026733 0.656340
f 62/184/62 67/200/67 73/219/73
vt 0.035344 0.592286
vt 0.026733 0.656340
vt 0.016371 0.602132
f 62/184/62 73/218/73 61/183/61
vt 0.051563 0.656237
vt 0.060106 0.685270
vt 0.026733 0.656340
f 67/199/67 72/215/72 73/219/73
vt 0.039084 0.682277
vt 0.026733 0.656340
vt 0.060106 0.685270
f 74/220/74 73/218/73 72/216/72
vt 0.952905 0.820357
vt 0.960398 0.803249
vt 0.875248 0.813674
f 73/217/73 75/224/75 59/177/59
vt 0.875104 0.823531
vt 0.952905 0.820357
vt 0.875248 0.813674
f 61/181/61 73/218/73 59/177/59
vt 0.875248 0.813674
vt 0.893481 0.766349
vt 0.873552 0.780341
f 59/175/59 76/227/76 60/180/60
vt 0.875248 0.813674
vt 0.960398 0.803249
vt 0.893481 0.766349
f 59/175/59 75/224/75 76/228/76
vt 0.875248 0.813674
vt 0.893481 0.766349
vt 0.873552 0.780341
f 59/175/59 76/227/76 60/180/60
vt 0.961330 0.773255
vt 0.893481 0.766349
vt 0.960398 0.803249
f 77/229/77 76/227/76 75/225/75
vt 0.952905 0.820357
vt 0.990130 0.804420
vt 0.960398 0.803249
f 73/217/73 74/221/74 75/225/75
vt 0.982911 0.773816
vt 0.960398 0.803249
vt 0.990130 0.804420
f 78/232/78 75/224/75 74/222/74
vt 0.960398 0.803249
vt 0.982911 0.773816
vt 0.961330 0.773255
f 75/223/75 78/233/78 77/231/77
vt 0.960357 0.730837
vt 0.955445 0.699238
vt 0.899884 0.731483
f 79/235/79 80/239/80 81/243/81
vt 0.955445 0.699238
vt 0.901978 0.699062
vt 0.899884 0.731483
f 80/238/80 82/245/82 81/243/81
vt 0.955445 0.699238
vt 0.960357 0.730837
vt 0.976176 0.697913
f 80/238/80 79/236/79 83/249/83
vt 0.960357 0.730837
vt 0.980887 0.733925
vt 0.976176 0.697913
f 79/235/79 84/251/84 83/249/83
vt 0.982911 0.773816
vt 0.980887 0.733925
vt 0.961330 0.773255
f 78/232/78 84/251/84 77/231/77
vt 0.980887 0.733925
vt 0.960357 0.730837
vt 0.961330 0.773255
f 84/250/84 79/236/79 77/231/77
vt 0.927131 0.492690
vt 0.989299 0.440620
vt 0.996199 0.496660
f 85/253/85 83/248/83 84/252/84
vt 0.927131 0.492690
vt 0.996199 0.496660
vt 0.942668 0.529610
f 85/253/85 84/251/84 86/258/86
vt 0.942668 0.529610
vt 0.928505 0.532751
vt 0.927131 0.492690
f 86/256/86 87/260/87 85/255/85
vt 0.928505 0.532751
vt 0.886936 0.536269
vt 0.927131 0.492690
f 87/259/87 88/263/88 85/255/85
vt 0.927131 0.492690
vt 0.886936 0.536269
vt 0.893214 0.490751
f 85/253/85 88/263/88 89/267/89
vt 0.928505 0.532751
vt 0.942668 0.529610
vt 0.952101 0.558286
f 87/259/87 86/257/86 90/270/90
vt 0.952101 0.558286
vt 0.942668 0.529610
vt 0.964428 0.558728
f 90/268/90 86/257/86 91/273/91
vt 0.942668 0.529610
vt 0.996199 0.496660
vt 0.964428 0.558728
f 86/256/86 84/251/84 91/273/91
vt 0.964428 0.558728
vt 0.996199 0.496660
vt 0.995703 0.558737
f 91/271/91 84/251/84 78/234/78
vt 0.995703 0.558737
vt 0.959434 0.606360
vt 0.964428 0.558728
f 78/232/78 74/221/74 91/273/91
vt 0.945284 0.589674
vt 0.964428 0.558728
vt 0.959434 0.606360
f 92/274/92 91/272/91 74/222/74
vt 0.959434 0.606360
vt 0.900445 0.618277
vt 0.945284 0.589674
f 74/220/74 72/215/72 92/276/92
vt 0.945284 0.589674
vt 0.900445 0.618277
vt 0.899243 0.595241
f 92/274/92 72/215/72 93/279/93
vt 0.936695 0.583079
vt 0.945284 0.589674
vt 0.899243 0.595241
f 94/280/94 92/275/92 93/279/93
vt 0.898405 0.587620
vt 0.936695 0.583079
vt 0.899243 0.595241
f 95/283/95 94/281/94 93/279/93
vt 0.859435 0.586331
vt 0.899243 0.595241
vt 0.900445 0.618277
f 96/286/96 93/278/93 72/216/72
vt 0.076516 0.667430
vt 0.096680 0.678266
vt 0.060106 0.685270
f 71/211/71 97/290/97 72/216/72
vt 0.797814 0.642479
vt 0.648896 0.620387
vt 0.900445 0.618277
f 97/289/97 98/293/98 72/216/72
vt 0.900445 0.618277
vt 0.648896 0.620387
vt 0.859435 0.586331
f 72/214/72 98/293/98 96/288/96
vt 0.859435 0.586331
vt 0.648896 0.620387
vt 0.648908 0.588440
f 96/286/96 98/293/98 99/297/99
vt 0.859435 0.586331
vt 0.648908 0.588440
vt 0.684321 0.564136
f 96/286/96 99/296/99 100/300/100
vt 0.859435 0.586331
vt 0.684321 0.564136
vt 0.868641 0.564357
f 96/286/96 100/299/100 101/303/101
vt 0.648896 0.554069
vt 0.684321 0.564136
vt 0.648908 0.588440
f 102/304/102 100/299/100 99/297/99
vt 0.684321 0.564136
vt 0.648896 0.554069
vt 0.648908 0.534231
f 100/298/100 102/305/102 103/309/103
vt 0.648908 0.534231
vt 0.864539 0.533866
vt 0.684321 0.564136
f 103/307/103 104/311/104 100/300/100
vt 0.684321 0.564136
vt 0.864539 0.533866
vt 0.868641 0.564357
f 100/298/100 104/311/104 101/303/101
vt 0.886936 0.536269
vt 0.868641 0.564357
vt 0.864539 0.533866
f 88/262/88 101/302/101 104/312/104
vt 0.648908 0.534231
vt 0.648896 0.487795
vt 0.893214 0.490751
f 103/307/103 105/314/105 89/267/89
vt 0.864539 0.533866
vt 0.648908 0.534231
vt 0.893214 0.490751
f 104/310/104 103/308/103 89/267/89
vt 0.284004 0.900740
vt 0.283959 0.950693
vt 0.213955 0.900500
f 106/316/106 107/320/107 108/324/108
vt 0.283959 0.950693
vt 0.213955 0.950479
vt 0.213955 0.900500
f 107/319/107 109/326/109 108/324/108
vt 0.360671 0.902612
vt 0.359406 0.953099
vt 0.284004 0.900740
f 110/328/110 111/332/111 106/318/106
vt 0.359406 0.953099
vt 0.283959 0.950693
vt 0.284004 0.900740
f 111/331/111 107/320/107 106/318/106
vt 0.361807 0.954117
vt 0.359406 0.953099
vt 0.360671 0.902612
f 112/334/112 111/332/111 110/330/110
vt 0.361807 0.954117
vt 0.360671 0.902612
vt 0.363180 0.903903
f 112/334/112 110/329/110 113/339/113
vt 0.282848 0.928247
vt 0.272443 0.927403
vt 0.298301 0.927689
f 114/340/114 115/344/115 116/348/116
vt 0.282848 0.928247
vt 0.298301 0.927689
vt 0.293893 0.927794
f 114/340/114 116/347/116 117/351/117
vt 0.420190 0.864806
vt 0.428414 0.848549
vt 0.347879 0.771950
f 3/7/3 12/35/12 17/51/17
vt 0.420190 0.864806
vt 0.347879 0.771950
vt 0.336048 0.807786
f 3/7/3 17/50/17 23/69/23
vt 0.310389 0.824406
vt 0.336048 0.807786
vt 0.311725 0.808321
f 29/85/29 23/68/23 22/66/22
vt 0.145116 0.774026
vt 0.133122 0.750625
vt 0.077693 0.761623
f 30/88/30 33/98/33 32/96/32
vt 0.145116 0.774026
vt 0.077693 0.761623
vt 0.086607 0.786697
f 30/88/30 32/95/32 31/93/31
vt 0.040161 0.590664
vt 0.051563 0.656237
vt 0.035344 0.592286
f 68/202/68 67/200/67 62/186/62
vt 0.040161 0.590664
vt 0.035344 0.592286
vt 0.025645 0.513622
f 68/202/68 62/185/62 47/141/47
vt 0.648896 0.633564
vt 0.648896 0.620387
vt 0.797814 0.642479
f 118/352/118 98/293/98 97/291/97
vt 0.961330 0.773255
vt 0.960357 0.730837
vt 0.899884 0.731483
f 77/229/77 79/236/79 81/243/81
vt 0.961330 0.773255
vt 0.899884 0.731483
vt 0.893481 0.766349
f 77/229/77 81/242/81 76/228/76
vt 0.648896 0.487795
vt 0.648896 0.437281
vt 0.893214 0.437018
f 105/313/105 119/356/119 120/360/120
vt 0.648896 0.487795
vt 0.893214 0.437018
vt 0.893214 0.490751
f 105/313/105 120/359/120 89/267/89
vt 0.893214 0.490751
vt 0.893214 0.437018
vt 0.927131 0.492690
f 89/265/89 120/359/120 85/255/85
vt 0.927131 0.492690
vt 0.893214 0.437018
vt 0.927248 0.438382
f 85/253/85 120/359/120 121/363/121
vt 0.927131 0.492690
vt 0.927248 0.438382
vt 0.989299 0.440620
f 85/253/85 121/362/121 83/249/83
vt 0.864539 0.533866
vt 0.893214 0.490751
vt 0.886936 0.536269
f 104/310/104 89/266/89 88/264/88
vt 0.868641 0.564357
vt 0.886936 0.536269
vt 0.952101 0.558286
f 101/301/101 88/263/88 90/270/90
vt 0.952101 0.558286
vt 0.886936 0.536269
vt 0.928505 0.532751
f 90/268/90 88/263/88 87/261/87
vt 0.898405 0.587620
vt 0.868641 0.564357
vt 0.936695 0.583079
f 95/283/95 101/302/101 94/282/94
vt 0.936695 0.583079
vt 0.868641 0.564357
vt 0.952101 0.558286
f 94/280/94 101/302/101 90/270/90
vt 0.859435 0.586331
vt 0.868641 0.564357
vt 0.898405 0.587620
f 96/286/96 101/302/101 95/285/95
vt 0.859435 0.586331
vt 0.898405 0.587620
vt 0.899243 0.595241
f 96/286/96 95/284/95 93/279/93
vt 0.355941 0.430449
vt 0.346090 0.481613
vt 0.330629 0.430449
f 5/13/5 4/11/4 122/366/122
vt 0.334419 0.313182
vt 0.328966 0.430013
vt 0.301609 0.430013
f 7/19/7 5/14/5 122/366/122
vt 0.334419 0.313182
vt 0.301609 0.430013
vt 0.307062 0.313182
f 7/19/7 122/365/122 123/369/123
vt 0.004329 0.863998
vt 0.069056 0.787815
vt 0.010803 0.846431
f 4/10/4 36/107/36 122/366/122
vt 0.010803 0.846431
vt 0.069056 0.787815
vt 0.018758 0.772613
f 122/364/122 36/107/36 123/369/123
vt 0.069056 0.787815
vt 0.062857 0.761163
vt 0.018758 0.772613
f 36/106/36 37/110/37 123/369/123
vt 0.077693 0.761623
vt 0.063893 0.742269
vt 0.062857 0.761163
f 32/94/32 124/371/124 37/111/37
vt 0.077693 0.761623
vt 0.073692 0.709796
vt 0.063893 0.742269
f 32/94/32 35/104/35 124/372/124
vt 0.063893 0.742269
vt 0.073692 0.709796
vt 0.062857 0.710525
f 124/370/124 35/104/35 125/375/125
vt 0.062857 0.761163
vt 0.063893 0.742269
vt 0.018758 0.772613
f 37/109/37 124/371/124 123/369/123
vt 0.018758 0.772613
vt 0.063893 0.742269
vt 0.018758 0.742269
f 123/367/123 124/371/124 126/378/126
vt 0.307062 0.313182
vt 0.334367 0.265155
vt 0.334419 0.313182
f 123/367/123 126/377/126 7/21/7
vt 0.298301 0.927689
vt 0.298301 0.916205
vt 0.293893 0.916310
f 116/346/116 127/380/127 128/384/128
vt 0.298301 0.927689
vt 0.293893 0.916310
vt 0.293893 0.927794
f 116/346/116 128/383/128 117/351/117
vt 0.282848 0.928247
vt 0.282848 0.916354
vt 0.272443 0.917140
f 114/340/114 129/386/129 130/390/130
vt 0.282848 0.928247
vt 0.272443 0.917140
vt 0.272443 0.927403
f 114/340/114 130/389/130 115/345/115
vt 0.945284 0.589674
vt 0.952101 0.558286
vt 0.964428 0.558728
f 92/274/92 90/269/90 91/273/91
vt 0.945284 0.589674
vt 0.936695 0.583079
vt 0.952101 0.558286
f 92/274/92 94/281/94 90/270/90
vt 0.133764 0.949670
vt 0.133716 0.897846
vt 0.208752 0.897597
f 131/391/131 132/395/132 133/399/133
vt 0.133764 0.949670
vt 0.208752 0.897597
vt 0.208752 0.949448
f 131/391/131 133/398/133 134/402/134
vt 0.133716 0.897846
vt 0.133764 0.949670
vt 0.052946 0.952167
f 132/394/132 131/392/131 135/405/135
vt 0.133716 0.897846
vt 0.052946 0.952167
vt 0.051591 0.899788
f 132/394/132 135/404/135 136/408/136
vt 0.051591 0.899788
vt 0.052946 0.952167
vt 0.050374 0.953223
f 136/406/136 135/404/135 137/411/137
vt 0.051591 0.899788
vt 0.050374 0.953223
vt 0.048904 0.901128
f 136/406/136 137/410/137 138/414/138
vt 0.134954 0.920454
vt 0.123123 0.915139
vt 0.118401 0.915030
f 139/415/139 140/419/140 141/423/141
vt 0.134954 0.920454
vt 0.118401 0.915030
vt 0.146100 0.921269
f 139/415/139 141/422/141 142/426/142
vt 0.118401 0.909881
vt 0.118401 0.915030
vt 0.123123 0.909989
f 143/427/143 141/422/141 144/432/144
vt 0.123123 0.909989
vt 0.118401 0.915030
vt 0.123123 0.915139
f 144/430/144 141/422/141 140/420/140
vt 0.134954 0.916572
vt 0.134954 0.920454
vt 0.146100 0.917388
f 145/433/145 139/416/139 146/438/146
vt 0.146100 0.917388
vt 0.134954 0.920454
vt 0.146100 0.921269
f 146/436/146 139/416/139 142/426/142
vt 0.328966 0.430013
vt 0.334419 0.313182
vt 0.334419 0.313182
f 5/13/5 7/20/7 147/441/147
vt 0.328966 0.430013
vt 0.334419 0.313182
vt 0.328966 0.430013
f 5/13/5 147/440/147 148/444/148
vt 0.334419 0.313182
vt 0.334367 0.265155
vt 0.334419 0.313182
f 7/19/7 126/377/126 147/441/147
vt 0.334419 0.313182
vt 0.647755 0.313182
vt 0.647755 0.430013
f 147/439/147 149/446/149 150/450/150
vt 0.334419 0.313182
vt 0.647755 0.430013
vt 0.328966 0.430013
f 147/439/147 150/449/150 148/444/148
vt 0.647755 0.430013
vt 0.328966 0.430013
vt 0.328966 0.430013
f 151/451/151 5/14/5 148/444/148
vt 0.647755 0.430013
vt 0.328966 0.430013
vt 0.647755 0.430013
f 151/451/151 148/443/148 150/450/150
vt 0.804471 0.994516
vt 0.830131 0.980153
vt 0.830133 0.995952
f 2/4/2 152/455/152 153/459/153
vt 0.243031 0.284419
vt 0.243458 0.002155
vt 0.257240 0.002091
f 152/454/152 154/461/154 155/465/155
vt 0.243031 0.284419
vt 0.257240 0.002091
vt 0.258838 0.285171
f 152/454/152 155/464/155 153/459/153
vt 0.878301 0.894756
vt 0.878629 0.891950
vt 0.878944 0.975224
f 156/466/156 157/470/157 154/462/154
vt 0.878301 0.894756
vt 0.878944 0.975224
vt 0.878860 0.980153
f 156/466/156 154/461/154 152/456/152
vt 0.472197 0.867731
vt 0.430764 0.866115
vt 0.433195 0.850830
f 158/472/158 159/476/159 160/480/160
vt 0.472197 0.867731
vt 0.433195 0.850830
vt 0.470510 0.852544
f 158/472/158 160/479/160 161/483/161
vt 0.433195 0.850830
vt 0.430764 0.866115
vt 0.428414 0.848549
f 160/478/160 159/476/159 162/486/162
vt 0.428414 0.848549
vt 0.429086 0.712196
vt 0.438061 0.708138
f 162/484/162 163/488/163 164/492/164
vt 0.428414 0.848549
vt 0.438061 0.708138
vt 0.433195 0.850830
f 162/484/162 164/491/164 160/480/160
vt 0.438061 0.708138
vt 0.429086 0.712196
vt 0.347808 0.713105
f 164/490/164 163/488/163 165/495/165
vt 0.438061 0.708138
vt 0.347808 0.713105
vt 0.335471 0.703509
f 164/490/164 165/494/165 166/498/166
vt 0.335471 0.703509
vt 0.347808 0.713105
vt 0.347879 0.771950
f 166/496/166 165/494/165 167/501/167
vt 0.335471 0.703509
vt 0.347879 0.771950
vt 0.335533 0.771648
f 166/496/166 167/500/167 168/504/168
vt 0.335533 0.771648
vt 0.302138 0.771559
vt 0.306513 0.694346
f 168/502/168 169/506/169 170/510/170
vt 0.335533 0.771648
vt 0.306513 0.694346
vt 0.335471 0.703509
f 168/502/168 170/509/170 166/498/166
vt 0.280704 0.787256
vt 0.302138 0.771559
vt 0.311725 0.808321
f 171/511/171 169/506/169 172/516/172
vt 0.335533 0.771648
vt 0.311725 0.808321
vt 0.302138 0.771559
f 168/502/168 172/515/172 169/507/169
vt 0.335533 0.771648
vt 0.347879 0.771950
vt 0.336048 0.807786
f 168/502/168 167/500/167 173/519/173
vt 0.335533 0.771648
vt 0.336048 0.807786
vt 0.311725 0.808321
f 168/502/168 173/518/173 172/516/172
vt 0.171550 0.787193
vt 0.280704 0.787256
vt 0.267366 0.819625
f 174/520/174 171/512/171 175/525/175
vt 0.171550 0.787193
vt 0.267366 0.819625
vt 0.120852 0.811577
f 174/520/174 175/524/175 176/528/176
vt 0.311725 0.808321
vt 0.267366 0.819625
vt 0.280704 0.787256
f 172/514/172 175/524/175 171/513/171
vt 0.120852 0.811577
vt 0.267366 0.819625
vt 0.266727 0.830991
f 176/526/176 175/524/175 177/531/177
vt 0.120852 0.811577
vt 0.266727 0.830991
vt 0.105889 0.819798
f 176/526/176 177/530/177 178/534/178
vt 0.311725 0.808321
vt 0.310389 0.824406
vt 0.266727 0.830991
f 172/514/172 179/536/179 177/531/177
vt 0.311725 0.808321
vt 0.266727 0.830991
vt 0.267366 0.819625
f 172/514/172 177/530/177 175/525/175
vt 0.145116 0.774026
vt 0.171550 0.787193
vt 0.120852 0.811577
f 180/538/180 174/521/174 176/528/176
vt 0.145116 0.774026
vt 0.120852 0.811577
vt 0.086607 0.786697
f 180/538/180 176/527/176 181/543/181
vt 0.126148 0.711052
vt 0.133122 0.750625
vt 0.077694 0.761623
f 182/544/182 183/548/183 184/552/184
vt 0.126148 0.711052
vt 0.077694 0.761623
vt 0.073692 0.709796
f 182/544/182 184/551/184 185/555/185
vt 0.086607 0.786697
vt 0.120852 0.811577
vt 0.105889 0.819798
f 181/541/181 176/527/176 178/534/178
vt 0.086607 0.786697
vt 0.105889 0.819798
vt 0.069056 0.787815
f 181/541/181 178/533/178 186/558/186
vt 0.077694 0.761623
vt 0.086607 0.786697
vt 0.069056 0.787815
f 184/550/184 181/542/181 186/558/186
vt 0.077694 0.761623
vt 0.069056 0.787815
vt 0.062857 0.761163
f 184/550/184 186/557/186 187/561/187
vt 0.105889 0.819798
vt 0.004329 0.863998
vt 0.069056 0.787815
f 178/532/178 155/464/155 186/558/186
vt 0.420190 0.864806
vt 0.004329 0.863998
vt 0.105889 0.819798
f 153/457/153 155/464/155 178/534/178
vt 0.420190 0.864806
vt 0.105889 0.819798
vt 0.266727 0.830991
f 153/457/153 178/533/178 177/531/177
vt 0.420190 0.864806
vt 0.266727 0.830991
vt 0.310389 0.824406
f 153/457/153 177/530/177 179/537/179
vt 0.420190 0.864806
vt 0.310389 0.824406
vt 0.336048 0.807786
f 153/457/153 179/536/179 173/519/173
vt 0.420190 0.864806
vt 0.428414 0.848549
vt 0.430764 0.866115
f 153/457/153 162/485/162 159/477/159
vt 0.429086 0.712196
vt 0.428414 0.848549
vt 0.347879 0.771950
f 163/487/163 162/485/162 167/501/167
vt 0.429086 0.712196
vt 0.347879 0.771950
vt 0.347808 0.713105
f 163/487/163 167/500/167 165/495/165
vt 0.470510 0.852544
vt 0.433195 0.850830
vt 0.438061 0.708138
f 161/481/161 160/479/160 164/492/164
vt 0.470510 0.852544
vt 0.438061 0.708138
vt 0.469761 0.707964
f 161/481/161 164/491/164 188/564/188
vt 0.618941 0.867276
vt 0.472197 0.867731
vt 0.470510 0.852544
f 189/565/189 158/473/158 161/483/161
vt 0.618941 0.867276
vt 0.470510 0.852544
vt 0.642493 0.851411
f 189/565/189 161/482/161 190/570/190
vt 0.642493 0.851411
vt 0.470510 0.852544
vt 0.469761 0.707964
f 190/568/190 161/482/161 188/564/188
vt 0.642493 0.851411
vt 0.469761 0.707964
vt 0.667127 0.707962
f 190/568/190 188/563/188 191/573/191
vt 0.678842 0.873122
vt 0.618941 0.867276
vt 0.642493 0.851411
f 192/574/192 189/566/189 190/570/190
vt 0.745878 0.858911
vt 0.678842 0.873122
vt 0.642493 0.851411
f 193/577/193 192/575/192 190/570/190
vt 0.251065 0.487294
vt 0.264874 0.465387
vt 0.264809 0.512094
f 194/580/194 192/575/192 193/579/193
vt 0.251065 0.487294
vt 0.264809 0.512094
vt 0.251185 0.514390
f 194/580/194 193/578/193 195/585/195
vt 0.745878 0.858911
vt 0.642493 0.851411
vt 0.706482 0.817402
f 193/577/193 190/569/190 196/588/196
vt 0.745878 0.858911
vt 0.706482 0.817402
vt 0.748070 0.824444
f 193/577/193 196/587/196 197/591/197
vt 0.642493 0.851411
vt 0.684289 0.790279
vt 0.706482 0.817402
f 190/568/190 198/593/198 196/588/196
vt 0.667127 0.707962
vt 0.684289 0.790279
vt 0.642493 0.851411
f 191/571/191 198/593/198 190/570/190
vt 0.684289 0.790279
vt 0.667127 0.707962
vt 0.674494 0.695629
f 198/592/198 191/572/191 199/597/199
vt 0.684289 0.790279
vt 0.674494 0.695629
vt 0.693824 0.787579
f 198/592/198 199/596/199 200/600/200
vt 0.693824 0.787579
vt 0.674494 0.695629
vt 0.689421 0.692161
f 200/598/200 199/596/199 201/603/201
vt 0.693824 0.787579
vt 0.689421 0.692161
vt 0.705330 0.780973
f 200/598/200 201/602/201 202/606/202
vt 0.705330 0.780973
vt 0.689421 0.692161
vt 0.718456 0.690875
f 202/604/202 201/602/201 203/609/203
vt 0.705330 0.780973
vt 0.718456 0.690875
vt 0.735404 0.765715
f 202/604/202 203/608/203 204/612/204
vt 0.728236 0.806745
vt 0.705330 0.780973
vt 0.735404 0.765715
f 205/613/205 202/605/202 204/612/204
vt 0.728236 0.806745
vt 0.735404 0.765715
vt 0.755879 0.779025
f 205/613/205 204/611/204 206/618/206
vt 0.705330 0.780973
vt 0.728236 0.806745
vt 0.712705 0.810953
f 202/604/202 205/614/205 207/621/207
vt 0.705330 0.780973
vt 0.712705 0.810953
vt 0.693824 0.787579
f 202/604/202 207/620/207 200/600/200
vt 0.712705 0.810953
vt 0.728236 0.806745
vt 0.725582 0.816726
f 207/619/207 205/614/205 208/624/208
vt 0.706482 0.817402
vt 0.684289 0.790279
vt 0.693824 0.787579
f 196/586/196 198/593/198 200/600/200
vt 0.706482 0.817402
vt 0.693824 0.787579
vt 0.712705 0.810953
f 196/586/196 200/599/200 207/621/207
vt 0.286985 0.497953
vt 0.273854 0.513622
vt 0.275337 0.484645
f 208/622/208 197/590/197 196/588/196
vt 0.286985 0.497953
vt 0.275337 0.484645
vt 0.288089 0.488981
f 208/622/208 196/587/196 207/621/207
vt 0.728236 0.806745
vt 0.755879 0.779025
vt 0.875248 0.813674
f 205/613/205 206/617/206 209/627/209
vt 0.755879 0.779025
vt 0.873552 0.780341
vt 0.875248 0.813674
f 206/616/206 210/629/210 209/627/209
vt 0.725582 0.816726
vt 0.728236 0.806745
vt 0.875104 0.823531
f 208/622/208 205/614/205 211/633/211
vt 0.728236 0.806745
vt 0.875248 0.813674
vt 0.875104 0.823531
f 205/613/205 209/626/209 211/633/211
vt 0.286985 0.497953
vt 0.283129 0.602132
vt 0.273854 0.513622
f 208/622/208 211/632/211 197/591/197
vt 0.273854 0.513622
vt 0.283129 0.602132
vt 0.264155 0.592286
f 197/589/197 211/632/211 212/636/212
vt 0.221894 0.502421
vt 0.251065 0.487294
vt 0.251185 0.514390
f 213/637/213 194/581/194 195/585/195
vt 0.221894 0.502421
vt 0.251185 0.514390
vt 0.223240 0.520650
f 213/637/213 195/584/195 214/642/214
vt 0.149750 0.508144
vt 0.221894 0.502421
vt 0.223240 0.520650
f 65/193/65 213/638/213 214/642/214
vt 0.149750 0.508144
vt 0.223240 0.520650
vt 0.149750 0.525447
f 65/193/65 214/641/214 66/198/66
vt 0.259339 0.590664
vt 0.247936 0.656237
vt 0.247459 0.623305
f 215/643/215 216/647/216 217/651/217
vt 0.247459 0.623305
vt 0.247936 0.656237
vt 0.236447 0.650712
f 217/649/217 216/647/216 218/654/218
vt 0.239394 0.685270
vt 0.222984 0.667430
vt 0.247936 0.656237
f 219/655/219 220/659/220 216/648/216
vt 0.222984 0.667430
vt 0.236447 0.650712
vt 0.247936 0.656237
f 220/658/220 218/653/218 216/648/216
vt 0.247936 0.656237
vt 0.264155 0.592286
vt 0.272767 0.656340
f 216/646/216 212/635/212 221/663/221
vt 0.272767 0.656340
vt 0.264155 0.592286
vt 0.283129 0.602132
f 221/661/221 212/635/212 211/633/211
vt 0.239394 0.685270
vt 0.247936 0.656237
vt 0.272767 0.656340
f 219/655/219 216/647/216 221/663/221
vt 0.272767 0.656340
vt 0.260416 0.682277
vt 0.239394 0.685270
f 221/661/221 222/665/222 219/657/219
vt 0.960398 0.803249
vt 0.952905 0.820357
vt 0.875248 0.813674
f 223/667/223 221/662/221 209/627/209
vt 0.952905 0.820357
vt 0.875104 0.823531
vt 0.875248 0.813674
f 221/661/221 211/632/211 209/627/209
vt 0.893482 0.766349
vt 0.875248 0.813674
vt 0.873552 0.780341
f 224/670/224 209/626/209 210/630/210
vt 0.960398 0.803249
vt 0.875248 0.813674
vt 0.893482 0.766349
f 223/667/223 209/626/209 224/672/224
vt 0.893482 0.766349
vt 0.875248 0.813674
vt 0.873552 0.780341
f 224/670/224 209/626/209 210/630/210
vt 0.893482 0.766349
vt 0.961331 0.773255
vt 0.960398 0.803249
f 224/670/224 225/674/225 223/669/223
vt 0.990130 0.804420
vt 0.952905 0.820357
vt 0.960398 0.803249
f 222/664/222 221/662/221 223/669/223
vt 0.960398 0.803249
vt 0.982911 0.773816
vt 0.990130 0.804420
f 223/667/223 226/677/226 222/666/222
vt 0.982911 0.773816
vt 0.960398 0.803249
vt 0.961331 0.773255
f 226/676/226 223/668/223 225/675/225
vt 0.955445 0.699238
vt 0.960357 0.730837
vt 0.899884 0.731483
f 227/679/227 228/683/228 229/687/229
vt 0.901978 0.699062
vt 0.955445 0.699238
vt 0.899884 0.731483
f 230/688/230 227/680/227 229/687/229
vt 0.960357 0.730837
vt 0.955445 0.699238
vt 0.976176 0.697913
f 228/682/228 227/680/227 231/693/231
vt 0.980887 0.733925
vt 0.960357 0.730837
vt 0.976176 0.697913
f 232/694/232 228/683/228 231/693/231
vt 0.980887 0.733925
vt 0.982911 0.773816
vt 0.961331 0.773255
f 232/694/232 226/677/226 225/675/225
vt 0.960357 0.730837
vt 0.980887 0.733925
vt 0.961331 0.773255
f 228/682/228 232/695/232 225/675/225
vt 0.308493 0.440620
vt 0.370673 0.492690
vt 0.301593 0.496660
f 231/691/231 233/698/233 232/696/232
vt 0.301593 0.496660
vt 0.370673 0.492690
vt 0.355136 0.529611
f 232/694/232 233/698/233 234/702/234
vt 0.301593 0.496660
vt 0.355136 0.529611
vt 0.333376 0.558728
f 232/694/232 234/701/234 235/705/235
vt 0.301593 0.496660
vt 0.333376 0.558728
vt 0.302089 0.558737
f 232/694/232 235/704/235 226/678/226
vt 0.338358 0.606361
vt 0.302089 0.558737
vt 0.333376 0.558728
f 222/664/222 226/677/226 235/705/235
vt 0.333376 0.558728
vt 0.352520 0.589674
vt 0.338358 0.606361
f 235/703/235 236/707/236 222/666/222
vt 0.397346 0.618277
vt 0.338358 0.606361
vt 0.352520 0.589674
f 219/655/219 222/665/222 236/708/236
vt 0.397346 0.618277
vt 0.352520 0.589674
vt 0.398561 0.595241
f 219/655/219 236/707/236 237/711/237
vt 0.398561 0.595241
vt 0.438370 0.586331
vt 0.397346 0.618277
f 237/709/237 238/713/238 219/657/219
vt 0.202819 0.678266
vt 0.222984 0.667430
vt 0.239394 0.685270
f 239/715/239 220/659/220 219/657/219
vt 0.648896 0.620387
vt 0.499978 0.642479
vt 0.397346 0.618277
f 98/292/98 239/716/239 219/657/219
vt 0.648896 0.620387
vt 0.397346 0.618277
vt 0.438370 0.586331
f 98/292/98 219/656/219 238/714/238
vt 0.648896 0.620387
vt 0.438370 0.586331
vt 0.648908 0.588440
f 98/292/98 238/713/238 99/297/99
vt 0.648896 0.487795
vt 0.648908 0.534231
vt 0.404590 0.490751
f 105/313/105 103/308/103 240/720/240
vt 0.648908 0.534231
vt 0.433266 0.533866
vt 0.404590 0.490751
f 103/307/103 241/722/241 240/720/240
vt 0.143950 0.950693
vt 0.143906 0.900740
vt 0.213955 0.900500
f 242/724/242 243/728/243 108/324/108
vt 0.213955 0.950479
vt 0.143950 0.950693
vt 0.213955 0.900500
f 109/325/109 242/725/242 108/324/108
vt 0.068503 0.953099
vt 0.067238 0.902613
vt 0.143906 0.900740
f 244/730/244 245/734/245 243/729/243
vt 0.143950 0.950693
vt 0.068503 0.953099
vt 0.143906 0.900740
f 242/724/242 244/731/244 243/729/243
vt 0.068503 0.953099
vt 0.066102 0.954117
vt 0.067238 0.902613
f 244/730/244 246/737/246 245/735/245
vt 0.067238 0.902613
vt 0.066102 0.954117
vt 0.064730 0.903903
f 245/733/245 246/737/246 247/741/247
vt 0.155466 0.927403
vt 0.145061 0.928247
vt 0.129608 0.927689
f 248/742/248 249/746/249 250/750/250
vt 0.129608 0.927689
vt 0.145061 0.928247
vt 0.134017 0.927794
f 250/748/250 249/746/249 251/753/251
vt 0.428414 0.848549
vt 0.420190 0.864806
vt 0.347879 0.771950
f 162/484/162 153/458/153 167/501/167
vt 0.347879 0.771950
vt 0.420190 0.864806
vt 0.336048 0.807786
f 167/499/167 153/458/153 173/519/173
vt 0.336048 0.807786
vt 0.310389 0.824406
vt 0.311725 0.808321
f 173/517/173 179/536/179 172/516/172
vt 0.145116 0.774026
vt 0.086607 0.786697
vt 0.077694 0.761623
f 180/538/180 181/542/181 184/552/184
vt 0.145116 0.774026
vt 0.077694 0.761623
vt 0.133122 0.750625
f 180/538/180 184/551/184 183/549/183
vt 0.247936 0.656237
vt 0.259339 0.590664
vt 0.264155 0.592286
f 216/646/216 215/644/215 212/636/212
vt 0.264155 0.592286
vt 0.259339 0.590664
vt 0.273854 0.513622
f 212/634/212 215/644/215 197/591/197
vt 0.648896 0.620387
vt 0.648896 0.633564
vt 0.499978 0.642479
f 98/292/98 118/353/118 239/717/239
vt 0.960357 0.730837
vt 0.961331 0.773255
vt 0.899884 0.731483
f 228/682/228 225/674/225 229/687/229
vt 0.899884 0.731483
vt 0.961331 0.773255
vt 0.893482 0.766349
f 229/685/229 225/674/225 224/672/224
vt 0.648896 0.437281
vt 0.648896 0.487795
vt 0.404578 0.437018
f 119/355/119 105/314/105 252/756/252
vt 0.404578 0.437018
vt 0.648896 0.487795
vt 0.404590 0.490751
f 252/754/252 105/314/105 240/720/240
vt 0.404578 0.437018
vt 0.404590 0.490751
vt 0.370673 0.492690
f 252/754/252 240/719/240 233/699/233
vt 0.404578 0.437018
vt 0.370673 0.492690
vt 0.370543 0.438382
f 252/754/252 233/698/233 253/759/253
vt 0.370543 0.438382
vt 0.370673 0.492690
vt 0.308493 0.440620
f 253/757/253 233/698/233 231/693/231
vt 0.955692 0.481613
vt 0.945841 0.430448
vt 0.971152 0.430448
f 155/463/155 154/461/154 254/762/254
vt 0.961090 0.313182
vt 0.988447 0.313182
vt 0.993900 0.430013
f 157/469/157 255/764/255 254/762/254
vt 0.961090 0.313182
vt 0.993900 0.430013
vt 0.966543 0.430013
f 157/469/157 254/761/254 154/462/154
vt 0.069056 0.787815
vt 0.004329 0.863998
vt 0.010803 0.846431
f 186/556/186 155/464/155 254/762/254
vt 0.069056 0.787815
vt 0.010803 0.846431
vt 0.018758 0.772613
f 186/556/186 254/761/254 255/765/255
vt 0.062857 0.761163
vt 0.069056 0.787815
vt 0.018758 0.772613
f 187/559/187 186/557/186 255/765/255
vt 0.063893 0.742269
vt 0.077694 0.761623
vt 0.062857 0.761163
f 256/766/256 184/551/184 187/561/187
vt 0.073692 0.709796
vt 0.077694 0.761623
vt 0.063893 0.742269
f 185/553/185 184/551/184 256/768/256
vt 0.073692 0.709796
vt 0.063893 0.742269
vt 0.062857 0.710525
f 185/553/185 256/767/256 257/771/257
vt 0.063893 0.742269
vt 0.062857 0.761163
vt 0.018758 0.772613
f 256/766/256 187/560/187 255/765/255
vt 0.063893 0.742269
vt 0.018758 0.772613
vt 0.018758 0.742269
f 256/766/256 255/764/255 258/774/258
vt 0.961142 0.265155
vt 0.988447 0.313182
vt 0.961090 0.313182
f 258/772/258 255/764/255 157/471/157
vt 0.129608 0.916205
vt 0.129608 0.927689
vt 0.134017 0.916310
f 259/775/259 250/749/250 260/780/260
vt 0.134017 0.916310
vt 0.129608 0.927689
vt 0.134017 0.927794
f 260/778/260 250/749/250 251/753/251
vt 0.145061 0.916354
vt 0.145061 0.928247
vt 0.155466 0.917140
f 261/781/261 249/746/249 262/786/262
vt 0.155466 0.917140
vt 0.145061 0.928247
vt 0.155466 0.927403
f 262/784/262 249/746/249 248/744/248
vt 0.208752 0.897597
vt 0.283787 0.897846
vt 0.283740 0.949670
f 133/397/133 263/788/263 264/792/264
vt 0.208752 0.897597
vt 0.283740 0.949670
vt 0.208752 0.949448
f 133/397/133 264/791/264 134/402/134
vt 0.283787 0.897846
vt 0.365913 0.899788
vt 0.364558 0.952167
f 263/787/263 265/794/265 266/798/266
vt 0.283787 0.897846
vt 0.364558 0.952167
vt 0.283740 0.949670
f 263/787/263 266/797/266 264/792/264
vt 0.365913 0.899788
vt 0.368600 0.901128
vt 0.367129 0.953222
f 265/793/265 267/800/267 268/804/268
vt 0.365913 0.899788
vt 0.367129 0.953222
vt 0.364558 0.952167
f 265/793/265 268/803/268 266/798/266
vt 0.282550 0.920454
vt 0.271404 0.921269
vt 0.299103 0.915030
f 269/805/269 270/809/270 271/813/271
vt 0.282550 0.920454
vt 0.299103 0.915030
vt 0.294381 0.915138
f 269/805/269 271/812/271 272/816/272
vt 0.299103 0.915030
vt 0.299103 0.909881
vt 0.294381 0.909989
f 271/811/271 273/818/273 274/822/274
vt 0.299103 0.915030
vt 0.294381 0.909989
vt 0.294381 0.915138
f 271/811/271 274/821/274 272/816/272
vt 0.282550 0.920454
vt 0.282550 0.916572
vt 0.271404 0.917388
f 269/805/269 275/824/275 276/828/276
vt 0.282550 0.920454
vt 0.271404 0.917388
vt 0.271404 0.921269
f 269/805/269 276/827/276 270/810/270
vt 0.961090 0.313182
vt 0.961090 0.313182
vt 0.966543 0.430013
f 277/829/277 157/470/157 154/462/154
vt 0.961090 0.313182
vt 0.966543 0.430013
vt 0.966543 0.430013
f 277/829/277 154/461/154 278/834/278
vt 0.961142 0.265155
vt 0.961090 0.313182
vt 0.961090 0.313182
f 258/772/258 157/470/157 277/831/277
vt 0.647755 0.430013
vt 0.647755 0.313182
vt 0.961090 0.313182
f 150/448/150 149/446/149 277/831/277
vt 0.647755 0.430013
vt 0.961090 0.313182
vt 0.966543 0.430013
f 150/448/150 277/830/277 278/834/278
vt 0.647755 0.430013
vt 0.647755 0.430013
vt 0.966543 0.430013
f 151/451/151 150/449/150 278/834/278
vt 0.647755 0.430013
vt 0.966543 0.430013
vt 0.966543 0.430013
f 151/451/151 278/833/278 154/462/154
vt 0.951884 0.008272
vt 0.937365 0.027796
vt 0.937847 0.005529
f 80/238/80 279/836/279 82/246/82
vt 0.957255 0.012645
vt 0.937365 0.027796
vt 0.951884 0.008272
f 83/247/83 279/836/279 80/240/80
vt 0.962289 0.023490
vt 0.937365 0.027796
vt 0.957255 0.012645
f 120/358/120 279/836/279 83/249/83
vt 0.961103 0.078267
vt 0.937365 0.027796
vt 0.962289 0.023490
f 252/754/252 279/836/279 120/360/120
vt 0.961103 0.078267
vt 0.936381 0.073262
vt 0.937365 0.027796
f 252/754/252 280/839/280 279/837/279
vt 0.961103 0.078267
vt 0.955604 0.088964
vt 0.936381 0.073262
f 252/754/252 231/692/231 280/840/280
vt 0.955604 0.088964
vt 0.950046 0.093183
vt 0.936381 0.073262
f 231/691/231 227/680/227 280/840/280
vt 0.950046 0.093183
vt 0.935899 0.095528
vt 0.936381 0.073262
f 227/679/227 230/689/230 280/840/280
vt 0.936381 0.073262
vt 0.888009 0.072581
vt 0.888993 0.027115
f 280/838/280 281/842/281 282/846/282
vt 0.936381 0.073262
vt 0.888993 0.027115
vt 0.937365 0.027796
f 280/838/280 282/845/282 279/837/279
vt 0.780416 0.025586
vt 0.779432 0.071053
vt 0.731892 0.070383
f 283/847/283 284/851/284 285/855/285
vt 0.780416 0.025586
vt 0.731892 0.070383
vt 0.732876 0.024917
f 283/847/283 285/854/285 286/858/286
vt 0.731892 0.070383
vt 0.714971 0.081235
vt 0.716434 0.013596
f 285/853/285 257/770/257 125/375/125
vt 0.731892 0.070383
vt 0.716434 0.013596
vt 0.732876 0.024917
f 285/853/285 125/374/125 286/858/286
vt 0.731892 0.070383
vt 0.717733 0.085563
vt 0.714971 0.081235
f 285/853/285 185/554/185 257/771/257
vt 0.731892 0.070383
vt 0.731470 0.089908
vt 0.717733 0.085563
f 285/853/285 182/545/182 185/555/185
vt 0.732876 0.024917
vt 0.716434 0.013596
vt 0.719383 0.009349
f 286/856/286 125/374/125 35/105/35
vt 0.732876 0.024917
vt 0.719383 0.009349
vt 0.733299 0.005393
f 286/856/286 35/104/35 34/102/34
vt 0.888993 0.027115
vt 0.888009 0.072581
vt 0.779432 0.071053
f 282/844/282 281/842/281 284/852/284
vt 0.888993 0.027115
vt 0.779432 0.071053
vt 0.780416 0.025586
f 282/844/282 284/851/284 283/849/283
vt 0.888993 0.027115
vt 0.780416 0.025586
vt 0.780858 0.005178
f 282/844/282 283/848/283 19/57/19
vt 0.888009 0.072581
vt 0.778990 0.091461
vt 0.779432 0.071053
f 281/841/281 170/509/170 284/852/284
vt 0.469761 0.707964
vt 0.469231 0.694346
vt 0.438061 0.708138
f 38/112/38 287/860/287 13/39/13
vt 0.438061 0.708138
vt 0.469231 0.694346
vt 0.306513 0.694346
f 13/37/13 287/860/287 19/57/19
vt 0.438061 0.708138
vt 0.306513 0.694346
vt 0.335471 0.703509
f 13/37/13 19/56/19 15/45/15
vt 0.667127 0.707962
vt 0.674494 0.695628
vt 0.469231 0.694346
f 41/121/41 49/146/49 287/861/287
vt 0.667127 0.707962
vt 0.469231 0.694346
vt 0.469761 0.707964
f 41/121/41 287/860/287 38/114/38
vt 0.438061 0.708138
vt 0.469231 0.694346
vt 0.469761 0.707964
f 164/490/164 288/863/288 188/564/188
vt 0.335471 0.703509
vt 0.469231 0.694346
vt 0.438061 0.708138
f 166/496/166 288/863/288 164/492/164
vt 0.335471 0.703509
vt 0.306513 0.694346
vt 0.469231 0.694346
f 166/496/166 170/509/170 288/864/288
vt 0.469761 0.707964
vt 0.469231 0.694346
vt 0.667127 0.707962
f 188/562/188 288/863/288 191/573/191
vt 0.667127 0.707962
vt 0.469231 0.694346
vt 0.674494 0.695629
f 191/571/191 288/863/288 199/597/199
vt 0.889490 0.004166
vt 0.888993 0.027115
vt 0.881811 0.005272
f 54/160/54 282/845/282 51/153/51
vt 0.881811 0.005272
vt 0.888993 0.027115
vt 0.877841 0.006863
f 51/151/51 282/845/282 49/147/49
vt 0.887512 0.095530
vt 0.879886 0.094209
vt 0.888009 0.072581
f 203/607/203 201/602/201 281/843/281
vt 0.879886 0.094209
vt 0.875987 0.092507
vt 0.888009 0.072581
f 201/601/201 199/596/199 281/843/281
vt 0.875987 0.092507
vt 0.778990 0.091461
vt 0.888009 0.072581
f 199/595/199 170/509/170 281/843/281
vt 0.888993 0.027115
vt 0.780858 0.005178
vt 0.877841 0.006863
f 282/844/282 19/56/19 49/147/49
vt 0.778812 0.980153
vt 0.778813 0.894756
vt 0.804471 0.994516
f 1/1/1 6/17/6 2/6/2
vt 0.804471 0.994516
vt 0.778813 0.894756
vt 0.830131 0.894756
f 2/4/2 6/17/6 156/468/156
vt 0.804471 0.994516
vt 0.830131 0.894756
vt 0.830131 0.980153
f 2/4/2 156/467/156 152/456/152
vt 0.893894 0.980113
vt 0.919509 0.980113
vt 0.894332 0.892270
f 5/13/5 151/452/151 7/21/7
vt 0.945124 0.980113
vt 0.944686 0.892270
vt 0.919509 0.980113
f 154/460/154 157/470/157 151/453/151
vt 0.919509 0.980113
vt 0.944686 0.892270
vt 0.894332 0.892270
f 151/451/151 157/470/157 7/21/7
vt 0.241855 0.005473
vt 0.240183 0.285401
vt 0.056417 0.285401
f 157/469/157 156/467/156 6/18/6
vt 0.054745 0.005473
vt 0.241855 0.005473
vt 0.056417 0.285401
f 7/19/7 157/470/157 6/18/6
vt 0.647755 0.313182
vt 0.334419 0.313182
vt 0.334367 0.265155
f 149/445/149 147/440/147 126/378/126
vt 0.647755 0.313182
vt 0.961142 0.265155
vt 0.961090 0.313182
f 149/445/149 258/773/258 277/831/277
vt 0.647755 0.313182
vt 0.334367 0.265155
vt 0.961142 0.265155
f 149/445/149 126/377/126 258/774/258
vt 0.018758 0.742269
vt 0.018758 0.742269
vt 0.063893 0.742269
f 258/772/258 126/377/126 124/372/124
vt 0.018758 0.742269
vt 0.063893 0.742269
vt 0.063893 0.742269
f 258/772/258 124/371/124 256/768/256
vt 0.686125 0.287257
vt 0.686125 0.287257
vt 0.681214 0.258834
f 256/766/256 124/371/124 125/375/125
vt 0.686125 0.287257
vt 0.681214 0.258834
vt 0.681214 0.258834
f 256/766/256 125/374/125 257/771/257
vt 0.355136 0.529611
vt 0.370673 0.492690
vt 0.369311 0.532752
f 234/700/234 233/698/233 289/867/289
vt 0.369311 0.532752
vt 0.370673 0.492690
vt 0.410881 0.536269
f 289/865/289 233/698/233 290/870/290
vt 0.370673 0.492690
vt 0.404590 0.490751
vt 0.410881 0.536269
f 233/697/233 240/719/240 290/870/290
vt 0.369311 0.532752
vt 0.345715 0.558286
vt 0.355136 0.529611
f 289/865/289 291/872/291 234/702/234
vt 0.345715 0.558286
vt 0.333376 0.558728
vt 0.355136 0.529611
f 291/871/291 235/704/235 234/702/234
vt 0.361122 0.583079
vt 0.398561 0.595241
vt 0.352520 0.589674
f 292/874/292 237/710/237 236/708/236
vt 0.399411 0.587620
vt 0.398561 0.595241
vt 0.361122 0.583079
f 293/877/293 237/710/237 292/876/292
vt 0.438370 0.586331
vt 0.613496 0.564136
vt 0.648908 0.588440
f 238/712/238 294/881/294 99/297/99
vt 0.438370 0.586331
vt 0.429176 0.564357
vt 0.613496 0.564136
f 238/712/238 295/884/295 294/882/294
vt 0.648896 0.554069
vt 0.648908 0.588440
vt 0.613496 0.564136
f 296/886/296 99/296/99 294/882/294
vt 0.613496 0.564136
vt 0.648908 0.534231
vt 0.648896 0.554069
f 294/880/294 103/308/103 296/888/296
vt 0.648908 0.534231
vt 0.613496 0.564136
vt 0.433266 0.533866
f 103/307/103 294/881/294 241/723/241
vt 0.613496 0.564136
vt 0.429176 0.564357
vt 0.433266 0.533866
f 294/880/294 295/884/295 241/723/241
vt 0.410881 0.536269
vt 0.433266 0.533866
vt 0.429176 0.564357
f 290/868/290 241/722/241 295/885/295
vt 0.433266 0.533866
vt 0.410881 0.536269
vt 0.404590 0.490751
f 241/721/241 290/869/290 240/720/240
vt 0.429176 0.564357
vt 0.345715 0.558286
vt 0.410881 0.536269
f 295/883/295 291/872/291 290/870/290
vt 0.345715 0.558286
vt 0.369311 0.532752
vt 0.410881 0.536269
f 291/871/291 289/866/289 290/870/290
vt 0.399411 0.587620
vt 0.361122 0.583079
vt 0.429176 0.564357
f 293/877/293 292/875/292 295/885/295
vt 0.361122 0.583079
vt 0.345715 0.558286
vt 0.429176 0.564357
f 292/874/292 291/872/291 295/885/295
vt 0.438370 0.586331
vt 0.399411 0.587620
vt 0.429176 0.564357
f 238/712/238 293/878/293 295/885/295
vt 0.438370 0.586331
vt 0.398561 0.595241
vt 0.399411 0.587620
f 238/712/238 237/710/237 293/879/293
vt 0.352520 0.589674
vt 0.333376 0.558728
vt 0.345715 0.558286
f 236/706/236 235/704/235 291/873/291
vt 0.352520 0.589674
vt 0.345715 0.558286
vt 0.361122 0.583079
f 236/706/236 291/872/291 292/876/292
vt 0.678842 0.873122
vt 0.618941 0.867276
vt 0.642161 0.884291
f 297/889/297 298/893/298 299/897/299
vt 0.678842 0.873122
vt 0.642161 0.884291
vt 0.619071 0.868308
f 297/889/297 299/896/299 300/900/300
vt 0.034625 0.465387
vt 0.038263 0.462313
vt 0.049887 0.481607
f 297/889/297 300/899/300 301/903/301
vt 0.034625 0.465387
vt 0.049887 0.481607
vt 0.048435 0.487294
f 297/889/297 301/902/301 302/906/302
vt 0.048435 0.487294
vt 0.049887 0.481607
vt 0.077763 0.494170
f 302/904/302 301/902/301 303/909/303
vt 0.048435 0.487294
vt 0.077763 0.494170
vt 0.077605 0.502421
f 302/904/302 303/908/303 304/912/304
vt 0.077605 0.502421
vt 0.077763 0.494170
vt 0.149750 0.499382
f 304/910/304 303/908/303 305/915/305
vt 0.077605 0.502421
vt 0.149750 0.499382
vt 0.149750 0.508144
f 304/910/304 305/914/305 306/918/306
vt 0.642161 0.884291
vt 0.618941 0.867276
vt 0.678842 0.873122
f 307/919/307 308/923/308 309/927/309
vt 0.642161 0.884291
vt 0.678842 0.873122
vt 0.619823 0.868308
f 307/919/307 309/926/309 310/930/310
vt 0.264874 0.465387
vt 0.251065 0.487294
vt 0.249612 0.481607
f 309/925/309 311/932/311 312/936/312
vt 0.264874 0.465387
vt 0.249612 0.481607
vt 0.261237 0.462313
f 309/925/309 312/935/312 310/930/310
vt 0.251065 0.487294
vt 0.221894 0.502421
vt 0.221736 0.494170
f 311/931/311 313/938/313 314/942/314
vt 0.251065 0.487294
vt 0.221736 0.494170
vt 0.249612 0.481607
f 311/931/311 314/941/314 312/936/312
vt 0.221894 0.502421
vt 0.149750 0.508144
vt 0.149750 0.499382
f 313/937/313 306/917/306 305/915/305
vt 0.221894 0.502421
vt 0.149750 0.499382
vt 0.221736 0.494170
f 313/937/313 305/914/305 314/942/314
vt 0.955584 0.944476
vt 0.975232 0.944995
vt 0.974814 0.918574
f 315/943/315 316/947/316 317/951/317
vt 0.955584 0.944476
vt 0.974814 0.918574
vt 0.955455 0.919630
f 315/943/315 317/950/317 318/954/318
vt 0.450923 0.886834
vt 0.472197 0.867731
vt 0.430764 0.866115
f 319/955/319 320/959/320 321/963/321
vt 0.450923 0.886834
vt 0.430764 0.866115
vt 0.431154 0.864957
f 319/955/319 321/962/321 318/954/318
vt 0.042265 0.295475
vt 0.037579 0.292539
vt 0.040661 0.285171
f 318/952/318 321/962/321 315/945/315
vt 0.974814 0.918574
vt 0.975232 0.944995
vt 0.994881 0.944476
f 317/949/317 316/947/316 322/966/322
vt 0.974814 0.918574
vt 0.994881 0.944476
vt 0.994173 0.919629
f 317/949/317 322/965/322 323/969/323
vt 0.430764 0.866115
vt 0.472197 0.867731
vt 0.450923 0.886834
f 324/970/324 158/473/158 325/975/325
vt 0.430764 0.866115
vt 0.450923 0.886834
vt 0.431477 0.864957
f 324/970/324 325/974/325 323/969/323
vt 0.261920 0.292539
vt 0.257235 0.295475
vt 0.258838 0.285171
f 324/970/324 323/968/323 322/966/322
vt 0.099761 0.947128
vt 0.108765 0.919415
vt 0.085192 0.927075
f 326/976/326 327/980/327 328/984/328
vt 0.085192 0.927075
vt 0.108765 0.919415
vt 0.085192 0.902287
f 328/982/328 327/980/327 329/987/329
vt 0.991065 0.997853
vt 0.961926 0.997853
vt 1.000070 0.970140
f 326/976/326 330/989/330 327/981/327
vt 0.961926 0.997853
vt 0.952922 0.970140
vt 1.000070 0.970140
f 330/988/330 331/992/331 327/981/327
vt 1.000070 0.970140
vt 0.952922 0.970140
vt 0.976496 0.953012
f 327/979/327 331/992/331 329/987/329
vt 0.099761 0.947128
vt 0.085192 0.927075
vt 0.070622 0.947128
f 326/976/326 328/983/328 330/990/330
vt 0.070622 0.947128
vt 0.085192 0.927075
vt 0.061618 0.919415
f 330/988/330 328/983/328 331/993/331
vt 0.085192 0.927075
vt 0.085192 0.902287
vt 0.061618 0.919415
f 328/982/328 329/986/329 331/993/331
vt 0.072454 0.930524
vt 0.072454 0.922134
vt 0.072454 0.922134
f 332/994/332 333/998/333 334/1002/334
vt 0.072454 0.930524
vt 0.072454 0.922134
vt 0.072454 0.930524
f 332/994/332 334/1001/334 335/1005/335
vt 0.099761 0.947128
vt 0.085192 0.927075
vt 0.108765 0.919415
f 336/1006/336 337/1010/337 338/1014/338
vt 0.085192 0.927075
vt 0.085192 0.902287
vt 0.108765 0.919415
f 337/1009/337 339/1016/339 338/1014/338
vt 0.991065 0.997853
vt 1.000070 0.970140
vt 0.961926 0.997853
f 336/1006/336 338/1013/338 340/1020/340
vt 0.961926 0.997853
vt 1.000070 0.970140
vt 0.952922 0.970140
f 340/1018/340 338/1013/338 341/1023/341
vt 1.000070 0.970140
vt 0.976496 0.953012
vt 0.952922 0.970140
f 338/1012/338 339/1016/339 341/1023/341
vt 0.099761 0.947128
vt 0.070622 0.947128
vt 0.085192 0.927075
f 336/1006/336 340/1019/340 337/1011/337
vt 0.070622 0.947128
vt 0.061618 0.919415
vt 0.085192 0.927075
f 340/1018/340 341/1022/341 337/1011/337
vt 0.085192 0.927075
vt 0.061618 0.919415
vt 0.085192 0.902287
f 337/1009/337 341/1022/341 339/1017/339
vt 0.072454 0.930524
vt 0.072454 0.922134
vt 0.072454 0.922134
f 342/1024/342 343/1028/343 344/1032/344
vt 0.072454 0.930524
vt 0.072454 0.930524
vt 0.072454 0.922134
f 342/1024/342 345/1034/345 343/1029/343
vt 1.211173 -0.104376
vt 1.205776 1.104392
vt -0.033644 1.094924
f 38/112/38 9/26/9 40/120/40
vt 1.211173 -0.104376
vt -0.033644 1.094924
vt -0.211173 -0.104392
f 38/112/38 40/119/40 41/123/41
vt 1.022603 1.115350
vt -0.191175 1.125144
vt -0.196460 -0.125127
f 190/568/190 161/482/161 188/564/188
vt 1.022603 1.115350
vt -0.196460 -0.125127
vt 1.196460 -0.125144
f 190/568/190 188/563/188 191/573/191
vt 0.784637 0.809512
vt 0.869873 0.763167
vt 0.732160 0.752948
f 46/136/46 40/119/40 43/129/43
vt 0.784637 0.809512
vt 0.732160 0.752948
vt 0.729240 0.799916
f 46/136/46 43/128/43 47/141/47
vt 0.814198 0.846472
vt 0.869873 0.763167
vt 0.784637 0.809512
f 48/142/48 40/119/40 46/138/46
vt 0.814198 0.846472
vt 0.837060 0.958645
vt 0.869873 0.763167
f 48/142/48 41/122/41 40/120/40
vt 0.827246 0.975452
vt 0.837060 0.958645
vt 0.814198 0.846472
f 49/145/49 41/122/41 48/144/48
vt 0.827246 0.975452
vt 0.814198 0.846472
vt 0.801499 0.850152
f 49/145/49 48/143/48 50/150/50
vt 0.807363 0.980177
vt 0.827246 0.975452
vt 0.801499 0.850152
f 51/151/51 49/146/49 50/150/50
vt 0.807363 0.980177
vt 0.801499 0.850152
vt 0.786172 0.859154
f 51/151/51 50/149/50 52/156/52
vt 0.786172 0.859154
vt 0.746112 0.879945
vt 0.768688 0.981929
f 52/154/52 53/158/53 54/162/54
vt 0.786172 0.859154
vt 0.768688 0.981929
vt 0.807363 0.980177
f 52/154/52 54/161/54 51/153/51
vt 0.746112 0.879945
vt 0.786172 0.859154
vt 0.755661 0.824034
f 53/157/53 52/155/52 55/165/55
vt 0.746112 0.879945
vt 0.755661 0.824034
vt 0.718839 0.861808
f 53/157/53 55/164/55 56/168/56
vt 0.786172 0.859154
vt 0.801499 0.850152
vt 0.776348 0.818299
f 52/154/52 50/149/50 57/171/57
vt 0.786172 0.859154
vt 0.776348 0.818299
vt 0.755661 0.824034
f 52/154/52 57/170/57 55/165/55
vt 0.755661 0.824034
vt 0.776348 0.818299
vt 0.759196 0.810433
f 55/163/55 57/170/57 58/174/58
vt 0.784637 0.809512
vt 0.776348 0.818299
vt 0.801499 0.850152
f 46/136/46 57/170/57 50/150/50
vt 0.784637 0.809512
vt 0.801499 0.850152
vt 0.814198 0.846472
f 46/136/46 50/149/50 48/144/48
vt 0.784637 0.809512
vt 0.729240 0.799916
vt 0.759196 0.810433
f 46/136/46 47/140/47 58/174/58
vt 0.784637 0.809512
vt 0.759196 0.810433
vt 0.776348 0.818299
f 46/136/46 58/173/58 57/171/57
vt 0.718839 0.861808
vt 0.755661 0.824034
vt 0.559835 0.814592
f 56/166/56 55/164/55 59/177/59
vt 0.562094 0.860015
vt 0.718839 0.861808
vt 0.559835 0.814592
f 60/178/60 56/167/56 59/177/59
vt 0.755661 0.824034
vt 0.759196 0.810433
vt 0.560027 0.801159
f 55/163/55 58/173/58 61/183/61
vt 0.559835 0.814592
vt 0.755661 0.824034
vt 0.560027 0.801159
f 59/175/59 55/164/55 61/183/61
vt 0.560027 0.801159
vt 0.759196 0.810433
vt 0.729240 0.799916
f 61/181/61 58/173/58 47/141/47
vt 0.560027 0.801159
vt 0.729240 0.799916
vt 0.578851 0.796062
f 61/181/61 47/140/47 62/186/62
vt 0.578851 0.796062
vt 0.456590 0.796581
vt 0.456393 0.805485
f 62/184/62 67/200/67 73/219/73
vt 0.578851 0.796062
vt 0.456393 0.805485
vt 0.560027 0.801159
f 62/184/62 73/218/73 61/183/61
vt 0.456590 0.796581
vt 0.401086 0.816768
vt 0.456393 0.805485
f 67/199/67 72/215/72 73/219/73
vt 0.406808 0.827203
vt 0.456393 0.805485
vt 0.401086 0.816768
f 74/220/74 73/218/73 72/216/72
vt 0.456393 0.805485
vt 0.446412 0.828798
vt 0.559835 0.814592
f 73/217/73 75/224/75 59/177/59
vt 0.560027 0.801159
vt 0.456393 0.805485
vt 0.559835 0.814592
f 61/181/61 73/218/73 59/177/59
vt 0.559835 0.814592
vt 0.446412 0.828798
vt 0.535547 0.879081
f 59/175/59 75/224/75 76/228/76
vt 0.559835 0.814592
vt 0.535547 0.879081
vt 0.562094 0.860015
f 59/175/59 76/227/76 60/180/60
vt 0.445170 0.869671
vt 0.535547 0.879081
vt 0.446412 0.828798
f 77/229/77 76/227/76 75/225/75
vt 0.456393 0.805485
vt 0.406808 0.827203
vt 0.446412 0.828798
f 73/217/73 74/221/74 75/225/75
vt 0.416424 0.868906
vt 0.446412 0.828798
vt 0.406808 0.827203
f 78/232/78 75/224/75 74/222/74
vt 0.446412 0.828798
vt 0.416424 0.868906
vt 0.445170 0.869671
f 75/223/75 78/233/78 77/231/77
vt 0.446467 0.927474
vt 0.453010 0.970533
vt 0.527018 0.926593
f 79/235/79 80/239/80 81/243/81
vt 0.453010 0.970533
vt 0.524230 0.970774
vt 0.527018 0.926593
f 80/238/80 82/245/82 81/243/81
vt 0.453010 0.970533
vt 0.446467 0.927474
vt 0.425395 0.972339
f 80/238/80 79/236/79 83/249/83
vt 0.446467 0.927474
vt 0.419120 0.923266
vt 0.425395 0.972339
f 79/235/79 84/251/84 83/249/83
vt 0.416424 0.868906
vt 0.419120 0.923266
vt 0.445170 0.869671
f 78/232/78 84/251/84 77/231/77
vt 0.419120 0.923266
vt 0.446467 0.927474
vt 0.445170 0.869671
f 84/250/84 79/236/79 77/231/77
vt 0.445170 0.869671
vt 0.446467 0.927474
vt 0.527018 0.926593
f 77/229/77 79/236/79 81/243/81
vt 0.445170 0.869671
vt 0.527018 0.926593
vt 0.535547 0.879081
f 77/229/77 81/242/81 76/228/76
vt 0.159041 0.631976
vt 0.160351 0.610240
vt 0.189331 0.607787
f 8/22/8 9/26/9 10/30/10
vt 0.159041 0.631976
vt 0.189331 0.607787
vt 0.191219 0.629663
f 8/22/8 10/29/10 11/33/11
vt 0.191219 0.629663
vt 0.189331 0.607787
vt 0.193044 0.604523
f 11/31/11 10/29/10 12/36/12
vt 0.193044 0.604523
vt 0.189331 0.607787
vt 0.185552 0.403567
f 12/34/12 10/29/10 13/39/13
vt 0.193044 0.604523
vt 0.185552 0.403567
vt 0.192522 0.409375
f 12/34/12 13/38/13 14/42/14
vt 0.185552 0.403567
vt 0.265227 0.396942
vt 0.255646 0.410677
f 13/37/13 15/44/15 16/48/16
vt 0.185552 0.403567
vt 0.255646 0.410677
vt 0.192522 0.409375
f 13/37/13 16/47/16 14/42/14
vt 0.284707 0.569969
vt 0.199431 0.627790
vt 0.264780 0.546183
f 29/85/29 3/8/3 23/69/23
vt 0.193044 0.604523
vt 0.199431 0.627790
vt 0.191219 0.629663
f 12/34/12 3/8/3 11/33/11
vt 0.255591 0.494894
vt 0.193044 0.604523
vt 0.192522 0.409375
f 17/49/17 12/35/12 14/42/14
vt 0.255591 0.494894
vt 0.192522 0.409375
vt 0.255646 0.410677
f 17/49/17 14/41/14 16/48/16
vt 0.185552 0.403567
vt 0.189331 0.607787
vt 0.160351 0.610240
f 13/37/13 10/29/10 9/27/9
vt 0.185552 0.403567
vt 0.160351 0.610240
vt 0.160933 0.403318
f 13/37/13 9/26/9 38/114/38
vt 0.160351 0.610240
vt 0.159041 0.631976
vt 0.045074 0.631324
f 9/25/9 8/23/8 39/117/39
vt 0.160351 0.610240
vt 0.045074 0.631324
vt 0.026783 0.608619
f 9/25/9 39/116/39 40/120/40
vt 0.199431 0.627790
vt 0.193044 0.604523
vt 0.255591 0.494894
f 3/7/3 12/35/12 17/51/17
vt 0.199431 0.627790
vt 0.255591 0.494894
vt 0.264780 0.546183
f 3/7/3 17/50/17 23/69/23
vt 0.160933 0.403318
vt 0.161344 0.383828
vt 0.185552 0.403567
f 38/112/38 287/860/287 13/39/13
vt 0.185552 0.403567
vt 0.161344 0.383828
vt 0.287717 0.383828
f 13/37/13 287/860/287 19/57/19
vt 0.185552 0.403567
vt 0.287717 0.383828
vt 0.265227 0.396942
f 13/37/13 19/56/19 15/45/15
vt 0.007651 0.403316
vt 0.001929 0.385664
vt 0.161344 0.383828
f 41/121/41 49/146/49 287/861/287
vt 0.007651 0.403316
vt 0.161344 0.383828
vt 0.160933 0.403318
f 41/121/41 287/860/287 38/114/38
vt 0.160933 0.403318
vt 0.160351 0.610240
vt 0.026783 0.608619
f 38/112/38 9/26/9 40/120/40
vt 0.160933 0.403318
vt 0.026783 0.608619
vt 0.007651 0.403316
f 38/112/38 40/119/40 41/123/41
vt 0.879849 0.653790
vt 0.804557 0.653832
vt 0.792253 0.639210
f 17/49/17 16/47/16 15/45/15
vt 0.879849 0.653790
vt 0.792253 0.639210
vt 0.879439 0.639138
f 17/49/17 15/44/15 18/54/18
vt 0.879439 0.639138
vt 0.792253 0.639210
vt 0.780471 0.604860
f 18/52/18 15/44/15 19/57/19
vt 0.879439 0.639138
vt 0.780471 0.604860
vt 0.879258 0.599501
f 18/52/18 19/56/19 20/60/20
vt 0.879258 0.599501
vt 0.899300 0.574029
vt 0.926314 0.610801
f 20/58/20 21/62/21 22/66/22
vt 0.926314 0.610801
vt 0.879439 0.639138
vt 0.879258 0.599501
f 22/64/22 18/53/18 20/60/20
vt 0.879439 0.639138
vt 0.926314 0.610801
vt 0.925678 0.639670
f 18/52/18 22/65/22 23/69/23
vt 0.879439 0.639138
vt 0.925678 0.639670
vt 0.879849 0.653790
f 18/52/18 23/68/23 17/51/17
vt 0.899001 0.444477
vt 0.930100 0.384252
vt 0.940689 0.558128
f 24/70/24 25/74/25 26/78/26
vt 0.899001 0.444477
vt 0.940689 0.558128
vt 0.899300 0.574029
f 24/70/24 26/77/26 21/63/21
vt 0.940689 0.558128
vt 0.926314 0.610801
vt 0.899300 0.574029
f 26/76/26 22/65/22 21/63/21
vt 0.930100 0.384252
vt 0.940589 0.366475
vt 0.955230 0.557345
f 25/73/25 27/80/27 28/84/28
vt 0.930100 0.384252
vt 0.955230 0.557345
vt 0.940689 0.558128
f 25/73/25 28/83/28 26/78/26
vt 0.926314 0.610801
vt 0.940689 0.558128
vt 0.955230 0.557345
f 22/64/22 26/77/26 28/84/28
vt 0.926314 0.610801
vt 0.955230 0.557345
vt 0.946892 0.609181
f 22/64/22 28/83/28 29/87/29
vt 0.930100 0.384252
vt 0.899001 0.444477
vt 0.882101 0.413132
f 25/73/25 24/71/24 30/90/30
vt 0.930100 0.384252
vt 0.882101 0.413132
vt 0.898197 0.343662
f 25/73/25 30/89/30 31/93/31
vt 0.866098 0.333136
vt 0.852135 0.398947
vt 0.801488 0.390755
f 32/94/32 33/98/33 34/102/34
vt 0.866098 0.333136
vt 0.801488 0.390755
vt 0.799776 0.328498
f 32/94/32 34/101/34 35/105/35
vt 0.940589 0.366475
vt 0.930100 0.384252
vt 0.898197 0.343662
f 27/79/27 25/74/25 31/93/31
vt 0.940589 0.366475
vt 0.898197 0.343662
vt 0.899593 0.322829
f 27/79/27 31/92/31 36/108/36
vt 0.899593 0.322829
vt 0.898197 0.343662
vt 0.866098 0.333136
f 36/106/36 31/92/31 32/96/32
vt 0.899593 0.322829
vt 0.866098 0.333136
vt 0.865478 0.315528
f 36/106/36 32/95/32 37/111/37
vt 0.996941 0.245842
vt 0.940589 0.366475
vt 0.899593 0.322829
f 4/10/4 27/80/27 36/108/36
vt 0.998804 0.739414
vt 0.955230 0.557345
vt 0.940589 0.366475
f 3/7/3 28/83/28 27/81/27
vt 0.998804 0.739414
vt 0.940589 0.366475
vt 0.996941 0.245842
f 3/7/3 27/80/27 4/12/4
vt 0.955230 0.557345
vt 0.998804 0.739414
vt 0.946892 0.609181
f 28/82/28 3/8/3 29/87/29
vt 0.946892 0.609181
vt 0.925678 0.639670
vt 0.926314 0.610801
f 29/85/29 23/68/23 22/66/22
vt 0.882101 0.413132
vt 0.852135 0.398947
vt 0.866098 0.333136
f 30/88/30 33/98/33 32/96/32
vt 0.882101 0.413132
vt 0.866098 0.333136
vt 0.898197 0.343662
f 30/88/30 32/95/32 31/93/31
vt 0.996941 0.245842
vt 0.899593 0.322829
vt 0.974477 0.253564
f 4/10/4 36/107/36 122/366/122
vt 0.974477 0.253564
vt 0.899593 0.322829
vt 0.880042 0.263164
f 122/364/122 36/107/36 123/369/123
vt 0.899593 0.322829
vt 0.865478 0.315528
vt 0.880042 0.263164
f 36/106/36 37/110/37 123/369/123
vt 0.866098 0.333136
vt 0.841305 0.316799
vt 0.865478 0.315528
f 32/94/32 124/371/124 37/111/37
vt 0.866098 0.333136
vt 0.799776 0.328498
vt 0.841305 0.316799
f 32/94/32 35/104/35 124/372/124
vt 0.841305 0.316799
vt 0.799776 0.328498
vt 0.800687 0.315637
f 124/370/124 35/104/35 125/375/125
vt 0.865478 0.315528
vt 0.841305 0.316799
vt 0.880042 0.263164
f 37/109/37 124/371/124 123/369/123
vt 0.880042 0.263164
vt 0.841305 0.316799
vt 0.841215 0.263229
f 123/367/123 124/371/124 126/378/126
vt 0.685805 0.657694
vt 0.708824 0.699886
vt 0.699236 0.657694
f 5/13/5 4/11/4 122/366/122
vt 0.683128 0.480398
vt 0.685805 0.657694
vt 0.699236 0.657694
f 7/19/7 5/14/5 122/366/122
vt 0.683128 0.480398
vt 0.699236 0.657694
vt 0.696559 0.480398
f 7/19/7 122/365/122 123/369/123
vt 0.696559 0.480398
vt 0.683154 0.407516
vt 0.683128 0.480398
f 123/367/123 126/377/126 7/21/7
vt 0.479444 0.905912
vt 0.479508 0.836279
vt 0.378030 0.835944
f 131/391/131 132/395/132 133/399/133
vt 0.479444 0.905912
vt 0.378030 0.835944
vt 0.378030 0.905614
f 131/391/131 133/398/133 134/402/134
vt 0.479508 0.836279
vt 0.479444 0.905912
vt 0.588743 0.909267
f 132/394/132 131/392/131 135/405/135
vt 0.479508 0.836279
vt 0.588743 0.909267
vt 0.590576 0.838889
f 132/394/132 135/404/135 136/408/136
vt 0.685805 0.657694
vt 0.683128 0.480398
vt 0.683128 0.480398
f 5/13/5 7/20/7 147/441/147
vt 0.685805 0.657694
vt 0.683128 0.480398
vt 0.685805 0.657694
f 5/13/5 147/440/147 148/444/148
vt 0.683128 0.480398
vt 0.683154 0.407516
vt 0.683128 0.480398
f 7/19/7 126/377/126 147/441/147
vt 0.683128 0.480398
vt 0.529293 0.480398
vt 0.529293 0.657694
f 147/439/147 149/446/149 150/450/150
vt 0.683128 0.480398
vt 0.529293 0.657694
vt 0.685805 0.657694
f 147/439/147 150/449/150 148/444/148
vt 0.349762 0.699886
vt 0.372780 0.657694
vt 0.359349 0.657694
f 155/463/155 154/461/154 254/762/254
vt 0.375458 0.480398
vt 0.362026 0.480398
vt 0.359349 0.657694
f 157/469/157 255/764/255 254/762/254
vt 0.375458 0.480398
vt 0.359349 0.657694
vt 0.372780 0.657694
f 157/469/157 254/761/254 154/462/154
vt 0.375432 0.407516
vt 0.362026 0.480398
vt 0.375458 0.480398
f 258/772/258 255/764/255 157/471/157
vt 0.378030 0.835944
vt 0.276552 0.836279
vt 0.276616 0.905912
f 133/397/133 263/788/263 264/792/264
vt 0.378030 0.835944
vt 0.276616 0.905912
vt 0.378030 0.905614
f 133/397/133 264/791/264 134/402/134
vt 0.276552 0.836279
vt 0.165485 0.838889
vt 0.167318 0.909267
f 263/787/263 265/794/265 266/798/266
vt 0.276552 0.836279
vt 0.167318 0.909267
vt 0.276616 0.905912
f 263/787/263 266/797/266 264/792/264
vt 0.375458 0.480398
vt 0.375458 0.480398
vt 0.372780 0.657694
f 277/829/277 157/470/157 154/462/154
vt 0.375458 0.480398
vt 0.372780 0.657694
vt 0.372780 0.657694
f 277/829/277 154/461/154 278/834/278
vt 0.375432 0.407516
vt 0.375458 0.480398
vt 0.375458 0.480398
f 258/772/258 157/470/157 277/831/277
vt 0.529293 0.657694
vt 0.529293 0.480398
vt 0.375458 0.480398
f 150/448/150 149/446/149 277/831/277
vt 0.529293 0.657694
vt 0.375458 0.480398
vt 0.372780 0.657694
f 150/448/150 277/830/277 278/834/278
vt 0.529293 0.480398
vt 0.683128 0.480398
vt 0.683154 0.407516
f 149/445/149 147/440/147 126/378/126
vt 0.529293 0.480398
vt 0.375432 0.407516
vt 0.375458 0.480398
f 149/445/149 258/773/258 277/831/277
vt 0.529293 0.480398
vt 0.683154 0.407516
vt 0.375432 0.407516
f 149/445/149 126/377/126 258/774/258
vt 0.375432 0.407516
vt 0.683154 0.407516
vt 0.705783 0.407516
f 258/772/258 126/377/126 124/372/124
vt 0.375432 0.407516
vt 0.705783 0.407516
vt 0.352803 0.407516
f 258/772/258 124/371/124 256/768/256
vt 0.352803 0.407516
vt 0.705783 0.407516
vt 0.708861 0.331275
f 256/766/256 124/371/124 125/375/125
vt 0.352803 0.407516
vt 0.708861 0.331275
vt 0.349725 0.331275
f 256/766/256 125/374/125 257/771/257
vt 0.955310 0.025824
vt 0.966933 0.116098
vt 0.955369 0.115701
f 166/496/166 167/500/167 168/504/168
vt 0.955369 0.115701
vt 0.924087 0.115584
vt 0.928186 0.013737
f 168/502/168 169/506/169 170/510/170
vt 0.955369 0.115701
vt 0.928186 0.013737
vt 0.955310 0.025824
f 168/502/168 170/509/170 166/498/166
vt 0.904011 0.136289
vt 0.924087 0.115584
vt 0.933068 0.164074
f 171/511/171 169/506/169 172/516/172
vt 0.955369 0.115701
vt 0.933068 0.164074
vt 0.924087 0.115584
f 168/502/168 172/515/172 169/507/169
vt 0.955369 0.115701
vt 0.966933 0.116098
vt 0.955850 0.163368
f 168/502/168 167/500/167 173/519/173
vt 0.955369 0.115701
vt 0.955850 0.163368
vt 0.933068 0.164074
f 168/502/168 173/518/173 172/516/172
vt 0.743686 0.098058
vt 0.904011 0.136289
vt 0.891516 0.178983
f 174/520/174 171/512/171 175/525/175
vt 0.743686 0.098058
vt 0.891516 0.178983
vt 0.696197 0.130221
f 174/520/174 175/524/175 176/528/176
vt 0.933068 0.164074
vt 0.891516 0.178983
vt 0.904011 0.136289
f 172/514/172 175/524/175 171/513/171
vt 0.696197 0.130221
vt 0.891516 0.178983
vt 0.890918 0.193975
f 176/526/176 175/524/175 177/531/177
vt 0.696197 0.130221
vt 0.890918 0.193975
vt 0.682181 0.141065
f 176/526/176 177/530/177 178/534/178
vt 0.933068 0.164074
vt 0.931816 0.185289
vt 0.890918 0.193975
f 172/514/172 179/536/179 177/531/177
vt 0.933068 0.164074
vt 0.890918 0.193975
vt 0.891516 0.178983
f 172/514/172 177/530/177 175/525/175
vt 0.718925 0.080691
vt 0.743686 0.098058
vt 0.696197 0.130221
f 180/538/180 174/521/174 176/528/176
vt 0.718925 0.080691
vt 0.696197 0.130221
vt 0.664120 0.097404
f 180/538/180 176/527/176 181/543/181
vt 0.701158 -0.002373
vt 0.707691 0.049824
vt 0.655771 0.064331
f 182/544/182 183/548/183 184/552/184
vt 0.701158 -0.002373
vt 0.655771 0.064331
vt 0.652023 -0.004030
f 182/544/182 184/551/184 185/555/185
vt 0.664120 0.097404
vt 0.696197 0.130221
vt 0.682181 0.141065
f 181/541/181 176/527/176 178/534/178
vt 0.664120 0.097404
vt 0.682181 0.141065
vt 0.647681 0.098879
f 181/541/181 178/533/178 186/558/186
vt 0.655771 0.064331
vt 0.664120 0.097404
vt 0.647681 0.098879
f 184/550/184 181/542/181 186/558/186
vt 0.655771 0.064331
vt 0.647681 0.098879
vt 0.641874 0.063723
f 184/550/184 186/557/186 187/561/187
vt 0.682181 0.141065
vt 0.587051 0.199366
vt 0.647681 0.098879
f 178/532/178 155/464/155 186/558/186
vt 1.034666 0.238578
vt 0.587051 0.199366
vt 0.682181 0.141065
f 153/457/153 155/464/155 178/534/178
vt 1.034666 0.238578
vt 0.682181 0.141065
vt 0.890918 0.193975
f 153/457/153 178/533/178 177/531/177
vt 1.034666 0.238578
vt 0.890918 0.193975
vt 0.931816 0.185289
f 153/457/153 177/530/177 179/537/179
vt 1.034666 0.238578
vt 0.931816 0.185289
vt 0.955850 0.163368
f 153/457/153 179/536/179 173/519/173
vt 0.955850 0.163368
vt 0.931816 0.185289
vt 0.933068 0.164074
f 173/517/173 179/536/179 172/516/172
vt 0.718925 0.080691
vt 0.664120 0.097404
vt 0.655771 0.064331
f 180/538/180 181/542/181 184/552/184
vt 0.718925 0.080691
vt 0.655771 0.064331
vt 0.707691 0.049824
f 180/538/180 184/551/184 183/549/183
vt 0.647681 0.098879
vt 0.587051 0.199366
vt 0.593116 0.176194
f 186/556/186 155/464/155 254/762/254
vt 0.647681 0.098879
vt 0.593116 0.176194
vt 0.600567 0.078826
f 186/556/186 254/761/254 255/765/255
vt 0.641874 0.063723
vt 0.647681 0.098879
vt 0.600567 0.078826
f 187/559/187 186/557/186 255/765/255
vt 0.642844 0.038802
vt 0.655771 0.064331
vt 0.641874 0.063723
f 256/766/256 184/551/184 187/561/187
vt 0.652023 -0.004030
vt 0.655771 0.064331
vt 0.642844 0.038802
f 185/553/185 184/551/184 256/768/256
vt 0.652023 -0.004030
vt 0.642844 0.038802
vt 0.641874 -0.003069
f 185/553/185 256/767/256 257/771/257
vt 0.642844 0.038802
vt 0.641874 0.063723
vt 0.600567 0.078826
f 256/766/256 187/560/187 255/765/255
vt 0.642844 0.038802
vt 0.600567 0.078826
vt 0.600567 0.038802
f 256/766/256 255/764/255 258/774/258
vt 0.451513 0.173821
vt 0.485799 0.172161
vt 0.483787 0.156455
f 158/472/158 159/476/159 160/480/160
vt 0.451513 0.173821
vt 0.483787 0.156455
vt 0.452909 0.158216
f 158/472/158 160/479/160 161/483/161
vt 0.483787 0.156455
vt 0.485799 0.172161
vt 0.487744 0.154111
f 160/478/160 159/476/159 162/486/162
vt 0.487744 0.154111
vt 0.487187 0.014002
vt 0.479761 0.009833
f 162/484/162 163/488/163 164/492/164
vt 0.487744 0.154111
vt 0.479761 0.009833
vt 0.483787 0.156455
f 162/484/162 164/491/164 160/480/160
vt 0.479761 0.009833
vt 0.487187 0.014002
vt 0.554446 0.014937
f 164/490/164 163/488/163 165/495/165
vt 0.479761 0.009833
vt 0.554446 0.014937
vt 0.564655 0.005076
f 164/490/164 165/494/165 166/498/166
vt 0.494549 0.170816
vt 0.487744 0.154111
vt 0.485799 0.172161
f 153/457/153 162/485/162 159/477/159
vt 0.487187 0.014002
vt 0.487744 0.154111
vt 0.554387 0.075402
f 163/487/163 162/485/162 167/501/167
vt 0.487187 0.014002
vt 0.554387 0.075402
vt 0.554446 0.014937
f 163/487/163 167/500/167 165/495/165
vt 0.452909 0.158216
vt 0.483787 0.156455
vt 0.479761 0.009833
f 161/481/161 160/479/160 164/492/164
vt 0.452909 0.158216
vt 0.479761 0.009833
vt 0.453528 0.009654
f 161/481/161 164/491/164 188/564/188
vt 0.330080 0.173353
vt 0.451513 0.173821
vt 0.452909 0.158216
f 189/565/189 158/473/158 161/483/161
vt 0.330080 0.173353
vt 0.452909 0.158216
vt 0.310591 0.157052
f 189/565/189 161/482/161 190/570/190
vt 0.487744 0.154111
vt 0.494549 0.170816
vt 0.554387 0.075402
f 162/484/162 153/458/153 167/501/167
vt 0.554387 0.075402
vt 0.494549 0.170816
vt 0.564178 0.112225
f 167/499/167 153/458/153 173/519/173
vt 0.479761 0.009833
vt 0.453967 -0.004339
vt 0.453528 0.009654
f 164/490/164 288/863/288 188/564/188
vt 0.564655 0.005076
vt 0.453967 -0.004339
vt 0.479761 0.009833
f 166/496/166 288/863/288 164/492/164
vt 0.564655 0.005076
vt 0.588618 -0.004339
vt 0.453967 -0.004339
f 166/496/166 170/509/170 288/864/288
vt 0.453528 0.009654
vt 0.453967 -0.004339
vt 0.290205 0.009652
f 188/562/188 288/863/288 191/573/191
vt 0.290205 0.009652
vt 0.453967 -0.004339
vt 0.284109 -0.003021
f 191/571/191 288/863/288 199/597/199
vt 0.310591 0.157052
vt 0.452909 0.158216
vt 0.453528 0.009654
f 190/568/190 161/482/161 188/564/188
vt 0.310591 0.157052
vt 0.453528 0.009654
vt 0.290205 0.009652
f 190/568/190 188/563/188 191/573/191
vt 0.400910 0.988781
vt 0.541559 0.981004
vt 0.519620 0.959900
f 192/574/192 189/566/189 190/570/190
vt 0.338462 0.969876
vt 0.400910 0.988781
vt 0.519620 0.959900
f 193/577/193 192/575/192 190/570/190
vt 0.371620 0.992623
vt 0.400910 0.988781
vt 0.338462 0.969876
f 194/580/194 192/575/192 193/579/193
vt 0.338462 0.969876
vt 0.519620 0.959900
vt 0.375161 0.914658
f 193/577/193 190/569/190 196/588/196
vt 0.338462 0.969876
vt 0.375161 0.914658
vt 0.336420 0.924025
f 193/577/193 196/587/196 197/591/197
vt 0.519620 0.959900
vt 0.395835 0.878576
vt 0.375161 0.914658
f 190/568/190 198/593/198 196/588/196
vt 0.466369 0.772341
vt 0.395835 0.878576
vt 0.519620 0.959900
f 191/571/191 198/593/198 190/570/190
vt 0.395835 0.878576
vt 0.466369 0.772341
vt 0.404960 0.752664
f 198/592/198 191/572/191 199/597/199
vt 0.395835 0.878576
vt 0.404960 0.752664
vt 0.386953 0.874984
f 198/592/198 199/596/199 200/600/200
vt 0.386953 0.874984
vt 0.404960 0.752664
vt 0.391055 0.748052
f 200/598/200 199/596/199 201/603/201
vt 0.386953 0.874984
vt 0.391055 0.748052
vt 0.376235 0.866197
f 200/598/200 201/602/201 202/606/202
vt 0.376235 0.866197
vt 0.391055 0.748052
vt 0.364007 0.746341
f 202/604/202 201/602/201 203/609/203
vt 0.376235 0.866197
vt 0.364007 0.746341
vt 0.348219 0.845899
f 202/604/202 203/608/203 204/612/204
vt 0.354897 0.900481
vt 0.376235 0.866197
vt 0.348219 0.845899
f 205/613/205 202/605/202 204/612/204
vt 0.354897 0.900481
vt 0.348219 0.845899
vt 0.329146 0.863605
f 205/613/205 204/611/204 206/618/206
vt 0.376235 0.866197
vt 0.354897 0.900481
vt 0.369365 0.906079
f 202/604/202 205/614/205 207/621/207
vt 0.376235 0.866197
vt 0.369365 0.906079
vt 0.386953 0.874984
f 202/604/202 207/620/207 200/600/200
vt 0.369365 0.906079
vt 0.354897 0.900481
vt 0.357369 0.913758
f 207/619/207 205/614/205 208/624/208
vt 0.375161 0.914658
vt 0.395835 0.878576
vt 0.386953 0.874984
f 196/586/196 198/593/198 200/600/200
vt 0.375161 0.914658
vt 0.386953 0.874984
vt 0.369365 0.906079
f 196/586/196 200/599/200 207/621/207
vt 0.357369 0.913758
vt 0.336420 0.924025
vt 0.375161 0.914658
f 208/622/208 197/590/197 196/588/196
vt 0.357369 0.913758
vt 0.375161 0.914658
vt 0.369365 0.906079
f 208/622/208 196/587/196 207/621/207
vt 0.354897 0.900481
vt 0.329146 0.863605
vt 0.217946 0.909698
f 205/613/205 206/617/206 209/627/209
vt 0.329146 0.863605
vt 0.219526 0.865356
vt 0.217946 0.909698
f 206/616/206 210/629/210 209/627/209
vt 0.357369 0.913758
vt 0.354897 0.900481
vt 0.218081 0.922811
f 208/622/208 205/614/205 211/633/211
vt 0.354897 0.900481
vt 0.217946 0.909698
vt 0.218081 0.922811
f 205/613/205 209/626/209 211/633/211
vt 0.357369 0.913758
vt 0.218081 0.922811
vt 0.336420 0.924025
f 208/622/208 211/632/211 197/591/197
vt 0.336420 0.924025
vt 0.218081 0.922811
vt 0.231245 0.927787
f 197/589/197 211/632/211 212/636/212
vt 0.145742 0.927281
vt 0.231245 0.927787
vt 0.145604 0.918588
f 216/646/216 212/635/212 221/663/221
vt 0.145604 0.918588
vt 0.231245 0.927787
vt 0.218081 0.922811
f 221/661/221 212/635/212 211/633/211
vt 0.106926 0.907574
vt 0.145742 0.927281
vt 0.145604 0.918588
f 219/655/219 216/647/216 221/663/221
vt 0.145604 0.918588
vt 0.110927 0.897387
vt 0.106926 0.907574
f 221/661/221 222/665/222 219/657/219
vt 0.138624 0.895830
vt 0.145604 0.918588
vt 0.217946 0.909698
f 223/667/223 221/662/221 209/627/209
vt 0.145604 0.918588
vt 0.218081 0.922811
vt 0.217946 0.909698
f 221/661/221 211/632/211 209/627/209
vt 0.138624 0.895830
vt 0.217946 0.909698
vt 0.200961 0.846743
f 223/667/223 209/626/209 224/672/224
vt 0.200961 0.846743
vt 0.217946 0.909698
vt 0.219526 0.865356
f 224/670/224 209/626/209 210/630/210
vt 0.200961 0.846743
vt 0.137755 0.855929
vt 0.138624 0.895830
f 224/670/224 225/674/225 223/669/223
vt 0.110927 0.897387
vt 0.145604 0.918588
vt 0.138624 0.895830
f 222/664/222 221/662/221 223/669/223
vt 0.138624 0.895830
vt 0.117651 0.856676
vt 0.110927 0.897387
f 223/667/223 226/677/226 222/666/222
vt 0.117651 0.856676
vt 0.138624 0.895830
vt 0.137755 0.855929
f 226/676/226 223/668/223 225/675/225
vt 0.143238 0.757466
vt 0.138662 0.799501
vt 0.194996 0.800361
f 227/679/227 228/683/228 229/687/229
vt 0.193046 0.757232
vt 0.143238 0.757466
vt 0.194996 0.800361
f 230/688/230 227/680/227 229/687/229
vt 0.138662 0.799501
vt 0.143238 0.757466
vt 0.123926 0.755703
f 228/682/228 227/680/227 231/693/231
vt 0.119537 0.803609
vt 0.138662 0.799501
vt 0.123926 0.755703
f 232/694/232 228/683/228 231/693/231
vt 0.119537 0.803609
vt 0.117651 0.856676
vt 0.137755 0.855929
f 232/694/232 226/677/226 225/675/225
vt 0.138662 0.799501
vt 0.119537 0.803609
vt 0.137755 0.855929
f 228/682/228 232/695/232 225/675/225
vt 0.138662 0.799501
vt 0.137755 0.855929
vt 0.194996 0.800361
f 228/682/228 225/674/225 229/687/229
vt 0.194996 0.800361
vt 0.137755 0.855929
vt 0.200961 0.846743
f 229/685/229 225/674/225 224/672/224
vt 1.052394 0.394962
vt 1.052490 0.315721
vt 1.032086 0.352888
f 43/127/43 42/125/42 44/132/44
vt 1.052394 0.394962
vt 1.032086 0.352888
vt 1.032264 0.398856
f 43/127/43 44/131/44 45/135/45
vt 1.032264 0.398856
vt 1.032086 0.352888
vt 0.988986 0.378551
f 45/133/45 44/131/44 63/189/63
vt 1.032264 0.398856
vt 0.988986 0.378551
vt 0.990975 0.409477
f 45/133/45 63/188/63 64/192/64
vt 0.990975 0.409477
vt 0.988986 0.378551
vt 0.882392 0.388260
f 64/190/64 63/188/63 65/195/65
vt 0.990975 0.409477
vt 0.882392 0.388260
vt 0.882392 0.417615
f 64/190/64 65/194/65 66/198/66
vt 1.027464 0.639508
vt 1.044312 0.528259
vt 1.026759 0.583636
f 67/199/67 68/203/68 69/207/69
vt 1.027464 0.639508
vt 1.026759 0.583636
vt 1.010489 0.630134
f 67/199/67 69/206/69 70/210/70
vt 0.990596 0.658497
vt 1.014843 0.688763
vt 1.027464 0.639508
f 71/211/71 72/215/72 67/201/67
vt 1.010489 0.630134
vt 0.990596 0.658497
vt 1.027464 0.639508
f 70/208/70 71/212/71 67/201/67
vt 0.990596 0.658497
vt 0.960803 0.676881
vt 1.014843 0.688763
f 71/211/71 97/290/97 72/216/72
vt 0.960803 0.676881
vt 0.882392 0.697358
vt 1.014843 0.688763
f 97/289/97 98/293/98 72/216/72
vt 0.882392 0.691241
vt 0.882392 0.697358
vt 0.960803 0.676881
f 118/352/118 98/293/98 97/291/97
vt 0.732697 0.352888
vt 0.712389 0.394962
vt 0.732519 0.398856
f 194/580/194 193/578/193 195/585/195
vt 0.775797 0.378551
vt 0.732697 0.352888
vt 0.732519 0.398856
f 213/637/213 194/581/194 195/585/195
vt 0.775797 0.378551
vt 0.732519 0.398856
vt 0.773808 0.409477
f 213/637/213 195/584/195 214/642/214
vt 0.882392 0.388260
vt 0.775797 0.378551
vt 0.773808 0.409477
f 65/193/65 213/638/213 214/642/214
vt 0.882392 0.388260
vt 0.773808 0.409477
vt 0.882392 0.417615
f 65/193/65 214/641/214 66/198/66
vt 0.720472 0.528259
vt 0.737320 0.639508
vt 0.738024 0.583636
f 215/643/215 216/647/216 217/651/217
vt 0.738024 0.583636
vt 0.737320 0.639508
vt 0.754294 0.630134
f 217/649/217 216/647/216 218/654/218
vt 0.749941 0.688763
vt 0.774187 0.658497
vt 0.737320 0.639508
f 219/655/219 220/659/220 216/648/216
vt 0.774187 0.658497
vt 0.754294 0.630134
vt 0.737320 0.639508
f 220/658/220 218/653/218 216/648/216
vt 0.803980 0.676881
vt 0.774187 0.658497
vt 0.749941 0.688763
f 239/715/239 220/659/220 219/657/219
vt 0.882392 0.697358
vt 0.803980 0.676881
vt 0.749941 0.688763
f 98/292/98 239/716/239 219/657/219
vt 0.737320 0.639508
vt 0.720472 0.528259
vt 0.713355 0.531011
f 216/646/216 215/644/215 212/636/212
vt 0.713355 0.531011
vt 0.720472 0.528259
vt 0.699025 0.397554
f 212/634/212 215/644/215 197/591/197
vt 0.882392 0.697358
vt 0.882392 0.691241
vt 0.803980 0.676881
f 98/292/98 118/353/118 239/717/239
vt 0.732697 0.352888
vt 0.712293 0.315721
vt 0.712389 0.394962
f 194/580/194 192/575/192 193/579/193
vt 0.635825 0.738431
vt 0.364175 0.734102
vt 0.364175 0.265898
f 157/469/157 156/467/156 6/18/6
vt 0.635825 0.261569
vt 0.635825 0.738431
vt 0.364175 0.265898
f 7/19/7 157/470/157 6/18/6
vt 0.314998 0.079701
vt 0.310151 0.079509
vt 0.341099 0.079509
f 1/1/1 2/5/2 3/9/3
vt 0.314998 0.079701
vt 0.341099 0.079509
vt 0.334703 0.081905
f 1/1/1 3/8/3 4/12/4
vt 0.381956 0.084192
vt 0.334703 0.081905
vt 0.341099 0.079509
f 5/13/5 4/11/4 3/9/3
vt 0.381956 0.084192
vt 0.341099 0.079509
vt 0.503981 0.084518
f 5/13/5 3/8/3 6/18/6
vt 0.666863 0.079509
vt 0.503981 0.084518
vt 0.341099 0.079509
f 7/19/7 6/17/6 3/9/3
vt 0.626006 0.084192
vt 0.503981 0.084518
vt 0.666863 0.079509
f 8/22/8 6/17/6 7/21/7
vt 0.626006 0.084192
vt 0.666863 0.079509
vt 0.673259 0.081905
f 8/22/8 7/20/7 9/27/9
vt 0.692964 0.079701
vt 0.673259 0.081905
vt 0.666863 0.079509
f 10/28/10 9/26/9 7/21/7
vt 0.692964 0.079701
vt 0.666863 0.079509
vt 0.697810 0.079509
f 10/28/10 7/20/7 11/33/11
vt 0.666863 0.079509
vt 0.341099 0.079509
vt 0.341099 0.005487
f 7/19/7 3/8/3 12/36/12
vt 0.666863 0.079509
vt 0.341099 0.005487
vt 0.666863 0.005487
f 7/19/7 12/35/12 13/39/13
vt 0.697810 0.079509
vt 0.666863 0.079509
vt 0.704814 0.058800
f 11/31/11 7/20/7 14/42/14
vt 0.341099 0.079509
vt 0.310151 0.079509
vt 0.303148 0.058800
f 3/7/3 2/5/2 15/45/15
vt 0.666863 0.079509
vt 0.666863 0.005487
vt 0.704814 0.058800
f 7/19/7 13/38/13 14/42/14
vt 0.341099 0.079509
vt 0.303148 0.058800
vt 0.341099 0.005487
f 3/7/3 15/44/15 12/36/12
vt 0.649424 0.184518
vt 0.686828 0.184518
vt 0.686828 0.184079
f 13/37/13 12/35/12 16/48/16
vt 0.649424 0.184518
vt 0.686828 0.184079
vt 0.649424 0.184079
f 13/37/13 16/47/16 17/51/17
vt 0.649424 0.184079
vt 0.686828 0.184079
vt 0.686828 0.191626
f 17/49/17 16/47/16 18/54/18
vt 0.649424 0.184079
vt 0.686828 0.191626
vt 0.649424 0.191626
f 17/49/17 18/53/18 19/57/19
vt 0.413317 0.179291
vt 0.421892 0.204302
vt 0.421892 0.204302
f 18/52/18 20/59/20 21/63/21
vt 0.413317 0.179291
vt 0.421892 0.204302
vt 0.413317 0.179291
f 18/52/18 21/62/21 19/57/19
vt 0.725638 0.096265
vt 0.844196 0.096265
vt 0.844196 0.111426
f 21/61/21 20/59/20 22/66/22
vt 0.725638 0.096265
vt 0.844196 0.111426
vt 0.725638 0.111426
f 21/61/21 22/65/22 23/69/23
vt 0.334515 0.180167
vt 0.413317 0.179291
vt 0.421892 0.204302
f 17/49/17 19/56/19 21/63/21
vt 0.334515 0.180167
vt 0.421892 0.204302
vt 0.339098 0.216539
f 17/49/17 21/62/21 13/39/13
vt 0.351723 0.241765
vt 0.339098 0.216539
vt 0.421892 0.204302
f 14/40/14 13/38/13 21/63/21
vt 0.351723 0.241765
vt 0.421892 0.204302
vt 0.500604 0.202226
f 14/40/14 21/62/21 23/69/23
vt 0.351723 0.241765
vt 0.500604 0.202226
vt 0.553232 0.242027
f 14/40/14 23/68/23 24/72/24
vt 0.334515 0.180167
vt 0.339098 0.216539
vt 0.421892 0.204302
f 16/46/16 12/35/12 20/60/20
vt 0.334515 0.180167
vt 0.421892 0.204302
vt 0.413317 0.179291
f 16/46/16 20/59/20 18/54/18
vt 0.351723 0.241765
vt 0.421892 0.204302
vt 0.339098 0.216539
f 15/43/15 20/59/20 12/36/12
vt 0.553232 0.242027
vt 0.421892 0.204302
vt 0.351723 0.241765
f 25/73/25 20/59/20 15/45/15
vt 0.553232 0.242027
vt 0.500604 0.202226
vt 0.421892 0.204302
f 25/73/25 22/65/22 20/60/20
vt 0.844196 0.111426
vt 0.844755 0.243808
vt 0.725079 0.243808
f 22/64/22 26/77/26 27/81/27
vt 0.844196 0.111426
vt 0.725079 0.243808
vt 0.725638 0.111426
f 22/64/22 27/80/27 23/69/23
vt 0.844755 0.243808
vt 0.844196 0.111426
vt 0.857920 0.243808
f 26/76/26 22/65/22 25/75/25
vt 0.711915 0.243808
vt 0.725638 0.111426
vt 0.725079 0.243808
f 24/70/24 23/68/23 27/81/27
vt 0.582445 0.253027
vt 0.553232 0.242027
vt 0.553232 0.242027
f 28/82/28 24/71/24 27/81/27
vt 0.604340 0.251007
vt 0.582445 0.253027
vt 0.553232 0.242027
f 29/85/29 28/83/28 27/81/27
vt 0.604340 0.251007
vt 0.553233 0.242027
vt 0.582445 0.253027
f 30/88/30 26/77/26 31/93/31
vt 0.582445 0.253027
vt 0.553233 0.242027
vt 0.553232 0.242027
f 31/91/31 26/77/26 25/75/25
vt 0.604340 0.251007
vt 0.553232 0.242027
vt 0.602223 0.250430
f 29/85/29 27/80/27 32/96/32
vt 0.602223 0.250430
vt 0.553232 0.242027
vt 0.553233 0.242027
f 32/94/32 27/80/27 26/78/26
vt 0.602223 0.250430
vt 0.553233 0.242027
vt 0.604340 0.251007
f 32/94/32 26/77/26 30/90/30
vt 0.190764 0.923273
vt 0.088709 0.923145
vt 0.088709 0.923145
f 1/1/1 2/5/2 3/9/3
vt 0.993207 0.070125
vt 0.985341 0.062660
vt 0.995463 0.062660
f 4/10/4 5/14/5 6/18/6
vt 0.977729 0.070125
vt 0.985341 0.062660
vt 0.993207 0.070125
f 7/19/7 5/14/5 4/12/4
vt 0.975219 0.062660
vt 0.985341 0.062660
vt 0.977729 0.070125
f 8/22/8 5/14/5 7/21/7
vt 0.977729 0.055195
vt 0.985341 0.062660
vt 0.975219 0.062660
f 9/25/9 5/14/5 8/24/8
vt 0.993207 0.055195
vt 0.985341 0.062660
vt 0.977729 0.055195
f 10/28/10 5/14/5 9/27/9
vt 0.995463 0.062660
vt 0.985341 0.062660
vt 0.993207 0.055195
f 6/16/6 5/14/5 10/30/10
vt 0.224025 0.953301
vt 0.231623 0.928158
vt 0.197593 0.928161
f 4/10/4 6/17/6 1/3/1
vt 0.171894 0.953301
vt 0.224025 0.953301
vt 0.197593 0.928161
f 7/19/7 4/11/4 1/3/1
vt 0.163442 0.928158
vt 0.171894 0.953301
vt 0.197593 0.928161
f 8/22/8 7/20/7 1/3/1
vt 0.171894 0.903014
vt 0.163442 0.928158
vt 0.197593 0.928161
f 9/25/9 8/23/8 1/3/1
vt 0.224025 0.903014
vt 0.171894 0.903014
vt 0.197593 0.928161
f 10/28/10 9/26/9 1/3/1
vt 0.231623 0.928158
vt 0.224025 0.903014
vt 0.197593 0.928161
f 6/16/6 10/29/10 1/3/1
vt 0.088709 0.923145
vt 0.190764 0.923273
vt 0.181897 0.936285
f 2/4/2 1/2/1 11/33/11
vt 0.088709 0.923145
vt 0.181897 0.936285
vt 0.073433 0.937193
f 2/4/2 11/32/11 12/36/12
vt 0.088709 0.923145
vt 0.088709 0.923145
vt 0.073433 0.937193
f 3/7/3 2/5/2 12/36/12
vt 0.088709 0.923145
vt 0.073433 0.937193
vt 0.073433 0.937193
f 3/7/3 12/35/12 13/39/13
vt 0.190764 0.923273
vt 0.088709 0.923145
vt 0.073433 0.937193
f 1/1/1 3/8/3 13/39/13
vt 0.190764 0.923273
vt 0.073433 0.937193
vt 0.181897 0.936285
f 1/1/1 13/38/13 11/33/11
vt 0.073433 0.937193
vt 0.181897 0.936285
vt 0.073433 0.937193
f 12/34/12 11/32/11 13/39/13
vt 0.654060 0.183473
vt 0.664138 0.182939
vt 0.664138 0.182939
f 1/1/1 2/5/2 3/9/3
vt 0.664138 0.182939
vt 0.654060 0.183473
vt 0.654060 0.183473
f 3/7/3 4/11/4 1/3/1
vt 0.664138 0.182939
vt 0.654175 0.185592
vt 0.654060 0.183473
f 3/7/3 5/14/5 4/12/4
vt 0.664138 0.182939
vt 0.654526 0.187871
vt 0.654175 0.185592
f 3/7/3 6/17/6 5/15/5
vt 0.664138 0.182939
vt 0.655621 0.188785
vt 0.654526 0.187871
f 3/7/3 7/20/7 6/18/6
vt 0.664138 0.182939
vt 0.662083 0.188699
vt 0.655621 0.188785
f 3/7/3 8/23/8 7/21/7
vt 0.664138 0.182939
vt 0.663207 0.187829
vt 0.662083 0.188699
f 3/7/3 9/26/9 8/24/8
vt 0.686759 0.183165
vt 0.696664 0.184257
vt 0.696664 0.184257
f 10/28/10 11/32/11 12/36/12
vt 0.686759 0.183165
vt 0.686759 0.183165
vt 0.696664 0.184257
f 13/37/13 10/29/10 12/36/12
vt 0.696664 0.184257
vt 0.696281 0.186843
vt 0.686759 0.183165
f 12/34/12 14/41/14 13/39/13
vt 0.686759 0.183165
vt 0.696281 0.186843
vt 0.695623 0.188372
f 13/37/13 14/41/14 15/45/15
vt 0.694171 0.189233
vt 0.686759 0.183165
vt 0.695623 0.188372
f 16/46/16 13/38/13 15/45/15
vt 0.694171 0.189233
vt 0.688177 0.189237
vt 0.686759 0.183165
f 16/46/16 17/50/17 13/39/13
vt 0.686759 0.183165
vt 0.688177 0.189237
vt 0.687000 0.188211
f 13/37/13 17/50/17 18/54/18
vt 0.664138 0.182939
vt 0.654060 0.183473
vt 0.664138 0.182939
f 19/55/19 20/59/20 21/63/21
vt 0.664138 0.182939
vt 0.654060 0.183473
vt 0.654060 0.183473
f 21/61/21 20/59/20 22/66/22
vt 0.654060 0.183473
vt 0.654175 0.185592
vt 0.664138 0.182939
f 22/64/22 23/68/23 21/63/21
vt 0.664138 0.182939
vt 0.654175 0.185592
vt 0.654526 0.187871
f 21/61/21 23/68/23 24/72/24
vt 0.662083 0.188699
vt 0.663207 0.187829
vt 0.664138 0.182939
f 25/73/25 26/77/26 21/63/21
vt 0.696664 0.184257
vt 0.686759 0.183165
vt 0.696664 0.184257
f 27/79/27 28/83/28 29/87/29
vt 0.696664 0.184257
vt 0.686759 0.183165
vt 0.686759 0.183165
f 29/85/29 28/83/28 30/90/30
vt 0.686759 0.183165
vt 0.687000 0.188211
vt 0.688177 0.189237
f 30/88/30 31/92/31 32/96/32
vt 0.688177 0.189237
vt 0.694171 0.189233
vt 0.686759 0.183165
f 32/94/32 33/98/33 30/90/30
vt 0.686759 0.183165
vt 0.694171 0.189233
vt 0.695623 0.188372
f 30/88/30 33/98/33 34/102/34
vt 0.695623 0.188372
vt 0.696281 0.186843
vt 0.686759 0.183165
f 34/100/34 35/104/35 30/90/30
vt 0.686759 0.183165
vt 0.696281 0.186843
vt 0.696664 0.184257
f 30/88/30 35/104/35 29/87/29
vt 0.664138 0.182939
vt 0.654526 0.187871
vt 0.655621 0.188785
f 21/61/21 24/71/24 36/108/36
vt 0.655621 0.188785
vt 0.662083 0.188699
vt 0.664138 0.182939
f 36/106/36 25/74/25 21/63/21
vt 0.648829 0.188847
vt 0.646967 0.190470
vt 0.646967 0.190470
f 1/1/1 2/5/2 3/9/3
vt 0.648829 0.188847
vt 0.646967 0.190470
vt 0.648829 0.188847
f 1/1/1 3/8/3 4/12/4
vt 0.646967 0.190470
vt 0.637481 0.190463
vt 0.637481 0.190463
f 2/4/2 5/14/5 6/18/6
vt 0.646967 0.190470
vt 0.637481 0.190463
vt 0.646967 0.190470
f 2/4/2 6/17/6 3/9/3
vt 0.637481 0.190463
vt 0.635184 0.189102
vt 0.635184 0.189102
f 5/13/5 7/20/7 8/24/8
vt 0.637481 0.190463
vt 0.635184 0.189102
vt 0.637481 0.190463
f 5/13/5 8/23/8 6/18/6
vt 0.688259 0.189619
vt 0.686479 0.188242
vt 0.686479 0.188242
f 9/25/9 10/29/10 11/33/11
vt 0.688259 0.189619
vt 0.686479 0.188242
vt 0.688259 0.189619
f 9/25/9 11/32/11 12/36/12
vt 0.698484 0.189755
vt 0.688259 0.189619
vt 0.688259 0.189619
f 13/37/13 9/26/9 12/36/12
vt 0.698484 0.189755
vt 0.688259 0.189619
vt 0.698484 0.189755
f 13/37/13 12/35/12 14/42/14
vt 0.700216 0.188308
vt 0.698484 0.189755
vt 0.698484 0.189755
f 15/43/15 13/38/13 14/42/14
vt 0.700216 0.188308
vt 0.698484 0.189755
vt 0.700216 0.188308
f 15/43/15 14/41/14 16/48/16
vt 0.700216 0.188308
vt 0.698484 0.189755
vt 0.698484 0.189755
f 15/43/15 13/38/13 14/42/14
vt 0.700216 0.188308
vt 0.698484 0.189755
vt 0.700216 0.188308
f 15/43/15 14/41/14 16/48/16
vt 0.698484 0.189755
vt 0.700216 0.188308
vt 0.700216 0.188308
f 14/40/14 16/47/16 15/45/15
vt 0.635184 0.189102
vt 0.634142 0.186682
vt 0.634142 0.186682
f 7/19/7 17/50/17 18/54/18
vt 0.635184 0.189102
vt 0.634142 0.186682
vt 0.635184 0.189102
f 7/19/7 18/53/18 8/24/8
vt 0.700772 0.184702
vt 0.700216 0.188308
vt 0.700216 0.188308
f 19/55/19 15/44/15 16/48/16
vt 0.700772 0.184702
vt 0.700216 0.188308
vt 0.700772 0.184702
f 19/55/19 16/47/16 20/60/20
vt 0.700954 0.181350
vt 0.700772 0.184702
vt 0.700954 0.181350
f 21/61/21 19/56/19 22/66/22
vt 0.700954 0.181350
vt 0.700772 0.184702
vt 0.700772 0.184702
f 22/64/22 19/56/19 20/60/20
vt 0.686479 0.188242
vt 0.686479 0.188242
vt 0.685007 0.180503
f 11/31/11 10/29/10 23/69/23
vt 0.686479 0.188242
vt 0.685007 0.180503
vt 0.685007 0.180503
f 11/31/11 23/68/23 24/72/24
vt 0.685007 0.180503
vt 0.700954 0.181350
vt 0.700772 0.184702
f 24/70/24 22/65/22 20/60/20
vt 0.700772 0.184702
vt 0.700216 0.188308
vt 0.685007 0.180503
f 20/58/20 16/47/16 24/72/24
vt 0.700216 0.188308
vt 0.698484 0.189755
vt 0.685007 0.180503
f 16/46/16 14/41/14 24/72/24
vt 0.685007 0.180503
vt 0.698484 0.189755
vt 0.688259 0.189619
f 24/70/24 14/41/14 12/36/12
vt 0.688259 0.189619
vt 0.686479 0.188242
vt 0.685007 0.180503
f 12/34/12 11/32/11 24/72/24
vt 0.649209 0.180862
vt 0.649209 0.180862
vt 0.648829 0.188847
f 25/73/25 26/77/26 1/3/1
vt 0.648829 0.188847
vt 0.648829 0.188847
vt 0.649209 0.180862
f 1/1/1 4/11/4 25/75/25
vt 0.649209 0.180862
vt 0.648829 0.188847
vt 0.646967 0.190470
f 25/73/25 4/11/4 3/9/3
vt 0.649209 0.180862
vt 0.646967 0.190470
vt 0.637481 0.190463
f 25/73/25 3/8/3 6/18/6
vt 0.635184 0.189102
vt 0.649209 0.180862
vt 0.637481 0.190463
f 8/22/8 25/74/25 6/18/6
vt 0.635184 0.189102
vt 0.634142 0.186682
vt 0.649209 0.180862
f 8/22/8 18/53/18 25/75/25
vt 0.649209 0.180862
vt 0.634142 0.186682
vt 0.633536 0.182590
f 25/73/25 18/53/18 27/81/27
vt 0.633536 0.182590
vt 0.634142 0.186682
vt 0.633536 0.182590
f 27/79/27 18/53/18 28/84/28
vt 0.634142 0.186682
vt 0.634142 0.186682
vt 0.633536 0.182590
f 18/52/18 17/50/17 28/84/28
vt 0.646967 0.190470
vt 0.646967 0.190470
vt 0.648829 0.188847
f 29/85/29 30/89/30 31/93/31
vt 0.646967 0.190470
vt 0.648829 0.188847
vt 0.648829 0.188847
f 29/85/29 31/92/31 32/96/32
vt 0.646967 0.190470
vt 0.646967 0.190470
vt 0.637481 0.190463
f 30/88/30 29/86/29 33/99/33
vt 0.646967 0.190470
vt 0.637481 0.190463
vt 0.637481 0.190463
f 30/88/30 33/98/33 34/102/34
vt 0.637481 0.190463
vt 0.637481 0.190463
vt 0.635184 0.189102
f 34/100/34 33/98/33 35/105/35
vt 0.637481 0.190463
vt 0.635184 0.189102
vt 0.635184 0.189102
f 34/100/34 35/104/35 36/108/36
vt 0.686479 0.188242
vt 0.686479 0.188242
vt 0.688259 0.189619
f 37/109/37 38/113/38 39/117/39
vt 0.686479 0.188242
vt 0.688259 0.189619
vt 0.688259 0.189619
f 37/109/37 39/116/39 40/120/40
vt 0.688259 0.189619
vt 0.688259 0.189619
vt 0.698484 0.189755
f 40/118/40 39/116/39 41/123/41
vt 0.688259 0.189619
vt 0.698484 0.189755
vt 0.698484 0.189755
f 40/118/40 41/122/41 42/126/42
vt 0.698484 0.189755
vt 0.698484 0.189755
vt 0.700216 0.188308
f 42/124/42 41/122/41 43/129/43
vt 0.698484 0.189755
vt 0.700216 0.188308
vt 0.700216 0.188308
f 42/124/42 43/128/43 44/132/44
vt 0.698484 0.189755
vt 0.698484 0.189755
vt 0.700216 0.188308
f 42/124/42 41/122/41 43/129/43
vt 0.698484 0.189755
vt 0.700216 0.188308
vt 0.700216 0.188308
f 42/124/42 43/128/43 44/132/44
vt 0.698484 0.189755
vt 0.700216 0.188308
vt 0.700216 0.188308
f 42/124/42 43/128/43 44/132/44
vt 0.635184 0.189102
vt 0.635184 0.189102
vt 0.634142 0.186682
f 36/106/36 35/104/35 45/135/45
vt 0.635184 0.189102
vt 0.634142 0.186682
vt 0.634142 0.186682
f 36/106/36 45/134/45 46/138/46
vt 0.700216 0.188308
vt 0.700216 0.188308
vt 0.700772 0.184702
f 44/130/44 43/128/43 47/141/47
vt 0.700216 0.188308
vt 0.700772 0.184702
vt 0.700772 0.184702
f 44/130/44 47/140/47 48/144/48
vt 0.700954 0.181350
vt 0.700954 0.181350
vt 0.700772 0.184702
f 49/145/49 50/149/50 47/141/47
vt 0.700954 0.181350
vt 0.700772 0.184702
vt 0.700772 0.184702
f 50/148/50 48/143/48 47/141/47
vt 0.686479 0.188242
vt 0.685007 0.180503
vt 0.686479 0.188242
f 37/109/37 51/152/51 38/114/38
vt 0.686479 0.188242
vt 0.685007 0.180503
vt 0.685007 0.180503
f 37/109/37 52/155/52 51/153/51
vt 0.685007 0.180503
vt 0.700772 0.184702
vt 0.700954 0.181350
f 52/154/52 48/143/48 50/150/50
vt 0.700772 0.184702
vt 0.685007 0.180503
vt 0.700216 0.188308
f 48/142/48 52/155/52 44/132/44
vt 0.700216 0.188308
vt 0.685007 0.180503
vt 0.698484 0.189755
f 44/130/44 52/155/52 42/126/42
vt 0.685007 0.180503
vt 0.688259 0.189619
vt 0.698484 0.189755
f 52/154/52 40/119/40 42/126/42
vt 0.688259 0.189619
vt 0.685007 0.180503
vt 0.686479 0.188242
f 40/118/40 52/155/52 37/111/37
vt 0.649209 0.180862
vt 0.648829 0.188847
vt 0.649209 0.180862
f 53/157/53 31/92/31 54/162/54
vt 0.648829 0.188847
vt 0.649209 0.180862
vt 0.648829 0.188847
f 31/91/31 53/158/53 32/96/32
vt 0.649209 0.180862
vt 0.646967 0.190470
vt 0.648829 0.188847
f 53/157/53 29/86/29 32/96/32
vt 0.649209 0.180862
vt 0.637481 0.190463
vt 0.646967 0.190470
f 53/157/53 33/98/33 29/87/29
vt 0.635184 0.189102
vt 0.637481 0.190463
vt 0.649209 0.180862
f 35/103/35 33/98/33 53/159/53
vt 0.635184 0.189102
vt 0.649209 0.180862
vt 0.634142 0.186682
f 35/103/35 53/158/53 45/135/45
vt 0.649209 0.180862
vt 0.633536 0.182590
vt 0.634142 0.186682
f 53/157/53 55/164/55 45/135/45
vt 0.633536 0.182590
vt 0.633536 0.182590
vt 0.634142 0.186682
f 55/163/55 56/167/56 45/135/45
vt 0.634142 0.186682
vt 0.633536 0.182590
vt 0.634142 0.186682
f 45/133/45 56/167/56 46/138/46
vt 0.858643 0.829763
vt 0.748070 0.824444
vt 0.745878 0.858911
f 1/1/1 2/5/2 3/9/3
vt 0.858643 0.829763
vt 0.745878 0.858911
vt 0.856959 0.853833
f 1/1/1 3/8/3 4/12/4
vt 0.047240 0.589490
vt 0.034690 0.512094
vt 0.048315 0.514390
f 4/10/4 3/8/3 5/15/5
vt 0.047240 0.589490
vt 0.048315 0.514390
vt 0.056974 0.586180
f 4/10/4 5/14/5 6/18/6
vt 0.128180 0.548011
vt 0.093663 0.612666
vt 0.076259 0.520650
f 7/19/7 8/23/8 9/27/9
vt 0.128180 0.548011
vt 0.076259 0.520650
vt 0.149750 0.525447
f 7/19/7 9/26/9 10/30/10
vt 0.093663 0.612666
vt 0.128180 0.558990
vt 0.128180 0.616134
f 8/22/8 7/20/7 11/33/11
vt 0.076259 0.520650
vt 0.056974 0.586180
vt 0.048315 0.514390
f 9/25/9 6/17/6 5/15/5
vt 0.056974 0.586180
vt 0.076259 0.520650
vt 0.093663 0.612666
f 6/16/6 9/26/9 8/24/8
vt 0.064264 0.617948
vt 0.056974 0.586180
vt 0.093663 0.612666
f 12/34/12 6/17/6 8/24/8
vt 0.064264 0.617948
vt 0.093663 0.612666
vt 0.076130 0.644102
f 12/34/12 8/23/8 13/39/13
vt 0.076130 0.644102
vt 0.093663 0.612666
vt 0.099584 0.654032
f 13/37/13 8/23/8 14/42/14
vt 0.076130 0.644102
vt 0.099584 0.654032
vt 0.084067 0.654190
f 13/37/13 14/41/14 15/45/15
vt 0.149750 0.659688
vt 0.099584 0.654032
vt 0.147745 0.619729
f 16/46/16 14/41/14 17/51/17
vt 0.064264 0.617948
vt 0.056509 0.621499
vt 0.047240 0.589490
f 12/34/12 18/53/18 4/12/4
vt 0.056974 0.586180
vt 0.064264 0.617948
vt 0.047240 0.589490
f 6/16/6 12/35/12 4/12/4
vt 0.076130 0.644102
vt 0.068564 0.648442
vt 0.056509 0.621499
f 13/37/13 19/56/19 18/54/18
vt 0.064264 0.617948
vt 0.076130 0.644102
vt 0.056509 0.621499
f 12/34/12 13/38/13 18/54/18
vt 0.084067 0.654190
vt 0.079754 0.661168
vt 0.068564 0.648442
f 15/43/15 20/59/20 19/57/19
vt 0.076130 0.644102
vt 0.084067 0.654190
vt 0.068564 0.648442
f 13/37/13 15/44/15 19/57/19
vt 0.097466 0.667039
vt 0.079754 0.661168
vt 0.084067 0.654190
f 21/61/21 20/59/20 15/45/15
vt 0.097466 0.667039
vt 0.084067 0.654190
vt 0.099584 0.654032
f 21/61/21 15/44/15 14/42/14
vt 0.149750 0.659688
vt 0.149750 0.676184
vt 0.097466 0.667039
f 16/46/16 22/65/22 21/63/21
vt 0.099584 0.654032
vt 0.149750 0.659688
vt 0.097466 0.667039
f 14/40/14 16/47/16 21/63/21
vt 0.905491 0.832687
vt 0.858643 0.829763
vt 0.856959 0.853833
f 23/67/23 1/2/1 4/12/4
vt 0.905491 0.832687
vt 0.856959 0.853833
vt 0.902899 0.851390
f 23/67/23 4/11/4 18/54/18
vt 0.902899 0.851390
vt 0.941569 0.849788
vt 0.944827 0.832841
f 18/52/18 19/56/19 24/72/24
vt 0.902899 0.851390
vt 0.944827 0.832841
vt 0.905491 0.832687
f 18/52/18 24/71/24 23/69/23
vt 0.968822 0.830643
vt 0.944827 0.832841
vt 0.941569 0.849788
f 25/73/25 24/71/24 19/57/19
vt 0.968822 0.830643
vt 0.941569 0.849788
vt 0.959834 0.850226
f 25/73/25 19/56/19 20/60/20
vt 0.968260 0.852147
vt 0.984374 0.827630
vt 0.968822 0.830643
f 21/61/21 26/77/26 25/75/25
vt 0.959834 0.850226
vt 0.968260 0.852147
vt 0.968822 0.830643
f 20/58/20 21/62/21 25/75/25
vt 0.797814 0.642479
vt 0.795609 0.680632
vt 0.648896 0.679814
f 26/76/26 21/62/21 22/66/22
vt 0.648896 0.633564
vt 0.797814 0.642479
vt 0.648896 0.679814
f 27/79/27 26/77/26 22/66/22
vt 0.748070 0.824444
vt 0.858644 0.829763
vt 0.745878 0.858911
f 28/82/28 29/86/29 30/90/30
vt 0.745878 0.858911
vt 0.858644 0.829763
vt 0.856959 0.853833
f 30/88/30 29/86/29 31/93/31
vt 0.264809 0.512094
vt 0.252259 0.589490
vt 0.251185 0.514390
f 30/88/30 31/92/31 32/96/32
vt 0.251185 0.514390
vt 0.252259 0.589490
vt 0.242526 0.586180
f 32/94/32 31/92/31 33/99/33
vt 0.149750 0.525447
vt 0.164260 0.548011
vt 0.149750 0.548011
f 10/28/10 34/101/34 35/105/35
vt 0.242526 0.586180
vt 0.223240 0.520650
vt 0.251185 0.514390
f 33/97/33 36/107/36 32/96/32
vt 0.223240 0.520650
vt 0.242526 0.586180
vt 0.205836 0.612666
f 36/106/36 33/98/33 37/111/37
vt 0.242526 0.586180
vt 0.235235 0.617947
vt 0.205836 0.612666
f 33/97/33 38/113/38 37/111/37
vt 0.205836 0.612666
vt 0.235235 0.617947
vt 0.223370 0.644102
f 37/109/37 38/113/38 39/117/39
vt 0.205836 0.612666
vt 0.223370 0.644102
vt 0.199916 0.654032
f 37/109/37 39/116/39 40/120/40
vt 0.199916 0.654032
vt 0.223370 0.644102
vt 0.215432 0.654190
f 40/118/40 39/116/39 41/123/41
vt 0.169912 0.619729
vt 0.205836 0.612666
vt 0.199916 0.654032
f 42/124/42 37/110/37 40/120/40
vt 0.169912 0.619729
vt 0.199916 0.654032
vt 0.151754 0.619729
f 42/124/42 40/119/40 43/129/43
vt 0.151754 0.619729
vt 0.199916 0.654032
vt 0.149750 0.659688
f 43/127/43 40/119/40 16/48/16
vt 0.149750 0.659688
vt 0.149750 0.619729
vt 0.151754 0.619729
f 16/46/16 17/50/17 43/129/43
vt 0.242990 0.621499
vt 0.235235 0.617947
vt 0.252259 0.589490
f 44/130/44 38/113/38 31/93/31
vt 0.235235 0.617947
vt 0.242526 0.586180
vt 0.252259 0.589490
f 38/112/38 33/98/33 31/93/31
vt 0.230936 0.648442
vt 0.223370 0.644102
vt 0.242990 0.621499
f 45/133/45 39/116/39 44/132/44
vt 0.223370 0.644102
vt 0.235235 0.617947
vt 0.242990 0.621499
f 39/115/39 38/113/38 44/132/44
vt 0.219746 0.661168
vt 0.215432 0.654190
vt 0.230936 0.648442
f 46/136/46 41/122/41 45/135/45
vt 0.215432 0.654190
vt 0.223370 0.644102
vt 0.230936 0.648442
f 41/121/41 39/116/39 45/135/45
vt 0.219746 0.661168
vt 0.202034 0.667039
vt 0.215432 0.654190
f 46/136/46 47/140/47 41/123/41
vt 0.215432 0.654190
vt 0.202034 0.667039
vt 0.199916 0.654032
f 41/121/41 47/140/47 40/120/40
vt 0.149750 0.676184
vt 0.149750 0.659688
vt 0.202034 0.667039
f 22/64/22 16/47/16 47/141/47
vt 0.149750 0.659688
vt 0.199916 0.654032
vt 0.202034 0.667039
f 16/46/16 40/119/40 47/141/47
vt 0.858644 0.829763
vt 0.905491 0.832687
vt 0.856959 0.853833
f 29/85/29 48/143/48 31/93/31
vt 0.856959 0.853833
vt 0.905491 0.832687
vt 0.902899 0.851390
f 31/91/31 48/143/48 44/132/44
vt 0.941569 0.849788
vt 0.902899 0.851390
vt 0.944827 0.832841
f 45/133/45 44/131/44 49/147/49
vt 0.944827 0.832841
vt 0.902899 0.851390
vt 0.905491 0.832687
f 49/145/49 44/131/44 48/144/48
vt 0.944827 0.832841
vt 0.968822 0.830643
vt 0.941569 0.849788
f 49/145/49 50/149/50 45/135/45
vt 0.941569 0.849788
vt 0.968822 0.830643
vt 0.959834 0.850226
f 45/133/45 50/149/50 46/138/46
vt 0.984374 0.827630
vt 0.968260 0.852147
vt 0.968822 0.830643
f 51/151/51 47/140/47 50/150/50
vt 0.968260 0.852147
vt 0.959834 0.850226
vt 0.968822 0.830643
f 47/139/47 46/137/46 50/150/50
vt 0.502183 0.680632
vt 0.499978 0.642479
vt 0.648896 0.679814
f 47/139/47 51/152/51 22/66/22
vt 0.499978 0.642479
vt 0.648896 0.633564
vt 0.648896 0.679814
f 51/151/51 27/80/27 22/66/22
vt 0.135240 0.548011
vt 0.149750 0.525447
vt 0.149750 0.548011
f 7/19/7 10/29/10 35/105/35
vt 0.169912 0.556800
vt 0.205836 0.612666
vt 0.169912 0.616275
f 34/100/34 37/110/37 42/126/42
vt 0.169912 0.548011
vt 0.149750 0.525447
vt 0.223240 0.520650
f 34/100/34 10/29/10 36/108/36
vt 0.169912 0.548011
vt 0.223240 0.520650
vt 0.205836 0.612666
f 34/100/34 36/107/36 37/111/37
vt 0.128180 0.619729
vt 0.147745 0.619729
vt 0.099584 0.654032
f 11/31/11 17/50/17 14/42/14
vt 0.128180 0.619729
vt 0.099584 0.654032
vt 0.093663 0.612666
f 11/31/11 14/41/14 8/24/8
vt 1.012969 0.504532
vt 1.028818 0.334482
vt 1.018942 0.331110
f 1/1/1 2/5/2 3/9/3
vt 1.012969 0.504532
vt 1.018942 0.331110
vt 1.005238 0.501941
f 1/1/1 3/8/3 4/12/4
vt 1.005238 0.501941
vt 1.018942 0.331110
vt 1.004065 0.336176
f 4/10/4 3/8/3 5/15/5
vt 1.005238 0.501941
vt 1.004065 0.336176
vt 0.994610 0.494635
f 4/10/4 5/14/5 6/18/6
vt 0.916860 0.410387
vt 0.954549 0.553096
vt 0.973552 0.349995
f 7/19/7 8/23/8 9/27/9
vt 0.916860 0.410387
vt 0.973552 0.349995
vt 0.893308 0.360582
f 7/19/7 9/26/9 10/30/10
vt 0.954549 0.553096
vt 0.916860 0.410387
vt 0.916860 0.568685
f 8/22/8 7/20/7 11/33/11
vt 0.973552 0.349995
vt 0.994610 0.494635
vt 1.004065 0.336176
f 9/25/9 6/17/6 5/15/5
vt 0.994610 0.494635
vt 0.973552 0.349995
vt 0.954549 0.553096
f 6/16/6 9/26/9 8/24/8
vt 0.986650 0.564753
vt 0.994610 0.494635
vt 0.954549 0.553096
f 12/34/12 6/17/6 8/24/8
vt 0.986650 0.564753
vt 0.954549 0.553096
vt 0.973694 0.622482
f 12/34/12 8/23/8 13/39/13
vt 0.973694 0.622482
vt 0.954549 0.553096
vt 0.948084 0.644401
f 13/37/13 8/23/8 14/42/14
vt 0.973694 0.622482
vt 0.948084 0.644401
vt 0.965027 0.644748
f 13/37/13 14/41/14 15/45/15
vt 0.893308 0.656884
vt 0.948084 0.644401
vt 0.894402 0.568685
f 16/46/16 14/41/14 17/51/17
vt 0.986650 0.564753
vt 0.995118 0.572592
vt 1.005238 0.501941
f 12/34/12 18/53/18 4/12/4
vt 0.994610 0.494635
vt 0.986650 0.564753
vt 1.005238 0.501941
f 6/16/6 12/35/12 4/12/4
vt 0.973694 0.622482
vt 0.981955 0.632063
vt 0.995118 0.572592
f 13/37/13 19/56/19 18/54/18
vt 0.986650 0.564753
vt 0.973694 0.622482
vt 0.995118 0.572592
f 12/34/12 13/38/13 18/54/18
vt 0.965027 0.644748
vt 0.969737 0.660152
vt 0.981955 0.632063
f 15/43/15 20/59/20 19/57/19
vt 0.973694 0.622482
vt 0.965027 0.644748
vt 0.981955 0.632063
f 13/37/13 15/44/15 19/57/19
vt 0.950396 0.673110
vt 0.969737 0.660152
vt 0.965027 0.644748
f 21/61/21 20/59/20 15/45/15
vt 0.950396 0.673110
vt 0.965027 0.644748
vt 0.948084 0.644401
f 21/61/21 15/44/15 14/42/14
vt 0.893308 0.656884
vt 0.893308 0.693295
vt 0.950396 0.673110
f 16/46/16 22/65/22 21/63/21
vt 0.948084 0.644401
vt 0.893308 0.656884
vt 0.950396 0.673110
f 14/40/14 16/47/16 21/63/21
vt 0.999997 0.576578
vt 1.012969 0.504532
vt 1.005238 0.501941
f 23/67/23 1/2/1 4/12/4
vt 0.999997 0.576578
vt 1.005238 0.501941
vt 0.995118 0.572592
f 23/67/23 4/11/4 18/54/18
vt 0.995118 0.572592
vt 0.981955 0.632063
vt 0.987973 0.637072
f 18/52/18 19/56/19 24/72/24
vt 0.995118 0.572592
vt 0.987973 0.637072
vt 0.999997 0.576578
f 18/52/18 24/71/24 23/69/23
vt 0.973272 0.673974
vt 0.987973 0.637072
vt 0.981955 0.632063
f 25/73/25 24/71/24 19/57/19
vt 0.973272 0.673974
vt 0.981955 0.632063
vt 0.969737 0.660152
f 25/73/25 19/56/19 20/60/20
vt 0.950396 0.673110
vt 0.951255 0.697891
vt 0.973272 0.673974
f 21/61/21 26/77/26 25/75/25
vt 0.969737 0.660152
vt 0.950396 0.673110
vt 0.973272 0.673974
f 20/58/20 21/62/21 25/75/25
vt 0.951255 0.697891
vt 0.950396 0.673110
vt 0.893308 0.693295
f 26/76/26 21/62/21 22/66/22
vt 0.893308 0.716574
vt 0.951255 0.697891
vt 0.893308 0.693295
f 27/79/27 26/77/26 22/66/22
vt 0.757798 0.334482
vt 0.773648 0.504532
vt 0.767675 0.331110
f 28/82/28 29/86/29 30/90/30
vt 0.767675 0.331110
vt 0.773648 0.504532
vt 0.781378 0.501941
f 30/88/30 29/86/29 31/93/31
vt 0.767675 0.331110
vt 0.781378 0.501941
vt 0.782551 0.336176
f 30/88/30 31/92/31 32/96/32
vt 0.782551 0.336176
vt 0.781378 0.501941
vt 0.792006 0.494635
f 32/94/32 31/92/31 33/99/33
vt 0.893308 0.360582
vt 0.871293 0.410387
vt 0.893308 0.410387
f 10/28/10 34/101/34 35/105/35
vt 0.792006 0.494635
vt 0.813064 0.349995
vt 0.782551 0.336176
f 33/97/33 36/107/36 32/96/32
vt 0.813064 0.349995
vt 0.792006 0.494635
vt 0.832068 0.553096
f 36/106/36 33/98/33 37/111/37
vt 0.792006 0.494635
vt 0.799967 0.564753
vt 0.832068 0.553096
f 33/97/33 38/113/38 37/111/37
vt 0.832068 0.553096
vt 0.799967 0.564753
vt 0.812922 0.622482
f 37/109/37 38/113/38 39/117/39
vt 0.832068 0.553096
vt 0.812922 0.622482
vt 0.838532 0.644401
f 37/109/37 39/116/39 40/120/40
vt 0.838532 0.644401
vt 0.812922 0.622482
vt 0.821589 0.644748
f 40/118/40 39/116/39 41/123/41
vt 0.871293 0.568685
vt 0.832068 0.553096
vt 0.838532 0.644401
f 42/124/42 37/110/37 40/120/40
vt 0.871293 0.568685
vt 0.838532 0.644401
vt 0.891120 0.568685
f 42/124/42 40/119/40 43/129/43
vt 0.891120 0.568685
vt 0.838532 0.644401
vt 0.893308 0.656884
f 43/127/43 40/119/40 16/48/16
vt 0.893308 0.656884
vt 0.894402 0.568685
vt 0.891120 0.568685
f 16/46/16 17/50/17 43/129/43
vt 0.791499 0.572592
vt 0.799967 0.564753
vt 0.781378 0.501941
f 44/130/44 38/113/38 31/93/31
vt 0.799967 0.564753
vt 0.792006 0.494635
vt 0.781378 0.501941
f 38/112/38 33/98/33 31/93/31
vt 0.804661 0.632063
vt 0.812922 0.622482
vt 0.791499 0.572592
f 45/133/45 39/116/39 44/132/44
vt 0.812922 0.622482
vt 0.799967 0.564753
vt 0.791499 0.572592
f 39/115/39 38/113/38 44/132/44
vt 0.816880 0.660152
vt 0.821589 0.644748
vt 0.804661 0.632063
f 46/136/46 41/122/41 45/135/45
vt 0.821589 0.644748
vt 0.812922 0.622482
vt 0.804661 0.632063
f 41/121/41 39/116/39 45/135/45
vt 0.816880 0.660152
vt 0.836220 0.673110
vt 0.821589 0.644748
f 46/136/46 47/140/47 41/123/41
vt 0.821589 0.644748
vt 0.836220 0.673110
vt 0.838532 0.644401
f 41/121/41 47/140/47 40/120/40
vt 0.893308 0.693295
vt 0.893308 0.656884
vt 0.836220 0.673110
f 22/64/22 16/47/16 47/141/47
vt 0.893308 0.656884
vt 0.838532 0.644401
vt 0.836220 0.673110
f 16/46/16 40/119/40 47/141/47
vt 0.773648 0.504532
vt 0.786619 0.576578
vt 0.781378 0.501941
f 29/85/29 48/143/48 31/93/31
vt 0.781378 0.501941
vt 0.786619 0.576578
vt 0.791499 0.572592
f 31/91/31 48/143/48 44/132/44
vt 0.804661 0.632063
vt 0.791499 0.572592
vt 0.798643 0.637072
f 45/133/45 44/131/44 49/147/49
vt 0.798643 0.637072
vt 0.791499 0.572592
vt 0.786619 0.576578
f 49/145/49 44/131/44 48/144/48
vt 0.798643 0.637072
vt 0.813344 0.673974
vt 0.804661 0.632063
f 49/145/49 50/149/50 45/135/45
vt 0.804661 0.632063
vt 0.813344 0.673974
vt 0.816880 0.660152
f 45/133/45 50/149/50 46/138/46
vt 0.835361 0.697891
vt 0.836220 0.673110
vt 0.813344 0.673974
f 51/151/51 47/140/47 50/150/50
vt 0.836220 0.673110
vt 0.816880 0.660152
vt 0.813344 0.673974
f 47/139/47 46/137/46 50/150/50
vt 0.836220 0.673110
vt 0.835361 0.697891
vt 0.893308 0.693295
f 47/139/47 51/152/51 22/66/22
vt 0.835361 0.697891
vt 0.893308 0.716574
vt 0.893308 0.693295
f 51/151/51 27/80/27 22/66/22
vt 0.916860 0.410387
vt 0.893308 0.360582
vt 0.893308 0.410387
f 7/19/7 10/29/10 35/105/35
vt 0.871293 0.410387
vt 0.832068 0.553096
vt 0.871293 0.568685
f 34/100/34 37/110/37 42/126/42
vt 0.871293 0.410387
vt 0.893308 0.360582
vt 0.813064 0.349995
f 34/100/34 10/29/10 36/108/36
vt 0.871293 0.410387
vt 0.813064 0.349995
vt 0.832068 0.553096
f 34/100/34 36/107/36 37/111/37
vt 0.916860 0.568685
vt 0.894402 0.568685
vt 0.948084 0.644401
f 11/31/11 17/50/17 14/42/14
vt 0.916860 0.568685
vt 0.948084 0.644401
vt 0.954549 0.553096
f 11/31/11 14/41/14 8/24/8
vt 0.858643 0.829763
vt 0.748070 0.824444
vt 0.745878 0.858911
f 1/1/1 2/5/2 3/9/3
vt 0.858643 0.829763
vt 0.745878 0.858911
vt 0.856959 0.853833
f 1/1/1 3/8/3 4/12/4
vt 0.047240 0.589490
vt 0.045296 0.511277
vt 0.054376 0.515207
f 4/10/4 3/8/3 5/15/5
vt 0.047240 0.589490
vt 0.054376 0.515207
vt 0.056974 0.586180
f 4/10/4 5/14/5 6/18/6
vt 0.093663 0.612666
vt 0.076259 0.520650
vt 0.149750 0.525447
f 7/19/7 8/23/8 9/27/9
vt 0.093663 0.612666
vt 0.149750 0.525447
vt 0.149750 0.618301
f 7/19/7 9/26/9 10/30/10
vt 0.076259 0.520650
vt 0.056974 0.586180
vt 0.054376 0.515207
f 8/22/8 6/17/6 5/15/5
vt 0.056974 0.586180
vt 0.076259 0.520650
vt 0.093663 0.612666
f 6/16/6 8/23/8 7/21/7
vt 0.064264 0.617948
vt 0.056974 0.586180
vt 0.093663 0.612666
f 11/31/11 6/17/6 7/21/7
vt 0.064264 0.617948
vt 0.093663 0.612666
vt 0.076130 0.644102
f 11/31/11 7/20/7 12/36/12
vt 0.076130 0.644102
vt 0.093663 0.612666
vt 0.099584 0.654032
f 12/34/12 7/20/7 13/39/13
vt 0.076130 0.644102
vt 0.099584 0.654032
vt 0.084067 0.654190
f 12/34/12 13/38/13 14/42/14
vt 0.099584 0.654032
vt 0.093663 0.612666
vt 0.149750 0.618301
f 13/37/13 7/20/7 10/30/10
vt 0.149750 0.659688
vt 0.099584 0.654032
vt 0.149750 0.618301
f 15/43/15 13/38/13 10/30/10
vt 0.064264 0.617948
vt 0.056509 0.621499
vt 0.047240 0.589490
f 11/31/11 16/47/16 4/12/4
vt 0.056974 0.586180
vt 0.064264 0.617948
vt 0.047240 0.589490
f 6/16/6 11/32/11 4/12/4
vt 0.076130 0.644102
vt 0.068564 0.648442
vt 0.056509 0.621499
f 12/34/12 17/50/17 16/48/16
vt 0.064264 0.617948
vt 0.076130 0.644102
vt 0.056509 0.621499
f 11/31/11 12/35/12 16/48/16
vt 0.084067 0.654190
vt 0.079754 0.661168
vt 0.068564 0.648442
f 14/40/14 18/53/18 17/51/17
vt 0.076130 0.644102
vt 0.084067 0.654190
vt 0.068564 0.648442
f 12/34/12 14/41/14 17/51/17
vt 0.097466 0.667039
vt 0.079754 0.661168
vt 0.084067 0.654190
f 19/55/19 18/53/18 14/42/14
vt 0.097466 0.667039
vt 0.084067 0.654190
vt 0.099584 0.654032
f 19/55/19 14/41/14 13/39/13
vt 0.149750 0.659688
vt 0.149750 0.676184
vt 0.097466 0.667039
f 15/43/15 20/59/20 19/57/19
vt 0.099584 0.654032
vt 0.149750 0.659688
vt 0.097466 0.667039
f 13/37/13 15/44/15 19/57/19
vt 0.905491 0.832687
vt 0.858643 0.829763
vt 0.856959 0.853833
f 21/61/21 1/2/1 4/12/4
vt 0.905491 0.832687
vt 0.856959 0.853833
vt 0.902899 0.851390
f 21/61/21 4/11/4 16/48/16
vt 0.902899 0.851390
vt 0.941569 0.849788
vt 0.944827 0.832841
f 16/46/16 17/50/17 22/66/22
vt 0.902899 0.851390
vt 0.944827 0.832841
vt 0.905491 0.832687
f 16/46/16 22/65/22 21/63/21
vt 0.968822 0.830643
vt 0.944827 0.832841
vt 0.941569 0.849788
f 23/67/23 22/65/22 17/51/17
vt 0.968822 0.830643
vt 0.941569 0.849788
vt 0.959834 0.850226
f 23/67/23 17/50/17 18/54/18
vt 0.968260 0.852147
vt 0.984374 0.827630
vt 0.968822 0.830643
f 19/55/19 24/71/24 23/69/23
vt 0.959834 0.850226
vt 0.968260 0.852147
vt 0.968822 0.830643
f 18/52/18 19/56/19 23/69/23
vt 0.797814 0.642479
vt 0.795609 0.680632
vt 0.648896 0.679814
f 24/70/24 19/56/19 20/60/20
vt 0.648896 0.633564
vt 0.797814 0.642479
vt 0.648896 0.679814
f 25/73/25 24/71/24 20/60/20
vt 0.748070 0.824444
vt 0.858644 0.829763
vt 0.745878 0.858911
f 26/76/26 27/80/27 28/84/28
vt 0.745878 0.858911
vt 0.858644 0.829763
vt 0.856959 0.853833
f 28/82/28 27/80/27 29/87/29
vt 0.248142 0.511277
vt 0.248471 0.589490
vt 0.243609 0.513573
f 28/82/28 29/86/29 30/90/30
vt 0.243609 0.513573
vt 0.248471 0.589490
vt 0.243284 0.586997
f 30/88/30 29/86/29 31/93/31
vt 0.223240 0.519015
vt 0.205836 0.612666
vt 0.149750 0.525447
f 32/94/32 33/98/33 9/27/9
vt 0.149750 0.525447
vt 0.205836 0.612666
vt 0.149750 0.618301
f 9/25/9 33/98/33 10/30/10
vt 0.243284 0.586997
vt 0.223240 0.519015
vt 0.243609 0.513573
f 31/91/31 32/95/32 30/90/30
vt 0.223240 0.519015
vt 0.243284 0.586997
vt 0.205836 0.612666
f 32/94/32 31/92/31 33/99/33
vt 0.243284 0.586997
vt 0.235235 0.617947
vt 0.205836 0.612666
f 31/91/31 34/101/34 33/99/33
vt 0.205836 0.612666
vt 0.235235 0.617947
vt 0.223370 0.644102
f 33/97/33 34/101/34 35/105/35
vt 0.205836 0.612666
vt 0.223370 0.644102
vt 0.199916 0.654032
f 33/97/33 35/104/35 36/108/36
vt 0.199916 0.654032
vt 0.223370 0.644102
vt 0.215432 0.654190
f 36/106/36 35/104/35 37/111/37
vt 0.205836 0.612666
vt 0.199916 0.654032
vt 0.149750 0.618301
f 33/97/33 36/107/36 10/30/10
vt 0.199916 0.654032
vt 0.149750 0.659688
vt 0.149750 0.618301
f 36/106/36 15/44/15 10/30/10
vt 0.242990 0.621499
vt 0.235235 0.617947
vt 0.248471 0.589490
f 38/112/38 34/101/34 29/87/29
vt 0.235235 0.617947
vt 0.243284 0.586997
vt 0.248471 0.589490
f 34/100/34 31/92/31 29/87/29
vt 0.230936 0.648442
vt 0.223370 0.644102
vt 0.242990 0.621499
f 39/115/39 35/104/35 38/114/38
vt 0.223370 0.644102
vt 0.235235 0.617947
vt 0.242990 0.621499
f 35/103/35 34/101/34 38/114/38
vt 0.219746 0.661168
vt 0.215432 0.654190
vt 0.230936 0.648442
f 40/118/40 37/110/37 39/117/39
vt 0.215432 0.654190
vt 0.223370 0.644102
vt 0.230936 0.648442
f 37/109/37 35/104/35 39/117/39
vt 0.219746 0.661168
vt 0.202034 0.667039
vt 0.215432 0.654190
f 40/118/40 41/122/41 37/111/37
vt 0.215432 0.654190
vt 0.202034 0.667039
vt 0.199916 0.654032
f 37/109/37 41/122/41 36/108/36
vt 0.149750 0.676184
vt 0.149750 0.659688
vt 0.202034 0.667039
f 20/58/20 15/44/15 41/123/41
vt 0.149750 0.659688
vt 0.199916 0.654032
vt 0.202034 0.667039
f 15/43/15 36/107/36 41/123/41
vt 0.858644 0.829763
vt 0.905491 0.832687
vt 0.856959 0.853833
f 27/79/27 42/125/42 29/87/29
vt 0.856959 0.853833
vt 0.905491 0.832687
vt 0.902899 0.851390
f 29/85/29 42/125/42 38/114/38
vt 0.941569 0.849788
vt 0.902899 0.851390
vt 0.944827 0.832841
f 39/115/39 38/113/38 43/129/43
vt 0.944827 0.832841
vt 0.902899 0.851390
vt 0.905491 0.832687
f 43/127/43 38/113/38 42/126/42
vt 0.944827 0.832841
vt 0.968822 0.830643
vt 0.941569 0.849788
f 43/127/43 44/131/44 39/117/39
vt 0.941569 0.849788
vt 0.968822 0.830643
vt 0.959834 0.850226
f 39/115/39 44/131/44 40/120/40
vt 0.984374 0.827630
vt 0.968260 0.852147
vt 0.968822 0.830643
f 45/133/45 41/122/41 44/132/44
vt 0.968260 0.852147
vt 0.959834 0.850226
vt 0.968822 0.830643
f 41/121/41 40/119/40 44/132/44
vt 0.502183 0.680632
vt 0.499978 0.642479
vt 0.648896 0.679814
f 41/121/41 45/134/45 20/60/20
vt 0.499978 0.642479
vt 0.648896 0.633564
vt 0.648896 0.679814
f 45/133/45 25/74/25 20/60/20
vt 1.031819 0.487421
vt 1.052490 0.319059
vt 1.039609 0.315721
f 1/1/1 2/5/2 3/9/3
vt 1.031819 0.487421
vt 1.039609 0.315721
vt 1.021737 0.484856
f 1/1/1 3/8/3 4/12/4
vt 1.021737 0.484856
vt 1.039609 0.315721
vt 1.020207 0.320737
f 4/10/4 3/8/3 5/15/5
vt 1.021737 0.484856
vt 1.020207 0.320737
vt 1.007876 0.477623
f 4/10/4 5/14/5 6/18/6
vt 0.955628 0.535503
vt 0.980412 0.334418
vt 0.875758 0.344900
f 7/19/7 8/23/8 9/27/9
vt 0.955628 0.535503
vt 0.875758 0.344900
vt 0.875758 0.547817
f 7/19/7 9/26/9 10/30/10
vt 0.980412 0.334418
vt 1.007876 0.477623
vt 1.020207 0.320737
f 8/22/8 6/17/6 5/15/5
vt 1.007876 0.477623
vt 0.980412 0.334418
vt 0.955628 0.535503
f 6/16/6 8/23/8 7/21/7
vt 0.997494 0.547045
vt 1.007876 0.477623
vt 0.955628 0.535503
f 11/31/11 6/17/6 7/21/7
vt 0.997494 0.547045
vt 0.955628 0.535503
vt 0.980597 0.604201
f 11/31/11 7/20/7 12/36/12
vt 0.980597 0.604201
vt 0.955628 0.535503
vt 0.947197 0.625902
f 12/34/12 7/20/7 13/39/13
vt 0.980597 0.604201
vt 0.947197 0.625902
vt 0.969293 0.626246
f 12/34/12 13/38/13 14/42/14
vt 0.947197 0.625902
vt 0.955628 0.535503
vt 0.875758 0.547817
f 13/37/13 7/20/7 10/30/10
vt 0.875758 0.638261
vt 0.947197 0.625902
vt 0.875758 0.547817
f 15/43/15 13/38/13 10/30/10
vt 0.997494 0.547045
vt 1.008538 0.554806
vt 1.021737 0.484856
f 11/31/11 16/47/16 4/12/4
vt 1.007876 0.477623
vt 0.997494 0.547045
vt 1.021737 0.484856
f 6/16/6 11/32/11 4/12/4
vt 0.980597 0.604201
vt 0.991371 0.613686
vt 1.008538 0.554806
f 12/34/12 17/50/17 16/48/16
vt 0.997494 0.547045
vt 0.980597 0.604201
vt 1.008538 0.554806
f 11/31/11 12/35/12 16/48/16
vt 0.969293 0.626246
vt 0.975436 0.641497
vt 0.991371 0.613686
f 14/40/14 18/53/18 17/51/17
vt 0.980597 0.604201
vt 0.969293 0.626246
vt 0.991371 0.613686
f 12/34/12 14/41/14 17/51/17
vt 0.950213 0.654326
vt 0.975436 0.641497
vt 0.969293 0.626246
f 19/55/19 18/53/18 14/42/14
vt 0.950213 0.654326
vt 0.969293 0.626246
vt 0.947197 0.625902
f 19/55/19 14/41/14 13/39/13
vt 0.875758 0.638261
vt 0.875758 0.674310
vt 0.950213 0.654326
f 15/43/15 20/59/20 19/57/19
vt 0.947197 0.625902
vt 0.875758 0.638261
vt 0.950213 0.654326
f 13/37/13 15/44/15 19/57/19
vt 1.014902 0.558752
vt 1.031819 0.487421
vt 1.021737 0.484856
f 21/61/21 1/2/1 4/12/4
vt 1.014902 0.558752
vt 1.021737 0.484856
vt 1.008538 0.554806
f 21/61/21 4/11/4 16/48/16
vt 1.008538 0.554806
vt 0.991371 0.613686
vt 0.999220 0.618646
f 16/46/16 17/50/17 22/66/22
vt 1.008538 0.554806
vt 0.999220 0.618646
vt 1.014902 0.558752
f 16/46/16 22/65/22 21/63/21
vt 0.980047 0.655181
vt 0.999220 0.618646
vt 0.991371 0.613686
f 23/67/23 22/65/22 17/51/17
vt 0.980047 0.655181
vt 0.991371 0.613686
vt 0.975436 0.641497
f 23/67/23 17/50/17 18/54/18
vt 0.950213 0.654326
vt 0.951332 0.678861
vt 0.980047 0.655181
f 19/55/19 24/71/24 23/69/23
vt 0.975436 0.641497
vt 0.950213 0.654326
vt 0.980047 0.655181
f 18/52/18 19/56/19 23/69/23
vt 0.951332 0.678861
vt 0.950213 0.654326
vt 0.875758 0.674310
f 24/70/24 19/56/19 20/60/20
vt 0.875758 0.697358
vt 0.951332 0.678861
vt 0.875758 0.674310
f 25/73/25 24/71/24 20/60/20
vt 0.699025 0.319059
vt 0.719696 0.487421
vt 0.711906 0.315721
f 26/76/26 27/80/27 28/84/28
vt 0.711906 0.315721
vt 0.719696 0.487421
vt 0.729778 0.484856
f 28/82/28 27/80/27 29/87/29
vt 0.711906 0.315721
vt 0.729778 0.484856
vt 0.731308 0.320737
f 28/82/28 29/86/29 30/90/30
vt 0.731308 0.320737
vt 0.729778 0.484856
vt 0.743639 0.477623
f 30/88/30 29/86/29 31/93/31
vt 0.771103 0.334418
vt 0.795887 0.535503
vt 0.875758 0.344900
f 32/94/32 33/98/33 9/27/9
vt 0.875758 0.344900
vt 0.795887 0.535503
vt 0.875758 0.547817
f 9/25/9 33/98/33 10/30/10
vt 0.743639 0.477623
vt 0.771103 0.334418
vt 0.731308 0.320737
f 31/91/31 32/95/32 30/90/30
vt 0.771103 0.334418
vt 0.743639 0.477623
vt 0.795887 0.535503
f 32/94/32 31/92/31 33/99/33
vt 0.743639 0.477623
vt 0.754021 0.547045
vt 0.795887 0.535503
f 31/91/31 34/101/34 33/99/33
vt 0.795887 0.535503
vt 0.754021 0.547045
vt 0.770918 0.604201
f 33/97/33 34/101/34 35/105/35
vt 0.795887 0.535503
vt 0.770918 0.604201
vt 0.804318 0.625902
f 33/97/33 35/104/35 36/108/36
vt 0.804318 0.625902
vt 0.770918 0.604201
vt 0.782221 0.626246
f 36/106/36 35/104/35 37/111/37
vt 0.795887 0.535503
vt 0.804318 0.625902
vt 0.875758 0.547817
f 33/97/33 36/107/36 10/30/10
vt 0.804318 0.625902
vt 0.875758 0.638261
vt 0.875758 0.547817
f 36/106/36 15/44/15 10/30/10
vt 0.742977 0.554806
vt 0.754021 0.547045
vt 0.729778 0.484856
f 38/112/38 34/101/34 29/87/29
vt 0.754021 0.547045
vt 0.743639 0.477623
vt 0.729778 0.484856
f 34/100/34 31/92/31 29/87/29
vt 0.760144 0.613686
vt 0.770918 0.604201
vt 0.742977 0.554806
f 39/115/39 35/104/35 38/114/38
vt 0.770918 0.604201
vt 0.754021 0.547045
vt 0.742977 0.554806
f 35/103/35 34/101/34 38/114/38
vt 0.776079 0.641497
vt 0.782221 0.626246
vt 0.760144 0.613686
f 40/118/40 37/110/37 39/117/39
vt 0.782221 0.626246
vt 0.770918 0.604201
vt 0.760144 0.613686
f 37/109/37 35/104/35 39/117/39
vt 0.776079 0.641497
vt 0.801302 0.654326
vt 0.782221 0.626246
f 40/118/40 41/122/41 37/111/37
vt 0.782221 0.626246
vt 0.801302 0.654326
vt 0.804318 0.625902
f 37/109/37 41/122/41 36/108/36
vt 0.875758 0.674310
vt 0.875758 0.638261
vt 0.801302 0.654326
f 20/58/20 15/44/15 41/123/41
vt 0.875758 0.638261
vt 0.804318 0.625902
vt 0.801302 0.654326
f 15/43/15 36/107/36 41/123/41
vt 0.719696 0.487421
vt 0.736613 0.558752
vt 0.729778 0.484856
f 27/79/27 42/125/42 29/87/29
vt 0.729778 0.484856
vt 0.736613 0.558752
vt 0.742977 0.554806
f 29/85/29 42/125/42 38/114/38
vt 0.760144 0.613686
vt 0.742977 0.554806
vt 0.752295 0.618646
f 39/115/39 38/113/38 43/129/43
vt 0.752295 0.618646
vt 0.742977 0.554806
vt 0.736613 0.558752
f 43/127/43 38/113/38 42/126/42
vt 0.752295 0.618646
vt 0.771468 0.655181
vt 0.760144 0.613686
f 43/127/43 44/131/44 39/117/39
vt 0.760144 0.613686
vt 0.771468 0.655181
vt 0.776079 0.641497
f 39/115/39 44/131/44 40/120/40
vt 0.800183 0.678861
vt 0.801302 0.654326
vt 0.771468 0.655181
f 45/133/45 41/122/41 44/132/44
vt 0.801302 0.654326
vt 0.776079 0.641497
vt 0.771468 0.655181
f 41/121/41 40/119/40 44/132/44
vt 0.801302 0.654326
vt 0.800183 0.678861
vt 0.875758 0.674310
f 41/121/41 45/134/45 20/60/20
vt 0.800183 0.678861
vt 0.875758 0.697358
vt 0.875758 0.674310
f 45/133/45 25/74/25 20/60/20
vt 0.209532 0.867418
vt 0.209532 0.884074
vt 0.022997 0.884553
f 1/1/1 2/5/2 3/9/3
vt 0.209532 0.867418
vt 0.022997 0.884553
vt 0.015413 0.867457
f 1/1/1 3/8/3 4/12/4
vt 0.078300 0.320036
vt 0.076652 0.305569
vt 0.149749 0.306123
f 5/13/5 6/17/6 7/21/7
vt 0.078300 0.320036
vt 0.149749 0.306123
vt 0.149749 0.315880
f 5/13/5 7/20/7 8/24/8
vt 0.078300 0.320036
vt 0.149749 0.315880
vt 0.149750 0.449419
f 5/13/5 8/23/8 9/27/9
vt 0.078300 0.320036
vt 0.149750 0.449419
vt 0.081022 0.447270
f 5/13/5 9/26/9 10/30/10
vt 0.078300 0.320036
vt 0.081022 0.447270
vt 0.056237 0.435402
f 5/13/5 10/29/10 11/33/11
vt 0.078300 0.320036
vt 0.056237 0.435402
vt 0.051006 0.328946
f 5/13/5 11/32/11 12/36/12
vt 0.078300 0.320036
vt 0.051006 0.328946
vt 0.056496 0.308573
f 5/13/5 12/35/12 13/39/13
vt 0.078300 0.320036
vt 0.056496 0.308573
vt 0.076652 0.305569
f 5/13/5 13/38/13 6/18/6
vt 0.455327 0.978122
vt 0.472500 0.969888
vt 0.455381 0.962270
f 14/40/14 15/44/15 16/48/16
vt 0.472500 0.969888
vt 0.455327 0.978122
vt 0.482801 0.985053
f 15/43/15 14/41/14 12/36/12
vt 0.482801 0.985053
vt 0.636331 0.983483
vt 0.617287 0.969743
f 12/34/12 11/32/11 17/51/17
vt 0.482801 0.985053
vt 0.617287 0.969743
vt 0.472500 0.969888
f 12/34/12 17/50/17 15/45/15
vt 0.455729 0.959959
vt 0.472766 0.969333
vt 0.472197 0.867731
f 16/46/16 15/44/15 18/54/18
vt 0.455729 0.959959
vt 0.472197 0.867731
vt 0.450923 0.886834
f 16/46/16 18/53/18 19/57/19
vt 0.022997 0.884553
vt 0.040376 0.977764
vt 0.021356 0.985192
f 3/7/3 20/59/20 16/48/16
vt 0.022997 0.884553
vt 0.021356 0.985192
vt 0.004148 0.876926
f 3/7/3 16/47/16 19/57/19
vt 0.022997 0.884553
vt 0.004148 0.876926
vt 0.015413 0.867457
f 3/7/3 19/56/19 4/12/4
vt 0.472766 0.969333
vt 0.491435 0.953455
vt 0.492014 0.886961
f 15/43/15 21/62/21 22/66/22
vt 0.472766 0.969333
vt 0.492014 0.886961
vt 0.472197 0.867731
f 15/43/15 22/65/22 18/54/18
vt 0.618941 0.867276
vt 0.472197 0.867731
vt 0.492014 0.886961
f 23/67/23 18/53/18 22/66/22
vt 0.618941 0.867276
vt 0.492014 0.886961
vt 0.597226 0.886198
f 23/67/23 22/65/22 24/72/24
vt 0.472766 0.969333
vt 0.616854 0.969155
vt 0.597458 0.953461
f 15/43/15 17/50/17 25/75/25
vt 0.472766 0.969333
vt 0.597458 0.953461
vt 0.491435 0.953455
f 15/43/15 25/74/25 21/63/21
vt 0.463566 0.979822
vt 0.463566 0.968656
vt 0.463098 0.969522
f 6/16/6 26/77/26 27/81/27
vt 0.463566 0.979822
vt 0.463098 0.969522
vt 0.463098 0.980688
f 6/16/6 27/80/27 7/21/7
vt 0.463566 0.968656
vt 0.463566 0.979822
vt 0.461026 0.979600
f 26/76/26 6/17/6 13/39/13
vt 0.463566 0.968656
vt 0.461026 0.979600
vt 0.461026 0.968433
f 26/76/26 13/38/13 28/84/28
vt 0.209531 0.980488
vt 0.209531 0.997985
vt 0.077517 0.996155
f 29/85/29 27/80/27 26/78/26
vt 0.209531 0.980488
vt 0.077517 0.996155
vt 0.040376 0.977764
f 29/85/29 26/77/26 20/60/20
vt 0.041115 0.995686
vt 0.040376 0.977764
vt 0.077517 0.996155
f 28/82/28 20/59/20 26/78/26
vt 0.041115 0.995686
vt 0.021356 0.985192
vt 0.040376 0.977764
f 28/82/28 16/47/16 20/60/20
vt 0.461026 0.979600
vt 0.459909 0.977137
vt 0.461026 0.968433
f 13/37/13 14/41/14 28/84/28
vt 0.459909 0.977137
vt 0.459877 0.963467
vt 0.461026 0.968433
f 14/40/14 16/47/16 28/84/28
vt 0.482870 0.985032
vt 0.455449 0.978138
vt 0.453959 0.981420
f 12/34/12 14/41/14 13/39/13
vt 0.209532 0.867418
vt 0.403651 0.867457
vt 0.396067 0.884553
f 1/1/1 30/89/30 31/93/31
vt 0.209532 0.867418
vt 0.396067 0.884553
vt 0.209532 0.884074
f 1/1/1 31/92/31 2/6/2
vt 0.149749 0.306123
vt 0.222847 0.305569
vt 0.221199 0.320035
f 32/94/32 33/98/33 34/102/34
vt 0.149749 0.306123
vt 0.221199 0.320035
vt 0.149749 0.315880
f 32/94/32 34/101/34 35/105/35
vt 0.149750 0.449419
vt 0.149749 0.315880
vt 0.221199 0.320035
f 9/25/9 35/104/35 34/102/34
vt 0.149750 0.449419
vt 0.221199 0.320035
vt 0.218478 0.447269
f 9/25/9 34/101/34 36/108/36
vt 0.221199 0.320035
vt 0.248493 0.328946
vt 0.243262 0.435402
f 34/100/34 37/110/37 38/114/38
vt 0.221199 0.320035
vt 0.243262 0.435402
vt 0.218478 0.447269
f 34/100/34 38/113/38 36/108/36
vt 0.221199 0.320035
vt 0.222847 0.305569
vt 0.243004 0.308573
f 34/100/34 33/98/33 39/117/39
vt 0.221199 0.320035
vt 0.243004 0.308573
vt 0.248493 0.328946
f 34/100/34 39/116/39 37/111/37
vt 0.472500 0.969888
vt 0.455327 0.978122
vt 0.455381 0.962270
f 40/118/40 41/122/41 42/126/42
vt 0.455327 0.978122
vt 0.472500 0.969888
vt 0.482801 0.985053
f 41/121/41 40/119/40 37/111/37
vt 0.617287 0.969743
vt 0.636331 0.983483
vt 0.482801 0.985053
f 43/127/43 38/113/38 37/111/37
vt 0.617287 0.969743
vt 0.482801 0.985053
vt 0.472500 0.969888
f 43/127/43 37/110/37 40/120/40
vt 0.472197 0.867731
vt 0.472766 0.969333
vt 0.455729 0.959959
f 44/130/44 40/119/40 42/126/42
vt 0.472197 0.867731
vt 0.455729 0.959959
vt 0.450923 0.886834
f 44/130/44 42/125/42 45/135/45
vt 0.396067 0.884553
vt 0.414916 0.876926
vt 0.397708 0.985192
f 31/91/31 45/134/45 42/126/42
vt 0.396067 0.884553
vt 0.397708 0.985192
vt 0.378688 0.977764
f 31/91/31 42/125/42 46/138/46
vt 0.414916 0.876926
vt 0.396067 0.884553
vt 0.403651 0.867457
f 45/133/45 31/92/31 30/90/30
vt 0.472766 0.969333
vt 0.472197 0.867731
vt 0.492014 0.886961
f 40/118/40 44/131/44 47/141/47
vt 0.472766 0.969333
vt 0.492014 0.886961
vt 0.491435 0.953455
f 40/118/40 47/140/47 48/144/48
vt 0.492014 0.886961
vt 0.472197 0.867731
vt 0.618941 0.867276
f 47/139/47 44/131/44 49/147/49
vt 0.492014 0.886961
vt 0.618941 0.867276
vt 0.597226 0.886198
f 47/139/47 49/146/49 50/150/50
vt 0.472766 0.969333
vt 0.491435 0.953455
vt 0.597458 0.953461
f 40/118/40 48/143/48 51/153/51
vt 0.472766 0.969333
vt 0.597458 0.953461
vt 0.616854 0.969155
f 40/118/40 51/152/51 43/129/43
vt 0.463566 0.979822
vt 0.463098 0.980688
vt 0.463098 0.969522
f 33/97/33 32/95/32 52/156/52
vt 0.463566 0.979822
vt 0.463098 0.969522
vt 0.463566 0.968656
f 33/97/33 52/155/52 53/159/53
vt 0.461026 0.979600
vt 0.463566 0.979822
vt 0.463566 0.968656
f 39/115/39 33/98/33 53/159/53
vt 0.461026 0.979600
vt 0.463566 0.968656
vt 0.461026 0.968433
f 39/115/39 53/158/53 54/162/54
vt 0.209531 0.980488
vt 0.378688 0.977764
vt 0.341547 0.996155
f 55/163/55 46/137/46 53/159/53
vt 0.209531 0.980488
vt 0.341547 0.996155
vt 0.209531 0.997985
f 55/163/55 53/158/53 52/156/52
vt 0.378688 0.977764
vt 0.377949 0.995686
vt 0.341547 0.996155
f 46/136/46 54/161/54 53/159/53
vt 0.397708 0.985192
vt 0.377949 0.995686
vt 0.378688 0.977764
f 42/124/42 54/161/54 46/138/46
vt 0.459909 0.977137
vt 0.461026 0.979600
vt 0.461026 0.968433
f 41/121/41 39/116/39 54/162/54
vt 0.459877 0.963467
vt 0.459909 0.977137
vt 0.461026 0.968433
f 42/124/42 41/122/41 54/162/54
vt 0.455449 0.978138
vt 0.482870 0.985032
vt 0.453959 0.981420
f 41/121/41 37/110/37 39/117/39
vt 0.992777 0.069464
vt 0.993485 0.069845
vt 0.985883 0.069435
f 20/58/20 3/8/3 55/165/55
vt 0.985883 0.069435
vt 0.978280 0.069845
vt 0.978989 0.069464
f 55/163/55 31/92/31 46/138/46
vt 0.985883 0.069435
vt 0.993485 0.069845
vt 0.978280 0.069845
f 55/163/55 3/8/3 31/93/31
vt -0.121288 -0.038299
vt 0.499994 -0.074024
vt 0.500000 1.074024
f 5/13/5 8/23/8 9/27/9
vt -0.121288 -0.038299
vt 0.500000 1.074024
vt -0.097627 1.055546
f 5/13/5 9/26/9 10/30/10
vt 0.500000 1.074024
vt 0.500005 -0.074024
vt 1.121288 -0.038299
f 9/25/9 35/104/35 34/102/34
vt 0.500000 1.074024
vt 1.121288 -0.038299
vt 1.097627 1.055546
f 9/25/9 34/101/34 36/108/36
vt 0.618151 0.367370
vt 0.620877 0.333977
vt 0.500001 0.335255
f 5/13/5 6/17/6 7/21/7
vt 0.618151 0.367370
vt 0.500001 0.335255
vt 0.500001 0.357778
f 5/13/5 7/20/7 8/24/8
vt 0.618151 0.367370
vt 0.613651 0.661062
vt 0.654635 0.633668
f 5/13/5 10/29/10 11/33/11
vt 0.618151 0.367370
vt 0.654635 0.633668
vt 0.663285 0.387939
f 5/13/5 11/32/11 12/36/12
vt 0.618151 0.367370
vt 0.663285 0.387939
vt 0.654207 0.340912
f 5/13/5 12/35/12 13/39/13
vt 0.618151 0.367370
vt 0.654207 0.340912
vt 0.620877 0.333977
f 5/13/5 13/38/13 6/18/6
vt 0.674543 0.371452
vt 0.664473 0.343965
vt 0.663285 0.387939
f 15/43/15 14/41/14 12/36/12
vt 0.663285 0.387939
vt 0.654635 0.633668
vt 0.670125 0.603188
f 12/34/12 11/32/11 17/51/17
vt 0.663285 0.387939
vt 0.670125 0.603188
vt 0.674543 0.371452
f 12/34/12 17/50/17 15/45/15
vt 0.663285 0.387939
vt 0.664473 0.343965
vt 0.654207 0.340912
f 12/34/12 14/41/14 13/39/13
vt 0.499999 0.335255
vt 0.379123 0.333977
vt 0.381850 0.367370
f 32/94/32 33/98/33 34/102/34
vt 0.499999 0.335255
vt 0.381850 0.367370
vt 0.499999 0.357778
f 32/94/32 34/101/34 35/105/35
vt 0.381850 0.367370
vt 0.336715 0.387939
vt 0.345365 0.633668
f 34/100/34 37/110/37 38/114/38
vt 0.381850 0.367370
vt 0.345365 0.633668
vt 0.386349 0.661062
f 34/100/34 38/113/38 36/108/36
vt 0.381850 0.367370
vt 0.379123 0.333977
vt 0.345793 0.340912
f 34/100/34 33/98/33 39/117/39
vt 0.381850 0.367370
vt 0.345793 0.340912
vt 0.336715 0.387939
f 34/100/34 39/116/39 37/111/37
vt 0.335527 0.343965
vt 0.325457 0.371452
vt 0.336715 0.387939
f 41/121/41 40/119/40 37/111/37
vt 0.329875 0.603188
vt 0.345365 0.633668
vt 0.336715 0.387939
f 43/127/43 38/113/38 37/111/37
vt 0.329875 0.603188
vt 0.336715 0.387939
vt 0.325457 0.371452
f 43/127/43 37/110/37 40/120/40
vt 0.335527 0.343965
vt 0.336715 0.387939
vt 0.345793 0.340912
f 41/121/41 37/110/37 39/117/39
vt 0.618151 0.367370
vt 0.500001 0.357778
vt 0.500000 0.666023
f 5/13/5 8/23/8 9/27/9
vt 0.618151 0.367370
vt 0.500000 0.666023
vt 0.613651 0.661062
f 5/13/5 9/26/9 10/30/10
vt 0.500000 0.666023
vt 0.499999 0.357778
vt 0.381850 0.367370
f 9/25/9 35/104/35 34/102/34
vt 0.500000 0.666023
vt 0.381850 0.367370
vt 0.386349 0.661062
f 9/25/9 34/101/34 36/108/36
vt 0.209532 0.867418
vt 0.209532 0.884074
vt 0.022997 0.884553
f 1/1/1 2/5/2 3/9/3
vt 0.209532 0.867418
vt 0.022997 0.884553
vt 0.015413 0.867457
f 1/1/1 3/8/3 4/12/4
vt 0.078300 0.320036
vt 0.076652 0.305569
vt 0.149749 0.306123
f 5/13/5 6/17/6 7/21/7
vt 0.078300 0.320036
vt 0.149749 0.306123
vt 0.149749 0.315880
f 5/13/5 7/20/7 8/24/8
vt 0.078300 0.320036
vt 0.149749 0.315880
vt 0.149750 0.449419
f 5/13/5 8/23/8 9/27/9
vt 0.078300 0.320036
vt 0.149750 0.449419
vt 0.081022 0.447270
f 5/13/5 9/26/9 10/30/10
vt 0.078300 0.320036
vt 0.081022 0.447270
vt 0.056237 0.435402
f 5/13/5 10/29/10 11/33/11
vt 0.078300 0.320036
vt 0.056237 0.435402
vt 0.051006 0.328946
f 5/13/5 11/32/11 12/36/12
vt 0.078300 0.320036
vt 0.051006 0.328946
vt 0.056496 0.308573
f 5/13/5 12/35/12 13/39/13
vt 0.078300 0.320036
vt 0.056496 0.308573
vt 0.076652 0.305569
f 5/13/5 13/38/13 6/18/6
vt 0.455327 0.978122
vt 0.472500 0.969888
vt 0.455381 0.962270
f 14/40/14 15/44/15 16/48/16
vt 0.472500 0.969888
vt 0.455327 0.978122
vt 0.482801 0.985053
f 15/43/15 14/41/14 12/36/12
vt 0.482801 0.985053
vt 0.636331 0.983483
vt 0.617287 0.969743
f 12/34/12 11/32/11 17/51/17
vt 0.482801 0.985053
vt 0.617287 0.969743
vt 0.472500 0.969888
f 12/34/12 17/50/17 15/45/15
vt 0.455729 0.959959
vt 0.472766 0.969333
vt 0.472197 0.867731
f 16/46/16 15/44/15 18/54/18
vt 0.455729 0.959959
vt 0.472197 0.867731
vt 0.450923 0.886834
f 16/46/16 18/53/18 19/57/19
vt 0.022997 0.884553
vt 0.040376 0.977764
vt 0.021356 0.985192
f 3/7/3 20/59/20 16/48/16
vt 0.022997 0.884553
vt 0.021356 0.985192
vt 0.004148 0.876926
f 3/7/3 16/47/16 19/57/19
vt 0.022997 0.884553
vt 0.004148 0.876926
vt 0.015413 0.867457
f 3/7/3 19/56/19 4/12/4
vt 0.472766 0.969333
vt 0.491435 0.953455
vt 0.492014 0.886961
f 15/43/15 21/62/21 22/66/22
vt 0.472766 0.969333
vt 0.492014 0.886961
vt 0.472197 0.867731
f 15/43/15 22/65/22 18/54/18
vt 0.618941 0.867276
vt 0.472197 0.867731
vt 0.492014 0.886961
f 23/67/23 18/53/18 22/66/22
vt 0.618941 0.867276
vt 0.492014 0.886961
vt 0.597226 0.886198
f 23/67/23 22/65/22 24/72/24
vt 0.597458 0.953461
vt 0.616854 0.969155
vt 0.618941 0.867276
f 25/73/25 17/50/17 23/69/23
vt 0.597458 0.953461
vt 0.618941 0.867276
vt 0.597226 0.886198
f 25/73/25 23/68/23 24/72/24
vt 0.472766 0.969333
vt 0.616854 0.969155
vt 0.597458 0.953461
f 15/43/15 17/50/17 25/75/25
vt 0.472766 0.969333
vt 0.597458 0.953461
vt 0.491435 0.953455
f 15/43/15 25/74/25 21/63/21
vt 0.463566 0.979822
vt 0.463566 0.968656
vt 0.463098 0.969522
f 6/16/6 26/77/26 27/81/27
vt 0.463566 0.979822
vt 0.463098 0.969522
vt 0.463098 0.980688
f 6/16/6 27/80/27 7/21/7
vt 0.463566 0.968656
vt 0.463566 0.979822
vt 0.461026 0.979600
f 26/76/26 6/17/6 13/39/13
vt 0.463566 0.968656
vt 0.461026 0.979600
vt 0.461026 0.968433
f 26/76/26 13/38/13 28/84/28
vt 0.209531 0.980488
vt 0.209531 0.997985
vt 0.077517 0.996155
f 29/85/29 27/80/27 26/78/26
vt 0.209531 0.980488
vt 0.077517 0.996155
vt 0.040376 0.977764
f 29/85/29 26/77/26 20/60/20
vt 0.041115 0.995686
vt 0.040376 0.977764
vt 0.077517 0.996155
f 28/82/28 20/59/20 26/78/26
vt 0.041115 0.995686
vt 0.021356 0.985192
vt 0.040376 0.977764
f 28/82/28 16/47/16 20/60/20
vt 0.461026 0.979600
vt 0.459909 0.977137
vt 0.461026 0.968433
f 13/37/13 14/41/14 28/84/28
vt 0.459909 0.977137
vt 0.459877 0.963467
vt 0.461026 0.968433
f 14/40/14 16/47/16 28/84/28
vt 0.482870 0.985032
vt 0.455449 0.978138
vt 0.453959 0.981420
f 12/34/12 14/41/14 13/39/13
vt 0.209532 0.867418
vt 0.403651 0.867457
vt 0.396067 0.884553
f 1/1/1 30/89/30 31/93/31
vt 0.209532 0.867418
vt 0.396067 0.884553
vt 0.209532 0.884074
f 1/1/1 31/92/31 2/6/2
vt 0.149749 0.306123
vt 0.222847 0.305569
vt 0.221199 0.320035
f 32/94/32 33/98/33 34/102/34
vt 0.149749 0.306123
vt 0.221199 0.320035
vt 0.149749 0.315880
f 32/94/32 34/101/34 35/105/35
vt 0.149750 0.449419
vt 0.149749 0.315880
vt 0.221199 0.320035
f 9/25/9 35/104/35 34/102/34
vt 0.149750 0.449419
vt 0.221199 0.320035
vt 0.218478 0.447269
f 9/25/9 34/101/34 36/108/36
vt 0.221199 0.320035
vt 0.248493 0.328946
vt 0.243262 0.435402
f 34/100/34 37/110/37 38/114/38
vt 0.221199 0.320035
vt 0.243262 0.435402
vt 0.218478 0.447269
f 34/100/34 38/113/38 36/108/36
vt 0.221199 0.320035
vt 0.222847 0.305569
vt 0.243004 0.308573
f 34/100/34 33/98/33 39/117/39
vt 0.221199 0.320035
vt 0.243004 0.308573
vt 0.248493 0.328946
f 34/100/34 39/116/39 37/111/37
vt 0.472500 0.969888
vt 0.455327 0.978122
vt 0.455381 0.962270
f 40/118/40 41/122/41 42/126/42
vt 0.455327 0.978122
vt 0.472500 0.969888
vt 0.482801 0.985053
f 41/121/41 40/119/40 37/111/37
vt 0.617287 0.969743
vt 0.636331 0.983483
vt 0.482801 0.985053
f 43/127/43 38/113/38 37/111/37
vt 0.617287 0.969743
vt 0.482801 0.985053
vt 0.472500 0.969888
f 43/127/43 37/110/37 40/120/40
vt 0.472197 0.867731
vt 0.472766 0.969333
vt 0.455729 0.959959
f 44/130/44 40/119/40 42/126/42
vt 0.472197 0.867731
vt 0.455729 0.959959
vt 0.450923 0.886834
f 44/130/44 42/125/42 45/135/45
vt 0.396067 0.884553
vt 0.414916 0.876926
vt 0.397708 0.985192
f 31/91/31 45/134/45 42/126/42
vt 0.396067 0.884553
vt 0.397708 0.985192
vt 0.378688 0.977764
f 31/91/31 42/125/42 46/138/46
vt 0.414916 0.876926
vt 0.396067 0.884553
vt 0.403651 0.867457
f 45/133/45 31/92/31 30/90/30
vt 0.472766 0.969333
vt 0.472197 0.867731
vt 0.492014 0.886961
f 40/118/40 44/131/44 47/141/47
vt 0.472766 0.969333
vt 0.492014 0.886961
vt 0.491435 0.953455
f 40/118/40 47/140/47 48/144/48
vt 0.492014 0.886961
vt 0.472197 0.867731
vt 0.618941 0.867276
f 47/139/47 44/131/44 49/147/49
vt 0.492014 0.886961
vt 0.618941 0.867276
vt 0.597226 0.886198
f 47/139/47 49/146/49 50/150/50
vt 0.618941 0.867276
vt 0.616854 0.969155
vt 0.597458 0.953461
f 49/145/49 43/128/43 51/153/51
vt 0.618941 0.867276
vt 0.597458 0.953461
vt 0.597226 0.886198
f 49/145/49 51/152/51 50/150/50
vt 0.472766 0.969333
vt 0.491435 0.953455
vt 0.597458 0.953461
f 40/118/40 48/143/48 51/153/51
vt 0.472766 0.969333
vt 0.597458 0.953461
vt 0.616854 0.969155
f 40/118/40 51/152/51 43/129/43
vt 0.463566 0.979822
vt 0.463098 0.980688
vt 0.463098 0.969522
f 33/97/33 32/95/32 52/156/52
vt 0.463566 0.979822
vt 0.463098 0.969522
vt 0.463566 0.968656
f 33/97/33 52/155/52 53/159/53
vt 0.461026 0.979600
vt 0.463566 0.979822
vt 0.463566 0.968656
f 39/115/39 33/98/33 53/159/53
vt 0.461026 0.979600
vt 0.463566 0.968656
vt 0.461026 0.968433
f 39/115/39 53/158/53 54/162/54
vt 0.209531 0.980488
vt 0.378688 0.977764
vt 0.341547 0.996155
f 55/163/55 46/137/46 53/159/53
vt 0.209531 0.980488
vt 0.341547 0.996155
vt 0.209531 0.997985
f 55/163/55 53/158/53 52/156/52
vt 0.378688 0.977764
vt 0.377949 0.995686
vt 0.341547 0.996155
f 46/136/46 54/161/54 53/159/53
vt 0.397708 0.985192
vt 0.377949 0.995686
vt 0.378688 0.977764
f 42/124/42 54/161/54 46/138/46
vt 0.459909 0.977137
vt 0.461026 0.979600
vt 0.461026 0.968433
f 41/121/41 39/116/39 54/162/54
vt 0.459877 0.963467
vt 0.459909 0.977137
vt 0.461026 0.968433
f 42/124/42 41/122/41 54/162/54
vt 0.455449 0.978138
vt 0.482870 0.985032
vt 0.453959 0.981420
f 41/121/41 37/110/37 39/117/39
vt 0.992777 0.069464
vt 0.993485 0.069845
vt 0.985883 0.069435
f 20/58/20 3/8/3 55/165/55
vt 0.985883 0.069435
vt 0.978280 0.069845
vt 0.978989 0.069464
f 55/163/55 31/92/31 46/138/46
vt 0.985883 0.069435
vt 0.993485 0.069845
vt 0.978280 0.069845
f 55/163/55 3/8/3 31/93/31
vt -0.139690 -0.044066
vt 0.499994 -0.080174
vt 0.500000 1.080174
f 5/13/5 8/23/8 9/27/9
vt -0.139690 -0.044066
vt 0.500000 1.080174
vt -0.115328 1.061498
f 5/13/5 9/26/9 10/30/10
vt 0.500000 1.080174
vt 0.500006 -0.080174
vt 1.139690 -0.044066
f 9/25/9 35/104/35 34/102/34
vt 0.500000 1.080174
vt 1.139690 -0.044066
vt 1.115328 1.061498
f 9/25/9 34/101/34 36/108/36
vt 0.956848 0.369647
vt 0.959130 0.335626
vt 0.857955 0.336929
f 5/13/5 6/17/6 7/21/7
vt 0.956848 0.369647
vt 0.857955 0.336929
vt 0.857955 0.359875
f 5/13/5 7/20/7 8/24/8
vt 0.956848 0.369647
vt 0.953081 0.668856
vt 0.987386 0.640947
f 5/13/5 10/29/10 11/33/11
vt 0.956848 0.369647
vt 0.987386 0.640947
vt 0.994626 0.390602
f 5/13/5 11/32/11 12/36/12
vt 0.956848 0.369647
vt 0.994626 0.390602
vt 0.987028 0.342692
f 5/13/5 12/35/12 13/39/13
vt 0.956848 0.369647
vt 0.987028 0.342692
vt 0.959130 0.335626
f 5/13/5 13/38/13 6/18/6
vt 1.004050 0.373805
vt 0.995621 0.345802
vt 0.994626 0.390602
f 15/43/15 14/41/14 12/36/12
vt 0.994626 0.390602
vt 0.987386 0.640947
vt 1.000351 0.609895
f 12/34/12 11/32/11 17/51/17
vt 0.994626 0.390602
vt 1.000351 0.609895
vt 1.004050 0.373805
f 12/34/12 17/50/17 15/45/15
vt 0.994626 0.390602
vt 0.995621 0.345802
vt 0.987028 0.342692
f 12/34/12 14/41/14 13/39/13
vt 0.857953 0.336929
vt 0.756779 0.335626
vt 0.759061 0.369647
f 32/94/32 33/98/33 34/102/34
vt 0.857953 0.336929
vt 0.759061 0.369647
vt 0.857953 0.359875
f 32/94/32 34/101/34 35/105/35
vt 0.759061 0.369647
vt 0.721283 0.390602
vt 0.728523 0.640947
f 34/100/34 37/110/37 38/114/38
vt 0.759061 0.369647
vt 0.728523 0.640947
vt 0.762828 0.668856
f 34/100/34 38/113/38 36/108/36
vt 0.759061 0.369647
vt 0.756779 0.335626
vt 0.728881 0.342692
f 34/100/34 33/98/33 39/117/39
vt 0.759061 0.369647
vt 0.728881 0.342692
vt 0.721283 0.390602
f 34/100/34 39/116/39 37/111/37
vt 0.720289 0.345802
vt 0.711860 0.373805
vt 0.721283 0.390602
f 41/121/41 40/119/40 37/111/37
vt 0.715558 0.609895
vt 0.728523 0.640947
vt 0.721283 0.390602
f 43/127/43 38/113/38 37/111/37
vt 0.715558 0.609895
vt 0.721283 0.390602
vt 0.711860 0.373805
f 43/127/43 37/110/37 40/120/40
vt 0.720289 0.345802
vt 0.721283 0.390602
vt 0.728881 0.342692
f 41/121/41 37/110/37 39/117/39
vt 0.956848 0.369647
vt 0.857955 0.359875
vt 0.857955 0.673910
f 5/13/5 8/23/8 9/27/9
vt 0.956848 0.369647
vt 0.857955 0.673910
vt 0.953081 0.668856
f 5/13/5 9/26/9 10/30/10
vt 0.857955 0.673910
vt 0.857953 0.359875
vt 0.759061 0.369647
f 9/25/9 35/104/35 34/102/34
vt 0.857955 0.673910
vt 0.759061 0.369647
vt 0.762828 0.668856
f 9/25/9 34/101/34 36/108/36
vt 0.636331 0.983483
vt 0.653446 0.987280
vt 0.646025 0.983616
f 1/1/1 2/5/2 3/9/3
vt 0.390735 0.984083
vt 0.381093 0.970198
vt 0.402011 0.882135
f 4/10/4 5/14/5 6/18/6
vt 0.390735 0.984083
vt 0.402011 0.882135
vt 0.412699 0.868435
f 4/10/4 6/17/6 7/21/7
vt 0.407620 0.868436
vt 0.412699 0.868435
vt 0.402011 0.882135
f 8/22/8 7/20/7 6/18/6
vt 0.407620 0.868436
vt 0.402011 0.882135
vt 0.394456 0.882013
f 8/22/8 6/17/6 9/27/9
vt 0.407620 0.868436
vt 0.394456 0.882013
vt 0.378002 0.883062
f 8/22/8 9/26/9 10/30/10
vt 0.407620 0.868436
vt 0.378002 0.883062
vt 0.386975 0.868451
f 8/22/8 10/29/10 11/33/11
vt 0.337463 0.868466
vt 0.386975 0.868451
vt 0.378002 0.883062
f 12/34/12 11/32/11 10/30/10
vt 0.337463 0.868466
vt 0.378002 0.883062
vt 0.334958 0.884564
f 12/34/12 10/29/10 13/39/13
vt 0.337463 0.868466
vt 0.334958 0.884564
vt 0.209607 0.884153
f 12/34/12 13/38/13 14/42/14
vt 0.337463 0.868466
vt 0.209607 0.884153
vt 0.209607 0.868468
f 12/34/12 14/41/14 15/45/15
vt 0.209607 0.979070
vt 0.330305 0.977744
vt 0.330127 0.996897
f 16/46/16 17/50/17 18/54/18
vt 0.209607 0.979070
vt 0.330127 0.996897
vt 0.209607 0.998465
f 16/46/16 18/53/18 19/57/19
vt 0.639533 0.971173
vt 0.636331 0.983483
vt 0.646025 0.983616
f 20/58/20 1/2/1 3/9/3
vt 0.639533 0.971173
vt 0.646025 0.983616
vt 0.658310 0.973917
f 20/58/20 3/8/3 21/63/21
vt 0.658310 0.973917
vt 0.646025 0.983616
vt 0.653446 0.987280
f 21/61/21 3/8/3 2/6/2
vt 0.658310 0.973917
vt 0.653446 0.987280
vt 0.669706 0.976398
f 21/61/21 2/5/2 22/66/22
vt 0.669706 0.976398
vt 0.653446 0.987280
vt 0.656546 0.988095
f 22/64/22 2/5/2 23/69/23
vt 0.669706 0.976398
vt 0.656546 0.988095
vt 0.677710 0.978678
f 22/64/22 23/68/23 24/72/24
vt 0.661411 0.970536
vt 0.669706 0.976398
vt 0.677710 0.978678
f 18/52/18 22/65/22 24/72/24
vt 0.661411 0.970536
vt 0.677710 0.978678
vt 0.664234 0.971370
f 18/52/18 24/71/24 19/57/19
vt 0.365431 0.975317
vt 0.366373 0.994606
vt 0.330127 0.996897
f 25/73/25 26/77/26 18/54/18
vt 0.365431 0.975317
vt 0.330127 0.996897
vt 0.330305 0.977744
f 25/73/25 18/53/18 17/51/17
vt 0.656266 0.969318
vt 0.658310 0.973917
vt 0.669706 0.976398
f 26/76/26 21/62/21 22/66/22
vt 0.656266 0.969318
vt 0.669706 0.976398
vt 0.661411 0.970536
f 26/76/26 22/65/22 18/54/18
vt 0.381093 0.970198
vt 0.390735 0.984083
vt 0.366373 0.994606
f 5/13/5 4/11/4 26/78/26
vt 0.381093 0.970198
vt 0.366373 0.994606
vt 0.365431 0.975317
f 5/13/5 26/77/26 25/75/25
vt 0.636331 0.983483
vt 0.639533 0.971173
vt 0.617287 0.969743
f 1/1/1 20/59/20 27/81/27
vt 0.639533 0.971173
vt 0.638632 0.963722
vt 0.617287 0.969743
f 20/58/20 4/11/4 27/81/27
vt 0.616854 0.969155
vt 0.638096 0.961745
vt 0.642161 0.884291
f 27/79/27 4/11/4 7/21/7
vt 0.616854 0.969155
vt 0.642161 0.884291
vt 0.618941 0.867276
f 27/79/27 7/20/7 28/84/28
vt 0.638632 0.963722
vt 0.639533 0.971173
vt 0.658310 0.973917
f 4/10/4 20/59/20 21/63/21
vt 0.638632 0.963722
vt 0.658310 0.973917
vt 0.656266 0.969318
f 4/10/4 21/62/21 26/78/26
vt 0.653446 0.987280
vt 0.636331 0.983483
vt 0.646025 0.983616
f 29/85/29 30/89/30 31/93/31
vt 0.028480 0.984083
vt 0.006516 0.868435
vt 0.017203 0.882135
f 32/94/32 33/98/33 34/102/34
vt 0.028480 0.984083
vt 0.017203 0.882135
vt 0.038122 0.970198
f 32/94/32 34/101/34 35/105/35
vt 0.017203 0.882135
vt 0.006516 0.868435
vt 0.011595 0.868436
f 34/100/34 33/98/33 36/108/36
vt 0.017203 0.882135
vt 0.011595 0.868436
vt 0.024758 0.882013
f 34/100/34 36/107/36 37/111/37
vt 0.011595 0.868436
vt 0.032240 0.868451
vt 0.041213 0.883062
f 36/106/36 38/113/38 39/117/39
vt 0.011595 0.868436
vt 0.041213 0.883062
vt 0.024758 0.882013
f 36/106/36 39/116/39 37/111/37
vt 0.041213 0.883062
vt 0.032240 0.868451
vt 0.081751 0.868466
f 39/115/39 38/113/38 40/120/40
vt 0.041213 0.883062
vt 0.081751 0.868466
vt 0.084257 0.884564
f 39/115/39 40/119/40 41/123/41
vt 0.081751 0.868466
vt 0.209607 0.868468
vt 0.209607 0.884153
f 40/118/40 15/44/15 14/42/14
vt 0.081751 0.868466
vt 0.209607 0.884153
vt 0.084257 0.884564
f 40/118/40 14/41/14 41/123/41
vt 0.209607 0.979070
vt 0.209607 0.998465
vt 0.089088 0.996897
f 16/46/16 19/56/19 42/126/42
vt 0.209607 0.979070
vt 0.089088 0.996897
vt 0.088910 0.977744
f 16/46/16 42/125/42 43/129/43
vt 0.646025 0.983616
vt 0.636331 0.983483
vt 0.639533 0.971172
f 31/91/31 30/89/30 44/132/44
vt 0.646025 0.983616
vt 0.639533 0.971172
vt 0.658310 0.973917
f 31/91/31 44/131/44 45/135/45
vt 0.653446 0.987280
vt 0.646025 0.983616
vt 0.658310 0.973917
f 29/85/29 31/92/31 45/135/45
vt 0.653446 0.987280
vt 0.658310 0.973917
vt 0.669706 0.976398
f 29/85/29 45/134/45 46/138/46
vt 0.656546 0.988095
vt 0.653446 0.987280
vt 0.669706 0.976398
f 23/67/23 29/86/29 46/138/46
vt 0.656546 0.988095
vt 0.669706 0.976398
vt 0.677710 0.978678
f 23/67/23 46/137/46 24/72/24
vt 0.661411 0.970536
vt 0.664234 0.971370
vt 0.677710 0.978678
f 42/124/42 19/56/19 24/72/24
vt 0.661411 0.970536
vt 0.677710 0.978678
vt 0.669706 0.976398
f 42/124/42 24/71/24 46/138/46
vt 0.053784 0.975317
vt 0.088910 0.977744
vt 0.089088 0.996897
f 47/139/47 43/128/43 42/126/42
vt 0.053784 0.975317
vt 0.089088 0.996897
vt 0.052842 0.994606
f 47/139/47 42/125/42 48/144/48
vt 0.656266 0.969317
vt 0.661411 0.970536
vt 0.669706 0.976398
f 48/142/48 42/125/42 46/138/46
vt 0.656266 0.969317
vt 0.669706 0.976398
vt 0.658310 0.973917
f 48/142/48 46/137/46 45/135/45
vt 0.038122 0.970198
vt 0.053784 0.975317
vt 0.052842 0.994606
f 35/103/35 47/140/47 48/144/48
vt 0.038122 0.970198
vt 0.052842 0.994606
vt 0.028480 0.984083
f 35/103/35 48/143/48 32/96/32
vt 0.639533 0.971172
vt 0.636331 0.983483
vt 0.617287 0.969743
f 44/130/44 30/89/30 49/147/49
vt 0.638632 0.963722
vt 0.639533 0.971172
vt 0.617287 0.969743
f 32/94/32 44/131/44 49/147/49
vt 0.616854 0.969155
vt 0.618941 0.867276
vt 0.642161 0.884291
f 49/145/49 50/149/50 33/99/33
vt 0.616854 0.969155
vt 0.642161 0.884291
vt 0.638096 0.961745
f 49/145/49 33/98/33 32/96/32
vt 0.638632 0.963722
vt 0.656266 0.969317
vt 0.658310 0.973917
f 32/94/32 48/143/48 45/135/45
vt 0.638632 0.963722
vt 0.658310 0.973917
vt 0.639533 0.971172
f 32/94/32 45/134/45 44/132/44
vt 0.597458 0.953461
vt 0.616854 0.969155
vt 0.618941 0.867276
f 51/151/51 27/80/27 28/84/28
vt 0.597458 0.953461
vt 0.618941 0.867276
vt 0.597226 0.886198
f 51/151/51 28/83/28 52/156/52
vt 0.618941 0.867276
vt 0.616854 0.969155
vt 0.597458 0.953461
f 50/148/50 49/146/49 53/159/53
vt 0.618941 0.867276
vt 0.597458 0.953461
vt 0.597226 0.886198
f 50/148/50 53/158/53 54/162/54
vt 0.978776 0.059802
vt 0.977909 0.059576
vt 0.978222 0.058695
f 35/103/35 34/101/34 37/111/37
vt 0.979425 0.059384
vt 0.978776 0.059802
vt 0.978222 0.058695
f 47/139/47 35/104/35 37/111/37
vt 0.979425 0.059384
vt 0.978222 0.058695
vt 0.978904 0.057680
f 47/139/47 37/110/37 39/117/39
vt 0.978904 0.057680
vt 0.980881 0.059073
vt 0.979425 0.059384
f 39/115/39 43/128/43 47/141/47
vt 0.980881 0.059073
vt 0.978904 0.057680
vt 0.980688 0.056877
f 43/127/43 39/116/39 41/123/41
vt 0.980688 0.056877
vt 0.985883 0.058904
vt 0.980881 0.059073
f 41/121/41 16/47/16 43/129/43
vt 0.985883 0.058904
vt 0.980688 0.056877
vt 0.985883 0.056538
f 16/46/16 41/122/41 14/42/14
vt 0.985883 0.056538
vt 0.991077 0.056877
vt 0.985883 0.058904
f 14/40/14 13/38/13 16/48/16
vt 0.985883 0.058904
vt 0.991077 0.056877
vt 0.990884 0.059073
f 16/46/16 13/38/13 17/51/17
vt 0.992861 0.057680
vt 0.990884 0.059073
vt 0.991077 0.056877
f 10/28/10 17/50/17 13/39/13
vt 0.992861 0.057680
vt 0.992340 0.059384
vt 0.990884 0.059073
f 10/28/10 25/74/25 17/51/17
vt 0.992340 0.059384
vt 0.992861 0.057680
vt 0.993543 0.058695
f 25/73/25 10/29/10 9/27/9
vt 0.993543 0.058695
vt 0.992989 0.059802
vt 0.992340 0.059384
f 9/25/9 5/14/5 25/75/25
vt 0.992989 0.059802
vt 0.993543 0.058695
vt 0.993856 0.059576
f 5/13/5 9/26/9 6/18/6
vt 0.657841 0.438629
vt 0.616007 0.532687
vt 0.651167 0.491906
f 1/1/1 2/5/2 3/9/3
vt 0.674543 0.456227
vt 0.657841 0.438629
vt 0.651167 0.491906
f 20/58/20 1/2/1 3/9/3
vt 0.674543 0.456227
vt 0.651167 0.491906
vt 0.659481 0.559414
f 20/58/20 3/8/3 21/63/21
vt 0.659481 0.559414
vt 0.651167 0.491906
vt 0.616007 0.532687
f 21/61/21 3/8/3 2/6/2
vt 0.659481 0.559414
vt 0.616007 0.532687
vt 0.617596 0.622038
f 21/61/21 2/5/2 22/66/22
vt 0.617596 0.622038
vt 0.616007 0.532687
vt 0.500000 0.549721
f 22/64/22 2/5/2 23/69/23
vt 0.617596 0.622038
vt 0.500000 0.549721
vt 0.500000 0.666023
f 22/64/22 23/68/23 24/72/24
vt 0.657841 0.438629
vt 0.674543 0.456227
vt 0.673651 0.333977
f 1/1/1 20/59/20 27/81/27
vt 0.383993 0.532687
vt 0.342159 0.438629
vt 0.348833 0.491906
f 29/85/29 30/89/30 31/93/31
vt 0.348833 0.491906
vt 0.342159 0.438629
vt 0.325457 0.456227
f 31/91/31 30/89/30 44/132/44
vt 0.348833 0.491906
vt 0.325457 0.456227
vt 0.340519 0.559414
f 31/91/31 44/131/44 45/135/45
vt 0.383993 0.532687
vt 0.348833 0.491906
vt 0.340519 0.559414
f 29/85/29 31/92/31 45/135/45
vt 0.383993 0.532687
vt 0.340519 0.559414
vt 0.382404 0.622038
f 29/85/29 45/134/45 46/138/46
vt 0.500000 0.549721
vt 0.383993 0.532687
vt 0.382404 0.622038
f 23/67/23 29/86/29 46/138/46
vt 0.500000 0.549721
vt 0.382404 0.622038
vt 0.500000 0.666023
f 23/67/23 46/137/46 24/72/24
vt 0.325457 0.456227
vt 0.342159 0.438629
vt 0.326349 0.333977
f 44/130/44 30/89/30 49/147/49
vt 0.993764 0.067577
vt 0.993536 0.062304
vt 0.994319 0.062315
f 1/1/1 2/5/2 3/9/3
vt 0.994319 0.062315
vt 0.994434 0.067548
vt 0.993764 0.067577
f 3/7/3 4/11/4 1/3/1
vt 0.978001 0.067577
vt 0.977332 0.067548
vt 0.978229 0.062304
f 5/13/5 6/17/6 7/21/7
vt 0.977332 0.067548
vt 0.977446 0.062315
vt 0.978229 0.062304
f 6/16/6 8/23/8 7/21/7
vt 0.636331 0.983483
vt 0.653446 0.987280
vt 0.646025 0.983616
f 1/1/1 2/5/2 3/9/3
vt 0.390735 0.984083
vt 0.381093 0.970198
vt 0.402011 0.882135
f 4/10/4 5/14/5 6/18/6
vt 0.390735 0.984083
vt 0.402011 0.882135
vt 0.412699 0.868435
f 4/10/4 6/17/6 7/21/7
vt 0.407620 0.868436
vt 0.412699 0.868435
vt 0.402011 0.882135
f 8/22/8 7/20/7 6/18/6
vt 0.407620 0.868436
vt 0.402011 0.882135
vt 0.394456 0.882013
f 8/22/8 6/17/6 9/27/9
vt 0.407620 0.868436
vt 0.394456 0.882013
vt 0.378002 0.883062
f 8/22/8 9/26/9 10/30/10
vt 0.407620 0.868436
vt 0.378002 0.883062
vt 0.386975 0.868451
f 8/22/8 10/29/10 11/33/11
vt 0.337463 0.868466
vt 0.386975 0.868451
vt 0.378002 0.883062
f 12/34/12 11/32/11 10/30/10
vt 0.337463 0.868466
vt 0.378002 0.883062
vt 0.334958 0.884564
f 12/34/12 10/29/10 13/39/13
vt 0.337463 0.868466
vt 0.334958 0.884564
vt 0.209607 0.884153
f 12/34/12 13/38/13 14/42/14
vt 0.337463 0.868466
vt 0.209607 0.884153
vt 0.209607 0.868468
f 12/34/12 14/41/14 15/45/15
vt 0.209607 0.979070
vt 0.330305 0.977744
vt 0.330127 0.996897
f 16/46/16 17/50/17 18/54/18
vt 0.209607 0.979070
vt 0.330127 0.996897
vt 0.209607 0.998465
f 16/46/16 18/53/18 19/57/19
vt 0.639533 0.971173
vt 0.636331 0.983483
vt 0.646025 0.983616
f 20/58/20 1/2/1 3/9/3
vt 0.639533 0.971173
vt 0.646025 0.983616
vt 0.658310 0.973917
f 20/58/20 3/8/3 21/63/21
vt 0.658310 0.973917
vt 0.646025 0.983616
vt 0.653446 0.987280
f 21/61/21 3/8/3 2/6/2
vt 0.658310 0.973917
vt 0.653446 0.987280
vt 0.669706 0.976398
f 21/61/21 2/5/2 22/66/22
vt 0.669706 0.976398
vt 0.653446 0.987280
vt 0.656546 0.988095
f 22/64/22 2/5/2 23/69/23
vt 0.669706 0.976398
vt 0.656546 0.988095
vt 0.677710 0.978678
f 22/64/22 23/68/23 24/72/24
vt 0.661411 0.970536
vt 0.669706 0.976398
vt 0.677710 0.978678
f 18/52/18 22/65/22 24/72/24
vt 0.661411 0.970536
vt 0.677710 0.978678
vt 0.664234 0.971370
f 18/52/18 24/71/24 19/57/19
vt 0.365431 0.975317
vt 0.366373 0.994606
vt 0.330127 0.996897
f 25/73/25 26/77/26 18/54/18
vt 0.365431 0.975317
vt 0.330127 0.996897
vt 0.330305 0.977744
f 25/73/25 18/53/18 17/51/17
vt 0.656266 0.969318
vt 0.658310 0.973917
vt 0.669706 0.976398
f 26/76/26 21/62/21 22/66/22
vt 0.656266 0.969318
vt 0.669706 0.976398
vt 0.661411 0.970536
f 26/76/26 22/65/22 18/54/18
vt 0.381093 0.970198
vt 0.390735 0.984083
vt 0.366373 0.994606
f 5/13/5 4/11/4 26/78/26
vt 0.381093 0.970198
vt 0.366373 0.994606
vt 0.365431 0.975317
f 5/13/5 26/77/26 25/75/25
vt 0.636331 0.983483
vt 0.639533 0.971173
vt 0.617287 0.969743
f 1/1/1 20/59/20 27/81/27
vt 0.639533 0.971173
vt 0.638632 0.963722
vt 0.617287 0.969743
f 20/58/20 4/11/4 27/81/27
vt 0.616854 0.969155
vt 0.638096 0.961745
vt 0.642161 0.884291
f 27/79/27 4/11/4 7/21/7
vt 0.616854 0.969155
vt 0.642161 0.884291
vt 0.618941 0.867276
f 27/79/27 7/20/7 28/84/28
vt 0.638632 0.963722
vt 0.639533 0.971173
vt 0.658310 0.973917
f 4/10/4 20/59/20 21/63/21
vt 0.638632 0.963722
vt 0.658310 0.973917
vt 0.656266 0.969318
f 4/10/4 21/62/21 26/78/26
vt 0.653446 0.987280
vt 0.636331 0.983483
vt 0.646025 0.983616
f 29/85/29 30/89/30 31/93/31
vt 0.028480 0.984083
vt 0.006516 0.868435
vt 0.017203 0.882135
f 32/94/32 33/98/33 34/102/34
vt 0.028480 0.984083
vt 0.017203 0.882135
vt 0.038122 0.970198
f 32/94/32 34/101/34 35/105/35
vt 0.017203 0.882135
vt 0.006516 0.868435
vt 0.011595 0.868436
f 34/100/34 33/98/33 36/108/36
vt 0.017203 0.882135
vt 0.011595 0.868436
vt 0.024758 0.882013
f 34/100/34 36/107/36 37/111/37
vt 0.011595 0.868436
vt 0.032240 0.868451
vt 0.041213 0.883062
f 36/106/36 38/113/38 39/117/39
vt 0.011595 0.868436
vt 0.041213 0.883062
vt 0.024758 0.882013
f 36/106/36 39/116/39 37/111/37
vt 0.041213 0.883062
vt 0.032240 0.868451
vt 0.081751 0.868466
f 39/115/39 38/113/38 40/120/40
vt 0.041213 0.883062
vt 0.081751 0.868466
vt 0.084257 0.884564
f 39/115/39 40/119/40 41/123/41
vt 0.081751 0.868466
vt 0.209607 0.868468
vt 0.209607 0.884153
f 40/118/40 15/44/15 14/42/14
vt 0.081751 0.868466
vt 0.209607 0.884153
vt 0.084257 0.884564
f 40/118/40 14/41/14 41/123/41
vt 0.209607 0.979070
vt 0.209607 0.998465
vt 0.089088 0.996897
f 16/46/16 19/56/19 42/126/42
vt 0.209607 0.979070
vt 0.089088 0.996897
vt 0.088910 0.977744
f 16/46/16 42/125/42 43/129/43
vt 0.646025 0.983616
vt 0.636331 0.983483
vt 0.639533 0.971172
f 31/91/31 30/89/30 44/132/44
vt 0.646025 0.983616
vt 0.639533 0.971172
vt 0.658310 0.973917
f 31/91/31 44/131/44 45/135/45
vt 0.653446 0.987280
vt 0.646025 0.983616
vt 0.658310 0.973917
f 29/85/29 31/92/31 45/135/45
vt 0.653446 0.987280
vt 0.658310 0.973917
vt 0.669706 0.976398
f 29/85/29 45/134/45 46/138/46
vt 0.656546 0.988095
vt 0.653446 0.987280
vt 0.669706 0.976398
f 23/67/23 29/86/29 46/138/46
vt 0.656546 0.988095
vt 0.669706 0.976398
vt 0.677710 0.978678
f 23/67/23 46/137/46 24/72/24
vt 0.661411 0.970536
vt 0.664234 0.971370
vt 0.677710 0.978678
f 42/124/42 19/56/19 24/72/24
vt 0.661411 0.970536
vt 0.677710 0.978678
vt 0.669706 0.976398
f 42/124/42 24/71/24 46/138/46
vt 0.053784 0.975317
vt 0.088910 0.977744
vt 0.089088 0.996897
f 47/139/47 43/128/43 42/126/42
vt 0.053784 0.975317
vt 0.089088 0.996897
vt 0.052842 0.994606
f 47/139/47 42/125/42 48/144/48
vt 0.656266 0.969317
vt 0.661411 0.970536
vt 0.669706 0.976398
f 48/142/48 42/125/42 46/138/46
vt 0.656266 0.969317
vt 0.669706 0.976398
vt 0.658310 0.973917
f 48/142/48 46/137/46 45/135/45
vt 0.038122 0.970198
vt 0.053784 0.975317
vt 0.052842 0.994606
f 35/103/35 47/140/47 48/144/48
vt 0.038122 0.970198
vt 0.052842 0.994606
vt 0.028480 0.984083
f 35/103/35 48/143/48 32/96/32
vt 0.639533 0.971172
vt 0.636331 0.983483
vt 0.617287 0.969743
f 44/130/44 30/89/30 49/147/49
vt 0.638632 0.963722
vt 0.639533 0.971172
vt 0.617287 0.969743
f 32/94/32 44/131/44 49/147/49
vt 0.616854 0.969155
vt 0.618941 0.867276
vt 0.642161 0.884291
f 49/145/49 50/149/50 33/99/33
vt 0.616854 0.969155
vt 0.642161 0.884291
vt 0.638096 0.961745
f 49/145/49 33/98/33 32/96/32
vt 0.638632 0.963722
vt 0.656266 0.969317
vt 0.658310 0.973917
f 32/94/32 48/143/48 45/135/45
vt 0.638632 0.963722
vt 0.658310 0.973917
vt 0.639533 0.971172
f 32/94/32 45/134/45 44/132/44
vt 0.978776 0.059802
vt 0.977909 0.059576
vt 0.978222 0.058695
f 35/103/35 34/101/34 37/111/37
vt 0.979425 0.059384
vt 0.978776 0.059802
vt 0.978222 0.058695
f 47/139/47 35/104/35 37/111/37
vt 0.979425 0.059384
vt 0.978222 0.058695
vt 0.978904 0.057680
f 47/139/47 37/110/37 39/117/39
vt 0.978904 0.057680
vt 0.980881 0.059073
vt 0.979425 0.059384
f 39/115/39 43/128/43 47/141/47
vt 0.980881 0.059073
vt 0.978904 0.057680
vt 0.980688 0.056877
f 43/127/43 39/116/39 41/123/41
vt 0.980688 0.056877
vt 0.985883 0.058904
vt 0.980881 0.059073
f 41/121/41 16/47/16 43/129/43
vt 0.985883 0.058904
vt 0.980688 0.056877
vt 0.985883 0.056538
f 16/46/16 41/122/41 14/42/14
vt 0.985883 0.056538
vt 0.991077 0.056877
vt 0.985883 0.058904
f 14/40/14 13/38/13 16/48/16
vt 0.985883 0.058904
vt 0.991077 0.056877
vt 0.990884 0.059073
f 16/46/16 13/38/13 17/51/17
vt 0.992861 0.057680
vt 0.990884 0.059073
vt 0.991077 0.056877
f 10/28/10 17/50/17 13/39/13
vt 0.992861 0.057680
vt 0.992340 0.059384
vt 0.990884 0.059073
f 10/28/10 25/74/25 17/51/17
vt 0.992340 0.059384
vt 0.992861 0.057680
vt 0.993543 0.058695
f 25/73/25 10/29/10 9/27/9
vt 0.993543 0.058695
vt 0.992989 0.059802
vt 0.992340 0.059384
f 9/25/9 5/14/5 25/75/25
vt 0.992989 0.059802
vt 0.993543 0.058695
vt 0.993856 0.059576
f 5/13/5 9/26/9 6/18/6
vt 0.990069 0.442245
vt 0.955054 0.538069
vt 0.984483 0.496523
f 1/1/1 2/5/2 3/9/3
vt 1.004050 0.460173
vt 0.990069 0.442245
vt 0.984483 0.496523
f 20/58/20 1/2/1 3/9/3
vt 1.004050 0.460173
vt 0.984483 0.496523
vt 0.991442 0.565299
f 20/58/20 3/8/3 21/63/21
vt 0.991442 0.565299
vt 0.984483 0.496523
vt 0.955054 0.538069
f 21/61/21 3/8/3 2/6/2
vt 0.991442 0.565299
vt 0.955054 0.538069
vt 0.956384 0.629099
f 21/61/21 2/5/2 22/66/22
vt 0.956384 0.629099
vt 0.955054 0.538069
vt 0.857954 0.555423
f 22/64/22 2/5/2 23/69/23
vt 0.956384 0.629099
vt 0.857954 0.555423
vt 0.857955 0.673910
f 22/64/22 23/68/23 24/72/24
vt 0.990069 0.442245
vt 1.004050 0.460173
vt 1.003303 0.335627
f 1/1/1 20/59/20 27/81/27
vt 0.760855 0.538070
vt 0.725840 0.442245
vt 0.731426 0.496523
f 29/85/29 30/89/30 31/93/31
vt 0.731426 0.496523
vt 0.725840 0.442245
vt 0.711860 0.460173
f 31/91/31 30/89/30 44/132/44
vt 0.731426 0.496523
vt 0.711860 0.460173
vt 0.724467 0.565299
f 31/91/31 44/131/44 45/135/45
vt 0.760855 0.538070
vt 0.731426 0.496523
vt 0.724467 0.565299
f 29/85/29 31/92/31 45/135/45
vt 0.760855 0.538070
vt 0.724467 0.565299
vt 0.759525 0.629099
f 29/85/29 45/134/45 46/138/46
vt 0.857954 0.555423
vt 0.760855 0.538070
vt 0.759525 0.629099
f 23/67/23 29/86/29 46/138/46
vt 0.857954 0.555423
vt 0.759525 0.629099
vt 0.857955 0.673910
f 23/67/23 46/137/46 24/72/24
vt 0.711860 0.460173
vt 0.725840 0.442245
vt 0.712606 0.335626
f 44/130/44 30/89/30 49/147/49
vt 0.993764 0.067577
vt 0.993536 0.062304
vt 0.994319 0.062315
f 1/1/1 2/5/2 3/9/3
vt 0.994319 0.062315
vt 0.994434 0.067548
vt 0.993764 0.067577
f 3/7/3 4/11/4 1/3/1
vt 0.978001 0.067577
vt 0.977332 0.067548
vt 0.978229 0.062304
f 5/13/5 6/17/6 7/21/7
vt 0.977332 0.067548
vt 0.977446 0.062315
vt 0.978229 0.062304
f 6/16/6 8/23/8 7/21/7
vt 0.314998 0.164221
vt 0.310151 0.164028
vt 0.341099 0.164028
f 1/1/1 2/5/2 3/9/3
vt 0.314998 0.164221
vt 0.341099 0.164028
vt 0.334703 0.166424
f 1/1/1 3/8/3 4/12/4
vt 0.381956 0.168711
vt 0.334703 0.166424
vt 0.341099 0.164028
f 5/13/5 4/11/4 3/9/3
vt 0.381956 0.168711
vt 0.341099 0.164028
vt 0.503981 0.169038
f 5/13/5 3/8/3 6/18/6
vt 0.666863 0.164028
vt 0.503981 0.169038
vt 0.341099 0.164028
f 7/19/7 6/17/6 3/9/3
vt 0.626006 0.168711
vt 0.503981 0.169038
vt 0.666863 0.164028
f 8/22/8 6/17/6 7/21/7
vt 0.626006 0.168711
vt 0.666863 0.164028
vt 0.673259 0.166424
f 8/22/8 7/20/7 9/27/9
vt 0.692964 0.164221
vt 0.673259 0.166424
vt 0.666863 0.164028
f 10/28/10 9/26/9 7/21/7
vt 0.692964 0.164221
vt 0.666863 0.164028
vt 0.697810 0.164028
f 10/28/10 7/20/7 11/33/11
vt 0.666863 0.164028
vt 0.341099 0.164028
vt 0.341099 0.090007
f 7/19/7 3/8/3 12/36/12
vt 0.666863 0.164028
vt 0.341099 0.090007
vt 0.666863 0.090007
f 7/19/7 12/35/12 13/39/13
vt 0.697810 0.164028
vt 0.666863 0.164028
vt 0.704814 0.143320
f 11/31/11 7/20/7 14/42/14
vt 0.341099 0.164028
vt 0.310151 0.164028
vt 0.303148 0.143320
f 3/7/3 2/5/2 15/45/15
vt 0.666863 0.164028
vt 0.666863 0.090007
vt 0.704814 0.143320
f 7/19/7 13/38/13 14/42/14
vt 0.341099 0.164028
vt 0.303148 0.143320
vt 0.341099 0.090007
f 3/7/3 15/44/15 12/36/12
vt 0.671822 0.192922
vt 0.670922 0.192744
vt 0.670290 0.191132
f 1/1/1 2/5/2 3/9/3
vt 0.672420 0.192804
vt 0.671822 0.192922
vt 0.670290 0.191132
f 4/10/4 1/2/1 3/9/3
vt 0.670922 0.192744
vt 0.669074 0.192260
vt 0.670290 0.191132
f 2/4/2 5/14/5 3/9/3
vt 0.669074 0.192260
vt 0.664215 0.191889
vt 0.670290 0.191132
f 5/13/5 6/17/6 3/9/3
vt 0.670675 0.184322
vt 0.671461 0.186846
vt 0.670290 0.191132
f 7/19/7 8/23/8 3/9/3
vt 0.670675 0.184322
vt 0.670290 0.191132
vt 0.667799 0.181912
f 7/19/7 3/8/3 9/27/9
vt 0.669947 0.182203
vt 0.670675 0.184322
vt 0.667799 0.181912
f 10/28/10 7/20/7 9/27/9
vt 0.669057 0.180910
vt 0.669947 0.182203
vt 0.667799 0.181912
f 11/31/11 10/29/10 9/27/9
vt 0.667724 0.180072
vt 0.669057 0.180910
vt 0.667799 0.181912
f 12/34/12 11/32/11 9/27/9
vt 0.667724 0.180072
vt 0.667799 0.181912
vt 0.664215 0.180755
f 12/34/12 9/26/9 13/39/13
vt 0.671461 0.186846
vt 0.672420 0.192804
vt 0.670290 0.191132
f 8/22/8 4/11/4 3/9/3
vt 0.664215 0.179417
vt 0.667724 0.180072
vt 0.664215 0.180755
f 14/40/14 12/35/12 13/39/13
vt 0.657508 0.192744
vt 0.656607 0.192922
vt 0.658140 0.191132
f 15/43/15 16/47/16 17/51/17
vt 0.656607 0.192922
vt 0.656009 0.192804
vt 0.658140 0.191132
f 16/46/16 18/53/18 17/51/17
vt 0.659356 0.192260
vt 0.657508 0.192744
vt 0.658140 0.191132
f 19/55/19 15/44/15 17/51/17
vt 0.664215 0.191889
vt 0.659356 0.192260
vt 0.658140 0.191132
f 6/16/6 19/56/19 17/51/17
vt 0.664215 0.191889
vt 0.658140 0.191132
vt 0.670290 0.191132
f 6/16/6 17/50/17 3/9/3
vt 0.656969 0.186846
vt 0.657754 0.184322
vt 0.660630 0.181912
f 20/58/20 21/62/21 22/66/22
vt 0.656969 0.186846
vt 0.660630 0.181912
vt 0.658140 0.191132
f 20/58/20 22/65/22 17/51/17
vt 0.657754 0.184322
vt 0.658482 0.182203
vt 0.660630 0.181912
f 21/61/21 23/68/23 22/66/22
vt 0.658482 0.182203
vt 0.659373 0.180910
vt 0.660630 0.181912
f 23/67/23 24/71/24 22/66/22
vt 0.659373 0.180910
vt 0.660706 0.180072
vt 0.660630 0.181912
f 24/70/24 25/74/25 22/66/22
vt 0.656009 0.192804
vt 0.656969 0.186846
vt 0.658140 0.191132
f 18/52/18 20/59/20 17/51/17
vt 0.660706 0.180072
vt 0.664215 0.179417
vt 0.664215 0.180755
f 25/73/25 14/41/14 13/39/13
vt 0.660706 0.180072
vt 0.664215 0.180755
vt 0.660630 0.181912
f 25/73/25 13/38/13 22/66/22
vt 0.670290 0.191132
vt 0.658140 0.191132
vt 0.664215 0.180755
f 3/7/3 17/50/17 13/39/13
vt 0.658140 0.191132
vt 0.660630 0.181912
vt 0.664215 0.180755
f 17/49/17 22/65/22 13/39/13
vt 0.664215 0.180755
vt 0.667799 0.181912
vt 0.670290 0.191132
f 13/37/13 9/26/9 3/9/3
vt 1.000000 0.000000
vt 1.000000 1.000000
vt 0.000000 1.000000
f 1/1/1 2/5/2 3/9/3
vt 1.000000 0.000000
vt 0.000000 1.000000
vt 0.000000 0.000000
f 1/1/1 3/8/3 4/12/4
vt 0.000000 0.000000
vt 1.000000 0.000000
vt 1.000000 1.000000
f 5/13/5 6/17/6 7/21/7
vt 0.000000 0.000000
vt 1.000000 1.000000
vt 0.000000 1.000000
f 5/13/5 7/20/7 8/24/8
vt 0.000000 0.000000
vt 1.000000 0.000000
vt 1.000000 1.000000
f 1/1/1 4/11/4 6/18/6
vt 0.000000 0.000000
vt 1.000000 1.000000
vt 0.000000 1.000000
f 1/1/1 6/17/6 5/15/5
vt 0.000000 0.000000
vt 1.000000 0.000000
vt 1.000000 1.000000
f 4/10/4 3/8/3 7/21/7
vt 0.000000 0.000000
vt 1.000000 1.000000
vt 0.000000 1.000000
f 4/10/4 7/20/7 6/18/6
vt 0.000000 0.000000
vt 1.000000 0.000000
vt 1.000000 1.000000
f 3/7/3 2/5/2 8/24/8
vt 0.000000 0.000000
vt 1.000000 1.000000
vt 0.000000 1.000000
f 3/7/3 8/23/8 7/21/7
vt 0.000000 0.000000
vt 1.000000 0.000000
vt 1.000000 1.000000
f 2/4/2 1/2/1 5/15/5
vt 0.000000 0.000000
vt 1.000000 1.000000
vt 0.000000 1.000000
f 2/4/2 5/14/5 8/24/8
vt 1.000000 0.000000
vt 1.000000 1.000000
vt 0.000000 1.000000
f 1/1/1 2/5/2 3/9/3
vt 1.000000 0.000000
vt 0.000000 1.000000
vt 0.000000 0.000000
f 1/1/1 3/8/3 4/12/4
vt 0.000000 0.000000
vt 1.000000 0.000000
vt 1.000000 1.000000
f 5/13/5 6/17/6 7/21/7
vt 0.000000 0.000000
vt 1.000000 1.000000
vt 0.000000 1.000000
f 5/13/5 7/20/7 8/24/8
vt 0.000000 0.000000
vt 1.000000 0.000000
vt 1.000000 1.000000
f 1/1/1 4/11/4 6/18/6
vt 0.000000 0.000000
vt 1.000000 1.000000
vt 0.000000 1.000000
f 1/1/1 6/17/6 5/15/5
vt 0.000000 0.000000
vt 1.000000 0.000000
vt 1.000000 1.000000
f 4/10/4 3/8/3 7/21/7
vt 0.000000 0.000000
vt 1.000000 1.000000
vt 0.000000 1.000000
f 4/10/4 7/20/7 6/18/6
vt 0.000000 0.000000
vt 1.000000 0.000000
vt 1.000000 1.000000
f 3/7/3 2/5/2 8/24/8
vt 0.000000 0.000000
vt 1.000000 1.000000
vt 0.000000 1.000000
f 3/7/3 8/23/8 7/21/7
vt 0.000000 0.000000
vt 1.000000 0.000000
vt 1.000000 1.000000
f 2/4/2 1/2/1 5/15/5
vt 0.000000 0.000000
vt 1.000000 1.000000
vt 0.000000 1.000000
f 2/4/2 5/14/5 8/24/8
vt 1.000000 0.000000
vt 1.000000 1.000000
vt 0.000000 1.000000
f 1/1/1 2/5/2 3/9/3
vt 1.000000 0.000000
vt 0.000000 1.000000
vt 0.000000 0.000000
f 1/1/1 3/8/3 4/12/4
vt 0.000000 0.000000
vt 1.000000 0.000000
vt 1.000000 1.000000
f 5/13/5 6/17/6 7/21/7
vt 0.000000 0.000000
vt 1.000000 1.000000
vt 0.000000 1.000000
f 5/13/5 7/20/7 8/24/8
vt 0.000000 0.000000
vt 1.000000 0.000000
vt 1.000000 1.000000
f 1/1/1 4/11/4 6/18/6
vt 0.000000 0.000000
vt 1.000000 1.000000
vt 0.000000 1.000000
f 1/1/1 6/17/6 5/15/5
vt 0.000000 0.000000
vt 1.000000 0.000000
vt 1.000000 1.000000
f 4/10/4 3/8/3 7/21/7
vt 0.000000 0.000000
vt 1.000000 1.000000
vt 0.000000 1.000000
f 4/10/4 7/20/7 6/18/6
vt 0.000000 0.000000
vt 1.000000 0.000000
vt 1.000000 1.000000
f 3/7/3 2/5/2 8/24/8
vt 0.000000 0.000000
vt 1.000000 1.000000
vt 0.000000 1.000000
f 3/7/3 8/23/8 7/21/7
vt 0.000000 0.000000
vt 1.000000 0.000000
vt 1.000000 1.000000
f 2/4/2 1/2/1 5/15/5
vt 0.000000 0.000000
vt 1.000000 1.000000
vt 0.000000 1.000000
f 2/4/2 5/14/5 8/24/8
vt 1.000000 0.000000
vt 1.000000 1.000000
vt 0.000000 1.000000
f 1/1/1 2/5/2 3/9/3
vt 1.000000 0.000000
vt 0.000000 1.000000
vt 0.000000 0.000000
f 1/1/1 3/8/3 4/12/4
vt 0.000000 0.000000
vt 1.000000 0.000000
vt 1.000000 1.000000
f 5/13/5 6/17/6 7/21/7
vt 0.000000 0.000000
vt 1.000000 1.000000
vt 0.000000 1.000000
f 5/13/5 7/20/7 8/24/8
vt 0.000000 0.000000
vt 1.000000 0.000000
vt 1.000000 1.000000
f 1/1/1 4/11/4 6/18/6
vt 0.000000 0.000000
vt 1.000000 1.000000
vt 0.000000 1.000000
f 1/1/1 6/17/6 5/15/5
vt 0.000000 0.000000
vt 1.000000 0.000000
vt 1.000000 1.000000
f 4/10/4 3/8/3 7/21/7
vt 0.000000 0.000000
vt 1.000000 1.000000
vt 0.000000 1.000000
f 4/10/4 7/20/7 6/18/6
vt 0.000000 0.000000
vt 1.000000 0.000000
vt 1.000000 1.000000
f 3/7/3 2/5/2 8/24/8
vt 0.000000 0.000000
vt 1.000000 1.000000
vt 0.000000 1.000000
f 3/7/3 8/23/8 7/21/7
vt 0.000000 0.000000
vt 1.000000 0.000000
vt 1.000000 1.000000
f 2/4/2 1/2/1 5/15/5
vt 0.000000 0.000000
vt 1.000000 1.000000
vt 0.000000 1.000000
f 2/4/2 5/14/5 8/24/8
vt 1.000000 0.000000
vt 1.000000 1.000000
vt 0.000000 1.000000
f 1/1/1 2/5/2 3/9/3
vt 1.000000 0.000000
vt 0.000000 1.000000
vt 0.000000 0.000000
f 1/1/1 3/8/3 4/12/4
vt 0.000000 0.000000
vt 1.000000 0.000000
vt 1.000000 1.000000
f 5/13/5 6/17/6 7/21/7
vt 0.000000 0.000000
vt 1.000000 1.000000
vt 0.000000 1.000000
f 5/13/5 7/20/7 8/24/8
vt 0.000000 0.000000
vt 1.000000 0.000000
vt 1.000000 1.000000
f 1/1/1 4/11/4 6/18/6
vt 0.000000 0.000000
vt 1.000000 1.000000
vt 0.000000 1.000000
f 1/1/1 6/17/6 5/15/5
vt 0.000000 0.000000
vt 1.000000 0.000000
vt 1.000000 1.000000
f 4/10/4 3/8/3 7/21/7
vt 0.000000 0.000000
vt 1.000000 1.000000
vt 0.000000 1.000000
f 4/10/4 7/20/7 6/18/6
vt 0.000000 0.000000
vt 1.000000 0.000000
vt 1.000000 1.000000
f 3/7/3 2/5/2 8/24/8
vt 0.000000 0.000000
vt 1.000000 1.000000
vt 0.000000 1.000000
f 3/7/3 8/23/8 7/21/7
vt 0.000000 0.000000
vt 1.000000 0.000000
vt 1.000000 1.000000
f 2/4/2 1/2/1 5/15/5
vt 0.000000 0.000000
vt 1.000000 1.000000
vt 0.000000 1.000000
f 2/4/2 5/14/5 8/24/8
vt 0.000000 0.000000
vt 1.000000 0.000000
vt 1.000000 1.000000
f 1/1/1 2/5/2 3/9/3
vt 0.000000 0.000000
vt 1.000000 1.000000
vt 0.000000 1.000000
f 1/1/1 3/8/3 4/12/4
vt 0.000000 0.000000
vt 1.000000 0.000000
vt 1.000000 1.000000
f 5/13/5 6/17/6 7/21/7
vt 0.000000 0.000000
vt 1.000000 1.000000
vt 0.000000 1.000000
f 5/13/5 7/20/7 8/24/8
vt 0.000000 0.000000
vt 1.000000 0.000000
vt 1.000000 1.000000
f 1/1/1 4/11/4 6/18/6
vt 0.000000 0.000000
vt 1.000000 1.000000
vt 0.000000 1.000000
f 1/1/1 6/17/6 5/15/5
vt 0.000000 0.000000
vt 1.000000 0.000000
vt 1.000000 1.000000
f 4/10/4 3/8/3 7/21/7
vt 0.000000 0.000000
vt 1.000000 1.000000
vt 0.000000 1.000000
f 4/10/4 7/20/7 6/18/6
vt 0.000000 0.000000
vt 1.000000 0.000000
vt 1.000000 1.000000
f 3/7/3 2/5/2 8/24/8
vt 0.000000 0.000000
vt 1.000000 1.000000
vt 0.000000 1.000000
f 3/7/3 8/23/8 7/21/7
vt 0.000000 0.000000
vt 1.000000 0.000000
vt 1.000000 1.000000
f 2/4/2 1/2/1 5/15/5
vt 0.000000 0.000000
vt 1.000000 1.000000
vt 0.000000 1.000000
f 2/4/2 5/14/5 8/24/8
vt 0.000000 0.000000
vt 1.000000 0.000000
vt 1.000000 1.000000
f 1/1/1 2/5/2 3/9/3
vt 0.000000 0.000000
vt 1.000000 1.000000
vt 0.000000 1.000000
f 1/1/1 3/8/3 4/12/4
vt 0.000000 0.000000
vt 1.000000 0.000000
vt 1.000000 1.000000
f 5/13/5 6/17/6 7/21/7
vt 0.000000 0.000000
vt 1.000000 1.000000
vt 0.000000 1.000000
f 5/13/5 7/20/7 8/24/8
vt 0.000000 0.000000
vt 1.000000 0.000000
vt 1.000000 1.000000
f 1/1/1 4/11/4 6/18/6
vt 0.000000 0.000000
vt 1.000000 1.000000
vt 0.000000 1.000000
f 1/1/1 6/17/6 5/15/5
vt 0.000000 0.000000
vt 1.000000 0.000000
vt 1.000000 1.000000
f 4/10/4 3/8/3 7/21/7
vt 0.000000 0.000000
vt 1.000000 1.000000
vt 0.000000 1.000000
f 4/10/4 7/20/7 6/18/6
vt 0.000000 0.000000
vt 1.000000 0.000000
vt 1.000000 1.000000
f 3/7/3 2/5/2 8/24/8
vt 0.000000 0.000000
vt 1.000000 1.000000
vt 0.000000 1.000000
f 3/7/3 8/23/8 7/21/7
vt 0.000000 0.000000
vt 1.000000 0.000000
vt 1.000000 1.000000
f 2/4/2 1/2/1 5/15/5
vt 0.000000 0.000000
vt 1.000000 1.000000
vt 0.000000 1.000000
f 2/4/2 5/14/5 8/24/8
vt 1.000000 0.000000
vt 1.000000 1.000000
vt 0.000000 1.000000
f 1/1/1 2/5/2 3/9/3
vt 1.000000 0.000000
vt 0.000000 1.000000
vt 0.000000 0.000000
f 1/1/1 3/8/3 4/12/4
vt 0.000000 0.000000
vt 1.000000 0.000000
vt 1.000000 1.000000
f 5/13/5 6/17/6 7/21/7
vt 0.000000 0.000000
vt 1.000000 1.000000
vt 0.000000 1.000000
f 5/13/5 7/20/7 8/24/8
vt 0.000000 0.000000
vt 1.000000 0.000000
vt 1.000000 1.000000
f 1/1/1 4/11/4 6/18/6
vt 0.000000 0.000000
vt 1.000000 1.000000
vt 0.000000 1.000000
f 1/1/1 6/17/6 5/15/5
vt 0.000000 0.000000
vt 1.000000 0.000000
vt 1.000000 1.000000
f 4/10/4 3/8/3 7/21/7
vt 0.000000 0.000000
vt 1.000000 1.000000
vt 0.000000 1.000000
f 4/10/4 7/20/7 6/18/6
vt 0.000000 0.000000
vt 1.000000 0.000000
vt 1.000000 1.000000
f 3/7/3 2/5/2 8/24/8
vt 0.000000 0.000000
vt 1.000000 1.000000
vt 0.000000 1.000000
f 3/7/3 8/23/8 7/21/7
vt 0.000000 0.000000
vt 1.000000 0.000000
vt 1.000000 1.000000
f 2/4/2 1/2/1 5/15/5
vt 0.000000 0.000000
vt 1.000000 1.000000
vt 0.000000 1.000000
f 2/4/2 5/14/5 8/24/8
vt 1.000000 0.000000
vt 1.000000 1.000000
vt 0.000000 1.000000
f 1/1/1 2/5/2 3/9/3
vt 1.000000 0.000000
vt 0.000000 1.000000
vt 0.000000 0.000000
f 1/1/1 3/8/3 4/12/4
vt 0.000000 0.000000
vt 1.000000 0.000000
vt 1.000000 1.000000
f 5/13/5 6/17/6 7/21/7
vt 0.000000 0.000000
vt 1.000000 1.000000
vt 0.000000 1.000000
f 5/13/5 7/20/7 8/24/8
vt 0.000000 0.000000
vt 1.000000 0.000000
vt 1.000000 1.000000
f 1/1/1 4/11/4 6/18/6
vt 0.000000 0.000000
vt 1.000000 1.000000
vt 0.000000 1.000000
f 1/1/1 6/17/6 5/15/5
vt 0.000000 0.000000
vt 1.000000 0.000000
vt 1.000000 1.000000
f 4/10/4 3/8/3 7/21/7
vt 0.000000 0.000000
vt 1.000000 1.000000
vt 0.000000 1.000000
f 4/10/4 7/20/7 6/18/6
vt 0.000000 0.000000
vt 1.000000 0.000000
vt 1.000000 1.000000
f 3/7/3 2/5/2 8/24/8
vt 0.000000 0.000000
vt 1.000000 1.000000
vt 0.000000 1.000000
f 3/7/3 8/23/8 7/21/7
vt 0.000000 0.000000
vt 1.000000 0.000000
vt 1.000000 1.000000
f 2/4/2 1/2/1 5/15/5
vt 0.000000 0.000000
vt 1.000000 1.000000
vt 0.000000 1.000000
f 2/4/2 5/14/5 8/24/8
vt 1.000000 0.000000
vt 1.000000 1.000000
vt 0.000000 1.000000
f 1/1/1 2/5/2 3/9/3
vt 1.000000 0.000000
vt 0.000000 1.000000
vt 0.000000 0.000000
f 1/1/1 3/8/3 4/12/4
vt 0.000000 0.000000
vt 1.000000 0.000000
vt 1.000000 1.000000
f 5/13/5 6/17/6 7/21/7
vt 0.000000 0.000000
vt 1.000000 1.000000
vt 0.000000 1.000000
f 5/13/5 7/20/7 8/24/8
vt 0.000000 0.000000
vt 1.000000 0.000000
vt 1.000000 1.000000
f 1/1/1 4/11/4 6/18/6
vt 0.000000 0.000000
vt 1.000000 1.000000
vt 0.000000 1.000000
f 1/1/1 6/17/6 5/15/5
vt 0.000000 0.000000
vt 1.000000 0.000000
vt 1.000000 1.000000
f 4/10/4 3/8/3 7/21/7
vt 0.000000 0.000000
vt 1.000000 1.000000
vt 0.000000 1.000000
f 4/10/4 7/20/7 6/18/6
vt 0.000000 0.000000
vt 1.000000 0.000000
vt 1.000000 1.000000
f 3/7/3 2/5/2 8/24/8
vt 0.000000 0.000000
vt 1.000000 1.000000
vt 0.000000 1.000000
f 3/7/3 8/23/8 7/21/7
vt 0.000000 0.000000
vt 1.000000 0.000000
vt 1.000000 1.000000
f 2/4/2 1/2/1 5/15/5
vt 0.000000 0.000000
vt 1.000000 1.000000
vt 0.000000 1.000000
f 2/4/2 5/14/5 8/24/8
vt 1.000000 0.000000
vt 1.000000 1.000000
vt 0.000000 1.000000
f 1/1/1 2/5/2 3/9/3
vt 1.000000 0.000000
vt 0.000000 1.000000
vt 0.000000 0.000000
f 1/1/1 3/8/3 4/12/4
vt 0.000000 0.000000
vt 1.000000 0.000000
vt 1.000000 1.000000
f 5/13/5 6/17/6 7/21/7
vt 0.000000 0.000000
vt 1.000000 1.000000
vt 0.000000 1.000000
f 5/13/5 7/20/7 8/24/8
vt 0.000000 0.000000
vt 1.000000 0.000000
vt 1.000000 1.000000
f 1/1/1 4/11/4 6/18/6
vt 0.000000 0.000000
vt 1.000000 1.000000
vt 0.000000 1.000000
f 1/1/1 6/17/6 5/15/5
vt 0.000000 0.000000
vt 1.000000 0.000000
vt 1.000000 1.000000
f 4/10/4 3/8/3 7/21/7
vt 0.000000 0.000000
vt 1.000000 1.000000
vt 0.000000 1.000000
f 4/10/4 7/20/7 6/18/6
vt 0.000000 0.000000
vt 1.000000 0.000000
vt 1.000000 1.000000
f 3/7/3 2/5/2 8/24/8
vt 0.000000 0.000000
vt 1.000000 1.000000
vt 0.000000 1.000000
f 3/7/3 8/23/8 7/21/7
vt 0.000000 0.000000
vt 1.000000 0.000000
vt 1.000000 1.000000
f 2/4/2 1/2/1 5/15/5
vt 0.000000 0.000000
vt 1.000000 1.000000
vt 0.000000 1.000000
f 2/4/2 5/14/5 8/24/8
vt 1.000000 0.000000
vt 1.000000 1.000000
vt 0.000000 1.000000
f 1/1/1 2/5/2 3/9/3
vt 1.000000 0.000000
vt 0.000000 1.000000
vt 0.000000 0.000000
f 1/1/1 3/8/3 4/12/4
vt 0.000000 0.000000
vt 1.000000 0.000000
vt 1.000000 1.000000
f 5/13/5 6/17/6 7/21/7
vt 0.000000 0.000000
vt 1.000000 1.000000
vt 0.000000 1.000000
f 5/13/5 7/20/7 8/24/8
vt 0.000000 0.000000
vt 1.000000 0.000000
vt 1.000000 1.000000
f 1/1/1 4/11/4 6/18/6
vt 0.000000 0.000000
vt 1.000000 1.000000
vt 0.000000 1.000000
f 1/1/1 6/17/6 5/15/5
vt 0.000000 0.000000
vt 1.000000 0.000000
vt 1.000000 1.000000
f 4/10/4 3/8/3 7/21/7
vt 0.000000 0.000000
vt 1.000000 1.000000
vt 0.000000 1.000000
f 4/10/4 7/20/7 6/18/6
vt 0.000000 0.000000
vt 1.000000 0.000000
vt 1.000000 1.000000
f 3/7/3 2/5/2 8/24/8
vt 0.000000 0.000000
vt 1.000000 1.000000
vt 0.000000 1.000000
f 3/7/3 8/23/8 7/21/7
vt 0.000000 0.000000
vt 1.000000 0.000000
vt 1.000000 1.000000
f 2/4/2 1/2/1 5/15/5
vt 0.000000 0.000000
vt 1.000000 1.000000
vt 0.000000 1.000000
f 2/4/2 5/14/5 8/24/8
vt 0.000000 0.000000
vt 1.000000 0.000000
vt 1.000000 1.000000
f 1/1/1 2/5/2 3/9/3
vt 0.000000 0.000000
vt 1.000000 1.000000
vt 0.000000 1.000000
f 1/1/1 3/8/3 4/12/4
vt 0.000000 0.000000
vt 1.000000 0.000000
vt 1.000000 1.000000
f 5/13/5 6/17/6 7/21/7
vt 0.000000 0.000000
vt 1.000000 1.000000
vt 0.000000 1.000000
f 5/13/5 7/20/7 8/24/8
vt 0.000000 0.000000
vt 1.000000 0.000000
vt 1.000000 1.000000
f 1/1/1 4/11/4 6/18/6
vt 0.000000 0.000000
vt 1.000000 1.000000
vt 0.000000 1.000000
f 1/1/1 6/17/6 5/15/5
vt 0.000000 0.000000
vt 1.000000 0.000000
vt 1.000000 1.000000
f 4/10/4 3/8/3 7/21/7
vt 0.000000 0.000000
vt 1.000000 1.000000
vt 0.000000 1.000000
f 4/10/4 7/20/7 6/18/6
vt 0.000000 0.000000
vt 1.000000 0.000000
vt 1.000000 1.000000
f 3/7/3 2/5/2 8/24/8
vt 0.000000 0.000000
vt 1.000000 1.000000
vt 0.000000 1.000000
f 3/7/3 8/23/8 7/21/7
vt 0.000000 0.000000
vt 1.000000 0.000000
vt 1.000000 1.000000
f 2/4/2 1/2/1 5/15/5
vt 0.000000 0.000000
vt 1.000000 1.000000
vt 0.000000 1.000000
f 2/4/2 5/14/5 8/24/8
vt 1.000000 0.000000
vt 1.000000 1.000000
vt 0.000000 1.000000
f 1/1/1 2/5/2 3/9/3
vt 1.000000 0.000000
vt 0.000000 1.000000
vt 0.000000 0.000000
f 1/1/1 3/8/3 4/12/4
vt 0.000000 0.000000
vt 1.000000 0.000000
vt 1.000000 1.000000
f 5/13/5 6/17/6 7/21/7
vt 0.000000 0.000000
vt 1.000000 1.000000
vt 0.000000 1.000000
f 5/13/5 7/20/7 8/24/8
vt 0.000000 0.000000
vt 1.000000 0.000000
vt 1.000000 1.000000
f 1/1/1 4/11/4 6/18/6
vt 0.000000 0.000000
vt 1.000000 1.000000
vt 0.000000 1.000000
f 1/1/1 6/17/6 5/15/5
vt 0.000000 0.000000
vt 1.000000 0.000000
vt 1.000000 1.000000
f 4/10/4 3/8/3 7/21/7
vt 0.000000 0.000000
vt 1.000000 1.000000
vt 0.000000 1.000000
f 4/10/4 7/20/7 6/18/6
vt 0.000000 0.000000
vt 1.000000 0.000000
vt 1.000000 1.000000
f 3/7/3 2/5/2 8/24/8
vt 0.000000 0.000000
vt 1.000000 1.000000
vt 0.000000 1.000000
f 3/7/3 8/23/8 7/21/7
vt 0.000000 0.000000
vt 1.000000 0.000000
vt 1.000000 1.000000
f 2/4/2 1/2/1 5/15/5
vt 0.000000 0.000000
vt 1.000000 1.000000
vt 0.000000 1.000000
f 2/4/2 5/14/5 8/24/8
vt 1.000000 0.000000
vt 1.000000 1.000000
vt 0.000000 1.000000
f 1/1/1 2/5/2 3/9/3
vt 1.000000 0.000000
vt 0.000000 1.000000
vt 0.000000 0.000000
f 1/1/1 3/8/3 4/12/4
vt 0.000000 0.000000
vt 1.000000 0.000000
vt 1.000000 1.000000
f 5/13/5 6/17/6 7/21/7
vt 0.000000 0.000000
vt 1.000000 1.000000
vt 0.000000 1.000000
f 5/13/5 7/20/7 8/24/8
vt 0.000000 0.000000
vt 1.000000 0.000000
vt 1.000000 1.000000
f 1/1/1 4/11/4 6/18/6
vt 0.000000 0.000000
vt 1.000000 1.000000
vt 0.000000 1.000000
f 1/1/1 6/17/6 5/15/5
vt 0.000000 0.000000
vt 1.000000 0.000000
vt 1.000000 1.000000
f 4/10/4 3/8/3 7/21/7
vt 0.000000 0.000000
vt 1.000000 1.000000
vt 0.000000 1.000000
f 4/10/4 7/20/7 6/18/6
vt 0.000000 0.000000
vt 1.000000 0.000000
vt 1.000000 1.000000
f 3/7/3 2/5/2 8/24/8
vt 0.000000 0.000000
vt 1.000000 1.000000
vt 0.000000 1.000000
f 3/7/3 8/23/8 7/21/7
vt 0.000000 0.000000
vt 1.000000 0.000000
vt 1.000000 1.000000
f 2/4/2 1/2/1 5/15/5
vt 0.000000 0.000000
vt 1.000000 1.000000
vt 0.000000 1.000000
f 2/4/2 5/14/5 8/24/8
vt 1.000000 0.000000
vt 1.000000 1.000000
vt 0.000000 1.000000
f 1/1/1 2/5/2 3/9/3
vt 1.000000 0.000000
vt 0.000000 1.000000
vt 0.000000 0.000000
f 1/1/1 3/8/3 4/12/4
vt 0.000000 0.000000
vt 1.000000 0.000000
vt 1.000000 1.000000
f 5/13/5 6/17/6 7/21/7
vt 0.000000 0.000000
vt 1.000000 1.000000
vt 0.000000 1.000000
f 5/13/5 7/20/7 8/24/8
vt 0.000000 0.000000
vt 1.000000 0.000000
vt 1.000000 1.000000
f 1/1/1 4/11/4 6/18/6
vt 0.000000 0.000000
vt 1.000000 1.000000
vt 0.000000 1.000000
f 1/1/1 6/17/6 5/15/5
vt 0.000000 0.000000
vt 1.000000 0.000000
vt 1.000000 1.000000
f 4/10/4 3/8/3 7/21/7
vt 0.000000 0.000000
vt 1.000000 1.000000
vt 0.000000 1.000000
f 4/10/4 7/20/7 6/18/6
vt 0.000000 0.000000
vt 1.000000 0.000000
vt 1.000000 1.000000
f 3/7/3 2/5/2 8/24/8
vt 0.000000 0.000000
vt 1.000000 1.000000
vt 0.000000 1.000000
f 3/7/3 8/23/8 7/21/7
vt 0.000000 0.000000
vt 1.000000 0.000000
vt 1.000000 1.000000
f 2/4/2 1/2/1 5/15/5
vt 0.000000 0.000000
vt 1.000000 1.000000
vt 0.000000 1.000000
f 2/4/2 5/14/5 8/24/8
vt 1.000000 0.000000
vt 1.000000 1.000000
vt 0.000000 1.000000
f 1/1/1 2/5/2 3/9/3
vt 1.000000 0.000000
vt 0.000000 1.000000
vt 0.000000 0.000000
f 1/1/1 3/8/3 4/12/4
vt 0.000000 0.000000
vt 1.000000 0.000000
vt 1.000000 1.000000
f 5/13/5 6/17/6 7/21/7
vt 0.000000 0.000000
vt 1.000000 1.000000
vt 0.000000 1.000000
f 5/13/5 7/20/7 8/24/8
vt 0.000000 0.000000
vt 1.000000 0.000000
vt 1.000000 1.000000
f 1/1/1 4/11/4 6/18/6
vt 0.000000 0.000000
vt 1.000000 1.000000
vt 0.000000 1.000000
f 1/1/1 6/17/6 5/15/5
vt 0.000000 0.000000
vt 1.000000 0.000000
vt 1.000000 1.000000
f 4/10/4 3/8/3 7/21/7
vt 0.000000 0.000000
vt 1.000000 1.000000
vt 0.000000 1.000000
f 4/10/4 7/20/7 6/18/6
vt 0.000000 0.000000
vt 1.000000 0.000000
vt 1.000000 1.000000
f 3/7/3 2/5/2 8/24/8
vt 0.000000 0.000000
vt 1.000000 1.000000
vt 0.000000 1.000000
f 3/7/3 8/23/8 7/21/7
vt 0.000000 0.000000
vt 1.000000 0.000000
vt 1.000000 1.000000
f 2/4/2 1/2/1 5/15/5
vt 0.000000 0.000000
vt 1.000000 1.000000
vt 0.000000 1.000000
f 2/4/2 5/14/5 8/24/8
vt 1.000000 0.000000
vt 1.000000 1.000000
vt 0.000000 1.000000
f 1/1/1 2/5/2 3/9/3
vt 1.000000 0.000000
vt 0.000000 1.000000
vt 0.000000 0.000000
f 1/1/1 3/8/3 4/12/4
vt 0.000000 0.000000
vt 1.000000 0.000000
vt 1.000000 1.000000
f 5/13/5 6/17/6 7/21/7
vt 0.000000 0.000000
vt 1.000000 1.000000
vt 0.000000 1.000000
f 5/13/5 7/20/7 8/24/8
vt 0.000000 0.000000
vt 1.000000 0.000000
vt 1.000000 1.000000
f 1/1/1 4/11/4 6/18/6
vt 0.000000 0.000000
vt 1.000000 1.000000
vt 0.000000 1.000000
f 1/1/1 6/17/6 5/15/5
vt 0.000000 0.000000
vt 1.000000 0.000000
vt 1.000000 1.000000
f 4/10/4 3/8/3 7/21/7
vt 0.000000 0.000000
vt 1.000000 1.000000
vt 0.000000 1.000000
f 4/10/4 7/20/7 6/18/6
vt 0.000000 0.000000
vt 1.000000 0.000000
vt 1.000000 1.000000
f 3/7/3 2/5/2 8/24/8
vt 0.000000 0.000000
vt 1.000000 1.000000
vt 0.000000 1.000000
f 3/7/3 8/23/8 7/21/7
vt 0.000000 0.000000
vt 1.000000 0.000000
vt 1.000000 1.000000
f 2/4/2 1/2/1 5/15/5
vt 0.000000 0.000000
vt 1.000000 1.000000
vt 0.000000 1.000000
f 2/4/2 5/14/5 8/24/8
vt 1.000000 0.000000
vt 1.000000 1.000000
vt 0.000000 1.000000
f 1/1/1 2/5/2 3/9/3
vt 1.000000 0.000000
vt 0.000000 1.000000
vt 0.000000 0.000000
f 1/1/1 3/8/3 4/12/4
vt 0.000000 0.000000
vt 1.000000 0.000000
vt 1.000000 1.000000
f 5/13/5 6/17/6 7/21/7
vt 0.000000 0.000000
vt 1.000000 1.000000
vt 0.000000 1.000000
f 5/13/5 7/20/7 8/24/8
vt 0.000000 0.000000
vt 1.000000 0.000000
vt 1.000000 1.000000
f 1/1/1 4/11/4 6/18/6
vt 0.000000 0.000000
vt 1.000000 1.000000
vt 0.000000 1.000000
f 1/1/1 6/17/6 5/15/5
vt 0.000000 0.000000
vt 1.000000 0.000000
vt 1.000000 1.000000
f 4/10/4 3/8/3 7/21/7
vt 0.000000 0.000000
vt 1.000000 1.000000
vt 0.000000 1.000000
f 4/10/4 7/20/7 6/18/6
vt 0.000000 0.000000
vt 1.000000 0.000000
vt 1.000000 1.000000
f 3/7/3 2/5/2 8/24/8
vt 0.000000 0.000000
vt 1.000000 1.000000
vt 0.000000 1.000000
f 3/7/3 8/23/8 7/21/7
vt 0.000000 0.000000
vt 1.000000 0.000000
vt 1.000000 1.000000
f 2/4/2 1/2/1 5/15/5
vt 0.000000 0.000000
vt 1.000000 1.000000
vt 0.000000 1.000000
f 2/4/2 5/14/5 8/24/8
vt 1.000000 0.000000
vt 1.000000 1.000000
vt 0.000000 1.000000
f 1/1/1 2/5/2 3/9/3
vt 1.000000 0.000000
vt 0.000000 1.000000
vt 0.000000 0.000000
f 1/1/1 3/8/3 4/12/4
vt 0.000000 0.000000
vt 1.000000 0.000000
vt 1.000000 1.000000
f 5/13/5 6/17/6 7/21/7
vt 0.000000 0.000000
vt 1.000000 1.000000
vt 0.000000 1.000000
f 5/13/5 7/20/7 8/24/8
vt 0.000000 0.000000
vt 1.000000 0.000000
vt 1.000000 1.000000
f 1/1/1 4/11/4 6/18/6
vt 0.000000 0.000000
vt 1.000000 1.000000
vt 0.000000 1.000000
f 1/1/1 6/17/6 5/15/5
vt 0.000000 0.000000
vt 1.000000 0.000000
vt 1.000000 1.000000
f 4/10/4 3/8/3 7/21/7
vt 0.000000 0.000000
vt 1.000000 1.000000
vt 0.000000 1.000000
f 4/10/4 7/20/7 6/18/6
vt 0.000000 0.000000
vt 1.000000 0.000000
vt 1.000000 1.000000
f 3/7/3 2/5/2 8/24/8
vt 0.000000 0.000000
vt 1.000000 1.000000
vt 0.000000 1.000000
f 3/7/3 8/23/8 7/21/7
vt 0.000000 0.000000
vt 1.000000 0.000000
vt 1.000000 1.000000
f 2/4/2 1/2/1 5/15/5
vt 0.000000 0.000000
vt 1.000000 1.000000
vt 0.000000 1.000000
f 2/4/2 5/14/5 8/24/8
vt 1.000000 0.000000
vt 1.000000 1.000000
vt 0.000000 1.000000
f 1/1/1 2/5/2 3/9/3
vt 1.000000 0.000000
vt 0.000000 1.000000
vt 0.000000 0.000000
f 1/1/1 3/8/3 4/12/4
vt 0.000000 0.000000
vt 1.000000 0.000000
vt 1.000000 1.000000
f 5/13/5 6/17/6 7/21/7
vt 0.000000 0.000000
vt 1.000000 1.000000
vt 0.000000 1.000000
f 5/13/5 7/20/7 8/24/8
vt 0.000000 0.000000
vt 1.000000 0.000000
vt 1.000000 1.000000
f 1/1/1 4/11/4 6/18/6
vt 0.000000 0.000000
vt 1.000000 1.000000
vt 0.000000 1.000000
f 1/1/1 6/17/6 5/15/5
vt 0.000000 0.000000
vt 1.000000 0.000000
vt 1.000000 1.000000
f 4/10/4 3/8/3 7/21/7
vt 0.000000 0.000000
vt 1.000000 1.000000
vt 0.000000 1.000000
f 4/10/4 7/20/7 6/18/6
vt 0.000000 0.000000
vt 1.000000 0.000000
vt 1.000000 1.000000
f 3/7/3 2/5/2 8/24/8
vt 0.000000 0.000000
vt 1.000000 1.000000
vt 0.000000 1.000000
f 3/7/3 8/23/8 7/21/7
vt 0.000000 0.000000
vt 1.000000 0.000000
vt 1.000000 1.000000
f 2/4/2 1/2/1 5/15/5
vt 0.000000 0.000000
vt 1.000000 1.000000
vt 0.000000 1.000000
f 2/4/2 5/14/5 8/24/8
