# FCE4M to OBJ - Motor City Online
# NumVertices: 1326
# NumTriangles: 1609
# NumParts: 23
# HalfSize: (1.1277, 0.7736, 2.0442)

o MCity_Car

# Vertices
v 0.074355 -0.132133 0.036865
v -0.004300 0.019173 0.013142
v 0.044119 -0.128909 0.067458
v 0.016070 0.013642 -0.052564
v -0.059635 0.013642 -0.063724
v -0.021849 0.070772 -0.057924
v 0.050505 0.070772 -0.035803
v 0.085073 0.013642 -0.019482
v 0.047288 -0.043488 -0.025282
v -0.025066 -0.043488 -0.047403
v -0.025867 0.082198 -0.070662
v -0.071209 0.013642 -0.077622
v 0.060958 0.082198 -0.044117
v 0.102440 0.013642 -0.024532
v 0.057098 -0.054914 -0.031491
v -0.029727 -0.054914 -0.058036
v 0.017419 0.089038 -0.058117
v 0.088159 0.051596 -0.032719
v 0.086299 -0.023923 -0.025684
v 0.013374 -0.061785 -0.044167
v -0.057344 -0.023618 -0.069631
v -0.054869 0.051443 -0.076432
v 0.052504 -0.144539 0.030185
v 0.075900 -0.125646 0.057139
v -0.070479 -0.132133 0.043822
v 0.005539 0.019173 0.012670
v -0.037450 -0.128909 0.071377
v -0.021035 0.013642 -0.050782
v 0.053252 0.013642 -0.069146
v 0.016197 0.070772 -0.059752
v -0.053704 0.070772 -0.030798
v -0.086549 0.013642 -0.011239
v -0.049493 -0.043488 -0.020633
v 0.020407 -0.043488 -0.049587
v 0.018975 0.082198 -0.072816
v 0.063441 0.013642 -0.084089
v -0.064906 0.082198 -0.038071
v -0.104320 0.013642 -0.014600
v -0.059854 -0.054914 -0.025874
v 0.024027 -0.054914 -0.060618
v -0.022909 0.089038 -0.056180
v -0.090889 0.051596 -0.024119
v -0.088363 -0.023923 -0.017295
v -0.017546 -0.061785 -0.042682
v 0.050406 -0.023618 -0.074807
v 0.047291 0.051443 -0.081339
v -0.049369 -0.144539 0.035078
v -0.070074 -0.125646 0.064150
v 0.923983 1.453696 0.385823
v 0.844066 1.538449 0.495970
v 0.699079 1.547298 0.530562
v -0.616837 1.547298 0.530562
v -0.878701 1.453696 0.385823
v -0.807170 1.538449 0.495970
v 0.921194 1.027747 -1.096686
v -0.856325 1.027747 -1.096611
v -0.851438 1.450884 -0.871200
v -0.755935 1.529585 -0.867407
v -0.619010 1.547298 -0.864059
v -0.851438 1.392132 -1.099968
v -0.755922 1.492285 -1.166860
v 0.697510 1.542874 -0.863389
v 0.808295 1.504952 -1.175876
v 0.786442 1.526255 -0.870269
v 0.935833 1.450659 -0.873448
v 0.934907 1.391801 -1.099048
v 0.692816 1.386443 -1.519438
v -0.609900 1.386436 -1.522553
v 0.953935 1.279966 -1.293582
v -0.878863 1.279966 -1.292603
v -0.865210 1.313769 -1.468394
v 0.942937 1.314027 -1.469511
v 0.922836 1.055851 -1.147815
v -0.859545 1.055851 -1.147251
v 0.931560 1.056011 -1.293110
v -0.859900 1.056008 -1.294082
v 0.846801 1.362036 -1.498169
v -0.772753 1.361903 -1.499168
v 0.921275 1.027747 -1.273088
v -0.856407 1.027747 -1.273013
v 0.923983 1.453696 0.385823
v -0.878701 1.453696 0.385823
v -0.843682 1.436970 0.381681
v 0.888497 1.436970 0.381681
v 0.909565 1.435149 0.455413
v 0.667721 1.511477 0.510276
v 0.699079 1.547298 0.530562
v 0.699074 1.497779 0.534205
v -0.585479 1.511477 0.510276
v -0.616837 1.547298 0.530562
v 0.844066 1.538449 0.495970
v 0.811768 1.502628 0.475685
v 0.844061 1.488930 0.499614
v -0.863489 1.435149 0.455413
v -0.616832 1.497779 0.534206
v -0.807170 1.538449 0.495970
v -0.774871 1.502628 0.475685
v -0.807165 1.488930 0.499614
v 1.009634 1.376252 0.102496
v 0.981561 1.394898 0.092256
v 1.008297 1.377092 0.076215
v 0.923983 1.453696 0.385823
v 0.953935 1.279966 -1.293582
v 0.935833 1.450660 -0.873448
v 0.934907 1.391801 -1.099048
v 0.922836 1.055851 -1.147815
v 0.921194 1.027747 -1.096686
v 0.904874 1.060297 -1.131987
v 0.917871 1.437918 -0.873724
v 0.888497 1.436970 0.381681
v 0.935973 1.277352 -1.281169
v 0.916946 1.379214 -1.096041
v 0.958950 1.027328 -1.075154
v 0.919331 1.065010 -1.115824
v 0.932329 1.423041 -0.872726
v 0.915644 1.420667 0.362241
v 0.950431 1.272352 -1.266517
v 0.931403 1.365306 -1.092070
v 0.920289 1.418700 0.079149
v 0.893543 1.434217 0.094963
v 0.921656 1.418700 0.105505
v 0.946585 0.998462 0.029596
v 0.921095 0.980384 0.040392
v 0.946024 0.985128 0.057743
v 0.960054 0.982598 0.176291
v 0.921095 0.980384 0.175360
v 0.960048 0.968085 0.298902
v 0.914888 0.980985 0.216580
v 0.909565 1.435149 0.455413
v 0.961371 1.017937 -0.983236
v 0.956335 0.985810 -0.824522
v 0.921692 1.417038 0.105345
v 0.893619 1.435685 0.095106
v 0.920355 1.417878 0.079064
v 0.921095 0.984604 -0.825314
v 0.921095 1.016730 -0.984028
v 0.951205 0.980685 0.005695
v 0.921095 0.980384 0.008195
v 0.934807 1.001791 0.259638
v 0.921356 1.027748 -1.565349
v -0.769165 1.028165 -1.943387
v -0.856488 1.027747 -1.565273
v -0.825488 1.027747 -1.843527
v 0.880239 1.027747 -1.843602
v -0.472511 1.028165 -2.044131
v 0.812949 1.028165 -1.943462
v 0.555804 1.028165 -2.044206
v 0.692816 1.386443 -1.519438
v -0.609900 1.386436 -1.522553
v -0.477734 1.055936 -1.994713
v 0.562325 1.055936 -1.995177
v -0.814451 1.055968 -1.821796
v 0.877913 1.055970 -1.822131
v -0.865210 1.313769 -1.468394
v 0.942937 1.314027 -1.469511
v 0.931560 1.056011 -1.293110
v -0.859900 1.056008 -1.294082
v 0.846801 1.362036 -1.498169
v -0.772753 1.361903 -1.499168
v -0.749339 1.055952 -1.935288
v 0.809589 1.055953 -1.935687
v 0.921275 1.027747 -1.273088
v 0.922156 1.055991 -1.331787
v -0.856407 1.027747 -1.273013
v -0.854595 1.055988 -1.332106
v -0.609900 1.372237 -1.544120
v 0.692816 1.372244 -1.541005
v 0.942937 1.299828 -1.491078
v 0.922156 1.055991 -1.331787
v 0.846801 1.347836 -1.519736
v -0.865210 1.299569 -1.489961
v -0.772753 1.347703 -1.520734
v -0.854595 1.055988 -1.332106
v -0.878701 1.453696 0.385823
v -0.878863 1.279966 -1.292603
v -0.851438 1.450884 -0.871200
v -0.851438 1.392132 -1.099968
v -0.859545 1.055851 -1.147251
v -0.843682 1.436970 0.381681
v -0.835799 1.436052 -0.871477
v -0.863225 1.278299 -1.277716
v -0.843788 1.062815 -1.128162
v -0.835800 1.377454 -1.096961
v -0.856325 1.027747 -1.096611
v -0.878701 1.420279 0.362682
v -0.862747 1.425141 -0.870478
v -0.890173 1.275904 -1.266413
v -0.870854 1.067627 -1.117815
v -0.862747 1.367513 -1.092990
v -0.880635 1.027472 -1.080256
v -0.884906 1.423364 0.105308
v -0.864425 1.436462 0.091157
v -0.885877 1.423364 0.077865
v -0.884766 0.979976 0.053093
v -0.856227 0.980384 0.040467
v -0.876623 1.001533 0.024927
v -0.856227 0.980384 0.175435
v -0.879606 0.985304 -0.824780
v -0.879728 1.017434 -0.983491
v -0.886412 0.980384 0.174387
v -0.881808 0.980660 0.005757
v -0.856227 0.980384 0.008270
v -0.856227 0.984603 -0.825239
v -0.856227 1.016730 -0.983953
v -0.850963 0.980384 0.283885
v -0.863489 1.435149 0.455413
v -0.857226 1.009064 0.245828
v 0.907828 0.020284 1.118233
v 0.907829 0.021009 -0.822331
v 0.920266 0.721928 1.112538
v -0.844975 0.020283 1.118309
v -0.857413 0.721928 1.112614
v 0.907829 0.045769 -1.496964
v -0.844976 0.045769 -1.496889
v -0.844976 0.021008 -0.822256
v -0.845000 0.974338 0.174601
v -0.815422 0.916260 -0.824117
v -0.844976 0.982891 -0.826364
v -0.844975 0.020283 1.118309
v -0.844976 0.021008 -0.822256
v -0.856227 0.980384 0.175435
v -0.845000 0.974299 0.514768
v -0.844976 0.045769 -1.496889
v -0.844976 0.492498 -1.648202
v -0.815423 0.971696 -0.982829
v -0.844977 1.016723 -0.985075
v -0.856325 1.027747 -1.096611
v -0.815423 0.982708 -1.109201
v -0.844977 1.027747 -1.110742
v -0.856488 1.027747 -1.565273
v -0.815543 0.982764 -1.558267
v -0.844981 1.027747 -1.564810
v -0.856227 0.980384 0.040467
v -0.856227 0.980384 0.008271
v -0.856227 0.984603 -0.825239
v -0.856227 1.016730 -0.983953
v -0.844985 0.923831 0.174525
v -0.844985 0.921509 0.119360
v -0.857413 0.721928 1.112614
v -0.828488 0.850298 0.457728
v -0.844976 0.859050 0.493783
v -0.844976 0.791061 0.493783
v -0.827198 0.823994 0.457719
v -0.844995 0.915747 0.493819
v -0.823354 0.939427 0.493641
v -0.826747 0.962838 0.493665
v -0.845000 0.974299 0.514768
v -0.828488 0.869017 0.266851
v -0.844976 0.874924 0.269420
v -0.844976 0.848391 0.257883
v -0.827198 0.857296 0.261755
v -0.844985 0.923831 0.205306
v -0.823354 0.944257 0.205306
v -0.826747 0.964452 0.205306
v -0.845000 0.974338 0.205382
v -0.832196 0.932446 0.192432
v -0.844985 0.923831 0.174525
v -0.832196 0.932446 0.186517
v -0.823354 0.944257 0.205306
v -0.823354 0.944257 0.189086
v -0.826747 0.964452 0.189086
v -0.845000 0.974338 0.174601
v -0.832196 0.932446 0.186517
v -0.832196 0.932446 0.192432
v -0.850963 0.980384 0.283885
v -0.886569 0.980384 0.264887
v -0.844594 0.540645 0.349882
v -0.844594 0.565694 0.329358
v -0.844594 0.592997 0.346419
v -0.844594 0.585208 0.377658
v -0.844594 0.561273 0.381677
v -0.844594 0.547797 0.373257
v -0.824848 0.547876 0.351759
v -0.824848 0.566186 0.336396
v -0.824848 0.586456 0.349062
v -0.824848 0.580673 0.372253
v -0.824848 0.562875 0.375251
v -0.824848 0.552871 0.369000
v -0.824372 0.522627 0.434622
v -0.824372 0.514197 0.429247
v -0.835779 0.549373 0.371935
v -0.835779 0.561771 0.379682
v -0.823557 0.507620 0.428183
v -0.823557 0.513989 0.415124
v -0.823557 0.528483 0.414111
v -0.823557 0.536607 0.426156
v -0.823557 0.530238 0.439215
v -0.823557 0.515744 0.440228
v -0.808796 0.503289 0.428486
v -0.808796 0.511561 0.411525
v -0.808796 0.530386 0.410209
v -0.808796 0.540938 0.425853
v -0.808796 0.532666 0.442814
v -0.808796 0.513841 0.444130
v -0.844716 0.788289 0.106987
v -0.844716 0.777263 0.082601
v -0.844716 0.796723 0.064455
v -0.844716 0.819995 0.077354
v -0.844716 0.818084 0.097321
v -0.844716 0.808479 0.106277
v -0.828397 0.791335 0.101616
v -0.828397 0.782987 0.083714
v -0.828397 0.797434 0.070242
v -0.828397 0.814710 0.079818
v -0.828397 0.813296 0.094668
v -0.828397 0.806166 0.101317
v -0.828004 0.832857 0.125870
v -0.828004 0.826763 0.131450
v -0.837431 0.807761 0.104737
v -0.837431 0.816597 0.096497
v -0.834504 0.826773 0.131524
v -0.828982 0.823109 0.138152
v -0.828982 0.813968 0.130205
v -0.828982 0.816279 0.118315
v -0.828982 0.827732 0.114371
v -0.828982 0.836873 0.122318
v -0.828982 0.834562 0.134208
v -0.816676 0.822419 0.141705
v -0.816676 0.810545 0.131384
v -0.816676 0.813547 0.115940
v -0.816676 0.828422 0.110819
v -0.816676 0.840296 0.121140
v -0.816676 0.837294 0.136583
v -0.853738 0.607504 -0.090761
v -0.865769 0.612164 -0.243300
v -0.888435 0.610833 -0.588805
v -0.799705 0.570907 -0.090761
v -0.794790 0.547408 -0.586094
v -0.792824 0.562759 -0.243300
v -0.809556 0.607504 -0.090761
v -0.799705 0.600832 -0.090761
v -0.794790 0.610833 -0.603464
v -0.806123 0.612164 -0.243300
v -0.792824 0.603157 -0.243300
v -0.853155 0.600832 -0.060281
v -0.853155 0.607504 -0.090761
v -0.799121 0.570907 -0.090761
v -0.808972 0.570907 -0.060281
v -0.808972 0.607504 -0.090761
v -0.808972 0.600832 -0.060281
v -0.799121 0.600832 -0.090761
v -0.844560 0.580657 0.095605
v -0.844560 0.565338 0.073458
v -0.844560 0.539603 0.080838
v -0.844560 0.538668 0.107594
v -0.844560 0.556880 0.116293
v -0.844560 0.569582 0.112651
v -0.833390 0.569166 0.095547
v -0.833390 0.561605 0.084337
v -0.833390 0.548608 0.088064
v -0.833390 0.548136 0.101577
v -0.828134 0.555422 0.106534
v -0.828134 0.565686 0.103591
v -0.830314 0.591859 0.225490
v -0.830314 0.601999 0.222483
v -0.839574 0.565206 0.106284
v -0.839574 0.557257 0.108564
v -0.838635 0.602074 0.222543
v 0.907853 0.974338 0.174526
v 0.878275 0.916261 -0.824192
v 0.907829 0.982892 -0.826439
v 0.907828 0.020284 1.118233
v 0.907829 0.021009 -0.822331
v 0.921095 0.980384 0.175360
v 0.907852 0.974299 0.494020
v 0.907829 0.045769 -1.496965
v 0.907829 0.492498 -1.648277
v 0.878276 0.971696 -0.982904
v 0.907830 1.016723 -0.985150
v 0.921194 1.027747 -1.096686
v 0.878275 0.982708 -1.109276
v 0.907830 1.027747 -1.110817
v 0.921356 1.027747 -1.565349
v 0.878395 0.982764 -1.558342
v 0.907834 1.027747 -1.564885
v 0.921095 0.980384 0.040392
v 0.921095 0.980384 0.008195
v 0.921095 0.984604 -0.825314
v 0.921095 1.016730 -0.984028
v 0.907837 0.923831 0.174488
v 0.907838 0.921509 0.119285
v 0.920266 0.721928 1.112538
v 0.896596 0.823994 0.457719
v 0.907825 0.791061 0.493783
v 0.896320 0.962838 0.493665
v 0.907847 0.915747 0.493819
v 0.907826 0.859050 0.493783
v 0.892892 0.939427 0.493641
v 0.897924 0.850298 0.457729
v 0.896596 0.857296 0.261755
v 0.907825 0.848391 0.257883
v 0.907852 0.974338 0.205307
v 0.896320 0.964452 0.205306
v 0.907836 0.923831 0.205306
v 0.907826 0.874924 0.269420
v 0.892893 0.944257 0.205306
v 0.897924 0.869017 0.266851
v 0.897775 0.932446 0.186522
v 0.897775 0.932446 0.192437
v 0.896320 0.964452 0.189086
v 0.892893 0.944257 0.189086
v 0.960048 0.968085 0.298902
v 0.914888 0.980985 0.216580
v 0.902755 0.607504 -0.090761
v 0.914786 0.612164 -0.243301
v 0.937452 0.610833 -0.588805
v 0.848722 0.570907 -0.090761
v 0.843807 0.547408 -0.586094
v 0.841841 0.562759 -0.243300
v 0.858573 0.607504 -0.090761
v 0.848722 0.600832 -0.090761
v 0.843807 0.610833 -0.603464
v 0.855139 0.612164 -0.243300
v 0.841841 0.603157 -0.243300
v 0.903050 0.567732 0.396206
v 0.903050 0.588689 0.371520
v 0.903050 0.572108 0.343923
v 0.903050 0.540738 0.351165
v 0.903050 0.536301 0.375026
v 0.903050 0.544485 0.388647
v 0.883304 0.565980 0.388943
v 0.883304 0.581661 0.370905
v 0.883304 0.569351 0.350417
v 0.883304 0.546062 0.355794
v 0.883304 0.542754 0.373537
v 0.883304 0.548830 0.383648
v 0.882828 0.482690 0.412743
v 0.882828 0.487917 0.421265
v 0.894235 0.545834 0.387095
v 0.894235 0.538305 0.374564
v 0.903168 0.820474 0.091782
v 0.903168 0.798458 0.076177
v 0.903168 0.776752 0.091947
v 0.903168 0.785043 0.117463
v 0.903168 0.805174 0.119413
v 0.903168 0.815887 0.111630
v 0.886713 0.814572 0.093763
v 0.886713 0.798458 0.082056
v 0.886713 0.782343 0.093763
v 0.886713 0.788498 0.112707
v 0.886713 0.803468 0.114164
v 0.886713 0.811422 0.108385
v 0.886316 0.815857 0.139170
v 0.886316 0.822553 0.134211
v 0.895822 0.814500 0.110622
v 0.895822 0.804644 0.117783
v 0.892871 0.822625 0.134236
v 0.891294 0.821292 0.143869
v 0.877477 0.838956 0.143869
v 0.877477 0.830124 0.128571
v 0.877477 0.812459 0.128571
v 0.877477 0.803627 0.143869
v 0.877477 0.812459 0.159167
v 0.877477 0.830124 0.159167
v 0.894080 0.580657 0.095605
v 0.894080 0.565338 0.073458
v 0.894080 0.539603 0.080838
v 0.894080 0.538668 0.107594
v 0.894080 0.556880 0.116293
v 0.894080 0.569582 0.112651
v 0.882910 0.569166 0.095547
v 0.882910 0.561605 0.084337
v 0.882910 0.548608 0.088064
v 0.882910 0.548136 0.101577
v 0.877653 0.555422 0.106534
v 0.877653 0.565686 0.103591
v 0.879834 0.591859 0.225490
v 0.879834 0.601999 0.222483
v 0.889093 0.565206 0.106284
v 0.889093 0.557257 0.108564
v 0.888155 0.602074 0.222543
v 0.870622 0.505923 0.416201
v 0.870622 0.496491 0.399864
v 0.870622 0.477627 0.399864
v 0.870622 0.468195 0.416201
v 0.870622 0.477627 0.432538
v 0.870622 0.496491 0.432538
v 0.902755 0.600832 -0.060281
v 0.902755 0.607504 -0.090761
v 0.848722 0.570907 -0.090761
v 0.858573 0.570907 -0.060281
v 0.858573 0.607504 -0.090761
v 0.858573 0.600832 -0.060281
v 0.848722 0.600832 -0.090761
v -0.807292 0.915273 0.560752
v -0.109841 0.915267 0.560772
v -0.154806 0.966965 0.576567
v -0.739122 0.966967 0.576562
v -0.150072 0.914865 0.556258
v -0.742461 0.914870 0.556241
v -0.717279 0.931455 0.562754
v -0.173648 0.931454 0.562759
v -0.150073 0.908861 0.571563
v -0.173648 0.925450 0.578063
v -0.717279 0.925451 0.578059
v -0.742462 0.908866 0.571545
v -0.807292 0.915812 0.559753
v -0.109841 0.915806 0.559773
v -0.154806 0.967505 0.575568
v -0.739122 0.967506 0.575563
v -0.150072 0.915404 0.555259
v -0.742461 0.915409 0.555242
v -0.717279 0.931995 0.561755
v -0.173648 0.931993 0.561760
v -0.212320 0.533178 0.084274
v -0.219836 0.531716 0.083758
v -0.187784 0.423104 0.045432
v -0.180528 0.425453 0.046249
v 0.907825 0.783036 0.527652
v 0.439844 0.996878 0.946583
v -0.296092 0.996878 0.946583
v 0.864047 0.915261 0.560793
v -0.845000 0.975710 0.607609
v 0.843598 0.852136 0.476816
v -0.844976 0.711950 0.600164
v 0.907825 0.711950 0.600164
v 0.907852 0.974299 0.607609
v -0.844976 0.783036 0.527535
v -0.786978 0.852171 0.476701
v -0.788256 0.864966 0.498030
v -0.807292 0.915273 0.560752
v -0.802411 0.862774 0.535915
v 0.843325 0.971510 0.540060
v -0.786531 0.971515 0.540041
v 0.859114 0.862753 0.535984
v 0.844913 0.864937 0.498124
v 0.791927 0.971535 0.876327
v -0.708982 0.972946 0.876327
v 0.839931 0.950436 0.527829
v -0.783173 0.950447 0.527791
v -0.795191 0.977245 0.738993
v 0.858479 0.975834 0.738993
v 0.896596 0.823994 0.457720
v 0.907825 0.791061 0.493783
v -0.828488 0.850298 0.457729
v -0.844976 0.859050 0.493783
v 0.907852 0.974299 0.494020
v 0.896320 0.962838 0.493665
v -0.844976 0.791061 0.493783
v -0.827198 0.823994 0.457719
v 0.907847 0.915747 0.493819
v 0.907826 0.859050 0.493784
v -0.844995 0.915747 0.493819
v -0.823354 0.939427 0.493641
v 0.892892 0.939427 0.493641
v 0.897924 0.850298 0.457729
v -0.826747 0.962838 0.493665
v -0.845000 0.974299 0.514768
v -0.783990 0.987367 0.628400
v -0.744864 0.998134 0.738993
v -0.626153 1.006764 0.816896
v 0.844319 0.987367 0.628400
v 0.805931 0.998134 0.738993
v 0.688360 1.006764 0.816896
v -0.109833 0.987367 0.628400
v -0.109841 0.971512 0.540051
v -0.109841 0.950442 0.527810
v -0.109841 0.915267 0.560772
v -0.145338 0.862764 0.535949
v -0.145339 0.864952 0.498077
v -0.145339 0.852154 0.476759
v -0.145324 0.797177 0.490303
v -0.154766 1.001928 0.528064
v -0.154759 0.990183 0.522924
v -0.154806 0.966965 0.576567
v -0.739080 1.001929 0.528062
v -0.739073 0.990184 0.522919
v -0.739122 0.966967 0.576562
v -0.154763 0.997373 0.522326
v -0.739077 0.997374 0.522323
v -0.061532 0.707979 0.538919
v -0.443047 0.641744 0.518669
v -0.485346 0.733950 0.460214
v -0.485230 0.785927 0.456480
v -0.485233 0.827445 0.486584
v -0.485261 0.825255 0.524463
v -0.396046 0.825252 0.524471
v -0.396046 0.827441 0.486596
v -0.396046 0.785923 0.456494
v -0.396047 0.733946 0.460228
v -0.381698 0.796530 0.515695
v -0.500123 0.796536 0.515673
v -0.381698 0.798718 0.477821
v -0.497180 0.798727 0.477792
v -0.745801 0.862773 0.535919
v -0.745764 0.864964 0.498036
v -0.745673 0.852167 0.476715
v -0.745800 0.797190 0.490262
v -0.396046 0.814705 0.463270
v -0.485232 0.814709 0.463256
v 0.864047 0.915261 0.560793
v -0.807292 0.915273 0.560752
v -0.802411 0.862774 0.535915
v 0.859114 0.862753 0.535984
v -0.844976 0.859050 0.493783
v 0.907847 0.915747 0.493819
v 0.907826 0.859050 0.493784
v -0.844995 0.915747 0.493819
v -0.109841 0.915267 0.560772
v -0.145338 0.862764 0.535949
v -0.485261 0.825255 0.524463
v -0.396046 0.825252 0.524471
v -0.381698 0.796530 0.515695
v -0.500123 0.796536 0.515673
v -0.745801 0.862773 0.535919
v -0.150072 0.914865 0.556258
v -0.742461 0.914870 0.556241
v 0.907847 0.915747 0.493819
v 0.907826 0.859050 0.493784
v 0.907836 0.923831 0.205307
v 0.907826 0.874924 0.269420
v -0.844976 0.859050 0.493783
v -0.844995 0.915747 0.493819
v -0.844976 0.874924 0.269420
v -0.844985 0.923831 0.205307
v -0.528474 0.896265 0.548599
v -0.649018 0.896265 0.548599
v -0.649018 0.851495 0.531861
v -0.528474 0.851495 0.531861
v 0.124565 0.912753 0.554764
v -0.021293 0.912753 0.554764
v -0.021293 0.867983 0.538025
v 0.124565 0.867983 0.538025
v -0.231418 0.896265 0.548599
v -0.351962 0.896265 0.548599
v -0.351962 0.851495 0.531861
v -0.231418 0.851495 0.531861
v -0.528474 0.896560 0.547809
v -0.649018 0.896560 0.547809
v -0.649018 0.851790 0.531070
v -0.528474 0.851790 0.531070
v -0.231418 0.896560 0.547809
v -0.351962 0.896560 0.547809
v -0.351962 0.851790 0.531070
v -0.231418 0.851790 0.531070
v 0.124565 0.913047 0.553977
v -0.021293 0.913047 0.553977
v -0.021293 0.868277 0.537238
v 0.124565 0.868277 0.537238
v 0.185651 0.887642 0.543579
v 0.180914 0.898318 0.547677
v 0.169479 0.902741 0.549375
v 0.158043 0.898318 0.547677
v 0.153306 0.887642 0.543579
v 0.158043 0.876966 0.539481
v 0.169479 0.872544 0.537783
v 0.180914 0.876966 0.539481
v 0.181731 0.890932 0.535007
v 0.178142 0.899020 0.538112
v 0.169479 0.902371 0.539398
v 0.160815 0.899020 0.538112
v 0.157226 0.890932 0.535008
v 0.160815 0.882844 0.531903
v 0.169479 0.879494 0.530617
v 0.178142 0.882844 0.531903
v -0.045955 0.887642 0.543579
v -0.050692 0.898318 0.547677
v -0.062128 0.902741 0.549375
v -0.073563 0.898318 0.547677
v -0.078300 0.887642 0.543579
v -0.073563 0.876966 0.539481
v -0.062128 0.872544 0.537783
v -0.050692 0.876966 0.539481
v -0.049876 0.890932 0.535007
v -0.053464 0.899020 0.538112
v -0.062128 0.902371 0.539398
v -0.070791 0.899020 0.538112
v -0.074380 0.890932 0.535008
v -0.070791 0.882844 0.531903
v -0.062128 0.879494 0.530617
v -0.053464 0.882844 0.531903
v -0.146504 0.887642 0.543579
v -0.151241 0.898318 0.547677
v -0.162676 0.902741 0.549375
v -0.174112 0.898318 0.547677
v -0.178849 0.887642 0.543579
v -0.174112 0.876966 0.539481
v -0.162676 0.872544 0.537783
v -0.151241 0.876966 0.539481
v -0.150424 0.890932 0.535007
v -0.154013 0.899020 0.538112
v -0.162676 0.902371 0.539398
v -0.171340 0.899020 0.538112
v -0.174929 0.890932 0.535008
v -0.171340 0.882844 0.531903
v -0.162676 0.879494 0.530617
v -0.154013 0.882844 0.531903
v -0.695097 0.887642 0.543579
v -0.699834 0.898318 0.547677
v -0.711269 0.902741 0.549375
v -0.722705 0.898318 0.547677
v -0.727442 0.887642 0.543579
v -0.722705 0.876966 0.539481
v -0.711269 0.872544 0.537783
v -0.699834 0.876966 0.539481
v -0.699017 0.890932 0.535008
v -0.702606 0.899020 0.538112
v -0.711269 0.902371 0.539398
v -0.719933 0.899020 0.538112
v -0.723521 0.890932 0.535008
v -0.719933 0.882844 0.531903
v -0.711269 0.879494 0.530617
v -0.702606 0.882844 0.531903
v -0.049876 0.890932 0.535007
v -0.053464 0.899020 0.538112
v -0.062128 0.902371 0.539398
v -0.070791 0.899020 0.538112
v -0.074380 0.890932 0.535008
v -0.070791 0.882844 0.531903
v -0.062128 0.879494 0.530617
v -0.053464 0.882844 0.531903
v -0.049876 0.896538 0.520404
v -0.053464 0.904626 0.523508
v -0.062128 0.907977 0.524795
v -0.070791 0.904626 0.523508
v -0.074380 0.896538 0.520404
v -0.070791 0.888450 0.517299
v -0.062128 0.885100 0.516013
v -0.053464 0.888450 0.517299
v 0.181731 0.890932 0.535007
v 0.178142 0.899020 0.538112
v 0.169479 0.902371 0.539398
v 0.160815 0.899020 0.538112
v 0.157226 0.890932 0.535008
v 0.160815 0.882844 0.531903
v 0.169479 0.879494 0.530617
v 0.178142 0.882844 0.531903
v 0.181731 0.896538 0.520404
v 0.178142 0.904626 0.523508
v 0.169479 0.907977 0.524795
v 0.160815 0.904626 0.523508
v 0.157226 0.896538 0.520404
v 0.160815 0.888450 0.517299
v 0.169479 0.885100 0.516013
v 0.178142 0.888450 0.517299
v -0.150424 0.890932 0.535007
v -0.154013 0.899020 0.538112
v -0.162676 0.902371 0.539398
v -0.171340 0.899020 0.538112
v -0.174929 0.890932 0.535008
v -0.171340 0.882844 0.531903
v -0.162676 0.879494 0.530617
v -0.154013 0.882844 0.531903
v -0.150424 0.896538 0.520404
v -0.154013 0.904626 0.523508
v -0.162676 0.907977 0.524795
v -0.171340 0.904626 0.523508
v -0.174929 0.896538 0.520404
v -0.171340 0.888450 0.517299
v -0.162676 0.885100 0.516013
v -0.154013 0.888450 0.517299
v -0.699017 0.890932 0.535008
v -0.702606 0.899020 0.538112
v -0.711269 0.902371 0.539398
v -0.719933 0.899020 0.538112
v -0.723521 0.890932 0.535008
v -0.719933 0.882844 0.531903
v -0.711269 0.879494 0.530617
v -0.702606 0.882844 0.531903
v -0.699017 0.896538 0.520404
v -0.702606 0.904626 0.523509
v -0.711269 0.907977 0.524795
v -0.719933 0.904626 0.523509
v -0.723521 0.896538 0.520404
v -0.719933 0.888450 0.517299
v -0.711269 0.885100 0.516013
v -0.702606 0.888450 0.517299
v -0.605874 0.789175 0.471982
v -0.609463 0.797563 0.469813
v -0.618127 0.801037 0.468915
v -0.626790 0.797563 0.469813
v -0.630378 0.789175 0.471982
v -0.626790 0.780788 0.474152
v -0.618127 0.777313 0.475050
v -0.609463 0.780788 0.474152
v -0.605874 0.785259 0.456838
v -0.609463 0.793646 0.454669
v -0.618127 0.797120 0.453770
v -0.626790 0.793646 0.454669
v -0.630378 0.785259 0.456838
v -0.626790 0.776871 0.459007
v -0.618127 0.773397 0.459906
v -0.609463 0.776871 0.459007
v -0.252052 0.789175 0.471982
v -0.255640 0.797563 0.469813
v -0.264304 0.801037 0.468915
v -0.272967 0.797563 0.469813
v -0.276556 0.789175 0.471982
v -0.272967 0.780788 0.474152
v -0.264304 0.777313 0.475050
v -0.255640 0.780788 0.474152
v -0.252052 0.785259 0.456838
v -0.255640 0.793646 0.454669
v -0.264304 0.797120 0.453770
v -0.272967 0.793646 0.454669
v -0.276556 0.785259 0.456838
v -0.272967 0.776871 0.459007
v -0.264304 0.773397 0.459906
v -0.255640 0.776871 0.459007
v -0.264344 0.790049 0.453745
v -0.261267 0.790562 0.454463
v -0.265678 0.785715 0.462549
v -0.258527 0.780064 0.435950
v -0.255451 0.780576 0.436669
v -0.257413 0.763728 0.442829
v -0.254824 0.764159 0.443433
v -0.263127 0.780541 0.455314
v -0.261038 0.766253 0.456555
v 0.000918 0.804438 0.480097
v 0.021373 0.804438 0.480097
v 0.000918 0.811342 0.478248
v 0.021373 0.811342 0.478248
v 0.000918 0.806339 0.487192
v 0.000918 0.813243 0.485342
v 0.021373 0.813243 0.485342
v -0.029650 0.804438 0.480097
v -0.009195 0.804438 0.480097
v -0.029650 0.811342 0.478248
v -0.009195 0.811342 0.478248
v -0.029650 0.806339 0.487192
v -0.029650 0.813243 0.485342
v -0.009195 0.813243 0.485342
v -0.057535 0.804438 0.480097
v -0.037080 0.804438 0.480097
v -0.057535 0.811342 0.478247
v -0.037080 0.811342 0.478247
v -0.057535 0.806339 0.487192
v -0.057535 0.813243 0.485342
v -0.037080 0.813243 0.485342
v -0.086037 0.798268 0.481751
v -0.065581 0.798268 0.481751
v -0.086037 0.805172 0.479901
v -0.065581 0.805172 0.479901
v -0.086037 0.800169 0.488845
v -0.086037 0.807073 0.486995
v -0.065581 0.807073 0.486995
v -0.404318 0.841266 0.383977
v -0.422668 0.812231 0.371050
v -0.459368 0.812231 0.371050
v -0.477717 0.841266 0.383977
v -0.459368 0.870301 0.396904
v -0.422668 0.870301 0.396904
v -0.404318 0.785334 0.509603
v -0.422668 0.756299 0.496676
v -0.459368 0.756299 0.496676
v -0.477717 0.785334 0.509603
v -0.459368 0.814369 0.522530
v -0.422668 0.814369 0.522530
v -0.412192 0.829349 0.440365
v -0.412338 0.833154 0.442056
v -0.411975 0.831046 0.436565
v -0.412046 0.825543 0.438673
v -0.267163 0.832089 0.454454
v -0.267092 0.837591 0.452346
v -0.266728 0.835483 0.446855
v -0.266800 0.829980 0.448963
v -0.248724 0.831474 0.457428
v -0.248618 0.839618 0.454308
v -0.248081 0.836498 0.446181
v -0.248186 0.828354 0.449301
v -0.226927 0.831937 0.458267
v -0.226830 0.839341 0.455431
v -0.226342 0.836504 0.448043
v -0.226438 0.829100 0.450879
v -0.220250 0.834289 0.453551
v -0.220319 0.836086 0.454349
v -0.220147 0.835091 0.451757
v -0.220181 0.832493 0.452752
v -0.459485 0.816539 0.427209
v -0.458114 0.813619 0.426481
v -0.459485 0.817339 0.424000
v -0.460856 0.819459 0.427937
v -0.595299 0.754399 0.411716
v -0.596670 0.758119 0.409235
v -0.598042 0.760239 0.413172
v -0.608059 0.747064 0.409887
v -0.610089 0.752570 0.406215
v -0.612118 0.755707 0.412042
v -0.623996 0.740492 0.408248
v -0.625841 0.745497 0.404910
v -0.627686 0.748349 0.410207
v -0.630461 0.742377 0.408719
v -0.629813 0.740999 0.408375
v -0.630461 0.742755 0.407204
v -0.631108 0.743756 0.409062
v -0.000000 -0.037820 -0.015666
v -0.020468 0.032753 0.013567
v 0.000000 0.037820 0.015666
v 0.020468 0.032753 0.013567
v 0.234713 -0.061680 -0.012458
v 0.228122 -0.083745 -0.021597
v 0.000000 -0.051147 -0.008095
v -0.228122 -0.083745 -0.021597
v -0.234713 -0.061680 -0.012458
v -0.025176 0.035658 0.027861
v 0.000000 0.041890 0.030443
v 0.025176 0.035658 0.027861
v 0.228122 -0.088751 -0.009511
v 0.000000 -0.059328 0.011657
v -0.228122 -0.088751 -0.009511
v -0.234713 -0.066686 -0.000372
v -0.025176 0.027477 0.047612
v 0.000000 0.033709 0.050194
v 0.025176 0.027477 0.047612
v 0.234713 -0.066687 -0.000372
v -0.240536 -0.050174 0.001229
v -0.221568 -0.104108 -0.021111
v -0.225840 -0.102835 -0.029435
v -0.245173 -0.047862 -0.006664
v 0.240536 -0.050174 0.001228
v 0.245173 -0.047862 -0.006665
v 0.221568 -0.104108 -0.021112
v 0.225840 -0.102836 -0.029435
v -0.000000 0.160621 0.066532
v -0.000000 0.158880 0.062327
v -0.000000 0.154675 0.064068
v 0.041606 0.155954 0.064598
v 0.040836 0.154299 0.060429
v 0.040066 0.150180 0.062207
v 0.080795 0.142223 0.058911
v 0.079299 0.140822 0.054847
v 0.077803 0.136958 0.056730
v 0.115287 0.120227 0.049800
v 0.113153 0.119233 0.045904
v 0.111019 0.115776 0.047956
v 0.143080 0.091243 0.037794
v 0.140431 0.090786 0.034121
v 0.137783 0.087865 0.036395
v 0.162557 0.056957 0.023592
v 0.159548 0.057134 0.020182
v 0.156539 0.054848 0.022719
v 0.172588 0.019361 0.008019
v 0.169393 0.020234 0.004898
v 0.166198 0.018644 0.007723
v 0.172588 -0.019361 -0.008020
v 0.169393 -0.017771 -0.010844
v 0.166198 -0.018644 -0.007723
v 0.162557 -0.056957 -0.023592
v 0.159548 -0.054671 -0.026129
v 0.156539 -0.054848 -0.022719
v 0.143080 -0.091243 -0.037794
v 0.140431 -0.088323 -0.040068
v 0.137783 -0.087865 -0.036395
v 0.115287 -0.120227 -0.049800
v 0.113153 -0.116770 -0.051851
v 0.111019 -0.115776 -0.047956
v 0.080795 -0.142223 -0.058911
v 0.079299 -0.138359 -0.060794
v 0.077803 -0.136958 -0.056730
v 0.041606 -0.155954 -0.064598
v 0.040836 -0.151835 -0.066376
v 0.040066 -0.150180 -0.062207
v -0.000000 -0.160621 -0.066532
v -0.000000 -0.156416 -0.068273
v -0.000000 -0.154675 -0.064068
v -0.041606 -0.155954 -0.064598
v -0.040836 -0.151835 -0.066376
v -0.040066 -0.150180 -0.062207
v -0.080795 -0.142223 -0.058911
v -0.079299 -0.138359 -0.060794
v -0.077803 -0.136958 -0.056730
v -0.115287 -0.120227 -0.049800
v -0.113153 -0.116770 -0.051851
v -0.111019 -0.115776 -0.047956
v -0.143080 -0.091243 -0.037794
v -0.140431 -0.088323 -0.040068
v -0.137783 -0.087865 -0.036395
v -0.162557 -0.056957 -0.023592
v -0.159548 -0.054671 -0.026129
v -0.156539 -0.054848 -0.022719
v -0.172588 -0.019361 -0.008019
v -0.169393 -0.017771 -0.010844
v -0.166198 -0.018644 -0.007723
v -0.172588 0.019361 0.008020
v -0.169393 0.020234 0.004898
v -0.166198 0.018644 0.007723
v -0.162557 0.056957 0.023592
v -0.159548 0.057134 0.020182
v -0.156539 0.054848 0.022719
v -0.143080 0.091243 0.037794
v -0.140431 0.090786 0.034121
v -0.137783 0.087865 0.036395
v -0.115287 0.120227 0.049800
v -0.113153 0.119233 0.045904
v -0.111019 0.115776 0.047956
v -0.080795 0.142223 0.058911
v -0.079299 0.140822 0.054847
v -0.077803 0.136958 0.056730
v -0.041606 0.155954 0.064598
v -0.040836 0.154299 0.060429
v -0.040066 0.150180 0.062207
v -0.000000 0.235898 0.119723
v -0.000000 0.234665 0.110362
v -0.000000 0.225942 0.106749
v -0.000000 0.218451 0.112497
v 0.065594 0.228242 0.116552
v 0.064420 0.227147 0.107248
v 0.062072 0.218697 0.103748
v 0.060897 0.211344 0.109553
v 0.127066 0.205756 0.107238
v 0.124792 0.205063 0.098101
v 0.120243 0.197419 0.094934
v 0.117969 0.190468 0.100906
v 0.180554 0.169853 0.092367
v 0.177322 0.169802 0.083495
v 0.170859 0.163444 0.080861
v 0.167627 0.157135 0.087099
v 0.222697 0.122788 0.072872
v 0.218711 0.123580 0.064349
v 0.210739 0.118906 0.062413
v 0.206753 0.113440 0.069000
v 0.250848 0.067519 0.049979
v 0.246358 0.069300 0.041866
v 0.237378 0.066605 0.040749
v 0.232888 0.062128 0.047745
v 0.263237 0.007519 0.025126
v 0.258525 0.010374 0.017458
v 0.249102 0.009826 0.017231
v 0.244390 0.006423 0.024672
v 0.259085 -0.053443 -0.000126
v 0.254448 -0.049497 -0.007342
v 0.245173 -0.047862 -0.006665
v 0.240536 -0.050174 0.001228
v 0.238655 -0.111536 -0.024188
v 0.234383 -0.106550 -0.030974
v 0.225840 -0.102836 -0.029435
v 0.221568 -0.104108 -0.021112
v 0.203228 -0.163110 -0.045551
v 0.199591 -0.157200 -0.051954
v 0.192316 -0.151640 -0.049651
v 0.188678 -0.151989 -0.040945
v 0.155033 -0.204923 -0.062871
v 0.152258 -0.198265 -0.068964
v 0.146708 -0.191208 -0.066040
v 0.143933 -0.190809 -0.057024
v 0.097095 -0.234350 -0.075060
v 0.095358 -0.227165 -0.080934
v 0.091882 -0.219055 -0.077575
v 0.090144 -0.218129 -0.068341
v 0.033057 -0.249540 -0.081352
v 0.032466 -0.242084 -0.087114
v 0.031282 -0.233430 -0.083529
v 0.030691 -0.232232 -0.074182
v -0.033058 -0.249540 -0.081352
v -0.032466 -0.242084 -0.087114
v -0.031282 -0.233430 -0.083529
v -0.030691 -0.232232 -0.074182
v -0.097095 -0.234350 -0.075060
v -0.095358 -0.227165 -0.080934
v -0.091882 -0.219055 -0.077575
v -0.090144 -0.218129 -0.068341
v -0.155033 -0.204923 -0.062871
v -0.152258 -0.198265 -0.068964
v -0.146708 -0.191208 -0.066040
v -0.143933 -0.190809 -0.057024
v -0.203228 -0.163109 -0.045551
v -0.199591 -0.157200 -0.051954
v -0.192316 -0.151640 -0.049651
v -0.188678 -0.151989 -0.040944
v -0.238655 -0.111536 -0.024188
v -0.234383 -0.106550 -0.030974
v -0.225840 -0.102835 -0.029435
v -0.221568 -0.104108 -0.021111
v -0.259085 -0.053443 -0.000126
v -0.254448 -0.049497 -0.007342
v -0.245173 -0.047862 -0.006665
v -0.240536 -0.050174 0.001229
v -0.263237 0.007519 0.025126
v -0.258525 0.010374 0.017458
v -0.249102 0.009826 0.017231
v -0.244390 0.006423 0.024672
v -0.250848 0.067519 0.049979
v -0.246358 0.069300 0.041866
v -0.237378 0.066605 0.040749
v -0.232888 0.062128 0.047746
v -0.222697 0.122788 0.072872
v -0.218711 0.123580 0.064349
v -0.210739 0.118906 0.062413
v -0.206753 0.113440 0.069000
v -0.180554 0.169853 0.092367
v -0.177322 0.169802 0.083495
v -0.170859 0.163444 0.080861
v -0.167627 0.157135 0.087099
v -0.127066 0.205756 0.107238
v -0.124792 0.205063 0.098101
v -0.120243 0.197419 0.094934
v -0.117968 0.190468 0.100906
v -0.065594 0.228242 0.116552
v -0.064420 0.227147 0.107248
v -0.062071 0.218697 0.103748
v -0.060897 0.211344 0.109553
v 0.000000 -0.037820 -0.015666
v -0.020468 0.032753 0.013567
v 0.020468 0.032753 0.013567
v 0.234713 -0.061680 -0.012458
v 0.228122 -0.083745 -0.021597
v -0.228122 -0.083745 -0.021597
v -0.234713 -0.061680 -0.012458
v -0.053236 -0.021675 -0.006347
v -0.058932 -0.034570 -0.011178
v -0.072684 -0.040140 -0.012652
v -0.086436 -0.035122 -0.009908
v -0.092132 -0.022456 -0.004551
v -0.086436 -0.009560 0.000279
v -0.072684 -0.003990 0.001753
v -0.058932 -0.009008 -0.000991
v 0.092158 -0.022456 -0.004550
v 0.086462 -0.035123 -0.009906
v 0.072710 -0.040141 -0.012651
v 0.058958 -0.034571 -0.011177
v 0.053262 -0.021675 -0.006346
v 0.058958 -0.009009 -0.000990
v 0.072710 -0.003991 0.001755
v 0.086462 -0.009561 0.000280
v 0.147441 -0.042369 -0.009490
v 0.142908 -0.052313 -0.013699
v 0.132264 -0.056171 -0.015810
v 0.121533 -0.051823 -0.014661
v 0.117087 -0.041760 -0.010892
v 0.121533 -0.031875 -0.006712
v 0.132264 -0.027959 -0.004570
v 0.142996 -0.032306 -0.005721
v 0.195070 -0.057650 -0.012999
v 0.192335 -0.064927 -0.016044
v 0.185090 -0.067571 -0.017489
v 0.177845 -0.064636 -0.016713
v 0.174844 -0.057842 -0.014170
v 0.177845 -0.051168 -0.011349
v 0.185090 -0.048524 -0.009903
v 0.192335 -0.051459 -0.010680
v -0.174541 -0.057835 -0.014184
v -0.177542 -0.064630 -0.016727
v -0.184787 -0.067565 -0.017503
v -0.192032 -0.064921 -0.016058
v -0.195033 -0.058247 -0.013239
v -0.192032 -0.051453 -0.010694
v -0.184787 -0.048518 -0.009917
v -0.177542 -0.051162 -0.011363
v -0.120171 -0.051796 -0.014724
v -0.115725 -0.041732 -0.010955
v -0.130902 -0.056143 -0.015873
v -0.146079 -0.042342 -0.009553
v -0.141643 -0.052223 -0.013731
v -0.141634 -0.032278 -0.005784
v -0.130947 -0.027915 -0.004624
v -0.120171 -0.031848 -0.006775
v 0.185090 -0.074495 -0.000773
v 0.192335 -0.071851 0.000672
v -0.072684 -0.047064 0.004063
v -0.058932 -0.041494 0.005538
v -0.192032 -0.058377 0.006021
v -0.195033 -0.065170 0.003477
v -0.058932 -0.015932 0.015724
v -0.072684 -0.010914 0.018469
v -0.086436 -0.016484 0.016994
v -0.053236 -0.028599 0.010368
v 0.058958 -0.041495 0.005539
v 0.072710 -0.047065 0.004064
v 0.053262 -0.028599 0.010369
v 0.058958 -0.015933 0.015726
v 0.072710 -0.010915 0.018470
v 0.086462 -0.016485 0.016996
v 0.132264 -0.063095 0.000905
v 0.142908 -0.059237 0.003017
v 0.147441 -0.049293 0.007225
v 0.121533 -0.058747 0.002055
v 0.086462 -0.042047 0.006809
v 0.092158 -0.029380 0.012165
v 0.132264 -0.034883 0.012146
v 0.121533 -0.038799 0.010004
v 0.142996 -0.039230 0.010995
v 0.195070 -0.064574 0.003716
v 0.174844 -0.064765 0.002545
v 0.177845 -0.071560 0.000003
v 0.192335 -0.058383 0.006035
v 0.185090 -0.055448 0.006812
v 0.177845 -0.058092 0.005366
v -0.184787 -0.074489 -0.000787
v -0.177542 -0.071554 -0.000011
v -0.192032 -0.071845 0.000658
v -0.184787 -0.055442 0.006798
v -0.177542 -0.058086 0.005352
v -0.130902 -0.063067 0.000843
v -0.120171 -0.058720 0.001992
v -0.120171 -0.038771 0.009941
v -0.130947 -0.034839 0.012092
v -0.092132 -0.029380 0.012164
v -0.141634 -0.039202 0.010932
v -0.086436 -0.042046 0.006808
v -0.141643 -0.059147 0.002984
v -0.146079 -0.049266 0.007162
v 0.117087 -0.048684 0.005824
v -0.115725 -0.048656 0.005761
v -0.174541 -0.064759 0.002531
v 0.000000 0.037820 0.015666
v 0.039677 0.035640 0.013999
v -0.038323 0.035640 0.013999
v -0.038323 -0.036422 -0.015851
v 0.039677 -0.036422 -0.015851
v 0.907829 0.045769 -1.496964
v 0.907829 0.492498 -1.648277
v 0.878395 0.982764 -1.558342
v 0.921356 1.027747 -1.565349
v 0.812949 1.028165 -1.943462
v 0.865263 0.902665 -1.689096
v 0.890956 1.017663 -1.756083
v -0.788595 0.902665 -1.689096
v -0.814289 1.017663 -1.756083
v -0.844976 0.045769 -1.496889
v -0.844976 0.492498 -1.648202
v -0.815543 0.982764 -1.558267
v -0.856488 1.027747 -1.565273
v 0.555804 1.028165 -2.044205
v -0.769165 1.028165 -1.943387
v -0.825488 1.027747 -1.843527
v 0.880239 1.027747 -1.843602
v -0.472511 1.028165 -2.044131
v -0.844981 1.027747 -1.564810
v 0.907834 1.027747 -1.564885
v 0.194526 1.004072 -1.739169
v 0.194526 1.017663 -1.756083
v -0.133793 1.004072 -1.739169
v -0.133793 1.017663 -1.756083
v -0.798038 1.004072 -1.739169
v -0.798038 1.017663 -1.756083
v 0.858771 1.004072 -1.739169
v 0.858771 1.017663 -1.756083
v 0.194526 0.313657 -1.377326
v 0.194526 0.605501 -1.473066
v 0.194526 0.872914 -1.598162
v 0.194526 0.994768 -1.683191
v 0.194526 1.004072 -1.739169
v 0.195306 0.389613 -0.832788
v 0.194533 0.385804 -1.047366
v 0.194571 0.395119 -0.920980
v -0.134195 0.313657 -1.377326
v -0.134195 0.605501 -1.473066
v -0.134195 0.872914 -1.598162
v -0.133793 0.994768 -1.683191
v -0.133793 1.004072 -1.739169
v -0.134573 0.389613 -0.832788
v -0.133800 0.385804 -1.047366
v -0.133838 0.395119 -0.920980
v 0.167341 0.838048 -1.586108
v -0.108323 0.838048 -1.586108
v 0.154811 0.836621 -1.648387
v -0.095793 0.836621 -1.648387
v -0.133793 0.313657 -1.377326
v -0.133793 0.605501 -1.473066
v -0.133793 0.872914 -1.598162
v -0.798038 0.313657 -1.377326
v -0.798038 0.605501 -1.473066
v -0.798038 0.872914 -1.598162
v -0.798038 0.994768 -1.683192
v -0.798038 1.004072 -1.739169
v -0.632601 0.389613 -0.832788
v -0.786878 0.385804 -1.047366
v -0.779062 0.395119 -0.920980
v -0.753130 0.394058 -0.873034
v -0.714319 0.390712 -0.842741
v -0.668539 0.388681 -0.833497
v 0.858771 0.313657 -1.377326
v 0.858771 0.605501 -1.473066
v 0.858771 0.872914 -1.598162
v 0.858771 0.994768 -1.683192
v 0.858771 1.004072 -1.739169
v 0.693334 0.389613 -0.832788
v 0.847611 0.385804 -1.047366
v 0.839795 0.395119 -0.920980
v 0.813863 0.394058 -0.873034
v 0.775052 0.390712 -0.842741
v 0.729272 0.388681 -0.833497
v -0.004595 0.975814 -1.677256
v 0.073405 0.975814 -1.677256
v 0.073405 0.899663 -1.660373
v -0.004595 0.899663 -1.660373
v -0.056075 0.886947 -1.657554
v 0.124885 0.886947 -1.657554
v 0.124885 0.854123 -1.650277
v -0.056075 0.854123 -1.650277
v 0.037300 0.313657 -0.321820
v 0.037300 0.597770 -0.419027
v 0.037300 0.857101 -0.531235
v 0.037300 0.978955 -0.619247
v 0.037300 0.988258 -0.677189
v 0.037300 0.967430 -0.721006
v 0.037300 0.907643 -0.755309
v 0.038224 0.389613 0.241824
v 0.037308 0.385804 0.019717
v 0.037353 0.395119 0.150538
v 0.824518 0.313657 -0.321820
v 0.824518 0.597770 -0.419027
v 0.824518 0.857101 -0.531235
v 0.824518 0.978955 -0.619247
v 0.824518 0.988259 -0.677189
v 0.824518 0.967430 -0.721006
v 0.824518 0.907644 -0.755309
v 0.628453 0.389613 0.241824
v 0.811292 0.385804 0.019717
v 0.802029 0.395119 0.150538
v 0.771296 0.394058 0.200166
v 0.725300 0.390712 0.231522
v 0.671044 0.388681 0.241091
v 0.037309 0.313657 -0.321820
v 0.037309 0.597770 -0.419027
v 0.037309 0.857101 -0.531235
v 0.037309 0.978955 -0.619247
v 0.037309 0.988259 -0.677189
v 0.037309 0.967430 -0.721006
v 0.037309 0.907644 -0.755309
v 0.036384 0.389613 0.241825
v 0.037300 0.385804 0.019717
v 0.037255 0.395119 0.150538
v -0.749910 0.313657 -0.321820
v -0.749910 0.597770 -0.419027
v -0.749910 0.857101 -0.531235
v -0.749910 0.978955 -0.619247
v -0.749910 0.988259 -0.677189
v -0.749910 0.967430 -0.721006
v -0.749910 0.907644 -0.755309
v -0.553845 0.389613 0.241824
v -0.736683 0.385804 0.019717
v -0.727421 0.395119 0.150538
v -0.696687 0.394058 0.200166
v -0.650692 0.390712 0.231522
v -0.596436 0.388681 0.241091

# Normals
vn 0.802560 -0.301306 -0.514891
vn 0.482677 0.371147 0.793267
vn 0.320160 -0.395111 0.861037
vn 0.291078 -0.094022 -0.952068
vn 0.145195 -0.093868 -0.984940
vn 0.219206 0.054095 -0.974178
vn 0.363025 0.054095 -0.930208
vn 0.430402 -0.093867 -0.897743
vn 0.353677 -0.238636 -0.904414
vn 0.212532 -0.238636 -0.947567
vn 0.519208 -0.478396 -0.708209
vn 0.710725 0.006075 -0.703444
vn 0.084689 -0.554718 -0.827717
vn -0.194952 -0.165716 -0.966712
vn -0.034455 0.345108 -0.937930
vn 0.424656 0.431749 -0.795777
vn 0.258040 -0.562996 -0.785144
vn -0.103152 -0.352164 -0.930237
vn -0.128249 0.157475 -0.979160
vn 0.244176 0.439587 -0.864373
vn 0.635314 0.196616 -0.746805
vn 0.628119 -0.317940 -0.710197
vn 0.291550 0.001582 -0.956554
vn 0.804761 -0.067034 0.589802
vn -0.848215 -0.301306 -0.435598
vn -0.404423 0.371147 0.835878
vn -0.236160 -0.395111 0.887759
vn -0.380989 -0.094022 -0.919787
vn -0.238929 -0.093868 -0.966489
vn -0.311568 0.054095 -0.948683
vn -0.450510 0.054095 -0.891131
vn -0.514465 -0.093867 -0.852358
vn -0.438733 -0.238636 -0.866352
vn -0.302374 -0.238636 -0.922834
vn -0.584697 -0.478396 -0.655185
vn -0.774875 0.006075 -0.632086
vn -0.163633 -0.554718 -0.815789
vn 0.101399 -0.165716 -0.980947
vn -0.055600 0.345108 -0.936915
vn -0.498973 0.431749 -0.751411
vn -0.332105 -0.562996 -0.756797
vn 0.013518 -0.352164 -0.935841
vn 0.033810 0.157475 -0.986944
vn -0.325899 0.439587 -0.836991
vn -0.703967 0.196616 -0.682475
vn -0.693297 -0.317940 -0.646725
vn -0.381889 0.001582 -0.924207
vn -0.744526 -0.067034 0.664220
vn -0.730940 -0.682422 -0.005233
vn -0.371833 -0.928237 0.010821
vn -0.030087 -0.999542 0.003206
vn 0.014368 -0.999896 0.001036
vn 0.752562 -0.658281 0.017795
vn 0.415317 -0.909547 0.015385
vn -0.988435 0.148481 -0.030802
vn 0.993244 0.116038 -0.001370
vn 0.700057 -0.710020 0.076111
vn 0.395288 -0.916084 0.067367
vn 0.050383 -0.996159 0.071613
vn 0.771627 -0.605251 0.195610
vn 0.424002 -0.878874 0.218638
vn -0.071727 -0.996875 0.033107
vn -0.388730 -0.900625 0.194328
vn -0.319124 -0.947152 0.032599
vn -0.597133 -0.799981 0.058842
vn -0.722836 -0.650472 0.233225
vn -0.062606 -0.941727 0.330501
vn 0.094420 -0.942918 0.319360
vn -0.964012 -0.256441 0.070129
vn 0.967238 -0.241418 0.078532
vn 0.883309 -0.449700 0.132422
vn -0.876544 -0.464709 0.125366
vn -0.997910 0.024237 -0.059898
vn 0.995274 0.097074 -0.002301
vn -0.992259 0.123798 -0.009786
vn 0.994737 0.100063 0.022031
vn -0.350639 -0.870921 0.344309
vn 0.357882 -0.875275 0.325292
vn -0.939808 0.341703 -0.000433
vn 0.992490 0.122326 -0.000457
vn -0.262860 0.670783 -0.693509
vn 0.272692 0.676920 -0.683680
vn 0.820983 -0.539611 -0.186565
vn -0.786287 -0.580450 -0.211735
vn -0.568846 -0.809998 0.142540
vn -0.134536 -0.038428 -0.990163
vn -0.051594 0.525933 -0.848960
vn -0.070178 -0.903103 -0.423651
vn 0.074335 -0.111075 -0.991028
vn 0.060981 0.531743 -0.844708
vn -0.196856 0.610561 -0.767113
vn -0.462141 -0.245514 -0.852143
vn -0.422340 -0.906421 -0.005501
vn 0.620012 -0.770596 0.147534
vn 0.074679 -0.905021 -0.418761
vn 0.179480 0.601567 -0.778399
vn 0.443837 -0.237696 -0.864008
vn 0.441017 -0.897473 -0.006761
vn 0.000000 1.000000 0.000000
vn 0.000000 1.000000 0.000000
vn 0.000000 1.000000 0.000000
vn -0.503946 0.863695 -0.008374
vn -0.595215 0.417154 -0.686806
vn -0.574127 0.811693 -0.107391
vn -0.574515 0.765241 -0.290412
vn -0.571218 -0.398224 -0.717724
vn -0.384468 0.790078 0.477454
vn -0.875650 0.307093 0.372735
vn -0.952604 0.298932 -0.056443
vn -0.986262 -0.029378 -0.162554
vn -0.953850 -0.247358 -0.170248
vn -0.989907 0.062726 -0.127083
vn -0.289952 0.800848 0.523995
vn -0.656406 0.385823 0.648283
vn -0.714767 -0.689322 0.118083
vn -0.456519 -0.054973 -0.888014
vn -0.762186 0.115786 0.636919
vn -0.669416 -0.693303 0.266858
vn -0.682925 -0.448691 -0.576446
vn -0.894838 -0.387339 0.221888
vn -0.564237 -0.742782 0.360434
vn -0.559878 0.337562 -0.756696
vn -0.525402 0.788597 -0.319480
vn -0.522292 0.320135 0.790395
vn -0.108442 0.932427 -0.344703
vn -0.485936 0.587516 -0.647063
vn -0.878297 -0.118003 0.463324
vn -0.947593 -0.143906 0.285235
vn -0.892943 -0.217681 0.394041
vn -0.037668 0.988114 0.149036
vn -0.036316 0.994121 0.101999
vn 0.000000 1.000000 0.000000
vn 0.000000 1.000000 0.000000
vn 0.000000 1.000000 0.000000
vn -0.028919 0.994355 0.102084
vn -0.032514 0.988459 0.147961
vn -0.185854 0.971944 -0.144165
vn -0.009803 0.999949 0.002530
vn -0.849322 -0.198856 0.488988
vn -0.963619 -0.256547 0.074976
vn 0.473682 -0.656461 0.587098
vn 0.925793 -0.373740 0.056796
vn 0.818688 -0.515305 0.253398
vn -0.885325 -0.325537 0.332003
vn 0.084608 -0.864805 0.494928
vn -0.549825 -0.498636 0.670115
vn -0.065883 -0.865004 0.497421
vn -0.001310 -0.835226 0.549905
vn -0.001310 -0.835226 0.549905
vn 0.094994 -0.780008 0.618518
vn -0.149842 -0.711895 0.686114
vn 0.788828 -0.564032 0.244170
vn -0.870816 -0.376897 0.315639
vn 0.525622 -0.710544 0.467812
vn -0.952042 0.200179 0.231395
vn -0.861859 0.461931 0.209329
vn 0.966197 0.219826 0.134685
vn -0.203970 -0.817671 0.538340
vn 0.525622 -0.710544 0.467812
vn 0.475508 -0.541379 0.693398
vn -0.568944 -0.284651 0.771541
vn -0.961083 0.254301 0.107938
vn -0.993920 -0.033189 0.104980
vn 0.994580 0.078598 0.068061
vn 0.985032 -0.156940 0.071280
vn -0.001310 -0.835226 0.549905
vn -0.001310 -0.835226 0.549905
vn -0.997464 0.059444 -0.039137
vn -0.952042 0.200179 0.231395
vn -0.203970 -0.817671 0.538340
vn 0.525622 -0.710544 0.467812
vn 0.525622 -0.710544 0.467812
vn 0.981814 0.131514 0.136911
vn 0.706466 0.707711 -0.007165
vn 0.747823 -0.002814 -0.663892
vn 0.752261 0.653603 -0.083100
vn 0.635250 0.677813 -0.370171
vn 0.763287 -0.446087 -0.467332
vn 0.942916 -0.215059 -0.254282
vn 0.882063 -0.457787 0.111337
vn 0.913416 0.389441 0.118349
vn 0.980417 0.093266 0.173449
vn 0.978642 -0.188302 0.082472
vn 0.549610 0.801178 0.236733
vn 0.386182 -0.059718 -0.920487
vn 0.424846 -0.901193 0.085775
vn 0.418223 -0.526175 0.740425
vn 0.344784 0.569853 0.745916
vn 0.370398 -0.883841 0.285712
vn 0.336732 0.751692 0.567072
vn 0.619502 -0.729417 0.290117
vn 0.995069 -0.098236 0.013666
vn 0.655333 -0.489915 -0.574911
vn 0.466964 0.382139 0.797442
vn 0.478586 0.871897 -0.103691
vn 0.645425 0.183561 -0.741439
vn 0.806475 0.444685 -0.389683
vn 0.031791 0.994229 0.102459
vn 0.039021 0.988027 0.149267
vn 0.006267 0.933019 -0.359772
vn 0.234813 0.959056 -0.158351
vn 0.010533 0.999941 0.002531
vn 0.026830 0.994390 0.102313
vn 0.032515 0.988459 0.147961
vn 0.987217 0.152003 -0.047924
vn 0.988851 -0.066298 0.133336
vn 0.996529 0.081070 -0.018891
vn -0.000043 -0.008117 -0.999967
vn 0.000001 0.999327 0.036677
vn -0.000043 -0.008117 -0.999967
vn -0.000043 -0.008117 -0.999967
vn -0.000043 -0.008117 -0.999967
vn 0.000001 0.999327 0.036677
vn 0.000001 0.999327 0.036677
vn 0.000001 0.999327 0.036677
vn 0.760002 0.649915 0.002801
vn 0.982555 0.180212 0.045926
vn 0.476173 0.874212 0.094936
vn 0.999924 0.008936 0.008544
vn 0.999910 -0.013187 0.002527
vn 0.473415 0.880765 -0.011473
vn 0.712706 0.701463 0.000081
vn 1.000000 0.000000 0.000000
vn 0.999253 -0.037875 -0.007684
vn 0.943729 0.325897 0.056274
vn 0.512618 0.847727 0.136313
vn 0.039611 0.997319 0.061529
vn 0.946784 0.321744 0.008962
vn 0.490507 0.870760 0.034350
vn 0.000011 1.000000 0.000001
vn 0.966447 0.256867 -0.000227
vn 0.623754 0.781621 -0.000061
vn 0.474109 0.880466 0.000000
vn 0.338724 0.940876 0.004350
vn 0.159499 0.982040 0.100782
vn 0.066398 0.983588 0.167766
vn 0.999981 0.004542 0.004268
vn 0.999743 -0.016321 0.015743
vn 0.999694 0.017860 0.017088
vn 0.725805 0.685394 0.058675
vn 0.564476 0.823391 0.058254
vn 0.671659 -0.724395 -0.155325
vn 0.989834 -0.140006 -0.025028
vn 0.712742 -0.701248 -0.015834
vn 0.991046 -0.133488 -0.002821
vn 0.730144 0.683290 0.002132
vn 0.531831 0.846851 0.000108
vn 0.786606 0.551323 0.278018
vn 0.438164 0.864071 0.247776
vn 0.578949 -0.680089 -0.449774
vn 0.923104 -0.342478 -0.174892
vn 0.801438 0.026247 0.597501
vn 0.889824 -0.456180 -0.010657
vn 0.815802 0.578329 0.001579
vn 0.495005 0.868889 0.001677
vn 0.881547 0.381359 0.278280
vn 0.719149 -0.332230 -0.610285
vn 0.824205 -0.391145 -0.409501
vn 0.936356 -0.348493 0.042307
vn 0.863060 -0.180190 -0.471868
vn 0.898234 0.382324 -0.216802
vn 0.662349 0.572410 -0.483364
vn 0.806567 -0.568641 -0.161546
vn 0.743334 -0.661887 0.096753
vn 0.599494 0.800296 -0.011563
vn -0.014252 0.999542 0.026713
vn 0.322820 -0.904304 -0.279323
vn 0.327798 0.160799 -0.930963
vn 0.328031 0.934566 -0.137774
vn 0.301393 0.493136 0.816076
vn 0.226588 -0.307786 0.924081
vn 0.227026 -0.772735 0.592740
vn 0.771968 -0.632739 -0.060875
vn 0.611255 -0.235530 -0.755574
vn 0.895722 0.361454 -0.258908
vn 0.568085 0.568047 0.595484
vn 0.963795 0.045532 0.262730
vn 0.978232 -0.199859 0.055842
vn 0.999978 0.003547 -0.005619
vn 0.999978 0.003547 -0.005619
vn 0.280087 -0.806898 0.520064
vn 0.284779 -0.001773 0.958592
vn -0.277479 -0.953787 -0.115310
vn -0.277478 -0.377033 -0.883658
vn -0.277477 0.576754 -0.768350
vn -0.277477 0.953787 0.115309
vn -0.277478 0.377032 0.883659
vn -0.277478 -0.576754 0.768349
vn -0.277478 -0.928457 0.246929
vn -0.277478 -0.678075 -0.680603
vn -0.277478 0.250382 -0.927532
vn -0.277476 0.928457 -0.246929
vn -0.277477 0.678075 0.680603
vn -0.277478 -0.250381 0.927532
vn 0.322818 -0.503858 0.801196
vn 0.327798 -0.857624 -0.396271
vn 0.328029 0.108804 -0.938381
vn 0.301393 0.915902 -0.265116
vn 0.226589 0.812932 0.536469
vn 0.227025 0.372543 0.899817
vn 0.627019 -0.272756 0.729693
vn 0.896489 -0.442706 0.017885
vn 0.607137 -0.279752 -0.743723
vn 0.707884 0.619855 -0.338646
vn 0.964026 0.264799 0.023135
vn 0.934004 -0.173109 0.312523
vn 0.999941 -0.007386 -0.007993
vn 0.472844 -0.726031 0.499297
vn 0.247242 -0.046839 0.967821
vn 0.284779 0.925469 0.249815
vn 0.005380 -0.815744 0.578389
vn -0.277477 -0.358239 0.891443
vn -0.277477 -0.951132 0.135477
vn -0.277476 -0.592894 -0.755965
vn -0.277477 0.358240 -0.891443
vn -0.277477 0.951132 -0.135477
vn -0.277476 0.592894 0.755965
vn -0.277476 -0.001787 0.960731
vn -0.277478 -0.832911 0.478816
vn -0.277476 -0.831124 -0.481914
vn -0.277476 0.001788 -0.960731
vn -0.277477 0.832911 -0.478816
vn -0.277476 0.831124 0.481914
vn 0.000000 0.999534 0.030538
vn 0.000000 0.999818 0.019077
vn -0.000291 0.999993 -0.003784
vn 0.998984 0.000000 0.045064
vn 0.999983 -0.001551 -0.005665
vn 0.999936 -0.000517 0.011317
vn 0.293061 0.955424 0.035786
vn 0.882386 0.468180 0.046941
vn 0.814083 0.580749 -0.000081
vn 0.234008 0.972107 0.015755
vn 0.882893 0.468411 0.033024
vn 0.000000 0.976870 0.213836
vn 0.000000 0.976870 0.213836
vn 0.951537 0.000000 0.307534
vn 0.951537 0.000000 0.307534
vn 0.288111 0.935447 0.204769
vn 0.458323 0.844020 0.278514
vn 0.907370 0.301128 0.293260
vn 0.758397 0.651791 0.001338
vn 0.708834 0.077908 -0.701060
vn 0.707371 -0.644471 -0.290314
vn 0.758441 -0.450260 0.471205
vn 0.839627 0.021497 0.542738
vn 0.839988 0.324141 0.435146
vn 0.626212 0.777891 0.052384
vn 0.899614 0.171126 -0.401759
vn 0.837266 -0.340558 -0.427791
vn 0.783835 -0.566777 0.253707
vn 0.935158 -0.343883 0.084990
vn 0.846116 0.522557 -0.104987
vn 0.999846 0.004908 0.016828
vn 0.410506 0.872743 -0.264204
vn 0.553348 0.770409 0.316663
vn 0.633774 -0.243104 0.734323
vn 0.006427 0.953184 -0.302323
vn -0.783599 0.605496 -0.139095
vn -0.982555 0.180212 0.045926
vn -0.459219 0.883170 0.095549
vn -0.999924 0.008935 0.008545
vn -0.999910 -0.013183 0.002523
vn -0.413044 0.909937 -0.037539
vn -0.497549 0.867388 0.009126
vn -1.000000 0.000000 0.000000
vn -0.999253 -0.037875 -0.007684
vn -0.943729 0.325897 0.056274
vn -0.509526 0.849546 0.136584
vn -0.033670 0.997536 0.061557
vn -0.946784 0.321744 0.008962
vn -0.488065 0.872128 0.034419
vn -0.000005 1.000000 0.000001
vn -0.966447 0.256867 -0.000227
vn -0.623752 0.781623 -0.000061
vn -0.415296 0.909686 0.000000
vn -0.293389 0.955983 0.004400
vn -0.135754 0.985563 0.101177
vn -0.056453 0.984185 0.167909
vn -0.943540 -0.158810 -0.290708
vn -0.999743 -0.016312 0.015733
vn -0.999694 0.017860 0.017089
vn -0.911832 -0.402806 -0.079435
vn -0.902169 -0.419181 -0.101872
vn -0.934441 0.356109 0.002557
vn -0.845357 -0.533992 -0.014931
vn -0.659557 0.749119 0.061680
vn -0.937593 -0.347645 -0.007948
vn -0.961756 0.272476 0.027980
vn -0.944541 -0.274954 -0.179564
vn -0.753443 -0.604340 -0.259033
vn -0.650844 0.759211 0.000035
vn -0.876268 0.481823 0.000884
vn -0.915389 -0.080801 0.394379
vn -0.544790 0.784853 0.295313
vn -0.974748 -0.220715 0.033937
vn -0.829160 0.512092 0.224177
vn -0.961734 -0.228326 -0.151444
vn -0.955271 -0.069544 0.287440
vn -0.852260 0.500483 -0.152218
vn -0.945619 -0.023979 -0.324391
vn 0.225007 0.973920 0.029179
vn -0.316965 0.948291 -0.016628
vn 0.000000 0.999534 0.030538
vn 0.000000 0.999818 0.019077
vn 0.000291 0.999993 -0.003784
vn -0.998984 0.000000 0.045064
vn -0.999983 -0.001551 -0.005665
vn -0.999936 -0.000517 0.011317
vn -0.293061 0.955424 0.035786
vn -0.882386 0.468180 0.046941
vn -0.814083 0.580749 -0.000081
vn -0.234008 0.972107 0.015755
vn -0.882893 0.468411 0.033024
vn -0.322820 0.263498 0.909041
vn -0.327797 0.933628 -0.144528
vn -0.328028 0.154064 -0.932020
vn -0.301392 -0.807345 -0.507303
vn -0.226589 -0.929312 0.291611
vn -0.227026 -0.606136 0.762272
vn -0.627019 0.061058 0.776607
vn -0.896489 0.420626 0.139218
vn -0.607137 0.473912 -0.637803
vn -0.707884 -0.502499 -0.496382
vn -0.963795 -0.261895 -0.050110
vn -0.978232 -0.059322 0.198854
vn -0.999978 0.005680 -0.003448
vn -0.999978 0.005680 -0.003448
vn -0.280088 -0.534067 0.797699
vn -0.284778 -0.958477 -0.014956
vn -0.322817 0.882617 -0.341725
vn -0.327798 -0.225348 -0.917478
vn -0.328029 -0.941901 -0.072246
vn -0.301393 -0.435008 0.848487
vn -0.226587 0.371497 0.900360
vn -0.227017 0.812202 0.537393
vn -0.771968 0.626952 -0.104866
vn -0.611255 0.182250 -0.770164
vn -0.895722 -0.378634 -0.233063
vn -0.568084 -0.525125 0.633660
vn -0.964218 -0.028419 0.263582
vn -0.929832 0.365332 -0.044098
vn -0.999896 -0.008547 -0.011653
vn -0.524850 0.791150 -0.314028
vn -0.248411 0.939484 0.235927
vn -0.284779 0.068636 0.956133
vn -0.009150 0.945205 -0.326350
vn 1.000000 0.000000 0.000000
vn 0.787662 0.616107 0.000000
vn 0.787662 0.308054 -0.533565
vn 0.787662 -0.308054 -0.533565
vn 0.787662 -0.616107 0.000000
vn 0.787662 -0.308054 0.533565
vn 0.787662 0.308054 0.533565
vn -0.758397 0.651791 0.001338
vn -0.708834 0.077908 -0.701059
vn -0.707372 -0.644471 -0.290314
vn -0.758441 -0.450260 0.471205
vn -0.839627 0.021497 0.542738
vn -0.839988 0.324141 0.435146
vn -0.626212 0.777891 0.052384
vn -0.899614 0.171126 -0.401759
vn -0.837266 -0.340558 -0.427791
vn -0.783835 -0.566777 0.253707
vn -0.935158 -0.343883 0.084990
vn -0.846116 0.522557 -0.104987
vn -0.999846 0.004908 0.016828
vn -0.410506 0.872743 -0.264204
vn -0.553348 0.770409 0.316663
vn -0.633774 -0.243104 0.734323
vn -0.006427 0.953184 -0.302323
vn -1.000000 0.000000 0.000000
vn -1.000000 0.000000 0.000000
vn -1.000000 0.000000 0.000000
vn -1.000000 0.000000 0.000000
vn -1.000000 0.000000 0.000000
vn -1.000000 0.000000 0.000000
vn 0.000000 0.976870 0.213836
vn 0.000000 0.976870 0.213836
vn -0.951537 0.000000 0.307534
vn -0.951537 0.000000 0.307534
vn -0.288111 0.935447 0.204769
vn -0.458323 0.844020 0.278514
vn -0.907370 0.301128 0.293260
vn -0.062338 0.366165 -0.928459
vn 0.099981 0.369240 -0.923940
vn 0.024665 0.364630 -0.930826
vn -0.020215 0.364121 -0.931132
vn -0.469778 0.075466 -0.879553
vn 0.217303 0.769795 -0.600162
vn 0.278066 -0.327510 -0.903004
vn -0.172869 -0.537475 -0.825371
vn -0.250153 0.767404 -0.590351
vn -0.397711 -0.676589 -0.619720
vn 0.164939 -0.540063 -0.825304
vn 0.698632 -0.135110 -0.702608
vn -0.062338 0.366165 -0.928460
vn 0.099982 0.369240 -0.923940
vn 0.024665 0.364630 -0.930826
vn -0.020215 0.364121 -0.931132
vn 0.049338 0.366633 -0.929056
vn -0.030328 0.364925 -0.930543
vn 0.000577 0.362707 -0.931903
vn -0.000713 0.362742 -0.931889
vn -0.000711 0.332620 -0.943061
vn 0.000040 0.332769 -0.943008
vn -0.000711 0.332620 -0.943061
vn -0.001462 0.332471 -0.943112
vn -0.154580 -0.686544 -0.710467
vn 0.044483 0.986048 0.160408
vn -0.058552 0.973015 0.223190
vn -0.298932 -0.753584 -0.585449
vn -0.095614 0.994614 -0.040005
vn -0.349852 -0.111727 -0.930119
vn -0.209107 -0.672301 -0.710131
vn 0.047103 -0.713301 -0.699274
vn -0.073636 0.995629 -0.057452
vn 0.233633 -0.689141 -0.685931
vn 0.315324 0.321766 -0.892769
vn 0.000697 0.980046 -0.198769
vn 0.615129 -0.704089 -0.354789
vn -0.052612 0.997889 0.038077
vn -0.138997 0.767731 -0.625515
vn -0.096689 0.826340 -0.554810
vn 0.034479 0.998891 -0.032070
vn 0.019617 0.948638 -0.315755
vn 0.242020 0.937545 0.249872
vn -0.237252 0.927908 0.287574
vn -0.321054 -0.308441 -0.895426
vn 0.552434 -0.143635 -0.821088
vn -0.323593 0.937809 0.125708
vn 0.333914 0.936014 0.111266
vn -0.485399 -0.379724 -0.787526
vn -0.604734 -0.726568 -0.326183
vn 0.206669 0.721070 -0.661322
vn -0.093492 0.987491 -0.126969
vn -0.704903 0.709303 0.000000
vn -0.541176 0.757936 -0.364227
vn 0.799926 -0.583825 -0.138807
vn 0.708655 -0.494369 -0.503396
vn -0.581681 -0.567835 -0.582418
vn -0.105496 0.972610 -0.207123
vn 0.679200 -0.623631 -0.387005
vn 0.677227 -0.466311 -0.569137
vn -0.572011 0.088231 -0.815487
vn -0.103957 0.852700 -0.511953
vn 0.534850 0.547956 -0.643179
vn 0.123801 0.976043 -0.178921
vn -0.322330 0.943822 -0.072821
vn -0.142973 0.989561 0.018110
vn -0.068468 0.989165 0.129865
vn 0.128227 0.988000 -0.086099
vn 0.167474 0.985489 0.027627
vn 0.069141 0.994484 0.078873
vn 0.085625 0.995183 -0.047751
vn 0.315976 0.813614 -0.488048
vn -0.149725 -0.105671 -0.983065
vn -0.258903 -0.660471 -0.704803
vn -0.184115 0.981268 0.056694
vn -0.117446 0.969175 -0.216578
vn 0.018709 0.411424 -0.911252
vn 0.098428 -0.425594 -0.899545
vn 0.320079 0.893684 -0.314450
vn -0.114769 -0.561886 -0.819214
vn -0.478329 -0.761370 -0.437627
vn -0.201423 0.931902 -0.301641
vn 0.109489 -0.487623 -0.866162
vn 0.216930 -0.895948 -0.387581
vn 0.217572 0.471289 -0.854722
vn -0.356053 0.380472 -0.853503
vn 0.063783 -0.528778 -0.846360
vn -0.027101 -0.566509 -0.823610
vn -0.085442 -0.272401 -0.958383
vn -0.093653 0.371439 -0.923722
vn -0.433281 0.890323 -0.139973
vn -0.699545 0.714441 0.014521
vn 0.528571 0.847475 0.048984
vn 0.407407 0.872169 -0.270814
vn 0.082579 0.326479 -0.941590
vn 0.107159 -0.314835 -0.943078
vn 0.406132 0.912293 0.052714
vn -0.146761 0.988465 0.037404
vn 0.507400 0.834807 -0.213642
vn -0.661309 0.707846 -0.248243
vn 0.088789 0.994383 0.057612
vn 0.135607 0.954802 -0.264507
vn -0.084433 0.121302 -0.989018
vn -0.233248 -0.494069 -0.837551
vn 0.384701 0.473280 -0.792472
vn -0.415525 0.622709 -0.663003
vn 0.732241 0.087546 -0.675396
vn -0.619310 0.100934 -0.778632
vn -0.608411 0.054373 -0.791757
vn 0.723111 0.047312 -0.689110
vn -0.613856 0.048657 -0.787917
vn 0.722952 0.083028 -0.685891
vn 0.724783 0.042466 -0.687668
vn -0.611825 0.095057 -0.785261
vn -0.010974 0.128542 -0.991643
vn -0.049425 0.068420 -0.996432
vn -0.384171 0.025183 -0.922918
vn -0.304558 0.025978 -0.952139
vn -0.288668 -0.003556 -0.957423
vn -0.393665 -0.003408 -0.919248
vn -0.576116 0.055999 -0.815447
vn -0.055483 0.127276 -0.990314
vn -0.580526 0.103796 -0.807599
vn -0.974358 0.187231 0.124785
vn -0.991572 0.026225 0.126878
vn -0.801160 0.172872 -0.572938
vn -0.882568 0.064285 -0.465769
vn 0.980081 -0.079470 0.182002
vn 0.982716 0.030644 0.182568
vn 0.967044 -0.048018 -0.250041
vn 0.932159 0.043988 -0.359367
vn 0.000000 0.350207 -0.936672
vn 0.000000 0.350207 -0.936672
vn 0.000000 0.350207 -0.936672
vn 0.000000 0.350207 -0.936672
vn 0.000000 0.350207 -0.936672
vn 0.000000 0.350207 -0.936672
vn 0.000000 0.350207 -0.936672
vn 0.000000 0.350207 -0.936672
vn 0.000000 0.350207 -0.936672
vn 0.000000 0.350207 -0.936672
vn 0.000000 0.350207 -0.936672
vn 0.000000 0.350207 -0.936672
vn 0.000000 0.350207 -0.936672
vn 0.000000 0.350207 -0.936672
vn 0.000000 0.350207 -0.936672
vn 0.000000 0.350207 -0.936672
vn 0.000000 0.350207 -0.936672
vn 0.000000 0.350207 -0.936672
vn 0.000000 0.350207 -0.936672
vn 0.000000 0.350207 -0.936672
vn 0.000000 0.350207 -0.936672
vn 0.000000 0.350207 -0.936672
vn 0.000000 0.350207 -0.936672
vn 0.000000 0.350207 -0.936672
vn 0.912336 0.257214 -0.318566
vn 0.556045 0.825041 -0.100599
vn -0.125966 0.991353 -0.036759
vn -0.734191 0.658728 -0.164440
vn -0.912336 0.022014 -0.408851
vn -0.556047 -0.545811 -0.626819
vn 0.125968 -0.712124 -0.690660
vn 0.734191 -0.379500 -0.562978
vn 0.912336 0.022013 -0.408851
vn 0.734191 0.658729 -0.164439
vn 0.125967 0.991353 -0.036758
vn -0.556045 0.825042 -0.100599
vn -0.912336 0.257215 -0.318566
vn -0.734191 -0.379499 -0.562978
vn -0.125968 -0.712124 -0.690661
vn 0.556047 -0.545811 -0.626819
vn 0.912336 0.257214 -0.318566
vn 0.556045 0.825041 -0.100599
vn -0.125966 0.991353 -0.036759
vn -0.734191 0.658728 -0.164440
vn -0.912336 0.022014 -0.408851
vn -0.556047 -0.545811 -0.626819
vn 0.125968 -0.712124 -0.690660
vn 0.734191 -0.379500 -0.562978
vn 0.912336 0.022013 -0.408851
vn 0.734191 0.658729 -0.164439
vn 0.125967 0.991353 -0.036758
vn -0.556045 0.825042 -0.100599
vn -0.912336 0.257215 -0.318566
vn -0.734191 -0.379499 -0.562978
vn -0.125968 -0.712124 -0.690661
vn 0.556047 -0.545811 -0.626819
vn 0.912336 0.257214 -0.318566
vn 0.556045 0.825041 -0.100599
vn -0.125966 0.991353 -0.036759
vn -0.734191 0.658728 -0.164440
vn -0.912336 0.022014 -0.408851
vn -0.556047 -0.545811 -0.626819
vn 0.125968 -0.712124 -0.690660
vn 0.734191 -0.379500 -0.562978
vn 0.912336 0.022013 -0.408851
vn 0.734191 0.658729 -0.164439
vn 0.125967 0.991353 -0.036758
vn -0.556045 0.825042 -0.100599
vn -0.912336 0.257215 -0.318566
vn -0.734191 -0.379499 -0.562978
vn -0.125968 -0.712124 -0.690661
vn 0.556047 -0.545811 -0.626819
vn 0.912336 0.257214 -0.318566
vn 0.556045 0.825041 -0.100599
vn -0.125966 0.991353 -0.036759
vn -0.734191 0.658728 -0.164440
vn -0.912336 0.022014 -0.408851
vn -0.556047 -0.545811 -0.626819
vn 0.125968 -0.712124 -0.690660
vn 0.734191 -0.379500 -0.562978
vn 0.912336 0.022013 -0.408851
vn 0.734191 0.658729 -0.164439
vn 0.125967 0.991353 -0.036758
vn -0.556045 0.825042 -0.100599
vn -0.912336 0.257215 -0.318566
vn -0.734191 -0.379499 -0.562978
vn -0.125968 -0.712124 -0.690661
vn 0.556047 -0.545811 -0.626819
vn 0.990602 0.127689 0.049015
vn 0.603748 0.744227 0.285683
vn -0.136774 0.924806 0.355002
vn -0.797175 0.563648 0.216364
vn -0.990602 -0.127689 -0.049015
vn -0.603748 -0.744227 -0.285682
vn 0.136773 -0.924807 -0.355001
vn 0.797176 -0.563647 -0.216363
vn 0.805885 0.104521 -0.582773
vn 0.648527 0.666943 -0.366879
vn 0.111269 0.960758 -0.254093
vn -0.491168 0.813851 -0.310486
vn -0.805885 0.312279 -0.503022
vn -0.750670 -0.410155 -0.517945
vn -0.057805 -0.066059 -0.996140
vn 0.568527 -0.580200 -0.583219
vn 0.990602 0.127689 0.049015
vn 0.603748 0.744227 0.285683
vn -0.136774 0.924806 0.355002
vn -0.797175 0.563648 0.216364
vn -0.990602 -0.127689 -0.049015
vn -0.603748 -0.744227 -0.285682
vn 0.136773 -0.924807 -0.355001
vn 0.797176 -0.563647 -0.216363
vn 0.805885 0.104521 -0.582773
vn 0.648527 0.666943 -0.366879
vn 0.111269 0.960758 -0.254093
vn -0.491168 0.813851 -0.310486
vn -0.805885 0.312279 -0.503022
vn -0.750670 -0.410155 -0.517945
vn -0.057805 -0.066059 -0.996140
vn 0.568527 -0.580200 -0.583219
vn 0.990602 0.127689 0.049015
vn 0.603748 0.744227 0.285683
vn -0.136774 0.924806 0.355002
vn -0.797175 0.563648 0.216364
vn -0.990602 -0.127689 -0.049015
vn -0.603748 -0.744227 -0.285682
vn 0.136773 -0.924807 -0.355001
vn 0.797176 -0.563647 -0.216363
vn 0.805885 0.104521 -0.582773
vn 0.648527 0.666943 -0.366879
vn 0.111269 0.960758 -0.254093
vn -0.491168 0.813851 -0.310486
vn -0.805885 0.312279 -0.503022
vn -0.750670 -0.410155 -0.517945
vn -0.057805 -0.066059 -0.996140
vn 0.568527 -0.580200 -0.583219
vn 0.990602 0.127689 0.049015
vn 0.603748 0.744227 0.285683
vn -0.136774 0.924806 0.355002
vn -0.797175 0.563648 0.216364
vn -0.990602 -0.127689 -0.049015
vn -0.603748 -0.744227 -0.285682
vn 0.136773 -0.924807 -0.355001
vn 0.797176 -0.563647 -0.216363
vn 0.805885 0.104521 -0.582773
vn 0.648527 0.666943 -0.366879
vn 0.111269 0.960758 -0.254093
vn -0.491168 0.813851 -0.310486
vn -0.805885 0.312279 -0.503022
vn -0.750670 -0.410155 -0.517945
vn -0.057805 -0.066059 -0.996140
vn 0.568527 -0.580200 -0.583219
vn 0.990602 0.132417 -0.034245
vn 0.603749 0.771783 -0.199597
vn -0.136774 0.959049 -0.248027
vn -0.797176 0.584516 -0.151166
vn -0.990603 -0.132415 0.034245
vn -0.603749 -0.771782 0.199597
vn 0.136774 -0.959049 0.248027
vn 0.797177 -0.584515 0.151166
vn 0.805886 -0.253325 -0.535140
vn 0.648527 0.329920 -0.685978
vn 0.111270 0.634614 -0.764777
vn -0.491169 0.482266 -0.725377
vn -0.805886 -0.037876 -0.590858
vn -0.750673 -0.634683 -0.183490
vn -0.057805 -0.632243 -0.772611
vn 0.568528 -0.811026 -0.137884
vn 0.990602 0.132417 -0.034245
vn 0.603749 0.771783 -0.199597
vn -0.136774 0.959049 -0.248027
vn -0.797176 0.584516 -0.151166
vn -0.990603 -0.132415 0.034245
vn -0.603749 -0.771782 0.199597
vn 0.136774 -0.959049 0.248027
vn 0.797177 -0.584515 0.151166
vn 0.805886 -0.253325 -0.535140
vn 0.648527 0.329920 -0.685978
vn 0.111270 0.634614 -0.764777
vn -0.491169 0.482266 -0.725377
vn -0.805886 -0.037876 -0.590858
vn -0.750673 -0.634683 -0.183490
vn -0.057805 -0.632243 -0.772611
vn 0.568528 -0.811026 -0.137884
vn -0.699958 0.500372 -0.509594
vn -0.028626 0.867695 -0.496271
vn -0.961262 -0.160064 -0.224401
vn -0.788273 0.008739 -0.615264
vn 0.159823 0.339623 -0.926883
vn -0.189831 -0.391960 -0.900184
vn 0.268393 -0.358193 -0.894239
vn -0.961262 -0.160064 -0.224401
vn -0.961262 -0.160064 -0.224401
vn 0.000000 -0.258817 -0.965926
vn 0.000000 -0.258817 -0.965926
vn 0.000000 -0.258817 -0.965926
vn 0.000000 -0.258817 -0.965926
vn 0.000000 0.258819 0.965926
vn 0.000000 0.258819 0.965926
vn 0.000000 0.258819 0.965926
vn 0.000000 -0.258817 -0.965926
vn 0.000000 -0.258817 -0.965926
vn 0.000000 -0.258817 -0.965926
vn 0.000000 -0.258817 -0.965926
vn 0.000000 0.258819 0.965926
vn 0.000000 0.258819 0.965926
vn 0.000000 0.258819 0.965926
vn 0.000000 -0.258817 -0.965926
vn 0.000000 -0.258817 -0.965926
vn 0.000000 -0.258817 -0.965926
vn 0.000000 -0.258817 -0.965926
vn 0.000000 0.258819 0.965926
vn 0.000000 0.258819 0.965926
vn 0.000000 0.258819 0.965926
vn 0.000000 -0.258817 -0.965926
vn 0.000000 -0.258817 -0.965926
vn 0.000000 -0.258817 -0.965926
vn 0.000000 -0.258817 -0.965926
vn 0.000000 0.258819 0.965926
vn 0.000000 0.258819 0.965926
vn 0.000000 0.258819 0.965926
vn 0.981981 -0.172644 -0.076866
vn 0.327327 -0.863219 -0.384330
vn -0.654654 -0.690576 -0.307464
vn -0.981981 0.172644 0.076866
vn -0.327327 0.863219 0.384330
vn 0.654654 0.690576 0.307464
vn 0.981981 0.172644 0.076866
vn 0.654654 -0.690575 -0.307464
vn -0.327327 -0.863219 -0.384330
vn -0.981981 -0.172644 -0.076866
vn -0.654654 0.690575 0.307464
vn 0.327327 0.863219 0.384330
vn -0.998025 -0.010756 -0.061896
vn -0.446397 0.825105 -0.346311
vn -0.617274 0.065863 -0.783987
vn -0.656386 -0.262431 -0.707310
vn -0.137215 0.355893 0.924398
vn -0.084570 0.995183 -0.049577
vn -0.005093 0.406445 -0.913661
vn 0.046521 -0.357863 -0.932615
vn -0.074808 0.357567 0.930887
vn -0.075735 0.912211 0.402660
vn 0.011359 0.406116 -0.913751
vn 0.017082 -0.357862 -0.933618
vn 0.138185 0.352724 0.925468
vn 0.241151 0.875783 0.418151
vn 0.325137 0.405370 -0.854377
vn 0.199329 -0.352797 -0.914222
vn 0.998025 0.010763 0.061887
vn 0.776902 0.557129 0.293309
vn 0.852316 0.382834 -0.356363
vn 0.728915 -0.253121 -0.636091
vn 0.909962 0.402374 0.100321
vn 0.665731 -0.228330 -0.710400
vn 0.510114 0.647360 -0.566312
vn 0.438804 0.846056 -0.302722
vn 0.337034 -0.433210 -0.835905
vn 0.047673 0.262165 -0.963845
vn -0.266204 0.806941 -0.527240
vn 0.305217 -0.447909 -0.840369
vn 0.036982 0.258558 -0.965288
vn -0.252370 0.812543 -0.525437
vn 0.047873 -0.541920 -0.839066
vn -0.246162 0.110883 -0.962865
vn -0.416485 0.731969 -0.539223
vn -0.909956 -0.402387 -0.100321
vn -0.589852 -0.587169 -0.554353
vn -0.685107 -0.362587 -0.631791
vn -0.837201 0.303401 -0.455019
vn 0.000000 -0.493951 -0.869490
vn -0.256898 0.927080 -0.272995
vn 0.070304 0.961713 -0.264889
vn 0.281715 0.917944 -0.279312
vn -0.255616 0.920282 -0.296211
vn -0.496755 -0.219522 -0.839669
vn 0.032556 -0.792263 -0.609311
vn 0.522320 -0.016991 -0.852580
vn 0.101132 0.981536 -0.162354
vn -0.323481 0.939703 0.110988
vn 0.009418 0.998170 0.059729
vn 0.340273 0.939395 0.041854
vn -0.857960 -0.474611 -0.196592
vn -0.051488 -0.922654 -0.382176
vn 0.604815 -0.735746 -0.304757
vn 0.367762 0.859134 0.355865
vn -0.387547 0.851678 0.352777
vn -0.088962 0.920216 0.381166
vn 0.323784 0.874111 0.362069
vn -0.018925 0.923714 0.382615
vn 0.863542 0.501365 -0.054116
vn 0.942848 0.300003 -0.145038
vn 0.501110 0.379272 -0.777844
vn 0.268031 0.538325 -0.798978
vn -0.863543 0.501363 -0.054115
vn -0.268032 0.538325 -0.798978
vn -0.942848 0.300004 -0.145037
vn -0.501111 0.379273 -0.777843
vn 0.028608 0.923502 -0.382525
vn -0.040441 0.382371 -0.923123
vn 0.028608 -0.382527 -0.923501
vn 0.196929 0.898202 -0.393005
vn -0.039265 0.391314 -0.919419
vn -0.141376 -0.369875 -0.918262
vn 0.353806 0.836420 -0.418596
vn -0.035808 0.399734 -0.915931
vn -0.303143 -0.320009 -0.897607
vn 0.490120 0.741749 -0.457810
vn -0.030271 0.407146 -0.912861
vn -0.447294 -0.235827 -0.862736
vn 0.597950 0.619690 -0.508370
vn -0.022974 0.413119 -0.910387
vn -0.565449 -0.122219 -0.815678
vn 0.671030 0.477337 -0.567335
vn -0.014341 0.417305 -0.908653
vn -0.650742 0.014212 -0.759166
vn 0.705112 0.322962 -0.631278
vn -0.004875 0.419461 -0.907760
vn -0.698216 0.165538 -0.696485
vn 0.698215 0.165538 -0.696486
vn 0.004874 0.419461 -0.907760
vn -0.705112 0.322962 -0.631278
vn 0.650741 0.014213 -0.759167
vn 0.014340 0.417305 -0.908653
vn -0.671031 0.477337 -0.567333
vn 0.565448 -0.122218 -0.815678
vn 0.022973 0.413120 -0.910387
vn -0.597951 0.619690 -0.508368
vn 0.447294 -0.235827 -0.862736
vn 0.030271 0.407146 -0.912861
vn -0.490120 0.741749 -0.457811
vn 0.303143 -0.320010 -0.897607
vn 0.035808 0.399734 -0.915932
vn -0.353805 0.836420 -0.418597
vn 0.141376 -0.369876 -0.918262
vn 0.039266 0.391312 -0.919420
vn -0.196929 0.898201 -0.393006
vn -0.028608 -0.382526 -0.923502
vn 0.040441 0.382370 -0.923124
vn -0.028608 0.923501 -0.382528
vn -0.196929 -0.357225 -0.913022
vn 0.039266 0.373429 -0.926827
vn 0.141376 0.910851 -0.387768
vn -0.353806 -0.295446 -0.887431
vn 0.035808 0.365007 -0.930316
vn 0.303143 0.860985 -0.408423
vn -0.490120 -0.200775 -0.848217
vn 0.030270 0.357595 -0.933386
vn 0.447293 0.776802 -0.443292
vn -0.597950 -0.078715 -0.797659
vn 0.022974 0.351622 -0.935860
vn 0.565449 0.663193 -0.490349
vn -0.671030 0.063638 -0.738694
vn 0.014341 0.347436 -0.937594
vn 0.650742 0.526762 -0.546861
vn -0.705112 0.218013 -0.674750
vn 0.004875 0.345280 -0.938487
vn 0.698216 0.375437 -0.609543
vn -0.698215 0.375437 -0.609543
vn -0.004874 0.345280 -0.938487
vn 0.705112 0.218013 -0.674750
vn -0.650741 0.526762 -0.546861
vn -0.014340 0.347436 -0.937594
vn 0.671031 0.063637 -0.738693
vn -0.565449 0.663193 -0.490349
vn -0.022974 0.351622 -0.935860
vn 0.597950 -0.078715 -0.797659
vn -0.447294 0.776802 -0.443291
vn -0.030271 0.357595 -0.933386
vn 0.490119 -0.200774 -0.848218
vn -0.303144 0.860986 -0.408420
vn -0.035809 0.365008 -0.930315
vn 0.353805 -0.295444 -0.887432
vn -0.141376 0.910851 -0.387766
vn -0.039266 0.373429 -0.926827
vn 0.196929 -0.357226 -0.913022
vn 0.036444 0.990786 -0.130441
vn -0.020988 0.792132 -0.609989
vn -0.020988 -0.128794 -0.991449
vn 0.036444 -0.608357 -0.792827
vn 0.250527 0.957293 -0.144314
vn 0.103619 0.782488 -0.613984
vn -0.144276 -0.109506 -0.983460
vn -0.179930 -0.591611 -0.785889
vn 0.448870 0.875664 -0.178124
vn 0.221715 0.744517 -0.629711
vn -0.258498 -0.062497 -0.963988
vn -0.384998 -0.525675 -0.758579
vn 0.619008 0.751029 -0.229751
vn 0.325880 0.680605 -0.656185
vn -0.356479 0.009279 -0.934257
vn -0.565875 -0.414696 -0.712610
vn 0.750251 0.591218 -0.295946
vn 0.409569 0.594769 -0.691739
vn -0.432061 0.101312 -0.896136
vn -0.711196 -0.265645 -0.650871
vn 0.834354 0.406274 -0.372552
vn 0.467523 0.492401 -0.734142
vn -0.480494 0.207819 -0.852019
vn -0.811830 -0.087888 -0.577242
vn 0.866031 0.207816 -0.454755
vn 0.496101 0.379933 -0.780727
vn -0.498736 0.322108 -0.804679
vn -0.861454 0.107406 -0.496348
vn 0.843292 0.008316 -0.537392
vn 0.493507 0.264433 -0.828569
vn -0.240355 0.385391 -0.890900
vn -0.866018 0.240545 -0.438350
vn 0.767565 -0.179691 -0.615268
vn 0.459904 0.153158 -0.874661
vn -0.336478 0.548264 -0.765630
vn -0.732650 0.619768 -0.281269
vn 0.643611 -0.344394 -0.683490
vn 0.397403 0.053099 -0.916107
vn -0.370648 0.640120 -0.672954
vn -0.690072 0.674938 -0.261267
vn 0.479215 -0.475444 -0.737771
vn 0.309933 -0.029457 -0.950302
vn -0.275974 0.715589 -0.641693
vn -0.538183 0.818291 -0.201888
vn 0.284709 -0.564604 -0.774702
vn 0.202988 -0.089322 -0.975099
vn -0.163960 0.766935 -0.620425
vn -0.352478 0.922243 -0.158830
vn 0.072313 -0.606272 -0.791963
vn 0.083288 -0.122734 -0.988939
vn -0.041644 0.790931 -0.610486
vn -0.144626 0.980262 -0.134798
vn -0.144626 -0.597832 -0.788467
vn -0.041644 -0.127594 -0.990952
vn 0.083288 0.786071 -0.612499
vn 0.072313 0.988701 -0.131303
vn -0.352479 -0.539814 -0.764434
vn -0.163961 -0.103597 -0.981012
vn 0.202988 0.752659 -0.626339
vn 0.284709 0.947032 -0.148562
vn -0.538183 -0.435862 -0.721376
vn -0.275974 -0.052252 -0.959744
vn 0.309933 0.692794 -0.651136
vn 0.479215 0.857872 -0.185495
vn -0.690071 -0.292508 -0.661998
vn -0.370648 0.023218 -0.928483
vn 0.397404 0.610239 -0.685331
vn 0.643610 0.726824 -0.239777
vn -0.798599 -0.118761 -0.590030
vn -0.442032 0.118068 -0.889195
vn 0.203340 0.490641 -0.847304
vn 0.732650 0.619767 -0.281269
vn -0.856949 0.074464 -0.509993
vn -0.485641 0.226340 -0.844348
vn 0.397729 0.374101 -0.837771
vn 0.866018 0.240545 -0.438350
vn -0.861455 0.275024 -0.426917
vn -0.498737 0.341230 -0.796758
vn 0.496101 0.283404 -0.820711
vn 0.866030 0.174612 -0.468510
vn -0.811830 0.470318 -0.346024
vn -0.480494 0.455519 -0.749418
vn 0.467523 0.170937 -0.867296
vn 0.834354 -0.023845 -0.550714
vn -0.711196 0.648075 -0.272395
vn -0.432061 0.562026 -0.705302
vn 0.409569 0.068569 -0.909699
vn 0.750251 -0.208789 -0.627320
vn -0.565875 0.797126 -0.210656
vn -0.356479 0.654059 -0.667180
vn 0.325880 -0.017268 -0.945253
vn 0.619008 -0.368599 -0.693516
vn -0.384998 0.908105 -0.164686
vn -0.258499 0.725835 -0.637450
vn 0.221715 -0.081180 -0.971726
vn 0.448870 -0.493235 -0.745141
vn -0.179930 0.974039 -0.137377
vn -0.144276 0.772844 -0.617978
vn 0.103619 -0.119150 -0.987454
vn 0.250528 -0.574863 -0.778953
vn -0.006286 0.371604 -0.928370
vn -0.041896 0.371952 -0.927306
vn 0.040221 0.372395 -0.927202
vn 0.050230 0.369356 -0.927930
vn 0.050230 0.369356 -0.927930
vn -0.050256 0.369626 -0.927821
vn -0.050256 0.369626 -0.927821
vn -0.694740 0.179572 -0.696484
vn -0.667980 0.658625 -0.346432
vn -0.131011 0.897383 -0.421355
vn 0.382779 0.789030 -0.480532
vn 0.539951 0.384624 -0.748677
vn 0.422316 -0.016849 -0.906292
vn 0.082432 -0.527835 -0.845337
vn -0.510287 -0.377054 -0.772941
vn -0.538914 0.235998 -0.808626
vn -0.633800 0.684685 -0.359868
vn -0.037162 0.835517 -0.548207
vn 0.516091 0.806393 -0.288756
vn 0.695980 0.348217 -0.627979
vn 0.662701 -0.233587 -0.711522
vn 0.128288 -0.350357 -0.927789
vn -0.379164 -0.234029 -0.895246
vn -0.538685 0.236899 -0.808516
vn -0.517942 0.669094 -0.532963
vn -0.022045 0.776291 -0.629989
vn 0.444659 0.764856 -0.466125
vn 0.595743 0.367103 -0.714371
vn 0.662701 -0.233587 -0.711522
vn 0.118072 -0.219566 -0.968426
vn -0.379164 -0.234029 -0.895246
vn -0.656728 0.175099 -0.733518
vn -0.651392 0.659338 -0.375448
vn -0.056664 0.903690 -0.424421
vn 0.444659 0.764856 -0.466125
vn 0.695980 0.348217 -0.627979
vn 0.662701 -0.233587 -0.711522
vn 0.118072 -0.219566 -0.968426
vn -0.466767 -0.387500 -0.794967
vn -0.694740 0.179572 -0.696484
vn -0.491020 0.613134 -0.618842
vn -0.131011 0.897383 -0.421355
vn 0.382779 0.789030 -0.480532
vn 0.796374 0.325793 -0.509556
vn 0.629129 -0.242237 -0.738592
vn 0.037546 -0.220864 -0.974582
vn -0.510287 -0.377054 -0.772941
vn -0.491020 0.613134 -0.618842
vn -0.694740 0.179572 -0.696484
vn -0.131011 0.897383 -0.421355
vn 0.539951 0.384624 -0.748677
vn 0.382779 0.789030 -0.480532
vn 0.516021 -0.111375 -0.849305
vn 0.038677 -0.220481 -0.974624
vn -0.510287 -0.377054 -0.772941
vn 0.137569 0.915095 0.379045
vn -0.617708 0.726546 0.300945
vn 0.136083 0.915285 0.379124
vn -0.604302 0.736106 0.304905
vn 0.604302 -0.736106 -0.304905
vn 0.990627 -0.126198 -0.052273
vn -0.797065 -0.557925 -0.231100
vn -0.136083 -0.915285 -0.379123
vn 0.604302 -0.736106 -0.304905
vn -0.990627 0.126197 0.052273
vn 0.797451 0.557454 0.230905
vn 0.137569 0.915095 0.379045
vn 0.990627 -0.126198 -0.052273
vn 0.603412 -0.736729 -0.305163
vn -0.137569 -0.915096 -0.379045
vn -0.797451 -0.557454 -0.230905
vn 0.138291 0.915002 0.379007
vn -0.600927 0.738460 0.305881
vn -0.990132 0.129468 0.053627
vn 0.797451 0.557454 0.230905
vn -0.603412 0.736729 0.305163
vn -0.990627 0.126197 0.052273
vn -0.137569 -0.915096 -0.379045
vn 0.603412 -0.736729 -0.305163
vn -0.797451 -0.557454 -0.230905
vn -0.995335 0.089140 0.036923
vn 0.990627 -0.126198 -0.052273
vn 0.797451 0.557454 0.230905
vn -0.797451 -0.557454 -0.230905
vn -0.137569 -0.915096 -0.379045
vn 0.603412 -0.736729 -0.305163
vn 0.136083 0.915285 0.379124
vn -0.604302 0.736106 0.304905
vn 0.797067 0.557923 0.231099
vn -0.136083 -0.915285 -0.379123
vn -0.797065 -0.557925 -0.231100
vn 0.136083 0.915285 0.379124
vn -0.604302 0.736106 0.304905
vn -0.797065 -0.557925 -0.231100
vn -0.135173 -0.915400 -0.379171
vn 0.990627 -0.126198 -0.052273
vn 0.605941 -0.734955 -0.304428
vn 0.797067 0.557923 0.231099
vn 0.797451 0.557454 0.230905
vn 0.990627 -0.126198 -0.052273
vn 0.990627 -0.126198 -0.052273
vn -0.990627 0.126197 0.052273
vn -0.990627 0.126197 0.052273
vn 0.000000 0.382683 -0.923880
vn 0.000000 0.382683 -0.923880
vn 0.000000 0.382683 -0.923880
vn 0.000000 0.382683 -0.923880
vn 0.000000 0.382683 -0.923880
vn 0.000041 0.320809 0.947144
vn -0.421047 0.142349 0.895799
vn -0.970934 0.231923 0.059151
vn -0.623536 0.779628 0.058162
vn -0.111354 0.988557 0.101762
vn -0.434897 0.292689 0.851586
vn -0.416300 0.892601 0.173082
vn 0.643266 0.247618 0.724496
vn 0.325322 0.903405 0.279329
vn 0.000041 0.320809 0.947144
vn 0.222109 0.169980 0.960091
vn 0.959427 0.242067 0.144582
vn 0.223563 0.974687 -0.002068
vn -0.013086 0.998581 0.051619
vn 0.089499 0.992988 0.077236
vn 0.298783 0.951641 0.071474
vn -0.690979 0.703629 0.165692
vn 0.006900 0.998981 0.044603
vn 0.469856 0.882271 0.028883
vn -0.474106 0.880456 -0.004586
vn 0.474517 0.009932 0.880190
vn 0.491833 0.044658 0.869544
vn -0.347643 0.010580 0.937567
vn -0.362145 0.047809 0.930895
vn -0.911178 0.004649 0.411986
vn -0.918162 0.020322 0.395684
vn 0.921917 0.004371 0.387362
vn 0.928155 0.019090 0.371703
vn 0.000000 0.974377 0.224919
vn -0.020124 0.362181 0.931890
vn -0.098827 0.481462 0.870877
vn -0.193573 0.654216 0.731116
vn 0.000000 0.986468 0.163955
vn 0.000000 0.998057 0.062308
vn 0.000000 0.992717 -0.120472
vn 0.000000 0.999854 0.017073
vn 0.000000 0.688280 0.725445
vn 0.036985 0.402772 0.914553
vn 0.256876 0.480503 0.838529
vn 0.196211 0.768428 0.609114
vn 0.000000 0.986468 0.163955
vn 0.000000 0.998057 0.062308
vn 0.000000 0.989590 -0.143915
vn 0.000000 0.999984 -0.005610
vn -0.287055 0.623433 0.727276
vn 0.304845 0.766267 0.565601
vn -0.326599 0.862819 0.385844
vn 0.329328 0.591070 0.736328
vn 0.000000 0.974377 0.224919
vn 0.000000 0.349613 0.936894
vn 0.000000 0.474789 0.880100
vn 0.000000 0.688280 0.725445
vn 0.000000 0.387013 0.922074
vn 0.000000 0.524458 0.851436
vn 0.000000 0.911565 0.411157
vn 0.000000 0.986468 0.163955
vn 0.000949 0.992731 0.120353
vn 0.000000 0.985910 -0.167278
vn 0.009007 0.999748 -0.020544
vn 0.018012 0.998251 0.056306
vn -0.015763 0.971451 0.236715
vn -0.031262 0.932557 0.359666
vn 0.000000 0.688280 0.725445
vn 0.000000 0.387013 0.922074
vn 0.000000 0.524458 0.851436
vn 0.000000 0.911565 0.411157
vn 0.000000 0.986468 0.163955
vn -0.000949 0.992731 0.120353
vn 0.000000 0.985910 -0.167278
vn -0.009007 0.999748 -0.020544
vn -0.018012 0.998251 0.056306
vn 0.015763 0.971451 0.236715
vn 0.031262 0.932557 0.359666
vn 0.000000 0.216440 0.976296
vn 0.000000 0.216440 0.976296
vn 0.000000 0.216440 0.976296
vn 0.000000 0.216440 0.976296
vn 0.000000 0.216440 0.976296
vn 0.000000 0.216440 0.976296
vn 0.000000 0.216440 0.976296
vn 0.000000 0.216440 0.976296
vn 0.000000 0.973778 0.227500
vn 0.000000 0.348420 0.937338
vn 0.000000 0.462328 0.886709
vn 0.000000 0.771517 0.636208
vn 0.000000 0.999240 -0.038972
vn 0.000000 0.800326 -0.599565
vn 0.000000 0.497662 -0.867371
vn 0.000000 0.998186 0.060203
vn 0.000000 0.993192 -0.116485
vn 0.000000 0.999864 0.016493
vn 0.000000 0.694229 0.719754
vn 0.000000 0.372898 0.927872
vn 0.000000 0.525465 0.850815
vn 0.000000 0.915152 0.403110
vn 0.000000 0.970004 -0.243088
vn 0.000000 0.659471 -0.751730
vn 0.000000 0.497662 -0.867371
vn -0.000777 0.993186 0.116534
vn 0.000000 0.986824 -0.161799
vn -0.007600 0.999774 -0.019850
vn -0.015199 0.998403 0.054412
vn 0.013354 0.973246 0.229378
vn 0.026497 0.936736 0.349032
vn 0.000000 0.973778 0.227500
vn 0.000000 0.348420 0.937339
vn 0.000000 0.462328 0.886709
vn 0.000000 0.771517 0.636208
vn 0.000000 0.999240 -0.038972
vn 0.000000 0.800326 -0.599565
vn 0.000000 0.497661 -0.867371
vn 0.000000 0.998186 0.060203
vn 0.000000 0.993192 -0.116485
vn 0.000000 0.999864 0.016493
vn 0.000000 0.694229 0.719754
vn 0.000000 0.372898 0.927872
vn 0.000000 0.525465 0.850815
vn 0.000000 0.915152 0.403110
vn 0.000000 0.970004 -0.243088
vn 0.000000 0.659471 -0.751730
vn 0.000000 0.497661 -0.867371
vn 0.000777 0.993186 0.116534
vn 0.000000 0.986824 -0.161799
vn 0.007600 0.999774 -0.019849
vn 0.015199 0.998403 0.054412
vn -0.013354 0.973246 0.229378
vn -0.026497 0.936736 0.349031

# Texture coordinates + Triangles
usemtl car_body
s 1
vt 0.039729 0.962919
vt 0.041016 0.962919
vt 0.017578 0.986328
f 2/4/2 1/2/1 24/72/24
vt 0.039729 0.962919
vt 0.040217 0.962919
vt 0.039729 0.962431
f 4/10/4 6/17/6 5/15/5
vt 0.039729 0.962919
vt 0.040217 0.962919
vt 0.039729 0.962431
f 4/10/4 7/20/7 6/18/6
vt 0.039729 0.962919
vt 0.040217 0.962919
vt 0.039729 0.962431
f 4/10/4 8/23/8 7/21/7
vt 0.039729 0.962919
vt 0.040217 0.962919
vt 0.039729 0.962431
f 4/10/4 9/26/9 8/24/8
vt 0.039729 0.962919
vt 0.040217 0.962919
vt 0.039729 0.962431
f 4/10/4 10/29/10 9/27/9
vt 0.039729 0.962919
vt 0.040217 0.962919
vt 0.039729 0.962431
f 4/10/4 5/14/5 10/30/10
vt 0.039729 0.962919
vt 0.040217 0.962919
vt 0.039729 0.962431
f 22/64/22 12/35/12 5/15/5
vt 0.039729 0.962919
vt 0.040217 0.962919
vt 0.039729 0.962431
f 5/13/5 6/17/6 11/33/11
vt 0.039729 0.962919
vt 0.040217 0.962919
vt 0.039729 0.962431
f 17/49/17 11/32/11 6/18/6
vt 0.039729 0.962919
vt 0.040217 0.962919
vt 0.039729 0.962431
f 6/16/6 7/20/7 13/39/13
vt 0.039729 0.962919
vt 0.040217 0.962919
vt 0.039729 0.962431
f 18/52/18 13/38/13 7/21/7
vt 0.039729 0.962919
vt 0.040217 0.962919
vt 0.039729 0.962431
f 7/19/7 8/23/8 14/42/14
vt 0.039729 0.962919
vt 0.040217 0.962919
vt 0.039729 0.962431
f 19/55/19 14/41/14 8/24/8
vt 0.039729 0.962919
vt 0.040217 0.962919
vt 0.039729 0.962431
f 8/22/8 9/26/9 15/45/15
vt 0.039729 0.962919
vt 0.040217 0.962919
vt 0.039729 0.962431
f 20/58/20 15/44/15 9/27/9
vt 0.039729 0.962919
vt 0.040217 0.962919
vt 0.039729 0.962431
f 9/25/9 10/29/10 16/48/16
vt 0.039729 0.962919
vt 0.040217 0.962919
vt 0.039729 0.962431
f 21/61/21 16/47/16 10/30/10
vt 0.039729 0.962919
vt 0.040217 0.962919
vt 0.039729 0.962431
f 10/28/10 5/14/5 12/36/12
vt 0.039729 0.962919
vt 0.040217 0.962919
vt 0.039729 0.962431
f 13/37/13 17/50/17 6/18/6
vt 0.039729 0.962919
vt 0.040217 0.962919
vt 0.039729 0.962431
f 14/40/14 18/53/18 7/21/7
vt 0.039729 0.962919
vt 0.040217 0.962919
vt 0.039729 0.962431
f 15/43/15 19/56/19 8/24/8
vt 0.039729 0.962919
vt 0.040217 0.962919
vt 0.039729 0.962431
f 16/46/16 20/59/20 9/27/9
vt 0.039729 0.962919
vt 0.040217 0.962919
vt 0.039729 0.962431
f 12/34/12 21/62/21 10/30/10
vt 0.039729 0.962919
vt 0.040217 0.962919
vt 0.039729 0.962431
f 11/31/11 22/65/22 5/15/5
vt 0.017578 0.986328
vt 0.017578 0.986328
vt 0.039729 0.962919
f 17/49/17 13/38/13 2/6/2
vt 0.017578 0.986328
vt 0.017578 0.986328
vt 0.039729 0.962919
f 13/37/13 18/53/18 2/6/2
vt 0.017578 0.986328
vt 0.017578 0.986328
vt 0.039729 0.962919
f 18/52/18 14/41/14 2/6/2
vt 0.017578 0.986328
vt 0.017578 0.986328
vt 0.039729 0.962919
f 14/40/14 19/56/19 2/6/2
vt 0.039729 0.962919
vt 0.017578 0.986328
vt 0.017578 0.986328
f 2/4/2 19/56/19 15/45/15
vt 0.041016 0.962919
vt 0.039729 0.962919
vt 0.017578 0.986328
f 1/1/1 2/5/2 23/69/23
vt 0.017578 0.986328
vt 0.041016 0.962919
vt 0.041016 0.964492
f 24/70/24 1/2/1 3/9/3
vt 0.039729 0.962919
vt 0.017578 0.986328
vt 0.041016 0.964492
f 2/4/2 24/71/24 3/9/3
vt 0.041016 0.962919
vt 0.039729 0.962919
vt 0.017578 0.986328
f 1/1/1 2/5/2 24/72/24
vt 0.039729 0.962919
vt 0.040217 0.962919
vt 0.039729 0.962431
f 6/16/6 4/11/4 5/15/5
vt 0.039729 0.962919
vt 0.040217 0.962919
vt 0.039729 0.962431
f 7/19/7 4/11/4 6/18/6
vt 0.039729 0.962919
vt 0.040217 0.962919
vt 0.039729 0.962431
f 8/22/8 4/11/4 7/21/7
vt 0.039729 0.962919
vt 0.040217 0.962919
vt 0.039729 0.962431
f 9/25/9 4/11/4 8/24/8
vt 0.039729 0.962919
vt 0.040217 0.962919
vt 0.039729 0.962431
f 10/28/10 4/11/4 9/27/9
vt 0.039729 0.962919
vt 0.040217 0.962919
vt 0.039729 0.962431
f 5/13/5 4/11/4 10/30/10
vt 0.039729 0.962919
vt 0.040217 0.962919
vt 0.039729 0.962431
f 12/34/12 22/65/22 5/15/5
vt 0.039729 0.962919
vt 0.040217 0.962919
vt 0.039729 0.962431
f 6/16/6 5/14/5 11/33/11
vt 0.039729 0.962919
vt 0.040217 0.962919
vt 0.039729 0.962431
f 11/31/11 17/50/17 6/18/6
vt 0.039729 0.962919
vt 0.040217 0.962919
vt 0.039729 0.962431
f 7/19/7 6/17/6 13/39/13
vt 0.039729 0.962919
vt 0.040217 0.962919
vt 0.039729 0.962431
f 13/37/13 18/53/18 7/21/7
vt 0.039729 0.962919
vt 0.040217 0.962919
vt 0.039729 0.962431
f 8/22/8 7/20/7 14/42/14
vt 0.039729 0.962919
vt 0.040217 0.962919
vt 0.039729 0.962431
f 14/40/14 19/56/19 8/24/8
vt 0.039729 0.962919
vt 0.040217 0.962919
vt 0.039729 0.962431
f 9/25/9 8/23/8 15/45/15
vt 0.039729 0.962919
vt 0.040217 0.962919
vt 0.039729 0.962431
f 15/43/15 20/59/20 9/27/9
vt 0.039729 0.962919
vt 0.040217 0.962919
vt 0.039729 0.962431
f 10/28/10 9/26/9 16/48/16
vt 0.039729 0.962919
vt 0.040217 0.962919
vt 0.039729 0.962431
f 16/46/16 21/62/21 10/30/10
vt 0.039729 0.962919
vt 0.040217 0.962919
vt 0.039729 0.962431
f 5/13/5 10/29/10 12/36/12
vt 0.039729 0.962919
vt 0.040217 0.962919
vt 0.039729 0.962431
f 17/49/17 13/38/13 6/18/6
vt 0.039729 0.962919
vt 0.040217 0.962919
vt 0.039729 0.962431
f 18/52/18 14/41/14 7/21/7
vt 0.039729 0.962919
vt 0.040217 0.962919
vt 0.039729 0.962431
f 19/55/19 15/44/15 8/24/8
vt 0.039729 0.962919
vt 0.040217 0.962919
vt 0.039729 0.962431
f 20/58/20 16/47/16 9/27/9
vt 0.039729 0.962919
vt 0.040217 0.962919
vt 0.039729 0.962431
f 21/61/21 12/35/12 10/30/10
vt 0.039729 0.962919
vt 0.040217 0.962919
vt 0.039729 0.962431
f 22/64/22 11/32/11 5/15/5
vt 0.017578 0.986328
vt 0.017578 0.986328
vt 0.039729 0.962919
f 13/37/13 17/50/17 2/6/2
vt 0.017578 0.986328
vt 0.017578 0.986328
vt 0.039729 0.962919
f 18/52/18 13/38/13 2/6/2
vt 0.017578 0.986328
vt 0.017578 0.986328
vt 0.039729 0.962919
f 14/40/14 18/53/18 2/6/2
vt 0.017578 0.986328
vt 0.017578 0.986328
vt 0.039729 0.962919
f 19/55/19 14/41/14 2/6/2
vt 0.017578 0.986328
vt 0.039729 0.962919
vt 0.017578 0.986328
f 19/55/19 2/5/2 15/45/15
vt 0.039729 0.962919
vt 0.041016 0.962919
vt 0.017578 0.986328
f 2/4/2 1/2/1 23/69/23
vt 0.041016 0.962919
vt 0.017578 0.986328
vt 0.041016 0.964492
f 1/1/1 24/71/24 3/9/3
vt 0.017578 0.986328
vt 0.039729 0.962919
vt 0.041016 0.964492
f 24/70/24 2/5/2 3/9/3
vt 0.372405 0.196402
vt 0.358950 0.195277
vt 0.367276 0.209246
f 5/13/5 6/17/6 9/27/9
vt 0.349313 0.209207
vt 0.367276 0.209246
vt 0.358950 0.195277
f 10/28/10 9/26/9 6/18/6
vt 0.358950 0.195277
vt 0.323149 0.194924
vt 0.323558 0.209173
f 6/16/6 4/11/4 11/33/11
vt 0.358950 0.195277
vt 0.323558 0.209173
vt 0.349313 0.209207
f 6/16/6 11/32/11 10/30/10
vt 0.367276 0.209246
vt 0.349313 0.209207
vt 0.349310 0.212266
f 9/25/9 10/29/10 13/39/13
vt 0.349310 0.212266
vt 0.367276 0.211583
vt 0.367276 0.209246
f 13/37/13 12/35/12 9/27/9
vt 0.349313 0.209207
vt 0.323558 0.209173
vt 0.349310 0.212266
f 10/28/10 11/32/11 13/39/13
vt 0.323149 0.194924
vt 0.075632 0.194924
vt 0.075927 0.209166
f 4/10/4 3/8/3 14/42/14
vt 0.323149 0.194924
vt 0.075927 0.209166
vt 0.323558 0.209173
f 4/10/4 14/41/14 11/33/11
vt 0.323558 0.209173
vt 0.075927 0.209166
vt 0.055089 0.212359
f 11/31/11 14/41/14 15/45/15
vt 0.055089 0.212359
vt 0.349310 0.212266
vt 0.323558 0.209173
f 15/43/15 13/38/13 11/33/11
vt 0.367276 0.211583
vt 0.349310 0.212266
vt 0.372435 0.213551
f 12/34/12 13/38/13 22/66/22
vt 0.321845 0.215900
vt 0.349310 0.212266
vt 0.076810 0.215869
f 20/58/20 13/38/13 19/57/19
vt 0.031100 0.209269
vt 0.059199 0.209236
vt 0.048361 0.195277
f 17/49/17 16/47/16 2/6/2
vt 0.059199 0.209236
vt 0.075927 0.209166
vt 0.048361 0.195277
f 16/46/16 14/41/14 2/6/2
vt 0.075632 0.194924
vt 0.048361 0.195277
vt 0.075927 0.209166
f 3/7/3 2/5/2 14/42/14
vt 0.059199 0.209236
vt 0.031100 0.209269
vt 0.055089 0.212359
f 16/46/16 17/50/17 15/45/15
vt 0.031274 0.211574
vt 0.055089 0.212359
vt 0.031100 0.209269
f 18/52/18 15/44/15 17/51/17
vt 0.075927 0.209166
vt 0.059199 0.209236
vt 0.055089 0.212359
f 14/40/14 16/47/16 15/45/15
vt 0.029763 0.215359
vt 0.055089 0.212359
vt 0.027695 0.213561
f 24/70/24 15/44/15 21/63/21
vt 0.027695 0.213561
vt 0.031904 0.213556
vt 0.029763 0.215359
f 21/61/21 27/80/27 24/72/24
vt 0.033853 0.211549
vt 0.031904 0.213556
vt 0.033545 0.212072
f 7/19/7 27/80/27 25/75/25
vt 0.027695 0.213561
vt 0.033545 0.212072
vt 0.031904 0.213556
f 21/61/21 25/74/25 27/81/27
vt 0.055089 0.212359
vt 0.076810 0.215869
vt 0.349310 0.212266
f 15/43/15 19/56/19 13/39/13
vt 0.048361 0.195277
vt 0.033329 0.196402
vt 0.031100 0.209269
f 2/4/2 1/2/1 17/51/17
vt 0.368868 0.213566
vt 0.368196 0.211549
vt 0.368801 0.212066
f 28/82/28 8/23/8 26/78/26
vt 0.372435 0.213551
vt 0.368868 0.213566
vt 0.368801 0.212066
f 22/64/22 28/83/28 26/78/26
vt 0.349310 0.212266
vt 0.369867 0.215347
vt 0.372435 0.213551
f 13/37/13 23/68/23 22/66/22
vt 0.076810 0.215869
vt 0.055089 0.212359
vt 0.047846 0.215652
f 19/55/19 15/44/15 29/87/29
vt 0.349310 0.212266
vt 0.352476 0.215662
vt 0.369867 0.215347
f 13/37/13 30/89/30 23/69/23
vt 0.031274 0.211574
vt 0.027695 0.213561
vt 0.055089 0.212359
f 18/52/18 21/62/21 15/45/15
vt 0.368868 0.213566
vt 0.368211 0.213351
vt 0.368196 0.211549
f 28/82/28 32/95/32 8/24/8
vt 0.372435 0.213551
vt 0.369867 0.215347
vt 0.368868 0.213566
f 22/64/22 23/68/23 28/84/28
vt 0.047846 0.215652
vt 0.055089 0.212359
vt 0.029763 0.215359
f 29/85/29 15/44/15 24/72/24
vt 0.349310 0.212266
vt 0.321845 0.215900
vt 0.352476 0.215662
f 13/37/13 20/59/20 30/90/30
vt 0.033853 0.211549
vt 0.033838 0.213352
vt 0.031904 0.213556
f 7/19/7 31/92/31 27/81/27
vt 0.574575 0.032017
vt 0.575233 0.030717
vt 0.574426 0.032968
f 44/130/44 33/98/33 43/129/43
vt 0.574426 0.032968
vt 0.574575 0.032017
vt 0.574575 0.032017
f 43/127/43 38/113/38 44/132/44
vt 0.574575 0.032017
vt 0.575233 0.030717
vt 0.574575 0.032017
f 45/133/45 36/107/36 44/132/44
vt 0.574575 0.032017
vt 0.575063 0.032017
vt 0.574575 0.031529
f 44/130/44 40/119/40 45/135/45
vt 0.574575 0.032017
vt 0.574426 0.032968
vt 0.574575 0.032017
f 38/112/38 39/116/39 41/123/41
vt 0.574426 0.032968
vt 0.574575 0.032017
vt 0.574426 0.032968
f 42/124/42 41/122/41 39/117/39
vt 0.574575 0.032017
vt 0.575063 0.032017
vt 0.574575 0.031529
f 40/118/40 38/113/38 41/123/41
vt 0.574426 0.032968
vt 0.574575 0.032017
vt 0.574426 0.032968
f 39/115/39 38/113/38 43/129/43
vt 0.575233 0.030717
vt 0.575233 0.030717
vt 0.574575 0.032017
f 36/106/36 33/98/33 44/132/44
vt 0.574575 0.032017
vt 0.575063 0.032017
vt 0.574575 0.031529
f 38/112/38 40/119/40 44/132/44
vt 0.574723 0.030224
vt 0.575233 0.030717
vt 0.574575 0.032017
f 37/109/37 36/107/36 45/135/45
vt 0.575233 0.030717
vt 0.574575 0.032017
vt 0.574426 0.032968
f 34/100/34 49/146/49 48/144/48
vt 0.574575 0.032017
vt 0.574426 0.032968
vt 0.574575 0.032017
f 41/121/41 48/143/48 49/147/49
vt 0.575233 0.030717
vt 0.574575 0.032017
vt 0.574575 0.032017
f 35/103/35 50/149/50 49/147/49
vt 0.574575 0.032017
vt 0.575063 0.032017
vt 0.574575 0.031529
f 47/139/47 49/146/49 50/150/50
vt 0.574575 0.032017
vt 0.574426 0.032968
vt 0.574426 0.032968
f 41/121/41 42/125/42 48/144/48
vt 0.575233 0.030717
vt 0.575233 0.030717
vt 0.574575 0.032017
f 34/100/34 35/104/35 49/147/49
vt 0.574575 0.032017
vt 0.575063 0.032017
vt 0.574575 0.031529
f 47/139/47 41/122/41 49/147/49
vt 0.575233 0.030717
vt 0.574723 0.030224
vt 0.574575 0.032017
f 35/103/35 46/137/46 50/150/50
vt 0.574575 0.032017
vt 0.575063 0.032017
vt 0.574575 0.031529
f 47/139/47 40/119/40 41/123/41
vt 0.582588 0.028022
vt 0.582588 0.028614
vt 0.575233 0.030717
f 61/181/61 56/167/56 54/162/54
vt 0.582588 0.028022
vt 0.575233 0.030717
vt 0.575285 0.029991
f 61/181/61 54/161/54 62/186/62
vt 0.586064 0.024646
vt 0.584377 0.027369
vt 0.584377 0.026777
f 55/163/55 57/170/57 64/192/64
vt 0.586064 0.024646
vt 0.584377 0.026777
vt 0.586064 0.024054
f 55/163/55 64/191/64 63/189/63
vt 0.584377 0.027369
vt 0.582588 0.028614
vt 0.582588 0.028022
f 57/169/57 56/167/56 61/183/61
vt 0.584377 0.027369
vt 0.582588 0.028022
vt 0.584377 0.026777
f 57/169/57 61/182/61 64/192/64
vt 0.586959 0.022513
vt 0.586064 0.024646
vt 0.586064 0.024054
f 58/172/58 55/164/55 63/189/63
vt 0.586959 0.022513
vt 0.586064 0.024054
vt 0.586959 0.021920
f 58/172/58 63/188/63 60/180/60
vt 0.587676 0.018840
vt 0.586959 0.021920
vt 0.586959 0.021292
f 59/175/59 60/179/60 66/198/66
vt 0.587676 0.018840
vt 0.586959 0.021292
vt 0.587676 0.018840
f 59/175/59 66/197/66 65/195/65
vt 0.586064 0.024054
vt 0.584377 0.026777
vt 0.584377 0.026149
f 63/187/63 64/191/64 70/210/70
vt 0.586064 0.024054
vt 0.584377 0.026149
vt 0.586064 0.023426
f 63/187/63 70/209/70 69/207/69
vt 0.584377 0.026777
vt 0.582588 0.028022
vt 0.582588 0.027394
f 64/190/64 61/182/61 67/201/67
vt 0.584377 0.026777
vt 0.582588 0.027394
vt 0.584377 0.026149
f 64/190/64 67/200/67 70/210/70
vt 0.586959 0.021920
vt 0.586064 0.024054
vt 0.586064 0.023426
f 60/178/60 63/188/63 69/207/69
vt 0.586959 0.021920
vt 0.586064 0.023426
vt 0.586959 0.021292
f 60/178/60 69/206/69 66/198/66
vt 0.575285 0.029991
vt 0.575408 0.029146
vt 0.577308 0.028704
f 62/184/62 68/203/68 73/219/73
vt 0.575285 0.029991
vt 0.577308 0.028704
vt 0.577308 0.028704
f 62/184/62 73/218/73 72/216/72
vt 0.575285 0.029991
vt 0.577308 0.028704
vt 0.582588 0.028022
f 62/184/62 72/215/72 61/183/61
vt 0.577308 0.028704
vt 0.577308 0.028704
vt 0.582588 0.028022
f 72/214/72 71/212/71 61/183/61
vt 0.582588 0.028022
vt 0.577308 0.028704
vt 0.582588 0.027394
f 61/181/61 71/212/71 67/201/67
vt 0.577308 0.028704
vt 0.577308 0.028704
vt 0.577309 0.017955
f 72/214/72 73/218/73 76/228/76
vt 0.577308 0.028704
vt 0.577309 0.017955
vt 0.577309 0.017955
f 72/214/72 76/227/76 75/225/75
vt 0.577308 0.028704
vt 0.577309 0.017955
vt 0.577308 0.028704
f 72/214/72 75/224/75 71/213/71
vt 0.577308 0.028704
vt 0.577309 0.017955
vt 0.577309 0.017955
f 71/211/71 75/224/75 74/222/74
vt 0.575265 0.018026
vt 0.575265 0.018026
vt 0.575285 0.029991
f 80/238/80 78/233/78 62/186/62
vt 0.575265 0.018026
vt 0.575265 0.018026
vt 0.575408 0.029146
f 78/232/78 77/230/77 68/204/68
vt 0.575408 0.029146
vt 0.575285 0.029991
vt 0.575265 0.018026
f 68/202/68 62/185/62 78/234/78
vt 0.575265 0.018026
vt 0.575265 0.018026
vt 0.574983 0.024032
f 79/235/79 80/239/80 91/273/91
vt 0.575285 0.029991
vt 0.575285 0.029991
vt 0.575265 0.018026
f 62/184/62 81/242/81 80/240/80
vt 0.584110 0.017712
vt 0.585273 0.018674
vt 0.585273 0.018674
f 87/259/87 88/263/88 82/246/82
vt 0.587676 0.018840
vt 0.587676 0.018840
vt 0.585273 0.018674
f 59/175/59 65/194/65 82/246/82
vt 0.577309 0.017955
vt 0.577309 0.017955
vt 0.578106 0.017586
f 74/220/74 75/224/75 89/267/89
vt 0.575265 0.018026
vt 0.577309 0.017955
vt 0.575265 0.018026
f 78/232/78 75/224/75 77/231/77
vt 0.575265 0.018026
vt 0.577309 0.017955
vt 0.577309 0.017955
f 77/229/77 75/224/75 76/228/76
vt 0.584110 0.017712
vt 0.584110 0.017712
vt 0.585273 0.018674
f 83/247/83 87/260/87 82/246/82
vt 0.585273 0.018674
vt 0.585273 0.018674
vt 0.587676 0.018840
f 82/244/82 88/263/88 59/177/59
vt 0.578106 0.017586
vt 0.584110 0.017712
vt 0.578106 0.017586
f 90/268/90 87/260/87 89/267/89
vt 0.577309 0.017955
vt 0.578106 0.017586
vt 0.578106 0.017586
f 75/223/75 90/269/90 89/267/89
vt 0.584110 0.017712
vt 0.584110 0.017712
vt 0.578106 0.017586
f 87/259/87 83/248/83 89/267/89
vt 0.574983 0.024032
vt 0.575265 0.018026
vt 0.575285 0.029991
f 91/271/91 80/239/80 81/243/81
vt 0.581216 0.027071
vt 0.581704 0.027071
vt 0.581216 0.026583
f 95/283/95 94/281/94 104/312/104
vt 0.581216 0.027071
vt 0.581704 0.027071
vt 0.581216 0.026583
f 95/283/95 104/311/104 93/279/93
vt 0.581296 0.025377
vt 0.581784 0.025377
vt 0.581296 0.024889
f 114/340/114 92/275/92 115/345/115
vt 0.581216 0.027071
vt 0.581216 0.027071
vt 0.581296 0.025377
f 97/289/97 102/305/102 99/297/99
vt 0.581296 0.025377
vt 0.581296 0.025377
vt 0.581216 0.027071
f 103/307/103 99/296/99 102/306/102
vt 0.581216 0.027071
vt 0.581704 0.027071
vt 0.581216 0.026583
f 93/277/93 102/305/102 97/291/97
vt 0.581296 0.025377
vt 0.581784 0.025377
vt 0.581296 0.024889
f 96/286/96 105/314/105 92/276/92
vt 0.581296 0.025377
vt 0.581784 0.025377
vt 0.581296 0.024889
f 105/313/105 98/293/98 113/339/113
vt 0.581216 0.027071
vt 0.581704 0.027071
vt 0.581216 0.026583
f 112/334/112 102/305/102 93/279/93
vt 0.581296 0.025377
vt 0.581784 0.025377
vt 0.581296 0.024889
f 103/307/103 98/293/98 99/297/99
vt 0.581296 0.025377
vt 0.581784 0.025377
vt 0.581296 0.024889
f 96/286/96 98/293/98 105/315/105
vt 0.581296 0.025377
vt 0.581784 0.025377
vt 0.581296 0.024889
f 114/340/114 115/344/115 108/324/108
vt 0.581216 0.027071
vt 0.581704 0.027071
vt 0.581216 0.026583
f 94/280/94 117/350/117 104/312/104
vt 0.581216 0.027071
vt 0.581704 0.027071
vt 0.581216 0.026583
f 104/310/104 112/335/112 93/279/93
vt 0.581296 0.025377
vt 0.581784 0.025377
vt 0.581296 0.024889
f 113/337/113 98/293/98 103/309/103
vt 0.581296 0.025377
vt 0.581784 0.025377
vt 0.581296 0.024889
f 115/343/115 92/275/92 105/315/105
vt 0.581216 0.027071
vt 0.581704 0.027071
vt 0.581216 0.026583
f 117/349/117 94/281/94 116/348/116
vt 0.581216 0.027071
vt 0.581704 0.027071
vt 0.581216 0.026583
f 116/346/116 109/326/109 117/351/117
vt 0.581216 0.027071
vt 0.581296 0.025377
vt 0.581296 0.025377
f 101/301/101 100/299/100 119/357/119
vt 0.581216 0.027071
vt 0.581296 0.025377
vt 0.581216 0.027071
f 101/301/101 119/356/119 118/354/118
vt 0.581296 0.025377
vt 0.581784 0.025377
vt 0.581296 0.024889
f 107/319/107 108/323/108 121/363/121
vt 0.581296 0.025377
vt 0.581784 0.025377
vt 0.581296 0.024889
f 107/319/107 121/362/121 120/360/120
vt 0.581296 0.025377
vt 0.581784 0.025377
vt 0.581296 0.024889
f 100/298/100 110/329/110 122/366/122
vt 0.581296 0.025377
vt 0.581784 0.025377
vt 0.581296 0.024889
f 100/298/100 122/365/122 119/357/119
vt 0.581216 0.027071
vt 0.581704 0.027071
vt 0.581216 0.026583
f 106/316/106 111/332/111 124/372/124
vt 0.581216 0.027071
vt 0.581704 0.027071
vt 0.581216 0.026583
f 106/316/106 124/371/124 123/369/123
vt 0.581216 0.027071
vt 0.581704 0.027071
vt 0.581216 0.026583
f 109/325/109 106/317/106 123/369/123
vt 0.581216 0.027071
vt 0.581704 0.027071
vt 0.581216 0.026583
f 109/325/109 123/368/123 125/375/125
vt 0.581296 0.025377
vt 0.581784 0.025377
vt 0.581296 0.024889
f 110/328/110 107/320/107 120/360/120
vt 0.581296 0.025377
vt 0.581784 0.025377
vt 0.581296 0.024889
f 110/328/110 120/359/120 122/366/122
vt 0.581216 0.027071
vt 0.581704 0.027071
vt 0.581216 0.026583
f 111/331/111 101/302/101 118/354/118
vt 0.581216 0.027071
vt 0.581704 0.027071
vt 0.581216 0.026583
f 111/331/111 118/353/118 124/372/124
vt 0.577308 0.028704
vt 0.575233 0.030717
vt 0.582588 0.028614
f 144/430/144 126/377/126 128/384/128
vt 0.577308 0.028704
vt 0.582588 0.028614
vt 0.582588 0.028022
f 144/430/144 128/383/128 132/396/132
vt 0.577308 0.028704
vt 0.575285 0.029991
vt 0.575233 0.030717
f 144/430/144 131/392/131 126/378/126
vt 0.586064 0.024646
vt 0.586959 0.022513
vt 0.586959 0.021920
f 127/379/127 130/389/130 134/402/134
vt 0.586064 0.024646
vt 0.586959 0.021920
vt 0.586064 0.024054
f 127/379/127 134/401/134 133/399/133
vt 0.582588 0.028614
vt 0.584377 0.027369
vt 0.584377 0.026777
f 128/382/128 129/386/129 135/405/135
vt 0.582588 0.028614
vt 0.584377 0.026777
vt 0.582588 0.028022
f 128/382/128 135/404/135 132/396/132
vt 0.584377 0.027369
vt 0.586064 0.024646
vt 0.586064 0.024054
f 129/385/129 127/380/127 133/399/133
vt 0.584377 0.027369
vt 0.586064 0.024054
vt 0.584377 0.026777
f 129/385/129 133/398/133 135/405/135
vt 0.586959 0.021920
vt 0.586959 0.022513
vt 0.587676 0.018840
f 134/400/134 130/389/130 136/408/136
vt 0.586064 0.024054
vt 0.586959 0.021920
vt 0.586959 0.021920
f 133/397/133 134/401/134 140/420/140
vt 0.586064 0.024054
vt 0.586959 0.021920
vt 0.586064 0.023426
f 133/397/133 140/419/140 139/417/139
vt 0.582588 0.028022
vt 0.584377 0.026777
vt 0.584377 0.026149
f 132/394/132 135/404/135 141/423/141
vt 0.582588 0.028022
vt 0.584377 0.026149
vt 0.582588 0.027394
f 132/394/132 141/422/141 138/414/138
vt 0.584377 0.026777
vt 0.586064 0.024054
vt 0.586064 0.023426
f 135/403/135 133/398/133 139/417/139
vt 0.584377 0.026777
vt 0.586064 0.023426
vt 0.584377 0.026149
f 135/403/135 139/416/139 141/423/141
vt 0.586959 0.021920
vt 0.586959 0.021920
vt 0.587676 0.018840
f 140/418/140 134/401/134 142/426/142
vt 0.587676 0.018840
vt 0.587676 0.018840
vt 0.586959 0.021920
f 136/406/136 142/425/142 134/402/134
vt 0.582588 0.028022
vt 0.582588 0.027394
vt 0.577308 0.028704
f 132/394/132 138/413/138 144/432/144
vt 0.582588 0.027394
vt 0.577308 0.028704
vt 0.577308 0.028704
f 138/412/138 145/434/145 144/432/144
vt 0.577308 0.028704
vt 0.577308 0.028704
vt 0.575285 0.029991
f 144/430/144 143/428/143 131/393/131
vt 0.575285 0.029991
vt 0.577308 0.028704
vt 0.575408 0.029146
f 131/391/131 143/428/143 137/411/137
vt 0.577308 0.028704
vt 0.577308 0.028704
vt 0.577309 0.017955
f 143/427/143 144/431/144 146/438/146
vt 0.577309 0.017955
vt 0.577308 0.028704
vt 0.577309 0.017955
f 146/436/146 144/431/144 147/441/147
vt 0.577308 0.028704
vt 0.577308 0.028704
vt 0.577309 0.017955
f 144/430/144 145/434/145 148/444/148
vt 0.577308 0.028704
vt 0.577309 0.017955
vt 0.577309 0.017955
f 144/430/144 148/443/148 147/441/147
vt 0.584110 0.017712
vt 0.584110 0.017712
vt 0.585273 0.018674
f 155/463/155 150/449/150 151/453/151
vt 0.585273 0.018674
vt 0.585273 0.018674
vt 0.587676 0.018840
f 156/466/156 151/452/151 136/408/136
vt 0.587676 0.018840
vt 0.587676 0.018840
vt 0.585273 0.018674
f 142/424/142 136/407/136 151/453/151
vt 0.575265 0.018026
vt 0.575265 0.018026
vt 0.577309 0.017955
f 149/445/149 152/455/152 147/441/147
vt 0.584110 0.017712
vt 0.578106 0.017586
vt 0.578106 0.017586
f 155/463/155 154/461/154 153/459/153
vt 0.577309 0.017955
vt 0.577309 0.017955
vt 0.575265 0.018026
f 146/436/146 147/440/147 152/456/152
vt 0.577309 0.017955
vt 0.577309 0.017955
vt 0.578106 0.017586
f 147/439/147 148/443/148 153/459/153
vt 0.577309 0.017955
vt 0.578106 0.017586
vt 0.578106 0.017586
f 147/439/147 153/458/153 154/462/154
vt 0.584110 0.017712
vt 0.584110 0.017712
vt 0.578106 0.017586
f 150/448/150 155/464/155 153/459/153
vt 0.585273 0.018674
vt 0.585273 0.018674
vt 0.584110 0.017712
f 151/451/151 156/467/156 155/465/155
vt 0.575265 0.018026
vt 0.575285 0.029991
vt 0.575285 0.029991
f 149/445/149 158/473/158 131/393/131
vt 0.575265 0.018026
vt 0.575265 0.018026
vt 0.575408 0.029146
f 152/454/152 149/446/149 137/411/137
vt 0.575285 0.029991
vt 0.575408 0.029146
vt 0.575265 0.018026
f 131/391/131 137/410/137 149/447/149
vt 0.575285 0.029991
vt 0.575265 0.018026
vt 0.574983 0.024032
f 158/472/158 149/446/149 159/477/159
vt 0.574983 0.024032
vt 0.575265 0.018026
vt 0.575265 0.018026
f 159/475/159 149/446/149 157/471/157
vt 0.409621 0.417664
vt 0.406769 0.417453
vt 0.004805 0.417456
f 5/13/5 4/11/4 1/3/1
vt 0.004805 0.417456
vt 0.001953 0.417666
vt 0.409621 0.417664
f 1/1/1 3/8/3 5/15/5
vt 0.004805 0.514083
vt 0.004805 0.489157
vt 0.406769 0.489154
f 6/16/6 2/5/2 8/24/8
vt 0.004805 0.514083
vt 0.406769 0.489154
vt 0.406769 0.514080
f 6/16/6 8/23/8 7/21/7
vt 0.004805 0.489157
vt 0.406769 0.417453
vt 0.406769 0.489154
f 2/4/2 4/11/4 8/24/8
vt 0.004805 0.489157
vt 0.004805 0.417456
vt 0.406769 0.417453
f 2/4/2 1/2/1 4/12/4
vt 0.309131 0.586170
vt 0.151192 0.597200
vt 0.309487 0.598824
f 2/4/2 1/2/1 3/9/3
vt 0.159928 0.587167
vt 0.309131 0.586170
vt 0.308837 0.416153
f 23/67/23 2/5/2 5/15/5
vt 0.308837 0.416153
vt 0.151204 0.587608
vt 0.159928 0.587167
f 5/13/5 22/65/22 23/69/23
vt 0.151192 0.597200
vt 0.133910 0.598348
vt 0.151061 0.598348
f 1/1/1 50/149/50 6/18/6
vt 0.309131 0.586170
vt 0.309487 0.598824
vt 0.334585 0.605249
f 2/4/2 3/8/3 11/33/11
vt 0.334585 0.605249
vt 0.334230 0.596698
vt 0.309131 0.586170
f 11/31/11 10/29/10 2/6/2
vt 0.334585 0.605249
vt 0.334585 0.605249
vt 0.309487 0.598824
f 21/61/21 11/32/11 3/9/3
vt 0.334230 0.596698
vt 0.334585 0.605249
vt 0.354458 0.607342
f 10/28/10 11/32/11 14/42/14
vt 0.354458 0.607342
vt 0.354215 0.598789
vt 0.334230 0.596698
f 14/40/14 13/38/13 10/30/10
vt 0.309131 0.586170
vt 0.439453 0.505694
vt 0.308837 0.416153
f 2/4/2 9/26/9 5/15/5
vt 0.334230 0.596698
vt 0.354215 0.598789
vt 0.439453 0.505694
f 10/28/10 13/38/13 9/27/9
vt 0.309131 0.586170
vt 0.334230 0.596698
vt 0.439453 0.505694
f 2/4/2 10/29/10 9/27/9
vt 0.415524 0.420855
vt 0.308837 0.416153
vt 0.439453 0.505694
f 8/22/8 5/14/5 9/27/9
vt 0.354215 0.598789
vt 0.354458 0.607342
vt 0.426265 0.607342
f 13/37/13 14/41/14 17/51/17
vt 0.426265 0.607342
vt 0.425231 0.598800
vt 0.354215 0.598789
f 17/49/17 16/47/16 13/39/13
vt 0.354458 0.607342
vt 0.352224 0.607342
vt 0.426265 0.607342
f 14/40/14 12/35/12 15/45/15
vt 0.426265 0.607342
vt 0.426265 0.607342
vt 0.354458 0.607342
f 15/43/15 17/50/17 14/42/14
vt 0.439453 0.505694
vt 0.354215 0.598789
vt 0.425231 0.598800
f 9/25/9 13/38/13 16/48/16
vt 0.352224 0.607342
vt 0.354458 0.607342
vt 0.334585 0.605249
f 12/34/12 14/41/14 11/33/11
vt 0.151061 0.598348
vt 0.172405 0.598348
vt 0.151192 0.597200
f 6/16/6 18/53/18 1/3/1
vt 0.172405 0.598348
vt 0.177496 0.598348
vt 0.151192 0.597200
f 18/52/18 19/56/19 1/3/1
vt 0.177496 0.598348
vt 0.309487 0.598824
vt 0.309487 0.598824
f 19/55/19 20/59/20 3/9/3
vt 0.151192 0.597200
vt 0.177496 0.598348
vt 0.309487 0.598824
f 1/1/1 19/56/19 3/9/3
vt 0.309487 0.598824
vt 0.309487 0.598824
vt 0.334585 0.605249
f 3/7/3 20/59/20 21/63/21
vt 0.334585 0.605249
vt 0.334585 0.605249
vt 0.352224 0.607342
f 11/31/11 21/62/21 12/36/12
vt 0.308837 0.416153
vt 0.001953 0.416016
vt 0.151204 0.587608
f 5/13/5 4/11/4 22/66/22
vt 0.309131 0.586170
vt 0.159928 0.587167
vt 0.151192 0.597200
f 2/4/2 23/68/23 1/3/1
vt 0.159928 0.587167
vt 0.151204 0.587608
vt 0.151192 0.597200
f 23/67/23 22/65/22 1/3/1
vt 0.151204 0.587608
vt 0.001953 0.416016
vt 0.002854 0.549265
f 22/64/22 4/11/4 24/72/24
vt 0.106418 0.573643
vt 0.100717 0.575305
vt 0.136198 0.578320
f 25/73/25 26/77/26 34/102/34
vt 0.106418 0.573643
vt 0.136198 0.578320
vt 0.136604 0.577198
f 25/73/25 34/101/34 33/99/33
vt 0.100717 0.562394
vt 0.106420 0.568648
vt 0.137410 0.574972
f 27/79/27 28/83/28 36/108/36
vt 0.100717 0.562394
vt 0.137410 0.574972
vt 0.138022 0.573281
f 27/79/27 36/107/36 35/105/35
vt 0.100711 0.586073
vt 0.100739 0.590570
vt 0.146337 0.591487
f 29/85/29 30/89/30 38/114/38
vt 0.100711 0.586073
vt 0.146337 0.591487
vt 0.146337 0.587608
f 29/85/29 38/113/38 37/111/37
vt 0.100736 0.595016
vt 0.097398 0.597192
vt 0.146325 0.597200
f 31/91/31 32/95/32 40/120/40
vt 0.100736 0.595016
vt 0.146325 0.597200
vt 0.146337 0.595322
f 31/91/31 40/119/40 39/117/39
vt 0.106420 0.568648
vt 0.106418 0.573643
vt 0.136604 0.577198
f 28/82/28 25/74/25 33/99/33
vt 0.106420 0.568648
vt 0.136604 0.577198
vt 0.137410 0.574972
f 28/82/28 33/98/33 36/108/36
vt 0.100739 0.590570
vt 0.100736 0.595016
vt 0.146337 0.595322
f 30/88/30 31/92/31 39/117/39
vt 0.100739 0.590570
vt 0.146337 0.595322
vt 0.146337 0.591487
f 30/88/30 39/116/39 38/114/38
vt 0.136604 0.577198
vt 0.136198 0.578320
vt 0.146337 0.587608
f 33/97/33 34/101/34 37/111/37
vt 0.136604 0.577198
vt 0.146337 0.587608
vt 0.148373 0.589244
f 33/97/33 37/110/37 41/123/41
vt 0.138022 0.573281
vt 0.137410 0.574972
vt 0.149308 0.589244
f 35/103/35 36/107/36 43/129/43
vt 0.138022 0.573281
vt 0.149308 0.589244
vt 0.151204 0.587608
f 35/103/35 43/128/43 42/126/42
vt 0.146337 0.587608
vt 0.146337 0.591487
vt 0.146337 0.591487
f 37/109/37 38/113/38 44/132/44
vt 0.137410 0.574972
vt 0.136604 0.577198
vt 0.148373 0.589244
f 36/106/36 33/98/33 41/123/41
vt 0.137410 0.574972
vt 0.148373 0.589244
vt 0.149308 0.589244
f 36/106/36 41/122/41 43/129/43
vt 0.146337 0.595322
vt 0.146337 0.591487
vt 0.146337 0.591487
f 39/115/39 44/131/44 38/114/38
vt 0.148902 0.591487
vt 0.149308 0.589244
vt 0.146337 0.591487
f 45/133/45 48/143/48 44/132/44
vt 0.148373 0.589244
vt 0.146337 0.587608
vt 0.146337 0.591487
f 49/145/49 37/110/37 44/132/44
vt 0.148373 0.589244
vt 0.146337 0.591487
vt 0.149308 0.589244
f 49/145/49 44/131/44 48/144/48
vt 0.146337 0.595322
vt 0.146325 0.597200
vt 0.151192 0.597200
f 39/115/39 40/119/40 47/141/47
vt 0.146337 0.595322
vt 0.151192 0.597200
vt 0.148902 0.595322
f 39/115/39 47/140/47 46/138/46
vt 0.146337 0.591487
vt 0.146337 0.595322
vt 0.148902 0.595322
f 44/130/44 39/116/39 46/138/46
vt 0.146337 0.591487
vt 0.148902 0.595322
vt 0.148902 0.591487
f 44/130/44 46/137/46 45/135/45
vt 0.148902 0.591487
vt 0.151204 0.587608
vt 0.149308 0.589244
f 45/133/45 42/125/42 48/144/48
vt 0.148902 0.595322
vt 0.151192 0.597200
vt 0.148902 0.591487
f 46/136/46 47/140/47 45/135/45
vt 0.148902 0.591487
vt 0.151192 0.597200
vt 0.151204 0.587608
f 45/133/45 47/140/47 42/126/42
vt 0.151192 0.597200
vt 0.097398 0.597192
vt 0.133910 0.598348
f 1/1/1 7/20/7 50/150/50
vt 0.097398 0.597192
vt 0.136914 0.598348
vt 0.133910 0.598348
f 32/94/32 51/152/51 50/150/50
vt 0.587257 0.018823
vt 0.585991 0.018823
vt 0.585991 0.030723
f 53/157/53 52/155/52 58/174/58
vt 0.587257 0.018823
vt 0.585991 0.030723
vt 0.587257 0.030723
f 53/157/53 58/173/58 59/177/59
vt 0.577126 0.018823
vt 0.575860 0.018823
vt 0.575860 0.030723
f 54/160/54 53/158/53 59/177/59
vt 0.577126 0.018823
vt 0.575860 0.030723
vt 0.577126 0.030723
f 54/160/54 59/176/59 60/180/60
vt 0.579659 0.018823
vt 0.578393 0.018823
vt 0.578393 0.030723
f 55/163/55 54/161/54 60/180/60
vt 0.579659 0.018823
vt 0.578393 0.030723
vt 0.579659 0.030723
f 55/163/55 60/179/60 61/183/61
vt 0.582192 0.018823
vt 0.580926 0.018823
vt 0.580926 0.030723
f 55/163/55 61/182/61 62/186/62
vt 0.582192 0.018823
vt 0.580926 0.030723
vt 0.582192 0.030723
f 55/163/55 62/185/62 67/201/67
vt 0.584725 0.030723
vt 0.583458 0.018823
vt 0.583458 0.030723
f 58/172/58 66/197/66 63/189/63
vt 0.584725 0.018823
vt 0.583458 0.018823
vt 0.584725 0.030723
f 58/172/58 52/155/52 66/198/66
vt 0.585991 0.030723
vt 0.581559 0.030723
vt 0.587257 0.030723
f 58/172/58 60/179/60 59/177/59
vt 0.580926 0.030723
vt 0.581559 0.030723
vt 0.582192 0.030723
f 61/181/61 60/179/60 62/186/62
vt 0.582192 0.030723
vt 0.581559 0.030723
vt 0.583458 0.030723
f 62/184/62 60/179/60 63/189/63
vt 0.583458 0.030723
vt 0.581559 0.030723
vt 0.584725 0.030723
f 63/187/63 60/179/60 58/174/58
vt 0.581559 0.018823
vt 0.582192 0.018823
vt 0.581559 0.018823
f 56/166/56 66/197/66 57/171/57
vt 0.581559 0.018823
vt 0.582192 0.018823
vt 0.581559 0.018823
f 57/169/57 66/197/66 52/156/52
vt 0.581559 0.018823
vt 0.582192 0.018823
vt 0.581559 0.018823
f 55/163/55 67/200/67 56/168/56
vt 0.581559 0.018823
vt 0.582192 0.018823
vt 0.581559 0.018823
f 56/166/56 67/200/67 66/198/66
vt 0.581559 0.018823
vt 0.582192 0.018823
vt 0.581559 0.018823
f 62/184/62 63/188/63 65/195/65
vt 0.581559 0.018823
vt 0.582192 0.018823
vt 0.581559 0.018823
f 62/184/62 65/194/65 64/192/64
vt 0.587257 0.018823
vt 0.584725 0.018823
vt 0.584725 0.030723
f 69/205/69 68/203/68 74/222/74
vt 0.587257 0.018823
vt 0.584725 0.030723
vt 0.587257 0.030723
f 69/205/69 74/221/74 75/225/75
vt 0.575860 0.018823
vt 0.574172 0.018823
vt 0.574172 0.030723
f 70/208/70 69/206/69 75/225/75
vt 0.575860 0.018823
vt 0.574172 0.030723
vt 0.575860 0.030723
f 70/208/70 75/224/75 76/228/76
vt 0.578393 0.018823
vt 0.575860 0.018823
vt 0.575860 0.030723
f 71/211/71 70/209/70 76/228/76
vt 0.578393 0.018823
vt 0.575860 0.030723
vt 0.578393 0.030723
f 71/211/71 76/227/76 77/231/77
vt 0.580926 0.018823
vt 0.578393 0.018823
vt 0.578393 0.030723
f 72/214/72 71/212/71 77/231/77
vt 0.580926 0.018823
vt 0.578393 0.030723
vt 0.580926 0.030723
f 72/214/72 77/230/77 78/234/78
vt 0.582192 0.018823
vt 0.580926 0.018823
vt 0.580926 0.030723
f 73/217/73 72/215/72 78/234/78
vt 0.582192 0.018823
vt 0.580926 0.030723
vt 0.582192 0.030723
f 73/217/73 78/233/78 79/237/79
vt 0.584725 0.018823
vt 0.582192 0.018823
vt 0.582192 0.030723
f 68/202/68 73/218/73 79/237/79
vt 0.584725 0.018823
vt 0.582192 0.030723
vt 0.584725 0.030723
f 68/202/68 79/236/79 74/222/74
vt 0.584725 0.030723
vt 0.581559 0.030723
vt 0.587257 0.030723
f 74/220/74 78/233/78 75/225/75
vt 0.574172 0.030723
vt 0.581559 0.030723
vt 0.575860 0.030723
f 75/223/75 78/233/78 76/228/76
vt 0.575860 0.030723
vt 0.581559 0.030723
vt 0.578393 0.030723
f 76/226/76 78/233/78 77/231/77
vt 0.582192 0.030723
vt 0.581559 0.030723
vt 0.584725 0.030723
f 79/235/79 78/233/78 74/222/74
vt 0.587257 0.018823
vt 0.585991 0.018823
vt 0.585991 0.030723
f 81/241/81 80/239/80 86/258/86
vt 0.587257 0.018823
vt 0.585991 0.030723
vt 0.587257 0.030723
f 81/241/81 86/257/86 87/261/87
vt 0.577126 0.018823
vt 0.575860 0.018823
vt 0.575860 0.030723
f 82/244/82 81/242/81 87/261/87
vt 0.577126 0.018823
vt 0.575860 0.030723
vt 0.577126 0.030723
f 82/244/82 87/260/87 88/264/88
vt 0.579659 0.018823
vt 0.578393 0.018823
vt 0.578393 0.030723
f 83/247/83 82/245/82 88/264/88
vt 0.579659 0.018823
vt 0.578393 0.030723
vt 0.579659 0.030723
f 83/247/83 88/263/88 89/267/89
vt 0.582192 0.018823
vt 0.580926 0.018823
vt 0.580926 0.030723
f 83/247/83 89/266/89 90/270/90
vt 0.582192 0.018823
vt 0.580926 0.030723
vt 0.582192 0.030723
f 83/247/83 90/269/90 95/285/95
vt 0.584725 0.030723
vt 0.583458 0.018823
vt 0.583458 0.030723
f 86/256/86 94/281/94 91/273/91
vt 0.584725 0.018823
vt 0.583458 0.018823
vt 0.584725 0.030723
f 86/256/86 80/239/80 94/282/94
vt 0.578393 0.030723
vt 0.581559 0.030723
vt 0.579659 0.030723
f 88/262/88 87/260/87 89/267/89
vt 0.580926 0.030723
vt 0.581559 0.030723
vt 0.582192 0.030723
f 89/265/89 87/260/87 90/270/90
vt 0.582192 0.030723
vt 0.581559 0.030723
vt 0.583458 0.030723
f 90/268/90 87/260/87 91/273/91
vt 0.583458 0.030723
vt 0.581559 0.030723
vt 0.584725 0.030723
f 91/271/91 87/260/87 86/258/86
vt 0.581559 0.018823
vt 0.582192 0.018823
vt 0.581559 0.018823
f 84/250/84 94/281/94 85/255/85
vt 0.581559 0.018823
vt 0.582192 0.018823
vt 0.581559 0.018823
f 85/253/85 94/281/94 80/240/80
vt 0.581559 0.018823
vt 0.582192 0.018823
vt 0.581559 0.018823
f 83/247/83 95/284/95 84/252/84
vt 0.581559 0.018823
vt 0.582192 0.018823
vt 0.581559 0.018823
f 84/250/84 95/284/95 94/282/94
vt 0.581559 0.018823
vt 0.582192 0.018823
vt 0.581559 0.018823
f 90/268/90 91/272/91 93/279/93
vt 0.581559 0.018823
vt 0.582192 0.018823
vt 0.581559 0.018823
f 90/268/90 93/278/93 92/276/92
vt 0.581559 0.018823
vt 0.582192 0.018823
vt 0.581559 0.018823
f 91/271/91 94/281/94 96/288/96
vt 0.581559 0.018823
vt 0.582192 0.018823
vt 0.581559 0.018823
f 91/271/91 96/287/96 93/279/93
vt 0.587257 0.018823
vt 0.584725 0.018823
vt 0.584725 0.030723
f 98/292/98 97/290/97 103/309/103
vt 0.587257 0.018823
vt 0.584725 0.030723
vt 0.587257 0.030723
f 98/292/98 103/308/103 104/312/104
vt 0.575860 0.018823
vt 0.574172 0.018823
vt 0.574172 0.030723
f 99/295/99 98/293/98 104/312/104
vt 0.575860 0.018823
vt 0.574172 0.030723
vt 0.575860 0.030723
f 99/295/99 104/311/104 105/315/105
vt 0.578393 0.018823
vt 0.575860 0.018823
vt 0.575860 0.030723
f 100/298/100 99/296/99 105/315/105
vt 0.578393 0.018823
vt 0.575860 0.030723
vt 0.578393 0.030723
f 100/298/100 105/314/105 106/318/106
vt 0.580926 0.018823
vt 0.578393 0.018823
vt 0.578393 0.030723
f 101/301/101 100/299/100 106/318/106
vt 0.580926 0.018823
vt 0.578393 0.030723
vt 0.580926 0.030723
f 101/301/101 106/317/106 107/321/107
vt 0.582192 0.018823
vt 0.580926 0.018823
vt 0.580926 0.030723
f 102/304/102 101/302/101 107/321/107
vt 0.582192 0.018823
vt 0.580926 0.030723
vt 0.582192 0.030723
f 102/304/102 107/320/107 108/324/108
vt 0.584725 0.018823
vt 0.582192 0.018823
vt 0.582192 0.030723
f 97/289/97 102/305/102 108/324/108
vt 0.584725 0.018823
vt 0.582192 0.030723
vt 0.584725 0.030723
f 97/289/97 108/323/108 103/309/103
vt 0.584725 0.030723
vt 0.581559 0.030723
vt 0.587257 0.030723
f 103/307/103 108/323/108 104/312/104
vt 0.574172 0.030723
vt 0.581559 0.030723
vt 0.575860 0.030723
f 104/310/104 108/323/108 105/315/105
vt 0.575860 0.030723
vt 0.581559 0.030723
vt 0.578393 0.030723
f 105/313/105 108/323/108 106/318/106
vt 0.578393 0.030723
vt 0.581559 0.030723
vt 0.580926 0.030723
f 106/316/106 108/323/108 107/321/107
vt 0.202120 0.515370
vt 0.165485 0.518879
vt 0.165485 0.531765
f 114/340/114 112/335/112 116/348/116
vt 0.202120 0.515370
vt 0.165485 0.531765
vt 0.202120 0.532766
f 114/340/114 116/347/116 119/357/119
vt 0.165485 0.534638
vt 0.202120 0.536645
vt 0.202120 0.536645
f 109/325/109 110/329/110 118/354/118
vt 0.165485 0.534638
vt 0.202120 0.536645
vt 0.165485 0.534638
f 109/325/109 118/353/118 115/345/115
vt 0.202120 0.536645
vt 0.285100 0.536071
vt 0.288621 0.536071
f 110/328/110 111/332/111 117/351/117
vt 0.202120 0.536645
vt 0.288621 0.536071
vt 0.202120 0.536645
f 110/328/110 117/350/117 118/354/118
vt 0.284449 0.508760
vt 0.202120 0.515370
vt 0.202120 0.532766
f 113/337/113 114/341/114 119/357/119
vt 0.284449 0.508760
vt 0.202120 0.532766
vt 0.288621 0.536071
f 113/337/113 119/356/119 117/351/117
vt 0.165485 0.531765
vt 0.165485 0.534638
vt 0.202120 0.536645
f 116/346/116 115/344/115 118/354/118
vt 0.165485 0.531765
vt 0.202120 0.536645
vt 0.202120 0.532766
f 116/346/116 118/353/118 119/357/119
vt 0.202120 0.536645
vt 0.288621 0.536071
vt 0.202120 0.532766
f 118/352/118 117/350/117 119/357/119
vt 0.580370 0.029412
vt 0.582748 0.029916
vt 0.582748 0.029916
f 120/358/120 121/362/121 124/372/124
vt 0.580370 0.029412
vt 0.582748 0.029916
vt 0.580370 0.029412
f 120/358/120 124/371/124 125/375/125
vt 0.582748 0.027151
vt 0.580370 0.027151
vt 0.580370 0.029412
f 122/364/122 123/368/123 125/375/125
vt 0.582748 0.027151
vt 0.580370 0.029412
vt 0.582748 0.029412
f 122/364/122 125/374/125 126/378/126
vt 0.580370 0.029412
vt 0.582748 0.029916
vt 0.582748 0.029412
f 125/373/125 124/371/124 126/378/126
vt 0.585991 0.018823
vt 0.587257 0.018823
vt 0.587257 0.030723
f 127/379/127 128/383/128 134/402/134
vt 0.585991 0.018823
vt 0.587257 0.030723
vt 0.585991 0.030723
f 127/379/127 134/401/134 133/399/133
vt 0.575860 0.018823
vt 0.577126 0.018823
vt 0.577126 0.030723
f 128/382/128 129/386/129 135/405/135
vt 0.575860 0.018823
vt 0.577126 0.030723
vt 0.575860 0.030723
f 128/382/128 135/404/135 134/402/134
vt 0.578393 0.018823
vt 0.579659 0.018823
vt 0.579659 0.030723
f 129/385/129 130/389/130 136/408/136
vt 0.578393 0.018823
vt 0.579659 0.030723
vt 0.578393 0.030723
f 129/385/129 136/407/136 135/405/135
vt 0.580926 0.018823
vt 0.582192 0.018823
vt 0.582192 0.030723
f 136/406/136 130/389/130 142/426/142
vt 0.580926 0.018823
vt 0.582192 0.030723
vt 0.580926 0.030723
f 136/406/136 142/425/142 137/411/137
vt 0.583458 0.018823
vt 0.584725 0.030723
vt 0.583458 0.030723
f 141/421/141 133/398/133 138/414/138
vt 0.583458 0.018823
vt 0.584725 0.018823
vt 0.584725 0.030723
f 127/379/127 133/398/133 141/423/141
vt 0.581559 0.030723
vt 0.578393 0.030723
vt 0.579659 0.030723
f 134/400/134 135/404/135 136/408/136
vt 0.581559 0.030723
vt 0.580926 0.030723
vt 0.582192 0.030723
f 134/400/134 136/407/136 137/411/137
vt 0.581559 0.030723
vt 0.582192 0.030723
vt 0.583458 0.030723
f 134/400/134 137/410/137 138/414/138
vt 0.581559 0.030723
vt 0.583458 0.030723
vt 0.584725 0.030723
f 134/400/134 138/413/138 133/399/133
vt 0.581559 0.018823
vt 0.582192 0.018823
vt 0.581559 0.018823
f 141/421/141 131/392/131 132/396/132
vt 0.581559 0.018823
vt 0.582192 0.018823
vt 0.581559 0.018823
f 141/421/141 132/395/132 127/381/127
vt 0.581559 0.018823
vt 0.582192 0.018823
vt 0.581559 0.018823
f 142/424/142 130/389/130 131/393/131
vt 0.581559 0.018823
vt 0.582192 0.018823
vt 0.581559 0.018823
f 142/424/142 131/392/131 141/423/141
vt 0.581559 0.018823
vt 0.582192 0.018823
vt 0.581559 0.018823
f 138/412/138 137/410/137 139/417/139
vt 0.581559 0.018823
vt 0.582192 0.018823
vt 0.581559 0.018823
f 138/412/138 139/416/139 140/420/140
vt 0.581559 0.018823
vt 0.582192 0.018823
vt 0.581559 0.018823
f 141/421/141 138/413/138 140/420/140
vt 0.581559 0.018823
vt 0.582192 0.018823
vt 0.581559 0.018823
f 141/421/141 140/419/140 143/429/143
vt 0.151192 0.597200
vt 0.309131 0.586170
vt 0.309487 0.598824
f 1/1/1 2/5/2 3/9/3
vt 0.309131 0.586170
vt 0.159928 0.587167
vt 0.308837 0.416153
f 2/4/2 23/68/23 5/15/5
vt 0.151199 0.587608
vt 0.308837 0.416153
vt 0.159928 0.587167
f 22/64/22 5/14/5 23/69/23
vt 0.144542 0.598462
vt 0.151192 0.597200
vt 0.151061 0.598348
f 45/133/45 1/2/1 6/18/6
vt 0.309487 0.598824
vt 0.309131 0.586170
vt 0.334585 0.605249
f 3/7/3 2/5/2 11/33/11
vt 0.334230 0.596698
vt 0.334585 0.605249
vt 0.309131 0.586170
f 10/28/10 11/32/11 2/6/2
vt 0.334585 0.605249
vt 0.334585 0.605249
vt 0.309487 0.598824
f 11/31/11 21/62/21 3/9/3
vt 0.334585 0.605249
vt 0.334230 0.596698
vt 0.354458 0.607342
f 11/31/11 10/29/10 14/42/14
vt 0.354214 0.598789
vt 0.354458 0.607342
vt 0.334230 0.596698
f 13/37/13 14/41/14 10/30/10
vt 0.439453 0.505694
vt 0.309131 0.586170
vt 0.308837 0.416153
f 9/25/9 2/5/2 5/15/5
vt 0.354214 0.598789
vt 0.334230 0.596698
vt 0.439453 0.505694
f 13/37/13 10/29/10 9/27/9
vt 0.334230 0.596698
vt 0.309131 0.586170
vt 0.439453 0.505694
f 10/28/10 2/5/2 9/27/9
vt 0.308837 0.416153
vt 0.415524 0.420855
vt 0.439453 0.505694
f 5/13/5 8/23/8 9/27/9
vt 0.354458 0.607342
vt 0.354214 0.598789
vt 0.426265 0.607343
f 14/40/14 13/38/13 17/51/17
vt 0.425231 0.598800
vt 0.426265 0.607343
vt 0.354214 0.598789
f 16/46/16 17/50/17 13/39/13
vt 0.352224 0.607342
vt 0.354458 0.607342
vt 0.426265 0.607343
f 12/34/12 14/41/14 15/45/15
vt 0.426265 0.607343
vt 0.426265 0.607343
vt 0.354458 0.607342
f 17/49/17 15/44/15 14/42/14
vt 0.354214 0.598789
vt 0.439453 0.505694
vt 0.425231 0.598800
f 13/37/13 9/26/9 16/48/16
vt 0.354458 0.607342
vt 0.352224 0.607342
vt 0.334585 0.605249
f 14/40/14 12/35/12 11/33/11
vt 0.172405 0.598348
vt 0.151061 0.598348
vt 0.151192 0.597200
f 18/52/18 6/17/6 1/3/1
vt 0.177496 0.598348
vt 0.172405 0.598348
vt 0.151192 0.597200
f 19/55/19 18/53/18 1/3/1
vt 0.309487 0.598824
vt 0.177496 0.598348
vt 0.309487 0.598824
f 20/58/20 19/56/19 3/9/3
vt 0.177496 0.598348
vt 0.151192 0.597200
vt 0.309487 0.598824
f 19/55/19 1/2/1 3/9/3
vt 0.309487 0.598824
vt 0.309487 0.598824
vt 0.334585 0.605249
f 20/58/20 3/8/3 21/63/21
vt 0.334585 0.605249
vt 0.334585 0.605249
vt 0.352224 0.607342
f 21/61/21 11/32/11 12/36/12
vt 0.001953 0.416016
vt 0.308837 0.416153
vt 0.151199 0.587608
f 4/10/4 5/14/5 22/66/22
vt 0.159928 0.587167
vt 0.309131 0.586170
vt 0.151192 0.597200
f 23/67/23 2/5/2 1/3/1
vt 0.151199 0.587608
vt 0.159928 0.587167
vt 0.151192 0.597200
f 22/64/22 23/68/23 1/3/1
vt 0.001953 0.416016
vt 0.151199 0.587608
vt 0.002854 0.549265
f 4/10/4 22/65/22 24/72/24
vt 0.137398 0.574972
vt 0.106408 0.568648
vt 0.100705 0.562394
f 32/94/32 25/74/25 26/78/26
vt 0.137398 0.574972
vt 0.100705 0.562394
vt 0.138010 0.573281
f 32/94/32 26/77/26 33/99/33
vt 0.146325 0.597200
vt 0.100667 0.597192
vt 0.100723 0.595016
f 34/100/34 7/20/7 27/81/27
vt 0.146325 0.597200
vt 0.100723 0.595016
vt 0.146325 0.595322
f 34/100/34 27/80/27 35/105/35
vt 0.146325 0.595322
vt 0.100723 0.595016
vt 0.100727 0.590570
f 35/103/35 27/80/27 30/90/30
vt 0.146325 0.595322
vt 0.100727 0.590570
vt 0.146325 0.591487
f 35/103/35 30/89/30 38/114/38
vt 0.136186 0.578320
vt 0.100705 0.575305
vt 0.106406 0.573643
f 37/109/37 29/86/29 31/93/31
vt 0.136186 0.578320
vt 0.106406 0.573643
vt 0.136592 0.577198
f 37/109/37 31/92/31 39/117/39
vt 0.106408 0.568648
vt 0.137398 0.574972
vt 0.136592 0.577198
f 25/73/25 32/95/32 39/117/39
vt 0.106408 0.568648
vt 0.136592 0.577198
vt 0.106406 0.573643
f 25/73/25 39/116/39 31/93/31
vt 0.100699 0.586073
vt 0.146325 0.587608
vt 0.146325 0.591487
f 28/82/28 36/107/36 38/114/38
vt 0.100699 0.586073
vt 0.146325 0.591487
vt 0.100727 0.590570
f 28/82/28 38/113/38 30/90/30
vt 0.138010 0.573281
vt 0.151199 0.587608
vt 0.149295 0.589244
f 33/97/33 22/65/22 40/120/40
vt 0.138010 0.573281
vt 0.149295 0.589244
vt 0.137398 0.574972
f 33/97/33 40/119/40 32/96/32
vt 0.136186 0.578320
vt 0.136592 0.577198
vt 0.148360 0.589244
f 37/109/37 39/116/39 41/123/41
vt 0.136186 0.578320
vt 0.148360 0.589244
vt 0.146325 0.587608
f 37/109/37 41/122/41 36/108/36
vt 0.137398 0.574972
vt 0.149295 0.589244
vt 0.148360 0.589244
f 32/94/32 40/119/40 41/123/41
vt 0.137398 0.574972
vt 0.148360 0.589244
vt 0.136592 0.577198
f 32/94/32 41/122/41 39/117/39
vt 0.151192 0.597200
vt 0.146325 0.597200
vt 0.146325 0.595322
f 1/1/1 34/101/34 35/105/35
vt 0.151192 0.597200
vt 0.146325 0.595322
vt 0.148890 0.595322
f 1/1/1 35/104/35 42/126/42
vt 0.148890 0.595322
vt 0.146325 0.595322
vt 0.146325 0.591487
f 42/124/42 35/104/35 38/114/38
vt 0.148890 0.595322
vt 0.146325 0.591487
vt 0.148890 0.591487
f 42/124/42 38/113/38 43/129/43
vt 0.149295 0.589244
vt 0.151199 0.587608
vt 0.148890 0.591487
f 40/118/40 22/65/22 43/129/43
vt 0.146325 0.591487
vt 0.148360 0.589244
vt 0.149295 0.589244
f 38/112/38 41/122/41 40/120/40
vt 0.146325 0.591487
vt 0.146325 0.587608
vt 0.148360 0.589244
f 38/112/38 36/107/36 41/123/41
vt 0.146325 0.591487
vt 0.149295 0.589244
vt 0.148890 0.591487
f 38/112/38 40/119/40 43/129/43
vt 0.151192 0.597200
vt 0.148890 0.595322
vt 0.148890 0.591487
f 1/1/1 42/125/42 43/129/43
vt 0.151192 0.597200
vt 0.148890 0.591487
vt 0.151199 0.587608
f 1/1/1 43/128/43 22/66/22
vt 0.100667 0.597192
vt 0.151192 0.597200
vt 0.144542 0.598462
f 7/19/7 1/2/1 45/135/45
vt 0.131523 0.596012
vt 0.100667 0.597192
vt 0.144542 0.598462
f 44/130/44 7/20/7 45/135/45
vt 0.165485 0.518879
vt 0.202120 0.515370
vt 0.202120 0.532766
f 49/145/49 51/152/51 56/168/56
vt 0.165485 0.518879
vt 0.202120 0.532766
vt 0.165485 0.531765
f 49/145/49 56/167/56 53/159/53
vt 0.202120 0.536645
vt 0.165485 0.534638
vt 0.165485 0.534638
f 47/139/47 46/137/46 52/156/52
vt 0.202120 0.536645
vt 0.165485 0.534638
vt 0.202120 0.536645
f 47/139/47 52/155/52 55/165/55
vt 0.285100 0.536071
vt 0.202120 0.536645
vt 0.202120 0.536645
f 48/142/48 47/140/47 55/165/55
vt 0.285100 0.536071
vt 0.202120 0.536645
vt 0.288621 0.536071
f 48/142/48 55/164/55 54/162/54
vt 0.202120 0.515370
vt 0.284449 0.508760
vt 0.288621 0.536071
f 51/151/51 50/149/50 54/162/54
vt 0.202120 0.515370
vt 0.288621 0.536071
vt 0.202120 0.532766
f 51/151/51 54/161/54 56/168/56
vt 0.165485 0.534638
vt 0.165485 0.531765
vt 0.202120 0.532766
f 52/154/52 53/158/53 56/168/56
vt 0.165485 0.534638
vt 0.202120 0.532766
vt 0.202120 0.536645
f 52/154/52 56/167/56 55/165/55
vt 0.288621 0.536071
vt 0.202120 0.536645
vt 0.202120 0.532766
f 54/160/54 55/164/55 56/168/56
vt 0.587257 0.018823
vt 0.585991 0.018823
vt 0.585991 0.030723
f 58/172/58 57/170/57 63/189/63
vt 0.587257 0.018823
vt 0.585991 0.030723
vt 0.587257 0.030723
f 58/172/58 63/188/63 64/192/64
vt 0.577126 0.018823
vt 0.575860 0.018823
vt 0.575860 0.030723
f 59/175/59 58/173/58 64/192/64
vt 0.577126 0.018823
vt 0.575860 0.030723
vt 0.577126 0.030723
f 59/175/59 64/191/64 65/195/65
vt 0.579659 0.018823
vt 0.578393 0.018823
vt 0.578393 0.030723
f 60/178/60 59/176/59 65/195/65
vt 0.579659 0.018823
vt 0.578393 0.030723
vt 0.579659 0.030723
f 60/178/60 65/194/65 66/198/66
vt 0.582192 0.018823
vt 0.580926 0.018823
vt 0.580926 0.030723
f 60/178/60 66/197/66 67/201/67
vt 0.582192 0.018823
vt 0.580926 0.030723
vt 0.582192 0.030723
f 60/178/60 67/200/67 72/216/72
vt 0.584725 0.030723
vt 0.583458 0.018823
vt 0.583458 0.030723
f 63/187/63 71/212/71 68/204/68
vt 0.584725 0.018823
vt 0.583458 0.018823
vt 0.584725 0.030723
f 63/187/63 57/170/57 71/213/71
vt 0.578393 0.030723
vt 0.581559 0.030723
vt 0.579659 0.030723
f 65/193/65 64/191/64 66/198/66
vt 0.580926 0.030723
vt 0.581559 0.030723
vt 0.582192 0.030723
f 66/196/66 64/191/64 67/201/67
vt 0.582192 0.030723
vt 0.581559 0.030723
vt 0.583458 0.030723
f 67/199/67 64/191/64 68/204/68
vt 0.583458 0.030723
vt 0.581559 0.030723
vt 0.584725 0.030723
f 68/202/68 64/191/64 63/189/63
vt 0.581559 0.018823
vt 0.582192 0.018823
vt 0.581559 0.018823
f 61/181/61 71/212/71 62/186/62
vt 0.581559 0.018823
vt 0.582192 0.018823
vt 0.581559 0.018823
f 62/184/62 71/212/71 57/171/57
vt 0.581559 0.018823
vt 0.582192 0.018823
vt 0.581559 0.018823
f 60/178/60 72/215/72 61/183/61
vt 0.581559 0.018823
vt 0.582192 0.018823
vt 0.581559 0.018823
f 61/181/61 72/215/72 71/213/71
vt 0.581559 0.018823
vt 0.582192 0.018823
vt 0.581559 0.018823
f 67/199/67 68/203/68 70/210/70
vt 0.581559 0.018823
vt 0.582192 0.018823
vt 0.581559 0.018823
f 67/199/67 70/209/70 69/207/69
vt 0.587257 0.018823
vt 0.585991 0.018823
vt 0.585991 0.030723
f 74/220/74 73/218/73 79/237/79
vt 0.587257 0.018823
vt 0.585991 0.030723
vt 0.587257 0.030723
f 74/220/74 79/236/79 80/240/80
vt 0.577126 0.018823
vt 0.575860 0.018823
vt 0.575860 0.030723
f 75/223/75 74/221/74 80/240/80
vt 0.577126 0.018823
vt 0.575860 0.030723
vt 0.577126 0.030723
f 75/223/75 80/239/80 81/243/81
vt 0.579659 0.018823
vt 0.578393 0.018823
vt 0.578393 0.030723
f 76/226/76 75/224/75 81/243/81
vt 0.579659 0.018823
vt 0.578393 0.030723
vt 0.579659 0.030723
f 76/226/76 81/242/81 82/246/82
vt 0.582192 0.018823
vt 0.580926 0.018823
vt 0.580926 0.030723
f 76/226/76 82/245/82 83/249/83
vt 0.582192 0.018823
vt 0.580926 0.030723
vt 0.582192 0.030723
f 76/226/76 83/248/83 88/264/88
vt 0.584725 0.030723
vt 0.583458 0.018823
vt 0.583458 0.030723
f 79/235/79 87/260/87 84/252/84
vt 0.584725 0.018823
vt 0.583458 0.018823
vt 0.584725 0.030723
f 79/235/79 73/218/73 87/261/87
vt 0.585991 0.030723
vt 0.581559 0.030723
vt 0.587257 0.030723
f 79/235/79 81/242/81 80/240/80
vt 0.580926 0.030723
vt 0.581559 0.030723
vt 0.582192 0.030723
f 82/244/82 81/242/81 83/249/83
vt 0.582192 0.030723
vt 0.581559 0.030723
vt 0.583458 0.030723
f 83/247/83 81/242/81 84/252/84
vt 0.583458 0.030723
vt 0.581559 0.030723
vt 0.584725 0.030723
f 84/250/84 81/242/81 79/237/79
vt 0.581559 0.018823
vt 0.582192 0.018823
vt 0.581559 0.018823
f 77/229/77 87/260/87 78/234/78
vt 0.581559 0.018823
vt 0.582192 0.018823
vt 0.581559 0.018823
f 78/232/78 87/260/87 73/219/73
vt 0.581559 0.018823
vt 0.582192 0.018823
vt 0.581559 0.018823
f 76/226/76 88/263/88 77/231/77
vt 0.581559 0.018823
vt 0.582192 0.018823
vt 0.581559 0.018823
f 77/229/77 88/263/88 87/261/87
vt 0.581559 0.018823
vt 0.582192 0.018823
vt 0.581559 0.018823
f 83/247/83 84/251/84 86/258/86
vt 0.581559 0.018823
vt 0.582192 0.018823
vt 0.581559 0.018823
f 83/247/83 86/257/86 85/255/85
vt 0.581559 0.018823
vt 0.582192 0.018823
vt 0.581559 0.018823
f 84/250/84 87/260/87 89/267/89
vt 0.581559 0.018823
vt 0.582192 0.018823
vt 0.581559 0.018823
f 84/250/84 89/266/89 86/258/86
vt 0.587257 0.030723
vt 0.584725 0.018823
vt 0.584725 0.030723
f 92/274/92 90/269/90 91/273/91
vt 0.575860 0.030723
vt 0.574172 0.018823
vt 0.574172 0.030723
f 93/277/93 90/269/90 92/276/92
vt 0.578393 0.030723
vt 0.575860 0.018823
vt 0.575860 0.030723
f 94/280/94 90/269/90 93/279/93
vt 0.580926 0.030723
vt 0.578393 0.018823
vt 0.578393 0.030723
f 95/283/95 90/269/90 94/282/94
vt 0.582192 0.030723
vt 0.580926 0.018823
vt 0.580926 0.030723
f 96/286/96 90/269/90 95/285/95
vt 0.584725 0.030723
vt 0.582192 0.018823
vt 0.582192 0.030723
f 91/271/91 90/269/90 96/288/96
vt 0.584725 0.030723
vt 0.581559 0.030723
vt 0.587257 0.030723
f 91/271/91 95/284/95 92/276/92
vt 0.574172 0.030723
vt 0.581559 0.030723
vt 0.575860 0.030723
f 92/274/92 95/284/95 93/279/93
vt 0.575860 0.030723
vt 0.581559 0.030723
vt 0.578393 0.030723
f 93/277/93 95/284/95 94/282/94
vt 0.582192 0.030723
vt 0.581559 0.030723
vt 0.584725 0.030723
f 96/286/96 95/284/95 91/273/91
vt 0.587257 0.018823
vt 0.585991 0.018823
vt 0.585991 0.030723
f 98/292/98 97/290/97 103/309/103
vt 0.587257 0.018823
vt 0.585991 0.030723
vt 0.587257 0.030723
f 98/292/98 103/308/103 104/312/104
vt 0.577126 0.018823
vt 0.575860 0.018823
vt 0.575860 0.030723
f 99/295/99 98/293/98 104/312/104
vt 0.577126 0.018823
vt 0.575860 0.030723
vt 0.577126 0.030723
f 99/295/99 104/311/104 105/315/105
vt 0.579659 0.018823
vt 0.578393 0.018823
vt 0.578393 0.030723
f 100/298/100 99/296/99 105/315/105
vt 0.579659 0.018823
vt 0.578393 0.030723
vt 0.579659 0.030723
f 100/298/100 105/314/105 106/318/106
vt 0.582192 0.018823
vt 0.580926 0.018823
vt 0.580926 0.030723
f 100/298/100 106/317/106 107/321/107
vt 0.582192 0.018823
vt 0.580926 0.030723
vt 0.582192 0.030723
f 100/298/100 107/320/107 112/336/112
vt 0.584725 0.030723
vt 0.583458 0.018823
vt 0.583458 0.030723
f 103/307/103 111/332/111 108/324/108
vt 0.584725 0.018823
vt 0.583458 0.018823
vt 0.584725 0.030723
f 103/307/103 97/290/97 111/333/111
vt 0.578393 0.030723
vt 0.581559 0.030723
vt 0.579659 0.030723
f 105/313/105 104/311/104 106/318/106
vt 0.580926 0.030723
vt 0.581559 0.030723
vt 0.582192 0.030723
f 106/316/106 104/311/104 107/321/107
vt 0.582192 0.030723
vt 0.581559 0.030723
vt 0.583458 0.030723
f 107/319/107 104/311/104 108/324/108
vt 0.583458 0.030723
vt 0.581559 0.030723
vt 0.584725 0.030723
f 108/322/108 104/311/104 103/309/103
vt 0.581559 0.018823
vt 0.582192 0.018823
vt 0.581559 0.018823
f 101/301/101 111/332/111 102/306/102
vt 0.581559 0.018823
vt 0.582192 0.018823
vt 0.581559 0.018823
f 102/304/102 111/332/111 97/291/97
vt 0.581559 0.018823
vt 0.582192 0.018823
vt 0.581559 0.018823
f 100/298/100 112/335/112 101/303/101
vt 0.581559 0.018823
vt 0.582192 0.018823
vt 0.581559 0.018823
f 101/301/101 112/335/112 111/333/111
vt 0.581559 0.018823
vt 0.582192 0.018823
vt 0.581559 0.018823
f 107/319/107 108/323/108 110/330/110
vt 0.581559 0.018823
vt 0.582192 0.018823
vt 0.581559 0.018823
f 107/319/107 110/329/110 109/327/109
vt 0.581559 0.018823
vt 0.582192 0.018823
vt 0.581559 0.018823
f 108/322/108 111/332/111 113/339/113
vt 0.581559 0.018823
vt 0.582192 0.018823
vt 0.581559 0.018823
f 108/322/108 113/338/113 110/330/110
vt 0.584725 0.030723
vt 0.581559 0.030723
vt 0.587257 0.030723
f 114/340/114 118/353/118 115/345/115
vt 0.574172 0.030723
vt 0.581559 0.030723
vt 0.575860 0.030723
f 115/343/115 118/353/118 116/348/116
vt 0.575860 0.030723
vt 0.581559 0.030723
vt 0.578393 0.030723
f 116/346/116 118/353/118 117/351/117
vt 0.582192 0.030723
vt 0.581559 0.030723
vt 0.584725 0.030723
f 119/355/119 118/353/118 114/342/114
vt 0.582748 0.029916
vt 0.580370 0.029412
vt 0.580370 0.029412
f 121/361/121 120/359/120 125/375/125
vt 0.582748 0.029916
vt 0.580370 0.029412
vt 0.582748 0.029916
f 121/361/121 125/374/125 124/372/124
vt 0.580370 0.027151
vt 0.582748 0.027151
vt 0.582748 0.029412
f 123/367/123 122/365/122 126/378/126
vt 0.580370 0.027151
vt 0.582748 0.029412
vt 0.580370 0.029412
f 123/367/123 126/377/126 125/375/125
vt 0.582748 0.029916
vt 0.580370 0.029412
vt 0.582748 0.029412
f 124/370/124 125/374/125 126/378/126
vt 0.001953 0.808141
vt 0.094544 0.806660
vt 0.099314 0.998047
f 1/1/1 6/17/6 4/12/4
vt 0.940589 0.806641
vt 0.933827 0.998041
vt 0.906918 0.867584
f 5/13/5 3/8/3 8/24/8
vt 0.933827 0.998041
vt 0.940589 0.806641
vt 0.998047 0.808118
f 3/7/3 5/14/5 2/6/2
vt 0.130509 0.867589
vt 0.933827 0.998041
vt 0.099314 0.998047
f 7/19/7 3/8/3 4/12/4
vt 0.130509 0.867589
vt 0.099314 0.998047
vt 0.094544 0.806660
f 7/19/7 4/11/4 6/18/6
vt 0.906918 0.867584
vt 0.933827 0.998041
vt 0.130509 0.867589
f 8/22/8 3/8/3 7/21/7
vt 0.524106 0.015730
vt 0.523652 0.019601
vt 0.513186 0.019602
f 9/25/9 10/29/10 11/33/11
vt 0.524106 0.015730
vt 0.513186 0.019602
vt 0.512701 0.015731
f 9/25/9 11/32/11 12/36/12
vt 0.524106 0.017131
vt 0.523652 0.021002
vt 0.523652 0.019601
f 5/13/5 8/23/8 10/30/10
vt 0.524106 0.017131
vt 0.523652 0.019601
vt 0.524106 0.015730
f 5/13/5 10/29/10 9/27/9
vt 0.513186 0.021003
vt 0.512701 0.017132
vt 0.512701 0.015731
f 7/19/7 6/17/6 12/36/12
vt 0.513186 0.021003
vt 0.512701 0.015731
vt 0.513186 0.019602
f 7/19/7 12/35/12 11/33/11
vt 0.523652 0.021002
vt 0.513186 0.021003
vt 0.513186 0.019602
f 8/22/8 7/20/7 11/33/11
vt 0.523652 0.021002
vt 0.513186 0.019602
vt 0.523652 0.019601
f 8/22/8 11/32/11 10/30/10
vt 0.512701 0.017132
vt 0.524106 0.017131
vt 0.524106 0.015730
f 6/16/6 5/14/5 9/27/9
vt 0.512701 0.017132
vt 0.524106 0.015730
vt 0.512701 0.015731
f 6/16/6 9/26/9 12/36/12
vt 0.001953 0.612829
vt 0.094544 0.611348
vt 0.099314 0.802734
f 1/1/1 6/17/6 4/12/4
vt 0.940589 0.611328
vt 0.933827 0.802728
vt 0.906918 0.672272
f 5/13/5 3/8/3 8/24/8
vt 0.933827 0.802728
vt 0.940589 0.611328
vt 0.998047 0.612805
f 3/7/3 5/14/5 2/6/2
vt 0.130509 0.672277
vt 0.933827 0.802728
vt 0.099314 0.802734
f 7/19/7 3/8/3 4/12/4
vt 0.130509 0.672277
vt 0.099314 0.802734
vt 0.094544 0.611348
f 7/19/7 4/11/4 6/18/6
vt 0.906918 0.672272
vt 0.933827 0.802728
vt 0.130509 0.672277
f 8/22/8 3/8/3 7/21/7
vt 0.646701 0.013672
vt 0.662109 0.013732
vt 0.661892 0.029230
f 3/7/3 4/11/4 1/3/1
vt 0.646701 0.013672
vt 0.661892 0.029230
vt 0.646484 0.029297
f 3/7/3 1/2/1 2/6/2
vt 0.060152 0.289366
vt 0.044799 0.280753
vt 0.095592 0.300944
f 20/58/20 42/125/42 43/129/43
vt 0.301326 0.100498
vt 0.751941 0.097972
vt 0.724460 0.134701
f 54/160/54 1/2/1 6/18/6
vt 0.301326 0.100498
vt 0.724460 0.134701
vt 0.301320 0.134703
f 54/160/54 6/17/6 53/159/53
vt 0.044398 0.152751
vt 0.020176 0.152751
vt 0.026232 0.147198
f 77/229/77 14/41/14 12/36/12
vt 0.044398 0.152751
vt 0.026232 0.147198
vt 0.044414 0.147198
f 77/229/77 12/35/12 78/234/78
vt 0.044399 0.100499
vt 0.001964 0.097950
vt 0.001964 0.063929
f 80/238/80 10/29/10 7/21/7
vt 0.751941 0.097972
vt 0.301326 0.100498
vt 0.337178 0.049935
f 1/1/1 54/161/54 63/189/63
vt 0.751941 0.097972
vt 0.337178 0.049935
vt 0.751941 0.063929
f 1/1/1 63/188/63 8/24/8
vt 0.316509 0.226132
vt 0.724344 0.226132
vt 0.724768 0.253081
f 48/142/48 15/44/15 44/132/44
vt 0.316509 0.226132
vt 0.724768 0.253081
vt 0.316512 0.253081
f 48/142/48 44/131/44 47/141/47
vt 0.044453 0.134704
vt 0.026780 0.134704
vt 0.001964 0.097950
f 79/235/79 11/32/11 10/30/10
vt 0.044453 0.134704
vt 0.001964 0.097950
vt 0.044399 0.100499
f 79/235/79 10/29/10 80/240/80
vt 0.047276 0.235428
vt 0.028407 0.209794
vt 0.018087 0.192409
f 59/175/59 22/65/22 13/39/13
vt 0.722892 0.209793
vt 0.724344 0.226132
vt 0.316509 0.209794
f 21/61/21 15/44/15 49/147/49
vt 0.731099 0.152749
vt 0.301320 0.152750
vt 0.301320 0.147197
f 17/49/17 51/152/51 52/156/52
vt 0.731099 0.152749
vt 0.301320 0.147197
vt 0.725023 0.147196
f 17/49/17 52/155/52 18/54/18
vt 0.001953 0.241446
vt 0.026970 0.226132
vt 0.028058 0.253081
f 5/13/5 16/47/16 41/123/41
vt 0.236817 0.318359
vt 0.095592 0.300944
vt 0.551704 0.318359
f 3/7/3 43/128/43 2/6/2
vt 0.044414 0.147198
vt 0.026232 0.147198
vt 0.026780 0.134704
f 78/232/78 12/35/12 11/33/11
vt 0.044414 0.147198
vt 0.026780 0.134704
vt 0.044453 0.134704
f 78/232/78 11/32/11 79/237/79
vt 0.301320 0.134703
vt 0.724460 0.134701
vt 0.725023 0.147196
f 53/157/53 6/17/6 18/54/18
vt 0.301320 0.134703
vt 0.725023 0.147196
vt 0.301320 0.147197
f 53/157/53 18/53/18 52/156/52
vt 0.044799 0.280753
vt 0.316512 0.253081
vt 0.708343 0.280753
f 42/124/42 47/140/47 45/135/45
vt 0.551704 0.318359
vt 0.658038 0.300943
vt 0.702351 0.288424
f 2/4/2 46/137/46 19/57/19
vt 0.733209 0.192408
vt 0.722892 0.209793
vt 0.316509 0.192409
f 4/10/4 21/62/21 50/150/50
vt 0.316509 0.209794
vt 0.297288 0.240119
vt 0.297289 0.235428
f 49/145/49 61/182/61 56/168/56
vt 0.095592 0.300944
vt 0.044799 0.280753
vt 0.658038 0.300943
f 43/127/43 42/125/42 46/138/46
vt 0.095592 0.300944
vt 0.658038 0.300943
vt 0.551704 0.318359
f 43/127/43 46/137/46 2/6/2
vt 0.044799 0.280753
vt 0.023265 0.266804
vt 0.028058 0.253081
f 42/124/42 23/68/23 41/123/41
vt 0.724460 0.134701
vt 0.751941 0.097972
vt 0.751941 0.097058
f 6/16/6 1/2/1 26/78/26
vt 0.724460 0.134701
vt 0.751941 0.097058
vt 0.747136 0.112372
f 6/16/6 26/77/26 25/75/25
vt 0.026232 0.147198
vt 0.020176 0.152751
vt 0.001964 0.142461
f 12/34/12 14/41/14 28/84/28
vt 0.026232 0.147198
vt 0.001964 0.142461
vt 0.009018 0.129939
f 12/34/12 28/83/28 27/81/27
vt 0.751953 0.240504
vt 0.724344 0.226132
vt 0.747018 0.211748
f 9/25/9 15/44/15 30/90/30
vt 0.751953 0.240504
vt 0.747018 0.211748
vt 0.751953 0.219467
f 9/25/9 30/89/30 29/87/29
vt 0.001964 0.097950
vt 0.026780 0.134704
vt 0.009570 0.112372
f 10/28/10 11/32/11 32/96/32
vt 0.001964 0.097950
vt 0.009570 0.112372
vt 0.001964 0.097058
f 10/28/10 32/95/32 31/93/31
vt 0.018087 0.192409
vt 0.028407 0.209794
vt 0.011215 0.196110
f 13/37/13 22/65/22 36/108/36
vt 0.018087 0.192409
vt 0.011215 0.196110
vt 0.001955 0.180330
f 13/37/13 36/107/36 35/105/35
vt 0.724344 0.226132
vt 0.722892 0.209793
vt 0.745552 0.196110
f 15/43/15 21/62/21 37/111/37
vt 0.724344 0.226132
vt 0.745552 0.196110
vt 0.747018 0.211748
f 15/43/15 37/110/37 30/90/30
vt 0.731099 0.152749
vt 0.725023 0.147196
vt 0.747705 0.129939
f 17/49/17 18/53/18 38/114/38
vt 0.731099 0.152749
vt 0.747705 0.129939
vt 0.751941 0.142461
f 17/49/17 38/113/38 34/102/34
vt 0.026970 0.226132
vt 0.001953 0.241446
vt 0.001953 0.223310
f 16/46/16 5/14/5 40/120/40
vt 0.026970 0.226132
vt 0.001953 0.223310
vt 0.009763 0.211749
f 16/46/16 40/119/40 39/117/39
vt 0.026780 0.134704
vt 0.026232 0.147198
vt 0.009018 0.129939
f 11/31/11 12/35/12 27/81/27
vt 0.026780 0.134704
vt 0.009018 0.129939
vt 0.009570 0.112372
f 11/31/11 27/80/27 32/96/32
vt 0.724460 0.134701
vt 0.747136 0.112372
vt 0.747705 0.129939
f 6/16/6 25/74/25 38/114/38
vt 0.724460 0.134701
vt 0.747705 0.129939
vt 0.725023 0.147196
f 6/16/6 38/113/38 18/54/18
vt 0.722892 0.209793
vt 0.733209 0.192408
vt 0.751951 0.180330
f 21/61/21 4/11/4 33/99/33
vt 0.722892 0.209793
vt 0.751951 0.180330
vt 0.745552 0.196110
f 21/61/21 33/98/33 37/111/37
vt 0.028407 0.209794
vt 0.026970 0.226132
vt 0.009763 0.211749
f 22/64/22 16/47/16 39/117/39
vt 0.028407 0.209794
vt 0.009763 0.211749
vt 0.011215 0.196110
f 22/64/22 39/116/39 36/108/36
vt 0.316512 0.253081
vt 0.028058 0.253081
vt 0.047273 0.244223
f 47/139/47 41/122/41 58/174/58
vt 0.316512 0.253081
vt 0.047273 0.244223
vt 0.297286 0.244223
f 47/139/47 58/173/58 55/165/55
vt 0.028058 0.253081
vt 0.023265 0.266804
vt 0.001953 0.241446
f 41/121/41 23/68/23 5/15/5
vt 0.060152 0.289366
vt 0.023265 0.266804
vt 0.044799 0.280753
f 20/58/20 23/68/23 42/126/42
vt 0.730827 0.265861
vt 0.724768 0.253081
vt 0.751953 0.240504
f 24/70/24 44/131/44 9/27/9
vt 0.708343 0.280753
vt 0.730827 0.265861
vt 0.702351 0.288424
f 45/133/45 24/71/24 19/57/19
vt 0.236817 0.318359
vt 0.060152 0.289366
vt 0.095592 0.300944
f 3/7/3 20/59/20 43/129/43
vt 0.724768 0.253081
vt 0.724344 0.226132
vt 0.751953 0.240504
f 44/130/44 15/44/15 9/27/9
vt 0.708343 0.280753
vt 0.316512 0.253081
vt 0.724768 0.253081
f 45/133/45 47/140/47 44/132/44
vt 0.708343 0.280753
vt 0.724768 0.253081
vt 0.730827 0.265861
f 45/133/45 44/131/44 24/72/24
vt 0.044799 0.280753
vt 0.708343 0.280753
vt 0.658038 0.300943
f 42/124/42 45/134/45 46/138/46
vt 0.658038 0.300943
vt 0.708343 0.280753
vt 0.702351 0.288424
f 46/136/46 45/134/45 19/57/19
vt 0.044799 0.280753
vt 0.028058 0.253081
vt 0.316512 0.253081
f 42/124/42 41/122/41 47/141/47
vt 0.316509 0.226132
vt 0.316512 0.253081
vt 0.297286 0.244223
f 48/142/48 47/140/47 55/165/55
vt 0.316509 0.209794
vt 0.724344 0.226132
vt 0.316509 0.226132
f 49/145/49 15/44/15 48/144/48
vt 0.722892 0.209793
vt 0.316509 0.209794
vt 0.316509 0.192409
f 21/61/21 49/146/49 50/150/50
vt 0.297289 0.235428
vt 0.297288 0.240119
vt 0.047275 0.240119
f 56/166/56 61/182/61 62/186/62
vt 0.297289 0.235428
vt 0.047275 0.240119
vt 0.047276 0.235428
f 56/166/56 62/185/62 59/177/59
vt 0.316509 0.192409
vt 0.316509 0.209794
vt 0.297269 0.229858
f 50/148/50 49/146/49 57/171/57
vt 0.301320 0.152750
vt 0.200188 0.104768
vt 0.200188 0.099216
f 51/151/51 73/218/73 75/225/75
vt 0.301320 0.152750
vt 0.200188 0.099216
vt 0.301320 0.147197
f 51/151/51 75/224/75 52/156/52
vt 0.301320 0.147197
vt 0.200188 0.099216
vt 0.194049 0.086721
f 52/154/52 75/224/75 71/213/71
vt 0.301320 0.147197
vt 0.194049 0.086721
vt 0.301320 0.134703
f 52/154/52 71/212/71 53/159/53
vt 0.301320 0.134703
vt 0.194049 0.086721
vt 0.194048 0.052702
f 53/157/53 71/212/71 72/216/72
vt 0.301320 0.134703
vt 0.194048 0.052702
vt 0.301326 0.100498
f 53/157/53 72/215/72 54/162/54
vt 0.316509 0.209794
vt 0.316509 0.226132
vt 0.297288 0.240119
f 49/145/49 48/143/48 61/183/61
vt 0.316509 0.209794
vt 0.297289 0.235428
vt 0.297269 0.229858
f 49/145/49 56/167/56 57/171/57
vt 0.028058 0.253081
vt 0.026970 0.226132
vt 0.047275 0.240119
f 41/121/41 16/47/16 62/186/62
vt 0.297289 0.235428
vt 0.047276 0.235428
vt 0.047256 0.229858
f 56/166/56 59/176/59 60/180/60
vt 0.297289 0.235428
vt 0.047256 0.229858
vt 0.297269 0.229858
f 56/166/56 60/179/60 57/171/57
vt 0.297288 0.240119
vt 0.297286 0.244223
vt 0.047273 0.244223
f 61/181/61 55/164/55 58/174/58
vt 0.297288 0.240119
vt 0.047273 0.244223
vt 0.047275 0.240119
f 61/181/61 58/173/58 62/186/62
vt 0.047273 0.244223
vt 0.028058 0.253081
vt 0.047275 0.240119
f 58/172/58 41/122/41 62/186/62
vt 0.047276 0.235428
vt 0.026970 0.226132
vt 0.028407 0.209794
f 59/175/59 16/47/16 22/66/22
vt 0.047256 0.229858
vt 0.047276 0.235428
vt 0.018087 0.192409
f 60/178/60 59/176/59 13/39/13
vt 0.316509 0.226132
vt 0.297286 0.244223
vt 0.297288 0.240119
f 48/142/48 55/164/55 61/183/61
vt 0.047275 0.240119
vt 0.026970 0.226132
vt 0.047276 0.235428
f 62/184/62 16/47/16 59/177/59
vt 0.173939 0.001953
vt 0.337178 0.049935
vt 0.301326 0.100498
f 64/190/64 63/188/63 54/162/54
vt 0.173939 0.001953
vt 0.301326 0.100498
vt 0.194048 0.052702
f 64/190/64 54/161/54 72/216/72
vt 0.044399 0.100499
vt 0.001964 0.063929
vt 0.173939 0.001953
f 80/238/80 7/20/7 64/192/64
vt 0.044399 0.100499
vt 0.173939 0.001953
vt 0.155839 0.052703
f 80/238/80 64/191/64 65/195/65
vt 0.194048 0.052702
vt 0.155839 0.052703
vt 0.173939 0.001953
f 72/214/72 65/194/65 64/192/64
vt 0.155839 0.052703
vt 0.155889 0.086721
vt 0.044453 0.134704
f 65/193/65 66/197/66 79/237/79
vt 0.155839 0.052703
vt 0.044453 0.134704
vt 0.044399 0.100499
f 65/193/65 79/236/79 80/240/80
vt 0.194049 0.086721
vt 0.155889 0.086721
vt 0.155839 0.052703
f 71/211/71 66/197/66 65/195/65
vt 0.194049 0.086721
vt 0.155839 0.052703
vt 0.194048 0.052702
f 71/211/71 65/194/65 72/216/72
vt 0.155889 0.086721
vt 0.150776 0.099216
vt 0.044414 0.147198
f 66/196/66 76/227/76 78/234/78
vt 0.155889 0.086721
vt 0.044414 0.147198
vt 0.044453 0.134704
f 66/196/66 78/233/78 79/237/79
vt 0.194049 0.120022
vt 0.155888 0.120022
vt 0.155889 0.107197
f 70/208/70 67/200/67 82/246/82
vt 0.194049 0.120022
vt 0.155889 0.107197
vt 0.194049 0.107196
f 70/208/70 82/245/82 81/243/81
vt 0.155876 0.125574
vt 0.150776 0.099216
vt 0.155888 0.120022
f 68/202/68 76/227/76 67/201/67
vt 0.194049 0.125574
vt 0.155876 0.125574
vt 0.155888 0.120022
f 69/205/69 68/203/68 67/201/67
vt 0.194049 0.125574
vt 0.155888 0.120022
vt 0.194049 0.120022
f 69/205/69 67/200/67 70/210/70
vt 0.194049 0.125574
vt 0.200188 0.099216
vt 0.200188 0.104768
f 69/205/69 75/224/75 73/219/73
vt 0.194049 0.107196
vt 0.194049 0.086721
vt 0.200188 0.099216
f 81/241/81 71/212/71 75/225/75
vt 0.155889 0.086721
vt 0.194049 0.086721
vt 0.194049 0.107196
f 66/196/66 71/212/71 81/243/81
vt 0.155889 0.086721
vt 0.194049 0.107196
vt 0.155889 0.107197
f 66/196/66 81/242/81 82/246/82
vt 0.149517 0.104769
vt 0.150776 0.099216
vt 0.155876 0.125574
f 74/220/74 76/227/76 68/204/68
vt 0.194049 0.125574
vt 0.194049 0.120022
vt 0.200188 0.099216
f 69/205/69 70/209/70 75/225/75
vt 0.150776 0.099216
vt 0.155889 0.107197
vt 0.155888 0.120022
f 76/226/76 82/245/82 67/201/67
vt 0.149517 0.104769
vt 0.044398 0.152751
vt 0.044414 0.147198
f 74/220/74 77/230/77 78/234/78
vt 0.149517 0.104769
vt 0.044414 0.147198
vt 0.150776 0.099216
f 74/220/74 78/233/78 76/228/76
vt 0.194049 0.120022
vt 0.194049 0.107196
vt 0.200188 0.099216
f 70/208/70 81/242/81 75/225/75
vt 0.150776 0.099216
vt 0.155889 0.086721
vt 0.155889 0.107197
f 76/226/76 66/197/66 82/246/82
vt 0.731099 0.152749
vt 0.733209 0.192408
vt 0.301320 0.152750
f 4/10/4 1/2/1 10/30/10
vt 0.733209 0.192408
vt 0.731099 0.152749
vt 0.751941 0.142461
f 1/1/1 4/11/4 7/21/7
vt 0.733209 0.192408
vt 0.751941 0.142461
vt 0.751951 0.180330
f 1/1/1 7/20/7 6/18/6
vt 0.020176 0.152751
vt 0.018087 0.192409
vt 0.001955 0.180330
f 3/7/3 2/5/2 8/24/8
vt 0.020176 0.152751
vt 0.001955 0.180330
vt 0.001964 0.142461
f 3/7/3 8/23/8 5/15/5
vt 0.316509 0.192409
vt 0.301320 0.152750
vt 0.733209 0.192408
f 9/25/9 10/29/10 1/3/1
vt 0.045827 0.191305
vt 0.155876 0.125574
vt 0.299294 0.191304
f 17/49/17 11/32/11 16/48/16
vt 0.299294 0.191304
vt 0.301320 0.152750
vt 0.316509 0.192409
f 16/46/16 10/29/10 9/27/9
vt 0.200188 0.104768
vt 0.299294 0.191304
vt 0.194049 0.125574
f 13/37/13 16/47/16 12/36/12
vt 0.155876 0.125574
vt 0.045827 0.191305
vt 0.149517 0.104769
f 11/31/11 17/50/17 14/42/14
vt 0.194049 0.125574
vt 0.299294 0.191304
vt 0.155876 0.125574
f 12/34/12 16/47/16 11/33/11
vt 0.149517 0.104769
vt 0.045827 0.191305
vt 0.044398 0.152751
f 14/40/14 17/50/17 15/45/15
vt 0.045827 0.191305
vt 0.018087 0.192409
vt 0.020176 0.152751
f 17/49/17 2/5/2 3/9/3
vt 0.200188 0.104768
vt 0.301320 0.152750
vt 0.299294 0.191304
f 13/37/13 10/29/10 16/48/16
vt 0.044398 0.152751
vt 0.045827 0.191305
vt 0.020176 0.152751
f 15/43/15 17/50/17 3/9/3
vt 0.101335 0.586073
vt 0.101340 0.575305
vt 0.136822 0.578320
f 18/52/18 19/56/19 21/63/21
vt 0.101335 0.586073
vt 0.136822 0.578320
vt 0.146961 0.587608
f 18/52/18 21/62/21 20/60/20
vt 0.136195 0.578320
vt 0.100714 0.575305
vt 0.100708 0.586073
f 24/70/24 22/65/22 23/69/23
vt 0.136195 0.578320
vt 0.100708 0.586073
vt 0.146334 0.587608
f 24/70/24 23/68/23 25/75/25
vt 0.244141 0.412109
vt 0.001953 0.412109
vt 0.001953 0.322266
f 1/1/1 2/5/2 3/9/3
vt 0.244141 0.412109
vt 0.001953 0.322266
vt 0.244140 0.322266
f 1/1/1 3/8/3 4/12/4
vt 0.998047 0.607422
vt 0.755860 0.607422
vt 0.755859 0.427735
f 5/13/5 6/17/6 7/21/7
vt 0.998047 0.607422
vt 0.755859 0.427735
vt 0.998047 0.427734
f 5/13/5 7/20/7 8/24/8
vt 0.244141 0.412109
vt 0.001953 0.412109
vt 0.001953 0.322266
f 9/25/9 10/29/10 11/33/11
vt 0.244141 0.412109
vt 0.001953 0.322266
vt 0.244140 0.322266
f 9/25/9 11/32/11 12/36/12
vt 0.474609 0.412109
vt 0.248047 0.412109
vt 0.248047 0.322266
f 1/1/1 2/5/2 3/9/3
vt 0.474609 0.412109
vt 0.248047 0.322266
vt 0.474609 0.322266
f 1/1/1 3/8/3 4/12/4
vt 0.474609 0.412109
vt 0.248047 0.412109
vt 0.248047 0.322266
f 5/13/5 6/17/6 7/21/7
vt 0.474609 0.412109
vt 0.248047 0.322266
vt 0.474609 0.322266
f 5/13/5 7/20/7 8/24/8
vt 0.998047 0.423828
vt 0.755860 0.423828
vt 0.755859 0.248047
f 9/25/9 10/29/10 11/33/11
vt 0.998047 0.423828
vt 0.755859 0.248047
vt 0.998047 0.248047
f 9/25/9 11/32/11 12/36/12
vt 0.521527 0.015723
vt 0.523207 0.015723
vt 0.523207 0.022510
f 1/1/1 2/5/2 10/30/10
vt 0.521527 0.015723
vt 0.523207 0.022510
vt 0.521527 0.022510
f 1/1/1 10/29/10 9/27/9
vt 0.509766 0.015723
vt 0.511446 0.015723
vt 0.511446 0.022510
f 2/4/2 3/8/3 11/33/11
vt 0.509766 0.015723
vt 0.511446 0.022510
vt 0.509766 0.022510
f 2/4/2 11/32/11 10/30/10
vt 0.511446 0.015723
vt 0.513126 0.015723
vt 0.513126 0.022510
f 3/7/3 4/11/4 12/36/12
vt 0.511446 0.015723
vt 0.513126 0.022510
vt 0.511446 0.022510
f 3/7/3 12/35/12 11/33/11
vt 0.513126 0.015723
vt 0.514806 0.015723
vt 0.514806 0.022510
f 4/10/4 5/14/5 13/39/13
vt 0.513126 0.015723
vt 0.514806 0.022510
vt 0.513126 0.022510
f 4/10/4 13/38/13 12/36/12
vt 0.514806 0.015723
vt 0.516487 0.015723
vt 0.516487 0.022510
f 5/13/5 6/17/6 14/42/14
vt 0.514806 0.015723
vt 0.516487 0.022510
vt 0.514806 0.022510
f 5/13/5 14/41/14 13/39/13
vt 0.516487 0.015723
vt 0.518167 0.015723
vt 0.518167 0.022510
f 6/16/6 7/20/7 15/45/15
vt 0.516487 0.015723
vt 0.518167 0.022510
vt 0.516487 0.022510
f 6/16/6 15/44/15 14/42/14
vt 0.518167 0.015723
vt 0.519847 0.015723
vt 0.519847 0.022510
f 7/19/7 8/23/8 16/48/16
vt 0.518167 0.015723
vt 0.519847 0.022510
vt 0.518167 0.022510
f 7/19/7 16/47/16 15/45/15
vt 0.519847 0.015723
vt 0.521527 0.015723
vt 0.521527 0.022510
f 8/22/8 1/2/1 9/27/9
vt 0.519847 0.015723
vt 0.521527 0.022510
vt 0.519847 0.022510
f 8/22/8 9/26/9 16/48/16
vt 0.521527 0.015723
vt 0.523207 0.015723
vt 0.523207 0.022510
f 17/49/17 18/53/18 26/78/26
vt 0.521527 0.015723
vt 0.523207 0.022510
vt 0.521527 0.022510
f 17/49/17 26/77/26 25/75/25
vt 0.509766 0.015723
vt 0.511446 0.015723
vt 0.511446 0.022510
f 18/52/18 19/56/19 27/81/27
vt 0.509766 0.015723
vt 0.511446 0.022510
vt 0.509766 0.022510
f 18/52/18 27/80/27 26/78/26
vt 0.511446 0.015723
vt 0.513126 0.015723
vt 0.513126 0.022510
f 19/55/19 20/59/20 28/84/28
vt 0.511446 0.015723
vt 0.513126 0.022510
vt 0.511446 0.022510
f 19/55/19 28/83/28 27/81/27
vt 0.513126 0.015723
vt 0.514806 0.015723
vt 0.514806 0.022510
f 20/58/20 21/62/21 29/87/29
vt 0.513126 0.015723
vt 0.514806 0.022510
vt 0.513126 0.022510
f 20/58/20 29/86/29 28/84/28
vt 0.514806 0.015723
vt 0.516487 0.015723
vt 0.516487 0.022510
f 21/61/21 22/65/22 30/90/30
vt 0.514806 0.015723
vt 0.516487 0.022510
vt 0.514806 0.022510
f 21/61/21 30/89/30 29/87/29
vt 0.516487 0.015723
vt 0.518167 0.015723
vt 0.518167 0.022510
f 22/64/22 23/68/23 31/93/31
vt 0.516487 0.015723
vt 0.518167 0.022510
vt 0.516487 0.022510
f 22/64/22 31/92/31 30/90/30
vt 0.518167 0.015723
vt 0.519847 0.015723
vt 0.519847 0.022510
f 23/67/23 24/71/24 32/96/32
vt 0.518167 0.015723
vt 0.519847 0.022510
vt 0.518167 0.022510
f 23/67/23 32/95/32 31/93/31
vt 0.519847 0.015723
vt 0.521527 0.015723
vt 0.521527 0.022510
f 24/70/24 17/50/17 25/75/25
vt 0.519847 0.015723
vt 0.521527 0.022510
vt 0.519847 0.022510
f 24/70/24 25/74/25 32/96/32
vt 0.521527 0.015723
vt 0.523207 0.015723
vt 0.523207 0.022510
f 33/97/33 34/101/34 42/126/42
vt 0.521527 0.015723
vt 0.523207 0.022510
vt 0.521527 0.022510
f 33/97/33 42/125/42 41/123/41
vt 0.509766 0.015723
vt 0.511446 0.015723
vt 0.511446 0.022510
f 34/100/34 35/104/35 43/129/43
vt 0.509766 0.015723
vt 0.511446 0.022510
vt 0.509766 0.022510
f 34/100/34 43/128/43 42/126/42
vt 0.511446 0.015723
vt 0.513126 0.015723
vt 0.513126 0.022510
f 35/103/35 36/107/36 44/132/44
vt 0.511446 0.015723
vt 0.513126 0.022510
vt 0.511446 0.022510
f 35/103/35 44/131/44 43/129/43
vt 0.513126 0.015723
vt 0.514806 0.015723
vt 0.514806 0.022510
f 36/106/36 37/110/37 45/135/45
vt 0.513126 0.015723
vt 0.514806 0.022510
vt 0.513126 0.022510
f 36/106/36 45/134/45 44/132/44
vt 0.514806 0.015723
vt 0.516487 0.015723
vt 0.516487 0.022510
f 37/109/37 38/113/38 46/138/46
vt 0.514806 0.015723
vt 0.516487 0.022510
vt 0.514806 0.022510
f 37/109/37 46/137/46 45/135/45
vt 0.516487 0.015723
vt 0.518167 0.015723
vt 0.518167 0.022510
f 38/112/38 39/116/39 47/141/47
vt 0.516487 0.015723
vt 0.518167 0.022510
vt 0.516487 0.022510
f 38/112/38 47/140/47 46/138/46
vt 0.518167 0.015723
vt 0.519847 0.015723
vt 0.519847 0.022510
f 39/115/39 40/119/40 48/144/48
vt 0.518167 0.015723
vt 0.519847 0.022510
vt 0.518167 0.022510
f 39/115/39 48/143/48 47/141/47
vt 0.519847 0.015723
vt 0.521527 0.015723
vt 0.521527 0.022510
f 40/118/40 33/98/33 41/123/41
vt 0.519847 0.015723
vt 0.521527 0.022510
vt 0.519847 0.022510
f 40/118/40 41/122/41 48/144/48
vt 0.521527 0.015723
vt 0.523207 0.015723
vt 0.523207 0.022510
f 49/145/49 50/149/50 58/174/58
vt 0.521527 0.015723
vt 0.523207 0.022510
vt 0.521527 0.022510
f 49/145/49 58/173/58 57/171/57
vt 0.509766 0.015723
vt 0.511446 0.015723
vt 0.511446 0.022510
f 50/148/50 51/152/51 59/177/59
vt 0.509766 0.015723
vt 0.511446 0.022510
vt 0.509766 0.022510
f 50/148/50 59/176/59 58/174/58
vt 0.511446 0.015723
vt 0.513126 0.015723
vt 0.513126 0.022510
f 51/151/51 52/155/52 60/180/60
vt 0.511446 0.015723
vt 0.513126 0.022510
vt 0.511446 0.022510
f 51/151/51 60/179/60 59/177/59
vt 0.513126 0.015723
vt 0.514806 0.015723
vt 0.514806 0.022510
f 52/154/52 53/158/53 61/183/61
vt 0.513126 0.015723
vt 0.514806 0.022510
vt 0.513126 0.022510
f 52/154/52 61/182/61 60/180/60
vt 0.514806 0.015723
vt 0.516487 0.015723
vt 0.516487 0.022510
f 53/157/53 54/161/54 62/186/62
vt 0.514806 0.015723
vt 0.516487 0.022510
vt 0.514806 0.022510
f 53/157/53 62/185/62 61/183/61
vt 0.516487 0.015723
vt 0.518167 0.015723
vt 0.518167 0.022510
f 54/160/54 55/164/55 63/189/63
vt 0.516487 0.015723
vt 0.518167 0.022510
vt 0.516487 0.022510
f 54/160/54 63/188/63 62/186/62
vt 0.518167 0.015723
vt 0.519847 0.015723
vt 0.519847 0.022510
f 55/163/55 56/167/56 64/192/64
vt 0.518167 0.015723
vt 0.519847 0.022510
vt 0.518167 0.022510
f 55/163/55 64/191/64 63/189/63
vt 0.519847 0.015723
vt 0.521527 0.015723
vt 0.521527 0.022510
f 56/166/56 49/146/49 57/171/57
vt 0.519847 0.015723
vt 0.521527 0.022510
vt 0.519847 0.022510
f 56/166/56 57/170/57 64/192/64
vt 0.584725 0.024773
vt 0.586308 0.024773
vt 0.586308 0.030723
f 1/1/1 2/5/2 10/30/10
vt 0.584725 0.024773
vt 0.586308 0.030723
vt 0.584725 0.030723
f 1/1/1 10/29/10 9/27/9
vt 0.573644 0.024773
vt 0.575227 0.024773
vt 0.575227 0.030723
f 2/4/2 3/8/3 11/33/11
vt 0.573644 0.024773
vt 0.575227 0.030723
vt 0.573644 0.030723
f 2/4/2 11/32/11 10/30/10
vt 0.575227 0.024773
vt 0.576810 0.024773
vt 0.576810 0.030723
f 3/7/3 4/11/4 12/36/12
vt 0.575227 0.024773
vt 0.576810 0.030723
vt 0.575227 0.030723
f 3/7/3 12/35/12 11/33/11
vt 0.576810 0.024773
vt 0.578393 0.024773
vt 0.578393 0.030723
f 4/10/4 5/14/5 13/39/13
vt 0.576810 0.024773
vt 0.578393 0.030723
vt 0.576810 0.030723
f 4/10/4 13/38/13 12/36/12
vt 0.578393 0.024773
vt 0.579976 0.024773
vt 0.579976 0.030723
f 5/13/5 6/17/6 14/42/14
vt 0.578393 0.024773
vt 0.579976 0.030723
vt 0.578393 0.030723
f 5/13/5 14/41/14 13/39/13
vt 0.579976 0.024773
vt 0.581559 0.024773
vt 0.581559 0.030723
f 6/16/6 7/20/7 15/45/15
vt 0.579976 0.024773
vt 0.581559 0.030723
vt 0.579976 0.030723
f 6/16/6 15/44/15 14/42/14
vt 0.581559 0.024773
vt 0.583142 0.024773
vt 0.583142 0.030723
f 7/19/7 8/23/8 16/48/16
vt 0.581559 0.024773
vt 0.583142 0.030723
vt 0.581559 0.030723
f 7/19/7 16/47/16 15/45/15
vt 0.583142 0.024773
vt 0.584725 0.024773
vt 0.584725 0.030723
f 8/22/8 1/2/1 9/27/9
vt 0.583142 0.024773
vt 0.584725 0.030723
vt 0.583142 0.030723
f 8/22/8 9/26/9 16/48/16
vt 0.581559 0.030723
vt 0.584725 0.030723
vt 0.586308 0.030723
f 15/43/15 9/26/9 10/30/10
vt 0.581559 0.030723
vt 0.573644 0.030723
vt 0.575227 0.030723
f 15/43/15 10/29/10 11/33/11
vt 0.581559 0.030723
vt 0.575227 0.030723
vt 0.576810 0.030723
f 15/43/15 11/32/11 12/36/12
vt 0.581559 0.030723
vt 0.576810 0.030723
vt 0.578393 0.030723
f 15/43/15 12/35/12 13/39/13
vt 0.581559 0.030723
vt 0.578393 0.030723
vt 0.579976 0.030723
f 15/43/15 13/38/13 14/42/14
vt 0.581559 0.030723
vt 0.583142 0.030723
vt 0.584725 0.030723
f 15/43/15 16/47/16 9/27/9
vt 0.584725 0.024773
vt 0.586308 0.024773
vt 0.586308 0.030723
f 17/49/17 18/53/18 26/78/26
vt 0.584725 0.024773
vt 0.586308 0.030723
vt 0.584725 0.030723
f 17/49/17 26/77/26 25/75/25
vt 0.573644 0.024773
vt 0.575227 0.024773
vt 0.575227 0.030723
f 18/52/18 19/56/19 27/81/27
vt 0.573644 0.024773
vt 0.575227 0.030723
vt 0.573644 0.030723
f 18/52/18 27/80/27 26/78/26
vt 0.575227 0.024773
vt 0.576810 0.024773
vt 0.576810 0.030723
f 19/55/19 20/59/20 28/84/28
vt 0.575227 0.024773
vt 0.576810 0.030723
vt 0.575227 0.030723
f 19/55/19 28/83/28 27/81/27
vt 0.576810 0.024773
vt 0.578393 0.024773
vt 0.578393 0.030723
f 20/58/20 21/62/21 29/87/29
vt 0.576810 0.024773
vt 0.578393 0.030723
vt 0.576810 0.030723
f 20/58/20 29/86/29 28/84/28
vt 0.578393 0.024773
vt 0.579976 0.024773
vt 0.579976 0.030723
f 21/61/21 22/65/22 30/90/30
vt 0.578393 0.024773
vt 0.579976 0.030723
vt 0.578393 0.030723
f 21/61/21 30/89/30 29/87/29
vt 0.579976 0.024773
vt 0.581559 0.024773
vt 0.581559 0.030723
f 22/64/22 23/68/23 31/93/31
vt 0.579976 0.024773
vt 0.581559 0.030723
vt 0.579976 0.030723
f 22/64/22 31/92/31 30/90/30
vt 0.581559 0.024773
vt 0.583142 0.024773
vt 0.583142 0.030723
f 23/67/23 24/71/24 32/96/32
vt 0.581559 0.024773
vt 0.583142 0.030723
vt 0.581559 0.030723
f 23/67/23 32/95/32 31/93/31
vt 0.583142 0.024773
vt 0.584725 0.024773
vt 0.584725 0.030723
f 24/70/24 17/50/17 25/75/25
vt 0.583142 0.024773
vt 0.584725 0.030723
vt 0.583142 0.030723
f 24/70/24 25/74/25 32/96/32
vt 0.581559 0.030723
vt 0.584725 0.030723
vt 0.586308 0.030723
f 31/91/31 25/74/25 26/78/26
vt 0.581559 0.030723
vt 0.573644 0.030723
vt 0.575227 0.030723
f 31/91/31 26/77/26 27/81/27
vt 0.581559 0.030723
vt 0.575227 0.030723
vt 0.576810 0.030723
f 31/91/31 27/80/27 28/84/28
vt 0.581559 0.030723
vt 0.576810 0.030723
vt 0.578393 0.030723
f 31/91/31 28/83/28 29/87/29
vt 0.581559 0.030723
vt 0.578393 0.030723
vt 0.579976 0.030723
f 31/91/31 29/86/29 30/90/30
vt 0.581559 0.030723
vt 0.583142 0.030723
vt 0.584725 0.030723
f 31/91/31 32/95/32 25/75/25
vt 0.584725 0.024773
vt 0.586308 0.024773
vt 0.586308 0.030723
f 33/97/33 34/101/34 42/126/42
vt 0.584725 0.024773
vt 0.586308 0.030723
vt 0.584725 0.030723
f 33/97/33 42/125/42 41/123/41
vt 0.573644 0.024773
vt 0.575227 0.024773
vt 0.575227 0.030723
f 34/100/34 35/104/35 43/129/43
vt 0.573644 0.024773
vt 0.575227 0.030723
vt 0.573644 0.030723
f 34/100/34 43/128/43 42/126/42
vt 0.575227 0.024773
vt 0.576810 0.024773
vt 0.576810 0.030723
f 35/103/35 36/107/36 44/132/44
vt 0.575227 0.024773
vt 0.576810 0.030723
vt 0.575227 0.030723
f 35/103/35 44/131/44 43/129/43
vt 0.576810 0.024773
vt 0.578393 0.024773
vt 0.578393 0.030723
f 36/106/36 37/110/37 45/135/45
vt 0.576810 0.024773
vt 0.578393 0.030723
vt 0.576810 0.030723
f 36/106/36 45/134/45 44/132/44
vt 0.578393 0.024773
vt 0.579976 0.024773
vt 0.579976 0.030723
f 37/109/37 38/113/38 46/138/46
vt 0.578393 0.024773
vt 0.579976 0.030723
vt 0.578393 0.030723
f 37/109/37 46/137/46 45/135/45
vt 0.579976 0.024773
vt 0.581559 0.024773
vt 0.581559 0.030723
f 38/112/38 39/116/39 47/141/47
vt 0.579976 0.024773
vt 0.581559 0.030723
vt 0.579976 0.030723
f 38/112/38 47/140/47 46/138/46
vt 0.581559 0.024773
vt 0.583142 0.024773
vt 0.583142 0.030723
f 39/115/39 40/119/40 48/144/48
vt 0.581559 0.024773
vt 0.583142 0.030723
vt 0.581559 0.030723
f 39/115/39 48/143/48 47/141/47
vt 0.583142 0.024773
vt 0.584725 0.024773
vt 0.584725 0.030723
f 40/118/40 33/98/33 41/123/41
vt 0.583142 0.024773
vt 0.584725 0.030723
vt 0.583142 0.030723
f 40/118/40 41/122/41 48/144/48
vt 0.581559 0.030723
vt 0.584725 0.030723
vt 0.586308 0.030723
f 47/139/47 41/122/41 42/126/42
vt 0.581559 0.030723
vt 0.573644 0.030723
vt 0.575227 0.030723
f 47/139/47 42/125/42 43/129/43
vt 0.581559 0.030723
vt 0.575227 0.030723
vt 0.576810 0.030723
f 47/139/47 43/128/43 44/132/44
vt 0.581559 0.030723
vt 0.576810 0.030723
vt 0.578393 0.030723
f 47/139/47 44/131/44 45/135/45
vt 0.581559 0.030723
vt 0.578393 0.030723
vt 0.579976 0.030723
f 47/139/47 45/134/45 46/138/46
vt 0.581559 0.030723
vt 0.583142 0.030723
vt 0.584725 0.030723
f 47/139/47 48/143/48 41/123/41
vt 0.584725 0.024773
vt 0.586308 0.024773
vt 0.586308 0.030723
f 49/145/49 50/149/50 58/174/58
vt 0.584725 0.024773
vt 0.586308 0.030723
vt 0.584725 0.030723
f 49/145/49 58/173/58 57/171/57
vt 0.573644 0.024773
vt 0.575227 0.024773
vt 0.575227 0.030723
f 50/148/50 51/152/51 59/177/59
vt 0.573644 0.024773
vt 0.575227 0.030723
vt 0.573644 0.030723
f 50/148/50 59/176/59 58/174/58
vt 0.575227 0.024773
vt 0.576810 0.024773
vt 0.576810 0.030723
f 51/151/51 52/155/52 60/180/60
vt 0.575227 0.024773
vt 0.576810 0.030723
vt 0.575227 0.030723
f 51/151/51 60/179/60 59/177/59
vt 0.576810 0.024773
vt 0.578393 0.024773
vt 0.578393 0.030723
f 52/154/52 53/158/53 61/183/61
vt 0.576810 0.024773
vt 0.578393 0.030723
vt 0.576810 0.030723
f 52/154/52 61/182/61 60/180/60
vt 0.578393 0.024773
vt 0.579976 0.024773
vt 0.579976 0.030723
f 53/157/53 54/161/54 62/186/62
vt 0.578393 0.024773
vt 0.579976 0.030723
vt 0.578393 0.030723
f 53/157/53 62/185/62 61/183/61
vt 0.579976 0.024773
vt 0.581559 0.024773
vt 0.581559 0.030723
f 54/160/54 55/164/55 63/189/63
vt 0.579976 0.024773
vt 0.581559 0.030723
vt 0.579976 0.030723
f 54/160/54 63/188/63 62/186/62
vt 0.581559 0.024773
vt 0.583142 0.024773
vt 0.583142 0.030723
f 55/163/55 56/167/56 64/192/64
vt 0.581559 0.024773
vt 0.583142 0.030723
vt 0.581559 0.030723
f 55/163/55 64/191/64 63/189/63
vt 0.583142 0.024773
vt 0.584725 0.024773
vt 0.584725 0.030723
f 56/166/56 49/146/49 57/171/57
vt 0.583142 0.024773
vt 0.584725 0.030723
vt 0.583142 0.030723
f 56/166/56 57/170/57 64/192/64
vt 0.581559 0.030723
vt 0.584725 0.030723
vt 0.586308 0.030723
f 63/187/63 57/170/57 58/174/58
vt 0.581559 0.030723
vt 0.573644 0.030723
vt 0.575227 0.030723
f 63/187/63 58/173/58 59/177/59
vt 0.581559 0.030723
vt 0.575227 0.030723
vt 0.576810 0.030723
f 63/187/63 59/176/59 60/180/60
vt 0.581559 0.030723
vt 0.576810 0.030723
vt 0.578393 0.030723
f 63/187/63 60/179/60 61/183/61
vt 0.581559 0.030723
vt 0.578393 0.030723
vt 0.579976 0.030723
f 63/187/63 61/182/61 62/186/62
vt 0.581559 0.030723
vt 0.583142 0.030723
vt 0.584725 0.030723
f 63/187/63 64/191/64 57/171/57
vt 0.584725 0.024773
vt 0.586308 0.024773
vt 0.586308 0.030723
f 65/193/65 66/197/66 74/222/74
vt 0.584725 0.024773
vt 0.586308 0.030723
vt 0.584725 0.030723
f 65/193/65 74/221/74 73/219/73
vt 0.573644 0.024773
vt 0.575227 0.024773
vt 0.575227 0.030723
f 66/196/66 67/200/67 75/225/75
vt 0.573644 0.024773
vt 0.575227 0.030723
vt 0.573644 0.030723
f 66/196/66 75/224/75 74/222/74
vt 0.575227 0.024773
vt 0.576810 0.024773
vt 0.576810 0.030723
f 67/199/67 68/203/68 76/228/76
vt 0.575227 0.024773
vt 0.576810 0.030723
vt 0.575227 0.030723
f 67/199/67 76/227/76 75/225/75
vt 0.576810 0.024773
vt 0.578393 0.024773
vt 0.578393 0.030723
f 68/202/68 69/206/69 77/231/77
vt 0.576810 0.024773
vt 0.578393 0.030723
vt 0.576810 0.030723
f 68/202/68 77/230/77 76/228/76
vt 0.578393 0.024773
vt 0.579976 0.024773
vt 0.579976 0.030723
f 69/205/69 70/209/70 78/234/78
vt 0.578393 0.024773
vt 0.579976 0.030723
vt 0.578393 0.030723
f 69/205/69 78/233/78 77/231/77
vt 0.579976 0.024773
vt 0.581559 0.024773
vt 0.581559 0.030723
f 70/208/70 71/212/71 79/237/79
vt 0.579976 0.024773
vt 0.581559 0.030723
vt 0.579976 0.030723
f 70/208/70 79/236/79 78/234/78
vt 0.581559 0.024773
vt 0.583142 0.024773
vt 0.583142 0.030723
f 71/211/71 72/215/72 80/240/80
vt 0.581559 0.024773
vt 0.583142 0.030723
vt 0.581559 0.030723
f 71/211/71 80/239/80 79/237/79
vt 0.583142 0.024773
vt 0.584725 0.024773
vt 0.584725 0.030723
f 72/214/72 65/194/65 73/219/73
vt 0.583142 0.024773
vt 0.584725 0.030723
vt 0.583142 0.030723
f 72/214/72 73/218/73 80/240/80
vt 0.581559 0.030723
vt 0.584725 0.030723
vt 0.586308 0.030723
f 79/235/79 73/218/73 74/222/74
vt 0.581559 0.030723
vt 0.573644 0.030723
vt 0.575227 0.030723
f 79/235/79 74/221/74 75/225/75
vt 0.581559 0.030723
vt 0.575227 0.030723
vt 0.576810 0.030723
f 79/235/79 75/224/75 76/228/76
vt 0.581559 0.030723
vt 0.576810 0.030723
vt 0.578393 0.030723
f 79/235/79 76/227/76 77/231/77
vt 0.581559 0.030723
vt 0.578393 0.030723
vt 0.579976 0.030723
f 79/235/79 77/230/77 78/234/78
vt 0.581559 0.030723
vt 0.583142 0.030723
vt 0.584725 0.030723
f 79/235/79 80/239/80 73/219/73
vt 0.584725 0.024773
vt 0.586308 0.024773
vt 0.586308 0.030723
f 81/241/81 82/245/82 90/270/90
vt 0.584725 0.024773
vt 0.586308 0.030723
vt 0.584725 0.030723
f 81/241/81 90/269/90 89/267/89
vt 0.573644 0.024773
vt 0.575227 0.024773
vt 0.575227 0.030723
f 82/244/82 83/248/83 91/273/91
vt 0.573644 0.024773
vt 0.575227 0.030723
vt 0.573644 0.030723
f 82/244/82 91/272/91 90/270/90
vt 0.575227 0.024773
vt 0.576810 0.024773
vt 0.576810 0.030723
f 83/247/83 84/251/84 92/276/92
vt 0.575227 0.024773
vt 0.576810 0.030723
vt 0.575227 0.030723
f 83/247/83 92/275/92 91/273/91
vt 0.576810 0.024773
vt 0.578393 0.024773
vt 0.578393 0.030723
f 84/250/84 85/254/85 93/279/93
vt 0.576810 0.024773
vt 0.578393 0.030723
vt 0.576810 0.030723
f 84/250/84 93/278/93 92/276/92
vt 0.578393 0.024773
vt 0.579976 0.024773
vt 0.579976 0.030723
f 85/253/85 86/257/86 94/282/94
vt 0.578393 0.024773
vt 0.579976 0.030723
vt 0.578393 0.030723
f 85/253/85 94/281/94 93/279/93
vt 0.579976 0.024773
vt 0.581559 0.024773
vt 0.581559 0.030723
f 86/256/86 87/260/87 95/285/95
vt 0.579976 0.024773
vt 0.581559 0.030723
vt 0.579976 0.030723
f 86/256/86 95/284/95 94/282/94
vt 0.581559 0.024773
vt 0.583142 0.024773
vt 0.583142 0.030723
f 87/259/87 88/263/88 96/288/96
vt 0.581559 0.024773
vt 0.583142 0.030723
vt 0.581559 0.030723
f 87/259/87 96/287/96 95/285/95
vt 0.583142 0.024773
vt 0.584725 0.024773
vt 0.584725 0.030723
f 88/262/88 81/242/81 89/267/89
vt 0.583142 0.024773
vt 0.584725 0.030723
vt 0.583142 0.030723
f 88/262/88 89/266/89 96/288/96
vt 0.581559 0.030723
vt 0.584725 0.030723
vt 0.586308 0.030723
f 95/283/95 89/266/89 90/270/90
vt 0.581559 0.030723
vt 0.573644 0.030723
vt 0.575227 0.030723
f 95/283/95 90/269/90 91/273/91
vt 0.581559 0.030723
vt 0.575227 0.030723
vt 0.576810 0.030723
f 95/283/95 91/272/91 92/276/92
vt 0.581559 0.030723
vt 0.576810 0.030723
vt 0.578393 0.030723
f 95/283/95 92/275/92 93/279/93
vt 0.581559 0.030723
vt 0.578393 0.030723
vt 0.579976 0.030723
f 95/283/95 93/278/93 94/282/94
vt 0.581559 0.030723
vt 0.583142 0.030723
vt 0.584725 0.030723
f 95/283/95 96/287/96 89/267/89
vt 0.576487 0.020741
vt 0.575291 0.029092
vt 0.575291 0.029092
f 97/289/97 100/299/100 101/303/101
vt 0.576487 0.020741
vt 0.575291 0.029092
vt 0.576487 0.020741
f 97/289/97 101/302/101 98/294/98
vt 0.576487 0.020741
vt 0.581182 0.022491
vt 0.575291 0.029092
f 97/289/97 104/311/104 100/300/100
vt 0.587884 0.025494
vt 0.584725 0.030723
vt 0.575291 0.029092
f 105/313/105 102/305/102 100/300/100
vt 0.575291 0.029092
vt 0.584725 0.030723
vt 0.575291 0.029092
f 100/298/100 102/305/102 101/303/101
vt 0.575291 0.029092
vt 0.584725 0.030723
vt 0.584725 0.030723
f 101/301/101 102/305/102 103/309/103
vt 0.581176 0.018829
vt 0.581182 0.022491
vt 0.576487 0.020741
f 99/295/99 104/311/104 97/291/97
vt 0.581182 0.022491
vt 0.587884 0.025494
vt 0.575291 0.029092
f 104/310/104 105/314/105 100/300/100
vt 0.575227 0.018823
vt 0.587891 0.018823
vt 0.587891 0.030723
f 106/316/106 107/320/107 109/327/109
vt 0.575227 0.018823
vt 0.587891 0.030723
vt 0.575227 0.030723
f 106/316/106 109/326/109 108/324/108
vt 0.587891 0.030723
vt 0.575227 0.030723
vt 0.587891 0.018823
f 111/331/111 112/335/112 110/330/110
vt 0.587891 0.018823
vt 0.575227 0.018823
vt 0.587891 0.030723
f 109/325/109 107/320/107 112/336/112
vt 0.587891 0.030723
vt 0.587891 0.018823
vt 0.575227 0.018823
f 111/331/111 108/323/108 109/327/109
vt 0.587891 0.030723
vt 0.575227 0.018823
vt 0.575227 0.030723
f 111/331/111 109/326/109 112/336/112
vt 0.587891 0.030723
vt 0.587891 0.018823
vt 0.575227 0.018823
f 110/328/110 106/317/106 108/324/108
vt 0.587891 0.030723
vt 0.575227 0.018823
vt 0.575227 0.030723
f 110/328/110 108/323/108 111/333/111
vt 0.575227 0.018823
vt 0.587891 0.018823
vt 0.587891 0.030723
f 113/337/113 114/341/114 116/348/116
vt 0.575227 0.018823
vt 0.587891 0.030723
vt 0.575227 0.030723
f 113/337/113 116/347/116 115/345/115
vt 0.587891 0.030723
vt 0.575227 0.030723
vt 0.587891 0.018823
f 118/352/118 119/356/119 117/351/117
vt 0.587891 0.018823
vt 0.575227 0.018823
vt 0.587891 0.030723
f 116/346/116 114/341/114 119/357/119
vt 0.587891 0.030723
vt 0.587891 0.018823
vt 0.575227 0.018823
f 118/352/118 115/344/115 116/348/116
vt 0.587891 0.030723
vt 0.575227 0.018823
vt 0.575227 0.030723
f 118/352/118 116/347/116 119/357/119
vt 0.587891 0.030723
vt 0.587891 0.018823
vt 0.575227 0.018823
f 117/349/117 113/338/113 115/345/115
vt 0.587891 0.030723
vt 0.575227 0.018823
vt 0.575227 0.030723
f 117/349/117 115/344/115 118/354/118
vt 0.575227 0.018823
vt 0.587891 0.018823
vt 0.587891 0.030723
f 120/358/120 121/362/121 123/369/123
vt 0.575227 0.018823
vt 0.587891 0.030723
vt 0.575227 0.030723
f 120/358/120 123/368/123 122/366/122
vt 0.587891 0.030723
vt 0.575227 0.030723
vt 0.587891 0.018823
f 125/373/125 126/377/126 124/372/124
vt 0.587891 0.018823
vt 0.575227 0.018823
vt 0.587891 0.030723
f 123/367/123 121/362/121 126/378/126
vt 0.587891 0.030723
vt 0.587891 0.018823
vt 0.575227 0.018823
f 125/373/125 122/365/122 123/369/123
vt 0.587891 0.030723
vt 0.575227 0.018823
vt 0.575227 0.030723
f 125/373/125 123/368/123 126/378/126
vt 0.587891 0.030723
vt 0.587891 0.018823
vt 0.575227 0.018823
f 124/370/124 120/359/120 122/366/122
vt 0.587891 0.030723
vt 0.575227 0.018823
vt 0.575227 0.030723
f 124/370/124 122/365/122 125/375/125
vt 0.575227 0.018823
vt 0.587891 0.018823
vt 0.587891 0.030723
f 127/379/127 128/383/128 130/390/130
vt 0.575227 0.018823
vt 0.587891 0.030723
vt 0.575227 0.030723
f 127/379/127 130/389/130 129/387/129
vt 0.587891 0.030723
vt 0.575227 0.030723
vt 0.587891 0.018823
f 132/394/132 133/398/133 131/393/131
vt 0.587891 0.018823
vt 0.575227 0.018823
vt 0.587891 0.030723
f 130/388/130 128/383/128 133/399/133
vt 0.587891 0.030723
vt 0.587891 0.018823
vt 0.575227 0.018823
f 132/394/132 129/386/129 130/390/130
vt 0.587891 0.030723
vt 0.575227 0.018823
vt 0.575227 0.030723
f 132/394/132 130/389/130 133/399/133
vt 0.587891 0.030723
vt 0.587891 0.018823
vt 0.575227 0.018823
f 131/391/131 127/380/127 129/387/129
vt 0.587891 0.030723
vt 0.575227 0.018823
vt 0.575227 0.030723
f 131/391/131 129/386/129 132/396/132
vt 0.521527 0.015723
vt 0.519287 0.015723
vt 0.519287 0.029297
f 1/1/1 2/5/2 8/24/8
vt 0.521527 0.015723
vt 0.519287 0.029297
vt 0.521527 0.029297
f 1/1/1 8/23/8 7/21/7
vt 0.519287 0.015723
vt 0.517047 0.015723
vt 0.517047 0.029297
f 2/4/2 3/8/3 9/27/9
vt 0.519287 0.015723
vt 0.517047 0.029297
vt 0.519287 0.029297
f 2/4/2 9/26/9 8/24/8
vt 0.517047 0.015723
vt 0.514806 0.015723
vt 0.514806 0.029297
f 3/7/3 4/11/4 10/30/10
vt 0.517047 0.015723
vt 0.514806 0.029297
vt 0.517047 0.029297
f 3/7/3 10/29/10 9/27/9
vt 0.514806 0.015723
vt 0.512566 0.015723
vt 0.512566 0.029297
f 4/10/4 5/14/5 11/33/11
vt 0.514806 0.015723
vt 0.512566 0.029297
vt 0.514806 0.029297
f 4/10/4 11/32/11 10/30/10
vt 0.512566 0.015723
vt 0.510326 0.015723
vt 0.510326 0.029297
f 5/13/5 6/17/6 12/36/12
vt 0.512566 0.015723
vt 0.510326 0.029297
vt 0.512566 0.029297
f 5/13/5 12/35/12 11/33/11
vt 0.523768 0.015723
vt 0.521527 0.015723
vt 0.521527 0.029297
f 6/16/6 1/2/1 7/21/7
vt 0.523768 0.015723
vt 0.521527 0.029297
vt 0.523768 0.029297
f 6/16/6 7/20/7 12/36/12
vt 0.581559 0.018829
vt 0.579507 0.018829
vt 0.575227 0.018829
f 13/37/13 15/44/15 14/42/14
vt 0.581559 0.018829
vt 0.581559 0.018829
vt 0.579507 0.018829
f 13/37/13 16/47/16 15/45/15
vt 0.575227 0.018829
vt 0.579507 0.018829
vt 0.578118 0.027826
f 14/40/14 15/44/15 19/57/19
vt 0.575227 0.018829
vt 0.578118 0.027826
vt 0.575227 0.027826
f 14/40/14 19/56/19 18/54/18
vt 0.579507 0.018829
vt 0.581559 0.018829
vt 0.581559 0.027826
f 15/43/15 16/47/16 20/60/20
vt 0.579507 0.018829
vt 0.581559 0.027826
vt 0.578118 0.027826
f 15/43/15 20/59/20 19/57/19
vt 0.575227 0.030717
vt 0.575227 0.030717
vt 0.577823 0.030717
f 29/85/29 30/89/30 31/93/31
vt 0.575227 0.030717
vt 0.577823 0.030717
vt 0.581559 0.030717
f 29/85/29 31/92/31 32/96/32
vt 0.584999 0.027826
vt 0.587891 0.027826
vt 0.587891 0.028974
f 17/49/17 18/53/18 22/66/22
vt 0.584999 0.027826
vt 0.587891 0.028974
vt 0.584911 0.028974
f 17/49/17 22/65/22 21/63/21
vt 0.575227 0.027826
vt 0.578118 0.027826
vt 0.578207 0.028974
f 18/52/18 19/56/19 23/69/23
vt 0.575227 0.027826
vt 0.578207 0.028974
vt 0.575227 0.028974
f 18/52/18 23/68/23 22/66/22
vt 0.578118 0.027826
vt 0.581559 0.027826
vt 0.581559 0.028974
f 19/55/19 20/59/20 24/72/24
vt 0.578118 0.027826
vt 0.581559 0.028974
vt 0.578207 0.028974
f 19/55/19 24/71/24 23/69/23
vt 0.584911 0.028974
vt 0.587891 0.028974
vt 0.587891 0.030322
f 21/61/21 22/65/22 26/78/26
vt 0.584911 0.028974
vt 0.587891 0.030322
vt 0.584929 0.030322
f 21/61/21 26/77/26 25/75/25
vt 0.575227 0.028974
vt 0.578207 0.028974
vt 0.578188 0.030322
f 22/64/22 23/68/23 27/81/27
vt 0.575227 0.028974
vt 0.578188 0.030322
vt 0.575227 0.030717
f 22/64/22 27/80/27 26/78/26
vt 0.578207 0.028974
vt 0.581559 0.028974
vt 0.581559 0.030717
f 23/67/23 24/71/24 28/84/28
vt 0.578207 0.028974
vt 0.581559 0.030717
vt 0.578188 0.030322
f 23/67/23 28/83/28 27/81/27
vt 0.572266 0.030322
vt 0.575227 0.030717
vt 0.575227 0.030717
f 25/73/25 26/77/26 30/90/30
vt 0.575227 0.030717
vt 0.578188 0.030322
vt 0.577823 0.030717
f 26/76/26 27/80/27 31/93/31
vt 0.575227 0.030717
vt 0.577823 0.030717
vt 0.575227 0.030717
f 26/76/26 31/92/31 30/90/30
vt 0.578188 0.030322
vt 0.581559 0.030717
vt 0.581559 0.030717
f 27/79/27 28/83/28 32/96/32
vt 0.578188 0.030322
vt 0.581559 0.030717
vt 0.577823 0.030717
f 27/79/27 32/95/32 31/93/31
vt 0.575227 0.018829
vt 0.577610 0.018829
vt 0.575227 0.018829
f 33/97/33 35/104/35 34/102/34
vt 0.575227 0.018829
vt 0.581559 0.018829
vt 0.577610 0.018829
f 33/97/33 36/107/36 35/105/35
vt 0.575227 0.018829
vt 0.577610 0.018829
vt 0.578393 0.028360
f 34/100/34 35/104/35 38/114/38
vt 0.575227 0.018829
vt 0.578393 0.028360
vt 0.575227 0.028360
f 34/100/34 38/113/38 37/111/37
vt 0.577610 0.018829
vt 0.581559 0.018829
vt 0.581559 0.028360
f 35/103/35 36/107/36 39/117/39
vt 0.577610 0.018829
vt 0.581559 0.028360
vt 0.578393 0.028360
f 35/103/35 39/116/39 38/114/38
vt 0.581559 0.030717
vt 0.575227 0.030717
vt 0.578188 0.030322
f 46/136/46 47/140/47 48/144/48
vt 0.581559 0.030717
vt 0.578188 0.030322
vt 0.581559 0.030717
f 46/136/46 48/143/48 49/147/49
vt 0.575227 0.028360
vt 0.578393 0.028360
vt 0.578207 0.028974
f 37/109/37 38/113/38 41/123/41
vt 0.575227 0.028360
vt 0.578207 0.028974
vt 0.575227 0.028974
f 37/109/37 41/122/41 40/120/40
vt 0.578393 0.028360
vt 0.581559 0.028360
vt 0.581559 0.028974
f 38/112/38 39/116/39 42/126/42
vt 0.578393 0.028360
vt 0.581559 0.028974
vt 0.578207 0.028974
f 38/112/38 42/125/42 41/123/41
vt 0.575227 0.028974
vt 0.578207 0.028974
vt 0.578188 0.030322
f 40/118/40 41/122/41 44/132/44
vt 0.575227 0.028974
vt 0.578188 0.030322
vt 0.575227 0.030717
f 40/118/40 44/131/44 43/129/43
vt 0.578207 0.028974
vt 0.581559 0.028974
vt 0.581559 0.030717
f 41/121/41 42/125/42 45/135/45
vt 0.578207 0.028974
vt 0.581559 0.030717
vt 0.578188 0.030322
f 41/121/41 45/134/45 44/132/44
vt 0.575227 0.030717
vt 0.578188 0.030322
vt 0.578188 0.030322
f 43/127/43 44/131/44 48/144/48
vt 0.575227 0.030717
vt 0.578188 0.030322
vt 0.575227 0.030717
f 43/127/43 48/143/48 47/141/47
vt 0.578188 0.030322
vt 0.581559 0.030717
vt 0.581559 0.030717
f 44/130/44 45/134/45 49/147/49
vt 0.578188 0.030322
vt 0.581559 0.030717
vt 0.578188 0.030322
f 44/130/44 49/146/49 48/144/48
vt 0.518167 0.020187
vt 0.518167 0.019248
vt 0.524888 0.015730
f 1/1/1 7/20/7 6/18/6
vt 0.518167 0.020187
vt 0.511445 0.015730
vt 0.518167 0.019248
f 1/1/1 8/23/8 7/21/7
vt 0.517564 0.027804
vt 0.517425 0.028617
vt 0.511251 0.018111
f 2/4/2 10/29/10 9/27/9
vt 0.517564 0.027804
vt 0.518167 0.028351
vt 0.518167 0.029290
f 2/4/2 3/8/3 11/33/11
vt 0.517564 0.027804
vt 0.518167 0.029290
vt 0.517425 0.028617
f 2/4/2 11/32/11 10/30/10
vt 0.518167 0.028351
vt 0.518770 0.027804
vt 0.518909 0.028617
f 3/7/3 4/11/4 12/36/12
vt 0.518167 0.028351
vt 0.518909 0.028617
vt 0.518167 0.029290
f 3/7/3 12/35/12 11/33/11
vt 0.518770 0.027804
vt 0.525082 0.018111
vt 0.518909 0.028617
f 4/10/4 5/14/5 12/36/12
vt 0.524888 0.015730
vt 0.518167 0.019248
vt 0.518167 0.019248
f 6/16/6 7/20/7 14/42/14
vt 0.524888 0.015730
vt 0.518167 0.019248
vt 0.524888 0.015730
f 6/16/6 14/41/14 13/39/13
vt 0.518167 0.019248
vt 0.511445 0.015730
vt 0.511445 0.015730
f 7/19/7 8/23/8 15/45/15
vt 0.518167 0.019248
vt 0.511445 0.015730
vt 0.518167 0.019248
f 7/19/7 15/44/15 14/42/14
vt 0.511251 0.018111
vt 0.517425 0.028617
vt 0.517425 0.028617
f 9/25/9 10/29/10 17/51/17
vt 0.511251 0.018111
vt 0.517425 0.028617
vt 0.511251 0.018111
f 9/25/9 17/50/17 16/48/16
vt 0.517425 0.028617
vt 0.518167 0.029290
vt 0.518167 0.029290
f 10/28/10 11/32/11 18/54/18
vt 0.517425 0.028617
vt 0.518167 0.029290
vt 0.517425 0.028617
f 10/28/10 18/53/18 17/51/17
vt 0.518167 0.029290
vt 0.518909 0.028617
vt 0.518909 0.028617
f 11/31/11 12/35/12 19/57/19
vt 0.518167 0.029290
vt 0.518909 0.028617
vt 0.518167 0.029290
f 11/31/11 19/56/19 18/54/18
vt 0.518909 0.028617
vt 0.525082 0.018111
vt 0.525082 0.018111
f 12/34/12 5/14/5 20/60/20
vt 0.518909 0.028617
vt 0.525082 0.018111
vt 0.518909 0.028617
f 12/34/12 20/59/20 19/57/19
vt 0.525254 0.019694
vt 0.525082 0.018111
vt 0.525254 0.019694
f 25/73/25 5/14/5 26/78/26
vt 0.525254 0.019694
vt 0.525082 0.018111
vt 0.525082 0.018111
f 25/73/25 20/59/20 5/15/5
vt 0.525254 0.019694
vt 0.525082 0.018111
vt 0.524888 0.015730
f 26/76/26 5/14/5 6/18/6
vt 0.525254 0.019694
vt 0.524888 0.015730
vt 0.524821 0.013672
f 26/76/26 6/17/6 28/84/28
vt 0.524888 0.015730
vt 0.524821 0.013672
vt 0.524888 0.015730
f 13/37/13 27/80/27 6/18/6
vt 0.524821 0.013672
vt 0.524821 0.013672
vt 0.524888 0.015730
f 27/79/27 28/83/28 6/18/6
vt 0.511080 0.019694
vt 0.511251 0.018111
vt 0.511251 0.018111
f 21/61/21 9/26/9 16/48/16
vt 0.511080 0.019694
vt 0.511251 0.018111
vt 0.511080 0.019694
f 24/70/24 9/26/9 21/63/21
vt 0.511080 0.019694
vt 0.511513 0.013672
vt 0.511445 0.015730
f 24/70/24 23/68/23 8/24/8
vt 0.511080 0.019694
vt 0.511445 0.015730
vt 0.511251 0.018111
f 24/70/24 8/23/8 9/27/9
vt 0.511445 0.015730
vt 0.511445 0.015730
vt 0.511513 0.013672
f 15/43/15 8/23/8 22/66/22
vt 0.511445 0.015730
vt 0.511513 0.013672
vt 0.511513 0.013672
f 8/22/8 23/68/23 22/66/22
vt 0.581559 0.030717
vt 0.581559 0.030717
vt 0.583055 0.030437
f 29/85/29 30/89/30 33/99/33
vt 0.581559 0.030717
vt 0.583055 0.030437
vt 0.583055 0.030437
f 29/85/29 33/98/33 32/96/32
vt 0.581559 0.030717
vt 0.581559 0.030717
vt 0.583055 0.030437
f 30/88/30 31/92/31 34/102/34
vt 0.581559 0.030717
vt 0.583055 0.030437
vt 0.583055 0.030437
f 30/88/30 34/101/34 33/99/33
vt 0.583055 0.030437
vt 0.583055 0.030437
vt 0.584465 0.029939
f 32/94/32 33/98/33 36/108/36
vt 0.583055 0.030437
vt 0.584465 0.029939
vt 0.584465 0.029939
f 32/94/32 36/107/36 35/105/35
vt 0.583055 0.030437
vt 0.583055 0.030437
vt 0.584465 0.029939
f 33/97/33 34/101/34 37/111/37
vt 0.583055 0.030437
vt 0.584465 0.029939
vt 0.584465 0.029939
f 33/97/33 37/110/37 36/108/36
vt 0.584465 0.029939
vt 0.584465 0.029939
vt 0.585706 0.029140
f 35/103/35 36/107/36 39/117/39
vt 0.584465 0.029939
vt 0.585706 0.029140
vt 0.585706 0.029140
f 35/103/35 39/116/39 38/114/38
vt 0.584465 0.029939
vt 0.584465 0.029939
vt 0.585706 0.029140
f 36/106/36 37/110/37 40/120/40
vt 0.584465 0.029939
vt 0.585706 0.029140
vt 0.585706 0.029140
f 36/106/36 40/119/40 39/117/39
vt 0.585706 0.029140
vt 0.585706 0.029140
vt 0.586706 0.028087
f 38/112/38 39/116/39 42/126/42
vt 0.585706 0.029140
vt 0.586706 0.028087
vt 0.586706 0.028087
f 38/112/38 42/125/42 41/123/41
vt 0.585706 0.029140
vt 0.585706 0.029140
vt 0.586706 0.028087
f 39/115/39 40/119/40 43/129/43
vt 0.585706 0.029140
vt 0.586706 0.028087
vt 0.586706 0.028087
f 39/115/39 43/128/43 42/126/42
vt 0.586706 0.028087
vt 0.586706 0.028087
vt 0.587406 0.026842
f 41/121/41 42/125/42 45/135/45
vt 0.586706 0.028087
vt 0.587406 0.026842
vt 0.587406 0.026842
f 41/121/41 45/134/45 44/132/44
vt 0.586706 0.028087
vt 0.586706 0.028087
vt 0.587406 0.026842
f 42/124/42 43/128/43 46/138/46
vt 0.586706 0.028087
vt 0.587406 0.026842
vt 0.587406 0.026842
f 42/124/42 46/137/46 45/135/45
vt 0.587406 0.026842
vt 0.587406 0.026842
vt 0.587767 0.025476
f 44/130/44 45/134/45 48/144/48
vt 0.587406 0.026842
vt 0.587767 0.025476
vt 0.587767 0.025476
f 44/130/44 48/143/48 47/141/47
vt 0.587406 0.026842
vt 0.587406 0.026842
vt 0.587767 0.025476
f 45/133/45 46/137/46 49/147/49
vt 0.587406 0.026842
vt 0.587767 0.025476
vt 0.587767 0.025476
f 45/133/45 49/146/49 48/144/48
vt 0.587767 0.025476
vt 0.587767 0.025476
vt 0.587767 0.024070
f 47/139/47 48/143/48 51/153/51
vt 0.587767 0.025476
vt 0.587767 0.024070
vt 0.587767 0.024070
f 47/139/47 51/152/51 50/150/50
vt 0.587767 0.025476
vt 0.587767 0.025476
vt 0.587767 0.024070
f 48/142/48 49/146/49 52/156/52
vt 0.587767 0.025476
vt 0.587767 0.024070
vt 0.587767 0.024070
f 48/142/48 52/155/52 51/153/51
vt 0.587767 0.024070
vt 0.587767 0.024070
vt 0.587406 0.022704
f 50/148/50 51/152/51 54/162/54
vt 0.587767 0.024070
vt 0.587406 0.022704
vt 0.587406 0.022704
f 50/148/50 54/161/54 53/159/53
vt 0.587767 0.024070
vt 0.587767 0.024070
vt 0.587406 0.022704
f 51/151/51 52/155/52 55/165/55
vt 0.587767 0.024070
vt 0.587406 0.022704
vt 0.587406 0.022704
f 51/151/51 55/164/55 54/162/54
vt 0.587406 0.022704
vt 0.587406 0.022704
vt 0.586706 0.021459
f 53/157/53 54/161/54 57/171/57
vt 0.587406 0.022704
vt 0.586706 0.021459
vt 0.586706 0.021459
f 53/157/53 57/170/57 56/168/56
vt 0.587406 0.022704
vt 0.587406 0.022704
vt 0.586706 0.021459
f 54/160/54 55/164/55 58/174/58
vt 0.587406 0.022704
vt 0.586706 0.021459
vt 0.586706 0.021459
f 54/160/54 58/173/58 57/171/57
vt 0.586706 0.021459
vt 0.586706 0.021459
vt 0.585706 0.020406
f 56/166/56 57/170/57 60/180/60
vt 0.586706 0.021459
vt 0.585706 0.020406
vt 0.585706 0.020406
f 56/166/56 60/179/60 59/177/59
vt 0.586706 0.021459
vt 0.586706 0.021459
vt 0.585706 0.020406
f 57/169/57 58/173/58 61/183/61
vt 0.586706 0.021459
vt 0.585706 0.020406
vt 0.585706 0.020406
f 57/169/57 61/182/61 60/180/60
vt 0.585706 0.020406
vt 0.585706 0.020406
vt 0.584465 0.019607
f 59/175/59 60/179/60 63/189/63
vt 0.585706 0.020406
vt 0.584465 0.019607
vt 0.584465 0.019607
f 59/175/59 63/188/63 62/186/62
vt 0.585706 0.020406
vt 0.585706 0.020406
vt 0.584465 0.019607
f 60/178/60 61/182/61 64/192/64
vt 0.585706 0.020406
vt 0.584465 0.019607
vt 0.584465 0.019607
f 60/178/60 64/191/64 63/189/63
vt 0.584465 0.019607
vt 0.584465 0.019607
vt 0.583055 0.019108
f 62/184/62 63/188/63 66/198/66
vt 0.584465 0.019607
vt 0.583055 0.019108
vt 0.583055 0.019108
f 62/184/62 66/197/66 65/195/65
vt 0.584465 0.019607
vt 0.584465 0.019607
vt 0.583055 0.019108
f 63/187/63 64/191/64 67/201/67
vt 0.584465 0.019607
vt 0.583055 0.019108
vt 0.583055 0.019108
f 63/187/63 67/200/67 66/198/66
vt 0.583055 0.019108
vt 0.583055 0.019108
vt 0.581559 0.018939
f 65/193/65 66/197/66 69/207/69
vt 0.583055 0.019108
vt 0.581559 0.018939
vt 0.581559 0.018939
f 65/193/65 69/206/69 68/204/68
vt 0.583055 0.019108
vt 0.583055 0.019108
vt 0.581559 0.018939
f 66/196/66 67/200/67 70/210/70
vt 0.583055 0.019108
vt 0.581559 0.018939
vt 0.581559 0.018939
f 66/196/66 70/209/70 69/207/69
vt 0.581559 0.018939
vt 0.581559 0.018939
vt 0.580062 0.019108
f 68/202/68 69/206/69 72/216/72
vt 0.581559 0.018939
vt 0.580062 0.019108
vt 0.580062 0.019108
f 68/202/68 72/215/72 71/213/71
vt 0.581559 0.018939
vt 0.581559 0.018939
vt 0.580062 0.019108
f 69/205/69 70/209/70 73/219/73
vt 0.581559 0.018939
vt 0.580062 0.019108
vt 0.580062 0.019108
f 69/205/69 73/218/73 72/216/72
vt 0.580062 0.019108
vt 0.580062 0.019108
vt 0.578652 0.019607
f 71/211/71 72/215/72 75/225/75
vt 0.580062 0.019108
vt 0.578652 0.019607
vt 0.578652 0.019607
f 71/211/71 75/224/75 74/222/74
vt 0.580062 0.019108
vt 0.580062 0.019108
vt 0.578652 0.019607
f 72/214/72 73/218/73 76/228/76
vt 0.580062 0.019108
vt 0.578652 0.019607
vt 0.578652 0.019607
f 72/214/72 76/227/76 75/225/75
vt 0.578652 0.019607
vt 0.578652 0.019607
vt 0.577412 0.020406
f 74/220/74 75/224/75 78/234/78
vt 0.578652 0.019607
vt 0.577412 0.020406
vt 0.577412 0.020406
f 74/220/74 78/233/78 77/231/77
vt 0.578652 0.019607
vt 0.578652 0.019607
vt 0.577412 0.020406
f 75/223/75 76/227/76 79/237/79
vt 0.578652 0.019607
vt 0.577412 0.020406
vt 0.577412 0.020406
f 75/223/75 79/236/79 78/234/78
vt 0.577412 0.020406
vt 0.577412 0.020406
vt 0.576412 0.021459
f 77/229/77 78/233/78 81/243/81
vt 0.577412 0.020406
vt 0.576412 0.021459
vt 0.576412 0.021459
f 77/229/77 81/242/81 80/240/80
vt 0.577412 0.020406
vt 0.577412 0.020406
vt 0.576412 0.021459
f 78/232/78 79/236/79 82/246/82
vt 0.577412 0.020406
vt 0.576412 0.021459
vt 0.576412 0.021459
f 78/232/78 82/245/82 81/243/81
vt 0.576412 0.021459
vt 0.576412 0.021459
vt 0.575711 0.022704
f 80/238/80 81/242/81 84/252/84
vt 0.576412 0.021459
vt 0.575711 0.022704
vt 0.575711 0.022704
f 80/238/80 84/251/84 83/249/83
vt 0.576412 0.021459
vt 0.576412 0.021459
vt 0.575711 0.022704
f 81/241/81 82/245/82 85/255/85
vt 0.576412 0.021459
vt 0.575711 0.022704
vt 0.575711 0.022704
f 81/241/81 85/254/85 84/252/84
vt 0.575711 0.022704
vt 0.575711 0.022704
vt 0.575350 0.024070
f 83/247/83 84/251/84 87/261/87
vt 0.575711 0.022704
vt 0.575350 0.024070
vt 0.575350 0.024070
f 83/247/83 87/260/87 86/258/86
vt 0.575711 0.022704
vt 0.575711 0.022704
vt 0.575350 0.024070
f 84/250/84 85/254/85 88/264/88
vt 0.575711 0.022704
vt 0.575350 0.024070
vt 0.575350 0.024070
f 84/250/84 88/263/88 87/261/87
vt 0.575350 0.024070
vt 0.575350 0.024070
vt 0.575350 0.025476
f 86/256/86 87/260/87 90/270/90
vt 0.575350 0.024070
vt 0.575350 0.025476
vt 0.575350 0.025476
f 86/256/86 90/269/90 89/267/89
vt 0.575350 0.024070
vt 0.575350 0.024070
vt 0.575350 0.025476
f 87/259/87 88/263/88 91/273/91
vt 0.575350 0.024070
vt 0.575350 0.025476
vt 0.575350 0.025476
f 87/259/87 91/272/91 90/270/90
vt 0.575350 0.025476
vt 0.575350 0.025476
vt 0.575711 0.026842
f 89/265/89 90/269/90 93/279/93
vt 0.575350 0.025476
vt 0.575711 0.026842
vt 0.575711 0.026842
f 89/265/89 93/278/93 92/276/92
vt 0.575350 0.025476
vt 0.575350 0.025476
vt 0.575711 0.026842
f 90/268/90 91/272/91 94/282/94
vt 0.575350 0.025476
vt 0.575711 0.026842
vt 0.575711 0.026842
f 90/268/90 94/281/94 93/279/93
vt 0.575711 0.026842
vt 0.575711 0.026842
vt 0.576412 0.028087
f 92/274/92 93/278/93 96/288/96
vt 0.575711 0.026842
vt 0.576412 0.028087
vt 0.576412 0.028087
f 92/274/92 96/287/96 95/285/95
vt 0.575711 0.026842
vt 0.575711 0.026842
vt 0.576412 0.028087
f 93/277/93 94/281/94 97/291/97
vt 0.575711 0.026842
vt 0.576412 0.028087
vt 0.576412 0.028087
f 93/277/93 97/290/97 96/288/96
vt 0.576412 0.028087
vt 0.576412 0.028087
vt 0.577412 0.029140
f 95/283/95 96/287/96 99/297/99
vt 0.576412 0.028087
vt 0.577412 0.029140
vt 0.577412 0.029140
f 95/283/95 99/296/99 98/294/98
vt 0.576412 0.028087
vt 0.576412 0.028087
vt 0.577412 0.029140
f 96/286/96 97/290/97 100/300/100
vt 0.576412 0.028087
vt 0.577412 0.029140
vt 0.577412 0.029140
f 96/286/96 100/299/100 99/297/99
vt 0.577412 0.029140
vt 0.577412 0.029140
vt 0.578652 0.029939
f 98/292/98 99/296/99 102/306/102
vt 0.577412 0.029140
vt 0.578652 0.029939
vt 0.578652 0.029939
f 98/292/98 102/305/102 101/303/101
vt 0.577412 0.029140
vt 0.577412 0.029140
vt 0.578652 0.029939
f 99/295/99 100/299/100 103/309/103
vt 0.577412 0.029140
vt 0.578652 0.029939
vt 0.578652 0.029939
f 99/295/99 103/308/103 102/306/102
vt 0.578652 0.029939
vt 0.578652 0.029939
vt 0.580062 0.030437
f 101/301/101 102/305/102 105/315/105
vt 0.578652 0.029939
vt 0.580062 0.030437
vt 0.580062 0.030437
f 101/301/101 105/314/105 104/312/104
vt 0.578652 0.029939
vt 0.578652 0.029939
vt 0.580062 0.030437
f 102/304/102 103/308/103 106/318/106
vt 0.578652 0.029939
vt 0.580062 0.030437
vt 0.580062 0.030437
f 102/304/102 106/317/106 105/315/105
vt 0.581559 0.030717
vt 0.581559 0.030717
vt 0.580062 0.030437
f 30/88/30 29/86/29 104/312/104
vt 0.581559 0.030717
vt 0.580062 0.030437
vt 0.580062 0.030437
f 30/88/30 104/311/104 105/315/105
vt 0.581559 0.030717
vt 0.581559 0.030717
vt 0.580062 0.030437
f 31/91/31 30/89/30 105/315/105
vt 0.581559 0.030717
vt 0.580062 0.030437
vt 0.580062 0.030437
f 31/91/31 105/314/105 106/318/106
vt 0.511445 0.015730
vt 0.513686 0.015723
vt 0.513686 0.016266
f 107/319/107 108/323/108 112/336/112
vt 0.511445 0.015730
vt 0.513686 0.016266
vt 0.511446 0.016266
f 107/319/107 112/335/112 111/333/111
vt 0.513686 0.015723
vt 0.515926 0.015723
vt 0.515926 0.016266
f 108/322/108 109/326/109 113/339/113
vt 0.513686 0.015723
vt 0.515926 0.016266
vt 0.513686 0.016266
f 108/322/108 113/338/113 112/336/112
vt 0.515926 0.015723
vt 0.518167 0.015723
vt 0.518167 0.016266
f 109/325/109 110/329/110 114/342/114
vt 0.515926 0.015723
vt 0.518167 0.016266
vt 0.515926 0.016266
f 109/325/109 114/341/114 113/339/113
vt 0.511446 0.016266
vt 0.513686 0.016266
vt 0.513686 0.016809
f 111/331/111 112/335/112 116/348/116
vt 0.511446 0.016266
vt 0.513686 0.016809
vt 0.511446 0.016809
f 111/331/111 116/347/116 115/345/115
vt 0.513686 0.016266
vt 0.515926 0.016266
vt 0.515926 0.016809
f 112/334/112 113/338/113 117/351/117
vt 0.513686 0.016266
vt 0.515926 0.016809
vt 0.513686 0.016809
f 112/334/112 117/350/117 116/348/116
vt 0.515926 0.016266
vt 0.518167 0.016266
vt 0.518167 0.016809
f 113/337/113 114/341/114 118/354/118
vt 0.515926 0.016266
vt 0.518167 0.016809
vt 0.515926 0.016809
f 113/337/113 118/353/118 117/351/117
vt 0.511446 0.016809
vt 0.513686 0.016809
vt 0.513686 0.017352
f 115/343/115 116/347/116 120/360/120
vt 0.511446 0.016809
vt 0.513686 0.017352
vt 0.511446 0.017352
f 115/343/115 120/359/120 119/357/119
vt 0.513686 0.016809
vt 0.515926 0.016809
vt 0.515926 0.017352
f 116/346/116 117/350/117 121/363/121
vt 0.513686 0.016809
vt 0.515926 0.017352
vt 0.513686 0.017352
f 116/346/116 121/362/121 120/360/120
vt 0.515926 0.016809
vt 0.518167 0.016809
vt 0.518167 0.017352
f 117/349/117 118/353/118 122/366/122
vt 0.515926 0.016809
vt 0.518167 0.017352
vt 0.515926 0.017352
f 117/349/117 122/365/122 121/363/121
vt 0.511446 0.017352
vt 0.513686 0.017352
vt 0.513686 0.017895
f 119/355/119 120/359/120 124/372/124
vt 0.511446 0.017352
vt 0.513686 0.017895
vt 0.511251 0.018111
f 119/355/119 124/371/124 123/369/123
vt 0.513686 0.017352
vt 0.515926 0.017352
vt 0.515926 0.017895
f 120/358/120 121/362/121 125/375/125
vt 0.513686 0.017352
vt 0.515926 0.017895
vt 0.513686 0.017895
f 120/358/120 125/374/125 124/372/124
vt 0.515926 0.017352
vt 0.518167 0.017352
vt 0.518167 0.017895
f 121/361/121 122/365/122 126/378/126
vt 0.515926 0.017352
vt 0.518167 0.017895
vt 0.515926 0.017895
f 121/361/121 126/377/126 125/375/125
vt 0.511251 0.018111
vt 0.513686 0.017895
vt 0.513686 0.018438
f 123/367/123 124/371/124 128/384/128
vt 0.511251 0.018111
vt 0.513686 0.018438
vt 0.511251 0.018111
f 123/367/123 128/383/128 127/381/127
vt 0.513686 0.017895
vt 0.515926 0.017895
vt 0.515926 0.018438
f 124/370/124 125/374/125 129/387/129
vt 0.513686 0.017895
vt 0.515926 0.018438
vt 0.513686 0.018438
f 124/370/124 129/386/129 128/384/128
vt 0.515926 0.017895
vt 0.518167 0.017895
vt 0.518167 0.018438
f 125/373/125 126/377/126 130/390/130
vt 0.515926 0.017895
vt 0.518167 0.018438
vt 0.515926 0.018438
f 125/373/125 130/389/130 129/387/129
vt 0.511251 0.018111
vt 0.513686 0.018438
vt 0.513686 0.018981
f 127/379/127 128/383/128 132/396/132
vt 0.511251 0.018111
vt 0.513686 0.018981
vt 0.511446 0.018981
f 127/379/127 132/395/132 131/393/131
vt 0.513686 0.018438
vt 0.515926 0.018438
vt 0.515926 0.018981
f 128/382/128 129/386/129 133/399/133
vt 0.513686 0.018438
vt 0.515926 0.018981
vt 0.513686 0.018981
f 128/382/128 133/398/133 132/396/132
vt 0.515926 0.018438
vt 0.518167 0.018438
vt 0.518167 0.019248
f 129/385/129 130/389/130 134/402/134
vt 0.515926 0.018438
vt 0.518167 0.019248
vt 0.515926 0.018981
f 129/385/129 134/401/134 133/399/133
vt 0.511446 0.018981
vt 0.513686 0.018981
vt 0.513686 0.019524
f 131/391/131 132/395/132 136/408/136
vt 0.511446 0.018981
vt 0.513686 0.019524
vt 0.511080 0.019694
f 131/391/131 136/407/136 135/405/135
vt 0.513686 0.018981
vt 0.515926 0.018981
vt 0.515926 0.019524
f 132/394/132 133/398/133 137/411/137
vt 0.513686 0.018981
vt 0.515926 0.019524
vt 0.513686 0.019524
f 132/394/132 137/410/137 136/408/136
vt 0.515926 0.018981
vt 0.518167 0.019248
vt 0.518167 0.019248
f 133/397/133 134/401/134 138/414/138
vt 0.515926 0.018981
vt 0.518167 0.019248
vt 0.515926 0.019524
f 133/397/133 138/413/138 137/411/137
vt 0.511080 0.019694
vt 0.513686 0.019524
vt 0.513686 0.020067
f 135/403/135 136/407/136 140/420/140
vt 0.511080 0.019694
vt 0.513686 0.020067
vt 0.511446 0.020067
f 135/403/135 140/419/140 139/417/139
vt 0.513686 0.019524
vt 0.515926 0.019524
vt 0.515926 0.020067
f 136/406/136 137/410/137 141/423/141
vt 0.513686 0.019524
vt 0.515926 0.020067
vt 0.513686 0.020067
f 136/406/136 141/422/141 140/420/140
vt 0.511446 0.020067
vt 0.513686 0.020067
vt 0.513686 0.020610
f 139/415/139 140/419/140 144/432/144
vt 0.511446 0.020067
vt 0.513686 0.020610
vt 0.511446 0.020610
f 139/415/139 144/431/144 143/429/143
vt 0.513686 0.020067
vt 0.515926 0.020067
vt 0.515926 0.020610
f 140/418/140 141/422/141 145/435/145
vt 0.513686 0.020067
vt 0.515926 0.020610
vt 0.513686 0.020610
f 140/418/140 145/434/145 144/432/144
vt 0.515926 0.020067
vt 0.518167 0.020187
vt 0.518167 0.020187
f 141/421/141 142/425/142 146/438/146
vt 0.515926 0.020067
vt 0.518167 0.020187
vt 0.515926 0.020610
f 141/421/141 146/437/146 145/435/145
vt 0.511446 0.020610
vt 0.513686 0.020610
vt 0.513686 0.021153
f 143/427/143 144/431/144 148/444/148
vt 0.511446 0.020610
vt 0.513686 0.021153
vt 0.511446 0.021153
f 143/427/143 148/443/148 147/441/147
vt 0.513686 0.020610
vt 0.515926 0.020610
vt 0.515926 0.021153
f 144/430/144 145/434/145 149/447/149
vt 0.513686 0.020610
vt 0.515926 0.021153
vt 0.513686 0.021153
f 144/430/144 149/446/149 148/444/148
vt 0.515926 0.020610
vt 0.518167 0.020187
vt 0.518167 0.021153
f 145/433/145 146/437/146 150/450/150
vt 0.515926 0.020610
vt 0.518167 0.021153
vt 0.515926 0.021153
f 145/433/145 150/449/150 149/447/149
vt 0.511446 0.021153
vt 0.513686 0.021153
vt 0.513686 0.021695
f 147/439/147 148/443/148 152/456/152
vt 0.511446 0.021153
vt 0.513686 0.021695
vt 0.511446 0.021695
f 147/439/147 152/455/152 151/453/151
vt 0.513686 0.021153
vt 0.515926 0.021153
vt 0.515926 0.021695
f 148/442/148 149/446/149 153/459/153
vt 0.513686 0.021153
vt 0.515926 0.021695
vt 0.513686 0.021695
f 148/442/148 153/458/153 152/456/152
vt 0.515926 0.021153
vt 0.518167 0.021153
vt 0.518167 0.021695
f 149/445/149 150/449/150 154/462/154
vt 0.515926 0.021153
vt 0.518167 0.021695
vt 0.515926 0.021695
f 149/445/149 154/461/154 153/459/153
vt 0.511446 0.021695
vt 0.513686 0.021695
vt 0.513686 0.022238
f 151/451/151 152/455/152 156/468/156
vt 0.511446 0.021695
vt 0.513686 0.022238
vt 0.511446 0.022238
f 151/451/151 156/467/156 155/465/155
vt 0.513686 0.021695
vt 0.515926 0.021695
vt 0.515926 0.022238
f 152/454/152 153/458/153 157/471/157
vt 0.513686 0.021695
vt 0.515926 0.022238
vt 0.513686 0.022238
f 152/454/152 157/470/157 156/468/156
vt 0.515926 0.021695
vt 0.518167 0.021695
vt 0.518167 0.022238
f 153/457/153 154/461/154 158/474/158
vt 0.515926 0.021695
vt 0.518167 0.022238
vt 0.515926 0.022238
f 153/457/153 158/473/158 157/471/157
vt 0.511446 0.022238
vt 0.513686 0.022238
vt 0.513686 0.022781
f 155/463/155 156/467/156 160/480/160
vt 0.511446 0.022238
vt 0.513686 0.022781
vt 0.511446 0.022781
f 155/463/155 160/479/160 159/477/159
vt 0.513686 0.022238
vt 0.515926 0.022238
vt 0.515926 0.022781
f 156/466/156 157/470/157 161/483/161
vt 0.513686 0.022238
vt 0.515926 0.022781
vt 0.513686 0.022781
f 156/466/156 161/482/161 160/480/160
vt 0.515926 0.022238
vt 0.518167 0.022238
vt 0.518167 0.022781
f 157/469/157 158/473/158 162/486/162
vt 0.515926 0.022238
vt 0.518167 0.022781
vt 0.515926 0.022781
f 157/469/157 162/485/162 161/483/161
vt 0.511446 0.022781
vt 0.513686 0.022781
vt 0.513686 0.023324
f 159/475/159 160/479/160 164/492/164
vt 0.511446 0.022781
vt 0.513686 0.023324
vt 0.511446 0.023324
f 159/475/159 164/491/164 163/489/163
vt 0.513686 0.022781
vt 0.515926 0.022781
vt 0.515926 0.023324
f 160/478/160 161/482/161 165/495/165
vt 0.513686 0.022781
vt 0.515926 0.023324
vt 0.513686 0.023324
f 160/478/160 165/494/165 164/492/164
vt 0.515926 0.022781
vt 0.518167 0.022781
vt 0.518167 0.023324
f 161/481/161 162/485/162 166/498/166
vt 0.515926 0.022781
vt 0.518167 0.023324
vt 0.515926 0.023324
f 161/481/161 166/497/166 165/495/165
vt 0.511446 0.023324
vt 0.513686 0.023324
vt 0.513686 0.023867
f 163/487/163 164/491/164 168/504/168
vt 0.511446 0.023324
vt 0.513686 0.023867
vt 0.511446 0.023867
f 163/487/163 168/503/168 167/501/167
vt 0.513686 0.023324
vt 0.515926 0.023324
vt 0.515926 0.023867
f 164/490/164 165/494/165 169/507/169
vt 0.513686 0.023324
vt 0.515926 0.023867
vt 0.513686 0.023867
f 164/490/164 169/506/169 168/504/168
vt 0.515926 0.023324
vt 0.518167 0.023324
vt 0.518167 0.023867
f 165/493/165 166/497/166 170/510/170
vt 0.515926 0.023324
vt 0.518167 0.023867
vt 0.515926 0.023867
f 165/493/165 170/509/170 169/507/169
vt 0.511446 0.023867
vt 0.513686 0.023867
vt 0.513686 0.024410
f 167/499/167 168/503/168 172/516/172
vt 0.511446 0.023867
vt 0.513686 0.024410
vt 0.511446 0.024410
f 167/499/167 172/515/172 171/513/171
vt 0.513686 0.023867
vt 0.515926 0.023867
vt 0.515926 0.024410
f 168/502/168 169/506/169 173/519/173
vt 0.513686 0.023867
vt 0.515926 0.024410
vt 0.513686 0.024410
f 168/502/168 173/518/173 172/516/172
vt 0.515926 0.023867
vt 0.518167 0.023867
vt 0.518167 0.024410
f 169/505/169 170/509/170 174/522/174
vt 0.515926 0.023867
vt 0.518167 0.024410
vt 0.515926 0.024410
f 169/505/169 174/521/174 173/519/173
vt 0.511446 0.024410
vt 0.513686 0.024410
vt 0.513686 0.024953
f 171/511/171 172/515/172 176/528/176
vt 0.511446 0.024410
vt 0.513686 0.024953
vt 0.511446 0.024953
f 171/511/171 176/527/176 175/525/175
vt 0.513686 0.024410
vt 0.515926 0.024410
vt 0.515926 0.024953
f 172/514/172 173/518/173 177/531/177
vt 0.513686 0.024410
vt 0.515926 0.024953
vt 0.513686 0.024953
f 172/514/172 177/530/177 176/528/176
vt 0.515926 0.024410
vt 0.518167 0.024410
vt 0.518167 0.024953
f 173/517/173 174/521/174 178/534/178
vt 0.515926 0.024410
vt 0.518167 0.024953
vt 0.515926 0.024953
f 173/517/173 178/533/178 177/531/177
vt 0.511446 0.024953
vt 0.513686 0.024953
vt 0.513686 0.025496
f 175/523/175 176/527/176 180/540/180
vt 0.511446 0.024953
vt 0.513686 0.025496
vt 0.511446 0.025496
f 175/523/175 180/539/180 179/537/179
vt 0.513686 0.024953
vt 0.515926 0.024953
vt 0.515926 0.025496
f 176/526/176 177/530/177 181/543/181
vt 0.513686 0.024953
vt 0.515926 0.025496
vt 0.513686 0.025496
f 176/526/176 181/542/181 180/540/180
vt 0.511446 0.025496
vt 0.513686 0.025496
vt 0.513686 0.026039
f 179/535/179 180/539/180 184/552/184
vt 0.511446 0.025496
vt 0.513686 0.026039
vt 0.511446 0.026039
f 179/535/179 184/551/184 183/549/183
vt 0.513686 0.025496
vt 0.515926 0.025496
vt 0.515926 0.026039
f 180/538/180 181/542/181 185/555/185
vt 0.513686 0.025496
vt 0.515926 0.026039
vt 0.513686 0.026039
f 180/538/180 185/554/185 184/552/184
vt 0.515926 0.025496
vt 0.518167 0.025496
vt 0.518167 0.026039
f 181/541/181 182/545/182 186/558/186
vt 0.515926 0.025496
vt 0.518167 0.026039
vt 0.515926 0.026039
f 181/541/181 186/557/186 185/555/185
vt 0.511446 0.026039
vt 0.513686 0.026039
vt 0.513686 0.026582
f 183/547/183 184/551/184 188/564/188
vt 0.511446 0.026039
vt 0.513686 0.026582
vt 0.511446 0.026582
f 183/547/183 188/563/188 187/561/187
vt 0.513686 0.026039
vt 0.515926 0.026039
vt 0.515926 0.026582
f 184/550/184 185/554/185 189/567/189
vt 0.513686 0.026039
vt 0.515926 0.026582
vt 0.513686 0.026582
f 184/550/184 189/566/189 188/564/188
vt 0.515926 0.026039
vt 0.518167 0.026039
vt 0.518167 0.026582
f 185/553/185 186/557/186 190/570/190
vt 0.515926 0.026039
vt 0.518167 0.026582
vt 0.515926 0.026582
f 185/553/185 190/569/190 189/567/189
vt 0.511446 0.026582
vt 0.513686 0.026582
vt 0.513686 0.027125
f 187/559/187 188/563/188 192/576/192
vt 0.511446 0.026582
vt 0.513686 0.027125
vt 0.511446 0.027125
f 187/559/187 192/575/192 191/573/191
vt 0.513686 0.026582
vt 0.515926 0.026582
vt 0.515926 0.027125
f 188/562/188 189/566/189 193/579/193
vt 0.513686 0.026582
vt 0.515926 0.027125
vt 0.513686 0.027125
f 188/562/188 193/578/193 192/576/192
vt 0.515926 0.026582
vt 0.518167 0.026582
vt 0.518167 0.027125
f 189/565/189 190/569/190 194/582/194
vt 0.515926 0.026582
vt 0.518167 0.027125
vt 0.515926 0.027125
f 189/565/189 194/581/194 193/579/193
vt 0.511446 0.027125
vt 0.513686 0.027125
vt 0.513686 0.027668
f 191/571/191 192/575/192 196/588/196
vt 0.511446 0.027125
vt 0.513686 0.027668
vt 0.511446 0.027668
f 191/571/191 196/587/196 195/585/195
vt 0.513686 0.027125
vt 0.515926 0.027125
vt 0.515926 0.027668
f 192/574/192 193/578/193 197/591/197
vt 0.513686 0.027125
vt 0.515926 0.027668
vt 0.513686 0.027668
f 192/574/192 197/590/197 196/588/196
vt 0.515926 0.027125
vt 0.518167 0.027125
vt 0.518167 0.027668
f 193/577/193 194/581/194 198/594/198
vt 0.515926 0.027125
vt 0.518167 0.027668
vt 0.515926 0.027668
f 193/577/193 198/593/198 197/591/197
vt 0.511446 0.027668
vt 0.513686 0.027668
vt 0.513686 0.028211
f 195/583/195 196/587/196 200/600/200
vt 0.511446 0.027668
vt 0.513686 0.028211
vt 0.511446 0.028211
f 195/583/195 200/599/200 199/597/199
vt 0.513686 0.027668
vt 0.515926 0.027668
vt 0.515926 0.028211
f 196/586/196 197/590/197 201/603/201
vt 0.513686 0.027668
vt 0.515926 0.028211
vt 0.513686 0.028211
f 196/586/196 201/602/201 200/600/200
vt 0.515926 0.027668
vt 0.518167 0.027668
vt 0.518167 0.028351
f 197/589/197 198/593/198 202/606/202
vt 0.515926 0.027668
vt 0.518167 0.028351
vt 0.515926 0.028211
f 197/589/197 202/605/202 201/603/201
vt 0.511446 0.028211
vt 0.513686 0.028211
vt 0.513686 0.028754
f 199/595/199 200/599/200 204/612/204
vt 0.511446 0.028211
vt 0.513686 0.028754
vt 0.511446 0.028754
f 199/595/199 204/611/204 203/609/203
vt 0.513686 0.028211
vt 0.515926 0.028211
vt 0.515926 0.028754
f 200/598/200 201/602/201 205/615/205
vt 0.513686 0.028211
vt 0.515926 0.028754
vt 0.513686 0.028754
f 200/598/200 205/614/205 204/612/204
vt 0.515926 0.028211
vt 0.518167 0.028351
vt 0.518167 0.028351
f 201/601/201 202/605/202 206/618/206
vt 0.515926 0.028211
vt 0.518167 0.028351
vt 0.515926 0.028754
f 201/601/201 206/617/206 205/615/205
vt 0.513686 0.029297
vt 0.511446 0.029297
vt 0.511446 0.028754
f 108/322/108 107/320/107 203/609/203
vt 0.513686 0.029297
vt 0.511446 0.028754
vt 0.513686 0.028754
f 108/322/108 203/608/203 204/612/204
vt 0.515926 0.029297
vt 0.513686 0.029297
vt 0.513686 0.028754
f 109/325/109 108/323/108 204/612/204
vt 0.515926 0.029297
vt 0.513686 0.028754
vt 0.515926 0.028754
f 109/325/109 204/611/204 205/615/205
vt 0.518167 0.029290
vt 0.515926 0.029297
vt 0.515926 0.028754
f 110/328/110 109/326/109 205/615/205
vt 0.518167 0.029290
vt 0.515926 0.028754
vt 0.518167 0.028351
f 110/328/110 205/614/205 206/618/206
vt 0.586742 0.020744
vt 0.586742 0.020744
vt 0.587707 0.018829
f 239/715/239 240/719/240 211/633/211
vt 0.581007 0.030717
vt 0.580124 0.025032
vt 0.581559 0.023217
f 208/622/208 214/641/214 207/621/207
vt 0.579600 0.023120
vt 0.581559 0.023217
vt 0.579971 0.023681
f 216/646/216 207/620/207 215/645/215
vt 0.576383 0.022168
vt 0.575233 0.021174
vt 0.576412 0.021459
f 251/751/251 213/638/213 250/750/250
vt 0.579971 0.026382
vt 0.581007 0.030717
vt 0.579600 0.026940
f 221/661/221 208/623/208 220/660/220
vt 0.581007 0.030717
vt 0.575233 0.021174
vt 0.579229 0.026380
f 208/622/208 213/638/213 219/657/219
vt 0.579600 0.026940
vt 0.581007 0.030717
vt 0.579229 0.026380
f 220/658/220 208/623/208 219/657/219
vt 0.580124 0.025032
vt 0.581007 0.030717
vt 0.579971 0.026382
f 214/640/214 208/623/208 221/663/221
vt 0.583148 0.023681
vt 0.581559 0.023217
vt 0.583518 0.023120
f 225/673/225 207/620/207 224/672/224
vt 0.582110 0.030717
vt 0.581559 0.023217
vt 0.582994 0.025032
f 209/625/209 207/620/207 226/678/226
vt 0.582994 0.025032
vt 0.581559 0.023217
vt 0.583148 0.023681
f 226/676/226 207/620/207 225/675/225
vt 0.583148 0.026382
vt 0.582110 0.030717
vt 0.582994 0.025032
f 227/679/227 209/626/209 226/678/226
vt 0.583518 0.026940
vt 0.582110 0.030717
vt 0.583148 0.026382
f 228/682/228 209/626/209 227/681/227
vt 0.587884 0.021174
vt 0.582110 0.030717
vt 0.583518 0.026940
f 210/628/210 209/626/209 228/684/228
vt 0.583889 0.026380
vt 0.587884 0.021174
vt 0.583518 0.026940
f 229/685/229 210/629/210 228/684/228
vt 0.585123 0.021547
vt 0.586742 0.020744
vt 0.585410 0.021977
f 232/694/232 241/722/241 231/693/231
vt 0.586706 0.021459
vt 0.585532 0.023037
vt 0.585410 0.021977
f 242/724/242 230/689/230 231/693/231
vt 0.581559 0.023217
vt 0.584834 0.021985
vt 0.583518 0.023120
f 207/619/207 233/698/233 224/672/224
vt 0.581559 0.023217
vt 0.587707 0.018829
vt 0.585123 0.021547
f 207/619/207 211/632/211 232/696/232
vt 0.584834 0.021985
vt 0.581559 0.023217
vt 0.585123 0.021547
f 233/697/233 207/620/207 232/696/232
vt 0.584714 0.023039
vt 0.583889 0.023678
vt 0.583518 0.023120
f 234/700/234 223/668/223 224/672/224
vt 0.583889 0.023678
vt 0.584714 0.023039
vt 0.584042 0.025028
f 223/667/223 234/701/234 222/666/222
vt 0.584042 0.025028
vt 0.584834 0.024093
vt 0.585123 0.024529
f 222/664/222 235/704/235 236/708/236
vt 0.587884 0.021174
vt 0.583889 0.026380
vt 0.585123 0.024529
f 210/628/210 229/686/229 236/708/236
vt 0.585413 0.024091
vt 0.587884 0.021174
vt 0.585123 0.024529
f 237/709/237 210/629/210 236/708/236
vt 0.587707 0.018829
vt 0.586706 0.021459
vt 0.586742 0.020744
f 211/631/211 238/713/238 239/717/239
vt 0.586706 0.021459
vt 0.585410 0.021977
vt 0.586742 0.020744
f 242/724/242 231/692/231 241/723/241
vt 0.585123 0.021547
vt 0.587707 0.018829
vt 0.586742 0.020744
f 232/694/232 211/632/211 240/720/240
vt 0.586742 0.020744
vt 0.585123 0.021547
vt 0.586742 0.020744
f 241/721/241 232/695/232 240/720/240
vt 0.586706 0.021459
vt 0.587884 0.021174
vt 0.586742 0.022168
f 238/712/238 210/629/210 245/735/245
vt 0.585532 0.023037
vt 0.586742 0.022168
vt 0.586742 0.022168
f 230/688/230 243/728/243 244/732/244
vt 0.586742 0.022168
vt 0.587884 0.021174
vt 0.586742 0.022168
f 245/733/245 210/629/210 244/732/244
vt 0.576579 0.020450
vt 0.581559 0.023217
vt 0.576579 0.020450
f 248/742/248 207/620/207 247/741/247
vt 0.575411 0.018829
vt 0.576579 0.020450
vt 0.576579 0.020450
f 212/634/212 248/743/248 249/747/249
vt 0.575411 0.018829
vt 0.581559 0.023217
vt 0.576579 0.020450
f 212/634/212 207/620/207 248/744/248
vt 0.576412 0.021459
vt 0.575233 0.021174
vt 0.576579 0.020450
f 250/748/250 213/638/213 249/747/249
vt 0.576383 0.022168
vt 0.575233 0.021174
vt 0.576383 0.022168
f 252/754/252 213/638/213 251/753/251
vt 0.576383 0.022168
vt 0.577622 0.023037
vt 0.576383 0.022168
f 253/757/253 257/770/257 252/756/252
vt 0.578320 0.021985
vt 0.581559 0.023217
vt 0.579600 0.023120
f 254/760/254 207/620/207 216/648/216
vt 0.578031 0.021548
vt 0.581559 0.023217
vt 0.578320 0.021985
f 256/766/256 207/620/207 254/762/254
vt 0.576579 0.020450
vt 0.581559 0.023217
vt 0.578031 0.021548
f 247/739/247 207/620/207 256/768/256
vt 0.579229 0.026380
vt 0.575233 0.021174
vt 0.578030 0.024531
f 219/655/219 213/638/213 260/780/260
vt 0.578320 0.024093
vt 0.579076 0.025028
vt 0.578030 0.024531
f 261/781/261 218/653/218 260/780/260
vt 0.579076 0.025028
vt 0.579229 0.026380
vt 0.578030 0.024531
f 218/652/218 219/656/219 260/780/260
vt 0.577742 0.024091
vt 0.578030 0.024531
vt 0.575233 0.021174
f 259/775/259 260/779/260 213/639/213
vt 0.579229 0.023678
vt 0.579076 0.025028
vt 0.578440 0.023039
f 217/649/217 218/653/218 255/765/255
vt 0.586742 0.022168
vt 0.587884 0.021174
vt 0.585413 0.024091
f 244/730/244 210/629/210 237/711/237
vt 0.577742 0.024091
vt 0.575233 0.021174
vt 0.576383 0.022168
f 259/775/259 213/638/213 252/756/252
vt 0.578320 0.021985
vt 0.579600 0.023120
vt 0.579229 0.023678
f 254/760/254 216/647/216 217/651/217
vt 0.578031 0.021548
vt 0.577741 0.021984
vt 0.576579 0.020450
f 256/766/256 258/773/258 247/741/247
vt 0.577741 0.021984
vt 0.577622 0.023037
vt 0.576412 0.021459
f 258/772/258 257/770/257 246/738/246
vt 0.576383 0.022168
vt 0.577622 0.023037
vt 0.577742 0.024091
f 252/754/252 257/770/257 259/777/259
vt 0.587707 0.018829
vt 0.587884 0.021174
vt 0.586706 0.021459
f 211/631/211 210/629/210 238/714/238
vt 0.579971 0.023681
vt 0.581559 0.023217
vt 0.580124 0.025032
f 215/643/215 207/620/207 214/642/214
vt 0.586706 0.021459
vt 0.586742 0.022168
vt 0.585532 0.023037
f 242/724/242 243/728/243 230/690/230
vt 0.584714 0.023039
vt 0.583518 0.023120
vt 0.584834 0.021985
f 234/700/234 224/671/224 233/699/233
vt 0.584834 0.024093
vt 0.584042 0.025028
vt 0.584714 0.023039
f 235/703/235 222/665/222 234/702/234
vt 0.585123 0.024529
vt 0.583889 0.026380
vt 0.584042 0.025028
f 236/706/236 229/686/229 222/666/222
vt 0.586742 0.022168
vt 0.585413 0.024091
vt 0.585532 0.023037
f 244/730/244 237/710/237 230/690/230
vt 0.576579 0.020450
vt 0.575233 0.021174
vt 0.575411 0.018829
f 249/745/249 213/638/213 212/636/212
vt 0.578320 0.024093
vt 0.578440 0.023039
vt 0.579076 0.025028
f 261/781/261 255/764/255 218/654/218
vt 0.579229 0.023678
vt 0.578440 0.023039
vt 0.578320 0.021985
f 217/649/217 255/764/255 254/762/254
vt 0.576412 0.021459
vt 0.576579 0.020450
vt 0.577741 0.021984
f 246/736/246 247/740/247 258/774/258
vt 0.576383 0.022168
vt 0.576412 0.021459
vt 0.577622 0.023037
f 253/757/253 246/737/246 257/771/257
vt 0.586742 0.020744
vt 0.587230 0.020744
vt 0.586742 0.020256
f 240/718/240 239/716/239 263/789/263
vt 0.586742 0.020744
vt 0.587230 0.020744
vt 0.586742 0.020256
f 240/718/240 263/788/263 262/786/262
vt 0.579600 0.023120
vt 0.579971 0.023681
vt 0.579971 0.023681
f 216/646/216 215/644/215 265/795/265
vt 0.579600 0.023120
vt 0.579971 0.023681
vt 0.579600 0.023120
f 216/646/216 265/794/265 264/792/264
vt 0.576383 0.022168
vt 0.576412 0.021459
vt 0.576412 0.021459
f 251/751/251 250/749/250 267/801/267
vt 0.576383 0.022168
vt 0.576412 0.021459
vt 0.576383 0.022168
f 251/751/251 267/800/267 266/798/266
vt 0.579971 0.026382
vt 0.579600 0.026940
vt 0.579600 0.026940
f 221/661/221 220/659/220 269/807/269
vt 0.579971 0.026382
vt 0.579600 0.026940
vt 0.579971 0.026382
f 221/661/221 269/806/269 268/804/268
vt 0.579600 0.026940
vt 0.579229 0.026380
vt 0.579229 0.026380
f 220/658/220 219/656/219 270/810/270
vt 0.579600 0.026940
vt 0.579229 0.026380
vt 0.579600 0.026940
f 220/658/220 270/809/270 269/807/269
vt 0.580124 0.025032
vt 0.579971 0.026382
vt 0.579971 0.026382
f 214/640/214 221/662/221 268/804/268
vt 0.580124 0.025032
vt 0.579971 0.026382
vt 0.580124 0.025032
f 214/640/214 268/803/268 271/813/271
vt 0.583148 0.023681
vt 0.583518 0.023120
vt 0.583518 0.023120
f 225/673/225 224/671/224 273/819/273
vt 0.583148 0.023681
vt 0.583518 0.023120
vt 0.583148 0.023681
f 225/673/225 273/818/273 272/816/272
vt 0.582994 0.025032
vt 0.583148 0.023681
vt 0.583148 0.023681
f 226/676/226 225/674/225 272/816/272
vt 0.582994 0.025032
vt 0.583148 0.023681
vt 0.582994 0.025032
f 226/676/226 272/815/272 274/822/274
vt 0.583148 0.026382
vt 0.582994 0.025032
vt 0.582994 0.025032
f 227/679/227 226/677/226 274/822/274
vt 0.583148 0.026382
vt 0.582994 0.025032
vt 0.583148 0.026382
f 227/679/227 274/821/274 275/825/275
vt 0.583518 0.026940
vt 0.583148 0.026382
vt 0.583148 0.026382
f 228/682/228 227/680/227 275/825/275
vt 0.583518 0.026940
vt 0.583148 0.026382
vt 0.583518 0.026940
f 228/682/228 275/824/275 276/828/276
vt 0.583889 0.026380
vt 0.583518 0.026940
vt 0.583518 0.026940
f 229/685/229 228/683/228 276/828/276
vt 0.583889 0.026380
vt 0.583518 0.026940
vt 0.583889 0.026380
f 229/685/229 276/827/276 277/831/277
vt 0.585123 0.021547
vt 0.585410 0.021977
vt 0.585410 0.021977
f 232/694/232 231/692/231 279/837/279
vt 0.585123 0.021547
vt 0.585410 0.021977
vt 0.585123 0.021547
f 232/694/232 279/836/279 278/834/278
vt 0.585410 0.021977
vt 0.585532 0.023037
vt 0.585532 0.023037
f 231/691/231 230/689/230 280/840/280
vt 0.585410 0.021977
vt 0.585532 0.023037
vt 0.585410 0.021977
f 231/691/231 280/839/280 279/837/279
vt 0.584834 0.021985
vt 0.585123 0.021547
vt 0.585123 0.021547
f 233/697/233 232/695/232 278/834/278
vt 0.584834 0.021985
vt 0.585123 0.021547
vt 0.584834 0.021985
f 233/697/233 278/833/278 281/843/281
vt 0.583518 0.023120
vt 0.583889 0.023678
vt 0.583889 0.023678
f 224/670/224 223/668/223 282/846/282
vt 0.583518 0.023120
vt 0.583889 0.023678
vt 0.583518 0.023120
f 224/670/224 282/845/282 273/819/273
vt 0.583889 0.023678
vt 0.584042 0.025028
vt 0.584042 0.025028
f 223/667/223 222/665/222 283/849/283
vt 0.583889 0.023678
vt 0.584042 0.025028
vt 0.583889 0.023678
f 223/667/223 283/848/283 282/846/282
vt 0.585123 0.024529
vt 0.584834 0.024093
vt 0.584834 0.024093
f 236/706/236 235/704/235 285/855/285
vt 0.585123 0.024529
vt 0.584834 0.024093
vt 0.585123 0.024529
f 236/706/236 285/854/285 284/852/284
vt 0.585413 0.024091
vt 0.585123 0.024529
vt 0.585123 0.024529
f 237/709/237 236/707/236 284/852/284
vt 0.585413 0.024091
vt 0.585123 0.024529
vt 0.585413 0.024091
f 237/709/237 284/851/284 286/858/286
vt 0.586742 0.020744
vt 0.586706 0.021459
vt 0.586706 0.021459
f 239/715/239 238/713/238 287/861/287
vt 0.586742 0.020744
vt 0.586706 0.021459
vt 0.586742 0.020744
f 239/715/239 287/860/287 263/789/263
vt 0.586706 0.021459
vt 0.586742 0.020744
vt 0.586742 0.020744
f 242/724/242 241/722/241 289/867/289
vt 0.586706 0.021459
vt 0.586742 0.020744
vt 0.586706 0.021459
f 242/724/242 289/866/289 288/864/288
vt 0.586742 0.020744
vt 0.587230 0.020744
vt 0.586742 0.020256
f 241/721/241 240/719/240 262/786/262
vt 0.586742 0.020744
vt 0.587230 0.020744
vt 0.586742 0.020256
f 241/721/241 262/785/262 289/867/289
vt 0.586706 0.021459
vt 0.586742 0.022168
vt 0.586742 0.022168
f 238/712/238 245/734/245 290/870/290
vt 0.586706 0.021459
vt 0.586742 0.022168
vt 0.586706 0.021459
f 238/712/238 290/869/290 287/861/287
vt 0.586742 0.022168
vt 0.586742 0.022168
vt 0.586706 0.021459
f 244/730/244 243/728/243 292/876/292
vt 0.586742 0.022168
vt 0.586742 0.022168
vt 0.586706 0.021459
f 244/730/244 292/875/292 291/873/291
vt 0.586742 0.022168
vt 0.586742 0.022168
vt 0.586706 0.021459
f 245/733/245 244/731/244 291/873/291
vt 0.586742 0.022168
vt 0.586742 0.022168
vt 0.586706 0.021459
f 245/733/245 291/872/291 290/870/290
vt 0.576579 0.020450
vt 0.577412 0.020406
vt 0.576579 0.020450
f 248/742/248 247/740/247 294/882/294
vt 0.576579 0.020450
vt 0.577412 0.020406
vt 0.576579 0.020450
f 248/742/248 294/881/294 293/879/293
vt 0.576579 0.020450
vt 0.577412 0.020406
vt 0.576579 0.020450
f 249/745/249 248/743/248 293/879/293
vt 0.576579 0.020450
vt 0.577412 0.020406
vt 0.576579 0.020450
f 249/745/249 293/878/293 295/885/295
vt 0.576412 0.021459
vt 0.576579 0.020450
vt 0.576579 0.020450
f 250/748/250 249/746/249 295/885/295
vt 0.576412 0.021459
vt 0.576579 0.020450
vt 0.576412 0.021459
f 250/748/250 295/884/295 267/801/267
vt 0.576383 0.022168
vt 0.576383 0.022168
vt 0.576412 0.021459
f 252/754/252 251/752/251 266/798/266
vt 0.576383 0.022168
vt 0.576383 0.022168
vt 0.576412 0.021459
f 252/754/252 266/797/266 296/888/296
vt 0.576383 0.022168
vt 0.576383 0.022168
vt 0.576412 0.021459
f 253/757/253 252/755/252 296/888/296
vt 0.576383 0.022168
vt 0.576383 0.022168
vt 0.576412 0.021459
f 253/757/253 296/887/296 297/891/297
vt 0.578031 0.021548
vt 0.578320 0.021985
vt 0.578320 0.021985
f 256/766/256 254/761/254 299/897/299
vt 0.578031 0.021548
vt 0.578320 0.021985
vt 0.578031 0.021548
f 256/766/256 299/896/299 298/894/298
vt 0.578320 0.024093
vt 0.578030 0.024531
vt 0.578030 0.024531
f 261/781/261 260/779/260 301/903/301
vt 0.578320 0.024093
vt 0.578030 0.024531
vt 0.578320 0.024093
f 261/781/261 301/902/301 300/900/300
vt 0.579229 0.026380
vt 0.579076 0.025028
vt 0.579076 0.025028
f 219/655/219 218/653/218 302/906/302
vt 0.579229 0.026380
vt 0.579076 0.025028
vt 0.579229 0.026380
f 219/655/219 302/905/302 270/810/270
vt 0.578030 0.024531
vt 0.577742 0.024091
vt 0.577742 0.024091
f 260/778/260 259/776/259 303/909/303
vt 0.578030 0.024531
vt 0.577742 0.024091
vt 0.578030 0.024531
f 260/778/260 303/908/303 301/903/301
vt 0.579076 0.025028
vt 0.579229 0.023678
vt 0.579229 0.023678
f 218/652/218 217/650/217 304/912/304
vt 0.579076 0.025028
vt 0.579229 0.023678
vt 0.579076 0.025028
f 218/652/218 304/911/304 302/906/302
vt 0.579229 0.023678
vt 0.579600 0.023120
vt 0.579600 0.023120
f 217/649/217 216/647/216 264/792/264
vt 0.579229 0.023678
vt 0.579600 0.023120
vt 0.579229 0.023678
f 217/649/217 264/791/264 304/912/304
vt 0.577741 0.021984
vt 0.578031 0.021548
vt 0.578031 0.021548
f 258/772/258 256/767/256 298/894/298
vt 0.577741 0.021984
vt 0.578031 0.021548
vt 0.577741 0.021984
f 258/772/258 298/893/298 305/915/305
vt 0.577622 0.023037
vt 0.577741 0.021984
vt 0.577741 0.021984
f 257/769/257 258/773/258 305/915/305
vt 0.577622 0.023037
vt 0.577741 0.021984
vt 0.577622 0.023037
f 257/769/257 305/914/305 306/918/306
vt 0.577742 0.024091
vt 0.577622 0.023037
vt 0.577622 0.023037
f 259/775/259 257/770/257 306/918/306
vt 0.577742 0.024091
vt 0.577622 0.023037
vt 0.577742 0.024091
f 259/775/259 306/917/306 303/909/303
vt 0.579971 0.023681
vt 0.580124 0.025032
vt 0.580124 0.025032
f 215/643/215 214/641/214 271/813/271
vt 0.579971 0.023681
vt 0.580124 0.025032
vt 0.579971 0.023681
f 215/643/215 271/812/271 265/795/265
vt 0.586742 0.022168
vt 0.586706 0.021459
vt 0.586706 0.021459
f 243/727/243 242/725/242 288/864/288
vt 0.586742 0.022168
vt 0.586706 0.021459
vt 0.586742 0.022168
f 243/727/243 288/863/288 292/876/292
vt 0.584714 0.023039
vt 0.584834 0.021985
vt 0.584834 0.021985
f 234/700/234 233/698/233 281/843/281
vt 0.584714 0.023039
vt 0.584834 0.021985
vt 0.584714 0.023039
f 234/700/234 281/842/281 307/921/307
vt 0.584834 0.024093
vt 0.584714 0.023039
vt 0.584714 0.023039
f 235/703/235 234/701/234 307/921/307
vt 0.584834 0.024093
vt 0.584714 0.023039
vt 0.584834 0.024093
f 235/703/235 307/920/307 285/855/285
vt 0.584042 0.025028
vt 0.583889 0.026380
vt 0.583889 0.026380
f 222/664/222 229/686/229 277/831/277
vt 0.584042 0.025028
vt 0.583889 0.026380
vt 0.584042 0.025028
f 222/664/222 277/830/277 283/849/283
vt 0.585532 0.023037
vt 0.585413 0.024091
vt 0.585413 0.024091
f 230/688/230 237/710/237 286/858/286
vt 0.585532 0.023037
vt 0.585413 0.024091
vt 0.585532 0.023037
f 230/688/230 286/857/286 280/840/280
vt 0.578440 0.023039
vt 0.578320 0.024093
vt 0.578320 0.024093
f 255/763/255 261/782/261 300/900/300
vt 0.578440 0.023039
vt 0.578320 0.024093
vt 0.578440 0.023039
f 255/763/255 300/899/300 308/924/308
vt 0.578320 0.021985
vt 0.578440 0.023039
vt 0.578440 0.023039
f 254/760/254 255/764/255 308/924/308
vt 0.578320 0.021985
vt 0.578440 0.023039
vt 0.578320 0.021985
f 254/760/254 308/923/308 299/897/299
vt 0.576579 0.020450
vt 0.576412 0.021459
vt 0.576412 0.021459
f 247/739/247 246/737/246 309/927/309
vt 0.576579 0.020450
vt 0.576412 0.021459
vt 0.576579 0.020450
f 247/739/247 309/926/309 294/882/294
vt 0.576412 0.021459
vt 0.576383 0.022168
vt 0.576383 0.022168
f 246/736/246 253/758/253 297/891/297
vt 0.576412 0.021459
vt 0.576383 0.022168
vt 0.576412 0.021459
f 246/736/246 297/890/297 309/927/309
vt 0.581559 0.023217
vt 0.582110 0.030717
vt 0.581559 0.031255
f 207/619/207 209/626/209 310/930/310
vt 0.581559 0.023217
vt 0.581559 0.031255
vt 0.581007 0.030717
f 207/619/207 310/929/310 208/624/208
vt 0.998047 0.244140
vt 0.755860 0.244141
vt 0.755860 0.001953
f 311/931/311 312/935/312 313/939/313
vt 0.998047 0.244140
vt 0.755860 0.001953
vt 0.998047 0.001953
f 311/931/311 313/938/313 314/942/314
vt 0.405337 0.505694
vt 0.408538 0.583588
vt 0.405337 0.505694
f 11/31/11 6/17/6 2/6/2
vt 0.398814 0.607343
vt 0.398302 0.598800
vt 0.413783 0.605427
f 20/58/20 3/8/3 7/21/7
vt 0.408538 0.583588
vt 0.413783 0.605427
vt 0.398302 0.598800
f 6/16/6 7/20/7 3/9/3
vt 0.413783 0.605427
vt 0.420635 0.607342
vt 0.398814 0.607343
f 7/19/7 17/50/17 4/12/4
vt 0.413783 0.605427
vt 0.408538 0.583588
vt 0.413783 0.605427
f 7/19/7 6/17/6 9/27/9
vt 0.408538 0.583588
vt 0.413783 0.605427
vt 0.408538 0.583588
f 8/22/8 9/26/9 6/18/6
vt 0.428452 0.607422
vt 0.413783 0.605427
vt 0.436339 0.607422
f 5/13/5 7/20/7 14/42/14
vt 0.413783 0.605427
vt 0.436339 0.607422
vt 0.413783 0.605427
f 9/25/9 18/53/18 7/21/7
vt 0.408538 0.583588
vt 0.398302 0.598800
vt 0.405337 0.505694
f 6/16/6 3/8/3 2/6/2
vt 0.405337 0.505694
vt 0.393497 0.420855
vt 0.405337 0.505694
f 2/4/2 1/2/1 11/33/11
vt 0.393497 0.420855
vt 0.405337 0.505694
vt 0.393497 0.420855
f 10/28/10 11/32/11 1/3/1
vt 0.408538 0.583588
vt 0.408538 0.583588
vt 0.405337 0.505694
f 8/22/8 6/17/6 11/33/11
vt 0.398814 0.607343
vt 0.398814 0.607343
vt 0.413783 0.605427
f 19/55/19 13/38/13 9/27/9
vt 0.413783 0.605427
vt 0.408538 0.583588
vt 0.398302 0.598800
f 9/25/9 8/23/8 12/36/12
vt 0.398814 0.607343
vt 0.420635 0.607342
vt 0.413783 0.605427
f 13/37/13 16/47/16 9/27/9
vt 0.428452 0.607422
vt 0.413783 0.605427
vt 0.420635 0.607342
f 15/43/15 9/26/9 16/48/16
vt 0.398302 0.598800
vt 0.408538 0.583588
vt 0.405337 0.505694
f 12/34/12 8/23/8 11/33/11
vt 0.420635 0.607342
vt 0.413783 0.605427
vt 0.428452 0.607422
f 17/49/17 7/20/7 5/15/5
vt 0.436339 0.607422
vt 0.413783 0.605427
vt 0.436339 0.607422
f 14/40/14 7/20/7 18/54/18
vt 0.436339 0.607422
vt 0.413783 0.605427
vt 0.428452 0.607422
f 18/52/18 9/26/9 15/45/15
vt 0.398302 0.598800
vt 0.398814 0.607343
vt 0.413783 0.605427
f 12/34/12 19/56/19 9/27/9
vt 0.398814 0.607343
vt 0.398814 0.607343
vt 0.413783 0.605427
f 4/10/4 20/59/20 7/21/7
vt 0.575233 0.030723
vt 0.587869 0.030723
vt 0.587869 0.030723
f 1/1/1 3/8/3 4/12/4
vt 0.575233 0.030723
vt 0.587869 0.030723
vt 0.575233 0.030723
f 1/1/1 4/11/4 2/6/2
vt 0.576556 0.030218
vt 0.586561 0.030218
vt 0.586561 0.030218
f 3/7/3 5/14/5 6/18/6
vt 0.576556 0.030218
vt 0.586561 0.030218
vt 0.576556 0.030218
f 3/7/3 6/17/6 4/12/4
vt 0.576556 0.030218
vt 0.576556 0.030218
vt 0.586561 0.030218
f 1/1/1 2/5/2 8/24/8
vt 0.576556 0.030218
vt 0.586561 0.030218
vt 0.586561 0.030218
f 1/1/1 8/23/8 7/21/7
vt 0.616987 0.511716
vt 0.462158 0.497099
vt 0.568864 0.511716
f 14/40/14 8/23/8 40/120/40
vt 0.616987 0.511716
vt 0.568864 0.511716
vt 0.462315 0.511716
f 14/40/14 40/119/40 6/18/6
vt 0.747481 0.494473
vt 0.633040 0.494473
vt 0.747737 0.508360
f 16/46/16 8/23/8 14/42/14
vt 0.626953 0.416016
vt 0.751953 0.416016
vt 0.751953 0.494742
f 1/1/1 9/26/9 10/30/10
vt 0.626953 0.416016
vt 0.751953 0.494742
vt 0.626953 0.494742
f 1/1/1 10/29/10 2/6/2
vt 0.626953 0.567445
vt 0.626953 0.494742
vt 0.751953 0.494742
f 3/7/3 2/5/2 10/30/10
vt 0.626953 0.567445
vt 0.751953 0.494742
vt 0.637291 0.557764
f 3/7/3 10/29/10 17/51/17
vt 0.626953 0.602875
vt 0.626953 0.567445
vt 0.637291 0.557764
f 4/10/4 3/8/3 17/51/17
vt 0.626953 0.602875
vt 0.751800 0.602875
vt 0.751800 0.607422
f 4/10/4 12/35/12 13/39/13
vt 0.626953 0.602875
vt 0.751800 0.607422
vt 0.626953 0.607422
f 4/10/4 13/38/13 5/15/5
vt 0.633053 0.473761
vt 0.747481 0.494473
vt 0.747468 0.473761
f 7/19/7 16/47/16 15/45/15
vt 0.633053 0.473761
vt 0.633040 0.494473
vt 0.747481 0.494473
f 7/19/7 8/23/8 16/48/16
vt 0.747606 0.417438
vt 0.633056 0.417438
vt 0.633053 0.473761
f 9/25/9 1/2/1 7/21/7
vt 0.747606 0.417438
vt 0.633053 0.473761
vt 0.747468 0.473761
f 9/25/9 7/20/7 15/45/15
vt 0.751953 0.494742
vt 0.751953 0.567445
vt 0.742115 0.557764
f 10/28/10 11/32/11 18/54/18
vt 0.626953 0.602875
vt 0.737350 0.559704
vt 0.742115 0.557764
f 4/10/4 20/59/20 18/54/18
vt 0.626953 0.602875
vt 0.742115 0.557764
vt 0.751800 0.602875
f 4/10/4 18/53/18 12/36/12
vt 0.626953 0.602875
vt 0.642056 0.559704
vt 0.737350 0.559704
f 4/10/4 19/56/19 20/60/20
vt 0.751953 0.494742
vt 0.742115 0.557764
vt 0.637291 0.557764
f 10/28/10 18/53/18 17/51/17
vt 0.751800 0.602875
vt 0.742115 0.557764
vt 0.751953 0.567445
f 12/34/12 18/53/18 11/33/11
vt 0.642056 0.559704
vt 0.626953 0.602875
vt 0.637291 0.557764
f 19/55/19 4/11/4 17/51/17
vt 0.637291 0.557764
vt 0.742115 0.557764
vt 0.737350 0.559704
f 17/49/17 18/53/18 20/60/20
vt 0.637291 0.557764
vt 0.737350 0.559704
vt 0.642056 0.559704
f 17/49/17 20/59/20 19/57/19
vt 0.462158 0.497099
vt 0.462315 0.511716
vt 0.568864 0.511716
f 16/46/16 14/41/14 29/87/29
vt 0.600198 0.497099
vt 0.462158 0.497099
vt 0.568864 0.511716
f 31/91/31 16/47/16 29/87/29
vt 0.462148 0.416600
vt 0.604258 0.416600
vt 0.604258 0.494981
f 21/61/21 24/71/24 25/75/25
vt 0.462148 0.416600
vt 0.604258 0.494981
vt 0.462148 0.494980
f 21/61/21 25/74/25 22/66/22
vt 0.462148 0.494980
vt 0.604258 0.494981
vt 0.604258 0.567413
f 22/64/22 25/74/25 26/78/26
vt 0.462148 0.494980
vt 0.604258 0.567413
vt 0.462148 0.567413
f 22/64/22 26/77/26 23/69/23
vt 0.462148 0.567413
vt 0.604258 0.567413
vt 0.604258 0.602783
f 23/67/23 26/77/26 27/81/27
vt 0.462148 0.567413
vt 0.604258 0.602783
vt 0.462148 0.602783
f 23/67/23 27/80/27 12/36/12
vt 0.462148 0.602783
vt 0.604258 0.602783
vt 0.604258 0.607422
f 12/34/12 27/80/27 28/84/28
vt 0.462148 0.602783
vt 0.604258 0.607422
vt 0.462148 0.607422
f 12/34/12 28/83/28 13/39/13
vt 0.462150 0.475299
vt 0.600198 0.497099
vt 0.601871 0.475299
f 15/43/15 31/92/31 30/90/30
vt 0.462150 0.475299
vt 0.462158 0.497099
vt 0.600198 0.497099
f 15/43/15 16/47/16 31/93/31
vt 0.604258 0.416016
vt 0.462148 0.416016
vt 0.462150 0.475299
f 24/70/24 21/62/21 15/45/15
vt 0.604258 0.416016
vt 0.462150 0.475299
vt 0.601871 0.475299
f 24/70/24 15/44/15 30/90/30
vt 0.568864 0.511716
vt 0.594650 0.505141
vt 0.600198 0.497099
f 29/85/29 32/95/32 31/93/31
vt 0.568864 0.511716
vt 0.586347 0.510090
vt 0.594650 0.505141
f 29/85/29 33/98/33 32/96/32
vt 0.568864 0.511716
vt 0.576553 0.511550
vt 0.586347 0.510090
f 29/85/29 34/101/34 33/99/33
vt 0.462158 0.497099
vt 0.600198 0.497099
vt 0.568864 0.511716
f 8/22/8 42/125/42 40/120/40
vt 0.462148 0.416600
vt 0.462148 0.494980
vt 0.604258 0.494981
f 1/1/1 2/5/2 36/108/36
vt 0.462148 0.416600
vt 0.604258 0.494981
vt 0.604258 0.416600
f 1/1/1 36/107/36 35/105/35
vt 0.462148 0.494980
vt 0.462148 0.567413
vt 0.604258 0.567413
f 2/4/2 3/8/3 37/111/37
vt 0.462148 0.494980
vt 0.604258 0.567413
vt 0.604258 0.494981
f 2/4/2 37/110/37 36/108/36
vt 0.462148 0.567413
vt 0.462148 0.602783
vt 0.604258 0.602783
f 3/7/3 4/11/4 38/114/38
vt 0.462148 0.567413
vt 0.604258 0.602783
vt 0.604258 0.567413
f 3/7/3 38/113/38 37/111/37
vt 0.462148 0.602783
vt 0.462148 0.607422
vt 0.604258 0.607422
f 4/10/4 5/14/5 39/117/39
vt 0.462148 0.602783
vt 0.604258 0.607422
vt 0.604258 0.602783
f 4/10/4 39/116/39 38/114/38
vt 0.600198 0.497099
vt 0.462150 0.475299
vt 0.601871 0.475299
f 42/124/42 7/20/7 41/123/41
vt 0.462158 0.497099
vt 0.462150 0.475299
vt 0.600198 0.497099
f 8/22/8 7/20/7 42/126/42
vt 0.462150 0.475299
vt 0.462148 0.416016
vt 0.604258 0.416016
f 7/19/7 1/2/1 35/105/35
vt 0.462150 0.475299
vt 0.604258 0.416016
vt 0.601871 0.475299
f 7/19/7 35/104/35 41/123/41
vt 0.594650 0.505141
vt 0.568864 0.511716
vt 0.600198 0.497099
f 43/127/43 40/119/40 42/126/42
vt 0.586347 0.510090
vt 0.568864 0.511716
vt 0.594650 0.505141
f 44/130/44 40/119/40 43/129/43
vt 0.576553 0.511550
vt 0.568864 0.511716
vt 0.586347 0.510090
f 45/133/45 40/119/40 44/132/44
vt 0.998047 0.244140
vt 0.755860 0.244140
vt 0.755859 0.001953
f 1/1/1 2/5/2 3/9/3
vt 0.998047 0.244140
vt 0.755859 0.001953
vt 0.998047 0.001953
f 1/1/1 3/8/3 4/12/4
vt 0.751953 0.412109
vt 0.478516 0.412109
vt 0.478516 0.322266
f 5/13/5 6/17/6 7/21/7
vt 0.751953 0.412109
vt 0.478516 0.322266
vt 0.751953 0.322266
f 5/13/5 7/20/7 8/24/8
vt 0.443571 0.499035
vt 0.443372 0.486471
vt 0.578294 0.499035
f 8/22/8 10/29/10 18/54/18
vt 0.443372 0.486471
vt 0.617914 0.486471
vt 0.578294 0.499035
f 10/28/10 20/59/20 18/54/18
vt 0.623047 0.416600
vt 0.443360 0.416600
vt 0.443360 0.494981
f 11/31/11 1/2/1 2/6/2
vt 0.623047 0.416600
vt 0.443360 0.494981
vt 0.623047 0.494981
f 11/31/11 2/5/2 12/36/12
vt 0.623047 0.494981
vt 0.443360 0.494981
vt 0.443360 0.567413
f 12/34/12 2/5/2 3/9/3
vt 0.623047 0.494981
vt 0.443360 0.567413
vt 0.623047 0.567413
f 12/34/12 3/8/3 13/39/13
vt 0.623047 0.567413
vt 0.443360 0.567413
vt 0.443360 0.602783
f 13/37/13 3/8/3 4/12/4
vt 0.623047 0.567413
vt 0.443360 0.602783
vt 0.623047 0.602783
f 13/37/13 4/11/4 14/42/14
vt 0.623047 0.602783
vt 0.443360 0.602783
vt 0.443360 0.607422
f 14/40/14 4/11/4 5/15/5
vt 0.623047 0.602783
vt 0.443360 0.607422
vt 0.623047 0.607422
f 14/40/14 5/14/5 15/45/15
vt 0.623047 0.607422
vt 0.443360 0.607422
vt 0.443360 0.603603
f 15/43/15 5/14/5 6/18/6
vt 0.623047 0.607422
vt 0.443360 0.603603
vt 0.623047 0.603603
f 15/43/15 6/17/6 16/48/16
vt 0.623047 0.603603
vt 0.443360 0.603603
vt 0.443360 0.589182
f 16/46/16 6/17/6 7/21/7
vt 0.623047 0.603603
vt 0.443360 0.589182
vt 0.623047 0.589182
f 16/46/16 7/20/7 17/51/17
vt 0.617914 0.486471
vt 0.443361 0.467615
vt 0.620028 0.467615
f 20/58/20 9/26/9 19/57/19
vt 0.443372 0.486471
vt 0.443361 0.467615
vt 0.617914 0.486471
f 10/28/10 9/26/9 20/60/20
vt 0.443360 0.416016
vt 0.623047 0.416016
vt 0.620028 0.467615
f 1/1/1 11/32/11 19/57/19
vt 0.443360 0.416016
vt 0.620028 0.467615
vt 0.443361 0.467615
f 1/1/1 19/56/19 9/27/9
vt 0.610898 0.493397
vt 0.578294 0.499035
vt 0.617914 0.486471
f 21/61/21 18/53/18 20/60/20
vt 0.600400 0.497640
vt 0.578294 0.499035
vt 0.610898 0.493397
f 22/64/22 18/53/18 21/63/21
vt 0.588015 0.498885
vt 0.578294 0.499035
vt 0.600400 0.497640
f 23/67/23 18/53/18 22/66/22
vt 0.443372 0.488235
vt 0.443571 0.501139
vt 0.578294 0.501139
f 10/28/10 8/23/8 18/54/18
vt 0.617914 0.488235
vt 0.443372 0.488235
vt 0.578294 0.501139
f 20/58/20 10/29/10 18/54/18
vt 0.443360 0.416600
vt 0.623047 0.416600
vt 0.623047 0.494981
f 1/1/1 11/32/11 12/36/12
vt 0.443360 0.416600
vt 0.623047 0.494981
vt 0.443360 0.494981
f 1/1/1 12/35/12 2/6/2
vt 0.443360 0.494981
vt 0.623047 0.494981
vt 0.623047 0.567413
f 2/4/2 12/35/12 13/39/13
vt 0.443360 0.494981
vt 0.623047 0.567413
vt 0.443360 0.567413
f 2/4/2 13/38/13 3/9/3
vt 0.443360 0.567413
vt 0.623047 0.567413
vt 0.623047 0.602783
f 3/7/3 13/38/13 14/42/14
vt 0.443360 0.567413
vt 0.623047 0.602783
vt 0.443360 0.602783
f 3/7/3 14/41/14 4/12/4
vt 0.443360 0.602783
vt 0.623047 0.602783
vt 0.623047 0.607422
f 4/10/4 14/41/14 15/45/15
vt 0.443360 0.602783
vt 0.623047 0.607422
vt 0.443360 0.607422
f 4/10/4 15/44/15 5/15/5
vt 0.443360 0.607422
vt 0.623047 0.607422
vt 0.623047 0.603603
f 5/13/5 15/44/15 16/48/16
vt 0.443360 0.607422
vt 0.623047 0.603603
vt 0.443360 0.603603
f 5/13/5 16/47/16 6/18/6
vt 0.443360 0.603603
vt 0.623047 0.603603
vt 0.623047 0.589182
f 6/16/6 16/47/16 17/51/17
vt 0.443360 0.603603
vt 0.623047 0.589182
vt 0.443360 0.589182
f 6/16/6 17/50/17 7/21/7
vt 0.443361 0.468890
vt 0.617914 0.488235
vt 0.620028 0.468890
f 9/25/9 20/59/20 19/57/19
vt 0.443361 0.468890
vt 0.443372 0.488235
vt 0.617914 0.488235
f 9/25/9 10/29/10 20/60/20
vt 0.623047 0.416016
vt 0.443359 0.416016
vt 0.443361 0.468890
f 11/31/11 1/2/1 9/27/9
vt 0.623047 0.416016
vt 0.443361 0.468890
vt 0.620028 0.468890
f 11/31/11 9/26/9 19/57/19
vt 0.578294 0.501139
vt 0.610898 0.495346
vt 0.617914 0.488235
f 18/52/18 21/62/21 20/60/20
vt 0.578294 0.501139
vt 0.600400 0.499706
vt 0.610898 0.495346
f 18/52/18 22/65/22 21/63/21
vt 0.578294 0.501139
vt 0.588015 0.500987
vt 0.600400 0.499706
f 18/52/18 23/68/23 22/66/22
