# FCE4M to OBJ - Motor City Online
# NumVertices: 1529
# NumTriangles: 3652
# NumParts: 43
# HalfSize: (1.0192, 0.3372, 2.3079)

o MCity_Car

# Vertices
v -0.332358 -0.133280 2.197322
v -0.166612 -0.133280 2.214478
v -0.191053 -0.196026 2.246769
v -0.381054 -0.196026 2.224531
v -0.215749 -0.254576 2.243977
v -0.419523 -0.254576 2.207839
v -0.000000 -0.133280 2.219215
v -0.000000 -0.196026 2.254125
v -0.000000 -0.254576 2.247580
v -0.495364 -0.133280 2.167328
v -0.490602 -0.124337 2.143219
v -0.322076 -0.124337 2.171740
v -0.635591 -0.120532 2.052166
v -0.637174 -0.130140 2.071134
v -0.000000 -0.124337 2.194360
v -0.161812 -0.124337 2.191771
v -0.163926 -0.076148 2.138659
v -0.000000 -0.076148 2.142306
v -0.164634 -0.044071 2.078956
v -0.000000 -0.044071 2.083770
v -0.327040 -0.076148 2.123576
v -0.329191 -0.044071 2.070705
v -0.651284 -0.005053 1.894342
v -0.494803 0.001877 1.950818
v -0.603998 -0.065255 2.030162
v -0.719881 -0.046402 1.880279
v -0.746674 -0.113473 1.921714
v -0.353108 -0.020066 2.028165
v -0.447318 -0.069582 2.114255
v -0.396380 -0.275996 2.130884
v -0.199548 -0.275996 2.154175
v -0.195433 -0.379553 2.167330
v -0.377582 -0.379553 2.133055
v -0.000000 -0.277221 2.152189
v -0.185812 -0.397877 2.228096
v -0.369838 -0.397877 2.203846
v -0.000000 -0.379553 2.167241
v -0.000000 -0.397877 2.234717
v -0.612404 -0.181754 2.112191
v -0.695389 -0.201942 2.035124
v -0.000000 -0.444154 2.224237
v -0.184065 -0.444154 2.220554
v -0.366894 -0.444154 2.202357
v -0.413244 -0.318199 2.121343
v -0.442751 -0.316883 2.188444
v -0.402147 -0.357392 2.111259
v -0.420526 -0.371089 2.185063
v -0.857899 -0.452568 1.715820
v -0.758495 -0.444154 1.935582
v -0.763841 -0.501307 1.933428
v -0.851154 -0.516288 1.701553
v -0.596487 -0.444154 2.118436
v -0.602423 -0.483438 2.120107
v -0.187715 -0.479369 2.229404
v -0.374029 -0.478442 2.209198
v -0.000000 -0.480354 2.233413
v -0.483564 -0.317872 2.167867
v -0.484090 -0.264403 2.183227
v -0.856767 -0.401611 1.719152
v -0.769002 -0.391711 1.915706
v -0.583919 -0.391711 2.118721
v -0.508783 -0.370592 2.148257
v -0.882312 -0.100029 1.575335
v -0.831270 -0.115737 1.766011
v -0.809225 -0.254960 1.857507
v -0.869571 -0.252811 1.683539
v -0.712446 -0.274270 2.013478
v -0.670657 -0.349791 2.048357
v -0.732083 0.165159 0.617563
v -0.768971 0.142641 1.049532
v -0.813849 0.125100 0.951873
v -0.807298 0.142999 0.569881
v -0.744829 0.119941 1.346094
v -0.800233 0.104027 1.333478
v -0.566342 -0.218230 2.016254
v -0.559377 -0.265622 2.016254
v -0.691977 -0.265622 2.016254
v -0.682721 -0.218230 2.016254
v -0.581262 -0.330973 1.986515
v -0.576359 -0.280305 1.986515
v -0.673950 -0.330973 1.986515
v -0.671287 -0.280305 1.986515
v -0.509306 -0.206849 2.187149
v -0.613953 -0.195514 2.082808
v -0.842297 0.090044 0.961071
v -0.837579 0.105166 0.594778
v -0.865769 0.051402 0.970389
v -0.860785 0.060481 0.615587
v -0.840061 0.076275 1.329455
v -0.878236 0.046408 1.325103
v -0.845643 -0.020252 1.634117
v -0.804924 0.023598 1.631330
v -0.756771 0.057871 1.624233
v -0.850378 -0.069638 1.622403
v -0.894379 -0.207287 -0.644225
v -0.879163 -0.243114 -0.018756
v -0.872909 -0.230097 -0.637572
v -0.852391 -0.308090 -0.610246
v -0.864965 -0.394776 0.013321
v -0.850245 -0.384516 -0.533390
v -0.870618 -0.252811 0.611058
v -0.859030 -0.430328 0.562211
v -0.900957 -0.100029 1.047628
v -0.895375 -0.100029 0.849185
v -0.889191 -0.100029 0.640100
v -0.887581 -0.252811 0.935358
v -0.879818 -0.252811 0.781841
v -0.865029 -0.430328 0.737671
v -0.871758 -0.430328 0.913085
v -0.875768 -0.430329 -0.598689
v -0.867532 -0.430329 -0.024931
v -0.839183 -0.505681 -0.182007
v -0.844767 -0.528306 -0.871540
v -0.822241 -0.505681 0.508254
v -0.818757 -0.505681 0.714510
v -0.814985 -0.528306 0.920689
v -0.538759 0.180632 0.724960
v -0.271851 0.180606 0.772258
v -0.276212 0.194080 0.857324
v -0.549954 0.180530 0.765677
v -0.000000 0.177982 0.785409
v -0.000000 0.195085 0.882584
v -0.866092 0.108098 -0.684285
v -0.856722 0.081156 -0.035949
v -0.889939 -0.090472 -0.034502
v -0.893780 -0.058848 -0.684285
v -0.000000 -0.312272 -2.262182
v -0.000000 -0.277624 -2.250023
v -0.164841 -0.274007 -2.246629
v -0.210391 -0.311698 -2.257677
v -0.346744 -0.271409 -2.234989
v -0.420203 -0.312844 -2.237698
v -0.517575 -0.270197 -2.208746
v -0.625792 -0.313498 -2.177874
v -0.676028 -0.275272 -2.133551
v -0.746772 -0.276127 -2.001183
v -0.000000 -0.205004 -2.245290
v -0.164841 -0.204380 -2.247574
v -0.863449 -0.400405 -0.565130
v -0.789117 0.174935 -0.647146
v -0.796793 0.157581 -0.038647
v -0.832046 0.123459 -0.037021
v -0.834906 0.146760 -0.662291
v -0.890091 -0.328885 -0.729534
v -0.857329 -0.314204 -0.676123
v -0.903044 -0.244520 -0.738728
v -0.908797 -0.216101 -0.740550
v -0.902196 -0.204035 -0.693981
v -0.882750 -0.235184 -0.693298
v -0.762884 0.213339 -0.619714
v -0.774202 0.187887 -0.058703
v -0.790819 0.168410 0.502371
v -0.604070 0.250857 -1.854162
v -0.736120 0.214612 -1.573526
v -0.596144 0.226865 -2.026101
v -0.574391 0.240813 -1.993188
v -0.901552 -0.109988 -0.953152
v -0.000000 0.294987 -1.809063
v -0.232385 0.290108 -1.801758
v -0.245718 0.285716 -1.880583
v -0.000000 0.291304 -1.889176
v -0.259106 0.286255 -1.958932
v -0.000000 0.292988 -1.970063
v -0.272665 0.309089 -2.035922
v -0.000000 0.317061 -2.046882
v -0.455668 0.279075 -1.739800
v -0.477771 0.265174 -1.806315
v -0.499474 0.257320 -1.874039
v -0.689808 0.250217 -1.438125
v -0.729587 0.249582 -1.173854
v -0.790590 0.218211 -1.111124
v -0.740655 0.241393 -0.910551
v -0.895475 -0.325282 -0.803673
v -0.897910 -0.326206 -0.862815
v -0.773104 0.185739 -1.622168
v -0.636306 0.197204 -2.030119
v -0.798769 0.136438 -1.675745
v -0.673003 0.141609 -2.037285
v -0.837479 0.193402 -1.176737
v -0.871512 0.143157 -1.214616
v -0.829170 0.001633 -1.750593
v -0.741980 0.001633 -1.997142
v -0.897669 0.002031 -1.446726
v -0.900280 0.001634 -1.235498
v -0.829917 -0.098927 -1.787873
v -0.748745 -0.098927 -1.998389
v -0.814150 -0.280647 -1.821783
v -0.900396 -0.090073 -1.506931
v -0.868263 -0.287009 -1.629125
v -0.794221 -0.399445 -1.834094
v -0.739600 -0.376349 -1.998485
v -0.770081 -0.441738 -1.859085
v -0.729090 -0.405714 -1.993010
v -0.847525 -0.421005 -1.665835
v -0.808813 -0.463176 -1.705746
v -0.000000 0.074377 -2.200666
v -0.164841 0.074377 -2.193706
v -0.164841 0.049587 -2.248424
v -0.000000 0.046499 -2.255294
v -0.334252 0.074377 -2.180436
v -0.349989 0.052586 -2.230585
v -0.500026 0.074377 -2.153553
v -0.523250 0.053273 -2.198639
v -0.658428 0.078356 -2.099813
v -0.675643 0.060576 -2.112817
v -0.381890 0.010916 -2.239637
v -0.535845 0.010916 -2.212202
v -0.537275 -0.098927 -2.217114
v -0.386463 -0.098927 -2.239463
v -0.534221 -0.225431 -2.204604
v -0.375247 -0.204380 -2.239393
v -0.673170 0.010916 -2.137033
v -0.676598 -0.098927 -2.137041
v -0.206783 -0.340214 -2.253312
v -0.000000 -0.340214 -2.259036
v -0.202669 -0.363380 -2.235823
v -0.000000 -0.361038 -2.239862
v -0.411638 -0.340214 -2.226033
v -0.404965 -0.363417 -2.209858
v -0.598750 -0.340214 -2.151736
v -0.598372 -0.365539 -2.144312
v -0.000000 0.091405 -2.185896
v -0.213312 0.091405 -2.164933
v -0.437609 0.091405 -2.140651
v -0.652721 0.146268 -2.050068
v -0.638837 0.091405 -2.081535
v -0.295720 0.307513 -2.057021
v -0.000000 0.319466 -2.070585
v -0.321731 0.291407 -2.081242
v -0.000000 0.307672 -2.091006
v -0.546973 0.250491 -1.972991
v -0.432048 0.244974 -2.097964
v -0.000000 0.253161 -2.125321
v -0.213516 0.192446 -2.134813
v -0.000000 0.193122 -2.148989
v -0.627542 0.183336 -2.040645
v -0.437063 0.192691 -2.106842
v -0.213312 0.167229 -2.143483
v -0.437609 0.168830 -2.114756
v -0.164841 0.010916 -2.253783
v -0.000000 0.010898 -2.260157
v -0.000000 0.167325 -2.157806
v -0.000000 -0.015953 -2.222510
v -0.164841 -0.015953 -2.226199
v -0.164841 -0.179300 -2.225839
v -0.000000 -0.179300 -2.221859
v -0.276209 -0.098927 -2.206796
v -0.270729 -0.181754 -2.212110
v -0.272442 -0.013436 -2.209623
v -0.894365 -0.012344 1.310129
v -0.640880 0.175580 0.684928
v -0.653663 0.178546 0.706636
v -0.762676 0.217258 -0.676111
v -0.572655 0.311250 -1.500672
v -0.600508 0.252728 -1.631253
v -0.590545 0.250857 -1.854162
v -0.750632 0.228692 -0.793261
v -0.622204 0.253320 -1.656393
v 0.191053 -0.196026 2.246769
v 0.166612 -0.133280 2.214478
v 0.332358 -0.133280 2.197322
v 0.381054 -0.196026 2.224531
v 0.215749 -0.254576 2.243977
v 0.419523 -0.254576 2.207839
v 0.490602 -0.124337 2.143219
v 0.495364 -0.133280 2.167328
v 0.322076 -0.124337 2.171740
v 0.635591 -0.120532 2.052166
v 0.637174 -0.130140 2.071134
v 0.163926 -0.076148 2.138659
v 0.161812 -0.124337 2.191771
v 0.164634 -0.044071 2.078956
v 0.327040 -0.076148 2.123576
v 0.329191 -0.044071 2.070705
v 0.603998 -0.065255 2.030162
v 0.494803 0.001877 1.950818
v 0.651284 -0.005053 1.894342
v 0.719881 -0.046402 1.880279
v 0.746674 -0.113473 1.921714
v 0.447318 -0.069582 2.114255
v 0.353108 -0.020066 2.028165
v 0.396380 -0.275996 2.130884
v 0.377582 -0.379553 2.133055
v 0.195433 -0.379553 2.167330
v 0.199548 -0.275996 2.154175
v 0.185812 -0.397877 2.228096
v 0.369838 -0.397877 2.203846
v 0.695389 -0.201942 2.035124
v 0.612404 -0.181754 2.112191
v 0.184065 -0.444154 2.220554
v 0.366894 -0.444154 2.202357
v 0.413244 -0.318199 2.121343
v 0.442751 -0.316883 2.188444
v 0.402147 -0.357392 2.111259
v 0.420526 -0.371089 2.185063
v 0.763841 -0.501307 1.933428
v 0.758495 -0.444154 1.935582
v 0.857899 -0.452568 1.715820
v 0.851154 -0.516288 1.701553
v 0.602423 -0.483438 2.120107
v 0.596487 -0.444154 2.118436
v 0.374029 -0.478442 2.209198
v 0.187715 -0.479369 2.229404
v 0.484090 -0.264403 2.183227
v 0.483564 -0.317872 2.167867
v 0.856767 -0.401611 1.719152
v 0.769002 -0.391711 1.915706
v 0.583919 -0.391711 2.118721
v 0.508783 -0.370592 2.148257
v 0.809225 -0.254960 1.857507
v 0.831270 -0.115737 1.766011
v 0.882312 -0.100029 1.575335
v 0.869571 -0.252811 1.683539
v 0.712446 -0.274270 2.013478
v 0.670657 -0.349791 2.048357
v 0.813849 0.125100 0.951873
v 0.768971 0.142641 1.049532
v 0.732083 0.165159 0.617563
v 0.807298 0.142999 0.569881
v 0.800233 0.104027 1.333478
v 0.744829 0.119941 1.346094
v 0.691977 -0.265622 2.016254
v 0.559377 -0.265622 2.016254
v 0.566342 -0.218230 2.016254
v 0.682721 -0.218230 2.016254
v 0.581262 -0.330973 1.986515
v 0.673950 -0.330973 1.986515
v 0.576359 -0.280305 1.986515
v 0.671287 -0.280305 1.986515
v 0.613953 -0.195514 2.082808
v 0.509306 -0.206849 2.187149
v 0.842297 0.090044 0.961071
v 0.837579 0.105166 0.594778
v 0.865769 0.051402 0.970389
v 0.860785 0.060481 0.615587
v 0.840061 0.076275 1.329455
v 0.878236 0.046408 1.325103
v 0.804924 0.023598 1.631330
v 0.845643 -0.020252 1.634117
v 0.756771 0.057871 1.624233
v 0.850378 -0.069638 1.622403
v 0.894379 -0.207287 -0.644225
v 0.872909 -0.230097 -0.637572
v 0.879163 -0.243114 -0.018756
v 0.852391 -0.308090 -0.610246
v 0.850245 -0.384516 -0.533390
v 0.864965 -0.394776 0.013321
v 0.859030 -0.430328 0.562211
v 0.870618 -0.252811 0.611058
v 0.900957 -0.100029 1.047628
v 0.895375 -0.100029 0.849185
v 0.889191 -0.100029 0.640100
v 0.879818 -0.252811 0.781841
v 0.887581 -0.252811 0.935358
v 0.865029 -0.430328 0.737671
v 0.871758 -0.430328 0.913085
v 0.839183 -0.505681 -0.182007
v 0.867532 -0.430329 -0.024931
v 0.875768 -0.430329 -0.598689
v 0.844767 -0.528306 -0.871540
v 0.822241 -0.505681 0.508254
v 0.818757 -0.505681 0.714510
v 0.814985 -0.528306 0.920689
v 0.538759 0.180632 0.724960
v 0.549954 0.180530 0.765677
v 0.276212 0.194080 0.857324
v 0.271851 0.180606 0.772258
v 0.889939 -0.090472 -0.034502
v 0.856722 0.081156 -0.035949
v 0.866092 0.108098 -0.684285
v 0.893780 -0.058848 -0.684285
v 0.164841 -0.274007 -2.246629
v 0.210391 -0.311698 -2.257677
v 0.346744 -0.271409 -2.234989
v 0.420203 -0.312844 -2.237698
v 0.517575 -0.270197 -2.208746
v 0.625792 -0.313498 -2.177874
v 0.676028 -0.275272 -2.133551
v 0.746772 -0.276127 -2.001183
v 0.164841 -0.204380 -2.247574
v 0.863449 -0.400405 -0.565130
v 0.832046 0.123459 -0.037021
v 0.796793 0.157581 -0.038647
v 0.789117 0.174935 -0.647146
v 0.834906 0.146760 -0.662291
v 0.857329 -0.314204 -0.676123
v 0.890091 -0.328885 -0.729534
v 0.902196 -0.204035 -0.693981
v 0.908797 -0.216101 -0.740550
v 0.903044 -0.244520 -0.738728
v 0.882750 -0.235184 -0.693298
v 0.762884 0.213339 -0.619714
v 0.774202 0.187887 -0.058703
v 0.790819 0.168410 0.502371
v 0.604070 0.250857 -1.854162
v 0.574391 0.240813 -1.993188
v 0.596144 0.226865 -2.026101
v 0.736120 0.214612 -1.573526
v 0.901552 -0.109988 -0.953152
v 0.245718 0.285716 -1.880583
v 0.232385 0.290108 -1.801758
v 0.259106 0.286255 -1.958932
v 0.272665 0.309089 -2.035922
v 0.477771 0.265174 -1.806315
v 0.455668 0.279075 -1.739800
v 0.499474 0.257320 -1.874039
v 0.689808 0.250217 -1.438125
v 0.790590 0.218211 -1.111124
v 0.729587 0.249582 -1.173854
v 0.740655 0.241393 -0.910551
v 0.895475 -0.325282 -0.803673
v 0.897910 -0.326206 -0.862815
v 0.773104 0.185739 -1.622168
v 0.636306 0.197204 -2.030119
v 0.798769 0.136438 -1.675745
v 0.673003 0.141609 -2.037285
v 0.837479 0.193402 -1.176737
v 0.871512 0.143157 -1.214616
v 0.829170 0.001633 -1.750593
v 0.741980 0.001633 -1.997142
v 0.897669 0.002031 -1.446726
v 0.900280 0.001634 -1.235498
v 0.829917 -0.098927 -1.787873
v 0.748745 -0.098927 -1.998389
v 0.814150 -0.280647 -1.821783
v 0.900396 -0.090073 -1.506931
v 0.868263 -0.287009 -1.629125
v 0.794221 -0.399445 -1.834094
v 0.739600 -0.376349 -1.998485
v 0.770081 -0.441738 -1.859085
v 0.729090 -0.405714 -1.993010
v 0.847525 -0.421005 -1.665835
v 0.808813 -0.463176 -1.705746
v 0.164841 0.049587 -2.248424
v 0.164841 0.074377 -2.193706
v 0.349989 0.052586 -2.230585
v 0.334252 0.074377 -2.180436
v 0.523250 0.053273 -2.198639
v 0.500026 0.074377 -2.153553
v 0.675643 0.060576 -2.112817
v 0.658428 0.078356 -2.099813
v 0.537275 -0.098927 -2.217114
v 0.535845 0.010916 -2.212202
v 0.381890 0.010916 -2.239637
v 0.386463 -0.098927 -2.239463
v 0.375247 -0.204380 -2.239393
v 0.534221 -0.225431 -2.204604
v 0.676598 -0.098927 -2.137041
v 0.673170 0.010916 -2.137033
v 0.206783 -0.340214 -2.253312
v 0.202669 -0.363380 -2.235823
v 0.411638 -0.340214 -2.226033
v 0.404965 -0.363417 -2.209858
v 0.598750 -0.340214 -2.151736
v 0.598372 -0.365539 -2.144312
v 0.213312 0.091405 -2.164933
v 0.437609 0.091405 -2.140651
v 0.652721 0.146268 -2.050068
v 0.638837 0.091405 -2.081535
v 0.295720 0.307513 -2.057021
v 0.321731 0.291407 -2.081242
v 0.546973 0.250491 -1.972991
v 0.432048 0.244974 -2.097964
v 0.213516 0.192446 -2.134813
v 0.437063 0.192691 -2.106842
v 0.627542 0.183336 -2.040645
v 0.213312 0.167229 -2.143483
v 0.437609 0.168830 -2.114756
v 0.164841 0.010916 -2.253783
v 0.164841 -0.179300 -2.225839
v 0.164841 -0.015953 -2.226199
v 0.270729 -0.181754 -2.212110
v 0.276209 -0.098927 -2.206796
v 0.272442 -0.013436 -2.209623
v 0.894365 -0.012344 1.310129
v 0.640880 0.175580 0.684928
v 0.653663 0.178546 0.706636
v 0.762676 0.217258 -0.676111
v 0.572655 0.311250 -1.500672
v 0.600508 0.252728 -1.631253
v 0.590545 0.250857 -1.854162
v 0.750632 0.228692 -0.793261
v 0.622204 0.253320 -1.656393
v -0.599827 -0.528306 0.920689
v 0.599827 -0.528306 0.920689
v 0.599827 -0.516288 1.701553
v -0.599827 -0.516288 1.701553
v -0.604104 -0.528306 -0.871540
v 0.604104 -0.528306 -0.871540
v 0.604104 -0.463176 -1.665835
v -0.604104 -0.463176 -1.665835
v 0.987956 0.197662 0.380105
v 0.981026 0.149285 0.363921
v 0.866855 0.149285 0.363921
v 0.829818 0.197662 0.380105
v 0.846731 0.246039 0.362051
v 0.846731 0.246039 0.319673
v 1.008259 0.246039 0.319673
v 0.981026 0.246039 0.362051
v 1.019167 0.197662 0.319673
v 0.832289 0.197662 0.319673
v 0.866855 0.149285 0.319673
v 1.008259 0.149285 0.319673
v 0.825088 0.114925 0.346309
v 0.825435 0.115263 0.367674
v 0.803724 0.146689 0.375624
v 0.805496 0.146759 0.346466
v -0.866855 0.149285 0.363921
v -0.981026 0.149285 0.363921
v -0.987956 0.197662 0.380105
v -0.829818 0.197662 0.380105
v -0.846731 0.246039 0.362051
v -0.981026 0.246039 0.362051
v -1.008259 0.246039 0.319673
v -0.846731 0.246039 0.319673
v -1.019167 0.197662 0.319673
v -0.832289 0.197662 0.319673
v -0.866855 0.149285 0.319673
v -1.008259 0.149285 0.319673
v -0.825435 0.115263 0.367674
v -0.825088 0.114925 0.346309
v -0.803724 0.146689 0.375624
v -0.805496 0.146759 0.346466
v 0.182129 0.179744 0.055651
v -0.189232 0.179744 0.055651
v -0.189232 -0.177498 -0.045771
v 0.182129 -0.177498 -0.045771
v 0.607804 -0.244901 -0.061050
v 0.125313 -0.244901 -0.061050
v 0.125313 -0.244902 -0.423139
v 0.607804 -0.244902 -0.423139
v 0.541277 0.361738 -0.585884
v 0.366558 0.402138 -0.608504
v 0.366558 0.389626 -0.695624
v 0.541277 0.349226 -0.673004
v 0.125313 -0.463097 -0.114444
v 0.125313 -0.395442 -0.531496
v 0.607804 -0.395442 -0.531496
v 0.607804 -0.463097 -0.114444
v 0.191840 0.349226 -0.673004
v 0.191840 0.361738 -0.585884
v -0.774202 0.187887 -0.058703
v -0.762884 0.213339 -0.619714
v -0.592730 -0.414127 -0.741191
v -0.632875 -0.472534 0.389539
v -0.790819 0.168410 0.502371
v -0.271851 0.180606 0.772258
v -0.538759 0.180632 0.724960
v -0.000000 0.177982 0.785409
v -0.762676 0.217258 -0.676111
v -0.750632 0.228692 -0.793261
v -0.740655 0.241393 -0.910551
v -0.640880 0.175580 0.684928
v -0.732083 0.165159 0.617563
v 0.762884 0.213339 -0.619714
v 0.774202 0.187887 -0.058703
v 0.632875 -0.472534 0.389540
v 0.592730 -0.414127 -0.741191
v 0.790819 0.168410 0.502371
v 0.538759 0.180632 0.724960
v 0.271851 0.180606 0.772258
v 0.762676 0.217258 -0.676111
v 0.740655 0.241393 -0.910551
v 0.750632 0.228692 -0.793261
v 0.640880 0.175580 0.684928
v 0.732083 0.165159 0.617563
v 0.729587 0.249582 -1.173854
v 0.582590 -0.246302 -0.957522
v -0.582590 -0.246302 -0.957522
v -0.729587 0.249582 -1.173854
v -0.689808 0.250217 -1.438125
v 0.689808 0.250217 -1.438125
v -0.622204 0.240353 -1.656393
v 0.622204 0.240353 -1.656393
v -0.488986 0.244122 -1.921560
v 0.488986 0.244122 -1.921560
v -0.747504 0.038767 0.386287
v 0.747504 0.038767 0.386287
v 0.697348 -0.177789 0.333094
v -0.697348 -0.177789 0.333094
v 0.582590 -0.246302 -0.957522
v 0.582590 -0.246302 -0.619603
v -0.582590 -0.246302 -0.619603
v -0.582590 -0.246302 -0.957522
v 0.582590 -0.417168 -0.626343
v -0.582590 -0.417168 -0.626343
v -0.125932 -0.244901 -0.061050
v -0.608422 -0.244901 -0.061050
v -0.608422 -0.244902 -0.423139
v -0.125932 -0.244902 -0.423139
v -0.192459 0.361738 -0.585884
v -0.367177 0.402138 -0.608504
v -0.367177 0.389626 -0.695624
v -0.192459 0.349226 -0.673004
v -0.608422 -0.463097 -0.114444
v -0.608422 -0.395442 -0.531496
v -0.125932 -0.395442 -0.531496
v -0.125932 -0.463097 -0.114444
v -0.541895 0.349226 -0.673004
v -0.541895 0.361738 -0.585884
v 0.110895 -0.244901 0.519930
v -0.110895 -0.244901 0.519930
v -0.110895 -0.244902 -0.615470
v 0.110895 -0.244902 -0.615470
v -0.110895 -0.395442 -0.615470
v 0.110895 -0.395442 -0.615470
v -0.110895 -0.463097 0.391066
v 0.110895 -0.463097 0.391066
v -0.000000 -0.044071 2.083770
v -0.164634 -0.044071 2.078956
v -0.445571 -0.278020 1.834537
v -0.329191 -0.044071 2.070705
v -0.353108 -0.020066 2.028165
v -0.494803 0.001877 1.950818
v -0.632050 0.154179 1.130716
v -0.653663 0.178546 0.706636
v -0.630583 -0.127655 0.703072
v -0.549954 0.180530 0.765677
v -0.589778 0.107890 1.550946
v -0.276212 0.194080 0.857324
v -0.000000 0.195085 0.882584
v 0.164634 -0.044071 2.078956
v 0.445571 -0.278020 1.834536
v 0.329191 -0.044071 2.070705
v 0.494803 0.001877 1.950818
v 0.353108 -0.020066 2.028165
v 0.653663 0.178546 0.706636
v 0.632050 0.154179 1.130716
v 0.630583 -0.127655 0.703072
v 0.549954 0.180530 0.765677
v 0.589778 0.107890 1.550946
v 0.276212 0.194080 0.857324
v -0.511030 0.488852 0.028617
v -0.560403 0.469544 0.052009
v -0.522732 0.541813 -0.250153
v -0.445284 0.557424 -0.259603
v -0.529776 0.527088 -0.563606
v -0.450328 0.548455 -0.554810
v -0.541926 0.473681 -0.871387
v -0.463245 0.504545 -0.838983
v -0.000000 0.516545 -0.940926
v -0.232971 0.510707 -0.933445
v -0.231875 0.410466 -1.370126
v -0.000000 0.416990 -1.377878
v -0.232385 0.290108 -1.801758
v -0.000000 0.294987 -1.809063
v -0.464399 0.484294 -0.940207
v -0.461121 0.389937 -1.342114
v -0.455668 0.279075 -1.739800
v -0.602805 0.465167 -0.636562
v -0.690462 0.342697 -0.647214
v -0.689849 0.339997 -0.688301
v -0.606660 0.456329 -0.681426
v -0.762884 0.213339 -0.619714
v -0.762676 0.217258 -0.676111
v -0.000000 0.533002 -0.835935
v -0.231904 0.524285 -0.837429
v -0.625050 0.424331 -0.809856
v -0.604228 0.432163 -0.908852
v -0.568874 0.469913 -0.767443
v -0.576214 0.432493 -1.006497
v -0.646356 0.378437 -0.933293
v -0.632428 0.384057 -1.040452
v -0.605427 0.390009 -1.123457
v -0.699678 0.297928 -1.013628
v -0.686061 0.300294 -1.148932
v -0.647038 0.321346 -1.281186
v -0.740655 0.241393 -0.910551
v -0.729587 0.249582 -1.173854
v -0.689808 0.250217 -1.438125
v -0.622204 0.253320 -1.656393
v -0.600508 0.252728 -1.631253
v -0.572655 0.311250 -1.500672
v -0.621405 0.303210 -1.440773
v -0.706353 0.312415 0.259457
v -0.623298 0.439506 0.006859
v -0.655214 0.320855 0.330711
v -0.790819 0.168410 0.502371
v -0.732083 0.165159 0.617563
v -0.507212 0.481903 -0.909791
v -0.552607 0.438847 -1.032603
v -0.555759 0.399770 -1.190776
v -0.579545 0.396245 -1.168331
v -0.602406 0.350674 -1.303871
v -0.578297 0.356444 -1.325222
v -0.580962 0.491310 -0.224539
v -0.585419 0.486699 -0.421410
v -0.452988 0.498677 0.026387
v -0.226027 0.575906 -0.259128
v -0.226805 0.515706 0.028657
v -0.000000 0.578626 -0.258960
v -0.000000 0.519725 0.025603
v -0.227598 0.569390 -0.549785
v -0.000000 0.574937 -0.552117
v 0.511030 0.488852 0.028617
v 0.522732 0.541813 -0.250153
v 0.560403 0.469544 0.052009
v 0.529776 0.527088 -0.563606
v 0.445284 0.557424 -0.259603
v 0.450328 0.548455 -0.554810
v 0.541926 0.473681 -0.871387
v 0.463245 0.504545 -0.838983
v 0.231875 0.410466 -1.370126
v 0.232971 0.510707 -0.933445
v 0.232385 0.290108 -1.801758
v 0.461121 0.389937 -1.342114
v 0.464399 0.484294 -0.940207
v 0.455668 0.279075 -1.739800
v 0.689849 0.339997 -0.688301
v 0.690462 0.342697 -0.647214
v 0.602805 0.465167 -0.636562
v 0.606660 0.456329 -0.681426
v 0.762676 0.217258 -0.676111
v 0.762884 0.213339 -0.619714
v 0.231904 0.524285 -0.837429
v 0.604228 0.432163 -0.908852
v 0.625050 0.424331 -0.809856
v 0.568874 0.469913 -0.767443
v 0.576214 0.432493 -1.006497
v 0.632428 0.384057 -1.040452
v 0.646356 0.378437 -0.933293
v 0.605427 0.390009 -1.123457
v 0.686061 0.300294 -1.148932
v 0.699678 0.297928 -1.013628
v 0.647038 0.321346 -1.281186
v 0.729587 0.249582 -1.173854
v 0.740655 0.241393 -0.910551
v 0.689808 0.250217 -1.438125
v 0.572655 0.311250 -1.500672
v 0.600508 0.252728 -1.631253
v 0.622204 0.253320 -1.656393
v 0.621405 0.303210 -1.440773
v 0.623298 0.439506 0.006859
v 0.706353 0.312415 0.259457
v 0.655214 0.320855 0.330711
v 0.790819 0.168410 0.502371
v 0.732083 0.165159 0.617563
v 0.552607 0.438847 -1.032603
v 0.507212 0.481903 -0.909791
v 0.555759 0.399770 -1.190776
v 0.579545 0.396245 -1.168331
v 0.602406 0.350674 -1.303871
v 0.578297 0.356444 -1.325222
v 0.580962 0.491310 -0.224539
v 0.585419 0.486699 -0.421410
v 0.452988 0.498677 0.026387
v 0.226805 0.515706 0.028657
v 0.226027 0.575906 -0.259128
v 0.227598 0.569390 -0.549785
v -0.602805 0.465167 -0.636562
v -0.585419 0.486699 -0.421410
v -0.684257 0.330379 -0.154739
v -0.690462 0.342697 -0.647214
v -0.774202 0.187887 -0.058703
v -0.762884 0.213339 -0.619714
v -0.580962 0.491310 -0.224539
v -0.623298 0.439506 0.006859
v -0.706353 0.312415 0.259457
v -0.790819 0.168410 0.502371
v -0.646356 0.378437 -0.933293
v -0.625050 0.424331 -0.809856
v -0.694274 0.329333 -0.809513
v -0.699678 0.297928 -1.013628
v -0.750632 0.228692 -0.793261
v -0.740655 0.241393 -0.910551
v -0.689849 0.339997 -0.688301
v -0.606660 0.456329 -0.681426
v -0.762676 0.217258 -0.676111
v 0.684257 0.330379 -0.154739
v 0.585419 0.486699 -0.421410
v 0.602805 0.465167 -0.636562
v 0.690462 0.342697 -0.647214
v 0.774202 0.187887 -0.058703
v 0.762884 0.213339 -0.619714
v 0.580962 0.491310 -0.224539
v 0.706353 0.312415 0.259457
v 0.623298 0.439506 0.006859
v 0.790819 0.168410 0.502371
v 0.694274 0.329333 -0.809513
v 0.625050 0.424331 -0.809856
v 0.646356 0.378437 -0.933293
v 0.699678 0.297928 -1.013628
v 0.750632 0.228692 -0.793261
v 0.740655 0.241393 -0.910551
v 0.689849 0.339997 -0.688301
v 0.606660 0.456329 -0.681426
v 0.762676 0.217258 -0.676111
v -0.452988 0.498677 0.026387
v -0.226805 0.515706 0.028657
v -0.249098 0.347907 0.400473
v -0.495899 0.339103 0.375647
v -0.271851 0.180606 0.772258
v -0.538759 0.180632 0.724960
v -0.000000 0.519725 0.025603
v -0.000000 0.351065 0.406542
v -0.000000 0.177982 0.785409
v -0.582880 0.333093 0.356107
v -0.511030 0.488852 0.028617
v -0.655214 0.320855 0.330711
v -0.560403 0.469544 0.052009
v -0.640880 0.175580 0.684928
v -0.732083 0.165159 0.617563
v 0.249098 0.347907 0.400473
v 0.226805 0.515706 0.028657
v 0.452988 0.498677 0.026387
v 0.495899 0.339103 0.375647
v 0.271851 0.180606 0.772258
v 0.538759 0.180632 0.724960
v 0.582880 0.333093 0.356107
v 0.511030 0.488852 0.028617
v 0.560403 0.469544 0.052009
v 0.655214 0.320855 0.330711
v 0.640880 0.175580 0.684928
v 0.732083 0.165159 0.617563
v -0.549954 0.180530 0.765677
v -0.507469 0.152979 1.197419
v -0.632050 0.154179 1.130715
v -0.653663 0.178547 0.706635
v -0.463473 0.097836 1.626306
v -0.589778 0.107890 1.550945
v -0.494803 0.001877 1.950817
v -0.353108 -0.020066 2.028165
v -0.000000 0.195085 0.882584
v -0.000000 0.163522 1.290995
v -0.245206 0.162618 1.273355
v -0.276212 0.194080 0.857324
v -0.481925 0.149476 1.209702
v -0.000000 0.097341 1.695200
v -0.213787 0.097305 1.685631
v -0.424908 0.088340 1.652156
v -0.164634 -0.044071 2.078956
v -0.000000 -0.044071 2.083770
v -0.329191 -0.044071 2.070705
v 0.632050 0.154179 1.130715
v 0.507469 0.152979 1.197419
v 0.549954 0.180530 0.765677
v 0.653663 0.178547 0.706635
v 0.589778 0.107890 1.550945
v 0.463473 0.097836 1.626306
v 0.494803 0.001877 1.950817
v 0.353108 -0.020066 2.028165
v 0.245206 0.162618 1.273355
v 0.276212 0.194080 0.857324
v 0.481925 0.149476 1.209702
v 0.213787 0.097305 1.685631
v 0.424908 0.088340 1.652156
v 0.164634 -0.044071 2.078956
v 0.329191 -0.044071 2.070705
v -0.768971 0.142641 1.049531
v -0.732083 0.165159 0.617563
v -0.744829 0.119941 1.346093
v -0.651284 -0.005053 1.894341
v 0.768971 0.142641 1.049531
v 0.732083 0.165159 0.617563
v 0.744829 0.119941 1.346093
v 0.651284 -0.005053 1.894341
v -0.857899 -0.452568 1.715820
v -0.851154 -0.516288 1.701553
v -0.599827 -0.516288 1.701553
v -0.856767 -0.401611 1.719152
v -0.882312 -0.100029 1.575335
v -0.869571 -0.252811 1.683539
v -0.599827 -0.100029 1.545168
v -0.894365 -0.012344 1.310129
v -0.887581 -0.252811 0.935358
v -0.900957 -0.100029 1.047628
v -0.599827 -0.100029 1.061216
v -0.871758 -0.430328 0.913085
v -0.599827 -0.528306 0.920689
v -0.814985 -0.528306 0.920689
v -0.901552 -0.109988 -0.953152
v -0.897910 -0.326206 -0.862815
v -0.604104 -0.528306 -0.871540
v -0.604104 -0.112546 -0.949548
v -0.844767 -0.528306 -0.871540
v -0.604104 -0.094124 -1.505406
v -0.900280 0.001634 -1.235498
v -0.900396 -0.090073 -1.506931
v -0.868263 -0.287009 -1.629125
v -0.604104 -0.463176 -1.665835
v -0.847525 -0.421005 -1.665835
v -0.808813 -0.463176 -1.705746
v 0.857899 -0.452568 1.715820
v 0.599827 -0.516288 1.701553
v 0.851154 -0.516288 1.701553
v 0.856767 -0.401611 1.719152
v 0.882312 -0.100029 1.575335
v 0.599827 -0.100029 1.545168
v 0.869571 -0.252811 1.683539
v 0.894365 -0.012344 1.310129
v 0.887581 -0.252811 0.935358
v 0.599827 -0.100029 1.061216
v 0.900957 -0.100029 1.047628
v 0.871758 -0.430328 0.913085
v 0.599827 -0.528306 0.920689
v 0.814985 -0.528306 0.920689
v 0.604104 -0.528306 -0.871540
v 0.897910 -0.326206 -0.862815
v 0.901552 -0.109988 -0.953152
v 0.604104 -0.112546 -0.949548
v 0.844767 -0.528306 -0.871540
v 0.900280 0.001634 -1.235498
v 0.604104 -0.094124 -1.505406
v 0.900396 -0.090073 -1.506931
v 0.868263 -0.287009 -1.629125
v 0.604104 -0.463176 -1.665835
v 0.847525 -0.421005 -1.665835
v 0.808813 -0.463176 -1.705746
v -0.549954 0.180530 0.765677
v -0.507469 0.152979 1.197419
v -0.632050 0.154179 1.130715
v -0.653663 0.178547 0.706635
v -0.463473 0.097836 1.626306
v -0.589778 0.107890 1.550945
v -0.494803 0.001877 1.950817
v -0.353108 -0.020066 2.028165
v -0.000000 0.195085 0.882584
v -0.000000 0.163522 1.290995
v -0.245206 0.162618 1.273355
v -0.276212 0.194080 0.857324
v -0.481925 0.149476 1.209702
v 0.000132 0.145417 1.431106
v -0.142007 0.145417 1.431106
v -0.167360 0.069252 1.774579
v -0.424908 0.088340 1.652156
v -0.164634 -0.044071 2.078956
v -0.000000 0.069288 1.784148
v -0.000000 -0.044071 2.083770
v -0.329191 -0.044071 2.070705
v 0.632050 0.154179 1.130715
v 0.507469 0.152979 1.197419
v 0.549954 0.180530 0.765677
v 0.653663 0.178547 0.706635
v 0.589778 0.107890 1.550945
v 0.463473 0.097836 1.626306
v 0.494803 0.001877 1.950817
v 0.353108 -0.020066 2.028165
v 0.245206 0.162618 1.273355
v 0.276212 0.194080 0.857324
v 0.481925 0.149476 1.209702
v 0.143212 0.145417 1.431106
v 0.162707 0.108613 1.602842
v 0.167360 0.069252 1.774579
v 0.164634 -0.044071 2.078956
v 0.329191 -0.044071 2.070705
v 0.424908 0.088340 1.652156
v 0.145805 0.097668 1.757413
v -0.000000 0.097704 1.766981
v 0.000041 0.125204 1.599043
v 0.151929 0.125186 1.594259
v -0.145805 0.097668 1.757412
v -0.151327 0.125186 1.594259
v -0.162104 0.108613 1.602842
v -0.768971 0.142641 1.049531
v -0.732083 0.165159 0.617563
v -0.744829 0.119941 1.346093
v -0.651284 -0.005053 1.894341
v 0.768971 0.142641 1.049531
v 0.732083 0.165159 0.617563
v 0.744829 0.119941 1.346093
v 0.651284 -0.005053 1.894341
v 0.098425 -0.098425 0.098425
v 0.098425 -0.098425 -0.098425
v -0.098425 -0.098425 -0.098425
v -0.098425 -0.098425 0.098425
v 0.098425 0.098425 0.098425
v -0.098425 0.098425 0.098425
v -0.098425 0.098425 -0.098425
v 0.098425 0.098425 -0.098425
v 0.098425 -0.098425 0.098425
v 0.098425 -0.098425 -0.098425
v -0.098425 -0.098425 -0.098425
v -0.098425 -0.098425 0.098425
v 0.098425 0.098425 0.098425
v -0.098425 0.098425 0.098425
v -0.098425 0.098425 -0.098425
v 0.098425 0.098425 -0.098425
v 0.098425 -0.098425 0.098425
v 0.098425 -0.098425 -0.098425
v -0.098425 -0.098425 -0.098425
v -0.098425 -0.098425 0.098425
v 0.098425 0.098425 0.098425
v -0.098425 0.098425 0.098425
v -0.098425 0.098425 -0.098425
v 0.098425 0.098425 -0.098425
v 0.098425 -0.098425 0.098425
v 0.098425 -0.098425 -0.098425
v -0.098425 -0.098425 -0.098425
v -0.098425 -0.098425 0.098425
v 0.098425 0.098425 0.098425
v -0.098425 0.098425 0.098425
v -0.098425 0.098425 -0.098425
v 0.098425 0.098425 -0.098425
v 0.098425 -0.098425 0.098425
v 0.098425 -0.098425 -0.098425
v -0.098425 -0.098425 -0.098425
v -0.098425 -0.098425 0.098425
v 0.098425 0.098425 0.098425
v -0.098425 0.098425 0.098425
v -0.098425 0.098425 -0.098425
v 0.098425 0.098425 -0.098425
v 0.098425 -0.098425 0.098425
v 0.098425 -0.098425 -0.098425
v -0.098425 -0.098425 -0.098425
v -0.098425 -0.098425 0.098425
v 0.098425 0.098425 0.098425
v -0.098425 0.098425 0.098425
v -0.098425 0.098425 -0.098425
v 0.098425 0.098425 -0.098425
v 0.098425 -0.098425 0.098425
v 0.098425 -0.098425 -0.098425
v -0.098425 -0.098425 -0.098425
v -0.098425 -0.098425 0.098425
v 0.098425 0.098425 0.098425
v -0.098425 0.098425 0.098425
v -0.098425 0.098425 -0.098425
v 0.098425 0.098425 -0.098425
v 0.098425 -0.098425 0.098425
v 0.098425 -0.098425 -0.098425
v -0.098425 -0.098425 -0.098425
v -0.098425 -0.098425 0.098425
v 0.098425 0.098425 0.098425
v -0.098425 0.098425 0.098425
v -0.098425 0.098425 -0.098425
v 0.098425 0.098425 -0.098425
v 0.098425 -0.098425 0.098425
v 0.098425 -0.098425 -0.098425
v -0.098425 -0.098425 -0.098425
v -0.098425 -0.098425 0.098425
v 0.098425 0.098425 0.098425
v -0.098425 0.098425 0.098425
v -0.098425 0.098425 -0.098425
v 0.098425 0.098425 -0.098425
v 0.098425 -0.098425 0.098425
v 0.098425 -0.098425 -0.098425
v -0.098425 -0.098425 -0.098425
v -0.098425 -0.098425 0.098425
v 0.098425 0.098425 0.098425
v -0.098425 0.098425 0.098425
v -0.098425 0.098425 -0.098425
v 0.098425 0.098425 -0.098425
v 0.098425 -0.098425 0.098425
v 0.098425 -0.098425 -0.098425
v -0.098425 -0.098425 -0.098425
v -0.098425 -0.098425 0.098425
v 0.098425 0.098425 0.098425
v -0.098425 0.098425 0.098425
v -0.098425 0.098425 -0.098425
v 0.098425 0.098425 -0.098425
v 0.098425 -0.098425 0.098425
v 0.098425 -0.098425 -0.098425
v -0.098425 -0.098425 -0.098425
v -0.098425 -0.098425 0.098425
v 0.098425 0.098425 0.098425
v -0.098425 0.098425 0.098425
v -0.098425 0.098425 -0.098425
v 0.098425 0.098425 -0.098425
v 0.098425 -0.098425 0.098425
v 0.098425 -0.098425 -0.098425
v -0.098425 -0.098425 -0.098425
v -0.098425 -0.098425 0.098425
v 0.098425 0.098425 0.098425
v -0.098425 0.098425 0.098425
v -0.098425 0.098425 -0.098425
v 0.098425 0.098425 -0.098425
v 0.098425 -0.098425 0.098425
v 0.098425 -0.098425 -0.098425
v -0.098425 -0.098425 -0.098425
v -0.098425 -0.098425 0.098425
v 0.098425 0.098425 0.098425
v -0.098425 0.098425 0.098425
v -0.098425 0.098425 -0.098425
v 0.098425 0.098425 -0.098425
v 0.098425 -0.098425 0.098425
v 0.098425 -0.098425 -0.098425
v -0.098425 -0.098425 -0.098425
v -0.098425 -0.098425 0.098425
v 0.098425 0.098425 0.098425
v -0.098425 0.098425 0.098425
v -0.098425 0.098425 -0.098425
v 0.098425 0.098425 -0.098425
v 0.098425 -0.098425 0.098425
v 0.098425 -0.098425 -0.098425
v -0.098425 -0.098425 -0.098425
v -0.098425 -0.098425 0.098425
v 0.098425 0.098425 0.098425
v -0.098425 0.098425 0.098425
v -0.098425 0.098425 -0.098425
v 0.098425 0.098425 -0.098425
v 0.098425 -0.098425 0.098425
v 0.098425 -0.098425 -0.098425
v -0.098425 -0.098425 -0.098425
v -0.098425 -0.098425 0.098425
v 0.098425 0.098425 0.098425
v -0.098425 0.098425 0.098425
v -0.098425 0.098425 -0.098425
v 0.098425 0.098425 -0.098425
v 0.098425 -0.098425 0.098425
v 0.098425 -0.098425 -0.098425
v -0.098425 -0.098425 -0.098425
v -0.098425 -0.098425 0.098425
v 0.098425 0.098425 0.098425
v -0.098425 0.098425 0.098425
v -0.098425 0.098425 -0.098425
v 0.098425 0.098425 -0.098425
v 0.098425 -0.098425 0.098425
v 0.098425 -0.098425 -0.098425
v -0.098425 -0.098425 -0.098425
v -0.098425 -0.098425 0.098425
v 0.098425 0.098425 0.098425
v -0.098425 0.098425 0.098425
v -0.098425 0.098425 -0.098425
v 0.098425 0.098425 -0.098425
v 0.098425 -0.098425 0.098425
v 0.098425 -0.098425 -0.098425
v -0.098425 -0.098425 -0.098425
v -0.098425 -0.098425 0.098425
v 0.098425 0.098425 0.098425
v -0.098425 0.098425 0.098425
v -0.098425 0.098425 -0.098425
v 0.098425 0.098425 -0.098425
v 0.098425 -0.098425 0.098425
v 0.098425 -0.098425 -0.098425
v -0.098425 -0.098425 -0.098425
v -0.098425 -0.098425 0.098425
v 0.098425 0.098425 0.098425
v -0.098425 0.098425 0.098425
v -0.098425 0.098425 -0.098425
v 0.098425 0.098425 -0.098425
v -0.158905 0.032738 -0.051634
v -0.045377 0.017011 0.126918
v -0.084855 -0.046482 -0.067742
v -0.158905 0.056742 -0.049534
v -0.045377 0.041120 0.129027
v -0.084855 0.020566 -0.123630
v -0.084855 0.062901 -0.119926
v 0.045377 0.017011 0.126918
v 0.084855 -0.046482 -0.067742
v 0.045377 0.041120 0.129027
v 0.084855 0.020566 -0.123630
v 0.084855 0.062901 -0.119926
v 0.158905 0.032738 -0.051634
v 0.158905 0.056742 -0.049534
v -0.158905 0.032738 -0.051634
v -0.084855 -0.046482 -0.067742
v -0.084855 0.020566 -0.123630
v 0.002993 0.009295 0.156011
v 0.170508 -0.009444 0.255462
v 0.161793 0.013983 0.426142
v 0.117899 -0.011703 0.839558
v 0.170508 -0.074863 0.888475
v -0.111913 -0.011703 0.839558
v -0.164522 -0.074863 0.888475
v -0.155807 0.024828 0.427091
v -0.164522 -0.009444 0.255462
v 0.183969 0.003213 0.895306
v -0.177984 0.003213 0.895306
v 0.150945 0.074633 0.901554
v 0.150945 0.080855 0.441139
v 0.002993 0.096322 0.903452
v -0.144959 0.074633 0.901554
v -0.144959 0.080855 0.441139
v 0.002993 0.139178 0.412946
v 0.002993 0.142187 0.660337
v -0.070983 0.089565 0.265933
v 0.002993 0.087535 0.213483
v 0.076969 0.089565 0.265933
v 0.002993 0.027877 0.178435
v 0.000041 -0.053074 0.768285
v -0.194538 -0.051478 0.750034
v -0.165530 0.040177 0.684555
v 0.000041 0.035110 0.742469
v -0.194538 0.000687 0.153786
v -0.165530 0.082052 0.205921
v 0.194621 0.000687 0.153786
v 0.165613 0.082052 0.205921
v 0.194621 -0.051478 0.750034
v 0.165612 0.040177 0.684555
v 0.000041 0.019769 0.917820
v -0.165530 0.019769 0.917820
v -0.165530 0.081448 0.923216
v 0.000041 0.081448 0.923216
v -0.165530 0.143731 0.211318
v -0.165530 0.101856 0.689951
v 0.165613 0.143731 0.211318
v 0.165612 0.101856 0.689951
v 0.165612 0.019769 0.917820
v 0.165612 0.081448 0.923216
v 0.000041 0.108505 0.613949
v 0.000041 0.096789 0.747865
v 0.611947 0.150762 -1.066532
v 0.611947 0.157203 -1.149348
v 0.550093 0.157203 -1.149348
v 0.550093 0.150762 -1.066532
v 0.479663 0.331144 -0.573847
v 0.479663 0.378174 -0.605427
v -0.478180 0.378174 -0.605427
v -0.478180 0.331144 -0.573847
v -0.548610 0.150762 -1.066532
v -0.548610 0.157203 -1.149348
v -0.610464 0.157203 -1.149348
v -0.610464 0.150762 -1.066532
v 0.533587 0.329998 0.212367
v 0.479663 0.329998 0.212367
v 0.479663 0.381890 0.212367
v 0.533587 0.381890 0.212367
v 0.479663 0.338671 -0.524056
v -0.478180 0.338671 -0.524056
v -0.478180 0.390563 -0.524056
v 0.479663 0.390563 -0.524056
v -0.478180 0.329998 0.212367
v -0.532104 0.329998 0.212367
v -0.532104 0.381890 0.212367
v -0.478180 0.381890 0.212367
v 0.533587 0.331144 -0.573847
v 0.533587 0.338671 -0.524056
v -0.532104 0.331144 -0.573847
v -0.532104 0.338671 -0.524056
v -0.532104 0.378174 -0.605427
v -0.532104 0.390563 -0.524056
v 0.533587 0.378174 -0.605427
v 0.533587 0.390563 -0.524056
v -0.549954 0.180530 0.765677
v -0.507469 0.152979 1.197419
v -0.632050 0.154179 1.130715
v -0.653663 0.178547 0.706635
v -0.463473 0.097836 1.626306
v -0.589778 0.107890 1.550945
v -0.353108 -0.020066 2.028165
v -0.494803 0.001877 1.950817
v -0.481925 0.149476 1.209702
v -0.276212 0.194080 0.857324
v -0.245206 0.162618 1.273355
v -0.213787 0.097305 1.685631
v -0.424908 0.088340 1.652156
v -0.000000 0.097341 1.695200
v -0.000000 -0.044071 2.083770
v -0.164634 -0.044071 2.078956
v -0.329191 -0.044071 2.070705
v 0.549954 0.180530 0.765677
v 0.653663 0.178547 0.706635
v 0.632050 0.154179 1.130715
v 0.507469 0.152979 1.197419
v 0.589778 0.107890 1.550945
v 0.463473 0.097836 1.626306
v 0.494803 0.001877 1.950817
v 0.353108 -0.020066 2.028165
v 0.481925 0.149476 1.209702
v 0.245206 0.162618 1.273355
v 0.276212 0.194080 0.857324
v 0.213787 0.097305 1.685631
v -0.000000 0.112771 1.600959
v 0.150040 0.111269 1.600959
v 0.150040 0.162969 1.280201
v 0.424908 0.088340 1.652156
v 0.164634 -0.044071 2.078956
v 0.329191 -0.044071 2.070705
v -0.149960 0.111270 1.600959
v -0.149960 0.162969 1.280207
v -0.149960 0.176718 1.100959
v -0.000000 0.195085 0.882584
v -0.000000 0.178208 1.100959
v 0.150040 0.176717 1.100959
v -0.768971 0.142641 1.049531
v -0.732083 0.165159 0.617563
v -0.744829 0.119941 1.346093
v -0.651284 -0.005053 1.894341
v 0.768971 0.142641 1.049531
v 0.732083 0.165159 0.617563
v 0.744829 0.119941 1.346093
v 0.651284 -0.005053 1.894341
v -0.894365 -0.012344 1.310129
v -0.882312 -0.100029 1.575335
v -0.900957 -0.100029 1.047628
v -0.869571 -0.252811 1.683539
v -0.887581 -0.252811 0.935358
v -0.856767 -0.401611 1.719152
v -0.871758 -0.430328 0.913085
v -0.857899 -0.452568 1.715820
v -0.814985 -0.528306 0.920689
v -0.851154 -0.516288 1.701553
v -0.599827 -0.516288 1.701553
v -0.599827 -0.528306 0.920689
v 0.894365 -0.012344 1.310129
v 0.900957 -0.100029 1.047628
v 0.882312 -0.100029 1.575335
v 0.869571 -0.252811 1.683539
v 0.887581 -0.252811 0.935358
v 0.856767 -0.401611 1.719152
v 0.871758 -0.430328 0.913085
v 0.857899 -0.452568 1.715820
v 0.814985 -0.528306 0.920689
v 0.851154 -0.516288 1.701553
v 0.599827 -0.516288 1.701553
v 0.599827 -0.528306 0.920689
v 0.900280 0.001634 -1.235498
v 0.900396 -0.090073 -1.506931
v 0.901552 -0.109988 -0.953152
v 0.897910 -0.326206 -0.862815
v 0.868263 -0.287009 -1.629125
v 0.844767 -0.528306 -0.871540
v 0.847525 -0.421005 -1.665835
v 0.808813 -0.463176 -1.705746
v 0.604104 -0.528306 -0.871540
v 0.604104 -0.463176 -1.665835
v -0.900280 0.001634 -1.235498
v -0.901552 -0.109988 -0.953152
v -0.900396 -0.090073 -1.506931
v -0.897910 -0.326206 -0.862815
v -0.868263 -0.287009 -1.629125
v -0.844767 -0.528306 -0.871540
v -0.847525 -0.421005 -1.665835
v -0.808813 -0.463176 -1.705746
v -0.604104 -0.528306 -0.871540
v -0.604104 -0.463176 -1.665835
v -0.452988 0.454524 0.026387
v -0.226805 0.471553 0.028657
v -0.249098 0.327905 0.400473
v -0.495899 0.319100 0.375647
v -0.271851 0.180606 0.772258
v -0.538759 0.180632 0.724960
v 0.000000 0.475573 0.025603
v 0.000000 0.331063 0.406543
v -0.000000 0.177982 0.785409
v -0.582880 0.313090 0.356107
v -0.511030 0.444700 0.028617
v -0.655214 0.300853 0.330711
v -0.560403 0.425391 0.052009
v -0.640880 0.175580 0.684928
v -0.732083 0.165159 0.617563
v 0.249098 0.327905 0.400473
v 0.226805 0.471553 0.028657
v 0.452988 0.454524 0.026387
v 0.495899 0.319100 0.375647
v 0.271851 0.180606 0.772258
v 0.538759 0.180632 0.724960
v 0.582880 0.313090 0.356107
v 0.511030 0.444700 0.028617
v 0.560403 0.425391 0.052009
v 0.655214 0.300853 0.330711
v 0.640880 0.175580 0.684928
v 0.732083 0.165159 0.617563
v -0.511030 0.444700 0.028617
v -0.560403 0.425391 0.052009
v -0.522732 0.497660 -0.250153
v -0.445284 0.513272 -0.259603
v -0.529776 0.482935 -0.563606
v -0.450328 0.504303 -0.554810
v -0.541926 0.432996 -0.899244
v -0.463245 0.464258 -0.866840
v -0.000000 0.475859 -0.968783
v -0.232971 0.470022 -0.961302
v -0.231875 0.390463 -1.370126
v 0.000000 0.396987 -1.377878
v -0.232385 0.290108 -1.801758
v -0.000000 0.294987 -1.809063
v -0.464399 0.443608 -0.968064
v -0.461121 0.369935 -1.342114
v -0.455668 0.279075 -1.739800
v -0.602805 0.421015 -0.636562
v -0.690462 0.322695 -0.647214
v -0.689849 0.319994 -0.688301
v -0.606660 0.412177 -0.681426
v -0.762884 0.213339 -0.619714
v -0.762676 0.217258 -0.676111
v -0.000000 0.492715 -0.863793
v -0.231904 0.483998 -0.865286
v -0.625050 0.383645 -0.837714
v -0.604228 0.391478 -0.936709
v -0.568874 0.429227 -0.795300
v -0.576214 0.391807 -1.034354
v -0.646356 0.337752 -0.961150
v -0.632428 0.343372 -1.068310
v -0.605427 0.349323 -1.151314
v -0.699678 0.297928 -1.013628
v -0.686061 0.300294 -1.148932
v -0.647038 0.311330 -1.281186
v -0.740655 0.241393 -0.910551
v -0.729587 0.249582 -1.173854
v -0.689808 0.250217 -1.438125
v -0.622204 0.253320 -1.656393
v -0.600508 0.252728 -1.631253
v -0.572655 0.311250 -1.500672
v -0.621405 0.303210 -1.440773
v -0.706353 0.292412 0.259457
v -0.623298 0.395354 0.006859
v -0.655214 0.300853 0.330711
v -0.790819 0.168410 0.502371
v -0.732083 0.165159 0.617563
v -0.507212 0.441217 -0.937649
v -0.552607 0.398162 -1.060461
v -0.555759 0.359085 -1.218633
v -0.579545 0.355560 -1.196189
v -0.602406 0.330628 -1.303871
v -0.578297 0.336398 -1.325222
v -0.580962 0.447157 -0.224539
v -0.585419 0.442546 -0.421410
v -0.452988 0.454524 0.026387
v -0.226027 0.531754 -0.259128
v -0.226805 0.471553 0.028657
v 0.000000 0.534474 -0.258960
v 0.000000 0.475573 0.025603
v -0.227598 0.525237 -0.549785
v -0.000000 0.530784 -0.552117
v 0.511030 0.444700 0.028617
v 0.522732 0.497660 -0.250153
v 0.560403 0.425391 0.052009
v 0.529776 0.482935 -0.563606
v 0.445284 0.513272 -0.259603
v 0.450328 0.504303 -0.554810
v 0.541926 0.432996 -0.899244
v 0.463245 0.464258 -0.866840
v 0.231875 0.390463 -1.370126
v 0.232971 0.470022 -0.961302
v 0.232385 0.290108 -1.801758
v 0.461121 0.369935 -1.342114
v 0.464399 0.443608 -0.968064
v 0.455668 0.279075 -1.739800
v 0.689849 0.319994 -0.688301
v 0.690462 0.322695 -0.647214
v 0.602805 0.421015 -0.636562
v 0.606660 0.412177 -0.681426
v 0.762676 0.217258 -0.676111
v 0.762884 0.213339 -0.619714
v 0.231904 0.483998 -0.865286
v 0.604228 0.391478 -0.936709
v 0.625050 0.383645 -0.837714
v 0.568874 0.429227 -0.795300
v 0.576214 0.391807 -1.034354
v 0.632428 0.343372 -1.068310
v 0.646356 0.337752 -0.961150
v 0.605427 0.349323 -1.151314
v 0.686061 0.300294 -1.148932
v 0.699678 0.297928 -1.013628
v 0.647038 0.311330 -1.281186
v 0.729587 0.249582 -1.173854
v 0.740655 0.241393 -0.910551
v 0.689808 0.250217 -1.438125
v 0.572655 0.311250 -1.500672
v 0.600508 0.252728 -1.631253
v 0.622204 0.253320 -1.656393
v 0.621405 0.303210 -1.440773
v 0.623298 0.395354 0.006859
v 0.706353 0.292412 0.259457
v 0.655214 0.300853 0.330711
v 0.790819 0.168410 0.502371
v 0.732083 0.165159 0.617563
v 0.552607 0.398162 -1.060460
v 0.507212 0.441217 -0.937648
v 0.555759 0.359085 -1.218633
v 0.579545 0.355560 -1.196189
v 0.602406 0.330628 -1.303871
v 0.578297 0.336398 -1.325222
v 0.580962 0.447157 -0.224539
v 0.585419 0.442546 -0.421410
v 0.452988 0.454524 0.026387
v 0.226805 0.471553 0.028657
v 0.226027 0.531754 -0.259128
v 0.227598 0.525237 -0.549785
v -0.602805 0.421015 -0.636562
v -0.585419 0.442546 -0.421410
v -0.684257 0.310377 -0.154739
v -0.690462 0.322695 -0.647214
v -0.774202 0.187887 -0.058703
v -0.762884 0.213339 -0.619714
v -0.580962 0.447157 -0.224539
v -0.623298 0.395354 0.006859
v -0.706353 0.292412 0.259457
v -0.790819 0.168410 0.502371
v -0.646356 0.337752 -0.961150
v -0.625050 0.383645 -0.837714
v -0.694274 0.309331 -0.809513
v -0.699678 0.297928 -1.013628
v -0.750632 0.228692 -0.793261
v -0.740655 0.241393 -0.910551
v -0.689849 0.319994 -0.688301
v -0.606660 0.412177 -0.681426
v -0.762676 0.217258 -0.676111
v 0.684257 0.310377 -0.154739
v 0.585419 0.442546 -0.421410
v 0.602805 0.421015 -0.636562
v 0.690462 0.322695 -0.647214
v 0.774202 0.187887 -0.058703
v 0.762884 0.213339 -0.619714
v 0.580962 0.447157 -0.224539
v 0.706353 0.292412 0.259457
v 0.623298 0.395354 0.006859
v 0.790819 0.168410 0.502371
v 0.694274 0.309331 -0.809513
v 0.625050 0.383645 -0.837714
v 0.646356 0.337752 -0.961150
v 0.699678 0.297928 -1.013628
v 0.750632 0.228692 -0.793261
v 0.740655 0.241393 -0.910551
v 0.689849 0.319994 -0.688301
v 0.606660 0.412177 -0.681426
v 0.762676 0.217258 -0.676111
v 0.611947 0.150762 -1.066532
v 0.611947 0.157203 -1.149348
v 0.550093 0.157203 -1.149348
v 0.550093 0.150762 -1.066532
v 0.479663 0.295199 -0.573847
v 0.479663 0.342230 -0.605427
v -0.478180 0.342230 -0.605427
v -0.478180 0.295199 -0.573847
v -0.548610 0.150762 -1.066532
v -0.548610 0.157203 -1.149348
v -0.610464 0.157203 -1.149348
v -0.610464 0.150762 -1.066532
v 0.533587 0.294053 0.212367
v 0.479663 0.294053 0.212367
v 0.479663 0.345945 0.212367
v 0.533587 0.345945 0.212367
v 0.479663 0.302726 -0.524056
v -0.478180 0.302726 -0.524056
v -0.478180 0.354618 -0.524056
v 0.479663 0.354618 -0.524056
v -0.478180 0.294053 0.212367
v -0.532104 0.294053 0.212367
v -0.532104 0.345945 0.212367
v -0.478180 0.345945 0.212367
v 0.533587 0.295199 -0.573847
v 0.533587 0.302726 -0.524056
v -0.532104 0.295199 -0.573847
v -0.532104 0.302726 -0.524056
v -0.532104 0.342230 -0.605427
v -0.532104 0.354618 -0.524056
v 0.533587 0.342230 -0.605427
v 0.533587 0.354618 -0.524056

# Normals
vn -0.168326 0.661460 0.730847
vn -0.084741 0.664268 0.742676
vn -0.126197 0.110415 0.985841
vn -0.249380 0.109397 0.962207
vn -0.142960 0.071968 0.987109
vn -0.276587 0.071605 0.958318
vn 0.000000 0.665466 0.746428
vn 0.000000 0.110765 0.993847
vn 0.000000 0.072540 0.997366
vn -0.249312 0.657320 0.711178
vn -0.248456 0.665950 0.703406
vn -0.164313 0.670865 0.723147
vn -0.324869 0.674073 0.663390
vn -0.324562 0.666869 0.670779
vn 0.000000 0.674304 0.738454
vn -0.082771 0.672650 0.735317
vn -0.084074 0.699143 0.710021
vn 0.000000 0.700690 0.713466
vn -0.085260 0.722568 0.686022
vn 0.000000 0.723961 0.689841
vn -0.166888 0.695625 0.698752
vn -0.169137 0.716874 0.676376
vn -0.334938 0.737606 0.586306
vn -0.255393 0.743875 0.617596
vn -0.306603 0.697509 0.647670
vn -0.372923 0.721581 0.583309
vn -0.642440 0.078418 0.762313
vn -0.182059 0.731753 0.656804
vn -0.225762 0.691310 0.686384
vn -0.276187 0.060752 0.959182
vn -0.140850 0.061543 0.988116
vn -0.136992 -0.011472 0.990506
vn -0.264110 -0.011448 0.964425
vn 0.000000 0.061379 0.998115
vn -0.125050 -0.023347 0.991876
vn -0.247150 -0.023183 0.968700
vn 0.000000 -0.011582 0.999933
vn 0.000000 -0.023426 0.999726
vn -0.408098 0.120904 0.904897
vn -0.474236 0.109964 0.873504
vn 0.000000 -0.054998 0.998486
vn -0.124368 -0.054708 0.990727
vn -0.245245 -0.054122 0.967949
vn -0.289210 0.031484 0.956748
vn -0.294839 0.030834 0.955049
vn -0.284137 0.004094 0.958775
vn -0.281981 -0.005299 0.959405
vn -0.715197 -0.052225 0.696969
vn -0.651824 -0.047153 0.756903
vn -0.652580 -0.068981 0.754573
vn -0.715533 -0.077937 0.694218
vn -0.400039 -0.054302 0.914888
vn -0.402253 -0.080295 0.912001
vn -0.125851 -0.077894 0.988986
vn -0.248253 -0.076498 0.965670
vn 0.000000 -0.078966 0.996877
vn -0.323519 0.030316 0.945736
vn -0.320175 0.065335 0.945103
vn -0.714925 -0.031934 0.698471
vn -0.658408 -0.027102 0.752173
vn -0.393366 -0.019216 0.919181
vn -0.342858 -0.004991 0.939374
vn -0.746042 0.090779 0.659682
vn -0.698608 0.081256 0.710876
vn -0.678239 0.025824 0.734387
vn -0.724596 0.027529 0.688624
vn -0.491508 0.061342 0.868710
vn -0.460109 0.009190 0.887815
vn -0.413864 0.907052 -0.077286
vn -0.431143 0.886968 0.165543
vn -0.458638 0.881618 0.111355
vn -0.842262 0.453505 0.291423
vn -0.407777 0.853661 0.324007
vn -0.436707 0.842245 0.316086
vn -0.407203 0.104225 0.907371
vn -0.404221 0.070502 0.911940
vn -0.479691 0.067633 0.874827
vn -0.473414 0.100516 0.875086
vn -0.426509 0.023637 0.904174
vn -0.422894 0.060813 0.904136
vn -0.479724 0.022930 0.877120
vn -0.477556 0.058962 0.876621
vn -0.333160 0.102267 0.937308
vn -0.416773 0.113822 0.901856
vn -0.825707 0.324294 0.461564
vn -0.881388 0.354591 0.312121
vn -0.832113 0.304725 0.463390
vn -0.887707 0.330466 0.320574
vn -0.758797 0.292512 0.581948
vn -0.769139 0.277614 0.575635
vn -0.709959 0.234396 0.664090
vn -0.699272 0.253861 0.668261
vn -0.400463 0.792275 0.460359
vn -0.729716 0.102783 0.675981
vn -0.947063 0.059029 -0.315573
vn -0.999037 0.043088 0.008284
vn -0.947554 0.047822 -0.315999
vn -0.951833 0.007113 -0.306533
vn -0.998833 -0.040625 0.026123
vn -0.962549 -0.033947 -0.268976
vn -0.941285 0.035741 0.335716
vn -0.947562 -0.057419 0.314371
vn -0.857326 0.103262 0.504311
vn -0.895614 0.108203 0.431471
vn -0.932179 0.113001 0.343908
vn -0.882708 0.033205 0.468747
vn -0.911780 0.034445 0.409232
vn -0.917920 -0.055437 0.392874
vn -0.884736 -0.053234 0.463042
vn -0.953182 -0.057226 -0.296935
vn -0.998174 -0.060201 0.004916
vn -0.991262 -0.102779 -0.082678
vn -0.900062 -0.104457 -0.423057
vn -0.950938 -0.099547 0.292929
vn -0.915715 -0.096050 0.390180
vn -0.873509 -0.103098 0.475766
vn -0.582350 0.811663 0.045521
vn -0.338305 0.934435 0.111268
vn -0.332286 0.919526 0.209898
vn -0.588592 0.803555 0.088650
vn 0.000000 0.990736 0.135798
vn 0.000000 0.967593 0.252515
vn -0.881088 0.350299 -0.317764
vn -0.933339 0.358995 -0.001107
vn -0.992106 0.125405 -0.000370
vn -0.933833 0.133918 -0.331695
vn 0.000000 -0.160081 -0.987104
vn 0.000000 -0.127309 -0.991863
vn -0.167486 -0.122331 -0.978256
vn -0.208558 -0.156712 -0.965373
vn -0.340202 -0.115578 -0.933223
vn -0.398514 -0.151017 -0.904644
vn -0.485400 -0.109341 -0.867428
vn -0.567377 -0.144964 -0.810598
vn -0.618712 -0.111349 -0.777687
vn -0.650238 0.017504 -0.759529
vn 0.000000 -0.053379 -0.998574
vn -0.168365 -0.051857 -0.984360
vn -0.958285 -0.042003 -0.282710
vn -0.832552 0.468397 -0.295738
vn -0.876174 0.481989 -0.002438
vn -0.923979 0.382440 -0.001671
vn -0.874527 0.372884 -0.310095
vn -0.934568 -0.003794 -0.355765
vn -0.941520 0.003809 -0.336935
vn -0.933143 0.039011 -0.357383
vn -0.932594 0.053222 -0.356981
vn -0.939540 0.059972 -0.337147
vn -0.939264 0.044522 -0.340296
vn -0.824392 0.489580 -0.284057
vn -0.866810 0.498479 -0.012601
vn -0.842774 0.470499 0.261461
vn -0.591733 0.402015 -0.698739
vn -0.672469 0.406256 -0.618661
vn -0.564984 0.376988 -0.733943
vn -0.563414 0.386547 -0.730169
vn -0.889771 0.102317 -0.444791
vn 0.000000 0.986816 -0.161846
vn -0.257827 0.954580 -0.149342
vn -0.268315 0.934714 -0.233058
vn 0.000000 0.968364 -0.249540
vn -0.275284 0.910011 -0.309997
vn 0.000000 0.943596 -0.331098
vn -0.274926 0.886657 -0.371826
vn 0.000000 0.919354 -0.393431
vn -0.471416 0.878703 -0.075157
vn -0.491320 0.859142 -0.143108
vn -0.505270 0.837199 -0.209286
vn -0.680665 0.437803 -0.587388
vn -0.732966 0.459914 -0.501238
vn -0.759540 0.445976 -0.473503
vn -0.777223 0.480675 -0.406050
vn -0.921980 -0.001920 -0.387233
vn -0.911349 -0.002354 -0.411627
vn -0.693709 0.322280 -0.644130
vn -0.590141 0.302295 -0.748566
vn -0.693611 0.297776 -0.655922
vn -0.601413 0.280289 -0.748158
vn -0.785927 0.355273 -0.506062
vn -0.790837 0.328802 -0.516203
vn -0.711072 0.130045 -0.690989
vn -0.645016 0.124088 -0.754027
vn -0.784748 0.138332 -0.604181
vn -0.828042 0.145578 -0.541436
vn -0.706967 0.089016 -0.701622
vn -0.648917 0.085639 -0.756024
vn -0.699723 0.016306 -0.714229
vn -0.776552 0.097769 -0.622422
vn -0.749352 0.014299 -0.662017
vn -0.692914 -0.031202 -0.720344
vn -0.649104 -0.021242 -0.760403
vn -0.682384 -0.048063 -0.729412
vn -0.647590 -0.032736 -0.761286
vn -0.737406 -0.041120 -0.674197
vn -0.721086 -0.058515 -0.690370
vn 0.000000 0.241314 -0.970447
vn -0.173082 0.239383 -0.955373
vn -0.164930 0.203305 -0.965124
vn 0.000000 0.201748 -0.979437
vn -0.339799 0.231769 -0.911493
vn -0.339720 0.200144 -0.918985
vn -0.486026 0.221603 -0.845382
vn -0.487195 0.192627 -0.851784
vn -0.613140 0.216010 -0.759867
vn -0.619464 0.196375 -0.760066
vn -0.366374 0.157840 -0.916982
vn -0.494105 0.151709 -0.856064
vn -0.498269 0.050712 -0.865538
vn -0.374379 0.052972 -0.925761
vn -0.500697 -0.067315 -0.863001
vn -0.365074 -0.049395 -0.929667
vn -0.612429 0.149679 -0.776226
vn -0.620560 0.050153 -0.782554
vn -0.204997 -0.184994 -0.961121
vn 0.000000 -0.187938 -0.982181
vn -0.203547 -0.210681 -0.956129
vn 0.000000 -0.212034 -0.977262
vn -0.393911 -0.178569 -0.901636
vn -0.392309 -0.203251 -0.897097
vn -0.559164 -0.174268 -0.810534
vn -0.559591 -0.198195 -0.804722
vn 0.000000 0.262114 -0.965037
vn -0.227147 0.260905 -0.938261
vn -0.440774 0.246785 -0.863027
vn -0.621468 0.285518 -0.729559
vn -0.607867 0.233135 -0.759043
vn -0.294258 0.873450 -0.387940
vn 0.000000 0.910750 -0.412957
vn -0.332295 0.459627 -0.823604
vn 0.000000 0.496165 -0.868228
vn -0.529677 0.794813 -0.296167
vn -0.430253 0.396926 -0.810760
vn 0.000000 0.435207 -0.900330
vn -0.226386 0.366914 -0.902288
vn 0.000000 0.372004 -0.928231
vn -0.603818 0.324206 -0.728213
vn -0.439640 0.348341 -0.827874
vn -0.226433 0.340574 -0.912544
vn -0.440722 0.324732 -0.836847
vn -0.165249 0.164932 -0.972363
vn 0.000000 0.166152 -0.986100
vn 0.000000 0.344702 -0.938712
vn 0.000000 0.145095 -0.989418
vn -0.170548 0.142421 -0.975002
vn -0.172306 -0.026855 -0.984677
vn 0.000000 -0.027379 -0.999625
vn -0.286236 0.056666 -0.956482
vn -0.279860 -0.029095 -0.959600
vn -0.279375 0.143739 -0.949362
vn -0.801670 0.204448 0.561718
vn -0.651713 0.758463 0.002117
vn -0.657429 0.753136 0.023926
vn -0.816980 0.487121 -0.308638
vn -0.538057 0.828267 0.156423
vn -0.589064 0.807319 0.035217
vn -0.574138 0.798317 -0.181812
vn -0.797791 0.484477 -0.358903
vn -0.628042 0.422714 -0.653357
vn 0.126197 0.110415 0.985841
vn 0.084741 0.664268 0.742676
vn 0.168326 0.661460 0.730847
vn 0.249380 0.109397 0.962207
vn 0.142960 0.071968 0.987109
vn 0.276587 0.071605 0.958318
vn 0.248456 0.665950 0.703406
vn 0.249312 0.657320 0.711178
vn 0.164313 0.670865 0.723147
vn 0.324869 0.674073 0.663390
vn 0.324562 0.666869 0.670779
vn 0.084074 0.699143 0.710021
vn 0.082771 0.672650 0.735317
vn 0.085260 0.722568 0.686022
vn 0.166888 0.695625 0.698752
vn 0.169137 0.716874 0.676376
vn 0.306603 0.697509 0.647670
vn 0.255393 0.743875 0.617596
vn 0.334938 0.737606 0.586306
vn 0.372923 0.721581 0.583309
vn 0.545494 0.125610 0.828649
vn 0.225762 0.691310 0.686384
vn 0.182059 0.731753 0.656804
vn 0.276187 0.060752 0.959182
vn 0.264110 -0.011448 0.964425
vn 0.136992 -0.011472 0.990506
vn 0.140850 0.061543 0.988116
vn 0.125050 -0.023347 0.991876
vn 0.247150 -0.023183 0.968700
vn 0.474236 0.109964 0.873504
vn 0.408098 0.120904 0.904897
vn 0.124368 -0.054708 0.990727
vn 0.245245 -0.054122 0.967949
vn 0.289210 0.031484 0.956748
vn 0.294839 0.030834 0.955049
vn 0.284137 0.004094 0.958775
vn 0.281981 -0.005299 0.959405
vn 0.652580 -0.068981 0.754573
vn 0.651824 -0.047153 0.756903
vn 0.715197 -0.052225 0.696969
vn 0.715533 -0.077937 0.694218
vn 0.402253 -0.080295 0.912001
vn 0.400039 -0.054302 0.914888
vn 0.248253 -0.076498 0.965670
vn 0.125851 -0.077894 0.988986
vn 0.320175 0.065335 0.945103
vn 0.323519 0.030316 0.945736
vn 0.714925 -0.031934 0.698471
vn 0.658408 -0.027102 0.752173
vn 0.393366 -0.019216 0.919181
vn 0.342858 -0.004991 0.939374
vn 0.678239 0.025824 0.734387
vn 0.698608 0.081256 0.710876
vn 0.746042 0.090779 0.659682
vn 0.724596 0.027529 0.688624
vn 0.491508 0.061342 0.868710
vn 0.460109 0.009190 0.887815
vn 0.458638 0.881618 0.111355
vn 0.431143 0.886968 0.165543
vn 0.413864 0.907052 -0.077286
vn 0.842262 0.453505 0.291423
vn 0.436707 0.842245 0.316086
vn 0.407777 0.853661 0.324007
vn 0.479691 0.067633 0.874827
vn 0.404221 0.070502 0.911940
vn 0.407203 0.104225 0.907371
vn 0.473414 0.100516 0.875086
vn 0.426509 0.023637 0.904174
vn 0.479724 0.022930 0.877120
vn 0.422894 0.060813 0.904136
vn 0.477556 0.058962 0.876621
vn 0.416773 0.113822 0.901856
vn 0.333160 0.102267 0.937308
vn 0.825707 0.324294 0.461563
vn 0.881388 0.354591 0.312121
vn 0.832114 0.304725 0.463390
vn 0.887707 0.330466 0.320574
vn 0.758797 0.292512 0.581948
vn 0.769139 0.277614 0.575635
vn 0.699272 0.253861 0.668261
vn 0.709960 0.234396 0.664090
vn 0.400463 0.792275 0.460359
vn 0.729716 0.102783 0.675981
vn 0.947063 0.059029 -0.315573
vn 0.947554 0.047822 -0.315999
vn 0.999037 0.043088 0.008284
vn 0.951833 0.007113 -0.306533
vn 0.962549 -0.033947 -0.268975
vn 0.998833 -0.040625 0.026123
vn 0.947562 -0.057419 0.314371
vn 0.941285 0.035741 0.335716
vn 0.857326 0.103262 0.504311
vn 0.895614 0.108202 0.431471
vn 0.932179 0.113001 0.343908
vn 0.911780 0.034445 0.409231
vn 0.882708 0.033205 0.468747
vn 0.917920 -0.055437 0.392874
vn 0.884737 -0.053234 0.463041
vn 0.991262 -0.102779 -0.082677
vn 0.998174 -0.060201 0.004916
vn 0.953182 -0.057226 -0.296935
vn 0.900062 -0.104457 -0.423056
vn 0.950938 -0.099547 0.292929
vn 0.915715 -0.096050 0.390180
vn 0.873509 -0.103098 0.475766
vn 0.582350 0.811663 0.045521
vn 0.588592 0.803555 0.088650
vn 0.332286 0.919526 0.209898
vn 0.338305 0.934435 0.111268
vn 0.992106 0.125405 -0.000370
vn 0.933339 0.358995 -0.001107
vn 0.881088 0.350299 -0.317764
vn 0.933833 0.133918 -0.331694
vn 0.167486 -0.122331 -0.978256
vn 0.208558 -0.156712 -0.965373
vn 0.340202 -0.115578 -0.933223
vn 0.398514 -0.151017 -0.904644
vn 0.485400 -0.109341 -0.867428
vn 0.567377 -0.144964 -0.810598
vn 0.618712 -0.111349 -0.777687
vn 0.650238 0.017504 -0.759529
vn 0.168365 -0.051857 -0.984360
vn 0.958285 -0.042003 -0.282710
vn 0.923979 0.382440 -0.001671
vn 0.876174 0.481989 -0.002438
vn 0.832553 0.468397 -0.295738
vn 0.874527 0.372884 -0.310095
vn 0.941520 0.003809 -0.336935
vn 0.934568 -0.003794 -0.355765
vn 0.939540 0.059972 -0.337147
vn 0.932594 0.053222 -0.356981
vn 0.933143 0.039011 -0.357383
vn 0.939264 0.044522 -0.340296
vn 0.824392 0.489580 -0.284057
vn 0.866811 0.498478 -0.012601
vn 0.842775 0.470499 0.261461
vn 0.591733 0.402015 -0.698739
vn 0.563414 0.386547 -0.730168
vn 0.564984 0.376988 -0.733943
vn 0.672469 0.406256 -0.618661
vn 0.889771 0.102317 -0.444791
vn 0.268315 0.934714 -0.233058
vn 0.257827 0.954580 -0.149342
vn 0.275284 0.910011 -0.309997
vn 0.274926 0.886657 -0.371826
vn 0.491320 0.859142 -0.143108
vn 0.471416 0.878703 -0.075157
vn 0.505270 0.837199 -0.209286
vn 0.680665 0.437803 -0.587388
vn 0.759540 0.445976 -0.473502
vn 0.732967 0.459914 -0.501237
vn 0.777223 0.480675 -0.406050
vn 0.921980 -0.001920 -0.387233
vn 0.911350 -0.002354 -0.411627
vn 0.693709 0.322280 -0.644130
vn 0.576619 0.364066 -0.731414
vn 0.693611 0.297776 -0.655922
vn 0.601414 0.280288 -0.748158
vn 0.785928 0.355273 -0.506062
vn 0.790838 0.328802 -0.516203
vn 0.711072 0.130045 -0.690988
vn 0.645016 0.124088 -0.754027
vn 0.784748 0.138332 -0.604181
vn 0.828042 0.145578 -0.541436
vn 0.706967 0.089016 -0.701622
vn 0.648917 0.085639 -0.756024
vn 0.699723 0.016306 -0.714228
vn 0.776552 0.097769 -0.622422
vn 0.749353 0.014299 -0.662017
vn 0.692914 -0.031202 -0.720344
vn 0.649104 -0.021242 -0.760403
vn 0.682384 -0.048063 -0.729412
vn 0.647590 -0.032736 -0.761286
vn 0.737406 -0.041120 -0.674197
vn 0.721086 -0.058515 -0.690370
vn 0.164930 0.203305 -0.965124
vn 0.173082 0.239383 -0.955373
vn 0.339720 0.200144 -0.918985
vn 0.339799 0.231769 -0.911493
vn 0.487195 0.192627 -0.851784
vn 0.486026 0.221603 -0.845382
vn 0.619464 0.196375 -0.760066
vn 0.613140 0.216010 -0.759867
vn 0.498269 0.050712 -0.865538
vn 0.494105 0.151709 -0.856064
vn 0.366374 0.157840 -0.916982
vn 0.374379 0.052972 -0.925761
vn 0.365074 -0.049395 -0.929667
vn 0.500697 -0.067315 -0.863001
vn 0.620560 0.050153 -0.782554
vn 0.612429 0.149679 -0.776226
vn 0.204997 -0.184994 -0.961121
vn 0.203547 -0.210681 -0.956129
vn 0.393911 -0.178569 -0.901636
vn 0.392309 -0.203251 -0.897097
vn 0.559164 -0.174268 -0.810534
vn 0.559591 -0.198195 -0.804722
vn 0.227147 0.260905 -0.938261
vn 0.440774 0.246785 -0.863027
vn 0.621468 0.285518 -0.729559
vn 0.607867 0.233135 -0.759043
vn 0.294258 0.873450 -0.387940
vn 0.332295 0.459627 -0.823604
vn 0.529677 0.794813 -0.296167
vn 0.430253 0.396926 -0.810760
vn 0.226386 0.366914 -0.902288
vn 0.439640 0.348341 -0.827874
vn 0.603818 0.324206 -0.728213
vn 0.226433 0.340574 -0.912544
vn 0.440722 0.324732 -0.836847
vn 0.165249 0.164932 -0.972363
vn 0.172306 -0.026855 -0.984677
vn 0.170548 0.142421 -0.975002
vn 0.279860 -0.029095 -0.959600
vn 0.286236 0.056666 -0.956482
vn 0.279375 0.143739 -0.949362
vn 0.789029 0.205765 0.578873
vn 0.651713 0.758463 0.002117
vn 0.657429 0.753136 0.023926
vn 0.816980 0.487121 -0.308638
vn 0.538057 0.828267 0.156423
vn 0.589064 0.807319 0.035217
vn 0.574138 0.798317 -0.181812
vn 0.797791 0.484477 -0.358903
vn 0.628042 0.422714 -0.653357
vn -0.000000 -0.998898 -0.046937
vn -0.000000 -0.996947 -0.078077
vn -0.000000 -0.999202 0.039943
vn -0.000000 -0.998636 0.052214
vn -0.000000 -0.999991 0.004170
vn -0.000000 -0.999700 -0.024505
vn 0.685320 -0.062997 -0.725512
vn 0.006437 -0.994818 -0.101464
vn 0.501682 0.106632 0.858455
vn 0.507519 -0.185917 0.841344
vn -0.234240 -0.209768 0.949278
vn -0.419969 0.111869 0.900617
vn -0.337718 0.425223 0.839721
vn -0.063923 0.369529 -0.927018
vn 0.694026 0.429983 0.577445
vn 0.479057 0.396553 0.783103
vn 0.791573 0.124182 0.598324
vn -0.152050 0.109144 -0.982328
vn 0.049816 -0.173508 -0.983572
vn 0.659565 -0.130579 -0.740218
vn -0.490402 -0.419247 0.764027
vn -0.440280 -0.376144 0.815273
vn -0.541305 -0.181478 0.821008
vn -0.614831 -0.209543 0.760312
vn 0.059104 -0.215394 0.974737
vn -0.610467 -0.170900 0.773385
vn -0.597320 0.098860 0.795887
vn 0.285515 0.118135 0.951065
vn 0.187049 0.443792 0.876391
vn -0.581163 0.367641 0.726010
vn -0.592598 0.298265 -0.748242
vn 0.154201 0.365858 -0.917807
vn -0.648342 0.084074 -0.756693
vn 0.244622 0.107073 -0.963688
vn 0.047616 -0.173527 -0.983677
vn -0.615004 -0.136985 -0.776534
vn 0.309910 -0.398308 0.863312
vn 0.060694 -0.583065 -0.810155
vn 0.430241 -0.194835 0.881437
vn 0.881410 0.266632 -0.389901
vn -0.000000 0.273108 -0.961983
vn -0.000000 0.273108 -0.961983
vn -0.000000 0.273108 -0.961983
vn -0.000000 0.273108 -0.961983
vn 0.629366 0.479768 0.611328
vn -0.629366 0.479768 0.611328
vn -0.769390 0.530338 0.356062
vn 0.621521 0.518881 0.586918
vn 0.706110 0.688170 0.166826
vn 0.000000 0.718223 0.695813
vn 0.000000 0.684907 -0.728630
vn 0.679821 0.446888 -0.581493
vn -0.707107 -0.168076 0.686841
vn -0.706793 -0.106473 -0.699362
vn 0.889437 -0.047496 -0.454582
vn 0.707107 -0.168076 0.686841
vn -0.829149 0.343253 -0.441235
vn -0.509682 0.824983 0.244188
vn 0.969329 0.242771 0.038258
vn 0.966083 0.256889 0.026299
vn 0.911341 0.398995 0.101298
vn 0.499170 0.641856 -0.582109
vn 0.394159 0.830541 -0.393497
vn 0.093746 0.430571 -0.897675
vn 0.110992 0.892421 -0.437340
vn 0.000000 0.179571 -0.983745
vn 0.964952 0.252281 0.072270
vn 0.962398 0.245775 0.115692
vn 0.951062 0.276001 0.138941
vn 0.195427 0.860765 -0.469992
vn 0.333867 0.872815 -0.355987
vn -0.968594 0.246455 0.032959
vn -0.972429 0.230789 0.033435
vn -0.616291 0.536227 -0.576754
vn -0.819827 0.561309 0.113208
vn -0.597916 0.714891 -0.362530
vn -0.109723 0.880400 -0.461365
vn -0.073985 0.702072 -0.708252
vn -0.964952 0.252281 0.072270
vn -0.951062 0.276001 0.138941
vn -0.962398 0.245775 0.115692
vn -0.194988 0.857936 -0.475317
vn -0.338015 0.886430 -0.316208
vn -0.319258 0.705732 0.632468
vn -0.767859 0.400303 0.500151
vn 0.593649 0.435896 0.676444
vn 0.314444 0.893418 0.320827
vn -0.000000 0.999571 -0.029304
vn -0.000000 0.999910 -0.013450
vn -0.000000 0.999880 -0.015472
vn -0.000000 0.999880 -0.015472
vn -0.000000 0.999899 0.014215
vn -0.000000 0.999899 0.014215
vn -0.000000 0.391741 -0.920076
vn -0.000000 0.538465 -0.842648
vn -0.000000 0.238539 -0.971133
vn -0.000000 0.238539 -0.971133
vn -0.000000 1.000000 -0.000000
vn -0.000000 0.418612 0.908165
vn -0.000000 0.890960 0.454082
vn -0.000000 1.000000 -0.000000
vn -0.000000 -0.039416 0.999223
vn -0.000000 -0.039416 0.999223
vn 0.629366 0.479768 0.611328
vn -0.629366 0.479768 0.611328
vn -0.769390 0.530338 0.356062
vn 0.621521 0.518881 0.586918
vn 0.706110 0.688170 0.166826
vn 0.000000 0.718223 0.695813
vn 0.000000 0.684907 -0.728630
vn 0.679821 0.446888 -0.581493
vn -0.707107 -0.168076 0.686841
vn -0.706793 -0.106473 -0.699362
vn 0.889437 -0.047496 -0.454582
vn 0.707107 -0.168076 0.686841
vn -0.829149 0.343253 -0.441235
vn -0.509682 0.824983 0.244188
vn 0.707107 0.707107 -0.000000
vn -0.707107 0.707107 -0.000000
vn -0.666667 0.666667 -0.333333
vn 0.408248 0.408248 -0.816497
vn -0.447214 0.000000 -0.894427
vn 0.894427 0.000000 -0.447214
vn -1.000000 0.000000 -0.000000
vn 1.000000 0.000000 -0.000000
vn -0.000000 0.716756 -0.697324
vn 0.028140 0.705770 -0.707882
vn 0.527024 0.645244 -0.553088
vn 0.548279 0.443188 -0.709207
vn 0.717986 0.234563 -0.655344
vn 0.785187 0.350267 -0.510680
vn 0.992347 0.104640 -0.065558
vn 0.521371 0.029373 0.852824
vn 0.464260 0.330946 0.821546
vn -0.404243 -0.079340 0.911204
vn 0.969109 0.213445 -0.123566
vn -0.200041 -0.235628 0.951033
vn -0.000000 -0.399994 0.916518
vn -0.028140 0.705771 -0.707881
vn -0.561429 0.694873 -0.449389
vn -0.548279 0.443189 -0.709206
vn -0.785187 0.350267 -0.510680
vn -0.717986 0.234563 -0.655344
vn -0.521371 0.029373 0.852824
vn -0.976996 0.197613 -0.080177
vn -0.288181 0.073064 0.954784
vn 0.404243 -0.079340 0.911204
vn -0.955126 0.273706 -0.113226
vn 0.200041 -0.235628 0.951033
vn -0.270990 0.920380 0.281894
vn -0.296685 0.908652 0.293817
vn -0.277976 0.951133 0.134445
vn -0.237584 0.962648 0.129853
vn -0.286011 0.957667 -0.032732
vn -0.243211 0.969569 -0.027994
vn -0.294358 0.934510 -0.200110
vn -0.251427 0.950540 -0.182368
vn 0.000000 0.970515 -0.241041
vn -0.127698 0.963338 -0.235953
vn -0.123028 0.879306 -0.460092
vn 0.000000 0.885087 -0.465425
vn -0.114726 0.758752 -0.641196
vn 0.000000 0.763019 -0.646376
vn -0.251726 0.938331 -0.237000
vn -0.243179 0.863151 -0.442531
vn -0.225988 0.756750 -0.613400
vn -0.331231 0.940690 -0.073403
vn -0.397052 0.914040 -0.082944
vn -0.396430 0.911867 -0.106499
vn -0.333930 0.937466 -0.098226
vn -0.461922 0.884099 -0.070684
vn -0.459486 0.882039 -0.104307
vn 0.000000 0.982947 -0.183887
vn -0.127614 0.974599 -0.184045
vn -0.345257 0.923073 -0.169511
vn -0.330188 0.917487 -0.221796
vn -0.311245 0.939250 -0.144696
vn -0.312241 0.909977 -0.272850
vn -0.358848 0.902304 -0.238906
vn -0.345609 0.891226 -0.293720
vn -0.326869 0.883705 -0.334996
vn -0.395074 0.872225 -0.288340
vn -0.378733 0.854051 -0.356593
vn -0.346683 0.840209 -0.416965
vn -0.432741 0.869498 -0.238133
vn -0.406488 0.833701 -0.373778
vn -0.363997 0.789940 -0.493458
vn -0.312360 0.753089 -0.579041
vn -0.304777 0.761052 -0.572635
vn -0.295685 0.804481 -0.515151
vn -0.324454 0.809302 -0.489652
vn -0.376950 0.832081 0.406878
vn -0.333547 0.902392 0.272829
vn -0.346202 0.828312 0.440504
vn -0.414564 0.741878 0.527024
vn -0.376286 0.725734 0.575951
vn -0.274625 0.935983 -0.220266
vn -0.298499 0.910523 -0.286086
vn -0.297359 0.880993 -0.368007
vn -0.310752 0.880996 -0.356763
vn -0.319444 0.847105 -0.424699
vn -0.305602 0.847232 -0.434517
vn -0.313414 0.937661 0.150210
vn -0.319641 0.946491 0.044536
vn -0.241030 0.928745 0.281669
vn -0.121994 0.983766 0.131613
vn -0.122277 0.950210 0.286618
vn 0.000000 0.991183 0.132498
vn 0.000000 0.958031 0.286664
vn -0.124304 0.991915 -0.025565
vn 0.000000 0.999636 -0.026965
vn 0.270990 0.920380 0.281894
vn 0.277976 0.951133 0.134445
vn 0.296685 0.908652 0.293817
vn 0.286011 0.957667 -0.032732
vn 0.237584 0.962648 0.129853
vn 0.243211 0.969569 -0.027994
vn 0.294358 0.934510 -0.200110
vn 0.251427 0.950540 -0.182368
vn 0.123028 0.879306 -0.460092
vn 0.127698 0.963338 -0.235953
vn 0.114726 0.758752 -0.641196
vn 0.243179 0.863151 -0.442531
vn 0.251726 0.938331 -0.237000
vn 0.225988 0.756750 -0.613400
vn 0.396430 0.911867 -0.106499
vn 0.397052 0.914040 -0.082944
vn 0.331231 0.940690 -0.073403
vn 0.333930 0.937466 -0.098226
vn 0.459486 0.882039 -0.104307
vn 0.461922 0.884099 -0.070684
vn 0.127614 0.974599 -0.184045
vn 0.330188 0.917487 -0.221796
vn 0.345257 0.923073 -0.169511
vn 0.311245 0.939250 -0.144696
vn 0.312241 0.909977 -0.272850
vn 0.345609 0.891226 -0.293720
vn 0.358848 0.902304 -0.238906
vn 0.326869 0.883705 -0.334996
vn 0.378733 0.854051 -0.356593
vn 0.395074 0.872225 -0.288340
vn 0.346683 0.840209 -0.416965
vn 0.406488 0.833701 -0.373778
vn 0.432741 0.869498 -0.238133
vn 0.363997 0.789940 -0.493458
vn 0.295685 0.804481 -0.515151
vn 0.304777 0.761052 -0.572635
vn 0.312360 0.753089 -0.579041
vn 0.324454 0.809302 -0.489652
vn 0.333547 0.902392 0.272829
vn 0.376950 0.832081 0.406878
vn 0.346202 0.828312 0.440504
vn 0.414564 0.741878 0.527024
vn 0.376286 0.725734 0.575951
vn 0.298499 0.910523 -0.286086
vn 0.274625 0.935983 -0.220266
vn 0.297359 0.880993 -0.368007
vn 0.310752 0.880996 -0.356763
vn 0.319444 0.847105 -0.424699
vn 0.305602 0.847232 -0.434517
vn 0.313414 0.937661 0.150210
vn 0.319641 0.946491 0.044536
vn 0.241030 0.928745 0.281669
vn 0.122277 0.950210 0.286618
vn 0.121994 0.983766 0.131613
vn 0.124304 0.991915 -0.025565
vn -0.809376 0.559231 -0.179363
vn -0.795739 0.595405 0.110870
vn -0.836677 0.344469 0.425808
vn -0.903512 0.384761 -0.188744
vn -0.856977 0.154108 0.491773
vn -0.966732 0.208677 -0.147931
vn -0.743249 0.566295 0.356217
vn -0.696351 0.436650 0.569590
vn -0.658734 0.245970 0.711034
vn -0.615567 0.093209 0.782553
vn -0.766167 0.390902 -0.510082
vn -0.790008 0.474810 -0.387869
vn -0.858007 0.346861 -0.378829
vn -0.776249 0.276542 -0.566536
vn -0.910192 0.218296 -0.351990
vn -0.854192 0.222273 -0.470053
vn -0.894241 0.377651 -0.240234
vn -0.806324 0.541837 -0.237181
vn -0.953290 0.210731 -0.216405
vn 0.836677 0.344469 0.425808
vn 0.795739 0.595405 0.110870
vn 0.809376 0.559231 -0.179363
vn 0.903512 0.384761 -0.188744
vn 0.856977 0.154108 0.491773
vn 0.966732 0.208677 -0.147931
vn 0.743249 0.566295 0.356217
vn 0.658734 0.245970 0.711034
vn 0.696351 0.436650 0.569590
vn 0.615567 0.093209 0.782553
vn 0.858007 0.346861 -0.378829
vn 0.790008 0.474810 -0.387869
vn 0.766167 0.390902 -0.510082
vn 0.776249 0.276542 -0.566536
vn 0.910192 0.218296 -0.351990
vn 0.854192 0.222273 -0.470053
vn 0.894241 0.377651 -0.240234
vn 0.806324 0.541837 -0.237181
vn 0.953290 0.210731 -0.216405
vn -0.412467 0.885725 0.212985
vn -0.217553 0.949394 0.226545
vn -0.236717 0.781115 0.577775
vn -0.444036 0.728122 0.522179
vn -0.224796 0.541352 0.810188
vn -0.427478 0.519467 0.739877
vn 0.000000 0.973571 0.228383
vn 0.000000 0.802226 0.597020
vn 0.000000 0.548912 0.835880
vn -0.509473 0.705504 0.492647
vn -0.458158 0.863291 0.211708
vn -0.563731 0.683930 0.463084
vn -0.496925 0.836722 0.230134
vn -0.502095 0.508960 0.699186
vn -0.574237 0.501399 0.647187
vn 0.236717 0.781115 0.577775
vn 0.217553 0.949394 0.226545
vn 0.412467 0.885725 0.212985
vn 0.444036 0.728122 0.522179
vn 0.224796 0.541352 0.810188
vn 0.427478 0.519467 0.739877
vn 0.509473 0.705504 0.492647
vn 0.458158 0.863291 0.211708
vn 0.496925 0.836722 0.230134
vn 0.563731 0.683930 0.463084
vn 0.502095 0.508960 0.699186
vn 0.574237 0.501399 0.647187
vn -0.321478 0.946893 0.006665
vn -0.293510 0.920955 0.256306
vn -0.360118 0.907917 0.214482
vn -0.374468 0.926838 -0.027291
vn -0.253673 0.841335 0.477290
vn -0.320968 0.842022 0.433564
vn -0.255393 0.743875 0.617596
vn -0.182059 0.731753 0.656804
vn 0.000000 0.996933 0.078265
vn 0.000000 0.948249 0.317526
vn -0.144095 0.941376 0.305036
vn -0.166414 0.984100 0.062086
vn -0.279926 0.922855 0.264536
vn 0.000000 0.852824 0.522199
vn -0.118146 0.849192 0.514699
vn -0.233182 0.838352 0.492740
vn -0.085260 0.722568 0.686022
vn 0.000000 0.723961 0.689841
vn -0.169137 0.716874 0.676376
vn 0.360118 0.907917 0.214482
vn 0.293510 0.920955 0.256306
vn 0.321478 0.946893 0.006665
vn 0.374468 0.926838 -0.027291
vn 0.320968 0.842022 0.433564
vn 0.253673 0.841335 0.477290
vn 0.255393 0.743875 0.617596
vn 0.182059 0.731753 0.656804
vn 0.144095 0.941376 0.305036
vn 0.166414 0.984100 0.062086
vn 0.279926 0.922855 0.264536
vn 0.118146 0.849192 0.514699
vn 0.233182 0.838352 0.492740
vn 0.085260 0.722568 0.686022
vn 0.169137 0.716874 0.676376
vn -0.431143 0.886968 0.165543
vn -0.413864 0.907052 -0.077286
vn -0.407777 0.853661 0.324007
vn -0.334938 0.737606 0.586306
vn 0.431143 0.886968 0.165543
vn 0.413864 0.907052 -0.077286
vn 0.407777 0.853661 0.324007
vn 0.334938 0.737606 0.586306
vn -0.019467 0.142726 -0.989571
vn -0.000000 0.218497 -0.975838
vn -0.360341 -0.072240 -0.930019
vn -0.107964 -0.089957 -0.990077
vn -0.063026 -0.804802 -0.590187
vn -0.179641 -0.393322 -0.901680
vn -0.609933 -0.644423 -0.461195
vn -0.115807 -0.993270 0.001650
vn -0.190554 -0.384999 0.903031
vn -0.026521 -0.808610 0.587748
vn -0.393984 -0.645666 0.654135
vn -0.159464 -0.128833 0.978761
vn -0.738453 -0.079950 0.669549
vn -0.000000 0.077374 0.997002
vn -0.102496 -0.551530 -0.827834
vn -0.146654 -0.171143 -0.974270
vn -0.400675 -0.162108 -0.901765
vn -0.684487 -0.605149 -0.406536
vn -0.000000 0.043128 -0.999070
vn -0.395181 -0.742885 0.540327
vn -0.123582 -0.991947 -0.027735
vn -0.013911 -0.783842 0.620804
vn -0.065728 -0.401272 0.913597
vn -0.624274 -0.379817 0.682657
vn -0.091392 -0.527538 0.844601
vn -0.128430 -0.741331 0.658737
vn 0.019467 0.142726 -0.989571
vn 0.360341 -0.072240 -0.930019
vn -0.000000 0.218497 -0.975838
vn 0.107964 -0.089957 -0.990077
vn 0.063026 -0.804802 -0.590187
vn 0.609933 -0.644423 -0.461195
vn 0.179641 -0.393322 -0.901680
vn 0.115807 -0.993270 0.001650
vn 0.190554 -0.384999 0.903031
vn 0.393984 -0.645666 0.654135
vn 0.026521 -0.808610 0.587748
vn 0.159464 -0.128833 0.978761
vn 0.738453 -0.079950 0.669549
vn -0.000000 0.077374 0.997002
vn 0.400675 -0.162108 -0.901765
vn 0.146654 -0.171143 -0.974270
vn 0.102496 -0.551530 -0.827834
vn 0.684487 -0.605149 -0.406536
vn -0.000000 0.043128 -0.999070
vn 0.123582 -0.991947 -0.027735
vn 0.395181 -0.742885 0.540327
vn 0.013911 -0.783842 0.620804
vn 0.065728 -0.401272 0.913597
vn 0.624274 -0.379817 0.682657
vn 0.091392 -0.527538 0.844601
vn 0.128430 -0.741331 0.658737
vn -0.321478 0.946893 0.006665
vn -0.293510 0.920955 0.256306
vn -0.360118 0.907917 0.214482
vn -0.374468 0.926838 -0.027291
vn -0.253673 0.841335 0.477290
vn -0.320968 0.842022 0.433564
vn -0.255393 0.743875 0.617596
vn -0.182059 0.731753 0.656804
vn 0.000000 0.996933 0.078265
vn 0.000000 0.948249 0.317526
vn -0.144095 0.941376 0.305036
vn -0.166414 0.984100 0.062086
vn -0.279926 0.922855 0.264536
vn 0.000077 0.919636 0.392770
vn -0.082129 0.916530 0.391444
vn -0.091509 0.824859 0.557883
vn -0.233182 0.838352 0.492740
vn -0.085260 0.722568 0.686022
vn -0.000000 0.825902 0.563813
vn 0.000000 0.723961 0.689841
vn -0.169137 0.716874 0.676376
vn 0.360118 0.907917 0.214482
vn 0.293510 0.920955 0.256306
vn 0.321478 0.946893 0.006665
vn 0.374468 0.926838 -0.027291
vn 0.320968 0.842022 0.433564
vn 0.253673 0.841335 0.477290
vn 0.255393 0.743875 0.617596
vn 0.182059 0.731753 0.656804
vn 0.144095 0.941376 0.305036
vn 0.166414 0.984100 0.062086
vn 0.279926 0.922855 0.264536
vn 0.082821 0.916477 0.391421
vn 0.091782 0.873183 0.478673
vn 0.091509 0.824859 0.557883
vn 0.085260 0.722568 0.686022
vn 0.169137 0.716874 0.676376
vn 0.233182 0.838352 0.492740
vn 0.079192 0.834793 0.544839
vn -0.000000 0.835041 0.550187
vn 0.000023 0.879923 0.475116
vn 0.085247 0.877838 0.471311
vn -0.079192 0.834793 0.544839
vn -0.084911 0.877863 0.471325
vn -0.091445 0.873210 0.478688
vn -0.431143 0.886968 0.165543
vn -0.413864 0.907052 -0.077286
vn -0.407777 0.853661 0.324007
vn -0.334938 0.737606 0.586306
vn 0.431143 0.886968 0.165543
vn 0.413864 0.907052 -0.077286
vn 0.407777 0.853661 0.324007
vn 0.334938 0.737606 0.586306
vn 0.333333 -0.666667 0.666667
vn 0.816497 -0.408248 -0.408248
vn -0.333333 -0.666667 -0.666667
vn -0.816497 -0.408248 0.408248
vn 0.666667 0.666667 0.333333
vn -0.408248 0.408248 0.816497
vn -0.666667 0.666667 -0.333333
vn 0.408248 0.408248 -0.816497
vn 0.333333 -0.666667 0.666667
vn 0.816497 -0.408248 -0.408248
vn -0.333333 -0.666667 -0.666667
vn -0.816497 -0.408248 0.408248
vn 0.666667 0.666667 0.333333
vn -0.408248 0.408248 0.816497
vn -0.666667 0.666667 -0.333333
vn 0.408248 0.408248 -0.816497
vn 0.333333 -0.666667 0.666667
vn 0.816497 -0.408248 -0.408248
vn -0.333333 -0.666667 -0.666667
vn -0.816497 -0.408248 0.408248
vn 0.666667 0.666667 0.333333
vn -0.408248 0.408248 0.816497
vn -0.666667 0.666667 -0.333333
vn 0.408248 0.408248 -0.816497
vn 0.333333 -0.666667 0.666667
vn 0.816497 -0.408248 -0.408248
vn -0.333333 -0.666667 -0.666667
vn -0.816497 -0.408248 0.408248
vn 0.666667 0.666667 0.333333
vn -0.408248 0.408248 0.816497
vn -0.666667 0.666667 -0.333333
vn 0.408248 0.408248 -0.816497
vn 0.333333 -0.666667 0.666667
vn 0.816497 -0.408248 -0.408248
vn -0.333333 -0.666667 -0.666667
vn -0.816497 -0.408248 0.408248
vn 0.666667 0.666667 0.333333
vn -0.408248 0.408248 0.816497
vn -0.666667 0.666667 -0.333333
vn 0.408248 0.408248 -0.816497
vn 0.333333 -0.666667 0.666667
vn 0.816497 -0.408248 -0.408248
vn -0.333333 -0.666667 -0.666667
vn -0.816497 -0.408248 0.408248
vn 0.666667 0.666667 0.333333
vn -0.408248 0.408248 0.816497
vn -0.666667 0.666667 -0.333333
vn 0.408248 0.408248 -0.816497
vn 0.333333 -0.666667 0.666667
vn 0.816497 -0.408248 -0.408248
vn -0.333333 -0.666667 -0.666667
vn -0.816497 -0.408248 0.408248
vn 0.666667 0.666667 0.333333
vn -0.408248 0.408248 0.816497
vn -0.666667 0.666667 -0.333333
vn 0.408248 0.408248 -0.816497
vn 0.333333 -0.666667 0.666667
vn 0.816497 -0.408248 -0.408248
vn -0.333333 -0.666667 -0.666667
vn -0.816497 -0.408248 0.408248
vn 0.666667 0.666667 0.333333
vn -0.408248 0.408248 0.816497
vn -0.666667 0.666667 -0.333333
vn 0.408248 0.408248 -0.816497
vn 0.333333 -0.666667 0.666667
vn 0.816497 -0.408248 -0.408248
vn -0.333333 -0.666667 -0.666667
vn -0.816497 -0.408248 0.408248
vn 0.666667 0.666667 0.333333
vn -0.408248 0.408248 0.816497
vn -0.666667 0.666667 -0.333333
vn 0.408248 0.408248 -0.816497
vn 0.333333 -0.666667 0.666667
vn 0.816497 -0.408248 -0.408248
vn -0.333333 -0.666667 -0.666667
vn -0.816497 -0.408248 0.408248
vn 0.666667 0.666667 0.333333
vn -0.408248 0.408248 0.816497
vn -0.666667 0.666667 -0.333333
vn 0.408248 0.408248 -0.816497
vn 0.333333 -0.666667 0.666667
vn 0.816497 -0.408248 -0.408248
vn -0.333333 -0.666667 -0.666667
vn -0.816497 -0.408248 0.408248
vn 0.666667 0.666667 0.333333
vn -0.408248 0.408248 0.816497
vn -0.666667 0.666667 -0.333333
vn 0.408248 0.408248 -0.816497
vn 0.333333 -0.666667 0.666667
vn 0.816497 -0.408248 -0.408248
vn -0.333333 -0.666667 -0.666667
vn -0.816497 -0.408248 0.408248
vn 0.666667 0.666667 0.333333
vn -0.408248 0.408248 0.816497
vn -0.666667 0.666667 -0.333333
vn 0.408248 0.408248 -0.816497
vn 0.333333 -0.666667 0.666667
vn 0.816497 -0.408248 -0.408248
vn -0.333333 -0.666667 -0.666667
vn -0.816497 -0.408248 0.408248
vn 0.666667 0.666667 0.333333
vn -0.408248 0.408248 0.816497
vn -0.666667 0.666667 -0.333333
vn 0.408248 0.408248 -0.816497
vn 0.333333 -0.666667 0.666667
vn 0.816497 -0.408248 -0.408248
vn -0.333333 -0.666667 -0.666667
vn -0.816497 -0.408248 0.408248
vn 0.666667 0.666667 0.333333
vn -0.408248 0.408248 0.816497
vn -0.666667 0.666667 -0.333333
vn 0.408248 0.408248 -0.816497
vn 0.333333 -0.666667 0.666667
vn 0.816497 -0.408248 -0.408248
vn -0.333333 -0.666667 -0.666667
vn -0.816497 -0.408248 0.408248
vn 0.666667 0.666667 0.333333
vn -0.408248 0.408248 0.816497
vn -0.666667 0.666667 -0.333333
vn 0.408248 0.408248 -0.816497
vn 0.333333 -0.666667 0.666667
vn 0.816497 -0.408248 -0.408248
vn -0.333333 -0.666667 -0.666667
vn -0.816497 -0.408248 0.408248
vn 0.666667 0.666667 0.333333
vn -0.408248 0.408248 0.816497
vn -0.666667 0.666667 -0.333333
vn 0.408248 0.408248 -0.816497
vn 0.333333 -0.666667 0.666667
vn 0.816497 -0.408248 -0.408248
vn -0.333333 -0.666667 -0.666667
vn -0.816497 -0.408248 0.408248
vn 0.666667 0.666667 0.333333
vn -0.408248 0.408248 0.816497
vn -0.666667 0.666667 -0.333333
vn 0.408248 0.408248 -0.816497
vn 0.333333 -0.666667 0.666667
vn 0.816497 -0.408248 -0.408248
vn -0.333333 -0.666667 -0.666667
vn -0.816497 -0.408248 0.408248
vn 0.666667 0.666667 0.333333
vn -0.408248 0.408248 0.816497
vn -0.666667 0.666667 -0.333333
vn 0.408248 0.408248 -0.816497
vn 0.333333 -0.666667 0.666667
vn 0.816497 -0.408248 -0.408248
vn -0.333333 -0.666667 -0.666667
vn -0.816497 -0.408248 0.408248
vn 0.666667 0.666667 0.333333
vn -0.408248 0.408248 0.816497
vn -0.666667 0.666667 -0.333333
vn 0.408248 0.408248 -0.816497
vn 0.333333 -0.666667 0.666667
vn 0.816497 -0.408248 -0.408248
vn -0.333333 -0.666667 -0.666667
vn -0.816497 -0.408248 0.408248
vn 0.666667 0.666667 0.333333
vn -0.408248 0.408248 0.816497
vn -0.666667 0.666667 -0.333333
vn 0.408248 0.408248 -0.816497
vn 0.333333 -0.666667 0.666667
vn 0.816497 -0.408248 -0.408248
vn -0.333333 -0.666667 -0.666667
vn -0.816497 -0.408248 0.408248
vn 0.666667 0.666667 0.333333
vn -0.408248 0.408248 0.816497
vn -0.666667 0.666667 -0.333333
vn 0.408248 0.408248 -0.816497
vn -0.950211 -0.221808 0.218861
vn -0.375319 -0.464921 0.801863
vn -0.196750 -0.978492 0.061995
vn -0.925341 0.033044 -0.377692
vn -0.632306 -0.067521 0.771771
vn -0.318123 -0.245909 -0.915602
vn -0.245715 0.084483 -0.965654
vn 0.495099 -0.584416 0.642912
vn 0.330876 -0.867001 -0.372598
vn 0.316153 -0.082686 0.945098
vn 0.306231 -0.203616 -0.929926
vn 0.491431 0.075901 -0.867603
vn 0.912923 -0.281117 -0.295879
vn 0.989556 -0.012567 0.143598
vn -0.648569 -0.487352 -0.584676
vn -0.648569 -0.487352 -0.584676
vn -0.648569 -0.487352 -0.584676
vn 0.008118 0.035423 -0.999339
vn 0.535312 -0.017831 -0.844466
vn 0.850894 0.093338 -0.516980
vn 0.350323 -0.023590 0.936332
vn 0.417682 -0.174167 0.891744
vn -0.334575 -0.023734 0.942070
vn -0.405466 -0.175224 0.897159
vn -0.837977 0.153778 -0.523590
vn -0.521702 -0.018010 -0.852938
vn 0.301939 -0.464438 0.832544
vn -0.615042 -0.675298 0.407057
vn 0.153352 0.910877 0.383126
vn 0.164228 0.982250 -0.090634
vn 0.003013 0.924355 0.381522
vn -0.147405 0.911711 0.383477
vn -0.157881 0.983281 -0.090730
vn 0.003093 0.993334 -0.115234
vn 0.003074 0.990208 0.139569
vn -0.074710 0.959369 -0.272083
vn 0.003114 0.946216 -0.323520
vn 0.080970 0.958899 -0.271950
vn 0.008614 0.091062 -0.995808
vn 0.000157 -0.362238 0.932086
vn -0.623287 -0.298504 0.722779
vn -0.718756 -0.006572 0.695231
vn 0.000189 -0.030168 0.999545
vn -0.462514 -0.097485 -0.881236
vn -0.458243 0.111734 -0.881776
vn 0.462669 -0.097476 -0.881156
vn 0.458424 0.111722 -0.881683
vn 0.623448 -0.298455 0.722660
vn 0.718929 -0.006571 0.695053
vn -0.000000 -0.766044 0.642788
vn -0.408248 -0.848971 0.335533
vn -0.165320 0.902248 0.398267
vn 0.000042 0.914837 0.403824
vn -0.160930 0.938844 -0.304424
vn -0.173694 0.969365 0.173671
vn 0.161009 0.938831 -0.304420
vn 0.173778 0.969350 0.173669
vn 0.666667 -0.390168 0.635078
vn 0.165400 0.902236 0.398262
vn 0.000044 0.995405 0.095754
vn 0.000044 0.971681 0.236298
vn 0.254315 -0.955262 0.150995
vn 0.972198 0.172090 -0.158796
vn -0.691038 -0.285783 -0.663924
vn -0.652091 -0.756854 0.044166
vn -0.161082 -0.981472 -0.103753
vn -0.488507 0.749114 -0.447425
vn 0.206961 0.758142 -0.618375
vn 0.372753 -0.927406 -0.031211
vn 0.220501 -0.968238 0.117873
vn 0.936196 -0.214178 -0.278685
vn -0.729919 0.109802 -0.674657
vn -0.768628 -0.618391 0.163717
vn 0.668417 -0.334188 0.664482
vn -0.409860 -0.819664 0.400207
vn -0.664930 0.332440 0.668844
vn 0.406655 0.813254 0.416234
vn -0.394759 -0.782853 0.480944
vn 0.190027 -0.943704 0.270763
vn 0.424845 0.842415 0.331427
vn -0.196172 0.974128 0.112210
vn 0.668417 -0.334188 0.664482
vn -0.409860 -0.819664 0.400207
vn -0.664930 0.332440 0.668844
vn 0.406655 0.813254 0.416234
vn 0.745267 -0.636516 0.198555
vn 0.708135 -0.705451 0.029723
vn -0.712358 -0.663191 0.229617
vn -0.708135 -0.702815 0.067785
vn -0.664235 0.737949 -0.119262
vn -0.708149 0.705427 -0.029970
vn 0.703405 0.686004 -0.186064
vn 0.708149 0.702753 -0.068279
vn -0.321478 0.946893 0.006665
vn -0.293510 0.920955 0.256306
vn -0.360118 0.907917 0.214482
vn -0.374468 0.926838 -0.027291
vn -0.253673 0.841335 0.477290
vn -0.320968 0.842022 0.433564
vn -0.182059 0.731753 0.656804
vn -0.255393 0.743875 0.617596
vn -0.279926 0.922855 0.264536
vn -0.166414 0.984100 0.062086
vn -0.144095 0.941376 0.305036
vn -0.118146 0.849192 0.514699
vn -0.233182 0.838352 0.492740
vn 0.000000 0.852824 0.522199
vn 0.000000 0.723961 0.689841
vn -0.085260 0.722568 0.686022
vn -0.169137 0.716874 0.676376
vn 0.321478 0.946893 0.006665
vn 0.374468 0.926838 -0.027291
vn 0.360118 0.907917 0.214482
vn 0.293510 0.920955 0.256306
vn 0.320968 0.842022 0.433564
vn 0.253673 0.841335 0.477290
vn 0.255393 0.743875 0.617596
vn 0.182059 0.731753 0.656804
vn 0.279926 0.922855 0.264536
vn 0.144095 0.941376 0.305036
vn 0.166414 0.984100 0.062086
vn 0.118146 0.849192 0.514699
vn 0.000000 0.877875 0.478890
vn 0.084623 0.874531 0.477529
vn 0.088621 0.946388 0.310637
vn 0.233182 0.838352 0.492740
vn 0.085260 0.722568 0.686022
vn 0.169137 0.716874 0.676376
vn -0.084577 0.874535 0.477531
vn -0.088574 0.946391 0.310641
vn -0.090359 0.973754 0.208897
vn 0.000000 0.996933 0.078265
vn 0.000000 0.977794 0.209570
vn 0.090407 0.973750 0.208896
vn -0.431143 0.886968 0.165543
vn -0.413864 0.907052 -0.077286
vn -0.407777 0.853661 0.324007
vn -0.334938 0.737606 0.586306
vn 0.431143 0.886968 0.165543
vn 0.413864 0.907052 -0.077286
vn 0.407777 0.853661 0.324007
vn 0.334938 0.737606 0.586306
vn -0.998910 -0.030558 0.035295
vn -0.997060 -0.069859 0.031483
vn -0.996804 -0.071699 0.035220
vn -0.996565 -0.079519 0.023129
vn -0.995536 -0.090230 0.027693
vn -0.981765 -0.190098 -0.000357
vn -0.973136 -0.228643 0.026987
vn -0.998116 -0.034774 -0.050558
vn -0.876586 -0.480984 -0.015840
vn -0.428804 -0.903378 -0.005958
vn -0.000000 -0.999882 0.015389
vn -0.000000 -0.999882 0.015389
vn 0.998910 -0.030558 0.035295
vn 0.997420 -0.064504 0.031508
vn 0.998391 -0.044399 0.035276
vn 0.996331 -0.080972 0.027730
vn 0.995484 -0.092041 0.023233
vn 0.998513 -0.050209 0.021229
vn 0.980509 -0.195977 0.013940
vn 0.980300 -0.197319 -0.008813
vn 0.582308 -0.812958 -0.003998
vn 0.672115 -0.740184 -0.019740
vn -0.000000 -0.999882 0.015389
vn -0.000000 -0.999882 0.015389
vn 0.999976 0.006728 -0.001845
vn 0.998692 -0.048365 -0.016605
vn 0.999982 -0.005628 -0.002290
vn 0.990279 -0.135155 -0.032876
vn 0.983271 -0.178266 -0.037403
vn 0.800667 -0.595384 -0.066715
vn 0.913288 -0.404057 -0.051413
vn 0.275738 -0.957169 -0.088292
vn -0.007966 -0.996781 -0.079779
vn -0.015931 -0.996529 -0.081714
vn -0.999976 0.006728 -0.001845
vn -0.997982 -0.061271 -0.016673
vn -0.997166 -0.075082 -0.004781
vn -0.988952 -0.143003 -0.039037
vn -0.993396 -0.110408 -0.031218
vn -0.677050 -0.732164 -0.074424
vn -0.934822 -0.350925 -0.054406
vn -0.275738 -0.957169 -0.088292
vn 0.007966 -0.996781 -0.079779
vn 0.015931 -0.996529 -0.081714
vn -0.427616 0.876577 0.220808
vn -0.226645 0.944950 0.236013
vn -0.240267 0.773537 0.586441
vn -0.449869 0.719540 0.529037
vn -0.224796 0.541352 0.810188
vn -0.427478 0.519467 0.739877
vn 0.000000 0.971165 0.238410
vn 0.000000 0.795129 0.606440
vn 0.000000 0.548912 0.835880
vn -0.515796 0.696558 0.498760
vn -0.474267 0.852668 0.219151
vn -0.570400 0.674607 0.468561
vn -0.513628 0.824381 0.237869
vn -0.502095 0.508960 0.699186
vn -0.574237 0.501399 0.647187
vn 0.240267 0.773537 0.586441
vn 0.226645 0.944950 0.236013
vn 0.427616 0.876577 0.220808
vn 0.449869 0.719540 0.529037
vn 0.224796 0.541352 0.810188
vn 0.427478 0.519467 0.739877
vn 0.515796 0.696558 0.498760
vn 0.474267 0.852668 0.219151
vn 0.513628 0.824381 0.237869
vn 0.570400 0.674607 0.468561
vn 0.502095 0.508960 0.699186
vn 0.574237 0.501399 0.647187
vn -0.276946 0.916681 0.288090
vn -0.303108 0.904444 0.300179
vn -0.284317 0.948817 0.137512
vn -0.243091 0.960861 0.132864
vn -0.292685 0.955622 -0.033496
vn -0.248963 0.968089 -0.028656
vn -0.299576 0.928584 -0.219056
vn -0.255992 0.945536 -0.201073
vn -0.000000 0.965332 -0.261027
vn -0.129995 0.957965 -0.255742
vn -0.124186 0.876865 -0.464420
vn 0.000000 0.882749 -0.469844
vn -0.114726 0.758752 -0.641196
vn 0.000000 0.763019 -0.646376
vn -0.256054 0.932029 -0.256434
vn -0.245410 0.860425 -0.446591
vn -0.225988 0.756750 -0.613400
vn -0.338955 0.937799 -0.075115
vn -0.401267 0.912118 -0.083825
vn -0.400625 0.909899 -0.107626
vn -0.341703 0.934418 -0.100512
vn -0.461922 0.884099 -0.070684
vn -0.459486 0.882039 -0.104307
vn -0.000000 0.979158 -0.203101
vn -0.130032 0.970475 -0.203152
vn -0.351559 0.917038 -0.188273
vn -0.335831 0.910551 -0.241069
vn -0.317114 0.934283 -0.162954
vn -0.317225 0.902102 -0.292541
vn -0.364848 0.894426 -0.258625
vn -0.350906 0.882310 -0.313678
vn -0.331550 0.874080 -0.355049
vn -0.395074 0.872225 -0.288340
vn -0.378733 0.854051 -0.356593
vn -0.348252 0.838620 -0.418852
vn -0.432741 0.869498 -0.238133
vn -0.406488 0.833701 -0.373778
vn -0.363997 0.789940 -0.493458
vn -0.312360 0.753089 -0.579041
vn -0.304777 0.761052 -0.572635
vn -0.295685 0.804481 -0.515151
vn -0.324454 0.809302 -0.489652
vn -0.380321 0.828753 0.410517
vn -0.340795 0.897860 0.278758
vn -0.349253 0.824951 0.444386
vn -0.414564 0.741878 0.527024
vn -0.376286 0.725734 0.575951
vn -0.279398 0.929842 -0.239440
vn -0.303190 0.902509 -0.305866
vn -0.301408 0.870925 -0.388127
vn -0.315047 0.871056 -0.376838
vn -0.322342 0.844062 -0.428551
vn -0.308365 0.844202 -0.438445
vn -0.320563 0.934685 0.153636
vn -0.327094 0.943892 0.045574
vn -0.246397 0.925407 0.287940
vn -0.124921 0.982971 0.134771
vn -0.125103 0.947818 0.293243
vn 0.000000 0.990747 0.135723
vn 0.000000 0.955994 0.293387
vn -0.127349 0.991512 -0.026191
vn 0.000000 0.999618 -0.027634
vn 0.276946 0.916682 0.288090
vn 0.284317 0.948817 0.137512
vn 0.303108 0.904444 0.300179
vn 0.292685 0.955622 -0.033496
vn 0.243091 0.960861 0.132864
vn 0.248963 0.968089 -0.028656
vn 0.299576 0.928584 -0.219056
vn 0.255992 0.945536 -0.201073
vn 0.124186 0.876865 -0.464420
vn 0.129995 0.957965 -0.255742
vn 0.114726 0.758752 -0.641196
vn 0.245410 0.860425 -0.446591
vn 0.256054 0.932029 -0.256434
vn 0.225988 0.756750 -0.613400
vn 0.400625 0.909899 -0.107626
vn 0.401267 0.912118 -0.083825
vn 0.338955 0.937799 -0.075115
vn 0.341703 0.934418 -0.100512
vn 0.459486 0.882039 -0.104307
vn 0.461922 0.884099 -0.070684
vn 0.130032 0.970475 -0.203152
vn 0.335831 0.910551 -0.241069
vn 0.351559 0.917038 -0.188273
vn 0.317114 0.934283 -0.162954
vn 0.317225 0.902102 -0.292541
vn 0.350906 0.882310 -0.313678
vn 0.364848 0.894426 -0.258625
vn 0.331550 0.874080 -0.355049
vn 0.378733 0.854051 -0.356593
vn 0.395074 0.872225 -0.288340
vn 0.348252 0.838620 -0.418852
vn 0.406488 0.833701 -0.373778
vn 0.432741 0.869498 -0.238133
vn 0.363997 0.789940 -0.493458
vn 0.295685 0.804481 -0.515151
vn 0.304777 0.761052 -0.572635
vn 0.312360 0.753089 -0.579041
vn 0.324454 0.809302 -0.489652
vn 0.340795 0.897860 0.278758
vn 0.380321 0.828753 0.410517
vn 0.349253 0.824951 0.444386
vn 0.414564 0.741878 0.527024
vn 0.376286 0.725734 0.575951
vn 0.303190 0.902509 -0.305866
vn 0.279398 0.929842 -0.239440
vn 0.301408 0.870925 -0.388127
vn 0.315047 0.871056 -0.376838
vn 0.322342 0.844062 -0.428551
vn 0.308365 0.844202 -0.438445
vn 0.320563 0.934685 0.153636
vn 0.327094 0.943892 0.045574
vn 0.246397 0.925407 0.287940
vn 0.125103 0.947818 0.293243
vn 0.124921 0.982971 0.134771
vn 0.127349 0.991512 -0.026191
vn -0.836050 0.516425 -0.185274
vn -0.824197 0.554537 0.114835
vn -0.843560 0.322643 0.429311
vn -0.912432 0.362127 -0.190607
vn -0.856977 0.154108 0.491773
vn -0.966732 0.208677 -0.147931
vn -0.766923 0.526048 0.367563
vn -0.710949 0.395443 0.581530
vn -0.661661 0.228326 0.714193
vn -0.615567 0.093209 0.782553
vn -0.766398 0.342778 -0.543266
vn -0.797068 0.427170 -0.426859
vn -0.865191 0.324838 -0.382001
vn -0.776249 0.276542 -0.566536
vn -0.910192 0.218296 -0.351990
vn -0.854192 0.222273 -0.470053
vn -0.902819 0.355095 -0.242538
vn -0.831726 0.498374 -0.244653
vn -0.953290 0.210731 -0.216405
vn 0.843560 0.322643 0.429311
vn 0.824197 0.554537 0.114835
vn 0.836050 0.516425 -0.185274
vn 0.912432 0.362127 -0.190607
vn 0.856977 0.154108 0.491773
vn 0.966732 0.208677 -0.147931
vn 0.766923 0.526048 0.367563
vn 0.661661 0.228326 0.714193
vn 0.710949 0.395443 0.581530
vn 0.615567 0.093209 0.782553
vn 0.865191 0.324838 -0.382001
vn 0.797068 0.427170 -0.426859
vn 0.766398 0.342778 -0.543266
vn 0.776249 0.276542 -0.566536
vn 0.910192 0.218296 -0.351990
vn 0.854192 0.222273 -0.470053
vn 0.902819 0.355095 -0.242538
vn 0.831726 0.498374 -0.244653
vn 0.953290 0.210731 -0.216405
vn 0.250754 -0.960633 0.119611
vn 0.968400 0.213890 -0.128270
vn -0.722899 -0.300068 -0.622395
vn -0.640351 -0.767806 0.020597
vn -0.159453 -0.979431 -0.123649
vn -0.490710 0.751883 -0.440313
vn 0.208370 0.771724 -0.600853
vn 0.364419 -0.930190 -0.044110
vn 0.212483 -0.973331 0.086476
vn 0.937161 -0.233679 -0.259083
vn -0.760900 0.181338 -0.623016
vn -0.773353 -0.617358 0.144198
vn 0.668417 -0.334188 0.664482
vn -0.409860 -0.819664 0.400207
vn -0.664929 0.332441 0.668844
vn 0.406655 0.813253 0.416234
vn -0.394759 -0.782852 0.480944
vn 0.190027 -0.943704 0.270763
vn 0.424845 0.842415 0.331427
vn -0.196172 0.974128 0.112211
vn 0.668417 -0.334188 0.664482
vn -0.409860 -0.819664 0.400207
vn -0.664929 0.332441 0.668844
vn 0.406655 0.813253 0.416234
vn 0.749372 -0.635107 0.187298
vn 0.708135 -0.705451 0.029724
vn -0.712350 -0.672398 0.201093
vn -0.708135 -0.702815 0.067785
vn -0.656418 0.747135 -0.104427
vn -0.708149 0.705427 -0.029970
vn 0.701615 0.694543 -0.159201
vn 0.708150 0.702753 -0.068279

# Texture coordinates + Triangles
usemtl car_body
s 1
vt 0.785156 0.476563
vt 0.898438 0.488281
vt 0.886719 0.449219
f 1/1/1 2/5/2 3/9/3
vt 0.785156 0.476563
vt 0.886719 0.449219
vt 0.750000 0.449219
f 1/1/1 3/8/3 4/12/4
vt 0.750000 0.449219
vt 0.886719 0.449219
vt 0.878906 0.402344
f 4/10/4 3/8/3 5/15/5
vt 0.750000 0.449219
vt 0.878906 0.402344
vt 0.722656 0.402344
f 4/10/4 5/14/5 6/18/6
vt 0.898438 0.488281
vt 0.996094 0.488281
vt 0.996094 0.449219
f 2/4/2 7/20/7 8/24/8
vt 0.898438 0.488281
vt 0.996094 0.449219
vt 0.886719 0.449219
f 2/4/2 8/23/8 3/9/3
vt 0.886719 0.449219
vt 0.996094 0.449219
vt 0.996094 0.402344
f 3/7/3 8/23/8 9/27/9
vt 0.886719 0.449219
vt 0.996094 0.402344
vt 0.878906 0.402344
f 3/7/3 9/26/9 5/15/5
vt 0.785156 0.476563
vt 0.703125 0.476563
vt 0.707031 0.484375
f 1/1/1 10/29/10 11/33/11
vt 0.785156 0.476563
vt 0.707031 0.484375
vt 0.789063 0.484375
f 1/1/1 11/32/11 12/36/12
vt 0.621094 0.484375
vt 0.707031 0.484375
vt 0.703125 0.476563
f 13/37/13 11/32/11 10/30/10
vt 0.621094 0.484375
vt 0.703125 0.476563
vt 0.621094 0.480469
f 13/37/13 10/29/10 14/42/14
vt 0.996094 0.496094
vt 0.902344 0.496094
vt 0.921117 0.523893
f 15/43/15 16/47/16 17/51/17
vt 0.996094 0.496094
vt 0.921117 0.523893
vt 0.995336 0.523893
f 15/43/15 17/50/17 18/54/18
vt 0.995336 0.523893
vt 0.921117 0.523893
vt 0.921875 0.543424
f 18/52/18 17/50/17 19/57/19
vt 0.995336 0.523893
vt 0.921875 0.543424
vt 0.996094 0.543424
f 18/52/18 19/56/19 20/60/20
vt 0.902344 0.496094
vt 0.789063 0.484375
vt 0.792969 0.515625
f 16/46/16 12/35/12 21/63/21
vt 0.902344 0.496094
vt 0.792969 0.515625
vt 0.921117 0.523893
f 16/46/16 21/62/21 17/51/17
vt 0.921117 0.523893
vt 0.792969 0.515625
vt 0.792969 0.543605
f 17/49/17 21/62/21 22/66/22
vt 0.921117 0.523893
vt 0.792969 0.543605
vt 0.921875 0.543424
f 17/49/17 22/65/22 19/57/19
vt 0.613281 0.574219
vt 0.707031 0.582031
vt 0.640625 0.523438
f 23/67/23 24/71/24 25/75/25
vt 0.613281 0.574219
vt 0.640625 0.523438
vt 0.574219 0.542969
f 23/67/23 25/74/25 26/78/26
vt 0.574219 0.542969
vt 0.640625 0.523438
vt 0.621094 0.484375
f 26/76/26 25/74/25 13/39/13
vt 0.574219 0.542969
vt 0.621094 0.484375
vt 0.558594 0.488281
f 26/76/26 13/38/13 27/81/27
vt 0.707031 0.582031
vt 0.781250 0.566406
vt 0.726563 0.511719
f 24/70/24 28/83/28 29/87/29
vt 0.707031 0.582031
vt 0.726563 0.511719
vt 0.640625 0.523438
f 24/70/24 29/86/29 25/75/25
vt 0.707031 0.484375
vt 0.621094 0.484375
vt 0.640625 0.523438
f 11/31/11 13/38/13 25/75/25
vt 0.707031 0.484375
vt 0.640625 0.523438
vt 0.726563 0.511719
f 11/31/11 25/74/25 29/87/29
vt 0.781250 0.566406
vt 0.792969 0.546875
vt 0.726563 0.511719
f 28/82/28 22/65/22 29/87/29
vt 0.789063 0.484375
vt 0.707031 0.484375
vt 0.726563 0.511719
f 12/34/12 11/32/11 29/87/29
vt 0.789063 0.484375
vt 0.726563 0.511719
vt 0.792969 0.515625
f 12/34/12 29/86/29 21/63/21
vt 0.996094 0.488281
vt 0.898438 0.488281
vt 0.902344 0.496094
f 7/19/7 2/5/2 16/48/16
vt 0.996094 0.488281
vt 0.902344 0.496094
vt 0.996094 0.496094
f 7/19/7 16/47/16 15/45/15
vt 0.898438 0.488281
vt 0.785156 0.476563
vt 0.789063 0.484375
f 2/4/2 1/2/1 12/36/12
vt 0.898438 0.488281
vt 0.789063 0.484375
vt 0.902344 0.496094
f 2/4/2 12/35/12 16/48/16
vt 0.753906 0.394531
vt 0.878906 0.394531
vt 0.882813 0.328125
f 30/88/30 31/92/31 32/96/32
vt 0.753906 0.394531
vt 0.882813 0.328125
vt 0.765625 0.328125
f 30/88/30 32/95/32 33/99/33
vt 0.722656 0.402344
vt 0.878906 0.402344
vt 0.878906 0.394531
f 6/16/6 5/14/5 31/93/31
vt 0.722656 0.402344
vt 0.878906 0.394531
vt 0.753906 0.394531
f 6/16/6 31/92/31 30/90/30
vt 0.878906 0.402344
vt 0.996094 0.402344
vt 0.996094 0.394531
f 5/13/5 9/26/9 34/102/34
vt 0.878906 0.402344
vt 0.996094 0.394531
vt 0.878906 0.394531
f 5/13/5 34/101/34 31/93/31
vt 0.765625 0.328125
vt 0.882813 0.328125
vt 0.882813 0.320313
f 33/97/33 32/95/32 35/105/35
vt 0.765625 0.328125
vt 0.882813 0.320313
vt 0.765625 0.320313
f 33/97/33 35/104/35 36/108/36
vt 0.882813 0.328125
vt 0.996094 0.328125
vt 0.996094 0.320313
f 32/94/32 37/110/37 38/114/38
vt 0.882813 0.328125
vt 0.996094 0.320313
vt 0.882813 0.320313
f 32/94/32 38/113/38 35/105/35
vt 0.621094 0.480469
vt 0.609375 0.460938
vt 0.558594 0.453125
f 14/40/14 39/116/39 40/120/40
vt 0.621094 0.480469
vt 0.558594 0.453125
vt 0.558594 0.488281
f 14/40/14 40/119/40 27/81/27
vt 0.996094 0.320313
vt 0.996094 0.292969
vt 0.890625 0.292969
f 38/112/38 41/122/41 42/126/42
vt 0.996094 0.320313
vt 0.890625 0.292969
vt 0.882813 0.320313
f 38/112/38 42/125/42 35/105/35
vt 0.882813 0.320313
vt 0.890625 0.292969
vt 0.777344 0.292969
f 35/103/35 42/125/42 43/129/43
vt 0.882813 0.320313
vt 0.777344 0.292969
vt 0.765625 0.320313
f 35/103/35 43/128/43 36/108/36
vt 0.722656 0.402344
vt 0.753906 0.394531
vt 0.738281 0.375000
f 6/16/6 30/89/30 44/132/44
vt 0.722656 0.402344
vt 0.738281 0.375000
vt 0.722656 0.367188
f 6/16/6 44/131/44 45/135/45
vt 0.722656 0.367188
vt 0.738281 0.375000
vt 0.746094 0.343750
f 45/133/45 44/131/44 46/138/46
vt 0.722656 0.367188
vt 0.746094 0.343750
vt 0.742188 0.328125
f 45/133/45 46/137/46 47/141/47
vt 0.765625 0.328125
vt 0.765625 0.320313
vt 0.742188 0.328125
f 33/97/33 36/107/36 47/141/47
vt 0.765625 0.328125
vt 0.742188 0.328125
vt 0.746094 0.343750
f 33/97/33 47/140/47 46/138/46
vt 0.902344 0.632813
vt 0.957031 0.632813
vt 0.957031 0.621094
f 48/142/48 49/146/49 50/150/50
vt 0.902344 0.632813
vt 0.957031 0.621094
vt 0.898438 0.621094
f 48/142/48 50/149/50 51/153/51
vt 0.957031 0.632813
vt 1.000000 0.632813
vt 1.000000 0.621094
f 49/145/49 52/155/52 53/159/53
vt 0.957031 0.632813
vt 1.000000 0.621094
vt 0.957031 0.621094
f 49/145/49 53/158/53 50/150/50
vt 0.777344 0.292969
vt 0.890625 0.292969
vt 0.890625 0.253906
f 43/127/43 42/125/42 54/162/54
vt 0.777344 0.292969
vt 0.890625 0.253906
vt 0.777344 0.253906
f 43/127/43 54/161/54 55/165/55
vt 0.890625 0.292969
vt 0.996094 0.292969
vt 0.996094 0.253906
f 42/124/42 41/122/41 56/168/56
vt 0.890625 0.292969
vt 0.996094 0.253906
vt 0.890625 0.253906
f 42/124/42 56/167/56 54/162/54
vt 0.722656 0.402344
vt 0.722656 0.367188
vt 0.699219 0.367188
f 6/16/6 45/134/45 57/171/57
vt 0.722656 0.402344
vt 0.699219 0.367188
vt 0.695313 0.402344
f 6/16/6 57/170/57 58/174/58
vt 0.957031 0.632813
vt 0.902344 0.632813
vt 0.902344 0.648438
f 49/145/49 48/143/48 59/177/59
vt 0.957031 0.632813
vt 0.902344 0.648438
vt 0.957031 0.648438
f 49/145/49 59/176/59 60/180/60
vt 1.000000 0.632813
vt 0.957031 0.632813
vt 0.957031 0.648438
f 52/154/52 49/146/49 60/180/60
vt 1.000000 0.632813
vt 0.957031 0.648438
vt 1.000000 0.648438
f 52/154/52 60/179/60 61/183/61
vt 0.722656 0.367188
vt 0.742188 0.328125
vt 0.683594 0.328125
f 45/133/45 47/140/47 62/186/62
vt 0.722656 0.367188
vt 0.683594 0.328125
vt 0.699219 0.367188
f 45/133/45 62/185/62 57/171/57
vt 0.882813 0.718750
vt 0.925781 0.714844
vt 0.941406 0.683594
f 63/187/63 64/191/64 65/195/65
vt 0.882813 0.718750
vt 0.941406 0.683594
vt 0.902344 0.683594
f 63/187/63 65/194/65 66/198/66
vt 0.957031 0.648438
vt 0.902344 0.648438
vt 0.902344 0.683594
f 60/178/60 59/176/59 66/198/66
vt 0.957031 0.648438
vt 0.902344 0.683594
vt 0.941406 0.683594
f 60/178/60 66/197/66 65/195/65
vt 0.925781 0.714844
vt 0.960938 0.718750
vt 0.980469 0.679688
f 64/190/64 27/80/27 67/201/67
vt 0.925781 0.714844
vt 0.980469 0.679688
vt 0.941406 0.683594
f 64/190/64 67/200/67 65/195/65
vt 0.957031 0.648438
vt 0.988281 0.660156
vt 1.000000 0.648438
f 60/178/60 68/203/68 61/183/61
vt 0.675781 0.828125
vt 0.773438 0.820313
vt 0.730469 0.785156
f 69/205/69 70/209/70 71/213/71
vt 0.675781 0.828125
vt 0.730469 0.785156
vt 0.644531 0.785156
f 69/205/69 71/212/71 72/216/72
vt 0.773438 0.820313
vt 0.871094 0.835938
vt 0.820313 0.781250
f 70/208/70 73/218/73 74/222/74
vt 0.773438 0.820313
vt 0.820313 0.781250
vt 0.730469 0.785156
f 70/208/70 74/221/74 71/213/71
vt 0.644531 0.441406
vt 0.648438 0.406250
vt 0.570313 0.406250
f 75/223/75 76/227/76 77/231/77
vt 0.644531 0.441406
vt 0.570313 0.406250
vt 0.570313 0.445313
f 75/223/75 77/230/77 78/234/78
vt 0.683594 0.328125
vt 0.660156 0.347656
vt 0.699219 0.367188
f 62/184/62 79/236/79 57/171/57
vt 0.648438 0.402344
vt 0.660156 0.347656
vt 0.601563 0.347656
f 80/238/80 79/236/79 81/243/81
vt 0.648438 0.402344
vt 0.601563 0.347656
vt 0.589844 0.402344
f 80/238/80 81/242/81 82/246/82
vt 0.648438 0.406250
vt 0.648438 0.402344
vt 0.589844 0.402344
f 76/226/76 80/239/80 82/246/82
vt 0.648438 0.406250
vt 0.589844 0.402344
vt 0.570313 0.406250
f 76/226/76 82/245/82 77/231/77
vt 0.683594 0.328125
vt 0.644531 0.320313
vt 0.601563 0.347656
f 62/184/62 61/182/61 81/243/81
vt 0.683594 0.328125
vt 0.601563 0.347656
vt 0.660156 0.347656
f 62/184/62 81/242/81 79/237/79
vt 0.609375 0.460938
vt 0.675781 0.453125
vt 0.644531 0.441406
f 39/115/39 83/248/83 75/225/75
vt 0.609375 0.460938
vt 0.644531 0.441406
vt 0.609375 0.453125
f 39/115/39 75/224/75 84/252/84
vt 0.644531 0.441406
vt 0.570313 0.445313
vt 0.609375 0.453125
f 75/223/75 78/233/78 84/252/84
vt 0.558594 0.453125
vt 0.609375 0.460938
vt 0.609375 0.453125
f 40/118/40 39/116/39 84/252/84
vt 0.558594 0.453125
vt 0.609375 0.453125
vt 0.570313 0.445313
f 40/118/40 84/251/84 78/234/78
vt 0.570313 0.445313
vt 0.550781 0.406250
vt 0.558594 0.453125
f 78/232/78 67/200/67 40/120/40
vt 0.644531 0.785156
vt 0.730469 0.785156
vt 0.730469 0.773438
f 72/214/72 71/212/71 85/255/85
vt 0.644531 0.785156
vt 0.730469 0.773438
vt 0.648438 0.777344
f 72/214/72 85/254/85 86/258/86
vt 0.648438 0.777344
vt 0.730469 0.773438
vt 0.730469 0.765625
f 86/256/86 85/254/85 87/261/87
vt 0.648438 0.777344
vt 0.730469 0.765625
vt 0.656250 0.765625
f 86/256/86 87/260/87 88/264/88
vt 0.730469 0.785156
vt 0.820313 0.781250
vt 0.820313 0.769531
f 71/211/71 74/221/74 89/267/89
vt 0.730469 0.785156
vt 0.820313 0.769531
vt 0.730469 0.773438
f 71/211/71 89/266/89 85/255/85
vt 0.730469 0.773438
vt 0.820313 0.769531
vt 0.820313 0.765625
f 85/253/85 89/266/89 90/270/90
vt 0.730469 0.773438
vt 0.820313 0.765625
vt 0.730469 0.765625
f 85/253/85 90/269/90 87/261/87
vt 0.589844 0.402344
vt 0.601563 0.347656
vt 0.550781 0.406250
f 82/244/82 81/242/81 67/201/67
vt 0.960938 0.718750
vt 0.886719 0.746094
vt 0.886719 0.757813
f 27/79/27 91/272/91 92/276/92
vt 0.960938 0.718750
vt 0.886719 0.757813
vt 0.957031 0.746094
f 27/79/27 92/275/92 26/78/26
vt 0.957031 0.746094
vt 0.886719 0.757813
vt 0.890625 0.773438
f 26/76/26 92/275/92 93/279/93
vt 0.957031 0.746094
vt 0.890625 0.773438
vt 0.945836 0.859257
f 26/76/26 93/278/93 23/69/23
vt 0.820313 0.769531
vt 0.886719 0.757813
vt 0.886719 0.746094
f 89/265/89 92/275/92 91/273/91
vt 0.820313 0.769531
vt 0.886719 0.746094
vt 0.820313 0.765625
f 89/265/89 91/272/91 90/270/90
vt 0.820313 0.781250
vt 0.890625 0.773438
vt 0.886719 0.757813
f 74/220/74 93/278/93 92/276/92
vt 0.820313 0.781250
vt 0.886719 0.757813
vt 0.820313 0.769531
f 74/220/74 92/275/92 89/267/89
vt 0.960938 0.718750
vt 0.925781 0.714844
vt 0.882813 0.734375
f 27/79/27 64/191/64 94/282/94
vt 0.960938 0.718750
vt 0.882813 0.734375
vt 0.886719 0.746094
f 27/79/27 94/281/94 91/273/91
vt 0.925781 0.714844
vt 0.882813 0.718750
vt 0.882813 0.734375
f 64/190/64 63/188/63 94/282/94
vt 0.355469 0.703125
vt 0.503906 0.695313
vt 0.359375 0.695313
f 95/283/95 96/287/96 97/291/97
vt 0.363281 0.679688
vt 0.503906 0.656250
vt 0.382813 0.660156
f 98/292/98 99/296/99 100/300/100
vt 0.503906 0.695313
vt 0.656250 0.691406
vt 0.640625 0.648438
f 96/286/96 101/302/101 102/306/102
vt 0.503906 0.695313
vt 0.640625 0.648438
vt 0.503906 0.656250
f 96/286/96 102/305/102 99/297/99
vt 0.757813 0.730469
vt 0.710938 0.730469
vt 0.730469 0.765625
f 103/307/103 104/311/104 87/261/87
vt 0.730469 0.765625
vt 0.710938 0.730469
vt 0.660156 0.730469
f 87/259/87 104/311/104 105/315/105
vt 0.730469 0.765625
vt 0.660156 0.730469
vt 0.656250 0.765625
f 87/259/87 105/314/105 88/264/88
vt 0.757813 0.730469
vt 0.730469 0.691406
vt 0.691406 0.691406
f 103/307/103 106/317/106 107/321/107
vt 0.757813 0.730469
vt 0.691406 0.691406
vt 0.710938 0.730469
f 103/307/103 107/320/107 104/312/104
vt 0.656250 0.691406
vt 0.660156 0.730469
vt 0.710938 0.730469
f 101/301/101 105/314/105 104/312/104
vt 0.656250 0.691406
vt 0.710938 0.730469
vt 0.691406 0.691406
f 101/301/101 104/311/104 107/321/107
vt 0.656250 0.691406
vt 0.691406 0.691406
vt 0.679688 0.648438
f 101/301/101 107/320/107 108/324/108
vt 0.656250 0.691406
vt 0.679688 0.648438
vt 0.640625 0.648438
f 101/301/101 108/323/108 102/306/102
vt 0.691406 0.691406
vt 0.730469 0.691406
vt 0.718750 0.648438
f 107/319/107 106/317/106 109/327/109
vt 0.691406 0.691406
vt 0.718750 0.648438
vt 0.679688 0.648438
f 107/319/107 109/326/109 108/324/108
vt 0.363281 0.648438
vt 0.500000 0.648438
vt 0.464844 0.625000
f 110/328/110 111/332/111 112/336/112
vt 0.363281 0.648438
vt 0.464844 0.625000
vt 0.296875 0.625000
f 110/328/110 112/335/112 113/339/113
vt 0.500000 0.648438
vt 0.640625 0.648438
vt 0.636719 0.625000
f 111/331/111 102/305/102 114/342/114
vt 0.500000 0.648438
vt 0.636719 0.625000
vt 0.464844 0.625000
f 111/331/111 114/341/114 112/336/112
vt 0.640625 0.648438
vt 0.679688 0.648438
vt 0.664063 0.625000
f 102/304/102 108/323/108 115/345/115
vt 0.640625 0.648438
vt 0.664063 0.625000
vt 0.636719 0.625000
f 102/304/102 115/344/115 114/342/114
vt 0.679688 0.648438
vt 0.718750 0.648438
vt 0.691406 0.625000
f 108/322/108 109/326/109 116/348/116
vt 0.679688 0.648438
vt 0.691406 0.625000
vt 0.664063 0.625000
f 108/322/108 116/347/116 115/345/115
vt 0.707031 0.878906
vt 0.722656 0.921875
vt 0.730469 0.921875
f 117/349/117 118/353/118 119/357/119
vt 0.707031 0.878906
vt 0.730469 0.921875
vt 0.714844 0.875000
f 117/349/117 119/356/119 120/360/120
vt 0.722656 0.921875
vt 0.730469 1.000000
vt 0.736829 0.998876
f 118/352/118 121/362/121 122/366/122
vt 0.722656 0.921875
vt 0.736829 0.998876
vt 0.730469 0.921875
f 118/352/118 122/365/122 119/357/119
vt 0.343750 0.777344
vt 0.500000 0.769531
vt 0.500000 0.730469
f 123/367/123 124/371/124 125/375/125
vt 0.343750 0.777344
vt 0.500000 0.730469
vt 0.343750 0.734375
f 123/367/123 125/374/125 126/378/126
vt 0.503906 0.695313
vt 0.355469 0.703125
vt 0.343750 0.734375
f 96/286/96 95/284/95 126/378/126
vt 0.503906 0.695313
vt 0.343750 0.734375
vt 0.500000 0.730469
f 96/286/96 126/377/126 125/375/125
vt 0.500000 0.769531
vt 0.656250 0.765625
vt 0.660156 0.730469
f 124/370/124 88/263/88 105/315/105
vt 0.500000 0.769531
vt 0.660156 0.730469
vt 0.500000 0.730469
f 124/370/124 105/314/105 125/375/125
vt 0.656250 0.691406
vt 0.503906 0.695313
vt 0.500000 0.730469
f 101/301/101 96/287/96 125/375/125
vt 0.656250 0.691406
vt 0.500000 0.730469
vt 0.660156 0.730469
f 101/301/101 125/374/125 105/315/105
vt 0.003906 0.304688
vt 0.003906 0.324219
vt 0.109375 0.324219
f 127/379/127 128/383/128 129/387/129
vt 0.003906 0.304688
vt 0.109375 0.324219
vt 0.140625 0.308594
f 127/379/127 129/386/129 130/390/130
vt 0.140625 0.308594
vt 0.109375 0.324219
vt 0.230469 0.324219
f 130/388/130 129/386/129 131/393/131
vt 0.140625 0.308594
vt 0.230469 0.324219
vt 0.277344 0.308594
f 130/388/130 131/392/131 132/396/132
vt 0.277344 0.308594
vt 0.230469 0.324219
vt 0.347656 0.324219
f 132/394/132 131/392/131 133/399/133
vt 0.277344 0.308594
vt 0.347656 0.324219
vt 0.417969 0.308594
f 132/394/132 133/398/133 134/402/134
vt 0.417969 0.308594
vt 0.347656 0.324219
vt 0.457031 0.324219
f 134/400/134 133/398/133 135/405/135
vt 0.046875 0.687500
vt 0.078125 0.687500
vt 0.035156 0.667969
f 135/403/135 136/407/136 134/402/134
vt 0.109375 0.324219
vt 0.003906 0.324219
vt 0.003906 0.363281
f 129/385/129 128/383/128 137/411/137
vt 0.109375 0.324219
vt 0.003906 0.363281
vt 0.109375 0.363281
f 129/385/129 137/410/137 138/414/138
vt 0.382813 0.660156
vt 0.503906 0.656250
vt 0.500000 0.648438
f 100/298/100 99/296/99 111/333/111
vt 0.382813 0.660156
vt 0.500000 0.648438
vt 0.375000 0.656250
f 100/298/100 111/332/111 139/417/139
vt 0.503906 0.656250
vt 0.640625 0.648438
vt 0.500000 0.648438
f 99/295/99 102/305/102 111/333/111
vt 0.355469 0.792969
vt 0.496094 0.789063
vt 0.500000 0.781250
f 140/418/140 141/422/141 142/426/142
vt 0.355469 0.792969
vt 0.500000 0.781250
vt 0.351563 0.785156
f 140/418/140 142/425/142 143/429/143
vt 0.500000 0.769531
vt 0.343750 0.777344
vt 0.351563 0.785156
f 124/370/124 123/368/123 143/429/143
vt 0.500000 0.769531
vt 0.351563 0.785156
vt 0.500000 0.781250
f 124/370/124 143/428/143 142/426/142
vt 0.496094 0.789063
vt 0.644531 0.785156
vt 0.648438 0.777344
f 141/421/141 72/215/72 86/258/86
vt 0.496094 0.789063
vt 0.648438 0.777344
vt 0.500000 0.781250
f 141/421/141 86/257/86 142/426/142
vt 0.500000 0.781250
vt 0.648438 0.777344
vt 0.656250 0.765625
f 142/424/142 86/257/86 88/264/88
vt 0.500000 0.781250
vt 0.656250 0.765625
vt 0.500000 0.769531
f 142/424/142 88/263/88 124/372/124
vt 0.363281 0.648438
vt 0.332031 0.675781
vt 0.347656 0.675781
f 110/328/110 144/431/144 145/435/145
vt 0.363281 0.648438
vt 0.347656 0.675781
vt 0.375000 0.656250
f 110/328/110 145/434/145 139/417/139
vt 0.363281 0.679688
vt 0.382813 0.660156
vt 0.375000 0.656250
f 98/292/98 100/299/100 139/417/139
vt 0.363281 0.679688
vt 0.375000 0.656250
vt 0.347656 0.675781
f 98/292/98 139/416/139 145/435/145
vt 0.328125 0.691406
vt 0.332031 0.699219
vt 0.343750 0.703125
f 146/436/146 147/440/147 148/444/148
vt 0.328125 0.691406
vt 0.343750 0.703125
vt 0.343750 0.695313
f 146/436/146 148/443/148 149/447/149
vt 0.355469 0.703125
vt 0.359375 0.695313
vt 0.343750 0.695313
f 95/283/95 97/290/97 149/447/149
vt 0.355469 0.703125
vt 0.343750 0.695313
vt 0.343750 0.703125
f 95/283/95 149/446/149 148/444/148
vt 0.359375 0.800781
vt 0.492188 0.796875
vt 0.496094 0.789063
f 150/448/150 151/452/151 141/423/141
vt 0.359375 0.800781
vt 0.496094 0.789063
vt 0.355469 0.792969
f 150/448/150 141/422/141 140/420/140
vt 0.492188 0.796875
vt 0.628906 0.796875
vt 0.644531 0.785156
f 151/451/151 152/455/152 72/216/72
vt 0.492188 0.796875
vt 0.644531 0.785156
vt 0.496094 0.789063
f 151/451/151 72/215/72 141/423/141
vt 0.105469 0.808594
vt 0.140625 0.800781
vt 0.065518 0.804688
f 153/457/153 154/461/154 155/465/155
vt 0.105469 0.808594
vt 0.065518 0.804688
vt 0.073330 0.808594
f 153/457/153 155/464/155 156/468/156
vt 0.343750 0.734375
vt 0.343750 0.703125
vt 0.281250 0.718750
f 126/376/126 148/443/148 157/471/157
vt 0.070313 0.992188
vt 0.070313 0.933594
vt 0.050781 0.929688
f 158/472/158 159/476/159 160/480/160
vt 0.070313 0.992188
vt 0.050781 0.929688
vt 0.050781 0.992188
f 158/472/158 160/479/160 161/483/161
vt 0.050781 0.992188
vt 0.050781 0.929688
vt 0.031250 0.929688
f 161/481/161 160/479/160 162/486/162
vt 0.050781 0.992188
vt 0.031250 0.929688
vt 0.031250 0.992188
f 161/481/161 162/485/162 163/489/163
vt 0.031250 0.992188
vt 0.031250 0.929688
vt 0.011719 0.925781
f 163/487/163 162/485/162 164/492/164
vt 0.031250 0.992188
vt 0.011719 0.925781
vt 0.011719 0.992188
f 163/487/163 164/491/164 165/495/165
vt 0.070313 0.933594
vt 0.082031 0.894531
vt 0.066406 0.890625
f 159/475/159 166/497/166 167/501/167
vt 0.070313 0.933594
vt 0.066406 0.890625
vt 0.050781 0.929688
f 159/475/159 167/500/167 160/480/160
vt 0.050781 0.929688
vt 0.066406 0.890625
vt 0.050781 0.886719
f 160/478/160 167/500/167 168/504/168
vt 0.050781 0.929688
vt 0.050781 0.886719
vt 0.031250 0.929688
f 160/478/160 168/503/168 162/486/162
vt 0.031250 0.929688
vt 0.050781 0.886719
vt 0.011719 0.925781
f 162/484/162 168/503/168 164/492/164
vt 0.171875 0.808594
vt 0.234375 0.808594
vt 0.250000 0.800781
f 169/505/169 170/509/170 171/513/171
vt 0.171875 0.808594
vt 0.250000 0.800781
vt 0.140625 0.800781
f 169/505/169 171/512/171 154/462/154
vt 0.234375 0.808594
vt 0.296875 0.808594
vt 0.250000 0.800781
f 170/508/170 172/515/172 171/513/171
vt 0.281250 0.718750
vt 0.332031 0.699219
vt 0.320313 0.675781
f 157/469/157 147/440/147 173/519/173
vt 0.281250 0.718750
vt 0.320313 0.675781
vt 0.296875 0.675781
f 157/469/157 173/518/173 174/522/174
vt 0.296875 0.675781
vt 0.320313 0.675781
vt 0.296875 0.625000
f 174/520/174 173/518/173 113/339/113
vt 0.332031 0.699219
vt 0.328125 0.691406
vt 0.320313 0.675781
f 147/439/147 146/437/146 173/519/173
vt 0.363281 0.648438
vt 0.296875 0.625000
vt 0.320313 0.675781
f 110/328/110 113/338/113 173/519/173
vt 0.363281 0.648438
vt 0.320313 0.675781
vt 0.332031 0.675781
f 110/328/110 173/518/173 144/432/144
vt 0.065518 0.804688
vt 0.140625 0.800781
vt 0.128906 0.796875
f 155/463/155 154/461/154 175/525/175
vt 0.065518 0.804688
vt 0.128906 0.796875
vt 0.065518 0.796875
f 155/463/155 175/524/175 176/528/176
vt 0.065518 0.796875
vt 0.128906 0.796875
vt 0.117188 0.781250
f 176/526/176 175/524/175 177/531/177
vt 0.065518 0.796875
vt 0.117188 0.781250
vt 0.065518 0.781250
f 176/526/176 177/530/177 178/534/178
vt 0.140625 0.800781
vt 0.250000 0.800781
vt 0.234375 0.796875
f 154/460/154 171/512/171 179/537/179
vt 0.140625 0.800781
vt 0.234375 0.796875
vt 0.128906 0.796875
f 154/460/154 179/536/179 175/525/175
vt 0.128906 0.796875
vt 0.234375 0.796875
vt 0.222656 0.781250
f 175/523/175 179/536/179 180/540/180
vt 0.128906 0.796875
vt 0.222656 0.781250
vt 0.117188 0.781250
f 175/523/175 180/539/180 177/531/177
vt 0.250000 0.800781
vt 0.355469 0.792969
vt 0.351563 0.785156
f 171/511/171 140/419/140 143/429/143
vt 0.250000 0.800781
vt 0.351563 0.785156
vt 0.234375 0.796875
f 171/511/171 143/428/143 179/537/179
vt 0.343750 0.777344
vt 0.222656 0.781250
vt 0.234375 0.796875
f 123/367/123 180/539/180 179/537/179
vt 0.343750 0.777344
vt 0.234375 0.796875
vt 0.351563 0.785156
f 123/367/123 179/536/179 143/429/143
vt 0.065518 0.781250
vt 0.117188 0.781250
vt 0.117188 0.753906
f 178/532/178 177/530/177 181/543/181
vt 0.065518 0.781250
vt 0.117188 0.753906
vt 0.078125 0.753906
f 178/532/178 181/542/181 182/546/182
vt 0.117188 0.781250
vt 0.222656 0.781250
vt 0.171875 0.753906
f 177/529/177 180/539/180 183/549/183
vt 0.117188 0.781250
vt 0.171875 0.753906
vt 0.117188 0.753906
f 177/529/177 183/548/183 181/543/181
vt 0.222656 0.781250
vt 0.214844 0.753906
vt 0.171875 0.753906
f 180/538/180 184/551/184 183/549/183
vt 0.078125 0.753906
vt 0.117188 0.753906
vt 0.113281 0.730469
f 182/544/182 181/542/181 185/555/185
vt 0.078125 0.753906
vt 0.113281 0.730469
vt 0.078125 0.730469
f 182/544/182 185/554/185 186/558/186
vt 0.078125 0.730469
vt 0.113281 0.730469
vt 0.105469 0.687500
f 186/556/186 185/554/185 187/561/187
vt 0.078125 0.730469
vt 0.105469 0.687500
vt 0.078125 0.687500
f 186/556/186 187/560/187 136/408/136
vt 0.117188 0.753906
vt 0.171875 0.753906
vt 0.156250 0.730469
f 181/541/181 183/548/183 188/564/188
vt 0.117188 0.753906
vt 0.156250 0.730469
vt 0.113281 0.730469
f 181/541/181 188/563/188 185/555/185
vt 0.105469 0.687500
vt 0.113281 0.730469
vt 0.156250 0.730469
f 187/559/187 185/554/185 188/564/188
vt 0.105469 0.687500
vt 0.156250 0.730469
vt 0.128906 0.687500
f 187/559/187 188/563/188 189/567/189
vt 0.171875 0.753906
vt 0.214844 0.753906
vt 0.156250 0.730469
f 183/547/183 184/551/184 188/564/188
vt 0.078125 0.687500
vt 0.105469 0.687500
vt 0.101563 0.656250
f 136/406/136 187/560/187 190/570/190
vt 0.078125 0.687500
vt 0.101563 0.656250
vt 0.078125 0.656250
f 136/406/136 190/569/190 191/573/191
vt 0.078125 0.656250
vt 0.101563 0.656250
vt 0.089844 0.636719
f 191/571/191 190/569/190 192/576/192
vt 0.078125 0.656250
vt 0.089844 0.636719
vt 0.078125 0.636719
f 191/571/191 192/575/192 193/579/193
vt 0.105469 0.687500
vt 0.128906 0.687500
vt 0.121094 0.656250
f 187/559/187 189/566/189 194/582/194
vt 0.105469 0.687500
vt 0.121094 0.656250
vt 0.101563 0.656250
f 187/559/187 194/581/194 190/570/190
vt 0.101563 0.656250
vt 0.121094 0.656250
vt 0.109375 0.636719
f 190/568/190 194/581/194 195/585/195
vt 0.101563 0.656250
vt 0.109375 0.636719
vt 0.089844 0.636719
f 190/568/190 195/584/195 192/576/192
vt 0.003906 0.472656
vt 0.109375 0.472656
vt 0.109375 0.464844
f 196/586/196 197/590/197 198/594/198
vt 0.003906 0.472656
vt 0.109375 0.464844
vt 0.003906 0.464844
f 196/586/196 198/593/198 199/597/199
vt 0.109375 0.472656
vt 0.226563 0.472656
vt 0.234375 0.464844
f 197/589/197 200/599/200 201/603/201
vt 0.109375 0.472656
vt 0.234375 0.464844
vt 0.109375 0.464844
f 197/589/197 201/602/201 198/594/198
vt 0.226563 0.472656
vt 0.335938 0.472656
vt 0.355469 0.464844
f 200/598/200 202/605/202 203/609/203
vt 0.226563 0.472656
vt 0.355469 0.464844
vt 0.234375 0.464844
f 200/598/200 203/608/203 201/603/201
vt 0.335938 0.472656
vt 0.437500 0.476563
vt 0.457031 0.464844
f 202/604/202 204/611/204 205/615/205
vt 0.335938 0.472656
vt 0.457031 0.464844
vt 0.355469 0.464844
f 202/604/202 205/614/205 203/609/203
vt 0.265625 0.453125
vt 0.359375 0.453125
vt 0.359375 0.406250
f 206/616/206 207/620/207 208/624/208
vt 0.265625 0.453125
vt 0.359375 0.406250
vt 0.265625 0.406250
f 206/616/206 208/623/208 209/627/209
vt 0.355469 0.351563
vt 0.265625 0.363281
vt 0.265625 0.406250
f 210/628/210 211/632/211 209/627/209
vt 0.355469 0.351563
vt 0.265625 0.406250
vt 0.359375 0.406250
f 210/628/210 209/626/209 208/624/208
vt 0.359375 0.453125
vt 0.457031 0.453125
vt 0.457031 0.406250
f 207/619/207 212/635/212 213/639/213
vt 0.359375 0.453125
vt 0.457031 0.406250
vt 0.359375 0.406250
f 207/619/207 213/638/213 208/624/208
vt 0.457031 0.324219
vt 0.355469 0.351563
vt 0.359375 0.406250
f 135/403/135 210/629/210 208/624/208
vt 0.457031 0.324219
vt 0.359375 0.406250
vt 0.457031 0.406250
f 135/403/135 208/623/208 213/639/213
vt 0.046875 0.753906
vt 0.078125 0.753906
vt 0.078125 0.730469
f 212/634/212 182/545/182 186/558/186
vt 0.046875 0.753906
vt 0.078125 0.730469
vt 0.046875 0.730469
f 212/634/212 186/557/186 213/639/213
vt 0.078125 0.687500
vt 0.046875 0.687500
vt 0.046875 0.730469
f 136/406/136 135/404/135 213/639/213
vt 0.078125 0.687500
vt 0.046875 0.730469
vt 0.078125 0.730469
f 136/406/136 213/638/213 186/558/186
vt 0.003906 0.304688
vt 0.140625 0.308594
vt 0.136719 0.289063
f 127/379/127 130/389/130 214/642/214
vt 0.003906 0.304688
vt 0.136719 0.289063
vt 0.003906 0.289063
f 127/379/127 214/641/214 215/645/215
vt 0.003906 0.289063
vt 0.136719 0.289063
vt 0.136719 0.257813
f 215/643/215 214/641/214 216/648/216
vt 0.003906 0.289063
vt 0.136719 0.257813
vt 0.003906 0.257813
f 215/643/215 216/647/216 217/651/217
vt 0.140625 0.308594
vt 0.277344 0.308594
vt 0.273438 0.289063
f 130/388/130 132/395/132 218/654/218
vt 0.140625 0.308594
vt 0.273438 0.289063
vt 0.136719 0.289063
f 130/388/130 218/653/218 214/642/214
vt 0.136719 0.289063
vt 0.273438 0.289063
vt 0.269531 0.257813
f 214/640/214 218/653/218 219/657/219
vt 0.136719 0.289063
vt 0.269531 0.257813
vt 0.136719 0.257813
f 214/640/214 219/656/219 216/648/216
vt 0.277344 0.308594
vt 0.417969 0.308594
vt 0.406250 0.289063
f 132/394/132 134/401/134 220/660/220
vt 0.277344 0.308594
vt 0.406250 0.289063
vt 0.273438 0.289063
f 132/394/132 220/659/220 218/654/218
vt 0.273438 0.289063
vt 0.406250 0.289063
vt 0.406250 0.257813
f 218/652/218 220/659/220 221/663/221
vt 0.273438 0.289063
vt 0.406250 0.257813
vt 0.269531 0.257813
f 218/652/218 221/662/221 219/657/219
vt 0.035156 0.667969
vt 0.078125 0.687500
vt 0.078125 0.656250
f 134/400/134 136/407/136 191/573/191
vt 0.035156 0.667969
vt 0.078125 0.656250
vt 0.035156 0.656250
f 134/400/134 191/572/191 220/660/220
vt 0.035156 0.656250
vt 0.078125 0.656250
vt 0.078125 0.636719
f 220/658/220 191/572/191 193/579/193
vt 0.035156 0.656250
vt 0.078125 0.636719
vt 0.035156 0.636719
f 220/658/220 193/578/193 221/663/221
vt 0.003906 0.472656
vt 0.003906 0.480469
vt 0.152344 0.484375
f 196/586/196 222/665/222 223/669/223
vt 0.003906 0.472656
vt 0.152344 0.484375
vt 0.109375 0.472656
f 196/586/196 223/668/223 197/591/197
vt 0.300781 0.484375
vt 0.335938 0.472656
vt 0.226563 0.472656
f 224/670/224 202/605/202 200/600/200
vt 0.441406 0.507813
vt 0.460938 0.507813
vt 0.437500 0.476563
f 225/673/225 178/533/178 204/612/204
vt 0.441406 0.507813
vt 0.437500 0.476563
vt 0.425781 0.484375
f 225/673/225 204/611/204 226/678/226
vt 0.011719 0.992188
vt 0.011719 0.925781
vt 0.007813 0.921875
f 165/493/165 164/491/164 227/681/227
vt 0.011719 0.992188
vt 0.007813 0.921875
vt 0.003906 0.992188
f 165/493/165 227/680/227 228/684/228
vt 0.003906 0.992188
vt 0.007813 0.921875
vt 0.003906 0.914063
f 228/682/228 227/680/227 229/687/229
vt 0.003906 0.992188
vt 0.003906 0.914063
vt 0.000000 0.992188
f 228/682/228 229/686/229 230/690/230
vt 0.011719 0.925781
vt 0.023438 0.878906
vt 0.019531 0.867188
f 164/490/164 231/692/231 156/468/156
vt 0.011719 0.925781
vt 0.019531 0.867188
vt 0.007813 0.921875
f 164/490/164 156/467/156 227/681/227
vt 0.019531 0.867188
vt 0.007813 0.871094
vt 0.003906 0.914063
f 156/466/156 155/464/155 229/687/229
vt 0.019531 0.867188
vt 0.003906 0.914063
vt 0.007813 0.921875
f 156/466/156 229/686/229 227/681/227
vt 0.003906 0.593750
vt 0.214844 0.585938
vt 0.257813 0.566406
f 230/688/230 229/686/229 232/696/232
vt 0.003906 0.593750
vt 0.257813 0.566406
vt 0.003906 0.566406
f 230/688/230 232/695/232 233/699/233
vt 0.003906 0.566406
vt 0.146033 0.540564
vt 0.003906 0.535156
f 233/697/233 234/701/234 235/705/235
vt 0.175781 0.054688
vt 0.015625 0.054688
vt 0.000000 0.007813
f 232/694/232 155/464/155 236/708/236
vt 0.175781 0.054688
vt 0.000000 0.007813
vt 0.175781 0.007813
f 232/694/232 236/707/236 237/711/237
vt 0.300781 0.484375
vt 0.152344 0.484375
vt 0.144531 0.519531
f 224/670/224 223/668/223 238/714/238
vt 0.300781 0.484375
vt 0.144531 0.519531
vt 0.300781 0.523438
f 224/670/224 238/713/238 239/717/239
vt 0.425781 0.484375
vt 0.300781 0.484375
vt 0.300781 0.523438
f 226/676/226 224/671/224 239/717/239
vt 0.425781 0.484375
vt 0.300781 0.523438
vt 0.441406 0.507813
f 226/676/226 239/716/239 225/675/225
vt 0.003906 0.464844
vt 0.109375 0.464844
vt 0.109375 0.453125
f 199/595/199 198/593/198 240/720/240
vt 0.003906 0.464844
vt 0.109375 0.453125
vt 0.003906 0.453125
f 199/595/199 240/719/240 241/723/241
vt 0.109375 0.464844
vt 0.234375 0.464844
vt 0.265625 0.453125
f 198/592/198 201/602/201 206/618/206
vt 0.109375 0.464844
vt 0.265625 0.453125
vt 0.109375 0.453125
f 198/592/198 206/617/206 240/720/240
vt 0.234375 0.464844
vt 0.355469 0.464844
vt 0.359375 0.453125
f 201/601/201 203/608/203 207/621/207
vt 0.234375 0.464844
vt 0.359375 0.453125
vt 0.265625 0.453125
f 201/601/201 207/620/207 206/618/206
vt 0.355469 0.464844
vt 0.457031 0.464844
vt 0.457031 0.453125
f 203/607/203 205/614/205 212/636/212
vt 0.355469 0.464844
vt 0.457031 0.453125
vt 0.359375 0.453125
f 203/607/203 212/635/212 207/621/207
vt 0.144531 0.519531
vt 0.003906 0.519531
vt 0.003906 0.535156
f 238/712/238 242/725/242 235/705/235
vt 0.144531 0.519531
vt 0.003906 0.535156
vt 0.146033 0.540564
f 238/712/238 235/704/235 234/702/234
vt 0.003906 0.445313
vt 0.109375 0.445313
vt 0.109375 0.371094
f 243/727/243 244/731/244 245/735/245
vt 0.003906 0.445313
vt 0.109375 0.371094
vt 0.003906 0.371094
f 243/727/243 245/734/245 246/738/246
vt 0.109375 0.445313
vt 0.183594 0.406250
vt 0.183594 0.371094
f 244/730/244 247/740/247 248/744/248
vt 0.109375 0.445313
vt 0.183594 0.371094
vt 0.109375 0.371094
f 244/730/244 248/743/248 245/735/245
vt 0.183594 0.445313
vt 0.265625 0.453125
vt 0.265625 0.406250
f 249/745/249 206/617/206 209/627/209
vt 0.183594 0.445313
vt 0.265625 0.406250
vt 0.183594 0.406250
f 249/745/249 209/626/209 247/741/247
vt 0.265625 0.363281
vt 0.183594 0.371094
vt 0.183594 0.406250
f 211/631/211 248/743/248 247/741/247
vt 0.265625 0.363281
vt 0.183594 0.406250
vt 0.265625 0.406250
f 211/631/211 247/740/247 209/627/209
vt 0.152344 0.484375
vt 0.003906 0.480469
vt 0.003906 0.519531
f 223/667/223 222/665/222 242/726/242
vt 0.152344 0.484375
vt 0.003906 0.519531
vt 0.144531 0.519531
f 223/667/223 242/725/242 238/714/238
vt 0.146033 0.540564
vt 0.301782 0.540564
vt 0.300781 0.523438
f 234/700/234 237/710/237 239/717/239
vt 0.146033 0.540564
vt 0.300781 0.523438
vt 0.144531 0.519531
f 234/700/234 239/716/239 238/714/238
vt 0.441406 0.507813
vt 0.300781 0.523438
vt 0.301782 0.540564
f 225/673/225 239/716/239 237/711/237
vt 0.441406 0.507813
vt 0.301782 0.540564
vt 0.414063 0.536658
f 225/673/225 237/710/237 236/708/236
vt 0.003906 0.453125
vt 0.109375 0.453125
vt 0.109375 0.445313
f 241/721/241 240/719/240 244/732/244
vt 0.003906 0.453125
vt 0.109375 0.445313
vt 0.003906 0.445313
f 241/721/241 244/731/244 243/729/243
vt 0.265625 0.453125
vt 0.183594 0.445313
vt 0.109375 0.445313
f 206/616/206 249/746/249 244/732/244
vt 0.265625 0.453125
vt 0.109375 0.445313
vt 0.109375 0.453125
f 206/616/206 244/731/244 240/720/240
vt 0.882813 0.734375
vt 0.882813 0.718750
vt 0.820313 0.757813
f 94/280/94 63/188/63 250/750/250
vt 0.820313 0.757813
vt 0.820313 0.765625
vt 0.886719 0.746094
f 250/748/250 90/269/90 91/273/91
vt 0.820313 0.757813
vt 0.886719 0.746094
vt 0.882813 0.734375
f 250/748/250 91/272/91 94/282/94
vt 0.691406 0.851563
vt 0.707031 0.878906
vt 0.714844 0.875000
f 251/751/251 117/350/117 120/360/120
vt 0.691406 0.851563
vt 0.714844 0.875000
vt 0.699219 0.847656
f 251/751/251 120/359/120 252/756/252
vt 0.699219 0.847656
vt 0.675781 0.828125
vt 0.691406 0.851563
f 252/754/252 69/206/69 251/753/251
vt 0.628906 0.796875
vt 0.675781 0.828125
vt 0.644531 0.785156
f 152/454/152 69/206/69 72/216/72
vt 0.347656 0.800781
vt 0.359375 0.800781
vt 0.355469 0.792969
f 253/757/253 150/449/150 140/420/140
vt 0.214844 0.753906
vt 0.343750 0.734375
vt 0.281250 0.718750
f 184/550/184 126/377/126 157/471/157
vt 0.460938 0.507813
vt 0.457031 0.464844
vt 0.437500 0.476563
f 178/532/178 205/614/205 204/612/204
vt 0.156250 0.855469
vt 0.109375 0.851563
vt 0.066406 0.890625
f 254/760/254 255/764/255 167/501/167
vt 0.156250 0.855469
vt 0.066406 0.890625
vt 0.082031 0.894531
f 254/760/254 167/500/167 166/498/166
vt 0.109375 0.851563
vt 0.058594 0.859375
vt 0.050781 0.886719
f 255/763/255 256/767/256 168/504/168
vt 0.050781 0.886719
vt 0.058594 0.859375
vt 0.023438 0.878906
f 168/502/168 256/767/256 231/693/231
vt 0.324219 0.804688
vt 0.347656 0.800781
vt 0.355469 0.792969
f 257/769/257 253/758/253 140/420/140
vt 0.871094 0.835938
vt 0.945836 0.859257
vt 0.890625 0.773438
f 73/217/73 23/68/23 93/279/93
vt 0.871094 0.835938
vt 0.890625 0.773438
vt 0.820313 0.781250
f 73/217/73 93/278/93 74/222/74
vt 0.621094 0.484375
vt 0.621094 0.480469
vt 0.558594 0.488281
f 13/37/13 14/41/14 27/81/27
vt 0.753906 0.394531
vt 0.765625 0.328125
vt 0.746094 0.343750
f 30/88/30 33/98/33 46/138/46
vt 0.753906 0.394531
vt 0.746094 0.343750
vt 0.738281 0.375000
f 30/88/30 46/137/46 44/132/44
vt 0.765625 0.320313
vt 0.644531 0.320313
vt 0.683594 0.328125
f 36/106/36 61/182/61 62/186/62
vt 0.765625 0.320313
vt 0.683594 0.328125
vt 0.742188 0.328125
f 36/106/36 62/185/62 47/141/47
vt 0.699219 0.367188
vt 0.660156 0.347656
vt 0.648438 0.402344
f 57/169/57 79/236/79 80/240/80
vt 0.699219 0.367188
vt 0.648438 0.402344
vt 0.695313 0.402344
f 57/169/57 80/239/80 58/174/58
vt 0.648438 0.406250
vt 0.695313 0.402344
vt 0.648438 0.402344
f 76/226/76 58/173/58 80/240/80
vt 0.644531 0.441406
vt 0.675781 0.453125
vt 0.695313 0.402344
f 75/223/75 83/248/83 58/174/58
vt 0.644531 0.441406
vt 0.695313 0.402344
vt 0.648438 0.406250
f 75/223/75 58/173/58 76/228/76
vt 0.550781 0.406250
vt 0.601563 0.347656
vt 0.585938 0.351563
f 67/199/67 81/242/81 68/204/68
vt 0.570313 0.406250
vt 0.589844 0.402344
vt 0.550781 0.406250
f 77/229/77 82/245/82 67/201/67
vt 0.558594 0.453125
vt 0.550781 0.406250
vt 0.558594 0.488281
f 40/118/40 67/200/67 27/81/27
vt 0.941406 0.683594
vt 0.980469 0.679688
vt 0.988281 0.660156
f 65/193/65 67/200/67 68/204/68
vt 0.941406 0.683594
vt 0.988281 0.660156
vt 0.957031 0.648438
f 65/193/65 68/203/68 60/180/60
vt 0.585938 0.351563
vt 0.601563 0.347656
vt 0.644531 0.320313
f 68/202/68 81/242/81 61/183/61
vt 0.777344 0.292969
vt 0.777344 0.253906
vt 0.640625 0.253906
f 43/127/43 55/164/55 53/159/53
vt 0.777344 0.292969
vt 0.640625 0.253906
vt 0.644531 0.292969
f 43/127/43 53/158/53 52/156/52
vt 0.750000 0.449219
vt 0.722656 0.402344
vt 0.695313 0.402344
f 4/10/4 6/17/6 58/174/58
vt 0.750000 0.449219
vt 0.695313 0.402344
vt 0.675781 0.453125
f 4/10/4 58/173/58 83/249/83
vt 0.785156 0.476563
vt 0.750000 0.449219
vt 0.675781 0.453125
f 1/1/1 4/11/4 83/249/83
vt 0.785156 0.476563
vt 0.675781 0.453125
vt 0.703125 0.476563
f 1/1/1 83/248/83 10/30/10
vt 0.703125 0.476563
vt 0.675781 0.453125
vt 0.609375 0.460938
f 10/28/10 83/248/83 39/117/39
vt 0.703125 0.476563
vt 0.609375 0.460938
vt 0.621094 0.480469
f 10/28/10 39/116/39 14/42/14
vt 0.757813 0.730469
vt 0.730469 0.765625
vt 0.820313 0.765625
f 103/307/103 87/260/87 90/270/90
vt 0.757813 0.730469
vt 0.820313 0.765625
vt 0.820313 0.757813
f 103/307/103 90/269/90 250/750/250
vt 0.375000 0.656250
vt 0.500000 0.648438
vt 0.363281 0.648438
f 139/415/139 111/332/111 110/330/110
vt 0.359375 0.695313
vt 0.503906 0.695313
vt 0.503906 0.656250
f 97/289/97 96/287/96 99/297/99
vt 0.359375 0.695313
vt 0.503906 0.656250
vt 0.363281 0.679688
f 97/289/97 99/296/99 98/294/98
vt 0.359375 0.695313
vt 0.363281 0.679688
vt 0.347656 0.675781
f 97/289/97 98/293/98 145/435/145
vt 0.359375 0.695313
vt 0.347656 0.675781
vt 0.343750 0.695313
f 97/289/97 145/434/145 149/447/149
vt 0.343750 0.695313
vt 0.347656 0.675781
vt 0.332031 0.675781
f 149/445/149 145/434/145 144/432/144
vt 0.343750 0.695313
vt 0.332031 0.675781
vt 0.328125 0.691406
f 149/445/149 144/431/144 146/438/146
vt 0.320313 0.675781
vt 0.328125 0.691406
vt 0.332031 0.675781
f 173/517/173 146/437/146 144/432/144
vt 0.281250 0.718750
vt 0.343750 0.703125
vt 0.332031 0.699219
f 157/469/157 148/443/148 147/441/147
vt 0.324219 0.804688
vt 0.355469 0.792969
vt 0.250000 0.800781
f 257/769/257 140/419/140 171/513/171
vt 0.324219 0.804688
vt 0.250000 0.800781
vt 0.296875 0.808594
f 257/769/257 171/512/171 172/516/172
vt 0.003906 0.566406
vt 0.257813 0.566406
vt 0.301782 0.540564
f 233/697/233 232/695/232 237/711/237
vt 0.003906 0.566406
vt 0.301782 0.540564
vt 0.146033 0.540564
f 233/697/233 237/710/237 234/702/234
vt 0.437500 0.476563
vt 0.335938 0.472656
vt 0.300781 0.484375
f 204/610/204 202/605/202 224/672/224
vt 0.437500 0.476563
vt 0.300781 0.484375
vt 0.425781 0.484375
f 204/610/204 224/671/224 226/678/226
vt 0.046875 0.753906
vt 0.050781 0.765625
vt 0.078125 0.753906
f 212/634/212 205/614/205 182/546/182
vt 0.065518 0.781250
vt 0.078125 0.753906
vt 0.050781 0.765625
f 178/532/178 182/545/182 205/615/205
vt 0.109375 0.363281
vt 0.003906 0.363281
vt 0.003906 0.371094
f 138/412/138 137/410/137 246/738/246
vt 0.109375 0.363281
vt 0.003906 0.371094
vt 0.109375 0.371094
f 138/412/138 246/737/246 245/735/245
vt 0.265625 0.363281
vt 0.109375 0.363281
vt 0.109375 0.371094
f 211/631/211 138/413/138 245/735/245
vt 0.265625 0.363281
vt 0.109375 0.371094
vt 0.183594 0.371094
f 211/631/211 245/734/245 248/744/248
vt 0.230469 0.324219
vt 0.109375 0.324219
vt 0.109375 0.363281
f 131/391/131 129/386/129 138/414/138
vt 0.230469 0.324219
vt 0.109375 0.363281
vt 0.265625 0.363281
f 131/391/131 138/413/138 211/633/211
vt 0.347656 0.324219
vt 0.230469 0.324219
vt 0.265625 0.363281
f 133/397/133 131/392/131 211/633/211
vt 0.347656 0.324219
vt 0.265625 0.363281
vt 0.355469 0.351563
f 133/397/133 211/632/211 210/630/210
vt 0.347656 0.324219
vt 0.355469 0.351563
vt 0.457031 0.324219
f 133/397/133 210/629/210 135/405/135
vt 0.343750 0.777344
vt 0.343750 0.734375
vt 0.214844 0.753906
f 123/367/123 126/377/126 184/552/184
vt 0.343750 0.777344
vt 0.214844 0.753906
vt 0.222656 0.781250
f 123/367/123 184/551/184 180/540/180
vt 0.226563 0.472656
vt 0.109375 0.472656
vt 0.152344 0.484375
f 200/598/200 197/590/197 223/669/223
vt 0.226563 0.472656
vt 0.152344 0.484375
vt 0.300781 0.484375
f 200/598/200 223/668/223 224/672/224
vt 0.765625 0.320313
vt 0.777344 0.292969
vt 0.644531 0.292969
f 36/106/36 43/128/43 52/156/52
vt 0.765625 0.320313
vt 0.644531 0.292969
vt 0.644531 0.320313
f 36/106/36 52/155/52 61/183/61
vt 0.343750 0.734375
vt 0.355469 0.703125
vt 0.343750 0.703125
f 126/376/126 95/284/95 148/444/148
vt 0.109375 0.445313
vt 0.183594 0.445313
vt 0.183594 0.406250
f 244/730/244 249/746/249 247/741/247
vt 0.726563 0.511719
vt 0.792969 0.546875
vt 0.792969 0.515625
f 29/85/29 22/65/22 21/63/21
vt 0.429688 0.546875
vt 0.460938 0.507813
vt 0.441406 0.507813
f 176/526/176 178/533/178 225/675/225
vt 0.429688 0.546875
vt 0.441406 0.507813
vt 0.414063 0.536658
f 176/526/176 225/674/225 236/708/236
vt 0.414063 0.536658
vt 0.414063 0.558594
vt 0.429688 0.546875
f 236/706/236 155/464/155 176/528/176
vt 0.414063 0.558594
vt 0.257813 0.566406
vt 0.214844 0.585938
f 155/463/155 232/695/232 229/687/229
vt 0.140625 0.800781
vt 0.105469 0.808594
vt 0.121094 0.812500
f 154/460/154 153/458/153 258/774/258
vt 0.140625 0.800781
vt 0.121094 0.812500
vt 0.171875 0.808594
f 154/460/154 258/773/258 169/507/169
vt 0.550781 0.406250
vt 0.570313 0.445313
vt 0.570313 0.406250
f 67/199/67 78/233/78 77/231/77
vt 0.878906 0.394531
vt 0.996094 0.394531
vt 0.996094 0.328125
f 31/91/31 34/101/34 37/111/37
vt 0.878906 0.394531
vt 0.996094 0.328125
vt 0.882813 0.328125
f 31/91/31 37/110/37 32/96/32
vt 0.058594 0.859375
vt 0.109375 0.851563
vt 0.109375 0.847656
f 256/766/256 255/764/255 258/774/258
vt 0.058594 0.859375
vt 0.109375 0.847656
vt 0.058594 0.851563
f 256/766/256 258/773/258 153/459/153
vt 0.023438 0.878906
vt 0.058594 0.859375
vt 0.058594 0.851563
f 231/691/231 256/767/256 153/459/153
vt 0.023438 0.878906
vt 0.058594 0.851563
vt 0.019531 0.867188
f 231/691/231 153/458/153 156/468/156
vt 0.011719 0.925781
vt 0.050781 0.886719
vt 0.023438 0.878906
f 164/490/164 168/503/168 231/693/231
vt 0.109375 0.851563
vt 0.050781 0.886719
vt 0.066406 0.890625
f 255/763/255 168/503/168 167/501/167
vt 0.886719 0.449219
vt 0.898438 0.488281
vt 0.785156 0.476563
f 259/775/259 260/779/260 261/783/261
vt 0.886719 0.449219
vt 0.785156 0.476563
vt 0.750000 0.449219
f 259/775/259 261/782/261 262/786/262
vt 0.878906 0.402344
vt 0.886719 0.449219
vt 0.750000 0.449219
f 263/787/263 259/776/259 262/786/262
vt 0.878906 0.402344
vt 0.750000 0.449219
vt 0.722656 0.402344
f 263/787/263 262/785/262 264/792/264
vt 0.996094 0.449219
vt 0.996094 0.488281
vt 0.898438 0.488281
f 8/22/8 7/20/7 260/780/260
vt 0.996094 0.449219
vt 0.898438 0.488281
vt 0.886719 0.449219
f 8/22/8 260/779/260 259/777/259
vt 0.996094 0.402344
vt 0.996094 0.449219
vt 0.886719 0.449219
f 9/25/9 8/23/8 259/777/259
vt 0.996094 0.402344
vt 0.886719 0.449219
vt 0.878906 0.402344
f 9/25/9 259/776/259 263/789/263
vt 0.707031 0.484375
vt 0.703125 0.476563
vt 0.785156 0.476563
f 265/793/265 266/797/266 261/783/261
vt 0.707031 0.484375
vt 0.785156 0.476563
vt 0.789063 0.484375
f 265/793/265 261/782/261 267/801/267
vt 0.703125 0.476563
vt 0.707031 0.484375
vt 0.621094 0.484375
f 266/796/266 265/794/265 268/804/268
vt 0.703125 0.476563
vt 0.621094 0.484375
vt 0.621094 0.480469
f 266/796/266 268/803/268 269/807/269
vt 0.996094 0.496094
vt 0.995336 0.523893
vt 0.921117 0.523893
f 15/43/15 18/53/18 270/810/270
vt 0.996094 0.496094
vt 0.921117 0.523893
vt 0.902344 0.496094
f 15/43/15 270/809/270 271/813/271
vt 0.995336 0.523893
vt 0.996094 0.543424
vt 0.921875 0.543424
f 18/52/18 20/59/20 272/816/272
vt 0.995336 0.523893
vt 0.921875 0.543424
vt 0.921117 0.523893
f 18/52/18 272/815/272 270/810/270
vt 0.902344 0.496094
vt 0.921117 0.523893
vt 0.792969 0.515625
f 271/811/271 270/809/270 273/819/273
vt 0.902344 0.496094
vt 0.792969 0.515625
vt 0.789063 0.484375
f 271/811/271 273/818/273 267/801/267
vt 0.921117 0.523893
vt 0.921875 0.543424
vt 0.792969 0.543605
f 270/808/270 272/815/272 274/822/274
vt 0.921117 0.523893
vt 0.792969 0.543605
vt 0.792969 0.515625
f 270/808/270 274/821/274 273/819/273
vt 0.640625 0.523438
vt 0.707031 0.582031
vt 0.613281 0.574219
f 275/823/275 276/827/276 277/831/277
vt 0.640625 0.523438
vt 0.613281 0.574219
vt 0.574219 0.542969
f 275/823/275 277/830/277 278/834/278
vt 0.574219 0.542969
vt 0.558594 0.488281
vt 0.621094 0.484375
f 278/832/278 279/836/279 268/804/268
vt 0.574219 0.542969
vt 0.621094 0.484375
vt 0.640625 0.523438
f 278/832/278 268/803/268 275/825/275
vt 0.707031 0.582031
vt 0.640625 0.523438
vt 0.726563 0.511719
f 276/826/276 275/824/275 280/840/280
vt 0.707031 0.582031
vt 0.726563 0.511719
vt 0.781250 0.566406
f 276/826/276 280/839/280 281/843/281
vt 0.707031 0.484375
vt 0.726563 0.511719
vt 0.640625 0.523438
f 265/793/265 280/839/280 275/825/275
vt 0.707031 0.484375
vt 0.640625 0.523438
vt 0.621094 0.484375
f 265/793/265 275/824/275 268/804/268
vt 0.781250 0.566406
vt 0.726563 0.511719
vt 0.792969 0.546875
f 281/841/281 280/839/280 274/822/274
vt 0.726563 0.511719
vt 0.707031 0.484375
vt 0.789063 0.484375
f 280/838/280 265/794/265 267/801/267
vt 0.726563 0.511719
vt 0.789063 0.484375
vt 0.792969 0.515625
f 280/838/280 267/800/267 273/819/273
vt 0.996094 0.488281
vt 0.996094 0.496094
vt 0.902344 0.496094
f 7/19/7 15/44/15 271/813/271
vt 0.996094 0.488281
vt 0.902344 0.496094
vt 0.898438 0.488281
f 7/19/7 271/812/271 260/780/260
vt 0.789063 0.484375
vt 0.785156 0.476563
vt 0.898438 0.488281
f 267/799/267 261/782/261 260/780/260
vt 0.789063 0.484375
vt 0.898438 0.488281
vt 0.902344 0.496094
f 267/799/267 260/779/260 271/813/271
vt 0.753906 0.394531
vt 0.765625 0.328125
vt 0.882813 0.328125
f 282/844/282 283/848/283 284/852/284
vt 0.753906 0.394531
vt 0.882813 0.328125
vt 0.878906 0.394531
f 282/844/282 284/851/284 285/855/285
vt 0.722656 0.402344
vt 0.753906 0.394531
vt 0.878906 0.394531
f 264/790/264 282/845/282 285/855/285
vt 0.722656 0.402344
vt 0.878906 0.394531
vt 0.878906 0.402344
f 264/790/264 285/854/285 263/789/263
vt 0.996094 0.394531
vt 0.996094 0.402344
vt 0.878906 0.402344
f 34/100/34 9/26/9 263/789/263
vt 0.996094 0.394531
vt 0.878906 0.402344
vt 0.878906 0.394531
f 34/100/34 263/788/263 285/855/285
vt 0.882813 0.320313
vt 0.882813 0.328125
vt 0.765625 0.328125
f 286/856/286 284/851/284 283/849/283
vt 0.882813 0.320313
vt 0.765625 0.328125
vt 0.765625 0.320313
f 286/856/286 283/848/283 287/861/287
vt 0.996094 0.320313
vt 0.996094 0.328125
vt 0.882813 0.328125
f 38/112/38 37/110/37 284/852/284
vt 0.996094 0.320313
vt 0.882813 0.328125
vt 0.882813 0.320313
f 38/112/38 284/851/284 286/858/286
vt 0.621094 0.480469
vt 0.558594 0.488281
vt 0.558594 0.453125
f 269/805/269 279/836/279 288/864/288
vt 0.621094 0.480469
vt 0.558594 0.453125
vt 0.609375 0.460938
f 269/805/269 288/863/288 289/867/289
vt 0.996094 0.320313
vt 0.882813 0.320313
vt 0.890625 0.292969
f 38/112/38 286/857/286 290/870/290
vt 0.996094 0.320313
vt 0.890625 0.292969
vt 0.996094 0.292969
f 38/112/38 290/869/290 41/123/41
vt 0.882813 0.320313
vt 0.765625 0.320313
vt 0.777344 0.292969
f 286/856/286 287/860/287 291/873/291
vt 0.882813 0.320313
vt 0.777344 0.292969
vt 0.890625 0.292969
f 286/856/286 291/872/291 290/870/290
vt 0.738281 0.375000
vt 0.753906 0.394531
vt 0.722656 0.402344
f 292/874/292 282/845/282 264/792/264
vt 0.738281 0.375000
vt 0.722656 0.402344
vt 0.722656 0.367188
f 292/874/292 264/791/264 293/879/293
vt 0.746094 0.343750
vt 0.738281 0.375000
vt 0.722656 0.367188
f 294/880/294 292/875/292 293/879/293
vt 0.746094 0.343750
vt 0.722656 0.367188
vt 0.742188 0.328125
f 294/880/294 293/878/293 295/885/295
vt 0.765625 0.328125
vt 0.746094 0.343750
vt 0.742188 0.328125
f 283/847/283 294/881/294 295/885/295
vt 0.765625 0.328125
vt 0.742188 0.328125
vt 0.765625 0.320313
f 283/847/283 295/884/295 287/861/287
vt 0.957031 0.621094
vt 0.957031 0.632813
vt 0.902344 0.632813
f 296/886/296 297/890/297 298/894/298
vt 0.957031 0.621094
vt 0.902344 0.632813
vt 0.898438 0.621094
f 296/886/296 298/893/298 299/897/299
vt 0.957031 0.632813
vt 0.957031 0.621094
vt 1.000000 0.621094
f 297/889/297 296/887/296 300/900/300
vt 0.957031 0.632813
vt 1.000000 0.621094
vt 1.000000 0.632813
f 297/889/297 300/899/300 301/903/301
vt 0.777344 0.292969
vt 0.777344 0.253906
vt 0.890625 0.253906
f 291/871/291 302/905/302 303/909/303
vt 0.777344 0.292969
vt 0.890625 0.253906
vt 0.890625 0.292969
f 291/871/291 303/908/303 290/870/290
vt 0.996094 0.253906
vt 0.996094 0.292969
vt 0.890625 0.292969
f 56/166/56 41/122/41 290/870/290
vt 0.996094 0.253906
vt 0.890625 0.292969
vt 0.890625 0.253906
f 56/166/56 290/869/290 303/909/303
vt 0.722656 0.402344
vt 0.695313 0.402344
vt 0.699219 0.367188
f 264/790/264 304/911/304 305/915/305
vt 0.722656 0.402344
vt 0.699219 0.367188
vt 0.722656 0.367188
f 264/790/264 305/914/305 293/879/293
vt 0.902344 0.648438
vt 0.902344 0.632813
vt 0.957031 0.632813
f 306/916/306 298/893/298 297/891/297
vt 0.902344 0.648438
vt 0.957031 0.632813
vt 0.957031 0.648438
f 306/916/306 297/890/297 307/921/307
vt 0.957031 0.648438
vt 0.957031 0.632813
vt 1.000000 0.632813
f 307/919/307 297/890/297 301/903/301
vt 0.957031 0.648438
vt 1.000000 0.632813
vt 1.000000 0.648438
f 307/919/307 301/902/301 308/924/308
vt 0.722656 0.367188
vt 0.699219 0.367188
vt 0.683594 0.328125
f 293/877/293 305/914/305 309/927/309
vt 0.722656 0.367188
vt 0.683594 0.328125
vt 0.742188 0.328125
f 293/877/293 309/926/309 295/885/295
vt 0.941406 0.683594
vt 0.925781 0.714844
vt 0.882813 0.718750
f 310/928/310 311/932/311 312/936/312
vt 0.941406 0.683594
vt 0.882813 0.718750
vt 0.902344 0.683594
f 310/928/310 312/935/312 313/939/313
vt 0.902344 0.683594
vt 0.902344 0.648438
vt 0.957031 0.648438
f 313/937/313 306/917/306 307/921/307
vt 0.902344 0.683594
vt 0.957031 0.648438
vt 0.941406 0.683594
f 313/937/313 307/920/307 310/930/310
vt 0.925781 0.714844
vt 0.941406 0.683594
vt 0.980469 0.679688
f 311/931/311 310/929/310 314/942/314
vt 0.925781 0.714844
vt 0.980469 0.679688
vt 0.960938 0.718750
f 311/931/311 314/941/314 279/837/279
vt 0.957031 0.648438
vt 1.000000 0.648438
vt 0.988281 0.660156
f 307/919/307 308/923/308 315/945/315
vt 0.730469 0.785156
vt 0.773438 0.820313
vt 0.675781 0.828125
f 316/946/316 317/950/317 318/954/318
vt 0.730469 0.785156
vt 0.675781 0.828125
vt 0.644531 0.785156
f 316/946/316 318/953/318 319/957/319
vt 0.773438 0.820313
vt 0.730469 0.785156
vt 0.820313 0.781250
f 317/949/317 316/947/316 320/960/320
vt 0.773438 0.820313
vt 0.820313 0.781250
vt 0.871094 0.835938
f 317/949/317 320/959/320 321/963/321
vt 0.570313 0.406250
vt 0.648438 0.406250
vt 0.644531 0.441406
f 322/964/322 323/968/323 324/972/324
vt 0.570313 0.406250
vt 0.644531 0.441406
vt 0.570313 0.445313
f 322/964/322 324/971/324 325/975/325
vt 0.683594 0.328125
vt 0.699219 0.367188
vt 0.660156 0.347656
f 309/925/309 305/914/305 326/978/326
vt 0.601563 0.347656
vt 0.660156 0.347656
vt 0.648438 0.402344
f 327/979/327 326/977/326 328/984/328
vt 0.601563 0.347656
vt 0.648438 0.402344
vt 0.589844 0.402344
f 327/979/327 328/983/328 329/987/329
vt 0.648438 0.406250
vt 0.570313 0.406250
vt 0.589844 0.402344
f 323/967/323 322/965/322 329/987/329
vt 0.648438 0.406250
vt 0.589844 0.402344
vt 0.648438 0.402344
f 323/967/323 329/986/329 328/984/328
vt 0.683594 0.328125
vt 0.660156 0.347656
vt 0.601563 0.347656
f 309/925/309 326/977/326 327/981/327
vt 0.683594 0.328125
vt 0.601563 0.347656
vt 0.644531 0.320313
f 309/925/309 327/980/327 308/924/308
vt 0.609375 0.460938
vt 0.609375 0.453125
vt 0.644531 0.441406
f 289/865/289 330/989/330 324/972/324
vt 0.609375 0.460938
vt 0.644531 0.441406
vt 0.675781 0.453125
f 289/865/289 324/971/324 331/993/331
vt 0.644531 0.441406
vt 0.609375 0.453125
vt 0.570313 0.445313
f 324/970/324 330/989/330 325/975/325
vt 0.609375 0.453125
vt 0.609375 0.460938
vt 0.558594 0.453125
f 330/988/330 289/866/289 288/864/288
vt 0.609375 0.453125
vt 0.558594 0.453125
vt 0.570313 0.445313
f 330/988/330 288/863/288 325/975/325
vt 0.570313 0.445313
vt 0.558594 0.453125
vt 0.550781 0.406250
f 325/973/325 288/863/288 314/942/314
vt 0.730469 0.773438
vt 0.730469 0.785156
vt 0.644531 0.785156
f 332/994/332 316/947/316 319/957/319
vt 0.730469 0.773438
vt 0.644531 0.785156
vt 0.648438 0.777344
f 332/994/332 319/956/319 333/999/333
vt 0.730469 0.765625
vt 0.730469 0.773438
vt 0.648438 0.777344
f 334/1000/334 332/995/332 333/999/333
vt 0.730469 0.765625
vt 0.648438 0.777344
vt 0.656250 0.765625
f 334/1000/334 333/998/333 335/1005/335
vt 0.730469 0.785156
vt 0.730469 0.773438
vt 0.820313 0.769531
f 316/946/316 332/995/332 336/1008/336
vt 0.730469 0.785156
vt 0.820313 0.769531
vt 0.820313 0.781250
f 316/946/316 336/1007/336 320/960/320
vt 0.730469 0.773438
vt 0.730469 0.765625
vt 0.820313 0.765625
f 332/994/332 334/1001/334 337/1011/337
vt 0.730469 0.773438
vt 0.820313 0.765625
vt 0.820313 0.769531
f 332/994/332 337/1010/337 336/1008/336
vt 0.589844 0.402344
vt 0.550781 0.406250
vt 0.601563 0.347656
f 329/985/329 314/941/314 327/981/327
vt 0.960938 0.718750
vt 0.957031 0.746094
vt 0.886719 0.757813
f 279/835/279 278/833/278 338/1014/338
vt 0.960938 0.718750
vt 0.886719 0.757813
vt 0.886719 0.746094
f 279/835/279 338/1013/338 339/1017/339
vt 0.957031 0.746094
vt 0.945836 0.859257
vt 0.890625 0.773438
f 278/832/278 277/830/277 340/1020/340
vt 0.957031 0.746094
vt 0.890625 0.773438
vt 0.886719 0.757813
f 278/832/278 340/1019/340 338/1014/338
vt 0.820313 0.769531
vt 0.820313 0.765625
vt 0.886719 0.746094
f 336/1006/336 337/1010/337 339/1017/339
vt 0.820313 0.769531
vt 0.886719 0.746094
vt 0.886719 0.757813
f 336/1006/336 339/1016/339 338/1014/338
vt 0.820313 0.781250
vt 0.820313 0.769531
vt 0.886719 0.757813
f 320/958/320 336/1007/336 338/1014/338
vt 0.820313 0.781250
vt 0.886719 0.757813
vt 0.890625 0.773438
f 320/958/320 338/1013/338 340/1020/340
vt 0.960938 0.718750
vt 0.886719 0.746094
vt 0.882813 0.734375
f 279/835/279 339/1016/339 341/1023/341
vt 0.960938 0.718750
vt 0.882813 0.734375
vt 0.925781 0.714844
f 279/835/279 341/1022/341 311/933/311
vt 0.925781 0.714844
vt 0.882813 0.734375
vt 0.882813 0.718750
f 311/931/311 341/1022/341 312/936/312
vt 0.355469 0.703125
vt 0.359375 0.695313
vt 0.503906 0.695313
f 342/1024/342 343/1028/343 344/1032/344
vt 0.363281 0.679688
vt 0.382813 0.660156
vt 0.503906 0.656250
f 345/1033/345 346/1037/346 347/1041/347
vt 0.503906 0.695313
vt 0.503906 0.656250
vt 0.640625 0.648438
f 344/1030/344 347/1040/347 348/1044/348
vt 0.503906 0.695313
vt 0.640625 0.648438
vt 0.656250 0.691406
f 344/1030/344 348/1043/348 349/1047/349
vt 0.757813 0.730469
vt 0.730469 0.765625
vt 0.710938 0.730469
f 350/1048/350 334/1001/334 351/1053/351
vt 0.730469 0.765625
vt 0.656250 0.765625
vt 0.660156 0.730469
f 334/1000/334 335/1004/335 352/1056/352
vt 0.730469 0.765625
vt 0.660156 0.730469
vt 0.710938 0.730469
f 334/1000/334 352/1055/352 351/1053/351
vt 0.757813 0.730469
vt 0.710938 0.730469
vt 0.691406 0.691406
f 350/1048/350 351/1052/351 353/1059/353
vt 0.757813 0.730469
vt 0.691406 0.691406
vt 0.730469 0.691406
f 350/1048/350 353/1058/353 354/1062/354
vt 0.656250 0.691406
vt 0.691406 0.691406
vt 0.710938 0.730469
f 349/1045/349 353/1058/353 351/1053/351
vt 0.656250 0.691406
vt 0.710938 0.730469
vt 0.660156 0.730469
f 349/1045/349 351/1052/351 352/1056/352
vt 0.656250 0.691406
vt 0.640625 0.648438
vt 0.679688 0.648438
f 349/1045/349 348/1043/348 355/1065/355
vt 0.656250 0.691406
vt 0.679688 0.648438
vt 0.691406 0.691406
f 349/1045/349 355/1064/355 353/1059/353
vt 0.691406 0.691406
vt 0.679688 0.648438
vt 0.718750 0.648438
f 353/1057/353 355/1064/355 356/1068/356
vt 0.691406 0.691406
vt 0.718750 0.648438
vt 0.730469 0.691406
f 353/1057/353 356/1067/356 354/1062/354
vt 0.464844 0.625000
vt 0.500000 0.648438
vt 0.363281 0.648438
f 357/1069/357 358/1073/358 359/1077/359
vt 0.464844 0.625000
vt 0.363281 0.648438
vt 0.296875 0.625000
f 357/1069/357 359/1076/359 360/1080/360
vt 0.500000 0.648438
vt 0.464844 0.625000
vt 0.636719 0.625000
f 358/1072/358 357/1070/357 361/1083/361
vt 0.500000 0.648438
vt 0.636719 0.625000
vt 0.640625 0.648438
f 358/1072/358 361/1082/361 348/1044/348
vt 0.640625 0.648438
vt 0.636719 0.625000
vt 0.664063 0.625000
f 348/1042/348 361/1082/361 362/1086/362
vt 0.640625 0.648438
vt 0.664063 0.625000
vt 0.679688 0.648438
f 348/1042/348 362/1085/362 355/1065/355
vt 0.679688 0.648438
vt 0.664063 0.625000
vt 0.691406 0.625000
f 355/1063/355 362/1085/362 363/1089/363
vt 0.679688 0.648438
vt 0.691406 0.625000
vt 0.718750 0.648438
f 355/1063/355 363/1088/363 356/1068/356
vt 0.707031 0.878906
vt 0.714844 0.878906
vt 0.730469 0.921875
f 364/1090/364 365/1094/365 366/1098/366
vt 0.707031 0.878906
vt 0.730469 0.921875
vt 0.722656 0.921875
f 364/1090/364 366/1097/366 367/1101/367
vt 0.736829 0.998876
vt 0.730469 1.000000
vt 0.722656 0.921875
f 122/364/122 121/362/121 367/1101/367
vt 0.736829 0.998876
vt 0.722656 0.921875
vt 0.730469 0.921875
f 122/364/122 367/1100/367 366/1098/366
vt 0.500000 0.730469
vt 0.500000 0.769531
vt 0.343750 0.777344
f 368/1102/368 369/1106/369 370/1110/370
vt 0.500000 0.730469
vt 0.343750 0.777344
vt 0.343750 0.734375
f 368/1102/368 370/1109/370 371/1113/371
vt 0.343750 0.734375
vt 0.355469 0.703125
vt 0.503906 0.695313
f 371/1111/371 342/1025/342 344/1032/344
vt 0.343750 0.734375
vt 0.503906 0.695313
vt 0.500000 0.730469
f 371/1111/371 344/1031/344 368/1104/368
vt 0.660156 0.730469
vt 0.656250 0.765625
vt 0.500000 0.769531
f 352/1054/352 335/1004/335 369/1107/369
vt 0.660156 0.730469
vt 0.500000 0.769531
vt 0.500000 0.730469
f 352/1054/352 369/1106/369 368/1104/368
vt 0.500000 0.730469
vt 0.503906 0.695313
vt 0.656250 0.691406
f 368/1102/368 344/1031/344 349/1047/349
vt 0.500000 0.730469
vt 0.656250 0.691406
vt 0.660156 0.730469
f 368/1102/368 349/1046/349 352/1056/352
vt 0.109375 0.324219
vt 0.003906 0.324219
vt 0.003906 0.304688
f 372/1114/372 128/383/128 127/381/127
vt 0.109375 0.324219
vt 0.003906 0.304688
vt 0.140625 0.308594
f 372/1114/372 127/380/127 373/1119/373
vt 0.230469 0.324219
vt 0.109375 0.324219
vt 0.140625 0.308594
f 374/1120/374 372/1115/372 373/1119/373
vt 0.230469 0.324219
vt 0.140625 0.308594
vt 0.277344 0.308594
f 374/1120/374 373/1118/373 375/1125/375
vt 0.347656 0.324219
vt 0.230469 0.324219
vt 0.277344 0.308594
f 376/1126/376 374/1121/374 375/1125/375
vt 0.347656 0.324219
vt 0.277344 0.308594
vt 0.417969 0.308594
f 376/1126/376 375/1124/375 377/1131/377
vt 0.417969 0.308594
vt 0.457031 0.324219
vt 0.347656 0.324219
f 377/1129/377 378/1133/378 376/1128/376
vt 0.046875 0.687500
vt 0.035156 0.667969
vt 0.078125 0.687500
f 378/1132/378 377/1130/377 379/1137/379
vt 0.003906 0.363281
vt 0.003906 0.324219
vt 0.109375 0.324219
f 137/409/137 128/383/128 372/1116/372
vt 0.003906 0.363281
vt 0.109375 0.324219
vt 0.109375 0.363281
f 137/409/137 372/1115/372 380/1140/380
vt 0.500000 0.648438
vt 0.503906 0.656250
vt 0.382813 0.660156
f 358/1072/358 347/1040/347 346/1038/346
vt 0.500000 0.648438
vt 0.382813 0.660156
vt 0.375000 0.656250
f 358/1072/358 346/1037/346 381/1143/381
vt 0.503906 0.656250
vt 0.500000 0.648438
vt 0.640625 0.648438
f 347/1039/347 358/1073/358 348/1044/348
vt 0.500000 0.781250
vt 0.496094 0.789063
vt 0.355469 0.792969
f 382/1144/382 383/1148/383 384/1152/384
vt 0.500000 0.781250
vt 0.355469 0.792969
vt 0.351563 0.785156
f 382/1144/382 384/1151/384 385/1155/385
vt 0.351563 0.785156
vt 0.343750 0.777344
vt 0.500000 0.769531
f 385/1153/385 370/1109/370 369/1107/369
vt 0.351563 0.785156
vt 0.500000 0.769531
vt 0.500000 0.781250
f 385/1153/385 369/1106/369 382/1146/382
vt 0.648438 0.777344
vt 0.644531 0.785156
vt 0.496094 0.789063
f 333/997/333 319/956/319 383/1149/383
vt 0.648438 0.777344
vt 0.496094 0.789063
vt 0.500000 0.781250
f 333/997/333 383/1148/383 382/1146/382
vt 0.656250 0.765625
vt 0.648438 0.777344
vt 0.500000 0.781250
f 335/1003/335 333/998/333 382/1146/382
vt 0.656250 0.765625
vt 0.500000 0.781250
vt 0.500000 0.769531
f 335/1003/335 382/1145/382 369/1107/369
vt 0.347656 0.675781
vt 0.332031 0.675781
vt 0.363281 0.648438
f 386/1156/386 387/1160/387 359/1077/359
vt 0.347656 0.675781
vt 0.363281 0.648438
vt 0.375000 0.656250
f 386/1156/386 359/1076/359 381/1143/381
vt 0.363281 0.679688
vt 0.347656 0.675781
vt 0.375000 0.656250
f 345/1033/345 386/1157/386 381/1143/381
vt 0.363281 0.679688
vt 0.375000 0.656250
vt 0.382813 0.660156
f 345/1033/345 381/1142/381 346/1038/346
vt 0.343750 0.703125
vt 0.332031 0.699219
vt 0.328125 0.691406
f 388/1162/388 389/1166/389 390/1170/390
vt 0.343750 0.703125
vt 0.328125 0.691406
vt 0.343750 0.695313
f 388/1162/388 390/1169/390 391/1173/391
vt 0.355469 0.703125
vt 0.343750 0.703125
vt 0.343750 0.695313
f 342/1024/342 388/1163/388 391/1173/391
vt 0.355469 0.703125
vt 0.343750 0.695313
vt 0.359375 0.695313
f 342/1024/342 391/1172/391 343/1029/343
vt 0.359375 0.800781
vt 0.355469 0.792969
vt 0.496094 0.789063
f 392/1174/392 384/1151/384 383/1149/383
vt 0.359375 0.800781
vt 0.496094 0.789063
vt 0.492188 0.796875
f 392/1174/392 383/1148/383 393/1179/393
vt 0.644531 0.785156
vt 0.628906 0.796875
vt 0.492188 0.796875
f 319/955/319 394/1181/394 393/1179/393
vt 0.644531 0.785156
vt 0.492188 0.796875
vt 0.496094 0.789063
f 319/955/319 393/1178/393 383/1149/383
vt 0.105469 0.808594
vt 0.073330 0.808594
vt 0.065518 0.804688
f 395/1183/395 396/1187/396 397/1191/397
vt 0.105469 0.808594
vt 0.065518 0.804688
vt 0.140625 0.800781
f 395/1183/395 397/1190/397 398/1194/398
vt 0.343750 0.734375
vt 0.281250 0.718750
vt 0.343750 0.703125
f 371/1111/371 399/1196/399 388/1164/388
vt 0.070313 0.992188
vt 0.050781 0.992188
vt 0.050781 0.929688
f 158/472/158 161/482/161 400/1200/400
vt 0.070313 0.992188
vt 0.050781 0.929688
vt 0.070313 0.933594
f 158/472/158 400/1199/400 401/1203/401
vt 0.050781 0.992188
vt 0.031250 0.992188
vt 0.031250 0.929688
f 161/481/161 163/488/163 402/1206/402
vt 0.050781 0.992188
vt 0.031250 0.929688
vt 0.050781 0.929688
f 161/481/161 402/1205/402 400/1200/400
vt 0.031250 0.992188
vt 0.011719 0.992188
vt 0.011719 0.925781
f 163/487/163 165/494/165 403/1209/403
vt 0.031250 0.992188
vt 0.011719 0.925781
vt 0.031250 0.929688
f 163/487/163 403/1208/403 402/1206/402
vt 0.070313 0.933594
vt 0.050781 0.929688
vt 0.066406 0.890625
f 401/1201/401 400/1199/400 404/1212/404
vt 0.070313 0.933594
vt 0.066406 0.890625
vt 0.082031 0.894531
f 401/1201/401 404/1211/404 405/1215/405
vt 0.050781 0.929688
vt 0.031250 0.929688
vt 0.050781 0.886719
f 400/1198/400 402/1205/402 406/1218/406
vt 0.050781 0.929688
vt 0.050781 0.886719
vt 0.066406 0.890625
f 400/1198/400 406/1217/406 404/1212/404
vt 0.031250 0.929688
vt 0.011719 0.925781
vt 0.050781 0.886719
f 402/1204/402 403/1208/403 406/1218/406
vt 0.171875 0.808594
vt 0.140625 0.800781
vt 0.250000 0.800781
f 407/1219/407 398/1193/398 408/1224/408
vt 0.171875 0.808594
vt 0.250000 0.800781
vt 0.234375 0.808594
f 407/1219/407 408/1223/408 409/1227/409
vt 0.234375 0.808594
vt 0.250000 0.800781
vt 0.296875 0.808594
f 409/1225/409 408/1223/408 410/1230/410
vt 0.320313 0.675781
vt 0.332031 0.699219
vt 0.281250 0.718750
f 411/1231/411 389/1166/389 399/1197/399
vt 0.320313 0.675781
vt 0.281250 0.718750
vt 0.296875 0.675781
f 411/1231/411 399/1196/399 412/1236/412
vt 0.296875 0.675781
vt 0.296875 0.625000
vt 0.320313 0.675781
f 412/1234/412 360/1079/360 411/1233/411
vt 0.332031 0.699219
vt 0.320313 0.675781
vt 0.328125 0.691406
f 389/1165/389 411/1232/411 390/1170/390
vt 0.363281 0.648438
vt 0.332031 0.675781
vt 0.320313 0.675781
f 359/1075/359 387/1160/387 411/1233/411
vt 0.363281 0.648438
vt 0.320313 0.675781
vt 0.296875 0.625000
f 359/1075/359 411/1232/411 360/1080/360
vt 0.128906 0.796875
vt 0.140625 0.800781
vt 0.065518 0.804688
f 413/1237/413 398/1193/398 397/1191/397
vt 0.128906 0.796875
vt 0.065518 0.804688
vt 0.065518 0.796875
f 413/1237/413 397/1190/397 414/1242/414
vt 0.117188 0.781250
vt 0.128906 0.796875
vt 0.065518 0.796875
f 415/1243/415 413/1238/413 414/1242/414
vt 0.117188 0.781250
vt 0.065518 0.796875
vt 0.065518 0.781250
f 415/1243/415 414/1241/414 416/1248/416
vt 0.140625 0.800781
vt 0.128906 0.796875
vt 0.234375 0.796875
f 398/1192/398 413/1238/413 417/1251/417
vt 0.140625 0.800781
vt 0.234375 0.796875
vt 0.250000 0.800781
f 398/1192/398 417/1250/417 408/1224/408
vt 0.128906 0.796875
vt 0.117188 0.781250
vt 0.222656 0.781250
f 413/1237/413 415/1244/415 418/1254/418
vt 0.128906 0.796875
vt 0.222656 0.781250
vt 0.234375 0.796875
f 413/1237/413 418/1253/418 417/1251/417
vt 0.351563 0.785156
vt 0.355469 0.792969
vt 0.250000 0.800781
f 385/1153/385 384/1151/384 408/1224/408
vt 0.351563 0.785156
vt 0.250000 0.800781
vt 0.234375 0.796875
f 385/1153/385 408/1223/408 417/1251/417
vt 0.343750 0.777344
vt 0.351563 0.785156
vt 0.234375 0.796875
f 370/1108/370 385/1154/385 417/1251/417
vt 0.343750 0.777344
vt 0.234375 0.796875
vt 0.222656 0.781250
f 370/1108/370 417/1250/417 418/1254/418
vt 0.117188 0.753906
vt 0.117188 0.781250
vt 0.065518 0.781250
f 419/1255/419 415/1244/415 416/1248/416
vt 0.117188 0.753906
vt 0.065518 0.781250
vt 0.078125 0.753906
f 419/1255/419 416/1247/416 420/1260/420
vt 0.117188 0.781250
vt 0.117188 0.753906
vt 0.171875 0.753906
f 415/1243/415 419/1256/419 421/1263/421
vt 0.117188 0.781250
vt 0.171875 0.753906
vt 0.222656 0.781250
f 415/1243/415 421/1262/421 418/1254/418
vt 0.222656 0.781250
vt 0.171875 0.753906
vt 0.214844 0.753906
f 418/1252/418 421/1262/421 422/1266/422
vt 0.113281 0.730469
vt 0.117188 0.753906
vt 0.078125 0.753906
f 423/1267/423 419/1256/419 420/1260/420
vt 0.113281 0.730469
vt 0.078125 0.753906
vt 0.078125 0.730469
f 423/1267/423 420/1259/420 424/1272/424
vt 0.078125 0.730469
vt 0.078125 0.687500
vt 0.105469 0.687500
f 424/1270/424 379/1136/379 425/1275/425
vt 0.078125 0.730469
vt 0.105469 0.687500
vt 0.113281 0.730469
f 424/1270/424 425/1274/425 423/1269/423
vt 0.117188 0.753906
vt 0.113281 0.730469
vt 0.156250 0.730469
f 419/1255/419 423/1268/423 426/1278/426
vt 0.117188 0.753906
vt 0.156250 0.730469
vt 0.171875 0.753906
f 419/1255/419 426/1277/426 421/1263/421
vt 0.156250 0.730469
vt 0.113281 0.730469
vt 0.105469 0.687500
f 426/1276/426 423/1268/423 425/1275/425
vt 0.156250 0.730469
vt 0.105469 0.687500
vt 0.128906 0.687500
f 426/1276/426 425/1274/425 427/1281/427
vt 0.171875 0.753906
vt 0.156250 0.730469
vt 0.214844 0.753906
f 421/1261/421 426/1277/426 422/1266/422
vt 0.101563 0.656250
vt 0.105469 0.687500
vt 0.078125 0.687500
f 428/1282/428 425/1274/425 379/1137/379
vt 0.101563 0.656250
vt 0.078125 0.687500
vt 0.078125 0.656250
f 428/1282/428 379/1136/379 429/1287/429
vt 0.089844 0.636719
vt 0.101563 0.656250
vt 0.078125 0.656250
f 430/1288/430 428/1283/428 429/1287/429
vt 0.089844 0.636719
vt 0.078125 0.656250
vt 0.078125 0.636719
f 430/1288/430 429/1286/429 431/1293/431
vt 0.105469 0.687500
vt 0.101563 0.656250
vt 0.121094 0.656250
f 425/1273/425 428/1283/428 432/1296/432
vt 0.105469 0.687500
vt 0.121094 0.656250
vt 0.128906 0.687500
f 425/1273/425 432/1295/432 427/1281/427
vt 0.101563 0.656250
vt 0.089844 0.636719
vt 0.109375 0.636719
f 428/1282/428 430/1289/430 433/1299/433
vt 0.101563 0.656250
vt 0.109375 0.636719
vt 0.121094 0.656250
f 428/1282/428 433/1298/433 432/1296/432
vt 0.003906 0.472656
vt 0.003906 0.464844
vt 0.109375 0.464844
f 196/586/196 199/596/199 434/1302/434
vt 0.003906 0.472656
vt 0.109375 0.464844
vt 0.109375 0.472656
f 196/586/196 434/1301/434 435/1305/435
vt 0.109375 0.472656
vt 0.109375 0.464844
vt 0.234375 0.464844
f 435/1303/435 434/1301/434 436/1308/436
vt 0.109375 0.472656
vt 0.234375 0.464844
vt 0.226563 0.472656
f 435/1303/435 436/1307/436 437/1311/437
vt 0.226563 0.472656
vt 0.234375 0.464844
vt 0.355469 0.464844
f 437/1309/437 436/1307/436 438/1314/438
vt 0.226563 0.472656
vt 0.355469 0.464844
vt 0.335938 0.472656
f 437/1309/437 438/1313/438 439/1317/439
vt 0.335938 0.472656
vt 0.355469 0.464844
vt 0.457031 0.464844
f 439/1315/439 438/1313/438 440/1320/440
vt 0.335938 0.472656
vt 0.457031 0.464844
vt 0.437500 0.476563
f 439/1315/439 440/1319/440 441/1323/441
vt 0.359375 0.406250
vt 0.359375 0.453125
vt 0.265625 0.453125
f 442/1324/442 443/1328/443 444/1332/444
vt 0.359375 0.406250
vt 0.265625 0.453125
vt 0.265625 0.406250
f 442/1324/442 444/1331/444 445/1335/445
vt 0.265625 0.406250
vt 0.265625 0.363281
vt 0.355469 0.351563
f 445/1333/445 446/1337/446 447/1341/447
vt 0.265625 0.406250
vt 0.355469 0.351563
vt 0.359375 0.406250
f 445/1333/445 447/1340/447 442/1326/442
vt 0.359375 0.453125
vt 0.359375 0.406250
vt 0.457031 0.406250
f 443/1327/443 442/1325/442 448/1344/448
vt 0.359375 0.453125
vt 0.457031 0.406250
vt 0.457031 0.453125
f 443/1327/443 448/1343/448 449/1347/449
vt 0.457031 0.324219
vt 0.457031 0.406250
vt 0.359375 0.406250
f 378/1132/378 448/1343/448 442/1326/442
vt 0.457031 0.324219
vt 0.359375 0.406250
vt 0.355469 0.351563
f 378/1132/378 442/1325/442 447/1341/447
vt 0.078125 0.730469
vt 0.078125 0.753906
vt 0.046875 0.753906
f 424/1270/424 420/1259/420 449/1347/449
vt 0.078125 0.730469
vt 0.046875 0.753906
vt 0.046875 0.730469
f 424/1270/424 449/1346/449 448/1344/448
vt 0.046875 0.730469
vt 0.046875 0.687500
vt 0.078125 0.687500
f 448/1342/448 378/1133/378 379/1137/379
vt 0.046875 0.730469
vt 0.078125 0.687500
vt 0.078125 0.730469
f 448/1342/448 379/1136/379 424/1272/424
vt 0.003906 0.304688
vt 0.003906 0.289063
vt 0.136719 0.289063
f 127/379/127 215/644/215 450/1350/450
vt 0.003906 0.304688
vt 0.136719 0.289063
vt 0.140625 0.308594
f 127/379/127 450/1349/450 373/1119/373
vt 0.003906 0.289063
vt 0.003906 0.257813
vt 0.136719 0.257813
f 215/643/215 217/650/217 451/1353/451
vt 0.003906 0.289063
vt 0.136719 0.257813
vt 0.136719 0.289063
f 215/643/215 451/1352/451 450/1350/450
vt 0.140625 0.308594
vt 0.136719 0.289063
vt 0.273438 0.289063
f 373/1117/373 450/1349/450 452/1356/452
vt 0.140625 0.308594
vt 0.273438 0.289063
vt 0.277344 0.308594
f 373/1117/373 452/1355/452 375/1125/375
vt 0.136719 0.289063
vt 0.136719 0.257813
vt 0.269531 0.257813
f 450/1348/450 451/1352/451 453/1359/453
vt 0.136719 0.289063
vt 0.269531 0.257813
vt 0.273438 0.289063
f 450/1348/450 453/1358/453 452/1356/452
vt 0.277344 0.308594
vt 0.273438 0.289063
vt 0.406250 0.289063
f 375/1123/375 452/1355/452 454/1362/454
vt 0.277344 0.308594
vt 0.406250 0.289063
vt 0.417969 0.308594
f 375/1123/375 454/1361/454 377/1131/377
vt 0.273438 0.289063
vt 0.269531 0.257813
vt 0.406250 0.257813
f 452/1354/452 453/1358/453 455/1365/455
vt 0.273438 0.289063
vt 0.406250 0.257813
vt 0.406250 0.289063
f 452/1354/452 455/1364/455 454/1362/454
vt 0.078125 0.656250
vt 0.078125 0.687500
vt 0.035156 0.667969
f 429/1285/429 379/1136/379 377/1131/377
vt 0.078125 0.656250
vt 0.035156 0.667969
vt 0.035156 0.656250
f 429/1285/429 377/1130/377 454/1362/454
vt 0.078125 0.636719
vt 0.078125 0.656250
vt 0.035156 0.656250
f 431/1291/431 429/1286/429 454/1362/454
vt 0.078125 0.636719
vt 0.035156 0.656250
vt 0.035156 0.636719
f 431/1291/431 454/1361/454 455/1365/455
vt 0.003906 0.472656
vt 0.109375 0.472656
vt 0.152344 0.484375
f 196/586/196 435/1304/435 456/1368/456
vt 0.003906 0.472656
vt 0.152344 0.484375
vt 0.003906 0.480469
f 196/586/196 456/1367/456 222/666/222
vt 0.300781 0.484375
vt 0.226563 0.472656
vt 0.335938 0.472656
f 457/1369/457 437/1310/437 439/1317/439
vt 0.437500 0.476563
vt 0.460938 0.507813
vt 0.441406 0.507813
f 441/1321/441 416/1247/416 458/1374/458
vt 0.437500 0.476563
vt 0.441406 0.507813
vt 0.425781 0.484375
f 441/1321/441 458/1373/458 459/1377/459
vt 0.011719 0.992188
vt 0.003906 0.992188
vt 0.007813 0.921875
f 165/493/165 228/683/228 460/1380/460
vt 0.011719 0.992188
vt 0.007813 0.921875
vt 0.011719 0.925781
f 165/493/165 460/1379/460 403/1209/403
vt 0.003906 0.992188
vt 0.000000 0.992188
vt 0.003906 0.914063
f 228/682/228 230/689/230 461/1383/461
vt 0.003906 0.992188
vt 0.003906 0.914063
vt 0.007813 0.921875
f 228/682/228 461/1382/461 460/1380/460
vt 0.019531 0.867188
vt 0.023438 0.878906
vt 0.011719 0.925781
f 396/1186/396 462/1385/462 403/1209/403
vt 0.019531 0.867188
vt 0.011719 0.925781
vt 0.007813 0.921875
f 396/1186/396 403/1208/403 460/1380/460
vt 0.019531 0.867188
vt 0.007813 0.921875
vt 0.003906 0.914063
f 396/1186/396 460/1379/460 461/1383/461
vt 0.019531 0.867188
vt 0.003906 0.914063
vt 0.007813 0.871094
f 396/1186/396 461/1382/461 397/1191/397
vt 0.003906 0.593750
vt 0.003906 0.566406
vt 0.257813 0.566406
f 230/688/230 233/698/233 463/1389/463
vt 0.003906 0.593750
vt 0.257813 0.566406
vt 0.214844 0.585938
f 230/688/230 463/1388/463 461/1383/461
vt 0.003906 0.566406
vt 0.003906 0.535156
vt 0.146033 0.540564
f 233/697/233 235/704/235 464/1392/464
vt 0.277344 0.062500
vt 0.273438 0.007813
vt 0.468750 0.011719
f 463/1387/463 465/1394/465 466/1398/466
vt 0.277344 0.062500
vt 0.468750 0.011719
vt 0.466645 0.059523
f 463/1387/463 466/1397/466 397/1191/397
vt 0.414063 0.536658
vt 0.429688 0.546875
vt 0.414063 0.558594
f 466/1396/466 414/1241/414 397/1191/397
vt 0.144531 0.519531
vt 0.152344 0.484375
vt 0.300781 0.484375
f 467/1399/467 456/1367/456 457/1371/457
vt 0.144531 0.519531
vt 0.300781 0.484375
vt 0.300781 0.523438
f 467/1399/467 457/1370/457 468/1404/468
vt 0.300781 0.523438
vt 0.300781 0.484375
vt 0.425781 0.484375
f 468/1402/468 457/1370/457 459/1377/459
vt 0.300781 0.523438
vt 0.425781 0.484375
vt 0.441406 0.507813
f 468/1402/468 459/1376/459 458/1374/458
vt 0.003906 0.464844
vt 0.003906 0.453125
vt 0.109375 0.453125
f 199/595/199 241/722/241 469/1407/469
vt 0.003906 0.464844
vt 0.109375 0.453125
vt 0.109375 0.464844
f 199/595/199 469/1406/469 434/1302/434
vt 0.265625 0.453125
vt 0.234375 0.464844
vt 0.109375 0.464844
f 444/1330/444 436/1307/436 434/1302/434
vt 0.265625 0.453125
vt 0.109375 0.464844
vt 0.109375 0.453125
f 444/1330/444 434/1301/434 469/1407/469
vt 0.234375 0.464844
vt 0.265625 0.453125
vt 0.359375 0.453125
f 436/1306/436 444/1331/444 443/1329/443
vt 0.234375 0.464844
vt 0.359375 0.453125
vt 0.355469 0.464844
f 436/1306/436 443/1328/443 438/1314/438
vt 0.355469 0.464844
vt 0.359375 0.453125
vt 0.457031 0.453125
f 438/1312/438 443/1328/443 449/1347/449
vt 0.355469 0.464844
vt 0.457031 0.453125
vt 0.457031 0.464844
f 438/1312/438 449/1346/449 440/1320/440
vt 0.003906 0.535156
vt 0.003906 0.519531
vt 0.144531 0.519531
f 235/703/235 242/725/242 467/1401/467
vt 0.003906 0.535156
vt 0.144531 0.519531
vt 0.146033 0.540564
f 235/703/235 467/1400/467 464/1392/464
vt 0.003906 0.445313
vt 0.003906 0.371094
vt 0.109375 0.371094
f 243/727/243 246/737/246 470/1410/470
vt 0.003906 0.445313
vt 0.109375 0.371094
vt 0.109375 0.445313
f 243/727/243 470/1409/470 471/1413/471
vt 0.109375 0.445313
vt 0.109375 0.371094
vt 0.183594 0.371094
f 471/1411/471 470/1409/470 472/1416/472
vt 0.109375 0.445313
vt 0.183594 0.371094
vt 0.183594 0.406250
f 471/1411/471 472/1415/472 473/1419/473
vt 0.265625 0.406250
vt 0.265625 0.453125
vt 0.183594 0.445313
f 445/1333/445 444/1331/444 474/1422/474
vt 0.265625 0.406250
vt 0.183594 0.445313
vt 0.183594 0.406250
f 445/1333/445 474/1421/474 473/1419/473
vt 0.265625 0.363281
vt 0.265625 0.406250
vt 0.183594 0.406250
f 446/1336/446 445/1334/445 473/1419/473
vt 0.265625 0.363281
vt 0.183594 0.406250
vt 0.183594 0.371094
f 446/1336/446 473/1418/473 472/1416/472
vt 0.003906 0.519531
vt 0.003906 0.480469
vt 0.152344 0.484375
f 242/724/242 222/665/222 456/1368/456
vt 0.003906 0.519531
vt 0.152344 0.484375
vt 0.144531 0.519531
f 242/724/242 456/1367/456 467/1401/467
vt 0.146033 0.540564
vt 0.144531 0.519531
vt 0.300781 0.523438
f 464/1390/464 467/1400/467 468/1404/468
vt 0.146033 0.540564
vt 0.300781 0.523438
vt 0.301782 0.540564
f 464/1390/464 468/1403/468 465/1395/465
vt 0.441406 0.507813
vt 0.414063 0.536658
vt 0.301782 0.540564
f 458/1372/458 466/1397/466 465/1395/465
vt 0.441406 0.507813
vt 0.301782 0.540564
vt 0.300781 0.523438
f 458/1372/458 465/1394/465 468/1404/468
vt 0.003906 0.453125
vt 0.003906 0.445313
vt 0.109375 0.445313
f 241/721/241 243/728/243 471/1413/471
vt 0.003906 0.453125
vt 0.109375 0.445313
vt 0.109375 0.453125
f 241/721/241 471/1412/471 469/1407/469
vt 0.265625 0.453125
vt 0.109375 0.453125
vt 0.109375 0.445313
f 444/1330/444 469/1406/469 471/1413/471
vt 0.265625 0.453125
vt 0.109375 0.445313
vt 0.183594 0.445313
f 444/1330/444 471/1412/471 474/1422/474
vt 0.882813 0.734375
vt 0.820313 0.757813
vt 0.882813 0.718750
f 341/1021/341 475/1424/475 312/936/312
vt 0.886719 0.746094
vt 0.820313 0.765625
vt 0.820313 0.757813
f 339/1015/339 337/1010/337 475/1425/475
vt 0.886719 0.746094
vt 0.820313 0.757813
vt 0.882813 0.734375
f 339/1015/339 475/1424/475 341/1023/341
vt 0.714844 0.878906
vt 0.707031 0.878906
vt 0.691406 0.851563
f 365/1093/365 364/1091/364 476/1428/476
vt 0.714844 0.878906
vt 0.691406 0.851563
vt 0.699219 0.847656
f 365/1093/365 476/1427/476 477/1431/477
vt 0.699219 0.847656
vt 0.691406 0.851563
vt 0.675781 0.828125
f 477/1429/477 476/1427/476 318/954/318
vt 0.628906 0.796875
vt 0.644531 0.785156
vt 0.675781 0.828125
f 394/1180/394 319/956/319 318/954/318
vt 0.347656 0.800781
vt 0.355469 0.792969
vt 0.359375 0.800781
f 478/1432/478 384/1151/384 392/1176/392
vt 0.214844 0.753906
vt 0.281250 0.718750
vt 0.343750 0.734375
f 422/1264/422 399/1196/399 371/1113/371
vt 0.460938 0.507813
vt 0.437500 0.476563
vt 0.457031 0.464844
f 416/1246/416 441/1322/441 440/1320/440
vt 0.156250 0.855469
vt 0.082031 0.894531
vt 0.066406 0.890625
f 479/1435/479 405/1214/405 404/1212/404
vt 0.156250 0.855469
vt 0.066406 0.890625
vt 0.109375 0.851563
f 479/1435/479 404/1211/404 480/1440/480
vt 0.109375 0.851563
vt 0.050781 0.886719
vt 0.058594 0.859375
f 480/1438/480 406/1217/406 481/1443/481
vt 0.050781 0.886719
vt 0.023438 0.878906
vt 0.058594 0.859375
f 406/1216/406 462/1385/462 481/1443/481
vt 0.324219 0.804688
vt 0.355469 0.792969
vt 0.347656 0.800781
f 482/1444/482 384/1151/384 478/1434/478
vt 0.871094 0.835938
vt 0.820313 0.781250
vt 0.890625 0.773438
f 321/961/321 320/959/320 340/1020/340
vt 0.871094 0.835938
vt 0.890625 0.773438
vt 0.945836 0.859257
f 321/961/321 340/1019/340 277/831/277
vt 0.621094 0.484375
vt 0.558594 0.488281
vt 0.621094 0.480469
f 268/802/268 279/836/279 269/807/269
vt 0.753906 0.394531
vt 0.738281 0.375000
vt 0.746094 0.343750
f 282/844/282 292/875/292 294/882/294
vt 0.753906 0.394531
vt 0.746094 0.343750
vt 0.765625 0.328125
f 282/844/282 294/881/294 283/849/283
vt 0.765625 0.320313
vt 0.742188 0.328125
vt 0.683594 0.328125
f 287/859/287 295/884/295 309/927/309
vt 0.765625 0.320313
vt 0.683594 0.328125
vt 0.644531 0.320313
f 287/859/287 309/926/309 308/924/308
vt 0.699219 0.367188
vt 0.695313 0.402344
vt 0.648438 0.402344
f 305/913/305 304/911/304 328/984/328
vt 0.699219 0.367188
vt 0.648438 0.402344
vt 0.660156 0.347656
f 305/913/305 328/983/328 326/978/326
vt 0.648438 0.406250
vt 0.648438 0.402344
vt 0.695313 0.402344
f 323/967/323 328/983/328 304/912/304
vt 0.695313 0.402344
vt 0.675781 0.453125
vt 0.644531 0.441406
f 304/910/304 331/992/331 324/972/324
vt 0.695313 0.402344
vt 0.644531 0.441406
vt 0.648438 0.406250
f 304/910/304 324/971/324 323/969/323
vt 0.550781 0.406250
vt 0.585938 0.351563
vt 0.601563 0.347656
f 314/940/314 315/944/315 327/981/327
vt 0.570313 0.406250
vt 0.550781 0.406250
vt 0.589844 0.402344
f 322/964/322 314/941/314 329/987/329
vt 0.558594 0.453125
vt 0.558594 0.488281
vt 0.550781 0.406250
f 288/862/288 279/836/279 314/942/314
vt 0.941406 0.683594
vt 0.957031 0.648438
vt 0.988281 0.660156
f 310/928/310 307/920/307 315/945/315
vt 0.941406 0.683594
vt 0.988281 0.660156
vt 0.980469 0.679688
f 310/928/310 315/944/315 314/942/314
vt 0.585938 0.351563
vt 0.644531 0.320313
vt 0.601563 0.347656
f 315/943/315 308/923/308 327/981/327
vt 0.777344 0.292969
vt 0.644531 0.292969
vt 0.640625 0.253906
f 291/871/291 301/902/301 300/900/300
vt 0.777344 0.292969
vt 0.640625 0.253906
vt 0.777344 0.253906
f 291/871/291 300/899/300 302/906/302
vt 0.750000 0.449219
vt 0.675781 0.453125
vt 0.695313 0.402344
f 262/784/262 331/992/331 304/912/304
vt 0.750000 0.449219
vt 0.695313 0.402344
vt 0.722656 0.402344
f 262/784/262 304/911/304 264/792/264
vt 0.785156 0.476563
vt 0.703125 0.476563
vt 0.675781 0.453125
f 261/781/261 266/797/266 331/993/331
vt 0.785156 0.476563
vt 0.675781 0.453125
vt 0.750000 0.449219
f 261/781/261 331/992/331 262/786/262
vt 0.703125 0.476563
vt 0.621094 0.480469
vt 0.609375 0.460938
f 266/796/266 269/806/269 289/867/289
vt 0.703125 0.476563
vt 0.609375 0.460938
vt 0.675781 0.453125
f 266/796/266 289/866/289 331/993/331
vt 0.820313 0.765625
vt 0.730469 0.765625
vt 0.757813 0.730469
f 337/1009/337 334/1001/334 350/1050/350
vt 0.820313 0.765625
vt 0.757813 0.730469
vt 0.820313 0.757813
f 337/1009/337 350/1049/350 475/1425/475
vt 0.375000 0.656250
vt 0.363281 0.648438
vt 0.500000 0.648438
f 381/1141/381 359/1076/359 358/1074/358
vt 0.503906 0.656250
vt 0.503906 0.695313
vt 0.359375 0.695313
f 347/1039/347 344/1031/344 343/1029/343
vt 0.503906 0.656250
vt 0.359375 0.695313
vt 0.363281 0.679688
f 347/1039/347 343/1028/343 345/1035/345
vt 0.347656 0.675781
vt 0.363281 0.679688
vt 0.359375 0.695313
f 386/1156/386 345/1034/345 343/1029/343
vt 0.347656 0.675781
vt 0.359375 0.695313
vt 0.343750 0.695313
f 386/1156/386 343/1028/343 391/1173/391
vt 0.332031 0.675781
vt 0.347656 0.675781
vt 0.343750 0.695313
f 387/1159/387 386/1157/386 391/1173/391
vt 0.332031 0.675781
vt 0.343750 0.695313
vt 0.328125 0.691406
f 387/1159/387 391/1172/391 390/1170/390
vt 0.320313 0.675781
vt 0.332031 0.675781
vt 0.328125 0.691406
f 411/1231/411 387/1160/387 390/1170/390
vt 0.281250 0.718750
vt 0.332031 0.699219
vt 0.343750 0.703125
f 399/1195/399 389/1166/389 388/1164/388
vt 0.324219 0.804688
vt 0.296875 0.808594
vt 0.250000 0.800781
f 482/1444/482 410/1229/410 408/1224/408
vt 0.324219 0.804688
vt 0.250000 0.800781
vt 0.355469 0.792969
f 482/1444/482 408/1223/408 384/1152/384
vt 0.301782 0.540564
vt 0.257813 0.566406
vt 0.003906 0.566406
f 465/1393/465 463/1388/463 233/699/233
vt 0.301782 0.540564
vt 0.003906 0.566406
vt 0.146033 0.540564
f 465/1393/465 233/698/233 464/1392/464
vt 0.300781 0.484375
vt 0.335938 0.472656
vt 0.437500 0.476563
f 457/1369/457 439/1316/439 441/1323/441
vt 0.300781 0.484375
vt 0.437500 0.476563
vt 0.425781 0.484375
f 457/1369/457 441/1322/441 459/1377/459
vt 0.046875 0.753906
vt 0.078125 0.753906
vt 0.050781 0.765625
f 449/1345/449 420/1259/420 440/1320/440
vt 0.065518 0.781250
vt 0.050781 0.765625
vt 0.078125 0.753906
f 416/1246/416 440/1319/440 420/1260/420
vt 0.003906 0.371094
vt 0.003906 0.363281
vt 0.109375 0.363281
f 246/736/246 137/410/137 380/1140/380
vt 0.003906 0.371094
vt 0.109375 0.363281
vt 0.109375 0.371094
f 246/736/246 380/1139/380 470/1410/470
vt 0.109375 0.371094
vt 0.109375 0.363281
vt 0.265625 0.363281
f 470/1408/470 380/1139/380 446/1338/446
vt 0.109375 0.371094
vt 0.265625 0.363281
vt 0.183594 0.371094
f 470/1408/470 446/1337/446 472/1416/472
vt 0.109375 0.363281
vt 0.109375 0.324219
vt 0.230469 0.324219
f 380/1138/380 372/1115/372 374/1122/374
vt 0.109375 0.363281
vt 0.230469 0.324219
vt 0.265625 0.363281
f 380/1138/380 374/1121/374 446/1338/446
vt 0.265625 0.363281
vt 0.230469 0.324219
vt 0.347656 0.324219
f 446/1336/446 374/1121/374 376/1128/376
vt 0.265625 0.363281
vt 0.347656 0.324219
vt 0.355469 0.351563
f 446/1336/446 376/1127/376 447/1341/447
vt 0.347656 0.324219
vt 0.457031 0.324219
vt 0.355469 0.351563
f 376/1126/376 378/1133/378 447/1341/447
vt 0.343750 0.777344
vt 0.222656 0.781250
vt 0.214844 0.753906
f 370/1108/370 418/1253/418 422/1266/422
vt 0.343750 0.777344
vt 0.214844 0.753906
vt 0.343750 0.734375
f 370/1108/370 422/1265/422 371/1113/371
vt 0.152344 0.484375
vt 0.109375 0.472656
vt 0.226563 0.472656
f 456/1366/456 435/1304/435 437/1311/437
vt 0.152344 0.484375
vt 0.226563 0.472656
vt 0.300781 0.484375
f 456/1366/456 437/1310/437 457/1371/457
vt 0.765625 0.320313
vt 0.644531 0.320313
vt 0.644531 0.292969
f 287/859/287 308/923/308 301/903/301
vt 0.765625 0.320313
vt 0.644531 0.292969
vt 0.777344 0.292969
f 287/859/287 301/902/301 291/873/291
vt 0.343750 0.734375
vt 0.343750 0.703125
vt 0.355469 0.703125
f 371/1111/371 388/1163/388 342/1026/342
vt 0.109375 0.445313
vt 0.183594 0.406250
vt 0.183594 0.445313
f 471/1411/471 473/1418/473 474/1422/474
vt 0.726563 0.511719
vt 0.792969 0.515625
vt 0.792969 0.546875
f 280/838/280 273/818/273 274/822/274
vt 0.441406 0.507813
vt 0.460938 0.507813
vt 0.429688 0.546875
f 458/1372/458 416/1247/416 414/1242/414
vt 0.441406 0.507813
vt 0.429688 0.546875
vt 0.414063 0.536658
f 458/1372/458 414/1241/414 466/1398/466
vt 0.257813 0.566406
vt 0.414063 0.558594
vt 0.214844 0.585938
f 463/1387/463 397/1190/397 461/1383/461
vt 0.140625 0.800781
vt 0.171875 0.808594
vt 0.121094 0.812500
f 398/1192/398 407/1220/407 483/1449/483
vt 0.140625 0.800781
vt 0.121094 0.812500
vt 0.105469 0.808594
f 398/1192/398 483/1448/483 395/1185/395
vt 0.550781 0.406250
vt 0.570313 0.406250
vt 0.570313 0.445313
f 314/940/314 322/965/322 325/975/325
vt 0.996094 0.328125
vt 0.996094 0.394531
vt 0.878906 0.394531
f 37/109/37 34/101/34 285/855/285
vt 0.996094 0.328125
vt 0.878906 0.394531
vt 0.882813 0.328125
f 37/109/37 285/854/285 284/852/284
vt 0.058594 0.859375
vt 0.058594 0.851563
vt 0.109375 0.847656
f 481/1441/481 395/1184/395 483/1449/483
vt 0.058594 0.859375
vt 0.109375 0.847656
vt 0.109375 0.851563
f 481/1441/481 483/1448/483 480/1440/480
vt 0.023438 0.878906
vt 0.019531 0.867188
vt 0.058594 0.851563
f 462/1384/462 396/1187/396 395/1185/395
vt 0.023438 0.878906
vt 0.058594 0.851563
vt 0.058594 0.859375
f 462/1384/462 395/1184/395 481/1443/481
vt 0.011719 0.925781
vt 0.023438 0.878906
vt 0.050781 0.886719
f 403/1207/403 462/1385/462 406/1218/406
vt 0.109375 0.851563
vt 0.066406 0.890625
vt 0.050781 0.886719
f 480/1438/480 404/1211/404 406/1218/406
vt 0.835938 0.128906
vt 0.871094 0.125000
vt 0.871094 0.007813
f 112/334/112 114/341/114 361/1083/361
vt 0.835938 0.128906
vt 0.871094 0.007813
vt 0.835938 0.007813
f 112/334/112 361/1082/361 357/1071/357
vt 0.871094 0.125000
vt 0.882813 0.125000
vt 0.882813 0.007813
f 114/340/114 115/344/115 362/1086/362
vt 0.871094 0.125000
vt 0.882813 0.007813
vt 0.871094 0.007813
f 114/340/114 362/1085/362 361/1083/361
vt 0.894531 0.125000
vt 0.894531 0.109375
vt 0.882813 0.125000
f 116/346/116 484/1451/484 115/345/115
vt 0.894531 0.023438
vt 0.894531 0.007813
vt 0.882813 0.007813
f 485/1453/485 363/1088/363 362/1086/362
vt 0.894531 0.023438
vt 0.882813 0.007813
vt 0.882813 0.125000
f 485/1453/485 362/1085/362 115/345/115
vt 0.894531 0.023438
vt 0.882813 0.125000
vt 0.894531 0.109375
f 485/1453/485 115/344/115 484/1452/484
vt 0.937500 0.023438
vt 0.894531 0.023438
vt 0.894531 0.109375
f 486/1456/486 485/1454/485 484/1452/484
vt 0.937500 0.023438
vt 0.894531 0.109375
vt 0.937500 0.109375
f 486/1456/486 484/1451/484 487/1461/487
vt 0.800781 0.113281
vt 0.800781 0.128906
vt 0.835938 0.128906
f 488/1462/488 113/338/113 112/336/112
vt 0.800781 0.007813
vt 0.800781 0.023438
vt 0.835938 0.007813
f 360/1078/360 489/1466/489 357/1071/357
vt 0.800781 0.113281
vt 0.835938 0.128906
vt 0.835938 0.007813
f 488/1462/488 112/335/112 357/1071/357
vt 0.800781 0.113281
vt 0.835938 0.007813
vt 0.800781 0.023438
f 488/1462/488 357/1070/357 489/1467/489
vt 0.949219 0.011719
vt 0.937500 0.003906
vt 0.937500 0.023438
f 296/886/296 299/896/299 486/1458/486
vt 0.937500 0.128906
vt 0.949219 0.121094
vt 0.937500 0.109375
f 51/151/51 50/149/50 487/1461/487
vt 0.949219 0.011719
vt 0.937500 0.023438
vt 0.937500 0.109375
f 296/886/296 486/1457/486 487/1461/487
vt 0.949219 0.011719
vt 0.937500 0.109375
vt 0.949219 0.121094
f 296/886/296 487/1460/487 50/150/50
vt 0.949219 0.121094
vt 0.957031 0.113281
vt 0.957031 0.023438
f 50/148/50 53/158/53 300/900/300
vt 0.949219 0.121094
vt 0.957031 0.023438
vt 0.949219 0.011719
f 50/148/50 300/899/300 296/888/296
vt 0.957031 0.113281
vt 0.960938 0.093750
vt 0.960938 0.039063
f 53/157/53 55/164/55 302/906/302
vt 0.957031 0.113281
vt 0.960938 0.039063
vt 0.957031 0.023438
f 53/157/53 302/905/302 300/900/300
vt 0.960938 0.093750
vt 0.964844 0.082031
vt 0.964844 0.050781
f 55/163/55 54/161/54 303/909/303
vt 0.960938 0.093750
vt 0.964844 0.050781
vt 0.960938 0.039063
f 55/163/55 303/908/303 302/906/302
vt 0.800781 0.023438
vt 0.757813 0.023438
vt 0.757813 0.113281
f 489/1465/489 490/1469/490 491/1473/491
vt 0.800781 0.023438
vt 0.757813 0.113281
vt 0.800781 0.113281
f 489/1465/489 491/1472/491 488/1464/488
vt 0.746094 0.121094
vt 0.753906 0.125000
vt 0.757813 0.113281
f 192/574/192 195/584/195 491/1473/491
vt 0.753906 0.007813
vt 0.746094 0.011719
vt 0.757813 0.023438
f 433/1297/433 430/1289/430 490/1470/490
vt 0.757813 0.023438
vt 0.746094 0.011719
vt 0.746094 0.121094
f 490/1468/490 430/1289/430 192/576/192
vt 0.757813 0.023438
vt 0.746094 0.121094
vt 0.757813 0.113281
f 490/1468/490 192/575/192 491/1473/491
vt 0.742188 0.121094
vt 0.746094 0.121094
vt 0.746094 0.011719
f 193/577/193 192/575/192 430/1290/430
vt 0.742188 0.121094
vt 0.746094 0.011719
vt 0.742188 0.015625
f 193/577/193 430/1289/430 431/1293/431
vt 0.734375 0.109375
vt 0.742188 0.121094
vt 0.742188 0.015625
f 221/661/221 193/578/193 431/1293/431
vt 0.734375 0.109375
vt 0.742188 0.015625
vt 0.734375 0.023438
f 221/661/221 431/1292/431 455/1365/455
vt 0.730469 0.097656
vt 0.734375 0.109375
vt 0.734375 0.023438
f 219/655/219 221/662/221 455/1365/455
vt 0.730469 0.097656
vt 0.734375 0.023438
vt 0.730469 0.039063
f 219/655/219 455/1364/455 453/1359/453
vt 0.726563 0.082031
vt 0.730469 0.097656
vt 0.730469 0.039063
f 216/646/216 219/656/219 453/1359/453
vt 0.726563 0.082031
vt 0.730469 0.039063
vt 0.726563 0.050781
f 216/646/216 453/1358/453 451/1353/451
vt 1.623256 0.317584
vt 0.493976 0.251431
vt 1.611245 0.275468
f 95/283/95 96/287/96 97/291/97
vt 1.561907 0.131456
vt 0.436060 -0.028605
vt 1.423143 -0.009661
f 98/292/98 99/296/99 100/300/100
vt 0.493976 0.251431
vt -0.643149 0.233527
vt -0.554957 -0.094251
f 96/286/96 101/302/101 102/306/102
vt 0.493976 0.251431
vt -0.554957 -0.094251
vt 0.436060 -0.028605
f 96/286/96 102/305/102 99/297/99
vt 1.695584 0.899929
vt 0.525017 0.850181
vt 0.522404 0.533279
f 123/367/123 124/371/124 125/375/125
vt 1.695584 0.899929
vt 0.522404 0.533279
vt 1.695584 0.591670
f 123/367/123 125/374/125 126/378/126
vt 0.493976 0.251431
vt 1.623256 0.317584
vt 1.695584 0.591670
f 96/286/96 95/284/95 126/378/126
vt 0.493976 0.251431
vt 1.695584 0.591670
vt 0.522404 0.533279
f 96/286/96 126/377/126 125/375/125
vt 0.525017 0.850181
vt -0.651327 0.812007
vt -0.695584 0.515632
f 124/370/124 88/263/88 105/315/105
vt 0.525017 0.850181
vt -0.695584 0.515632
vt 0.522404 0.533279
f 124/370/124 105/314/105 125/375/125
vt -0.643149 0.233527
vt 0.493976 0.251431
vt 0.522404 0.533279
f 101/301/101 96/287/96 125/375/125
vt -0.643149 0.233527
vt 0.522404 0.533279
vt -0.695584 0.515632
f 101/301/101 125/374/125 105/315/105
vt 1.628530 1.023341
vt 0.529889 0.991297
vt 0.526952 0.928293
f 140/418/140 141/422/141 142/426/142
vt 1.628530 1.023341
vt 0.526952 0.928293
vt 1.655874 0.971316
f 140/418/140 142/425/142 143/429/143
vt 0.525017 0.850181
vt 1.695584 0.899929
vt 1.655874 0.971316
f 124/370/124 123/368/123 143/429/143
vt 0.525017 0.850181
vt 1.655874 0.971316
vt 0.526952 0.928293
f 124/370/124 143/428/143 142/426/142
vt 0.529889 0.991297
vt -0.568805 0.964373
vt -0.613756 0.894516
f 141/421/141 72/215/72 86/258/86
vt 0.529889 0.991297
vt -0.613756 0.894516
vt 0.526952 0.928293
f 141/421/141 86/257/86 142/426/142
vt 0.526952 0.928293
vt -0.613756 0.894516
vt -0.651327 0.812007
f 142/424/142 86/257/86 88/264/88
vt 0.526952 0.928293
vt -0.651327 0.812007
vt 0.525017 0.850181
f 142/424/142 88/263/88 124/372/124
vt 1.579002 1.094252
vt 0.566100 1.047256
vt 0.529889 0.991297
f 150/448/150 151/452/151 141/423/141
vt 1.579002 1.094252
vt 0.529889 0.991297
vt 1.628530 1.023341
f 150/448/150 141/422/141 140/420/140
vt 0.566100 1.047256
vt -0.446916 1.011292
vt -0.568805 0.964373
f 151/451/151 152/455/152 72/216/72
vt 0.566100 1.047256
vt -0.568805 0.964373
vt 0.529889 0.991297
f 151/451/151 72/215/72 141/423/141
vt 1.611245 0.275468
vt 0.493976 0.251431
vt 0.436060 -0.028605
f 97/289/97 96/287/96 99/297/99
vt 1.611245 0.275468
vt 0.436060 -0.028605
vt 1.561907 0.131456
f 97/289/97 99/296/99 98/294/98
vt -0.593636 0.317307
vt -0.581941 0.275127
vt 0.505865 0.251054
f 342/1024/342 343/1028/343 344/1032/344
vt -0.533904 0.130897
vt -0.398800 -0.010434
vt 0.562254 -0.029406
f 345/1033/345 346/1037/346 347/1041/347
vt 0.505865 0.251054
vt 0.562254 -0.029406
vt 1.527138 -0.095153
f 344/1030/344 347/1040/347 348/1044/348
vt 0.505865 0.251054
vt 1.527138 -0.095153
vt 1.613005 0.233123
f 344/1030/344 348/1043/348 349/1047/349
vt 0.478187 0.533330
vt 0.475642 0.850712
vt -0.664056 0.900536
f 368/1102/368 369/1106/369 370/1110/370
vt 0.478187 0.533330
vt -0.664056 0.900536
vt -0.664056 0.591809
f 368/1102/368 370/1109/370 371/1113/371
vt -0.664056 0.591809
vt -0.593636 0.317307
vt 0.505865 0.251054
f 371/1111/371 342/1025/342 344/1032/344
vt -0.664056 0.591809
vt 0.505865 0.251054
vt 0.478187 0.533330
f 371/1111/371 344/1031/344 368/1104/368
vt 1.664057 0.515655
vt 1.620966 0.812480
vt 0.475642 0.850712
f 352/1054/352 335/1004/335 369/1107/369
vt 1.664057 0.515655
vt 0.475642 0.850712
vt 0.478187 0.533330
f 352/1054/352 369/1106/369 368/1104/368
vt 0.478187 0.533330
vt 0.505865 0.251054
vt 1.613005 0.233123
f 368/1102/368 344/1031/344 349/1047/349
vt 0.478187 0.533330
vt 1.613005 0.233123
vt 1.664057 0.515655
f 368/1102/368 349/1046/349 352/1056/352
vt 0.473758 0.928942
vt 0.470899 0.992042
vt -0.598770 1.024134
f 382/1144/382 383/1148/383 384/1152/384
vt 0.473758 0.928942
vt -0.598770 1.024134
vt -0.625393 0.972031
f 382/1144/382 384/1151/384 385/1155/385
vt -0.625393 0.972031
vt -0.664056 0.900536
vt 0.475642 0.850712
f 385/1153/385 370/1109/370 369/1107/369
vt -0.625393 0.972031
vt 0.475642 0.850712
vt 0.473758 0.928942
f 385/1153/385 369/1106/369 382/1146/382
vt 1.584386 0.895114
vt 1.540621 0.965077
vt 0.470899 0.992042
f 333/997/333 319/956/319 383/1149/383
vt 1.584386 0.895114
vt 0.470899 0.992042
vt 0.473758 0.928942
f 333/997/333 383/1148/383 382/1146/382
vt 1.620966 0.812480
vt 1.584386 0.895114
vt 0.473758 0.928942
f 335/1003/335 333/998/333 382/1146/382
vt 1.620966 0.812480
vt 0.473758 0.928942
vt 0.475642 0.850712
f 335/1003/335 382/1145/382 369/1107/369
vt -0.550549 1.095153
vt -0.598770 1.024134
vt 0.470899 0.992042
f 392/1174/392 384/1151/384 383/1149/383
vt -0.550549 1.095153
vt 0.470899 0.992042
vt 0.435643 1.048085
f 392/1174/392 383/1148/383 393/1179/393
vt 1.540621 0.965077
vt 1.421946 1.012068
vt 0.435643 1.048085
f 319/955/319 394/1181/394 393/1179/393
vt 1.540621 0.965077
vt 0.435643 1.048085
vt 0.470899 0.992042
f 319/955/319 393/1178/393 383/1149/383
vt 0.562254 -0.029406
vt 0.505865 0.251054
vt -0.581941 0.275127
f 347/1039/347 344/1031/344 343/1029/343
vt 0.562254 -0.029406
vt -0.581941 0.275127
vt -0.533904 0.130897
f 347/1039/347 343/1028/343 345/1035/345
vt 0.423834 0.387575
vt 0.369020 0.391692
vt 0.369557 0.363725
f 48/142/48 49/146/49 50/150/50
vt 0.423834 0.387575
vt 0.369557 0.363725
vt 0.427393 0.356394
f 48/142/48 50/149/50 51/153/51
vt 0.369020 0.391692
vt 0.323411 0.391692
vt 0.322994 0.372469
f 49/145/49 52/155/52 53/159/53
vt 0.369020 0.391692
vt 0.322994 0.372469
vt 0.369557 0.363725
f 49/145/49 53/158/53 50/150/50
vt 0.369020 0.391692
vt 0.423834 0.387575
vt 0.423003 0.412511
f 49/145/49 48/143/48 59/177/59
vt 0.369020 0.391692
vt 0.423003 0.412511
vt 0.373977 0.417355
f 49/145/49 59/176/59 60/180/60
vt 0.323411 0.391692
vt 0.369020 0.391692
vt 0.373977 0.417355
f 52/154/52 49/146/49 60/180/60
vt 0.323411 0.391692
vt 0.373977 0.417355
vt 0.323340 0.417356
f 52/154/52 60/179/60 61/183/61
vt 0.458875 0.560089
vt 0.411315 0.552402
vt 0.388493 0.484274
f 63/187/63 64/191/64 65/195/65
vt 0.458875 0.560089
vt 0.388493 0.484274
vt 0.431886 0.485326
f 63/187/63 65/194/65 66/198/66
vt 0.373977 0.417355
vt 0.423003 0.412511
vt 0.431886 0.485326
f 60/178/60 59/176/59 66/198/66
vt 0.373977 0.417355
vt 0.431886 0.485326
vt 0.388493 0.484274
f 60/178/60 66/197/66 65/195/65
vt 0.411315 0.552402
vt 0.372479 0.553510
vt 0.349590 0.474825
f 64/190/64 27/80/27 67/201/67
vt 0.411315 0.552402
vt 0.349590 0.474825
vt 0.388493 0.484274
f 64/190/64 67/200/67 65/195/65
vt 0.373977 0.417355
vt 0.340890 0.437869
vt 0.323340 0.417356
f 60/178/60 68/203/68 61/183/61
vt 0.697769 0.689858
vt 0.590024 0.678839
vt 0.614383 0.670255
f 69/205/69 70/209/70 71/213/71
vt 0.697769 0.689858
vt 0.614383 0.670255
vt 0.709662 0.679014
f 69/205/69 71/212/71 72/216/72
vt 0.590024 0.678839
vt 0.516054 0.667731
vt 0.519201 0.659944
f 70/208/70 73/218/73 74/222/74
vt 0.590024 0.678839
vt 0.519201 0.659944
vt 0.614383 0.670255
f 70/208/70 74/221/74 71/213/71
vt 0.709662 0.679014
vt 0.614383 0.670255
vt 0.612089 0.653101
f 72/214/72 71/212/71 85/255/85
vt 0.709662 0.679014
vt 0.612089 0.653101
vt 0.703452 0.660501
f 72/214/72 85/254/85 86/258/86
vt 0.703452 0.660501
vt 0.612089 0.653101
vt 0.609765 0.634191
f 86/256/86 85/254/85 87/261/87
vt 0.703452 0.660501
vt 0.609765 0.634191
vt 0.698262 0.638634
f 86/256/86 87/260/87 88/264/88
vt 0.614383 0.670255
vt 0.519201 0.659944
vt 0.520204 0.646363
f 71/211/71 74/221/74 89/267/89
vt 0.614383 0.670255
vt 0.520204 0.646363
vt 0.612089 0.653101
f 71/211/71 89/266/89 85/255/85
vt 0.612089 0.653101
vt 0.520204 0.646363
vt 0.521289 0.631748
f 85/253/85 89/266/89 90/270/90
vt 0.612089 0.653101
vt 0.521289 0.631748
vt 0.609765 0.634191
f 85/253/85 90/269/90 87/261/87
vt 0.372479 0.553510
vt 0.444213 0.599128
vt 0.444908 0.620586
f 27/79/27 91/272/91 92/276/92
vt 0.372479 0.553510
vt 0.444908 0.620586
vt 0.382814 0.586332
f 27/79/27 92/275/92 26/78/26
vt 0.382814 0.586332
vt 0.444908 0.620586
vt 0.446678 0.637357
f 26/76/26 92/275/92 93/279/93
vt 0.382814 0.586332
vt 0.446678 0.637357
vt 0.379306 0.606565
f 26/76/26 93/278/93 23/69/23
vt 0.520204 0.646363
vt 0.444908 0.620586
vt 0.444213 0.599128
f 89/265/89 92/275/92 91/273/91
vt 0.520204 0.646363
vt 0.444213 0.599128
vt 0.521289 0.631748
f 89/265/89 91/272/91 90/270/90
vt 0.519201 0.659944
vt 0.446678 0.637357
vt 0.444908 0.620586
f 74/220/74 93/278/93 92/276/92
vt 0.519201 0.659944
vt 0.444908 0.620586
vt 0.520204 0.646363
f 74/220/74 92/275/92 89/267/89
vt 0.372479 0.553510
vt 0.411315 0.552402
vt 0.447135 0.574961
f 27/79/27 64/191/64 94/282/94
vt 0.372479 0.553510
vt 0.447135 0.574961
vt 0.444213 0.599128
f 27/79/27 94/281/94 91/273/91
vt 0.411315 0.552402
vt 0.458875 0.560089
vt 0.447135 0.574961
f 64/190/64 63/188/63 94/282/94
vt 0.590499 0.560089
vt 0.639996 0.560089
vt 0.609765 0.634191
f 103/307/103 104/311/104 87/261/87
vt 0.609765 0.634191
vt 0.639996 0.560089
vt 0.692148 0.560089
f 87/259/87 104/311/104 105/315/105
vt 0.609765 0.634191
vt 0.692148 0.560089
vt 0.698262 0.638634
f 87/259/87 105/314/105 88/264/88
vt 0.590499 0.560089
vt 0.618503 0.485326
vt 0.656794 0.485326
f 103/307/103 106/317/106 107/321/107
vt 0.590499 0.560089
vt 0.656794 0.485326
vt 0.639996 0.560089
f 103/307/103 107/320/107 104/312/104
vt 0.699392 0.485326
vt 0.692148 0.560089
vt 0.639996 0.560089
f 101/301/101 105/314/105 104/312/104
vt 0.699392 0.485326
vt 0.639996 0.560089
vt 0.656794 0.485326
f 101/301/101 104/311/104 107/321/107
vt 0.699392 0.485326
vt 0.656794 0.485326
vt 0.667811 0.398458
f 101/301/101 107/320/107 108/324/108
vt 0.699392 0.485326
vt 0.667811 0.398458
vt 0.711575 0.398458
f 101/301/101 108/323/108 102/306/102
vt 0.656794 0.485326
vt 0.618503 0.485326
vt 0.624058 0.398458
f 107/319/107 106/317/106 109/327/109
vt 0.656794 0.485326
vt 0.624058 0.398458
vt 0.667811 0.398458
f 107/319/107 109/326/109 108/324/108
vt 0.711575 0.398458
vt 0.667811 0.398458
vt 0.673588 0.361584
f 102/304/102 108/323/108 115/345/115
vt 0.711575 0.398458
vt 0.673588 0.361584
vt 0.725034 0.361584
f 102/304/102 115/344/115 114/342/114
vt 0.667811 0.398458
vt 0.624058 0.398458
vt 0.622161 0.350513
f 108/322/108 109/326/109 116/348/116
vt 0.667811 0.398458
vt 0.622161 0.350513
vt 0.673588 0.361584
f 108/322/108 116/347/116 115/345/115
vt 0.447135 0.574961
vt 0.458875 0.560089
vt 0.525024 0.602997
f 94/280/94 63/188/63 250/750/250
vt 0.525024 0.602997
vt 0.521289 0.631748
vt 0.444213 0.599128
f 250/748/250 90/269/90 91/273/91
vt 0.525024 0.602997
vt 0.444213 0.599128
vt 0.447135 0.574961
f 250/748/250 91/272/91 94/282/94
vt 0.726501 0.691449
vt 0.697769 0.689858
vt 0.709662 0.679014
f 152/454/152 69/206/69 72/216/72
vt 0.516054 0.667731
vt 0.379306 0.606565
vt 0.446678 0.637357
f 73/217/73 23/68/23 93/279/93
vt 0.516054 0.667731
vt 0.446678 0.637357
vt 0.519201 0.659944
f 73/217/73 93/278/93 74/222/74
vt 0.388493 0.484274
vt 0.349590 0.474825
vt 0.340890 0.437869
f 65/193/65 67/200/67 68/204/68
vt 0.388493 0.484274
vt 0.340890 0.437869
vt 0.373977 0.417355
f 65/193/65 68/203/68 60/180/60
vt 0.590499 0.560089
vt 0.609765 0.634191
vt 0.521289 0.631748
f 103/307/103 87/260/87 90/270/90
vt 0.590499 0.560089
vt 0.521289 0.631748
vt 0.525024 0.602997
f 103/307/103 90/269/90 250/750/250
vt 1.003242 0.001945
vt 0.809644 0.001945
vt 0.862645 -0.023668
f 110/328/110 111/332/111 112/336/112
vt 1.003242 0.001945
vt 0.862645 -0.023668
vt 1.095309 -0.031358
f 110/328/110 112/335/112 113/339/113
vt 0.809644 0.001945
vt 0.611529 0.001945
vt 0.629735 -0.023668
f 111/331/111 102/305/102 114/342/114
vt 0.809644 0.001945
vt 0.629735 -0.023668
vt 0.862645 -0.023668
f 111/331/111 114/341/114 112/336/112
vt 0.981209 0.017517
vt 0.796737 0.014030
vt 0.809644 0.001945
f 100/298/100 99/296/99 111/333/111
vt 0.981209 0.017517
vt 0.809644 0.001945
vt 0.991919 0.012116
f 100/298/100 111/332/111 139/417/139
vt 0.796737 0.014030
vt 0.611529 0.001945
vt 0.809644 0.001945
f 99/295/99 102/305/102 111/333/111
vt 0.991919 0.012116
vt 0.809644 0.001945
vt 1.003242 0.001945
f 139/415/139 111/332/111 110/330/110
vt 1.018608 0.077758
vt 0.807560 0.065580
vt 1.016363 0.070005
f 95/283/95 96/287/96 97/291/97
vt 1.007142 0.043494
vt 0.796737 0.014030
vt 0.981209 0.017517
f 98/292/98 99/296/99 100/300/100
vt 0.807560 0.065580
vt 0.595047 0.062284
vt 0.611529 0.001945
f 96/286/96 101/302/101 102/306/102
vt 0.807560 0.065580
vt 0.611529 0.001945
vt 0.796737 0.014030
f 96/286/96 102/305/102 99/297/99
vt 1.032125 0.184960
vt 0.813361 0.175802
vt 0.812873 0.117465
f 123/367/123 124/371/124 125/375/125
vt 1.032125 0.184960
vt 0.812873 0.117465
vt 1.032125 0.128214
f 123/367/123 125/374/125 126/378/126
vt 0.807560 0.065580
vt 1.018608 0.077758
vt 1.032125 0.128214
f 96/286/96 95/284/95 126/378/126
vt 0.807560 0.065580
vt 1.032125 0.128214
vt 0.812873 0.117465
f 96/286/96 126/377/126 125/375/125
vt 0.813361 0.175802
vt 0.593518 0.168774
vt 0.585247 0.114216
f 124/370/124 88/263/88 105/315/105
vt 0.813361 0.175802
vt 0.585247 0.114216
vt 0.812873 0.117465
f 124/370/124 105/314/105 125/375/125
vt 0.595047 0.062284
vt 0.807560 0.065580
vt 0.812873 0.117465
f 101/301/101 96/287/96 125/375/125
vt 0.595047 0.062284
vt 0.812873 0.117465
vt 0.585247 0.114216
f 101/301/101 125/374/125 105/315/105
vt 1.019593 0.207678
vt 0.814272 0.201779
vt 0.813723 0.190181
f 140/418/140 141/422/141 142/426/142
vt 1.019593 0.207678
vt 0.813723 0.190181
vt 1.024703 0.198101
f 140/418/140 142/425/142 143/429/143
vt 0.813361 0.175802
vt 1.032125 0.184960
vt 1.024703 0.198101
f 124/370/124 123/368/123 143/429/143
vt 0.813361 0.175802
vt 1.024703 0.198101
vt 0.813723 0.190181
f 124/370/124 143/428/143 142/426/142
vt 0.814272 0.201779
vt 0.608940 0.196823
vt 0.600540 0.183964
f 141/421/141 72/215/72 86/258/86
vt 0.814272 0.201779
vt 0.600540 0.183964
vt 0.813723 0.190181
f 141/421/141 86/257/86 142/426/142
vt 0.813723 0.190181
vt 0.600540 0.183964
vt 0.593518 0.168774
f 142/424/142 86/257/86 88/264/88
vt 0.813723 0.190181
vt 0.593518 0.168774
vt 0.813361 0.175802
f 142/424/142 88/263/88 124/372/124
vt 1.010337 0.220732
vt 0.821039 0.212081
vt 0.814272 0.201779
f 150/448/150 151/452/151 141/423/141
vt 1.010337 0.220732
vt 0.814272 0.201779
vt 1.019593 0.207678
f 150/448/150 141/422/141 140/420/140
vt 0.821039 0.212081
vt 0.631720 0.205460
vt 0.608940 0.196823
f 151/451/151 152/455/152 72/216/72
vt 0.821039 0.212081
vt 0.608940 0.196823
vt 0.814272 0.201779
f 151/451/151 72/215/72 141/423/141
vt 1.016363 0.070005
vt 0.807560 0.065580
vt 0.796737 0.014030
f 97/289/97 96/287/96 99/297/99
vt 1.016363 0.070005
vt 0.796737 0.014030
vt 1.007142 0.043494
f 97/289/97 99/296/99 98/294/98
vt 0.769271 1.019079
vt 0.616768 1.002676
vt 0.862706 1.008222
f 153/457/153 154/461/154 155/465/155
vt 0.769271 1.019079
vt 0.862706 1.008222
vt 0.844820 1.014534
f 153/457/153 155/464/155 156/468/156
vt 0.133539 0.878917
vt 0.138809 0.813209
vt 0.279646 0.855772
f 126/376/126 148/443/148 157/471/157
vt 0.543189 1.018790
vt 0.399580 1.018502
vt 0.365491 1.004305
f 169/505/169 170/509/170 171/513/171
vt 0.543189 1.018790
vt 0.365491 1.004305
vt 0.616768 1.002676
f 169/505/169 171/512/171 154/462/154
vt 0.399580 1.018502
vt 0.256497 1.014796
vt 0.365491 1.004305
f 170/508/170 172/515/172 171/513/171
vt 0.279646 0.855772
vt 0.164115 0.807749
vt 0.198417 0.758337
f 157/469/157 147/440/147 173/519/173
vt 0.279646 0.855772
vt 0.198417 0.758337
vt 0.230556 0.757919
f 157/469/157 173/518/173 174/522/174
vt 0.230556 0.757919
vt 0.198417 0.758337
vt 0.235297 0.666454
f 174/520/174 173/518/173 113/339/113
vt 0.164115 0.807749
vt 0.163125 0.794887
vt 0.198417 0.758337
f 147/439/147 146/437/146 173/519/173
vt 0.087025 0.710796
vt 0.235297 0.666454
vt 0.198417 0.758337
f 110/328/110 113/338/113 173/519/173
vt 0.087025 0.710796
vt 0.198417 0.758337
vt 0.158129 0.756706
f 110/328/110 173/518/173 144/432/144
vt 0.862706 1.008222
vt 0.616768 1.002676
vt 0.643202 0.989609
f 155/463/155 154/461/154 175/525/175
vt 0.862706 1.008222
vt 0.643202 0.989609
vt 0.864889 0.994798
f 155/463/155 175/524/175 176/528/176
vt 0.864889 0.994798
vt 0.643202 0.989609
vt 0.672316 0.967297
f 176/526/176 175/524/175 177/531/177
vt 0.864889 0.994798
vt 0.672316 0.967297
vt 0.868783 0.969637
f 176/526/176 177/530/177 178/534/178
vt 0.616768 1.002676
vt 0.365491 1.004305
vt 0.401147 0.993077
f 154/460/154 171/512/171 179/537/179
vt 0.616768 1.002676
vt 0.401147 0.993077
vt 0.643202 0.989609
f 154/460/154 179/536/179 175/525/175
vt 0.643202 0.989609
vt 0.401147 0.993077
vt 0.421731 0.970338
f 175/523/175 179/536/179 180/540/180
vt 0.643202 0.989609
vt 0.421731 0.970338
vt 0.672316 0.967297
f 175/523/175 180/539/180 177/531/177
vt 0.365491 1.004305
vt 0.113358 0.984720
vt 0.121588 0.971968
f 171/511/171 140/419/140 143/429/143
vt 0.365491 1.004305
vt 0.121588 0.971968
vt 0.401147 0.993077
f 171/511/171 143/428/143 179/537/179
vt 0.133540 0.954471
vt 0.421731 0.970338
vt 0.401147 0.993077
f 123/367/123 180/539/180 179/537/179
vt 0.133540 0.954471
vt 0.401147 0.993077
vt 0.121588 0.971968
f 123/367/123 179/536/179 143/429/143
vt 0.868783 0.969637
vt 0.672316 0.967297
vt 0.712990 0.906289
f 178/532/178 177/530/177 181/543/181
vt 0.868783 0.969637
vt 0.712990 0.906289
vt 0.846969 0.906289
f 178/532/178 181/542/181 182/546/182
vt 0.672316 0.967297
vt 0.421731 0.970338
vt 0.547863 0.906469
f 177/529/177 180/539/180 183/549/183
vt 0.672316 0.967297
vt 0.547863 0.906469
vt 0.712990 0.906289
f 177/529/177 183/548/183 181/543/181
vt 0.421731 0.970338
vt 0.433078 0.906289
vt 0.547863 0.906469
f 180/538/180 184/551/184 183/549/183
vt 0.846969 0.906289
vt 0.712990 0.906289
vt 0.733249 0.860778
f 182/544/182 181/542/181 185/555/185
vt 0.846969 0.906289
vt 0.733249 0.860778
vt 0.847647 0.860778
f 182/544/182 185/554/185 186/558/186
vt 0.847647 0.860778
vt 0.733249 0.860778
vt 0.751676 0.778537
f 186/556/186 185/554/185 187/561/187
vt 0.847647 0.860778
vt 0.751676 0.778537
vt 0.849165 0.780583
f 186/556/186 187/560/187 136/408/136
vt 0.712990 0.906289
vt 0.547863 0.906469
vt 0.580579 0.864785
f 181/541/181 183/548/183 188/564/188
vt 0.712990 0.906289
vt 0.580579 0.864785
vt 0.733249 0.860778
f 181/541/181 188/563/188 185/555/185
vt 0.751676 0.778537
vt 0.733249 0.860778
vt 0.580579 0.864785
f 187/559/187 185/554/185 188/564/188
vt 0.751676 0.778537
vt 0.580579 0.864785
vt 0.646982 0.775658
f 187/559/187 188/563/188 189/567/189
vt 0.547863 0.906469
vt 0.433078 0.906289
vt 0.580579 0.864785
f 183/547/183 184/551/184 188/564/188
vt 0.849165 0.780583
vt 0.751676 0.778537
vt 0.758366 0.724773
f 136/406/136 187/560/187 190/570/190
vt 0.849165 0.780583
vt 0.758366 0.724773
vt 0.847698 0.735225
f 136/406/136 190/569/190 191/573/191
vt 0.847698 0.735225
vt 0.758366 0.724773
vt 0.771946 0.705633
f 191/571/191 190/569/190 192/576/192
vt 0.751676 0.778537
vt 0.646982 0.775658
vt 0.666931 0.715016
f 187/559/187 189/566/189 194/582/194
vt 0.751676 0.778537
vt 0.666931 0.715016
vt 0.758366 0.724773
f 187/559/187 194/581/194 190/570/190
vt 0.758366 0.724773
vt 0.666931 0.715016
vt 0.688619 0.695931
f 190/568/190 194/581/194 195/585/195
vt 0.758366 0.724773
vt 0.688619 0.695931
vt 0.771946 0.705633
f 190/568/190 195/584/195 192/576/192
vt 0.129098 1.003874
vt 0.098451 1.002100
vt 0.113358 0.984720
f 253/757/253 150/449/150 140/420/140
vt 0.433078 0.906289
vt 0.133539 0.878917
vt 0.279646 0.855772
f 184/550/184 126/377/126 157/471/157
vt 0.192759 1.009048
vt 0.129098 1.003874
vt 0.113358 0.984720
f 257/769/257 253/758/253 140/420/140
vt 0.198417 0.758337
vt 0.163125 0.794887
vt 0.158129 0.756706
f 173/517/173 146/437/146 144/432/144
vt 0.279646 0.855772
vt 0.138809 0.813209
vt 0.164115 0.807749
f 157/469/157 148/443/148 147/441/147
vt 0.192759 1.009048
vt 0.113358 0.984720
vt 0.365491 1.004305
f 257/769/257 140/419/140 171/513/171
vt 0.192759 1.009048
vt 0.365491 1.004305
vt 0.256497 1.014796
f 257/769/257 171/512/171 172/516/172
vt 0.133540 0.954471
vt 0.133539 0.878917
vt 0.433078 0.906289
f 123/367/123 126/377/126 184/552/184
vt 0.133540 0.954471
vt 0.433078 0.906289
vt 0.421731 0.970338
f 123/367/123 184/551/184 180/540/180
vt 0.133539 0.878917
vt 0.111770 0.811737
vt 0.138809 0.813209
f 126/376/126 95/284/95 148/444/148
vt 0.616768 1.002676
vt 0.769271 1.019079
vt 0.661800 1.020194
f 154/460/154 153/458/153 258/774/258
vt 0.616768 1.002676
vt 0.661800 1.020194
vt 0.543189 1.018790
f 154/460/154 258/773/258 169/507/169
vt 0.676768 0.721595
vt 0.676768 0.737868
vt 0.723721 0.739566
f 127/379/127 128/383/128 129/387/129
vt 0.676768 0.721595
vt 0.723721 0.739566
vt 0.736696 0.721865
f 127/379/127 129/386/129 130/390/130
vt 0.736696 0.721865
vt 0.723721 0.739566
vt 0.775535 0.740787
f 130/388/130 129/386/129 131/393/131
vt 0.736696 0.721865
vt 0.775535 0.740787
vt 0.796459 0.721327
f 130/388/130 131/392/131 132/396/132
vt 0.796459 0.721327
vt 0.775535 0.740787
vt 0.824195 0.741356
f 132/394/132 131/392/131 133/399/133
vt 0.796459 0.721327
vt 0.824195 0.741356
vt 0.855020 0.721020
f 132/394/132 133/398/133 134/402/134
vt 0.855020 0.721020
vt 0.824195 0.741356
vt 0.869329 0.738972
f 134/400/134 133/398/133 135/405/135
vt 0.869329 0.738972
vt 0.889480 0.738571
vt 0.855020 0.721020
f 135/403/135 136/407/136 134/402/134
vt 0.723721 0.739566
vt 0.676768 0.737868
vt 0.676768 0.771974
f 129/385/129 128/383/128 137/411/137
vt 0.723721 0.739566
vt 0.676768 0.771974
vt 0.723721 0.772267
f 129/385/129 137/410/137 138/414/138
vt 0.676768 0.903186
vt 0.723721 0.903186
vt 0.723721 0.891543
f 196/586/196 197/590/197 198/594/198
vt 0.676768 0.903186
vt 0.723721 0.891543
vt 0.676768 0.890093
f 196/586/196 198/593/198 199/597/199
vt 0.723721 0.903186
vt 0.771977 0.903186
vt 0.776459 0.892951
f 197/589/197 200/599/200 201/603/201
vt 0.723721 0.903186
vt 0.776459 0.892951
vt 0.723721 0.891543
f 197/589/197 201/602/201 198/594/198
vt 0.771977 0.903186
vt 0.819196 0.903186
vt 0.825811 0.893274
f 200/598/200 202/605/202 203/609/203
vt 0.771977 0.903186
vt 0.825811 0.893274
vt 0.776459 0.892951
f 200/598/200 203/608/203 201/603/201
vt 0.819196 0.903186
vt 0.864316 0.905055
vt 0.869219 0.896704
f 202/604/202 204/611/204 205/615/205
vt 0.819196 0.903186
vt 0.869219 0.896704
vt 0.825811 0.893274
f 202/604/202 205/614/205 203/609/203
vt 0.785546 0.873381
vt 0.829399 0.873381
vt 0.829806 0.821793
f 206/616/206 207/620/207 208/624/208
vt 0.785546 0.873381
vt 0.829806 0.821793
vt 0.786849 0.821793
f 206/616/206 208/623/208 209/627/209
vt 0.828936 0.762381
vt 0.783654 0.772267
vt 0.786849 0.821793
f 210/628/210 211/632/211 209/627/209
vt 0.828936 0.762381
vt 0.786849 0.821793
vt 0.829806 0.821793
f 210/628/210 209/626/209 208/624/208
vt 0.829399 0.873381
vt 0.868515 0.873381
vt 0.869491 0.821793
f 207/619/207 212/635/212 213/639/213
vt 0.829399 0.873381
vt 0.869491 0.821793
vt 0.829806 0.821793
f 207/619/207 213/638/213 208/624/208
vt 0.869329 0.738972
vt 0.828936 0.762381
vt 0.829806 0.821793
f 135/403/135 210/629/210 208/624/208
vt 0.869329 0.738972
vt 0.829806 0.821793
vt 0.869491 0.821793
f 135/403/135 208/623/208 213/639/213
vt 0.868515 0.873381
vt 0.888115 0.869022
vt 0.890042 0.821793
f 212/634/212 182/545/182 186/558/186
vt 0.868515 0.873381
vt 0.890042 0.821793
vt 0.869491 0.821793
f 212/634/212 186/557/186 213/639/213
vt 0.889480 0.738571
vt 0.869329 0.738972
vt 0.869491 0.821793
f 136/406/136 135/404/135 213/639/213
vt 0.889480 0.738571
vt 0.869491 0.821793
vt 0.890042 0.821793
f 136/406/136 213/638/213 186/558/186
vt 0.676768 0.721595
vt 0.736696 0.721865
vt 0.735668 0.708472
f 127/379/127 130/389/130 214/642/214
vt 0.676768 0.721595
vt 0.735668 0.708472
vt 0.676768 0.708472
f 127/379/127 214/641/214 215/645/215
vt 0.676768 0.708472
vt 0.735668 0.708472
vt 0.734496 0.697592
f 215/643/215 214/641/214 216/648/216
vt 0.676768 0.708472
vt 0.734496 0.697592
vt 0.676768 0.698692
f 215/643/215 216/647/216 217/651/217
vt 0.736696 0.721865
vt 0.796459 0.721327
vt 0.794020 0.708472
f 130/388/130 132/395/132 218/654/218
vt 0.736696 0.721865
vt 0.794020 0.708472
vt 0.735668 0.708472
f 130/388/130 218/653/218 214/642/214
vt 0.735668 0.708472
vt 0.794020 0.708472
vt 0.792119 0.697575
f 214/640/214 218/653/218 219/657/219
vt 0.735668 0.708472
vt 0.792119 0.697575
vt 0.734496 0.697592
f 214/640/214 219/656/219 216/648/216
vt 0.796459 0.721327
vt 0.855020 0.721020
vt 0.847317 0.708472
f 132/394/132 134/401/134 220/660/220
vt 0.796459 0.721327
vt 0.847317 0.708472
vt 0.794020 0.708472
f 132/394/132 220/659/220 218/654/218
vt 0.794020 0.708472
vt 0.847317 0.708472
vt 0.847209 0.696578
f 218/652/218 220/659/220 221/663/221
vt 0.794020 0.708472
vt 0.847209 0.696578
vt 0.792119 0.697575
f 218/652/218 221/662/221 219/657/219
vt 0.855020 0.721020
vt 0.889480 0.738571
vt 0.887437 0.691502
f 134/400/134 136/407/136 191/573/191
vt 0.855020 0.721020
vt 0.887437 0.691502
vt 0.847317 0.708472
f 134/400/134 191/572/191 220/660/220
vt 0.847317 0.708472
vt 0.887437 0.691502
vt 0.884443 0.677710
f 220/658/220 191/572/191 193/579/193
vt 0.847317 0.708472
vt 0.884443 0.677710
vt 0.847209 0.696578
f 220/658/220 193/578/193 221/663/221
vt 0.676768 0.903186
vt 0.676768 0.911183
vt 0.737528 0.911183
f 196/586/196 222/665/222 223/669/223
vt 0.676768 0.903186
vt 0.737528 0.911183
vt 0.723721 0.903186
f 196/586/196 223/668/223 197/591/197
vt 0.801417 0.911183
vt 0.819196 0.903186
vt 0.771977 0.903186
f 224/670/224 202/605/202 200/600/200
vt 0.862690 0.936950
vt 0.868467 0.934761
vt 0.864316 0.905055
f 225/673/225 178/533/178 204/612/204
vt 0.862690 0.936950
vt 0.864316 0.905055
vt 0.858735 0.911183
f 225/673/225 204/611/204 226/678/226
vt 0.840378 0.981353
vt 0.846575 0.974802
vt 0.768410 1.005114
f 156/466/156 155/464/155 229/687/229
vt 0.676768 1.012753
vt 0.768410 1.005114
vt 0.799833 0.983307
f 230/688/230 229/686/229 232/696/232
vt 0.676768 1.012753
vt 0.799833 0.983307
vt 0.676768 0.987152
f 230/688/230 232/695/232 233/699/233
vt 0.676768 0.987152
vt 0.737586 0.958637
vt 0.676768 0.958955
f 233/697/233 234/701/234 235/705/235
vt 0.799833 0.983307
vt 0.846575 0.974802
vt 0.855518 0.954358
f 232/694/232 155/464/155 236/708/236
vt 0.799833 0.983307
vt 0.855518 0.954358
vt 0.801262 0.958752
f 232/694/232 236/707/236 237/711/237
vt 0.801417 0.911183
vt 0.737528 0.911183
vt 0.737528 0.946794
f 224/670/224 223/668/223 238/714/238
vt 0.801417 0.911183
vt 0.737528 0.946794
vt 0.801417 0.947546
f 224/670/224 238/713/238 239/717/239
vt 0.858735 0.911183
vt 0.801417 0.911183
vt 0.801417 0.947546
f 226/676/226 224/671/224 239/717/239
vt 0.858735 0.911183
vt 0.801417 0.947546
vt 0.862690 0.936950
f 226/676/226 239/716/239 225/675/225
vt 0.676768 0.890093
vt 0.723721 0.891543
vt 0.723721 0.873381
f 199/595/199 198/593/198 240/720/240
vt 0.676768 0.890093
vt 0.723721 0.873381
vt 0.676768 0.873373
f 199/595/199 240/719/240 241/723/241
vt 0.723721 0.891543
vt 0.776459 0.892951
vt 0.785546 0.873381
f 198/592/198 201/602/201 206/618/206
vt 0.723721 0.891543
vt 0.785546 0.873381
vt 0.723721 0.873381
f 198/592/198 206/617/206 240/720/240
vt 0.776459 0.892951
vt 0.825811 0.893274
vt 0.829399 0.873381
f 201/601/201 203/608/203 207/621/207
vt 0.776459 0.892951
vt 0.829399 0.873381
vt 0.785546 0.873381
f 201/601/201 207/620/207 206/618/206
vt 0.825811 0.893274
vt 0.869219 0.896704
vt 0.868515 0.873381
f 203/607/203 205/614/205 212/636/212
vt 0.825811 0.893274
vt 0.868515 0.873381
vt 0.829399 0.873381
f 203/607/203 212/635/212 207/621/207
vt 0.737528 0.946794
vt 0.676768 0.946839
vt 0.676768 0.958955
f 238/712/238 242/725/242 235/705/235
vt 0.737528 0.946794
vt 0.676768 0.958955
vt 0.737586 0.958637
f 238/712/238 235/704/235 234/702/234
vt 0.676768 0.860762
vt 0.723721 0.860762
vt 0.723721 0.784046
f 243/727/243 244/731/244 245/735/245
vt 0.676768 0.860762
vt 0.723721 0.784046
vt 0.676768 0.784046
f 243/727/243 245/734/245 246/738/246
vt 0.723721 0.860762
vt 0.755444 0.821793
vt 0.753883 0.782893
f 244/730/244 247/740/247 248/744/248
vt 0.723721 0.860762
vt 0.753883 0.782893
vt 0.723721 0.784046
f 244/730/244 248/743/248 245/735/245
vt 0.754370 0.861944
vt 0.785546 0.873381
vt 0.786849 0.821793
f 249/745/249 206/617/206 209/627/209
vt 0.754370 0.861944
vt 0.786849 0.821793
vt 0.755444 0.821793
f 249/745/249 209/626/209 247/741/247
vt 0.783654 0.772267
vt 0.753883 0.782893
vt 0.755444 0.821793
f 211/631/211 248/743/248 247/741/247
vt 0.783654 0.772267
vt 0.755444 0.821793
vt 0.786849 0.821793
f 211/631/211 247/740/247 209/627/209
vt 0.737528 0.911183
vt 0.676768 0.911183
vt 0.676768 0.946839
f 223/667/223 222/665/222 242/726/242
vt 0.737528 0.911183
vt 0.676768 0.946839
vt 0.737528 0.946794
f 223/667/223 242/725/242 238/714/238
vt 0.737586 0.958637
vt 0.801262 0.958752
vt 0.801417 0.947546
f 234/700/234 237/710/237 239/717/239
vt 0.737586 0.958637
vt 0.801417 0.947546
vt 0.737528 0.946794
f 234/700/234 239/716/239 238/714/238
vt 0.862690 0.936950
vt 0.801417 0.947546
vt 0.801262 0.958752
f 225/673/225 239/716/239 237/711/237
vt 0.862690 0.936950
vt 0.801262 0.958752
vt 0.855518 0.954358
f 225/673/225 237/710/237 236/708/236
vt 0.676768 0.873373
vt 0.723721 0.873381
vt 0.723721 0.860762
f 241/721/241 240/719/240 244/732/244
vt 0.676768 0.873373
vt 0.723721 0.860762
vt 0.676768 0.860762
f 241/721/241 244/731/244 243/729/243
vt 0.785546 0.873381
vt 0.754370 0.861944
vt 0.723721 0.860762
f 206/616/206 249/746/249 244/732/244
vt 0.785546 0.873381
vt 0.723721 0.860762
vt 0.723721 0.873381
f 206/616/206 244/731/244 240/720/240
vt 0.868467 0.934761
vt 0.869219 0.896704
vt 0.864316 0.905055
f 178/532/178 205/614/205 204/612/204
vt 0.676768 0.987152
vt 0.799833 0.983307
vt 0.801262 0.958752
f 233/697/233 232/695/232 237/711/237
vt 0.676768 0.987152
vt 0.801262 0.958752
vt 0.737586 0.958637
f 233/697/233 237/710/237 234/702/234
vt 0.864316 0.905055
vt 0.819196 0.903186
vt 0.801417 0.911183
f 204/610/204 202/605/202 224/672/224
vt 0.864316 0.905055
vt 0.801417 0.911183
vt 0.858735 0.911183
f 204/610/204 224/671/224 226/678/226
vt 0.868515 0.873381
vt 0.869219 0.896704
vt 0.888115 0.869022
f 212/634/212 205/614/205 182/546/182
vt 0.868467 0.934761
vt 0.888115 0.869022
vt 0.869219 0.896704
f 178/532/178 182/545/182 205/615/205
vt 0.723721 0.772267
vt 0.676768 0.771974
vt 0.676768 0.784046
f 138/412/138 137/410/137 246/738/246
vt 0.723721 0.772267
vt 0.676768 0.784046
vt 0.723721 0.784046
f 138/412/138 246/737/246 245/735/245
vt 0.783654 0.772267
vt 0.723721 0.772267
vt 0.723721 0.784046
f 211/631/211 138/413/138 245/735/245
vt 0.783654 0.772267
vt 0.723721 0.784046
vt 0.753883 0.782893
f 211/631/211 245/734/245 248/744/248
vt 0.775535 0.740787
vt 0.723721 0.739566
vt 0.723721 0.772267
f 131/391/131 129/386/129 138/414/138
vt 0.775535 0.740787
vt 0.723721 0.772267
vt 0.783654 0.772267
f 131/391/131 138/413/138 211/633/211
vt 0.824195 0.741356
vt 0.775535 0.740787
vt 0.783654 0.772267
f 133/397/133 131/392/131 211/633/211
vt 0.824195 0.741356
vt 0.783654 0.772267
vt 0.828936 0.762381
f 133/397/133 211/632/211 210/630/210
vt 0.824195 0.741356
vt 0.828936 0.762381
vt 0.869329 0.738972
f 133/397/133 210/629/210 135/405/135
vt 0.771977 0.903186
vt 0.723721 0.903186
vt 0.737528 0.911183
f 200/598/200 197/590/197 223/669/223
vt 0.771977 0.903186
vt 0.737528 0.911183
vt 0.801417 0.911183
f 200/598/200 223/668/223 224/672/224
vt 0.723721 0.860762
vt 0.754370 0.861944
vt 0.755444 0.821793
f 244/730/244 249/746/249 247/741/247
vt 0.858014 0.960872
vt 0.868467 0.934761
vt 0.862690 0.936950
f 176/526/176 178/533/178 225/675/225
vt 0.858014 0.960872
vt 0.862690 0.936950
vt 0.855518 0.954358
f 176/526/176 225/674/225 236/708/236
vt 0.855518 0.954358
vt 0.846575 0.974802
vt 0.858014 0.960872
f 236/706/236 155/464/155 176/528/176
vt 0.846575 0.974802
vt 0.799833 0.983307
vt 0.768410 1.005114
f 155/463/155 232/695/232 229/687/229
vt 0.629814 0.739566
vt 0.676768 0.737868
vt 0.676768 0.721595
f 372/1114/372 128/383/128 127/381/127
vt 0.629814 0.739566
vt 0.676768 0.721595
vt 0.616839 0.721865
f 372/1114/372 127/380/127 373/1119/373
vt 0.578000 0.740787
vt 0.629814 0.739566
vt 0.616839 0.721865
f 374/1120/374 372/1115/372 373/1119/373
vt 0.578000 0.740787
vt 0.616839 0.721865
vt 0.557076 0.721327
f 374/1120/374 373/1118/373 375/1125/375
vt 0.529340 0.741356
vt 0.578000 0.740787
vt 0.557076 0.721327
f 376/1126/376 374/1121/374 375/1125/375
vt 0.529340 0.741356
vt 0.557076 0.721327
vt 0.498516 0.721020
f 376/1126/376 375/1124/375 377/1131/377
vt 0.498516 0.721020
vt 0.484206 0.738972
vt 0.529340 0.741356
f 377/1129/377 378/1133/378 376/1128/376
vt 0.484206 0.738972
vt 0.498516 0.721020
vt 0.464055 0.738571
f 378/1132/378 377/1130/377 379/1137/379
vt 0.676768 0.771974
vt 0.676768 0.737868
vt 0.629814 0.739566
f 137/409/137 128/383/128 372/1116/372
vt 0.676768 0.771974
vt 0.629814 0.739566
vt 0.629814 0.772267
f 137/409/137 372/1115/372 380/1140/380
vt 0.676768 0.903186
vt 0.676768 0.890093
vt 0.629814 0.891543
f 196/586/196 199/596/199 434/1302/434
vt 0.676768 0.903186
vt 0.629814 0.891543
vt 0.629814 0.903186
f 196/586/196 434/1301/434 435/1305/435
vt 0.629814 0.903186
vt 0.629814 0.891543
vt 0.577076 0.892951
f 435/1303/435 434/1301/434 436/1308/436
vt 0.629814 0.903186
vt 0.577076 0.892951
vt 0.581559 0.903186
f 435/1303/435 436/1307/436 437/1311/437
vt 0.581559 0.903186
vt 0.577076 0.892951
vt 0.527724 0.893274
f 437/1309/437 436/1307/436 438/1314/438
vt 0.581559 0.903186
vt 0.527724 0.893274
vt 0.534339 0.903186
f 437/1309/437 438/1313/438 439/1317/439
vt 0.534339 0.903186
vt 0.527724 0.893274
vt 0.484316 0.896704
f 439/1315/439 438/1313/438 440/1320/440
vt 0.534339 0.903186
vt 0.484316 0.896704
vt 0.489220 0.905055
f 439/1315/439 440/1319/440 441/1323/441
vt 0.523729 0.821793
vt 0.524136 0.873381
vt 0.567989 0.873381
f 442/1324/442 443/1328/443 444/1332/444
vt 0.523729 0.821793
vt 0.567989 0.873381
vt 0.566687 0.821793
f 442/1324/442 444/1331/444 445/1335/445
vt 0.566687 0.821793
vt 0.569882 0.772267
vt 0.524599 0.762381
f 445/1333/445 446/1337/446 447/1341/447
vt 0.566687 0.821793
vt 0.524599 0.762381
vt 0.523729 0.821793
f 445/1333/445 447/1340/447 442/1326/442
vt 0.524136 0.873381
vt 0.523729 0.821793
vt 0.484044 0.821793
f 443/1327/443 442/1325/442 448/1344/448
vt 0.524136 0.873381
vt 0.484044 0.821793
vt 0.485020 0.873381
f 443/1327/443 448/1343/448 449/1347/449
vt 0.484206 0.738972
vt 0.484044 0.821793
vt 0.523729 0.821793
f 378/1132/378 448/1343/448 442/1326/442
vt 0.484206 0.738972
vt 0.523729 0.821793
vt 0.524599 0.762381
f 378/1132/378 442/1325/442 447/1341/447
vt 0.463494 0.821793
vt 0.465421 0.869022
vt 0.485020 0.873381
f 424/1270/424 420/1259/420 449/1347/449
vt 0.463494 0.821793
vt 0.485020 0.873381
vt 0.484044 0.821793
f 424/1270/424 449/1346/449 448/1344/448
vt 0.484044 0.821793
vt 0.484206 0.738972
vt 0.464055 0.738571
f 448/1342/448 378/1133/378 379/1137/379
vt 0.484044 0.821793
vt 0.464055 0.738571
vt 0.463494 0.821793
f 448/1342/448 379/1136/379 424/1272/424
vt 0.676768 0.721595
vt 0.676768 0.708472
vt 0.617867 0.708472
f 127/379/127 215/644/215 450/1350/450
vt 0.676768 0.721595
vt 0.617867 0.708472
vt 0.616839 0.721865
f 127/379/127 450/1349/450 373/1119/373
vt 0.676768 0.708472
vt 0.676768 0.698692
vt 0.619039 0.697592
f 215/643/215 217/650/217 451/1353/451
vt 0.676768 0.708472
vt 0.619039 0.697592
vt 0.617867 0.708472
f 215/643/215 451/1352/451 450/1350/450
vt 0.616839 0.721865
vt 0.617867 0.708472
vt 0.559516 0.708472
f 373/1117/373 450/1349/450 452/1356/452
vt 0.616839 0.721865
vt 0.559516 0.708472
vt 0.557076 0.721327
f 373/1117/373 452/1355/452 375/1125/375
vt 0.617867 0.708472
vt 0.619039 0.697592
vt 0.561416 0.697575
f 450/1348/450 451/1352/451 453/1359/453
vt 0.617867 0.708472
vt 0.561416 0.697575
vt 0.559516 0.708472
f 450/1348/450 453/1358/453 452/1356/452
vt 0.557076 0.721327
vt 0.559516 0.708472
vt 0.506218 0.708472
f 375/1123/375 452/1355/452 454/1362/454
vt 0.557076 0.721327
vt 0.506218 0.708472
vt 0.498516 0.721020
f 375/1123/375 454/1361/454 377/1131/377
vt 0.559516 0.708472
vt 0.561416 0.697575
vt 0.506326 0.696578
f 452/1354/452 453/1358/453 455/1365/455
vt 0.559516 0.708472
vt 0.506326 0.696578
vt 0.506218 0.708472
f 452/1354/452 455/1364/455 454/1362/454
vt 0.466098 0.691502
vt 0.464055 0.738571
vt 0.498516 0.721020
f 429/1285/429 379/1136/379 377/1131/377
vt 0.466098 0.691502
vt 0.498516 0.721020
vt 0.506218 0.708472
f 429/1285/429 377/1130/377 454/1362/454
vt 0.469092 0.677710
vt 0.466098 0.691502
vt 0.506218 0.708472
f 431/1291/431 429/1286/429 454/1362/454
vt 0.469092 0.677710
vt 0.506218 0.708472
vt 0.506326 0.696578
f 431/1291/431 454/1361/454 455/1365/455
vt 0.676768 0.903186
vt 0.629814 0.903186
vt 0.616007 0.911183
f 196/586/196 435/1304/435 456/1368/456
vt 0.676768 0.903186
vt 0.616007 0.911183
vt 0.676768 0.911183
f 196/586/196 456/1367/456 222/666/222
vt 0.552118 0.911183
vt 0.581559 0.903186
vt 0.534339 0.903186
f 457/1369/457 437/1310/437 439/1317/439
vt 0.489220 0.905055
vt 0.485068 0.934761
vt 0.490845 0.936950
f 441/1321/441 416/1247/416 458/1374/458
vt 0.489220 0.905055
vt 0.490845 0.936950
vt 0.494800 0.911183
f 441/1321/441 458/1373/458 459/1377/459
vt 0.676768 1.012753
vt 0.676768 0.987152
vt 0.553702 0.983307
f 230/688/230 233/698/233 463/1389/463
vt 0.676768 1.012753
vt 0.553702 0.983307
vt 0.585125 1.005114
f 230/688/230 463/1388/463 461/1383/461
vt 0.676768 0.987152
vt 0.676768 0.958955
vt 0.615949 0.958637
f 233/697/233 235/704/235 464/1392/464
vt 0.553702 0.983307
vt 0.552274 0.958752
vt 0.498017 0.954358
f 463/1387/463 465/1394/465 466/1398/466
vt 0.553702 0.983307
vt 0.498017 0.954358
vt 0.506961 0.974802
f 463/1387/463 466/1397/466 397/1191/397
vt 0.498017 0.954358
vt 0.495521 0.960872
vt 0.506961 0.974802
f 466/1396/466 414/1241/414 397/1191/397
vt 0.616007 0.946794
vt 0.616007 0.911183
vt 0.552118 0.911183
f 467/1399/467 456/1367/456 457/1371/457
vt 0.616007 0.946794
vt 0.552118 0.911183
vt 0.552118 0.947546
f 467/1399/467 457/1370/457 468/1404/468
vt 0.552118 0.947546
vt 0.552118 0.911183
vt 0.494800 0.911183
f 468/1402/468 457/1370/457 459/1377/459
vt 0.552118 0.947546
vt 0.494800 0.911183
vt 0.490845 0.936950
f 468/1402/468 459/1376/459 458/1374/458
vt 0.676768 0.890093
vt 0.676768 0.873373
vt 0.629814 0.873381
f 199/595/199 241/722/241 469/1407/469
vt 0.676768 0.890093
vt 0.629814 0.873381
vt 0.629814 0.891543
f 199/595/199 469/1406/469 434/1302/434
vt 0.567989 0.873381
vt 0.577076 0.892951
vt 0.629814 0.891543
f 444/1330/444 436/1307/436 434/1302/434
vt 0.567989 0.873381
vt 0.629814 0.891543
vt 0.629814 0.873381
f 444/1330/444 434/1301/434 469/1407/469
vt 0.577076 0.892951
vt 0.567989 0.873381
vt 0.524136 0.873381
f 436/1306/436 444/1331/444 443/1329/443
vt 0.577076 0.892951
vt 0.524136 0.873381
vt 0.527724 0.893274
f 436/1306/436 443/1328/443 438/1314/438
vt 0.527724 0.893274
vt 0.524136 0.873381
vt 0.485020 0.873381
f 438/1312/438 443/1328/443 449/1347/449
vt 0.527724 0.893274
vt 0.485020 0.873381
vt 0.484316 0.896704
f 438/1312/438 449/1346/449 440/1320/440
vt 0.676768 0.958955
vt 0.676768 0.946839
vt 0.616007 0.946794
f 235/703/235 242/725/242 467/1401/467
vt 0.676768 0.958955
vt 0.616007 0.946794
vt 0.615949 0.958637
f 235/703/235 467/1400/467 464/1392/464
vt 0.676768 0.860762
vt 0.676768 0.784046
vt 0.629814 0.784046
f 243/727/243 246/737/246 470/1410/470
vt 0.676768 0.860762
vt 0.629814 0.784046
vt 0.629814 0.860762
f 243/727/243 470/1409/470 471/1413/471
vt 0.629814 0.860762
vt 0.629814 0.784046
vt 0.599653 0.782893
f 471/1411/471 470/1409/470 472/1416/472
vt 0.629814 0.860762
vt 0.599653 0.782893
vt 0.598092 0.821793
f 471/1411/471 472/1415/472 473/1419/473
vt 0.566687 0.821793
vt 0.567989 0.873381
vt 0.599165 0.861944
f 445/1333/445 444/1331/444 474/1422/474
vt 0.566687 0.821793
vt 0.599165 0.861944
vt 0.598092 0.821793
f 445/1333/445 474/1421/474 473/1419/473
vt 0.569882 0.772267
vt 0.566687 0.821793
vt 0.598092 0.821793
f 446/1336/446 445/1334/445 473/1419/473
vt 0.569882 0.772267
vt 0.598092 0.821793
vt 0.599653 0.782893
f 446/1336/446 473/1418/473 472/1416/472
vt 0.676768 0.946839
vt 0.676768 0.911183
vt 0.616007 0.911183
f 242/724/242 222/665/222 456/1368/456
vt 0.676768 0.946839
vt 0.616007 0.911183
vt 0.616007 0.946794
f 242/724/242 456/1367/456 467/1401/467
vt 0.615949 0.958637
vt 0.616007 0.946794
vt 0.552118 0.947546
f 464/1390/464 467/1400/467 468/1404/468
vt 0.615949 0.958637
vt 0.552118 0.947546
vt 0.552274 0.958752
f 464/1390/464 468/1403/468 465/1395/465
vt 0.490845 0.936950
vt 0.498017 0.954358
vt 0.552274 0.958752
f 458/1372/458 466/1397/466 465/1395/465
vt 0.490845 0.936950
vt 0.552274 0.958752
vt 0.552118 0.947546
f 458/1372/458 465/1394/465 468/1404/468
vt 0.676768 0.873373
vt 0.676768 0.860762
vt 0.629814 0.860762
f 241/721/241 243/728/243 471/1413/471
vt 0.676768 0.873373
vt 0.629814 0.860762
vt 0.629814 0.873381
f 241/721/241 471/1412/471 469/1407/469
vt 0.567989 0.873381
vt 0.629814 0.873381
vt 0.629814 0.860762
f 444/1330/444 469/1406/469 471/1413/471
vt 0.567989 0.873381
vt 0.629814 0.860762
vt 0.599165 0.861944
f 444/1330/444 471/1412/471 474/1422/474
vt 0.485068 0.934761
vt 0.489220 0.905055
vt 0.484316 0.896704
f 416/1246/416 441/1322/441 440/1320/440
vt 0.552274 0.958752
vt 0.553702 0.983307
vt 0.676768 0.987152
f 465/1393/465 463/1388/463 233/699/233
vt 0.552274 0.958752
vt 0.676768 0.987152
vt 0.615949 0.958637
f 465/1393/465 233/698/233 464/1392/464
vt 0.552118 0.911183
vt 0.534339 0.903186
vt 0.489220 0.905055
f 457/1369/457 439/1316/439 441/1323/441
vt 0.552118 0.911183
vt 0.489220 0.905055
vt 0.494800 0.911183
f 457/1369/457 441/1322/441 459/1377/459
vt 0.485020 0.873381
vt 0.465421 0.869022
vt 0.484316 0.896704
f 449/1345/449 420/1259/420 440/1320/440
vt 0.485068 0.934761
vt 0.484316 0.896704
vt 0.465421 0.869022
f 416/1246/416 440/1319/440 420/1260/420
vt 0.676768 0.784046
vt 0.676768 0.771974
vt 0.629814 0.772267
f 246/736/246 137/410/137 380/1140/380
vt 0.676768 0.784046
vt 0.629814 0.772267
vt 0.629814 0.784046
f 246/736/246 380/1139/380 470/1410/470
vt 0.629814 0.784046
vt 0.629814 0.772267
vt 0.569882 0.772267
f 470/1408/470 380/1139/380 446/1338/446
vt 0.629814 0.784046
vt 0.569882 0.772267
vt 0.599653 0.782893
f 470/1408/470 446/1337/446 472/1416/472
vt 0.629814 0.772267
vt 0.629814 0.739566
vt 0.578000 0.740787
f 380/1138/380 372/1115/372 374/1122/374
vt 0.629814 0.772267
vt 0.578000 0.740787
vt 0.569882 0.772267
f 380/1138/380 374/1121/374 446/1338/446
vt 0.569882 0.772267
vt 0.578000 0.740787
vt 0.529340 0.741356
f 446/1336/446 374/1121/374 376/1128/376
vt 0.569882 0.772267
vt 0.529340 0.741356
vt 0.524599 0.762381
f 446/1336/446 376/1127/376 447/1341/447
vt 0.529340 0.741356
vt 0.484206 0.738972
vt 0.524599 0.762381
f 376/1126/376 378/1133/378 447/1341/447
vt 0.616007 0.911183
vt 0.629814 0.903186
vt 0.581559 0.903186
f 456/1366/456 435/1304/435 437/1311/437
vt 0.616007 0.911183
vt 0.581559 0.903186
vt 0.552118 0.911183
f 456/1366/456 437/1310/437 457/1371/457
vt 0.629814 0.860762
vt 0.598092 0.821793
vt 0.599165 0.861944
f 471/1411/471 473/1418/473 474/1422/474
vt 0.490845 0.936950
vt 0.485068 0.934761
vt 0.495521 0.960872
f 458/1372/458 416/1247/416 414/1242/414
vt 0.490845 0.936950
vt 0.495521 0.960872
vt 0.498017 0.954358
f 458/1372/458 414/1241/414 466/1398/466
vt 0.553702 0.983307
vt 0.506961 0.974802
vt 0.585125 1.005114
f 463/1387/463 397/1190/397 461/1383/461
vt 0.941013 0.666839
vt 0.986474 0.680800
vt 0.999479 0.674647
f 395/1183/395 396/1187/396 397/1191/397
vt 0.941013 0.666839
vt 0.999479 0.674647
vt 0.830132 0.650849
f 395/1183/395 397/1190/397 398/1194/398
vt 0.478786 0.530201
vt 0.585017 0.507639
vt 0.482617 0.466147
f 371/1111/371 399/1196/399 388/1164/388
vt 0.776634 0.666557
vt 0.830132 0.650849
vt 0.647434 0.652436
f 407/1219/407 398/1193/398 408/1224/408
vt 0.776634 0.666557
vt 0.647434 0.652436
vt 0.672219 0.666277
f 407/1219/407 408/1223/408 409/1227/409
vt 0.672219 0.666277
vt 0.647434 0.652436
vt 0.568186 0.662664
f 409/1225/409 408/1223/408 410/1230/410
vt 0.525957 0.412654
vt 0.501017 0.460823
vt 0.585017 0.507639
f 411/1231/411 389/1166/389 399/1197/399
vt 0.525957 0.412654
vt 0.585017 0.507639
vt 0.549325 0.412247
f 411/1231/411 399/1196/399 412/1236/412
vt 0.549325 0.412247
vt 0.552772 0.323082
vt 0.525957 0.412654
f 412/1234/412 360/1079/360 411/1233/411
vt 0.501017 0.460823
vt 0.525957 0.412654
vt 0.500297 0.448285
f 389/1165/389 411/1232/411 390/1170/390
vt 0.444967 0.366309
vt 0.496665 0.411064
vt 0.525957 0.412654
f 359/1075/359 387/1160/387 411/1233/411
vt 0.444967 0.366309
vt 0.525957 0.412654
vt 0.552772 0.323082
f 359/1075/359 411/1232/411 360/1080/360
vt 0.849351 0.638110
vt 0.830132 0.650849
vt 0.999479 0.674647
f 413/1237/413 398/1193/398 397/1191/397
vt 0.849351 0.638110
vt 0.999479 0.674647
vt 1.001066 0.661561
f 413/1237/413 397/1190/397 414/1242/414
vt 0.870520 0.616359
vt 0.849351 0.638110
vt 1.001066 0.661561
f 415/1243/415 413/1238/413 414/1242/414
vt 0.870520 0.616359
vt 1.001066 0.661561
vt 1.003897 0.637033
f 415/1243/415 414/1241/414 416/1248/416
vt 0.830132 0.650849
vt 0.849351 0.638110
vt 0.673358 0.641491
f 398/1192/398 413/1238/413 417/1251/417
vt 0.830132 0.650849
vt 0.673358 0.641491
vt 0.647434 0.652436
f 398/1192/398 417/1250/417 408/1224/408
vt 0.849351 0.638110
vt 0.870520 0.616359
vt 0.688324 0.619323
f 413/1237/413 415/1244/415 418/1254/418
vt 0.849351 0.638110
vt 0.688324 0.619323
vt 0.673358 0.641491
f 413/1237/413 418/1253/418 417/1251/417
vt 0.470096 0.620913
vt 0.464112 0.633343
vt 0.647434 0.652436
f 385/1153/385 384/1151/384 408/1224/408
vt 0.470096 0.620913
vt 0.647434 0.652436
vt 0.673358 0.641491
f 385/1153/385 408/1223/408 417/1251/417
vt 0.478786 0.603856
vt 0.470096 0.620913
vt 0.673358 0.641491
f 370/1108/370 385/1154/385 417/1251/417
vt 0.478786 0.603856
vt 0.673358 0.641491
vt 0.688324 0.619323
f 370/1108/370 417/1250/417 418/1254/418
vt 0.900093 0.556885
vt 0.870520 0.616359
vt 1.003897 0.637033
f 419/1255/419 415/1244/415 416/1248/416
vt 0.900093 0.556885
vt 1.003897 0.637033
vt 0.976673 0.622280
f 419/1255/419 416/1247/416 420/1260/420
vt 0.870520 0.616359
vt 0.900093 0.556885
vt 0.780032 0.557060
f 415/1243/415 419/1256/419 421/1263/421
vt 0.870520 0.616359
vt 0.780032 0.557060
vt 0.688324 0.619323
f 415/1243/415 421/1262/421 418/1254/418
vt 0.688324 0.619323
vt 0.780032 0.557060
vt 0.696575 0.556885
f 418/1252/418 421/1262/421 422/1266/422
vt 0.914822 0.512519
vt 0.900093 0.556885
vt 0.976673 0.622280
f 423/1267/423 419/1256/419 420/1260/420
vt 0.914822 0.512519
vt 0.976673 0.622280
vt 0.986636 0.559522
f 423/1267/423 420/1259/420 424/1272/424
vt 0.986636 0.559522
vt 0.999103 0.434340
vt 0.928220 0.432347
f 424/1270/424 379/1136/379 425/1275/425
vt 0.986636 0.559522
vt 0.928220 0.432347
vt 0.914822 0.512519
f 424/1270/424 425/1274/425 423/1269/423
vt 0.900093 0.556885
vt 0.914822 0.512519
vt 0.803820 0.516425
f 419/1255/419 423/1268/423 426/1278/426
vt 0.900093 0.556885
vt 0.803820 0.516425
vt 0.780032 0.557060
f 419/1255/419 426/1277/426 421/1263/421
vt 0.803820 0.516425
vt 0.914822 0.512519
vt 0.928220 0.432347
f 426/1276/426 423/1268/423 425/1275/425
vt 0.803820 0.516425
vt 0.928220 0.432347
vt 0.852099 0.429540
f 426/1276/426 425/1274/425 427/1281/427
vt 0.780032 0.557060
vt 0.803820 0.516425
vt 0.696575 0.556885
f 421/1261/421 426/1277/426 422/1266/422
vt 0.933085 0.379934
vt 0.928220 0.432347
vt 0.999103 0.434340
f 428/1282/428 425/1274/425 379/1137/379
vt 0.933085 0.379934
vt 0.999103 0.434340
vt 0.998037 0.390124
f 428/1282/428 379/1136/379 429/1287/429
vt 0.942959 0.361275
vt 0.933085 0.379934
vt 0.998037 0.390124
f 430/1288/430 428/1283/428 429/1287/429
vt 0.942959 0.361275
vt 0.998037 0.390124
vt 0.995873 0.377168
f 430/1288/430 429/1286/429 431/1293/431
vt 0.928220 0.432347
vt 0.933085 0.379934
vt 0.866604 0.370422
f 425/1273/425 428/1283/428 432/1296/432
vt 0.928220 0.432347
vt 0.866604 0.370422
vt 0.852099 0.429540
f 425/1273/425 432/1295/432 427/1281/427
vt 0.933085 0.379934
vt 0.942959 0.361275
vt 0.882373 0.351817
f 428/1282/428 430/1289/430 433/1299/433
vt 0.933085 0.379934
vt 0.882373 0.351817
vt 0.866604 0.370422
f 428/1282/428 433/1298/433 432/1296/432
vt 0.475557 0.652016
vt 0.464112 0.633343
vt 0.453274 0.650287
f 478/1432/478 384/1151/384 392/1176/392
vt 0.696575 0.556885
vt 0.585017 0.507639
vt 0.478786 0.530201
f 422/1264/422 399/1196/399 371/1113/371
vt 0.521844 0.657061
vt 0.464112 0.633343
vt 0.475557 0.652016
f 482/1444/482 384/1151/384 478/1434/478
vt 0.525957 0.412654
vt 0.496665 0.411064
vt 0.500297 0.448285
f 411/1231/411 387/1160/387 390/1170/390
vt 0.585017 0.507639
vt 0.501017 0.460823
vt 0.482617 0.466147
f 399/1195/399 389/1166/389 388/1164/388
vt 0.521844 0.657061
vt 0.568186 0.662664
vt 0.647434 0.652436
f 482/1444/482 410/1229/410 408/1224/408
vt 0.521844 0.657061
vt 0.647434 0.652436
vt 0.464112 0.633343
f 482/1444/482 408/1223/408 384/1152/384
vt 0.478786 0.603856
vt 0.688324 0.619323
vt 0.696575 0.556885
f 370/1108/370 418/1253/418 422/1266/422
vt 0.478786 0.603856
vt 0.696575 0.556885
vt 0.478786 0.530201
f 370/1108/370 422/1265/422 371/1113/371
vt 0.478786 0.530201
vt 0.482617 0.466147
vt 0.462958 0.464712
f 371/1111/371 388/1163/388 342/1026/342
vt 0.830132 0.650849
vt 0.776634 0.666557
vt 0.862874 0.667926
f 398/1192/398 407/1220/407 483/1449/483
vt 0.830132 0.650849
vt 0.862874 0.667926
vt 0.941013 0.666839
f 398/1192/398 483/1448/483 395/1185/395
vt 0.909696 0.321898
vt 0.875950 0.360441
vt 0.999214 0.360441
f 357/1069/357 358/1073/358 359/1077/359
vt 0.909696 0.321898
vt 0.999214 0.360441
vt 1.057832 0.310326
f 357/1069/357 359/1076/359 360/1080/360
vt 0.875950 0.360441
vt 0.909696 0.321898
vt 0.761402 0.321898
f 358/1072/358 357/1070/357 361/1083/361
vt 0.875950 0.360441
vt 0.761402 0.321898
vt 0.749810 0.360441
f 358/1072/358 361/1082/361 348/1044/348
vt 0.875950 0.360441
vt 0.867732 0.378626
vt 0.985185 0.383874
f 358/1072/358 347/1040/347 346/1038/346
vt 0.875950 0.360441
vt 0.985185 0.383874
vt 0.992004 0.375747
f 358/1072/358 346/1037/346 381/1143/381
vt 0.867732 0.378626
vt 0.875950 0.360441
vt 0.749810 0.360441
f 347/1039/347 358/1073/358 348/1044/348
vt 0.992004 0.375747
vt 0.999214 0.360441
vt 0.875950 0.360441
f 381/1141/381 359/1076/359 358/1074/358
vt 1.008997 0.474526
vt 1.007568 0.462859
vt 0.874623 0.456200
f 342/1024/342 343/1028/343 344/1032/344
vt 1.001697 0.422965
vt 0.985185 0.383874
vt 0.867732 0.378626
f 345/1033/345 346/1037/346 347/1041/347
vt 0.874623 0.456200
vt 0.867732 0.378626
vt 0.749810 0.360441
f 344/1030/344 347/1040/347 348/1044/348
vt 0.874623 0.456200
vt 0.749810 0.360441
vt 0.739316 0.451241
f 344/1030/344 348/1043/348 349/1047/349
vt 0.878006 0.534277
vt 0.878317 0.622063
vt 1.017603 0.635844
f 368/1102/368 369/1106/369 370/1110/370
vt 0.878006 0.534277
vt 1.017603 0.635844
vt 1.017603 0.550452
f 368/1102/368 370/1109/370 371/1113/371
vt 1.017603 0.550452
vt 1.008997 0.474526
vt 0.874623 0.456200
f 371/1111/371 342/1025/342 344/1032/344
vt 1.017603 0.550452
vt 0.874623 0.456200
vt 0.878006 0.534277
f 371/1111/371 344/1031/344 368/1104/368
vt 0.733077 0.529388
vt 0.738343 0.611488
vt 0.878317 0.622063
f 352/1054/352 335/1004/335 369/1107/369
vt 0.733077 0.529388
vt 0.878317 0.622063
vt 0.878006 0.534277
f 352/1054/352 369/1106/369 368/1104/368
vt 0.878006 0.534277
vt 0.874623 0.456200
vt 0.739316 0.451241
f 368/1102/368 344/1031/344 349/1047/349
vt 0.878006 0.534277
vt 0.739316 0.451241
vt 0.733077 0.529388
f 368/1102/368 349/1046/349 352/1056/352
vt 0.878547 0.643701
vt 0.878897 0.661154
vt 1.009624 0.670031
f 382/1144/382 383/1148/383 384/1152/384
vt 0.878547 0.643701
vt 1.009624 0.670031
vt 1.012878 0.655620
f 382/1144/382 384/1151/384 385/1155/385
vt 1.012878 0.655620
vt 1.017603 0.635844
vt 0.878317 0.622063
f 385/1153/385 370/1109/370 369/1107/369
vt 1.012878 0.655620
vt 0.878317 0.622063
vt 0.878547 0.643701
f 385/1153/385 369/1106/369 382/1146/382
vt 0.742814 0.634345
vt 0.748163 0.653696
vt 0.878897 0.661154
f 333/997/333 319/956/319 383/1149/383
vt 0.742814 0.634345
vt 0.878897 0.661154
vt 0.878547 0.643701
f 333/997/333 383/1148/383 382/1146/382
vt 0.738343 0.611488
vt 0.742814 0.634345
vt 0.878547 0.643701
f 335/1003/335 333/998/333 382/1146/382
vt 0.738343 0.611488
vt 0.878547 0.643701
vt 0.878317 0.622063
f 335/1003/335 382/1145/382 369/1107/369
vt 1.003731 0.689675
vt 1.009624 0.670031
vt 0.878897 0.661154
f 392/1174/392 384/1151/384 383/1149/383
vt 1.003731 0.689675
vt 0.878897 0.661154
vt 0.883205 0.676656
f 392/1174/392 383/1148/383 393/1179/393
vt 0.748163 0.653696
vt 0.762666 0.666694
vt 0.883205 0.676656
f 319/955/319 394/1181/394 393/1179/393
vt 0.748163 0.653696
vt 0.883205 0.676656
vt 0.878897 0.661154
f 319/955/319 393/1178/393 383/1149/383
vt 0.867732 0.378626
vt 0.874623 0.456200
vt 1.007568 0.462859
f 347/1039/347 344/1031/344 343/1029/343
vt 0.867732 0.378626
vt 1.007568 0.462859
vt 1.001697 0.422965
f 347/1039/347 343/1028/343 345/1035/345
vt 0.772512 0.657584
vt 0.793131 0.656074
vt 0.785303 0.606881
f 296/886/296 297/890/297 298/894/298
vt 0.772512 0.657584
vt 0.785303 0.606881
vt 0.762056 0.605892
f 296/886/296 298/893/298 299/897/299
vt 0.793131 0.656074
vt 0.772512 0.657584
vt 0.783021 0.698998
f 297/889/297 296/887/296 300/900/300
vt 0.793131 0.656074
vt 0.783021 0.698998
vt 0.797124 0.697250
f 297/889/297 300/899/300 301/903/301
vt 0.803717 0.605852
vt 0.785303 0.606881
vt 0.793131 0.656074
f 306/916/306 298/893/298 297/891/297
vt 0.803717 0.605852
vt 0.793131 0.656074
vt 0.811573 0.649768
f 306/916/306 297/890/297 307/921/307
vt 0.811573 0.649768
vt 0.793131 0.656074
vt 0.797124 0.697250
f 307/919/307 297/890/297 301/903/301
vt 0.811573 0.649768
vt 0.797124 0.697250
vt 0.816007 0.695484
f 307/919/307 301/902/301 308/924/308
vt 0.859525 0.631888
vt 0.907639 0.606425
vt 0.909129 0.562939
f 310/928/310 311/932/311 312/936/312
vt 0.859525 0.631888
vt 0.909129 0.562939
vt 0.856499 0.592638
f 310/928/310 312/935/312 313/939/313
vt 0.856499 0.592638
vt 0.803717 0.605852
vt 0.811573 0.649768
f 313/937/313 306/917/306 307/921/307
vt 0.856499 0.592638
vt 0.811573 0.649768
vt 0.859525 0.631888
f 313/937/313 307/920/307 310/930/310
vt 0.907639 0.606425
vt 0.859525 0.631888
vt 0.855981 0.667685
f 311/931/311 310/929/310 314/942/314
vt 0.907639 0.606425
vt 0.855981 0.667685
vt 0.911854 0.641408
f 311/931/311 314/941/314 279/837/279
vt 0.811573 0.649768
vt 0.816007 0.695484
vt 0.829559 0.678175
f 307/919/307 308/923/308 315/945/315
vt 0.976546 0.414686
vt 0.984993 0.436065
vt 0.983664 0.338005
f 316/946/316 317/950/317 318/954/318
vt 0.976546 0.414686
vt 0.983664 0.338005
vt 0.974647 0.328041
f 316/946/316 318/953/318 319/957/319
vt 0.984993 0.436065
vt 0.976546 0.414686
vt 0.977295 0.501353
f 317/949/317 316/947/316 320/960/320
vt 0.984993 0.436065
vt 0.977295 0.501353
vt 0.983299 0.503639
f 317/949/317 320/959/320 321/963/321
vt 0.964129 0.417981
vt 0.976546 0.414686
vt 0.974647 0.328041
f 332/994/332 316/947/316 319/957/319
vt 0.964129 0.417981
vt 0.974647 0.328041
vt 0.961573 0.334969
f 332/994/332 319/956/319 333/999/333
vt 0.950424 0.421428
vt 0.964129 0.417981
vt 0.961573 0.334969
f 334/1000/334 332/995/332 333/999/333
vt 0.950424 0.421428
vt 0.961573 0.334969
vt 0.945943 0.341214
f 334/1000/334 333/998/333 335/1005/335
vt 0.976546 0.414686
vt 0.964129 0.417981
vt 0.967218 0.501416
f 316/946/316 332/995/332 336/1008/336
vt 0.976546 0.414686
vt 0.967218 0.501416
vt 0.977295 0.501353
f 316/946/316 336/1007/336 320/960/320
vt 0.964129 0.417981
vt 0.950424 0.421428
vt 0.956372 0.501479
f 332/994/332 334/1001/334 337/1011/337
vt 0.964129 0.417981
vt 0.956372 0.501479
vt 0.967218 0.501416
f 332/994/332 337/1010/337 336/1008/336
vt 0.911854 0.641408
vt 0.935091 0.629736
vt 0.954850 0.571233
f 279/835/279 278/833/278 338/1014/338
vt 0.911854 0.641408
vt 0.954850 0.571233
vt 0.939127 0.573391
f 279/835/279 338/1013/338 339/1017/339
vt 0.935091 0.629736
vt 0.950281 0.631460
vt 0.967031 0.568438
f 278/832/278 277/830/277 340/1020/340
vt 0.935091 0.629736
vt 0.967031 0.568438
vt 0.954850 0.571233
f 278/832/278 340/1019/340 338/1014/338
vt 0.967218 0.501416
vt 0.956372 0.501479
vt 0.939127 0.573391
f 336/1006/336 337/1010/337 339/1017/339
vt 0.967218 0.501416
vt 0.939127 0.573391
vt 0.954850 0.571233
f 336/1006/336 339/1016/339 338/1014/338
vt 0.977295 0.501353
vt 0.967218 0.501416
vt 0.954850 0.571233
f 320/958/320 336/1007/336 338/1014/338
vt 0.977295 0.501353
vt 0.954850 0.571233
vt 0.967031 0.568438
f 320/958/320 338/1013/338 340/1020/340
vt 0.911854 0.641408
vt 0.939127 0.573391
vt 0.921095 0.572477
f 279/835/279 339/1016/339 341/1023/341
vt 0.911854 0.641408
vt 0.921095 0.572477
vt 0.907639 0.606425
f 279/835/279 341/1022/341 311/933/311
vt 0.907639 0.606425
vt 0.921095 0.572477
vt 0.909129 0.562939
f 311/931/311 341/1022/341 312/936/312
vt 0.897604 0.444107
vt 0.950424 0.421428
vt 0.893270 0.399420
f 350/1048/350 334/1001/334 351/1053/351
vt 0.950424 0.421428
vt 0.945943 0.341214
vt 0.888704 0.352337
f 334/1000/334 335/1004/335 352/1056/352
vt 0.950424 0.421428
vt 0.888704 0.352337
vt 0.893270 0.399420
f 334/1000/334 352/1055/352 351/1053/351
vt 0.897604 0.444107
vt 0.893270 0.399420
vt 0.836807 0.389589
f 350/1048/350 351/1052/351 353/1059/353
vt 0.897604 0.444107
vt 0.836807 0.389589
vt 0.840160 0.424159
f 350/1048/350 353/1058/353 354/1062/354
vt 0.833078 0.351131
vt 0.836807 0.389589
vt 0.893270 0.399420
f 349/1045/349 353/1058/353 351/1053/351
vt 0.833078 0.351131
vt 0.893270 0.399420
vt 0.888704 0.352337
f 349/1045/349 351/1052/351 352/1056/352
vt 0.833078 0.351131
vt 0.768115 0.346328
vt 0.771946 0.385839
f 349/1045/349 348/1043/348 355/1065/355
vt 0.833078 0.351131
vt 0.771946 0.385839
vt 0.836807 0.389589
f 349/1045/349 355/1064/355 353/1059/353
vt 0.836807 0.389589
vt 0.771946 0.385839
vt 0.775777 0.425340
f 353/1057/353 355/1064/355 356/1068/356
vt 0.836807 0.389589
vt 0.775777 0.425340
vt 0.840160 0.424159
f 353/1057/353 356/1067/356 354/1062/354
vt 0.768115 0.346328
vt 0.739814 0.336808
vt 0.744318 0.383254
f 348/1042/348 361/1082/361 362/1086/362
vt 0.768115 0.346328
vt 0.744318 0.383254
vt 0.771946 0.385839
f 348/1042/348 362/1085/362 355/1065/355
vt 0.771946 0.385839
vt 0.744318 0.383254
vt 0.740677 0.430472
f 355/1063/355 362/1085/362 363/1089/363
vt 0.771946 0.385839
vt 0.740677 0.430472
vt 0.775777 0.425340
f 355/1063/355 363/1088/363 356/1068/356
vt 0.921095 0.572477
vt 0.934898 0.500158
vt 0.909129 0.562939
f 341/1021/341 475/1424/475 312/936/312
vt 0.939127 0.573391
vt 0.956372 0.501479
vt 0.934898 0.500158
f 339/1015/339 337/1010/337 475/1425/475
vt 0.939127 0.573391
vt 0.934898 0.500158
vt 0.921095 0.572477
f 339/1015/339 475/1424/475 341/1023/341
vt 0.982319 0.311952
vt 0.974647 0.328041
vt 0.983664 0.338005
f 394/1180/394 319/956/319 318/954/318
vt 0.983299 0.503639
vt 0.977295 0.501353
vt 0.967031 0.568438
f 321/961/321 320/959/320 340/1020/340
vt 0.983299 0.503639
vt 0.967031 0.568438
vt 0.950281 0.631460
f 321/961/321 340/1019/340 277/831/277
vt 0.859525 0.631888
vt 0.811573 0.649768
vt 0.829559 0.678175
f 310/928/310 307/920/307 315/945/315
vt 0.859525 0.631888
vt 0.829559 0.678175
vt 0.855981 0.667685
f 310/928/310 315/944/315 314/942/314
vt 0.956372 0.501479
vt 0.950424 0.421428
vt 0.897604 0.444107
f 337/1009/337 334/1001/334 350/1050/350
vt 0.956372 0.501479
vt 0.897604 0.444107
vt 0.934898 0.500158
f 337/1009/337 350/1049/350 475/1425/475
vt 0.628122 0.655208
vt 0.582362 0.655208
vt 0.589110 0.605564
f 1/1/1 2/5/2 3/9/3
vt 0.628122 0.655208
vt 0.589110 0.605564
vt 0.641566 0.605564
f 1/1/1 3/8/3 4/12/4
vt 0.641566 0.605564
vt 0.589110 0.605564
vt 0.595928 0.559240
f 4/10/4 3/8/3 5/15/5
vt 0.641566 0.605564
vt 0.595928 0.559240
vt 0.652187 0.559240
f 4/10/4 5/14/5 6/18/6
vt 0.582362 0.655208
vt 0.536364 0.655208
vt 0.536364 0.605564
f 2/4/2 7/20/7 8/24/8
vt 0.582362 0.655208
vt 0.536364 0.605564
vt 0.589110 0.605564
f 2/4/2 8/23/8 3/9/3
vt 0.589110 0.605564
vt 0.536364 0.605564
vt 0.536364 0.559240
f 3/7/3 8/23/8 9/27/9
vt 0.589110 0.605564
vt 0.536364 0.559240
vt 0.595928 0.559240
f 3/7/3 9/26/9 5/15/5
vt 0.652187 0.559240
vt 0.595928 0.559240
vt 0.591455 0.542293
f 6/16/6 5/14/5 31/93/31
vt 0.652187 0.559240
vt 0.591455 0.542293
vt 0.645798 0.542293
f 6/16/6 31/92/31 30/90/30
vt 0.595928 0.559240
vt 0.536364 0.559240
vt 0.536364 0.541323
f 5/13/5 9/26/9 34/102/34
vt 0.595928 0.559240
vt 0.536364 0.541323
vt 0.591455 0.542293
f 5/13/5 34/101/34 31/93/31
vt 0.640608 0.460361
vt 0.590319 0.460361
vt 0.587663 0.445862
f 33/97/33 32/95/32 35/105/35
vt 0.640608 0.460361
vt 0.587663 0.445862
vt 0.638469 0.445862
f 33/97/33 35/104/35 36/108/36
vt 0.590319 0.460361
vt 0.536364 0.460361
vt 0.536364 0.445862
f 32/94/32 37/110/37 38/114/38
vt 0.590319 0.460361
vt 0.536364 0.445862
vt 0.587663 0.445862
f 32/94/32 38/113/38 35/105/35
vt 0.712277 0.657692
vt 0.705438 0.616856
vt 0.728349 0.600884
f 14/40/14 39/116/39 40/120/40
vt 0.712277 0.657692
vt 0.728349 0.600884
vt 0.742508 0.670879
f 14/40/14 40/119/40 27/81/27
vt 0.536364 0.445862
vt 0.536364 0.409249
vt 0.587181 0.409249
f 38/112/38 41/122/41 42/126/42
vt 0.536364 0.445862
vt 0.587181 0.409249
vt 0.587663 0.445862
f 38/112/38 42/125/42 35/105/35
vt 0.587663 0.445862
vt 0.587181 0.409249
vt 0.637657 0.409249
f 35/103/35 42/125/42 43/129/43
vt 0.587663 0.445862
vt 0.637657 0.409249
vt 0.638469 0.445862
f 35/103/35 43/128/43 36/108/36
vt 0.652187 0.559240
vt 0.645798 0.542293
vt 0.650453 0.508902
f 6/16/6 30/89/30 44/132/44
vt 0.652187 0.559240
vt 0.650453 0.508902
vt 0.658600 0.509943
f 6/16/6 44/131/44 45/135/45
vt 0.658600 0.509943
vt 0.650453 0.508902
vt 0.647390 0.477893
f 45/133/45 44/131/44 46/138/46
vt 0.658600 0.509943
vt 0.647390 0.477893
vt 0.652464 0.467057
f 45/133/45 46/137/46 47/141/47
vt 0.640608 0.460361
vt 0.638469 0.445862
vt 0.652464 0.467057
f 33/97/33 36/107/36 47/141/47
vt 0.640608 0.460361
vt 0.652464 0.467057
vt 0.647390 0.477893
f 33/97/33 47/140/47 46/138/46
vt 0.637657 0.409249
vt 0.587181 0.409249
vt 0.588188 0.381387
f 43/127/43 42/125/42 54/162/54
vt 0.637657 0.409249
vt 0.588188 0.381387
vt 0.639627 0.382121
f 43/127/43 54/161/54 55/165/55
vt 0.587181 0.409249
vt 0.536364 0.409249
vt 0.536364 0.380608
f 42/124/42 41/122/41 56/168/56
vt 0.587181 0.409249
vt 0.536364 0.380608
vt 0.588188 0.381387
f 42/124/42 56/167/56 54/162/54
vt 0.652187 0.559240
vt 0.658600 0.509943
vt 0.669868 0.509161
f 6/16/6 45/134/45 57/171/57
vt 0.652187 0.559240
vt 0.669868 0.509161
vt 0.670013 0.551465
f 6/16/6 57/170/57 58/174/58
vt 0.658600 0.509943
vt 0.652464 0.467057
vt 0.676830 0.467450
f 45/133/45 47/140/47 62/186/62
vt 0.658600 0.509943
vt 0.676830 0.467450
vt 0.669868 0.509161
f 45/133/45 62/185/62 57/171/57
vt 0.676830 0.467450
vt 0.696840 0.498796
vt 0.669868 0.509161
f 62/184/62 79/236/79 57/171/57
vt 0.676830 0.467450
vt 0.697574 0.450742
vt 0.722430 0.498796
f 62/184/62 61/182/61 81/243/81
vt 0.676830 0.467450
vt 0.722430 0.498796
vt 0.696840 0.498796
f 62/184/62 81/242/81 79/237/79
vt 0.705438 0.616856
vt 0.676975 0.597001
vt 0.692721 0.587997
f 39/115/39 83/248/83 75/225/75
vt 0.705438 0.616856
vt 0.692721 0.587997
vt 0.705866 0.605969
f 39/115/39 75/224/75 84/252/84
vt 0.692721 0.587997
vt 0.724851 0.587997
vt 0.705866 0.605969
f 75/223/75 78/233/78 84/252/84
vt 0.728349 0.600884
vt 0.705438 0.616856
vt 0.705866 0.605969
f 40/118/40 39/116/39 84/252/84
vt 0.728349 0.600884
vt 0.705866 0.605969
vt 0.724851 0.587997
f 40/118/40 84/251/84 78/234/78
vt 0.724851 0.587997
vt 0.733058 0.543659
vt 0.728349 0.600884
f 78/232/78 67/200/67 40/120/40
vt 0.638469 0.445862
vt 0.697574 0.450742
vt 0.676830 0.467450
f 36/106/36 61/182/61 62/186/62
vt 0.638469 0.445862
vt 0.676830 0.467450
vt 0.652464 0.467057
f 36/106/36 62/185/62 47/141/47
vt 0.669868 0.509161
vt 0.696840 0.498796
vt 0.695487 0.538884
f 57/169/57 79/236/79 80/240/80
vt 0.669868 0.509161
vt 0.695487 0.538884
vt 0.670013 0.551465
f 57/169/57 80/239/80 58/174/58
vt 0.690798 0.550501
vt 0.670013 0.551465
vt 0.695487 0.538884
f 76/226/76 58/173/58 80/240/80
vt 0.692721 0.587997
vt 0.676975 0.597001
vt 0.670013 0.551465
f 75/223/75 83/248/83 58/174/58
vt 0.692721 0.587997
vt 0.670013 0.551465
vt 0.690798 0.550501
f 75/223/75 58/173/58 76/228/76
vt 0.728349 0.600884
vt 0.733058 0.543659
vt 0.742508 0.670879
f 40/118/40 67/200/67 27/81/27
vt 0.637657 0.409249
vt 0.639627 0.382121
vt 0.702683 0.378168
f 43/127/43 55/164/55 53/159/53
vt 0.637657 0.409249
vt 0.702683 0.378168
vt 0.701044 0.409249
f 43/127/43 53/158/53 52/156/52
vt 0.641566 0.605564
vt 0.652187 0.559240
vt 0.670013 0.551465
f 4/10/4 6/17/6 58/174/58
vt 0.641566 0.605564
vt 0.670013 0.551465
vt 0.676975 0.597001
f 4/10/4 58/173/58 83/249/83
vt 0.628122 0.655208
vt 0.641566 0.605564
vt 0.676975 0.597001
f 1/1/1 4/11/4 83/249/83
vt 0.628122 0.655208
vt 0.676975 0.597001
vt 0.673126 0.655208
f 1/1/1 83/248/83 10/30/10
vt 0.673126 0.655208
vt 0.676975 0.597001
vt 0.705438 0.616856
f 10/28/10 83/248/83 39/117/39
vt 0.673126 0.655208
vt 0.705438 0.616856
vt 0.712277 0.657692
f 10/28/10 39/116/39 14/42/14
vt 0.638469 0.445862
vt 0.637657 0.409249
vt 0.701044 0.409249
f 36/106/36 43/128/43 52/156/52
vt 0.638469 0.445862
vt 0.701044 0.409249
vt 0.697574 0.450742
f 36/106/36 52/155/52 61/183/61
vt 0.483617 0.605564
vt 0.490365 0.655208
vt 0.444605 0.655208
f 259/775/259 260/779/260 261/783/261
vt 0.483617 0.605564
vt 0.444605 0.655208
vt 0.431161 0.605564
f 259/775/259 261/782/261 262/786/262
vt 0.476799 0.559240
vt 0.483617 0.605564
vt 0.431161 0.605564
f 263/787/263 259/776/259 262/786/262
vt 0.476799 0.559240
vt 0.431161 0.605564
vt 0.420540 0.559240
f 263/787/263 262/785/262 264/792/264
vt 0.536364 0.605564
vt 0.536364 0.655208
vt 0.490365 0.655208
f 8/22/8 7/20/7 260/780/260
vt 0.536364 0.605564
vt 0.490365 0.655208
vt 0.483617 0.605564
f 8/22/8 260/779/260 259/777/259
vt 0.536364 0.559240
vt 0.536364 0.605564
vt 0.483617 0.605564
f 9/25/9 8/23/8 259/777/259
vt 0.536364 0.559240
vt 0.483617 0.605564
vt 0.476799 0.559240
f 9/25/9 259/776/259 263/789/263
vt 0.420540 0.559240
vt 0.426929 0.542293
vt 0.481272 0.542293
f 264/790/264 282/845/282 285/855/285
vt 0.420540 0.559240
vt 0.481272 0.542293
vt 0.476799 0.559240
f 264/790/264 285/854/285 263/789/263
vt 0.536364 0.541323
vt 0.536364 0.559240
vt 0.476799 0.559240
f 34/100/34 9/26/9 263/789/263
vt 0.536364 0.541323
vt 0.476799 0.559240
vt 0.481272 0.542293
f 34/100/34 263/788/263 285/855/285
vt 0.485064 0.445862
vt 0.482408 0.460361
vt 0.432119 0.460361
f 286/856/286 284/851/284 283/849/283
vt 0.485064 0.445862
vt 0.432119 0.460361
vt 0.434258 0.445862
f 286/856/286 283/848/283 287/861/287
vt 0.536364 0.445862
vt 0.536364 0.460361
vt 0.482408 0.460361
f 38/112/38 37/110/37 284/852/284
vt 0.536364 0.445862
vt 0.482408 0.460361
vt 0.485064 0.445862
f 38/112/38 284/851/284 286/858/286
vt 0.360450 0.657692
vt 0.330219 0.670879
vt 0.344378 0.600884
f 269/805/269 279/836/279 288/864/288
vt 0.360450 0.657692
vt 0.344378 0.600884
vt 0.367289 0.616856
f 269/805/269 288/863/288 289/867/289
vt 0.536364 0.445862
vt 0.485064 0.445862
vt 0.485546 0.409249
f 38/112/38 286/857/286 290/870/290
vt 0.536364 0.445862
vt 0.485546 0.409249
vt 0.536364 0.409249
f 38/112/38 290/869/290 41/123/41
vt 0.485064 0.445862
vt 0.434258 0.445862
vt 0.435070 0.409249
f 286/856/286 287/860/287 291/873/291
vt 0.485064 0.445862
vt 0.435070 0.409249
vt 0.485546 0.409249
f 286/856/286 291/872/291 290/870/290
vt 0.422274 0.508902
vt 0.426929 0.542293
vt 0.420540 0.559240
f 292/874/292 282/845/282 264/792/264
vt 0.422274 0.508902
vt 0.420540 0.559240
vt 0.414127 0.509943
f 292/874/292 264/791/264 293/879/293
vt 0.425337 0.477893
vt 0.422274 0.508902
vt 0.414127 0.509943
f 294/880/294 292/875/292 293/879/293
vt 0.425337 0.477893
vt 0.414127 0.509943
vt 0.420263 0.467057
f 294/880/294 293/878/293 295/885/295
vt 0.432119 0.460361
vt 0.425337 0.477893
vt 0.420263 0.467057
f 283/847/283 294/881/294 295/885/295
vt 0.432119 0.460361
vt 0.420263 0.467057
vt 0.434258 0.445862
f 283/847/283 295/884/295 287/861/287
vt 0.435070 0.409249
vt 0.433100 0.382121
vt 0.484539 0.381387
f 291/871/291 302/905/302 303/909/303
vt 0.435070 0.409249
vt 0.484539 0.381387
vt 0.485546 0.409249
f 291/871/291 303/908/303 290/870/290
vt 0.536364 0.380608
vt 0.536364 0.409249
vt 0.485546 0.409249
f 56/166/56 41/122/41 290/870/290
vt 0.536364 0.380608
vt 0.485546 0.409249
vt 0.484539 0.381387
f 56/166/56 290/869/290 303/909/303
vt 0.420540 0.559240
vt 0.402714 0.551465
vt 0.402859 0.509161
f 264/790/264 304/911/304 305/915/305
vt 0.420540 0.559240
vt 0.402859 0.509161
vt 0.414127 0.509943
f 264/790/264 305/914/305 293/879/293
vt 0.414127 0.509943
vt 0.402859 0.509161
vt 0.395897 0.467450
f 293/877/293 305/914/305 309/927/309
vt 0.414127 0.509943
vt 0.395897 0.467450
vt 0.420263 0.467057
f 293/877/293 309/926/309 295/885/295
vt 0.395897 0.467450
vt 0.402859 0.509161
vt 0.375887 0.498796
f 309/925/309 305/914/305 326/978/326
vt 0.395897 0.467450
vt 0.375887 0.498796
vt 0.350297 0.498796
f 309/925/309 326/977/326 327/981/327
vt 0.395897 0.467450
vt 0.350297 0.498796
vt 0.375153 0.450742
f 309/925/309 327/980/327 308/924/308
vt 0.367289 0.616856
vt 0.366861 0.605969
vt 0.380006 0.587997
f 289/865/289 330/989/330 324/972/324
vt 0.367289 0.616856
vt 0.380006 0.587997
vt 0.395753 0.597001
f 289/865/289 324/971/324 331/993/331
vt 0.380006 0.587997
vt 0.366861 0.605969
vt 0.347876 0.587997
f 324/970/324 330/989/330 325/975/325
vt 0.366861 0.605969
vt 0.367289 0.616856
vt 0.344378 0.600884
f 330/988/330 289/866/289 288/864/288
vt 0.366861 0.605969
vt 0.344378 0.600884
vt 0.347876 0.587997
f 330/988/330 288/863/288 325/975/325
vt 0.347876 0.587997
vt 0.344378 0.600884
vt 0.339669 0.543659
f 325/973/325 288/863/288 314/942/314
vt 0.434258 0.445862
vt 0.420263 0.467057
vt 0.395897 0.467450
f 287/859/287 295/884/295 309/927/309
vt 0.434258 0.445862
vt 0.395897 0.467450
vt 0.375153 0.450742
f 287/859/287 309/926/309 308/924/308
vt 0.402859 0.509161
vt 0.402714 0.551465
vt 0.377240 0.538884
f 305/913/305 304/911/304 328/984/328
vt 0.402859 0.509161
vt 0.377240 0.538884
vt 0.375887 0.498796
f 305/913/305 328/983/328 326/978/326
vt 0.381929 0.550501
vt 0.377240 0.538884
vt 0.402714 0.551465
f 323/967/323 328/983/328 304/912/304
vt 0.402714 0.551465
vt 0.395753 0.597001
vt 0.380006 0.587997
f 304/910/304 331/992/331 324/972/324
vt 0.402714 0.551465
vt 0.380006 0.587997
vt 0.381929 0.550501
f 304/910/304 324/971/324 323/969/323
vt 0.344378 0.600884
vt 0.330219 0.670879
vt 0.339669 0.543659
f 288/862/288 279/836/279 314/942/314
vt 0.435070 0.409249
vt 0.371683 0.409249
vt 0.370044 0.378168
f 291/871/291 301/902/301 300/900/300
vt 0.435070 0.409249
vt 0.370044 0.378168
vt 0.433100 0.382121
f 291/871/291 300/899/300 302/906/302
vt 0.431161 0.605564
vt 0.395753 0.597001
vt 0.402714 0.551465
f 262/784/262 331/992/331 304/912/304
vt 0.431161 0.605564
vt 0.402714 0.551465
vt 0.420540 0.559240
f 262/784/262 304/911/304 264/792/264
vt 0.444605 0.655208
vt 0.399602 0.655208
vt 0.395753 0.597001
f 261/781/261 266/797/266 331/993/331
vt 0.444605 0.655208
vt 0.395753 0.597001
vt 0.431161 0.605564
f 261/781/261 331/992/331 262/786/262
vt 0.399602 0.655208
vt 0.360450 0.657692
vt 0.367289 0.616856
f 266/796/266 269/806/269 289/867/289
vt 0.399602 0.655208
vt 0.367289 0.616856
vt 0.395753 0.597001
f 266/796/266 289/866/289 331/993/331
vt 0.434258 0.445862
vt 0.375153 0.450742
vt 0.371683 0.409249
f 287/859/287 308/923/308 301/903/301
vt 0.434258 0.445862
vt 0.371683 0.409249
vt 0.435070 0.409249
f 287/859/287 301/902/301 291/873/291
vt 0.509213 0.744447
vt 0.283128 0.749376
vt 0.279995 0.879302
f 15/43/15 16/47/16 17/51/17
vt 0.509213 0.744447
vt 0.279995 0.879302
vt 0.509038 0.871804
f 15/43/15 17/50/17 18/54/18
vt 0.509038 0.871804
vt 0.279995 0.879302
vt 0.278805 1.025364
f 18/52/18 17/50/17 19/57/19
vt 0.509038 0.871804
vt 0.278805 1.025364
vt 0.508841 1.015019
f 18/52/18 19/56/19 20/60/20
vt 0.283128 0.749376
vt 0.059146 0.796990
vt 0.052048 0.914784
f 16/46/16 12/35/12 21/63/21
vt 0.283128 0.749376
vt 0.052048 0.914784
vt 0.279995 0.879302
f 16/46/16 21/62/21 17/51/17
vt 0.279995 0.879302
vt 0.052048 0.914784
vt 0.048864 1.044121
f 17/49/17 21/62/21 22/66/22
vt 0.279995 0.879302
vt 0.048864 1.044121
vt 0.278805 1.025364
f 17/49/17 22/65/22 19/57/19
vt 0.509297 0.683636
vt 0.276497 0.693777
vt 0.283128 0.749376
f 7/19/7 2/5/2 16/48/16
vt 0.509297 0.683636
vt 0.283128 0.749376
vt 0.509213 0.744447
f 7/19/7 16/47/16 15/45/15
vt 0.276497 0.693777
vt 0.044868 0.734311
vt 0.059146 0.796990
f 2/4/2 1/2/1 12/36/12
vt 0.276497 0.693777
vt 0.059146 0.796990
vt 0.283128 0.749376
f 2/4/2 12/35/12 16/48/16
vt 0.509213 0.744447
vt 0.509038 0.871804
vt 0.738057 0.882152
f 15/43/15 18/53/18 270/810/270
vt 0.509213 0.744447
vt 0.738057 0.882152
vt 0.735282 0.752190
f 15/43/15 270/809/270 271/813/271
vt 0.509038 0.871804
vt 0.508841 1.015019
vt 0.738844 1.028227
f 18/52/18 20/59/20 272/816/272
vt 0.509038 0.871804
vt 0.738844 1.028227
vt 0.738057 0.882152
f 18/52/18 272/815/272 270/810/270
vt 0.735282 0.752190
vt 0.738057 0.882152
vt 0.965901 0.920471
f 271/811/271 270/809/270 273/819/273
vt 0.735282 0.752190
vt 0.965901 0.920471
vt 0.959128 0.802591
f 271/811/271 273/818/273 267/801/267
vt 0.738057 0.882152
vt 0.738844 1.028227
vt 0.968729 1.049844
f 270/808/270 272/815/272 274/822/274
vt 0.738057 0.882152
vt 0.968729 1.049844
vt 0.965901 0.920471
f 270/808/270 274/821/274 273/819/273
vt 0.509297 0.683636
vt 0.509213 0.744447
vt 0.735282 0.752190
f 7/19/7 15/44/15 271/813/271
vt 0.509297 0.683636
vt 0.735282 0.752190
vt 0.742065 0.696674
f 7/19/7 271/812/271 260/780/260
vt 0.959128 0.802591
vt 0.973580 0.740089
vt 0.742065 0.696674
f 267/799/267 261/782/261 260/780/260
vt 0.959128 0.802591
vt 0.742065 0.696674
vt 0.735282 0.752190
f 267/799/267 260/779/260 271/813/271
vt 0.635480 1.004090
vt 0.730523 1.009357
vt 0.735976 0.952529
f 158/472/158 159/476/159 160/480/160
vt 0.635480 1.004090
vt 0.735976 0.952529
vt 0.635480 0.946334
f 158/472/158 160/479/160 161/483/161
vt 0.635480 0.946334
vt 0.735976 0.952529
vt 0.741452 0.896045
f 161/481/161 160/479/160 162/486/162
vt 0.635480 0.946334
vt 0.741452 0.896045
vt 0.635480 0.888020
f 161/481/161 162/485/162 163/489/163
vt 0.635480 0.888020
vt 0.741452 0.896045
vt 0.746997 0.840540
f 163/487/163 162/485/162 164/492/164
vt 0.635480 0.888020
vt 0.746997 0.840540
vt 0.635480 0.832638
f 163/487/163 164/491/164 165/495/165
vt 0.730523 1.009357
vt 0.821844 1.054025
vt 0.830884 1.006071
f 159/475/159 166/497/166 167/501/167
vt 0.730523 1.009357
vt 0.830884 1.006071
vt 0.735976 0.952529
f 159/475/159 167/500/167 160/480/160
vt 0.735976 0.952529
vt 0.830884 1.006071
vt 0.839760 0.957247
f 160/478/160 167/500/167 168/504/168
vt 0.735976 0.952529
vt 0.839760 0.957247
vt 0.741452 0.896045
f 160/478/160 168/503/168 162/486/162
vt 0.741452 0.896045
vt 0.839760 0.957247
vt 0.746997 0.840540
f 162/484/162 168/503/168 164/492/164
vt 0.635480 0.832638
vt 0.746997 0.840540
vt 0.756427 0.825329
f 165/493/165 164/491/164 227/681/227
vt 0.635480 0.832638
vt 0.756427 0.825329
vt 0.635480 0.815550
f 165/493/165 227/680/227 228/684/228
vt 0.635480 0.815550
vt 0.756427 0.825329
vt 0.767065 0.807867
f 228/682/228 227/680/227 229/687/229
vt 0.635480 0.815550
vt 0.767065 0.807867
vt 0.635480 0.800828
f 228/682/228 229/686/229 230/690/230
vt 0.746997 0.840540
vt 0.859187 0.885909
vt 0.870400 0.871348
f 164/490/164 231/692/231 156/468/156
vt 0.746997 0.840540
vt 0.870400 0.871348
vt 0.756427 0.825329
f 164/490/164 156/467/156 227/681/227
vt 0.870400 0.871348
vt 0.767065 0.807867
vt 0.756427 0.825329
f 156/466/156 229/686/229 227/681/227
vt 0.869690 1.226420
vt 0.881082 1.132280
vt 0.830884 1.006071
f 254/760/254 255/764/255 167/501/167
vt 0.869690 1.226420
vt 0.830884 1.006071
vt 0.821844 1.054025
f 254/760/254 167/500/167 166/498/166
vt 0.881082 1.132280
vt 0.877007 0.971577
vt 0.839760 0.957247
f 255/763/255 256/767/256 168/504/168
vt 0.839760 0.957247
vt 0.877007 0.971577
vt 0.859187 0.885909
f 168/502/168 256/767/256 231/693/231
vt 0.877007 0.971577
vt 0.881082 1.132280
vt 0.889955 1.114155
f 256/766/256 255/764/255 258/774/258
vt 0.877007 0.971577
vt 0.889955 1.114155
vt 0.882539 0.971577
f 256/766/256 258/773/258 153/459/153
vt 0.859187 0.885909
vt 0.877007 0.971577
vt 0.882539 0.971577
f 231/691/231 256/767/256 153/459/153
vt 0.859187 0.885909
vt 0.882539 0.971577
vt 0.870400 0.871348
f 231/691/231 153/458/153 156/468/156
vt 0.746997 0.840540
vt 0.839760 0.957247
vt 0.859187 0.885909
f 164/490/164 168/503/168 231/693/231
vt 0.881082 1.132280
vt 0.839760 0.957247
vt 0.830884 1.006071
f 255/763/255 168/503/168 167/501/167
vt 0.635480 1.004090
vt 0.635480 0.946334
vt 0.534984 0.952529
f 158/472/158 161/482/161 400/1200/400
vt 0.635480 1.004090
vt 0.534984 0.952529
vt 0.540437 1.009357
f 158/472/158 400/1199/400 401/1203/401
vt 0.635480 0.946334
vt 0.635480 0.888020
vt 0.529508 0.896045
f 161/481/161 163/488/163 402/1206/402
vt 0.635480 0.946334
vt 0.529508 0.896045
vt 0.534984 0.952529
f 161/481/161 402/1205/402 400/1200/400
vt 0.635480 0.888020
vt 0.635480 0.832638
vt 0.523963 0.840540
f 163/487/163 165/494/165 403/1209/403
vt 0.635480 0.888020
vt 0.523963 0.840540
vt 0.529508 0.896045
f 163/487/163 403/1208/403 402/1206/402
vt 0.540437 1.009357
vt 0.534984 0.952529
vt 0.440076 1.006071
f 401/1201/401 400/1199/400 404/1212/404
vt 0.540437 1.009357
vt 0.440076 1.006071
vt 0.449116 1.054025
f 401/1201/401 404/1211/404 405/1215/405
vt 0.534984 0.952529
vt 0.529508 0.896045
vt 0.431200 0.957247
f 400/1198/400 402/1205/402 406/1218/406
vt 0.534984 0.952529
vt 0.431200 0.957247
vt 0.440076 1.006071
f 400/1198/400 406/1217/406 404/1212/404
vt 0.529508 0.896045
vt 0.523963 0.840540
vt 0.431200 0.957247
f 402/1204/402 403/1208/403 406/1218/406
vt 0.635480 0.832638
vt 0.635480 0.815550
vt 0.514533 0.825329
f 165/493/165 228/683/228 460/1380/460
vt 0.635480 0.832638
vt 0.514533 0.825329
vt 0.523963 0.840540
f 165/493/165 460/1379/460 403/1209/403
vt 0.635480 0.815550
vt 0.635480 0.800828
vt 0.503895 0.807867
f 228/682/228 230/689/230 461/1383/461
vt 0.635480 0.815550
vt 0.503895 0.807867
vt 0.514533 0.825329
f 228/682/228 461/1382/461 460/1380/460
vt 0.400559 0.871348
vt 0.411773 0.885909
vt 0.523963 0.840540
f 396/1186/396 462/1385/462 403/1209/403
vt 0.400559 0.871348
vt 0.523963 0.840540
vt 0.514533 0.825329
f 396/1186/396 403/1208/403 460/1380/460
vt 0.400559 0.871348
vt 0.514533 0.825329
vt 0.503895 0.807867
f 396/1186/396 460/1379/460 461/1383/461
vt 0.400559 0.871348
vt 0.503895 0.807867
vt 0.391663 0.847620
f 396/1186/396 461/1382/461 397/1191/397
vt 0.401269 1.226420
vt 0.449116 1.054025
vt 0.440076 1.006071
f 479/1435/479 405/1214/405 404/1212/404
vt 0.401269 1.226420
vt 0.440076 1.006071
vt 0.389878 1.132280
f 479/1435/479 404/1211/404 480/1440/480
vt 0.389878 1.132280
vt 0.431200 0.957247
vt 0.393952 0.971577
f 480/1438/480 406/1217/406 481/1443/481
vt 0.431200 0.957247
vt 0.411773 0.885909
vt 0.393952 0.971577
f 406/1216/406 462/1385/462 481/1443/481
vt 0.393952 0.971577
vt 0.388421 0.971577
vt 0.381004 1.114155
f 481/1441/481 395/1184/395 483/1449/483
vt 0.393952 0.971577
vt 0.381004 1.114155
vt 0.389878 1.132280
f 481/1441/481 483/1448/483 480/1440/480
vt 0.411773 0.885909
vt 0.400559 0.871348
vt 0.388421 0.971577
f 462/1384/462 396/1187/396 395/1185/395
vt 0.411773 0.885909
vt 0.388421 0.971577
vt 0.393952 0.971577
f 462/1384/462 395/1184/395 481/1443/481
vt 0.523963 0.840540
vt 0.411773 0.885909
vt 0.431200 0.957247
f 403/1207/403 462/1385/462 406/1218/406
vt 0.389878 1.132280
vt 0.440076 1.006071
vt 0.431200 0.957247
f 480/1438/480 404/1211/404 406/1218/406
vt 0.940117 0.752847
vt 0.941464 0.737396
vt 0.963656 0.737396
f 1/1/1 2/5/2 3/9/3
vt 0.940117 0.752847
vt 0.963656 0.737396
vt 0.970855 0.752847
f 1/1/1 3/8/3 4/12/4
vt 0.967568 0.768298
vt 0.967568 0.768298
vt 0.936171 0.768298
f 5/13/5 6/17/6 7/21/7
vt 0.967568 0.768298
vt 0.936171 0.768298
vt 0.941464 0.768298
f 5/13/5 7/20/7 8/24/8
vt 0.973364 0.078572
vt 0.974548 0.088719
vt 0.992089 0.088719
f 9/25/9 7/20/7 6/18/6
vt 0.973364 0.078572
vt 0.992089 0.088719
vt 0.993657 0.078572
f 9/25/9 6/17/6 10/30/10
vt 0.963656 0.737396
vt 0.963656 0.737396
vt 0.941464 0.737396
f 11/31/11 3/8/3 2/6/2
vt 0.963656 0.737396
vt 0.941464 0.737396
vt 0.936171 0.737396
f 11/31/11 2/5/2 12/36/12
vt 0.940117 0.752847
vt 0.941464 0.768298
vt 0.936171 0.768298
f 1/1/1 8/23/8 7/21/7
vt 0.940117 0.752847
vt 0.936171 0.768298
vt 0.934051 0.752847
f 1/1/1 7/20/7 9/27/9
vt 0.970375 0.752847
vt 0.967568 0.768298
vt 0.970855 0.752847
f 10/28/10 6/17/6 4/12/4
vt 0.970855 0.752847
vt 0.967568 0.768298
vt 0.941464 0.768298
f 4/10/4 5/14/5 8/24/8
vt 0.970855 0.752847
vt 0.941464 0.768298
vt 0.940117 0.752847
f 4/10/4 8/23/8 1/3/1
vt 0.967568 0.768298
vt 0.967568 0.768298
vt 0.970855 0.752847
f 6/16/6 5/14/5 4/12/4
vt 0.936171 0.737396
vt 0.941464 0.737396
vt 0.940117 0.752847
f 12/34/12 2/5/2 1/3/1
vt 0.936171 0.737396
vt 0.940117 0.752847
vt 0.934051 0.752847
f 12/34/12 1/2/1 9/27/9
vt 0.993657 0.078572
vt 0.989904 0.068426
vt 0.974548 0.068426
f 10/28/10 11/32/11 12/36/12
vt 0.993657 0.078572
vt 0.974548 0.068426
vt 0.973364 0.078572
f 10/28/10 12/35/12 9/27/9
vt 0.963656 0.737396
vt 0.971774 0.726422
vt 0.971707 0.726530
f 11/31/11 13/38/13 14/42/14
vt 0.963656 0.737396
vt 0.971707 0.726530
vt 0.963656 0.737396
f 11/31/11 14/41/14 3/9/3
vt 0.963656 0.737396
vt 0.971707 0.726530
vt 0.975927 0.736567
f 3/7/3 14/41/14 15/45/15
vt 0.963656 0.737396
vt 0.975927 0.736567
vt 0.970855 0.752847
f 3/7/3 15/44/15 4/12/4
vt 0.970855 0.752847
vt 0.975927 0.736567
vt 0.975583 0.736589
f 4/10/4 15/44/15 16/48/16
vt 0.970855 0.752847
vt 0.975583 0.736589
vt 0.970375 0.752847
f 4/10/4 16/47/16 10/30/10
vt 0.971774 0.726422
vt 0.963656 0.737396
vt 0.970375 0.752847
f 13/37/13 11/32/11 10/30/10
vt 0.971774 0.726422
vt 0.970375 0.752847
vt 0.975583 0.736589
f 13/37/13 10/29/10 16/48/16
vt 0.946156 0.742783
vt 0.973288 0.742783
vt 0.974934 0.761673
f 1/1/1 2/5/2 3/9/3
vt 0.946156 0.742783
vt 0.974934 0.761673
vt 0.937354 0.761673
f 1/1/1 3/8/3 4/12/4
vt 0.941373 0.780564
vt 0.973288 0.780564
vt 0.979759 0.780564
f 5/13/5 6/17/6 7/21/7
vt 0.941373 0.780564
vt 0.979759 0.780564
vt 0.941373 0.780564
f 5/13/5 7/20/7 8/24/8
vt 0.974909 0.087097
vt 0.989906 0.087097
vt 0.990919 0.078421
f 8/22/8 7/20/7 9/27/9
vt 0.974909 0.087097
vt 0.990919 0.078421
vt 0.973568 0.078421
f 8/22/8 9/26/9 10/30/10
vt 0.973288 0.742783
vt 0.946156 0.742783
vt 0.946156 0.742783
f 2/4/2 1/2/1 11/33/11
vt 0.973288 0.742783
vt 0.946156 0.742783
vt 0.979759 0.742783
f 2/4/2 11/32/11 12/36/12
vt 0.979759 0.780564
vt 0.973288 0.780564
vt 0.974934 0.761673
f 7/19/7 6/17/6 3/9/3
vt 0.979759 0.780564
vt 0.974934 0.761673
vt 0.982351 0.761673
f 7/19/7 3/8/3 9/27/9
vt 0.937942 0.761673
vt 0.937354 0.761673
vt 0.941373 0.780564
f 10/28/10 4/11/4 8/24/8
vt 0.973288 0.780564
vt 0.941373 0.780564
vt 0.937354 0.761673
f 6/16/6 5/14/5 4/12/4
vt 0.973288 0.780564
vt 0.937354 0.761673
vt 0.974934 0.761673
f 6/16/6 4/11/4 3/9/3
vt 0.941373 0.780564
vt 0.937354 0.761673
vt 0.941373 0.780564
f 8/22/8 4/11/4 5/15/5
vt 0.974934 0.761673
vt 0.973288 0.742783
vt 0.979759 0.742783
f 3/7/3 2/5/2 12/36/12
vt 0.974934 0.761673
vt 0.979759 0.742783
vt 0.982351 0.761673
f 3/7/3 12/35/12 9/27/9
vt 0.989906 0.069746
vt 0.976778 0.069746
vt 0.973568 0.078421
f 12/34/12 11/32/11 10/30/10
vt 0.989906 0.069746
vt 0.973568 0.078421
vt 0.990919 0.078421
f 12/34/12 10/29/10 9/27/9
vt 0.946156 0.742783
vt 0.946156 0.742783
vt 0.936313 0.729498
f 11/31/11 1/2/1 13/39/13
vt 0.946156 0.742783
vt 0.936313 0.729498
vt 0.936230 0.729365
f 11/31/11 13/38/13 14/42/14
vt 0.946156 0.742783
vt 0.937354 0.761673
vt 0.931153 0.741769
f 1/1/1 4/11/4 15/45/15
vt 0.946156 0.742783
vt 0.931153 0.741769
vt 0.936313 0.729498
f 1/1/1 15/44/15 13/39/13
vt 0.937354 0.761673
vt 0.937942 0.761673
vt 0.931574 0.741796
f 4/10/4 10/29/10 16/48/16
vt 0.937354 0.761673
vt 0.931574 0.741796
vt 0.931153 0.741769
f 4/10/4 16/47/16 15/45/15
vt 0.937942 0.761673
vt 0.946156 0.742783
vt 0.936230 0.729365
f 10/28/10 11/32/11 14/42/14
vt 0.937942 0.761673
vt 0.936230 0.729365
vt 0.931574 0.741796
f 10/28/10 14/41/14 16/48/16
vt 1.000000 0.253906
vt 0.875000 0.253906
vt 0.875000 0.128906
f 1/1/1 2/5/2 3/9/3
vt 1.000000 0.253906
vt 0.875000 0.128906
vt 1.000000 0.128906
f 1/1/1 3/8/3 4/12/4
vt 0.601563 0.031250
vt 0.710938 0.031250
vt 0.718750 0.062500
f 1/1/1 2/5/2 3/9/3
vt 0.601563 0.031250
vt 0.718750 0.062500
vt 0.593750 0.062500
f 1/1/1 3/8/3 4/12/4
vt 0.601563 0.246094
vt 0.656250 0.253906
vt 0.656250 0.253906
f 5/13/5 6/17/6 7/21/7
vt 0.601563 0.246094
vt 0.656250 0.253906
vt 0.613281 0.238281
f 5/13/5 7/20/7 8/24/8
vt 2.000000 1.000000
vt 1.000000 1.000000
vt 1.000000 0.000000
f 3/7/3 2/5/2 9/27/9
vt 2.000000 1.000000
vt 1.000000 0.000000
vt 2.000000 0.000000
f 3/7/3 9/26/9 10/30/10
vt -1.000000 0.000000
vt 0.000000 0.000000
vt 0.000000 1.000000
f 11/31/11 12/35/12 1/3/1
vt -1.000000 0.000000
vt 0.000000 1.000000
vt -1.000000 1.000000
f 11/31/11 1/2/1 4/12/4
vt 0.593750 0.062500
vt 0.656250 0.253906
vt 0.601563 0.246094
f 4/10/4 6/17/6 5/15/5
vt 0.718750 0.062500
vt 0.718750 0.062500
vt 0.703125 0.238281
f 3/7/3 10/29/10 13/39/13
vt 0.718750 0.062500
vt 0.703125 0.238281
vt 0.710938 0.246094
f 3/7/3 13/38/13 14/42/14
vt 0.656250 0.218750
vt 0.613281 0.062500
vt 0.621094 0.210938
f 7/19/7 11/32/11 8/24/8
vt 0.593750 0.062500
vt 0.593750 0.062500
vt 0.601563 0.246094
f 11/31/11 4/11/4 5/15/5
vt 0.593750 0.062500
vt 0.601563 0.246094
vt 0.613281 0.238281
f 11/31/11 5/14/5 8/24/8
vt 0.656250 0.253906
vt 0.718750 0.062500
vt 0.710938 0.246094
f 6/16/6 3/8/3 14/42/14
vt 0.710938 0.246094
vt 0.703125 0.238281
vt 0.656250 0.253906
f 14/40/14 13/38/13 7/21/7
vt 0.710938 0.246094
vt 0.656250 0.253906
vt 0.656250 0.253906
f 14/40/14 7/20/7 6/18/6
vt 0.699219 0.062500
vt 0.613281 0.062500
vt 0.656250 0.218750
f 10/28/10 11/32/11 7/21/7
vt 0.699219 0.062500
vt 0.656250 0.218750
vt 0.691406 0.210938
f 10/28/10 7/20/7 13/39/13
vt 0.593750 0.062500
vt 0.718750 0.062500
vt 0.656250 0.253906
f 4/10/4 3/8/3 6/18/6
vt 0.601563 0.031250
vt 0.605469 0.003906
vt 0.707031 0.003906
f 1/1/1 12/35/12 9/27/9
vt 0.601563 0.031250
vt 0.707031 0.003906
vt 0.710938 0.031250
f 1/1/1 9/26/9 2/6/2
vt 0.589844 0.105469
vt 0.589844 0.234375
vt 0.476563 0.222656
f 15/43/15 16/47/16 17/51/17
vt 0.589844 0.105469
vt 0.476563 0.222656
vt 0.479908 0.003920
f 15/43/15 17/50/17 18/54/18
vt 0.589844 0.003906
vt 0.589844 0.105469
vt 0.479908 0.003920
f 19/55/19 15/44/15 18/54/18
vt 0.657793 0.011496
vt 0.658743 0.012169
vt 0.659078 0.016940
f 20/58/20 21/62/21 18/54/18
vt 0.656825 0.011309
vt 0.657793 0.011496
vt 0.659078 0.016940
f 22/64/22 20/59/20 18/54/18
vt 0.589844 0.234375
vt 0.589844 0.234375
vt 0.476563 0.222656
f 16/46/16 23/68/23 17/51/17
vt 0.659344 0.009806
vt 0.659439 0.012473
vt 0.654576 0.008623
f 24/70/24 25/74/25 17/51/17
vt 0.659260 0.007143
vt 0.659344 0.009806
vt 0.654576 0.008623
f 23/67/23 24/71/24 17/51/17
vt 0.658743 0.012169
vt 0.659106 0.012738
vt 0.659078 0.016940
f 21/61/21 26/77/26 18/54/18
vt 0.659431 0.013697
vt 0.659640 0.015335
vt 0.659078 0.016940
f 27/79/27 19/56/19 18/54/18
vt 0.659106 0.012738
vt 0.659431 0.013697
vt 0.659078 0.016940
f 26/76/26 27/80/27 18/54/18
vt 0.589844 0.234375
vt 0.589844 0.105469
vt 0.479908 0.003920
f 28/82/28 29/86/29 30/90/30
vt 0.589844 0.234375
vt 0.479908 0.003920
vt 0.476563 0.222656
f 28/82/28 30/89/30 31/93/31
vt 0.589844 0.105469
vt 0.589844 0.003906
vt 0.479908 0.003920
f 29/85/29 32/95/32 30/90/30
vt 0.654907 0.012169
vt 0.655857 0.011496
vt 0.654571 0.016940
f 33/97/33 34/101/34 30/90/30
vt 0.655857 0.011496
vt 0.656825 0.011309
vt 0.654571 0.016940
f 34/100/34 22/65/22 30/90/30
vt 0.589844 0.234375
vt 0.589844 0.234375
vt 0.476563 0.222656
f 35/103/35 28/83/28 31/93/31
vt 0.659439 0.012473
vt 0.659344 0.009806
vt 0.654576 0.008623
f 36/106/36 37/110/37 31/93/31
vt 0.659344 0.009806
vt 0.659260 0.007143
vt 0.654576 0.008623
f 37/109/37 35/104/35 31/93/31
vt 0.654543 0.012738
vt 0.654907 0.012169
vt 0.654571 0.016940
f 38/112/38 33/98/33 30/90/30
vt 0.654009 0.015335
vt 0.654218 0.013697
vt 0.654571 0.016940
f 32/94/32 39/116/39 30/90/30
vt 0.654218 0.013697
vt 0.654543 0.012738
vt 0.654571 0.016940
f 39/115/39 38/113/38 30/90/30
vt 0.659499 0.018459
vt 0.659439 0.012473
vt 0.655821 0.013541
f 40/118/40 36/107/36 41/123/41
vt 0.655821 0.013541
vt 0.659439 0.012473
vt 0.659499 0.018459
f 42/124/42 25/74/25 43/129/43
vt 0.871094 0.203125
vt 0.875000 0.253906
vt 0.718750 0.253906
f 42/124/42 43/128/43 40/120/40
vt 0.871094 0.203125
vt 0.718750 0.253906
vt 0.726563 0.203125
f 42/124/42 40/119/40 41/123/41
vt 0.140228 0.217454
vt 0.139594 0.225669
vt 0.117617 0.225669
f 43/127/43 44/131/44 45/135/45
vt 0.140228 0.217454
vt 0.117617 0.225669
vt 0.116983 0.217454
f 43/127/43 45/134/45 40/120/40
vt 0.139594 0.225669
vt 0.138517 0.232455
vt 0.118694 0.232455
f 44/130/44 46/137/46 47/141/47
vt 0.139594 0.225669
vt 0.118694 0.232455
vt 0.117617 0.225669
f 44/130/44 47/140/47 45/135/45
vt 0.118694 0.232455
vt 0.138517 0.232455
vt 0.136395 0.240699
f 47/139/47 46/137/46 48/144/48
vt 0.118694 0.232455
vt 0.136395 0.240699
vt 0.120816 0.240699
f 47/139/47 48/143/48 49/147/49
vt 0.654571 0.016940
vt 0.656825 0.011309
vt 0.659078 0.016940
f 30/88/30 22/65/22 18/54/18
vt 0.666875 0.007221
vt 0.666346 0.020529
vt 0.653209 0.020233
f 18/52/18 17/50/17 31/93/31
vt 0.666875 0.007221
vt 0.653209 0.020233
vt 0.652087 0.006925
f 18/52/18 31/92/31 30/90/30
vt 0.000000 0.207031
vt 0.453125 0.207031
vt 0.437500 0.226563
f 19/55/19 32/95/32 39/117/39
vt 0.000000 0.207031
vt 0.437500 0.226563
vt 0.011719 0.226563
f 19/55/19 39/116/39 27/81/27
vt 0.011719 0.226563
vt 0.437500 0.226563
vt 0.417969 0.242188
f 27/79/27 39/116/39 38/114/38
vt 0.011719 0.226563
vt 0.417969 0.242188
vt 0.035156 0.242188
f 27/79/27 38/113/38 26/78/26
vt 0.381484 0.256255
vt 0.072623 0.256255
vt 0.035156 0.242188
f 33/97/33 21/62/21 26/78/26
vt 0.381484 0.256255
vt 0.035156 0.242188
vt 0.417969 0.242188
f 33/97/33 26/77/26 38/114/38
vt 0.304977 0.256244
vt 0.149130 0.256244
vt 0.072623 0.256255
f 34/100/34 20/59/20 21/63/21
vt 0.304977 0.256244
vt 0.072623 0.256255
vt 0.381484 0.256255
f 34/100/34 21/62/21 33/99/33
vt 0.000000 0.000000
vt 0.501217 0.000000
vt 1.000000 0.049328
f 20/58/20 22/65/22 34/102/34
vt 0.000000 0.207031
vt 0.002075 0.147036
vt 0.452032 0.147036
f 19/55/19 50/149/50 51/153/51
vt 0.000000 0.207031
vt 0.452032 0.147036
vt 0.453125 0.207031
f 19/55/19 51/152/51 32/96/32
vt 0.446348 0.047622
vt 0.452032 0.147036
vt 0.002075 0.147036
f 52/154/52 51/152/51 50/150/50
vt 0.446348 0.047622
vt 0.002075 0.147036
vt 0.007758 0.047622
f 52/154/52 50/149/50 53/159/53
vt 0.655821 0.013541
vt 0.659439 0.012473
vt 0.654576 0.008623
f 41/121/41 36/107/36 31/93/31
vt 0.654576 0.008623
vt 0.659439 0.012473
vt 0.655821 0.013541
f 17/49/17 25/74/25 42/126/42
vt 0.726563 0.203125
vt 0.726563 0.160156
vt 0.871094 0.160156
f 54/160/54 55/164/55 56/168/56
vt 0.726563 0.203125
vt 0.871094 0.160156
vt 0.871094 0.203125
f 54/160/54 56/167/56 57/171/57
vt 0.726563 0.160156
vt 0.726563 0.132813
vt 0.871094 0.132813
f 55/163/55 58/173/58 59/177/59
vt 0.726563 0.160156
vt 0.871094 0.132813
vt 0.871094 0.160156
f 55/163/55 59/176/59 56/168/56
vt 0.601563 0.031250
vt 0.710938 0.031250
vt 0.718750 0.062500
f 60/178/60 61/182/61 62/186/62
vt 0.601563 0.031250
vt 0.718750 0.062500
vt 0.593750 0.062500
f 60/178/60 62/185/62 63/189/63
vt 0.613281 0.238281
vt 0.656250 0.253906
vt 0.656250 0.253906
f 64/190/64 65/194/65 66/198/66
vt 0.613281 0.238281
vt 0.656250 0.253906
vt 0.601563 0.246094
f 64/190/64 66/197/66 67/201/67
vt 2.000000 1.000000
vt 1.000000 1.000000
vt 1.000000 0.000000
f 62/184/62 61/182/61 68/204/68
vt 2.000000 1.000000
vt 1.000000 0.000000
vt 2.000000 0.000000
f 62/184/62 68/203/68 69/207/69
vt -1.000000 0.000000
vt 0.000000 0.000000
vt 0.000000 1.000000
f 70/208/70 71/212/71 60/180/60
vt -1.000000 0.000000
vt 0.000000 1.000000
vt -1.000000 1.000000
f 70/208/70 60/179/60 63/189/63
vt 0.593750 0.062500
vt 0.656250 0.253906
vt 0.613281 0.238281
f 63/187/63 65/194/65 64/192/64
vt 0.718750 0.062500
vt 0.718750 0.062500
vt 0.710938 0.246094
f 62/184/62 69/206/69 72/216/72
vt 0.718750 0.062500
vt 0.710938 0.246094
vt 0.703125 0.238281
f 62/184/62 72/215/72 73/219/73
vt 0.656250 0.218750
vt 0.613281 0.062500
vt 0.621094 0.210938
f 66/196/66 70/209/70 67/201/67
vt 0.593750 0.062500
vt 0.593750 0.062500
vt 0.613281 0.238281
f 70/208/70 63/188/63 64/192/64
vt 0.593750 0.062500
vt 0.613281 0.238281
vt 0.601563 0.246094
f 70/208/70 64/191/64 67/201/67
vt 0.656250 0.253906
vt 0.718750 0.062500
vt 0.703125 0.238281
f 65/193/65 62/185/62 73/219/73
vt 0.703125 0.238281
vt 0.710938 0.246094
vt 0.656250 0.253906
f 73/217/73 72/215/72 66/198/66
vt 0.703125 0.238281
vt 0.656250 0.253906
vt 0.656250 0.253906
f 73/217/73 66/197/66 65/195/65
vt 0.699219 0.062500
vt 0.613281 0.062500
vt 0.656250 0.218750
f 69/205/69 70/209/70 66/198/66
vt 0.699219 0.062500
vt 0.656250 0.218750
vt 0.691406 0.210938
f 69/205/69 66/197/66 72/216/72
vt 0.593750 0.062500
vt 0.718750 0.062500
vt 0.656250 0.253906
f 63/187/63 62/185/62 65/195/65
vt 0.601563 0.031250
vt 0.605469 0.003906
vt 0.707031 0.003906
f 60/178/60 71/212/71 68/204/68
vt 0.601563 0.031250
vt 0.707031 0.003906
vt 0.710938 0.031250
f 60/178/60 68/203/68 61/183/61
vt 0.235157 0.189878
vt 0.183335 0.189878
vt 0.183335 0.009421
f 74/220/74 75/224/75 76/228/76
vt 0.235157 0.189878
vt 0.183335 0.009421
vt 0.265941 0.009421
f 74/220/74 76/227/76 77/231/77
vt 0.000000 2.000000
vt 1.000000 2.000000
vt 1.000000 3.000000
f 77/229/77 76/227/76 78/234/78
vt 0.000000 2.000000
vt 1.000000 3.000000
vt 0.000000 3.000000
f 77/229/77 78/233/78 79/237/79
vt 0.663699 0.021394
vt 0.663699 0.004974
vt 0.647545 0.006838
f 76/226/76 75/224/75 80/240/80
vt 0.663699 0.021394
vt 0.647545 0.006838
vt 0.652554 0.021394
f 76/226/76 80/239/80 78/234/78
vt 0.652554 0.021394
vt 0.647545 0.006838
vt 0.663699 0.004974
f 79/235/79 81/242/81 74/222/74
vt 0.652554 0.021394
vt 0.663699 0.004974
vt 0.663699 0.021394
f 79/235/79 74/221/74 77/231/77
vt 0.773815 0.005471
vt 0.774966 0.005503
vt 0.776930 0.007121
f 1/1/1 2/5/2 3/9/3
vt 0.774966 0.005503
vt 0.776116 0.005558
vt 0.776930 0.007121
f 2/4/2 4/11/4 3/9/3
vt 0.776284 0.005839
vt 0.777274 0.006351
vt 0.776930 0.007121
f 5/13/5 6/17/6 3/9/3
vt 0.776116 0.005558
vt 0.776284 0.005839
vt 0.776930 0.007121
f 4/10/4 5/14/5 3/9/3
vt 0.778233 0.011779
vt 0.778384 0.014586
vt 0.778223 0.014610
f 7/19/7 8/23/8 9/27/9
vt 0.778384 0.014586
vt 0.777659 0.014195
vt 0.778223 0.014610
f 8/22/8 10/29/10 9/27/9
vt 0.777938 0.008998
vt 0.778233 0.011779
vt 0.778223 0.014610
f 11/31/11 7/20/7 9/27/9
vt 0.777938 0.008998
vt 0.778223 0.014610
vt 0.776930 0.007121
f 11/31/11 9/26/9 3/9/3
vt 0.777274 0.006351
vt 0.777938 0.008998
vt 0.776930 0.007121
f 6/16/6 11/32/11 3/9/3
vt 0.775746 0.013589
vt 0.773815 0.013421
vt 0.778223 0.014610
f 12/34/12 13/38/13 9/27/9
vt 0.777659 0.014195
vt 0.775746 0.013589
vt 0.778223 0.014610
f 10/28/10 12/35/12 9/27/9
vt 0.772664 0.005503
vt 0.773815 0.005471
vt 0.770701 0.007121
f 14/40/14 1/2/1 15/45/15
vt 0.771514 0.005558
vt 0.772664 0.005503
vt 0.770701 0.007121
f 16/46/16 14/41/14 15/45/15
vt 0.770357 0.006351
vt 0.771347 0.005839
vt 0.770701 0.007121
f 17/49/17 18/53/18 15/45/15
vt 0.771347 0.005839
vt 0.771514 0.005558
vt 0.770701 0.007121
f 18/52/18 16/47/16 15/45/15
vt 0.769246 0.014586
vt 0.769397 0.011779
vt 0.769407 0.014610
f 19/55/19 20/59/20 21/63/21
vt 0.769971 0.014195
vt 0.769246 0.014586
vt 0.769407 0.014610
f 22/64/22 19/56/19 21/63/21
vt 0.769397 0.011779
vt 0.769693 0.008998
vt 0.770701 0.007121
f 20/58/20 23/68/23 15/45/15
vt 0.769397 0.011779
vt 0.770701 0.007121
vt 0.769407 0.014610
f 20/58/20 15/44/15 21/63/21
vt 0.769693 0.008998
vt 0.770357 0.006351
vt 0.770701 0.007121
f 23/67/23 17/50/17 15/45/15
vt 0.769407 0.014610
vt 0.771885 0.013589
vt 0.769971 0.014195
f 21/61/21 24/71/24 22/66/22
vt 0.770701 0.007121
vt 0.776930 0.007121
vt 0.778223 0.014610
f 15/43/15 3/8/3 9/27/9
vt 0.770701 0.007121
vt 0.778223 0.014610
vt 0.769407 0.014610
f 15/43/15 9/26/9 21/63/21
vt 0.769407 0.014610
vt 0.773815 0.013421
vt 0.771885 0.013589
f 21/61/21 13/38/13 24/72/24
vt 0.778223 0.014610
vt 0.773815 0.013421
vt 0.769407 0.014610
f 9/25/9 13/38/13 21/63/21
vt 0.773815 0.005471
vt 0.776930 0.007121
vt 0.770701 0.007121
f 1/1/1 3/8/3 15/45/15
vt 0.554688 0.878906
vt 0.554688 0.859375
vt 0.484375 0.875000
f 1/1/1 2/5/2 3/9/3
vt 0.484375 0.894531
vt 0.484375 0.875000
vt 0.410156 0.875000
f 4/10/4 3/8/3 5/15/5
vt 0.484375 0.894531
vt 0.410156 0.875000
vt 0.410156 0.894531
f 4/10/4 5/14/5 6/18/6
vt 0.410156 0.894531
vt 0.410156 0.875000
vt 0.320313 0.863281
f 6/16/6 5/14/5 7/21/7
vt 0.410156 0.894531
vt 0.320313 0.863281
vt 0.335938 0.878906
f 6/16/6 7/20/7 8/24/8
vt 0.984857 0.076132
vt 0.986175 0.076074
vt 0.986169 0.079434
f 9/25/9 10/29/10 11/33/11
vt 0.984857 0.076132
vt 0.986169 0.079434
vt 0.984857 0.079494
f 9/25/9 11/32/11 12/36/12
vt 0.984857 0.079494
vt 0.986169 0.079434
vt 0.986172 0.082756
f 12/34/12 11/32/11 13/39/13
vt 0.984857 0.079494
vt 0.986172 0.082756
vt 0.984857 0.082812
f 12/34/12 13/38/13 14/42/14
vt 0.986175 0.076074
vt 0.987485 0.076126
vt 0.987466 0.079219
f 10/28/10 15/44/15 16/48/16
vt 0.986175 0.076074
vt 0.987466 0.079219
vt 0.986169 0.079434
f 10/28/10 16/47/16 11/33/11
vt 0.986169 0.079434
vt 0.987466 0.079219
vt 0.987435 0.082279
f 11/31/11 16/47/16 17/51/17
vt 0.986169 0.079434
vt 0.987435 0.082279
vt 0.986172 0.082756
f 11/31/11 17/50/17 13/39/13
vt 0.784640 0.005582
vt 0.776702 0.008117
vt 0.776527 0.017895
f 18/52/18 19/56/19 20/60/20
vt 0.784640 0.005582
vt 0.776527 0.017895
vt 0.784067 0.016258
f 18/52/18 20/59/20 21/63/21
vt 0.776702 0.008117
vt 0.768318 0.001573
vt 0.768572 0.014994
f 19/55/19 22/65/22 23/69/23
vt 0.776702 0.008117
vt 0.768572 0.014994
vt 0.776527 0.017895
f 19/55/19 23/68/23 20/60/20
vt 0.308594 0.941406
vt 0.308594 0.992188
vt 0.343750 0.992188
f 10/28/10 9/26/9 24/72/24
vt 0.308594 0.941406
vt 0.343750 0.992188
vt 0.343750 0.941406
f 10/28/10 24/71/24 25/75/25
vt 0.343750 0.941406
vt 0.335938 0.878906
vt 0.308594 0.878906
f 25/73/25 8/23/8 15/45/15
vt 0.343750 0.941406
vt 0.308594 0.878906
vt 0.308594 0.941406
f 25/73/25 15/44/15 10/30/10
vt 0.378906 0.855469
vt 0.328125 0.843750
vt 0.308594 0.847656
f 21/61/21 26/77/26 27/81/27
vt 0.378906 0.855469
vt 0.308594 0.847656
vt 0.343750 0.859375
f 21/61/21 27/80/27 28/84/28
vt 0.343750 0.859375
vt 0.308594 0.847656
vt 0.285156 0.851563
f 28/82/28 27/80/27 29/87/29
vt 0.343750 0.859375
vt 0.285156 0.851563
vt 0.320313 0.863281
f 28/82/28 29/86/29 7/21/7
vt 0.328125 0.843750
vt 0.300781 0.835938
vt 0.273438 0.839844
f 26/76/26 30/89/30 31/93/31
vt 0.328125 0.843750
vt 0.273438 0.839844
vt 0.308594 0.847656
f 26/76/26 31/92/31 27/81/27
vt 0.308594 0.847656
vt 0.273438 0.839844
vt 0.257813 0.847656
f 27/79/27 31/92/31 32/96/32
vt 0.308594 0.847656
vt 0.257813 0.847656
vt 0.285156 0.851563
f 27/79/27 32/95/32 29/87/29
vt 0.300781 0.835938
vt 0.281250 0.824219
vt 0.234375 0.824219
f 30/88/30 33/98/33 34/102/34
vt 0.300781 0.835938
vt 0.234375 0.824219
vt 0.273438 0.839844
f 30/88/30 34/101/34 31/93/31
vt 0.273438 0.839844
vt 0.234375 0.824219
vt 0.214844 0.835938
f 31/91/31 34/101/34 35/105/35
vt 0.273438 0.839844
vt 0.214844 0.835938
vt 0.257813 0.847656
f 31/91/31 35/104/35 32/96/32
vt 0.281250 0.824219
vt 0.300781 0.804688
vt 0.230469 0.816406
f 33/97/33 36/107/36 37/111/37
vt 0.281250 0.824219
vt 0.230469 0.816406
vt 0.234375 0.824219
f 33/97/33 37/110/37 34/102/34
vt 0.234375 0.824219
vt 0.230469 0.816406
vt 0.175781 0.828125
f 34/100/34 37/110/37 38/114/38
vt 0.234375 0.824219
vt 0.175781 0.828125
vt 0.214844 0.835938
f 34/100/34 38/113/38 35/105/35
vt 0.121094 0.843750
vt 0.117188 0.855469
vt 0.160156 0.851563
f 39/115/39 40/119/40 41/123/41
vt 0.121094 0.843750
vt 0.160156 0.851563
vt 0.171875 0.843750
f 39/115/39 41/122/41 42/126/42
vt 0.121094 0.843750
vt 0.171875 0.843750
vt 0.175781 0.828125
f 39/115/39 42/125/42 38/114/38
vt 0.578125 0.816406
vt 0.542969 0.835938
vt 0.554688 0.859375
f 43/127/43 44/131/44 2/6/2
vt 0.578125 0.816406
vt 0.554688 0.859375
vt 0.597656 0.839844
f 43/127/43 2/5/2 45/135/45
vt 0.636719 0.796875
vt 0.578125 0.816406
vt 0.597656 0.839844
f 46/136/46 43/128/43 45/135/45
vt 0.636719 0.796875
vt 0.597656 0.839844
vt 0.664063 0.820313
f 46/136/46 45/134/45 47/141/47
vt 0.308594 0.878906
vt 0.308594 0.871094
vt 0.277344 0.859375
f 15/43/15 48/143/48 49/147/49
vt 0.308594 0.878906
vt 0.277344 0.859375
vt 0.238281 0.859375
f 15/43/15 49/146/49 50/150/50
vt 0.238281 0.859375
vt 0.277344 0.859375
vt 0.242188 0.851563
f 50/148/50 49/146/49 51/153/51
vt 0.238281 0.859375
vt 0.242188 0.851563
vt 0.210938 0.847656
f 50/148/50 51/152/51 52/156/52
vt 0.238281 0.859375
vt 0.210938 0.847656
vt 0.203125 0.855469
f 50/148/50 52/155/52 53/159/53
vt 0.171875 0.843750
vt 0.160156 0.851563
vt 0.203125 0.855469
f 42/124/42 41/122/41 53/159/53
vt 0.171875 0.843750
vt 0.203125 0.855469
vt 0.210938 0.847656
f 42/124/42 53/158/53 52/156/52
vt 0.308594 0.871094
vt 0.320313 0.863281
vt 0.285156 0.851563
f 48/142/48 7/20/7 29/87/29
vt 0.308594 0.871094
vt 0.285156 0.851563
vt 0.277344 0.859375
f 48/142/48 29/86/29 49/147/49
vt 0.277344 0.859375
vt 0.285156 0.851563
vt 0.257813 0.847656
f 49/145/49 29/86/29 32/96/32
vt 0.277344 0.859375
vt 0.257813 0.847656
vt 0.242188 0.851563
f 49/145/49 32/95/32 51/153/51
vt 0.242188 0.851563
vt 0.257813 0.847656
vt 0.214844 0.835938
f 51/151/51 32/95/32 35/105/35
vt 0.242188 0.851563
vt 0.214844 0.835938
vt 0.210938 0.847656
f 51/151/51 35/104/35 52/156/52
vt 0.210938 0.847656
vt 0.214844 0.835938
vt 0.175781 0.828125
f 52/154/52 35/104/35 38/114/38
vt 0.210938 0.847656
vt 0.175781 0.828125
vt 0.171875 0.843750
f 52/154/52 38/113/38 42/126/42
vt 0.484375 0.875000
vt 0.554688 0.859375
vt 0.542969 0.835938
f 3/7/3 2/5/2 44/132/44
vt 0.484375 0.875000
vt 0.542969 0.835938
vt 0.484375 0.859375
f 3/7/3 44/131/44 54/162/54
vt 0.410156 0.875000
vt 0.484375 0.875000
vt 0.484375 0.859375
f 5/13/5 3/8/3 54/162/54
vt 0.410156 0.875000
vt 0.484375 0.859375
vt 0.429688 0.863281
f 5/13/5 54/161/54 55/165/55
vt 0.410156 0.875000
vt 0.343750 0.859375
vt 0.320313 0.863281
f 5/13/5 28/83/28 7/21/7
vt 0.554688 0.894531
vt 0.484375 0.894531
vt 0.484375 0.941406
f 56/166/56 4/11/4 57/171/57
vt 0.554688 0.894531
vt 0.484375 0.941406
vt 0.554688 0.941406
f 56/166/56 57/170/57 58/174/58
vt 0.554688 0.941406
vt 0.484375 0.941406
vt 0.484375 0.992188
f 58/172/58 57/170/57 59/177/59
vt 0.554688 0.941406
vt 0.484375 0.992188
vt 0.554688 0.992188
f 58/172/58 59/176/59 60/180/60
vt 0.484375 0.894531
vt 0.410156 0.894531
vt 0.410156 0.941406
f 4/10/4 6/17/6 61/183/61
vt 0.484375 0.894531
vt 0.410156 0.941406
vt 0.484375 0.941406
f 4/10/4 61/182/61 57/171/57
vt 0.484375 0.941406
vt 0.410156 0.941406
vt 0.410156 0.992188
f 57/169/57 61/182/61 62/186/62
vt 0.484375 0.941406
vt 0.410156 0.992188
vt 0.484375 0.992188
f 57/169/57 62/185/62 59/177/59
vt 0.410156 0.894531
vt 0.335938 0.878906
vt 0.343750 0.941406
f 6/16/6 8/23/8 25/75/25
vt 0.410156 0.894531
vt 0.343750 0.941406
vt 0.410156 0.941406
f 6/16/6 25/74/25 61/183/61
vt 0.343750 0.992188
vt 0.410156 0.992188
vt 0.410156 0.941406
f 24/70/24 62/185/62 61/183/61
vt 0.343750 0.992188
vt 0.410156 0.941406
vt 0.343750 0.941406
f 24/70/24 61/182/61 25/75/25
vt 0.987435 0.082279
vt 0.987466 0.079219
vt 0.988129 0.079089
f 17/49/17 16/47/16 53/159/53
vt 0.987435 0.082279
vt 0.988129 0.079089
vt 0.988226 0.080439
f 17/49/17 53/158/53 41/123/41
vt 0.987466 0.079219
vt 0.987485 0.076126
vt 0.988002 0.078054
f 16/46/16 15/44/15 50/150/50
vt 0.987466 0.079219
vt 0.988002 0.078054
vt 0.988129 0.079089
f 16/46/16 50/149/50 53/159/53
vt 0.335938 0.878906
vt 0.320313 0.863281
vt 0.308594 0.871094
f 8/22/8 7/20/7 48/144/48
vt 0.335938 0.878906
vt 0.308594 0.871094
vt 0.308594 0.878906
f 8/22/8 48/143/48 15/45/15
vt 0.484375 0.875000
vt 0.484375 0.894531
vt 0.554688 0.894531
f 3/7/3 4/11/4 56/168/56
vt 0.484375 0.875000
vt 0.554688 0.894531
vt 0.554688 0.878906
f 3/7/3 56/167/56 1/3/1
vt 0.429688 0.863281
vt 0.394531 0.859375
vt 0.343750 0.859375
f 55/163/55 18/53/18 28/84/28
vt 0.429688 0.863281
vt 0.343750 0.859375
vt 0.410156 0.875000
f 55/163/55 28/83/28 5/15/5
vt 0.343750 0.859375
vt 0.394531 0.859375
vt 0.378906 0.855469
f 28/82/28 18/53/18 21/63/21
vt 0.554688 0.878906
vt 0.484375 0.875000
vt 0.554688 0.859375
f 63/187/63 64/191/64 65/195/65
vt 0.410156 0.875000
vt 0.484375 0.875000
vt 0.484375 0.894531
f 66/196/66 64/191/64 67/201/67
vt 0.410156 0.875000
vt 0.484375 0.894531
vt 0.410156 0.894531
f 66/196/66 67/200/67 68/204/68
vt 0.320313 0.863281
vt 0.410156 0.875000
vt 0.410156 0.894531
f 69/205/69 66/197/66 68/204/68
vt 0.320313 0.863281
vt 0.410156 0.894531
vt 0.335938 0.878906
f 69/205/69 68/203/68 70/210/70
vt 0.984857 0.076132
vt 0.984857 0.079494
vt 0.983544 0.079434
f 9/25/9 12/35/12 71/213/71
vt 0.984857 0.076132
vt 0.983544 0.079434
vt 0.983538 0.076074
f 9/25/9 71/212/71 72/216/72
vt 0.984857 0.079494
vt 0.984857 0.082812
vt 0.983541 0.082756
f 12/34/12 14/41/14 73/219/73
vt 0.984857 0.079494
vt 0.983541 0.082756
vt 0.983544 0.079434
f 12/34/12 73/218/73 71/213/71
vt 0.983538 0.076074
vt 0.983544 0.079434
vt 0.982247 0.079219
f 72/214/72 71/212/71 74/222/74
vt 0.983538 0.076074
vt 0.982247 0.079219
vt 0.982229 0.076126
f 72/214/72 74/221/74 75/225/75
vt 0.983544 0.079434
vt 0.983541 0.082756
vt 0.982278 0.082279
f 71/211/71 73/218/73 76/228/76
vt 0.983544 0.079434
vt 0.982278 0.082279
vt 0.982247 0.079219
f 71/211/71 76/227/76 74/222/74
vt 0.776527 0.017895
vt 0.776702 0.008117
vt 0.784640 0.005582
f 77/229/77 78/233/78 79/237/79
vt 0.776527 0.017895
vt 0.784640 0.005582
vt 0.784067 0.016259
f 77/229/77 79/236/79 80/240/80
vt 0.782592 0.014788
vt 0.770874 0.014788
vt 0.768421 0.004142
f 78/232/78 77/230/77 81/243/81
vt 0.782592 0.014788
vt 0.768421 0.004142
vt 0.784046 0.004142
f 78/232/78 81/242/81 82/246/82
vt 0.343750 0.992188
vt 0.308594 0.992188
vt 0.308594 0.941406
f 24/70/24 9/26/9 72/216/72
vt 0.343750 0.992188
vt 0.308594 0.941406
vt 0.343750 0.941406
f 24/70/24 72/215/72 83/249/83
vt 0.343750 0.941406
vt 0.308594 0.941406
vt 0.308594 0.878906
f 83/247/83 72/215/72 75/225/75
vt 0.343750 0.941406
vt 0.308594 0.878906
vt 0.335938 0.878906
f 83/247/83 75/224/75 70/210/70
vt 0.308594 0.847656
vt 0.328125 0.843750
vt 0.378906 0.855469
f 84/250/84 85/254/85 80/240/80
vt 0.308594 0.847656
vt 0.378906 0.855469
vt 0.343750 0.859375
f 84/250/84 80/239/80 86/258/86
vt 0.343750 0.859375
vt 0.320313 0.863281
vt 0.285156 0.851563
f 86/256/86 69/206/69 87/261/87
vt 0.343750 0.859375
vt 0.285156 0.851563
vt 0.308594 0.847656
f 86/256/86 87/260/87 84/252/84
vt 0.328125 0.843750
vt 0.308594 0.847656
vt 0.273438 0.839844
f 85/253/85 84/251/84 88/264/88
vt 0.328125 0.843750
vt 0.273438 0.839844
vt 0.300781 0.835938
f 85/253/85 88/263/88 89/267/89
vt 0.308594 0.847656
vt 0.285156 0.851563
vt 0.257813 0.847656
f 84/250/84 87/260/87 90/270/90
vt 0.308594 0.847656
vt 0.257813 0.847656
vt 0.273438 0.839844
f 84/250/84 90/269/90 88/264/88
vt 0.300781 0.835938
vt 0.273438 0.839844
vt 0.234375 0.824219
f 89/265/89 88/263/88 91/273/91
vt 0.300781 0.835938
vt 0.234375 0.824219
vt 0.281250 0.824219
f 89/265/89 91/272/91 92/276/92
vt 0.273438 0.839844
vt 0.257813 0.847656
vt 0.214844 0.835938
f 88/262/88 90/269/90 93/279/93
vt 0.273438 0.839844
vt 0.214844 0.835938
vt 0.234375 0.824219
f 88/262/88 93/278/93 91/273/91
vt 0.281250 0.824219
vt 0.234375 0.824219
vt 0.230469 0.816406
f 92/274/92 91/272/91 94/282/94
vt 0.281250 0.824219
vt 0.230469 0.816406
vt 0.300781 0.804688
f 92/274/92 94/281/94 95/285/95
vt 0.234375 0.824219
vt 0.214844 0.835938
vt 0.175781 0.828125
f 91/271/91 93/278/93 96/288/96
vt 0.234375 0.824219
vt 0.175781 0.828125
vt 0.230469 0.816406
f 91/271/91 96/287/96 94/282/94
vt 0.160156 0.851563
vt 0.117188 0.855469
vt 0.121094 0.843750
f 97/289/97 98/293/98 99/297/99
vt 0.160156 0.851563
vt 0.121094 0.843750
vt 0.171875 0.843750
f 97/289/97 99/296/99 100/300/100
vt 0.121094 0.843750
vt 0.175781 0.828125
vt 0.171875 0.843750
f 99/295/99 96/287/96 100/300/100
vt 0.554688 0.859375
vt 0.542969 0.835938
vt 0.578125 0.816406
f 65/193/65 101/302/101 102/306/102
vt 0.554688 0.859375
vt 0.578125 0.816406
vt 0.597656 0.839844
f 65/193/65 102/305/102 103/309/103
vt 0.597656 0.839844
vt 0.578125 0.816406
vt 0.636719 0.796875
f 103/307/103 102/305/102 104/312/104
vt 0.597656 0.839844
vt 0.636719 0.796875
vt 0.664063 0.820313
f 103/307/103 104/311/104 105/315/105
vt 0.277344 0.859375
vt 0.308594 0.871094
vt 0.308594 0.878906
f 106/316/106 107/320/107 75/225/75
vt 0.277344 0.859375
vt 0.308594 0.878906
vt 0.238281 0.859375
f 106/316/106 75/224/75 108/324/108
vt 0.238281 0.859375
vt 0.242188 0.851563
vt 0.277344 0.859375
f 108/322/108 109/326/109 106/318/106
vt 0.210938 0.847656
vt 0.242188 0.851563
vt 0.238281 0.859375
f 110/328/110 109/326/109 108/324/108
vt 0.210938 0.847656
vt 0.238281 0.859375
vt 0.203125 0.855469
f 110/328/110 108/323/108 111/333/111
vt 0.203125 0.855469
vt 0.160156 0.851563
vt 0.171875 0.843750
f 111/331/111 97/290/97 100/300/100
vt 0.203125 0.855469
vt 0.171875 0.843750
vt 0.210938 0.847656
f 111/331/111 100/299/100 110/330/110
vt 0.285156 0.851563
vt 0.320313 0.863281
vt 0.308594 0.871094
f 87/259/87 69/206/69 107/321/107
vt 0.285156 0.851563
vt 0.308594 0.871094
vt 0.277344 0.859375
f 87/259/87 107/320/107 106/318/106
vt 0.257813 0.847656
vt 0.285156 0.851563
vt 0.277344 0.859375
f 90/268/90 87/260/87 106/318/106
vt 0.257813 0.847656
vt 0.277344 0.859375
vt 0.242188 0.851563
f 90/268/90 106/317/106 109/327/109
vt 0.214844 0.835938
vt 0.257813 0.847656
vt 0.242188 0.851563
f 93/277/93 90/269/90 109/327/109
vt 0.214844 0.835938
vt 0.242188 0.851563
vt 0.210938 0.847656
f 93/277/93 109/326/109 110/330/110
vt 0.175781 0.828125
vt 0.214844 0.835938
vt 0.210938 0.847656
f 96/286/96 93/278/93 110/330/110
vt 0.175781 0.828125
vt 0.210938 0.847656
vt 0.171875 0.843750
f 96/286/96 110/329/110 100/300/100
vt 0.542969 0.835938
vt 0.554688 0.859375
vt 0.484375 0.875000
f 101/301/101 65/194/65 64/192/64
vt 0.542969 0.835938
vt 0.484375 0.875000
vt 0.484375 0.859375
f 101/301/101 64/191/64 112/336/112
vt 0.484375 0.859375
vt 0.484375 0.875000
vt 0.410156 0.875000
f 112/334/112 64/191/64 66/198/66
vt 0.484375 0.859375
vt 0.410156 0.875000
vt 0.429688 0.863281
f 112/334/112 66/197/66 113/339/113
vt 0.410156 0.875000
vt 0.320313 0.863281
vt 0.343750 0.859375
f 66/196/66 69/206/69 86/258/86
vt 0.554688 0.894531
vt 0.554688 0.941406
vt 0.484375 0.941406
f 114/340/114 115/344/115 116/348/116
vt 0.554688 0.894531
vt 0.484375 0.941406
vt 0.484375 0.894531
f 114/340/114 116/347/116 67/201/67
vt 0.554688 0.941406
vt 0.554688 0.992188
vt 0.484375 0.992188
f 115/343/115 60/179/60 59/177/59
vt 0.554688 0.941406
vt 0.484375 0.992188
vt 0.484375 0.941406
f 115/343/115 59/176/59 116/348/116
vt 0.484375 0.894531
vt 0.484375 0.941406
vt 0.410156 0.941406
f 67/199/67 116/347/116 117/351/117
vt 0.484375 0.894531
vt 0.410156 0.941406
vt 0.410156 0.894531
f 67/199/67 117/350/117 68/204/68
vt 0.484375 0.941406
vt 0.484375 0.992188
vt 0.410156 0.992188
f 116/346/116 59/176/59 62/186/62
vt 0.484375 0.941406
vt 0.410156 0.992188
vt 0.410156 0.941406
f 116/346/116 62/185/62 117/351/117
vt 0.343750 0.941406
vt 0.335938 0.878906
vt 0.410156 0.894531
f 83/247/83 70/209/70 68/204/68
vt 0.343750 0.941406
vt 0.410156 0.894531
vt 0.410156 0.941406
f 83/247/83 68/203/68 117/351/117
vt 0.343750 0.992188
vt 0.343750 0.941406
vt 0.410156 0.941406
f 24/70/24 83/248/83 117/351/117
vt 0.343750 0.992188
vt 0.410156 0.941406
vt 0.410156 0.992188
f 24/70/24 117/350/117 62/186/62
vt 0.981584 0.079089
vt 0.982247 0.079219
vt 0.982278 0.082279
f 111/331/111 74/221/74 76/228/76
vt 0.981584 0.079089
vt 0.982278 0.082279
vt 0.981488 0.080439
f 111/331/111 76/227/76 97/291/97
vt 0.981712 0.078054
vt 0.982229 0.076126
vt 0.982247 0.079219
f 108/322/108 75/224/75 74/222/74
vt 0.981712 0.078054
vt 0.982247 0.079219
vt 0.981584 0.079089
f 108/322/108 74/221/74 111/333/111
vt 0.335938 0.878906
vt 0.308594 0.871094
vt 0.320313 0.863281
f 70/208/70 107/320/107 69/207/69
vt 0.335938 0.878906
vt 0.308594 0.878906
vt 0.308594 0.871094
f 70/208/70 75/224/75 107/321/107
vt 0.484375 0.875000
vt 0.554688 0.878906
vt 0.554688 0.894531
f 64/190/64 63/188/63 114/342/114
vt 0.484375 0.875000
vt 0.554688 0.894531
vt 0.484375 0.894531
f 64/190/64 114/341/114 67/201/67
vt 0.429688 0.863281
vt 0.410156 0.875000
vt 0.343750 0.859375
f 113/337/113 66/197/66 86/258/86
vt 0.429688 0.863281
vt 0.343750 0.859375
vt 0.394531 0.859375
f 113/337/113 86/257/86 79/237/79
vt 0.343750 0.859375
vt 0.378906 0.855469
vt 0.394531 0.859375
f 86/256/86 80/239/80 79/237/79
vt -0.067782 0.711831
vt -0.166536 0.724206
vt -0.175517 0.313732
f 4/10/4 3/8/3 5/15/5
vt -0.067782 0.711831
vt -0.175517 0.313732
vt -0.074213 0.325250
f 4/10/4 5/14/5 6/18/6
vt -0.074213 0.325250
vt -0.175517 0.313732
vt -0.191009 -0.089315
f 6/16/6 5/14/5 7/21/7
vt -0.074213 0.325250
vt -0.191009 -0.089315
vt -0.090683 -0.046881
f 6/16/6 7/20/7 8/24/8
vt -0.077605 1.086342
vt -0.067782 0.711831
vt 0.211793 0.712453
f 56/166/56 4/11/4 57/171/57
vt -0.077605 1.086342
vt 0.211793 0.712453
vt 0.210801 1.089314
f 56/166/56 57/170/57 58/174/58
vt 0.210801 1.089314
vt 0.211793 0.712453
vt 0.500000 0.712672
f 58/172/58 57/170/57 59/177/59
vt 0.210801 1.089314
vt 0.500000 0.712672
vt 0.500000 1.085315
f 58/172/58 59/176/59 60/180/60
vt -0.067782 0.711831
vt -0.074213 0.325250
vt 0.209790 0.331831
f 4/10/4 6/17/6 61/183/61
vt -0.067782 0.711831
vt 0.209790 0.331831
vt 0.211793 0.712453
f 4/10/4 61/182/61 57/171/57
vt 0.211793 0.712453
vt 0.209790 0.331831
vt 0.500000 0.328777
f 57/169/57 61/182/61 62/186/62
vt 0.211793 0.712453
vt 0.500000 0.328777
vt 0.500000 0.712672
f 57/169/57 62/185/62 59/177/59
vt -0.074213 0.325250
vt -0.090683 -0.046881
vt 0.204299 -0.044846
f 6/16/6 8/23/8 25/75/25
vt -0.074213 0.325250
vt 0.204299 -0.044846
vt 0.209790 0.331831
f 6/16/6 25/74/25 61/183/61
vt 0.500000 -0.042891
vt 0.500000 0.328777
vt 0.209790 0.331831
f 24/70/24 62/185/62 61/183/61
vt 0.500000 -0.042891
vt 0.209790 0.331831
vt 0.204299 -0.044846
f 24/70/24 61/182/61 25/75/25
vt -0.166536 0.724206
vt -0.067782 0.711831
vt -0.077605 1.086342
f 3/7/3 4/11/4 56/168/56
vt -0.166536 0.724206
vt -0.077605 1.086342
vt -0.151614 1.089262
f 3/7/3 56/167/56 1/3/1
vt 1.175516 0.313732
vt 1.166535 0.724206
vt 1.067781 0.711831
f 66/196/66 64/191/64 67/201/67
vt 1.175516 0.313732
vt 1.067781 0.711831
vt 1.074213 0.325250
f 66/196/66 67/200/67 68/204/68
vt 1.191009 -0.089315
vt 1.175516 0.313732
vt 1.074213 0.325250
f 69/205/69 66/197/66 68/204/68
vt 1.191009 -0.089315
vt 1.074213 0.325250
vt 1.090683 -0.046881
f 69/205/69 68/203/68 70/210/70
vt 1.077605 1.086342
vt 0.789199 1.089314
vt 0.788207 0.712453
f 114/340/114 115/344/115 116/348/116
vt 1.077605 1.086342
vt 0.788207 0.712453
vt 1.067781 0.711831
f 114/340/114 116/347/116 67/201/67
vt 0.789199 1.089314
vt 0.500000 1.085315
vt 0.500000 0.712672
f 115/343/115 60/179/60 59/177/59
vt 0.789199 1.089314
vt 0.500000 0.712672
vt 0.788207 0.712453
f 115/343/115 59/176/59 116/348/116
vt 1.067781 0.711831
vt 0.788207 0.712453
vt 0.790210 0.331831
f 67/199/67 116/347/116 117/351/117
vt 1.067781 0.711831
vt 0.790210 0.331831
vt 1.074213 0.325250
f 67/199/67 117/350/117 68/204/68
vt 0.788207 0.712453
vt 0.500000 0.712672
vt 0.500000 0.328777
f 116/346/116 59/176/59 62/186/62
vt 0.788207 0.712453
vt 0.500000 0.328777
vt 0.790210 0.331831
f 116/346/116 62/185/62 117/351/117
vt 0.795701 -0.044846
vt 1.090683 -0.046881
vt 1.074213 0.325250
f 83/247/83 70/209/70 68/204/68
vt 0.795701 -0.044846
vt 1.074213 0.325250
vt 0.790210 0.331831
f 83/247/83 68/203/68 117/351/117
vt 0.500000 -0.042891
vt 0.795701 -0.044846
vt 0.790210 0.331831
f 24/70/24 83/248/83 117/351/117
vt 0.500000 -0.042891
vt 0.790210 0.331831
vt 0.500000 0.328777
f 24/70/24 117/350/117 62/186/62
vt 1.166535 0.724206
vt 1.151614 1.089262
vt 1.077605 1.086342
f 64/190/64 63/188/63 114/342/114
vt 1.166535 0.724206
vt 1.077605 1.086342
vt 1.067781 0.711831
f 64/190/64 114/341/114 67/201/67
vt 0.747860 0.359800
vt 0.741608 0.345160
vt 0.822371 0.356329
f 1/1/1 2/5/2 3/9/3
vt 1.005005 0.442249
vt 1.007005 0.511328
vt 0.978942 0.511328
f 10/28/10 9/26/9 24/72/24
vt 1.005005 0.442249
vt 0.978942 0.511328
vt 0.979342 0.442565
f 10/28/10 24/71/24 25/75/25
vt 0.979342 0.442565
vt 0.979757 0.373969
vt 1.006813 0.373626
f 25/73/25 8/23/8 15/45/15
vt 0.979342 0.442565
vt 1.006813 0.373626
vt 1.005005 0.442249
f 25/73/25 15/44/15 10/30/10
vt 0.937644 0.331444
vt 0.971972 0.325991
vt 0.998432 0.332165
f 21/61/21 26/77/26 27/81/27
vt 0.937644 0.331444
vt 0.998432 0.332165
vt 0.960636 0.342648
f 21/61/21 27/80/27 28/84/28
vt 0.960636 0.342648
vt 0.998432 0.332165
vt 1.024531 0.340471
f 28/82/28 27/80/27 29/87/29
vt 0.960636 0.342648
vt 1.024531 0.340471
vt 0.988418 0.350638
f 28/82/28 29/86/29 7/21/7
vt 0.971972 0.325991
vt 1.004965 0.319673
vt 1.033607 0.323803
f 26/76/26 30/89/30 31/93/31
vt 0.971972 0.325991
vt 1.033607 0.323803
vt 0.998432 0.332165
f 26/76/26 31/92/31 27/81/27
vt 0.998432 0.332165
vt 1.033607 0.323803
vt 1.055793 0.331809
f 27/79/27 31/92/31 32/96/32
vt 0.998432 0.332165
vt 1.055793 0.331809
vt 1.024531 0.340471
f 27/79/27 32/95/32 29/87/29
vt 1.004965 0.319673
vt 1.026437 0.303862
vt 1.062602 0.307900
f 30/88/30 33/98/33 34/102/34
vt 1.004965 0.319673
vt 1.062602 0.307900
vt 1.033607 0.323803
f 30/88/30 34/101/34 31/93/31
vt 1.033607 0.323803
vt 1.062602 0.307900
vt 1.097951 0.319471
f 31/91/31 34/101/34 35/105/35
vt 1.033607 0.323803
vt 1.097951 0.319471
vt 1.055793 0.331809
f 31/91/31 35/104/35 32/96/32
vt 1.026437 0.303862
vt 0.998886 0.291712
vt 1.069263 0.294994
f 33/97/33 36/107/36 37/111/37
vt 1.026437 0.303862
vt 1.069263 0.294994
vt 1.062602 0.307900
f 33/97/33 37/110/37 34/102/34
vt 1.062602 0.307900
vt 1.069263 0.294994
vt 1.139899 0.306789
f 34/100/34 37/110/37 38/114/38
vt 1.062602 0.307900
vt 1.139899 0.306789
vt 1.097951 0.319471
f 34/100/34 38/113/38 35/105/35
vt 1.198239 0.326835
vt 1.156617 0.341527
vt 1.140607 0.327072
f 39/115/39 41/122/41 42/126/42
vt 1.198239 0.326835
vt 1.140607 0.327072
vt 1.139899 0.306789
f 39/115/39 42/125/42 38/114/38
vt 0.686160 0.301883
vt 0.753676 0.326510
vt 0.741608 0.345160
f 43/127/43 44/131/44 2/6/2
vt 0.686160 0.301883
vt 0.741608 0.345160
vt 0.667115 0.317047
f 43/127/43 2/5/2 45/135/45
vt 0.621233 0.276837
vt 0.686160 0.301883
vt 0.667115 0.317047
f 46/136/46 43/128/43 45/135/45
vt 0.621233 0.276837
vt 0.667115 0.317047
vt 0.590443 0.294254
f 46/136/46 45/134/45 47/141/47
vt 1.006813 0.373626
vt 0.998683 0.360932
vt 1.031509 0.347471
f 15/43/15 48/143/48 49/147/49
vt 1.006813 0.373626
vt 1.031509 0.347471
vt 1.073786 0.346537
f 15/43/15 49/146/49 50/150/50
vt 1.073786 0.346537
vt 1.031509 0.347471
vt 1.067787 0.339484
f 50/148/50 49/146/49 51/153/51
vt 1.073786 0.346537
vt 1.067787 0.339484
vt 1.104015 0.332705
f 50/148/50 51/152/51 52/156/52
vt 1.073786 0.346537
vt 1.104015 0.332705
vt 1.109722 0.339854
f 50/148/50 52/155/52 53/159/53
vt 1.140607 0.327072
vt 1.156617 0.341527
vt 1.109722 0.339854
f 42/124/42 41/122/41 53/159/53
vt 1.140607 0.327072
vt 1.109722 0.339854
vt 1.104015 0.332705
f 42/124/42 53/158/53 52/156/52
vt 0.998683 0.360932
vt 0.988418 0.350638
vt 1.024531 0.340471
f 48/142/48 7/20/7 29/87/29
vt 0.998683 0.360932
vt 1.024531 0.340471
vt 1.031509 0.347471
f 48/142/48 29/86/29 49/147/49
vt 1.031509 0.347471
vt 1.024531 0.340471
vt 1.055793 0.331809
f 49/145/49 29/86/29 32/96/32
vt 1.031509 0.347471
vt 1.055793 0.331809
vt 1.067787 0.339484
f 49/145/49 32/95/32 51/153/51
vt 1.067787 0.339484
vt 1.055793 0.331809
vt 1.097951 0.319471
f 51/151/51 32/95/32 35/105/35
vt 1.067787 0.339484
vt 1.097951 0.319471
vt 1.104015 0.332705
f 51/151/51 35/104/35 52/156/52
vt 1.104015 0.332705
vt 1.097951 0.319471
vt 1.139899 0.306789
f 52/154/52 35/104/35 38/114/38
vt 1.104015 0.332705
vt 1.139899 0.306789
vt 1.140607 0.327072
f 52/154/52 38/113/38 42/126/42
vt 0.822371 0.356329
vt 0.741608 0.345160
vt 0.753676 0.326510
f 3/7/3 2/5/2 44/132/44
vt 0.822371 0.356329
vt 0.753676 0.326510
vt 0.815525 0.339064
f 3/7/3 44/131/44 54/162/54
vt 0.906153 0.354241
vt 0.822371 0.356329
vt 0.815525 0.339064
f 5/13/5 3/8/3 54/162/54
vt 0.906153 0.354241
vt 0.815525 0.339064
vt 0.868146 0.337742
f 5/13/5 54/161/54 55/165/55
vt 0.906153 0.354241
vt 0.960636 0.342648
vt 0.988418 0.350638
f 5/13/5 28/83/28 7/21/7
vt 0.979757 0.373969
vt 0.988418 0.350638
vt 0.998683 0.360932
f 8/22/8 7/20/7 48/144/48
vt 0.979757 0.373969
vt 0.998683 0.360932
vt 1.006813 0.373626
f 8/22/8 48/143/48 15/45/15
vt 0.868146 0.337742
vt 0.925653 0.332586
vt 0.960636 0.342648
f 55/163/55 18/53/18 28/84/28
vt 0.868146 0.337742
vt 0.960636 0.342648
vt 0.906153 0.354241
f 55/163/55 28/83/28 5/15/5
vt 0.960636 0.342648
vt 0.925653 0.332586
vt 0.937644 0.331444
f 28/82/28 18/53/18 21/63/21
vt 0.747860 0.662857
vt 0.822371 0.666327
vt 0.741608 0.677497
f 63/187/63 64/191/64 65/195/65
vt 0.978942 0.511328
vt 1.007005 0.511328
vt 1.005005 0.580408
f 24/70/24 9/26/9 72/216/72
vt 0.978942 0.511328
vt 1.005005 0.580408
vt 0.979342 0.580092
f 24/70/24 72/215/72 83/249/83
vt 0.979342 0.580092
vt 1.005005 0.580408
vt 1.006813 0.649030
f 83/247/83 72/215/72 75/225/75
vt 0.979342 0.580092
vt 1.006813 0.649030
vt 0.979757 0.648688
f 83/247/83 75/224/75 70/210/70
vt 0.998432 0.690492
vt 0.971972 0.696666
vt 0.937644 0.691213
f 84/250/84 85/254/85 80/240/80
vt 0.998432 0.690492
vt 0.937644 0.691213
vt 0.960636 0.680009
f 84/250/84 80/239/80 86/258/86
vt 0.960636 0.680009
vt 0.988418 0.672018
vt 1.024531 0.682185
f 86/256/86 69/206/69 87/261/87
vt 0.960636 0.680009
vt 1.024531 0.682185
vt 0.998432 0.690492
f 86/256/86 87/260/87 84/252/84
vt 0.971972 0.696666
vt 0.998432 0.690492
vt 1.033607 0.698853
f 85/253/85 84/251/84 88/264/88
vt 0.971972 0.696666
vt 1.033607 0.698853
vt 1.004965 0.702983
f 85/253/85 88/263/88 89/267/89
vt 0.998432 0.690492
vt 1.024531 0.682185
vt 1.055793 0.690847
f 84/250/84 87/260/87 90/270/90
vt 0.998432 0.690492
vt 1.055793 0.690847
vt 1.033607 0.698853
f 84/250/84 90/269/90 88/264/88
vt 1.004965 0.702983
vt 1.033607 0.698853
vt 1.062602 0.714756
f 89/265/89 88/263/88 91/273/91
vt 1.004965 0.702983
vt 1.062602 0.714756
vt 1.026437 0.718794
f 89/265/89 91/272/91 92/276/92
vt 1.033607 0.698853
vt 1.055793 0.690847
vt 1.097951 0.703185
f 88/262/88 90/269/90 93/279/93
vt 1.033607 0.698853
vt 1.097951 0.703185
vt 1.062602 0.714756
f 88/262/88 93/278/93 91/273/91
vt 1.026437 0.718794
vt 1.062602 0.714756
vt 1.069263 0.727663
f 92/274/92 91/272/91 94/282/94
vt 1.026437 0.718794
vt 1.069263 0.727663
vt 0.998886 0.730944
f 92/274/92 94/281/94 95/285/95
vt 1.062602 0.714756
vt 1.097951 0.703185
vt 1.139899 0.715867
f 91/271/91 93/278/93 96/288/96
vt 1.062602 0.714756
vt 1.139899 0.715867
vt 1.069263 0.727663
f 91/271/91 96/287/96 94/282/94
vt 1.156617 0.681130
vt 1.198239 0.695822
vt 1.140607 0.695585
f 97/289/97 99/296/99 100/300/100
vt 1.198239 0.695822
vt 1.139899 0.715867
vt 1.140607 0.695585
f 99/295/99 96/287/96 100/300/100
vt 0.741608 0.677497
vt 0.753676 0.696146
vt 0.686160 0.720773
f 65/193/65 101/302/101 102/306/102
vt 0.741608 0.677497
vt 0.686160 0.720773
vt 0.667115 0.705610
f 65/193/65 102/305/102 103/309/103
vt 0.667115 0.705610
vt 0.686160 0.720773
vt 0.621233 0.745819
f 103/307/103 102/305/102 104/312/104
vt 0.667115 0.705610
vt 0.621233 0.745819
vt 0.590443 0.728403
f 103/307/103 104/311/104 105/315/105
vt 1.031509 0.675185
vt 0.998683 0.661725
vt 1.006813 0.649030
f 106/316/106 107/320/107 75/225/75
vt 1.031509 0.675185
vt 1.006813 0.649030
vt 1.073786 0.676120
f 106/316/106 75/224/75 108/324/108
vt 1.073786 0.676120
vt 1.067787 0.683173
vt 1.031509 0.675185
f 108/322/108 109/326/109 106/318/106
vt 1.104015 0.689951
vt 1.067787 0.683173
vt 1.073786 0.676120
f 110/328/110 109/326/109 108/324/108
vt 1.104015 0.689951
vt 1.073786 0.676120
vt 1.109722 0.682803
f 110/328/110 108/323/108 111/333/111
vt 1.109722 0.682803
vt 1.156617 0.681130
vt 1.140607 0.695585
f 111/331/111 97/290/97 100/300/100
vt 1.109722 0.682803
vt 1.140607 0.695585
vt 1.104015 0.689951
f 111/331/111 100/299/100 110/330/110
vt 1.024531 0.682185
vt 0.988418 0.672018
vt 0.998683 0.661725
f 87/259/87 69/206/69 107/321/107
vt 1.024531 0.682185
vt 0.998683 0.661725
vt 1.031509 0.675185
f 87/259/87 107/320/107 106/318/106
vt 1.055793 0.690847
vt 1.024531 0.682185
vt 1.031509 0.675185
f 90/268/90 87/260/87 106/318/106
vt 1.055793 0.690847
vt 1.031509 0.675185
vt 1.067787 0.683173
f 90/268/90 106/317/106 109/327/109
vt 1.097951 0.703185
vt 1.055793 0.690847
vt 1.067787 0.683173
f 93/277/93 90/269/90 109/327/109
vt 1.097951 0.703185
vt 1.067787 0.683173
vt 1.104015 0.689951
f 93/277/93 109/326/109 110/330/110
vt 1.139899 0.715867
vt 1.097951 0.703185
vt 1.104015 0.689951
f 96/286/96 93/278/93 110/330/110
vt 1.139899 0.715867
vt 1.104015 0.689951
vt 1.140607 0.695585
f 96/286/96 110/329/110 100/300/100
vt 0.753676 0.696146
vt 0.741608 0.677497
vt 0.822371 0.666327
f 101/301/101 65/194/65 64/192/64
vt 0.753676 0.696146
vt 0.822371 0.666327
vt 0.815525 0.683593
f 101/301/101 64/191/64 112/336/112
vt 0.815525 0.683593
vt 0.822371 0.666327
vt 0.906153 0.668415
f 112/334/112 64/191/64 66/198/66
vt 0.815525 0.683593
vt 0.906153 0.668415
vt 0.868146 0.684915
f 112/334/112 66/197/66 113/339/113
vt 0.906153 0.668415
vt 0.988418 0.672018
vt 0.960636 0.680009
f 66/196/66 69/206/69 86/258/86
vt 0.979757 0.648688
vt 0.998683 0.661725
vt 0.988418 0.672018
f 70/208/70 107/320/107 69/207/69
vt 0.979757 0.648688
vt 1.006813 0.649030
vt 0.998683 0.661725
f 70/208/70 75/224/75 107/321/107
vt 0.868146 0.684915
vt 0.906153 0.668415
vt 0.960636 0.680009
f 113/337/113 66/197/66 86/258/86
vt 0.868146 0.684915
vt 0.960636 0.680009
vt 0.925653 0.690070
f 113/337/113 86/257/86 79/237/79
vt 0.960636 0.680009
vt 0.937644 0.691213
vt 0.925653 0.690070
f 86/256/86 80/239/80 79/237/79
vt 0.824897 0.379294
vt 0.822371 0.356329
vt 0.906153 0.354241
f 4/10/4 3/8/3 5/15/5
vt 0.824897 0.379294
vt 0.906153 0.354241
vt 0.903802 0.377799
f 4/10/4 5/14/5 6/18/6
vt 0.903802 0.377799
vt 0.906153 0.354241
vt 0.988418 0.350638
f 6/16/6 5/14/5 7/21/7
vt 0.903802 0.377799
vt 0.988418 0.350638
vt 0.979757 0.373969
f 6/16/6 7/20/7 8/24/8
vt 0.748456 0.377010
vt 0.824897 0.379294
vt 0.824770 0.444308
f 56/166/56 4/11/4 57/171/57
vt 0.748456 0.377010
vt 0.824770 0.444308
vt 0.747849 0.444077
f 56/166/56 57/170/57 58/174/58
vt 0.747849 0.444077
vt 0.824770 0.444308
vt 0.824725 0.511328
f 58/172/58 57/170/57 59/177/59
vt 0.747849 0.444077
vt 0.824725 0.511328
vt 0.748666 0.511328
f 58/172/58 59/176/59 60/180/60
vt 0.824897 0.379294
vt 0.903802 0.377799
vt 0.902459 0.443842
f 4/10/4 6/17/6 61/183/61
vt 0.824897 0.379294
vt 0.902459 0.443842
vt 0.824770 0.444308
f 4/10/4 61/182/61 57/171/57
vt 0.824770 0.444308
vt 0.902459 0.443842
vt 0.903082 0.511328
f 57/169/57 61/182/61 62/186/62
vt 0.824770 0.444308
vt 0.903082 0.511328
vt 0.824725 0.511328
f 57/169/57 62/185/62 59/177/59
vt 0.903802 0.377799
vt 0.979757 0.373969
vt 0.979342 0.442565
f 6/16/6 8/23/8 25/75/25
vt 0.903802 0.377799
vt 0.979342 0.442565
vt 0.902459 0.443842
f 6/16/6 25/74/25 61/183/61
vt 0.978942 0.511328
vt 0.903082 0.511328
vt 0.902459 0.443842
f 24/70/24 62/185/62 61/183/61
vt 0.978942 0.511328
vt 0.902459 0.443842
vt 0.979342 0.442565
f 24/70/24 61/182/61 25/75/25
vt 0.822371 0.356329
vt 0.824897 0.379294
vt 0.748456 0.377010
f 3/7/3 4/11/4 56/168/56
vt 0.822371 0.356329
vt 0.748456 0.377010
vt 0.747860 0.359800
f 3/7/3 56/167/56 1/3/1
vt 0.906153 0.668415
vt 0.822371 0.666327
vt 0.824897 0.643362
f 66/196/66 64/191/64 67/201/67
vt 0.906153 0.668415
vt 0.824897 0.643362
vt 0.903802 0.644858
f 66/196/66 67/200/67 68/204/68
vt 0.988418 0.672018
vt 0.906153 0.668415
vt 0.903802 0.644858
f 69/205/69 66/197/66 68/204/68
vt 0.988418 0.672018
vt 0.903802 0.644858
vt 0.979757 0.648688
f 69/205/69 68/203/68 70/210/70
vt 0.748456 0.645647
vt 0.747849 0.578580
vt 0.824770 0.578349
f 114/340/114 115/344/115 116/348/116
vt 0.748456 0.645647
vt 0.824770 0.578349
vt 0.824897 0.643362
f 114/340/114 116/347/116 67/201/67
vt 0.747849 0.578580
vt 0.748666 0.511328
vt 0.824725 0.511328
f 115/343/115 60/179/60 59/177/59
vt 0.747849 0.578580
vt 0.824725 0.511328
vt 0.824770 0.578349
f 115/343/115 59/176/59 116/348/116
vt 0.824897 0.643362
vt 0.824770 0.578349
vt 0.902459 0.578815
f 67/199/67 116/347/116 117/351/117
vt 0.824897 0.643362
vt 0.902459 0.578815
vt 0.903802 0.644858
f 67/199/67 117/350/117 68/204/68
vt 0.824770 0.578349
vt 0.824725 0.511328
vt 0.903082 0.511328
f 116/346/116 59/176/59 62/186/62
vt 0.824770 0.578349
vt 0.903082 0.511328
vt 0.902459 0.578815
f 116/346/116 62/185/62 117/351/117
vt 0.979342 0.580092
vt 0.979757 0.648688
vt 0.903802 0.644858
f 83/247/83 70/209/70 68/204/68
vt 0.979342 0.580092
vt 0.903802 0.644858
vt 0.902459 0.578815
f 83/247/83 68/203/68 117/351/117
vt 0.978942 0.511328
vt 0.979342 0.580092
vt 0.902459 0.578815
f 24/70/24 83/248/83 117/351/117
vt 0.978942 0.511328
vt 0.902459 0.578815
vt 0.903082 0.511328
f 24/70/24 117/350/117 62/186/62
vt 0.822371 0.666327
vt 0.747860 0.662857
vt 0.748456 0.645647
f 64/190/64 63/188/63 114/342/114
vt 0.822371 0.666327
vt 0.748456 0.645647
vt 0.824897 0.643362
f 64/190/64 114/341/114 67/201/67
vt 0.980469 0.085938
vt 0.984375 0.085938
vt 0.984375 0.078125
f 1/1/1 2/5/2 3/9/3
vt 0.980469 0.085938
vt 0.984375 0.078125
vt 0.980469 0.082031
f 1/1/1 3/8/3 4/12/4
vt 0.980469 0.082031
vt 0.984375 0.078125
vt 0.988281 0.074219
f 4/10/4 3/8/3 5/15/5
vt 0.980469 0.082031
vt 0.988281 0.074219
vt 0.980469 0.074219
f 4/10/4 5/14/5 6/18/6
vt 0.984375 0.085938
vt 0.984375 0.085938
vt 0.984375 0.078125
f 2/4/2 7/20/7 3/9/3
vt 0.984375 0.085938
vt 0.988281 0.085938
vt 0.988281 0.078125
f 7/19/7 8/23/8 9/27/9
vt 0.984375 0.085938
vt 0.988281 0.078125
vt 0.984375 0.078125
f 7/19/7 9/26/9 3/9/3
vt 0.984375 0.078125
vt 0.988281 0.078125
vt 0.992188 0.074219
f 3/7/3 9/26/9 10/30/10
vt 0.984375 0.078125
vt 0.992188 0.074219
vt 0.988281 0.074219
f 3/7/3 10/29/10 5/15/5
vt 0.976563 0.082031
vt 0.980469 0.085938
vt 0.980469 0.078125
f 11/31/11 12/35/12 13/39/13
vt 0.976563 0.082031
vt 0.980469 0.078125
vt 0.976563 0.078125
f 11/31/11 13/38/13 14/42/14
vt 0.976563 0.078125
vt 0.980469 0.078125
vt 0.980469 0.074219
f 14/40/14 13/38/13 15/45/15
vt 0.976563 0.078125
vt 0.980469 0.074219
vt 0.976563 0.074219
f 14/40/14 15/44/15 16/48/16
vt 0.980469 0.082031
vt 0.980469 0.078125
vt 0.980469 0.085938
f 17/49/17 13/38/13 12/36/12
vt 0.980469 0.082031
vt 0.980469 0.085938
vt 0.980469 0.085938
f 17/49/17 12/35/12 18/54/18
vt 0.980469 0.078125
vt 0.980469 0.082031
vt 0.980469 0.074219
f 13/37/13 17/50/17 19/57/19
vt 0.980469 0.078125
vt 0.980469 0.074219
vt 0.980469 0.074219
f 13/37/13 19/56/19 15/45/15
vt 0.984375 0.078125
vt 0.984375 0.085938
vt 0.980469 0.085938
f 20/58/20 21/62/21 22/66/22
vt 0.984375 0.078125
vt 0.980469 0.085938
vt 0.980469 0.082031
f 20/58/20 22/65/22 23/69/23
vt 0.988281 0.074219
vt 0.984375 0.078125
vt 0.980469 0.082031
f 24/70/24 20/59/20 23/69/23
vt 0.988281 0.074219
vt 0.980469 0.082031
vt 0.980469 0.074219
f 24/70/24 23/68/23 25/75/25
vt 0.984375 0.085938
vt 0.984375 0.078125
vt 0.984375 0.085938
f 21/61/21 20/59/20 26/78/26
vt 0.984375 0.085938
vt 0.984375 0.078125
vt 0.988281 0.078125
f 26/76/26 20/59/20 27/81/27
vt 0.984375 0.085938
vt 0.988281 0.078125
vt 0.988281 0.085938
f 26/76/26 27/80/27 28/84/28
vt 0.984375 0.078125
vt 0.988281 0.074219
vt 0.992188 0.074219
f 20/58/20 24/71/24 29/87/29
vt 0.984375 0.078125
vt 0.992188 0.074219
vt 0.988281 0.078125
f 20/58/20 29/86/29 27/81/27
vt 0.980469 0.078125
vt 0.980469 0.085938
vt 0.976563 0.082031
f 30/88/30 31/92/31 32/96/32
vt 0.980469 0.078125
vt 0.976563 0.082031
vt 0.976563 0.078125
f 30/88/30 32/95/32 33/99/33
vt 0.980469 0.074219
vt 0.980469 0.078125
vt 0.976563 0.078125
f 34/100/34 30/89/30 33/99/33
vt 0.980469 0.074219
vt 0.976563 0.078125
vt 0.976563 0.074219
f 34/100/34 33/98/33 35/105/35
vt 0.980469 0.082031
vt 0.980469 0.085938
vt 0.980469 0.085938
f 36/106/36 37/110/37 31/93/31
vt 0.980469 0.082031
vt 0.980469 0.085938
vt 0.980469 0.078125
f 36/106/36 31/92/31 30/90/30
vt 0.980469 0.074219
vt 0.980469 0.082031
vt 0.980469 0.078125
f 38/112/38 36/107/36 30/90/30
vt 0.980469 0.074219
vt 0.980469 0.078125
vt 0.980469 0.074219
f 38/112/38 30/89/30 34/102/34
vt 0.988340 0.083911
vt 0.986426 0.084506
vt 0.986615 0.078641
f 1/1/1 2/5/2 3/9/3
vt 0.988340 0.083911
vt 0.986615 0.078641
vt 0.988703 0.078334
f 1/1/1 3/8/3 4/12/4
vt 0.988703 0.078334
vt 0.986615 0.078641
vt 0.986807 0.072794
f 4/10/4 3/8/3 5/15/5
vt 0.988703 0.078334
vt 0.986807 0.072794
vt 0.989066 0.072795
f 4/10/4 5/14/5 6/18/6
vt 0.986426 0.084506
vt 0.984506 0.084646
vt 0.984506 0.078752
f 2/4/2 7/20/7 8/24/8
vt 0.986426 0.084506
vt 0.984506 0.078752
vt 0.986615 0.078641
f 2/4/2 8/23/8 3/9/3
vt 0.986615 0.078641
vt 0.984506 0.078752
vt 0.984506 0.072702
f 3/7/3 8/23/8 9/27/9
vt 0.986615 0.078641
vt 0.984506 0.072702
vt 0.986807 0.072794
f 3/7/3 9/26/9 5/15/5
vt 0.988340 0.083911
vt 0.988703 0.078334
vt 0.989440 0.078124
f 1/1/1 4/11/4 10/30/10
vt 0.988340 0.083911
vt 0.989440 0.078124
vt 0.988832 0.083567
f 1/1/1 10/29/10 11/33/11
vt 0.988832 0.083567
vt 0.989440 0.078124
vt 0.990052 0.077696
f 11/31/11 10/29/10 12/36/12
vt 0.988832 0.083567
vt 0.990052 0.077696
vt 0.989249 0.082892
f 11/31/11 12/35/12 13/39/13
vt 0.988703 0.078334
vt 0.989066 0.072795
vt 0.989931 0.072619
f 4/10/4 6/17/6 14/42/14
vt 0.988703 0.078334
vt 0.989931 0.072619
vt 0.989440 0.078124
f 4/10/4 14/41/14 10/30/10
vt 0.990702 0.072254
vt 0.990052 0.077696
vt 0.989440 0.078124
f 15/43/15 12/35/12 10/30/10
vt 0.990702 0.072254
vt 0.989440 0.078124
vt 0.989931 0.072619
f 15/43/15 10/29/10 14/42/14
vt 0.982398 0.078641
vt 0.982587 0.084506
vt 0.980673 0.083911
f 16/46/16 17/50/17 18/54/18
vt 0.982398 0.078641
vt 0.980673 0.083911
vt 0.980309 0.078334
f 16/46/16 18/53/18 19/57/19
vt 0.982206 0.072794
vt 0.982398 0.078641
vt 0.980309 0.078334
f 20/58/20 16/47/16 19/57/19
vt 0.982206 0.072794
vt 0.980309 0.078334
vt 0.979947 0.072795
f 20/58/20 19/56/19 21/63/21
vt 0.984506 0.078752
vt 0.984506 0.084646
vt 0.982587 0.084506
f 8/22/8 7/20/7 17/51/17
vt 0.984506 0.078752
vt 0.982587 0.084506
vt 0.982398 0.078641
f 8/22/8 17/50/17 16/48/16
vt 0.984506 0.072702
vt 0.984506 0.078752
vt 0.982398 0.078641
f 9/25/9 8/23/8 16/48/16
vt 0.984506 0.072702
vt 0.982398 0.078641
vt 0.982206 0.072794
f 9/25/9 16/47/16 20/60/20
vt 0.979573 0.078124
vt 0.980309 0.078334
vt 0.980673 0.083911
f 22/64/22 19/56/19 18/54/18
vt 0.979573 0.078124
vt 0.980673 0.083911
vt 0.980181 0.083567
f 22/64/22 18/53/18 23/69/23
vt 0.980181 0.083567
vt 0.979763 0.082892
vt 0.978961 0.077696
f 23/67/23 24/71/24 25/75/25
vt 0.980181 0.083567
vt 0.978961 0.077696
vt 0.979573 0.078124
f 23/67/23 25/74/25 22/66/22
vt 0.980309 0.078334
vt 0.979573 0.078124
vt 0.979082 0.072619
f 19/55/19 22/65/22 26/78/26
vt 0.980309 0.078334
vt 0.979082 0.072619
vt 0.979947 0.072795
f 19/55/19 26/77/26 21/63/21
vt 0.978310 0.072254
vt 0.979082 0.072619
vt 0.979573 0.078124
f 27/79/27 26/77/26 22/66/22
vt 0.978310 0.072254
vt 0.979573 0.078124
vt 0.978961 0.077696
f 27/79/27 22/65/22 25/75/25
vt 0.722656 0.875000
vt 0.804688 0.878906
vt 0.789063 0.847656
f 1/1/1 2/5/2 3/9/3
vt 0.722656 0.875000
vt 0.789063 0.847656
vt 0.699219 0.847656
f 1/1/1 3/8/3 4/12/4
vt 0.804688 0.878906
vt 0.898438 0.890625
vt 0.882813 0.863281
f 2/4/2 5/14/5 6/18/6
vt 0.804688 0.878906
vt 0.882813 0.863281
vt 0.789063 0.847656
f 2/4/2 6/17/6 3/9/3
vt 0.957031 0.886719
vt 0.882813 0.863281
vt 0.898438 0.890625
f 7/19/7 6/17/6 5/15/5
vt 0.957031 0.886719
vt 0.898438 0.890625
vt 0.962571 0.910156
f 7/19/7 5/14/5 8/24/8
vt 0.738281 0.996094
vt 0.824219 0.996094
vt 0.812500 0.925781
f 9/25/9 10/29/10 11/33/11
vt 0.738281 0.996094
vt 0.812500 0.925781
vt 0.734375 0.925781
f 9/25/9 11/32/11 12/36/12
vt 0.734375 0.925781
vt 0.812500 0.925781
vt 0.804688 0.886719
f 12/34/12 11/32/11 13/39/13
vt 0.734375 0.925781
vt 0.804688 0.886719
vt 0.722656 0.875000
f 12/34/12 13/38/13 1/3/1
vt 0.824219 0.996094
vt 0.906250 0.996094
vt 0.902344 0.933594
f 10/28/10 14/41/14 15/45/15
vt 0.824219 0.996094
vt 0.902344 0.933594
vt 0.812500 0.925781
f 10/28/10 15/44/15 11/33/11
vt 0.812500 0.925781
vt 0.902344 0.933594
vt 0.902344 0.902344
f 11/31/11 15/44/15 16/48/16
vt 0.812500 0.925781
vt 0.902344 0.902344
vt 0.804688 0.886719
f 11/31/11 16/47/16 13/39/13
vt 0.982102 0.949219
vt 0.902344 0.933594
vt 0.906250 0.996094
f 17/49/17 15/44/15 14/42/14
vt 0.982102 0.949219
vt 0.906250 0.996094
vt 0.982102 0.996094
f 17/49/17 14/41/14 18/54/18
vt 0.902344 0.933594
vt 0.982102 0.949219
vt 0.982102 0.929688
f 15/43/15 17/50/17 19/57/19
vt 0.902344 0.933594
vt 0.982102 0.929688
vt 0.902344 0.902344
f 15/43/15 19/56/19 16/48/16
vt 0.722656 0.875000
vt 0.804688 0.886719
vt 0.804688 0.878906
f 1/1/1 13/38/13 2/6/2
vt 0.898438 0.890625
vt 0.804688 0.878906
vt 0.804688 0.886719
f 5/13/5 2/5/2 13/39/13
vt 0.898438 0.890625
vt 0.804688 0.886719
vt 0.902344 0.902344
f 5/13/5 13/38/13 16/48/16
vt 0.902344 0.902344
vt 0.982102 0.929688
vt 0.962571 0.910156
f 16/46/16 19/56/19 8/24/8
vt 0.902344 0.902344
vt 0.962571 0.910156
vt 0.898438 0.890625
f 16/46/16 8/23/8 5/15/5
vt 0.789063 0.847656
vt 0.804688 0.878906
vt 0.722656 0.875000
f 20/58/20 21/62/21 22/66/22
vt 0.789063 0.847656
vt 0.722656 0.875000
vt 0.699219 0.847656
f 20/58/20 22/65/22 23/69/23
vt 0.804688 0.878906
vt 0.789063 0.847656
vt 0.882813 0.863281
f 21/61/21 20/59/20 24/72/24
vt 0.804688 0.878906
vt 0.882813 0.863281
vt 0.898438 0.890625
f 21/61/21 24/71/24 25/75/25
vt 0.957031 0.886719
vt 0.964844 0.910156
vt 0.898438 0.890625
f 26/76/26 27/80/27 25/75/25
vt 0.957031 0.886719
vt 0.898438 0.890625
vt 0.882813 0.863281
f 26/76/26 25/74/25 24/72/24
vt 0.812500 0.925781
vt 0.824219 0.996094
vt 0.738281 0.996094
f 28/82/28 10/29/10 9/27/9
vt 0.812500 0.925781
vt 0.738281 0.996094
vt 0.734375 0.925781
f 28/82/28 9/26/9 29/87/29
vt 0.734375 0.925781
vt 0.722656 0.875000
vt 0.804688 0.886719
f 29/85/29 22/65/22 30/90/30
vt 0.734375 0.925781
vt 0.804688 0.886719
vt 0.812500 0.925781
f 29/85/29 30/89/30 28/84/28
vt 0.824219 0.996094
vt 0.812500 0.925781
vt 0.902344 0.933594
f 10/28/10 28/83/28 31/93/31
vt 0.824219 0.996094
vt 0.902344 0.933594
vt 0.906250 0.996094
f 10/28/10 31/92/31 14/42/14
vt 0.812500 0.925781
vt 0.804688 0.886719
vt 0.902344 0.902344
f 28/82/28 30/89/30 32/96/32
vt 0.812500 0.925781
vt 0.902344 0.902344
vt 0.902344 0.933594
f 28/82/28 32/95/32 31/93/31
vt 0.982102 0.949219
vt 0.982102 0.996094
vt 0.906250 0.996094
f 33/97/33 18/53/18 14/42/14
vt 0.982102 0.949219
vt 0.906250 0.996094
vt 0.902344 0.933594
f 33/97/33 14/41/14 31/93/31
vt 0.982102 0.929688
vt 0.982102 0.949219
vt 0.902344 0.933594
f 34/100/34 33/98/33 31/93/31
vt 0.982102 0.929688
vt 0.902344 0.933594
vt 0.902344 0.902344
f 34/100/34 31/92/31 32/96/32
vt 0.722656 0.875000
vt 0.804688 0.878906
vt 0.804688 0.886719
f 22/64/22 21/62/21 30/90/30
vt 0.804688 0.886719
vt 0.804688 0.878906
vt 0.898438 0.890625
f 30/88/30 21/62/21 25/75/25
vt 0.804688 0.886719
vt 0.898438 0.890625
vt 0.902344 0.902344
f 30/88/30 25/74/25 32/96/32
vt 0.962571 0.910156
vt 0.982102 0.929688
vt 0.902344 0.902344
f 27/79/27 34/101/34 32/96/32
vt 0.964844 0.910156
vt 0.902344 0.902344
vt 0.898438 0.890625
f 27/79/27 32/95/32 25/75/25
vt 0.699219 0.847656
vt 0.789063 0.847656
vt 0.769531 0.820313
f 4/10/4 3/8/3 35/105/35
vt 0.699219 0.847656
vt 0.769531 0.820313
vt 0.675781 0.824219
f 4/10/4 35/104/35 36/108/36
vt 0.789063 0.847656
vt 0.882813 0.863281
vt 0.851563 0.828125
f 3/7/3 6/17/6 37/111/37
vt 0.789063 0.847656
vt 0.851563 0.828125
vt 0.769531 0.820313
f 3/7/3 37/110/37 35/105/35
vt 0.882813 0.863281
vt 0.957031 0.886719
vt 0.941406 0.855469
f 6/16/6 7/20/7 38/114/38
vt 0.882813 0.863281
vt 0.941406 0.855469
vt 0.851563 0.828125
f 6/16/6 38/113/38 37/111/37
vt 0.769531 0.820313
vt 0.789063 0.847656
vt 0.699219 0.847656
f 39/115/39 20/59/20 23/69/23
vt 0.769531 0.820313
vt 0.699219 0.847656
vt 0.675781 0.824219
f 39/115/39 23/68/23 40/120/40
vt 0.789063 0.847656
vt 0.769531 0.820313
vt 0.851563 0.828125
f 20/58/20 39/116/39 41/123/41
vt 0.789063 0.847656
vt 0.851563 0.828125
vt 0.882813 0.863281
f 20/58/20 41/122/41 24/72/24
vt 0.941406 0.855469
vt 0.957031 0.886719
vt 0.882813 0.863281
f 42/124/42 26/77/26 24/72/24
vt 0.941406 0.855469
vt 0.882813 0.863281
vt 0.851563 0.828125
f 42/124/42 24/71/24 41/123/41
vt 0.968700 0.349912
vt 0.961061 0.451934
vt 0.983460 0.436172
f 1/1/1 2/5/2 3/9/3
vt 0.968700 0.349912
vt 0.983460 0.436172
vt 0.987346 0.335960
f 1/1/1 3/8/3 4/12/4
vt 0.961061 0.451934
vt 0.953151 0.553282
vt 0.975860 0.535474
f 2/4/2 5/14/5 6/18/6
vt 0.961061 0.451934
vt 0.975860 0.535474
vt 0.983460 0.436172
f 2/4/2 6/17/6 3/9/3
vt 0.958784 0.629965
vt 0.975860 0.535474
vt 0.953151 0.553282
f 7/19/7 6/17/6 5/15/5
vt 0.958784 0.629965
vt 0.953151 0.553282
vt 0.933309 0.648243
f 7/19/7 5/14/5 8/24/8
vt 0.869823 0.377537
vt 0.869823 0.474047
vt 0.913909 0.469878
f 9/25/9 10/29/10 11/33/11
vt 0.869823 0.377537
vt 0.913909 0.469878
vt 0.919483 0.371568
f 9/25/9 11/32/11 12/36/12
vt 0.919483 0.371568
vt 0.913909 0.469878
vt 0.956469 0.454837
f 12/34/12 11/32/11 13/39/13
vt 0.919483 0.371568
vt 0.956469 0.454837
vt 0.968700 0.349912
f 12/34/12 13/38/13 1/3/1
vt 0.869823 0.474047
vt 0.869823 0.569562
vt 0.908260 0.567301
f 10/28/10 14/41/14 15/45/15
vt 0.869823 0.474047
vt 0.908260 0.567301
vt 0.913909 0.469878
f 10/28/10 15/44/15 11/33/11
vt 0.913909 0.469878
vt 0.908260 0.567301
vt 0.946218 0.559390
f 11/31/11 15/44/15 16/48/16
vt 0.913909 0.469878
vt 0.946218 0.559390
vt 0.956469 0.454837
f 11/31/11 16/47/16 13/39/13
vt 0.899423 0.660245
vt 0.908260 0.567301
vt 0.869823 0.569562
f 17/49/17 15/44/15 14/42/14
vt 0.899423 0.660245
vt 0.869823 0.569562
vt 0.869823 0.661382
f 17/49/17 14/41/14 18/54/18
vt 0.908260 0.567301
vt 0.899423 0.660245
vt 0.929009 0.658295
f 15/43/15 17/50/17 19/57/19
vt 0.908260 0.567301
vt 0.929009 0.658295
vt 0.946218 0.559390
f 15/43/15 19/56/19 16/48/16
vt 0.968700 0.349912
vt 0.956469 0.454837
vt 0.961061 0.451934
f 1/1/1 13/38/13 2/6/2
vt 0.953151 0.553282
vt 0.961061 0.451934
vt 0.956469 0.454837
f 5/13/5 2/5/2 13/39/13
vt 0.953151 0.553282
vt 0.956469 0.454837
vt 0.946218 0.559390
f 5/13/5 13/38/13 16/48/16
vt 0.946218 0.559390
vt 0.929009 0.658295
vt 0.933309 0.648243
f 16/46/16 19/56/19 8/24/8
vt 0.946218 0.559390
vt 0.933309 0.648243
vt 0.953151 0.553282
f 16/46/16 8/23/8 5/15/5
vt 0.756187 0.436172
vt 0.778585 0.451934
vt 0.770947 0.349912
f 20/58/20 21/62/21 22/66/22
vt 0.756187 0.436172
vt 0.770947 0.349912
vt 0.752301 0.335960
f 20/58/20 22/65/22 23/69/23
vt 0.778585 0.451934
vt 0.756187 0.436172
vt 0.763787 0.535474
f 21/61/21 20/59/20 24/72/24
vt 0.778585 0.451934
vt 0.763787 0.535474
vt 0.786495 0.553282
f 21/61/21 24/71/24 25/75/25
vt 0.780862 0.629965
vt 0.806338 0.648243
vt 0.786495 0.553282
f 26/76/26 27/80/27 25/75/25
vt 0.780862 0.629965
vt 0.786495 0.553282
vt 0.763787 0.535474
f 26/76/26 25/74/25 24/72/24
vt 0.825738 0.469878
vt 0.869823 0.474047
vt 0.869823 0.377537
f 28/82/28 10/29/10 9/27/9
vt 0.825738 0.469878
vt 0.869823 0.377537
vt 0.820163 0.371568
f 28/82/28 9/26/9 29/87/29
vt 0.820163 0.371568
vt 0.770947 0.349912
vt 0.783178 0.454837
f 29/85/29 22/65/22 30/90/30
vt 0.820163 0.371568
vt 0.783178 0.454837
vt 0.825738 0.469878
f 29/85/29 30/89/30 28/84/28
vt 0.869823 0.474047
vt 0.825738 0.469878
vt 0.831387 0.567301
f 10/28/10 28/83/28 31/93/31
vt 0.869823 0.474047
vt 0.831387 0.567301
vt 0.869823 0.569562
f 10/28/10 31/92/31 14/42/14
vt 0.825738 0.469878
vt 0.783178 0.454837
vt 0.793429 0.559390
f 28/82/28 30/89/30 32/96/32
vt 0.825738 0.469878
vt 0.793429 0.559390
vt 0.831387 0.567301
f 28/82/28 32/95/32 31/93/31
vt 0.840224 0.660245
vt 0.869823 0.661382
vt 0.869823 0.569562
f 33/97/33 18/53/18 14/42/14
vt 0.840224 0.660245
vt 0.869823 0.569562
vt 0.831387 0.567301
f 33/97/33 14/41/14 31/93/31
vt 0.810638 0.658295
vt 0.840224 0.660245
vt 0.831387 0.567301
f 34/100/34 33/98/33 31/93/31
vt 0.810638 0.658295
vt 0.831387 0.567301
vt 0.793429 0.559390
f 34/100/34 31/92/31 32/96/32
vt 0.770947 0.349912
vt 0.778585 0.451934
vt 0.783178 0.454837
f 22/64/22 21/62/21 30/90/30
vt 0.783178 0.454837
vt 0.778585 0.451934
vt 0.786495 0.553282
f 30/88/30 21/62/21 25/75/25
vt 0.783178 0.454837
vt 0.786495 0.553282
vt 0.793429 0.559390
f 30/88/30 25/74/25 32/96/32
vt 0.806338 0.648243
vt 0.810638 0.658295
vt 0.793429 0.559390
f 27/79/27 34/101/34 32/96/32
vt 0.806338 0.648243
vt 0.793429 0.559390
vt 0.786495 0.553282
f 27/79/27 32/95/32 25/75/25
vt 0.987346 0.335960
vt 0.983460 0.436172
vt 1.008077 0.416988
f 4/10/4 3/8/3 35/105/35
vt 0.987346 0.335960
vt 1.008077 0.416988
vt 1.001445 0.314912
f 4/10/4 35/104/35 36/108/36
vt 0.983460 0.436172
vt 0.975860 0.535474
vt 1.003736 0.487067
f 3/7/3 6/17/6 37/111/37
vt 0.983460 0.436172
vt 1.003736 0.487067
vt 1.008077 0.416988
f 3/7/3 37/110/37 35/105/35
vt 0.975860 0.535474
vt 0.958784 0.629965
vt 0.986918 0.616620
f 6/16/6 7/20/7 38/114/38
vt 0.975860 0.535474
vt 0.986918 0.616620
vt 1.003736 0.487067
f 6/16/6 38/113/38 37/111/37
vt 0.731570 0.416988
vt 0.756187 0.436172
vt 0.752301 0.335960
f 39/115/39 20/59/20 23/69/23
vt 0.731570 0.416988
vt 0.752301 0.335960
vt 0.738202 0.314912
f 39/115/39 23/68/23 40/120/40
vt 0.756187 0.436172
vt 0.731570 0.416988
vt 0.735910 0.487067
f 20/58/20 39/116/39 41/123/41
vt 0.756187 0.436172
vt 0.735910 0.487067
vt 0.763787 0.535474
f 20/58/20 41/122/41 24/72/24
vt 0.752729 0.616620
vt 0.780862 0.629965
vt 0.763787 0.535474
f 42/124/42 26/77/26 24/72/24
vt 0.752729 0.616620
vt 0.763787 0.535474
vt 0.735910 0.487067
f 42/124/42 24/71/24 41/123/41
vt 0.361232 0.081970
vt 0.361092 0.080304
vt 0.361092 0.080304
f 1/1/1 2/5/2 3/9/3
vt 0.361265 0.083303
vt 0.361232 0.081970
vt 0.361092 0.080304
f 4/10/4 1/2/1 3/9/3
vt 0.359853 0.091190
vt 0.360916 0.087194
vt 0.359557 0.091190
f 5/13/5 6/17/6 7/21/7
vt 0.360916 0.087194
vt 0.361265 0.083303
vt 0.361092 0.080304
f 6/16/6 4/11/4 3/9/3
vt 0.360916 0.087194
vt 0.361092 0.080304
vt 0.359557 0.091190
f 6/16/6 3/8/3 7/21/7
vt 0.357250 0.093483
vt 0.359853 0.091190
vt 0.359557 0.091190
f 8/22/8 5/14/5 7/21/7
vt 0.353571 0.087194
vt 0.354674 0.091190
vt 0.354807 0.091190
f 9/25/9 10/29/10 11/33/11
vt 0.353353 0.082552
vt 0.353571 0.087194
vt 0.354807 0.091190
f 12/34/12 9/26/9 11/33/11
vt 0.353353 0.082552
vt 0.354807 0.091190
vt 0.353427 0.079990
f 12/34/12 11/32/11 13/39/13
vt 0.353427 0.079990
vt 0.353353 0.082552
vt 0.353427 0.079990
f 14/40/14 12/35/12 13/39/13
vt 0.335034 0.090929
vt 0.335921 0.085275
vt 0.335835 0.079990
f 15/43/15 16/47/16 17/51/17
vt 0.335034 0.090929
vt 0.335835 0.079990
vt 0.335070 0.090863
f 15/43/15 17/50/17 18/54/18
vt 0.335921 0.085275
vt 0.335835 0.079990
vt 0.335835 0.079990
f 16/46/16 19/56/19 17/51/17
vt 0.329613 0.091344
vt 0.332263 0.093849
vt 0.335070 0.090863
f 20/58/20 21/62/21 18/54/18
vt 0.332263 0.093849
vt 0.329613 0.091344
vt 0.329598 0.091450
f 21/61/21 20/59/20 22/66/22
vt 0.328399 0.086300
vt 0.329598 0.091450
vt 0.329613 0.091344
f 23/67/23 22/65/22 20/60/20
vt 0.328399 0.086300
vt 0.329613 0.091344
vt 0.328039 0.081693
f 23/67/23 20/59/20 24/72/24
vt 0.328039 0.082796
vt 0.328399 0.086300
vt 0.328039 0.081693
f 25/73/25 23/68/23 24/72/24
vt 0.327647 0.081693
vt 0.328039 0.082796
vt 0.328039 0.081693
f 26/76/26 25/74/25 24/72/24
vt 0.332263 0.093849
vt 0.335034 0.090929
vt 0.335070 0.090863
f 21/61/21 15/44/15 18/54/18
vt 0.354807 0.091190
vt 0.357250 0.093483
vt 0.359557 0.091190
f 11/31/11 8/23/8 7/21/7
vt 0.357250 0.093483
vt 0.354807 0.091190
vt 0.354674 0.091190
f 8/22/8 11/32/11 10/30/10
vt 0.359557 0.091190
vt 0.361092 0.080304
vt 0.353427 0.079990
f 7/19/7 3/8/3 13/39/13
vt 0.359557 0.091190
vt 0.353427 0.079990
vt 0.354807 0.091190
f 7/19/7 13/38/13 11/33/11
vt 0.335070 0.090863
vt 0.335835 0.079990
vt 0.328039 0.081693
f 18/52/18 17/50/17 24/72/24
vt 0.335070 0.090863
vt 0.328039 0.081693
vt 0.329613 0.091344
f 18/52/18 24/71/24 20/60/20
vt 0.361232 0.081970
vt 0.361092 0.080304
vt 0.361092 0.080304
f 27/79/27 28/83/28 29/87/29
vt 0.361265 0.083303
vt 0.361092 0.080304
vt 0.361232 0.081970
f 30/88/30 28/83/28 27/81/27
vt 0.359853 0.091190
vt 0.359557 0.091190
vt 0.360916 0.087194
f 31/91/31 32/95/32 33/99/33
vt 0.361092 0.080304
vt 0.361265 0.083303
vt 0.360916 0.087194
f 28/82/28 30/89/30 33/99/33
vt 0.361092 0.080304
vt 0.360916 0.087194
vt 0.359557 0.091190
f 28/82/28 33/98/33 32/96/32
vt 0.357250 0.093483
vt 0.359557 0.091190
vt 0.359853 0.091190
f 34/100/34 32/95/32 31/93/31
vt 0.353571 0.087194
vt 0.354807 0.091190
vt 0.354674 0.091190
f 35/103/35 36/107/36 37/111/37
vt 0.354807 0.091190
vt 0.353571 0.087194
vt 0.353353 0.082552
f 36/106/36 35/104/35 38/114/38
vt 0.354807 0.091190
vt 0.353353 0.082552
vt 0.353427 0.079990
f 36/106/36 38/113/38 39/117/39
vt 0.353427 0.079990
vt 0.353427 0.079990
vt 0.353353 0.082552
f 40/118/40 39/116/39 38/114/38
vt 0.335835 0.079990
vt 0.335921 0.085275
vt 0.335034 0.090929
f 41/121/41 42/125/42 43/129/43
vt 0.335835 0.079990
vt 0.335034 0.090929
vt 0.335070 0.090863
f 41/121/41 43/128/43 44/132/44
vt 0.335921 0.085275
vt 0.335835 0.079990
vt 0.335835 0.079990
f 42/124/42 41/122/41 45/135/45
vt 0.332263 0.093849
vt 0.329613 0.091344
vt 0.335070 0.090863
f 46/136/46 47/140/47 44/132/44
vt 0.329613 0.091344
vt 0.332263 0.093849
vt 0.329598 0.091450
f 47/139/47 46/137/46 48/144/48
vt 0.329613 0.091344
vt 0.329598 0.091450
vt 0.328399 0.086300
f 47/139/47 48/143/48 49/147/49
vt 0.329613 0.091344
vt 0.328399 0.086300
vt 0.328039 0.081693
f 47/139/47 49/146/49 50/150/50
vt 0.328039 0.082796
vt 0.328039 0.081693
vt 0.328399 0.086300
f 51/151/51 50/149/50 49/147/49
vt 0.327647 0.081693
vt 0.328039 0.081693
vt 0.328039 0.082796
f 52/154/52 50/149/50 51/153/51
vt 0.332263 0.093849
vt 0.335070 0.090863
vt 0.335034 0.090929
f 46/136/46 44/131/44 43/129/43
vt 0.357250 0.093483
vt 0.354807 0.091190
vt 0.359557 0.091190
f 34/100/34 36/107/36 32/96/32
vt 0.354807 0.091190
vt 0.357250 0.093483
vt 0.354674 0.091190
f 36/106/36 34/101/34 37/111/37
vt 0.353427 0.079990
vt 0.361092 0.080304
vt 0.359557 0.091190
f 39/115/39 28/83/28 32/96/32
vt 0.353427 0.079990
vt 0.359557 0.091190
vt 0.354807 0.091190
f 39/115/39 32/95/32 36/108/36
vt 0.335070 0.090863
vt 0.329613 0.091344
vt 0.328039 0.081693
f 44/130/44 47/140/47 50/150/50
vt 0.335070 0.090863
vt 0.328039 0.081693
vt 0.335835 0.079990
f 44/130/44 50/149/50 41/123/41
vt 0.718750 0.878906
vt 0.804688 0.882813
vt 0.789063 0.851563
f 1/1/1 2/5/2 3/9/3
vt 0.718750 0.878906
vt 0.789063 0.851563
vt 0.699219 0.851563
f 1/1/1 3/8/3 4/12/4
vt 0.804688 0.882813
vt 0.898438 0.890625
vt 0.878906 0.859375
f 2/4/2 5/14/5 6/18/6
vt 0.804688 0.882813
vt 0.878906 0.859375
vt 0.789063 0.851563
f 2/4/2 6/17/6 3/9/3
vt 0.957031 0.882813
vt 0.878906 0.859375
vt 0.898438 0.890625
f 7/19/7 6/17/6 5/15/5
vt 0.957031 0.882813
vt 0.898438 0.890625
vt 0.963329 0.910156
f 7/19/7 5/14/5 8/24/8
vt 0.734375 0.996094
vt 0.820313 0.996094
vt 0.812500 0.933594
f 9/25/9 10/29/10 11/33/11
vt 0.734375 0.996094
vt 0.812500 0.933594
vt 0.730469 0.929688
f 9/25/9 11/32/11 12/36/12
vt 0.730469 0.929688
vt 0.812500 0.933594
vt 0.804688 0.890625
f 12/34/12 11/32/11 13/39/13
vt 0.730469 0.929688
vt 0.804688 0.890625
vt 0.718750 0.878906
f 12/34/12 13/38/13 1/3/1
vt 0.820313 0.996094
vt 0.847656 0.996094
vt 0.847656 0.957031
f 10/28/10 14/41/14 15/45/15
vt 0.820313 0.996094
vt 0.847656 0.957031
vt 0.812500 0.933594
f 10/28/10 15/44/15 11/33/11
vt 0.804688 0.890625
vt 0.812500 0.933594
vt 0.917969 0.949219
f 13/37/13 11/32/11 16/48/16
vt 0.804688 0.890625
vt 0.917969 0.949219
vt 0.902344 0.902344
f 13/37/13 16/47/16 17/51/17
vt 0.982860 0.957031
vt 0.917969 0.949219
vt 0.921875 0.996094
f 18/52/18 16/47/16 19/57/19
vt 0.982860 0.957031
vt 0.921875 0.996094
vt 0.982860 0.996094
f 18/52/18 19/56/19 20/60/20
vt 0.917969 0.949219
vt 0.982860 0.957031
vt 0.982742 0.925781
f 16/46/16 18/53/18 21/63/21
vt 0.917969 0.949219
vt 0.982742 0.925781
vt 0.902344 0.902344
f 16/46/16 21/62/21 17/51/17
vt 0.718750 0.878906
vt 0.804688 0.890625
vt 0.804688 0.882813
f 1/1/1 13/38/13 2/6/2
vt 0.898438 0.890625
vt 0.804688 0.882813
vt 0.804688 0.890625
f 5/13/5 2/5/2 13/39/13
vt 0.898438 0.890625
vt 0.804688 0.890625
vt 0.902344 0.902344
f 5/13/5 13/38/13 17/51/17
vt 0.902344 0.902344
vt 0.982742 0.925781
vt 0.963329 0.910156
f 17/49/17 21/62/21 8/24/8
vt 0.902344 0.902344
vt 0.963329 0.910156
vt 0.898438 0.890625
f 17/49/17 8/23/8 5/15/5
vt 0.789063 0.851563
vt 0.804688 0.882813
vt 0.718750 0.878906
f 22/64/22 23/68/23 24/72/24
vt 0.789063 0.851563
vt 0.718750 0.878906
vt 0.699219 0.851563
f 22/64/22 24/71/24 25/75/25
vt 0.804688 0.882813
vt 0.789063 0.851563
vt 0.878906 0.859375
f 23/67/23 22/65/22 26/78/26
vt 0.804688 0.882813
vt 0.878906 0.859375
vt 0.898438 0.890625
f 23/67/23 26/77/26 27/81/27
vt 0.957031 0.882813
vt 0.963329 0.910156
vt 0.898438 0.890625
f 28/82/28 29/86/29 27/81/27
vt 0.957031 0.882813
vt 0.898438 0.890625
vt 0.878906 0.859375
f 28/82/28 27/80/27 26/78/26
vt 0.812500 0.933594
vt 0.820313 0.996094
vt 0.734375 0.996094
f 30/88/30 10/29/10 9/27/9
vt 0.812500 0.933594
vt 0.734375 0.996094
vt 0.730469 0.929688
f 30/88/30 9/26/9 31/93/31
vt 0.730469 0.929688
vt 0.718750 0.878906
vt 0.804688 0.890625
f 31/91/31 24/71/24 32/96/32
vt 0.730469 0.929688
vt 0.804688 0.890625
vt 0.812500 0.933594
f 31/91/31 32/95/32 30/90/30
vt 0.820313 0.996094
vt 0.812500 0.933594
vt 0.847656 0.957031
f 10/28/10 30/89/30 33/99/33
vt 0.820313 0.996094
vt 0.847656 0.957031
vt 0.847656 0.996094
f 10/28/10 33/98/33 14/42/14
vt 0.886719 0.949219
vt 0.812500 0.933594
vt 0.917969 0.949219
f 34/100/34 30/89/30 35/105/35
vt 0.982860 0.957031
vt 0.982860 0.996094
vt 0.921875 0.996094
f 36/106/36 20/59/20 19/57/19
vt 0.982860 0.957031
vt 0.921875 0.996094
vt 0.917969 0.949219
f 36/106/36 19/56/19 35/105/35
vt 0.982742 0.925781
vt 0.982860 0.957031
vt 0.917969 0.949219
f 37/109/37 36/107/36 35/105/35
vt 0.982742 0.925781
vt 0.917969 0.949219
vt 0.902344 0.902344
f 37/109/37 35/104/35 38/114/38
vt 0.718750 0.878906
vt 0.804688 0.882813
vt 0.804688 0.890625
f 24/70/24 23/68/23 32/96/32
vt 0.804688 0.890625
vt 0.804688 0.882813
vt 0.898438 0.890625
f 32/94/32 23/68/23 27/81/27
vt 0.804688 0.890625
vt 0.898438 0.890625
vt 0.902344 0.902344
f 32/94/32 27/80/27 38/114/38
vt 0.963329 0.910156
vt 0.982742 0.925781
vt 0.902344 0.902344
f 29/85/29 37/110/37 38/114/38
vt 0.963329 0.910156
vt 0.902344 0.902344
vt 0.898438 0.890625
f 29/85/29 38/113/38 27/81/27
vt 0.681521 0.957623
vt 0.685131 0.996094
vt 0.648438 0.996094
f 39/115/39 40/119/40 41/123/41
vt 0.681521 0.957623
vt 0.648438 0.996094
vt 0.648438 0.957031
f 39/115/39 41/122/41 42/126/42
vt 0.685131 0.996094
vt 0.681521 0.957623
vt 0.648438 0.957031
f 40/118/40 43/128/43 44/132/44
vt 0.685131 0.996094
vt 0.648438 0.957031
vt 0.648438 0.996094
f 40/118/40 44/131/44 41/123/41
vt 0.615842 0.958488
vt 0.614520 0.959137
vt 0.615397 0.958522
f 34/100/34 35/104/35 39/117/39
vt 0.615842 0.958488
vt 0.615397 0.958522
vt 0.615581 0.958944
f 34/100/34 39/116/39 42/126/42
vt 0.000000 0.000000
vt 0.000000 0.000000
vt 0.000000 0.000000
f 35/103/35 19/56/19 40/120/40
vt 0.000000 0.000000
vt 0.000000 0.000000
vt 0.000000 0.000000
f 35/103/35 40/119/40 39/117/39
vt 0.000000 0.000000
vt 0.000000 0.000000
vt 0.000000 0.000000
f 19/55/19 16/47/16 43/129/43
vt 0.000000 0.000000
vt 0.000000 0.000000
vt 0.000000 0.000000
f 19/55/19 43/128/43 40/120/40
vt 0.614520 0.959137
vt 0.615842 0.958488
vt 0.615581 0.958944
f 16/46/16 45/134/45 44/132/44
vt 0.614520 0.959137
vt 0.615581 0.958944
vt 0.615397 0.958522
f 16/46/16 44/131/44 43/129/43
vt 0.917969 0.949219
vt 0.812500 0.933594
vt 0.804688 0.890625
f 35/103/35 30/89/30 32/96/32
vt 0.917969 0.949219
vt 0.804688 0.890625
vt 0.902344 0.902344
f 35/103/35 32/95/32 38/114/38
vt 0.917969 0.949219
vt 0.812500 0.933594
vt 0.886719 0.953125
f 16/46/16 11/32/11 45/135/45
vt 0.886719 0.953125
vt 0.812500 0.933594
vt 0.847656 0.957031
f 45/133/45 11/32/11 15/45/15
vt 0.615581 0.958944
vt 0.615842 0.958488
vt 0.615046 0.958750
f 44/130/44 45/134/45 15/45/15
vt 0.613281 0.960938
vt 0.613281 0.996094
vt 0.648438 0.996094
f 15/43/15 14/41/14 41/123/41
vt 0.613281 0.960938
vt 0.648438 0.996094
vt 0.648438 0.957031
f 15/43/15 41/122/41 44/132/44
vt 0.613281 0.996094
vt 0.613281 0.960938
vt 0.648438 0.957031
f 14/40/14 33/98/33 42/126/42
vt 0.613281 0.996094
vt 0.648438 0.957031
vt 0.648438 0.996094
f 14/40/14 42/125/42 41/123/41
vt 0.615046 0.958750
vt 0.615842 0.958488
vt 0.615581 0.958944
f 33/97/33 34/101/34 42/126/42
vt 0.847656 0.957031
vt 0.812500 0.933594
vt 0.886719 0.949219
f 33/97/33 30/89/30 34/102/34
vt 0.699219 0.851563
vt 0.789063 0.851563
vt 0.773438 0.820313
f 4/10/4 3/8/3 46/138/46
vt 0.699219 0.851563
vt 0.773438 0.820313
vt 0.675781 0.824219
f 4/10/4 46/137/46 47/141/47
vt 0.789063 0.851563
vt 0.878906 0.859375
vt 0.863281 0.832031
f 3/7/3 6/17/6 48/144/48
vt 0.789063 0.851563
vt 0.863281 0.832031
vt 0.773438 0.820313
f 3/7/3 48/143/48 46/138/46
vt 0.878906 0.859375
vt 0.957031 0.882813
vt 0.949219 0.859375
f 6/16/6 7/20/7 49/147/49
vt 0.878906 0.859375
vt 0.949219 0.859375
vt 0.863281 0.832031
f 6/16/6 49/146/49 48/144/48
vt 0.773438 0.820313
vt 0.789063 0.851563
vt 0.699219 0.851563
f 50/148/50 22/65/22 25/75/25
vt 0.773438 0.820313
vt 0.699219 0.851563
vt 0.675781 0.824219
f 50/148/50 25/74/25 51/153/51
vt 0.789063 0.851563
vt 0.773438 0.820313
vt 0.863281 0.832031
f 22/64/22 50/149/50 52/156/52
vt 0.789063 0.851563
vt 0.863281 0.832031
vt 0.878906 0.859375
f 22/64/22 52/155/52 26/78/26
vt 0.949219 0.859375
vt 0.957031 0.882813
vt 0.878906 0.859375
f 53/157/53 28/83/28 26/78/26
vt 0.949219 0.859375
vt 0.878906 0.859375
vt 0.863281 0.832031
f 53/157/53 26/77/26 52/156/52
vt 0.997169 0.305261
vt 0.988846 0.428084
vt 1.013250 0.409108
f 1/1/1 2/5/2 3/9/3
vt 0.997169 0.305261
vt 1.013250 0.409108
vt 1.017483 0.288465
f 1/1/1 3/8/3 4/12/4
vt 0.988846 0.428084
vt 0.980229 0.550094
vt 1.004969 0.528655
f 2/4/2 5/14/5 6/18/6
vt 0.988846 0.428084
vt 1.004969 0.528655
vt 1.013250 0.409108
f 2/4/2 6/17/6 3/9/3
vt 0.986365 0.642411
vt 1.004969 0.528655
vt 0.980229 0.550094
f 7/19/7 6/17/6 5/15/5
vt 0.986365 0.642411
vt 0.980229 0.550094
vt 0.958610 0.664416
f 7/19/7 5/14/5 8/24/8
vt 0.889443 0.338519
vt 0.889443 0.454704
vt 0.937474 0.449686
f 9/25/9 10/29/10 11/33/11
vt 0.889443 0.338519
vt 0.937474 0.449686
vt 0.943548 0.331333
f 9/25/9 11/32/11 12/36/12
vt 0.943548 0.331333
vt 0.937474 0.449686
vt 0.983843 0.431578
f 12/34/12 11/32/11 13/39/13
vt 0.943548 0.331333
vt 0.983843 0.431578
vt 0.997169 0.305261
f 12/34/12 13/38/13 1/3/1
vt 0.889443 0.454704
vt 0.889417 0.494563
vt 0.917259 0.494563
f 10/28/10 14/41/14 15/45/15
vt 0.889443 0.454704
vt 0.917259 0.494563
vt 0.937474 0.449686
f 10/28/10 15/44/15 11/33/11
vt 0.983843 0.431578
vt 0.937474 0.449686
vt 0.922225 0.592275
f 13/37/13 11/32/11 16/48/16
vt 0.983843 0.431578
vt 0.922225 0.592275
vt 0.972674 0.557448
f 13/37/13 16/47/16 17/51/17
vt 0.921691 0.678865
vt 0.922225 0.592275
vt 0.889443 0.594997
f 18/52/18 16/47/16 19/57/19
vt 0.921691 0.678865
vt 0.889443 0.594997
vt 0.889443 0.680234
f 18/52/18 19/56/19 20/60/20
vt 0.922225 0.592275
vt 0.921691 0.678865
vt 0.953925 0.676517
f 16/46/16 18/53/18 21/63/21
vt 0.922225 0.592275
vt 0.953925 0.676517
vt 0.972674 0.557448
f 16/46/16 21/62/21 17/51/17
vt 0.997169 0.305261
vt 0.983843 0.431578
vt 0.988846 0.428084
f 1/1/1 13/38/13 2/6/2
vt 0.980229 0.550094
vt 0.988846 0.428084
vt 0.983843 0.431578
f 5/13/5 2/5/2 13/39/13
vt 0.980229 0.550094
vt 0.983843 0.431578
vt 0.972674 0.557448
f 5/13/5 13/38/13 17/51/17
vt 0.972674 0.557448
vt 0.953925 0.676517
vt 0.958610 0.664416
f 17/49/17 21/62/21 8/24/8
vt 0.972674 0.557448
vt 0.958610 0.664416
vt 0.980229 0.550094
f 17/49/17 8/23/8 5/15/5
vt 0.765635 0.409108
vt 0.790039 0.428084
vt 0.781717 0.305261
f 22/64/22 23/68/23 24/72/24
vt 0.765635 0.409108
vt 0.781717 0.305261
vt 0.761402 0.288465
f 22/64/22 24/71/24 25/75/25
vt 0.790039 0.428084
vt 0.765635 0.409108
vt 0.773916 0.528655
f 23/67/23 22/65/22 26/78/26
vt 0.790039 0.428084
vt 0.773916 0.528655
vt 0.798657 0.550094
f 23/67/23 26/77/26 27/81/27
vt 0.792520 0.642411
vt 0.820275 0.664416
vt 0.798657 0.550094
f 28/82/28 29/86/29 27/81/27
vt 0.792520 0.642411
vt 0.798657 0.550094
vt 0.773916 0.528655
f 28/82/28 27/80/27 26/78/26
vt 0.841411 0.449686
vt 0.889443 0.454704
vt 0.889443 0.338519
f 30/88/30 10/29/10 9/27/9
vt 0.841411 0.449686
vt 0.889443 0.338519
vt 0.835338 0.331333
f 30/88/30 9/26/9 31/93/31
vt 0.835338 0.331333
vt 0.781717 0.305261
vt 0.795042 0.431578
f 31/91/31 24/71/24 32/96/32
vt 0.835338 0.331333
vt 0.795042 0.431578
vt 0.841411 0.449686
f 31/91/31 32/95/32 30/90/30
vt 0.889443 0.454704
vt 0.841411 0.449686
vt 0.861390 0.494563
f 10/28/10 30/89/30 33/99/33
vt 0.889443 0.454704
vt 0.861390 0.494563
vt 0.889417 0.494563
f 10/28/10 33/98/33 14/42/14
vt 0.857571 0.543419
vt 0.841411 0.449686
vt 0.856660 0.592275
f 34/100/34 30/89/30 35/105/35
vt 0.857194 0.678865
vt 0.889443 0.680234
vt 0.889443 0.594997
f 36/106/36 20/59/20 19/57/19
vt 0.857194 0.678865
vt 0.889443 0.594997
vt 0.856660 0.592275
f 36/106/36 19/56/19 35/105/35
vt 0.824960 0.676517
vt 0.857194 0.678865
vt 0.856660 0.592275
f 37/109/37 36/107/36 35/105/35
vt 0.824960 0.676517
vt 0.856660 0.592275
vt 0.806211 0.557448
f 37/109/37 35/104/35 38/114/38
vt 0.781717 0.305261
vt 0.790039 0.428084
vt 0.795042 0.431578
f 24/70/24 23/68/23 32/96/32
vt 0.795042 0.431578
vt 0.790039 0.428084
vt 0.798657 0.550094
f 32/94/32 23/68/23 27/81/27
vt 0.795042 0.431578
vt 0.798657 0.550094
vt 0.806211 0.557448
f 32/94/32 27/80/27 38/114/38
vt 0.820275 0.664416
vt 0.824960 0.676517
vt 0.806211 0.557448
f 29/85/29 37/110/37 38/114/38
vt 0.820275 0.664416
vt 0.806211 0.557448
vt 0.798657 0.550094
f 29/85/29 38/113/38 27/81/27
vt 0.860882 0.587391
vt 0.889443 0.590114
vt 0.889434 0.542338
f 39/115/39 40/119/40 41/123/41
vt 0.860882 0.587391
vt 0.889434 0.542338
vt 0.859682 0.540977
f 39/115/39 41/122/41 42/126/42
vt 0.889443 0.590114
vt 0.918003 0.587391
vt 0.919085 0.540977
f 40/118/40 43/128/43 44/132/44
vt 0.889443 0.590114
vt 0.919085 0.540977
vt 0.889434 0.542338
f 40/118/40 44/131/44 41/123/41
vt 0.857571 0.543419
vt 0.856660 0.592275
vt 0.860882 0.587391
f 34/100/34 35/104/35 39/117/39
vt 0.857571 0.543419
vt 0.860882 0.587391
vt 0.859682 0.540977
f 34/100/34 39/116/39 42/126/42
vt 0.922225 0.592275
vt 0.921196 0.543419
vt 0.919085 0.540977
f 16/46/16 45/134/45 44/132/44
vt 0.922225 0.592275
vt 0.919085 0.540977
vt 0.918003 0.587391
f 16/46/16 44/131/44 43/129/43
vt 0.856660 0.592275
vt 0.841411 0.449686
vt 0.795042 0.431578
f 35/103/35 30/89/30 32/96/32
vt 0.856660 0.592275
vt 0.795042 0.431578
vt 0.806211 0.557448
f 35/103/35 32/95/32 38/114/38
vt 0.922225 0.592275
vt 0.937474 0.449686
vt 0.921196 0.543419
f 16/46/16 11/32/11 45/135/45
vt 0.921196 0.543419
vt 0.937474 0.449686
vt 0.917259 0.494563
f 45/133/45 11/32/11 15/45/15
vt 0.919085 0.540977
vt 0.921196 0.543419
vt 0.917259 0.494563
f 44/130/44 45/134/45 15/45/15
vt 0.917259 0.494563
vt 0.889417 0.494563
vt 0.889434 0.542338
f 15/43/15 14/41/14 41/123/41
vt 0.917259 0.494563
vt 0.889434 0.542338
vt 0.919085 0.540977
f 15/43/15 41/122/41 44/132/44
vt 0.889417 0.494563
vt 0.861390 0.494563
vt 0.859682 0.540977
f 14/40/14 33/98/33 42/126/42
vt 0.889417 0.494563
vt 0.859682 0.540977
vt 0.889434 0.542338
f 14/40/14 42/125/42 41/123/41
vt 0.861390 0.494563
vt 0.857571 0.543419
vt 0.859682 0.540977
f 33/97/33 34/101/34 42/126/42
vt 0.861390 0.494563
vt 0.841411 0.449686
vt 0.857571 0.543419
f 33/97/33 30/89/30 34/102/34
vt 1.017483 0.288465
vt 1.013250 0.409108
vt 1.040070 0.386013
f 4/10/4 3/8/3 46/138/46
vt 1.017483 0.288465
vt 1.040070 0.386013
vt 1.032844 0.263125
f 4/10/4 46/137/46 47/141/47
vt 1.013250 0.409108
vt 1.004969 0.528655
vt 1.035341 0.470379
f 3/7/3 6/17/6 48/144/48
vt 1.013250 0.409108
vt 1.035341 0.470379
vt 1.040070 0.386013
f 3/7/3 48/143/48 46/138/46
vt 1.004969 0.528655
vt 0.986365 0.642411
vt 1.017017 0.626345
f 6/16/6 7/20/7 49/147/49
vt 1.004969 0.528655
vt 1.017017 0.626345
vt 1.035341 0.470379
f 6/16/6 49/146/49 48/144/48
vt 0.738815 0.386013
vt 0.765635 0.409108
vt 0.761402 0.288465
f 50/148/50 22/65/22 25/75/25
vt 0.738815 0.386013
vt 0.761402 0.288465
vt 0.746041 0.263125
f 50/148/50 25/74/25 51/153/51
vt 0.765635 0.409108
vt 0.738815 0.386013
vt 0.743544 0.470379
f 22/64/22 50/149/50 52/156/52
vt 0.765635 0.409108
vt 0.743544 0.470379
vt 0.773916 0.528655
f 22/64/22 52/155/52 26/78/26
vt 0.761868 0.626345
vt 0.792520 0.642411
vt 0.773916 0.528655
f 53/157/53 28/83/28 26/78/26
vt 0.761868 0.626345
vt 0.773916 0.528655
vt 0.743544 0.470379
f 53/157/53 26/77/26 52/156/52
vt 0.000000 0.000000
vt 0.000000 1.000000
vt 1.000000 1.000000
f 1/1/1 2/5/2 3/9/3
vt 0.000000 0.000000
vt 1.000000 1.000000
vt 1.000000 0.000000
f 1/1/1 3/8/3 4/12/4
vt 0.000000 0.000000
vt 0.000000 1.000000
vt 1.000000 1.000000
f 5/13/5 6/17/6 7/21/7
vt 0.000000 0.000000
vt 1.000000 1.000000
vt 1.000000 0.000000
f 5/13/5 7/20/7 8/24/8
vt 0.000000 0.000000
vt 0.000000 1.000000
vt 1.000000 1.000000
f 1/1/1 4/11/4 6/18/6
vt 0.000000 0.000000
vt 1.000000 1.000000
vt 1.000000 0.000000
f 1/1/1 6/17/6 5/15/5
vt 0.000000 0.000000
vt 0.000000 1.000000
vt 1.000000 1.000000
f 4/10/4 3/8/3 7/21/7
vt 0.000000 0.000000
vt 1.000000 1.000000
vt 1.000000 0.000000
f 4/10/4 7/20/7 6/18/6
vt 0.000000 0.000000
vt 0.000000 1.000000
vt 1.000000 1.000000
f 3/7/3 2/5/2 8/24/8
vt 0.000000 0.000000
vt 1.000000 1.000000
vt 1.000000 0.000000
f 3/7/3 8/23/8 7/21/7
vt 0.000000 0.000000
vt 0.000000 1.000000
vt 1.000000 1.000000
f 2/4/2 1/2/1 5/15/5
vt 0.000000 0.000000
vt 1.000000 1.000000
vt 1.000000 0.000000
f 2/4/2 5/14/5 8/24/8
vt 0.000000 0.000000
vt 0.000000 1.000000
vt 1.000000 1.000000
f 1/1/1 2/5/2 3/9/3
vt 0.000000 0.000000
vt 1.000000 1.000000
vt 1.000000 0.000000
f 1/1/1 3/8/3 4/12/4
vt 0.000000 0.000000
vt 0.000000 1.000000
vt 1.000000 1.000000
f 5/13/5 6/17/6 7/21/7
vt 0.000000 0.000000
vt 1.000000 1.000000
vt 1.000000 0.000000
f 5/13/5 7/20/7 8/24/8
vt 0.000000 0.000000
vt 0.000000 1.000000
vt 1.000000 1.000000
f 1/1/1 4/11/4 6/18/6
vt 0.000000 0.000000
vt 1.000000 1.000000
vt 1.000000 0.000000
f 1/1/1 6/17/6 5/15/5
vt 0.000000 0.000000
vt 0.000000 1.000000
vt 1.000000 1.000000
f 4/10/4 3/8/3 7/21/7
vt 0.000000 0.000000
vt 1.000000 1.000000
vt 1.000000 0.000000
f 4/10/4 7/20/7 6/18/6
vt 0.000000 0.000000
vt 0.000000 1.000000
vt 1.000000 1.000000
f 3/7/3 2/5/2 8/24/8
vt 0.000000 0.000000
vt 1.000000 1.000000
vt 1.000000 0.000000
f 3/7/3 8/23/8 7/21/7
vt 0.000000 0.000000
vt 0.000000 1.000000
vt 1.000000 1.000000
f 2/4/2 1/2/1 5/15/5
vt 0.000000 0.000000
vt 1.000000 1.000000
vt 1.000000 0.000000
f 2/4/2 5/14/5 8/24/8
vt 0.000000 0.000000
vt 0.000000 1.000000
vt 1.000000 1.000000
f 1/1/1 2/5/2 3/9/3
vt 0.000000 0.000000
vt 1.000000 1.000000
vt 1.000000 0.000000
f 1/1/1 3/8/3 4/12/4
vt 0.000000 0.000000
vt 0.000000 1.000000
vt 1.000000 1.000000
f 5/13/5 6/17/6 7/21/7
vt 0.000000 0.000000
vt 1.000000 1.000000
vt 1.000000 0.000000
f 5/13/5 7/20/7 8/24/8
vt 0.000000 0.000000
vt 0.000000 1.000000
vt 1.000000 1.000000
f 1/1/1 4/11/4 6/18/6
vt 0.000000 0.000000
vt 1.000000 1.000000
vt 1.000000 0.000000
f 1/1/1 6/17/6 5/15/5
vt 0.000000 0.000000
vt 0.000000 1.000000
vt 1.000000 1.000000
f 4/10/4 3/8/3 7/21/7
vt 0.000000 0.000000
vt 1.000000 1.000000
vt 1.000000 0.000000
f 4/10/4 7/20/7 6/18/6
vt 0.000000 0.000000
vt 0.000000 1.000000
vt 1.000000 1.000000
f 3/7/3 2/5/2 8/24/8
vt 0.000000 0.000000
vt 1.000000 1.000000
vt 1.000000 0.000000
f 3/7/3 8/23/8 7/21/7
vt 0.000000 0.000000
vt 0.000000 1.000000
vt 1.000000 1.000000
f 2/4/2 1/2/1 5/15/5
vt 0.000000 0.000000
vt 1.000000 1.000000
vt 1.000000 0.000000
f 2/4/2 5/14/5 8/24/8
vt 0.000000 0.000000
vt 0.000000 1.000000
vt 1.000000 1.000000
f 1/1/1 2/5/2 3/9/3
vt 0.000000 0.000000
vt 1.000000 1.000000
vt 1.000000 0.000000
f 1/1/1 3/8/3 4/12/4
vt 0.000000 0.000000
vt 0.000000 1.000000
vt 1.000000 1.000000
f 5/13/5 6/17/6 7/21/7
vt 0.000000 0.000000
vt 1.000000 1.000000
vt 1.000000 0.000000
f 5/13/5 7/20/7 8/24/8
vt 0.000000 0.000000
vt 0.000000 1.000000
vt 1.000000 1.000000
f 1/1/1 4/11/4 6/18/6
vt 0.000000 0.000000
vt 1.000000 1.000000
vt 1.000000 0.000000
f 1/1/1 6/17/6 5/15/5
vt 0.000000 0.000000
vt 0.000000 1.000000
vt 1.000000 1.000000
f 4/10/4 3/8/3 7/21/7
vt 0.000000 0.000000
vt 1.000000 1.000000
vt 1.000000 0.000000
f 4/10/4 7/20/7 6/18/6
vt 0.000000 0.000000
vt 0.000000 1.000000
vt 1.000000 1.000000
f 3/7/3 2/5/2 8/24/8
vt 0.000000 0.000000
vt 1.000000 1.000000
vt 1.000000 0.000000
f 3/7/3 8/23/8 7/21/7
vt 0.000000 0.000000
vt 0.000000 1.000000
vt 1.000000 1.000000
f 2/4/2 1/2/1 5/15/5
vt 0.000000 0.000000
vt 1.000000 1.000000
vt 1.000000 0.000000
f 2/4/2 5/14/5 8/24/8
vt 0.000000 0.000000
vt 0.000000 1.000000
vt 1.000000 1.000000
f 1/1/1 2/5/2 3/9/3
vt 0.000000 0.000000
vt 1.000000 1.000000
vt 1.000000 0.000000
f 1/1/1 3/8/3 4/12/4
vt 0.000000 0.000000
vt 0.000000 1.000000
vt 1.000000 1.000000
f 5/13/5 6/17/6 7/21/7
vt 0.000000 0.000000
vt 1.000000 1.000000
vt 1.000000 0.000000
f 5/13/5 7/20/7 8/24/8
vt 0.000000 0.000000
vt 0.000000 1.000000
vt 1.000000 1.000000
f 1/1/1 4/11/4 6/18/6
vt 0.000000 0.000000
vt 1.000000 1.000000
vt 1.000000 0.000000
f 1/1/1 6/17/6 5/15/5
vt 0.000000 0.000000
vt 0.000000 1.000000
vt 1.000000 1.000000
f 4/10/4 3/8/3 7/21/7
vt 0.000000 0.000000
vt 1.000000 1.000000
vt 1.000000 0.000000
f 4/10/4 7/20/7 6/18/6
vt 0.000000 0.000000
vt 0.000000 1.000000
vt 1.000000 1.000000
f 3/7/3 2/5/2 8/24/8
vt 0.000000 0.000000
vt 1.000000 1.000000
vt 1.000000 0.000000
f 3/7/3 8/23/8 7/21/7
vt 0.000000 0.000000
vt 0.000000 1.000000
vt 1.000000 1.000000
f 2/4/2 1/2/1 5/15/5
vt 0.000000 0.000000
vt 1.000000 1.000000
vt 1.000000 0.000000
f 2/4/2 5/14/5 8/24/8
vt 0.000000 0.000000
vt 0.000000 1.000000
vt 1.000000 1.000000
f 1/1/1 2/5/2 3/9/3
vt 0.000000 0.000000
vt 1.000000 1.000000
vt 1.000000 0.000000
f 1/1/1 3/8/3 4/12/4
vt 0.000000 0.000000
vt 0.000000 1.000000
vt 1.000000 1.000000
f 5/13/5 6/17/6 7/21/7
vt 0.000000 0.000000
vt 1.000000 1.000000
vt 1.000000 0.000000
f 5/13/5 7/20/7 8/24/8
vt 0.000000 0.000000
vt 0.000000 1.000000
vt 1.000000 1.000000
f 1/1/1 4/11/4 6/18/6
vt 0.000000 0.000000
vt 1.000000 1.000000
vt 1.000000 0.000000
f 1/1/1 6/17/6 5/15/5
vt 0.000000 0.000000
vt 0.000000 1.000000
vt 1.000000 1.000000
f 4/10/4 3/8/3 7/21/7
vt 0.000000 0.000000
vt 1.000000 1.000000
vt 1.000000 0.000000
f 4/10/4 7/20/7 6/18/6
vt 0.000000 0.000000
vt 0.000000 1.000000
vt 1.000000 1.000000
f 3/7/3 2/5/2 8/24/8
vt 0.000000 0.000000
vt 1.000000 1.000000
vt 1.000000 0.000000
f 3/7/3 8/23/8 7/21/7
vt 0.000000 0.000000
vt 0.000000 1.000000
vt 1.000000 1.000000
f 2/4/2 1/2/1 5/15/5
vt 0.000000 0.000000
vt 1.000000 1.000000
vt 1.000000 0.000000
f 2/4/2 5/14/5 8/24/8
vt 0.000000 0.000000
vt 0.000000 1.000000
vt 1.000000 1.000000
f 1/1/1 2/5/2 3/9/3
vt 0.000000 0.000000
vt 1.000000 1.000000
vt 1.000000 0.000000
f 1/1/1 3/8/3 4/12/4
vt 0.000000 0.000000
vt 0.000000 1.000000
vt 1.000000 1.000000
f 5/13/5 6/17/6 7/21/7
vt 0.000000 0.000000
vt 1.000000 1.000000
vt 1.000000 0.000000
f 5/13/5 7/20/7 8/24/8
vt 0.000000 0.000000
vt 0.000000 1.000000
vt 1.000000 1.000000
f 1/1/1 4/11/4 6/18/6
vt 0.000000 0.000000
vt 1.000000 1.000000
vt 1.000000 0.000000
f 1/1/1 6/17/6 5/15/5
vt 0.000000 0.000000
vt 0.000000 1.000000
vt 1.000000 1.000000
f 4/10/4 3/8/3 7/21/7
vt 0.000000 0.000000
vt 1.000000 1.000000
vt 1.000000 0.000000
f 4/10/4 7/20/7 6/18/6
vt 0.000000 0.000000
vt 0.000000 1.000000
vt 1.000000 1.000000
f 3/7/3 2/5/2 8/24/8
vt 0.000000 0.000000
vt 1.000000 1.000000
vt 1.000000 0.000000
f 3/7/3 8/23/8 7/21/7
vt 0.000000 0.000000
vt 0.000000 1.000000
vt 1.000000 1.000000
f 2/4/2 1/2/1 5/15/5
vt 0.000000 0.000000
vt 1.000000 1.000000
vt 1.000000 0.000000
f 2/4/2 5/14/5 8/24/8
vt 0.000000 0.000000
vt 0.000000 1.000000
vt 1.000000 1.000000
f 1/1/1 2/5/2 3/9/3
vt 0.000000 0.000000
vt 1.000000 1.000000
vt 1.000000 0.000000
f 1/1/1 3/8/3 4/12/4
vt 0.000000 0.000000
vt 0.000000 1.000000
vt 1.000000 1.000000
f 5/13/5 6/17/6 7/21/7
vt 0.000000 0.000000
vt 1.000000 1.000000
vt 1.000000 0.000000
f 5/13/5 7/20/7 8/24/8
vt 0.000000 0.000000
vt 0.000000 1.000000
vt 1.000000 1.000000
f 1/1/1 4/11/4 6/18/6
vt 0.000000 0.000000
vt 1.000000 1.000000
vt 1.000000 0.000000
f 1/1/1 6/17/6 5/15/5
vt 0.000000 0.000000
vt 0.000000 1.000000
vt 1.000000 1.000000
f 4/10/4 3/8/3 7/21/7
vt 0.000000 0.000000
vt 1.000000 1.000000
vt 1.000000 0.000000
f 4/10/4 7/20/7 6/18/6
vt 0.000000 0.000000
vt 0.000000 1.000000
vt 1.000000 1.000000
f 3/7/3 2/5/2 8/24/8
vt 0.000000 0.000000
vt 1.000000 1.000000
vt 1.000000 0.000000
f 3/7/3 8/23/8 7/21/7
vt 0.000000 0.000000
vt 0.000000 1.000000
vt 1.000000 1.000000
f 2/4/2 1/2/1 5/15/5
vt 0.000000 0.000000
vt 1.000000 1.000000
vt 1.000000 0.000000
f 2/4/2 5/14/5 8/24/8
vt 0.000000 0.000000
vt 0.000000 1.000000
vt 1.000000 1.000000
f 1/1/1 2/5/2 3/9/3
vt 0.000000 0.000000
vt 1.000000 1.000000
vt 1.000000 0.000000
f 1/1/1 3/8/3 4/12/4
vt 0.000000 0.000000
vt 0.000000 1.000000
vt 1.000000 1.000000
f 5/13/5 6/17/6 7/21/7
vt 0.000000 0.000000
vt 1.000000 1.000000
vt 1.000000 0.000000
f 5/13/5 7/20/7 8/24/8
vt 0.000000 0.000000
vt 0.000000 1.000000
vt 1.000000 1.000000
f 1/1/1 4/11/4 6/18/6
vt 0.000000 0.000000
vt 1.000000 1.000000
vt 1.000000 0.000000
f 1/1/1 6/17/6 5/15/5
vt 0.000000 0.000000
vt 0.000000 1.000000
vt 1.000000 1.000000
f 4/10/4 3/8/3 7/21/7
vt 0.000000 0.000000
vt 1.000000 1.000000
vt 1.000000 0.000000
f 4/10/4 7/20/7 6/18/6
vt 0.000000 0.000000
vt 0.000000 1.000000
vt 1.000000 1.000000
f 3/7/3 2/5/2 8/24/8
vt 0.000000 0.000000
vt 1.000000 1.000000
vt 1.000000 0.000000
f 3/7/3 8/23/8 7/21/7
vt 0.000000 0.000000
vt 0.000000 1.000000
vt 1.000000 1.000000
f 2/4/2 1/2/1 5/15/5
vt 0.000000 0.000000
vt 1.000000 1.000000
vt 1.000000 0.000000
f 2/4/2 5/14/5 8/24/8
vt 0.000000 0.000000
vt 0.000000 1.000000
vt 1.000000 1.000000
f 1/1/1 2/5/2 3/9/3
vt 0.000000 0.000000
vt 1.000000 1.000000
vt 1.000000 0.000000
f 1/1/1 3/8/3 4/12/4
vt 0.000000 0.000000
vt 0.000000 1.000000
vt 1.000000 1.000000
f 5/13/5 6/17/6 7/21/7
vt 0.000000 0.000000
vt 1.000000 1.000000
vt 1.000000 0.000000
f 5/13/5 7/20/7 8/24/8
vt 0.000000 0.000000
vt 0.000000 1.000000
vt 1.000000 1.000000
f 1/1/1 4/11/4 6/18/6
vt 0.000000 0.000000
vt 1.000000 1.000000
vt 1.000000 0.000000
f 1/1/1 6/17/6 5/15/5
vt 0.000000 0.000000
vt 0.000000 1.000000
vt 1.000000 1.000000
f 4/10/4 3/8/3 7/21/7
vt 0.000000 0.000000
vt 1.000000 1.000000
vt 1.000000 0.000000
f 4/10/4 7/20/7 6/18/6
vt 0.000000 0.000000
vt 0.000000 1.000000
vt 1.000000 1.000000
f 3/7/3 2/5/2 8/24/8
vt 0.000000 0.000000
vt 1.000000 1.000000
vt 1.000000 0.000000
f 3/7/3 8/23/8 7/21/7
vt 0.000000 0.000000
vt 0.000000 1.000000
vt 1.000000 1.000000
f 2/4/2 1/2/1 5/15/5
vt 0.000000 0.000000
vt 1.000000 1.000000
vt 1.000000 0.000000
f 2/4/2 5/14/5 8/24/8
vt 0.000000 0.000000
vt 0.000000 1.000000
vt 1.000000 1.000000
f 1/1/1 2/5/2 3/9/3
vt 0.000000 0.000000
vt 1.000000 1.000000
vt 1.000000 0.000000
f 1/1/1 3/8/3 4/12/4
vt 0.000000 0.000000
vt 0.000000 1.000000
vt 1.000000 1.000000
f 5/13/5 6/17/6 7/21/7
vt 0.000000 0.000000
vt 1.000000 1.000000
vt 1.000000 0.000000
f 5/13/5 7/20/7 8/24/8
vt 0.000000 0.000000
vt 0.000000 1.000000
vt 1.000000 1.000000
f 1/1/1 4/11/4 6/18/6
vt 0.000000 0.000000
vt 1.000000 1.000000
vt 1.000000 0.000000
f 1/1/1 6/17/6 5/15/5
vt 0.000000 0.000000
vt 0.000000 1.000000
vt 1.000000 1.000000
f 4/10/4 3/8/3 7/21/7
vt 0.000000 0.000000
vt 1.000000 1.000000
vt 1.000000 0.000000
f 4/10/4 7/20/7 6/18/6
vt 0.000000 0.000000
vt 0.000000 1.000000
vt 1.000000 1.000000
f 3/7/3 2/5/2 8/24/8
vt 0.000000 0.000000
vt 1.000000 1.000000
vt 1.000000 0.000000
f 3/7/3 8/23/8 7/21/7
vt 0.000000 0.000000
vt 0.000000 1.000000
vt 1.000000 1.000000
f 2/4/2 1/2/1 5/15/5
vt 0.000000 0.000000
vt 1.000000 1.000000
vt 1.000000 0.000000
f 2/4/2 5/14/5 8/24/8
vt 0.000000 0.000000
vt 0.000000 1.000000
vt 1.000000 1.000000
f 1/1/1 2/5/2 3/9/3
vt 0.000000 0.000000
vt 1.000000 1.000000
vt 1.000000 0.000000
f 1/1/1 3/8/3 4/12/4
vt 0.000000 0.000000
vt 0.000000 1.000000
vt 1.000000 1.000000
f 5/13/5 6/17/6 7/21/7
vt 0.000000 0.000000
vt 1.000000 1.000000
vt 1.000000 0.000000
f 5/13/5 7/20/7 8/24/8
vt 0.000000 0.000000
vt 0.000000 1.000000
vt 1.000000 1.000000
f 1/1/1 4/11/4 6/18/6
vt 0.000000 0.000000
vt 1.000000 1.000000
vt 1.000000 0.000000
f 1/1/1 6/17/6 5/15/5
vt 0.000000 0.000000
vt 0.000000 1.000000
vt 1.000000 1.000000
f 4/10/4 3/8/3 7/21/7
vt 0.000000 0.000000
vt 1.000000 1.000000
vt 1.000000 0.000000
f 4/10/4 7/20/7 6/18/6
vt 0.000000 0.000000
vt 0.000000 1.000000
vt 1.000000 1.000000
f 3/7/3 2/5/2 8/24/8
vt 0.000000 0.000000
vt 1.000000 1.000000
vt 1.000000 0.000000
f 3/7/3 8/23/8 7/21/7
vt 0.000000 0.000000
vt 0.000000 1.000000
vt 1.000000 1.000000
f 2/4/2 1/2/1 5/15/5
vt 0.000000 0.000000
vt 1.000000 1.000000
vt 1.000000 0.000000
f 2/4/2 5/14/5 8/24/8
vt 0.000000 0.000000
vt 0.000000 1.000000
vt 1.000000 1.000000
f 1/1/1 2/5/2 3/9/3
vt 0.000000 0.000000
vt 1.000000 1.000000
vt 1.000000 0.000000
f 1/1/1 3/8/3 4/12/4
vt 0.000000 0.000000
vt 0.000000 1.000000
vt 1.000000 1.000000
f 5/13/5 6/17/6 7/21/7
vt 0.000000 0.000000
vt 1.000000 1.000000
vt 1.000000 0.000000
f 5/13/5 7/20/7 8/24/8
vt 0.000000 0.000000
vt 0.000000 1.000000
vt 1.000000 1.000000
f 1/1/1 4/11/4 6/18/6
vt 0.000000 0.000000
vt 1.000000 1.000000
vt 1.000000 0.000000
f 1/1/1 6/17/6 5/15/5
vt 0.000000 0.000000
vt 0.000000 1.000000
vt 1.000000 1.000000
f 4/10/4 3/8/3 7/21/7
vt 0.000000 0.000000
vt 1.000000 1.000000
vt 1.000000 0.000000
f 4/10/4 7/20/7 6/18/6
vt 0.000000 0.000000
vt 0.000000 1.000000
vt 1.000000 1.000000
f 3/7/3 2/5/2 8/24/8
vt 0.000000 0.000000
vt 1.000000 1.000000
vt 1.000000 0.000000
f 3/7/3 8/23/8 7/21/7
vt 0.000000 0.000000
vt 0.000000 1.000000
vt 1.000000 1.000000
f 2/4/2 1/2/1 5/15/5
vt 0.000000 0.000000
vt 1.000000 1.000000
vt 1.000000 0.000000
f 2/4/2 5/14/5 8/24/8
vt 0.000000 0.000000
vt 0.000000 1.000000
vt 1.000000 1.000000
f 1/1/1 2/5/2 3/9/3
vt 0.000000 0.000000
vt 1.000000 1.000000
vt 1.000000 0.000000
f 1/1/1 3/8/3 4/12/4
vt 0.000000 0.000000
vt 0.000000 1.000000
vt 1.000000 1.000000
f 5/13/5 6/17/6 7/21/7
vt 0.000000 0.000000
vt 1.000000 1.000000
vt 1.000000 0.000000
f 5/13/5 7/20/7 8/24/8
vt 0.000000 0.000000
vt 0.000000 1.000000
vt 1.000000 1.000000
f 1/1/1 4/11/4 6/18/6
vt 0.000000 0.000000
vt 1.000000 1.000000
vt 1.000000 0.000000
f 1/1/1 6/17/6 5/15/5
vt 0.000000 0.000000
vt 0.000000 1.000000
vt 1.000000 1.000000
f 4/10/4 3/8/3 7/21/7
vt 0.000000 0.000000
vt 1.000000 1.000000
vt 1.000000 0.000000
f 4/10/4 7/20/7 6/18/6
vt 0.000000 0.000000
vt 0.000000 1.000000
vt 1.000000 1.000000
f 3/7/3 2/5/2 8/24/8
vt 0.000000 0.000000
vt 1.000000 1.000000
vt 1.000000 0.000000
f 3/7/3 8/23/8 7/21/7
vt 0.000000 0.000000
vt 0.000000 1.000000
vt 1.000000 1.000000
f 2/4/2 1/2/1 5/15/5
vt 0.000000 0.000000
vt 1.000000 1.000000
vt 1.000000 0.000000
f 2/4/2 5/14/5 8/24/8
vt 0.000000 0.000000
vt 0.000000 1.000000
vt 1.000000 1.000000
f 1/1/1 2/5/2 3/9/3
vt 0.000000 0.000000
vt 1.000000 1.000000
vt 1.000000 0.000000
f 1/1/1 3/8/3 4/12/4
vt 0.000000 0.000000
vt 0.000000 1.000000
vt 1.000000 1.000000
f 5/13/5 6/17/6 7/21/7
vt 0.000000 0.000000
vt 1.000000 1.000000
vt 1.000000 0.000000
f 5/13/5 7/20/7 8/24/8
vt 0.000000 0.000000
vt 0.000000 1.000000
vt 1.000000 1.000000
f 1/1/1 4/11/4 6/18/6
vt 0.000000 0.000000
vt 1.000000 1.000000
vt 1.000000 0.000000
f 1/1/1 6/17/6 5/15/5
vt 0.000000 0.000000
vt 0.000000 1.000000
vt 1.000000 1.000000
f 4/10/4 3/8/3 7/21/7
vt 0.000000 0.000000
vt 1.000000 1.000000
vt 1.000000 0.000000
f 4/10/4 7/20/7 6/18/6
vt 0.000000 0.000000
vt 0.000000 1.000000
vt 1.000000 1.000000
f 3/7/3 2/5/2 8/24/8
vt 0.000000 0.000000
vt 1.000000 1.000000
vt 1.000000 0.000000
f 3/7/3 8/23/8 7/21/7
vt 0.000000 0.000000
vt 0.000000 1.000000
vt 1.000000 1.000000
f 2/4/2 1/2/1 5/15/5
vt 0.000000 0.000000
vt 1.000000 1.000000
vt 1.000000 0.000000
f 2/4/2 5/14/5 8/24/8
vt 0.000000 0.000000
vt 0.000000 1.000000
vt 1.000000 1.000000
f 1/1/1 2/5/2 3/9/3
vt 0.000000 0.000000
vt 1.000000 1.000000
vt 1.000000 0.000000
f 1/1/1 3/8/3 4/12/4
vt 0.000000 0.000000
vt 0.000000 1.000000
vt 1.000000 1.000000
f 5/13/5 6/17/6 7/21/7
vt 0.000000 0.000000
vt 1.000000 1.000000
vt 1.000000 0.000000
f 5/13/5 7/20/7 8/24/8
vt 0.000000 0.000000
vt 0.000000 1.000000
vt 1.000000 1.000000
f 1/1/1 4/11/4 6/18/6
vt 0.000000 0.000000
vt 1.000000 1.000000
vt 1.000000 0.000000
f 1/1/1 6/17/6 5/15/5
vt 0.000000 0.000000
vt 0.000000 1.000000
vt 1.000000 1.000000
f 4/10/4 3/8/3 7/21/7
vt 0.000000 0.000000
vt 1.000000 1.000000
vt 1.000000 0.000000
f 4/10/4 7/20/7 6/18/6
vt 0.000000 0.000000
vt 0.000000 1.000000
vt 1.000000 1.000000
f 3/7/3 2/5/2 8/24/8
vt 0.000000 0.000000
vt 1.000000 1.000000
vt 1.000000 0.000000
f 3/7/3 8/23/8 7/21/7
vt 0.000000 0.000000
vt 0.000000 1.000000
vt 1.000000 1.000000
f 2/4/2 1/2/1 5/15/5
vt 0.000000 0.000000
vt 1.000000 1.000000
vt 1.000000 0.000000
f 2/4/2 5/14/5 8/24/8
vt 0.000000 0.000000
vt 0.000000 1.000000
vt 1.000000 1.000000
f 1/1/1 2/5/2 3/9/3
vt 0.000000 0.000000
vt 1.000000 1.000000
vt 1.000000 0.000000
f 1/1/1 3/8/3 4/12/4
vt 0.000000 0.000000
vt 0.000000 1.000000
vt 1.000000 1.000000
f 5/13/5 6/17/6 7/21/7
vt 0.000000 0.000000
vt 1.000000 1.000000
vt 1.000000 0.000000
f 5/13/5 7/20/7 8/24/8
vt 0.000000 0.000000
vt 0.000000 1.000000
vt 1.000000 1.000000
f 1/1/1 4/11/4 6/18/6
vt 0.000000 0.000000
vt 1.000000 1.000000
vt 1.000000 0.000000
f 1/1/1 6/17/6 5/15/5
vt 0.000000 0.000000
vt 0.000000 1.000000
vt 1.000000 1.000000
f 4/10/4 3/8/3 7/21/7
vt 0.000000 0.000000
vt 1.000000 1.000000
vt 1.000000 0.000000
f 4/10/4 7/20/7 6/18/6
vt 0.000000 0.000000
vt 0.000000 1.000000
vt 1.000000 1.000000
f 3/7/3 2/5/2 8/24/8
vt 0.000000 0.000000
vt 1.000000 1.000000
vt 1.000000 0.000000
f 3/7/3 8/23/8 7/21/7
vt 0.000000 0.000000
vt 0.000000 1.000000
vt 1.000000 1.000000
f 2/4/2 1/2/1 5/15/5
vt 0.000000 0.000000
vt 1.000000 1.000000
vt 1.000000 0.000000
f 2/4/2 5/14/5 8/24/8
vt 0.000000 0.000000
vt 0.000000 1.000000
vt 1.000000 1.000000
f 1/1/1 2/5/2 3/9/3
vt 0.000000 0.000000
vt 1.000000 1.000000
vt 1.000000 0.000000
f 1/1/1 3/8/3 4/12/4
vt 0.000000 0.000000
vt 0.000000 1.000000
vt 1.000000 1.000000
f 5/13/5 6/17/6 7/21/7
vt 0.000000 0.000000
vt 1.000000 1.000000
vt 1.000000 0.000000
f 5/13/5 7/20/7 8/24/8
vt 0.000000 0.000000
vt 0.000000 1.000000
vt 1.000000 1.000000
f 1/1/1 4/11/4 6/18/6
vt 0.000000 0.000000
vt 1.000000 1.000000
vt 1.000000 0.000000
f 1/1/1 6/17/6 5/15/5
vt 0.000000 0.000000
vt 0.000000 1.000000
vt 1.000000 1.000000
f 4/10/4 3/8/3 7/21/7
vt 0.000000 0.000000
vt 1.000000 1.000000
vt 1.000000 0.000000
f 4/10/4 7/20/7 6/18/6
vt 0.000000 0.000000
vt 0.000000 1.000000
vt 1.000000 1.000000
f 3/7/3 2/5/2 8/24/8
vt 0.000000 0.000000
vt 1.000000 1.000000
vt 1.000000 0.000000
f 3/7/3 8/23/8 7/21/7
vt 0.000000 0.000000
vt 0.000000 1.000000
vt 1.000000 1.000000
f 2/4/2 1/2/1 5/15/5
vt 0.000000 0.000000
vt 1.000000 1.000000
vt 1.000000 0.000000
f 2/4/2 5/14/5 8/24/8
vt 0.000000 0.000000
vt 0.000000 1.000000
vt 1.000000 1.000000
f 1/1/1 2/5/2 3/9/3
vt 0.000000 0.000000
vt 1.000000 1.000000
vt 1.000000 0.000000
f 1/1/1 3/8/3 4/12/4
vt 0.000000 0.000000
vt 0.000000 1.000000
vt 1.000000 1.000000
f 5/13/5 6/17/6 7/21/7
vt 0.000000 0.000000
vt 1.000000 1.000000
vt 1.000000 0.000000
f 5/13/5 7/20/7 8/24/8
vt 0.000000 0.000000
vt 0.000000 1.000000
vt 1.000000 1.000000
f 1/1/1 4/11/4 6/18/6
vt 0.000000 0.000000
vt 1.000000 1.000000
vt 1.000000 0.000000
f 1/1/1 6/17/6 5/15/5
vt 0.000000 0.000000
vt 0.000000 1.000000
vt 1.000000 1.000000
f 4/10/4 3/8/3 7/21/7
vt 0.000000 0.000000
vt 1.000000 1.000000
vt 1.000000 0.000000
f 4/10/4 7/20/7 6/18/6
vt 0.000000 0.000000
vt 0.000000 1.000000
vt 1.000000 1.000000
f 3/7/3 2/5/2 8/24/8
vt 0.000000 0.000000
vt 1.000000 1.000000
vt 1.000000 0.000000
f 3/7/3 8/23/8 7/21/7
vt 0.000000 0.000000
vt 0.000000 1.000000
vt 1.000000 1.000000
f 2/4/2 1/2/1 5/15/5
vt 0.000000 0.000000
vt 1.000000 1.000000
vt 1.000000 0.000000
f 2/4/2 5/14/5 8/24/8
vt 0.000000 0.000000
vt 0.000000 1.000000
vt 1.000000 1.000000
f 1/1/1 2/5/2 3/9/3
vt 0.000000 0.000000
vt 1.000000 1.000000
vt 1.000000 0.000000
f 1/1/1 3/8/3 4/12/4
vt 0.000000 0.000000
vt 0.000000 1.000000
vt 1.000000 1.000000
f 5/13/5 6/17/6 7/21/7
vt 0.000000 0.000000
vt 1.000000 1.000000
vt 1.000000 0.000000
f 5/13/5 7/20/7 8/24/8
vt 0.000000 0.000000
vt 0.000000 1.000000
vt 1.000000 1.000000
f 1/1/1 4/11/4 6/18/6
vt 0.000000 0.000000
vt 1.000000 1.000000
vt 1.000000 0.000000
f 1/1/1 6/17/6 5/15/5
vt 0.000000 0.000000
vt 0.000000 1.000000
vt 1.000000 1.000000
f 4/10/4 3/8/3 7/21/7
vt 0.000000 0.000000
vt 1.000000 1.000000
vt 1.000000 0.000000
f 4/10/4 7/20/7 6/18/6
vt 0.000000 0.000000
vt 0.000000 1.000000
vt 1.000000 1.000000
f 3/7/3 2/5/2 8/24/8
vt 0.000000 0.000000
vt 1.000000 1.000000
vt 1.000000 0.000000
f 3/7/3 8/23/8 7/21/7
vt 0.000000 0.000000
vt 0.000000 1.000000
vt 1.000000 1.000000
f 2/4/2 1/2/1 5/15/5
vt 0.000000 0.000000
vt 1.000000 1.000000
vt 1.000000 0.000000
f 2/4/2 5/14/5 8/24/8
vt 0.000000 0.000000
vt 0.000000 1.000000
vt 1.000000 1.000000
f 1/1/1 2/5/2 3/9/3
vt 0.000000 0.000000
vt 1.000000 1.000000
vt 1.000000 0.000000
f 1/1/1 3/8/3 4/12/4
vt 0.000000 0.000000
vt 0.000000 1.000000
vt 1.000000 1.000000
f 5/13/5 6/17/6 7/21/7
vt 0.000000 0.000000
vt 1.000000 1.000000
vt 1.000000 0.000000
f 5/13/5 7/20/7 8/24/8
vt 0.000000 0.000000
vt 0.000000 1.000000
vt 1.000000 1.000000
f 1/1/1 4/11/4 6/18/6
vt 0.000000 0.000000
vt 1.000000 1.000000
vt 1.000000 0.000000
f 1/1/1 6/17/6 5/15/5
vt 0.000000 0.000000
vt 0.000000 1.000000
vt 1.000000 1.000000
f 4/10/4 3/8/3 7/21/7
vt 0.000000 0.000000
vt 1.000000 1.000000
vt 1.000000 0.000000
f 4/10/4 7/20/7 6/18/6
vt 0.000000 0.000000
vt 0.000000 1.000000
vt 1.000000 1.000000
f 3/7/3 2/5/2 8/24/8
vt 0.000000 0.000000
vt 1.000000 1.000000
vt 1.000000 0.000000
f 3/7/3 8/23/8 7/21/7
vt 0.000000 0.000000
vt 0.000000 1.000000
vt 1.000000 1.000000
f 2/4/2 1/2/1 5/15/5
vt 0.000000 0.000000
vt 1.000000 1.000000
vt 1.000000 0.000000
f 2/4/2 5/14/5 8/24/8
vt 0.997628 0.087822
vt 0.997628 0.087822
vt 0.997628 0.087822
f 1/1/1 2/5/2 3/9/3
vt 0.997628 0.087822
vt 0.997628 0.087822
vt 0.997628 0.087822
f 1/1/1 4/11/4 5/15/5
vt 0.997628 0.087822
vt 0.997628 0.087822
vt 0.997628 0.087822
f 1/1/1 5/14/5 2/6/2
vt 0.986662 0.122319
vt 0.986662 0.122319
vt 0.985579 0.122780
f 4/10/4 1/2/1 6/18/6
vt 0.986662 0.122319
vt 0.985579 0.122780
vt 0.985579 0.122780
f 4/10/4 6/17/6 7/21/7
vt 0.997628 0.087822
vt 0.997628 0.087822
vt 0.997628 0.087822
f 3/7/3 2/5/2 8/24/8
vt 0.997628 0.087822
vt 0.997628 0.087822
vt 0.997628 0.087822
f 3/7/3 8/23/8 9/27/9
vt 0.997628 0.087822
vt 0.997628 0.087822
vt 0.997628 0.087822
f 2/4/2 5/14/5 10/30/10
vt 0.997628 0.087822
vt 0.997628 0.087822
vt 0.997628 0.087822
f 2/4/2 10/29/10 8/24/8
vt 0.985579 0.122780
vt 0.985579 0.122780
vt 0.983095 0.122780
f 7/19/7 6/17/6 11/33/11
vt 0.985579 0.122780
vt 0.983095 0.122780
vt 0.983095 0.122780
f 7/19/7 11/32/11 12/36/12
vt 0.985579 0.122780
vt 0.985579 0.122146
vt 0.983095 0.122146
f 6/16/6 3/8/3 9/27/9
vt 0.985579 0.122780
vt 0.983095 0.122146
vt 0.983095 0.122780
f 6/16/6 9/26/9 11/33/11
vt 0.997628 0.087822
vt 0.997628 0.087822
vt 0.997628 0.087822
f 9/25/9 8/23/8 13/39/13
vt 0.997628 0.087822
vt 0.997628 0.087822
vt 0.997628 0.087822
f 8/22/8 10/29/10 14/42/14
vt 0.997628 0.087822
vt 0.997628 0.087822
vt 0.997628 0.087822
f 8/22/8 14/41/14 13/39/13
vt 0.983095 0.122780
vt 0.983095 0.122780
vt 0.982012 0.122319
f 12/34/12 11/32/11 13/39/13
vt 0.983095 0.122780
vt 0.982012 0.122319
vt 0.982012 0.122319
f 12/34/12 13/38/13 14/42/14
vt 0.983095 0.122780
vt 0.983095 0.122146
vt 0.982012 0.122319
f 11/31/11 9/26/9 13/39/13
vt 0.986662 0.122319
vt 0.985579 0.122146
vt 0.985579 0.122780
f 15/43/15 16/47/16 17/51/17
vt 0.991635 0.001954
vt 0.991635 0.001954
vt 0.991635 0.001954
f 1/1/1 2/5/2 3/9/3
vt 0.991635 0.001954
vt 0.991635 0.001954
vt 0.991635 0.001954
f 2/4/2 4/11/4 3/9/3
vt 0.991635 0.001954
vt 0.991635 0.001954
vt 0.991635 0.001954
f 2/4/2 5/14/5 4/12/4
vt 0.991635 0.001954
vt 0.991635 0.001954
vt 0.991635 0.001954
f 5/13/5 6/17/6 4/12/4
vt 0.991635 0.001954
vt 0.991635 0.001954
vt 0.991635 0.001954
f 5/13/5 7/20/7 6/18/6
vt 0.991635 0.001954
vt 0.991635 0.001954
vt 0.991635 0.001954
f 7/19/7 8/23/8 6/18/6
vt 0.991635 0.001954
vt 0.991635 0.001954
vt 0.991635 0.001954
f 7/19/7 9/26/9 8/24/8
vt 0.991635 0.001954
vt 0.991635 0.001954
vt 0.991635 0.001954
f 9/25/9 1/2/1 8/24/8
vt 0.991635 0.001954
vt 0.991635 0.001954
vt 0.991635 0.001954
f 3/7/3 4/11/4 10/30/10
vt 0.991635 0.001954
vt 0.991635 0.001954
vt 0.991635 0.001954
f 4/10/4 11/32/11 10/30/10
vt 0.991635 0.001954
vt 0.991635 0.001954
vt 0.991635 0.001954
f 4/10/4 6/17/6 11/33/11
vt 0.991635 0.001954
vt 0.991635 0.001954
vt 0.991635 0.001954
f 6/16/6 8/23/8 11/33/11
vt 0.991635 0.001954
vt 0.991635 0.001954
vt 0.991635 0.001954
f 3/7/3 12/35/12 13/39/13
vt 0.991635 0.001954
vt 0.991635 0.001954
vt 0.991635 0.001954
f 3/7/3 10/29/10 12/36/12
vt 0.997043 0.085113
vt 0.997043 0.085113
vt 0.997043 0.085113
f 10/28/10 14/41/14 12/36/12
vt 0.997043 0.085113
vt 0.997043 0.085113
vt 0.997043 0.085113
f 10/28/10 11/32/11 15/45/15
vt 0.991635 0.001954
vt 0.991635 0.001954
vt 0.991635 0.001954
f 11/31/11 16/47/16 15/45/15
vt 0.991635 0.001954
vt 0.991635 0.001954
vt 0.991635 0.001954
f 11/31/11 8/23/8 16/48/16
vt 0.991635 0.001954
vt 0.991635 0.001954
vt 0.991635 0.001954
f 17/49/17 13/38/13 18/54/18
vt 0.991635 0.001954
vt 0.991635 0.001954
vt 0.991635 0.001954
f 18/52/18 14/41/14 15/45/15
vt 0.991635 0.001954
vt 0.991635 0.001954
vt 0.991635 0.001954
f 18/52/18 15/44/15 16/48/16
vt 0.991635 0.001954
vt 0.991635 0.001954
vt 0.991635 0.001954
f 17/49/17 19/56/19 20/60/20
vt 0.991635 0.001954
vt 0.991635 0.001954
vt 0.991635 0.001954
f 17/49/17 21/62/21 13/39/13
vt 0.997043 0.085113
vt 0.997043 0.085113
vt 0.997043 0.085113
f 10/28/10 15/44/15 14/42/14
vt 0.991635 0.001954
vt 0.991635 0.001954
vt 0.991635 0.001954
f 13/37/13 12/35/12 18/54/18
vt 0.991635 0.001954
vt 0.991635 0.001954
vt 0.991635 0.001954
f 17/49/17 16/47/16 19/57/19
vt 0.991635 0.001954
vt 0.991635 0.001954
vt 0.991635 0.001954
f 17/49/17 20/59/20 21/63/21
vt 0.991635 0.001954
vt 0.991635 0.001954
vt 0.991635 0.001954
f 20/58/20 22/65/22 21/63/21
vt 0.991635 0.001954
vt 0.991635 0.001954
vt 0.991635 0.001954
f 8/22/8 1/2/1 22/66/22
vt 0.991635 0.001954
vt 0.991635 0.001954
vt 0.991635 0.001954
f 19/55/19 22/65/22 20/60/20
vt 0.991635 0.001954
vt 0.991635 0.001954
vt 0.991635 0.001954
f 3/7/3 21/62/21 22/66/22
vt 0.991635 0.001954
vt 0.991635 0.001954
vt 0.991635 0.001954
f 3/7/3 13/38/13 21/63/21
vt 0.991635 0.001954
vt 0.991635 0.001954
vt 0.991635 0.001954
f 22/64/22 1/2/1 3/9/3
vt 0.991635 0.001954
vt 0.991635 0.001954
vt 0.991635 0.001954
f 16/46/16 8/23/8 19/57/19
vt 0.991635 0.001954
vt 0.991635 0.001954
vt 0.991635 0.001954
f 19/55/19 8/23/8 22/66/22
vt 0.991635 0.001954
vt 0.991635 0.001954
vt 0.991635 0.001954
f 17/49/17 18/53/18 16/48/16
vt 0.991635 0.001954
vt 0.991635 0.001954
vt 0.991635 0.001954
f 18/52/18 12/35/12 14/42/14
vt 0.991635 0.001954
vt 0.991635 0.001954
vt 0.991635 0.001954
f 1/1/1 2/5/2 3/9/3
vt 0.991635 0.001954
vt 0.991635 0.001954
vt 0.991635 0.001954
f 1/1/1 3/8/3 4/12/4
vt 0.991635 0.001954
vt 0.991635 0.001954
vt 0.991635 0.001954
f 2/4/2 5/14/5 6/18/6
vt 0.991635 0.001954
vt 0.991635 0.001954
vt 0.991635 0.001954
f 2/4/2 6/17/6 3/9/3
vt 0.991635 0.001954
vt 0.991635 0.001954
vt 0.991635 0.001954
f 5/13/5 7/20/7 8/24/8
vt 0.991635 0.001954
vt 0.991635 0.001954
vt 0.991635 0.001954
f 5/13/5 8/23/8 6/18/6
vt 0.991635 0.001954
vt 0.991635 0.001954
vt 0.991635 0.001954
f 7/19/7 9/26/9 10/30/10
vt 0.991635 0.001954
vt 0.991635 0.001954
vt 0.991635 0.001954
f 7/19/7 10/29/10 8/24/8
vt 0.991635 0.001954
vt 0.991635 0.001954
vt 0.991635 0.001954
f 9/25/9 1/2/1 4/12/4
vt 0.991635 0.001954
vt 0.991635 0.001954
vt 0.991635 0.001954
f 9/25/9 4/11/4 10/30/10
vt 0.997043 0.085113
vt 0.997043 0.085113
vt 0.997043 0.085113
f 11/31/11 12/35/12 13/39/13
vt 0.997043 0.085113
vt 0.997043 0.085113
vt 0.997043 0.085113
f 11/31/11 13/38/13 14/42/14
vt 0.991635 0.001954
vt 0.991635 0.001954
vt 0.991635 0.001954
f 3/7/3 6/17/6 15/45/15
vt 0.991635 0.001954
vt 0.991635 0.001954
vt 0.991635 0.001954
f 3/7/3 15/44/15 16/48/16
vt 0.991635 0.001954
vt 0.991635 0.001954
vt 0.991635 0.001954
f 6/16/6 8/23/8 17/51/17
vt 0.991635 0.001954
vt 0.991635 0.001954
vt 0.991635 0.001954
f 6/16/6 17/50/17 15/45/15
vt 0.991635 0.001954
vt 0.991635 0.001954
vt 0.991635 0.001954
f 8/22/8 10/29/10 18/54/18
vt 0.991635 0.001954
vt 0.991635 0.001954
vt 0.991635 0.001954
f 8/22/8 18/53/18 17/51/17
vt 0.997043 0.085113
vt 0.997043 0.085113
vt 0.997043 0.085113
f 19/55/19 11/32/11 14/42/14
vt 0.997043 0.085113
vt 0.997043 0.085113
vt 0.997043 0.085113
f 19/55/19 14/41/14 20/60/20
vt 0.991635 0.001954
vt 0.991635 0.001954
vt 0.991635 0.001954
f 21/61/21 22/65/22 16/48/16
vt 0.991635 0.001954
vt 0.991635 0.001954
vt 0.991635 0.001954
f 21/61/21 16/47/16 15/45/15
vt 0.991635 0.001954
vt 0.991635 0.001954
vt 0.991635 0.001954
f 21/61/21 15/44/15 17/51/17
vt 0.991635 0.001954
vt 0.991635 0.001954
vt 0.991635 0.001954
f 21/61/21 17/50/17 18/54/18
vt 0.991635 0.001954
vt 0.991635 0.001954
vt 0.991635 0.001954
f 21/61/21 18/53/18 22/66/22
vt 0.991635 0.001954
vt 0.991635 0.001954
vt 0.991635 0.001954
f 4/10/4 3/8/3 12/36/12
vt 0.991635 0.001954
vt 0.991635 0.001954
vt 0.991635 0.001954
f 4/10/4 12/35/12 11/33/11
vt 0.991635 0.001954
vt 0.991635 0.001954
vt 0.991635 0.001954
f 10/28/10 4/11/4 11/33/11
vt 0.991635 0.001954
vt 0.991635 0.001954
vt 0.991635 0.001954
f 10/28/10 11/32/11 19/57/19
vt 0.991635 0.001954
vt 0.991635 0.001954
vt 0.991635 0.001954
f 16/46/16 22/65/22 14/42/14
vt 0.991635 0.001954
vt 0.991635 0.001954
vt 0.991635 0.001954
f 16/46/16 14/41/14 13/39/13
vt 0.991635 0.001954
vt 0.991635 0.001954
vt 0.991635 0.001954
f 3/7/3 16/47/16 13/39/13
vt 0.991635 0.001954
vt 0.991635 0.001954
vt 0.991635 0.001954
f 3/7/3 13/38/13 12/36/12
vt 0.991635 0.001954
vt 0.991635 0.001954
vt 0.991635 0.001954
f 18/52/18 10/29/10 19/57/19
vt 0.991635 0.001954
vt 0.991635 0.001954
vt 0.991635 0.001954
f 18/52/18 19/56/19 20/60/20
vt 0.991635 0.001954
vt 0.991635 0.001954
vt 0.991635 0.001954
f 22/64/22 18/53/18 20/60/20
vt 0.991635 0.001954
vt 0.991635 0.001954
vt 0.991635 0.001954
f 22/64/22 20/59/20 14/42/14
vt 0.997948 0.087387
vt 0.997948 0.087387
vt 0.997948 0.087387
f 1/1/1 2/5/2 3/9/3
vt 0.997948 0.087387
vt 0.997948 0.087387
vt 0.997948 0.087387
f 1/1/1 3/8/3 4/12/4
vt 0.997948 0.087387
vt 0.997948 0.087387
vt 0.997948 0.087387
f 5/13/5 6/17/6 7/21/7
vt 0.997948 0.087387
vt 0.997948 0.087387
vt 0.997948 0.087387
f 5/13/5 7/20/7 8/24/8
vt 0.997948 0.087387
vt 0.997948 0.087387
vt 0.997948 0.087387
f 9/25/9 10/29/10 11/33/11
vt 0.997948 0.087387
vt 0.997948 0.087387
vt 0.997948 0.087387
f 9/25/9 11/32/11 12/36/12
vt 0.997948 0.087387
vt 0.997948 0.087387
vt 0.997948 0.087387
f 13/37/13 14/41/14 15/45/15
vt 0.997948 0.087387
vt 0.997948 0.087387
vt 0.997948 0.087387
f 13/37/13 15/44/15 16/48/16
vt 0.997948 0.087387
vt 0.997948 0.087387
vt 0.997948 0.087387
f 17/49/17 18/53/18 19/57/19
vt 0.997948 0.087387
vt 0.997948 0.087387
vt 0.997948 0.087387
f 17/49/17 19/56/19 20/60/20
vt 0.997948 0.087387
vt 0.997948 0.087387
vt 0.997948 0.087387
f 21/61/21 22/65/22 23/69/23
vt 0.997948 0.087387
vt 0.997948 0.087387
vt 0.997948 0.087387
f 21/61/21 23/68/23 24/72/24
vt 0.997948 0.087387
vt 0.997948 0.087387
vt 0.997948 0.087387
f 25/73/25 5/14/5 17/51/17
vt 0.997948 0.087387
vt 0.997948 0.087387
vt 0.997948 0.087387
f 25/73/25 17/50/17 26/78/26
vt 0.997948 0.087387
vt 0.997948 0.087387
vt 0.997948 0.087387
f 5/13/5 8/23/8 18/54/18
vt 0.997948 0.087387
vt 0.997948 0.087387
vt 0.997948 0.087387
f 5/13/5 18/53/18 17/51/17
vt 0.997948 0.087387
vt 0.997948 0.087387
vt 0.997948 0.087387
f 8/22/8 27/80/27 28/84/28
vt 0.997948 0.087387
vt 0.997948 0.087387
vt 0.997948 0.087387
f 8/22/8 28/83/28 18/54/18
vt 0.997948 0.087387
vt 0.997948 0.087387
vt 0.997948 0.087387
f 27/79/27 29/86/29 30/90/30
vt 0.997948 0.087387
vt 0.997948 0.087387
vt 0.997948 0.087387
f 27/79/27 30/89/30 28/84/28
vt 0.997948 0.087387
vt 0.997948 0.087387
vt 0.997948 0.087387
f 29/85/29 7/20/7 19/57/19
vt 0.997948 0.087387
vt 0.997948 0.087387
vt 0.997948 0.087387
f 29/85/29 19/56/19 30/90/30
vt 0.997948 0.087387
vt 0.997948 0.087387
vt 0.997948 0.087387
f 7/19/7 6/17/6 20/60/20
vt 0.997948 0.087387
vt 0.997948 0.087387
vt 0.997948 0.087387
f 7/19/7 20/59/20 19/57/19
vt 0.997948 0.087387
vt 0.997948 0.087387
vt 0.997948 0.087387
f 6/16/6 31/92/31 32/96/32
vt 0.997948 0.087387
vt 0.997948 0.087387
vt 0.997948 0.087387
f 6/16/6 32/95/32 20/60/20
vt 0.997948 0.087387
vt 0.997948 0.087387
vt 0.997948 0.087387
f 31/91/31 25/74/25 26/78/26
vt 0.997948 0.087387
vt 0.997948 0.087387
vt 0.997948 0.087387
f 31/91/31 26/77/26 32/96/32
vt 0.997948 0.087387
vt 0.997948 0.087387
vt 0.997948 0.087387
f 26/76/26 17/50/17 14/42/14
vt 0.997948 0.087387
vt 0.997948 0.087387
vt 0.997948 0.087387
f 26/76/26 14/41/14 13/39/13
vt 0.997948 0.087387
vt 0.997948 0.087387
vt 0.997948 0.087387
f 17/49/17 20/59/20 15/45/15
vt 0.997948 0.087387
vt 0.997948 0.087387
vt 0.997948 0.087387
f 17/49/17 15/44/15 14/42/14
vt 0.997948 0.087387
vt 0.997948 0.087387
vt 0.997948 0.087387
f 20/58/20 32/95/32 16/48/16
vt 0.997948 0.087387
vt 0.997948 0.087387
vt 0.997948 0.087387
f 20/58/20 16/47/16 15/45/15
vt 0.997948 0.087387
vt 0.997948 0.087387
vt 0.997948 0.087387
f 32/94/32 26/77/26 13/39/13
vt 0.997948 0.087387
vt 0.997948 0.087387
vt 0.997948 0.087387
f 32/94/32 13/38/13 16/48/16
vt 0.997948 0.087387
vt 0.997948 0.087387
vt 0.997948 0.087387
f 19/55/19 18/53/18 21/63/21
vt 0.997948 0.087387
vt 0.997948 0.087387
vt 0.997948 0.087387
f 19/55/19 21/62/21 24/72/24
vt 0.997948 0.087387
vt 0.997948 0.087387
vt 0.997948 0.087387
f 18/52/18 28/83/28 22/66/22
vt 0.997948 0.087387
vt 0.997948 0.087387
vt 0.997948 0.087387
f 18/52/18 22/65/22 21/63/21
vt 0.997948 0.087387
vt 0.997948 0.087387
vt 0.997948 0.087387
f 28/82/28 30/89/30 23/69/23
vt 0.997948 0.087387
vt 0.997948 0.087387
vt 0.997948 0.087387
f 28/82/28 23/68/23 22/66/22
vt 0.997948 0.087387
vt 0.997948 0.087387
vt 0.997948 0.087387
f 30/88/30 19/56/19 24/72/24
vt 0.997948 0.087387
vt 0.997948 0.087387
vt 0.997948 0.087387
f 30/88/30 24/71/24 23/69/23
vt 0.997948 0.087387
vt 0.997948 0.087387
vt 0.997948 0.087387
f 25/73/25 31/92/31 2/6/2
vt 0.997948 0.087387
vt 0.997948 0.087387
vt 0.997948 0.087387
f 25/73/25 2/5/2 1/3/1
vt 0.997948 0.087387
vt 0.997948 0.087387
vt 0.997948 0.087387
f 31/91/31 6/17/6 3/9/3
vt 0.997948 0.087387
vt 0.997948 0.087387
vt 0.997948 0.087387
f 31/91/31 3/8/3 2/6/2
vt 0.997948 0.087387
vt 0.997948 0.087387
vt 0.997948 0.087387
f 6/16/6 5/14/5 4/12/4
vt 0.997948 0.087387
vt 0.997948 0.087387
vt 0.997948 0.087387
f 6/16/6 4/11/4 3/9/3
vt 0.997948 0.087387
vt 0.997948 0.087387
vt 0.997948 0.087387
f 5/13/5 25/74/25 1/3/1
vt 0.997948 0.087387
vt 0.997948 0.087387
vt 0.997948 0.087387
f 5/13/5 1/2/1 4/12/4
vt 0.997948 0.087387
vt 0.997948 0.087387
vt 0.997948 0.087387
f 8/22/8 7/20/7 10/30/10
vt 0.997948 0.087387
vt 0.997948 0.087387
vt 0.997948 0.087387
f 8/22/8 10/29/10 9/27/9
vt 0.997948 0.087387
vt 0.997948 0.087387
vt 0.997948 0.087387
f 7/19/7 29/86/29 11/33/11
vt 0.997948 0.087387
vt 0.997948 0.087387
vt 0.997948 0.087387
f 7/19/7 11/32/11 10/30/10
vt 0.997948 0.087387
vt 0.997948 0.087387
vt 0.997948 0.087387
f 29/85/29 27/80/27 12/36/12
vt 0.997948 0.087387
vt 0.997948 0.087387
vt 0.997948 0.087387
f 29/85/29 12/35/12 11/33/11
vt 0.997948 0.087387
vt 0.997948 0.087387
vt 0.997948 0.087387
f 27/79/27 8/23/8 9/27/9
vt 0.997948 0.087387
vt 0.997948 0.087387
vt 0.997948 0.087387
f 27/79/27 9/26/9 12/36/12
vt 0.722656 0.875000
vt 0.804688 0.878906
vt 0.789063 0.851563
f 1/1/1 2/5/2 3/9/3
vt 0.722656 0.875000
vt 0.789063 0.851563
vt 0.703125 0.851563
f 1/1/1 3/8/3 4/12/4
vt 0.804688 0.878906
vt 0.898438 0.890625
vt 0.886719 0.867188
f 2/4/2 5/14/5 6/18/6
vt 0.804688 0.878906
vt 0.886719 0.867188
vt 0.789063 0.851563
f 2/4/2 6/17/6 3/9/3
vt 0.898438 0.890625
vt 0.963329 0.910156
vt 0.953125 0.878906
f 5/13/5 7/20/7 8/24/8
vt 0.898438 0.890625
vt 0.953125 0.878906
vt 0.886719 0.867188
f 5/13/5 8/23/8 6/18/6
vt 0.804688 0.886719
vt 0.722656 0.875000
vt 0.734375 0.925781
f 9/25/9 1/2/1 10/30/10
vt 0.804688 0.886719
vt 0.734375 0.925781
vt 0.812500 0.925781
f 9/25/9 10/29/10 11/33/11
vt 0.812500 0.925781
vt 0.902344 0.933594
vt 0.902344 0.902344
f 11/31/11 12/35/12 13/39/13
vt 0.812500 0.925781
vt 0.902344 0.902344
vt 0.804688 0.886719
f 11/31/11 13/38/13 9/27/9
vt 0.906250 0.996094
vt 0.982860 0.996094
vt 0.982860 0.949219
f 14/40/14 15/44/15 16/48/16
vt 0.906250 0.996094
vt 0.982860 0.949219
vt 0.902344 0.933594
f 14/40/14 16/47/16 12/36/12
vt 0.902344 0.933594
vt 0.982860 0.949219
vt 0.982860 0.929688
f 12/34/12 16/47/16 17/51/17
vt 0.902344 0.933594
vt 0.982860 0.929688
vt 0.902344 0.902344
f 12/34/12 17/50/17 13/39/13
vt 0.722656 0.875000
vt 0.804688 0.886719
vt 0.804688 0.878906
f 1/1/1 9/26/9 2/6/2
vt 0.898438 0.890625
vt 0.804688 0.878906
vt 0.804688 0.886719
f 5/13/5 2/5/2 9/27/9
vt 0.898438 0.890625
vt 0.804688 0.886719
vt 0.902344 0.902344
f 5/13/5 9/26/9 13/39/13
vt 0.963329 0.910156
vt 0.898438 0.890625
vt 0.902344 0.902344
f 7/19/7 5/14/5 13/39/13
vt 0.963329 0.910156
vt 0.902344 0.902344
vt 0.982860 0.929688
f 7/19/7 13/38/13 17/51/17
vt 0.722656 0.875000
vt 0.703125 0.851563
vt 0.789063 0.851563
f 18/52/18 19/56/19 20/60/20
vt 0.722656 0.875000
vt 0.789063 0.851563
vt 0.804688 0.878906
f 18/52/18 20/59/20 21/63/21
vt 0.804688 0.878906
vt 0.789063 0.851563
vt 0.886719 0.867188
f 21/61/21 20/59/20 22/66/22
vt 0.804688 0.878906
vt 0.886719 0.867188
vt 0.898438 0.890625
f 21/61/21 22/65/22 23/69/23
vt 0.953125 0.878906
vt 0.963329 0.910156
vt 0.898438 0.890625
f 24/70/24 25/74/25 23/69/23
vt 0.953125 0.878906
vt 0.898438 0.890625
vt 0.886719 0.867188
f 24/70/24 23/68/23 22/66/22
vt 0.804688 0.886719
vt 0.812500 0.925781
vt 0.734375 0.925781
f 26/76/26 27/80/27 28/84/28
vt 0.804688 0.886719
vt 0.734375 0.925781
vt 0.722656 0.875000
f 26/76/26 28/83/28 18/54/18
vt 0.902344 0.933594
vt 0.906250 0.996094
vt 0.887124 0.996094
f 29/85/29 14/41/14 30/90/30
vt 0.902344 0.933594
vt 0.887124 0.996094
vt 0.885758 0.952252
f 29/85/29 30/89/30 31/93/31
vt 0.812500 0.925781
vt 0.902344 0.933594
vt 0.885758 0.952252
f 27/79/27 29/86/29 31/93/31
vt 0.812500 0.925781
vt 0.885758 0.952252
vt 0.817052 0.953093
f 27/79/27 31/92/31 32/96/32
vt 0.812500 0.925781
vt 0.804688 0.886719
vt 0.902344 0.902344
f 27/79/27 26/77/26 33/99/33
vt 0.812500 0.925781
vt 0.902344 0.902344
vt 0.902344 0.933594
f 27/79/27 33/98/33 29/87/29
vt 0.982860 0.949219
vt 0.982860 0.996094
vt 0.906250 0.996094
f 34/100/34 15/44/15 14/42/14
vt 0.982860 0.949219
vt 0.906250 0.996094
vt 0.902344 0.933594
f 34/100/34 14/41/14 29/87/29
vt 0.982860 0.929688
vt 0.982860 0.949219
vt 0.902344 0.933594
f 35/103/35 34/101/34 29/87/29
vt 0.982860 0.929688
vt 0.902344 0.933594
vt 0.902344 0.902344
f 35/103/35 29/86/29 33/99/33
vt 0.722656 0.875000
vt 0.804688 0.878906
vt 0.804688 0.886719
f 18/52/18 21/62/21 26/78/26
vt 0.804688 0.886719
vt 0.804688 0.878906
vt 0.898438 0.890625
f 26/76/26 21/62/21 23/69/23
vt 0.804688 0.886719
vt 0.898438 0.890625
vt 0.902344 0.902344
f 26/76/26 23/68/23 33/99/33
vt 0.963329 0.910156
vt 0.982860 0.929688
vt 0.902344 0.902344
f 25/73/25 35/104/35 33/99/33
vt 0.963329 0.910156
vt 0.902344 0.902344
vt 0.898438 0.890625
f 25/73/25 33/98/33 23/69/23
vt 0.906250 0.996094
vt 0.902344 0.933594
vt 0.885758 0.952252
f 14/40/14 12/35/12 36/108/36
vt 0.906250 0.996094
vt 0.885758 0.952252
vt 0.887124 0.996094
f 14/40/14 36/107/36 30/90/30
vt 0.812500 0.925781
vt 0.817052 0.953093
vt 0.885758 0.952252
f 11/31/11 37/110/37 36/108/36
vt 0.812500 0.925781
vt 0.885758 0.952252
vt 0.902344 0.933594
f 11/31/11 36/107/36 12/36/12
vt 0.812500 0.925781
vt 0.734375 0.925781
vt 0.779798 0.953486
f 11/31/11 10/29/10 38/114/38
vt 0.812500 0.925781
vt 0.779798 0.953486
vt 0.817052 0.953093
f 11/31/11 38/113/38 37/111/37
vt 0.738281 0.996094
vt 0.784231 0.996094
vt 0.779798 0.953486
f 39/115/39 40/119/40 38/114/38
vt 0.738281 0.996094
vt 0.779798 0.953486
vt 0.734375 0.925781
f 39/115/39 38/113/38 10/30/10
vt 0.738281 0.996094
vt 0.734375 0.925781
vt 0.779798 0.953486
f 39/115/39 28/83/28 41/123/41
vt 0.738281 0.996094
vt 0.779798 0.953486
vt 0.784231 0.996094
f 39/115/39 41/122/41 40/120/40
vt 0.812500 0.925781
vt 0.817052 0.953093
vt 0.779798 0.953486
f 27/79/27 32/95/32 41/123/41
vt 0.812500 0.925781
vt 0.779798 0.953486
vt 0.734375 0.925781
f 27/79/27 41/122/41 28/84/28
vt 0.703125 0.851563
vt 0.789063 0.851563
vt 0.777344 0.820313
f 4/10/4 3/8/3 42/126/42
vt 0.703125 0.851563
vt 0.777344 0.820313
vt 0.675781 0.824219
f 4/10/4 42/125/42 43/129/43
vt 0.789063 0.851563
vt 0.886719 0.867188
vt 0.863281 0.832031
f 3/7/3 6/17/6 44/132/44
vt 0.789063 0.851563
vt 0.863281 0.832031
vt 0.777344 0.820313
f 3/7/3 44/131/44 42/126/42
vt 0.886719 0.867188
vt 0.953125 0.878906
vt 0.941406 0.855469
f 6/16/6 8/23/8 45/135/45
vt 0.886719 0.867188
vt 0.941406 0.855469
vt 0.863281 0.832031
f 6/16/6 45/134/45 44/132/44
vt 0.777344 0.820313
vt 0.789063 0.851563
vt 0.703125 0.851563
f 46/136/46 20/59/20 19/57/19
vt 0.777344 0.820313
vt 0.703125 0.851563
vt 0.675781 0.824219
f 46/136/46 19/56/19 47/141/47
vt 0.789063 0.851563
vt 0.777344 0.820313
vt 0.863281 0.832031
f 20/58/20 46/137/46 48/144/48
vt 0.789063 0.851563
vt 0.863281 0.832031
vt 0.886719 0.867188
f 20/58/20 48/143/48 22/66/22
vt 0.941406 0.855469
vt 0.953125 0.878906
vt 0.886719 0.867188
f 49/145/49 24/71/24 22/66/22
vt 0.941406 0.855469
vt 0.886719 0.867188
vt 0.863281 0.832031
f 49/145/49 22/65/22 48/144/48
vt 0.981171 0.347813
vt 0.973517 0.460132
vt 0.995961 0.442779
f 1/1/1 2/5/2 3/9/3
vt 0.981171 0.347813
vt 0.995961 0.442779
vt 0.999855 0.332453
f 1/1/1 3/8/3 4/12/4
vt 0.973517 0.460132
vt 0.965591 0.571708
vt 0.988346 0.552103
f 2/4/2 5/14/5 6/18/6
vt 0.973517 0.460132
vt 0.988346 0.552103
vt 0.995961 0.442779
f 2/4/2 6/17/6 3/9/3
vt 0.965591 0.571708
vt 0.945708 0.676253
vt 0.971235 0.656131
f 5/13/5 7/20/7 8/24/8
vt 0.965591 0.571708
vt 0.971235 0.656131
vt 0.988346 0.552103
f 5/13/5 8/23/8 6/18/6
vt 0.968915 0.463328
vt 0.981171 0.347813
vt 0.931855 0.371655
f 9/25/9 1/2/1 10/30/10
vt 0.968915 0.463328
vt 0.931855 0.371655
vt 0.926269 0.479887
f 9/25/9 10/29/10 11/33/11
vt 0.926269 0.479887
vt 0.920609 0.587142
vt 0.958643 0.578433
f 11/31/11 12/35/12 13/39/13
vt 0.926269 0.479887
vt 0.958643 0.578433
vt 0.968915 0.463328
f 11/31/11 13/38/13 9/27/9
vt 0.882095 0.589631
vt 0.882095 0.690719
vt 0.911754 0.689467
f 14/40/14 15/44/15 16/48/16
vt 0.882095 0.589631
vt 0.911754 0.689467
vt 0.920609 0.587142
f 14/40/14 16/47/16 12/36/12
vt 0.920609 0.587142
vt 0.911754 0.689467
vt 0.941400 0.687320
f 12/34/12 16/47/16 17/51/17
vt 0.920609 0.587142
vt 0.941400 0.687320
vt 0.958643 0.578433
f 12/34/12 17/50/17 13/39/13
vt 0.981171 0.347813
vt 0.968915 0.463328
vt 0.973517 0.460132
f 1/1/1 9/26/9 2/6/2
vt 0.965591 0.571708
vt 0.973517 0.460132
vt 0.968915 0.463328
f 5/13/5 2/5/2 9/27/9
vt 0.965591 0.571708
vt 0.968915 0.463328
vt 0.958643 0.578433
f 5/13/5 9/26/9 13/39/13
vt 0.945708 0.676253
vt 0.965591 0.571708
vt 0.958643 0.578433
f 7/19/7 5/14/5 13/39/13
vt 0.945708 0.676253
vt 0.958643 0.578433
vt 0.941400 0.687320
f 7/19/7 13/38/13 17/51/17
vt 0.783018 0.347813
vt 0.764335 0.332453
vt 0.768228 0.442779
f 18/52/18 19/56/19 20/60/20
vt 0.783018 0.347813
vt 0.768228 0.442779
vt 0.790672 0.460132
f 18/52/18 20/59/20 21/63/21
vt 0.790672 0.460132
vt 0.768228 0.442779
vt 0.775844 0.552103
f 21/61/21 20/59/20 22/66/22
vt 0.790672 0.460132
vt 0.775844 0.552103
vt 0.798598 0.571708
f 21/61/21 22/65/22 23/69/23
vt 0.792954 0.656131
vt 0.818481 0.676253
vt 0.798598 0.571708
f 24/70/24 25/74/25 23/69/23
vt 0.792954 0.656131
vt 0.798598 0.571708
vt 0.775844 0.552103
f 24/70/24 23/68/23 22/66/22
vt 0.795274 0.463328
vt 0.837920 0.479887
vt 0.832334 0.371655
f 26/76/26 27/80/27 28/84/28
vt 0.795274 0.463328
vt 0.832334 0.371655
vt 0.783018 0.347813
f 26/76/26 28/83/28 18/54/18
vt 0.843580 0.587142
vt 0.882095 0.589631
vt 0.882095 0.565114
f 29/85/29 14/41/14 30/90/30
vt 0.843580 0.587142
vt 0.882095 0.565114
vt 0.855064 0.565114
f 29/85/29 30/89/30 31/93/31
vt 0.837920 0.479887
vt 0.843580 0.587142
vt 0.855064 0.565114
f 27/79/27 29/86/29 31/93/31
vt 0.837920 0.479887
vt 0.855064 0.565114
vt 0.855064 0.481668
f 27/79/27 31/92/31 32/96/32
vt 0.837920 0.479887
vt 0.795274 0.463328
vt 0.805546 0.578433
f 27/79/27 26/77/26 33/99/33
vt 0.837920 0.479887
vt 0.805546 0.578433
vt 0.843580 0.587142
f 27/79/27 33/98/33 29/87/29
vt 0.852435 0.689467
vt 0.882095 0.690719
vt 0.882095 0.589631
f 34/100/34 15/44/15 14/42/14
vt 0.852435 0.689467
vt 0.882095 0.589631
vt 0.843580 0.587142
f 34/100/34 14/41/14 29/87/29
vt 0.822789 0.687320
vt 0.852435 0.689467
vt 0.843580 0.587142
f 35/103/35 34/101/34 29/87/29
vt 0.822789 0.687320
vt 0.843580 0.587142
vt 0.805546 0.578433
f 35/103/35 29/86/29 33/99/33
vt 0.783018 0.347813
vt 0.790672 0.460132
vt 0.795274 0.463328
f 18/52/18 21/62/21 26/78/26
vt 0.795274 0.463328
vt 0.790672 0.460132
vt 0.798598 0.571708
f 26/76/26 21/62/21 23/69/23
vt 0.795274 0.463328
vt 0.798598 0.571708
vt 0.805546 0.578433
f 26/76/26 23/68/23 33/99/33
vt 0.818481 0.676253
vt 0.822789 0.687320
vt 0.805546 0.578433
f 25/73/25 35/104/35 33/99/33
vt 0.818481 0.676253
vt 0.805546 0.578433
vt 0.798598 0.571708
f 25/73/25 33/98/33 23/69/23
vt 0.882095 0.589631
vt 0.920609 0.587142
vt 0.909110 0.565114
f 14/40/14 12/35/12 36/108/36
vt 0.882095 0.589631
vt 0.909110 0.565114
vt 0.882095 0.565114
f 14/40/14 36/107/36 30/90/30
vt 0.926269 0.479887
vt 0.909110 0.481669
vt 0.909110 0.565114
f 11/31/11 37/110/37 36/108/36
vt 0.926269 0.479887
vt 0.909110 0.565114
vt 0.920609 0.587142
f 11/31/11 36/107/36 12/36/12
vt 0.926269 0.479887
vt 0.931855 0.371655
vt 0.909110 0.435038
f 11/31/11 10/29/10 38/114/38
vt 0.926269 0.479887
vt 0.909110 0.435038
vt 0.909110 0.481669
f 11/31/11 38/113/38 37/111/37
vt 0.882095 0.378227
vt 0.882095 0.435038
vt 0.909110 0.435038
f 39/115/39 40/119/40 38/114/38
vt 0.882095 0.378227
vt 0.909110 0.435038
vt 0.931855 0.371655
f 39/115/39 38/113/38 10/30/10
vt 0.882095 0.378227
vt 0.832334 0.371655
vt 0.855064 0.435038
f 39/115/39 28/83/28 41/123/41
vt 0.882095 0.378227
vt 0.855064 0.435038
vt 0.882095 0.435038
f 39/115/39 41/122/41 40/120/40
vt 0.837920 0.479887
vt 0.855064 0.481668
vt 0.855064 0.435038
f 27/79/27 32/95/32 41/123/41
vt 0.837920 0.479887
vt 0.855064 0.435038
vt 0.832334 0.371655
f 27/79/27 41/122/41 28/84/28
vt 0.999855 0.332453
vt 0.995961 0.442779
vt 1.020628 0.421659
f 4/10/4 3/8/3 42/126/42
vt 0.999855 0.332453
vt 1.020628 0.421659
vt 1.013982 0.309281
f 4/10/4 42/125/42 43/129/43
vt 0.995961 0.442779
vt 0.988346 0.552103
vt 1.016279 0.498810
f 3/7/3 6/17/6 44/132/44
vt 0.995961 0.442779
vt 1.016279 0.498810
vt 1.020628 0.421659
f 3/7/3 44/131/44 42/126/42
vt 0.988346 0.552103
vt 0.971235 0.656131
vt 0.999426 0.641439
f 6/16/6 8/23/8 45/135/45
vt 0.988346 0.552103
vt 0.999426 0.641439
vt 1.016279 0.498810
f 6/16/6 45/134/45 44/132/44
vt 0.743561 0.421659
vt 0.768228 0.442779
vt 0.764335 0.332453
f 46/136/46 20/59/20 19/57/19
vt 0.743561 0.421659
vt 0.764335 0.332453
vt 0.750207 0.309281
f 46/136/46 19/56/19 47/141/47
vt 0.768228 0.442779
vt 0.743561 0.421659
vt 0.747911 0.498810
f 20/58/20 46/137/46 48/144/48
vt 0.768228 0.442779
vt 0.747911 0.498810
vt 0.775844 0.552103
f 20/58/20 48/143/48 22/66/22
vt 0.764763 0.641439
vt 0.792954 0.656131
vt 0.775844 0.552103
f 49/145/49 24/71/24 22/66/22
vt 0.764763 0.641439
vt 0.775844 0.552103
vt 0.747911 0.498810
f 49/145/49 22/65/22 48/144/48
vt 0.360994 0.094311
vt 0.363597 0.092017
vt 0.358417 0.092017
f 1/1/1 2/5/2 3/9/3
vt 0.363597 0.092017
vt 0.364659 0.088022
vt 0.357315 0.088022
f 2/4/2 4/11/4 5/15/5
vt 0.363597 0.092017
vt 0.357315 0.088022
vt 0.358417 0.092017
f 2/4/2 5/14/5 3/9/3
vt 0.364659 0.088022
vt 0.365008 0.084131
vt 0.357096 0.083380
f 4/10/4 6/17/6 7/21/7
vt 0.364659 0.088022
vt 0.357096 0.083380
vt 0.357315 0.088022
f 4/10/4 7/20/7 5/15/5
vt 0.365008 0.084131
vt 0.364976 0.082798
vt 0.357171 0.080817
f 6/16/6 8/23/8 9/27/9
vt 0.365008 0.084131
vt 0.357171 0.080817
vt 0.357096 0.083380
f 6/16/6 9/26/9 7/21/7
vt 0.364976 0.082798
vt 0.364836 0.081132
vt 0.357171 0.080817
f 8/22/8 10/29/10 9/27/9
vt 0.364836 0.081132
vt 0.364836 0.081132
vt 0.357171 0.080817
f 10/28/10 11/32/11 12/36/12
vt 0.364836 0.081132
vt 0.357171 0.080817
vt 0.357171 0.080817
f 10/28/10 12/35/12 9/27/9
vt 0.360994 0.094311
vt 0.358417 0.092017
vt 0.363597 0.092017
f 13/37/13 14/41/14 15/45/15
vt 0.364659 0.088022
vt 0.363597 0.092017
vt 0.358417 0.092017
f 16/46/16 15/44/15 14/42/14
vt 0.364659 0.088022
vt 0.358417 0.092017
vt 0.357315 0.088022
f 16/46/16 14/41/14 17/51/17
vt 0.365008 0.084131
vt 0.364659 0.088022
vt 0.357315 0.088022
f 18/52/18 16/47/16 17/51/17
vt 0.365008 0.084131
vt 0.357315 0.088022
vt 0.357096 0.083380
f 18/52/18 17/50/17 19/57/19
vt 0.364976 0.082798
vt 0.365008 0.084131
vt 0.357096 0.083380
f 20/58/20 18/53/18 19/57/19
vt 0.364976 0.082798
vt 0.357096 0.083380
vt 0.357171 0.080817
f 20/58/20 19/56/19 21/63/21
vt 0.364976 0.082798
vt 0.357171 0.080817
vt 0.364836 0.081132
f 20/58/20 21/62/21 22/66/22
vt 0.364836 0.081132
vt 0.364836 0.081132
vt 0.357171 0.080817
f 23/67/23 22/65/22 21/63/21
vt 0.364836 0.081132
vt 0.357171 0.080817
vt 0.357171 0.080817
f 23/67/23 21/62/21 24/72/24
vt 0.336006 0.094676
vt 0.333342 0.092278
vt 0.338778 0.091757
f 25/73/25 26/77/26 27/81/27
vt 0.339664 0.086103
vt 0.338778 0.091757
vt 0.333342 0.092278
f 28/82/28 27/80/27 26/78/26
vt 0.339664 0.086103
vt 0.333342 0.092278
vt 0.332142 0.087128
f 28/82/28 26/77/26 29/87/29
vt 0.339579 0.080817
vt 0.339664 0.086103
vt 0.332142 0.087128
f 30/88/30 28/83/28 29/87/29
vt 0.339579 0.080817
vt 0.332142 0.087128
vt 0.331782 0.083623
f 30/88/30 29/86/29 31/93/31
vt 0.331782 0.083623
vt 0.331390 0.082521
vt 0.339579 0.080817
f 31/91/31 32/95/32 30/90/30
vt 0.339579 0.080817
vt 0.339579 0.080817
vt 0.331390 0.082521
f 33/97/33 30/89/30 32/96/32
vt 0.339579 0.080817
vt 0.331390 0.082521
vt 0.331782 0.082521
f 33/97/33 32/95/32 34/102/34
vt 0.336006 0.094676
vt 0.338778 0.091757
vt 0.333342 0.092278
f 35/103/35 36/107/36 37/111/37
vt 0.338778 0.091757
vt 0.339664 0.086103
vt 0.332142 0.087128
f 36/106/36 38/113/38 39/117/39
vt 0.338778 0.091757
vt 0.332142 0.087128
vt 0.333342 0.092278
f 36/106/36 39/116/39 37/111/37
vt 0.339664 0.086103
vt 0.339579 0.080817
vt 0.331782 0.083623
f 38/112/38 40/119/40 41/123/41
vt 0.339664 0.086103
vt 0.331782 0.083623
vt 0.332142 0.087128
f 38/112/38 41/122/41 39/117/39
vt 0.331782 0.083623
vt 0.339579 0.080817
vt 0.331390 0.082521
f 41/121/41 40/119/40 42/126/42
vt 0.331390 0.082521
vt 0.339579 0.080817
vt 0.339579 0.080817
f 42/124/42 40/119/40 43/129/43
vt 0.331390 0.082521
vt 0.339579 0.080817
vt 0.331782 0.082521
f 42/124/42 43/128/43 44/132/44
vt 0.988340 0.083911
vt 0.986426 0.084506
vt 0.986615 0.078641
f 1/1/1 2/5/2 3/9/3
vt 0.988340 0.083911
vt 0.986615 0.078641
vt 0.988703 0.078334
f 1/1/1 3/8/3 4/12/4
vt 0.988703 0.078334
vt 0.986615 0.078641
vt 0.986807 0.072794
f 4/10/4 3/8/3 5/15/5
vt 0.988703 0.078334
vt 0.986807 0.072794
vt 0.989066 0.072795
f 4/10/4 5/14/5 6/18/6
vt 0.986426 0.084506
vt 0.984506 0.084646
vt 0.984506 0.078752
f 2/4/2 7/20/7 8/24/8
vt 0.986426 0.084506
vt 0.984506 0.078752
vt 0.986615 0.078641
f 2/4/2 8/23/8 3/9/3
vt 0.986615 0.078641
vt 0.984506 0.078752
vt 0.984506 0.072702
f 3/7/3 8/23/8 9/27/9
vt 0.986615 0.078641
vt 0.984506 0.072702
vt 0.986807 0.072794
f 3/7/3 9/26/9 5/15/5
vt 0.988340 0.083911
vt 0.988703 0.078334
vt 0.989440 0.078124
f 1/1/1 4/11/4 10/30/10
vt 0.988340 0.083911
vt 0.989440 0.078124
vt 0.988832 0.083567
f 1/1/1 10/29/10 11/33/11
vt 0.988832 0.083567
vt 0.989440 0.078124
vt 0.990052 0.077696
f 11/31/11 10/29/10 12/36/12
vt 0.988832 0.083567
vt 0.990052 0.077696
vt 0.989249 0.082892
f 11/31/11 12/35/12 13/39/13
vt 0.988703 0.078334
vt 0.989066 0.072795
vt 0.989931 0.072619
f 4/10/4 6/17/6 14/42/14
vt 0.988703 0.078334
vt 0.989931 0.072619
vt 0.989440 0.078124
f 4/10/4 14/41/14 10/30/10
vt 0.990702 0.072254
vt 0.990052 0.077696
vt 0.989440 0.078124
f 15/43/15 12/35/12 10/30/10
vt 0.990702 0.072254
vt 0.989440 0.078124
vt 0.989931 0.072619
f 15/43/15 10/29/10 14/42/14
vt 0.982398 0.078641
vt 0.982587 0.084506
vt 0.980673 0.083911
f 16/46/16 17/50/17 18/54/18
vt 0.982398 0.078641
vt 0.980673 0.083911
vt 0.980309 0.078334
f 16/46/16 18/53/18 19/57/19
vt 0.982206 0.072794
vt 0.982398 0.078641
vt 0.980309 0.078334
f 20/58/20 16/47/16 19/57/19
vt 0.982206 0.072794
vt 0.980309 0.078334
vt 0.979947 0.072795
f 20/58/20 19/56/19 21/63/21
vt 0.984506 0.078752
vt 0.984506 0.084646
vt 0.982587 0.084506
f 8/22/8 7/20/7 17/51/17
vt 0.984506 0.078752
vt 0.982587 0.084506
vt 0.982398 0.078641
f 8/22/8 17/50/17 16/48/16
vt 0.984506 0.072702
vt 0.984506 0.078752
vt 0.982398 0.078641
f 9/25/9 8/23/8 16/48/16
vt 0.984506 0.072702
vt 0.982398 0.078641
vt 0.982206 0.072794
f 9/25/9 16/47/16 20/60/20
vt 0.979573 0.078124
vt 0.980309 0.078334
vt 0.980673 0.083911
f 22/64/22 19/56/19 18/54/18
vt 0.979573 0.078124
vt 0.980673 0.083911
vt 0.980181 0.083567
f 22/64/22 18/53/18 23/69/23
vt 0.980181 0.083567
vt 0.979763 0.082892
vt 0.978961 0.077696
f 23/67/23 24/71/24 25/75/25
vt 0.980181 0.083567
vt 0.978961 0.077696
vt 0.979573 0.078124
f 23/67/23 25/74/25 22/66/22
vt 0.980309 0.078334
vt 0.979573 0.078124
vt 0.979082 0.072619
f 19/55/19 22/65/22 26/78/26
vt 0.980309 0.078334
vt 0.979082 0.072619
vt 0.979947 0.072795
f 19/55/19 26/77/26 21/63/21
vt 0.978310 0.072254
vt 0.979082 0.072619
vt 0.979573 0.078124
f 27/79/27 26/77/26 22/66/22
vt 0.978310 0.072254
vt 0.979573 0.078124
vt 0.978961 0.077696
f 27/79/27 22/65/22 25/75/25
vt 0.554688 0.878906
vt 0.554688 0.859375
vt 0.484375 0.875000
f 1/1/1 2/5/2 3/9/3
vt 0.484375 0.894531
vt 0.484375 0.875000
vt 0.410156 0.875000
f 4/10/4 3/8/3 5/15/5
vt 0.484375 0.894531
vt 0.410156 0.875000
vt 0.410156 0.894531
f 4/10/4 5/14/5 6/18/6
vt 0.410156 0.894531
vt 0.410156 0.875000
vt 0.320313 0.863281
f 6/16/6 5/14/5 7/21/7
vt 0.410156 0.894531
vt 0.320313 0.863281
vt 0.335938 0.878906
f 6/16/6 7/20/7 8/24/8
vt 0.984857 0.076132
vt 0.986175 0.076074
vt 0.986169 0.079434
f 9/25/9 10/29/10 11/33/11
vt 0.984857 0.076132
vt 0.986169 0.079434
vt 0.984857 0.079494
f 9/25/9 11/32/11 12/36/12
vt 0.984857 0.079494
vt 0.986169 0.079434
vt 0.986172 0.082756
f 12/34/12 11/32/11 13/39/13
vt 0.984857 0.079494
vt 0.986172 0.082756
vt 0.984857 0.082812
f 12/34/12 13/38/13 14/42/14
vt 0.986175 0.076074
vt 0.987485 0.076126
vt 0.987466 0.079219
f 10/28/10 15/44/15 16/48/16
vt 0.986175 0.076074
vt 0.987466 0.079219
vt 0.986169 0.079434
f 10/28/10 16/47/16 11/33/11
vt 0.986169 0.079434
vt 0.987466 0.079219
vt 0.987435 0.082279
f 11/31/11 16/47/16 17/51/17
vt 0.986169 0.079434
vt 0.987435 0.082279
vt 0.986172 0.082756
f 11/31/11 17/50/17 13/39/13
vt 0.734375 0.082031
vt 0.734375 0.078125
vt 0.730469 0.078125
f 18/52/18 19/56/19 20/60/20
vt 0.734375 0.082031
vt 0.730469 0.078125
vt 0.730469 0.082031
f 18/52/18 20/59/20 21/63/21
vt 0.734375 0.078125
vt 0.734375 0.070313
vt 0.730469 0.070313
f 19/55/19 22/65/22 23/69/23
vt 0.734375 0.078125
vt 0.730469 0.070313
vt 0.730469 0.078125
f 19/55/19 23/68/23 20/60/20
vt 0.308594 0.941406
vt 0.308594 0.992188
vt 0.343750 0.992188
f 10/28/10 9/26/9 24/72/24
vt 0.308594 0.941406
vt 0.343750 0.992188
vt 0.343750 0.941406
f 10/28/10 24/71/24 25/75/25
vt 0.343750 0.941406
vt 0.335938 0.878906
vt 0.308594 0.878906
f 25/73/25 8/23/8 15/45/15
vt 0.343750 0.941406
vt 0.308594 0.878906
vt 0.308594 0.941406
f 25/73/25 15/44/15 10/30/10
vt 0.378906 0.855469
vt 0.328125 0.843750
vt 0.308594 0.847656
f 21/61/21 26/77/26 27/81/27
vt 0.378906 0.855469
vt 0.308594 0.847656
vt 0.343750 0.859375
f 21/61/21 27/80/27 28/84/28
vt 0.343750 0.859375
vt 0.308594 0.847656
vt 0.285156 0.851563
f 28/82/28 27/80/27 29/87/29
vt 0.343750 0.859375
vt 0.285156 0.851563
vt 0.320313 0.863281
f 28/82/28 29/86/29 7/21/7
vt 0.328125 0.843750
vt 0.300781 0.835938
vt 0.273438 0.839844
f 26/76/26 30/89/30 31/93/31
vt 0.328125 0.843750
vt 0.273438 0.839844
vt 0.308594 0.847656
f 26/76/26 31/92/31 27/81/27
vt 0.308594 0.847656
vt 0.273438 0.839844
vt 0.257813 0.847656
f 27/79/27 31/92/31 32/96/32
vt 0.308594 0.847656
vt 0.257813 0.847656
vt 0.285156 0.851563
f 27/79/27 32/95/32 29/87/29
vt 0.300781 0.835938
vt 0.281250 0.824219
vt 0.234375 0.824219
f 30/88/30 33/98/33 34/102/34
vt 0.300781 0.835938
vt 0.234375 0.824219
vt 0.273438 0.839844
f 30/88/30 34/101/34 31/93/31
vt 0.273438 0.839844
vt 0.234375 0.824219
vt 0.214844 0.835938
f 31/91/31 34/101/34 35/105/35
vt 0.273438 0.839844
vt 0.214844 0.835938
vt 0.257813 0.847656
f 31/91/31 35/104/35 32/96/32
vt 0.281250 0.824219
vt 0.300781 0.804688
vt 0.230469 0.816406
f 33/97/33 36/107/36 37/111/37
vt 0.281250 0.824219
vt 0.230469 0.816406
vt 0.234375 0.824219
f 33/97/33 37/110/37 34/102/34
vt 0.234375 0.824219
vt 0.230469 0.816406
vt 0.175781 0.828125
f 34/100/34 37/110/37 38/114/38
vt 0.234375 0.824219
vt 0.175781 0.828125
vt 0.214844 0.835938
f 34/100/34 38/113/38 35/105/35
vt 0.121094 0.843750
vt 0.121094 0.855469
vt 0.160156 0.851563
f 39/115/39 40/119/40 41/123/41
vt 0.121094 0.843750
vt 0.160156 0.851563
vt 0.171875 0.843750
f 39/115/39 41/122/41 42/126/42
vt 0.121094 0.843750
vt 0.171875 0.843750
vt 0.175781 0.828125
f 39/115/39 42/125/42 38/114/38
vt 0.578125 0.816406
vt 0.542969 0.835938
vt 0.554688 0.859375
f 43/127/43 44/131/44 2/6/2
vt 0.578125 0.816406
vt 0.554688 0.859375
vt 0.597656 0.839844
f 43/127/43 2/5/2 45/135/45
vt 0.636719 0.796875
vt 0.578125 0.816406
vt 0.597656 0.839844
f 46/136/46 43/128/43 45/135/45
vt 0.636719 0.796875
vt 0.597656 0.839844
vt 0.664063 0.820313
f 46/136/46 45/134/45 47/141/47
vt 0.308594 0.878906
vt 0.308594 0.871094
vt 0.277344 0.859375
f 15/43/15 48/143/48 49/147/49
vt 0.308594 0.878906
vt 0.277344 0.859375
vt 0.238281 0.859375
f 15/43/15 49/146/49 50/150/50
vt 0.238281 0.859375
vt 0.277344 0.859375
vt 0.242188 0.851563
f 50/148/50 49/146/49 51/153/51
vt 0.238281 0.859375
vt 0.242188 0.851563
vt 0.210938 0.847656
f 50/148/50 51/152/51 52/156/52
vt 0.238281 0.859375
vt 0.210938 0.847656
vt 0.203125 0.855469
f 50/148/50 52/155/52 53/159/53
vt 0.171875 0.843750
vt 0.160156 0.851563
vt 0.203125 0.855469
f 42/124/42 41/122/41 53/159/53
vt 0.171875 0.843750
vt 0.203125 0.855469
vt 0.210938 0.847656
f 42/124/42 53/158/53 52/156/52
vt 0.308594 0.871094
vt 0.320313 0.863281
vt 0.285156 0.851563
f 48/142/48 7/20/7 29/87/29
vt 0.308594 0.871094
vt 0.285156 0.851563
vt 0.277344 0.859375
f 48/142/48 29/86/29 49/147/49
vt 0.277344 0.859375
vt 0.285156 0.851563
vt 0.257813 0.847656
f 49/145/49 29/86/29 32/96/32
vt 0.277344 0.859375
vt 0.257813 0.847656
vt 0.242188 0.851563
f 49/145/49 32/95/32 51/153/51
vt 0.242188 0.851563
vt 0.257813 0.847656
vt 0.214844 0.835938
f 51/151/51 32/95/32 35/105/35
vt 0.242188 0.851563
vt 0.214844 0.835938
vt 0.210938 0.847656
f 51/151/51 35/104/35 52/156/52
vt 0.210938 0.847656
vt 0.214844 0.835938
vt 0.175781 0.828125
f 52/154/52 35/104/35 38/114/38
vt 0.210938 0.847656
vt 0.175781 0.828125
vt 0.171875 0.843750
f 52/154/52 38/113/38 42/126/42
vt 0.484375 0.875000
vt 0.554688 0.859375
vt 0.542969 0.835938
f 3/7/3 2/5/2 44/132/44
vt 0.484375 0.875000
vt 0.542969 0.835938
vt 0.484375 0.859375
f 3/7/3 44/131/44 54/162/54
vt 0.410156 0.875000
vt 0.484375 0.875000
vt 0.484375 0.859375
f 5/13/5 3/8/3 54/162/54
vt 0.410156 0.875000
vt 0.484375 0.859375
vt 0.429688 0.863281
f 5/13/5 54/161/54 55/165/55
vt 0.410156 0.875000
vt 0.343750 0.859375
vt 0.320313 0.863281
f 5/13/5 28/83/28 7/21/7
vt 0.554688 0.894531
vt 0.484375 0.894531
vt 0.484375 0.941406
f 56/166/56 4/11/4 57/171/57
vt 0.554688 0.894531
vt 0.484375 0.941406
vt 0.554688 0.941406
f 56/166/56 57/170/57 58/174/58
vt 0.554688 0.941406
vt 0.484375 0.941406
vt 0.484375 0.992188
f 58/172/58 57/170/57 59/177/59
vt 0.554688 0.941406
vt 0.484375 0.992188
vt 0.554688 0.992188
f 58/172/58 59/176/59 60/180/60
vt 0.484375 0.894531
vt 0.410156 0.894531
vt 0.410156 0.941406
f 4/10/4 6/17/6 61/183/61
vt 0.484375 0.894531
vt 0.410156 0.941406
vt 0.484375 0.941406
f 4/10/4 61/182/61 57/171/57
vt 0.484375 0.941406
vt 0.410156 0.941406
vt 0.410156 0.992188
f 57/169/57 61/182/61 62/186/62
vt 0.484375 0.941406
vt 0.410156 0.992188
vt 0.484375 0.992188
f 57/169/57 62/185/62 59/177/59
vt 0.410156 0.894531
vt 0.335938 0.878906
vt 0.343750 0.941406
f 6/16/6 8/23/8 25/75/25
vt 0.410156 0.894531
vt 0.343750 0.941406
vt 0.410156 0.941406
f 6/16/6 25/74/25 61/183/61
vt 0.343750 0.992188
vt 0.410156 0.992188
vt 0.410156 0.941406
f 24/70/24 62/185/62 61/183/61
vt 0.343750 0.992188
vt 0.410156 0.941406
vt 0.343750 0.941406
f 24/70/24 61/182/61 25/75/25
vt 0.987435 0.082279
vt 0.987466 0.079219
vt 0.988129 0.079089
f 17/49/17 16/47/16 53/159/53
vt 0.987435 0.082279
vt 0.988129 0.079089
vt 0.988226 0.080439
f 17/49/17 53/158/53 41/123/41
vt 0.987466 0.079219
vt 0.987485 0.076126
vt 0.988002 0.078054
f 16/46/16 15/44/15 50/150/50
vt 0.987466 0.079219
vt 0.988002 0.078054
vt 0.988129 0.079089
f 16/46/16 50/149/50 53/159/53
vt 0.335938 0.878906
vt 0.320313 0.863281
vt 0.308594 0.871094
f 8/22/8 7/20/7 48/144/48
vt 0.335938 0.878906
vt 0.308594 0.871094
vt 0.308594 0.878906
f 8/22/8 48/143/48 15/45/15
vt 0.484375 0.875000
vt 0.484375 0.894531
vt 0.554688 0.894531
f 3/7/3 4/11/4 56/168/56
vt 0.484375 0.875000
vt 0.554688 0.894531
vt 0.554688 0.878906
f 3/7/3 56/167/56 1/3/1
vt 0.429688 0.863281
vt 0.394531 0.859375
vt 0.343750 0.859375
f 55/163/55 18/53/18 28/84/28
vt 0.429688 0.863281
vt 0.343750 0.859375
vt 0.410156 0.875000
f 55/163/55 28/83/28 5/15/5
vt 0.343750 0.859375
vt 0.394531 0.859375
vt 0.378906 0.855469
f 28/82/28 18/53/18 21/63/21
vt 0.554688 0.878906
vt 0.484375 0.875000
vt 0.554688 0.859375
f 63/187/63 64/191/64 65/195/65
vt 0.410156 0.875000
vt 0.484375 0.875000
vt 0.484375 0.894531
f 66/196/66 64/191/64 67/201/67
vt 0.410156 0.875000
vt 0.484375 0.894531
vt 0.410156 0.894531
f 66/196/66 67/200/67 68/204/68
vt 0.320313 0.863281
vt 0.410156 0.875000
vt 0.410156 0.894531
f 69/205/69 66/197/66 68/204/68
vt 0.320313 0.863281
vt 0.410156 0.894531
vt 0.335938 0.878906
f 69/205/69 68/203/68 70/210/70
vt 0.984857 0.076132
vt 0.984857 0.079494
vt 0.983544 0.079434
f 9/25/9 12/35/12 71/213/71
vt 0.984857 0.076132
vt 0.983544 0.079434
vt 0.983538 0.076074
f 9/25/9 71/212/71 72/216/72
vt 0.984857 0.079494
vt 0.984857 0.082812
vt 0.983541 0.082756
f 12/34/12 14/41/14 73/219/73
vt 0.984857 0.079494
vt 0.983541 0.082756
vt 0.983544 0.079434
f 12/34/12 73/218/73 71/213/71
vt 0.983538 0.076074
vt 0.983544 0.079434
vt 0.982247 0.079219
f 72/214/72 71/212/71 74/222/74
vt 0.983538 0.076074
vt 0.982247 0.079219
vt 0.982229 0.076126
f 72/214/72 74/221/74 75/225/75
vt 0.983544 0.079434
vt 0.983541 0.082756
vt 0.982278 0.082279
f 71/211/71 73/218/73 76/228/76
vt 0.983544 0.079434
vt 0.982278 0.082279
vt 0.982247 0.079219
f 71/211/71 76/227/76 74/222/74
vt 0.730469 0.078125
vt 0.734375 0.078125
vt 0.734375 0.082031
f 77/229/77 78/233/78 79/237/79
vt 0.730469 0.078125
vt 0.734375 0.082031
vt 0.730469 0.082031
f 77/229/77 79/236/79 80/240/80
vt 0.734375 0.078125
vt 0.730469 0.078125
vt 0.730469 0.070313
f 78/232/78 77/230/77 81/243/81
vt 0.734375 0.078125
vt 0.730469 0.070313
vt 0.734375 0.070313
f 78/232/78 81/242/81 82/246/82
vt 0.343750 0.992188
vt 0.308594 0.992188
vt 0.308594 0.941406
f 24/70/24 9/26/9 72/216/72
vt 0.343750 0.992188
vt 0.308594 0.941406
vt 0.343750 0.941406
f 24/70/24 72/215/72 83/249/83
vt 0.343750 0.941406
vt 0.308594 0.941406
vt 0.308594 0.878906
f 83/247/83 72/215/72 75/225/75
vt 0.343750 0.941406
vt 0.308594 0.878906
vt 0.335938 0.878906
f 83/247/83 75/224/75 70/210/70
vt 0.308594 0.847656
vt 0.328125 0.843750
vt 0.378906 0.855469
f 84/250/84 85/254/85 80/240/80
vt 0.308594 0.847656
vt 0.378906 0.855469
vt 0.343750 0.859375
f 84/250/84 80/239/80 86/258/86
vt 0.343750 0.859375
vt 0.320313 0.863281
vt 0.285156 0.851563
f 86/256/86 69/206/69 87/261/87
vt 0.343750 0.859375
vt 0.285156 0.851563
vt 0.308594 0.847656
f 86/256/86 87/260/87 84/252/84
vt 0.328125 0.843750
vt 0.308594 0.847656
vt 0.273438 0.839844
f 85/253/85 84/251/84 88/264/88
vt 0.328125 0.843750
vt 0.273438 0.839844
vt 0.300781 0.835938
f 85/253/85 88/263/88 89/267/89
vt 0.308594 0.847656
vt 0.285156 0.851563
vt 0.257813 0.847656
f 84/250/84 87/260/87 90/270/90
vt 0.308594 0.847656
vt 0.257813 0.847656
vt 0.273438 0.839844
f 84/250/84 90/269/90 88/264/88
vt 0.300781 0.835938
vt 0.273438 0.839844
vt 0.234375 0.824219
f 89/265/89 88/263/88 91/273/91
vt 0.300781 0.835938
vt 0.234375 0.824219
vt 0.281250 0.824219
f 89/265/89 91/272/91 92/276/92
vt 0.273438 0.839844
vt 0.257813 0.847656
vt 0.214844 0.835938
f 88/262/88 90/269/90 93/279/93
vt 0.273438 0.839844
vt 0.214844 0.835938
vt 0.234375 0.824219
f 88/262/88 93/278/93 91/273/91
vt 0.281250 0.824219
vt 0.234375 0.824219
vt 0.230469 0.816406
f 92/274/92 91/272/91 94/282/94
vt 0.281250 0.824219
vt 0.230469 0.816406
vt 0.300781 0.804688
f 92/274/92 94/281/94 95/285/95
vt 0.234375 0.824219
vt 0.214844 0.835938
vt 0.175781 0.828125
f 91/271/91 93/278/93 96/288/96
vt 0.234375 0.824219
vt 0.175781 0.828125
vt 0.230469 0.816406
f 91/271/91 96/287/96 94/282/94
vt 0.160156 0.851563
vt 0.121094 0.855469
vt 0.121094 0.843750
f 97/289/97 98/293/98 99/297/99
vt 0.160156 0.851563
vt 0.121094 0.843750
vt 0.171875 0.843750
f 97/289/97 99/296/99 100/300/100
vt 0.121094 0.843750
vt 0.175781 0.828125
vt 0.171875 0.843750
f 99/295/99 96/287/96 100/300/100
vt 0.554688 0.859375
vt 0.542969 0.835938
vt 0.578125 0.816406
f 65/193/65 101/302/101 102/306/102
vt 0.554688 0.859375
vt 0.578125 0.816406
vt 0.597656 0.839844
f 65/193/65 102/305/102 103/309/103
vt 0.597656 0.839844
vt 0.578125 0.816406
vt 0.636719 0.796875
f 103/307/103 102/305/102 104/312/104
vt 0.597656 0.839844
vt 0.636719 0.796875
vt 0.664063 0.820313
f 103/307/103 104/311/104 105/315/105
vt 0.277344 0.859375
vt 0.308594 0.871094
vt 0.308594 0.878906
f 106/316/106 107/320/107 75/225/75
vt 0.277344 0.859375
vt 0.308594 0.878906
vt 0.238281 0.859375
f 106/316/106 75/224/75 108/324/108
vt 0.238281 0.859375
vt 0.242188 0.851563
vt 0.277344 0.859375
f 108/322/108 109/326/109 106/318/106
vt 0.210938 0.847656
vt 0.242188 0.851563
vt 0.238281 0.859375
f 110/328/110 109/326/109 108/324/108
vt 0.210938 0.847656
vt 0.238281 0.859375
vt 0.203125 0.855469
f 110/328/110 108/323/108 111/333/111
vt 0.203125 0.855469
vt 0.160156 0.851563
vt 0.171875 0.843750
f 111/331/111 97/290/97 100/300/100
vt 0.203125 0.855469
vt 0.171875 0.843750
vt 0.210938 0.847656
f 111/331/111 100/299/100 110/330/110
vt 0.285156 0.851563
vt 0.320313 0.863281
vt 0.308594 0.871094
f 87/259/87 69/206/69 107/321/107
vt 0.285156 0.851563
vt 0.308594 0.871094
vt 0.277344 0.859375
f 87/259/87 107/320/107 106/318/106
vt 0.257813 0.847656
vt 0.285156 0.851563
vt 0.277344 0.859375
f 90/268/90 87/260/87 106/318/106
vt 0.257813 0.847656
vt 0.277344 0.859375
vt 0.242188 0.851563
f 90/268/90 106/317/106 109/327/109
vt 0.214844 0.835938
vt 0.257813 0.847656
vt 0.242188 0.851563
f 93/277/93 90/269/90 109/327/109
vt 0.214844 0.835938
vt 0.242188 0.851563
vt 0.210938 0.847656
f 93/277/93 109/326/109 110/330/110
vt 0.175781 0.828125
vt 0.214844 0.835938
vt 0.210938 0.847656
f 96/286/96 93/278/93 110/330/110
vt 0.175781 0.828125
vt 0.210938 0.847656
vt 0.171875 0.843750
f 96/286/96 110/329/110 100/300/100
vt 0.542969 0.835938
vt 0.554688 0.859375
vt 0.484375 0.875000
f 101/301/101 65/194/65 64/192/64
vt 0.542969 0.835938
vt 0.484375 0.875000
vt 0.484375 0.859375
f 101/301/101 64/191/64 112/336/112
vt 0.484375 0.859375
vt 0.484375 0.875000
vt 0.410156 0.875000
f 112/334/112 64/191/64 66/198/66
vt 0.484375 0.859375
vt 0.410156 0.875000
vt 0.429688 0.863281
f 112/334/112 66/197/66 113/339/113
vt 0.410156 0.875000
vt 0.320313 0.863281
vt 0.343750 0.859375
f 66/196/66 69/206/69 86/258/86
vt 0.554688 0.894531
vt 0.554688 0.941406
vt 0.484375 0.941406
f 114/340/114 115/344/115 116/348/116
vt 0.554688 0.894531
vt 0.484375 0.941406
vt 0.484375 0.894531
f 114/340/114 116/347/116 67/201/67
vt 0.554688 0.941406
vt 0.554688 0.992188
vt 0.484375 0.992188
f 115/343/115 60/179/60 59/177/59
vt 0.554688 0.941406
vt 0.484375 0.992188
vt 0.484375 0.941406
f 115/343/115 59/176/59 116/348/116
vt 0.484375 0.894531
vt 0.484375 0.941406
vt 0.410156 0.941406
f 67/199/67 116/347/116 117/351/117
vt 0.484375 0.894531
vt 0.410156 0.941406
vt 0.410156 0.894531
f 67/199/67 117/350/117 68/204/68
vt 0.484375 0.941406
vt 0.484375 0.992188
vt 0.410156 0.992188
f 116/346/116 59/176/59 62/186/62
vt 0.484375 0.941406
vt 0.410156 0.992188
vt 0.410156 0.941406
f 116/346/116 62/185/62 117/351/117
vt 0.343750 0.941406
vt 0.335938 0.878906
vt 0.410156 0.894531
f 83/247/83 70/209/70 68/204/68
vt 0.343750 0.941406
vt 0.410156 0.894531
vt 0.410156 0.941406
f 83/247/83 68/203/68 117/351/117
vt 0.343750 0.992188
vt 0.343750 0.941406
vt 0.410156 0.941406
f 24/70/24 83/248/83 117/351/117
vt 0.343750 0.992188
vt 0.410156 0.941406
vt 0.410156 0.992188
f 24/70/24 117/350/117 62/186/62
vt 0.981584 0.079089
vt 0.982247 0.079219
vt 0.982278 0.082279
f 111/331/111 74/221/74 76/228/76
vt 0.981584 0.079089
vt 0.982278 0.082279
vt 0.981488 0.080439
f 111/331/111 76/227/76 97/291/97
vt 0.981712 0.078054
vt 0.982229 0.076126
vt 0.982247 0.079219
f 108/322/108 75/224/75 74/222/74
vt 0.981712 0.078054
vt 0.982247 0.079219
vt 0.981584 0.079089
f 108/322/108 74/221/74 111/333/111
vt 0.335938 0.878906
vt 0.308594 0.871094
vt 0.320313 0.863281
f 70/208/70 107/320/107 69/207/69
vt 0.335938 0.878906
vt 0.308594 0.878906
vt 0.308594 0.871094
f 70/208/70 75/224/75 107/321/107
vt 0.484375 0.875000
vt 0.554688 0.878906
vt 0.554688 0.894531
f 64/190/64 63/188/63 114/342/114
vt 0.484375 0.875000
vt 0.554688 0.894531
vt 0.484375 0.894531
f 64/190/64 114/341/114 67/201/67
vt 0.429688 0.863281
vt 0.410156 0.875000
vt 0.343750 0.859375
f 113/337/113 66/197/66 86/258/86
vt 0.429688 0.863281
vt 0.343750 0.859375
vt 0.394531 0.859375
f 113/337/113 86/257/86 79/237/79
vt 0.343750 0.859375
vt 0.378906 0.855469
vt 0.394531 0.859375
f 86/256/86 80/239/80 79/237/79
vt -0.075156 0.723563
vt -0.175193 0.735588
vt -0.184291 0.336725
f 4/10/4 3/8/3 5/15/5
vt -0.075156 0.723563
vt -0.184291 0.336725
vt -0.081671 0.347917
f 4/10/4 5/14/5 6/18/6
vt -0.081671 0.347917
vt -0.184291 0.336725
vt -0.199984 -0.090369
f 6/16/6 5/14/5 7/21/7
vt -0.081671 0.347917
vt -0.199984 -0.090369
vt -0.098355 -0.049136
f 6/16/6 7/20/7 8/24/8
vt -0.085107 1.087480
vt -0.075156 0.723563
vt 0.208050 0.724168
f 56/166/56 4/11/4 57/171/57
vt -0.085107 1.087480
vt 0.208050 0.724168
vt 0.207045 1.090369
f 56/166/56 57/170/57 58/174/58
vt 0.207045 1.090369
vt 0.208050 0.724168
vt 0.500000 0.724381
f 58/172/58 57/170/57 59/177/59
vt 0.207045 1.090369
vt 0.500000 0.724381
vt 0.500000 1.086483
f 58/172/58 59/176/59 60/180/60
vt -0.075156 0.723563
vt -0.081671 0.347917
vt 0.206020 0.354312
f 4/10/4 6/17/6 61/183/61
vt -0.075156 0.723563
vt 0.206020 0.354312
vt 0.208050 0.724168
f 4/10/4 61/182/61 57/171/57
vt 0.208050 0.724168
vt 0.206020 0.354312
vt 0.500000 0.351344
f 57/169/57 61/182/61 62/186/62
vt 0.208050 0.724168
vt 0.500000 0.351344
vt 0.500000 0.724381
f 57/169/57 62/185/62 59/177/59
vt -0.081671 0.347917
vt -0.098355 -0.049136
vt 0.200458 -0.047159
f 6/16/6 8/23/8 25/75/25
vt -0.081671 0.347917
vt 0.200458 -0.047159
vt 0.206020 0.354312
f 6/16/6 25/74/25 61/183/61
vt 0.500000 -0.045258
vt 0.500000 0.351344
vt 0.206020 0.354312
f 24/70/24 62/185/62 61/183/61
vt 0.500000 -0.045258
vt 0.206020 0.354312
vt 0.200458 -0.047159
f 24/70/24 61/182/61 25/75/25
vt -0.175193 0.735588
vt -0.075156 0.723563
vt -0.085107 1.087480
f 3/7/3 4/11/4 56/168/56
vt -0.175193 0.735588
vt -0.085107 1.087480
vt -0.160077 1.090318
f 3/7/3 56/167/56 1/3/1
vt 1.184291 0.336725
vt 1.175193 0.735588
vt 1.075156 0.723563
f 66/196/66 64/191/64 67/201/67
vt 1.184291 0.336725
vt 1.075156 0.723563
vt 1.081671 0.347917
f 66/196/66 67/200/67 68/204/68
vt 1.199984 -0.090369
vt 1.184291 0.336725
vt 1.081671 0.347917
f 69/205/69 66/197/66 68/204/68
vt 1.199984 -0.090369
vt 1.081671 0.347917
vt 1.098355 -0.049136
f 69/205/69 68/203/68 70/210/70
vt 1.085107 1.087480
vt 0.792955 1.090369
vt 0.791950 0.724167
f 114/340/114 115/344/115 116/348/116
vt 1.085107 1.087480
vt 0.791950 0.724167
vt 1.075156 0.723563
f 114/340/114 116/347/116 67/201/67
vt 0.792955 1.090369
vt 0.500000 1.086483
vt 0.500000 0.724381
f 115/343/115 60/179/60 59/177/59
vt 0.792955 1.090369
vt 0.500000 0.724381
vt 0.791950 0.724167
f 115/343/115 59/176/59 116/348/116
vt 1.075156 0.723563
vt 0.791950 0.724167
vt 0.793980 0.354311
f 67/199/67 116/347/116 117/351/117
vt 1.075156 0.723563
vt 0.793980 0.354311
vt 1.081671 0.347917
f 67/199/67 117/350/117 68/204/68
vt 0.791950 0.724167
vt 0.500000 0.724381
vt 0.500000 0.351344
f 116/346/116 59/176/59 62/186/62
vt 0.791950 0.724167
vt 0.500000 0.351344
vt 0.793980 0.354311
f 116/346/116 62/185/62 117/351/117
vt 0.799542 -0.047159
vt 1.098355 -0.049136
vt 1.081671 0.347917
f 83/247/83 70/209/70 68/204/68
vt 0.799542 -0.047159
vt 1.081671 0.347917
vt 0.793980 0.354311
f 83/247/83 68/203/68 117/351/117
vt 0.500000 -0.045258
vt 0.799542 -0.047159
vt 0.793980 0.354311
f 24/70/24 83/248/83 117/351/117
vt 0.500000 -0.045258
vt 0.793980 0.354311
vt 0.500000 0.351344
f 24/70/24 117/350/117 62/186/62
vt 1.175193 0.735588
vt 1.160077 1.090318
vt 1.085107 1.087480
f 64/190/64 63/188/63 114/342/114
vt 1.175193 0.735588
vt 1.085107 1.087480
vt 1.075156 0.723563
f 64/190/64 114/341/114 67/201/67
vt 0.373830 0.373462
vt 0.367788 0.361973
vt 0.445828 0.370739
f 1/1/1 2/5/2 3/9/3
vt 0.629499 0.438169
vt 0.631431 0.492383
vt 0.604315 0.492383
f 10/28/10 9/26/9 24/72/24
vt 0.629499 0.438169
vt 0.604315 0.492383
vt 0.604701 0.438417
f 10/28/10 24/71/24 25/75/25
vt 0.604701 0.438417
vt 0.605102 0.384582
vt 0.631245 0.384314
f 25/73/25 8/23/8 15/45/15
vt 0.604701 0.438417
vt 0.631245 0.384314
vt 0.629499 0.438169
f 25/73/25 15/44/15 10/30/10
vt 0.557214 0.351208
vt 0.597579 0.346929
vt 0.623147 0.351774
f 21/61/21 26/77/26 27/81/27
vt 0.557214 0.351208
vt 0.623147 0.351774
vt 0.586625 0.360002
f 21/61/21 27/80/27 28/84/28
vt 0.586625 0.360002
vt 0.623147 0.351774
vt 0.648366 0.358293
f 28/82/28 27/80/27 29/87/29
vt 0.586625 0.360002
vt 0.648366 0.358293
vt 0.613471 0.366273
f 28/82/28 29/86/29 7/21/7
vt 0.597579 0.346929
vt 0.629460 0.341971
vt 0.657136 0.345212
f 26/76/26 30/89/30 31/93/31
vt 0.597579 0.346929
vt 0.657136 0.345212
vt 0.623147 0.351774
f 26/76/26 31/92/31 27/81/27
vt 0.623147 0.351774
vt 0.657136 0.345212
vt 0.678574 0.351495
f 27/79/27 31/92/31 32/96/32
vt 0.623147 0.351774
vt 0.678574 0.351495
vt 0.648366 0.358293
f 27/79/27 32/95/32 29/87/29
vt 0.629460 0.341971
vt 0.643013 0.329562
vt 0.677958 0.332731
f 30/88/30 33/98/33 34/102/34
vt 0.629460 0.341971
vt 0.677958 0.332731
vt 0.657136 0.345212
f 30/88/30 34/101/34 31/93/31
vt 0.657136 0.345212
vt 0.677958 0.332731
vt 0.712116 0.341812
f 31/91/31 34/101/34 35/105/35
vt 0.657136 0.345212
vt 0.712116 0.341812
vt 0.678574 0.351495
f 31/91/31 35/104/35 32/96/32
vt 0.643013 0.329562
vt 0.616391 0.320027
vt 0.684395 0.322602
f 33/97/33 36/107/36 37/111/37
vt 0.643013 0.329562
vt 0.684395 0.322602
vt 0.677958 0.332731
f 33/97/33 37/110/37 34/102/34
vt 0.677958 0.332731
vt 0.684395 0.322602
vt 0.752649 0.331859
f 34/100/34 37/110/37 38/114/38
vt 0.677958 0.332731
vt 0.752649 0.331859
vt 0.712116 0.341812
f 34/100/34 38/113/38 35/105/35
vt 0.809022 0.347591
vt 0.802529 0.352640
vt 0.768803 0.359122
f 39/115/39 40/119/40 41/123/41
vt 0.809022 0.347591
vt 0.768803 0.359122
vt 0.753333 0.347777
f 39/115/39 41/122/41 42/126/42
vt 0.809022 0.347591
vt 0.753333 0.347777
vt 0.752649 0.331859
f 39/115/39 42/125/42 38/114/38
vt 0.314210 0.328009
vt 0.379449 0.347337
vt 0.367788 0.361973
f 43/127/43 44/131/44 2/6/2
vt 0.314210 0.328009
vt 0.367788 0.361973
vt 0.295807 0.339909
f 43/127/43 2/5/2 45/135/45
vt 0.251472 0.308353
vt 0.314210 0.328009
vt 0.295807 0.339909
f 46/136/46 43/128/43 45/135/45
vt 0.251472 0.308353
vt 0.295807 0.339909
vt 0.221721 0.322022
f 46/136/46 45/134/45 47/141/47
vt 0.631245 0.384314
vt 0.623390 0.374351
vt 0.655109 0.363787
f 15/43/15 48/143/48 49/147/49
vt 0.631245 0.384314
vt 0.655109 0.363787
vt 0.695961 0.363053
f 15/43/15 49/146/49 50/150/50
vt 0.695961 0.363053
vt 0.655109 0.363787
vt 0.690164 0.357518
f 50/148/50 49/146/49 51/153/51
vt 0.695961 0.363053
vt 0.690164 0.357518
vt 0.717975 0.352198
f 50/148/50 51/152/51 52/156/52
vt 0.695961 0.363053
vt 0.717975 0.352198
vt 0.723489 0.357809
f 50/148/50 52/155/52 53/159/53
vt 0.753333 0.347777
vt 0.768803 0.359122
vt 0.723489 0.357809
f 42/124/42 41/122/41 53/159/53
vt 0.753333 0.347777
vt 0.723489 0.357809
vt 0.717975 0.352198
f 42/124/42 53/158/53 52/156/52
vt 0.623390 0.374351
vt 0.613471 0.366273
vt 0.648366 0.358293
f 48/142/48 7/20/7 29/87/29
vt 0.623390 0.374351
vt 0.648366 0.358293
vt 0.655109 0.363787
f 48/142/48 29/86/29 49/147/49
vt 0.655109 0.363787
vt 0.648366 0.358293
vt 0.678574 0.351495
f 49/145/49 29/86/29 32/96/32
vt 0.655109 0.363787
vt 0.678574 0.351495
vt 0.690164 0.357518
f 49/145/49 32/95/32 51/153/51
vt 0.690164 0.357518
vt 0.678574 0.351495
vt 0.712116 0.341812
f 51/151/51 32/95/32 35/105/35
vt 0.690164 0.357518
vt 0.712116 0.341812
vt 0.717975 0.352198
f 51/151/51 35/104/35 52/156/52
vt 0.717975 0.352198
vt 0.712116 0.341812
vt 0.752649 0.331859
f 52/154/52 35/104/35 38/114/38
vt 0.717975 0.352198
vt 0.752649 0.331859
vt 0.753333 0.347777
f 52/154/52 38/113/38 42/126/42
vt 0.445828 0.370739
vt 0.367788 0.361973
vt 0.379449 0.347337
f 3/7/3 2/5/2 44/132/44
vt 0.445828 0.370739
vt 0.379449 0.347337
vt 0.439213 0.357188
f 3/7/3 44/131/44 54/162/54
vt 0.526785 0.369100
vt 0.445828 0.370739
vt 0.439213 0.357188
f 5/13/5 3/8/3 54/162/54
vt 0.526785 0.369100
vt 0.439213 0.357188
vt 0.490060 0.356151
f 5/13/5 54/161/54 55/165/55
vt 0.526785 0.369100
vt 0.586625 0.360002
vt 0.613471 0.366273
f 5/13/5 28/83/28 7/21/7
vt 0.605102 0.384582
vt 0.613471 0.366273
vt 0.623390 0.374351
f 8/22/8 7/20/7 48/144/48
vt 0.605102 0.384582
vt 0.623390 0.374351
vt 0.631245 0.384314
f 8/22/8 48/143/48 15/45/15
vt 0.490060 0.356151
vt 0.545628 0.352105
vt 0.586625 0.360002
f 55/163/55 18/53/18 28/84/28
vt 0.490060 0.356151
vt 0.586625 0.360002
vt 0.526785 0.369100
f 55/163/55 28/83/28 5/15/5
vt 0.586625 0.360002
vt 0.545628 0.352105
vt 0.557214 0.351208
f 28/82/28 18/53/18 21/63/21
vt 0.373830 0.611303
vt 0.445828 0.614027
vt 0.367788 0.622793
f 63/187/63 64/191/64 65/195/65
vt 0.604315 0.492383
vt 0.631431 0.492383
vt 0.629499 0.546597
f 24/70/24 9/26/9 72/216/72
vt 0.604315 0.492383
vt 0.629499 0.546597
vt 0.604701 0.546349
f 24/70/24 72/215/72 83/249/83
vt 0.604701 0.546349
vt 0.629499 0.546597
vt 0.631245 0.600452
f 83/247/83 72/215/72 75/225/75
vt 0.604701 0.546349
vt 0.631245 0.600452
vt 0.605102 0.600183
f 83/247/83 75/224/75 70/210/70
vt 0.623147 0.632991
vt 0.597579 0.637837
vt 0.557214 0.633557
f 84/250/84 85/254/85 80/240/80
vt 0.623147 0.632991
vt 0.557214 0.633557
vt 0.586625 0.624764
f 84/250/84 80/239/80 86/258/86
vt 0.586625 0.624764
vt 0.613471 0.618493
vt 0.648366 0.626472
f 86/256/86 69/206/69 87/261/87
vt 0.586625 0.624764
vt 0.648366 0.626472
vt 0.623147 0.632991
f 86/256/86 87/260/87 84/252/84
vt 0.597579 0.637837
vt 0.623147 0.632991
vt 0.657136 0.639554
f 85/253/85 84/251/84 88/264/88
vt 0.597579 0.637837
vt 0.657136 0.639554
vt 0.629460 0.642795
f 85/253/85 88/263/88 89/267/89
vt 0.623147 0.632991
vt 0.648366 0.626472
vt 0.678574 0.633270
f 84/250/84 87/260/87 90/270/90
vt 0.623147 0.632991
vt 0.678574 0.633270
vt 0.657136 0.639554
f 84/250/84 90/269/90 88/264/88
vt 0.629460 0.642795
vt 0.657136 0.639554
vt 0.677958 0.652034
f 89/265/89 88/263/88 91/273/91
vt 0.629460 0.642795
vt 0.677958 0.652034
vt 0.643013 0.655203
f 89/265/89 91/272/91 92/276/92
vt 0.657136 0.639554
vt 0.678574 0.633270
vt 0.712116 0.642954
f 88/262/88 90/269/90 93/279/93
vt 0.657136 0.639554
vt 0.712116 0.642954
vt 0.677958 0.652034
f 88/262/88 93/278/93 91/273/91
vt 0.643013 0.655203
vt 0.677958 0.652034
vt 0.684395 0.662163
f 92/274/92 91/272/91 94/282/94
vt 0.643013 0.655203
vt 0.684395 0.662163
vt 0.616391 0.664739
f 92/274/92 94/281/94 95/285/95
vt 0.677958 0.652034
vt 0.712116 0.642954
vt 0.752649 0.652906
f 91/271/91 93/278/93 96/288/96
vt 0.677958 0.652034
vt 0.752649 0.652906
vt 0.684395 0.662163
f 91/271/91 96/287/96 94/282/94
vt 0.768803 0.625644
vt 0.809022 0.637175
vt 0.753333 0.636989
f 97/289/97 99/296/99 100/300/100
vt 0.809022 0.637175
vt 0.752649 0.652906
vt 0.753333 0.636989
f 99/295/99 96/287/96 100/300/100
vt 0.367788 0.622793
vt 0.379449 0.637429
vt 0.314210 0.656757
f 65/193/65 101/302/101 102/306/102
vt 0.367788 0.622793
vt 0.314210 0.656757
vt 0.295807 0.644856
f 65/193/65 102/305/102 103/309/103
vt 0.295807 0.644856
vt 0.314210 0.656757
vt 0.251472 0.676413
f 103/307/103 102/305/102 104/312/104
vt 0.295807 0.644856
vt 0.251472 0.676413
vt 0.221721 0.662744
f 103/307/103 104/311/104 105/315/105
vt 0.655109 0.620979
vt 0.623390 0.610415
vt 0.631245 0.600452
f 106/316/106 107/320/107 75/225/75
vt 0.655109 0.620979
vt 0.631245 0.600452
vt 0.695961 0.621712
f 106/316/106 75/224/75 108/324/108
vt 0.695961 0.621712
vt 0.690164 0.627248
vt 0.655109 0.620979
f 108/322/108 109/326/109 106/318/106
vt 0.717975 0.632567
vt 0.690164 0.627248
vt 0.695961 0.621712
f 110/328/110 109/326/109 108/324/108
vt 0.717975 0.632567
vt 0.695961 0.621712
vt 0.723489 0.626957
f 110/328/110 108/323/108 111/333/111
vt 0.723489 0.626957
vt 0.768803 0.625644
vt 0.753333 0.636989
f 111/331/111 97/290/97 100/300/100
vt 0.723489 0.626957
vt 0.753333 0.636989
vt 0.717975 0.632567
f 111/331/111 100/299/100 110/330/110
vt 0.648366 0.626472
vt 0.613471 0.618493
vt 0.623390 0.610415
f 87/259/87 69/206/69 107/321/107
vt 0.648366 0.626472
vt 0.623390 0.610415
vt 0.655109 0.620979
f 87/259/87 107/320/107 106/318/106
vt 0.678574 0.633270
vt 0.648366 0.626472
vt 0.655109 0.620979
f 90/268/90 87/260/87 106/318/106
vt 0.678574 0.633270
vt 0.655109 0.620979
vt 0.690164 0.627248
f 90/268/90 106/317/106 109/327/109
vt 0.712116 0.642954
vt 0.678574 0.633270
vt 0.690164 0.627248
f 93/277/93 90/269/90 109/327/109
vt 0.712116 0.642954
vt 0.690164 0.627248
vt 0.717975 0.632567
f 93/277/93 109/326/109 110/330/110
vt 0.752649 0.652906
vt 0.712116 0.642954
vt 0.717975 0.632567
f 96/286/96 93/278/93 110/330/110
vt 0.752649 0.652906
vt 0.717975 0.632567
vt 0.753333 0.636989
f 96/286/96 110/329/110 100/300/100
vt 0.379449 0.637429
vt 0.367788 0.622793
vt 0.445828 0.614027
f 101/301/101 65/194/65 64/192/64
vt 0.379449 0.637429
vt 0.445828 0.614027
vt 0.439213 0.627577
f 101/301/101 64/191/64 112/336/112
vt 0.439213 0.627577
vt 0.445828 0.614027
vt 0.526785 0.615666
f 112/334/112 64/191/64 66/198/66
vt 0.439213 0.627577
vt 0.526785 0.615666
vt 0.490060 0.628615
f 112/334/112 66/197/66 113/339/113
vt 0.526785 0.615666
vt 0.613471 0.618493
vt 0.586625 0.624764
f 66/196/66 69/206/69 86/258/86
vt 0.605102 0.600183
vt 0.623390 0.610415
vt 0.613471 0.618493
f 70/208/70 107/320/107 69/207/69
vt 0.605102 0.600183
vt 0.631245 0.600452
vt 0.623390 0.610415
f 70/208/70 75/224/75 107/321/107
vt 0.490060 0.628615
vt 0.526785 0.615666
vt 0.586625 0.624764
f 113/337/113 66/197/66 86/258/86
vt 0.490060 0.628615
vt 0.586625 0.624764
vt 0.545628 0.632660
f 113/337/113 86/257/86 79/237/79
vt 0.586625 0.624764
vt 0.557214 0.633557
vt 0.545628 0.632660
f 86/256/86 80/239/80 79/237/79
vt 0.448269 0.388762
vt 0.445828 0.370739
vt 0.526785 0.369100
f 4/10/4 3/8/3 5/15/5
vt 0.448269 0.388762
vt 0.526785 0.369100
vt 0.524513 0.387588
f 4/10/4 5/14/5 6/18/6
vt 0.524513 0.387588
vt 0.526785 0.369100
vt 0.613471 0.366273
f 6/16/6 5/14/5 7/21/7
vt 0.524513 0.387588
vt 0.613471 0.366273
vt 0.605102 0.384582
f 6/16/6 7/20/7 8/24/8
vt 0.374406 0.386969
vt 0.448269 0.388762
vt 0.448147 0.439785
f 56/166/56 4/11/4 57/171/57
vt 0.374406 0.386969
vt 0.448147 0.439785
vt 0.373819 0.439604
f 56/166/56 57/170/57 58/174/58
vt 0.373819 0.439604
vt 0.448147 0.439785
vt 0.448103 0.492383
f 58/172/58 57/170/57 59/177/59
vt 0.373819 0.439604
vt 0.448103 0.492383
vt 0.374608 0.492383
f 58/172/58 59/176/59 60/180/60
vt 0.448269 0.388762
vt 0.524513 0.387588
vt 0.523215 0.439419
f 4/10/4 6/17/6 61/183/61
vt 0.448269 0.388762
vt 0.523215 0.439419
vt 0.448147 0.439785
f 4/10/4 61/182/61 57/171/57
vt 0.448147 0.439785
vt 0.523215 0.439419
vt 0.523818 0.492383
f 57/169/57 61/182/61 62/186/62
vt 0.448147 0.439785
vt 0.523818 0.492383
vt 0.448103 0.492383
f 57/169/57 62/185/62 59/177/59
vt 0.524513 0.387588
vt 0.605102 0.384582
vt 0.604701 0.438417
f 6/16/6 8/23/8 25/75/25
vt 0.524513 0.387588
vt 0.604701 0.438417
vt 0.523215 0.439419
f 6/16/6 25/74/25 61/183/61
vt 0.604315 0.492383
vt 0.523818 0.492383
vt 0.523215 0.439419
f 24/70/24 62/185/62 61/183/61
vt 0.604315 0.492383
vt 0.523215 0.439419
vt 0.604701 0.438417
f 24/70/24 61/182/61 25/75/25
vt 0.445828 0.370739
vt 0.448269 0.388762
vt 0.374406 0.386969
f 3/7/3 4/11/4 56/168/56
vt 0.445828 0.370739
vt 0.374406 0.386969
vt 0.373830 0.373462
f 3/7/3 56/167/56 1/3/1
vt 0.526785 0.615666
vt 0.445828 0.614027
vt 0.448269 0.596004
f 66/196/66 64/191/64 67/201/67
vt 0.526785 0.615666
vt 0.448269 0.596004
vt 0.524513 0.597178
f 66/196/66 67/200/67 68/204/68
vt 0.613471 0.618493
vt 0.526785 0.615666
vt 0.524513 0.597178
f 69/205/69 66/197/66 68/204/68
vt 0.613471 0.618493
vt 0.524513 0.597178
vt 0.605102 0.600183
f 69/205/69 68/203/68 70/210/70
vt 0.374406 0.597797
vt 0.373819 0.545162
vt 0.448147 0.544981
f 114/340/114 115/344/115 116/348/116
vt 0.374406 0.597797
vt 0.448147 0.544981
vt 0.448269 0.596004
f 114/340/114 116/347/116 67/201/67
vt 0.373819 0.545162
vt 0.374608 0.492383
vt 0.448103 0.492383
f 115/343/115 60/179/60 59/177/59
vt 0.373819 0.545162
vt 0.448103 0.492383
vt 0.448147 0.544981
f 115/343/115 59/176/59 116/348/116
vt 0.448269 0.596004
vt 0.448147 0.544981
vt 0.523215 0.545347
f 67/199/67 116/347/116 117/351/117
vt 0.448269 0.596004
vt 0.523215 0.545347
vt 0.524513 0.597178
f 67/199/67 117/350/117 68/204/68
vt 0.448147 0.544981
vt 0.448103 0.492383
vt 0.523818 0.492383
f 116/346/116 59/176/59 62/186/62
vt 0.448147 0.544981
vt 0.523818 0.492383
vt 0.523215 0.545347
f 116/346/116 62/185/62 117/351/117
vt 0.604701 0.546349
vt 0.605102 0.600183
vt 0.524513 0.597178
f 83/247/83 70/209/70 68/204/68
vt 0.604701 0.546349
vt 0.524513 0.597178
vt 0.523215 0.545347
f 83/247/83 68/203/68 117/351/117
vt 0.604315 0.492383
vt 0.604701 0.546349
vt 0.523215 0.545347
f 24/70/24 83/248/83 117/351/117
vt 0.604315 0.492383
vt 0.523215 0.545347
vt 0.523818 0.492383
f 24/70/24 117/350/117 62/186/62
vt 0.445828 0.614027
vt 0.373830 0.611303
vt 0.374406 0.597797
f 64/190/64 63/188/63 114/342/114
vt 0.445828 0.614027
vt 0.374406 0.597797
vt 0.448269 0.596004
f 64/190/64 114/341/114 67/201/67
vt 0.980469 0.085938
vt 0.984375 0.085938
vt 0.984375 0.078125
f 1/1/1 2/5/2 3/9/3
vt 0.980469 0.085938
vt 0.984375 0.078125
vt 0.980469 0.082031
f 1/1/1 3/8/3 4/12/4
vt 0.980469 0.082031
vt 0.984375 0.078125
vt 0.988281 0.074219
f 4/10/4 3/8/3 5/15/5
vt 0.980469 0.082031
vt 0.988281 0.074219
vt 0.980469 0.074219
f 4/10/4 5/14/5 6/18/6
vt 0.984375 0.085938
vt 0.984375 0.085938
vt 0.984375 0.078125
f 2/4/2 7/20/7 3/9/3
vt 0.984375 0.085938
vt 0.988281 0.085938
vt 0.988281 0.078125
f 7/19/7 8/23/8 9/27/9
vt 0.984375 0.085938
vt 0.988281 0.078125
vt 0.984375 0.078125
f 7/19/7 9/26/9 3/9/3
vt 0.984375 0.078125
vt 0.988281 0.078125
vt 0.992188 0.074219
f 3/7/3 9/26/9 10/30/10
vt 0.984375 0.078125
vt 0.992188 0.074219
vt 0.988281 0.074219
f 3/7/3 10/29/10 5/15/5
vt 0.976563 0.082031
vt 0.980469 0.085938
vt 0.980469 0.078125
f 11/31/11 12/35/12 13/39/13
vt 0.976563 0.082031
vt 0.980469 0.078125
vt 0.976563 0.078125
f 11/31/11 13/38/13 14/42/14
vt 0.976563 0.078125
vt 0.980469 0.078125
vt 0.980469 0.074219
f 14/40/14 13/38/13 15/45/15
vt 0.976563 0.078125
vt 0.980469 0.074219
vt 0.976563 0.074219
f 14/40/14 15/44/15 16/48/16
vt 0.980469 0.082031
vt 0.980469 0.078125
vt 0.980469 0.085938
f 17/49/17 13/38/13 12/36/12
vt 0.980469 0.082031
vt 0.980469 0.085938
vt 0.980469 0.085938
f 17/49/17 12/35/12 18/54/18
vt 0.980469 0.078125
vt 0.980469 0.082031
vt 0.980469 0.074219
f 13/37/13 17/50/17 19/57/19
vt 0.980469 0.078125
vt 0.980469 0.074219
vt 0.980469 0.074219
f 13/37/13 19/56/19 15/45/15
vt 0.984375 0.078125
vt 0.984375 0.085938
vt 0.980469 0.085938
f 20/58/20 21/62/21 22/66/22
vt 0.984375 0.078125
vt 0.980469 0.085938
vt 0.980469 0.082031
f 20/58/20 22/65/22 23/69/23
vt 0.988281 0.074219
vt 0.984375 0.078125
vt 0.980469 0.082031
f 24/70/24 20/59/20 23/69/23
vt 0.988281 0.074219
vt 0.980469 0.082031
vt 0.980469 0.074219
f 24/70/24 23/68/23 25/75/25
vt 0.984375 0.085938
vt 0.984375 0.078125
vt 0.984375 0.085938
f 21/61/21 20/59/20 26/78/26
vt 0.984375 0.085938
vt 0.984375 0.078125
vt 0.988281 0.078125
f 26/76/26 20/59/20 27/81/27
vt 0.984375 0.085938
vt 0.988281 0.078125
vt 0.988281 0.085938
f 26/76/26 27/80/27 28/84/28
vt 0.984375 0.078125
vt 0.988281 0.074219
vt 0.992188 0.074219
f 20/58/20 24/71/24 29/87/29
vt 0.984375 0.078125
vt 0.992188 0.074219
vt 0.988281 0.078125
f 20/58/20 29/86/29 27/81/27
vt 0.980469 0.078125
vt 0.980469 0.085938
vt 0.976563 0.082031
f 30/88/30 31/92/31 32/96/32
vt 0.980469 0.078125
vt 0.976563 0.082031
vt 0.976563 0.078125
f 30/88/30 32/95/32 33/99/33
vt 0.980469 0.074219
vt 0.980469 0.078125
vt 0.976563 0.078125
f 34/100/34 30/89/30 33/99/33
vt 0.980469 0.074219
vt 0.976563 0.078125
vt 0.976563 0.074219
f 34/100/34 33/98/33 35/105/35
vt 0.980469 0.082031
vt 0.980469 0.085938
vt 0.980469 0.085938
f 36/106/36 37/110/37 31/93/31
vt 0.980469 0.082031
vt 0.980469 0.085938
vt 0.980469 0.078125
f 36/106/36 31/92/31 30/90/30
vt 0.980469 0.074219
vt 0.980469 0.082031
vt 0.980469 0.078125
f 38/112/38 36/107/36 30/90/30
vt 0.980469 0.074219
vt 0.980469 0.078125
vt 0.980469 0.074219
f 38/112/38 30/89/30 34/102/34
vt 0.997948 0.087387
vt 0.997948 0.087387
vt 0.997948 0.087387
f 1/1/1 2/5/2 3/9/3
vt 0.997948 0.087387
vt 0.997948 0.087387
vt 0.997948 0.087387
f 1/1/1 3/8/3 4/12/4
vt 0.997948 0.087387
vt 0.997948 0.087387
vt 0.997948 0.087387
f 5/13/5 6/17/6 7/21/7
vt 0.997948 0.087387
vt 0.997948 0.087387
vt 0.997948 0.087387
f 5/13/5 7/20/7 8/24/8
vt 0.997948 0.087387
vt 0.997948 0.087387
vt 0.997948 0.087387
f 9/25/9 10/29/10 11/33/11
vt 0.997948 0.087387
vt 0.997948 0.087387
vt 0.997948 0.087387
f 9/25/9 11/32/11 12/36/12
vt 0.997948 0.087387
vt 0.997948 0.087387
vt 0.997948 0.087387
f 13/37/13 14/41/14 15/45/15
vt 0.997948 0.087387
vt 0.997948 0.087387
vt 0.997948 0.087387
f 13/37/13 15/44/15 16/48/16
vt 0.997948 0.087387
vt 0.997948 0.087387
vt 0.997948 0.087387
f 17/49/17 18/53/18 19/57/19
vt 0.997948 0.087387
vt 0.997948 0.087387
vt 0.997948 0.087387
f 17/49/17 19/56/19 20/60/20
vt 0.997948 0.087387
vt 0.997948 0.087387
vt 0.997948 0.087387
f 21/61/21 22/65/22 23/69/23
vt 0.997948 0.087387
vt 0.997948 0.087387
vt 0.997948 0.087387
f 21/61/21 23/68/23 24/72/24
vt 0.997948 0.087387
vt 0.997948 0.087387
vt 0.997948 0.087387
f 25/73/25 5/14/5 17/51/17
vt 0.997948 0.087387
vt 0.997948 0.087387
vt 0.997948 0.087387
f 25/73/25 17/50/17 26/78/26
vt 0.997948 0.087387
vt 0.997948 0.087387
vt 0.997948 0.087387
f 5/13/5 8/23/8 18/54/18
vt 0.997948 0.087387
vt 0.997948 0.087387
vt 0.997948 0.087387
f 5/13/5 18/53/18 17/51/17
vt 0.997948 0.087387
vt 0.997948 0.087387
vt 0.997948 0.087387
f 8/22/8 27/80/27 28/84/28
vt 0.997948 0.087387
vt 0.997948 0.087387
vt 0.997948 0.087387
f 8/22/8 28/83/28 18/54/18
vt 0.997948 0.087387
vt 0.997948 0.087387
vt 0.997948 0.087387
f 27/79/27 29/86/29 30/90/30
vt 0.997948 0.087387
vt 0.997948 0.087387
vt 0.997948 0.087387
f 27/79/27 30/89/30 28/84/28
vt 0.997948 0.087387
vt 0.997948 0.087387
vt 0.997948 0.087387
f 29/85/29 7/20/7 19/57/19
vt 0.997948 0.087387
vt 0.997948 0.087387
vt 0.997948 0.087387
f 29/85/29 19/56/19 30/90/30
vt 0.997948 0.087387
vt 0.997948 0.087387
vt 0.997948 0.087387
f 7/19/7 6/17/6 20/60/20
vt 0.997948 0.087387
vt 0.997948 0.087387
vt 0.997948 0.087387
f 7/19/7 20/59/20 19/57/19
vt 0.997948 0.087387
vt 0.997948 0.087387
vt 0.997948 0.087387
f 6/16/6 31/92/31 32/96/32
vt 0.997948 0.087387
vt 0.997948 0.087387
vt 0.997948 0.087387
f 6/16/6 32/95/32 20/60/20
vt 0.997948 0.087387
vt 0.997948 0.087387
vt 0.997948 0.087387
f 31/91/31 25/74/25 26/78/26
vt 0.997948 0.087387
vt 0.997948 0.087387
vt 0.997948 0.087387
f 31/91/31 26/77/26 32/96/32
vt 0.997948 0.087387
vt 0.997948 0.087387
vt 0.997948 0.087387
f 26/76/26 17/50/17 14/42/14
vt 0.997948 0.087387
vt 0.997948 0.087387
vt 0.997948 0.087387
f 26/76/26 14/41/14 13/39/13
vt 0.997948 0.087387
vt 0.997948 0.087387
vt 0.997948 0.087387
f 17/49/17 20/59/20 15/45/15
vt 0.997948 0.087387
vt 0.997948 0.087387
vt 0.997948 0.087387
f 17/49/17 15/44/15 14/42/14
vt 0.997948 0.087387
vt 0.997948 0.087387
vt 0.997948 0.087387
f 20/58/20 32/95/32 16/48/16
vt 0.997948 0.087387
vt 0.997948 0.087387
vt 0.997948 0.087387
f 20/58/20 16/47/16 15/45/15
vt 0.997948 0.087387
vt 0.997948 0.087387
vt 0.997948 0.087387
f 32/94/32 26/77/26 13/39/13
vt 0.997948 0.087387
vt 0.997948 0.087387
vt 0.997948 0.087387
f 32/94/32 13/38/13 16/48/16
vt 0.997948 0.087387
vt 0.997948 0.087387
vt 0.997948 0.087387
f 19/55/19 18/53/18 21/63/21
vt 0.997948 0.087387
vt 0.997948 0.087387
vt 0.997948 0.087387
f 19/55/19 21/62/21 24/72/24
vt 0.997948 0.087387
vt 0.997948 0.087387
vt 0.997948 0.087387
f 18/52/18 28/83/28 22/66/22
vt 0.997948 0.087387
vt 0.997948 0.087387
vt 0.997948 0.087387
f 18/52/18 22/65/22 21/63/21
vt 0.997948 0.087387
vt 0.997948 0.087387
vt 0.997948 0.087387
f 28/82/28 30/89/30 23/69/23
vt 0.997948 0.087387
vt 0.997948 0.087387
vt 0.997948 0.087387
f 28/82/28 23/68/23 22/66/22
vt 0.997948 0.087387
vt 0.997948 0.087387
vt 0.997948 0.087387
f 30/88/30 19/56/19 24/72/24
vt 0.997948 0.087387
vt 0.997948 0.087387
vt 0.997948 0.087387
f 30/88/30 24/71/24 23/69/23
vt 0.997948 0.087387
vt 0.997948 0.087387
vt 0.997948 0.087387
f 25/73/25 31/92/31 2/6/2
vt 0.997948 0.087387
vt 0.997948 0.087387
vt 0.997948 0.087387
f 25/73/25 2/5/2 1/3/1
vt 0.997948 0.087387
vt 0.997948 0.087387
vt 0.997948 0.087387
f 31/91/31 6/17/6 3/9/3
vt 0.997948 0.087387
vt 0.997948 0.087387
vt 0.997948 0.087387
f 31/91/31 3/8/3 2/6/2
vt 0.997948 0.087387
vt 0.997948 0.087387
vt 0.997948 0.087387
f 6/16/6 5/14/5 4/12/4
vt 0.997948 0.087387
vt 0.997948 0.087387
vt 0.997948 0.087387
f 6/16/6 4/11/4 3/9/3
vt 0.997948 0.087387
vt 0.997948 0.087387
vt 0.997948 0.087387
f 5/13/5 25/74/25 1/3/1
vt 0.997948 0.087387
vt 0.997948 0.087387
vt 0.997948 0.087387
f 5/13/5 1/2/1 4/12/4
vt 0.997948 0.087387
vt 0.997948 0.087387
vt 0.997948 0.087387
f 8/22/8 7/20/7 10/30/10
vt 0.997948 0.087387
vt 0.997948 0.087387
vt 0.997948 0.087387
f 8/22/8 10/29/10 9/27/9
vt 0.997948 0.087387
vt 0.997948 0.087387
vt 0.997948 0.087387
f 7/19/7 29/86/29 11/33/11
vt 0.997948 0.087387
vt 0.997948 0.087387
vt 0.997948 0.087387
f 7/19/7 11/32/11 10/30/10
vt 0.997948 0.087387
vt 0.997948 0.087387
vt 0.997948 0.087387
f 29/85/29 27/80/27 12/36/12
vt 0.997948 0.087387
vt 0.997948 0.087387
vt 0.997948 0.087387
f 29/85/29 12/35/12 11/33/11
vt 0.997948 0.087387
vt 0.997948 0.087387
vt 0.997948 0.087387
f 27/79/27 8/23/8 9/27/9
vt 0.997948 0.087387
vt 0.997948 0.087387
vt 0.997948 0.087387
f 27/79/27 9/26/9 12/36/12
