# MCO FRD road extraction

o road_strip
v -1690.624735 34.942459 512.077672
v -1672.858317 34.942459 498.708882
v -1687.210946 34.942596 509.504251
v -1667.396038 34.942596 494.594022
v -1682.430790 34.942719 505.902641
v -1664.664409 34.942719 492.533879
v -1680.450099 34.942856 504.407407
v -1657.831323 34.942856 487.387337
v -1677.719702 34.942993 502.348191
v -1653.051410 34.942993 483.785911
v -1672.256410 34.943115 498.232539
v -1649.637866 34.943115 481.212643
v -1668.159547 34.943253 495.145121
v -1648.277055 34.943253 480.184038
v -1664.062526 34.943390 492.057584
v -1644.180119 34.943390 477.096565
v -1659.965565 34.943527 488.970063
v -1640.083159 34.943527 474.009044
v -1653.752897 34.943649 484.290339
v -1632.525252 34.943649 468.317062
v -1651.705549 34.943787 482.745132
v -1628.428389 34.943787 465.229644
v -1647.687023 34.943817 479.552477
v -1624.217336 34.943817 462.295355
v -1641.497577 34.943710 474.980394
v -1620.094288 34.943710 459.242683
v -1639.396649 34.943604 473.418513
v -1614.591619 34.943604 455.179521
v -1636.694127 34.943497 471.414465
v -1611.844263 34.943497 453.142507
v -1633.946953 34.943375 469.377344
v -1607.719544 34.943375 450.092485
v -1629.822198 34.943268 466.327295
v -1603.594788 34.943268 447.042436
v -1624.319639 34.943146 462.264307
v -1599.469984 34.943146 443.992503
v -1618.814006 34.943039 458.111463
v -1598.783496 34.943039 443.579524
v -1612.637968 34.942917 453.610603
v -1594.640955 34.942917 440.553947
v -1608.552624 34.942810 450.505224
v -1589.714678 34.942810 437.154059
v -1606.310211 34.942688 449.139024
v -1585.684213 34.942688 433.972850
v -1602.054339 34.942581 446.070692
v -1582.186372 34.942581 431.317250
v -1600.192321 34.942459 444.003597
v -1577.828044 34.942459 428.735677
v -1595.753253 34.942352 441.418382
v -1570.366251 34.942352 423.000362
v -1589.606009 34.942230 436.786292
v -1564.714419 34.942230 419.144679
v -1585.298469 34.942123 433.952766
v -1562.096246 34.942123 416.892309
v -1581.204446 34.941940 430.860761
v -1528.200086 34.941940 392.406619
v -1577.004761 34.941467 427.800997
v -1524.051731 34.941467 389.384095
v -1573.581733 34.940796 425.238450
v -1544.392191 34.940796 404.267323
v -1568.638726 34.940109 421.750427
v -1541.691683 34.940109 402.200612
v -1564.378003 34.939438 418.925226
v -1512.065746 34.939438 379.691033
v -1560.982711 34.938766 416.205648
v -1507.410116 34.938766 377.339257
v -1555.544114 34.937805 412.254593
v -1535.906680 34.937805 398.007827
v -1550.789931 34.936157 408.793409
v -1530.787346 34.936157 394.281730
v -1549.272595 34.843679 402.858621
v -1521.956330 35.071314 394.891376
v -1546.079468 34.134812 399.613970
v -1520.780520 35.836649 398.293142
v -1540.500950 34.476628 399.213928
v -1512.153191 36.501468 399.213928
v -1536.049559 34.715347 399.309061
v -1510.378829 36.752707 399.105325
v -1530.072749 35.109948 399.156860
v -1505.302600 37.272421 399.156860
v -1524.965703 35.576524 399.131500
v -1500.194064 37.739128 399.131500
v -1519.877978 36.314143 399.111481
v -1495.063307 37.889677 399.111481
v -1512.153839 37.362411 399.109070
v -1486.686981 37.362411 399.109070
v -1507.878525 37.362411 399.119873
v -1481.556839 37.362411 399.119873
v -1501.893845 37.362411 399.130615
v -1476.426926 37.362411 399.130615
v -1499.148300 37.362411 399.141418
v -1468.732071 37.362411 399.141418
v -1495.728256 37.362411 399.152252
v -1463.602066 37.362411 399.152252
v -1488.888107 37.362411 399.163025
v -1461.036942 37.362411 399.163025
v -1483.758194 37.362411 399.173767
v -1455.906998 37.362411 399.173767
v -1476.243942 37.362411 399.184631
v -1450.777084 37.362411 399.184631
v -1476.243866 37.362411 399.195374
v -1448.879349 37.362411 399.195374
v -1471.113800 37.362411 399.206177
v -1442.894241 37.362411 399.206177
v -1465.983978 37.362411 399.216980
v -1437.764359 37.362411 399.216980
v -1455.724014 37.362411 399.227783
v -1433.489334 37.362411 399.227783
v -1452.980301 37.362411 399.238525
v -1425.098679 37.362411 399.238525
v -1447.850449 37.362411 399.249329
v -1419.968826 37.362411 399.249329
v -1442.720505 37.362411 399.260162
v -1414.838913 37.362411 399.260162
v -1435.204361 37.362411 399.270966
v -1409.709000 37.362411 399.270966
v -1432.639236 37.362411 399.281738
v -1407.839584 37.362411 399.281738
v -1427.509018 37.362411 399.292511
v -1401.854324 37.362411 399.292511
v -1419.820941 37.354553 399.427946
v -1397.589031 37.354553 399.075058
v -1416.881742 37.777859 402.604938
v -1388.302835 36.587071 393.554952
v -1411.868952 37.536644 401.017946
v -1383.537757 36.356177 392.046401
v -1406.983166 37.300741 399.471209
v -1378.652073 36.120279 390.499697
v -1402.097517 37.064839 397.924539
v -1373.766380 35.884375 388.953012
v -1397.212141 36.828923 396.377816
v -1368.880990 35.648458 387.406285
v -1397.213201 36.796634 396.378543
v -1359.109096 35.208963 384.312243
v -1392.327567 36.560717 394.831816
v -1354.223447 34.973045 382.765512
v -1382.555261 36.121209 391.737712
v -1354.224094 34.940744 382.766176
v -1377.669675 35.885305 390.190962
v -1349.338596 34.704843 381.219454
v -1372.784206 35.649390 388.644218
v -1344.453098 34.468927 379.672701
v -1367.898421 35.413487 387.097512
v -1339.567385 34.233027 378.126018
v -1363.297846 35.105300 384.573570
v -1334.269142 34.161277 378.201416
v -1358.458225 34.589005 382.703547
v -1328.920166 34.589005 379.041066
v -1350.867027 34.589005 381.155549
v -1295.528526 34.589005 379.837965
v -1345.738625 34.589005 381.026582
v -1323.510260 34.589005 380.497335
v -1341.465006 34.589005 380.917964
v -1318.381903 34.589005 380.368366
v -1336.338366 34.589005 380.709032
v -1313.251598 34.589005 380.342575
v -1330.355149 34.589005 380.536308
v -1308.121124 34.589005 380.359847
v -1325.225312 34.589005 380.493492
v -1299.560441 34.589005 380.289802
v -1323.727455 34.589005 380.479562
v -1297.861389 34.589005 380.274276
v -1320.307693 34.589005 380.450378
v -1291.021751 34.589005 380.217949
v -1315.205031 34.589005 380.407808
v -1287.601867 34.589005 380.188735
v -1308.338021 34.589005 380.351205
v -1279.041154 34.589005 380.118690
v -1299.576142 34.589005 380.279594
v -1273.911302 34.589005 380.075905
v -1296.156166 34.589005 380.250410
v -1268.781388 34.589005 380.033149
v -1291.026405 34.589005 380.207624
v -1263.651689 34.589005 379.990364
v -1284.179068 34.589005 380.485685
v -1261.960379 34.589005 379.640530
v -1280.734094 34.589005 380.121824
v -1255.112877 34.589005 379.918481
v -1277.899533 34.589005 380.097254
v -1251.693054 34.589005 379.889266
v -1280.568030 34.589020 383.387073
v -1246.881515 34.589020 377.715713
v -1275.318462 34.589386 392.629335
v -1244.346803 34.589386 371.317527
v -1260.425079 34.590073 385.127417
v -1242.024618 34.590073 366.308763
v -1255.149136 34.590775 379.739776
v -1236.640878 34.590775 360.810874
v -1250.387792 34.591476 374.878459
v -1231.854837 34.591476 355.924300
v -1246.797492 34.578110 371.214398
v -1228.264644 34.578110 352.260349
v -1244.402549 34.546280 368.772741
v -1225.869701 34.546280 349.818691
v -1239.618504 34.594986 363.883945
v -1224.074731 34.418352 347.986905
v -1236.002120 34.611178 360.244349
v -1220.547916 34.259946 344.263298
v -1232.298924 34.783735 356.676672
v -1217.220348 33.731741 340.370771
v -1232.190628 35.109627 356.920638
v -1211.428924 32.885159 333.687302
v -1228.876397 34.959509 352.994851
v -1207.882649 32.242671 330.025221
v -1225.422066 34.611496 349.218097
v -1204.442690 31.649702 326.264192
v -1222.011384 34.331743 345.389201
v -1200.943665 30.861765 322.586492
v -1218.548966 33.747618 341.649895
v -1197.480917 30.277586 318.846829
v -1216.790443 33.708334 339.764284
v -1191.157607 28.883330 312.020508
v -1213.324216 33.047919 336.040740
v -1187.691442 28.222926 308.297030
v -1209.877419 32.251437 332.321630
v -1184.219845 27.723630 304.551080
v -1204.659731 30.980569 326.791756
v -1183.679823 28.018700 303.837268
v -1201.559087 30.148869 322.740861
v -1179.773741 27.920823 300.460394
v -1198.049026 28.992971 319.067835
v -1176.085381 28.499406 296.857408
v -1194.495358 28.574152 315.371151
v -1172.406045 28.822347 293.281839
v -1190.760574 28.732132 311.850416
v -1168.919899 28.732132 289.513363
v -1187.174763 28.738892 308.181565
v -1165.333662 28.738892 285.844075
v -1179.910253 28.745667 300.750407
v -1164.366011 28.745667 284.852887
v -1176.324528 28.752426 297.081643
v -1160.780350 28.752426 281.184188
v -1173.336296 28.759247 294.024601
v -1157.194227 28.759247 277.515666
v -1169.252965 28.771210 289.645220
v -1153.443454 28.771210 274.011370
v -1165.637261 28.788208 286.005511
v -1149.739686 28.788208 270.461216
v -1162.031581 28.805023 282.354725
v -1143.489424 28.805023 264.627608
v -1159.046256 28.821198 279.289203
v -1138.328078 28.821198 260.130458
v -1154.812998 28.835510 275.047767
v -1135.493625 28.835510 258.168737
v -1151.671620 28.844894 270.935899
v -1133.308472 28.844894 258.399518
v -1149.653778 28.847809 263.269012
v -1126.306778 28.847809 263.269012
v -1144.693695 28.847809 263.257080
v -1121.458145 28.847809 263.257080
v -1138.632980 28.847809 263.265686
v -1116.400711 28.847809 263.265686
v -1133.500534 28.847809 263.274353
v -1111.265854 28.847809 263.274353
v -1130.935623 28.847809 263.283630
v -1106.135971 28.847809 263.283630
v -1125.805740 28.847809 263.292877
v -1101.006088 28.847809 263.292877
v -1118.110611 28.847809 263.302124
v -1095.875931 28.847809 263.302124
v -1117.012146 28.847809 263.311401
v -1090.745956 28.847809 263.311401
v -1112.737122 28.847809 263.320618
v -1082.443146 28.847809 263.320618
v -1106.752289 28.847809 263.329895
v -1074.748306 28.847809 263.329895
v -1097.590591 28.847809 263.339172
v -1069.618118 28.847809 263.339172
v -1092.460617 28.847809 263.348389
v -1067.053162 28.847809 263.348389
v -1087.330612 28.847809 263.357635
v -1065.095963 28.847809 263.357635
v -1084.765579 28.847809 263.366913
v -1059.965927 28.847809 263.366913
v -1079.635574 28.847809 263.376160
v -1054.835922 28.847809 263.376160
v -1071.940598 28.847809 263.385406
v -1047.995926 28.847809 263.385406
v -1066.810593 28.847809 263.394684
v -1044.575912 28.847809 263.394684
v -1061.680557 28.847809 263.403931
v -1039.445877 28.847809 263.403931
v -1056.550583 28.847809 263.413208
v -1034.315903 28.847809 263.413208
v -1051.420425 28.847809 263.422424
v -1025.467239 28.847809 263.422424
v -1050.533752 28.847809 263.431671
v -1020.337357 28.847809 263.431671
v -1045.940689 28.847809 263.440948
v -1016.963806 28.847809 263.440948
v -1040.273590 28.847809 263.450226
v -1010.123734 28.847809 263.450226
v -1038.820862 28.847809 263.459442
v -1006.703888 28.847809 263.459442
v -1033.294769 28.847809 263.468719
v -1003.535873 28.847809 263.468719
v -1020.640457 28.847809 263.477997
v -998.405777 28.847809 263.477997
v -1015.510452 28.847809 263.487244
v -992.420792 28.847809 263.487244
v -1013.691284 28.847809 263.496521
v -988.145859 28.847809 263.496521
v -1010.271225 28.847809 263.505768
v -983.015823 28.847809 263.505768
v -1005.141281 28.847809 263.515015
v -975.923828 28.847809 263.515015
v -998.301178 28.847809 263.524292
v -969.938766 28.847809 263.524292
v -989.860428 28.847809 263.533508
v -965.663757 28.847809 263.533508
v -985.585480 28.847809 263.542755
v -962.495773 28.847809 263.542755
v -979.600418 28.847809 263.552032
v -957.365768 28.847809 263.552032
v -974.470413 28.847809 263.561279
v -952.235733 28.847809 263.561279
v -969.340439 28.847809 263.570526
v -945.395737 28.847809 263.570526
v -964.210434 28.847809 263.579803
v -941.975754 28.847809 263.579803
v -959.080399 28.847809 263.589050
v -936.845718 28.847809 263.589050
v -953.950394 28.847809 263.598267
v -931.715714 28.847809 263.598267
v -948.820419 28.847809 263.607544
v -926.585739 28.847809 263.607544
v -949.867268 28.847809 263.503845
v -921.456726 28.847809 263.729325
v -947.101862 28.847809 259.649102
v -916.702796 28.847809 266.816362
v -943.025546 28.847809 255.800303
v -912.830669 28.847809 271.031348
v -932.735307 28.847809 257.756853
v -909.641729 28.847809 275.538907
v -927.104063 28.847809 258.381901
v -907.314644 28.847809 280.527203
v -923.577237 28.847809 254.631733
v -906.522924 28.847809 286.182212
v -913.361552 28.847809 258.314599
v -908.754026 28.847809 292.193473
v -909.896973 28.847809 266.205200
v -909.896973 28.847809 297.383667
v -909.879089 28.847809 277.734711
v -909.879089 28.847809 302.513641
v -909.861328 28.847809 285.414658
v -909.861328 28.847809 307.643616
v -909.843506 28.847809 290.544724
v -909.843506 28.847809 474.617432
v -909.825562 28.847809 295.674606
v -909.825562 28.847809 479.747559
v -909.807739 28.847809 300.804672
v -909.807739 28.847809 323.033569
v -909.789917 28.847809 305.934555
v -909.789917 28.847809 328.163513
v -909.772095 28.847809 311.064621
v -909.772095 28.847809 337.822296
v -909.754211 28.847809 316.194565
v -909.754211 28.847809 342.952362
v -909.736328 28.847809 321.324631
v -909.736328 28.847809 348.082306
v -909.718567 28.847809 312.525894
v -909.718567 28.847809 353.212250
v -909.700684 28.847809 327.343704
v -909.700684 28.847809 358.342316
v -909.682861 28.847809 332.473587
v -909.682861 28.847809 363.472198
v -909.665039 28.847809 337.587723
v -909.665039 28.847809 364.073425
v -909.647156 28.847809 342.717606
v -909.647156 28.847809 369.203430
v -909.629333 28.847809 347.863663
v -909.629333 28.847809 374.333374
v -909.611450 28.847809 347.817947
v -909.611450 28.847809 379.463409
v -909.593628 28.847809 352.948013
v -909.593628 28.847809 384.593353
v -909.575806 28.847809 367.494400
v -909.575806 28.847809 389.723358
v -909.557922 28.847809 372.624435
v -909.557922 28.847809 394.853333
v -909.540100 28.847809 377.754379
v -909.540100 28.847809 399.983337
v -909.805949 28.847809 382.697963
v -909.100625 28.847809 404.915668
v -913.215395 28.847809 388.448614
v -903.147045 28.847809 408.765106
v -913.982774 28.847809 395.054239
v -896.594611 28.847809 409.906629
v -910.287696 28.847809 398.651993
v -892.823811 28.847809 412.411418
v -906.259034 28.847809 401.827985
v -888.795197 28.847809 415.587373
v -902.230336 28.847809 405.003959
v -884.766535 28.847809 418.763318
v -898.201649 28.847809 408.179984
v -880.737836 28.847809 421.939353
v -894.172999 28.847809 411.355921
v -876.709114 28.847809 425.115346
v -890.144348 28.847809 414.531857
v -872.680463 28.847809 428.291282
v -886.624457 28.847809 418.314094
v -867.991401 28.847809 430.443158
v -884.239698 28.791484 424.686701
v -861.279087 28.973711 427.420107
v -878.852646 28.865991 426.349548
v -856.618698 29.042451 426.349548
v -873.723252 28.939584 426.350769
v -851.489242 29.116044 426.350769
v -882.187133 28.905307 426.351990
v -846.359725 29.189652 426.351990
v -871.990576 29.019116 426.353210
v -841.230209 29.263245 426.353210
v -863.382959 29.120313 426.354370
v -836.100814 29.336838 426.354370
v -858.253442 29.193922 426.355591
v -830.971298 29.410447 426.355591
v -853.123956 29.267530 426.356812
v -825.841812 29.484055 426.356812
v -847.994470 29.341124 426.357971
v -820.712326 29.557649 426.357971
v -842.865015 29.414717 426.359192
v -815.582870 29.631242 426.359192
v -846.294341 29.420398 426.360413
v -810.453414 29.704850 426.360413
v -832.625497 29.561764 426.361572
v -805.323959 29.778443 426.361572
v -827.521706 29.635168 426.362793
v -800.194381 29.852052 426.362793
v -817.298905 29.749184 426.364014
v -795.064895 29.925645 426.364014
v -812.169327 29.822793 426.365173
v -784.122421 30.045388 426.365173
v -807.039963 29.896385 426.366394
v -778.992996 30.118980 426.366394
v -801.910355 29.969995 426.367615
v -773.863388 30.192590 426.367615
v -796.780960 30.043587 426.368774
v -768.733993 30.266182 426.368774
v -812.196954 29.954121 426.369995
v -763.604507 30.339776 426.369995
v -807.067529 30.027729 426.371216
v -758.475082 30.413384 426.371216
v -781.392472 30.263345 426.372375
v -753.345535 30.485940 426.372375
v -776.262833 30.330178 426.373413
v -748.215866 30.552773 426.373413
v -771.133271 30.388543 426.374298
v -743.086319 30.611138 426.374298
v -766.003418 30.571830 426.374725
v -730.988455 30.293933 426.374725
v -760.873612 30.530890 426.374725
v -738.639648 30.354430 426.374725
v -755.743775 30.489951 426.374725
v -733.509811 30.313491 426.374725
v -750.613651 30.499920 426.374664
v -728.381771 30.147033 426.374664
v -745.483940 30.451019 426.374573
v -607.083670 27.155774 426.374573
v -740.351973 30.438802 426.374451
v -602.021407 24.949494 426.374451
v -735.223940 30.286186 426.374329
v -621.296765 24.861082 426.374329
v -730.097656 30.087938 426.374268
v -616.217582 23.761267 426.374268
v -724.968812 29.913304 426.374176
v -611.202907 21.787168 426.374176
v -719.853944 29.518605 426.374146
v -606.088191 21.392480 426.374146
v -714.722479 29.328798 426.374207
v -601.179835 18.515213 426.374207
v -709.603879 28.957306 426.374329
v -687.505177 26.501894 426.374329
v -704.489190 28.524146 426.374634
v -682.434433 25.701138 426.374634
v -699.401513 27.866420 426.375183
v -677.346786 25.043415 426.375183
v -694.314965 27.199466 426.375732
v -672.260239 24.376461 426.375732
v -693.434307 27.070851 426.376221
v -667.173752 23.709499 426.376221
v -688.347881 26.403904 426.376801
v -662.087326 23.042553 426.376801
v -683.261364 25.736962 426.377380
v -657.000778 22.375607 426.377380
v -682.733934 25.653551 426.377930
v -651.914353 21.708645 426.377930
v -677.609911 24.981800 426.378479
v -646.827926 21.041706 426.378479
v -672.523364 24.314846 426.379028
v -641.741379 20.374752 426.379028
v -667.436938 23.647885 426.379578
v -636.654953 19.707790 426.379578
v -662.350512 22.980946 426.380127
v -631.568527 19.040852 426.380127
v -652.742595 21.735256 426.380676
v -626.482040 18.373905 426.380676
v -647.656048 21.068287 426.381226
v -621.395493 17.706936 426.381226
v -638.373798 19.782064 426.381592
v -616.295038 17.153640 426.381592
v -633.281711 19.159858 426.381592
v -611.202936 16.531432 426.381592
v -628.215586 18.281829 426.381287
v -606.065142 16.348060 426.381287
v -623.121269 17.624469 426.380676
v -600.931242 16.215579 426.380676
v -618.016038 17.009001 426.379822
v -595.792522 16.303493 426.379822
v -612.894012 16.555878 426.378571
v -590.659302 16.555878 426.378571
v -607.762627 16.365555 426.376831
v -585.534216 16.894803 426.376831
v -602.633470 16.452974 426.374481
v -580.409954 17.158483 426.374481
v -597.507219 16.647296 426.369202
v -575.283733 17.352803 426.369202
v -592.381120 16.845444 426.361389
v -570.157635 17.550952 426.361389
v -587.254930 17.043581 426.353638
v -565.031414 17.749089 426.353638
v -582.128709 17.241716 426.345886
v -559.905193 17.947225 426.345886
v -577.002580 17.439851 426.338135
v -554.779064 18.145359 426.338135
v -589.611185 17.074993 426.330322
v -549.652874 18.343511 426.330322
v -584.497183 17.892453 426.319397
v -452.585601 18.939371 426.319397
v -567.135696 18.171127 426.304565
v -447.442413 18.171127 426.304565
v -562.005875 18.207077 426.289124
v -442.355392 18.207077 426.289124
v -556.875961 18.243027 426.273621
v -437.276550 18.243027 426.273621
v -551.746109 18.273132 426.258850
v -432.201477 18.273132 426.258850
v -546.615839 18.389722 426.249054
v -427.140435 17.441504 426.249054
v -541.486200 18.334669 426.243591
v -404.451367 17.247090 426.243591
v -536.356440 18.279615 426.238129
v -400.433281 17.200860 426.238129
v -531.226740 18.224561 426.232697
v -503.481857 18.004364 426.232697
v -526.097040 18.169507 426.227295
v -498.352157 17.949310 426.227295
v -520.967310 18.114453 426.221832
v -493.222396 17.894256 426.221832
v -515.837641 18.059400 426.216370
v -488.092727 17.839202 426.216370
v -510.707972 18.004346 426.210968
v -482.963089 17.784148 426.210968
v -505.578394 17.949292 426.205536
v -477.833511 17.729095 426.205536
v -500.448755 17.898297 426.203308
v -472.703872 17.678100 426.203308
v -489.808640 17.742859 426.260246
v -360.361840 17.742859 425.232890
v -484.663246 17.742859 426.675904
v -356.470899 17.742859 418.536707
v -479.512156 17.742859 426.961077
v -355.065919 17.742859 410.036389
v -474.468980 17.742859 426.539948
v -354.841467 17.742859 406.442526
v -469.151721 17.742859 426.407526
v -357.862893 17.742859 397.217013
v -463.966621 17.742859 425.828610
v -363.781222 17.742859 389.627164
v -458.764947 17.742859 424.974191
v -373.733752 17.742859 382.834838
v -453.592040 17.742859 423.694030
v -435.173142 17.742859 411.239346
v -448.473026 17.742859 421.913403
v -432.318119 17.742859 406.636481
v -443.556358 17.742859 419.442420
v -430.499970 17.742859 401.445777
v -439.452217 17.735031 415.968265
v -429.228059 17.735031 396.225064
v -438.218548 17.735031 415.914385
v -427.870092 17.735031 391.204807
v -435.635706 17.742859 411.460632
v -426.517964 17.742859 386.227810
v -433.388122 17.742859 406.823657
v -425.283824 17.742859 381.231139
v -431.611130 17.742859 402.009137
v -423.954269 17.742859 376.273576
v -429.811609 17.742859 397.189324
v -422.800359 17.742859 371.268946
v -428.224812 17.742859 392.301737
v -420.421093 17.742859 361.338597
v -426.956598 17.742859 387.330148
v -419.153160 17.742859 356.368118
v -425.699298 17.742859 382.356432
v -419.137358 17.742859 356.320348
v -424.362286 17.742859 377.488117
v -417.980316 17.742859 351.322044
v -422.022955 17.742859 367.939597
v -416.754913 17.742859 346.340629
v -420.797613 17.742859 362.958151
v -415.529561 17.742859 341.359139
v -419.572228 17.742859 357.976811
v -414.304162 17.742859 336.377739
v -418.336076 17.742859 352.998204
v -413.068013 17.742859 331.399148
v -417.370363 17.742859 347.949244
v -411.401919 17.742859 326.533063
v -416.267541 17.742859 342.926584
v -409.555762 17.742859 321.731491
v -415.318576 17.742859 337.822727
v -407.031185 17.742859 317.192413
v -414.631070 17.742859 332.457614
v -403.166349 17.742859 313.408539
v -412.871062 17.742859 327.456230
v -399.111344 17.742859 309.991973
v -410.560159 17.742859 322.651086
v -394.577103 17.742859 307.194944
v -407.662064 17.742859 318.150985
v -389.665149 17.742859 305.094401
v -404.163441 17.742859 314.098138
v -384.491501 17.742859 303.735241
v -400.152471 17.742859 310.497762
v -379.130443 17.742859 303.254878
v -395.635261 17.742859 307.587007
v -373.773335 17.742859 303.531972
v -390.737602 17.742859 305.275758
v -368.509131 17.742859 304.746509
v -385.613693 17.742859 304.933716
v -363.378967 17.742859 304.933716
v -380.483765 17.742859 304.935699
v -358.249054 17.742859 304.935699
v -375.353821 17.742859 304.937683
v -353.119110 17.742859 304.937683
v -370.223907 17.742859 304.939636
v -347.989197 17.742859 304.939636
v -365.093964 17.742859 304.941589
v -342.859283 17.742859 304.941589
v -359.963989 17.742859 304.943542
v -337.729309 17.742859 304.943542
v -354.834106 17.742859 304.945557
v -332.599426 17.742859 304.945557
v -349.704163 17.742859 304.947479
v -327.469482 17.742859 304.947479
v -344.574280 17.742859 304.949402
v -322.339569 17.742859 304.949402
v -339.444336 17.742859 304.951416
v -317.209625 17.742859 304.951416
v -334.314392 17.742859 304.953369
v -312.079681 17.742859 304.953369
v -329.184509 17.742859 304.955322
v -306.949799 17.742859 304.955322
v -324.054535 17.742859 304.957306
v -282.147110 17.742859 304.957306
v -318.924622 17.742859 304.959259
v -277.017197 17.742859 304.959259
v -313.794678 17.742859 304.961243
v -271.887283 17.742859 304.961243
v -308.664764 17.742859 304.963196
v -266.757339 17.742859 304.963196
v -303.534851 17.742859 304.965179
v -261.627457 17.742859 304.965179
v -298.404907 17.742859 304.967102
v -256.497482 17.742859 304.967102
v -293.275024 17.742859 304.969116
v -251.367630 17.742859 304.969116
v -288.145020 17.742859 304.971069
v -246.237625 17.742859 304.971069
v -283.015106 17.742859 304.973022
v -241.107681 17.742859 304.973022
v -277.885223 17.742859 304.974976
v -235.977829 17.742859 304.974976
v -273.613007 17.742859 304.976929
v -250.520599 17.742859 304.976929
v -272.337280 17.742859 304.978912
v -245.390656 17.742859 304.978912
v -269.352188 17.742859 304.980896
v -240.260742 17.742859 304.980896
v -257.360916 17.742859 304.982849
v -235.130875 17.742859 304.982849
v -252.230820 17.742859 304.984802
v -230.000931 17.742859 304.984802
v -248.522491 17.742859 304.986786
v -224.870972 17.742859 304.986786
v -244.648468 17.742859 304.988770
v -219.741058 17.742859 304.988770
v -240.370926 17.742859 304.990723
v -214.611130 17.742859 304.990723
v -235.791031 17.742859 304.992676
v -209.481247 17.742859 304.992676
v -231.013443 17.742859 304.994629
v -204.351303 17.742859 304.994629
v -225.883514 17.742859 304.996613
v -199.221375 17.742859 304.996613
v -220.755249 17.740875 304.994446
v -194.093109 17.740875 304.994446
v -215.564108 18.347447 306.311905
v -190.052113 17.132590 303.679715
v -200.051309 17.617825 304.963623
v -186.682842 16.863153 302.160557
v -195.012294 17.369540 304.017847
v -181.813461 16.395856 300.555858
v -190.049659 16.986215 302.773169
v -176.970854 16.013412 298.881954
v -185.122489 16.612793 301.388000
v -172.196388 15.526566 297.043092
v -180.271749 16.179278 299.776297
v -167.378542 15.095815 295.334100
v -175.427228 15.744720 298.145255
v -162.614581 14.658903 293.476239
v -170.630503 15.307726 296.379854
v -157.817856 14.221909 291.710839
v -165.833736 14.870729 294.614468
v -153.021089 13.784911 289.945452
v -161.036689 14.422895 292.851870
v -148.216366 13.445074 288.180058
v -156.253120 13.997831 291.044283
v -143.339225 13.238190 286.594958
v -152.696980 13.611398 289.330626
v -138.146223 13.374800 286.136558
v -148.544867 13.444855 287.793859
v -132.927874 13.444855 286.430470
v -143.822731 13.416061 287.132295
v -127.785868 13.416061 286.495912
v -138.891182 13.396118 286.796149
v -122.653283 13.396118 286.538405
v -134.146948 13.378616 286.661551
v -117.523370 13.378616 286.529618
v -129.479370 13.361588 286.574951
v -112.393387 13.361588 286.574951
v -124.734329 13.340836 286.589233
v -107.263519 13.340836 286.589233
v -119.912201 13.317596 286.551057
v -102.134073 13.317596 286.692153
v -115.091680 13.301956 286.590442
v -97.004358 13.301956 286.733992
v -109.961721 13.297836 286.632251
v -91.874612 13.297836 286.775800
v -104.831879 13.293243 286.727295
v -86.744583 13.293243 286.727295
v -99.701202 13.283127 286.716675
v -81.614487 13.283127 286.716675
v -94.569493 13.261795 286.798463
v -76.485894 13.261795 286.511422
v -89.434721 13.294728 286.860102
v -71.364779 13.151316 286.143040
v -84.308119 13.243315 286.651361
v -66.239549 13.099914 285.934354
v -79.180984 13.193731 286.443190
v -61.114137 13.050344 285.726252
v -74.048836 13.141449 286.332962
v -55.997525 12.998185 285.330111
v -68.900345 13.074992 286.347772
v -50.918845 12.932281 284.492538
v -63.737859 13.056598 286.230635
v -45.914730 12.771428 283.236349
v -58.577010 13.002353 285.851931
v -41.023917 12.574229 281.570689
v -53.434573 12.906373 285.170630
v -36.300147 12.335225 279.459155
v -48.359143 12.764664 284.086706
v -31.779783 12.050037 276.940430
v -43.379319 12.651066 282.598534
v -27.510893 11.650354 274.021006
v -38.582908 12.413965 280.638305
v -23.473619 11.273641 270.803013
v -33.976410 12.135339 278.279522
v -19.700487 10.850506 267.287061
v -29.600952 11.818168 275.535104
v -16.174306 10.389801 263.536824
v -25.468856 11.398919 272.459858
v -12.880324 9.968404 259.585223
v -21.568192 11.035747 269.095186
v -9.810661 9.458518 255.473656
v -17.953313 10.578682 265.452321
v -6.906099 9.000508 251.248760
v -14.468961 10.170094 261.665529
v -4.330411 8.456536 246.814695
v -11.212934 9.734424 257.681994
v -2.052918 7.873796 242.224466
v -8.173972 9.190596 253.534558
v -0.137791 7.325054 237.462197
v -5.427490 8.692380 249.182317
v 1.438685 6.689745 232.589062
v -3.034035 8.108031 244.644288
v 2.688752 6.105055 227.618996
v -0.915799 7.517753 239.963856
v 3.508604 5.519636 222.551690
v 0.903904 6.939532 235.146278
v 3.904264 4.939292 217.429867
v 2.281468 6.307827 230.199803
v 4.000257 4.445806 212.295751
v 3.241249 5.673653 224.848481
v 3.802581 3.989658 207.166529
v 3.747941 5.088281 219.390619
v 3.335176 3.574807 202.054471
v 3.957346 4.496614 213.907137
v 2.479034 3.287085 196.973736
v 3.772873 3.995082 208.510628
v 1.387010 3.067246 191.942132
v 3.332789 3.585540 203.357976
v 0.029567 2.924895 186.973997
v 2.565350 3.321879 198.439708
v -1.432643 2.788813 182.047935
v 1.529377 3.064230 193.519524
v -3.028999 2.796090 177.162998
v 0.577498 2.878372 188.558638
v -6.389708 2.878372 169.277301
v -0.979995 2.870056 183.665174
v -8.633808 2.870056 164.612064
v -2.888162 2.870010 178.903332
v -10.531288 2.870010 159.876827
v -4.796350 2.869949 174.141476
v -12.439476 2.869949 155.114971
v -6.704523 2.869888 169.379620
v -15.810291 2.869888 146.712068
v -8.612695 2.869843 164.617764
v -17.718458 2.869843 141.950226
v -10.520868 2.869781 159.855893
v -18.174687 2.869781 140.802769
v -12.429041 2.869720 155.094037
v -20.082859 2.869720 136.040913
v -14.337228 2.869675 150.332181
v -21.991047 2.869675 131.279057
v -16.245401 2.869614 145.570325
v -23.899220 2.869614 126.517201
v -18.153574 2.869553 140.808469
v -27.008731 2.869553 118.764779
v -20.061746 2.869507 136.046613
v -28.916903 2.869507 114.002923
v -21.969919 2.869446 131.284756
v -30.825081 2.869446 109.241053
v -23.878107 2.869385 126.522885
v -32.733264 2.869385 104.479196
v -25.786279 2.869339 121.761044
v -33.440092 2.869339 102.707934
v -27.694452 2.869278 116.999188
v -35.348265 2.869278 97.946078
v -29.602625 2.869217 112.237317
v -37.256438 2.869217 93.184207
v -31.510797 2.869156 107.475461
v -39.164604 2.869156 88.422365
v -33.418985 2.869110 102.713605
v -41.072798 2.869110 83.660495
v -35.327158 2.869049 97.951749
v -42.980971 2.869049 78.898639
v -37.235330 2.868988 93.189893
v -44.889143 2.868988 74.136783
v -39.143503 2.868942 88.428036
v -46.797316 2.868942 69.374927
v -41.051676 2.868881 83.666180
v -48.705488 2.868881 64.613070
v -42.959848 2.868820 78.904309
v -50.613661 2.868820 59.851199
v -44.868036 2.868774 74.142453
v -52.521849 2.868774 55.089343
v -46.776209 2.868713 69.380612
v -54.430022 2.868713 50.327502
v -48.684381 2.868652 64.618741
v -56.338194 2.868652 45.565631
v -50.592569 2.868607 59.856885
v -58.249226 2.868607 40.796695
v -53.775572 2.868546 51.921514
v -60.157399 2.868546 36.034839
v -55.683745 2.868484 47.159642
v -62.130526 2.868484 31.111271
v -57.591918 2.868439 42.397802
v -61.412400 2.868439 32.887239
v -59.500090 2.868378 37.635946
v -63.320572 2.868378 28.125383
v -61.419936 2.869598 32.878835
v -65.240418 2.869598 23.368273
v -63.200017 2.856644 28.061239
v -67.587575 2.856644 18.798615
v -65.245441 2.879750 23.348821
v -70.277320 2.717432 14.421294
v -67.583779 2.802529 18.769156
v -73.360962 2.558423 10.306803
v -70.306212 2.704527 14.408851
v -76.733536 2.297734 6.435714
v -73.382509 2.506882 10.297606
v -80.373618 2.019130 2.818745
v -76.769015 2.255789 6.443961
v -84.244819 1.686978 -0.544291
v -80.425587 1.959140 2.851934
v -88.276901 1.311609 -3.704317
v -84.274311 1.628126 -0.530789
v -92.443279 0.900198 -6.677735
v -88.357425 1.240202 -3.611920
v -96.526393 0.512274 -9.758866
v -92.443241 0.851683 -6.689510
v -100.612209 0.123755 -12.836457
v -96.590737 0.435543 -9.684685
v -104.514597 -0.211303 -16.153141
v -100.692885 0.059925 -12.761534
v -108.089756 -0.509065 -19.833268
v -104.609225 -0.291447 -16.091677
v -111.173465 -0.696647 -23.952557
v -108.164179 -0.538270 -19.822678
v -113.658777 -0.861481 -28.468590
v -111.148775 -0.713095 -24.013905
v -115.697549 -1.038007 -33.192682
v -113.649061 -0.908577 -28.507609
v -117.300087 -1.151979 -38.081409
v -115.685726 -1.072779 -33.226981
v -118.533275 -1.235496 -43.071364
v -117.338543 -1.197110 -38.096829
v -119.364099 -1.278133 -48.143591
v -118.550887 -1.270248 -43.090471
v -119.852172 -1.270248 -53.256764
v -119.441811 -1.280128 -48.157736
v -119.848194 -1.198852 -58.398591
v -119.848192 -1.250877 -53.280238
v -119.441912 -1.007109 -63.518518
v -119.878089 -1.166527 -58.424841
v -118.418913 -0.680134 -68.558009
v -119.363388 -0.916638 -63.535968
v -116.937490 -0.431459 -73.482148
v -118.333122 -0.619813 -68.563653
v -115.093648 -0.295865 -78.282076
v -116.881764 -0.410637 -73.489246
v -112.923651 -0.168304 -82.940250
v -115.038651 -0.242749 -78.280120
v -110.488162 -0.080232 -87.462359
v -112.917441 -0.108798 -82.959355
v -107.728122 -0.027715 -91.797414
v -110.449851 -0.044594 -87.462546
v -104.764775 0.036622 -95.990158
v -107.720392 0.036606 -91.811146
v -101.557884 0.036606 -100.000795
v -104.755197 0.057800 -96.004408
v -98.098462 0.057800 -103.797659
v -101.650197 0.064697 -100.114523
v -94.084808 0.064697 -107.029127
v -97.972157 0.065353 -103.692917
v -89.992733 0.065353 -110.125310
v -93.987553 0.065353 -106.923920
v -86.008129 0.065353 -113.356313
v -90.002964 0.065353 -110.154938
v -82.023541 0.065353 -116.587331
v -86.018376 0.065353 -113.385956
v -78.038952 0.065353 -119.818349
v -82.033787 0.065353 -116.616974
v -74.054363 0.065353 -123.049367
v -78.049198 0.065353 -119.847992
v -70.069775 0.065353 -126.280385
v -74.064594 0.065353 -123.079010
v -66.085171 0.065353 -129.511403
v -70.080006 0.065353 -126.310028
v -62.100582 0.065353 -132.742421
v -72.379949 0.065353 -124.474928
v -56.784676 0.065353 -137.046629
v -68.395349 0.065353 -127.705956
v -52.800076 0.065353 -140.277656
v -64.410760 0.065353 -130.936974
v -48.815499 0.065353 -143.508665
v -60.426172 0.065353 -134.167992
v -41.663394 0.065353 -149.293089
v -56.441568 0.065353 -137.399010
v -37.678790 0.065353 -152.524107
v -52.791558 0.065353 -140.195568
v -34.221363 0.065353 -155.511191
v -42.066799 0.065353 -141.313123
v -39.399307 0.065353 -163.720059
v -42.027428 0.065353 -136.961781
v -39.256103 0.065353 -168.706048
v -42.020255 0.065353 -138.764319
v -38.643313 0.065353 -174.222208
v -39.788048 0.065353 -161.664581
v -38.374334 0.065353 -179.477375
v -39.362550 0.065353 -166.589530
v -38.070956 0.065353 -184.671848
v -39.159929 0.065353 -166.447042
v -38.044472 0.065353 -189.871642
v -38.671775 0.065353 -168.454501
v -38.252323 0.065353 -194.879944
v -38.407043 0.065353 -172.869751
v -38.407043 0.065353 -199.344635
v -34.774580 0.065353 -184.417692
v -48.163775 0.065353 -201.411670
v -37.674297 0.065353 -188.626894
v -51.836028 0.065353 -204.643136
v -41.079695 0.065353 -192.473964
v -55.207535 0.065353 -208.451877
v -44.302935 0.065353 -196.115038
v -55.623373 0.065353 -208.917913
v -47.703143 0.065353 -199.956240
v -59.023580 0.065353 -212.759114
v -51.103366 0.065353 -203.797457
v -62.423793 0.065353 -216.600320
v -54.503578 0.065353 -207.638662
v -65.824026 0.065353 -220.441548
v -57.903796 0.065353 -211.479891
v -69.224233 0.065353 -224.282766
v -61.304019 0.065353 -215.321108
v -72.624456 0.065353 -228.123983
v -64.704252 0.065353 -219.162336
v -76.024669 0.065353 -231.965188
v -68.104449 0.065353 -223.003542
v -79.424876 0.065353 -235.806405
v -71.504672 0.065353 -226.844759
v -82.825109 0.065353 -239.647634
v -74.904895 0.065353 -230.685976
v -86.225322 0.065353 -243.488839
v -76.520718 0.065353 -232.509139
v -89.625529 0.065353 -247.330056
v -79.544376 0.065353 -235.924480
v -93.025752 0.065353 -251.171273
v -82.233291 0.065353 -238.870752
v -96.453572 0.065353 -255.146978
v -84.647751 0.065414 -241.197520
v -99.722320 0.065414 -259.249781
v -87.089396 0.066605 -244.579261
v -103.689099 0.066605 -263.578922
v -95.818495 0.069763 -243.505063
v -104.495657 0.069763 -270.796601
v -109.529096 0.073563 -245.184646
v -93.515196 0.073563 -282.536867
v -109.095990 0.078964 -257.383637
v -83.373943 0.078964 -281.428160
v -101.671014 0.091858 -264.791788
v -81.430266 0.091858 -282.475808
v -93.123381 0.114441 -271.997551
v -76.926977 0.114441 -287.313716
v -88.836848 0.140778 -276.102920
v -73.232492 0.140778 -290.689601
v -85.150107 0.170349 -279.646888
v -70.204494 0.170349 -293.306857
v -81.364604 0.203384 -283.108934
v -67.361255 0.203384 -295.907694
v -77.619474 0.176518 -286.615801
v -64.490908 0.316184 -298.347712
v -73.993253 0.045303 -290.218928
v -60.756900 0.720627 -301.024114
v -70.791096 0.181291 -294.456901
v -55.631680 1.128755 -302.307313
v -66.457139 0.406906 -297.659720
v -50.372449 1.623395 -303.336669
v -61.889695 0.740401 -300.179166
v -45.130324 2.091963 -303.558072
v -57.059651 1.100415 -302.100029
v -39.860973 2.601886 -302.919014
v -52.046386 1.546629 -303.171221
v -34.698823 3.073214 -301.644636
v -46.942799 2.006895 -303.607807
v -29.765820 3.555639 -299.524754
v -41.826007 2.470816 -303.342168
v -25.196745 4.034251 -296.662038
v -36.788226 2.918095 -302.352331
v -21.104234 4.500883 -293.143381
v -31.936269 3.403824 -300.638521
v -17.575407 4.869218 -289.061909
v -27.368174 3.927489 -298.223518
v -14.691091 5.106752 -284.514580
v -23.155551 4.385883 -295.151536
v -0.844313 6.271339 -262.470285
v -19.393143 4.722289 -291.458144
v -2.061848 6.297861 -255.535097
v -16.126013 4.961573 -287.242890
v -4.556690 6.568424 -248.357107
v -13.656896 5.202008 -282.554475
v -7.748707 6.843172 -241.525384
v -11.929337 5.441477 -277.560073
v -11.929337 6.190909 -258.674409
v -10.949458 5.682675 -272.374818
v -13.641240 6.430392 -253.681884
v -10.707719 5.922906 -267.100646
v -16.093307 6.670905 -248.999085
v -11.239802 6.161737 -261.850577
v -19.201574 6.912848 -244.725259
v -12.478817 6.403571 -256.700857
v -22.954716 7.151849 -240.987009
v -14.543311 6.643615 -251.853845
v -27.127435 7.392670 -237.771612
v -17.225188 6.883113 -247.288506
v -31.794893 7.634129 -235.272255
v -20.571980 7.124537 -243.191887
v -36.753093 7.873663 -233.453254
v -24.505800 7.364684 -239.677372
v -41.903014 8.114564 -232.328549
v -28.887023 7.605082 -236.697298
v -47.190980 8.355245 -232.046293
v -33.670206 7.847994 -234.433952
v -52.456304 8.593474 -232.495704
v -38.734450 8.086898 -232.927917
v -57.605287 8.835741 -233.676759
v -43.973345 8.328097 -232.114283
v -62.514936 9.075742 -235.702978
v -49.286416 8.569420 -232.070148
v -67.048164 9.315712 -238.488258
v -54.523635 8.809025 -232.872628
v -71.137528 9.557399 -241.853111
v -59.554520 9.048599 -234.475119
v -74.716885 9.799211 -245.734302
v -64.313984 9.289495 -236.768223
v -77.668143 10.039729 -250.122382
v -68.689199 9.401269 -239.737132
v -79.939859 10.451331 -254.888020
v -72.624690 9.705376 -243.325483
v -81.460041 10.753638 -259.947923
v -75.974513 9.902922 -247.443003
v -82.224458 11.242197 -265.151185
v -78.671654 10.219936 -252.007229
v -82.232855 11.703770 -270.406768
v -80.627307 10.646225 -256.921889
v -81.516768 12.128660 -275.600572
v -81.836991 11.080958 -262.067864
v -80.054311 12.566524 -280.637441
v -82.297642 11.513020 -267.334992
v -77.852637 12.994688 -285.411345
v -82.005116 11.999162 -272.618118
v -74.950309 13.321938 -289.814208
v -80.988777 12.478025 -277.642921
v -71.580335 13.507073 -293.666674
v -79.687391 12.856813 -282.442738
v -67.472435 13.592653 -296.423713
v -77.411620 12.909790 -285.991421
v -63.869350 13.951503 -299.087243
v -74.338522 13.216250 -289.348150
v -60.297462 14.112488 -301.895480
v -70.486388 13.532580 -292.746939
v -56.530640 14.274907 -305.366499
v -66.743228 13.816327 -296.308769
v -52.577679 14.412771 -308.684985
v -62.859441 14.053844 -299.663057
v -48.769607 14.498786 -312.121435
v -59.013163 14.241140 -303.058777
v -44.923976 14.537754 -315.516585
v -55.166702 14.329596 -306.454677
v -41.078429 14.626192 -318.911676
v -51.248847 14.520462 -309.761831
v -37.364415 14.520462 -322.451904
v -47.139984 14.520462 -313.514201
v -33.222832 14.520462 -326.234179
v -41.095993 14.520462 -313.619559
v -31.215483 14.520462 -333.671183
v -30.494382 14.520462 -313.252824
v -41.924091 14.520462 -340.146256
v -19.367957 14.520462 -309.140876
v -48.944421 14.520462 -341.501006
v -22.419440 14.520462 -313.283811
v -52.892128 14.520462 -345.507803
v -25.874237 14.520462 -316.929671
v -74.042858 14.520462 -367.866605
v -29.402658 14.520462 -320.653404
v -77.571300 14.520462 -371.590359
v -32.931132 14.520462 -324.377223
v -81.099742 14.520462 -375.314145
v -36.459543 14.520462 -328.100975
v -84.628174 14.520462 -379.037919
v -39.988011 14.520462 -331.824741
v -88.156632 14.520462 -382.761674
v -43.516422 14.520462 -335.548462
v -91.685064 14.520462 -386.485418
v -47.044896 14.520462 -339.272311
v -95.213496 14.520462 -390.209223
v -50.573369 14.520462 -342.996130
v -98.741980 14.520462 -393.933052
v -54.101801 14.520462 -346.719904
v -102.270422 14.520462 -397.656838
v -57.630269 14.520462 -350.443670
v -105.798870 14.520462 -401.380582
v -61.158691 14.520462 -354.167403
v -109.327323 14.520462 -405.104348
v -64.687133 14.520462 -357.891189
v -112.855786 14.520462 -408.828155
v -68.215576 14.520462 -361.614943
v -116.384186 14.520462 -412.551866
v -71.744044 14.520462 -365.338709
v -119.912633 14.520462 -416.275609
v -75.272476 14.520462 -369.062484
v -123.441076 14.520462 -419.999395
v -78.800918 14.520462 -372.786300
v -126.969518 14.520462 -423.723211
v -82.329381 14.520462 -376.510077
v -130.497982 14.520462 -427.446988
v -85.857803 14.520462 -380.233809
v -134.026413 14.520462 -431.170732
v -89.386235 14.520462 -383.957553
v -137.554866 14.520462 -434.894498
v -92.914688 14.520462 -387.681350
v -141.083309 14.520462 -438.618283
v -96.443145 14.520462 -391.405135
v -144.611766 14.520462 -442.342068
v -99.971588 14.520462 -395.128890
v -148.140198 14.520462 -446.065812
v -103.500056 14.520462 -398.852717
v -151.668645 14.520462 -449.789617
v -107.028509 14.520462 -402.576483
v -155.197088 14.520462 -453.513372
v -128.179181 14.520462 -424.935240
v -141.103268 14.520462 -438.602091
v -131.707634 14.520462 -428.659037
v -144.631721 14.520462 -442.325888
v -135.236056 14.520462 -432.382800
v -148.160164 14.520462 -446.049673
v -138.764555 14.520462 -436.106599
v -151.688642 14.520462 -449.773450
v -142.438247 14.520462 -440.249908
v -155.738925 14.520462 -453.550586
v -146.048117 14.520462 -443.862189
v -159.346087 14.520462 -457.160158
v -154.315423 14.520462 -447.059506
v -162.070507 14.520462 -464.165757
v -164.018562 14.520462 -449.013730
v -155.472267 14.520462 -473.215400
v -161.941410 14.520462 -459.111080
v -147.315296 14.520462 -473.737194
v -157.171585 14.520462 -463.886001
v -144.240268 14.520462 -476.817319
v -153.351854 14.520462 -467.710188
v -141.005322 14.520462 -480.056720
v -149.605849 14.520447 -471.456468
v -137.402452 14.520447 -483.659865
v -145.988240 14.520447 -475.074351
v -133.787982 14.520447 -487.274609
v -142.267154 14.520447 -478.795666
v -130.169959 14.520447 -490.892862
v -138.643363 14.520447 -482.425408
v -126.551875 14.520447 -494.516896
v -135.028155 14.520309 -486.052289
v -122.936656 14.520309 -498.143788
v -131.440222 14.520050 -489.705224
v -119.281341 14.520050 -501.729006
v -127.850796 14.519730 -493.351246
v -115.558373 14.519730 -505.238425
v -124.213328 14.519394 -496.945766
v -111.788914 14.519394 -508.694940
v -120.192615 14.519150 -500.150495
v -108.656201 14.519150 -512.772689
v -114.711234 14.520630 -502.689838
v -109.020003 14.520630 -518.814995
v -110.144740 14.523697 -507.546576
v -112.846374 14.523697 -524.431788
v -108.689139 14.526642 -514.556269
v -119.121743 14.526642 -528.105108
v -111.051121 14.529465 -521.256906
v -126.094109 14.529465 -529.388250
v -115.554849 14.532318 -526.764421
v -132.654318 14.532318 -526.900131
v -121.603598 14.535126 -529.653510
v -136.732720 14.535126 -521.683705
v -126.916883 14.725115 -528.412976
v -139.787829 14.183180 -517.167834
v -131.005291 14.737962 -525.280761
v -143.207323 13.653337 -513.349886
v -134.669774 14.385617 -521.707954
v -146.871719 13.300999 -509.777164
v -138.334214 14.033260 -518.135312
v -150.536148 12.948643 -506.204532
v -141.998664 13.680902 -514.562598
v -154.200642 12.596282 -502.631775
v -145.663093 13.328561 -510.989905
v -157.865070 12.243941 -499.059082
v -149.327511 12.976206 -507.417192
v -161.529499 11.891585 -495.486359
v -152.991896 12.623869 -503.844511
v -165.193917 11.539245 -491.913646
v -156.656325 12.271513 -500.271757
v -168.858291 11.186894 -488.340945
v -160.320738 11.919157 -496.699034
v -172.522737 10.834535 -484.768190
v -163.985119 11.566820 -493.126373
v -176.187140 10.482195 -481.195508
v -167.649580 11.214461 -489.553648
v -179.851569 10.129840 -477.622815
v -171.314046 10.862118 -485.980934
v -183.515991 9.777501 -474.050143
v -174.978501 10.509761 -482.408231
v -187.180446 9.425144 -470.477440
v -178.642951 10.157403 -478.835516
v -190.844940 9.072782 -466.904683
v -182.307339 9.805064 -475.262834
v -194.509262 8.720448 -463.332065
v -185.971756 9.452709 -471.690121
v -198.173701 8.368091 -459.759331
v -190.319570 8.861855 -468.767971
v -200.511305 8.454186 -455.043101
v -196.335490 8.581284 -465.182569
v -198.223870 8.581284 -448.187151
v -199.637561 8.580185 -458.695219
v -193.426709 8.580185 -442.763033
v -199.470870 8.579041 -451.393357
v -186.468522 8.579041 -440.287185
v -196.023071 8.577988 -445.249935
v -179.550782 8.577988 -440.659297
v -190.731392 8.577057 -440.899640
v -174.057976 8.577057 -444.695215
v -184.624986 8.666179 -439.930021
v -170.675374 8.395313 -449.816639
v -179.848399 8.865582 -442.167290
v -167.646432 7.780963 -454.098102
v -176.190451 8.542402 -445.749371
v -163.988473 7.457781 -457.680194
v -172.532481 8.219220 -449.331474
v -160.330515 7.134600 -461.262286
v -168.874559 7.896040 -452.913545
v -156.672538 6.811416 -464.844411
v -165.216616 7.572859 -456.495668
v -153.014605 6.488236 -468.426523
v -161.558650 7.249676 -460.077782
v -149.356683 6.165057 -472.008594
v -157.900713 6.926497 -463.659822
v -145.698724 5.841876 -475.590655
v -154.242736 6.603313 -467.241946
v -142.040781 5.518694 -479.172748
v -150.584830 6.280134 -470.824078
v -138.382809 5.195509 -482.754944
v -146.926893 5.956954 -474.406119
v -134.724915 4.872334 -486.336942
v -143.268901 5.633770 -477.988213
v -131.066902 4.549148 -489.919057
v -139.610990 5.310592 -481.570334
v -127.408958 4.225967 -493.501210
v -135.953057 4.987412 -485.152416
v -123.751101 3.902794 -497.083217
v -132.295059 4.664226 -488.734500
v -120.093049 3.579603 -500.665355
v -128.637143 4.341049 -492.316550
v -116.435166 3.256428 -504.247372
v -124.979167 4.017865 -495.898674
v -112.777168 2.933242 -507.829518
v -121.305070 3.535848 -499.451254
v -109.155643 2.860880 -511.465688
v -117.595718 3.082764 -502.982496
v -105.640855 3.082764 -515.209061
v -114.009294 3.082764 -506.650463
v -102.054388 3.082764 -518.877071
v -110.422816 3.082764 -510.318331
v -98.467953 3.082764 -522.544896
v -106.836366 3.082764 -513.986278
v -94.881482 3.082764 -526.212864
v -103.249910 3.082764 -517.654125
v -91.295004 3.082764 -529.880733
v -99.663400 3.082764 -521.322148
v -87.708495 3.082764 -533.548756
v -95.589285 3.093323 -525.530415
v -83.743565 3.093323 -537.509234
v -90.575246 3.103897 -528.944534
v -81.432972 3.103897 -542.989188
v -86.771950 3.103897 -532.920760
v -80.344671 3.103897 -548.136359
v -83.894692 3.103912 -537.536022
v -79.914258 3.103912 -553.200957
v -81.919928 3.103912 -542.566541
v -79.922525 3.103912 -558.171251
v -80.729258 3.103928 -547.784467
v -80.244951 3.103928 -563.040133
v -80.246027 3.103928 -552.987428
v -80.715464 3.103928 -567.774672
v -80.000552 3.103943 -558.028218
v -81.698563 3.103943 -572.291514
v -80.185744 3.103943 -562.759502
v -82.927581 3.103943 -576.359013
v -80.940239 3.093353 -566.645160
v -83.740233 3.093353 -579.998981
v -81.683649 3.082764 -570.846138
v -84.925204 3.082764 -584.136514
v -82.864120 3.082718 -574.957556
v -85.671455 3.082718 -588.346382
v -83.881168 3.082596 -578.425110
v -85.941688 3.082596 -591.981167
v -84.707363 3.082443 -582.289690
v -86.123885 3.082443 -596.019054
v -85.373396 3.082214 -586.493797
v -86.146876 3.082214 -600.416435
v -85.868633 3.081924 -590.989633
v -85.980772 3.081924 -605.119116
v -86.059910 3.081589 -595.727329
v -85.372358 3.081589 -624.604505
v -86.153252 3.081223 -600.662185
v -84.060030 3.081223 -629.967283
v -85.957660 3.080826 -605.742833
v -81.543307 3.080826 -645.472006
v -85.771457 3.080414 -609.547839
v -80.123960 3.080414 -646.702426
v -85.916489 3.080002 -613.490003
v -77.586580 3.080002 -647.642627
v -85.216017 3.079590 -617.532912
v -76.489178 3.079590 -648.846865
v -84.553176 3.079193 -622.106289
v -74.757936 3.079193 -650.536375
v -83.626417 3.078827 -626.972033
v -72.466833 3.078827 -653.390640
v -82.292523 3.078491 -632.049886
v -70.187852 3.078491 -656.046865
v -80.792835 3.078201 -637.552224
v -67.280735 3.078201 -658.615203
v -75.237883 3.077972 -647.116719
v -64.205082 3.077972 -661.445035
v -72.324888 3.077805 -651.816745
v -60.634555 3.077805 -664.322682
v -68.965270 3.077728 -656.307502
v -56.168709 3.077728 -667.371195
v -64.782469 3.080231 -659.713813
v -52.056902 3.080231 -671.344708
v -60.757917 2.990593 -662.685646
v -48.787647 3.268972 -675.630240
v -57.974397 3.176697 -665.493163
v -45.198780 3.176697 -679.789688
v -59.868975 3.176697 -663.372217
v -41.567993 3.176697 -683.851888
v -55.120762 3.176697 -668.460231
v -38.078160 3.176697 -687.966825
v -55.066707 3.176697 -668.990966
v -34.366774 3.176697 -691.882656
v -47.965503 3.176697 -677.565634
v -30.454577 3.176697 -695.474535
v -44.615795 3.176697 -680.688084
v -27.015979 3.176697 -699.299383
v -47.764745 3.176697 -679.423188
v -23.008724 3.176697 -702.315853
v -49.716131 3.176697 -677.609616
v -19.186178 3.176697 -705.841616
v -40.292552 3.176697 -686.314781
v -13.534673 3.176697 -711.058627
v -30.874631 3.176697 -695.014776
v -11.649528 3.176697 -712.792829
v -27.106327 3.176697 -698.490347
v -7.881246 3.176697 -716.268379
v -23.341998 3.176697 -701.962277
v -3.489147 3.176697 -720.320827
v -19.582250 3.176697 -705.429964
v -0.357157 3.176697 -723.208006
v -15.791854 3.176697 -708.926000
v 4.689662 3.176697 -727.865897
v -11.993080 3.176697 -712.429730
v 8.487551 3.176697 -731.368808
v -8.193858 3.176697 -715.933957
v 11.031234 3.176697 -733.711999
v -4.394542 3.176697 -719.438215
v 14.830550 3.176697 -737.216257
v -9.922020 3.176697 -714.317724
v 18.629869 3.176697 -740.720547
v 3.203984 3.176697 -726.446629
v 22.429077 3.176697 -744.224671
v 5.742733 3.176697 -728.785205
v 26.223197 3.176697 -747.724128
v 9.525370 3.176697 -732.274143
v 30.005061 3.176697 -751.212352
v 14.659009 3.176697 -737.012330
v 33.767613 3.176697 -754.682651
v 18.739599 3.176697 -740.693976
v 37.452384 3.176697 -758.186362
v 22.453010 3.176697 -744.832390
v 41.400575 3.176697 -761.214139
v 23.825554 3.176697 -745.553470
v 45.077218 3.176697 -764.770400
v 28.299991 3.176697 -749.130267
v 48.674744 3.176697 -768.397696
v 32.893567 3.176697 -752.555068
v 51.985301 3.176697 -772.297656
v 37.252154 3.176697 -761.737902
v 58.730533 3.176697 -773.347836
v 45.892994 3.176697 -762.431568
v 61.270342 3.176697 -781.507265
v 49.461458 3.176697 -766.232506
v 63.958456 3.176697 -785.948425
v 53.455880 3.176697 -770.791529
v 66.209625 3.176697 -790.672365
v 56.918379 3.176697 -774.778149
v 67.778387 3.176697 -795.749199
v 51.555011 3.176697 -754.036233
v 68.226001 3.176697 -801.270706
v 59.516424 3.176697 -756.830444
v 66.994816 3.176697 -806.030393
v 65.563843 3.176697 -761.012833
v 65.563843 3.176697 -811.351181
v 67.543700 3.176697 -765.625077
v 64.716795 3.176697 -816.509381
v 69.940679 3.176697 -770.208115
v 63.367718 3.176697 -821.559372
v 68.332027 3.176697 -772.499588
v 62.608864 3.176697 -832.592801
v 61.214880 3.176697 -772.297306
v 65.366119 3.176697 -837.679327
v 47.424657 3.176697 -772.529537
v 70.924497 3.176697 -841.309558
v 34.824865 3.176697 -777.830487
v 73.785733 3.176697 -839.136558
v 26.125244 3.176697 -782.393729
v 78.259953 3.176697 -842.065990
v 50.765483 3.176697 -810.038808
v 85.940482 3.176697 -851.219293
v 54.100819 3.176697 -813.936518
v 84.834446 3.176697 -849.917350
v 57.435440 3.176697 -817.833394
v 88.169870 3.176697 -853.815165
v 60.770008 3.176697 -821.730128
v 91.505300 3.176697 -857.712908
v 64.104649 3.176697 -825.627027
v 96.506716 3.176697 -863.561154
v 66.478128 3.176697 -828.398645
v 98.176163 3.176697 -865.508539
v 69.812705 3.176697 -832.295451
v 101.511583 3.176697 -869.406332
v 74.108424 3.176697 -837.317454
v 104.847046 3.176697 -873.304133
v 77.442986 3.176697 -841.214199
v 108.182451 3.176697 -877.201864
v 80.777597 3.176697 -845.111002
v 111.517904 3.176697 -881.099653
v 83.150879 3.176697 -847.882327
v 118.185229 3.176697 -888.898152
v 86.485505 3.176697 -851.779192
v 121.520708 3.176697 -892.796014
v 90.781388 3.176697 -856.801429
v 124.856157 3.176697 -896.693841
v 94.115930 3.176697 -860.698212
v 124.859696 3.176697 -896.690912
v 97.450547 3.176697 -864.595003
v 128.195155 3.176697 -900.588690
v 99.769851 3.176697 -867.303154
v 131.530579 3.176697 -904.486445
v 103.104472 3.176697 -871.199969
v 142.085042 3.176697 -916.835757
v 107.454307 3.176697 -876.285308
v 145.420501 3.176697 -920.733535
v 110.788889 3.176697 -880.182137
v 141.536916 3.176697 -916.179827
v 113.941779 3.176697 -883.866237
v 152.091414 3.176697 -928.529224
v 117.187308 3.176697 -887.658767
v 155.424560 3.176697 -932.424331
v 119.959153 3.176697 -892.042638
v 151.770622 3.176697 -927.641187
v 121.276556 3.176697 -897.707444
v 156.034159 3.176697 -930.576046
v 123.226981 3.176697 -904.087485
v 160.671293 3.176697 -932.919602
v 114.114236 3.176697 -906.012826
v 165.931135 3.176697 -934.021960
v 118.365816 3.176697 -917.190251
v 171.422156 3.176697 -933.852573
v 126.206772 3.176697 -925.234649
v 176.717763 3.176697 -933.316407
v 135.225636 3.176697 -927.723146
v 184.357922 3.176697 -934.012079
v 143.100973 3.176697 -928.274385
v 189.419157 3.176697 -934.944204
v 150.621792 3.176697 -927.381006
v 191.811663 3.176697 -936.349769
v 168.600683 3.176697 -929.675763
v 196.470037 3.176697 -938.965548
v 176.434215 3.176697 -930.727930
v 200.747681 3.176697 -942.244834
v 183.832625 3.176697 -932.949969
v 205.349397 3.176697 -946.423089
v 190.181702 3.176697 -935.993431
v 208.219287 3.176697 -949.882370
v 194.700356 3.176697 -938.655752
v 211.585809 3.176697 -953.924512
v 198.885256 3.176697 -941.750583
v 214.800733 3.176697 -958.027775
v 202.582669 3.176697 -945.323679
v 218.224261 3.176697 -961.864213
v 205.176869 3.176697 -950.124342
v 223.450818 3.176697 -963.694108
v 193.234876 3.176697 -937.374154
v 227.225313 3.176697 -968.440683
v 214.030713 3.176697 -956.547462
v 231.471713 3.176697 -971.968979
v 217.856959 3.176697 -959.985576
v 235.794011 3.176697 -975.656894
v 221.623584 3.176697 -963.497216
v 240.385032 3.176697 -979.163992
v 226.067513 3.176697 -966.389803
v 243.896524 3.176697 -984.020713
v 229.531280 3.176697 -969.792812
v 247.757216 3.176697 -987.816237
v 233.051118 3.176697 -973.251283
v 251.561186 3.176697 -991.555683
v 236.659040 3.176697 -976.796814
v 255.277508 3.176697 -995.208409
v 225.800474 3.176697 -966.036656
v 258.939694 3.176697 -998.807661
v 243.982854 3.176697 -983.994781
v 262.601756 3.176697 -1002.406805
v 247.644784 3.176697 -987.593704
v 266.263707 3.176697 -1006.005749
v 251.306867 3.176697 -991.192809
v 269.925671 3.176697 -1009.604736
v 254.968910 3.176697 -994.791950
v 274.803618 3.176697 -1014.406272
v 258.630953 3.176697 -998.390969
v 278.465672 3.176697 -1018.005302
v 246.589488 3.176697 -986.461087
v 280.911814 3.176697 -1020.402052
v 250.211496 3.176697 -990.020576
v 284.573802 3.176697 -1024.001079
v 253.833394 3.176697 -993.579959
v 290.059734 3.176697 -1029.403782
v 257.455091 3.176697 -997.139141
v 293.721661 3.176697 -1033.002748
v 261.076905 3.176697 -1000.698408
v 295.559578 3.176697 -1034.797939
v 280.657291 3.176697 -1020.039081
v 311.769493 3.176697 -1050.805592
v 284.643265 3.176697 -1023.602604
v 314.432514 3.176697 -1055.103879
v 288.410907 3.176697 -1027.259956
v 316.928320 3.176697 -1059.172300
v 291.847796 3.176697 -1031.084524
v 319.944258 3.176697 -1062.525804
v 295.211954 3.176697 -1034.967102
v 323.238078 3.176697 -1065.630980
v 298.574801 3.176697 -1038.845764
v 314.571049 3.176697 -1055.761337
v 302.685149 3.176697 -1042.100338
v 316.660003 3.176697 -1060.249501
v 304.613031 3.176697 -1046.401990
v 320.799657 3.176697 -1062.408765
v 308.244637 3.176697 -1049.979464
v 324.431709 3.176697 -1065.986678
v 310.691264 3.176697 -1054.766426
v 345.802386 3.176697 -1077.621779
v 313.719572 3.176697 -1059.927228
v 335.783382 3.176697 -1065.533606
v 318.595624 3.176697 -1061.338803
v 340.753012 3.176697 -1066.562903
v 323.578140 3.176697 -1062.535797
v 352.392988 3.176697 -1069.329541
v 328.533778 3.176697 -1063.857865
v 357.450501 3.176697 -1070.205438
v 333.536069 3.176697 -1064.985897
v 355.771923 3.176697 -1069.866938
v 338.540539 3.176697 -1066.114318
v 360.776259 3.176697 -1070.995330
v 343.544031 3.176697 -1067.242637
v 365.779647 3.176697 -1072.123626
v 348.545498 3.176697 -1068.371424
v 370.789523 3.176697 -1073.214881
v 346.823246 3.176697 -1068.129078
v 375.820395 3.176697 -1074.209125
v 351.890000 3.176697 -1069.216021
v 380.836030 3.176697 -1075.285350
v 356.904728 3.176697 -1070.291921
v 385.850787 3.176697 -1076.361256
v 361.891269 3.176697 -1071.482634
v 390.885532 3.176697 -1077.328252
v 366.831028 3.176697 -1072.626330
v 395.875286 3.176697 -1078.247799
v 371.615827 3.176697 -1078.483858
v 400.925753 3.176697 -1074.497708
v 376.865754 3.176697 -1077.992749
v 405.907697 3.176697 -1073.578373
v 388.465737 3.176697 -1076.204933
v 410.972136 3.176697 -1072.783960
v 373.302546 3.176697 -1078.485174
v 434.136762 3.176697 -1069.238374
v 378.481614 3.176697 -1077.673383
v 439.205058 3.176697 -1068.443420
v 383.654408 3.176697 -1076.862550
v 444.272992 3.176697 -1067.648525
v 388.830355 3.176697 -1076.051120
v 449.341259 3.176697 -1066.853463
v 394.017933 3.176697 -1075.237923
v 454.409435 3.176697 -1066.058414
v 418.874414 3.176697 -1071.435169
v 441.380904 3.176697 -1068.014183
v 423.942529 3.176697 -1070.640247
v 446.448913 3.176697 -1067.219277
v 429.010721 3.176697 -1069.845206
v 451.517120 3.176697 -1066.424233
v 434.109003 3.176697 -1069.046990
v 456.615463 3.176697 -1065.626008
v 426.396656 3.176697 -1066.379712
v 480.733695 3.176697 -1068.104697
v 432.821270 3.176697 -1060.458217
v 482.464539 3.176697 -1078.414294
v 449.819837 3.176697 -1065.889823
v 470.145071 3.176697 -1076.142375
v 454.401046 3.176697 -1068.197913
v 474.726580 3.176697 -1078.450616
v 455.929009 3.176697 -1068.965886
v 479.308127 3.176697 -1080.758892
v 463.564061 3.176697 -1072.814532
v 483.889609 3.176697 -1083.067242
v 468.145574 3.176697 -1075.122759
v 488.471203 3.176697 -1085.375510
v 472.726913 3.176697 -1077.430946
v 493.052461 3.176697 -1087.683656
v 465.094151 3.176697 -1073.578143
v 497.633898 3.176697 -1089.991998
v 469.675759 3.176697 -1075.886297
v 502.215479 3.176697 -1092.300138
v 474.257241 3.176697 -1078.194646
v 506.796975 3.176697 -1094.608495
v 491.052909 3.176697 -1086.663890
v 514.425569 3.176697 -1098.453639
v 495.634327 3.176697 -1088.972254
v 526.632609 3.176697 -1104.608556
v 500.215449 3.174026 -1091.278378
v 531.196498 3.174026 -1106.905987
v 504.772680 3.430816 -1093.637828
v 535.835349 2.331252 -1109.031717
v 509.339608 3.386762 -1095.975414
v 540.507850 1.731811 -1111.145797
v 511.863549 3.221066 -1097.223167
v 545.129280 1.454743 -1113.414452
v 516.462032 2.938901 -1099.479623
v 549.766876 1.170503 -1115.689945
v 521.060624 2.656738 -1101.736195
v 554.388148 0.887135 -1117.957556
v 527.734037 2.283904 -1105.005179
v 559.028304 0.622262 -1120.236902
v 532.352698 1.695933 -1107.208314
v 563.586867 1.419524 -1122.687194
v 536.973855 1.571472 -1109.439824
v 568.100460 1.571472 -1125.140855
v 541.556775 1.571472 -1111.746451
v 572.667862 1.571472 -1127.439654
v 546.139022 1.571472 -1114.052772
v 577.233679 1.571472 -1129.737687
v 550.721488 1.571472 -1116.359081
v 581.801336 1.571472 -1132.036526
v 555.303817 1.571472 -1118.665381
v 586.369918 1.571472 -1134.335892
v 559.886242 1.571472 -1120.971669
v 590.935967 1.571472 -1136.633920
v 564.468802 1.571472 -1123.278148
v 595.512084 1.571472 -1138.937149
v 561.417314 1.571472 -1121.733793
v 589.376931 1.571472 -1135.837316
v 565.999773 1.571472 -1124.040189
v 609.881015 1.571472 -1146.174975
v 570.582170 1.571472 -1126.346464
v 614.463481 1.571472 -1148.481284
v 582.796941 1.571472 -1132.502702
v 619.044277 1.571472 -1150.786757
v 587.294492 1.571472 -1134.948625
v 607.798183 1.571472 -1144.840756
v 591.675098 1.571472 -1137.625928
v 612.736604 1.571472 -1146.266546
v 596.165596 1.571472 -1140.128954
v 617.816133 1.571472 -1147.165379
v 577.609365 1.571472 -1136.894022
v 630.414064 1.571472 -1149.343910
v 605.636399 1.571472 -1144.142332
v 635.686412 1.571472 -1148.950333
v 610.580189 1.571472 -1145.545559
v 640.913061 1.571472 -1148.193667
v 606.295877 1.571472 -1146.434082
v 646.070743 1.571472 -1147.065429
v 611.477224 1.845419 -1149.492968
v 663.006889 1.015132 -1143.525282
v 615.828253 1.477539 -1151.683029
v 662.911242 1.477539 -1140.964950
v 621.508783 1.477539 -1152.568290
v 665.053009 1.477539 -1137.199739
v 626.658403 1.477539 -1152.825653
v 667.834007 1.477539 -1133.321420
v 632.015481 1.477539 -1152.790873
v 670.744024 1.477539 -1128.540290
v 637.081856 1.477539 -1151.453845
v 674.539665 1.477539 -1123.638638
v 642.057501 1.477539 -1149.270410
v 678.348730 1.477539 -1118.649688
v 647.012877 1.477539 -1146.351225
v 682.441148 1.477539 -1113.233494
v 652.013263 1.477539 -1142.807138
v 686.732932 1.477539 -1107.298385
v 656.278692 1.477539 -1138.444021
v 692.040657 1.477539 -1101.869283
v 665.737733 1.477539 -1128.763552
v 695.590716 1.477539 -1098.232091
v 669.321046 1.477539 -1125.092531
v 690.041559 1.477539 -1103.901097
v 672.904298 1.477539 -1121.421389
v 693.624854 1.477539 -1100.229910
v 670.523920 1.477539 -1123.850275
v 692.403030 1.477539 -1101.473913
v 673.735020 1.477539 -1120.561058
v 695.979723 1.477539 -1097.810794
v 674.977536 1.478134 -1115.436217
v 700.812666 1.478134 -1095.543168
v 679.185074 1.479401 -1114.386621
v 705.714565 1.479401 -1090.139236
v 682.579654 1.480759 -1111.611343
v 709.664216 1.480759 -1086.293165
v 685.041791 1.482101 -1107.946118
v 714.161160 1.482101 -1083.073323
v 687.543243 1.483459 -1105.101911
v 716.585758 1.483459 -1081.393737
v 690.404696 1.484802 -1102.400651
v 720.960624 1.484802 -1078.017638
v 699.324392 1.486160 -1094.380153
v 725.624176 1.486160 -1075.042078
v 699.257335 1.487503 -1092.685194
v 739.287445 1.487503 -1067.005501
v 703.335231 1.488861 -1089.302804
v 744.783558 1.488861 -1064.357051
v 702.745574 1.490219 -1087.630708
v 746.378638 1.490219 -1065.035014
v 706.181582 1.491562 -1084.730705
v 751.990276 1.491562 -1063.031850
v 707.074056 1.492920 -1083.061650
v 766.289375 1.492920 -1057.537806
v 707.773632 1.494263 -1081.778760
v 771.806893 1.494263 -1056.055999
v 708.329852 1.495621 -1081.095699
v 777.089529 1.495621 -1054.291082
v 708.812626 1.496979 -1080.882364
v 773.097684 1.496979 -1055.822090
v 707.140808 1.498322 -1082.956224
v 778.156027 1.498322 -1053.214806
v 708.397932 1.499680 -1084.689944
v 787.678123 1.499680 -1048.152115
v 712.835376 1.501022 -1085.733186
v 792.404842 1.501022 -1044.527569
v 716.170513 1.502380 -1089.206138
v 787.993901 1.502380 -1045.314071
v 720.469262 1.503738 -1092.051908
v 791.896678 1.503738 -1041.428597
v 729.887174 1.505081 -1098.564866
v 794.437118 1.505081 -1036.142942
v 735.438565 1.506439 -1097.660002
v 798.919461 1.506439 -1030.530778
v 738.127343 1.507782 -1093.083581
v 802.870571 1.507782 -1026.868915
v 741.645709 1.509140 -1089.493545
v 805.359996 1.509140 -1024.331205
v 724.253775 1.510498 -1107.288906
v 809.042956 1.510498 -1020.572697
v 727.788903 1.511841 -1103.680979
v 812.720306 1.511841 -1016.819316
v 731.329477 1.513199 -1100.066901
v 816.391089 1.513199 -1013.072068
v 734.873740 1.514542 -1096.448880
v 820.054105 1.514542 -1009.332596
v 738.422192 1.515900 -1092.826068
v 823.710856 1.515900 -1005.599024
v 741.974556 1.517242 -1089.198992
v 827.361287 1.517242 -1001.871651
v 745.530322 1.518600 -1085.567875
v 831.005862 1.518600 -998.149708
v 749.087405 1.519958 -1081.934672
v 834.644606 1.519958 -994.432987
v 752.649317 1.521301 -1078.296137
v 838.277064 1.521301 -990.722304
v 756.212033 1.522659 -1074.656265
v 841.902751 1.522659 -987.018029
v 759.777214 1.524002 -1071.013480
v 845.521932 1.524002 -983.320017
v 780.678107 1.525360 -1049.640716
v 849.134587 1.525360 -979.628406
v 784.245487 1.526718 -1045.995431
v 852.739976 1.526718 -975.944248
v 791.398317 1.528061 -1038.683010
v 856.336551 1.528061 -972.268907
v 794.962914 1.529419 -1035.040540
v 859.924542 1.529419 -968.602511
v 796.530857 1.530762 -1033.440155
v 863.503899 1.530762 -964.944998
v 800.296630 1.532120 -1029.592342
v 867.074592 1.532120 -961.296698
v 803.656088 1.533478 -1026.160365
v 870.636469 1.533478 -957.657702
v 809.213442 1.534821 -1020.480455
v 874.189119 1.534821 -954.028057
v 792.208407 1.536179 -1037.876073
v 877.733573 1.536179 -950.407152
v 795.769308 1.537521 -1034.239102
v 885.451107 1.537521 -942.519078
v 812.808899 1.538879 -1016.817539
v 888.975292 1.538879 -938.920091
v 816.389113 1.540222 -1013.160993
v 893.300963 1.540222 -934.501145
v 819.968288 1.541580 -1009.505920
v 896.819087 1.541580 -930.908511
v 830.590333 1.542938 -998.648098
v 900.329742 1.542938 -927.323703
v 834.164581 1.544281 -994.997865
v 902.990888 1.544281 -924.607322
v 837.744815 1.545639 -991.341095
v 906.476894 1.545639 -921.046921
v 841.332326 1.546982 -987.676773
v 905.772859 1.546982 -921.771682
v 844.927192 1.548340 -984.004817
v 911.036524 1.548340 -916.392999
v 848.530606 1.549698 -980.323815
v 912.708479 1.549698 -914.687354
v 852.143980 1.551041 -976.632528
v 916.165731 1.551041 -911.155737
v 855.796953 1.552399 -972.900517
v 919.616124 1.552399 -907.630909
v 859.633184 1.553741 -968.981094
v 924.253307 1.553741 -902.892331
v 864.211190 1.555099 -964.303287
v 927.594939 1.555099 -899.478998
v 872.600137 1.556458 -962.372093
v 928.883962 1.556458 -896.478835
v 878.775651 1.557800 -956.968200
v 931.852783 1.557800 -892.439777
v 887.806867 1.559158 -953.051778
v 934.064840 1.559158 -887.783676
v 895.758641 1.560501 -947.158729
v 936.251188 1.560501 -883.083440
v 902.282801 1.561859 -938.994068
v 938.726903 1.561859 -877.539306
v 911.363518 1.563202 -930.249515
v 940.651507 1.563202 -870.339233
v 916.683321 1.564560 -920.898106
v 943.025493 1.564560 -862.792245
v 916.793720 1.565918 -931.008314
v 943.784350 1.565918 -855.112276
v 918.823725 1.567261 -920.025675
v 945.842735 1.567261 -848.179669
v 922.606856 1.568619 -908.065603
v 947.815760 1.568619 -840.577767
v 933.824424 1.569962 -879.748957
v 949.254995 1.569962 -833.457243
v 934.560694 1.571320 -871.259538
v 953.323046 1.571320 -828.952276
v 934.961017 1.572678 -863.902372
v 958.407105 1.572678 -826.458622
v 936.492022 1.574020 -857.307675
v 964.147659 1.574020 -824.189196
v 939.943180 1.585831 -852.639154
v 967.938213 1.585831 -820.596645
v 943.993785 1.490273 -848.521285
v 970.837001 1.821671 -816.375704
v 947.400091 1.557734 -843.714827
v 974.942571 1.885621 -812.893482
v 951.520227 1.624208 -839.796892
v 977.690275 1.947295 -808.457450
v 954.806611 1.688715 -835.424601
v 981.555365 2.010989 -804.808554
v 958.074645 1.643604 -830.927803
v 985.765460 2.280175 -801.645560
v 961.536276 1.729611 -826.970915
v 989.545108 2.366175 -798.325518
v 965.185509 1.826565 -823.351521
v 992.880844 2.456004 -794.712028
v 968.863142 1.826466 -819.746801
v 996.093305 2.765437 -790.951686
v 972.339414 1.760382 -815.973301
v 999.630961 3.328862 -787.426970
v 975.897591 1.673459 -812.269883
v 1003.043688 4.169651 -783.875690
v 979.446298 1.902327 -808.568283
v 1006.460646 4.696915 -780.311896
v 982.990215 2.186021 -804.866114
v 1009.862912 5.274836 -776.757891
v 986.534285 2.420007 -801.156833
v 1013.370088 6.121496 -773.087202
v 990.059638 2.926900 -797.463630
v 1016.895283 6.628368 -769.394163
v 993.585135 3.433862 -793.770387
v 1020.420664 7.135314 -765.701041
v 997.109853 3.940693 -790.078144
v 1023.945393 7.642147 -762.008787
v 1000.641560 4.346083 -786.377789
v 1027.456297 8.352883 -758.330190
v 1004.163807 4.890231 -782.687069
v 1030.978230 8.896984 -754.639800
v 1007.684985 5.436059 -778.997206
v 1034.499597 9.442840 -750.949740
v 1011.206779 5.981977 -775.307072
v 1038.021464 9.988768 -747.259529
v 1014.728320 6.527856 -771.617018
v 1041.542659 10.534596 -743.569837
v 1018.249829 7.073777 -767.926801
v 1045.064378 11.080548 -739.879401
v 1021.771051 7.619636 -764.237012
v 1048.585800 11.626437 -736.189403
v 1025.291047 8.165567 -760.548427
v 1052.105722 12.172358 -732.500895
v 1028.791770 9.105292 -756.895111
v 1055.680558 11.886890 -728.770055
v 1032.337072 9.581928 -753.214013
v 1059.240260 12.055784 -725.073896
v 1035.987398 10.132406 -749.611047
v 1062.594545 11.988718 -721.147587
v 1039.838997 10.712732 -745.880598
v 1065.678148 11.635559 -716.965357
v 1043.813483 11.159836 -741.827087
v 1068.664821 11.159836 -712.732838
v 1047.963471 11.190750 -737.746815
v 1071.035057 11.190750 -708.167857
v 1052.052093 11.215820 -732.798213
v 1074.031617 11.215820 -703.588582
v 1056.107876 11.233505 -727.851523
v 1076.752024 11.233505 -698.723476
v 1058.809887 11.242996 -722.037828
v 1083.251558 11.242996 -696.762919
v 1062.376993 11.251678 -718.350780
v 1086.663862 11.251678 -693.235951
v 1065.944047 11.260376 -714.663917
v 1090.053360 11.260376 -689.732696
v 1069.510730 11.269058 -710.977369
v 1093.341888 11.269058 -686.333785
v 1073.077836 11.277740 -707.290130
v 1096.852097 11.277740 -682.705382
v 1076.645123 11.286438 -703.603461
v 1100.419661 11.286438 -679.018428
v 1080.211933 11.295120 -699.917155
v 1103.986258 11.295120 -675.332342
v 1083.778701 11.303802 -696.230458
v 1107.553036 11.303802 -671.645634
v 1087.345903 11.312500 -692.543129
v 1111.120206 11.312500 -667.958337
v 1090.913253 11.321182 -688.856081
v 1114.687515 11.321182 -664.271333
v 1094.480058 11.329865 -685.169776
v 1118.366279 11.329865 -660.469253
v 1098.047255 11.338562 -681.482831
v 1121.989440 11.338562 -656.724435
v 1101.614330 11.347244 -677.795885
v 1125.724884 11.347244 -652.863380
v 1105.181341 11.355927 -674.108996
v 1129.404205 11.355927 -649.060353
v 1108.750290 11.364624 -670.423166
v 1133.084085 11.364624 -645.259810
v 1112.321393 11.373306 -666.738235
v 1136.768856 11.373306 -641.457336
v 1115.890633 11.381989 -663.052168
v 1140.446990 11.381989 -637.658663
v 1086.199817 11.390671 -693.756966
v 1169.156269 11.390671 -607.972454
v 1086.551343 11.399368 -692.917251
v 1172.390982 11.399368 -605.126709
v 1090.135508 11.408051 -689.246662
v 1175.975243 11.408051 -601.456022
v 1094.915813 11.416733 -684.350755
v 1180.755335 11.416733 -596.560334
v 1140.326172 -32.984756 -637.904968
v 1140.326172 55.918655 -637.904968
v 1098.499033 11.519348 -680.680866
v 1184.338587 11.519348 -592.890412
v 1101.485059 11.523697 -677.622756
v 1187.324645 11.523697 -589.832269
v 1105.068921 11.523697 -673.952346
v 1190.908443 11.523697 -586.161925
v 1108.651955 11.523697 -670.282705
v 1194.491541 11.523697 -582.492218
v 1112.235913 11.528046 -666.612075
v 1198.075435 11.528046 -578.821654
v 1157.050781 1.697861 -620.776245
v 1157.050781 22.217255 -620.776245
v 1119.406137 12.402649 -659.268756
v 1205.245691 12.402649 -571.478302
v 1167.802124 22.234543 -609.765015
v 1167.802124 1.715179 -609.765015
v 1126.572827 11.562790 -651.928603
v 1212.412413 11.562790 -564.138116
v 1130.156079 11.571472 -648.258925
v 1215.995601 11.571472 -560.468504
v 1133.739267 11.580170 -644.589191
v 1219.578821 11.580170 -556.798737
v 1137.323072 11.588852 -640.918654
v 1223.162593 11.588852 -553.128233
v 1140.907088 11.597534 -637.248089
v 1226.746578 11.597534 -549.457701
v 1144.492075 11.606216 -633.576435
v 1230.331597 11.606216 -545.786013
v 1148.077036 11.614914 -629.904865
v 1233.916590 11.614914 -542.114411
v 1151.659465 11.619247 -626.235765
v 1237.498987 11.619247 -538.445343
v 1155.242261 11.619247 -622.566420
v 1241.081964 11.619247 -534.775814
v 1158.827294 11.160799 -618.894686
v 1244.664322 12.136220 -531.106820
v 1162.411727 11.680069 -615.223736
v 1248.251302 11.680069 -527.433261
v 1165.395401 11.684402 -612.167918
v 1251.235008 11.684402 -524.377409
v 1209.606201 56.094513 -566.950623
v 1209.606201 -32.809052 -566.950623
v 1168.977867 11.599167 -608.498783
v 1254.817517 11.599167 -520.708230
v 1173.759807 11.607849 -603.601426
v 1259.599446 11.607849 -515.810885
v 1219.169922 -46.417999 -557.155762
v 1219.169922 69.462128 -557.155762
v 1177.343367 11.709381 -599.930646
v 1263.182974 11.709381 -512.140137
v 1182.747871 11.713730 -594.398357
v 1251.823813 11.713730 -523.752507
v 0.000000 0.000000 0.000000
v 0.000000 0.000000 0.000000
v 0.000000 0.000000 0.000000
v 0.000000 0.000000 0.000000
v 0.000000 0.000000 0.000000
v 0.000000 0.000000 0.000000
v 0.000000 0.000000 0.000000
v 0.000000 0.000000 0.000000
v -235817.816845 638580.545362 -13204.392151
v -1062905.390416 2884134.435011 -59653.151733
v nan nan nan
v nan nan nan
v nan nan nan
v nan nan nan
v nan nan nan
v nan nan nan
v nan nan nan
v nan nan nan
v nan nan nan
v nan nan nan
v nan nan nan
v nan nan nan
v nan nan nan
v nan nan nan
v nan nan nan
v nan nan nan
v nan nan nan
v nan nan nan
v nan nan nan
v nan nan nan
v nan nan nan
v nan nan nan
v nan nan nan
v nan nan nan
v nan nan nan
v nan nan nan
v nan nan nan
v nan nan nan
v nan 0.000000 0.000000
v nan 0.000000 0.000000
v nan nan nan
v 0.000000 nan nan
v 0.000000 0.000000 0.000000
v 0.000000 0.000000 0.000000
v 0.000000 0.000000 0.000000
v 0.000000 0.000000 0.000000
v 0.000000 0.000000 0.000000
v 0.000000 0.000000 0.000000
v 0.000000 -0.000000 -0.000000
v 0.000000 0.000000 0.000000
v nan nan nan
v nan nan nan
v nan nan nan
v nan nan nan
v nan nan nan
v nan nan nan
v nan nan nan
v nan nan nan
v nan nan nan
v nan nan nan
v nan nan nan
v nan nan nan
v nan nan nan
v nan nan nan
v nan nan nan
v nan nan nan
v nan nan nan
v nan nan nan
v nan nan nan
v nan nan nan
v nan nan nan
v nan nan nan
v nan nan nan
v nan nan nan
v nan nan nan
v nan nan nan
v nan nan nan
v nan nan nan
v nan nan nan
v nan nan nan
v -0.000000 -0.000000 -1657.702637
v 0.000000 0.000000 -1657.702637
v nan nan nan
v nan nan nan
v 0.000000 0.000000 0.000000
v 0.000000 0.000000 0.000000
v 0.000000 0.000000 0.000000
v 0.000000 0.000000 0.000000
v 0.000000 0.000000 0.000000
v 0.000000 0.000000 0.000000
v -2680398.812256 66968.115234 745020.281982
v -64040.000000 1600.000000 17800.000000
v nan nan nan
v nan nan nan
v nan nan nan
v nan nan nan
v nan nan nan
v nan nan nan
v nan nan nan
v nan nan nan
v nan nan nan
v nan nan nan
v nan nan nan
v nan nan nan
v nan nan nan
v nan nan nan
v nan nan nan
v nan nan nan
v nan nan nan
v nan nan nan
v nan nan nan
v nan nan nan
v nan nan nan
v nan nan nan
v nan nan nan
v nan nan nan
v nan nan nan
v nan nan nan
v nan nan nan
v nan nan nan
v nan nan nan
v nan nan nan
v nan nan nan
v nan nan nan
v -0.000000 0.000000 -0.000000
v 0.000000 0.000000 0.000000
v 0.000000 0.000000 0.000000
v 0.000000 0.000000 0.000000
v 0.000000 0.000000 0.000000
v 0.000000 0.000000 0.000000
v 0.000000 0.000000 0.000000
v 0.000000 0.000000 0.000000
v -148267.991872 696129.183925 -15965.230133
v nan nan nan
v nan nan nan
v nan nan nan
v nan nan nan
v nan nan nan
v nan nan nan
v nan nan nan
v nan nan nan
v nan nan nan
v nan nan nan
v nan nan nan
v nan nan nan
v nan nan nan
v nan nan nan
v nan nan nan
v nan nan nan
v nan nan nan
v nan nan nan
v nan nan nan
v nan nan nan
v nan nan nan
v nan nan nan
v nan nan nan
v nan nan nan
v nan nan nan
v nan nan nan
v nan nan nan
v nan nan nan
v nan nan nan
v -0.000000 715591.553893 -15596.391900
v 0.000000 -0.000000 0.000000
v nan nan nan
v nan nan nan
v 0.000000 0.000000 0.000000
v 0.000000 0.000000 0.000000
v 0.000000 0.000000 0.000000
v 0.000000 0.000000 0.000000
v 0.000000 0.000000 0.000000
v 0.000000 0.000000 0.000000
v -0.000000 -0.000000 -0.000000
v 0.000000 0.000000 0.000000
v nan nan nan
v nan nan nan
v nan nan nan
v nan nan nan
v nan nan nan
v nan nan nan
v nan nan nan
v nan nan nan
v nan nan nan
v nan nan nan
v nan nan nan
v nan nan nan
v nan nan nan
v nan nan nan
v nan nan nan
v nan nan nan
v nan nan nan
v nan nan nan
v nan nan nan
v nan nan nan
v nan nan nan
v nan nan nan
v nan nan nan
v nan nan nan
v nan nan nan
v nan nan nan
v nan nan nan
v nan nan nan
v nan nan nan
v nan nan nan
v 34.935127 364.235321 -1513.764648
v 34.935127 364.235321 -1513.764648
v nan nan 0.000000
v nan nan 0.000000
v 0.000000 0.000000 0.000000
v 0.000000 0.000000 0.000000
v 0.000000 0.000000 0.000000
v 0.000000 0.000000 0.000000
v 0.000000 0.000000 0.000000
v 0.000000 0.000000 0.000000
v -2254794.073482 60179.601807 639694.813558
v -62983.282104 1681.000000 17868.629059
v nan nan nan
v nan nan nan
v nan nan nan
v nan nan nan
v nan nan nan
v nan nan nan
v nan nan nan
v nan nan nan
v nan nan nan
v nan nan nan
v nan nan nan
v nan nan nan
v nan nan nan
v nan nan nan
v nan nan nan
v nan nan nan
v nan nan nan
v nan nan nan
v nan nan nan
v nan nan nan
v nan nan nan
v nan nan nan
v nan nan nan
v nan nan nan
v nan nan nan
v nan nan nan
v nan nan nan
v nan nan nan
v nan nan nan
v nan nan nan
v nan nan nan
v nan nan nan
v 0.000000 0.000000 0.000000
v 0.000000 0.000000 0.000000
v 0.000000 0.000000 0.000000
v 0.000000 0.000000 0.000000
v 0.000000 0.000000 0.000000
v 0.000000 0.000000 0.000000
v 0.000000 0.000000 0.000000
v 0.000000 0.000000 0.000000
v nan nan nan
v nan nan nan
v nan nan nan
v nan nan nan
v nan nan nan
v nan nan nan
v nan nan nan
v nan nan nan
v nan nan nan
v nan nan nan
v nan nan nan
v nan nan nan
v nan nan nan
v nan nan nan
v nan nan nan
v nan nan nan
v nan nan nan
v nan nan nan
v nan nan nan
v nan nan nan
v nan nan nan
v nan nan nan
v nan nan nan
v nan nan nan
v nan nan nan
v nan nan nan
v nan nan nan
v nan nan nan
v nan nan nan
v nan nan nan
v 0.000000 0.000000 -0.000000
v 0.000000 -0.000000 0.000000
v nan nan nan
v nan nan nan
v 0.000000 0.000000 0.000000
v 0.000000 0.000000 0.000000
v 0.000000 0.000000 0.000000
v 0.000000 0.000000 0.000000
v 0.000000 0.000000 0.000000
v 0.000000 0.000000 0.000000
v -0.000000 -0.000000 56360.000000
v 0.000000 0.000000 -686602.156860
v nan nan nan
v nan nan nan
v nan nan nan
v nan nan nan
v nan nan nan
v nan nan nan
v nan nan nan
v nan nan nan
v nan nan nan
v nan nan nan
v nan nan nan
v nan nan nan
v nan nan nan
v nan nan nan
v nan nan nan
v nan nan nan
v nan nan nan
v nan nan nan
v nan nan nan
v nan nan nan
v nan nan nan
v nan nan nan
v nan nan nan
v nan nan nan
v nan nan nan
v nan nan nan
v nan nan nan
v nan nan nan
v nan nan nan
v nan nan nan
v 37.456318 412.982269 0.000000
v 37.456318 412.982269 0.000000
v -0.000000 0.000000 -0.000000
v 0.000000 0.000000 0.000000
v 0.000000 0.000000 0.000000
v 0.000000 0.000000 0.000000
v 0.000000 0.000000 0.000000
v 0.000000 0.000000 0.000000
v 0.000000 0.000000 0.000000
v 0.000000 0.000000 0.000000
v -1923055.716203 53022.285156 364797.048879
v -59404.490234 1640.000000 11391.736328
v nan nan nan
v nan nan nan
v nan nan nan
v nan nan nan
v nan nan nan
v nan nan nan
v nan nan nan
v nan nan nan
v nan nan nan
v nan nan nan
v nan nan nan
v nan nan nan
v nan nan nan
v nan nan nan
v nan nan nan
v nan nan nan
v nan nan nan
v nan nan nan
v nan nan nan
v nan nan nan
v nan nan nan
v nan nan nan
v nan nan nan
v nan nan nan
v nan nan nan
v nan nan nan
v nan nan nan
v nan nan nan
v 0.000000 0.000000 0.000000
v 0.000000 0.000000 0.000000
v nan nan nan
v nan nan nan
v 0.000000 0.000000 0.000000
v 0.000000 0.000000 0.000000
v 0.000000 0.000000 0.000000
v 0.000000 0.000000 0.000000
v 0.000000 0.000000 0.000000
v 0.000000 0.000000 0.000000
v -0.000000 -0.000000 -0.000000
v -0.000000 -0.000000 -0.000000
v nan nan nan
v nan nan nan
v nan nan nan
v nan nan nan
v nan nan nan
v nan nan nan
v nan nan nan
v nan nan nan
v nan nan nan
v nan nan nan
v nan nan nan
v nan nan nan
v nan nan nan
v nan nan nan
v nan nan nan
v nan nan nan
v nan nan nan
v nan nan nan
v nan nan nan
v nan nan nan
v nan nan nan
v nan nan nan
vt 0.000000 0.000000
vt 1.000000 0.000000
vt 0.000000 5.130031
vt 1.000000 5.130031
vt 0.000000 10.260080
vt 1.000000 10.260080
vt 0.000000 15.389915
vt 1.000000 15.389915
vt 0.000000 20.519965
vt 1.000000 20.519965
vt 0.000000 25.650014
vt 1.000000 25.650014
vt 0.000000 30.780044
vt 1.000000 30.780044
vt 0.000000 35.910075
vt 1.000000 35.910075
vt 0.000000 41.040124
vt 1.000000 41.040124
vt 0.000000 46.169978
vt 1.000000 46.169978
vt 0.000000 51.300009
vt 1.000000 51.300009
vt 0.000000 56.429862
vt 1.000000 56.429862
vt 0.000000 61.559849
vt 1.000000 61.559849
vt 0.000000 66.689917
vt 1.000000 66.689917
vt 0.000000 71.820029
vt 1.000000 71.820029
vt 0.000000 76.949981
vt 1.000000 76.949981
vt 0.000000 82.079933
vt 1.000000 82.079933
vt 0.000000 87.209947
vt 1.000000 87.209947
vt 0.000000 92.339875
vt 1.000000 92.339875
vt 0.000000 97.469713
vt 1.000000 97.469713
vt 0.000000 102.599462
vt 1.000000 102.599462
vt 0.000000 107.729338
vt 1.000000 107.729338
vt 0.000000 112.975669
vt 1.000000 112.975669
vt 0.000000 118.105519
vt 1.000000 118.105519
vt 0.000000 123.119225
vt 1.000000 123.119225
vt 0.000000 128.249108
vt 1.000000 128.249108
vt 0.000000 133.378880
vt 1.000000 133.378880
vt 0.000000 138.508703
vt 1.000000 138.508703
vt 0.000000 143.638479
vt 1.000000 143.638479
vt 0.000000 148.768078
vt 1.000000 148.768078
vt 0.000000 153.897674
vt 1.000000 153.897674
vt 0.000000 159.027388
vt 1.000000 159.027388
vt 0.000000 164.156899
vt 1.000000 164.156899
vt 0.000000 170.024239
vt 1.000000 170.024239
vt 0.000000 176.143735
vt 1.000000 176.143735
vt 0.000000 180.940019
vt 1.000000 180.940019
vt 0.000000 185.178498
vt 1.000000 185.178498
vt 0.000000 189.951254
vt 1.000000 189.951254
vt 0.000000 195.094517
vt 1.000000 195.094517
vt 0.000000 200.224175
vt 1.000000 200.224175
vt 0.000000 205.354033
vt 1.000000 205.354033
vt 0.000000 210.481688
vt 1.000000 210.481688
vt 0.000000 215.606573
vt 1.000000 215.606573
vt 0.000000 220.736712
vt 1.000000 220.736712
vt 0.000000 225.866606
vt 1.000000 225.866606
vt 0.000000 230.996500
vt 1.000000 230.996500
vt 0.000000 236.126516
vt 1.000000 236.126516
vt 0.000000 241.256654
vt 1.000000 241.256654
vt 0.000000 246.386671
vt 1.000000 246.386671
vt 0.000000 251.516565
vt 1.000000 251.516565
vt 0.000000 256.646459
vt 1.000000 256.646459
vt 0.000000 261.776597
vt 1.000000 261.776597
vt 0.000000 266.906492
vt 1.000000 266.906492
vt 0.000000 272.036508
vt 1.000000 272.036508
vt 0.000000 277.166524
vt 1.000000 277.166524
vt 0.000000 282.296418
vt 1.000000 282.296418
vt 0.000000 287.426312
vt 1.000000 287.426312
vt 0.000000 292.556207
vt 1.000000 292.556207
vt 0.000000 297.686345
vt 1.000000 297.686345
vt 0.000000 302.816605
vt 1.000000 302.816605
vt 0.000000 307.938480
vt 1.000000 307.938480
vt 0.000000 313.006441
vt 1.000000 313.006441
vt 0.000000 318.136479
vt 1.000000 318.136479
vt 0.000000 323.266632
vt 1.000000 323.266632
vt 0.000000 328.396651
vt 1.000000 328.396651
vt 0.000000 333.526457
vt 1.000000 333.526457
vt 0.000000 338.656494
vt 1.000000 338.656494
vt 0.000000 343.786532
vt 1.000000 343.786532
vt 0.000000 348.916677
vt 1.000000 348.916677
vt 0.000000 354.046598
vt 1.000000 354.046598
vt 0.000000 359.176529
vt 1.000000 359.176529
vt 0.000000 364.306673
vt 1.000000 364.306673
vt 0.000000 369.409550
vt 1.000000 369.409550
vt 0.000000 374.492461
vt 1.000000 374.492461
vt 0.000000 379.622622
vt 1.000000 379.622622
vt 0.000000 384.752662
vt 1.000000 384.752662
vt 0.000000 389.882579
vt 1.000000 389.882579
vt 0.000000 395.012385
vt 1.000000 395.012385
vt 0.000000 400.142270
vt 1.000000 400.142270
vt 0.000000 405.272331
vt 1.000000 405.272331
vt 0.000000 410.402392
vt 1.000000 410.402392
vt 0.000000 415.532209
vt 1.000000 415.532209
vt 0.000000 420.662270
vt 1.000000 420.662270
vt 0.000000 425.792332
vt 1.000000 425.792332
vt 0.000000 430.922393
vt 1.000000 430.922393
vt 0.000000 436.052454
vt 1.000000 436.052454
vt 0.000000 441.182393
vt 1.000000 441.182393
vt 0.000000 446.312332
vt 1.000000 446.312332
vt 0.000000 451.442393
vt 1.000000 451.442393
vt 0.000000 456.572333
vt 1.000000 456.572333
vt 0.000000 461.555219
vt 1.000000 461.555219
vt 0.000000 466.293880
vt 1.000000 466.293880
vt 0.000000 471.314595
vt 1.000000 471.314595
vt 0.000000 476.444597
vt 1.000000 476.444597
vt 0.000000 481.574577
vt 1.000000 481.574577
vt 0.000000 486.704513
vt 1.000000 486.704513
vt 0.000000 491.834617
vt 1.000000 491.834617
vt 0.000000 496.964652
vt 1.000000 496.964652
vt 0.000000 502.094439
vt 1.000000 502.094439
vt 0.000000 507.223149
vt 1.000000 507.223149
vt 0.000000 512.352225
vt 1.000000 512.352225
vt 0.000000 517.481968
vt 1.000000 517.481968
vt 0.000000 522.611720
vt 1.000000 522.611720
vt 0.000000 527.741353
vt 1.000000 527.741353
vt 0.000000 532.871390
vt 1.000000 532.871390
vt 0.000000 538.001263
vt 1.000000 538.001263
vt 0.000000 543.131264
vt 1.000000 543.131264
vt 0.000000 548.261112
vt 1.000000 548.261112
vt 0.000000 553.390280
vt 1.000000 553.390280
vt 0.000000 558.518750
vt 1.000000 558.518750
vt 0.000000 563.646122
vt 1.000000 563.646122
vt 0.000000 568.774943
vt 1.000000 568.774943
vt 0.000000 573.904819
vt 1.000000 573.904819
vt 0.000000 579.034813
vt 1.000000 579.034813
vt 0.000000 584.164806
vt 1.000000 584.164806
vt 0.000000 589.294800
vt 1.000000 589.294800
vt 0.000000 594.424853
vt 1.000000 594.424853
vt 0.000000 599.554601
vt 1.000000 599.554601
vt 0.000000 604.684551
vt 1.000000 604.684551
vt 0.000000 609.814428
vt 1.000000 609.814428
vt 0.000000 614.944229
vt 1.000000 614.944229
vt 0.000000 620.073189
vt 1.000000 620.073189
vt 0.000000 625.074060
vt 1.000000 625.074060
vt 0.000000 629.926854
vt 1.000000 629.926854
vt 0.000000 635.119983
vt 1.000000 635.119983
vt 0.000000 640.252437
vt 1.000000 640.252437
vt 0.000000 645.387088
vt 1.000000 645.387088
vt 0.000000 650.516979
vt 1.000000 650.516979
vt 0.000000 655.646870
vt 1.000000 655.646870
vt 0.000000 660.777005
vt 1.000000 660.777005
vt 0.000000 665.907018
vt 1.000000 665.907018
vt 0.000000 671.037032
vt 1.000000 671.037032
vt 0.000000 676.166923
vt 1.000000 676.166923
vt 0.000000 681.297058
vt 1.000000 681.297058
vt 0.000000 686.427071
vt 1.000000 686.427071
vt 0.000000 691.557085
vt 1.000000 691.557085
vt 0.000000 696.687098
vt 1.000000 696.687098
vt 0.000000 701.817111
vt 1.000000 701.817111
vt 0.000000 706.947124
vt 1.000000 706.947124
vt 0.000000 712.077138
vt 1.000000 712.077138
vt 0.000000 717.207151
vt 1.000000 717.207151
vt 0.000000 722.337164
vt 1.000000 722.337164
vt 0.000000 727.467299
vt 1.000000 727.467299
vt 0.000000 732.597190
vt 1.000000 732.597190
vt 0.000000 737.727326
vt 1.000000 737.727326
vt 0.000000 742.857339
vt 1.000000 742.857339
vt 0.000000 747.987230
vt 1.000000 747.987230
vt 0.000000 753.117243
vt 1.000000 753.117243
vt 0.000000 758.247318
vt 1.000000 758.247318
vt 0.000000 763.377331
vt 1.000000 763.377331
vt 0.000000 768.507283
vt 1.000000 768.507283
vt 0.000000 773.637296
vt 1.000000 773.637296
vt 0.000000 778.767310
vt 1.000000 778.767310
vt 0.000000 783.897384
vt 1.000000 783.897384
vt 0.000000 789.027397
vt 1.000000 789.027397
vt 0.000000 794.157410
vt 1.000000 794.157410
vt 0.000000 799.287424
vt 1.000000 799.287424
vt 0.000000 804.417437
vt 1.000000 804.417437
vt 0.000000 809.547450
vt 1.000000 809.547450
vt 0.000000 814.677463
vt 1.000000 814.677463
vt 0.000000 819.807476
vt 1.000000 819.807476
vt 0.000000 824.937490
vt 1.000000 824.937490
vt 0.000000 830.067503
vt 1.000000 830.067503
vt 0.000000 835.196946
vt 1.000000 835.196946
vt 0.000000 840.285653
vt 1.000000 840.285653
vt 0.000000 845.366733
vt 1.000000 845.366733
vt 0.000000 850.466560
vt 1.000000 850.466560
vt 0.000000 855.567007
vt 1.000000 855.567007
vt 0.000000 860.649355
vt 1.000000 860.649355
vt 0.000000 865.672170
vt 1.000000 865.672170
vt 0.000000 870.773399
vt 1.000000 870.773399
vt 0.000000 875.903404
vt 1.000000 875.903404
vt 0.000000 881.033409
vt 1.000000 881.033409
vt 0.000000 886.163445
vt 1.000000 886.163445
vt 0.000000 891.293421
vt 1.000000 891.293421
vt 0.000000 896.423456
vt 1.000000 896.423456
vt 0.000000 901.553431
vt 1.000000 901.553431
vt 0.000000 906.683467
vt 1.000000 906.683467
vt 0.000000 911.813503
vt 1.000000 911.813503
vt 0.000000 916.943478
vt 1.000000 916.943478
vt 0.000000 922.073514
vt 1.000000 922.073514
vt 0.000000 927.203550
vt 1.000000 927.203550
vt 0.000000 932.333525
vt 1.000000 932.333525
vt 0.000000 937.463560
vt 1.000000 937.463560
vt 0.000000 942.593596
vt 1.000000 942.593596
vt 0.000000 947.723571
vt 1.000000 947.723571
vt 0.000000 952.853577
vt 1.000000 952.853577
vt 0.000000 957.983613
vt 1.000000 957.983613
vt 0.000000 963.113648
vt 1.000000 963.113648
vt 0.000000 968.243654
vt 1.000000 968.243654
vt 0.000000 973.373690
vt 1.000000 973.373690
vt 0.000000 978.312319
vt 1.000000 978.312319
vt 0.000000 983.278586
vt 1.000000 983.278586
vt 0.000000 988.126712
vt 1.000000 988.126712
vt 0.000000 992.935503
vt 1.000000 992.935503
vt 0.000000 998.065472
vt 1.000000 998.065472
vt 0.000000 1003.195488
vt 1.000000 1003.195488
vt 0.000000 1008.325541
vt 1.000000 1008.325541
vt 0.000000 1013.455557
vt 1.000000 1013.455557
vt 0.000000 1018.585574
vt 1.000000 1018.585574
vt 0.000000 1023.650171
vt 1.000000 1023.650171
vt 0.000000 1028.497962
vt 1.000000 1028.497962
vt 0.000000 1033.531103
vt 1.000000 1033.531103
vt 0.000000 1038.661087
vt 1.000000 1038.661087
vt 0.000000 1043.791193
vt 1.000000 1043.791193
vt 0.000000 1048.921177
vt 1.000000 1048.921177
vt 0.000000 1054.051160
vt 1.000000 1054.051160
vt 0.000000 1059.181144
vt 1.000000 1059.181144
vt 0.000000 1064.311189
vt 1.000000 1064.311189
vt 0.000000 1069.441172
vt 1.000000 1069.441172
vt 0.000000 1074.571156
vt 1.000000 1074.571156
vt 0.000000 1079.701140
vt 1.000000 1079.701140
vt 0.000000 1084.831184
vt 1.000000 1084.831184
vt 0.000000 1089.961229
vt 1.000000 1089.961229
vt 0.000000 1095.091274
vt 1.000000 1095.091274
vt 0.000000 1100.221319
vt 1.000000 1100.221319
vt 0.000000 1105.351302
vt 1.000000 1105.351302
vt 0.000000 1110.481347
vt 1.000000 1110.481347
vt 0.000000 1115.611331
vt 1.000000 1115.611331
vt 0.000000 1120.741315
vt 1.000000 1120.741315
vt 0.000000 1125.871298
vt 1.000000 1125.871298
vt 0.000000 1131.001328
vt 1.000000 1131.001328
vt 0.000000 1136.131402
vt 1.000000 1136.131402
vt 0.000000 1141.261312
vt 1.000000 1141.261312
vt 0.000000 1146.391138
vt 1.000000 1146.391138
vt 0.000000 1151.521124
vt 1.000000 1151.521124
vt 0.000000 1156.651109
vt 1.000000 1156.651109
vt 0.000000 1161.780795
vt 1.000000 1161.780795
vt 0.000000 1166.910618
vt 1.000000 1166.910618
vt 0.000000 1172.040423
vt 1.000000 1172.040423
vt 0.000000 1177.170276
vt 1.000000 1177.170276
vt 0.000000 1182.300028
vt 1.000000 1182.300028
vt 0.000000 1187.429663
vt 1.000000 1187.429663
vt 0.000000 1192.559738
vt 1.000000 1192.559738
vt 0.000000 1197.689354
vt 1.000000 1197.689354
vt 0.000000 1202.819118
vt 1.000000 1202.819118
vt 0.000000 1207.949008
vt 1.000000 1207.949008
vt 0.000000 1213.079055
vt 1.000000 1213.079055
vt 0.000000 1218.209081
vt 1.000000 1218.209081
vt 0.000000 1223.339109
vt 1.000000 1223.339109
vt 0.000000 1228.469074
vt 1.000000 1228.469074
vt 0.000000 1233.599161
vt 1.000000 1233.599161
vt 0.000000 1238.729128
vt 1.000000 1238.729128
vt 0.000000 1243.859154
vt 1.000000 1243.859154
vt 0.000000 1248.989180
vt 1.000000 1248.989180
vt 0.000000 1254.119147
vt 1.000000 1254.119147
vt 0.000000 1259.249173
vt 1.000000 1259.249173
vt 0.000000 1264.379199
vt 1.000000 1264.379199
vt 0.000000 1269.509227
vt 1.000000 1269.509227
vt 0.000000 1274.639148
vt 1.000000 1274.639148
vt 0.000000 1279.769123
vt 1.000000 1279.769123
vt 0.000000 1284.898571
vt 1.000000 1284.898571
vt 0.000000 1290.027928
vt 1.000000 1290.027928
vt 0.000000 1295.156660
vt 1.000000 1295.156660
vt 0.000000 1300.285266
vt 1.000000 1300.285266
vt 0.000000 1305.414040
vt 1.000000 1305.414040
vt 0.000000 1310.543755
vt 1.000000 1310.543755
vt 0.000000 1315.673660
vt 1.000000 1315.673660
vt 0.000000 1320.803654
vt 1.000000 1320.803654
vt 0.000000 1325.933647
vt 1.000000 1325.933647
vt 0.000000 1331.063702
vt 1.000000 1331.063702
vt 0.000000 1336.193695
vt 1.000000 1336.193695
vt 0.000000 1341.323689
vt 1.000000 1341.323689
vt 0.000000 1346.453051
vt 1.000000 1346.453051
vt 0.000000 1351.582951
vt 1.000000 1351.582951
vt 0.000000 1356.712922
vt 1.000000 1356.712922
vt 0.000000 1361.842954
vt 1.000000 1361.842954
vt 0.000000 1366.972947
vt 1.000000 1366.972947
vt 0.000000 1372.102740
vt 1.000000 1372.102740
vt 0.000000 1377.232738
vt 1.000000 1377.232738
vt 0.000000 1382.362797
vt 1.000000 1382.362797
vt 0.000000 1387.492795
vt 1.000000 1387.492795
vt 0.000000 1392.622793
vt 1.000000 1392.622793
vt 0.000000 1397.752791
vt 1.000000 1397.752791
vt 0.000000 1402.882759
vt 1.000000 1402.882759
vt 0.000000 1408.012695
vt 1.000000 1408.012695
vt 0.000000 1413.142571
vt 1.000000 1413.142571
vt 0.000000 1418.272464
vt 1.000000 1418.272464
vt 0.000000 1423.401916
vt 1.000000 1423.401916
vt 0.000000 1428.529167
vt 1.000000 1428.529167
vt 0.000000 1433.626728
vt 1.000000 1433.626728
vt 0.000000 1438.752835
vt 1.000000 1438.752835
vt 0.000000 1443.902631
vt 1.000000 1443.902631
vt 0.000000 1449.025754
vt 1.000000 1449.025754
vt 0.000000 1454.145088
vt 1.000000 1454.145088
vt 0.000000 1459.259391
vt 1.000000 1459.259391
vt 0.000000 1464.366475
vt 1.000000 1464.366475
vt 0.000000 1469.466726
vt 1.000000 1469.466726
vt 0.000000 1474.577792
vt 1.000000 1474.577792
vt 0.000000 1479.701612
vt 1.000000 1479.701612
vt 0.000000 1484.829026
vt 1.000000 1484.829026
vt 0.000000 1489.957548
vt 1.000000 1489.957548
vt 0.000000 1495.086972
vt 1.000000 1495.086972
vt 0.000000 1500.216529
vt 1.000000 1500.216529
vt 0.000000 1505.346169
vt 1.000000 1505.346169
vt 0.000000 1510.475988
vt 1.000000 1510.475988
vt 0.000000 1515.605884
vt 1.000000 1515.605884
vt 0.000000 1520.735802
vt 1.000000 1520.735802
vt 0.000000 1525.865725
vt 1.000000 1525.865725
vt 0.000000 1530.995662
vt 1.000000 1530.995662
vt 0.000000 1536.125585
vt 1.000000 1536.125585
vt 0.000000 1541.255329
vt 1.000000 1541.255329
vt 0.000000 1546.384562
vt 1.000000 1546.384562
vt 0.000000 1551.513276
vt 1.000000 1551.513276
vt 0.000000 1556.638149
vt 1.000000 1556.638149
vt 0.000000 1561.747828
vt 1.000000 1561.747828
vt 0.000000 1566.863627
vt 1.000000 1566.863627
vt 0.000000 1571.978760
vt 1.000000 1571.978760
vt 0.000000 1577.091779
vt 1.000000 1577.091779
vt 0.000000 1582.203139
vt 1.000000 1582.203139
vt 0.000000 1587.314159
vt 1.000000 1587.314159
vt 0.000000 1592.423950
vt 1.000000 1592.423950
vt 0.000000 1597.534316
vt 1.000000 1597.534316
vt 0.000000 1602.661944
vt 1.000000 1602.661944
vt 0.000000 1607.791858
vt 1.000000 1607.791858
vt 0.000000 1612.921772
vt 1.000000 1612.921772
vt 0.000000 1618.051686
vt 1.000000 1618.051686
vt 0.000000 1623.181630
vt 1.000000 1623.181630
vt 0.000000 1628.311574
vt 1.000000 1628.311574
vt 0.000000 1633.441488
vt 1.000000 1633.441488
vt 0.000000 1638.571401
vt 1.000000 1638.571401
vt 0.000000 1643.701346
vt 1.000000 1643.701346
vt 0.000000 1648.831290
vt 1.000000 1648.831290
vt 0.000000 1653.961234
vt 1.000000 1653.961234
vt 0.000000 1659.091117
vt 1.000000 1659.091117
vt 0.000000 1664.221062
vt 1.000000 1664.221062
vt 0.000000 1669.351006
vt 1.000000 1669.351006
vt 0.000000 1674.480919
vt 1.000000 1674.480919
vt 0.000000 1679.610833
vt 1.000000 1679.610833
vt 0.000000 1684.740747
vt 1.000000 1684.740747
vt 0.000000 1689.870691
vt 1.000000 1689.870691
vt 0.000000 1695.000605
vt 1.000000 1695.000605
vt 0.000000 1700.130549
vt 1.000000 1700.130549
vt 0.000000 1705.260493
vt 1.000000 1705.260493
vt 0.000000 1710.390376
vt 1.000000 1710.390376
vt 0.000000 1715.520321
vt 1.000000 1715.520321
vt 0.000000 1720.650265
vt 1.000000 1720.650265
vt 0.000000 1725.780148
vt 1.000000 1725.780148
vt 0.000000 1730.910077
vt 1.000000 1730.910077
vt 0.000000 1736.039991
vt 1.000000 1736.039991
vt 0.000000 1741.169920
vt 1.000000 1741.169920
vt 0.000000 1746.299864
vt 1.000000 1746.299864
vt 0.000000 1751.429793
vt 1.000000 1751.429793
vt 0.000000 1756.559707
vt 1.000000 1756.559707
vt 0.000000 1761.689620
vt 1.000000 1761.689620
vt 0.000000 1766.819549
vt 1.000000 1766.819549
vt 0.000000 1771.947815
vt 1.000000 1771.947815
vt 0.000000 1777.071113
vt 1.000000 1777.071113
vt 0.000000 1782.197889
vt 1.000000 1782.197889
vt 0.000000 1787.324949
vt 1.000000 1787.324949
vt 0.000000 1792.453850
vt 1.000000 1792.453850
vt 0.000000 1797.582961
vt 1.000000 1797.582961
vt 0.000000 1802.712672
vt 1.000000 1802.712672
vt 0.000000 1807.842202
vt 1.000000 1807.842202
vt 0.000000 1812.972161
vt 1.000000 1812.972161
vt 0.000000 1818.102110
vt 1.000000 1818.102110
vt 0.000000 1823.231974
vt 1.000000 1823.231974
vt 0.000000 1828.361291
vt 1.000000 1828.361291
vt 0.000000 1833.476636
vt 1.000000 1833.476636
vt 0.000000 1838.590167
vt 1.000000 1838.590167
vt 0.000000 1843.717839
vt 1.000000 1843.717839
vt 0.000000 1848.847292
vt 1.000000 1848.847292
vt 0.000000 1853.977014
vt 1.000000 1853.977014
vt 0.000000 1859.106792
vt 1.000000 1859.106792
vt 0.000000 1864.236706
vt 1.000000 1864.236706
vt 0.000000 1869.366639
vt 1.000000 1869.366639
vt 0.000000 1874.496610
vt 1.000000 1874.496610
vt 0.000000 1879.626725
vt 1.000000 1879.626725
vt 0.000000 1884.756876
vt 1.000000 1884.756876
vt 0.000000 1889.887420
vt 1.000000 1889.887420
vt 0.000000 1895.018109
vt 1.000000 1895.018109
vt 0.000000 1900.148570
vt 1.000000 1900.148570
vt 0.000000 1905.278899
vt 1.000000 1905.278899
vt 0.000000 1910.409460
vt 1.000000 1910.409460
vt 0.000000 1915.540087
vt 1.000000 1915.540087
vt 0.000000 1920.670272
vt 1.000000 1920.670272
vt 0.000000 1925.800106
vt 1.000000 1925.800106
vt 0.000000 1930.929853
vt 1.000000 1930.929853
vt 0.000000 1936.058902
vt 1.000000 1936.058902
vt 0.000000 1941.187596
vt 1.000000 1941.187596
vt 0.000000 1946.316020
vt 1.000000 1946.316020
vt 0.000000 1951.444389
vt 1.000000 1951.444389
vt 0.000000 1956.572963
vt 1.000000 1956.572963
vt 0.000000 1961.701693
vt 1.000000 1961.701693
vt 0.000000 1966.830695
vt 1.000000 1966.830695
vt 0.000000 1971.959939
vt 1.000000 1971.959939
vt 0.000000 1977.089268
vt 1.000000 1977.089268
vt 0.000000 1982.217901
vt 1.000000 1982.217901
vt 0.000000 1987.345579
vt 1.000000 1987.345579
vt 0.000000 1992.472447
vt 1.000000 1992.472447
vt 0.000000 1997.598525
vt 1.000000 1997.598525
vt 0.000000 2002.723941
vt 1.000000 2002.723941
vt 0.000000 2007.848973
vt 1.000000 2007.848973
vt 0.000000 2012.973881
vt 1.000000 2012.973881
vt 0.000000 2018.098761
vt 1.000000 2018.098761
vt 0.000000 2023.224201
vt 1.000000 2023.224201
vt 0.000000 2028.350132
vt 1.000000 2028.350132
vt 0.000000 2033.476718
vt 1.000000 2033.476718
vt 0.000000 2038.603808
vt 1.000000 2038.603808
vt 0.000000 2043.731424
vt 1.000000 2043.731424
vt 0.000000 2048.859188
vt 1.000000 2048.859188
vt 0.000000 2053.987501
vt 1.000000 2053.987501
vt 0.000000 2059.111374
vt 1.000000 2059.111374
vt 0.000000 2064.238614
vt 1.000000 2064.238614
vt 0.000000 2069.368564
vt 1.000000 2069.368564
vt 0.000000 2074.498521
vt 1.000000 2074.498521
vt 0.000000 2079.628472
vt 1.000000 2079.628472
vt 0.000000 2084.758423
vt 1.000000 2084.758423
vt 0.000000 2089.888388
vt 1.000000 2089.888388
vt 0.000000 2095.018339
vt 1.000000 2095.018339
vt 0.000000 2100.148295
vt 1.000000 2100.148295
vt 0.000000 2105.278246
vt 1.000000 2105.278246
vt 0.000000 2110.408197
vt 1.000000 2110.408197
vt 0.000000 2115.538148
vt 1.000000 2115.538148
vt 0.000000 2120.668099
vt 1.000000 2120.668099
vt 0.000000 2125.798069
vt 1.000000 2125.798069
vt 0.000000 2130.928006
vt 1.000000 2130.928006
vt 0.000000 2136.057957
vt 1.000000 2136.057957
vt 0.000000 2141.187922
vt 1.000000 2141.187922
vt 0.000000 2146.317873
vt 1.000000 2146.317873
vt 0.000000 2151.447830
vt 1.000000 2151.447830
vt 0.000000 2156.577780
vt 1.000000 2156.577780
vt 0.000000 2161.707731
vt 1.000000 2161.707731
vt 0.000000 2166.837682
vt 1.000000 2166.837682
vt 0.000000 2171.967633
vt 1.000000 2171.967633
vt 0.000000 2177.097598
vt 1.000000 2177.097598
vt 0.000000 2182.227555
vt 1.000000 2182.227555
vt 0.000000 2187.357491
vt 1.000000 2187.357491
vt 0.000000 2192.487456
vt 1.000000 2192.487456
vt 0.000000 2197.617413
vt 1.000000 2197.617413
vt 0.000000 2202.747364
vt 1.000000 2202.747364
vt 0.000000 2207.877329
vt 1.000000 2207.877329
vt 0.000000 2213.007266
vt 1.000000 2213.007266
vt 0.000000 2218.137216
vt 1.000000 2218.137216
vt 0.000000 2223.267120
vt 1.000000 2223.267120
vt 0.000000 2228.394382
vt 1.000000 2228.394382
vt 0.000000 2233.519287
vt 1.000000 2233.519287
vt 0.000000 2238.643787
vt 1.000000 2238.643787
vt 0.000000 2243.768083
vt 1.000000 2243.768083
vt 0.000000 2248.893066
vt 1.000000 2248.893066
vt 0.000000 2254.018857
vt 1.000000 2254.018857
vt 0.000000 2259.146166
vt 1.000000 2259.146166
vt 0.000000 2264.274362
vt 1.000000 2264.274362
vt 0.000000 2269.404243
vt 1.000000 2269.404243
vt 0.000000 2274.534194
vt 1.000000 2274.534194
vt 0.000000 2279.662657
vt 1.000000 2279.662657
vt 0.000000 2284.787383
vt 1.000000 2284.787383
vt 0.000000 2289.905616
vt 1.000000 2289.905616
vt 0.000000 2295.020982
vt 1.000000 2295.020982
vt 0.000000 2300.140567
vt 1.000000 2300.140567
vt 0.000000 2305.263041
vt 1.000000 2305.263041
vt 0.000000 2310.387111
vt 1.000000 2310.387111
vt 0.000000 2315.511594
vt 1.000000 2315.511594
vt 0.000000 2320.636128
vt 1.000000 2320.636128
vt 0.000000 2325.759996
vt 1.000000 2325.759996
vt 0.000000 2330.882402
vt 1.000000 2330.882402
vt 0.000000 2336.002731
vt 1.000000 2336.002731
vt 0.000000 2341.124731
vt 1.000000 2341.124731
vt 0.000000 2346.248924
vt 1.000000 2346.248924
vt 0.000000 2351.374257
vt 1.000000 2351.374257
vt 0.000000 2356.500259
vt 1.000000 2356.500259
vt 0.000000 2361.626632
vt 1.000000 2361.626632
vt 0.000000 2366.753300
vt 1.000000 2366.753300
vt 0.000000 2371.879791
vt 1.000000 2371.879791
vt 0.000000 2377.006184
vt 1.000000 2377.006184
vt 0.000000 2382.119261
vt 1.000000 2382.119261
vt 0.000000 2387.240898
vt 1.000000 2387.240898
vt 0.000000 2392.370854
vt 1.000000 2392.370854
vt 0.000000 2397.500808
vt 1.000000 2397.500808
vt 0.000000 2402.630761
vt 1.000000 2402.630761
vt 0.000000 2407.760715
vt 1.000000 2407.760715
vt 0.000000 2412.890669
vt 1.000000 2412.890669
vt 0.000000 2418.020634
vt 1.000000 2418.020634
vt 0.000000 2423.150588
vt 1.000000 2423.150588
vt 0.000000 2428.280532
vt 1.000000 2428.280532
vt 0.000000 2433.410485
vt 1.000000 2433.410485
vt 0.000000 2438.540439
vt 1.000000 2438.540439
vt 0.000000 2443.670393
vt 1.000000 2443.670393
vt 0.000000 2448.800358
vt 1.000000 2448.800358
vt 0.000000 2453.396459
vt 1.000000 2453.396459
vt 0.000000 2457.194707
vt 1.000000 2457.194707
vt 0.000000 2461.942088
vt 1.000000 2461.942088
vt 0.000000 2467.191524
vt 1.000000 2467.191524
vt 0.000000 2472.333833
vt 1.000000 2472.333833
vt 0.000000 2477.477863
vt 1.000000 2477.477863
vt 0.000000 2482.668055
vt 1.000000 2482.668055
vt 0.000000 2487.651575
vt 1.000000 2487.651575
vt 0.000000 2492.200307
vt 1.000000 2492.200307
vt 0.000000 2496.608680
vt 1.000000 2496.608680
vt 0.000000 2501.638101
vt 1.000000 2501.638101
vt 0.000000 2506.768059
vt 1.000000 2506.768059
vt 0.000000 2511.898028
vt 1.000000 2511.898028
vt 0.000000 2517.027963
vt 1.000000 2517.027963
vt 0.000000 2522.157921
vt 1.000000 2522.157921
vt 0.000000 2527.287878
vt 1.000000 2527.287878
vt 0.000000 2532.417826
vt 1.000000 2532.417826
vt 0.000000 2537.547783
vt 1.000000 2537.547783
vt 0.000000 2542.677741
vt 1.000000 2542.677741
vt 0.000000 2547.807688
vt 1.000000 2547.807688
vt 0.000000 2552.937645
vt 1.000000 2552.937645
vt 0.000000 2558.067603
vt 1.000000 2558.067603
vt 0.000000 2563.197550
vt 1.000000 2563.197550
vt 0.000000 2568.327508
vt 1.000000 2568.327508
vt 0.000000 2573.576668
vt 1.000000 2573.576668
vt 0.000000 2578.814480
vt 1.000000 2578.814480
vt 0.000000 2584.011502
vt 1.000000 2584.011502
vt 0.000000 2589.484087
vt 1.000000 2589.484087
vt 0.000000 2593.552229
vt 1.000000 2593.552229
vt 0.000000 2599.675731
vt 1.000000 2599.675731
vt 0.000000 2606.220427
vt 1.000000 2606.220427
vt 0.000000 2612.909325
vt 1.000000 2612.909325
vt 0.000000 2618.839405
vt 1.000000 2618.839405
vt 0.000000 2623.947358
vt 1.000000 2623.947358
vt 0.000000 2629.077342
vt 1.000000 2629.077342
vt 0.000000 2634.207157
vt 1.000000 2634.207157
vt 0.000000 2639.300122
vt 1.000000 2639.300122
vt 0.000000 2644.405750
vt 1.000000 2644.405750
vt 0.000000 2649.557863
vt 1.000000 2649.557863
vt 0.000000 2654.666268
vt 1.000000 2654.666268
vt 0.000000 2659.775010
vt 1.000000 2659.775010
vt 0.000000 2664.884370
vt 1.000000 2664.884370
vt 0.000000 2669.994523
vt 1.000000 2669.994523
vt 0.000000 2675.105573
vt 1.000000 2675.105573
vt 0.000000 2680.217413
vt 1.000000 2680.217413
vt 0.000000 2685.329961
vt 1.000000 2685.329961
vt 0.000000 2690.443478
vt 1.000000 2690.443478
vt 0.000000 2695.558473
vt 1.000000 2695.558473
vt 0.000000 2700.674849
vt 1.000000 2700.674849
vt 0.000000 2705.790918
vt 1.000000 2705.790918
vt 0.000000 2710.905474
vt 1.000000 2710.905474
vt 0.000000 2716.016174
vt 1.000000 2716.016174
vt 0.000000 2721.123875
vt 1.000000 2721.123875
vt 0.000000 2726.229214
vt 1.000000 2726.229214
vt 0.000000 2731.332837
vt 1.000000 2731.332837
vt 0.000000 2736.435504
vt 1.000000 2736.435504
vt 0.000000 2741.537868
vt 1.000000 2741.537868
vt 0.000000 2746.640661
vt 1.000000 2746.640661
vt 0.000000 2751.744551
vt 1.000000 2751.744551
vt 0.000000 2756.850139
vt 1.000000 2756.850139
vt 0.000000 2761.958159
vt 1.000000 2761.958159
vt 0.000000 2767.069275
vt 1.000000 2767.069275
vt 0.000000 2772.184134
vt 1.000000 2772.184134
vt 0.000000 2777.300167
vt 1.000000 2777.300167
vt 0.000000 2782.416207
vt 1.000000 2782.416207
vt 0.000000 2787.529502
vt 1.000000 2787.529502
vt 0.000000 2792.639258
vt 1.000000 2792.639258
vt 0.000000 2797.746245
vt 1.000000 2797.746245
vt 0.000000 2802.852103
vt 1.000000 2802.852103
vt 0.000000 2807.958683
vt 1.000000 2807.958683
vt 0.000000 2813.067023
vt 1.000000 2813.067023
vt 0.000000 2818.178527
vt 1.000000 2818.178527
vt 0.000000 2823.293503
vt 1.000000 2823.293503
vt 0.000000 2828.410482
vt 1.000000 2828.410482
vt 0.000000 2833.528658
vt 1.000000 2833.528658
vt 0.000000 2838.647342
vt 1.000000 2838.647342
vt 0.000000 2843.611468
vt 1.000000 2843.611468
vt 0.000000 2848.270960
vt 1.000000 2848.270960
vt 0.000000 2852.540050
vt 1.000000 2852.540050
vt 0.000000 2857.075636
vt 1.000000 2857.075636
vt 0.000000 2862.207996
vt 1.000000 2862.207996
vt 0.000000 2867.372997
vt 1.000000 2867.372997
vt 0.000000 2872.505477
vt 1.000000 2872.505477
vt 0.000000 2877.636664
vt 1.000000 2877.636664
vt 0.000000 2882.767396
vt 1.000000 2882.767396
vt 0.000000 2887.895490
vt 1.000000 2887.895490
vt 0.000000 2893.459904
vt 1.000000 2893.459904
vt 0.000000 2898.998374
vt 1.000000 2898.998374
vt 0.000000 2903.638642
vt 1.000000 2903.638642
vt 0.000000 2911.335452
vt 1.000000 2911.335452
vt 0.000000 2917.802991
vt 1.000000 2917.802991
vt 0.000000 2922.932938
vt 1.000000 2922.932938
vt 0.000000 2928.062876
vt 1.000000 2928.062876
vt 0.000000 2933.192835
vt 1.000000 2933.192835
vt 0.000000 2938.322795
vt 1.000000 2938.322795
vt 0.000000 2943.452742
vt 1.000000 2943.452742
vt 0.000000 2948.582679
vt 1.000000 2948.582679
vt 0.000000 2953.712661
vt 1.000000 2953.712661
vt 0.000000 2958.842620
vt 1.000000 2958.842620
vt 0.000000 2963.972580
vt 1.000000 2963.972580
vt 0.000000 2969.102528
vt 1.000000 2969.102528
vt 0.000000 2974.232465
vt 1.000000 2974.232465
vt 0.000000 2979.362424
vt 1.000000 2979.362424
vt 0.000000 2984.492361
vt 1.000000 2984.492361
vt 0.000000 2989.622309
vt 1.000000 2989.622309
vt 0.000000 2994.752269
vt 1.000000 2994.752269
vt 0.000000 2999.882250
vt 1.000000 2999.882250
vt 0.000000 3005.012187
vt 1.000000 3005.012187
vt 0.000000 3010.142125
vt 1.000000 3010.142125
vt 0.000000 3015.272062
vt 1.000000 3015.272062
vt 0.000000 3020.402021
vt 1.000000 3020.402021
vt 0.000000 3025.531991
vt 1.000000 3025.531991
vt 0.000000 3030.661928
vt 1.000000 3030.661928
vt 0.000000 3035.791920
vt 1.000000 3035.791920
vt 0.000000 3040.921858
vt 1.000000 3040.921858
vt 0.000000 3046.051795
vt 1.000000 3046.051795
vt 0.000000 3051.181754
vt 1.000000 3051.181754
vt 0.000000 3056.311714
vt 1.000000 3056.311714
vt 0.000000 3061.441661
vt 1.000000 3061.441661
vt 0.000000 3066.973296
vt 1.000000 3066.973296
vt 0.000000 3072.217060
vt 1.000000 3072.217060
vt 0.000000 3079.724652
vt 1.000000 3079.724652
vt 0.000000 3085.791907
vt 1.000000 3085.791907
vt 0.000000 3092.467219
vt 1.000000 3092.467219
vt 0.000000 3098.186331
vt 1.000000 3098.186331
vt 0.000000 3103.300901
vt 1.000000 3103.300901
vt 0.000000 3108.421836
vt 1.000000 3108.421836
vt 0.000000 3113.542771
vt 1.000000 3113.542771
vt 0.000000 3118.663696
vt 1.000000 3118.663696
vt 0.000000 3123.784633
vt 1.000000 3123.784633
vt 0.000000 3128.905585
vt 1.000000 3128.905585
vt 0.000000 3134.025625
vt 1.000000 3134.025625
vt 0.000000 3139.141003
vt 1.000000 3139.141003
vt 0.000000 3144.254250
vt 1.000000 3144.254250
vt 0.000000 3149.358309
vt 1.000000 3149.358309
vt 0.000000 3154.354106
vt 1.000000 3154.354106
vt 0.000000 3159.603983
vt 1.000000 3159.603983
vt 0.000000 3165.463938
vt 1.000000 3165.463938
vt 0.000000 3171.605397
vt 1.000000 3171.605397
vt 0.000000 3177.339654
vt 1.000000 3177.339654
vt 0.000000 3182.535310
vt 1.000000 3182.535310
vt 0.000000 3187.614434
vt 1.000000 3187.614434
vt 0.000000 3192.736484
vt 1.000000 3192.736484
vt 0.000000 3197.866469
vt 1.000000 3197.866469
vt 0.000000 3202.996371
vt 1.000000 3202.996371
vt 0.000000 3208.126315
vt 1.000000 3208.126315
vt 0.000000 3213.256258
vt 1.000000 3213.256258
vt 0.000000 3218.386224
vt 1.000000 3218.386224
vt 0.000000 3223.516188
vt 1.000000 3223.516188
vt 0.000000 3228.646175
vt 1.000000 3228.646175
vt 0.000000 3233.776129
vt 1.000000 3233.776129
vt 0.000000 3238.906061
vt 1.000000 3238.906061
vt 0.000000 3244.036006
vt 1.000000 3244.036006
vt 0.000000 3249.165960
vt 1.000000 3249.165960
vt 0.000000 3254.295915
vt 1.000000 3254.295915
vt 0.000000 3259.425859
vt 1.000000 3259.425859
vt 0.000000 3264.555780
vt 1.000000 3264.555780
vt 0.000000 3269.685745
vt 1.000000 3269.685745
vt 0.000000 3274.767469
vt 1.000000 3274.767469
vt 0.000000 3280.311505
vt 1.000000 3280.311505
vt 0.000000 3286.313986
vt 1.000000 3286.313986
vt 0.000000 3292.363108
vt 1.000000 3292.363108
vt 0.000000 3298.295049
vt 1.000000 3298.295049
vt 0.000000 3303.689582
vt 1.000000 3303.689582
vt 0.000000 3308.868563
vt 1.000000 3308.868563
vt 0.000000 3313.957586
vt 1.000000 3313.957586
vt 0.000000 3319.087546
vt 1.000000 3319.087546
vt 0.000000 3324.217507
vt 1.000000 3324.217507
vt 0.000000 3329.347456
vt 1.000000 3329.347456
vt 0.000000 3334.477427
vt 1.000000 3334.477427
vt 0.000000 3339.607377
vt 1.000000 3339.607377
vt 0.000000 3344.737316
vt 1.000000 3344.737316
vt 0.000000 3349.867266
vt 1.000000 3349.867266
vt 0.000000 3354.997247
vt 1.000000 3354.997247
vt 0.000000 3360.127187
vt 1.000000 3360.127187
vt 0.000000 3365.257126
vt 1.000000 3365.257126
vt 0.000000 3370.387118
vt 1.000000 3370.387118
vt 0.000000 3375.517068
vt 1.000000 3375.517068
vt 0.000000 3380.646975
vt 1.000000 3380.646975
vt 0.000000 3385.776935
vt 1.000000 3385.776935
vt 0.000000 3390.906885
vt 1.000000 3390.906885
vt 0.000000 3396.035542
vt 1.000000 3396.035542
vt 0.000000 3401.162991
vt 1.000000 3401.162991
vt 0.000000 3406.292989
vt 1.000000 3406.292989
vt 0.000000 3411.422879
vt 1.000000 3411.422879
vt 0.000000 3416.552867
vt 1.000000 3416.552867
vt 0.000000 3421.682756
vt 1.000000 3421.682756
vt 0.000000 3426.812733
vt 1.000000 3426.812733
vt 0.000000 3432.543215
vt 1.000000 3432.543215
vt 0.000000 3438.304180
vt 1.000000 3438.304180
vt 0.000000 3443.480200
vt 1.000000 3443.480200
vt 0.000000 3448.594871
vt 1.000000 3448.594871
vt 0.000000 3453.691054
vt 1.000000 3453.691054
vt 0.000000 3458.753100
vt 1.000000 3458.753100
vt 0.000000 3463.721854
vt 1.000000 3463.721854
vt 0.000000 3468.514872
vt 1.000000 3468.514872
vt 0.000000 3473.038813
vt 1.000000 3473.038813
vt 0.000000 3476.875740
vt 1.000000 3476.875740
vt 0.000000 3481.093628
vt 1.000000 3481.093628
vt 0.000000 3485.364283
vt 1.000000 3485.364283
vt 0.000000 3488.973227
vt 1.000000 3488.973227
vt 0.000000 3492.956438
vt 1.000000 3492.956438
vt 0.000000 3497.270814
vt 1.000000 3497.270814
vt 0.000000 3501.872818
vt 1.000000 3501.872818
vt 0.000000 3506.719872
vt 1.000000 3506.719872
vt 0.000000 3511.770312
vt 1.000000 3511.770312
vt 0.000000 3516.984338
vt 1.000000 3516.984338
vt 0.000000 3522.647368
vt 1.000000 3522.647368
vt 0.000000 3528.078557
vt 1.000000 3528.078557
vt 0.000000 3533.253395
vt 1.000000 3533.253395
vt 0.000000 3538.778097
vt 1.000000 3538.778097
vt 0.000000 3544.315149
vt 1.000000 3544.315149
vt 0.000000 3549.801763
vt 1.000000 3549.801763
vt 0.000000 3555.329886
vt 1.000000 3555.329886
vt 0.000000 3560.909841
vt 1.000000 3560.909841
vt 0.000000 3566.447670
vt 1.000000 3566.447670
vt 0.000000 3572.027265
vt 1.000000 3572.027265
vt 0.000000 3577.428694
vt 1.000000 3577.428694
vt 0.000000 3582.575273
vt 1.000000 3582.575273
vt 0.000000 3587.709129
vt 1.000000 3587.709129
vt 0.000000 3592.863493
vt 1.000000 3592.863493
vt 0.000000 3598.021075
vt 1.000000 3598.021075
vt 0.000000 3603.176416
vt 1.000000 3603.176416
vt 0.000000 3608.319902
vt 1.000000 3608.319902
vt 0.000000 3613.459596
vt 1.000000 3613.459596
vt 0.000000 3618.592824
vt 1.000000 3618.592824
vt 0.000000 3623.722970
vt 1.000000 3623.722970
vt 0.000000 3628.853063
vt 1.000000 3628.853063
vt 0.000000 3633.983198
vt 1.000000 3633.983198
vt 0.000000 3639.113280
vt 1.000000 3639.113280
vt 0.000000 3644.237940
vt 1.000000 3644.237940
vt 0.000000 3649.356403
vt 1.000000 3649.356403
vt 0.000000 3654.479443
vt 1.000000 3654.479443
vt 0.000000 3659.608640
vt 1.000000 3659.608640
vt 0.000000 3664.738580
vt 1.000000 3664.738580
vt 0.000000 3669.868564
vt 1.000000 3669.868564
vt 0.000000 3674.998526
vt 1.000000 3674.998526
vt 0.000000 3680.128447
vt 1.000000 3680.128447
vt 0.000000 3685.251326
vt 1.000000 3685.251326
vt 0.000000 3690.357855
vt 1.000000 3690.357855
vt 0.000000 3695.463716
vt 1.000000 3695.463716
vt 0.000000 3700.589035
vt 1.000000 3700.589035
vt 0.000000 3705.713994
vt 1.000000 3705.713994
vt 0.000000 3710.824328
vt 1.000000 3710.824328
vt 0.000000 3715.928100
vt 1.000000 3715.928100
vt 0.000000 3721.023644
vt 1.000000 3721.023644
vt 0.000000 3726.255119
vt 1.000000 3726.255119
vt 0.000000 3731.474377
vt 1.000000 3731.474377
vt 0.000000 3736.631316
vt 1.000000 3736.631316
vt 0.000000 3741.799250
vt 1.000000 3741.799250
vt 0.000000 3746.983531
vt 1.000000 3746.983531
vt 0.000000 3752.186156
vt 1.000000 3752.186156
vt 0.000000 3757.394292
vt 1.000000 3757.394292
vt 0.000000 3762.592167
vt 1.000000 3762.592167
vt 0.000000 3767.771995
vt 1.000000 3767.771995
vt 0.000000 3772.924080
vt 1.000000 3772.924080
vt 0.000000 3778.027220
vt 1.000000 3778.027220
vt 0.000000 3783.032565
vt 1.000000 3783.032565
vt 0.000000 3787.957724
vt 1.000000 3787.957724
vt 0.000000 3792.898994
vt 1.000000 3792.898994
vt 0.000000 3797.924477
vt 1.000000 3797.924477
vt 0.000000 3803.032140
vt 1.000000 3803.032140
vt 0.000000 3808.163790
vt 1.000000 3808.163790
vt 0.000000 3813.293914
vt 1.000000 3813.293914
vt 0.000000 3818.424002
vt 1.000000 3818.424002
vt 0.000000 3823.554127
vt 1.000000 3823.554127
vt 0.000000 3828.684261
vt 1.000000 3828.684261
vt 0.000000 3833.814395
vt 1.000000 3833.814395
vt 0.000000 3838.944473
vt 1.000000 3838.944473
vt 0.000000 3844.074551
vt 1.000000 3844.074551
vt 0.000000 3849.204629
vt 1.000000 3849.204629
vt 0.000000 3854.334717
vt 1.000000 3854.334717
vt 0.000000 3859.464852
vt 1.000000 3859.464852
vt 0.000000 3864.594986
vt 1.000000 3864.594986
vt 0.000000 3869.725110
vt 1.000000 3869.725110
vt 0.000000 3874.855198
vt 1.000000 3874.855198
vt 0.000000 3879.985276
vt 1.000000 3879.985276
vt 0.000000 3885.115354
vt 1.000000 3885.115354
vt 0.000000 3890.245442
vt 1.000000 3890.245442
vt 0.000000 3895.375567
vt 1.000000 3895.375567
vt 0.000000 3900.505701
vt 1.000000 3900.505701
vt 0.000000 3905.632317
vt 1.000000 3905.632317
vt 0.000000 3910.740548
vt 1.000000 3910.740548
vt 0.000000 3915.816863
vt 1.000000 3915.816863
vt 0.000000 3920.865009
vt 1.000000 3920.865009
vt 0.000000 3925.876832
vt 1.000000 3925.876832
vt 0.000000 3930.868656
vt 1.000000 3930.868656
vt 0.000000 3935.899898
vt 1.000000 3935.899898
vt 0.000000 3940.996855
vt 1.000000 3940.996855
vt 0.000000 3946.137365
vt 1.000000 3946.137365
vt 0.000000 3951.304978
vt 1.000000 3951.304978
vt 0.000000 3956.489943
vt 1.000000 3956.489943
vt 0.000000 3961.681625
vt 1.000000 3961.681625
vt 0.000000 3966.872302
vt 1.000000 3966.872302
vt 0.000000 3972.056224
vt 1.000000 3972.056224
vt 0.000000 3977.231273
vt 1.000000 3977.231273
vt 0.000000 3982.392714
vt 1.000000 3982.392714
vt 0.000000 3987.531087
vt 1.000000 3987.531087
vt 0.000000 3992.657546
vt 1.000000 3992.657546
vt 0.000000 3997.802256
vt 1.000000 3997.802256
vt 0.000000 4002.937671
vt 1.000000 4002.937671
vt 0.000000 4008.076210
vt 1.000000 4008.076210
vt 0.000000 4013.219231
vt 1.000000 4013.219231
vt 0.000000 4018.353731
vt 1.000000 4018.353731
vt 0.000000 4023.484031
vt 1.000000 4023.484031
vt 0.000000 4028.614233
vt 1.000000 4028.614233
vt 0.000000 4033.744381
vt 1.000000 4033.744381
vt 0.000000 4038.874486
vt 1.000000 4038.874486
vt 0.000000 4044.004580
vt 1.000000 4044.004580
vt 0.000000 4049.134653
vt 1.000000 4049.134653
vt 0.000000 4054.264704
vt 1.000000 4054.264704
vt 0.000000 4059.394874
vt 1.000000 4059.394874
vt 0.000000 4064.524958
vt 1.000000 4064.524958
vt 0.000000 4069.655041
vt 1.000000 4069.655041
vt 0.000000 4074.785167
vt 1.000000 4074.785167
vt 0.000000 4079.915294
vt 1.000000 4079.915294
vt 0.000000 4085.045334
vt 1.000000 4085.045334
vt 0.000000 4090.175396
vt 1.000000 4090.175396
vt 0.000000 4095.305436
vt 1.000000 4095.305436
vt 0.000000 4100.436011
vt 1.000000 4100.436011
vt 0.000000 4105.571777
vt 1.000000 4105.571777
vt 0.000000 4110.711609
vt 1.000000 4110.711609
vt 0.000000 4115.850060
vt 1.000000 4115.850060
vt 0.000000 4120.985458
vt 1.000000 4120.985458
vt 0.000000 4126.135680
vt 1.000000 4126.135680
vt 0.000000 4131.278288
vt 1.000000 4131.278288
vt 0.000000 4136.376601
vt 1.000000 4136.376601
vt 0.000000 4141.285425
vt 1.000000 4141.285425
vt 0.000000 4146.130314
vt 1.000000 4146.130314
vt 0.000000 4151.202216
vt 1.000000 4151.202216
vt 0.000000 4156.326620
vt 1.000000 4156.326620
vt 0.000000 4161.452109
vt 1.000000 4161.452109
vt 0.000000 4166.580102
vt 1.000000 4166.580102
vt 0.000000 4171.710200
vt 1.000000 4171.710200
vt 0.000000 4176.839229
vt 1.000000 4176.839229
vt 0.000000 4181.966525
vt 1.000000 4181.966525
vt 0.000000 4187.094278
vt 1.000000 4187.094278
vt 0.000000 4192.223819
vt 1.000000 4192.223819
vt 0.000000 4197.352802
vt 1.000000 4197.352802
vt 0.000000 4202.479120
vt 1.000000 4202.479120
vt 0.000000 4207.552605
vt 1.000000 4207.552605
vt 0.000000 4212.496015
vt 1.000000 4212.496015
vt 0.000000 4217.558124
vt 1.000000 4217.558124
vt 0.000000 4222.684628
vt 1.000000 4222.684628
vt 0.000000 4227.814736
vt 1.000000 4227.814736
vt 0.000000 4232.944783
vt 1.000000 4232.944783
vt 0.000000 4238.074860
vt 1.000000 4238.074860
vt 0.000000 4243.204986
vt 1.000000 4243.204986
vt 0.000000 4248.335113
vt 1.000000 4248.335113
vt 0.000000 4253.465190
vt 1.000000 4253.465190
vt 0.000000 4258.595267
vt 1.000000 4258.595267
vt 0.000000 4263.725454
vt 1.000000 4263.725454
vt 0.000000 4268.885859
vt 1.000000 4268.885859
vt 0.000000 4274.017035
vt 1.000000 4274.017035
vt 0.000000 4279.092003
vt 1.000000 4279.092003
vt 0.000000 4284.291004
vt 1.000000 4284.291004
vt 0.000000 4289.421101
vt 1.000000 4289.421101
vt 0.000000 4294.551170
vt 1.000000 4294.551170
vt 0.000000 4299.681322
vt 1.000000 4299.681322
vt 0.000000 4304.811445
vt 1.000000 4304.811445
vt 0.000000 4309.941487
vt 1.000000 4309.941487
vt 0.000000 4315.071612
vt 1.000000 4315.071612
vt 0.000000 4320.201681
vt 1.000000 4320.201681
vt 0.000000 4325.331832
vt 1.000000 4325.331832
vt 0.000000 4330.461874
vt 1.000000 4330.461874
vt 0.000000 4335.591944
vt 1.000000 4335.591944
vt 0.000000 4340.720835
vt 1.000000 4340.720835
vt 0.000000 4345.847471
vt 1.000000 4345.847471
vt 0.000000 4350.974848
vt 1.000000 4350.974848
vt 0.000000 4356.104343
vt 1.000000 4356.104343
vt 0.000000 4361.234409
vt 1.000000 4361.234409
vt 0.000000 4366.364638
vt 1.000000 4366.364638
vt 0.000000 4371.495834
vt 1.000000 4371.495834
vt 0.000000 4376.627208
vt 1.000000 4376.627208
vt 0.000000 4381.758690
vt 1.000000 4381.758690
vt 0.000000 4386.889381
vt 1.000000 4386.889381
vt 0.000000 4392.019472
vt 1.000000 4392.019472
vt 0.000000 4397.149508
vt 1.000000 4397.149508
vt 0.000000 4402.279707
vt 1.000000 4402.279707
vt 0.000000 4407.409743
vt 1.000000 4407.409743
vt 0.000000 4412.539834
vt 1.000000 4412.539834
vt 0.000000 4417.669979
vt 1.000000 4417.669979
vt 0.000000 4422.800125
vt 1.000000 4422.800125
vt 0.000000 4427.930160
vt 1.000000 4427.930160
vt 0.000000 4433.058559
vt 1.000000 4433.058559
vt 0.000000 4438.174182
vt 1.000000 4438.174182
vt 0.000000 4443.265309
vt 1.000000 4443.265309
vt 0.000000 4448.343321
vt 1.000000 4448.343321
vt 0.000000 4453.420175
vt 1.000000 4453.420175
vt 0.000000 4458.497813
vt 1.000000 4458.497813
vt 0.000000 4463.576313
vt 1.000000 4463.576313
vt 0.000000 4468.655417
vt 1.000000 4468.655417
vt 0.000000 4473.715660
vt 1.000000 4473.715660
vt 0.000000 4478.729880
vt 1.000000 4478.729880
vt 0.000000 4483.916613
vt 1.000000 4483.916613
vt 0.000000 4489.101660
vt 1.000000 4489.101660
vt 0.000000 4494.264906
vt 1.000000 4494.264906
vt 0.000000 4499.424481
vt 1.000000 4499.424481
vt 0.000000 4504.579733
vt 1.000000 4504.579733
vt 0.000000 4509.863386
vt 1.000000 4509.863386
vt 0.000000 4515.312469
vt 1.000000 4515.312469
vt 0.000000 4520.636224
vt 1.000000 4520.636224
vt 0.000000 4525.766404
vt 1.000000 4525.766404
vt 0.000000 4530.896368
vt 1.000000 4530.896368
vt 0.000000 4536.026376
vt 1.000000 4536.026376
vt 0.000000 4541.156290
vt 1.000000 4541.156290
vt 0.000000 4546.275928
vt 1.000000 4546.275928
vt 0.000000 4551.395053
vt 1.000000 4551.395053
vt 0.000000 4556.527764
vt 1.000000 4556.527764
vt 0.000000 4561.647046
vt 1.000000 4561.647046
vt 0.000000 4566.760330
vt 1.000000 4566.760330
vt 0.000000 4571.885546
vt 1.000000 4571.885546
vt 0.000000 4577.023921
vt 1.000000 4577.023921
vt 0.000000 4582.157831
vt 1.000000 4582.157831
vt 0.000000 4587.326100
vt 1.000000 4587.326100
vt 0.000000 4592.546227
vt 1.000000 4592.546227
vt 0.000000 4597.826545
vt 1.000000 4597.826545
vt 0.000000 4603.199247
vt 1.000000 4603.199247
vt 0.000000 4608.657801
vt 1.000000 4608.657801
vt 0.000000 4614.198192
vt 1.000000 4614.198192
vt 0.000000 4619.795323
vt 1.000000 4619.795323
vt 0.000000 4625.415207
vt 1.000000 4625.415207
vt 0.000000 4631.024240
vt 1.000000 4631.024240
vt 0.000000 4636.591452
vt 1.000000 4636.591452
vt 0.000000 4642.092613
vt 1.000000 4642.092613
vt 0.000000 4647.510987
vt 1.000000 4647.510987
vt 0.000000 4652.871644
vt 1.000000 4652.871644
vt 0.000000 4658.147633
vt 1.000000 4658.147633
vt 0.000000 4663.387567
vt 1.000000 4663.387567
vt 0.000000 4668.565594
vt 1.000000 4668.565594
vt 0.000000 4673.675806
vt 1.000000 4673.675806
vt 0.000000 4678.792925
vt 1.000000 4678.792925
vt 0.000000 4683.914235
vt 1.000000 4683.914235
vt 0.000000 4689.037707
vt 1.000000 4689.037707
vt 0.000000 4694.162260
vt 1.000000 4694.162260
vt 0.000000 4699.289794
vt 1.000000 4699.289794
vt 0.000000 4704.420136
vt 1.000000 4704.420136
vt 0.000000 4709.554020
vt 1.000000 4709.554020
vt 0.000000 4714.691752
vt 1.000000 4714.691752
vt 0.000000 4719.832033
vt 1.000000 4719.832033
vt 0.000000 4724.974778
vt 1.000000 4724.974778
vt 0.000000 4730.119987
vt 1.000000 4730.119987
vt 0.000000 4735.267484
vt 1.000000 4735.267484
vt 0.000000 4740.416277
vt 1.000000 4740.416277
vt 0.000000 4745.564337
vt 1.000000 4745.564337
vt 0.000000 4750.711231
vt 1.000000 4750.711231
vt 0.000000 4755.857563
vt 1.000000 4755.857563
vt 0.000000 4761.002770
vt 1.000000 4761.002770
vt 0.000000 4766.146637
vt 1.000000 4766.146637
vt 0.000000 4771.288995
vt 1.000000 4771.288995
vt 0.000000 4776.430572
vt 1.000000 4776.430572
vt 0.000000 4781.569166
vt 1.000000 4781.569166
vt 0.000000 4786.703958
vt 1.000000 4786.703958
vt 0.000000 4791.838235
vt 1.000000 4791.838235
vt 0.000000 4796.971084
vt 1.000000 4796.971084
vt 0.000000 4802.104148
vt 1.000000 4802.104148
vt 0.000000 4807.239933
vt 1.000000 4807.239933
vt 0.000000 4812.376887
vt 1.000000 4812.376887
vt 0.000000 4817.514791
vt 1.000000 4817.514791
vt 0.000000 4822.653301
vt 1.000000 4822.653301
vt 0.000000 4827.792201
vt 1.000000 4827.792201
vt 0.000000 4832.932569
vt 1.000000 4832.932569
vt 0.000000 4838.074320
vt 1.000000 4838.074320
vt 0.000000 4843.216762
vt 1.000000 4843.216762
vt 0.000000 4848.224928
vt 1.000000 4848.224928
vt 0.000000 4853.263706
vt 1.000000 4853.263706
vt 0.000000 4858.473470
vt 1.000000 4858.473470
vt 0.000000 4863.714340
vt 1.000000 4863.714340
vt 0.000000 4869.047755
vt 1.000000 4869.047755
vt 0.000000 4874.540191
vt 1.000000 4874.540191
vt 0.000000 4880.781033
vt 1.000000 4880.781033
vt 0.000000 4887.475653
vt 1.000000 4887.475653
vt 0.000000 4894.035007
vt 1.000000 4894.035007
vt 0.000000 4900.221184
vt 1.000000 4900.221184
vt 0.000000 4906.157541
vt 1.000000 4906.157541
vt 0.000000 4911.912952
vt 1.000000 4911.912952
vt 0.000000 4916.742701
vt 1.000000 4916.742701
vt 0.000000 4920.836511
vt 1.000000 4920.836511
vt 0.000000 4925.388905
vt 1.000000 4925.388905
vt 0.000000 4930.440577
vt 1.000000 4930.440577
vt 0.000000 4935.483506
vt 1.000000 4935.483506
vt 0.000000 4940.618418
vt 1.000000 4940.618418
vt 0.000000 4945.756089
vt 1.000000 4945.756089
vt 0.000000 4950.874335
vt 1.000000 4950.874335
vt 0.000000 4955.962116
vt 1.000000 4955.962116
vt 0.000000 4961.067305
vt 1.000000 4961.067305
vt 0.000000 4966.208829
vt 1.000000 4966.208829
vt 0.000000 4971.354473
vt 1.000000 4971.354473
vt 0.000000 4976.479734
vt 1.000000 4976.479734
vt 0.000000 4981.604367
vt 1.000000 4981.604367
vt 0.000000 4986.736446
vt 1.000000 4986.736446
vt 0.000000 4991.868089
vt 1.000000 4991.868089
vt 0.000000 4996.999417
vt 1.000000 4996.999417
vt 0.000000 5002.130065
vt 1.000000 5002.130065
vt 0.000000 5007.260283
vt 1.000000 5007.260283
vt 0.000000 5012.390454
vt 1.000000 5012.390454
vt 0.000000 5017.520786
vt 1.000000 5017.520786
vt 0.000000 5022.650964
vt 1.000000 5022.650964
vt 0.000000 5027.780992
vt 1.000000 5027.780992
vt 0.000000 5032.910930
vt 1.000000 5032.910930
vt 0.000000 5038.041000
vt 1.000000 5038.041000
vt 0.000000 5043.170773
vt 1.000000 5043.170773
vt 0.000000 5048.300629
vt 1.000000 5048.300629
vt 0.000000 5053.428083
vt 1.000000 5053.428083
vt 0.000000 5058.550782
vt 1.000000 5058.550782
vt 0.000000 5063.681847
vt 1.000000 5063.681847
vt 0.000000 5068.828190
vt 1.000000 5068.828190
vt 0.000000 5073.984305
vt 1.000000 5073.984305
vt 0.000000 5079.140388
vt 1.000000 5079.140388
vt 0.000000 5084.290768
vt 1.000000 5084.290768
vt 0.000000 5089.436069
vt 1.000000 5089.436069
vt 0.000000 5094.577860
vt 1.000000 5094.577860
vt 0.000000 5099.701080
vt 1.000000 5099.701080
vt 0.000000 5104.830945
vt 1.000000 5104.830945
vt 0.000000 5109.961068
vt 1.000000 5109.961068
vt 0.000000 5115.090889
vt 1.000000 5115.090889
vt 0.000000 5120.220541
vt 1.000000 5120.220541
vt 0.000000 5125.350701
vt 1.000000 5125.350701
vt 0.000000 5130.480605
vt 1.000000 5130.480605
vt 0.000000 5135.610470
vt 1.000000 5135.610470
vt 0.000000 5140.740467
vt 1.000000 5140.740467
vt 0.000000 5145.870502
vt 1.000000 5145.870502
vt 0.000000 5151.000233
vt 1.000000 5151.000233
vt 0.000000 5156.130484
vt 1.000000 5156.130484
vt 0.000000 5161.260651
vt 1.000000 5161.260651
vt 0.000000 5166.390472
vt 1.000000 5166.390472
vt 0.000000 5171.521079
vt 1.000000 5171.521079
vt 0.000000 5176.652601
vt 1.000000 5176.652601
vt 0.000000 5181.783336
vt 1.000000 5181.783336
vt 0.000000 5186.913459
vt 1.000000 5186.913459
vt 0.000000 5191.186220
vt 1.000000 5191.186220
vt 0.000000 5196.316568
vt 1.000000 5196.316568
vt 0.000000 5203.159131
vt 1.000000 5203.159131
vt 0.000000 5206.579672
vt 1.000000 5206.579672
vt 0.000000 5208.289421
vt 1.000000 5208.289421
vt 0.000000 5212.563485
vt 1.000000 5212.563485
vt 0.000000 5217.693395
vt 1.000000 5217.693395
vt 0.000000 5222.822313
vt 1.000000 5222.822313
vt 0.000000 5227.952313
vt 1.000000 5227.952313
vt 0.000000 5230.557046
vt 1.000000 5230.557046
vt 0.000000 5238.265146
vt 1.000000 5238.265146
vt 0.000000 5245.970472
vt 1.000000 5245.970472
vt 0.000000 5248.569277
vt 1.000000 5248.569277
vt 0.000000 5253.698244
vt 1.000000 5253.698244
vt 0.000000 5258.827299
vt 1.000000 5258.827299
vt 0.000000 5263.957175
vt 1.000000 5263.957175
vt 0.000000 5269.087265
vt 1.000000 5269.087265
vt 0.000000 5274.218996
vt 1.000000 5274.218996
vt 0.000000 5279.350511
vt 1.000000 5279.350511
vt 0.000000 5284.478439
vt 1.000000 5284.478439
vt 0.000000 5289.606796
vt 1.000000 5289.606796
vt 0.000000 5294.736711
vt 1.000000 5294.736711
vt 0.000000 5299.869301
vt 1.000000 5299.869301
vt 0.000000 5304.140129
vt 1.000000 5304.140129
vt 0.000000 5305.843942
vt 1.000000 5305.843942
vt 0.000000 5309.269026
vt 1.000000 5309.269026
vt 0.000000 5316.113875
vt 1.000000 5316.113875
vt 0.000000 5319.534158
vt 1.000000 5319.534158
vt 0.000000 5321.244870
vt 1.000000 5321.244870
vt 0.000000 5325.519285
vt 1.000000 5325.519285
vt 0.000000 6668.051079
vt 1.000000 6668.051079
vt 0.000000 6668.051079
vt 1.000000 6668.051079
vt 0.000000 6668.051079
vt 1.000000 6668.051079
vt 0.000000 6668.051079
vt 1.000000 6668.051079
vt 0.000000 8336.506952
vt 1.000000 8336.506952
vt 0.000000 nan
vt 1.000000 nan
vt 0.000000 nan
vt 1.000000 nan
vt 0.000000 nan
vt 1.000000 nan
vt 0.000000 nan
vt 1.000000 nan
vt 0.000000 nan
vt 1.000000 nan
vt 0.000000 nan
vt 1.000000 nan
vt 0.000000 nan
vt 1.000000 nan
vt 0.000000 nan
vt 1.000000 nan
vt 0.000000 nan
vt 1.000000 nan
vt 0.000000 nan
vt 1.000000 nan
vt 0.000000 nan
vt 1.000000 nan
vt 0.000000 nan
vt 1.000000 nan
vt 0.000000 nan
vt 1.000000 nan
vt 0.000000 nan
vt 1.000000 nan
vt 0.000000 nan
vt 1.000000 nan
vt 0.000000 nan
vt 1.000000 nan
vt 0.000000 nan
vt 1.000000 nan
vt 0.000000 nan
vt 1.000000 nan
vt 0.000000 nan
vt 1.000000 nan
vt 0.000000 nan
vt 1.000000 nan
vt 0.000000 nan
vt 1.000000 nan
vt 0.000000 nan
vt 1.000000 nan
vt 0.000000 nan
vt 1.000000 nan
vt 0.000000 nan
vt 1.000000 nan
vt 0.000000 nan
vt 1.000000 nan
vt 0.000000 nan
vt 1.000000 nan
vt 0.000000 nan
vt 1.000000 nan
vt 0.000000 nan
vt 1.000000 nan
vt 0.000000 nan
vt 1.000000 nan
vt 0.000000 nan
vt 1.000000 nan
vt 0.000000 nan
vt 1.000000 nan
vt 0.000000 nan
vt 1.000000 nan
vt 0.000000 nan
vt 1.000000 nan
vt 0.000000 nan
vt 1.000000 nan
vt 0.000000 nan
vt 1.000000 nan
vt 0.000000 nan
vt 1.000000 nan
vt 0.000000 nan
vt 1.000000 nan
vt 0.000000 nan
vt 1.000000 nan
vt 0.000000 nan
vt 1.000000 nan
vt 0.000000 nan
vt 1.000000 nan
vt 0.000000 nan
vt 1.000000 nan
vt 0.000000 nan
vt 1.000000 nan
vt 0.000000 nan
vt 1.000000 nan
vt 0.000000 nan
vt 1.000000 nan
vt 0.000000 nan
vt 1.000000 nan
vt 0.000000 nan
vt 1.000000 nan
vt 0.000000 nan
vt 1.000000 nan
vt 0.000000 nan
vt 1.000000 nan
vt 0.000000 nan
vt 1.000000 nan
vt 0.000000 nan
vt 1.000000 nan
vt 0.000000 nan
vt 1.000000 nan
vt 0.000000 nan
vt 1.000000 nan
vt 0.000000 nan
vt 1.000000 nan
vt 0.000000 nan
vt 1.000000 nan
vt 0.000000 nan
vt 1.000000 nan
vt 0.000000 nan
vt 1.000000 nan
vt 0.000000 nan
vt 1.000000 nan
vt 0.000000 nan
vt 1.000000 nan
vt 0.000000 nan
vt 1.000000 nan
vt 0.000000 nan
vt 1.000000 nan
vt 0.000000 nan
vt 1.000000 nan
vt 0.000000 nan
vt 1.000000 nan
vt 0.000000 nan
vt 1.000000 nan
vt 0.000000 nan
vt 1.000000 nan
vt 0.000000 nan
vt 1.000000 nan
vt 0.000000 nan
vt 1.000000 nan
vt 0.000000 nan
vt 1.000000 nan
vt 0.000000 nan
vt 1.000000 nan
vt 0.000000 nan
vt 1.000000 nan
vt 0.000000 nan
vt 1.000000 nan
vt 0.000000 nan
vt 1.000000 nan
vt 0.000000 nan
vt 1.000000 nan
vt 0.000000 nan
vt 1.000000 nan
vt 0.000000 nan
vt 1.000000 nan
vt 0.000000 nan
vt 1.000000 nan
vt 0.000000 nan
vt 1.000000 nan
vt 0.000000 nan
vt 1.000000 nan
vt 0.000000 nan
vt 1.000000 nan
vt 0.000000 nan
vt 1.000000 nan
vt 0.000000 nan
vt 1.000000 nan
vt 0.000000 nan
vt 1.000000 nan
vt 0.000000 nan
vt 1.000000 nan
vt 0.000000 nan
vt 1.000000 nan
vt 0.000000 nan
vt 1.000000 nan
vt 0.000000 nan
vt 1.000000 nan
vt 0.000000 nan
vt 1.000000 nan
vt 0.000000 nan
vt 1.000000 nan
vt 0.000000 nan
vt 1.000000 nan
vt 0.000000 nan
vt 1.000000 nan
vt 0.000000 nan
vt 1.000000 nan
vt 0.000000 nan
vt 1.000000 nan
vt 0.000000 nan
vt 1.000000 nan
vt 0.000000 nan
vt 1.000000 nan
vt 0.000000 nan
vt 1.000000 nan
vt 0.000000 nan
vt 1.000000 nan
vt 0.000000 nan
vt 1.000000 nan
vt 0.000000 nan
vt 1.000000 nan
vt 0.000000 nan
vt 1.000000 nan
vt 0.000000 nan
vt 1.000000 nan
vt 0.000000 nan
vt 1.000000 nan
vt 0.000000 nan
vt 1.000000 nan
vt 0.000000 nan
vt 1.000000 nan
vt 0.000000 nan
vt 1.000000 nan
vt 0.000000 nan
vt 1.000000 nan
vt 0.000000 nan
vt 1.000000 nan
vt 0.000000 nan
vt 1.000000 nan
vt 0.000000 nan
vt 1.000000 nan
vt 0.000000 nan
vt 1.000000 nan
vt 0.000000 nan
vt 1.000000 nan
vt 0.000000 nan
vt 1.000000 nan
vt 0.000000 nan
vt 1.000000 nan
vt 0.000000 nan
vt 1.000000 nan
vt 0.000000 nan
vt 1.000000 nan
vt 0.000000 nan
vt 1.000000 nan
vt 0.000000 nan
vt 1.000000 nan
vt 0.000000 nan
vt 1.000000 nan
vt 0.000000 nan
vt 1.000000 nan
vt 0.000000 nan
vt 1.000000 nan
vt 0.000000 nan
vt 1.000000 nan
vt 0.000000 nan
vt 1.000000 nan
vt 0.000000 nan
vt 1.000000 nan
vt 0.000000 nan
vt 1.000000 nan
vt 0.000000 nan
vt 1.000000 nan
vt 0.000000 nan
vt 1.000000 nan
vt 0.000000 nan
vt 1.000000 nan
vt 0.000000 nan
vt 1.000000 nan
vt 0.000000 nan
vt 1.000000 nan
vt 0.000000 nan
vt 1.000000 nan
vt 0.000000 nan
vt 1.000000 nan
vt 0.000000 nan
vt 1.000000 nan
vt 0.000000 nan
vt 1.000000 nan
vt 0.000000 nan
vt 1.000000 nan
vt 0.000000 nan
vt 1.000000 nan
vt 0.000000 nan
vt 1.000000 nan
vt 0.000000 nan
vt 1.000000 nan
vt 0.000000 nan
vt 1.000000 nan
vt 0.000000 nan
vt 1.000000 nan
vt 0.000000 nan
vt 1.000000 nan
vt 0.000000 nan
vt 1.000000 nan
vt 0.000000 nan
vt 1.000000 nan
vt 0.000000 nan
vt 1.000000 nan
vt 0.000000 nan
vt 1.000000 nan
vt 0.000000 nan
vt 1.000000 nan
vt 0.000000 nan
vt 1.000000 nan
vt 0.000000 nan
vt 1.000000 nan
vt 0.000000 nan
vt 1.000000 nan
vt 0.000000 nan
vt 1.000000 nan
vt 0.000000 nan
vt 1.000000 nan
vt 0.000000 nan
vt 1.000000 nan
vt 0.000000 nan
vt 1.000000 nan
vt 0.000000 nan
vt 1.000000 nan
vt 0.000000 nan
vt 1.000000 nan
vt 0.000000 nan
vt 1.000000 nan
vt 0.000000 nan
vt 1.000000 nan
vt 0.000000 nan
vt 1.000000 nan
vt 0.000000 nan
vt 1.000000 nan
vt 0.000000 nan
vt 1.000000 nan
vt 0.000000 nan
vt 1.000000 nan
vt 0.000000 nan
vt 1.000000 nan
vt 0.000000 nan
vt 1.000000 nan
vt 0.000000 nan
vt 1.000000 nan
vt 0.000000 nan
vt 1.000000 nan
vt 0.000000 nan
vt 1.000000 nan
vt 0.000000 nan
vt 1.000000 nan
vt 0.000000 nan
vt 1.000000 nan
vt 0.000000 nan
vt 1.000000 nan
vt 0.000000 nan
vt 1.000000 nan
vt 0.000000 nan
vt 1.000000 nan
vt 0.000000 nan
vt 1.000000 nan
vt 0.000000 nan
vt 1.000000 nan
vt 0.000000 nan
vt 1.000000 nan
vt 0.000000 nan
vt 1.000000 nan
vt 0.000000 nan
vt 1.000000 nan
vt 0.000000 nan
vt 1.000000 nan
vt 0.000000 nan
vt 1.000000 nan
vt 0.000000 nan
vt 1.000000 nan
vt 0.000000 nan
vt 1.000000 nan
vt 0.000000 nan
vt 1.000000 nan
vt 0.000000 nan
vt 1.000000 nan
vt 0.000000 nan
vt 1.000000 nan
vt 0.000000 nan
vt 1.000000 nan
vt 0.000000 nan
vt 1.000000 nan
vt 0.000000 nan
vt 1.000000 nan
vt 0.000000 nan
vt 1.000000 nan
vt 0.000000 nan
vt 1.000000 nan
vt 0.000000 nan
vt 1.000000 nan
vt 0.000000 nan
vt 1.000000 nan
vt 0.000000 nan
vt 1.000000 nan
vt 0.000000 nan
vt 1.000000 nan
vt 0.000000 nan
vt 1.000000 nan
vt 0.000000 nan
vt 1.000000 nan
vt 0.000000 nan
vt 1.000000 nan
vt 0.000000 nan
vt 1.000000 nan
vt 0.000000 nan
vt 1.000000 nan
vt 0.000000 nan
vt 1.000000 nan
vt 0.000000 nan
vt 1.000000 nan
vn 0.000000 1.000000 0.000000
vn 0.000000 1.000000 0.000000
vn 0.000000 1.000000 0.000000
vn 0.000000 1.000000 0.000000
vn 0.000000 1.000000 0.000000
vn 0.000000 1.000000 0.000000
vn 0.000000 1.000000 0.000000
vn 0.000000 1.000000 0.000000
vn 0.000000 1.000000 0.000000
vn 0.000000 1.000000 0.000000
vn 0.000000 1.000000 0.000000
vn 0.000000 1.000000 0.000000
vn 0.000000 1.000000 0.000000
vn 0.000000 1.000000 0.000000
vn 0.000000 1.000000 0.000000
vn 0.000000 1.000000 0.000000
vn 0.000000 1.000000 0.000000
vn 0.000000 1.000000 0.000000
vn 0.000000 1.000000 0.000000
vn 0.000000 1.000000 0.000000
vn 0.000000 1.000000 0.000000
vn 0.000000 1.000000 0.000000
vn 0.000000 1.000000 0.000000
vn 0.000000 1.000000 0.000000
vn 0.000000 1.000000 0.000000
vn 0.000000 1.000000 0.000000
vn 0.000000 1.000000 0.000000
vn 0.000000 1.000000 0.000000
vn 0.000000 1.000000 0.000000
vn 0.000000 1.000000 0.000000
vn 0.000000 1.000000 0.000000
vn 0.000000 1.000000 0.000000
vn 0.000000 1.000000 0.000000
vn 0.000000 1.000000 0.000000
vn 0.000000 1.000000 0.000000
vn 0.000000 1.000000 0.000000
vn 0.000000 1.000000 0.000000
vn 0.000000 1.000000 0.000000
vn 0.000000 1.000000 0.000000
vn 0.000000 1.000000 0.000000
vn 0.000000 1.000000 0.000000
vn 0.000000 1.000000 0.000000
vn 0.000000 1.000000 0.000000
vn 0.000000 1.000000 0.000000
vn 0.000000 1.000000 0.000000
vn 0.000000 1.000000 0.000000
vn 0.000000 1.000000 0.000000
vn 0.000000 1.000000 0.000000
vn 0.000000 1.000000 0.000000
vn 0.000000 1.000000 0.000000
vn 0.000000 1.000000 0.000000
vn 0.000000 1.000000 0.000000
vn 0.000000 1.000000 0.000000
vn 0.000000 1.000000 0.000000
vn 0.000000 1.000000 0.000000
vn 0.000000 1.000000 0.000000
vn 0.000000 1.000000 0.000000
vn 0.000000 1.000000 0.000000
vn 0.000000 1.000000 0.000000
vn 0.000000 1.000000 0.000000
vn 0.000000 1.000000 0.000000
vn 0.000000 1.000000 0.000000
vn 0.000000 1.000000 0.000000
vn 0.000000 1.000000 0.000000
vn 0.000000 1.000000 0.000000
vn 0.000000 1.000000 0.000000
vn 0.000000 1.000000 0.000000
vn 0.000000 1.000000 0.000000
vn 0.000000 1.000000 0.000000
vn 0.000000 1.000000 0.000000
vn -0.007686 0.999968 0.002220
vn -0.007686 0.999968 0.002220
vn -0.066504 0.997717 0.011719
vn -0.066504 0.997717 0.011719
vn -0.071244 0.997412 0.009689
vn -0.071244 0.997412 0.009689
vn -0.079081 0.996858 0.004393
vn -0.079081 0.996858 0.004393
vn -0.086971 0.996211 0.000000
vn -0.086971 0.996211 0.000000
vn -0.086971 0.996211 0.000000
vn -0.086971 0.996211 0.000000
vn -0.063364 0.997990 0.000000
vn -0.063364 0.997990 0.000000
vn -0.000000 1.000000 0.000000
vn -0.000000 1.000000 0.000000
vn -0.000000 1.000000 0.000000
vn -0.000000 1.000000 0.000000
vn -0.000000 1.000000 0.000000
vn -0.000000 1.000000 0.000000
vn -0.000000 1.000000 0.000000
vn -0.000000 1.000000 0.000000
vn -0.000000 1.000000 0.000000
vn -0.000000 1.000000 0.000000
vn -0.000000 1.000000 0.000000
vn -0.000000 1.000000 0.000000
vn -0.000000 1.000000 0.000000
vn -0.000000 1.000000 0.000000
vn -0.000000 1.000000 0.000000
vn -0.000000 1.000000 0.000000
vn -0.000000 1.000000 0.000000
vn -0.000000 1.000000 0.000000
vn -0.000000 1.000000 0.000000
vn -0.000000 1.000000 0.000000
vn -0.000000 1.000000 0.000000
vn -0.000000 1.000000 0.000000
vn -0.000000 1.000000 0.000000
vn -0.000000 1.000000 0.000000
vn -0.000000 1.000000 0.000000
vn -0.000000 1.000000 0.000000
vn -0.000000 1.000000 0.000000
vn -0.000000 1.000000 0.000000
vn -0.000000 1.000000 0.000000
vn -0.000000 1.000000 0.000000
vn -0.000000 1.000000 0.000000
vn -0.000000 1.000000 0.000000
vn -0.000000 1.000000 0.000000
vn -0.000000 1.000000 0.000000
vn -0.000000 1.000000 0.000000
vn -0.000000 1.000000 0.000000
vn 0.000000 1.000000 0.000000
vn 0.000000 1.000000 0.000000
vn 0.039625 0.999195 -0.006340
vn 0.039625 0.999195 -0.006340
vn 0.037868 0.999212 -0.011892
vn 0.037868 0.999212 -0.011892
vn 0.037868 0.999212 -0.011892
vn 0.037868 0.999212 -0.011892
vn 0.037868 0.999212 -0.011892
vn 0.037868 0.999212 -0.011892
vn 0.037868 0.999212 -0.011892
vn 0.037868 0.999212 -0.011892
vn 0.037868 0.999212 -0.011892
vn 0.037868 0.999212 -0.011892
vn 0.037868 0.999212 -0.011892
vn 0.037868 0.999212 -0.011892
vn 0.037868 0.999212 -0.011892
vn 0.037868 0.999212 -0.011892
vn 0.037868 0.999212 -0.011892
vn 0.037868 0.999212 -0.011892
vn 0.037868 0.999212 -0.011892
vn 0.037868 0.999212 -0.011892
vn 0.037868 0.999212 -0.011892
vn 0.037868 0.999212 -0.011892
vn 0.030682 0.999495 -0.008299
vn 0.030682 0.999495 -0.008299
vn 0.000000 1.000000 0.000000
vn 0.000000 1.000000 0.000000
vn 0.000000 1.000000 0.000000
vn 0.000000 1.000000 0.000000
vn 0.000000 1.000000 0.000000
vn 0.000000 1.000000 0.000000
vn 0.000000 1.000000 0.000000
vn 0.000000 1.000000 0.000000
vn 0.000000 1.000000 0.000000
vn 0.000000 1.000000 0.000000
vn 0.000000 1.000000 0.000000
vn 0.000000 1.000000 0.000000
vn 0.000000 1.000000 0.000000
vn 0.000000 1.000000 0.000000
vn 0.000000 1.000000 0.000000
vn 0.000000 1.000000 0.000000
vn 0.000000 1.000000 0.000000
vn 0.000000 1.000000 0.000000
vn 0.000000 1.000000 0.000000
vn 0.000000 1.000000 0.000000
vn 0.000000 1.000000 0.000000
vn 0.000000 1.000000 0.000000
vn 0.000000 1.000000 0.000000
vn 0.000000 1.000000 0.000000
vn 0.000000 1.000000 0.000000
vn 0.000000 1.000000 0.000000
vn 0.000000 1.000000 0.000000
vn 0.000000 1.000000 0.000000
vn 0.000000 1.000000 0.000000
vn 0.000000 1.000000 0.000000
vn 0.000000 1.000000 0.000000
vn 0.000000 1.000000 0.000000
vn 0.000000 1.000000 0.000000
vn 0.000000 1.000000 0.000000
vn 0.000000 1.000000 0.000000
vn 0.000000 1.000000 0.000000
vn 0.000000 1.000000 0.000000
vn 0.000000 1.000000 0.000000
vn 0.000000 1.000000 0.000000
vn 0.000000 1.000000 0.000000
vn 0.000000 1.000000 0.000000
vn 0.000000 1.000000 0.000000
vn 0.000000 1.000000 0.000000
vn 0.000000 1.000000 0.000000
vn 0.000000 1.000000 0.000000
vn 0.000000 1.000000 0.000000
vn 0.000000 1.000000 0.000000
vn 0.000000 1.000000 0.000000
vn 0.005554 0.999968 -0.005680
vn 0.005554 0.999968 -0.005680
vn 0.010981 0.999875 -0.011356
vn 0.010981 0.999875 -0.011356
vn 0.032511 0.998880 -0.034380
vn 0.032511 0.998880 -0.034380
vn 0.048045 0.997461 -0.052567
vn 0.048045 0.997461 -0.052567
vn 0.058336 0.996210 -0.064513
vn 0.058336 0.996210 -0.064513
vn 0.063967 0.995495 -0.069987
vn 0.063967 0.995495 -0.069987
vn 0.075416 0.993811 -0.081554
vn 0.075416 0.993811 -0.081554
vn 0.075416 0.993811 -0.081554
vn 0.075416 0.993811 -0.081554
vn 0.086027 0.991940 -0.093030
vn 0.086027 0.991940 -0.093030
vn 0.086529 0.991940 -0.092566
vn 0.086529 0.991940 -0.092566
vn 0.080729 0.992906 -0.087300
vn 0.080729 0.992906 -0.087300
vn 0.064374 0.995495 -0.069614
vn 0.064374 0.995495 -0.069614
vn 0.049287 0.997453 -0.051553
vn 0.049287 0.997453 -0.051553
vn 0.011109 0.999875 -0.011234
vn 0.011109 0.999875 -0.011234
vn -0.005618 0.999968 0.005618
vn -0.005618 0.999968 0.005618
vn 0.000000 1.000000 0.000000
vn 0.000000 1.000000 0.000000
vn 0.000000 1.000000 0.000000
vn 0.000000 1.000000 0.000000
vn 0.000000 1.000000 0.000000
vn 0.000000 1.000000 0.000000
vn 0.000000 1.000000 0.000000
vn 0.000000 1.000000 0.000000
vn 0.000000 1.000000 0.000000
vn 0.000000 1.000000 0.000000
vn 0.000000 1.000000 0.000000
vn 0.000000 1.000000 0.000000
vn 0.000000 1.000000 0.000000
vn 0.000000 1.000000 0.000000
vn 0.000000 1.000000 0.000000
vn 0.000000 1.000000 0.000000
vn 0.000000 1.000000 0.000000
vn 0.000000 1.000000 0.000000
vn 0.000000 1.000000 0.000000
vn 0.000000 1.000000 0.000000
vn 0.000000 1.000000 0.000000
vn 0.000000 1.000000 0.000000
vn -0.000000 1.000000 0.000000
vn -0.000000 1.000000 0.000000
vn -0.000000 1.000000 0.000000
vn -0.000000 1.000000 0.000000
vn -0.000000 1.000000 0.000000
vn -0.000000 1.000000 0.000000
vn -0.000000 1.000000 0.000000
vn -0.000000 1.000000 0.000000
vn -0.000000 1.000000 0.000000
vn -0.000000 1.000000 0.000000
vn -0.000000 1.000000 0.000000
vn -0.000000 1.000000 0.000000
vn -0.000000 1.000000 0.000000
vn -0.000000 1.000000 0.000000
vn -0.000000 1.000000 0.000000
vn -0.000000 1.000000 0.000000
vn -0.000000 1.000000 0.000000
vn -0.000000 1.000000 0.000000
vn -0.000000 1.000000 0.000000
vn -0.000000 1.000000 0.000000
vn -0.000000 1.000000 0.000000
vn -0.000000 1.000000 0.000000
vn -0.000000 1.000000 0.000000
vn -0.000000 1.000000 0.000000
vn -0.000000 1.000000 0.000000
vn -0.000000 1.000000 0.000000
vn -0.000000 1.000000 0.000000
vn -0.000000 1.000000 0.000000
vn -0.000000 1.000000 0.000000
vn -0.000000 1.000000 0.000000
vn -0.000000 1.000000 0.000000
vn -0.000000 1.000000 0.000000
vn -0.000000 1.000000 0.000000
vn -0.000000 1.000000 0.000000
vn -0.000000 1.000000 0.000000
vn -0.000000 1.000000 0.000000
vn -0.000000 1.000000 0.000000
vn -0.000000 1.000000 0.000000
vn -0.000000 1.000000 0.000000
vn -0.000000 1.000000 0.000000
vn -0.000000 1.000000 0.000000
vn -0.000000 1.000000 0.000000
vn -0.000000 1.000000 0.000000
vn -0.000000 1.000000 0.000000
vn -0.000000 1.000000 0.000000
vn -0.000000 1.000000 0.000000
vn -0.000000 1.000000 0.000000
vn -0.000000 1.000000 0.000000
vn -0.000000 1.000000 0.000000
vn -0.000000 1.000000 0.000000
vn -0.000000 1.000000 0.000000
vn -0.000000 1.000000 0.000000
vn -0.000000 1.000000 0.000000
vn -0.000000 1.000000 0.000000
vn -0.000000 1.000000 0.000000
vn -0.000000 1.000000 0.000000
vn -0.000000 1.000000 0.000000
vn -0.000000 1.000000 0.000000
vn -0.000000 1.000000 0.000000
vn -0.000000 1.000000 0.000000
vn -0.000000 1.000000 0.000000
vn -0.000000 1.000000 0.000000
vn -0.000000 1.000000 0.000000
vn -0.000000 1.000000 0.000000
vn -0.000000 1.000000 0.000000
vn -0.000000 1.000000 0.000000
vn -0.000000 1.000000 0.000000
vn -0.000000 1.000000 0.000000
vn -0.000000 1.000000 0.000000
vn -0.000000 1.000000 0.000000
vn -0.000000 1.000000 0.000000
vn -0.000000 1.000000 0.000000
vn -0.000000 1.000000 0.000000
vn -0.000000 1.000000 0.000000
vn -0.000000 1.000000 0.000000
vn -0.000000 1.000000 0.000000
vn -0.000000 1.000000 0.000000
vn -0.000000 1.000000 0.000000
vn -0.000000 1.000000 0.000000
vn -0.000000 1.000000 0.000000
vn -0.000000 1.000000 0.000000
vn -0.000000 1.000000 0.000000
vn -0.000000 1.000000 0.000000
vn -0.000000 1.000000 0.000000
vn -0.000000 1.000000 0.000000
vn -0.000000 1.000000 0.000000
vn -0.000000 1.000000 0.000000
vn -0.000000 1.000000 0.000000
vn -0.000000 1.000000 0.000000
vn -0.000000 1.000000 0.000000
vn -0.000000 1.000000 0.000000
vn -0.000000 1.000000 0.000000
vn -0.000000 1.000000 0.000000
vn -0.000000 1.000000 0.000000
vn -0.000000 1.000000 0.000000
vn -0.000000 1.000000 0.000000
vn 0.000000 1.000000 0.000000
vn 0.000000 1.000000 0.000000
vn 0.000000 1.000000 0.000000
vn 0.000000 1.000000 0.000000
vn 0.000000 1.000000 0.000000
vn 0.000000 1.000000 0.000000
vn 0.000000 1.000000 0.000000
vn 0.000000 1.000000 0.000000
vn 0.000000 1.000000 0.000000
vn 0.000000 1.000000 0.000000
vn 0.000000 1.000000 0.000000
vn 0.000000 1.000000 0.000000
vn 0.000000 1.000000 0.000000
vn 0.000000 1.000000 0.000000
vn 0.000000 1.000000 0.000000
vn 0.000000 1.000000 0.000000
vn 0.000000 1.000000 0.000000
vn 0.000000 1.000000 0.000000
vn 0.000000 1.000000 0.000000
vn 0.000000 1.000000 0.000000
vn 0.000000 1.000000 0.000000
vn 0.000000 1.000000 0.000000
vn 0.000000 1.000000 0.000000
vn 0.000000 1.000000 0.000000
vn 0.000000 1.000000 0.000000
vn 0.000000 1.000000 0.000000
vn 0.000000 1.000000 0.000000
vn 0.000000 1.000000 0.000000
vn 0.000000 1.000000 0.000000
vn 0.000000 1.000000 0.000000
vn 0.000000 1.000000 0.000000
vn 0.000000 1.000000 0.000000
vn 0.000000 1.000000 0.000000
vn 0.000000 1.000000 0.000000
vn 0.000000 1.000000 0.000000
vn 0.000000 1.000000 0.000000
vn 0.000000 1.000000 0.000000
vn 0.000000 1.000000 0.000000
vn 0.000000 1.000000 0.000000
vn 0.000000 1.000000 0.000000
vn 0.000000 1.000000 0.000000
vn 0.000000 1.000000 0.000000
vn -0.000000 1.000000 0.000000
vn -0.000000 1.000000 0.000000
vn -0.000000 1.000000 0.000000
vn -0.000000 1.000000 0.000000
vn -0.000000 1.000000 0.000000
vn -0.000000 1.000000 0.000000
vn -0.000000 1.000000 0.000000
vn -0.000000 1.000000 0.000000
vn -0.000000 1.000000 0.000000
vn -0.000000 1.000000 0.000000
vn -0.000000 1.000000 0.000000
vn -0.000000 1.000000 0.000000
vn -0.000000 1.000000 0.000000
vn -0.000000 1.000000 0.000000
vn -0.000000 1.000000 0.000000
vn -0.000000 1.000000 0.000000
vn -0.000000 1.000000 0.000000
vn -0.000000 1.000000 0.000000
vn -0.007609 0.999967 -0.002749
vn -0.007609 0.999967 -0.002749
vn -0.007936 0.999969 -0.000126
vn -0.007936 0.999969 -0.000126
vn -0.007936 0.999969 0.000000
vn -0.007936 0.999969 0.000000
vn -0.007936 0.999969 0.000000
vn -0.007936 0.999969 0.000000
vn -0.007936 0.999969 0.000000
vn -0.007936 0.999969 0.000000
vn -0.007936 0.999969 0.000000
vn -0.007936 0.999969 0.000000
vn -0.007936 0.999969 0.000000
vn -0.007936 0.999969 0.000000
vn -0.007936 0.999969 0.000000
vn -0.007936 0.999969 0.000000
vn -0.007936 0.999969 0.000000
vn -0.007936 0.999969 0.000000
vn -0.007936 0.999969 0.000000
vn -0.007936 0.999969 0.000000
vn -0.007936 0.999969 0.000000
vn -0.007936 0.999969 0.000000
vn -0.007936 0.999969 0.000000
vn -0.007936 0.999969 0.000000
vn -0.007936 0.999969 0.000000
vn -0.007936 0.999969 0.000000
vn -0.007936 0.999969 0.000000
vn -0.007936 0.999969 0.000000
vn -0.007936 0.999969 0.000000
vn -0.007936 0.999969 0.000000
vn -0.007936 0.999969 0.000000
vn -0.007936 0.999969 0.000000
vn -0.007936 0.999969 0.000000
vn -0.007936 0.999969 0.000000
vn -0.007936 0.999969 0.000000
vn -0.007936 0.999969 0.000000
vn -0.007936 0.999969 0.000000
vn -0.007936 0.999969 0.000000
vn -0.007936 0.999969 0.000000
vn -0.007936 0.999969 0.000000
vn -0.007936 0.999969 0.000000
vn -0.007936 0.999969 0.000000
vn -0.007936 0.999969 0.000000
vn -0.007936 0.999969 0.000000
vn -0.007936 0.999969 0.000000
vn -0.007936 0.999969 0.000000
vn 0.007936 0.999969 0.000000
vn 0.007936 0.999969 0.000000
vn 0.007936 0.999969 0.000000
vn 0.007936 0.999969 0.000000
vn 0.007936 0.999969 0.000000
vn 0.007936 0.999969 0.000000
vn 0.015871 0.999874 0.000000
vn 0.015871 0.999874 0.000000
vn 0.023803 0.999717 0.000000
vn 0.023803 0.999717 0.000000
vn 0.039651 0.999214 0.000000
vn 0.039651 0.999214 0.000000
vn 0.047565 0.998868 0.000000
vn 0.047565 0.998868 0.000000
vn 0.055470 0.998460 0.000000
vn 0.055470 0.998460 0.000000
vn 0.071247 0.997459 0.000000
vn 0.071247 0.997459 0.000000
vn 0.071247 0.997459 0.000000
vn 0.071247 0.997459 0.000000
vn 0.094809 0.995495 0.000000
vn 0.094809 0.995495 0.000000
vn 0.110432 0.993884 0.000000
vn 0.110432 0.993884 0.000000
vn 0.126964 0.991907 0.000000
vn 0.126964 0.991907 0.000000
vn 0.126964 0.991907 0.000000
vn 0.126964 0.991907 0.000000
vn 0.126964 0.991907 0.000000
vn 0.126964 0.991907 0.000000
vn 0.126964 0.991907 0.000000
vn 0.126964 0.991907 0.000000
vn 0.126964 0.991907 0.000000
vn 0.126964 0.991907 0.000000
vn 0.126964 0.991907 0.000000
vn 0.126964 0.991907 0.000000
vn 0.126964 0.991907 0.000000
vn 0.126964 0.991907 0.000000
vn 0.126964 0.991907 0.000000
vn 0.126964 0.991907 0.000000
vn 0.126964 0.991907 0.000000
vn 0.126964 0.991907 0.000000
vn 0.126964 0.991907 0.000000
vn 0.126964 0.991907 0.000000
vn 0.126964 0.991907 0.000000
vn 0.126964 0.991907 0.000000
vn 0.126964 0.991907 0.000000
vn 0.126964 0.991907 0.000000
vn 0.126964 0.991907 0.000000
vn 0.126964 0.991907 0.000000
vn 0.118213 0.992988 0.000000
vn 0.118213 0.992988 0.000000
vn 0.118213 0.992988 0.000000
vn 0.118213 0.992988 0.000000
vn 0.086971 0.996211 0.000000
vn 0.086971 0.996211 0.000000
vn 0.063364 0.997990 0.000000
vn 0.063364 0.997990 0.000000
vn 0.031730 0.999496 0.000000
vn 0.031730 0.999496 0.000000
vn -0.000000 1.000000 0.000000
vn -0.000000 1.000000 0.000000
vn -0.023803 0.999717 0.000000
vn -0.023803 0.999717 0.000000
vn -0.031730 0.999496 0.000000
vn -0.031730 0.999496 0.000000
vn -0.031730 0.999496 0.000000
vn -0.031730 0.999496 0.000000
vn -0.031730 0.999496 0.000000
vn -0.031730 0.999496 0.000000
vn -0.031730 0.999496 0.000000
vn -0.031730 0.999496 0.000000
vn -0.031730 0.999496 0.000000
vn -0.031730 0.999496 0.000000
vn -0.031730 0.999496 0.000000
vn -0.031730 0.999496 0.000000
vn -0.031730 0.999496 0.000000
vn -0.031730 0.999496 0.000000
vn -0.007936 0.999969 0.000000
vn -0.007936 0.999969 0.000000
vn -0.000000 1.000000 0.000000
vn -0.000000 1.000000 0.000000
vn -0.000000 1.000000 0.000000
vn -0.000000 1.000000 0.000000
vn -0.000000 1.000000 0.000000
vn -0.000000 1.000000 0.000000
vn -0.000000 1.000000 0.000000
vn -0.000000 1.000000 0.000000
vn 0.007936 0.999969 0.000000
vn 0.007936 0.999969 0.000000
vn 0.007936 0.999969 0.000000
vn 0.007936 0.999969 0.000000
vn 0.007936 0.999969 0.000000
vn 0.007936 0.999969 0.000000
vn 0.007936 0.999969 0.000000
vn 0.007936 0.999969 0.000000
vn 0.007936 0.999969 0.000000
vn 0.007936 0.999969 0.000000
vn 0.007936 0.999969 0.000000
vn 0.007936 0.999969 0.000000
vn 0.007936 0.999969 0.000000
vn 0.007936 0.999969 0.000000
vn 0.007936 0.999969 0.000000
vn 0.007936 0.999969 0.000000
vn 0.007936 0.999969 0.000000
vn 0.007936 0.999969 0.000000
vn 0.007936 0.999969 0.000000
vn 0.007936 0.999969 0.000000
vn 0.000000 1.000000 0.000000
vn 0.000000 1.000000 0.000000
vn 0.000000 1.000000 0.000000
vn 0.000000 1.000000 0.000000
vn 0.000000 1.000000 0.000000
vn 0.000000 1.000000 0.000000
vn 0.000000 1.000000 0.000000
vn 0.000000 1.000000 0.000000
vn 0.000000 1.000000 0.000000
vn 0.000000 1.000000 0.000000
vn 0.000000 1.000000 0.000000
vn 0.000000 1.000000 0.000000
vn 0.000000 1.000000 0.000000
vn 0.000000 1.000000 0.000000
vn 0.000000 1.000000 0.000000
vn 0.000000 1.000000 0.000000
vn 0.000000 1.000000 0.000000
vn 0.000000 1.000000 0.000000
vn 0.000000 1.000000 0.000000
vn 0.000000 1.000000 0.000000
vn 0.000000 1.000000 0.000000
vn 0.000000 1.000000 0.000000
vn -0.007342 0.999968 -0.003075
vn -0.007342 0.999968 -0.003075
vn 0.000000 1.000000 0.000000
vn 0.000000 1.000000 0.000000
vn 0.000000 1.000000 0.000000
vn 0.000000 1.000000 0.000000
vn 0.000000 1.000000 0.000000
vn 0.000000 1.000000 0.000000
vn 0.000000 1.000000 0.000000
vn 0.000000 1.000000 0.000000
vn 0.000000 1.000000 0.000000
vn 0.000000 1.000000 0.000000
vn 0.000000 1.000000 0.000000
vn 0.000000 1.000000 0.000000
vn 0.000000 1.000000 0.000000
vn 0.000000 1.000000 0.000000
vn 0.000000 1.000000 0.000000
vn 0.000000 1.000000 0.000000
vn 0.000000 1.000000 0.000000
vn 0.000000 1.000000 0.000000
vn 0.000000 1.000000 0.000000
vn 0.000000 1.000000 0.000000
vn 0.000000 1.000000 0.000000
vn 0.000000 1.000000 0.000000
vn 0.000000 1.000000 0.000000
vn 0.000000 1.000000 0.000000
vn 0.000000 1.000000 0.000000
vn 0.000000 1.000000 0.000000
vn 0.000000 1.000000 0.000000
vn 0.000000 1.000000 0.000000
vn 0.000000 1.000000 0.000000
vn 0.000000 1.000000 0.000000
vn 0.000000 1.000000 0.000000
vn 0.000000 1.000000 0.000000
vn 0.000000 1.000000 0.000000
vn 0.000000 1.000000 0.000000
vn 0.000000 1.000000 0.000000
vn 0.000000 1.000000 0.000000
vn 0.000000 1.000000 0.000000
vn 0.000000 1.000000 0.000000
vn 0.000000 1.000000 0.000000
vn 0.000000 1.000000 0.000000
vn 0.000000 1.000000 0.000000
vn 0.000000 1.000000 0.000000
vn 0.000000 1.000000 0.000000
vn 0.000000 1.000000 0.000000
vn 0.000000 1.000000 0.000000
vn 0.000000 1.000000 0.000000
vn -0.000000 1.000000 0.000000
vn -0.000000 1.000000 0.000000
vn -0.000000 1.000000 0.000000
vn -0.000000 1.000000 0.000000
vn -0.000000 1.000000 0.000000
vn -0.000000 1.000000 0.000000
vn -0.000000 1.000000 0.000000
vn -0.000000 1.000000 0.000000
vn -0.000000 1.000000 0.000000
vn -0.000000 1.000000 0.000000
vn -0.000000 1.000000 0.000000
vn -0.000000 1.000000 0.000000
vn -0.000000 1.000000 0.000000
vn -0.000000 1.000000 0.000000
vn -0.000000 1.000000 0.000000
vn -0.000000 1.000000 0.000000
vn -0.000000 1.000000 0.000000
vn -0.000000 1.000000 0.000000
vn -0.000000 1.000000 0.000000
vn -0.000000 1.000000 0.000000
vn -0.000000 1.000000 0.000000
vn -0.000000 1.000000 0.000000
vn -0.000000 1.000000 0.000000
vn -0.000000 1.000000 0.000000
vn -0.000000 1.000000 0.000000
vn -0.000000 1.000000 0.000000
vn -0.000000 1.000000 0.000000
vn -0.000000 1.000000 0.000000
vn -0.000000 1.000000 0.000000
vn -0.000000 1.000000 0.000000
vn -0.000000 1.000000 0.000000
vn -0.000000 1.000000 0.000000
vn -0.000000 1.000000 0.000000
vn -0.000000 1.000000 0.000000
vn -0.000000 1.000000 0.000000
vn -0.000000 1.000000 0.000000
vn -0.000000 1.000000 0.000000
vn -0.000000 1.000000 0.000000
vn -0.000000 1.000000 0.000000
vn -0.000000 1.000000 0.000000
vn -0.000000 1.000000 0.000000
vn -0.000000 1.000000 0.000000
vn -0.000000 1.000000 0.000000
vn -0.000000 1.000000 0.000000
vn -0.000000 1.000000 0.000000
vn -0.000000 1.000000 0.000000
vn -0.000000 1.000000 0.000000
vn -0.000000 1.000000 0.000000
vn -0.000000 1.000000 0.000000
vn -0.000000 1.000000 0.000000
vn -0.000000 1.000000 0.000000
vn -0.000000 1.000000 0.000000
vn -0.000000 1.000000 0.000000
vn -0.000000 1.000000 0.000000
vn -0.000000 1.000000 0.000000
vn -0.000000 1.000000 0.000000
vn -0.000000 1.000000 0.000000
vn -0.000000 1.000000 0.000000
vn -0.000000 1.000000 0.000000
vn -0.000000 1.000000 0.000000
vn -0.000000 1.000000 0.000000
vn -0.000000 1.000000 0.000000
vn -0.000000 1.000000 0.000000
vn -0.000000 1.000000 0.000000
vn -0.000000 1.000000 0.000000
vn -0.000000 1.000000 0.000000
vn -0.000000 1.000000 0.000000
vn -0.000000 1.000000 0.000000
vn 0.047295 0.998878 -0.002627
vn 0.047295 0.998878 -0.002627
vn 0.054624 0.998472 -0.008303
vn 0.054624 0.998472 -0.008303
vn 0.069298 0.997462 -0.016338
vn 0.069298 0.997462 -0.016338
vn 0.068511 0.997468 -0.019093
vn 0.068511 0.997468 -0.019093
vn 0.075709 0.996842 -0.023975
vn 0.075709 0.996842 -0.023975
vn 0.075140 0.996858 -0.025047
vn 0.075140 0.996858 -0.025047
vn 0.074851 0.996845 -0.026418
vn 0.074851 0.996845 -0.026418
vn 0.074649 0.996845 -0.026974
vn 0.074649 0.996845 -0.026974
vn 0.074649 0.996845 -0.026974
vn 0.074649 0.996845 -0.026974
vn 0.067224 0.997442 -0.024291
vn 0.067224 0.997442 -0.024291
vn 0.052365 0.998457 -0.018482
vn 0.052365 0.998457 -0.018482
vn 0.015321 0.999874 -0.004270
vn 0.015321 0.999874 -0.004270
vn 0.000000 1.000000 0.000000
vn 0.000000 1.000000 0.000000
vn 0.000000 1.000000 0.000000
vn 0.000000 1.000000 0.000000
vn 0.000000 1.000000 0.000000
vn 0.000000 1.000000 0.000000
vn 0.000000 1.000000 0.000000
vn 0.000000 1.000000 0.000000
vn -0.000000 1.000000 0.000000
vn -0.000000 1.000000 0.000000
vn -0.000000 1.000000 0.000000
vn -0.000000 1.000000 0.000000
vn -0.000000 1.000000 0.000000
vn -0.000000 1.000000 0.000000
vn -0.000000 1.000000 0.000000
vn -0.000000 1.000000 0.000000
vn -0.000000 1.000000 0.000000
vn -0.000000 1.000000 0.000000
vn -0.000000 1.000000 0.000000
vn -0.000000 1.000000 0.000000
vn 0.000000 0.999969 -0.007936
vn 0.000000 0.999969 -0.007936
vn -0.000252 0.999874 -0.015869
vn -0.000252 0.999874 -0.015869
vn 0.007296 0.999844 -0.016102
vn 0.007296 0.999844 -0.016102
vn 0.006978 0.999686 -0.024079
vn 0.006978 0.999686 -0.024079
vn 0.006663 0.999466 -0.031993
vn 0.006663 0.999466 -0.031993
vn 0.005712 0.999187 -0.039922
vn 0.005712 0.999187 -0.039922
vn 0.002995 0.998852 -0.047802
vn 0.002995 0.998852 -0.047802
vn 0.006434 0.998366 -0.056784
vn 0.006434 0.998366 -0.056784
vn 0.008090 0.997747 -0.066604
vn 0.008090 0.997747 -0.066604
vn 0.010276 0.997569 -0.068927
vn 0.010276 0.997569 -0.068927
vn 0.008756 0.996807 -0.079367
vn 0.008756 0.996807 -0.079367
vn 0.012002 0.995506 -0.093939
vn 0.012002 0.995506 -0.093939
vn 0.010867 0.995060 -0.098675
vn 0.010867 0.995060 -0.098675
vn 0.009303 0.994517 -0.104160
vn 0.009303 0.994517 -0.104160
vn 0.002259 0.993279 -0.115719
vn 0.002259 0.993279 -0.115719
vn -0.005643 0.993247 -0.115879
vn -0.005643 0.993247 -0.115879
vn -0.006909 0.992641 -0.120901
vn -0.006909 0.992641 -0.120901
vn -0.013833 0.992551 -0.121043
vn -0.013833 0.992551 -0.121043
vn -0.016834 0.991895 -0.125942
vn -0.016834 0.991895 -0.125942
vn -0.013083 0.991799 -0.127136
vn -0.013083 0.991799 -0.127136
vn -0.022248 0.991751 -0.126238
vn -0.022248 0.991751 -0.126238
vn -0.019787 0.991595 -0.127863
vn -0.019787 0.991595 -0.127863
vn -0.022028 0.992024 -0.124113
vn -0.022028 0.992024 -0.124113
vn -0.015163 0.992922 -0.117795
vn -0.015163 0.992922 -0.117795
vn -0.015970 0.993255 -0.114846
vn -0.015970 0.993255 -0.114846
vn -0.017526 0.994308 -0.105091
vn -0.017526 0.994308 -0.105091
vn -0.009761 0.995419 -0.095112
vn -0.009761 0.995419 -0.095112
vn -0.007906 0.996196 -0.086781
vn -0.007906 0.996196 -0.086781
vn -0.003939 0.997475 -0.070904
vn -0.003939 0.997475 -0.070904
vn -0.006544 0.998466 -0.054972
vn -0.006544 0.998466 -0.054972
vn -0.006547 0.999219 -0.038971
vn -0.006547 0.999219 -0.038971
vn -0.006772 0.999501 -0.030852
vn -0.006772 0.999501 -0.030852
vn -0.004007 0.999875 -0.015275
vn -0.004007 0.999875 -0.015275
vn 0.000000 1.000000 0.000000
vn 0.000000 1.000000 0.000000
vn 0.000000 1.000000 0.000000
vn 0.000000 1.000000 0.000000
vn 0.000000 1.000000 0.000000
vn 0.000000 1.000000 0.000000
vn 0.000000 1.000000 0.000000
vn 0.000000 1.000000 0.000000
vn 0.000000 1.000000 0.000000
vn 0.000000 1.000000 0.000000
vn 0.000000 1.000000 0.000000
vn 0.000000 1.000000 0.000000
vn 0.000000 1.000000 0.000000
vn 0.000000 1.000000 0.000000
vn 0.000000 1.000000 0.000000
vn 0.000000 1.000000 0.000000
vn 0.000000 1.000000 0.000000
vn 0.000000 1.000000 0.000000
vn 0.000000 1.000000 0.000000
vn 0.000000 1.000000 0.000000
vn 0.000000 1.000000 0.000000
vn 0.000000 1.000000 0.000000
vn 0.000000 1.000000 0.000000
vn 0.000000 1.000000 0.000000
vn 0.000000 1.000000 0.000000
vn 0.000000 1.000000 0.000000
vn 0.000000 1.000000 0.000000
vn 0.000000 1.000000 0.000000
vn 0.000000 1.000000 0.000000
vn 0.000000 1.000000 0.000000
vn 0.000000 1.000000 0.000000
vn 0.000000 1.000000 0.000000
vn 0.000000 1.000000 0.000000
vn 0.000000 1.000000 0.000000
vn 0.000000 1.000000 0.000000
vn 0.000000 1.000000 0.000000
vn 0.000000 1.000000 0.000000
vn 0.000000 1.000000 0.000000
vn 0.000000 1.000000 0.000000
vn 0.000000 1.000000 0.000000
vn 0.000000 1.000000 0.000000
vn 0.000000 1.000000 0.000000
vn 0.000000 1.000000 0.000000
vn 0.000000 1.000000 0.000000
vn 0.000000 1.000000 0.000000
vn 0.000000 1.000000 0.000000
vn 0.000000 1.000000 0.000000
vn 0.000000 1.000000 0.000000
vn 0.000000 1.000000 0.000000
vn 0.000000 1.000000 0.000000
vn 0.000000 1.000000 0.000000
vn 0.000000 1.000000 0.000000
vn 0.000000 1.000000 0.000000
vn 0.000000 1.000000 0.000000
vn 0.000000 1.000000 0.000000
vn 0.000000 1.000000 0.000000
vn 0.000000 1.000000 0.000000
vn 0.000000 1.000000 0.000000
vn 0.000000 1.000000 0.000000
vn 0.000000 1.000000 0.000000
vn 0.000000 1.000000 0.000000
vn 0.000000 1.000000 0.000000
vn 0.000000 1.000000 0.000000
vn 0.000000 1.000000 0.000000
vn 0.000000 1.000000 0.000000
vn 0.000000 1.000000 0.000000
vn 0.000000 1.000000 0.000000
vn 0.000000 1.000000 0.000000
vn -0.007287 0.999875 -0.014072
vn -0.007287 0.999875 -0.014072
vn -0.012650 0.999716 -0.020202
vn -0.012650 0.999716 -0.020202
vn -0.023535 0.999211 -0.032008
vn -0.023535 0.999211 -0.032008
vn -0.031329 0.998866 -0.035858
vn -0.031329 0.998866 -0.035858
vn -0.039477 0.998458 -0.039038
vn -0.039477 0.998458 -0.039038
vn -0.047589 0.998001 -0.041578
vn -0.047589 0.998001 -0.041578
vn -0.055801 0.997474 -0.043965
vn -0.055801 0.997474 -0.043965
vn -0.056751 0.997475 -0.042703
vn -0.056751 0.997475 -0.042703
vn -0.056751 0.997475 -0.042703
vn -0.056751 0.997475 -0.042703
vn -0.049581 0.998006 -0.039064
vn -0.049581 0.998006 -0.039064
vn -0.041849 0.998455 -0.036563
vn -0.041849 0.998455 -0.036563
vn -0.027040 0.999216 -0.028926
vn -0.027040 0.999216 -0.028926
vn -0.018724 0.999500 -0.025465
vn -0.018724 0.999500 -0.025465
vn -0.015588 0.999496 -0.027656
vn -0.015588 0.999496 -0.027656
vn -0.009409 0.999717 -0.021828
vn -0.009409 0.999717 -0.021828
vn -0.005024 0.999874 -0.015073
vn -0.005024 0.999874 -0.015073
vn -0.001875 0.999969 -0.007686
vn -0.001875 0.999969 -0.007686
vn 0.000000 1.000000 0.000000
vn 0.000000 1.000000 0.000000
vn 0.000690 0.999969 0.007909
vn 0.000690 0.999969 0.007909
vn 0.000000 0.999717 0.023803
vn 0.000000 0.999717 0.023803
vn -0.004504 0.998871 0.047297
vn -0.004504 0.998871 0.047297
vn -0.009006 0.998876 0.046529
vn -0.009006 0.998876 0.046529
vn -0.008790 0.999500 0.030387
vn -0.008790 0.999500 0.030387
vn -0.008267 0.999720 0.022171
vn -0.008267 0.999720 0.022171
vn -0.006640 0.999874 0.014407
vn -0.006640 0.999874 0.014407
vn -0.003764 0.999969 0.006964
vn -0.003764 0.999969 0.006964
vn -0.004207 0.999969 0.006719
vn -0.004207 0.999969 0.006719
vn 0.000000 1.000000 0.000000
vn 0.000000 1.000000 0.000000
vn 0.000000 1.000000 0.000000
vn 0.000000 1.000000 0.000000
vn 0.000000 1.000000 0.000000
vn 0.000000 1.000000 0.000000
vn 0.000000 1.000000 0.000000
vn 0.000000 1.000000 0.000000
vn 0.000000 1.000000 0.000000
vn 0.000000 1.000000 0.000000
vn 0.000000 1.000000 0.000000
vn 0.000000 1.000000 0.000000
vn 0.000000 1.000000 0.000000
vn 0.000000 1.000000 0.000000
vn 0.000000 1.000000 0.000000
vn 0.000000 1.000000 0.000000
vn 0.000000 1.000000 0.000000
vn 0.000000 1.000000 0.000000
vn 0.000000 1.000000 0.000000
vn 0.000000 1.000000 0.000000
vn 0.000000 1.000000 0.000000
vn 0.000000 1.000000 0.000000
vn 0.000000 1.000000 0.000000
vn 0.000000 1.000000 0.000000
vn 0.000000 1.000000 0.000000
vn 0.000000 1.000000 0.000000
vn 0.000000 1.000000 0.000000
vn 0.000000 1.000000 0.000000
vn 0.000000 1.000000 0.000000
vn 0.000000 1.000000 0.000000
vn 0.000000 1.000000 0.000000
vn 0.000000 1.000000 0.000000
vn 0.000000 1.000000 0.000000
vn 0.000000 1.000000 0.000000
vn 0.000000 1.000000 0.000000
vn 0.000000 1.000000 0.000000
vn 0.000000 1.000000 0.000000
vn 0.000000 1.000000 0.000000
vn 0.000000 1.000000 0.000000
vn 0.000000 1.000000 0.000000
vn 0.000000 1.000000 0.000000
vn 0.000000 1.000000 0.000000
vn 0.000000 1.000000 0.000000
vn 0.000000 1.000000 0.000000
vn 0.000000 1.000000 0.000000
vn 0.000000 1.000000 0.000000
vn 0.000000 1.000000 0.000000
vn 0.000000 1.000000 0.000000
vn 0.000000 1.000000 0.000000
vn 0.000000 1.000000 0.000000
vn 0.000000 1.000000 0.000000
vn 0.000000 1.000000 0.000000
vn 0.000000 1.000000 0.000000
vn 0.000000 1.000000 0.000000
vn 0.000000 1.000000 0.000000
vn 0.000000 1.000000 0.000000
vn 0.000000 1.000000 0.000000
vn 0.000000 1.000000 0.000000
vn 0.000000 1.000000 0.000000
vn 0.000000 1.000000 0.000000
vn 0.000000 1.000000 0.000000
vn 0.000000 1.000000 0.000000
vn 0.000000 1.000000 0.000000
vn 0.000000 1.000000 0.000000
vn 0.000000 1.000000 0.000000
vn 0.000000 1.000000 0.000000
vn 0.000000 1.000000 0.000000
vn 0.000000 1.000000 0.000000
vn 0.000000 1.000000 0.000000
vn 0.000000 1.000000 0.000000
vn 0.000000 1.000000 0.000000
vn 0.000000 1.000000 0.000000
vn 0.000000 1.000000 0.000000
vn 0.000000 1.000000 0.000000
vn 0.000000 1.000000 0.000000
vn 0.000000 1.000000 0.000000
vn 0.000000 1.000000 0.000000
vn 0.000000 1.000000 0.000000
vn 0.000000 1.000000 0.000000
vn 0.000000 1.000000 0.000000
vn 0.000000 1.000000 0.000000
vn 0.000000 1.000000 0.000000
vn 0.000000 1.000000 0.000000
vn 0.000000 1.000000 0.000000
vn 0.000000 1.000000 0.000000
vn 0.000000 1.000000 0.000000
vn 0.000000 1.000000 0.000000
vn 0.000000 1.000000 0.000000
vn 0.000000 1.000000 0.000000
vn 0.000000 1.000000 0.000000
vn 0.000000 1.000000 0.000000
vn 0.000000 1.000000 0.000000
vn 0.000000 1.000000 0.000000
vn 0.000000 1.000000 0.000000
vn 0.000000 1.000000 0.000000
vn 0.000000 1.000000 0.000000
vn 0.000000 1.000000 0.000000
vn 0.000000 1.000000 0.000000
vn 0.000000 1.000000 0.000000
vn 0.000000 1.000000 0.000000
vn 0.000000 1.000000 0.000000
vn 0.000000 1.000000 0.000000
vn -0.005884 0.999969 0.005320
vn -0.005884 0.999969 0.005320
vn -0.030315 0.999220 0.025315
vn -0.030315 0.999220 0.025315
vn -0.046951 0.998451 0.029838
vn -0.046951 0.998451 0.029838
vn -0.062410 0.997369 0.036893
vn -0.062410 0.997369 0.036893
vn -0.071407 0.996458 0.044403
vn -0.071407 0.996458 0.044403
vn -0.084057 0.994742 0.058507
vn -0.084057 0.994742 0.058507
vn -0.093513 0.993192 0.069458
vn -0.093513 0.993192 0.069458
vn -0.108013 0.991047 0.078486
vn -0.108013 0.991047 0.078486
vn -0.126476 0.988449 0.083505
vn -0.126476 0.988449 0.083505
vn -0.149323 0.985129 0.084996
vn -0.149323 0.985129 0.084996
vn -0.168994 0.981915 0.085346
vn -0.168994 0.981915 0.085346
vn -0.179725 0.980304 0.081870
vn -0.179725 0.980304 0.081870
vn -0.187090 0.979759 0.071200
vn -0.187090 0.979759 0.071200
vn -0.197792 0.978837 0.052495
vn -0.197792 0.978837 0.052495
vn -0.204729 0.978605 0.020473
vn -0.204729 0.978605 0.020473
vn -0.204482 0.978822 -0.009707
vn -0.204482 0.978822 -0.009707
vn -0.200496 0.978924 -0.038846
vn -0.200496 0.978924 -0.038846
vn -0.193040 0.978904 -0.066954
vn -0.193040 0.978904 -0.066954
vn -0.181903 0.978759 -0.094565
vn -0.181903 0.978759 -0.094565
vn -0.166348 0.978706 -0.120263
vn -0.166348 0.978706 -0.120263
vn -0.146420 0.978654 -0.144216
vn -0.146420 0.978654 -0.144216
vn -0.124604 0.978659 -0.163404
vn -0.124604 0.978659 -0.163404
vn -0.098107 0.978739 -0.180126
vn -0.098107 0.978739 -0.180126
vn -0.071114 0.978533 -0.193431
vn -0.071114 0.978533 -0.193431
vn -0.042479 0.978785 -0.200439
vn -0.042479 0.978785 -0.200439
vn -0.011986 0.978684 -0.205023
vn -0.011986 0.978684 -0.205023
vn 0.017817 0.978851 -0.203797
vn 0.017817 0.978851 -0.203797
vn 0.046737 0.978911 -0.198869
vn 0.046737 0.978911 -0.198869
vn 0.076398 0.978644 -0.190837
vn 0.076398 0.978644 -0.190837
vn 0.104720 0.978806 -0.175992
vn 0.104720 0.978806 -0.175992
vn 0.130025 0.978681 -0.158989
vn 0.130025 0.978681 -0.158989
vn 0.151025 0.978832 -0.138125
vn 0.151025 0.978832 -0.138125
vn 0.170307 0.978619 -0.115329
vn 0.170307 0.978619 -0.115329
vn 0.195431 0.977661 -0.077363
vn 0.195431 0.977661 -0.077363
vn 0.197972 0.979243 -0.043474
vn 0.197972 0.979243 -0.043474
vn 0.200838 0.979619 0.003205
vn 0.200838 0.979619 0.003205
vn 0.184174 0.981929 0.043541
vn 0.184174 0.981929 0.043541
vn 0.167646 0.983355 0.070061
vn 0.167646 0.983355 0.070061
vn 0.132751 0.986899 0.091696
vn 0.132751 0.986899 0.091696
vn 0.102501 0.989040 0.106274
vn 0.102501 0.989040 0.106274
vn 0.066435 0.992399 0.103594
vn 0.066435 0.992399 0.103594
vn 0.043678 0.995025 0.089547
vn 0.043678 0.995025 0.089547
vn 0.036194 0.995806 0.084033
vn 0.036194 0.995806 0.084033
vn 0.004189 0.996491 0.083598
vn 0.004189 0.996491 0.083598
vn 0.002641 0.997241 0.074186
vn 0.002641 0.997241 0.074186
vn -0.001878 0.998392 0.056652
vn -0.001878 0.998392 0.056652
vn -0.002515 0.998972 0.045265
vn -0.002515 0.998972 0.045265
vn -0.007273 0.999596 0.027475
vn -0.007273 0.999596 0.027475
vn -0.006591 0.999845 0.016352
vn -0.006591 0.999845 0.016352
vn -0.006591 0.999845 0.016352
vn -0.006591 0.999845 0.016352
vn 0.000000 1.000000 0.000000
vn 0.000000 1.000000 0.000000
vn 0.000000 1.000000 0.000000
vn 0.000000 1.000000 0.000000
vn 0.000000 1.000000 0.000000
vn 0.000000 1.000000 0.000000
vn 0.000000 1.000000 0.000000
vn 0.000000 1.000000 0.000000
vn 0.000000 1.000000 0.000000
vn 0.000000 1.000000 0.000000
vn 0.000000 1.000000 0.000000
vn 0.000000 1.000000 0.000000
vn 0.000000 1.000000 0.000000
vn 0.000000 1.000000 0.000000
vn 0.000000 1.000000 0.000000
vn 0.000000 1.000000 0.000000
vn 0.000000 1.000000 0.000000
vn 0.000000 1.000000 0.000000
vn 0.000000 1.000000 0.000000
vn 0.000000 1.000000 0.000000
vn 0.000000 1.000000 0.000000
vn 0.000000 1.000000 0.000000
vn 0.000000 1.000000 0.000000
vn 0.000000 1.000000 0.000000
vn 0.000000 1.000000 0.000000
vn 0.000000 1.000000 0.000000
vn 0.000000 1.000000 0.000000
vn 0.000000 1.000000 0.000000
vn 0.000000 1.000000 0.000000
vn 0.000000 1.000000 0.000000
vn 0.000000 1.000000 0.000000
vn 0.000000 1.000000 0.000000
vn 0.000000 1.000000 0.000000
vn 0.000000 1.000000 0.000000
vn 0.000000 1.000000 0.000000
vn 0.000000 1.000000 0.000000
vn 0.000000 1.000000 0.000000
vn 0.000000 1.000000 0.000000
vn 0.000000 1.000000 0.000000
vn 0.000000 1.000000 0.000000
vn 0.000000 1.000000 0.000000
vn 0.000000 1.000000 0.000000
vn 0.000000 1.000000 0.000000
vn 0.000000 1.000000 0.000000
vn 0.000000 1.000000 0.000000
vn 0.000000 1.000000 0.000000
vn 0.000000 1.000000 0.000000
vn 0.000000 1.000000 0.000000
vn 0.000000 1.000000 0.000000
vn 0.000000 1.000000 0.000000
vn 0.000000 1.000000 0.000000
vn 0.000000 1.000000 0.000000
vn 0.000000 1.000000 0.000000
vn 0.000000 1.000000 0.000000
vn 0.000000 1.000000 0.000000
vn 0.000000 1.000000 0.000000
vn 0.000000 1.000000 0.000000
vn 0.000000 1.000000 0.000000
vn 0.000000 1.000000 0.000000
vn 0.000000 1.000000 0.000000
vn 0.000000 1.000000 0.000000
vn 0.000000 1.000000 0.000000
vn 0.000000 1.000000 0.000000
vn 0.000000 1.000000 0.000000
vn 0.000000 1.000000 0.000000
vn 0.000000 1.000000 0.000000
vn 0.000000 1.000000 0.000000
vn 0.000000 1.000000 0.000000
vn 0.000000 1.000000 0.000000
vn 0.000000 1.000000 0.000000
vn 0.000000 1.000000 0.000000
vn 0.000000 1.000000 0.000000
vn 0.000000 1.000000 0.000000
vn 0.000000 1.000000 0.000000
vn 0.000000 1.000000 0.000000
vn 0.000000 1.000000 0.000000
vn 0.000000 1.000000 0.000000
vn 0.000000 1.000000 0.000000
vn 0.000000 1.000000 0.000000
vn 0.000000 1.000000 0.000000
vn 0.000000 1.000000 0.000000
vn 0.000000 1.000000 0.000000
vn 0.000000 1.000000 0.000000
vn 0.000000 1.000000 0.000000
vn 0.000000 1.000000 0.000000
vn 0.000000 1.000000 0.000000
vn 0.000000 1.000000 0.000000
vn 0.000000 1.000000 0.000000
vn 0.000000 1.000000 0.000000
vn 0.000000 1.000000 0.000000
vn 0.000000 1.000000 0.000000
vn 0.000000 1.000000 0.000000
vn 0.000000 1.000000 0.000000
vn 0.000000 1.000000 0.000000
vn 0.000000 1.000000 0.000000
vn 0.000000 1.000000 0.000000
vn 0.000000 1.000000 0.000000
vn 0.000000 1.000000 0.000000
vn 0.000000 1.000000 0.000000
vn 0.000000 1.000000 0.000000
vn 0.000000 1.000000 0.000000
vn 0.000000 1.000000 0.000000
vn 0.000000 1.000000 0.000000
vn 0.000000 1.000000 0.000000
vn 0.000000 1.000000 0.000000
vn 0.000000 1.000000 0.000000
vn 0.000000 1.000000 0.000000
vn 0.000000 1.000000 0.000000
vn 0.000000 1.000000 0.000000
vn 0.000000 1.000000 0.000000
vn 0.000000 1.000000 -0.000000
vn 0.000000 1.000000 -0.000000
vn -0.026361 0.999490 0.017996
vn -0.026361 0.999490 0.017996
vn -0.046587 0.997985 0.043080
vn -0.046587 0.997985 0.043080
vn -0.045352 0.997986 0.044344
vn -0.045352 0.997986 0.044344
vn -0.045352 0.997986 0.044344
vn -0.045352 0.997986 0.044344
vn -0.045352 0.997986 0.044344
vn -0.045352 0.997986 0.044344
vn -0.045352 0.997986 0.044344
vn -0.045352 0.997986 0.044344
vn -0.045352 0.997986 0.044344
vn -0.045352 0.997986 0.044344
vn -0.045352 0.997986 0.044344
vn -0.045352 0.997986 0.044344
vn -0.045352 0.997986 0.044344
vn -0.045352 0.997986 0.044344
vn -0.045352 0.997986 0.044344
vn -0.045352 0.997986 0.044344
vn -0.045352 0.997986 0.044344
vn -0.045352 0.997986 0.044344
vn -0.045352 0.997986 0.044344
vn -0.045352 0.997986 0.044344
vn -0.045352 0.997986 0.044344
vn -0.045352 0.997986 0.044344
vn -0.045352 0.997986 0.044344
vn -0.045352 0.997986 0.044344
vn -0.045352 0.997986 0.044344
vn -0.045352 0.997986 0.044344
vn -0.045352 0.997986 0.044344
vn -0.045352 0.997986 0.044344
vn -0.045352 0.997986 0.044344
vn -0.045352 0.997986 0.044344
vn -0.015735 0.999714 0.018010
vn -0.015735 0.999714 0.018010
vn 0.000000 1.000000 -0.000000
vn 0.000000 1.000000 -0.000000
vn -0.000000 1.000000 0.000000
vn -0.000000 1.000000 0.000000
vn -0.000000 1.000000 0.000000
vn -0.000000 1.000000 0.000000
vn -0.000000 1.000000 0.000000
vn -0.000000 1.000000 0.000000
vn 0.000000 1.000000 0.000000
vn 0.000000 1.000000 0.000000
vn 0.014971 0.999868 -0.006270
vn 0.014971 0.999868 -0.006270
vn 0.048835 0.997974 -0.040780
vn 0.048835 0.997974 -0.040780
vn 0.045352 0.997986 -0.044344
vn 0.045352 0.997986 -0.044344
vn 0.045352 0.997986 -0.044344
vn 0.045352 0.997986 -0.044344
vn 0.045352 0.997986 -0.044344
vn 0.045352 0.997986 -0.044344
vn 0.045352 0.997986 -0.044344
vn 0.045352 0.997986 -0.044344
vn 0.045352 0.997986 -0.044344
vn 0.045352 0.997986 -0.044344
vn 0.045352 0.997986 -0.044344
vn 0.045352 0.997986 -0.044344
vn 0.045352 0.997986 -0.044344
vn 0.045352 0.997986 -0.044344
vn 0.045352 0.997986 -0.044344
vn 0.045352 0.997986 -0.044344
vn 0.045352 0.997986 -0.044344
vn 0.045352 0.997986 -0.044344
vn 0.045352 0.997986 -0.044344
vn 0.045352 0.997986 -0.044344
vn 0.045352 0.997986 -0.044344
vn 0.045352 0.997986 -0.044344
vn 0.045352 0.997986 -0.044344
vn 0.045352 0.997986 -0.044344
vn 0.045352 0.997986 -0.044344
vn 0.045352 0.997986 -0.044344
vn 0.045352 0.997986 -0.044344
vn 0.045352 0.997986 -0.044344
vn 0.045352 0.997986 -0.044344
vn 0.045352 0.997986 -0.044344
vn 0.028066 0.999221 -0.027754
vn 0.028066 0.999221 -0.027754
vn 0.000000 1.000000 0.000000
vn 0.000000 1.000000 0.000000
vn 0.000000 1.000000 0.000000
vn 0.000000 1.000000 0.000000
vn 0.000000 1.000000 0.000000
vn 0.000000 1.000000 0.000000
vn 0.000000 1.000000 0.000000
vn 0.000000 1.000000 0.000000
vn 0.000000 1.000000 0.000000
vn 0.000000 1.000000 0.000000
vn 0.000000 1.000000 0.000000
vn 0.000000 1.000000 0.000000
vn 0.000000 1.000000 0.000000
vn 0.000000 1.000000 0.000000
vn 0.000000 1.000000 0.000000
vn 0.000000 1.000000 0.000000
vn 0.000000 1.000000 0.000000
vn 0.000000 1.000000 0.000000
vn 0.000000 1.000000 0.000000
vn 0.000000 1.000000 0.000000
vn 0.000000 1.000000 0.000000
vn 0.000000 1.000000 0.000000
vn 0.000000 1.000000 0.000000
vn 0.000000 1.000000 0.000000
vn 0.000000 1.000000 0.000000
vn 0.000000 1.000000 0.000000
vn 0.000000 1.000000 0.000000
vn 0.000000 1.000000 0.000000
vn 0.000000 1.000000 0.000000
vn 0.000000 1.000000 0.000000
vn 0.000000 1.000000 0.000000
vn 0.000000 1.000000 0.000000
vn 0.000000 1.000000 0.000000
vn 0.000000 1.000000 0.000000
vn 0.000000 1.000000 0.000000
vn 0.000000 1.000000 0.000000
vn 0.000000 1.000000 0.000000
vn 0.000000 1.000000 0.000000
vn 0.000000 1.000000 0.000000
vn 0.000000 1.000000 0.000000
vn 0.000000 1.000000 0.000000
vn 0.000000 1.000000 0.000000
vn 0.000000 1.000000 0.000000
vn 0.000000 1.000000 0.000000
vn 0.000000 1.000000 0.000000
vn 0.000000 1.000000 0.000000
vn 0.000000 1.000000 0.000000
vn 0.000000 1.000000 0.000000
vn 0.000000 1.000000 0.000000
vn 0.000000 1.000000 0.000000
vn 0.000000 1.000000 0.000000
vn 0.000000 1.000000 0.000000
vn 0.000000 1.000000 0.000000
vn 0.000000 1.000000 0.000000
vn 0.000000 1.000000 0.000000
vn 0.000000 1.000000 0.000000
vn 0.000000 1.000000 0.000000
vn 0.000000 1.000000 0.000000
vn 0.000000 1.000000 0.000000
vn 0.000000 1.000000 0.000000
vn 0.000000 1.000000 0.000000
vn 0.000000 1.000000 0.000000
vn 0.000000 1.000000 0.000000
vn 0.000000 1.000000 0.000000
vn 0.000000 1.000000 0.000000
vn 0.000000 1.000000 0.000000
vn -0.005794 0.999969 -0.005416
vn -0.005794 0.999969 -0.005416
vn 0.000000 1.000000 0.000000
vn 0.000000 1.000000 0.000000
vn -0.005359 0.999968 -0.005863
vn -0.005359 0.999968 -0.005863
vn -0.011626 0.999875 0.010751
vn -0.011626 0.999875 0.010751
vn 0.000000 1.000000 0.000000
vn 0.000000 1.000000 0.000000
vn 0.000000 1.000000 0.000000
vn 0.000000 1.000000 0.000000
vn 0.000000 1.000000 0.000000
vn 0.000000 1.000000 0.000000
vn 0.000000 1.000000 0.000000
vn 0.000000 1.000000 0.000000
vn 0.000000 1.000000 0.000000
vn 0.000000 1.000000 0.000000
vn 0.000000 1.000000 0.000000
vn 0.000000 1.000000 0.000000
vn 0.000000 1.000000 0.000000
vn 0.000000 1.000000 0.000000
vn 0.000000 1.000000 0.000000
vn 0.000000 1.000000 0.000000
vn 0.000000 1.000000 0.000000
vn 0.000000 1.000000 0.000000
vn 0.000000 1.000000 0.000000
vn 0.000000 1.000000 0.000000
vn 0.000000 1.000000 0.000000
vn 0.000000 1.000000 0.000000
vn 0.000000 1.000000 0.000000
vn 0.000000 1.000000 0.000000
vn 0.000000 1.000000 0.000000
vn 0.000000 1.000000 0.000000
vn 0.000000 1.000000 0.000000
vn 0.000000 1.000000 0.000000
vn 0.000000 1.000000 0.000000
vn 0.000000 1.000000 0.000000
vn 0.000000 1.000000 0.000000
vn 0.000000 1.000000 0.000000
vn 0.000000 1.000000 0.000000
vn 0.000000 1.000000 0.000000
vn 0.000000 1.000000 0.000000
vn 0.000000 1.000000 0.000000
vn 0.000000 1.000000 0.000000
vn 0.000000 1.000000 0.000000
vn 0.000000 1.000000 0.000000
vn 0.000000 1.000000 0.000000
vn 0.000000 1.000000 0.000000
vn 0.000000 1.000000 0.000000
vn 0.000000 1.000000 0.000000
vn 0.000000 1.000000 0.000000
vn 0.000000 1.000000 0.000000
vn 0.000000 1.000000 0.000000
vn 0.000000 1.000000 0.000000
vn 0.000000 1.000000 0.000000
vn 0.000000 1.000000 0.000000
vn 0.000000 1.000000 0.000000
vn 0.000000 1.000000 0.000000
vn 0.000000 1.000000 0.000000
vn 0.000000 1.000000 0.000000
vn 0.000000 1.000000 0.000000
vn 0.000000 1.000000 0.000000
vn 0.000000 1.000000 0.000000
vn 0.000000 1.000000 0.000000
vn 0.000000 1.000000 0.000000
vn 0.000000 1.000000 0.000000
vn 0.000000 1.000000 0.000000
vn 0.000000 1.000000 0.000000
vn 0.000000 1.000000 0.000000
vn 0.000000 1.000000 0.000000
vn 0.000000 1.000000 0.000000
vn 0.000000 1.000000 0.000000
vn 0.000000 1.000000 0.000000
vn 0.000000 1.000000 0.000000
vn 0.000000 1.000000 0.000000
vn 0.000000 1.000000 0.000000
vn 0.000000 1.000000 0.000000
vn 0.000000 1.000000 0.000000
vn 0.000000 1.000000 0.000000
vn 0.000000 1.000000 0.000000
vn 0.000000 1.000000 0.000000
vn 0.000000 1.000000 0.000000
vn 0.000000 1.000000 0.000000
vn 0.000000 1.000000 0.000000
vn 0.000000 1.000000 0.000000
vn 0.000000 1.000000 0.000000
vn 0.000000 1.000000 0.000000
vn 0.000000 1.000000 0.000000
vn 0.000000 1.000000 0.000000
vn 0.000000 1.000000 0.000000
vn 0.000000 1.000000 0.000000
vn 0.000000 1.000000 0.000000
vn 0.000000 1.000000 0.000000
vn 0.000000 1.000000 0.000000
vn 0.000000 1.000000 0.000000
vn 0.000000 1.000000 0.000000
vn 0.000000 1.000000 0.000000
vn 0.000000 1.000000 0.000000
vn 0.000000 1.000000 0.000000
vn 0.000000 1.000000 0.000000
vn 0.000000 1.000000 0.000000
vn 0.000000 1.000000 0.000000
vn 0.000000 1.000000 0.000000
vn 0.000000 1.000000 0.000000
vn 0.000000 1.000000 0.000000
vn 0.000000 1.000000 0.000000
vn 0.000000 1.000000 0.000000
vn 0.000000 1.000000 0.000000
vn 0.000000 1.000000 0.000000
vn 0.000000 1.000000 0.000000
vn 0.000000 1.000000 0.000000
vn 0.000000 1.000000 0.000000
vn 0.000000 1.000000 0.000000
vn 0.000000 1.000000 0.000000
vn 0.000000 1.000000 0.000000
vn 0.000000 1.000000 0.000000
vn 0.000000 1.000000 0.000000
vn 0.000000 1.000000 0.000000
vn 0.000000 1.000000 0.000000
vn 0.000000 1.000000 0.000000
vn 0.000000 1.000000 0.000000
vn 0.000000 1.000000 0.000000
vn 0.000000 1.000000 0.000000
vn 0.000000 1.000000 0.000000
vn 0.000000 1.000000 0.000000
vn 0.000000 1.000000 0.000000
vn 0.000000 1.000000 0.000000
vn 0.000000 1.000000 0.000000
vn 0.000000 1.000000 0.000000
vn 0.000000 1.000000 0.000000
vn 0.000000 1.000000 0.000000
vn 0.000000 1.000000 0.000000
vn 0.000000 1.000000 0.000000
vn 0.000000 1.000000 0.000000
vn 0.000000 1.000000 0.000000
vn 0.000000 1.000000 0.000000
vn 0.000000 1.000000 0.000000
vn 0.000000 1.000000 0.000000
vn 0.000000 1.000000 0.000000
vn 0.000000 1.000000 0.000000
vn 0.000000 1.000000 0.000000
vn 0.000000 1.000000 0.000000
vn 0.000000 1.000000 0.000000
vn 0.000000 1.000000 0.000000
vn 0.000000 1.000000 0.000000
vn 0.000000 1.000000 0.000000
vn 0.000000 1.000000 0.000000
vn 0.000000 1.000000 0.000000
vn 0.000000 1.000000 0.000000
vn 0.000000 1.000000 0.000000
vn 0.000000 1.000000 0.000000
vn 0.000000 1.000000 0.000000
vn 0.000000 1.000000 0.000000
vn 0.000000 1.000000 0.000000
vn 0.000000 1.000000 0.000000
vn 0.000000 1.000000 0.000000
vn 0.000000 1.000000 0.000000
vn 0.000000 1.000000 0.000000
vn 0.000000 1.000000 0.000000
vn 0.000000 1.000000 0.000000
vn 0.000000 1.000000 0.000000
vn 0.000000 1.000000 0.000000
vn 0.000000 1.000000 0.000000
vn 0.000000 1.000000 0.000000
vn 0.000000 1.000000 0.000000
vn 0.000000 1.000000 0.000000
vn 0.000000 1.000000 0.000000
vn 0.000000 1.000000 0.000000
vn 0.000000 1.000000 0.000000
vn 0.000000 1.000000 0.000000
vn 0.000000 1.000000 0.000000
vn 0.000000 1.000000 0.000000
vn 0.000000 1.000000 0.000000
vn 0.000000 1.000000 0.000000
vn 0.000000 1.000000 0.000000
vn 0.000000 1.000000 0.000000
vn 0.000000 1.000000 0.000000
vn 0.000000 1.000000 0.000000
vn 0.000000 1.000000 0.000000
vn 0.000000 1.000000 0.000000
vn 0.000000 1.000000 0.000000
vn 0.000000 1.000000 0.000000
vn 0.000000 1.000000 0.000000
vn 0.000000 1.000000 0.000000
vn 0.000000 1.000000 0.000000
vn 0.000000 1.000000 0.000000
vn 0.000000 1.000000 0.000000
vn 0.000000 1.000000 0.000000
vn 0.000000 1.000000 0.000000
vn 0.000000 1.000000 0.000000
vn 0.000000 1.000000 0.000000
vn 0.000000 1.000000 0.000000
vn 0.000000 1.000000 0.000000
vn 0.000000 1.000000 0.000000
vn 0.000000 1.000000 0.000000
vn 0.000000 1.000000 0.000000
vn 0.000000 1.000000 0.000000
vn 0.000000 1.000000 0.000000
vn 0.000000 1.000000 0.000000
vn 0.000000 1.000000 0.000000
vn 0.000000 1.000000 0.000000
vn 0.000000 1.000000 0.000000
vn 0.000000 1.000000 0.000000
vn 0.000000 1.000000 0.000000
vn 0.000000 1.000000 0.000000
vn 0.000000 1.000000 0.000000
vn 0.000000 1.000000 0.000000
vn 0.000000 1.000000 0.000000
vn 0.000000 1.000000 0.000000
vn 0.000000 1.000000 0.000000
vn 0.000000 1.000000 0.000000
vn 0.000000 1.000000 0.000000
vn 0.000000 1.000000 0.000000
vn 0.000000 1.000000 0.000000
vn 0.000000 1.000000 0.000000
vn 0.000000 1.000000 0.000000
vn 0.000000 1.000000 0.000000
vn 0.000000 1.000000 0.000000
vn 0.000000 1.000000 0.000000
vn 0.000000 1.000000 0.000000
vn 0.000000 1.000000 0.000000
vn 0.000000 1.000000 0.000000
vn 0.000000 1.000000 0.000000
vn 0.000000 1.000000 0.000000
vn 0.000000 1.000000 0.000000
vn 0.000000 1.000000 0.000000
vn 0.000000 1.000000 0.000000
vn 0.000000 1.000000 0.000000
vn 0.000000 1.000000 0.000000
vn 0.000000 1.000000 0.000000
vn 0.000000 1.000000 0.000000
vn 0.000000 1.000000 0.000000
vn 0.000000 1.000000 0.000000
vn 0.000000 1.000000 0.000000
vn 0.000000 1.000000 0.000000
vn 0.000000 1.000000 0.000000
vn 0.000000 1.000000 0.000000
vn 0.000000 1.000000 0.000000
vn 0.000000 1.000000 0.000000
vn 0.000000 1.000000 0.000000
vn 0.000000 1.000000 0.000000
vn 0.000000 1.000000 0.000000
vn 0.000000 1.000000 0.000000
vn 0.000000 1.000000 0.000000
vn 0.000000 1.000000 0.000000
vn 0.000000 1.000000 0.000000
vn 0.000000 1.000000 0.000000
vn 0.000000 1.000000 0.000000
vn 0.000000 1.000000 0.000000
vn 0.000000 1.000000 0.000000
vn 0.000000 1.000000 0.000000
vn -0.000000 1.000000 0.000000
vn -0.000000 1.000000 0.000000
vn -0.000000 1.000000 0.000000
vn -0.000000 1.000000 0.000000
vn -0.000000 1.000000 0.000000
vn -0.000000 1.000000 0.000000
vn -0.000000 1.000000 0.000000
vn -0.000000 1.000000 0.000000
vn -0.000000 1.000000 0.000000
vn -0.000000 1.000000 0.000000
vn -0.000000 1.000000 0.000000
vn -0.000000 1.000000 0.000000
vn -0.000000 1.000000 0.000000
vn -0.000000 1.000000 0.000000
vn -0.000000 1.000000 0.000000
vn -0.000000 1.000000 0.000000
vn -0.000000 1.000000 0.000000
vn -0.000000 1.000000 0.000000
vn -0.000000 1.000000 0.000000
vn -0.000000 1.000000 0.000000
vn -0.000000 1.000000 0.000000
vn -0.000000 1.000000 0.000000
vn -0.000000 1.000000 0.000000
vn -0.000000 1.000000 0.000000
vn 0.000000 1.000000 0.000000
vn 0.000000 1.000000 0.000000
vn 0.000000 1.000000 0.000000
vn 0.000000 1.000000 0.000000
vn 0.000000 1.000000 0.000000
vn 0.000000 1.000000 0.000000
vn 0.000000 1.000000 0.000000
vn 0.000000 1.000000 0.000000
vn 0.000000 1.000000 0.000000
vn 0.000000 1.000000 0.000000
vn 0.000000 1.000000 0.000000
vn 0.000000 1.000000 0.000000
vn 0.000000 1.000000 0.000000
vn 0.000000 1.000000 0.000000
vn 0.000000 1.000000 0.000000
vn 0.000000 1.000000 0.000000
vn 0.000000 1.000000 0.000000
vn 0.000000 1.000000 0.000000
vn 0.000000 1.000000 0.000000
vn 0.000000 1.000000 0.000000
vn 0.000000 1.000000 0.000000
vn 0.000000 1.000000 0.000000
vn 0.000000 1.000000 0.000000
vn 0.000000 1.000000 0.000000
vn 0.000000 1.000000 0.000000
vn 0.000000 1.000000 0.000000
vn 0.000000 1.000000 0.000000
vn 0.000000 1.000000 0.000000
vn 0.028404 0.999497 -0.014077
vn 0.028404 0.999497 -0.014077
vn 0.042730 0.998862 -0.021176
vn 0.042730 0.998862 -0.021176
vn 0.042951 0.998862 -0.020722
vn 0.042951 0.998862 -0.020722
vn 0.042951 0.998862 -0.020722
vn 0.042951 0.998862 -0.020722
vn 0.042951 0.998862 -0.020722
vn 0.042951 0.998862 -0.020722
vn 0.042879 0.998862 -0.020870
vn 0.042879 0.998862 -0.020870
vn 0.007104 0.999969 -0.003521
vn 0.007104 0.999969 -0.003521
vn 0.000000 1.000000 0.000000
vn 0.000000 1.000000 0.000000
vn 0.000000 1.000000 0.000000
vn 0.000000 1.000000 0.000000
vn 0.000000 1.000000 0.000000
vn 0.000000 1.000000 0.000000
vn 0.000000 1.000000 0.000000
vn 0.000000 1.000000 0.000000
vn 0.000000 1.000000 0.000000
vn 0.000000 1.000000 0.000000
vn 0.000000 1.000000 0.000000
vn 0.000000 1.000000 0.000000
vn 0.000000 1.000000 0.000000
vn 0.000000 1.000000 0.000000
vn 0.000000 1.000000 0.000000
vn 0.000000 1.000000 0.000000
vn 0.000000 1.000000 0.000000
vn 0.000000 1.000000 0.000000
vn 0.000000 1.000000 0.000000
vn 0.000000 1.000000 0.000000
vn 0.000000 1.000000 0.000000
vn 0.000000 1.000000 0.000000
vn 0.000000 1.000000 0.000000
vn 0.000000 1.000000 0.000000
vn 0.000000 1.000000 0.000000
vn 0.000000 1.000000 0.000000
vn 0.000000 1.000000 0.000000
vn 0.000000 1.000000 0.000000
vn 0.000000 1.000000 0.000000
vn 0.000000 1.000000 0.000000
vn 0.000000 1.000000 0.000000
vn 0.000000 1.000000 0.000000
vn 0.000000 1.000000 0.000000
vn 0.000000 1.000000 0.000000
vn 0.000000 1.000000 0.000000
vn 0.000000 1.000000 0.000000
vn 0.016113 0.999870 -0.000017
vn 0.016113 0.999870 -0.000017
vn -0.000000 1.000000 0.000000
vn -0.000000 1.000000 0.000000
vn -0.000000 1.000000 0.000000
vn -0.000000 1.000000 0.000000
vn -0.000000 1.000000 0.000000
vn -0.000000 1.000000 0.000000
vn -0.000000 1.000000 0.000000
vn -0.000000 1.000000 0.000000
vn -0.000000 1.000000 0.000000
vn -0.000000 1.000000 0.000000
vn -0.000000 1.000000 0.000000
vn -0.000000 1.000000 0.000000
vn -0.000000 1.000000 0.000000
vn -0.000000 1.000000 0.000000
vn -0.000000 1.000000 0.000000
vn -0.000000 1.000000 0.000000
vn -0.000000 1.000000 0.000000
vn -0.000000 1.000000 0.000000
vn -0.000000 1.000000 0.000000
vn -0.000000 1.000000 0.000000
vn -0.000000 1.000000 0.000000
vn -0.000000 1.000000 0.000000
vn -0.000000 1.000000 0.000000
vn -0.000000 1.000000 0.000000
vn -0.000000 1.000000 0.000000
vn -0.000000 1.000000 0.000000
vn -0.000000 1.000000 0.000000
vn -0.000000 1.000000 0.000000
vn -0.000000 1.000000 0.000000
vn -0.000000 1.000000 0.000000
vn -0.000000 1.000000 0.000000
vn -0.000000 1.000000 0.000000
vn -0.000000 1.000000 0.000000
vn -0.000000 1.000000 0.000000
vn -0.000000 1.000000 0.000000
vn -0.000000 1.000000 0.000000
vn -0.000000 1.000000 0.000000
vn -0.000000 1.000000 0.000000
vn -0.000000 1.000000 0.000000
vn -0.000000 1.000000 0.000000
vn -0.000000 1.000000 0.000000
vn -0.000000 1.000000 0.000000
vn -0.000000 1.000000 0.000000
vn -0.000000 1.000000 0.000000
vn -0.000000 1.000000 0.000000
vn -0.000000 1.000000 0.000000
vn -0.000000 1.000000 0.000000
vn -0.000000 1.000000 0.000000
vn -0.000000 1.000000 0.000000
vn -0.000000 1.000000 0.000000
vn -0.000000 1.000000 0.000000
vn -0.000000 1.000000 0.000000
vn -0.000000 1.000000 0.000000
vn -0.000000 1.000000 0.000000
vn -0.000000 1.000000 0.000000
vn -0.000000 1.000000 0.000000
vn -0.000000 1.000000 0.000000
vn -0.000000 1.000000 0.000000
vn -0.000000 1.000000 0.000000
vn -0.000000 1.000000 0.000000
vn -0.000000 1.000000 0.000000
vn -0.000000 1.000000 0.000000
vn -0.000000 1.000000 0.000000
vn -0.000000 1.000000 0.000000
vn -0.000000 1.000000 0.000000
vn -0.000000 1.000000 0.000000
vn -0.000000 1.000000 0.000000
vn -0.000000 1.000000 0.000000
vn -0.000000 1.000000 0.000000
vn -0.000000 1.000000 0.000000
vn -0.000000 1.000000 0.000000
vn -0.000000 1.000000 0.000000
vn -0.000000 1.000000 0.000000
vn -0.000000 1.000000 0.000000
vn -0.000000 1.000000 0.000000
vn -0.000000 1.000000 0.000000
vn -0.000000 1.000000 0.000000
vn -0.000000 1.000000 0.000000
vn -0.000000 1.000000 0.000000
vn -0.000000 1.000000 0.000000
vn -0.000000 1.000000 0.000000
vn -0.000000 1.000000 0.000000
vn -0.000000 1.000000 0.000000
vn -0.000000 1.000000 0.000000
vn -0.000000 1.000000 0.000000
vn -0.000000 1.000000 0.000000
vn -0.000000 1.000000 0.000000
vn -0.000000 1.000000 0.000000
vn -0.000000 1.000000 0.000000
vn -0.000000 1.000000 0.000000
vn -0.000000 1.000000 0.000000
vn -0.000000 1.000000 0.000000
vn -0.000000 1.000000 0.000000
vn -0.000000 1.000000 0.000000
vn -0.000000 1.000000 0.000000
vn -0.000000 1.000000 0.000000
vn -0.000000 1.000000 0.000000
vn -0.000000 1.000000 0.000000
vn -0.000000 1.000000 0.000000
vn -0.000000 1.000000 0.000000
vn -0.000000 1.000000 0.000000
vn -0.000000 1.000000 0.000000
vn -0.000000 1.000000 0.000000
vn -0.000000 1.000000 0.000000
vn -0.000000 1.000000 0.000000
vn -0.000000 1.000000 0.000000
vn -0.000000 1.000000 0.000000
vn -0.000000 1.000000 0.000000
vn -0.000000 1.000000 0.000000
vn -0.000000 1.000000 0.000000
vn -0.000000 1.000000 0.000000
vn -0.000000 1.000000 0.000000
vn -0.000000 1.000000 0.000000
vn -0.000000 1.000000 0.000000
vn -0.000000 1.000000 0.000000
vn -0.000000 1.000000 0.000000
vn -0.000000 1.000000 0.000000
vn -0.000000 1.000000 0.000000
vn -0.000000 1.000000 0.000000
vn -0.000000 1.000000 0.000000
vn -0.000000 1.000000 0.000000
vn -0.000000 1.000000 0.000000
vn -0.000000 1.000000 0.000000
vn -0.000000 1.000000 0.000000
vn -0.000000 1.000000 0.000000
vn -0.000000 1.000000 0.000000
vn -0.000000 1.000000 0.000000
vn -0.000000 1.000000 0.000000
vn -0.000000 1.000000 0.000000
vn -0.000000 1.000000 0.000000
vn -0.000000 1.000000 0.000000
vn -0.000000 1.000000 0.000000
vn -0.000000 1.000000 0.000000
vn -0.000000 1.000000 0.000000
vn -0.000000 1.000000 0.000000
vn -0.000000 1.000000 0.000000
vn -0.000000 1.000000 0.000000
vn -0.000000 1.000000 0.000000
vn -0.000000 1.000000 0.000000
vn -0.000000 1.000000 0.000000
vn -0.000000 1.000000 0.000000
vn -0.000000 1.000000 0.000000
vn -0.000000 1.000000 0.000000
vn -0.000000 1.000000 0.000000
vn -0.000000 1.000000 0.000000
vn -0.000000 1.000000 0.000000
vn -0.000000 1.000000 0.000000
vn -0.000000 1.000000 0.000000
vn -0.000000 1.000000 0.000000
vn -0.000000 1.000000 0.000000
vn -0.000000 1.000000 0.000000
vn -0.000000 1.000000 0.000000
vn -0.000000 1.000000 0.000000
vn -0.000000 1.000000 0.000000
vn -0.000000 1.000000 0.000000
vn -0.000000 1.000000 0.000000
vn -0.000000 1.000000 0.000000
vn -0.000000 1.000000 0.000000
vn -0.000000 1.000000 0.000000
vn -0.000000 1.000000 0.000000
vn -0.000000 1.000000 0.000000
vn -0.000000 1.000000 0.000000
vn -0.000000 1.000000 0.000000
vn -0.000000 1.000000 0.000000
vn -0.000000 1.000000 0.000000
vn -0.000000 1.000000 0.000000
vn -0.000000 1.000000 0.000000
vn -0.000000 1.000000 0.000000
vn -0.000000 1.000000 0.000000
vn -0.000000 1.000000 0.000000
vn -0.000000 1.000000 0.000000
vn -0.000000 1.000000 0.000000
vn -0.000000 1.000000 0.000000
vn -0.000000 1.000000 0.000000
vn -0.005140 0.999969 -0.006017
vn -0.005140 0.999969 -0.006017
vn -0.005189 0.999969 -0.006001
vn -0.005189 0.999969 -0.006001
vn -0.005176 0.999969 -0.005987
vn -0.005176 0.999969 -0.005987
vn -0.005149 0.999969 -0.006028
vn -0.005149 0.999969 -0.006028
vn -0.010656 0.999875 -0.011659
vn -0.010656 0.999875 -0.011659
vn -0.011044 0.999874 -0.011421
vn -0.011044 0.999874 -0.011421
vn -0.011044 0.999875 -0.011295
vn -0.011044 0.999875 -0.011295
vn -0.016368 0.999720 -0.017121
vn -0.016368 0.999720 -0.017121
vn -0.027267 0.999212 -0.028834
vn -0.027267 0.999212 -0.028834
vn -0.044085 0.997987 -0.045588
vn -0.044085 0.997987 -0.045588
vn -0.049275 0.997455 -0.051540
vn -0.049275 0.997455 -0.051540
vn -0.054717 0.996860 -0.057233
vn -0.054717 0.996860 -0.057233
vn -0.065570 0.995488 -0.068585
vn -0.065570 0.995488 -0.068585
vn -0.065570 0.995488 -0.068585
vn -0.065570 0.995488 -0.068585
vn -0.065570 0.995488 -0.068585
vn -0.065570 0.995488 -0.068585
vn -0.065570 0.995488 -0.068585
vn -0.065570 0.995488 -0.068585
vn -0.070979 0.994711 -0.074242
vn -0.070979 0.994711 -0.074242
vn -0.070979 0.994711 -0.074242
vn -0.070979 0.994711 -0.074242
vn -0.070979 0.994711 -0.074242
vn -0.070979 0.994711 -0.074242
vn -0.070979 0.994711 -0.074242
vn -0.070979 0.994711 -0.074242
vn -0.070979 0.994711 -0.074242
vn -0.070979 0.994711 -0.074242
vn -0.070979 0.994711 -0.074242
vn -0.070979 0.994711 -0.074242
vn -0.070979 0.994711 -0.074242
vn -0.070979 0.994711 -0.074242
vn -0.070979 0.994711 -0.074242
vn -0.070979 0.994711 -0.074242
vn -0.049275 0.997455 -0.051540
vn -0.049275 0.997455 -0.051540
vn -0.044085 0.997987 -0.045588
vn -0.044085 0.997987 -0.045588
vn -0.032698 0.998867 -0.034578
vn -0.032698 0.998867 -0.034578
vn -0.015957 0.999717 -0.017646
vn -0.015957 0.999717 -0.017646
vn -0.000000 1.000000 0.000000
vn -0.000000 1.000000 0.000000
vn -0.000000 1.000000 0.000000
vn -0.000000 1.000000 0.000000
vn -0.000000 1.000000 0.000000
vn -0.000000 1.000000 0.000000
vn -0.000000 1.000000 0.000000
vn -0.000000 1.000000 0.000000
vn -0.000000 1.000000 0.000000
vn -0.000000 1.000000 0.000000
vn -0.000000 1.000000 0.000000
vn -0.000000 1.000000 0.000000
vn -0.000000 1.000000 0.000000
vn -0.000000 1.000000 0.000000
vn -0.000000 1.000000 0.000000
vn -0.000000 1.000000 0.000000
vn -0.000000 1.000000 0.000000
vn -0.000000 1.000000 0.000000
vn -0.000000 1.000000 0.000000
vn -0.000000 1.000000 0.000000
vn -0.000000 1.000000 0.000000
vn -0.000000 1.000000 0.000000
vn -0.000000 1.000000 0.000000
vn -0.000000 1.000000 0.000000
vn -0.000000 1.000000 0.000000
vn -0.000000 1.000000 0.000000
vn -0.000000 1.000000 0.000000
vn -0.000000 1.000000 0.000000
vn -0.000000 1.000000 0.000000
vn -0.000000 1.000000 0.000000
vn -0.000000 1.000000 0.000000
vn -0.000000 1.000000 0.000000
vn -0.000000 1.000000 0.000000
vn -0.000000 1.000000 0.000000
vn -0.000000 1.000000 0.000000
vn -0.000000 1.000000 0.000000
vn -0.000000 1.000000 0.000000
vn -0.000000 1.000000 0.000000
vn -0.000000 1.000000 0.000000
vn -0.000000 1.000000 0.000000
vn -0.000000 1.000000 0.000000
vn -0.000000 1.000000 0.000000
vn -0.000000 1.000000 0.000000
vn -0.000000 1.000000 0.000000
vn -0.000000 1.000000 0.000000
vn -0.000000 1.000000 0.000000
vn -0.000000 1.000000 0.000000
vn -0.000000 1.000000 0.000000
vn -0.000000 1.000000 0.000000
vn -0.000000 1.000000 0.000000
vn -0.699118 0.000000 -0.715007
vn -0.699118 0.000000 -0.715007
vn -0.000000 1.000000 0.000000
vn -0.000000 1.000000 0.000000
vn -0.000000 1.000000 0.000000
vn -0.000000 1.000000 0.000000
vn -0.000000 1.000000 0.000000
vn -0.000000 1.000000 0.000000
vn -0.000000 1.000000 0.000000
vn -0.000000 1.000000 0.000000
vn -0.000000 1.000000 0.000000
vn -0.000000 1.000000 0.000000
vn -0.699118 0.000000 -0.715007
vn -0.699118 0.000000 -0.715007
vn -0.000000 1.000000 0.000000
vn -0.000000 1.000000 0.000000
vn -0.699118 -0.000000 -0.715007
vn -0.699118 -0.000000 -0.715007
vn -0.000000 1.000000 0.000000
vn -0.000000 1.000000 0.000000
vn -0.000000 1.000000 0.000000
vn -0.000000 1.000000 0.000000
vn -0.000000 1.000000 0.000000
vn -0.000000 1.000000 0.000000
vn -0.000000 1.000000 0.000000
vn -0.000000 1.000000 0.000000
vn -0.000000 1.000000 0.000000
vn -0.000000 1.000000 0.000000
vn -0.000000 1.000000 0.000000
vn -0.000000 1.000000 0.000000
vn -0.000000 1.000000 0.000000
vn -0.000000 1.000000 0.000000
vn -0.000000 1.000000 0.000000
vn -0.000000 1.000000 0.000000
vn -0.000000 1.000000 0.000000
vn -0.000000 1.000000 0.000000
vn -0.005554 0.999968 -0.005680
vn -0.005554 0.999968 -0.005680
vn -0.000000 1.000000 0.000000
vn -0.000000 1.000000 0.000000
vn -0.000000 1.000000 0.000000
vn -0.000000 1.000000 0.000000
vn 0.699118 0.000000 0.715007
vn 0.699118 0.000000 0.715007
vn -0.000000 1.000000 0.000000
vn -0.000000 1.000000 0.000000
vn -0.000000 1.000000 0.000000
vn -0.000000 1.000000 0.000000
vn -0.699118 0.000000 -0.715007
vn -0.699118 0.000000 -0.715007
vn -0.000000 1.000000 0.000000
vn -0.000000 1.000000 0.000000
vn -0.000000 1.000000 0.000000
vn -0.000000 1.000000 0.000000
vn 0.000000 0.000000 0.000000
vn 0.000000 0.000000 0.000000
vn 0.000000 0.000000 0.000000
vn 0.000000 0.000000 0.000000
vn 0.000000 0.000000 0.000000
vn 0.000000 0.000000 0.000000
vn 0.000000 0.000000 0.000000
vn 0.000000 0.000000 0.000000
vn 496.000000 -1732.937256 39.000000
vn 496.000000 -1732.937256 39.000000
vn nan nan nan
vn nan nan nan
vn nan nan nan
vn nan nan nan
vn nan nan nan
vn nan nan nan
vn nan nan nan
vn nan nan nan
vn nan nan nan
vn nan nan nan
vn nan nan nan
vn nan nan nan
vn nan nan nan
vn nan nan nan
vn nan nan nan
vn nan nan nan
vn nan nan nan
vn nan nan nan
vn nan nan nan
vn nan nan nan
vn nan nan nan
vn nan nan nan
vn nan nan nan
vn nan nan nan
vn nan nan nan
vn nan nan nan
vn nan nan nan
vn nan nan nan
vn 0.000000 0.000000 0.000000
vn 0.000000 0.000000 0.000000
vn 0.000000 0.000000 0.000000
vn 0.000000 0.000000 0.000000
vn 0.000000 0.000000 0.000000
vn 0.000000 0.000000 0.000000
vn 0.000000 0.000000 0.000000
vn 0.000000 0.000000 0.000000
vn 0.000000 0.000000 0.000000
vn 0.000000 0.000000 0.000000
vn 0.000000 0.000000 0.000000
vn 0.000000 0.000000 0.000000
vn 39.000000 410.004547 -1589.479980
vn 39.000000 410.004547 -1589.479980
vn nan nan nan
vn nan nan nan
vn nan nan nan
vn nan nan nan
vn nan nan nan
vn nan nan nan
vn nan nan nan
vn nan nan nan
vn nan nan nan
vn nan nan nan
vn nan nan nan
vn nan nan nan
vn nan nan nan
vn nan nan nan
vn nan nan nan
vn nan nan nan
vn nan nan nan
vn nan nan nan
vn nan nan nan
vn nan nan nan
vn nan nan nan
vn nan nan nan
vn nan nan nan
vn nan nan nan
vn nan nan nan
vn nan nan nan
vn nan nan nan
vn nan nan nan
vn 34.943329 445.281433 -1607.920898
vn 34.943329 445.281433 -1607.920898
vn nan nan 0.000000
vn nan nan 0.000000
vn 0.000000 0.000000 0.000000
vn 0.000000 0.000000 0.000000
vn 0.000000 0.000000 0.000000
vn 0.000000 0.000000 0.000000
vn 0.000000 0.000000 0.000000
vn 0.000000 0.000000 0.000000
vn 0.000000 0.000000 0.000000
vn 0.000000 0.000000 0.000000
vn nan nan nan
vn nan nan nan
vn nan nan nan
vn nan nan nan
vn nan nan nan
vn nan nan nan
vn nan nan nan
vn nan nan nan
vn nan nan nan
vn nan nan nan
vn nan nan nan
vn nan nan nan
vn nan nan nan
vn nan nan nan
vn nan nan nan
vn nan nan nan
vn nan nan nan
vn nan nan nan
vn nan nan nan
vn nan nan nan
vn nan nan nan
vn nan nan nan
vn nan nan nan
vn nan nan nan
vn nan nan nan
vn nan nan nan
vn nan nan nan
vn nan nan nan
vn nan nan nan
vn nan nan nan
vn 0.000000 0.000000 0.000000
vn 0.000000 0.000000 0.000000
vn 0.000000 0.000000 0.000000
vn 0.000000 0.000000 0.000000
vn 0.000000 0.000000 0.000000
vn 0.000000 0.000000 0.000000
vn 0.000000 0.000000 0.000000
vn 0.000000 0.000000 0.000000
vn 0.000000 0.000000 0.000000
vn 0.000000 0.000000 0.000000
vn 475.161865 -1671.719116 37.000000
vn 475.161865 -1671.719116 37.000000
vn nan nan nan
vn nan nan nan
vn nan nan nan
vn nan nan nan
vn nan nan nan
vn nan nan nan
vn nan nan nan
vn nan nan nan
vn nan nan nan
vn nan nan nan
vn nan nan nan
vn nan nan nan
vn nan nan nan
vn nan nan nan
vn nan nan nan
vn nan nan nan
vn nan nan nan
vn nan nan nan
vn nan nan nan
vn nan nan nan
vn nan nan nan
vn nan nan nan
vn nan nan nan
vn nan nan nan
vn nan nan nan
vn nan nan nan
vn nan nan nan
vn nan nan nan
vn 0.000000 0.000000 0.000000
vn 0.000000 0.000000 0.000000
vn 0.000000 nan nan
vn 0.000000 nan nan
vn 0.000000 0.000000 0.000000
vn 0.000000 0.000000 0.000000
vn 0.000000 0.000000 0.000000
vn 0.000000 0.000000 0.000000
vn 0.000000 0.000000 0.000000
vn 0.000000 0.000000 0.000000
vn 0.000000 0.000000 0.000000
vn 0.000000 0.000000 0.000000
vn 38.000000 394.141541 nan
vn 38.000000 394.141541 nan
vn nan nan nan
vn nan nan nan
vn nan nan nan
vn nan nan nan
vn nan nan nan
vn nan nan nan
vn nan nan nan
vn nan nan nan
vn nan nan nan
vn nan nan nan
vn nan nan nan
vn nan nan nan
vn nan nan nan
vn nan nan nan
vn nan nan nan
vn nan nan nan
vn nan nan nan
vn nan nan nan
vn nan nan nan
vn nan nan nan
vn nan nan nan
vn nan nan nan
vn nan nan nan
vn nan nan nan
vn nan nan nan
vn nan nan nan
vn nan nan nan
vn nan nan nan
vn 37.456306 420.926575 0.000000
vn 37.456306 420.926575 0.000000
vn 0.000000 0.000000 0.000000
vn 0.000000 0.000000 0.000000
vn 0.000000 0.000000 0.000000
vn 0.000000 0.000000 0.000000
vn 0.000000 0.000000 0.000000
vn 0.000000 0.000000 0.000000
vn 0.000000 0.000000 0.000000
vn 0.000000 0.000000 0.000000
vn -1492.000000 41.000000 399.000000
vn -1492.000000 41.000000 399.000000
vn nan nan nan
vn nan nan nan
vn nan nan nan
vn nan nan nan
vn nan nan nan
vn nan nan nan
vn nan nan nan
vn nan nan nan
vn nan nan nan
vn nan nan nan
vn nan nan nan
vn nan nan nan
vn nan nan nan
vn nan nan nan
vn nan nan nan
vn nan nan nan
vn nan nan nan
vn nan nan nan
vn nan nan nan
vn nan nan nan
vn nan nan nan
vn nan nan nan
vn nan nan nan
vn nan nan nan
vn nan nan nan
vn nan nan nan
vn nan nan nan
vn nan nan nan
vn 0.000000 0.000000 0.000000
vn 0.000000 0.000000 0.000000
vn 0.000000 0.000000 0.000000
vn 0.000000 0.000000 0.000000
vn 0.000000 0.000000 0.000000
vn 0.000000 0.000000 0.000000
vn 0.000000 0.000000 0.000000
vn 0.000000 0.000000 0.000000
vn 0.000000 0.000000 0.000000
vn 0.000000 0.000000 0.000000
vn 0.000000 0.000000 0.000000
vn 0.000000 0.000000 0.000000
vn 351.108459 -1417.394531 41.000000
vn 351.108459 -1417.394531 41.000000
vn nan nan nan
vn nan nan nan
vn nan nan nan
vn nan nan nan
vn nan nan nan
vn nan nan nan
vn nan nan nan
vn nan nan nan
vn nan nan nan
vn nan nan nan
vn nan nan nan
vn nan nan nan
vn nan nan nan
vn nan nan nan
vn nan nan nan
vn nan nan nan
vn nan nan nan
vn nan nan nan
vn nan nan nan
vn nan nan nan
vn nan nan nan
vn nan nan nan
vn nan nan nan
vn nan nan nan
vn nan nan nan
vn nan nan nan
vn nan nan nan
vn nan nan nan
vn 0.000000 -1472.841309 37.362411
vn 0.000000 -1472.841309 37.362411
vn nan nan nan
vn nan nan nan
vn 0.000000 0.000000 0.000000
vn 0.000000 0.000000 0.000000
vn 0.000000 0.000000 0.000000
vn 0.000000 0.000000 0.000000
vn 0.000000 0.000000 0.000000
vn 0.000000 0.000000 0.000000
vn 0.000000 0.000000 0.000000
vn 0.000000 0.000000 0.000000
vn nan nan nan
vn nan nan nan
vn nan nan nan
vn nan nan nan
vn nan nan nan
vn nan nan nan
vn nan nan nan
vn nan nan nan
vn nan nan nan
vn nan nan nan
vn nan nan nan
vn nan nan nan
vn nan nan nan
vn nan nan nan
vn nan nan nan
vn nan nan nan
vn nan nan nan
vn nan nan nan
vn nan nan nan
vn nan nan nan
vn nan nan nan
vn nan nan nan
vn nan nan nan
vn nan nan nan
vn nan nan nan
vn nan nan nan
vn nan nan nan
vn nan nan nan
vn nan nan nan
vn nan nan nan
vn 0.000000 0.000000 0.000000
vn 0.000000 0.000000 0.000000
vn 0.000000 0.000000 0.000000
vn 0.000000 0.000000 0.000000
vn 0.000000 0.000000 0.000000
vn 0.000000 0.000000 0.000000
vn 0.000000 0.000000 0.000000
vn 0.000000 0.000000 0.000000
vn 0.000000 0.000000 0.000000
vn 0.000000 0.000000 0.000000
vn -1397.164429 40.000000 444.577759
vn -1397.164429 40.000000 444.577759
vn nan nan nan
vn nan nan nan
vn nan nan nan
vn nan nan nan
vn nan nan nan
vn nan nan nan
vn nan nan nan
vn nan nan nan
vn nan nan nan
vn nan nan nan
vn nan nan nan
vn nan nan nan
vn nan nan nan
vn nan nan nan
vn nan nan nan
vn nan nan nan
vn nan nan nan
vn nan nan nan
vn nan nan nan
vn nan nan nan
vn nan nan nan
vn nan nan nan
vn nan nan nan
vn nan nan nan
vn nan nan nan
vn nan nan nan
vn nan nan nan
vn nan nan nan
vn 0.000000 0.000000 0.000000
vn 0.000000 0.000000 0.000000
vn 0.000000 0.000000 0.000000
vn 0.000000 0.000000 0.000000
vn 0.000000 0.000000 0.000000
vn 0.000000 0.000000 0.000000
vn 0.000000 0.000000 0.000000
vn 0.000000 0.000000 0.000000
vn 0.000000 0.000000 0.000000
vn 0.000000 0.000000 0.000000
vn 0.000000 0.000000 0.000000
vn 0.000000 0.000000 0.000000
vn 326.603882 -1283.060181 38.000000
vn 326.603882 -1283.060181 38.000000
vn nan nan nan
vn nan nan nan
vn nan nan nan
vn nan nan nan
vn nan nan nan
vn nan nan nan
vn nan nan nan
vn nan nan nan
vn nan nan nan
vn nan nan nan
vn nan nan nan
vn nan nan nan
vn nan nan nan
vn nan nan nan
vn nan nan nan
vn nan nan nan
vn nan nan nan
vn nan nan nan
vn nan nan nan
vn nan nan nan
f 1/1/1 3/3/3 2/2/2
f 2/2/2 3/3/3 4/4/4
f 3/3/3 5/5/5 4/4/4
f 4/4/4 5/5/5 6/6/6
f 5/5/5 7/7/7 6/6/6
f 6/6/6 7/7/7 8/8/8
f 7/7/7 9/9/9 8/8/8
f 8/8/8 9/9/9 10/10/10
f 9/9/9 11/11/11 10/10/10
f 10/10/10 11/11/11 12/12/12
f 11/11/11 13/13/13 12/12/12
f 12/12/12 13/13/13 14/14/14
f 13/13/13 15/15/15 14/14/14
f 14/14/14 15/15/15 16/16/16
f 15/15/15 17/17/17 16/16/16
f 16/16/16 17/17/17 18/18/18
f 17/17/17 19/19/19 18/18/18
f 18/18/18 19/19/19 20/20/20
f 19/19/19 21/21/21 20/20/20
f 20/20/20 21/21/21 22/22/22
f 21/21/21 23/23/23 22/22/22
f 22/22/22 23/23/23 24/24/24
f 23/23/23 25/25/25 24/24/24
f 24/24/24 25/25/25 26/26/26
f 25/25/25 27/27/27 26/26/26
f 26/26/26 27/27/27 28/28/28
f 27/27/27 29/29/29 28/28/28
f 28/28/28 29/29/29 30/30/30
f 29/29/29 31/31/31 30/30/30
f 30/30/30 31/31/31 32/32/32
f 31/31/31 33/33/33 32/32/32
f 32/32/32 33/33/33 34/34/34
f 33/33/33 35/35/35 34/34/34
f 34/34/34 35/35/35 36/36/36
f 35/35/35 37/37/37 36/36/36
f 36/36/36 37/37/37 38/38/38
f 37/37/37 39/39/39 38/38/38
f 38/38/38 39/39/39 40/40/40
f 39/39/39 41/41/41 40/40/40
f 40/40/40 41/41/41 42/42/42
f 41/41/41 43/43/43 42/42/42
f 42/42/42 43/43/43 44/44/44
f 43/43/43 45/45/45 44/44/44
f 44/44/44 45/45/45 46/46/46
f 45/45/45 47/47/47 46/46/46
f 46/46/46 47/47/47 48/48/48
f 47/47/47 49/49/49 48/48/48
f 48/48/48 49/49/49 50/50/50
f 49/49/49 51/51/51 50/50/50
f 50/50/50 51/51/51 52/52/52
f 51/51/51 53/53/53 52/52/52
f 52/52/52 53/53/53 54/54/54
f 53/53/53 55/55/55 54/54/54
f 54/54/54 55/55/55 56/56/56
f 55/55/55 57/57/57 56/56/56
f 56/56/56 57/57/57 58/58/58
f 57/57/57 59/59/59 58/58/58
f 58/58/58 59/59/59 60/60/60
f 59/59/59 61/61/61 60/60/60
f 60/60/60 61/61/61 62/62/62
f 61/61/61 63/63/63 62/62/62
f 62/62/62 63/63/63 64/64/64
f 63/63/63 65/65/65 64/64/64
f 64/64/64 65/65/65 66/66/66
f 65/65/65 67/67/67 66/66/66
f 66/66/66 67/67/67 68/68/68
f 67/67/67 69/69/69 68/68/68
f 68/68/68 69/69/69 70/70/70
f 69/69/69 71/71/71 70/70/70
f 70/70/70 71/71/71 72/72/72
f 71/71/71 73/73/73 72/72/72
f 72/72/72 73/73/73 74/74/74
f 73/73/73 75/75/75 74/74/74
f 74/74/74 75/75/75 76/76/76
f 75/75/75 77/77/77 76/76/76
f 76/76/76 77/77/77 78/78/78
f 77/77/77 79/79/79 78/78/78
f 78/78/78 79/79/79 80/80/80
f 79/79/79 81/81/81 80/80/80
f 80/80/80 81/81/81 82/82/82
f 81/81/81 83/83/83 82/82/82
f 82/82/82 83/83/83 84/84/84
f 83/83/83 85/85/85 84/84/84
f 84/84/84 85/85/85 86/86/86
f 85/85/85 87/87/87 86/86/86
f 86/86/86 87/87/87 88/88/88
f 87/87/87 89/89/89 88/88/88
f 88/88/88 89/89/89 90/90/90
f 89/89/89 91/91/91 90/90/90
f 90/90/90 91/91/91 92/92/92
f 91/91/91 93/93/93 92/92/92
f 92/92/92 93/93/93 94/94/94
f 93/93/93 95/95/95 94/94/94
f 94/94/94 95/95/95 96/96/96
f 95/95/95 97/97/97 96/96/96
f 96/96/96 97/97/97 98/98/98
f 97/97/97 99/99/99 98/98/98
f 98/98/98 99/99/99 100/100/100
f 99/99/99 101/101/101 100/100/100
f 100/100/100 101/101/101 102/102/102
f 101/101/101 103/103/103 102/102/102
f 102/102/102 103/103/103 104/104/104
f 103/103/103 105/105/105 104/104/104
f 104/104/104 105/105/105 106/106/106
f 105/105/105 107/107/107 106/106/106
f 106/106/106 107/107/107 108/108/108
f 107/107/107 109/109/109 108/108/108
f 108/108/108 109/109/109 110/110/110
f 109/109/109 111/111/111 110/110/110
f 110/110/110 111/111/111 112/112/112
f 111/111/111 113/113/113 112/112/112
f 112/112/112 113/113/113 114/114/114
f 113/113/113 115/115/115 114/114/114
f 114/114/114 115/115/115 116/116/116
f 115/115/115 117/117/117 116/116/116
f 116/116/116 117/117/117 118/118/118
f 117/117/117 119/119/119 118/118/118
f 118/118/118 119/119/119 120/120/120
f 119/119/119 121/121/121 120/120/120
f 120/120/120 121/121/121 122/122/122
f 121/121/121 123/123/123 122/122/122
f 122/122/122 123/123/123 124/124/124
f 123/123/123 125/125/125 124/124/124
f 124/124/124 125/125/125 126/126/126
f 125/125/125 127/127/127 126/126/126
f 126/126/126 127/127/127 128/128/128
f 127/127/127 129/129/129 128/128/128
f 128/128/128 129/129/129 130/130/130
f 129/129/129 131/131/131 130/130/130
f 130/130/130 131/131/131 132/132/132
f 131/131/131 133/133/133 132/132/132
f 132/132/132 133/133/133 134/134/134
f 133/133/133 135/135/135 134/134/134
f 134/134/134 135/135/135 136/136/136
f 135/135/135 137/137/137 136/136/136
f 136/136/136 137/137/137 138/138/138
f 137/137/137 139/139/139 138/138/138
f 138/138/138 139/139/139 140/140/140
f 139/139/139 141/141/141 140/140/140
f 140/140/140 141/141/141 142/142/142
f 141/141/141 143/143/143 142/142/142
f 142/142/142 143/143/143 144/144/144
f 143/143/143 145/145/145 144/144/144
f 144/144/144 145/145/145 146/146/146
f 145/145/145 147/147/147 146/146/146
f 146/146/146 147/147/147 148/148/148
f 147/147/147 149/149/149 148/148/148
f 148/148/148 149/149/149 150/150/150
f 149/149/149 151/151/151 150/150/150
f 150/150/150 151/151/151 152/152/152
f 151/151/151 153/153/153 152/152/152
f 152/152/152 153/153/153 154/154/154
f 153/153/153 155/155/155 154/154/154
f 154/154/154 155/155/155 156/156/156
f 155/155/155 157/157/157 156/156/156
f 156/156/156 157/157/157 158/158/158
f 157/157/157 159/159/159 158/158/158
f 158/158/158 159/159/159 160/160/160
f 159/159/159 161/161/161 160/160/160
f 160/160/160 161/161/161 162/162/162
f 161/161/161 163/163/163 162/162/162
f 162/162/162 163/163/163 164/164/164
f 163/163/163 165/165/165 164/164/164
f 164/164/164 165/165/165 166/166/166
f 165/165/165 167/167/167 166/166/166
f 166/166/166 167/167/167 168/168/168
f 167/167/167 169/169/169 168/168/168
f 168/168/168 169/169/169 170/170/170
f 169/169/169 171/171/171 170/170/170
f 170/170/170 171/171/171 172/172/172
f 171/171/171 173/173/173 172/172/172
f 172/172/172 173/173/173 174/174/174
f 173/173/173 175/175/175 174/174/174
f 174/174/174 175/175/175 176/176/176
f 175/175/175 177/177/177 176/176/176
f 176/176/176 177/177/177 178/178/178
f 177/177/177 179/179/179 178/178/178
f 178/178/178 179/179/179 180/180/180
f 179/179/179 181/181/181 180/180/180
f 180/180/180 181/181/181 182/182/182
f 181/181/181 183/183/183 182/182/182
f 182/182/182 183/183/183 184/184/184
f 183/183/183 185/185/185 184/184/184
f 184/184/184 185/185/185 186/186/186
f 185/185/185 187/187/187 186/186/186
f 186/186/186 187/187/187 188/188/188
f 187/187/187 189/189/189 188/188/188
f 188/188/188 189/189/189 190/190/190
f 189/189/189 191/191/191 190/190/190
f 190/190/190 191/191/191 192/192/192
f 191/191/191 193/193/193 192/192/192
f 192/192/192 193/193/193 194/194/194
f 193/193/193 195/195/195 194/194/194
f 194/194/194 195/195/195 196/196/196
f 195/195/195 197/197/197 196/196/196
f 196/196/196 197/197/197 198/198/198
f 197/197/197 199/199/199 198/198/198
f 198/198/198 199/199/199 200/200/200
f 199/199/199 201/201/201 200/200/200
f 200/200/200 201/201/201 202/202/202
f 201/201/201 203/203/203 202/202/202
f 202/202/202 203/203/203 204/204/204
f 203/203/203 205/205/205 204/204/204
f 204/204/204 205/205/205 206/206/206
f 205/205/205 207/207/207 206/206/206
f 206/206/206 207/207/207 208/208/208
f 207/207/207 209/209/209 208/208/208
f 208/208/208 209/209/209 210/210/210
f 209/209/209 211/211/211 210/210/210
f 210/210/210 211/211/211 212/212/212
f 211/211/211 213/213/213 212/212/212
f 212/212/212 213/213/213 214/214/214
f 213/213/213 215/215/215 214/214/214
f 214/214/214 215/215/215 216/216/216
f 215/215/215 217/217/217 216/216/216
f 216/216/216 217/217/217 218/218/218
f 217/217/217 219/219/219 218/218/218
f 218/218/218 219/219/219 220/220/220
f 219/219/219 221/221/221 220/220/220
f 220/220/220 221/221/221 222/222/222
f 221/221/221 223/223/223 222/222/222
f 222/222/222 223/223/223 224/224/224
f 223/223/223 225/225/225 224/224/224
f 224/224/224 225/225/225 226/226/226
f 225/225/225 227/227/227 226/226/226
f 226/226/226 227/227/227 228/228/228
f 227/227/227 229/229/229 228/228/228
f 228/228/228 229/229/229 230/230/230
f 229/229/229 231/231/231 230/230/230
f 230/230/230 231/231/231 232/232/232
f 231/231/231 233/233/233 232/232/232
f 232/232/232 233/233/233 234/234/234
f 233/233/233 235/235/235 234/234/234
f 234/234/234 235/235/235 236/236/236
f 235/235/235 237/237/237 236/236/236
f 236/236/236 237/237/237 238/238/238
f 237/237/237 239/239/239 238/238/238
f 238/238/238 239/239/239 240/240/240
f 239/239/239 241/241/241 240/240/240
f 240/240/240 241/241/241 242/242/242
f 241/241/241 243/243/243 242/242/242
f 242/242/242 243/243/243 244/244/244
f 243/243/243 245/245/245 244/244/244
f 244/244/244 245/245/245 246/246/246
f 245/245/245 247/247/247 246/246/246
f 246/246/246 247/247/247 248/248/248
f 247/247/247 249/249/249 248/248/248
f 248/248/248 249/249/249 250/250/250
f 249/249/249 251/251/251 250/250/250
f 250/250/250 251/251/251 252/252/252
f 251/251/251 253/253/253 252/252/252
f 252/252/252 253/253/253 254/254/254
f 253/253/253 255/255/255 254/254/254
f 254/254/254 255/255/255 256/256/256
f 255/255/255 257/257/257 256/256/256
f 256/256/256 257/257/257 258/258/258
f 257/257/257 259/259/259 258/258/258
f 258/258/258 259/259/259 260/260/260
f 259/259/259 261/261/261 260/260/260
f 260/260/260 261/261/261 262/262/262
f 261/261/261 263/263/263 262/262/262
f 262/262/262 263/263/263 264/264/264
f 263/263/263 265/265/265 264/264/264
f 264/264/264 265/265/265 266/266/266
f 265/265/265 267/267/267 266/266/266
f 266/266/266 267/267/267 268/268/268
f 267/267/267 269/269/269 268/268/268
f 268/268/268 269/269/269 270/270/270
f 269/269/269 271/271/271 270/270/270
f 270/270/270 271/271/271 272/272/272
f 271/271/271 273/273/273 272/272/272
f 272/272/272 273/273/273 274/274/274
f 273/273/273 275/275/275 274/274/274
f 274/274/274 275/275/275 276/276/276
f 275/275/275 277/277/277 276/276/276
f 276/276/276 277/277/277 278/278/278
f 277/277/277 279/279/279 278/278/278
f 278/278/278 279/279/279 280/280/280
f 279/279/279 281/281/281 280/280/280
f 280/280/280 281/281/281 282/282/282
f 281/281/281 283/283/283 282/282/282
f 282/282/282 283/283/283 284/284/284
f 283/283/283 285/285/285 284/284/284
f 284/284/284 285/285/285 286/286/286
f 285/285/285 287/287/287 286/286/286
f 286/286/286 287/287/287 288/288/288
f 287/287/287 289/289/289 288/288/288
f 288/288/288 289/289/289 290/290/290
f 289/289/289 291/291/291 290/290/290
f 290/290/290 291/291/291 292/292/292
f 291/291/291 293/293/293 292/292/292
f 292/292/292 293/293/293 294/294/294
f 293/293/293 295/295/295 294/294/294
f 294/294/294 295/295/295 296/296/296
f 295/295/295 297/297/297 296/296/296
f 296/296/296 297/297/297 298/298/298
f 297/297/297 299/299/299 298/298/298
f 298/298/298 299/299/299 300/300/300
f 299/299/299 301/301/301 300/300/300
f 300/300/300 301/301/301 302/302/302
f 301/301/301 303/303/303 302/302/302
f 302/302/302 303/303/303 304/304/304
f 303/303/303 305/305/305 304/304/304
f 304/304/304 305/305/305 306/306/306
f 305/305/305 307/307/307 306/306/306
f 306/306/306 307/307/307 308/308/308
f 307/307/307 309/309/309 308/308/308
f 308/308/308 309/309/309 310/310/310
f 309/309/309 311/311/311 310/310/310
f 310/310/310 311/311/311 312/312/312
f 311/311/311 313/313/313 312/312/312
f 312/312/312 313/313/313 314/314/314
f 313/313/313 315/315/315 314/314/314
f 314/314/314 315/315/315 316/316/316
f 315/315/315 317/317/317 316/316/316
f 316/316/316 317/317/317 318/318/318
f 317/317/317 319/319/319 318/318/318
f 318/318/318 319/319/319 320/320/320
f 319/319/319 321/321/321 320/320/320
f 320/320/320 321/321/321 322/322/322
f 321/321/321 323/323/323 322/322/322
f 322/322/322 323/323/323 324/324/324
f 323/323/323 325/325/325 324/324/324
f 324/324/324 325/325/325 326/326/326
f 325/325/325 327/327/327 326/326/326
f 326/326/326 327/327/327 328/328/328
f 327/327/327 329/329/329 328/328/328
f 328/328/328 329/329/329 330/330/330
f 329/329/329 331/331/331 330/330/330
f 330/330/330 331/331/331 332/332/332
f 331/331/331 333/333/333 332/332/332
f 332/332/332 333/333/333 334/334/334
f 333/333/333 335/335/335 334/334/334
f 334/334/334 335/335/335 336/336/336
f 335/335/335 337/337/337 336/336/336
f 336/336/336 337/337/337 338/338/338
f 337/337/337 339/339/339 338/338/338
f 338/338/338 339/339/339 340/340/340
f 339/339/339 341/341/341 340/340/340
f 340/340/340 341/341/341 342/342/342
f 341/341/341 343/343/343 342/342/342
f 342/342/342 343/343/343 344/344/344
f 343/343/343 345/345/345 344/344/344
f 344/344/344 345/345/345 346/346/346
f 345/345/345 347/347/347 346/346/346
f 346/346/346 347/347/347 348/348/348
f 347/347/347 349/349/349 348/348/348
f 348/348/348 349/349/349 350/350/350
f 349/349/349 351/351/351 350/350/350
f 350/350/350 351/351/351 352/352/352
f 351/351/351 353/353/353 352/352/352
f 352/352/352 353/353/353 354/354/354
f 353/353/353 355/355/355 354/354/354
f 354/354/354 355/355/355 356/356/356
f 355/355/355 357/357/357 356/356/356
f 356/356/356 357/357/357 358/358/358
f 357/357/357 359/359/359 358/358/358
f 358/358/358 359/359/359 360/360/360
f 359/359/359 361/361/361 360/360/360
f 360/360/360 361/361/361 362/362/362
f 361/361/361 363/363/363 362/362/362
f 362/362/362 363/363/363 364/364/364
f 363/363/363 365/365/365 364/364/364
f 364/364/364 365/365/365 366/366/366
f 365/365/365 367/367/367 366/366/366
f 366/366/366 367/367/367 368/368/368
f 367/367/367 369/369/369 368/368/368
f 368/368/368 369/369/369 370/370/370
f 369/369/369 371/371/371 370/370/370
f 370/370/370 371/371/371 372/372/372
f 371/371/371 373/373/373 372/372/372
f 372/372/372 373/373/373 374/374/374
f 373/373/373 375/375/375 374/374/374
f 374/374/374 375/375/375 376/376/376
f 375/375/375 377/377/377 376/376/376
f 376/376/376 377/377/377 378/378/378
f 377/377/377 379/379/379 378/378/378
f 378/378/378 379/379/379 380/380/380
f 379/379/379 381/381/381 380/380/380
f 380/380/380 381/381/381 382/382/382
f 381/381/381 383/383/383 382/382/382
f 382/382/382 383/383/383 384/384/384
f 383/383/383 385/385/385 384/384/384
f 384/384/384 385/385/385 386/386/386
f 385/385/385 387/387/387 386/386/386
f 386/386/386 387/387/387 388/388/388
f 387/387/387 389/389/389 388/388/388
f 388/388/388 389/389/389 390/390/390
f 389/389/389 391/391/391 390/390/390
f 390/390/390 391/391/391 392/392/392
f 391/391/391 393/393/393 392/392/392
f 392/392/392 393/393/393 394/394/394
f 393/393/393 395/395/395 394/394/394
f 394/394/394 395/395/395 396/396/396
f 395/395/395 397/397/397 396/396/396
f 396/396/396 397/397/397 398/398/398
f 397/397/397 399/399/399 398/398/398
f 398/398/398 399/399/399 400/400/400
f 399/399/399 401/401/401 400/400/400
f 400/400/400 401/401/401 402/402/402
f 401/401/401 403/403/403 402/402/402
f 402/402/402 403/403/403 404/404/404
f 403/403/403 405/405/405 404/404/404
f 404/404/404 405/405/405 406/406/406
f 405/405/405 407/407/407 406/406/406
f 406/406/406 407/407/407 408/408/408
f 407/407/407 409/409/409 408/408/408
f 408/408/408 409/409/409 410/410/410
f 409/409/409 411/411/411 410/410/410
f 410/410/410 411/411/411 412/412/412
f 411/411/411 413/413/413 412/412/412
f 412/412/412 413/413/413 414/414/414
f 413/413/413 415/415/415 414/414/414
f 414/414/414 415/415/415 416/416/416
f 415/415/415 417/417/417 416/416/416
f 416/416/416 417/417/417 418/418/418
f 417/417/417 419/419/419 418/418/418
f 418/418/418 419/419/419 420/420/420
f 419/419/419 421/421/421 420/420/420
f 420/420/420 421/421/421 422/422/422
f 421/421/421 423/423/423 422/422/422
f 422/422/422 423/423/423 424/424/424
f 423/423/423 425/425/425 424/424/424
f 424/424/424 425/425/425 426/426/426
f 425/425/425 427/427/427 426/426/426
f 426/426/426 427/427/427 428/428/428
f 427/427/427 429/429/429 428/428/428
f 428/428/428 429/429/429 430/430/430
f 429/429/429 431/431/431 430/430/430
f 430/430/430 431/431/431 432/432/432
f 431/431/431 433/433/433 432/432/432
f 432/432/432 433/433/433 434/434/434
f 433/433/433 435/435/435 434/434/434
f 434/434/434 435/435/435 436/436/436
f 435/435/435 437/437/437 436/436/436
f 436/436/436 437/437/437 438/438/438
f 437/437/437 439/439/439 438/438/438
f 438/438/438 439/439/439 440/440/440
f 439/439/439 441/441/441 440/440/440
f 440/440/440 441/441/441 442/442/442
f 441/441/441 443/443/443 442/442/442
f 442/442/442 443/443/443 444/444/444
f 443/443/443 445/445/445 444/444/444
f 444/444/444 445/445/445 446/446/446
f 445/445/445 447/447/447 446/446/446
f 446/446/446 447/447/447 448/448/448
f 447/447/447 449/449/449 448/448/448
f 448/448/448 449/449/449 450/450/450
f 449/449/449 451/451/451 450/450/450
f 450/450/450 451/451/451 452/452/452
f 451/451/451 453/453/453 452/452/452
f 452/452/452 453/453/453 454/454/454
f 453/453/453 455/455/455 454/454/454
f 454/454/454 455/455/455 456/456/456
f 455/455/455 457/457/457 456/456/456
f 456/456/456 457/457/457 458/458/458
f 457/457/457 459/459/459 458/458/458
f 458/458/458 459/459/459 460/460/460
f 459/459/459 461/461/461 460/460/460
f 460/460/460 461/461/461 462/462/462
f 461/461/461 463/463/463 462/462/462
f 462/462/462 463/463/463 464/464/464
f 463/463/463 465/465/465 464/464/464
f 464/464/464 465/465/465 466/466/466
f 465/465/465 467/467/467 466/466/466
f 466/466/466 467/467/467 468/468/468
f 467/467/467 469/469/469 468/468/468
f 468/468/468 469/469/469 470/470/470
f 469/469/469 471/471/471 470/470/470
f 470/470/470 471/471/471 472/472/472
f 471/471/471 473/473/473 472/472/472
f 472/472/472 473/473/473 474/474/474
f 473/473/473 475/475/475 474/474/474
f 474/474/474 475/475/475 476/476/476
f 475/475/475 477/477/477 476/476/476
f 476/476/476 477/477/477 478/478/478
f 477/477/477 479/479/479 478/478/478
f 478/478/478 479/479/479 480/480/480
f 479/479/479 481/481/481 480/480/480
f 480/480/480 481/481/481 482/482/482
f 481/481/481 483/483/483 482/482/482
f 482/482/482 483/483/483 484/484/484
f 483/483/483 485/485/485 484/484/484
f 484/484/484 485/485/485 486/486/486
f 485/485/485 487/487/487 486/486/486
f 486/486/486 487/487/487 488/488/488
f 487/487/487 489/489/489 488/488/488
f 488/488/488 489/489/489 490/490/490
f 489/489/489 491/491/491 490/490/490
f 490/490/490 491/491/491 492/492/492
f 491/491/491 493/493/493 492/492/492
f 492/492/492 493/493/493 494/494/494
f 493/493/493 495/495/495 494/494/494
f 494/494/494 495/495/495 496/496/496
f 495/495/495 497/497/497 496/496/496
f 496/496/496 497/497/497 498/498/498
f 497/497/497 499/499/499 498/498/498
f 498/498/498 499/499/499 500/500/500
f 499/499/499 501/501/501 500/500/500
f 500/500/500 501/501/501 502/502/502
f 501/501/501 503/503/503 502/502/502
f 502/502/502 503/503/503 504/504/504
f 503/503/503 505/505/505 504/504/504
f 504/504/504 505/505/505 506/506/506
f 505/505/505 507/507/507 506/506/506
f 506/506/506 507/507/507 508/508/508
f 507/507/507 509/509/509 508/508/508
f 508/508/508 509/509/509 510/510/510
f 509/509/509 511/511/511 510/510/510
f 510/510/510 511/511/511 512/512/512
f 511/511/511 513/513/513 512/512/512
f 512/512/512 513/513/513 514/514/514
f 513/513/513 515/515/515 514/514/514
f 514/514/514 515/515/515 516/516/516
f 515/515/515 517/517/517 516/516/516
f 516/516/516 517/517/517 518/518/518
f 517/517/517 519/519/519 518/518/518
f 518/518/518 519/519/519 520/520/520
f 519/519/519 521/521/521 520/520/520
f 520/520/520 521/521/521 522/522/522
f 521/521/521 523/523/523 522/522/522
f 522/522/522 523/523/523 524/524/524
f 523/523/523 525/525/525 524/524/524
f 524/524/524 525/525/525 526/526/526
f 525/525/525 527/527/527 526/526/526
f 526/526/526 527/527/527 528/528/528
f 527/527/527 529/529/529 528/528/528
f 528/528/528 529/529/529 530/530/530
f 529/529/529 531/531/531 530/530/530
f 530/530/530 531/531/531 532/532/532
f 531/531/531 533/533/533 532/532/532
f 532/532/532 533/533/533 534/534/534
f 533/533/533 535/535/535 534/534/534
f 534/534/534 535/535/535 536/536/536
f 535/535/535 537/537/537 536/536/536
f 536/536/536 537/537/537 538/538/538
f 537/537/537 539/539/539 538/538/538
f 538/538/538 539/539/539 540/540/540
f 539/539/539 541/541/541 540/540/540
f 540/540/540 541/541/541 542/542/542
f 541/541/541 543/543/543 542/542/542
f 542/542/542 543/543/543 544/544/544
f 543/543/543 545/545/545 544/544/544
f 544/544/544 545/545/545 546/546/546
f 545/545/545 547/547/547 546/546/546
f 546/546/546 547/547/547 548/548/548
f 547/547/547 549/549/549 548/548/548
f 548/548/548 549/549/549 550/550/550
f 549/549/549 551/551/551 550/550/550
f 550/550/550 551/551/551 552/552/552
f 551/551/551 553/553/553 552/552/552
f 552/552/552 553/553/553 554/554/554
f 553/553/553 555/555/555 554/554/554
f 554/554/554 555/555/555 556/556/556
f 555/555/555 557/557/557 556/556/556
f 556/556/556 557/557/557 558/558/558
f 557/557/557 559/559/559 558/558/558
f 558/558/558 559/559/559 560/560/560
f 559/559/559 561/561/561 560/560/560
f 560/560/560 561/561/561 562/562/562
f 561/561/561 563/563/563 562/562/562
f 562/562/562 563/563/563 564/564/564
f 563/563/563 565/565/565 564/564/564
f 564/564/564 565/565/565 566/566/566
f 565/565/565 567/567/567 566/566/566
f 566/566/566 567/567/567 568/568/568
f 567/567/567 569/569/569 568/568/568
f 568/568/568 569/569/569 570/570/570
f 569/569/569 571/571/571 570/570/570
f 570/570/570 571/571/571 572/572/572
f 571/571/571 573/573/573 572/572/572
f 572/572/572 573/573/573 574/574/574
f 573/573/573 575/575/575 574/574/574
f 574/574/574 575/575/575 576/576/576
f 575/575/575 577/577/577 576/576/576
f 576/576/576 577/577/577 578/578/578
f 577/577/577 579/579/579 578/578/578
f 578/578/578 579/579/579 580/580/580
f 579/579/579 581/581/581 580/580/580
f 580/580/580 581/581/581 582/582/582
f 581/581/581 583/583/583 582/582/582
f 582/582/582 583/583/583 584/584/584
f 583/583/583 585/585/585 584/584/584
f 584/584/584 585/585/585 586/586/586
f 585/585/585 587/587/587 586/586/586
f 586/586/586 587/587/587 588/588/588
f 587/587/587 589/589/589 588/588/588
f 588/588/588 589/589/589 590/590/590
f 589/589/589 591/591/591 590/590/590
f 590/590/590 591/591/591 592/592/592
f 591/591/591 593/593/593 592/592/592
f 592/592/592 593/593/593 594/594/594
f 593/593/593 595/595/595 594/594/594
f 594/594/594 595/595/595 596/596/596
f 595/595/595 597/597/597 596/596/596
f 596/596/596 597/597/597 598/598/598
f 597/597/597 599/599/599 598/598/598
f 598/598/598 599/599/599 600/600/600
f 599/599/599 601/601/601 600/600/600
f 600/600/600 601/601/601 602/602/602
f 601/601/601 603/603/603 602/602/602
f 602/602/602 603/603/603 604/604/604
f 603/603/603 605/605/605 604/604/604
f 604/604/604 605/605/605 606/606/606
f 605/605/605 607/607/607 606/606/606
f 606/606/606 607/607/607 608/608/608
f 607/607/607 609/609/609 608/608/608
f 608/608/608 609/609/609 610/610/610
f 609/609/609 611/611/611 610/610/610
f 610/610/610 611/611/611 612/612/612
f 611/611/611 613/613/613 612/612/612
f 612/612/612 613/613/613 614/614/614
f 613/613/613 615/615/615 614/614/614
f 614/614/614 615/615/615 616/616/616
f 615/615/615 617/617/617 616/616/616
f 616/616/616 617/617/617 618/618/618
f 617/617/617 619/619/619 618/618/618
f 618/618/618 619/619/619 620/620/620
f 619/619/619 621/621/621 620/620/620
f 620/620/620 621/621/621 622/622/622
f 621/621/621 623/623/623 622/622/622
f 622/622/622 623/623/623 624/624/624
f 623/623/623 625/625/625 624/624/624
f 624/624/624 625/625/625 626/626/626
f 625/625/625 627/627/627 626/626/626
f 626/626/626 627/627/627 628/628/628
f 627/627/627 629/629/629 628/628/628
f 628/628/628 629/629/629 630/630/630
f 629/629/629 631/631/631 630/630/630
f 630/630/630 631/631/631 632/632/632
f 631/631/631 633/633/633 632/632/632
f 632/632/632 633/633/633 634/634/634
f 633/633/633 635/635/635 634/634/634
f 634/634/634 635/635/635 636/636/636
f 635/635/635 637/637/637 636/636/636
f 636/636/636 637/637/637 638/638/638
f 637/637/637 639/639/639 638/638/638
f 638/638/638 639/639/639 640/640/640
f 639/639/639 641/641/641 640/640/640
f 640/640/640 641/641/641 642/642/642
f 641/641/641 643/643/643 642/642/642
f 642/642/642 643/643/643 644/644/644
f 643/643/643 645/645/645 644/644/644
f 644/644/644 645/645/645 646/646/646
f 645/645/645 647/647/647 646/646/646
f 646/646/646 647/647/647 648/648/648
f 647/647/647 649/649/649 648/648/648
f 648/648/648 649/649/649 650/650/650
f 649/649/649 651/651/651 650/650/650
f 650/650/650 651/651/651 652/652/652
f 651/651/651 653/653/653 652/652/652
f 652/652/652 653/653/653 654/654/654
f 653/653/653 655/655/655 654/654/654
f 654/654/654 655/655/655 656/656/656
f 655/655/655 657/657/657 656/656/656
f 656/656/656 657/657/657 658/658/658
f 657/657/657 659/659/659 658/658/658
f 658/658/658 659/659/659 660/660/660
f 659/659/659 661/661/661 660/660/660
f 660/660/660 661/661/661 662/662/662
f 661/661/661 663/663/663 662/662/662
f 662/662/662 663/663/663 664/664/664
f 663/663/663 665/665/665 664/664/664
f 664/664/664 665/665/665 666/666/666
f 665/665/665 667/667/667 666/666/666
f 666/666/666 667/667/667 668/668/668
f 667/667/667 669/669/669 668/668/668
f 668/668/668 669/669/669 670/670/670
f 669/669/669 671/671/671 670/670/670
f 670/670/670 671/671/671 672/672/672
f 671/671/671 673/673/673 672/672/672
f 672/672/672 673/673/673 674/674/674
f 673/673/673 675/675/675 674/674/674
f 674/674/674 675/675/675 676/676/676
f 675/675/675 677/677/677 676/676/676
f 676/676/676 677/677/677 678/678/678
f 677/677/677 679/679/679 678/678/678
f 678/678/678 679/679/679 680/680/680
f 679/679/679 681/681/681 680/680/680
f 680/680/680 681/681/681 682/682/682
f 681/681/681 683/683/683 682/682/682
f 682/682/682 683/683/683 684/684/684
f 683/683/683 685/685/685 684/684/684
f 684/684/684 685/685/685 686/686/686
f 685/685/685 687/687/687 686/686/686
f 686/686/686 687/687/687 688/688/688
f 687/687/687 689/689/689 688/688/688
f 688/688/688 689/689/689 690/690/690
f 689/689/689 691/691/691 690/690/690
f 690/690/690 691/691/691 692/692/692
f 691/691/691 693/693/693 692/692/692
f 692/692/692 693/693/693 694/694/694
f 693/693/693 695/695/695 694/694/694
f 694/694/694 695/695/695 696/696/696
f 695/695/695 697/697/697 696/696/696
f 696/696/696 697/697/697 698/698/698
f 697/697/697 699/699/699 698/698/698
f 698/698/698 699/699/699 700/700/700
f 699/699/699 701/701/701 700/700/700
f 700/700/700 701/701/701 702/702/702
f 701/701/701 703/703/703 702/702/702
f 702/702/702 703/703/703 704/704/704
f 703/703/703 705/705/705 704/704/704
f 704/704/704 705/705/705 706/706/706
f 705/705/705 707/707/707 706/706/706
f 706/706/706 707/707/707 708/708/708
f 707/707/707 709/709/709 708/708/708
f 708/708/708 709/709/709 710/710/710
f 709/709/709 711/711/711 710/710/710
f 710/710/710 711/711/711 712/712/712
f 711/711/711 713/713/713 712/712/712
f 712/712/712 713/713/713 714/714/714
f 713/713/713 715/715/715 714/714/714
f 714/714/714 715/715/715 716/716/716
f 715/715/715 717/717/717 716/716/716
f 716/716/716 717/717/717 718/718/718
f 717/717/717 719/719/719 718/718/718
f 718/718/718 719/719/719 720/720/720
f 719/719/719 721/721/721 720/720/720
f 720/720/720 721/721/721 722/722/722
f 721/721/721 723/723/723 722/722/722
f 722/722/722 723/723/723 724/724/724
f 723/723/723 725/725/725 724/724/724
f 724/724/724 725/725/725 726/726/726
f 725/725/725 727/727/727 726/726/726
f 726/726/726 727/727/727 728/728/728
f 727/727/727 729/729/729 728/728/728
f 728/728/728 729/729/729 730/730/730
f 729/729/729 731/731/731 730/730/730
f 730/730/730 731/731/731 732/732/732
f 731/731/731 733/733/733 732/732/732
f 732/732/732 733/733/733 734/734/734
f 733/733/733 735/735/735 734/734/734
f 734/734/734 735/735/735 736/736/736
f 735/735/735 737/737/737 736/736/736
f 736/736/736 737/737/737 738/738/738
f 737/737/737 739/739/739 738/738/738
f 738/738/738 739/739/739 740/740/740
f 739/739/739 741/741/741 740/740/740
f 740/740/740 741/741/741 742/742/742
f 741/741/741 743/743/743 742/742/742
f 742/742/742 743/743/743 744/744/744
f 743/743/743 745/745/745 744/744/744
f 744/744/744 745/745/745 746/746/746
f 745/745/745 747/747/747 746/746/746
f 746/746/746 747/747/747 748/748/748
f 747/747/747 749/749/749 748/748/748
f 748/748/748 749/749/749 750/750/750
f 749/749/749 751/751/751 750/750/750
f 750/750/750 751/751/751 752/752/752
f 751/751/751 753/753/753 752/752/752
f 752/752/752 753/753/753 754/754/754
f 753/753/753 755/755/755 754/754/754
f 754/754/754 755/755/755 756/756/756
f 755/755/755 757/757/757 756/756/756
f 756/756/756 757/757/757 758/758/758
f 757/757/757 759/759/759 758/758/758
f 758/758/758 759/759/759 760/760/760
f 759/759/759 761/761/761 760/760/760
f 760/760/760 761/761/761 762/762/762
f 761/761/761 763/763/763 762/762/762
f 762/762/762 763/763/763 764/764/764
f 763/763/763 765/765/765 764/764/764
f 764/764/764 765/765/765 766/766/766
f 765/765/765 767/767/767 766/766/766
f 766/766/766 767/767/767 768/768/768
f 767/767/767 769/769/769 768/768/768
f 768/768/768 769/769/769 770/770/770
f 769/769/769 771/771/771 770/770/770
f 770/770/770 771/771/771 772/772/772
f 771/771/771 773/773/773 772/772/772
f 772/772/772 773/773/773 774/774/774
f 773/773/773 775/775/775 774/774/774
f 774/774/774 775/775/775 776/776/776
f 775/775/775 777/777/777 776/776/776
f 776/776/776 777/777/777 778/778/778
f 777/777/777 779/779/779 778/778/778
f 778/778/778 779/779/779 780/780/780
f 779/779/779 781/781/781 780/780/780
f 780/780/780 781/781/781 782/782/782
f 781/781/781 783/783/783 782/782/782
f 782/782/782 783/783/783 784/784/784
f 783/783/783 785/785/785 784/784/784
f 784/784/784 785/785/785 786/786/786
f 785/785/785 787/787/787 786/786/786
f 786/786/786 787/787/787 788/788/788
f 787/787/787 789/789/789 788/788/788
f 788/788/788 789/789/789 790/790/790
f 789/789/789 791/791/791 790/790/790
f 790/790/790 791/791/791 792/792/792
f 791/791/791 793/793/793 792/792/792
f 792/792/792 793/793/793 794/794/794
f 793/793/793 795/795/795 794/794/794
f 794/794/794 795/795/795 796/796/796
f 795/795/795 797/797/797 796/796/796
f 796/796/796 797/797/797 798/798/798
f 797/797/797 799/799/799 798/798/798
f 798/798/798 799/799/799 800/800/800
f 799/799/799 801/801/801 800/800/800
f 800/800/800 801/801/801 802/802/802
f 801/801/801 803/803/803 802/802/802
f 802/802/802 803/803/803 804/804/804
f 803/803/803 805/805/805 804/804/804
f 804/804/804 805/805/805 806/806/806
f 805/805/805 807/807/807 806/806/806
f 806/806/806 807/807/807 808/808/808
f 807/807/807 809/809/809 808/808/808
f 808/808/808 809/809/809 810/810/810
f 809/809/809 811/811/811 810/810/810
f 810/810/810 811/811/811 812/812/812
f 811/811/811 813/813/813 812/812/812
f 812/812/812 813/813/813 814/814/814
f 813/813/813 815/815/815 814/814/814
f 814/814/814 815/815/815 816/816/816
f 815/815/815 817/817/817 816/816/816
f 816/816/816 817/817/817 818/818/818
f 817/817/817 819/819/819 818/818/818
f 818/818/818 819/819/819 820/820/820
f 819/819/819 821/821/821 820/820/820
f 820/820/820 821/821/821 822/822/822
f 821/821/821 823/823/823 822/822/822
f 822/822/822 823/823/823 824/824/824
f 823/823/823 825/825/825 824/824/824
f 824/824/824 825/825/825 826/826/826
f 825/825/825 827/827/827 826/826/826
f 826/826/826 827/827/827 828/828/828
f 827/827/827 829/829/829 828/828/828
f 828/828/828 829/829/829 830/830/830
f 829/829/829 831/831/831 830/830/830
f 830/830/830 831/831/831 832/832/832
f 831/831/831 833/833/833 832/832/832
f 832/832/832 833/833/833 834/834/834
f 833/833/833 835/835/835 834/834/834
f 834/834/834 835/835/835 836/836/836
f 835/835/835 837/837/837 836/836/836
f 836/836/836 837/837/837 838/838/838
f 837/837/837 839/839/839 838/838/838
f 838/838/838 839/839/839 840/840/840
f 839/839/839 841/841/841 840/840/840
f 840/840/840 841/841/841 842/842/842
f 841/841/841 843/843/843 842/842/842
f 842/842/842 843/843/843 844/844/844
f 843/843/843 845/845/845 844/844/844
f 844/844/844 845/845/845 846/846/846
f 845/845/845 847/847/847 846/846/846
f 846/846/846 847/847/847 848/848/848
f 847/847/847 849/849/849 848/848/848
f 848/848/848 849/849/849 850/850/850
f 849/849/849 851/851/851 850/850/850
f 850/850/850 851/851/851 852/852/852
f 851/851/851 853/853/853 852/852/852
f 852/852/852 853/853/853 854/854/854
f 853/853/853 855/855/855 854/854/854
f 854/854/854 855/855/855 856/856/856
f 855/855/855 857/857/857 856/856/856
f 856/856/856 857/857/857 858/858/858
f 857/857/857 859/859/859 858/858/858
f 858/858/858 859/859/859 860/860/860
f 859/859/859 861/861/861 860/860/860
f 860/860/860 861/861/861 862/862/862
f 861/861/861 863/863/863 862/862/862
f 862/862/862 863/863/863 864/864/864
f 863/863/863 865/865/865 864/864/864
f 864/864/864 865/865/865 866/866/866
f 865/865/865 867/867/867 866/866/866
f 866/866/866 867/867/867 868/868/868
f 867/867/867 869/869/869 868/868/868
f 868/868/868 869/869/869 870/870/870
f 869/869/869 871/871/871 870/870/870
f 870/870/870 871/871/871 872/872/872
f 871/871/871 873/873/873 872/872/872
f 872/872/872 873/873/873 874/874/874
f 873/873/873 875/875/875 874/874/874
f 874/874/874 875/875/875 876/876/876
f 875/875/875 877/877/877 876/876/876
f 876/876/876 877/877/877 878/878/878
f 877/877/877 879/879/879 878/878/878
f 878/878/878 879/879/879 880/880/880
f 879/879/879 881/881/881 880/880/880
f 880/880/880 881/881/881 882/882/882
f 881/881/881 883/883/883 882/882/882
f 882/882/882 883/883/883 884/884/884
f 883/883/883 885/885/885 884/884/884
f 884/884/884 885/885/885 886/886/886
f 885/885/885 887/887/887 886/886/886
f 886/886/886 887/887/887 888/888/888
f 887/887/887 889/889/889 888/888/888
f 888/888/888 889/889/889 890/890/890
f 889/889/889 891/891/891 890/890/890
f 890/890/890 891/891/891 892/892/892
f 891/891/891 893/893/893 892/892/892
f 892/892/892 893/893/893 894/894/894
f 893/893/893 895/895/895 894/894/894
f 894/894/894 895/895/895 896/896/896
f 895/895/895 897/897/897 896/896/896
f 896/896/896 897/897/897 898/898/898
f 897/897/897 899/899/899 898/898/898
f 898/898/898 899/899/899 900/900/900
f 899/899/899 901/901/901 900/900/900
f 900/900/900 901/901/901 902/902/902
f 901/901/901 903/903/903 902/902/902
f 902/902/902 903/903/903 904/904/904
f 903/903/903 905/905/905 904/904/904
f 904/904/904 905/905/905 906/906/906
f 905/905/905 907/907/907 906/906/906
f 906/906/906 907/907/907 908/908/908
f 907/907/907 909/909/909 908/908/908
f 908/908/908 909/909/909 910/910/910
f 909/909/909 911/911/911 910/910/910
f 910/910/910 911/911/911 912/912/912
f 911/911/911 913/913/913 912/912/912
f 912/912/912 913/913/913 914/914/914
f 913/913/913 915/915/915 914/914/914
f 914/914/914 915/915/915 916/916/916
f 915/915/915 917/917/917 916/916/916
f 916/916/916 917/917/917 918/918/918
f 917/917/917 919/919/919 918/918/918
f 918/918/918 919/919/919 920/920/920
f 919/919/919 921/921/921 920/920/920
f 920/920/920 921/921/921 922/922/922
f 921/921/921 923/923/923 922/922/922
f 922/922/922 923/923/923 924/924/924
f 923/923/923 925/925/925 924/924/924
f 924/924/924 925/925/925 926/926/926
f 925/925/925 927/927/927 926/926/926
f 926/926/926 927/927/927 928/928/928
f 927/927/927 929/929/929 928/928/928
f 928/928/928 929/929/929 930/930/930
f 929/929/929 931/931/931 930/930/930
f 930/930/930 931/931/931 932/932/932
f 931/931/931 933/933/933 932/932/932
f 932/932/932 933/933/933 934/934/934
f 933/933/933 935/935/935 934/934/934
f 934/934/934 935/935/935 936/936/936
f 935/935/935 937/937/937 936/936/936
f 936/936/936 937/937/937 938/938/938
f 937/937/937 939/939/939 938/938/938
f 938/938/938 939/939/939 940/940/940
f 939/939/939 941/941/941 940/940/940
f 940/940/940 941/941/941 942/942/942
f 941/941/941 943/943/943 942/942/942
f 942/942/942 943/943/943 944/944/944
f 943/943/943 945/945/945 944/944/944
f 944/944/944 945/945/945 946/946/946
f 945/945/945 947/947/947 946/946/946
f 946/946/946 947/947/947 948/948/948
f 947/947/947 949/949/949 948/948/948
f 948/948/948 949/949/949 950/950/950
f 949/949/949 951/951/951 950/950/950
f 950/950/950 951/951/951 952/952/952
f 951/951/951 953/953/953 952/952/952
f 952/952/952 953/953/953 954/954/954
f 953/953/953 955/955/955 954/954/954
f 954/954/954 955/955/955 956/956/956
f 955/955/955 957/957/957 956/956/956
f 956/956/956 957/957/957 958/958/958
f 957/957/957 959/959/959 958/958/958
f 958/958/958 959/959/959 960/960/960
f 959/959/959 961/961/961 960/960/960
f 960/960/960 961/961/961 962/962/962
f 961/961/961 963/963/963 962/962/962
f 962/962/962 963/963/963 964/964/964
f 963/963/963 965/965/965 964/964/964
f 964/964/964 965/965/965 966/966/966
f 965/965/965 967/967/967 966/966/966
f 966/966/966 967/967/967 968/968/968
f 967/967/967 969/969/969 968/968/968
f 968/968/968 969/969/969 970/970/970
f 969/969/969 971/971/971 970/970/970
f 970/970/970 971/971/971 972/972/972
f 971/971/971 973/973/973 972/972/972
f 972/972/972 973/973/973 974/974/974
f 973/973/973 975/975/975 974/974/974
f 974/974/974 975/975/975 976/976/976
f 975/975/975 977/977/977 976/976/976
f 976/976/976 977/977/977 978/978/978
f 977/977/977 979/979/979 978/978/978
f 978/978/978 979/979/979 980/980/980
f 979/979/979 981/981/981 980/980/980
f 980/980/980 981/981/981 982/982/982
f 981/981/981 983/983/983 982/982/982
f 982/982/982 983/983/983 984/984/984
f 983/983/983 985/985/985 984/984/984
f 984/984/984 985/985/985 986/986/986
f 985/985/985 987/987/987 986/986/986
f 986/986/986 987/987/987 988/988/988
f 987/987/987 989/989/989 988/988/988
f 988/988/988 989/989/989 990/990/990
f 989/989/989 991/991/991 990/990/990
f 990/990/990 991/991/991 992/992/992
f 991/991/991 993/993/993 992/992/992
f 992/992/992 993/993/993 994/994/994
f 993/993/993 995/995/995 994/994/994
f 994/994/994 995/995/995 996/996/996
f 995/995/995 997/997/997 996/996/996
f 996/996/996 997/997/997 998/998/998
f 997/997/997 999/999/999 998/998/998
f 998/998/998 999/999/999 1000/1000/1000
f 999/999/999 1001/1001/1001 1000/1000/1000
f 1000/1000/1000 1001/1001/1001 1002/1002/1002
f 1001/1001/1001 1003/1003/1003 1002/1002/1002
f 1002/1002/1002 1003/1003/1003 1004/1004/1004
f 1003/1003/1003 1005/1005/1005 1004/1004/1004
f 1004/1004/1004 1005/1005/1005 1006/1006/1006
f 1005/1005/1005 1007/1007/1007 1006/1006/1006
f 1006/1006/1006 1007/1007/1007 1008/1008/1008
f 1007/1007/1007 1009/1009/1009 1008/1008/1008
f 1008/1008/1008 1009/1009/1009 1010/1010/1010
f 1009/1009/1009 1011/1011/1011 1010/1010/1010
f 1010/1010/1010 1011/1011/1011 1012/1012/1012
f 1011/1011/1011 1013/1013/1013 1012/1012/1012
f 1012/1012/1012 1013/1013/1013 1014/1014/1014
f 1013/1013/1013 1015/1015/1015 1014/1014/1014
f 1014/1014/1014 1015/1015/1015 1016/1016/1016
f 1015/1015/1015 1017/1017/1017 1016/1016/1016
f 1016/1016/1016 1017/1017/1017 1018/1018/1018
f 1017/1017/1017 1019/1019/1019 1018/1018/1018
f 1018/1018/1018 1019/1019/1019 1020/1020/1020
f 1019/1019/1019 1021/1021/1021 1020/1020/1020
f 1020/1020/1020 1021/1021/1021 1022/1022/1022
f 1021/1021/1021 1023/1023/1023 1022/1022/1022
f 1022/1022/1022 1023/1023/1023 1024/1024/1024
f 1023/1023/1023 1025/1025/1025 1024/1024/1024
f 1024/1024/1024 1025/1025/1025 1026/1026/1026
f 1025/1025/1025 1027/1027/1027 1026/1026/1026
f 1026/1026/1026 1027/1027/1027 1028/1028/1028
f 1027/1027/1027 1029/1029/1029 1028/1028/1028
f 1028/1028/1028 1029/1029/1029 1030/1030/1030
f 1029/1029/1029 1031/1031/1031 1030/1030/1030
f 1030/1030/1030 1031/1031/1031 1032/1032/1032
f 1031/1031/1031 1033/1033/1033 1032/1032/1032
f 1032/1032/1032 1033/1033/1033 1034/1034/1034
f 1033/1033/1033 1035/1035/1035 1034/1034/1034
f 1034/1034/1034 1035/1035/1035 1036/1036/1036
f 1035/1035/1035 1037/1037/1037 1036/1036/1036
f 1036/1036/1036 1037/1037/1037 1038/1038/1038
f 1037/1037/1037 1039/1039/1039 1038/1038/1038
f 1038/1038/1038 1039/1039/1039 1040/1040/1040
f 1039/1039/1039 1041/1041/1041 1040/1040/1040
f 1040/1040/1040 1041/1041/1041 1042/1042/1042
f 1041/1041/1041 1043/1043/1043 1042/1042/1042
f 1042/1042/1042 1043/1043/1043 1044/1044/1044
f 1043/1043/1043 1045/1045/1045 1044/1044/1044
f 1044/1044/1044 1045/1045/1045 1046/1046/1046
f 1045/1045/1045 1047/1047/1047 1046/1046/1046
f 1046/1046/1046 1047/1047/1047 1048/1048/1048
f 1047/1047/1047 1049/1049/1049 1048/1048/1048
f 1048/1048/1048 1049/1049/1049 1050/1050/1050
f 1049/1049/1049 1051/1051/1051 1050/1050/1050
f 1050/1050/1050 1051/1051/1051 1052/1052/1052
f 1051/1051/1051 1053/1053/1053 1052/1052/1052
f 1052/1052/1052 1053/1053/1053 1054/1054/1054
f 1053/1053/1053 1055/1055/1055 1054/1054/1054
f 1054/1054/1054 1055/1055/1055 1056/1056/1056
f 1055/1055/1055 1057/1057/1057 1056/1056/1056
f 1056/1056/1056 1057/1057/1057 1058/1058/1058
f 1057/1057/1057 1059/1059/1059 1058/1058/1058
f 1058/1058/1058 1059/1059/1059 1060/1060/1060
f 1059/1059/1059 1061/1061/1061 1060/1060/1060
f 1060/1060/1060 1061/1061/1061 1062/1062/1062
f 1061/1061/1061 1063/1063/1063 1062/1062/1062
f 1062/1062/1062 1063/1063/1063 1064/1064/1064
f 1063/1063/1063 1065/1065/1065 1064/1064/1064
f 1064/1064/1064 1065/1065/1065 1066/1066/1066
f 1065/1065/1065 1067/1067/1067 1066/1066/1066
f 1066/1066/1066 1067/1067/1067 1068/1068/1068
f 1067/1067/1067 1069/1069/1069 1068/1068/1068
f 1068/1068/1068 1069/1069/1069 1070/1070/1070
f 1069/1069/1069 1071/1071/1071 1070/1070/1070
f 1070/1070/1070 1071/1071/1071 1072/1072/1072
f 1071/1071/1071 1073/1073/1073 1072/1072/1072
f 1072/1072/1072 1073/1073/1073 1074/1074/1074
f 1073/1073/1073 1075/1075/1075 1074/1074/1074
f 1074/1074/1074 1075/1075/1075 1076/1076/1076
f 1075/1075/1075 1077/1077/1077 1076/1076/1076
f 1076/1076/1076 1077/1077/1077 1078/1078/1078
f 1077/1077/1077 1079/1079/1079 1078/1078/1078
f 1078/1078/1078 1079/1079/1079 1080/1080/1080
f 1079/1079/1079 1081/1081/1081 1080/1080/1080
f 1080/1080/1080 1081/1081/1081 1082/1082/1082
f 1081/1081/1081 1083/1083/1083 1082/1082/1082
f 1082/1082/1082 1083/1083/1083 1084/1084/1084
f 1083/1083/1083 1085/1085/1085 1084/1084/1084
f 1084/1084/1084 1085/1085/1085 1086/1086/1086
f 1085/1085/1085 1087/1087/1087 1086/1086/1086
f 1086/1086/1086 1087/1087/1087 1088/1088/1088
f 1087/1087/1087 1089/1089/1089 1088/1088/1088
f 1088/1088/1088 1089/1089/1089 1090/1090/1090
f 1089/1089/1089 1091/1091/1091 1090/1090/1090
f 1090/1090/1090 1091/1091/1091 1092/1092/1092
f 1091/1091/1091 1093/1093/1093 1092/1092/1092
f 1092/1092/1092 1093/1093/1093 1094/1094/1094
f 1093/1093/1093 1095/1095/1095 1094/1094/1094
f 1094/1094/1094 1095/1095/1095 1096/1096/1096
f 1095/1095/1095 1097/1097/1097 1096/1096/1096
f 1096/1096/1096 1097/1097/1097 1098/1098/1098
f 1097/1097/1097 1099/1099/1099 1098/1098/1098
f 1098/1098/1098 1099/1099/1099 1100/1100/1100
f 1099/1099/1099 1101/1101/1101 1100/1100/1100
f 1100/1100/1100 1101/1101/1101 1102/1102/1102
f 1101/1101/1101 1103/1103/1103 1102/1102/1102
f 1102/1102/1102 1103/1103/1103 1104/1104/1104
f 1103/1103/1103 1105/1105/1105 1104/1104/1104
f 1104/1104/1104 1105/1105/1105 1106/1106/1106
f 1105/1105/1105 1107/1107/1107 1106/1106/1106
f 1106/1106/1106 1107/1107/1107 1108/1108/1108
f 1107/1107/1107 1109/1109/1109 1108/1108/1108
f 1108/1108/1108 1109/1109/1109 1110/1110/1110
f 1109/1109/1109 1111/1111/1111 1110/1110/1110
f 1110/1110/1110 1111/1111/1111 1112/1112/1112
f 1111/1111/1111 1113/1113/1113 1112/1112/1112
f 1112/1112/1112 1113/1113/1113 1114/1114/1114
f 1113/1113/1113 1115/1115/1115 1114/1114/1114
f 1114/1114/1114 1115/1115/1115 1116/1116/1116
f 1115/1115/1115 1117/1117/1117 1116/1116/1116
f 1116/1116/1116 1117/1117/1117 1118/1118/1118
f 1117/1117/1117 1119/1119/1119 1118/1118/1118
f 1118/1118/1118 1119/1119/1119 1120/1120/1120
f 1119/1119/1119 1121/1121/1121 1120/1120/1120
f 1120/1120/1120 1121/1121/1121 1122/1122/1122
f 1121/1121/1121 1123/1123/1123 1122/1122/1122
f 1122/1122/1122 1123/1123/1123 1124/1124/1124
f 1123/1123/1123 1125/1125/1125 1124/1124/1124
f 1124/1124/1124 1125/1125/1125 1126/1126/1126
f 1125/1125/1125 1127/1127/1127 1126/1126/1126
f 1126/1126/1126 1127/1127/1127 1128/1128/1128
f 1127/1127/1127 1129/1129/1129 1128/1128/1128
f 1128/1128/1128 1129/1129/1129 1130/1130/1130
f 1129/1129/1129 1131/1131/1131 1130/1130/1130
f 1130/1130/1130 1131/1131/1131 1132/1132/1132
f 1131/1131/1131 1133/1133/1133 1132/1132/1132
f 1132/1132/1132 1133/1133/1133 1134/1134/1134
f 1133/1133/1133 1135/1135/1135 1134/1134/1134
f 1134/1134/1134 1135/1135/1135 1136/1136/1136
f 1135/1135/1135 1137/1137/1137 1136/1136/1136
f 1136/1136/1136 1137/1137/1137 1138/1138/1138
f 1137/1137/1137 1139/1139/1139 1138/1138/1138
f 1138/1138/1138 1139/1139/1139 1140/1140/1140
f 1139/1139/1139 1141/1141/1141 1140/1140/1140
f 1140/1140/1140 1141/1141/1141 1142/1142/1142
f 1141/1141/1141 1143/1143/1143 1142/1142/1142
f 1142/1142/1142 1143/1143/1143 1144/1144/1144
f 1143/1143/1143 1145/1145/1145 1144/1144/1144
f 1144/1144/1144 1145/1145/1145 1146/1146/1146
f 1145/1145/1145 1147/1147/1147 1146/1146/1146
f 1146/1146/1146 1147/1147/1147 1148/1148/1148
f 1147/1147/1147 1149/1149/1149 1148/1148/1148
f 1148/1148/1148 1149/1149/1149 1150/1150/1150
f 1149/1149/1149 1151/1151/1151 1150/1150/1150
f 1150/1150/1150 1151/1151/1151 1152/1152/1152
f 1151/1151/1151 1153/1153/1153 1152/1152/1152
f 1152/1152/1152 1153/1153/1153 1154/1154/1154
f 1153/1153/1153 1155/1155/1155 1154/1154/1154
f 1154/1154/1154 1155/1155/1155 1156/1156/1156
f 1155/1155/1155 1157/1157/1157 1156/1156/1156
f 1156/1156/1156 1157/1157/1157 1158/1158/1158
f 1157/1157/1157 1159/1159/1159 1158/1158/1158
f 1158/1158/1158 1159/1159/1159 1160/1160/1160
f 1159/1159/1159 1161/1161/1161 1160/1160/1160
f 1160/1160/1160 1161/1161/1161 1162/1162/1162
f 1161/1161/1161 1163/1163/1163 1162/1162/1162
f 1162/1162/1162 1163/1163/1163 1164/1164/1164
f 1163/1163/1163 1165/1165/1165 1164/1164/1164
f 1164/1164/1164 1165/1165/1165 1166/1166/1166
f 1165/1165/1165 1167/1167/1167 1166/1166/1166
f 1166/1166/1166 1167/1167/1167 1168/1168/1168
f 1167/1167/1167 1169/1169/1169 1168/1168/1168
f 1168/1168/1168 1169/1169/1169 1170/1170/1170
f 1169/1169/1169 1171/1171/1171 1170/1170/1170
f 1170/1170/1170 1171/1171/1171 1172/1172/1172
f 1171/1171/1171 1173/1173/1173 1172/1172/1172
f 1172/1172/1172 1173/1173/1173 1174/1174/1174
f 1173/1173/1173 1175/1175/1175 1174/1174/1174
f 1174/1174/1174 1175/1175/1175 1176/1176/1176
f 1175/1175/1175 1177/1177/1177 1176/1176/1176
f 1176/1176/1176 1177/1177/1177 1178/1178/1178
f 1177/1177/1177 1179/1179/1179 1178/1178/1178
f 1178/1178/1178 1179/1179/1179 1180/1180/1180
f 1179/1179/1179 1181/1181/1181 1180/1180/1180
f 1180/1180/1180 1181/1181/1181 1182/1182/1182
f 1181/1181/1181 1183/1183/1183 1182/1182/1182
f 1182/1182/1182 1183/1183/1183 1184/1184/1184
f 1183/1183/1183 1185/1185/1185 1184/1184/1184
f 1184/1184/1184 1185/1185/1185 1186/1186/1186
f 1185/1185/1185 1187/1187/1187 1186/1186/1186
f 1186/1186/1186 1187/1187/1187 1188/1188/1188
f 1187/1187/1187 1189/1189/1189 1188/1188/1188
f 1188/1188/1188 1189/1189/1189 1190/1190/1190
f 1189/1189/1189 1191/1191/1191 1190/1190/1190
f 1190/1190/1190 1191/1191/1191 1192/1192/1192
f 1191/1191/1191 1193/1193/1193 1192/1192/1192
f 1192/1192/1192 1193/1193/1193 1194/1194/1194
f 1193/1193/1193 1195/1195/1195 1194/1194/1194
f 1194/1194/1194 1195/1195/1195 1196/1196/1196
f 1195/1195/1195 1197/1197/1197 1196/1196/1196
f 1196/1196/1196 1197/1197/1197 1198/1198/1198
f 1197/1197/1197 1199/1199/1199 1198/1198/1198
f 1198/1198/1198 1199/1199/1199 1200/1200/1200
f 1199/1199/1199 1201/1201/1201 1200/1200/1200
f 1200/1200/1200 1201/1201/1201 1202/1202/1202
f 1201/1201/1201 1203/1203/1203 1202/1202/1202
f 1202/1202/1202 1203/1203/1203 1204/1204/1204
f 1203/1203/1203 1205/1205/1205 1204/1204/1204
f 1204/1204/1204 1205/1205/1205 1206/1206/1206
f 1205/1205/1205 1207/1207/1207 1206/1206/1206
f 1206/1206/1206 1207/1207/1207 1208/1208/1208
f 1207/1207/1207 1209/1209/1209 1208/1208/1208
f 1208/1208/1208 1209/1209/1209 1210/1210/1210
f 1209/1209/1209 1211/1211/1211 1210/1210/1210
f 1210/1210/1210 1211/1211/1211 1212/1212/1212
f 1211/1211/1211 1213/1213/1213 1212/1212/1212
f 1212/1212/1212 1213/1213/1213 1214/1214/1214
f 1213/1213/1213 1215/1215/1215 1214/1214/1214
f 1214/1214/1214 1215/1215/1215 1216/1216/1216
f 1215/1215/1215 1217/1217/1217 1216/1216/1216
f 1216/1216/1216 1217/1217/1217 1218/1218/1218
f 1217/1217/1217 1219/1219/1219 1218/1218/1218
f 1218/1218/1218 1219/1219/1219 1220/1220/1220
f 1219/1219/1219 1221/1221/1221 1220/1220/1220
f 1220/1220/1220 1221/1221/1221 1222/1222/1222
f 1221/1221/1221 1223/1223/1223 1222/1222/1222
f 1222/1222/1222 1223/1223/1223 1224/1224/1224
f 1223/1223/1223 1225/1225/1225 1224/1224/1224
f 1224/1224/1224 1225/1225/1225 1226/1226/1226
f 1225/1225/1225 1227/1227/1227 1226/1226/1226
f 1226/1226/1226 1227/1227/1227 1228/1228/1228
f 1227/1227/1227 1229/1229/1229 1228/1228/1228
f 1228/1228/1228 1229/1229/1229 1230/1230/1230
f 1229/1229/1229 1231/1231/1231 1230/1230/1230
f 1230/1230/1230 1231/1231/1231 1232/1232/1232
f 1231/1231/1231 1233/1233/1233 1232/1232/1232
f 1232/1232/1232 1233/1233/1233 1234/1234/1234
f 1233/1233/1233 1235/1235/1235 1234/1234/1234
f 1234/1234/1234 1235/1235/1235 1236/1236/1236
f 1235/1235/1235 1237/1237/1237 1236/1236/1236
f 1236/1236/1236 1237/1237/1237 1238/1238/1238
f 1237/1237/1237 1239/1239/1239 1238/1238/1238
f 1238/1238/1238 1239/1239/1239 1240/1240/1240
f 1239/1239/1239 1241/1241/1241 1240/1240/1240
f 1240/1240/1240 1241/1241/1241 1242/1242/1242
f 1241/1241/1241 1243/1243/1243 1242/1242/1242
f 1242/1242/1242 1243/1243/1243 1244/1244/1244
f 1243/1243/1243 1245/1245/1245 1244/1244/1244
f 1244/1244/1244 1245/1245/1245 1246/1246/1246
f 1245/1245/1245 1247/1247/1247 1246/1246/1246
f 1246/1246/1246 1247/1247/1247 1248/1248/1248
f 1247/1247/1247 1249/1249/1249 1248/1248/1248
f 1248/1248/1248 1249/1249/1249 1250/1250/1250
f 1249/1249/1249 1251/1251/1251 1250/1250/1250
f 1250/1250/1250 1251/1251/1251 1252/1252/1252
f 1251/1251/1251 1253/1253/1253 1252/1252/1252
f 1252/1252/1252 1253/1253/1253 1254/1254/1254
f 1253/1253/1253 1255/1255/1255 1254/1254/1254
f 1254/1254/1254 1255/1255/1255 1256/1256/1256
f 1255/1255/1255 1257/1257/1257 1256/1256/1256
f 1256/1256/1256 1257/1257/1257 1258/1258/1258
f 1257/1257/1257 1259/1259/1259 1258/1258/1258
f 1258/1258/1258 1259/1259/1259 1260/1260/1260
f 1259/1259/1259 1261/1261/1261 1260/1260/1260
f 1260/1260/1260 1261/1261/1261 1262/1262/1262
f 1261/1261/1261 1263/1263/1263 1262/1262/1262
f 1262/1262/1262 1263/1263/1263 1264/1264/1264
f 1263/1263/1263 1265/1265/1265 1264/1264/1264
f 1264/1264/1264 1265/1265/1265 1266/1266/1266
f 1265/1265/1265 1267/1267/1267 1266/1266/1266
f 1266/1266/1266 1267/1267/1267 1268/1268/1268
f 1267/1267/1267 1269/1269/1269 1268/1268/1268
f 1268/1268/1268 1269/1269/1269 1270/1270/1270
f 1269/1269/1269 1271/1271/1271 1270/1270/1270
f 1270/1270/1270 1271/1271/1271 1272/1272/1272
f 1271/1271/1271 1273/1273/1273 1272/1272/1272
f 1272/1272/1272 1273/1273/1273 1274/1274/1274
f 1273/1273/1273 1275/1275/1275 1274/1274/1274
f 1274/1274/1274 1275/1275/1275 1276/1276/1276
f 1275/1275/1275 1277/1277/1277 1276/1276/1276
f 1276/1276/1276 1277/1277/1277 1278/1278/1278
f 1277/1277/1277 1279/1279/1279 1278/1278/1278
f 1278/1278/1278 1279/1279/1279 1280/1280/1280
f 1279/1279/1279 1281/1281/1281 1280/1280/1280
f 1280/1280/1280 1281/1281/1281 1282/1282/1282
f 1281/1281/1281 1283/1283/1283 1282/1282/1282
f 1282/1282/1282 1283/1283/1283 1284/1284/1284
f 1283/1283/1283 1285/1285/1285 1284/1284/1284
f 1284/1284/1284 1285/1285/1285 1286/1286/1286
f 1285/1285/1285 1287/1287/1287 1286/1286/1286
f 1286/1286/1286 1287/1287/1287 1288/1288/1288
f 1287/1287/1287 1289/1289/1289 1288/1288/1288
f 1288/1288/1288 1289/1289/1289 1290/1290/1290
f 1289/1289/1289 1291/1291/1291 1290/1290/1290
f 1290/1290/1290 1291/1291/1291 1292/1292/1292
f 1291/1291/1291 1293/1293/1293 1292/1292/1292
f 1292/1292/1292 1293/1293/1293 1294/1294/1294
f 1293/1293/1293 1295/1295/1295 1294/1294/1294
f 1294/1294/1294 1295/1295/1295 1296/1296/1296
f 1295/1295/1295 1297/1297/1297 1296/1296/1296
f 1296/1296/1296 1297/1297/1297 1298/1298/1298
f 1297/1297/1297 1299/1299/1299 1298/1298/1298
f 1298/1298/1298 1299/1299/1299 1300/1300/1300
f 1299/1299/1299 1301/1301/1301 1300/1300/1300
f 1300/1300/1300 1301/1301/1301 1302/1302/1302
f 1301/1301/1301 1303/1303/1303 1302/1302/1302
f 1302/1302/1302 1303/1303/1303 1304/1304/1304
f 1303/1303/1303 1305/1305/1305 1304/1304/1304
f 1304/1304/1304 1305/1305/1305 1306/1306/1306
f 1305/1305/1305 1307/1307/1307 1306/1306/1306
f 1306/1306/1306 1307/1307/1307 1308/1308/1308
f 1307/1307/1307 1309/1309/1309 1308/1308/1308
f 1308/1308/1308 1309/1309/1309 1310/1310/1310
f 1309/1309/1309 1311/1311/1311 1310/1310/1310
f 1310/1310/1310 1311/1311/1311 1312/1312/1312
f 1311/1311/1311 1313/1313/1313 1312/1312/1312
f 1312/1312/1312 1313/1313/1313 1314/1314/1314
f 1313/1313/1313 1315/1315/1315 1314/1314/1314
f 1314/1314/1314 1315/1315/1315 1316/1316/1316
f 1315/1315/1315 1317/1317/1317 1316/1316/1316
f 1316/1316/1316 1317/1317/1317 1318/1318/1318
f 1317/1317/1317 1319/1319/1319 1318/1318/1318
f 1318/1318/1318 1319/1319/1319 1320/1320/1320
f 1319/1319/1319 1321/1321/1321 1320/1320/1320
f 1320/1320/1320 1321/1321/1321 1322/1322/1322
f 1321/1321/1321 1323/1323/1323 1322/1322/1322
f 1322/1322/1322 1323/1323/1323 1324/1324/1324
f 1323/1323/1323 1325/1325/1325 1324/1324/1324
f 1324/1324/1324 1325/1325/1325 1326/1326/1326
f 1325/1325/1325 1327/1327/1327 1326/1326/1326
f 1326/1326/1326 1327/1327/1327 1328/1328/1328
f 1327/1327/1327 1329/1329/1329 1328/1328/1328
f 1328/1328/1328 1329/1329/1329 1330/1330/1330
f 1329/1329/1329 1331/1331/1331 1330/1330/1330
f 1330/1330/1330 1331/1331/1331 1332/1332/1332
f 1331/1331/1331 1333/1333/1333 1332/1332/1332
f 1332/1332/1332 1333/1333/1333 1334/1334/1334
f 1333/1333/1333 1335/1335/1335 1334/1334/1334
f 1334/1334/1334 1335/1335/1335 1336/1336/1336
f 1335/1335/1335 1337/1337/1337 1336/1336/1336
f 1336/1336/1336 1337/1337/1337 1338/1338/1338
f 1337/1337/1337 1339/1339/1339 1338/1338/1338
f 1338/1338/1338 1339/1339/1339 1340/1340/1340
f 1339/1339/1339 1341/1341/1341 1340/1340/1340
f 1340/1340/1340 1341/1341/1341 1342/1342/1342
f 1341/1341/1341 1343/1343/1343 1342/1342/1342
f 1342/1342/1342 1343/1343/1343 1344/1344/1344
f 1343/1343/1343 1345/1345/1345 1344/1344/1344
f 1344/1344/1344 1345/1345/1345 1346/1346/1346
f 1345/1345/1345 1347/1347/1347 1346/1346/1346
f 1346/1346/1346 1347/1347/1347 1348/1348/1348
f 1347/1347/1347 1349/1349/1349 1348/1348/1348
f 1348/1348/1348 1349/1349/1349 1350/1350/1350
f 1349/1349/1349 1351/1351/1351 1350/1350/1350
f 1350/1350/1350 1351/1351/1351 1352/1352/1352
f 1351/1351/1351 1353/1353/1353 1352/1352/1352
f 1352/1352/1352 1353/1353/1353 1354/1354/1354
f 1353/1353/1353 1355/1355/1355 1354/1354/1354
f 1354/1354/1354 1355/1355/1355 1356/1356/1356
f 1355/1355/1355 1357/1357/1357 1356/1356/1356
f 1356/1356/1356 1357/1357/1357 1358/1358/1358
f 1357/1357/1357 1359/1359/1359 1358/1358/1358
f 1358/1358/1358 1359/1359/1359 1360/1360/1360
f 1359/1359/1359 1361/1361/1361 1360/1360/1360
f 1360/1360/1360 1361/1361/1361 1362/1362/1362
f 1361/1361/1361 1363/1363/1363 1362/1362/1362
f 1362/1362/1362 1363/1363/1363 1364/1364/1364
f 1363/1363/1363 1365/1365/1365 1364/1364/1364
f 1364/1364/1364 1365/1365/1365 1366/1366/1366
f 1365/1365/1365 1367/1367/1367 1366/1366/1366
f 1366/1366/1366 1367/1367/1367 1368/1368/1368
f 1367/1367/1367 1369/1369/1369 1368/1368/1368
f 1368/1368/1368 1369/1369/1369 1370/1370/1370
f 1369/1369/1369 1371/1371/1371 1370/1370/1370
f 1370/1370/1370 1371/1371/1371 1372/1372/1372
f 1371/1371/1371 1373/1373/1373 1372/1372/1372
f 1372/1372/1372 1373/1373/1373 1374/1374/1374
f 1373/1373/1373 1375/1375/1375 1374/1374/1374
f 1374/1374/1374 1375/1375/1375 1376/1376/1376
f 1375/1375/1375 1377/1377/1377 1376/1376/1376
f 1376/1376/1376 1377/1377/1377 1378/1378/1378
f 1377/1377/1377 1379/1379/1379 1378/1378/1378
f 1378/1378/1378 1379/1379/1379 1380/1380/1380
f 1379/1379/1379 1381/1381/1381 1380/1380/1380
f 1380/1380/1380 1381/1381/1381 1382/1382/1382
f 1381/1381/1381 1383/1383/1383 1382/1382/1382
f 1382/1382/1382 1383/1383/1383 1384/1384/1384
f 1383/1383/1383 1385/1385/1385 1384/1384/1384
f 1384/1384/1384 1385/1385/1385 1386/1386/1386
f 1385/1385/1385 1387/1387/1387 1386/1386/1386
f 1386/1386/1386 1387/1387/1387 1388/1388/1388
f 1387/1387/1387 1389/1389/1389 1388/1388/1388
f 1388/1388/1388 1389/1389/1389 1390/1390/1390
f 1389/1389/1389 1391/1391/1391 1390/1390/1390
f 1390/1390/1390 1391/1391/1391 1392/1392/1392
f 1391/1391/1391 1393/1393/1393 1392/1392/1392
f 1392/1392/1392 1393/1393/1393 1394/1394/1394
f 1393/1393/1393 1395/1395/1395 1394/1394/1394
f 1394/1394/1394 1395/1395/1395 1396/1396/1396
f 1395/1395/1395 1397/1397/1397 1396/1396/1396
f 1396/1396/1396 1397/1397/1397 1398/1398/1398
f 1397/1397/1397 1399/1399/1399 1398/1398/1398
f 1398/1398/1398 1399/1399/1399 1400/1400/1400
f 1399/1399/1399 1401/1401/1401 1400/1400/1400
f 1400/1400/1400 1401/1401/1401 1402/1402/1402
f 1401/1401/1401 1403/1403/1403 1402/1402/1402
f 1402/1402/1402 1403/1403/1403 1404/1404/1404
f 1403/1403/1403 1405/1405/1405 1404/1404/1404
f 1404/1404/1404 1405/1405/1405 1406/1406/1406
f 1405/1405/1405 1407/1407/1407 1406/1406/1406
f 1406/1406/1406 1407/1407/1407 1408/1408/1408
f 1407/1407/1407 1409/1409/1409 1408/1408/1408
f 1408/1408/1408 1409/1409/1409 1410/1410/1410
f 1409/1409/1409 1411/1411/1411 1410/1410/1410
f 1410/1410/1410 1411/1411/1411 1412/1412/1412
f 1411/1411/1411 1413/1413/1413 1412/1412/1412
f 1412/1412/1412 1413/1413/1413 1414/1414/1414
f 1413/1413/1413 1415/1415/1415 1414/1414/1414
f 1414/1414/1414 1415/1415/1415 1416/1416/1416
f 1415/1415/1415 1417/1417/1417 1416/1416/1416
f 1416/1416/1416 1417/1417/1417 1418/1418/1418
f 1417/1417/1417 1419/1419/1419 1418/1418/1418
f 1418/1418/1418 1419/1419/1419 1420/1420/1420
f 1419/1419/1419 1421/1421/1421 1420/1420/1420
f 1420/1420/1420 1421/1421/1421 1422/1422/1422
f 1421/1421/1421 1423/1423/1423 1422/1422/1422
f 1422/1422/1422 1423/1423/1423 1424/1424/1424
f 1423/1423/1423 1425/1425/1425 1424/1424/1424
f 1424/1424/1424 1425/1425/1425 1426/1426/1426
f 1425/1425/1425 1427/1427/1427 1426/1426/1426
f 1426/1426/1426 1427/1427/1427 1428/1428/1428
f 1427/1427/1427 1429/1429/1429 1428/1428/1428
f 1428/1428/1428 1429/1429/1429 1430/1430/1430
f 1429/1429/1429 1431/1431/1431 1430/1430/1430
f 1430/1430/1430 1431/1431/1431 1432/1432/1432
f 1431/1431/1431 1433/1433/1433 1432/1432/1432
f 1432/1432/1432 1433/1433/1433 1434/1434/1434
f 1433/1433/1433 1435/1435/1435 1434/1434/1434
f 1434/1434/1434 1435/1435/1435 1436/1436/1436
f 1435/1435/1435 1437/1437/1437 1436/1436/1436
f 1436/1436/1436 1437/1437/1437 1438/1438/1438
f 1437/1437/1437 1439/1439/1439 1438/1438/1438
f 1438/1438/1438 1439/1439/1439 1440/1440/1440
f 1439/1439/1439 1441/1441/1441 1440/1440/1440
f 1440/1440/1440 1441/1441/1441 1442/1442/1442
f 1441/1441/1441 1443/1443/1443 1442/1442/1442
f 1442/1442/1442 1443/1443/1443 1444/1444/1444
f 1443/1443/1443 1445/1445/1445 1444/1444/1444
f 1444/1444/1444 1445/1445/1445 1446/1446/1446
f 1445/1445/1445 1447/1447/1447 1446/1446/1446
f 1446/1446/1446 1447/1447/1447 1448/1448/1448
f 1447/1447/1447 1449/1449/1449 1448/1448/1448
f 1448/1448/1448 1449/1449/1449 1450/1450/1450
f 1449/1449/1449 1451/1451/1451 1450/1450/1450
f 1450/1450/1450 1451/1451/1451 1452/1452/1452
f 1451/1451/1451 1453/1453/1453 1452/1452/1452
f 1452/1452/1452 1453/1453/1453 1454/1454/1454
f 1453/1453/1453 1455/1455/1455 1454/1454/1454
f 1454/1454/1454 1455/1455/1455 1456/1456/1456
f 1455/1455/1455 1457/1457/1457 1456/1456/1456
f 1456/1456/1456 1457/1457/1457 1458/1458/1458
f 1457/1457/1457 1459/1459/1459 1458/1458/1458
f 1458/1458/1458 1459/1459/1459 1460/1460/1460
f 1459/1459/1459 1461/1461/1461 1460/1460/1460
f 1460/1460/1460 1461/1461/1461 1462/1462/1462
f 1461/1461/1461 1463/1463/1463 1462/1462/1462
f 1462/1462/1462 1463/1463/1463 1464/1464/1464
f 1463/1463/1463 1465/1465/1465 1464/1464/1464
f 1464/1464/1464 1465/1465/1465 1466/1466/1466
f 1465/1465/1465 1467/1467/1467 1466/1466/1466
f 1466/1466/1466 1467/1467/1467 1468/1468/1468
f 1467/1467/1467 1469/1469/1469 1468/1468/1468
f 1468/1468/1468 1469/1469/1469 1470/1470/1470
f 1469/1469/1469 1471/1471/1471 1470/1470/1470
f 1470/1470/1470 1471/1471/1471 1472/1472/1472
f 1471/1471/1471 1473/1473/1473 1472/1472/1472
f 1472/1472/1472 1473/1473/1473 1474/1474/1474
f 1473/1473/1473 1475/1475/1475 1474/1474/1474
f 1474/1474/1474 1475/1475/1475 1476/1476/1476
f 1475/1475/1475 1477/1477/1477 1476/1476/1476
f 1476/1476/1476 1477/1477/1477 1478/1478/1478
f 1477/1477/1477 1479/1479/1479 1478/1478/1478
f 1478/1478/1478 1479/1479/1479 1480/1480/1480
f 1479/1479/1479 1481/1481/1481 1480/1480/1480
f 1480/1480/1480 1481/1481/1481 1482/1482/1482
f 1481/1481/1481 1483/1483/1483 1482/1482/1482
f 1482/1482/1482 1483/1483/1483 1484/1484/1484
f 1483/1483/1483 1485/1485/1485 1484/1484/1484
f 1484/1484/1484 1485/1485/1485 1486/1486/1486
f 1485/1485/1485 1487/1487/1487 1486/1486/1486
f 1486/1486/1486 1487/1487/1487 1488/1488/1488
f 1487/1487/1487 1489/1489/1489 1488/1488/1488
f 1488/1488/1488 1489/1489/1489 1490/1490/1490
f 1489/1489/1489 1491/1491/1491 1490/1490/1490
f 1490/1490/1490 1491/1491/1491 1492/1492/1492
f 1491/1491/1491 1493/1493/1493 1492/1492/1492
f 1492/1492/1492 1493/1493/1493 1494/1494/1494
f 1493/1493/1493 1495/1495/1495 1494/1494/1494
f 1494/1494/1494 1495/1495/1495 1496/1496/1496
f 1495/1495/1495 1497/1497/1497 1496/1496/1496
f 1496/1496/1496 1497/1497/1497 1498/1498/1498
f 1497/1497/1497 1499/1499/1499 1498/1498/1498
f 1498/1498/1498 1499/1499/1499 1500/1500/1500
f 1499/1499/1499 1501/1501/1501 1500/1500/1500
f 1500/1500/1500 1501/1501/1501 1502/1502/1502
f 1501/1501/1501 1503/1503/1503 1502/1502/1502
f 1502/1502/1502 1503/1503/1503 1504/1504/1504
f 1503/1503/1503 1505/1505/1505 1504/1504/1504
f 1504/1504/1504 1505/1505/1505 1506/1506/1506
f 1505/1505/1505 1507/1507/1507 1506/1506/1506
f 1506/1506/1506 1507/1507/1507 1508/1508/1508
f 1507/1507/1507 1509/1509/1509 1508/1508/1508
f 1508/1508/1508 1509/1509/1509 1510/1510/1510
f 1509/1509/1509 1511/1511/1511 1510/1510/1510
f 1510/1510/1510 1511/1511/1511 1512/1512/1512
f 1511/1511/1511 1513/1513/1513 1512/1512/1512
f 1512/1512/1512 1513/1513/1513 1514/1514/1514
f 1513/1513/1513 1515/1515/1515 1514/1514/1514
f 1514/1514/1514 1515/1515/1515 1516/1516/1516
f 1515/1515/1515 1517/1517/1517 1516/1516/1516
f 1516/1516/1516 1517/1517/1517 1518/1518/1518
f 1517/1517/1517 1519/1519/1519 1518/1518/1518
f 1518/1518/1518 1519/1519/1519 1520/1520/1520
f 1519/1519/1519 1521/1521/1521 1520/1520/1520
f 1520/1520/1520 1521/1521/1521 1522/1522/1522
f 1521/1521/1521 1523/1523/1523 1522/1522/1522
f 1522/1522/1522 1523/1523/1523 1524/1524/1524
f 1523/1523/1523 1525/1525/1525 1524/1524/1524
f 1524/1524/1524 1525/1525/1525 1526/1526/1526
f 1525/1525/1525 1527/1527/1527 1526/1526/1526
f 1526/1526/1526 1527/1527/1527 1528/1528/1528
f 1527/1527/1527 1529/1529/1529 1528/1528/1528
f 1528/1528/1528 1529/1529/1529 1530/1530/1530
f 1529/1529/1529 1531/1531/1531 1530/1530/1530
f 1530/1530/1530 1531/1531/1531 1532/1532/1532
f 1531/1531/1531 1533/1533/1533 1532/1532/1532
f 1532/1532/1532 1533/1533/1533 1534/1534/1534
f 1533/1533/1533 1535/1535/1535 1534/1534/1534
f 1534/1534/1534 1535/1535/1535 1536/1536/1536
f 1535/1535/1535 1537/1537/1537 1536/1536/1536
f 1536/1536/1536 1537/1537/1537 1538/1538/1538
f 1537/1537/1537 1539/1539/1539 1538/1538/1538
f 1538/1538/1538 1539/1539/1539 1540/1540/1540
f 1539/1539/1539 1541/1541/1541 1540/1540/1540
f 1540/1540/1540 1541/1541/1541 1542/1542/1542
f 1541/1541/1541 1543/1543/1543 1542/1542/1542
f 1542/1542/1542 1543/1543/1543 1544/1544/1544
f 1543/1543/1543 1545/1545/1545 1544/1544/1544
f 1544/1544/1544 1545/1545/1545 1546/1546/1546
f 1545/1545/1545 1547/1547/1547 1546/1546/1546
f 1546/1546/1546 1547/1547/1547 1548/1548/1548
f 1547/1547/1547 1549/1549/1549 1548/1548/1548
f 1548/1548/1548 1549/1549/1549 1550/1550/1550
f 1549/1549/1549 1551/1551/1551 1550/1550/1550
f 1550/1550/1550 1551/1551/1551 1552/1552/1552
f 1551/1551/1551 1553/1553/1553 1552/1552/1552
f 1552/1552/1552 1553/1553/1553 1554/1554/1554
f 1553/1553/1553 1555/1555/1555 1554/1554/1554
f 1554/1554/1554 1555/1555/1555 1556/1556/1556
f 1555/1555/1555 1557/1557/1557 1556/1556/1556
f 1556/1556/1556 1557/1557/1557 1558/1558/1558
f 1557/1557/1557 1559/1559/1559 1558/1558/1558
f 1558/1558/1558 1559/1559/1559 1560/1560/1560
f 1559/1559/1559 1561/1561/1561 1560/1560/1560
f 1560/1560/1560 1561/1561/1561 1562/1562/1562
f 1561/1561/1561 1563/1563/1563 1562/1562/1562
f 1562/1562/1562 1563/1563/1563 1564/1564/1564
f 1563/1563/1563 1565/1565/1565 1564/1564/1564
f 1564/1564/1564 1565/1565/1565 1566/1566/1566
f 1565/1565/1565 1567/1567/1567 1566/1566/1566
f 1566/1566/1566 1567/1567/1567 1568/1568/1568
f 1567/1567/1567 1569/1569/1569 1568/1568/1568
f 1568/1568/1568 1569/1569/1569 1570/1570/1570
f 1569/1569/1569 1571/1571/1571 1570/1570/1570
f 1570/1570/1570 1571/1571/1571 1572/1572/1572
f 1571/1571/1571 1573/1573/1573 1572/1572/1572
f 1572/1572/1572 1573/1573/1573 1574/1574/1574
f 1573/1573/1573 1575/1575/1575 1574/1574/1574
f 1574/1574/1574 1575/1575/1575 1576/1576/1576
f 1575/1575/1575 1577/1577/1577 1576/1576/1576
f 1576/1576/1576 1577/1577/1577 1578/1578/1578
f 1577/1577/1577 1579/1579/1579 1578/1578/1578
f 1578/1578/1578 1579/1579/1579 1580/1580/1580
f 1579/1579/1579 1581/1581/1581 1580/1580/1580
f 1580/1580/1580 1581/1581/1581 1582/1582/1582
f 1581/1581/1581 1583/1583/1583 1582/1582/1582
f 1582/1582/1582 1583/1583/1583 1584/1584/1584
f 1583/1583/1583 1585/1585/1585 1584/1584/1584
f 1584/1584/1584 1585/1585/1585 1586/1586/1586
f 1585/1585/1585 1587/1587/1587 1586/1586/1586
f 1586/1586/1586 1587/1587/1587 1588/1588/1588
f 1587/1587/1587 1589/1589/1589 1588/1588/1588
f 1588/1588/1588 1589/1589/1589 1590/1590/1590
f 1589/1589/1589 1591/1591/1591 1590/1590/1590
f 1590/1590/1590 1591/1591/1591 1592/1592/1592
f 1591/1591/1591 1593/1593/1593 1592/1592/1592
f 1592/1592/1592 1593/1593/1593 1594/1594/1594
f 1593/1593/1593 1595/1595/1595 1594/1594/1594
f 1594/1594/1594 1595/1595/1595 1596/1596/1596
f 1595/1595/1595 1597/1597/1597 1596/1596/1596
f 1596/1596/1596 1597/1597/1597 1598/1598/1598
f 1597/1597/1597 1599/1599/1599 1598/1598/1598
f 1598/1598/1598 1599/1599/1599 1600/1600/1600
f 1599/1599/1599 1601/1601/1601 1600/1600/1600
f 1600/1600/1600 1601/1601/1601 1602/1602/1602
f 1601/1601/1601 1603/1603/1603 1602/1602/1602
f 1602/1602/1602 1603/1603/1603 1604/1604/1604
f 1603/1603/1603 1605/1605/1605 1604/1604/1604
f 1604/1604/1604 1605/1605/1605 1606/1606/1606
f 1605/1605/1605 1607/1607/1607 1606/1606/1606
f 1606/1606/1606 1607/1607/1607 1608/1608/1608
f 1607/1607/1607 1609/1609/1609 1608/1608/1608
f 1608/1608/1608 1609/1609/1609 1610/1610/1610
f 1609/1609/1609 1611/1611/1611 1610/1610/1610
f 1610/1610/1610 1611/1611/1611 1612/1612/1612
f 1611/1611/1611 1613/1613/1613 1612/1612/1612
f 1612/1612/1612 1613/1613/1613 1614/1614/1614
f 1613/1613/1613 1615/1615/1615 1614/1614/1614
f 1614/1614/1614 1615/1615/1615 1616/1616/1616
f 1615/1615/1615 1617/1617/1617 1616/1616/1616
f 1616/1616/1616 1617/1617/1617 1618/1618/1618
f 1617/1617/1617 1619/1619/1619 1618/1618/1618
f 1618/1618/1618 1619/1619/1619 1620/1620/1620
f 1619/1619/1619 1621/1621/1621 1620/1620/1620
f 1620/1620/1620 1621/1621/1621 1622/1622/1622
f 1621/1621/1621 1623/1623/1623 1622/1622/1622
f 1622/1622/1622 1623/1623/1623 1624/1624/1624
f 1623/1623/1623 1625/1625/1625 1624/1624/1624
f 1624/1624/1624 1625/1625/1625 1626/1626/1626
f 1625/1625/1625 1627/1627/1627 1626/1626/1626
f 1626/1626/1626 1627/1627/1627 1628/1628/1628
f 1627/1627/1627 1629/1629/1629 1628/1628/1628
f 1628/1628/1628 1629/1629/1629 1630/1630/1630
f 1629/1629/1629 1631/1631/1631 1630/1630/1630
f 1630/1630/1630 1631/1631/1631 1632/1632/1632
f 1631/1631/1631 1633/1633/1633 1632/1632/1632
f 1632/1632/1632 1633/1633/1633 1634/1634/1634
f 1633/1633/1633 1635/1635/1635 1634/1634/1634
f 1634/1634/1634 1635/1635/1635 1636/1636/1636
f 1635/1635/1635 1637/1637/1637 1636/1636/1636
f 1636/1636/1636 1637/1637/1637 1638/1638/1638
f 1637/1637/1637 1639/1639/1639 1638/1638/1638
f 1638/1638/1638 1639/1639/1639 1640/1640/1640
f 1639/1639/1639 1641/1641/1641 1640/1640/1640
f 1640/1640/1640 1641/1641/1641 1642/1642/1642
f 1641/1641/1641 1643/1643/1643 1642/1642/1642
f 1642/1642/1642 1643/1643/1643 1644/1644/1644
f 1643/1643/1643 1645/1645/1645 1644/1644/1644
f 1644/1644/1644 1645/1645/1645 1646/1646/1646
f 1645/1645/1645 1647/1647/1647 1646/1646/1646
f 1646/1646/1646 1647/1647/1647 1648/1648/1648
f 1647/1647/1647 1649/1649/1649 1648/1648/1648
f 1648/1648/1648 1649/1649/1649 1650/1650/1650
f 1649/1649/1649 1651/1651/1651 1650/1650/1650
f 1650/1650/1650 1651/1651/1651 1652/1652/1652
f 1651/1651/1651 1653/1653/1653 1652/1652/1652
f 1652/1652/1652 1653/1653/1653 1654/1654/1654
f 1653/1653/1653 1655/1655/1655 1654/1654/1654
f 1654/1654/1654 1655/1655/1655 1656/1656/1656
f 1655/1655/1655 1657/1657/1657 1656/1656/1656
f 1656/1656/1656 1657/1657/1657 1658/1658/1658
f 1657/1657/1657 1659/1659/1659 1658/1658/1658
f 1658/1658/1658 1659/1659/1659 1660/1660/1660
f 1659/1659/1659 1661/1661/1661 1660/1660/1660
f 1660/1660/1660 1661/1661/1661 1662/1662/1662
f 1661/1661/1661 1663/1663/1663 1662/1662/1662
f 1662/1662/1662 1663/1663/1663 1664/1664/1664
f 1663/1663/1663 1665/1665/1665 1664/1664/1664
f 1664/1664/1664 1665/1665/1665 1666/1666/1666
f 1665/1665/1665 1667/1667/1667 1666/1666/1666
f 1666/1666/1666 1667/1667/1667 1668/1668/1668
f 1667/1667/1667 1669/1669/1669 1668/1668/1668
f 1668/1668/1668 1669/1669/1669 1670/1670/1670
f 1669/1669/1669 1671/1671/1671 1670/1670/1670
f 1670/1670/1670 1671/1671/1671 1672/1672/1672
f 1671/1671/1671 1673/1673/1673 1672/1672/1672
f 1672/1672/1672 1673/1673/1673 1674/1674/1674
f 1673/1673/1673 1675/1675/1675 1674/1674/1674
f 1674/1674/1674 1675/1675/1675 1676/1676/1676
f 1675/1675/1675 1677/1677/1677 1676/1676/1676
f 1676/1676/1676 1677/1677/1677 1678/1678/1678
f 1677/1677/1677 1679/1679/1679 1678/1678/1678
f 1678/1678/1678 1679/1679/1679 1680/1680/1680
f 1679/1679/1679 1681/1681/1681 1680/1680/1680
f 1680/1680/1680 1681/1681/1681 1682/1682/1682
f 1681/1681/1681 1683/1683/1683 1682/1682/1682
f 1682/1682/1682 1683/1683/1683 1684/1684/1684
f 1683/1683/1683 1685/1685/1685 1684/1684/1684
f 1684/1684/1684 1685/1685/1685 1686/1686/1686
f 1685/1685/1685 1687/1687/1687 1686/1686/1686
f 1686/1686/1686 1687/1687/1687 1688/1688/1688
f 1687/1687/1687 1689/1689/1689 1688/1688/1688
f 1688/1688/1688 1689/1689/1689 1690/1690/1690
f 1689/1689/1689 1691/1691/1691 1690/1690/1690
f 1690/1690/1690 1691/1691/1691 1692/1692/1692
f 1691/1691/1691 1693/1693/1693 1692/1692/1692
f 1692/1692/1692 1693/1693/1693 1694/1694/1694
f 1693/1693/1693 1695/1695/1695 1694/1694/1694
f 1694/1694/1694 1695/1695/1695 1696/1696/1696
f 1695/1695/1695 1697/1697/1697 1696/1696/1696
f 1696/1696/1696 1697/1697/1697 1698/1698/1698
f 1697/1697/1697 1699/1699/1699 1698/1698/1698
f 1698/1698/1698 1699/1699/1699 1700/1700/1700
f 1699/1699/1699 1701/1701/1701 1700/1700/1700
f 1700/1700/1700 1701/1701/1701 1702/1702/1702
f 1701/1701/1701 1703/1703/1703 1702/1702/1702
f 1702/1702/1702 1703/1703/1703 1704/1704/1704
f 1703/1703/1703 1705/1705/1705 1704/1704/1704
f 1704/1704/1704 1705/1705/1705 1706/1706/1706
f 1705/1705/1705 1707/1707/1707 1706/1706/1706
f 1706/1706/1706 1707/1707/1707 1708/1708/1708
f 1707/1707/1707 1709/1709/1709 1708/1708/1708
f 1708/1708/1708 1709/1709/1709 1710/1710/1710
f 1709/1709/1709 1711/1711/1711 1710/1710/1710
f 1710/1710/1710 1711/1711/1711 1712/1712/1712
f 1711/1711/1711 1713/1713/1713 1712/1712/1712
f 1712/1712/1712 1713/1713/1713 1714/1714/1714
f 1713/1713/1713 1715/1715/1715 1714/1714/1714
f 1714/1714/1714 1715/1715/1715 1716/1716/1716
f 1715/1715/1715 1717/1717/1717 1716/1716/1716
f 1716/1716/1716 1717/1717/1717 1718/1718/1718
f 1717/1717/1717 1719/1719/1719 1718/1718/1718
f 1718/1718/1718 1719/1719/1719 1720/1720/1720
f 1719/1719/1719 1721/1721/1721 1720/1720/1720
f 1720/1720/1720 1721/1721/1721 1722/1722/1722
f 1721/1721/1721 1723/1723/1723 1722/1722/1722
f 1722/1722/1722 1723/1723/1723 1724/1724/1724
f 1723/1723/1723 1725/1725/1725 1724/1724/1724
f 1724/1724/1724 1725/1725/1725 1726/1726/1726
f 1725/1725/1725 1727/1727/1727 1726/1726/1726
f 1726/1726/1726 1727/1727/1727 1728/1728/1728
f 1727/1727/1727 1729/1729/1729 1728/1728/1728
f 1728/1728/1728 1729/1729/1729 1730/1730/1730
f 1729/1729/1729 1731/1731/1731 1730/1730/1730
f 1730/1730/1730 1731/1731/1731 1732/1732/1732
f 1731/1731/1731 1733/1733/1733 1732/1732/1732
f 1732/1732/1732 1733/1733/1733 1734/1734/1734
f 1733/1733/1733 1735/1735/1735 1734/1734/1734
f 1734/1734/1734 1735/1735/1735 1736/1736/1736
f 1735/1735/1735 1737/1737/1737 1736/1736/1736
f 1736/1736/1736 1737/1737/1737 1738/1738/1738
f 1737/1737/1737 1739/1739/1739 1738/1738/1738
f 1738/1738/1738 1739/1739/1739 1740/1740/1740
f 1739/1739/1739 1741/1741/1741 1740/1740/1740
f 1740/1740/1740 1741/1741/1741 1742/1742/1742
f 1741/1741/1741 1743/1743/1743 1742/1742/1742
f 1742/1742/1742 1743/1743/1743 1744/1744/1744
f 1743/1743/1743 1745/1745/1745 1744/1744/1744
f 1744/1744/1744 1745/1745/1745 1746/1746/1746
f 1745/1745/1745 1747/1747/1747 1746/1746/1746
f 1746/1746/1746 1747/1747/1747 1748/1748/1748
f 1747/1747/1747 1749/1749/1749 1748/1748/1748
f 1748/1748/1748 1749/1749/1749 1750/1750/1750
f 1749/1749/1749 1751/1751/1751 1750/1750/1750
f 1750/1750/1750 1751/1751/1751 1752/1752/1752
f 1751/1751/1751 1753/1753/1753 1752/1752/1752
f 1752/1752/1752 1753/1753/1753 1754/1754/1754
f 1753/1753/1753 1755/1755/1755 1754/1754/1754
f 1754/1754/1754 1755/1755/1755 1756/1756/1756
f 1755/1755/1755 1757/1757/1757 1756/1756/1756
f 1756/1756/1756 1757/1757/1757 1758/1758/1758
f 1757/1757/1757 1759/1759/1759 1758/1758/1758
f 1758/1758/1758 1759/1759/1759 1760/1760/1760
f 1759/1759/1759 1761/1761/1761 1760/1760/1760
f 1760/1760/1760 1761/1761/1761 1762/1762/1762
f 1761/1761/1761 1763/1763/1763 1762/1762/1762
f 1762/1762/1762 1763/1763/1763 1764/1764/1764
f 1763/1763/1763 1765/1765/1765 1764/1764/1764
f 1764/1764/1764 1765/1765/1765 1766/1766/1766
f 1765/1765/1765 1767/1767/1767 1766/1766/1766
f 1766/1766/1766 1767/1767/1767 1768/1768/1768
f 1767/1767/1767 1769/1769/1769 1768/1768/1768
f 1768/1768/1768 1769/1769/1769 1770/1770/1770
f 1769/1769/1769 1771/1771/1771 1770/1770/1770
f 1770/1770/1770 1771/1771/1771 1772/1772/1772
f 1771/1771/1771 1773/1773/1773 1772/1772/1772
f 1772/1772/1772 1773/1773/1773 1774/1774/1774
f 1773/1773/1773 1775/1775/1775 1774/1774/1774
f 1774/1774/1774 1775/1775/1775 1776/1776/1776
f 1775/1775/1775 1777/1777/1777 1776/1776/1776
f 1776/1776/1776 1777/1777/1777 1778/1778/1778
f 1777/1777/1777 1779/1779/1779 1778/1778/1778
f 1778/1778/1778 1779/1779/1779 1780/1780/1780
f 1779/1779/1779 1781/1781/1781 1780/1780/1780
f 1780/1780/1780 1781/1781/1781 1782/1782/1782
f 1781/1781/1781 1783/1783/1783 1782/1782/1782
f 1782/1782/1782 1783/1783/1783 1784/1784/1784
f 1783/1783/1783 1785/1785/1785 1784/1784/1784
f 1784/1784/1784 1785/1785/1785 1786/1786/1786
f 1785/1785/1785 1787/1787/1787 1786/1786/1786
f 1786/1786/1786 1787/1787/1787 1788/1788/1788
f 1787/1787/1787 1789/1789/1789 1788/1788/1788
f 1788/1788/1788 1789/1789/1789 1790/1790/1790
f 1789/1789/1789 1791/1791/1791 1790/1790/1790
f 1790/1790/1790 1791/1791/1791 1792/1792/1792
f 1791/1791/1791 1793/1793/1793 1792/1792/1792
f 1792/1792/1792 1793/1793/1793 1794/1794/1794
f 1793/1793/1793 1795/1795/1795 1794/1794/1794
f 1794/1794/1794 1795/1795/1795 1796/1796/1796
f 1795/1795/1795 1797/1797/1797 1796/1796/1796
f 1796/1796/1796 1797/1797/1797 1798/1798/1798
f 1797/1797/1797 1799/1799/1799 1798/1798/1798
f 1798/1798/1798 1799/1799/1799 1800/1800/1800
f 1799/1799/1799 1801/1801/1801 1800/1800/1800
f 1800/1800/1800 1801/1801/1801 1802/1802/1802
f 1801/1801/1801 1803/1803/1803 1802/1802/1802
f 1802/1802/1802 1803/1803/1803 1804/1804/1804
f 1803/1803/1803 1805/1805/1805 1804/1804/1804
f 1804/1804/1804 1805/1805/1805 1806/1806/1806
f 1805/1805/1805 1807/1807/1807 1806/1806/1806
f 1806/1806/1806 1807/1807/1807 1808/1808/1808
f 1807/1807/1807 1809/1809/1809 1808/1808/1808
f 1808/1808/1808 1809/1809/1809 1810/1810/1810
f 1809/1809/1809 1811/1811/1811 1810/1810/1810
f 1810/1810/1810 1811/1811/1811 1812/1812/1812
f 1811/1811/1811 1813/1813/1813 1812/1812/1812
f 1812/1812/1812 1813/1813/1813 1814/1814/1814
f 1813/1813/1813 1815/1815/1815 1814/1814/1814
f 1814/1814/1814 1815/1815/1815 1816/1816/1816
f 1815/1815/1815 1817/1817/1817 1816/1816/1816
f 1816/1816/1816 1817/1817/1817 1818/1818/1818
f 1817/1817/1817 1819/1819/1819 1818/1818/1818
f 1818/1818/1818 1819/1819/1819 1820/1820/1820
f 1819/1819/1819 1821/1821/1821 1820/1820/1820
f 1820/1820/1820 1821/1821/1821 1822/1822/1822
f 1821/1821/1821 1823/1823/1823 1822/1822/1822
f 1822/1822/1822 1823/1823/1823 1824/1824/1824
f 1823/1823/1823 1825/1825/1825 1824/1824/1824
f 1824/1824/1824 1825/1825/1825 1826/1826/1826
f 1825/1825/1825 1827/1827/1827 1826/1826/1826
f 1826/1826/1826 1827/1827/1827 1828/1828/1828
f 1827/1827/1827 1829/1829/1829 1828/1828/1828
f 1828/1828/1828 1829/1829/1829 1830/1830/1830
f 1829/1829/1829 1831/1831/1831 1830/1830/1830
f 1830/1830/1830 1831/1831/1831 1832/1832/1832
f 1831/1831/1831 1833/1833/1833 1832/1832/1832
f 1832/1832/1832 1833/1833/1833 1834/1834/1834
f 1833/1833/1833 1835/1835/1835 1834/1834/1834
f 1834/1834/1834 1835/1835/1835 1836/1836/1836
f 1835/1835/1835 1837/1837/1837 1836/1836/1836
f 1836/1836/1836 1837/1837/1837 1838/1838/1838
f 1837/1837/1837 1839/1839/1839 1838/1838/1838
f 1838/1838/1838 1839/1839/1839 1840/1840/1840
f 1839/1839/1839 1841/1841/1841 1840/1840/1840
f 1840/1840/1840 1841/1841/1841 1842/1842/1842
f 1841/1841/1841 1843/1843/1843 1842/1842/1842
f 1842/1842/1842 1843/1843/1843 1844/1844/1844
f 1843/1843/1843 1845/1845/1845 1844/1844/1844
f 1844/1844/1844 1845/1845/1845 1846/1846/1846
f 1845/1845/1845 1847/1847/1847 1846/1846/1846
f 1846/1846/1846 1847/1847/1847 1848/1848/1848
f 1847/1847/1847 1849/1849/1849 1848/1848/1848
f 1848/1848/1848 1849/1849/1849 1850/1850/1850
f 1849/1849/1849 1851/1851/1851 1850/1850/1850
f 1850/1850/1850 1851/1851/1851 1852/1852/1852
f 1851/1851/1851 1853/1853/1853 1852/1852/1852
f 1852/1852/1852 1853/1853/1853 1854/1854/1854
f 1853/1853/1853 1855/1855/1855 1854/1854/1854
f 1854/1854/1854 1855/1855/1855 1856/1856/1856
f 1855/1855/1855 1857/1857/1857 1856/1856/1856
f 1856/1856/1856 1857/1857/1857 1858/1858/1858
f 1857/1857/1857 1859/1859/1859 1858/1858/1858
f 1858/1858/1858 1859/1859/1859 1860/1860/1860
f 1859/1859/1859 1861/1861/1861 1860/1860/1860
f 1860/1860/1860 1861/1861/1861 1862/1862/1862
f 1861/1861/1861 1863/1863/1863 1862/1862/1862
f 1862/1862/1862 1863/1863/1863 1864/1864/1864
f 1863/1863/1863 1865/1865/1865 1864/1864/1864
f 1864/1864/1864 1865/1865/1865 1866/1866/1866
f 1865/1865/1865 1867/1867/1867 1866/1866/1866
f 1866/1866/1866 1867/1867/1867 1868/1868/1868
f 1867/1867/1867 1869/1869/1869 1868/1868/1868
f 1868/1868/1868 1869/1869/1869 1870/1870/1870
f 1869/1869/1869 1871/1871/1871 1870/1870/1870
f 1870/1870/1870 1871/1871/1871 1872/1872/1872
f 1871/1871/1871 1873/1873/1873 1872/1872/1872
f 1872/1872/1872 1873/1873/1873 1874/1874/1874
f 1873/1873/1873 1875/1875/1875 1874/1874/1874
f 1874/1874/1874 1875/1875/1875 1876/1876/1876
f 1875/1875/1875 1877/1877/1877 1876/1876/1876
f 1876/1876/1876 1877/1877/1877 1878/1878/1878
f 1877/1877/1877 1879/1879/1879 1878/1878/1878
f 1878/1878/1878 1879/1879/1879 1880/1880/1880
f 1879/1879/1879 1881/1881/1881 1880/1880/1880
f 1880/1880/1880 1881/1881/1881 1882/1882/1882
f 1881/1881/1881 1883/1883/1883 1882/1882/1882
f 1882/1882/1882 1883/1883/1883 1884/1884/1884
f 1883/1883/1883 1885/1885/1885 1884/1884/1884
f 1884/1884/1884 1885/1885/1885 1886/1886/1886
f 1885/1885/1885 1887/1887/1887 1886/1886/1886
f 1886/1886/1886 1887/1887/1887 1888/1888/1888
f 1887/1887/1887 1889/1889/1889 1888/1888/1888
f 1888/1888/1888 1889/1889/1889 1890/1890/1890
f 1889/1889/1889 1891/1891/1891 1890/1890/1890
f 1890/1890/1890 1891/1891/1891 1892/1892/1892
f 1891/1891/1891 1893/1893/1893 1892/1892/1892
f 1892/1892/1892 1893/1893/1893 1894/1894/1894
f 1893/1893/1893 1895/1895/1895 1894/1894/1894
f 1894/1894/1894 1895/1895/1895 1896/1896/1896
f 1895/1895/1895 1897/1897/1897 1896/1896/1896
f 1896/1896/1896 1897/1897/1897 1898/1898/1898
f 1897/1897/1897 1899/1899/1899 1898/1898/1898
f 1898/1898/1898 1899/1899/1899 1900/1900/1900
f 1899/1899/1899 1901/1901/1901 1900/1900/1900
f 1900/1900/1900 1901/1901/1901 1902/1902/1902
f 1901/1901/1901 1903/1903/1903 1902/1902/1902
f 1902/1902/1902 1903/1903/1903 1904/1904/1904
f 1903/1903/1903 1905/1905/1905 1904/1904/1904
f 1904/1904/1904 1905/1905/1905 1906/1906/1906
f 1905/1905/1905 1907/1907/1907 1906/1906/1906
f 1906/1906/1906 1907/1907/1907 1908/1908/1908
f 1907/1907/1907 1909/1909/1909 1908/1908/1908
f 1908/1908/1908 1909/1909/1909 1910/1910/1910
f 1909/1909/1909 1911/1911/1911 1910/1910/1910
f 1910/1910/1910 1911/1911/1911 1912/1912/1912
f 1911/1911/1911 1913/1913/1913 1912/1912/1912
f 1912/1912/1912 1913/1913/1913 1914/1914/1914
f 1913/1913/1913 1915/1915/1915 1914/1914/1914
f 1914/1914/1914 1915/1915/1915 1916/1916/1916
f 1915/1915/1915 1917/1917/1917 1916/1916/1916
f 1916/1916/1916 1917/1917/1917 1918/1918/1918
f 1917/1917/1917 1919/1919/1919 1918/1918/1918
f 1918/1918/1918 1919/1919/1919 1920/1920/1920
f 1919/1919/1919 1921/1921/1921 1920/1920/1920
f 1920/1920/1920 1921/1921/1921 1922/1922/1922
f 1921/1921/1921 1923/1923/1923 1922/1922/1922
f 1922/1922/1922 1923/1923/1923 1924/1924/1924
f 1923/1923/1923 1925/1925/1925 1924/1924/1924
f 1924/1924/1924 1925/1925/1925 1926/1926/1926
f 1925/1925/1925 1927/1927/1927 1926/1926/1926
f 1926/1926/1926 1927/1927/1927 1928/1928/1928
f 1927/1927/1927 1929/1929/1929 1928/1928/1928
f 1928/1928/1928 1929/1929/1929 1930/1930/1930
f 1929/1929/1929 1931/1931/1931 1930/1930/1930
f 1930/1930/1930 1931/1931/1931 1932/1932/1932
f 1931/1931/1931 1933/1933/1933 1932/1932/1932
f 1932/1932/1932 1933/1933/1933 1934/1934/1934
f 1933/1933/1933 1935/1935/1935 1934/1934/1934
f 1934/1934/1934 1935/1935/1935 1936/1936/1936
f 1935/1935/1935 1937/1937/1937 1936/1936/1936
f 1936/1936/1936 1937/1937/1937 1938/1938/1938
f 1937/1937/1937 1939/1939/1939 1938/1938/1938
f 1938/1938/1938 1939/1939/1939 1940/1940/1940
f 1939/1939/1939 1941/1941/1941 1940/1940/1940
f 1940/1940/1940 1941/1941/1941 1942/1942/1942
f 1941/1941/1941 1943/1943/1943 1942/1942/1942
f 1942/1942/1942 1943/1943/1943 1944/1944/1944
f 1943/1943/1943 1945/1945/1945 1944/1944/1944
f 1944/1944/1944 1945/1945/1945 1946/1946/1946
f 1945/1945/1945 1947/1947/1947 1946/1946/1946
f 1946/1946/1946 1947/1947/1947 1948/1948/1948
f 1947/1947/1947 1949/1949/1949 1948/1948/1948
f 1948/1948/1948 1949/1949/1949 1950/1950/1950
f 1949/1949/1949 1951/1951/1951 1950/1950/1950
f 1950/1950/1950 1951/1951/1951 1952/1952/1952
f 1951/1951/1951 1953/1953/1953 1952/1952/1952
f 1952/1952/1952 1953/1953/1953 1954/1954/1954
f 1953/1953/1953 1955/1955/1955 1954/1954/1954
f 1954/1954/1954 1955/1955/1955 1956/1956/1956
f 1955/1955/1955 1957/1957/1957 1956/1956/1956
f 1956/1956/1956 1957/1957/1957 1958/1958/1958
f 1957/1957/1957 1959/1959/1959 1958/1958/1958
f 1958/1958/1958 1959/1959/1959 1960/1960/1960
f 1959/1959/1959 1961/1961/1961 1960/1960/1960
f 1960/1960/1960 1961/1961/1961 1962/1962/1962
f 1961/1961/1961 1963/1963/1963 1962/1962/1962
f 1962/1962/1962 1963/1963/1963 1964/1964/1964
f 1963/1963/1963 1965/1965/1965 1964/1964/1964
f 1964/1964/1964 1965/1965/1965 1966/1966/1966
f 1965/1965/1965 1967/1967/1967 1966/1966/1966
f 1966/1966/1966 1967/1967/1967 1968/1968/1968
f 1967/1967/1967 1969/1969/1969 1968/1968/1968
f 1968/1968/1968 1969/1969/1969 1970/1970/1970
f 1969/1969/1969 1971/1971/1971 1970/1970/1970
f 1970/1970/1970 1971/1971/1971 1972/1972/1972
f 1971/1971/1971 1973/1973/1973 1972/1972/1972
f 1972/1972/1972 1973/1973/1973 1974/1974/1974
f 1973/1973/1973 1975/1975/1975 1974/1974/1974
f 1974/1974/1974 1975/1975/1975 1976/1976/1976
f 1975/1975/1975 1977/1977/1977 1976/1976/1976
f 1976/1976/1976 1977/1977/1977 1978/1978/1978
f 1977/1977/1977 1979/1979/1979 1978/1978/1978
f 1978/1978/1978 1979/1979/1979 1980/1980/1980
f 1979/1979/1979 1981/1981/1981 1980/1980/1980
f 1980/1980/1980 1981/1981/1981 1982/1982/1982
f 1981/1981/1981 1983/1983/1983 1982/1982/1982
f 1982/1982/1982 1983/1983/1983 1984/1984/1984
f 1983/1983/1983 1985/1985/1985 1984/1984/1984
f 1984/1984/1984 1985/1985/1985 1986/1986/1986
f 1985/1985/1985 1987/1987/1987 1986/1986/1986
f 1986/1986/1986 1987/1987/1987 1988/1988/1988
f 1987/1987/1987 1989/1989/1989 1988/1988/1988
f 1988/1988/1988 1989/1989/1989 1990/1990/1990
f 1989/1989/1989 1991/1991/1991 1990/1990/1990
f 1990/1990/1990 1991/1991/1991 1992/1992/1992
f 1991/1991/1991 1993/1993/1993 1992/1992/1992
f 1992/1992/1992 1993/1993/1993 1994/1994/1994
f 1993/1993/1993 1995/1995/1995 1994/1994/1994
f 1994/1994/1994 1995/1995/1995 1996/1996/1996
f 1995/1995/1995 1997/1997/1997 1996/1996/1996
f 1996/1996/1996 1997/1997/1997 1998/1998/1998
f 1997/1997/1997 1999/1999/1999 1998/1998/1998
f 1998/1998/1998 1999/1999/1999 2000/2000/2000
f 1999/1999/1999 2001/2001/2001 2000/2000/2000
f 2000/2000/2000 2001/2001/2001 2002/2002/2002
f 2001/2001/2001 2003/2003/2003 2002/2002/2002
f 2002/2002/2002 2003/2003/2003 2004/2004/2004
f 2003/2003/2003 2005/2005/2005 2004/2004/2004
f 2004/2004/2004 2005/2005/2005 2006/2006/2006
f 2005/2005/2005 2007/2007/2007 2006/2006/2006
f 2006/2006/2006 2007/2007/2007 2008/2008/2008
f 2007/2007/2007 2009/2009/2009 2008/2008/2008
f 2008/2008/2008 2009/2009/2009 2010/2010/2010
f 2009/2009/2009 2011/2011/2011 2010/2010/2010
f 2010/2010/2010 2011/2011/2011 2012/2012/2012
f 2011/2011/2011 2013/2013/2013 2012/2012/2012
f 2012/2012/2012 2013/2013/2013 2014/2014/2014
f 2013/2013/2013 2015/2015/2015 2014/2014/2014
f 2014/2014/2014 2015/2015/2015 2016/2016/2016
f 2015/2015/2015 2017/2017/2017 2016/2016/2016
f 2016/2016/2016 2017/2017/2017 2018/2018/2018
f 2017/2017/2017 2019/2019/2019 2018/2018/2018
f 2018/2018/2018 2019/2019/2019 2020/2020/2020
f 2019/2019/2019 2021/2021/2021 2020/2020/2020
f 2020/2020/2020 2021/2021/2021 2022/2022/2022
f 2021/2021/2021 2023/2023/2023 2022/2022/2022
f 2022/2022/2022 2023/2023/2023 2024/2024/2024
f 2023/2023/2023 2025/2025/2025 2024/2024/2024
f 2024/2024/2024 2025/2025/2025 2026/2026/2026
f 2025/2025/2025 2027/2027/2027 2026/2026/2026
f 2026/2026/2026 2027/2027/2027 2028/2028/2028
f 2027/2027/2027 2029/2029/2029 2028/2028/2028
f 2028/2028/2028 2029/2029/2029 2030/2030/2030
f 2029/2029/2029 2031/2031/2031 2030/2030/2030
f 2030/2030/2030 2031/2031/2031 2032/2032/2032
f 2031/2031/2031 2033/2033/2033 2032/2032/2032
f 2032/2032/2032 2033/2033/2033 2034/2034/2034
f 2033/2033/2033 2035/2035/2035 2034/2034/2034
f 2034/2034/2034 2035/2035/2035 2036/2036/2036
f 2035/2035/2035 2037/2037/2037 2036/2036/2036
f 2036/2036/2036 2037/2037/2037 2038/2038/2038
f 2037/2037/2037 2039/2039/2039 2038/2038/2038
f 2038/2038/2038 2039/2039/2039 2040/2040/2040
f 2039/2039/2039 2041/2041/2041 2040/2040/2040
f 2040/2040/2040 2041/2041/2041 2042/2042/2042
f 2041/2041/2041 2043/2043/2043 2042/2042/2042
f 2042/2042/2042 2043/2043/2043 2044/2044/2044
f 2043/2043/2043 2045/2045/2045 2044/2044/2044
f 2044/2044/2044 2045/2045/2045 2046/2046/2046
f 2045/2045/2045 2047/2047/2047 2046/2046/2046
f 2046/2046/2046 2047/2047/2047 2048/2048/2048
f 2047/2047/2047 2049/2049/2049 2048/2048/2048
f 2048/2048/2048 2049/2049/2049 2050/2050/2050
f 2049/2049/2049 2051/2051/2051 2050/2050/2050
f 2050/2050/2050 2051/2051/2051 2052/2052/2052
f 2051/2051/2051 2053/2053/2053 2052/2052/2052
f 2052/2052/2052 2053/2053/2053 2054/2054/2054
f 2053/2053/2053 2055/2055/2055 2054/2054/2054
f 2054/2054/2054 2055/2055/2055 2056/2056/2056
f 2055/2055/2055 2057/2057/2057 2056/2056/2056
f 2056/2056/2056 2057/2057/2057 2058/2058/2058
f 2057/2057/2057 2059/2059/2059 2058/2058/2058
f 2058/2058/2058 2059/2059/2059 2060/2060/2060
f 2059/2059/2059 2061/2061/2061 2060/2060/2060
f 2060/2060/2060 2061/2061/2061 2062/2062/2062
f 2061/2061/2061 2063/2063/2063 2062/2062/2062
f 2062/2062/2062 2063/2063/2063 2064/2064/2064
f 2063/2063/2063 2065/2065/2065 2064/2064/2064
f 2064/2064/2064 2065/2065/2065 2066/2066/2066
f 2065/2065/2065 2067/2067/2067 2066/2066/2066
f 2066/2066/2066 2067/2067/2067 2068/2068/2068
f 2067/2067/2067 2069/2069/2069 2068/2068/2068
f 2068/2068/2068 2069/2069/2069 2070/2070/2070
f 2069/2069/2069 2071/2071/2071 2070/2070/2070
f 2070/2070/2070 2071/2071/2071 2072/2072/2072
f 2071/2071/2071 2073/2073/2073 2072/2072/2072
f 2072/2072/2072 2073/2073/2073 2074/2074/2074
f 2073/2073/2073 2075/2075/2075 2074/2074/2074
f 2074/2074/2074 2075/2075/2075 2076/2076/2076
f 2075/2075/2075 2077/2077/2077 2076/2076/2076
f 2076/2076/2076 2077/2077/2077 2078/2078/2078
f 2077/2077/2077 2079/2079/2079 2078/2078/2078
f 2078/2078/2078 2079/2079/2079 2080/2080/2080
f 2079/2079/2079 2081/2081/2081 2080/2080/2080
f 2080/2080/2080 2081/2081/2081 2082/2082/2082
f 2081/2081/2081 2083/2083/2083 2082/2082/2082
f 2082/2082/2082 2083/2083/2083 2084/2084/2084
f 2083/2083/2083 2085/2085/2085 2084/2084/2084
f 2084/2084/2084 2085/2085/2085 2086/2086/2086
f 2085/2085/2085 2087/2087/2087 2086/2086/2086
f 2086/2086/2086 2087/2087/2087 2088/2088/2088
f 2087/2087/2087 2089/2089/2089 2088/2088/2088
f 2088/2088/2088 2089/2089/2089 2090/2090/2090
f 2089/2089/2089 2091/2091/2091 2090/2090/2090
f 2090/2090/2090 2091/2091/2091 2092/2092/2092
f 2091/2091/2091 2093/2093/2093 2092/2092/2092
f 2092/2092/2092 2093/2093/2093 2094/2094/2094
f 2093/2093/2093 2095/2095/2095 2094/2094/2094
f 2094/2094/2094 2095/2095/2095 2096/2096/2096
f 2095/2095/2095 2097/2097/2097 2096/2096/2096
f 2096/2096/2096 2097/2097/2097 2098/2098/2098
f 2097/2097/2097 2099/2099/2099 2098/2098/2098
f 2098/2098/2098 2099/2099/2099 2100/2100/2100
f 2099/2099/2099 2101/2101/2101 2100/2100/2100
f 2100/2100/2100 2101/2101/2101 2102/2102/2102
f 2101/2101/2101 2103/2103/2103 2102/2102/2102
f 2102/2102/2102 2103/2103/2103 2104/2104/2104
f 2103/2103/2103 2105/2105/2105 2104/2104/2104
f 2104/2104/2104 2105/2105/2105 2106/2106/2106
f 2105/2105/2105 2107/2107/2107 2106/2106/2106
f 2106/2106/2106 2107/2107/2107 2108/2108/2108
f 2107/2107/2107 2109/2109/2109 2108/2108/2108
f 2108/2108/2108 2109/2109/2109 2110/2110/2110
f 2109/2109/2109 2111/2111/2111 2110/2110/2110
f 2110/2110/2110 2111/2111/2111 2112/2112/2112
f 2111/2111/2111 2113/2113/2113 2112/2112/2112
f 2112/2112/2112 2113/2113/2113 2114/2114/2114
f 2113/2113/2113 2115/2115/2115 2114/2114/2114
f 2114/2114/2114 2115/2115/2115 2116/2116/2116
f 2115/2115/2115 2117/2117/2117 2116/2116/2116
f 2116/2116/2116 2117/2117/2117 2118/2118/2118
f 2117/2117/2117 2119/2119/2119 2118/2118/2118
f 2118/2118/2118 2119/2119/2119 2120/2120/2120
f 2119/2119/2119 2121/2121/2121 2120/2120/2120
f 2120/2120/2120 2121/2121/2121 2122/2122/2122
f 2121/2121/2121 2123/2123/2123 2122/2122/2122
f 2122/2122/2122 2123/2123/2123 2124/2124/2124
f 2123/2123/2123 2125/2125/2125 2124/2124/2124
f 2124/2124/2124 2125/2125/2125 2126/2126/2126
f 2125/2125/2125 2127/2127/2127 2126/2126/2126
f 2126/2126/2126 2127/2127/2127 2128/2128/2128
f 2127/2127/2127 2129/2129/2129 2128/2128/2128
f 2128/2128/2128 2129/2129/2129 2130/2130/2130
f 2129/2129/2129 2131/2131/2131 2130/2130/2130
f 2130/2130/2130 2131/2131/2131 2132/2132/2132
f 2131/2131/2131 2133/2133/2133 2132/2132/2132
f 2132/2132/2132 2133/2133/2133 2134/2134/2134
f 2133/2133/2133 2135/2135/2135 2134/2134/2134
f 2134/2134/2134 2135/2135/2135 2136/2136/2136
f 2135/2135/2135 2137/2137/2137 2136/2136/2136
f 2136/2136/2136 2137/2137/2137 2138/2138/2138
f 2137/2137/2137 2139/2139/2139 2138/2138/2138
f 2138/2138/2138 2139/2139/2139 2140/2140/2140
f 2139/2139/2139 2141/2141/2141 2140/2140/2140
f 2140/2140/2140 2141/2141/2141 2142/2142/2142
f 2141/2141/2141 2143/2143/2143 2142/2142/2142
f 2142/2142/2142 2143/2143/2143 2144/2144/2144
f 2143/2143/2143 2145/2145/2145 2144/2144/2144
f 2144/2144/2144 2145/2145/2145 2146/2146/2146
f 2145/2145/2145 2147/2147/2147 2146/2146/2146
f 2146/2146/2146 2147/2147/2147 2148/2148/2148
f 2147/2147/2147 2149/2149/2149 2148/2148/2148
f 2148/2148/2148 2149/2149/2149 2150/2150/2150
f 2149/2149/2149 2151/2151/2151 2150/2150/2150
f 2150/2150/2150 2151/2151/2151 2152/2152/2152
f 2151/2151/2151 2153/2153/2153 2152/2152/2152
f 2152/2152/2152 2153/2153/2153 2154/2154/2154
f 2153/2153/2153 2155/2155/2155 2154/2154/2154
f 2154/2154/2154 2155/2155/2155 2156/2156/2156
f 2155/2155/2155 2157/2157/2157 2156/2156/2156
f 2156/2156/2156 2157/2157/2157 2158/2158/2158
f 2157/2157/2157 2159/2159/2159 2158/2158/2158
f 2158/2158/2158 2159/2159/2159 2160/2160/2160
f 2159/2159/2159 2161/2161/2161 2160/2160/2160
f 2160/2160/2160 2161/2161/2161 2162/2162/2162
f 2161/2161/2161 2163/2163/2163 2162/2162/2162
f 2162/2162/2162 2163/2163/2163 2164/2164/2164
f 2163/2163/2163 2165/2165/2165 2164/2164/2164
f 2164/2164/2164 2165/2165/2165 2166/2166/2166
f 2165/2165/2165 2167/2167/2167 2166/2166/2166
f 2166/2166/2166 2167/2167/2167 2168/2168/2168
f 2167/2167/2167 2169/2169/2169 2168/2168/2168
f 2168/2168/2168 2169/2169/2169 2170/2170/2170
f 2169/2169/2169 2171/2171/2171 2170/2170/2170
f 2170/2170/2170 2171/2171/2171 2172/2172/2172
f 2171/2171/2171 2173/2173/2173 2172/2172/2172
f 2172/2172/2172 2173/2173/2173 2174/2174/2174
f 2173/2173/2173 2175/2175/2175 2174/2174/2174
f 2174/2174/2174 2175/2175/2175 2176/2176/2176
f 2175/2175/2175 2177/2177/2177 2176/2176/2176
f 2176/2176/2176 2177/2177/2177 2178/2178/2178
f 2177/2177/2177 2179/2179/2179 2178/2178/2178
f 2178/2178/2178 2179/2179/2179 2180/2180/2180
f 2179/2179/2179 2181/2181/2181 2180/2180/2180
f 2180/2180/2180 2181/2181/2181 2182/2182/2182
f 2181/2181/2181 2183/2183/2183 2182/2182/2182
f 2182/2182/2182 2183/2183/2183 2184/2184/2184
f 2183/2183/2183 2185/2185/2185 2184/2184/2184
f 2184/2184/2184 2185/2185/2185 2186/2186/2186
f 2185/2185/2185 2187/2187/2187 2186/2186/2186
f 2186/2186/2186 2187/2187/2187 2188/2188/2188
f 2187/2187/2187 2189/2189/2189 2188/2188/2188
f 2188/2188/2188 2189/2189/2189 2190/2190/2190
f 2189/2189/2189 2191/2191/2191 2190/2190/2190
f 2190/2190/2190 2191/2191/2191 2192/2192/2192
f 2191/2191/2191 2193/2193/2193 2192/2192/2192
f 2192/2192/2192 2193/2193/2193 2194/2194/2194
f 2193/2193/2193 2195/2195/2195 2194/2194/2194
f 2194/2194/2194 2195/2195/2195 2196/2196/2196
f 2195/2195/2195 2197/2197/2197 2196/2196/2196
f 2196/2196/2196 2197/2197/2197 2198/2198/2198
f 2197/2197/2197 2199/2199/2199 2198/2198/2198
f 2198/2198/2198 2199/2199/2199 2200/2200/2200
f 2199/2199/2199 2201/2201/2201 2200/2200/2200
f 2200/2200/2200 2201/2201/2201 2202/2202/2202
f 2201/2201/2201 2203/2203/2203 2202/2202/2202
f 2202/2202/2202 2203/2203/2203 2204/2204/2204
f 2203/2203/2203 2205/2205/2205 2204/2204/2204
f 2204/2204/2204 2205/2205/2205 2206/2206/2206
f 2205/2205/2205 2207/2207/2207 2206/2206/2206
f 2206/2206/2206 2207/2207/2207 2208/2208/2208
f 2207/2207/2207 2209/2209/2209 2208/2208/2208
f 2208/2208/2208 2209/2209/2209 2210/2210/2210
f 2209/2209/2209 2211/2211/2211 2210/2210/2210
f 2210/2210/2210 2211/2211/2211 2212/2212/2212
f 2211/2211/2211 2213/2213/2213 2212/2212/2212
f 2212/2212/2212 2213/2213/2213 2214/2214/2214
f 2213/2213/2213 2215/2215/2215 2214/2214/2214
f 2214/2214/2214 2215/2215/2215 2216/2216/2216
f 2215/2215/2215 2217/2217/2217 2216/2216/2216
f 2216/2216/2216 2217/2217/2217 2218/2218/2218
f 2217/2217/2217 2219/2219/2219 2218/2218/2218
f 2218/2218/2218 2219/2219/2219 2220/2220/2220
f 2219/2219/2219 2221/2221/2221 2220/2220/2220
f 2220/2220/2220 2221/2221/2221 2222/2222/2222
f 2221/2221/2221 2223/2223/2223 2222/2222/2222
f 2222/2222/2222 2223/2223/2223 2224/2224/2224
f 2223/2223/2223 2225/2225/2225 2224/2224/2224
f 2224/2224/2224 2225/2225/2225 2226/2226/2226
f 2225/2225/2225 2227/2227/2227 2226/2226/2226
f 2226/2226/2226 2227/2227/2227 2228/2228/2228
f 2227/2227/2227 2229/2229/2229 2228/2228/2228
f 2228/2228/2228 2229/2229/2229 2230/2230/2230
f 2229/2229/2229 2231/2231/2231 2230/2230/2230
f 2230/2230/2230 2231/2231/2231 2232/2232/2232
f 2231/2231/2231 2233/2233/2233 2232/2232/2232
f 2232/2232/2232 2233/2233/2233 2234/2234/2234
f 2233/2233/2233 2235/2235/2235 2234/2234/2234
f 2234/2234/2234 2235/2235/2235 2236/2236/2236
f 2235/2235/2235 2237/2237/2237 2236/2236/2236
f 2236/2236/2236 2237/2237/2237 2238/2238/2238
f 2237/2237/2237 2239/2239/2239 2238/2238/2238
f 2238/2238/2238 2239/2239/2239 2240/2240/2240
f 2239/2239/2239 2241/2241/2241 2240/2240/2240
f 2240/2240/2240 2241/2241/2241 2242/2242/2242
f 2241/2241/2241 2243/2243/2243 2242/2242/2242
f 2242/2242/2242 2243/2243/2243 2244/2244/2244
f 2243/2243/2243 2245/2245/2245 2244/2244/2244
f 2244/2244/2244 2245/2245/2245 2246/2246/2246
f 2245/2245/2245 2247/2247/2247 2246/2246/2246
f 2246/2246/2246 2247/2247/2247 2248/2248/2248
f 2247/2247/2247 2249/2249/2249 2248/2248/2248
f 2248/2248/2248 2249/2249/2249 2250/2250/2250
f 2249/2249/2249 2251/2251/2251 2250/2250/2250
f 2250/2250/2250 2251/2251/2251 2252/2252/2252
f 2251/2251/2251 2253/2253/2253 2252/2252/2252
f 2252/2252/2252 2253/2253/2253 2254/2254/2254
f 2253/2253/2253 2255/2255/2255 2254/2254/2254
f 2254/2254/2254 2255/2255/2255 2256/2256/2256
f 2255/2255/2255 2257/2257/2257 2256/2256/2256
f 2256/2256/2256 2257/2257/2257 2258/2258/2258
f 2257/2257/2257 2259/2259/2259 2258/2258/2258
f 2258/2258/2258 2259/2259/2259 2260/2260/2260
f 2259/2259/2259 2261/2261/2261 2260/2260/2260
f 2260/2260/2260 2261/2261/2261 2262/2262/2262
f 2261/2261/2261 2263/2263/2263 2262/2262/2262
f 2262/2262/2262 2263/2263/2263 2264/2264/2264
f 2263/2263/2263 2265/2265/2265 2264/2264/2264
f 2264/2264/2264 2265/2265/2265 2266/2266/2266
f 2265/2265/2265 2267/2267/2267 2266/2266/2266
f 2266/2266/2266 2267/2267/2267 2268/2268/2268
f 2267/2267/2267 2269/2269/2269 2268/2268/2268
f 2268/2268/2268 2269/2269/2269 2270/2270/2270
f 2269/2269/2269 2271/2271/2271 2270/2270/2270
f 2270/2270/2270 2271/2271/2271 2272/2272/2272
f 2271/2271/2271 2273/2273/2273 2272/2272/2272
f 2272/2272/2272 2273/2273/2273 2274/2274/2274
f 2273/2273/2273 2275/2275/2275 2274/2274/2274
f 2274/2274/2274 2275/2275/2275 2276/2276/2276
f 2275/2275/2275 2277/2277/2277 2276/2276/2276
f 2276/2276/2276 2277/2277/2277 2278/2278/2278
f 2277/2277/2277 2279/2279/2279 2278/2278/2278
f 2278/2278/2278 2279/2279/2279 2280/2280/2280
f 2279/2279/2279 2281/2281/2281 2280/2280/2280
f 2280/2280/2280 2281/2281/2281 2282/2282/2282
f 2281/2281/2281 2283/2283/2283 2282/2282/2282
f 2282/2282/2282 2283/2283/2283 2284/2284/2284
f 2283/2283/2283 2285/2285/2285 2284/2284/2284
f 2284/2284/2284 2285/2285/2285 2286/2286/2286
f 2285/2285/2285 2287/2287/2287 2286/2286/2286
f 2286/2286/2286 2287/2287/2287 2288/2288/2288
f 2287/2287/2287 2289/2289/2289 2288/2288/2288
f 2288/2288/2288 2289/2289/2289 2290/2290/2290
f 2289/2289/2289 2291/2291/2291 2290/2290/2290
f 2290/2290/2290 2291/2291/2291 2292/2292/2292
f 2291/2291/2291 2293/2293/2293 2292/2292/2292
f 2292/2292/2292 2293/2293/2293 2294/2294/2294
f 2293/2293/2293 2295/2295/2295 2294/2294/2294
f 2294/2294/2294 2295/2295/2295 2296/2296/2296
f 2295/2295/2295 2297/2297/2297 2296/2296/2296
f 2296/2296/2296 2297/2297/2297 2298/2298/2298
f 2297/2297/2297 2299/2299/2299 2298/2298/2298
f 2298/2298/2298 2299/2299/2299 2300/2300/2300
f 2299/2299/2299 2301/2301/2301 2300/2300/2300
f 2300/2300/2300 2301/2301/2301 2302/2302/2302
f 2301/2301/2301 2303/2303/2303 2302/2302/2302
f 2302/2302/2302 2303/2303/2303 2304/2304/2304
f 2303/2303/2303 2305/2305/2305 2304/2304/2304
f 2304/2304/2304 2305/2305/2305 2306/2306/2306
f 2305/2305/2305 2307/2307/2307 2306/2306/2306
f 2306/2306/2306 2307/2307/2307 2308/2308/2308
f 2307/2307/2307 2309/2309/2309 2308/2308/2308
f 2308/2308/2308 2309/2309/2309 2310/2310/2310
f 2309/2309/2309 2311/2311/2311 2310/2310/2310
f 2310/2310/2310 2311/2311/2311 2312/2312/2312
f 2311/2311/2311 2313/2313/2313 2312/2312/2312
f 2312/2312/2312 2313/2313/2313 2314/2314/2314
f 2313/2313/2313 2315/2315/2315 2314/2314/2314
f 2314/2314/2314 2315/2315/2315 2316/2316/2316
f 2315/2315/2315 2317/2317/2317 2316/2316/2316
f 2316/2316/2316 2317/2317/2317 2318/2318/2318
f 2317/2317/2317 2319/2319/2319 2318/2318/2318
f 2318/2318/2318 2319/2319/2319 2320/2320/2320
f 2319/2319/2319 2321/2321/2321 2320/2320/2320
f 2320/2320/2320 2321/2321/2321 2322/2322/2322
f 2321/2321/2321 2323/2323/2323 2322/2322/2322
f 2322/2322/2322 2323/2323/2323 2324/2324/2324
f 2323/2323/2323 2325/2325/2325 2324/2324/2324
f 2324/2324/2324 2325/2325/2325 2326/2326/2326
f 2325/2325/2325 2327/2327/2327 2326/2326/2326
f 2326/2326/2326 2327/2327/2327 2328/2328/2328
f 2327/2327/2327 2329/2329/2329 2328/2328/2328
f 2328/2328/2328 2329/2329/2329 2330/2330/2330
f 2329/2329/2329 2331/2331/2331 2330/2330/2330
f 2330/2330/2330 2331/2331/2331 2332/2332/2332
f 2331/2331/2331 2333/2333/2333 2332/2332/2332
f 2332/2332/2332 2333/2333/2333 2334/2334/2334
f 2333/2333/2333 2335/2335/2335 2334/2334/2334
f 2334/2334/2334 2335/2335/2335 2336/2336/2336
f 2335/2335/2335 2337/2337/2337 2336/2336/2336
f 2336/2336/2336 2337/2337/2337 2338/2338/2338
f 2337/2337/2337 2339/2339/2339 2338/2338/2338
f 2338/2338/2338 2339/2339/2339 2340/2340/2340
f 2339/2339/2339 2341/2341/2341 2340/2340/2340
f 2340/2340/2340 2341/2341/2341 2342/2342/2342
f 2341/2341/2341 2343/2343/2343 2342/2342/2342
f 2342/2342/2342 2343/2343/2343 2344/2344/2344
f 2343/2343/2343 2345/2345/2345 2344/2344/2344
f 2344/2344/2344 2345/2345/2345 2346/2346/2346
f 2345/2345/2345 2347/2347/2347 2346/2346/2346
f 2346/2346/2346 2347/2347/2347 2348/2348/2348
f 2347/2347/2347 2349/2349/2349 2348/2348/2348
f 2348/2348/2348 2349/2349/2349 2350/2350/2350
f 2349/2349/2349 2351/2351/2351 2350/2350/2350
f 2350/2350/2350 2351/2351/2351 2352/2352/2352
f 2351/2351/2351 2353/2353/2353 2352/2352/2352
f 2352/2352/2352 2353/2353/2353 2354/2354/2354
f 2353/2353/2353 2355/2355/2355 2354/2354/2354
f 2354/2354/2354 2355/2355/2355 2356/2356/2356
f 2355/2355/2355 2357/2357/2357 2356/2356/2356
f 2356/2356/2356 2357/2357/2357 2358/2358/2358
f 2357/2357/2357 2359/2359/2359 2358/2358/2358
f 2358/2358/2358 2359/2359/2359 2360/2360/2360
f 2359/2359/2359 2361/2361/2361 2360/2360/2360
f 2360/2360/2360 2361/2361/2361 2362/2362/2362
f 2361/2361/2361 2363/2363/2363 2362/2362/2362
f 2362/2362/2362 2363/2363/2363 2364/2364/2364
f 2363/2363/2363 2365/2365/2365 2364/2364/2364
f 2364/2364/2364 2365/2365/2365 2366/2366/2366
f 2365/2365/2365 2367/2367/2367 2366/2366/2366
f 2366/2366/2366 2367/2367/2367 2368/2368/2368
f 2367/2367/2367 2369/2369/2369 2368/2368/2368
f 2368/2368/2368 2369/2369/2369 2370/2370/2370
f 2369/2369/2369 2371/2371/2371 2370/2370/2370
f 2370/2370/2370 2371/2371/2371 2372/2372/2372
f 2371/2371/2371 2373/2373/2373 2372/2372/2372
f 2372/2372/2372 2373/2373/2373 2374/2374/2374
f 2373/2373/2373 2375/2375/2375 2374/2374/2374
f 2374/2374/2374 2375/2375/2375 2376/2376/2376
f 2375/2375/2375 2377/2377/2377 2376/2376/2376
f 2376/2376/2376 2377/2377/2377 2378/2378/2378
f 2377/2377/2377 2379/2379/2379 2378/2378/2378
f 2378/2378/2378 2379/2379/2379 2380/2380/2380
f 2379/2379/2379 2381/2381/2381 2380/2380/2380
f 2380/2380/2380 2381/2381/2381 2382/2382/2382
f 2381/2381/2381 2383/2383/2383 2382/2382/2382
f 2382/2382/2382 2383/2383/2383 2384/2384/2384
f 2383/2383/2383 2385/2385/2385 2384/2384/2384
f 2384/2384/2384 2385/2385/2385 2386/2386/2386
f 2385/2385/2385 2387/2387/2387 2386/2386/2386
f 2386/2386/2386 2387/2387/2387 2388/2388/2388
f 2387/2387/2387 2389/2389/2389 2388/2388/2388
f 2388/2388/2388 2389/2389/2389 2390/2390/2390
f 2389/2389/2389 2391/2391/2391 2390/2390/2390
f 2390/2390/2390 2391/2391/2391 2392/2392/2392
f 2391/2391/2391 2393/2393/2393 2392/2392/2392
f 2392/2392/2392 2393/2393/2393 2394/2394/2394
f 2393/2393/2393 2395/2395/2395 2394/2394/2394
f 2394/2394/2394 2395/2395/2395 2396/2396/2396
f 2395/2395/2395 2397/2397/2397 2396/2396/2396
f 2396/2396/2396 2397/2397/2397 2398/2398/2398
f 2397/2397/2397 2399/2399/2399 2398/2398/2398
f 2398/2398/2398 2399/2399/2399 2400/2400/2400
f 2399/2399/2399 2401/2401/2401 2400/2400/2400
f 2400/2400/2400 2401/2401/2401 2402/2402/2402
f 2401/2401/2401 2403/2403/2403 2402/2402/2402
f 2402/2402/2402 2403/2403/2403 2404/2404/2404
f 2403/2403/2403 2405/2405/2405 2404/2404/2404
f 2404/2404/2404 2405/2405/2405 2406/2406/2406
f 2405/2405/2405 2407/2407/2407 2406/2406/2406
f 2406/2406/2406 2407/2407/2407 2408/2408/2408
f 2407/2407/2407 2409/2409/2409 2408/2408/2408
f 2408/2408/2408 2409/2409/2409 2410/2410/2410
f 2409/2409/2409 2411/2411/2411 2410/2410/2410
f 2410/2410/2410 2411/2411/2411 2412/2412/2412
f 2411/2411/2411 2413/2413/2413 2412/2412/2412
f 2412/2412/2412 2413/2413/2413 2414/2414/2414
f 2413/2413/2413 2415/2415/2415 2414/2414/2414
f 2414/2414/2414 2415/2415/2415 2416/2416/2416
f 2415/2415/2415 2417/2417/2417 2416/2416/2416
f 2416/2416/2416 2417/2417/2417 2418/2418/2418
f 2417/2417/2417 2419/2419/2419 2418/2418/2418
f 2418/2418/2418 2419/2419/2419 2420/2420/2420
f 2419/2419/2419 2421/2421/2421 2420/2420/2420
f 2420/2420/2420 2421/2421/2421 2422/2422/2422
f 2421/2421/2421 2423/2423/2423 2422/2422/2422
f 2422/2422/2422 2423/2423/2423 2424/2424/2424
f 2423/2423/2423 2425/2425/2425 2424/2424/2424
f 2424/2424/2424 2425/2425/2425 2426/2426/2426
f 2425/2425/2425 2427/2427/2427 2426/2426/2426
f 2426/2426/2426 2427/2427/2427 2428/2428/2428
f 2427/2427/2427 2429/2429/2429 2428/2428/2428
f 2428/2428/2428 2429/2429/2429 2430/2430/2430
f 2429/2429/2429 2431/2431/2431 2430/2430/2430
f 2430/2430/2430 2431/2431/2431 2432/2432/2432
f 2431/2431/2431 2433/2433/2433 2432/2432/2432
f 2432/2432/2432 2433/2433/2433 2434/2434/2434
f 2433/2433/2433 2435/2435/2435 2434/2434/2434
f 2434/2434/2434 2435/2435/2435 2436/2436/2436
f 2435/2435/2435 2437/2437/2437 2436/2436/2436
f 2436/2436/2436 2437/2437/2437 2438/2438/2438
f 2437/2437/2437 2439/2439/2439 2438/2438/2438
f 2438/2438/2438 2439/2439/2439 2440/2440/2440
f 2439/2439/2439 2441/2441/2441 2440/2440/2440
f 2440/2440/2440 2441/2441/2441 2442/2442/2442
f 2441/2441/2441 2443/2443/2443 2442/2442/2442
f 2442/2442/2442 2443/2443/2443 2444/2444/2444
f 2443/2443/2443 2445/2445/2445 2444/2444/2444
f 2444/2444/2444 2445/2445/2445 2446/2446/2446
f 2445/2445/2445 2447/2447/2447 2446/2446/2446
f 2446/2446/2446 2447/2447/2447 2448/2448/2448
f 2447/2447/2447 2449/2449/2449 2448/2448/2448
f 2448/2448/2448 2449/2449/2449 2450/2450/2450
f 2449/2449/2449 2451/2451/2451 2450/2450/2450
f 2450/2450/2450 2451/2451/2451 2452/2452/2452
f 2451/2451/2451 2453/2453/2453 2452/2452/2452
f 2452/2452/2452 2453/2453/2453 2454/2454/2454
f 2453/2453/2453 2455/2455/2455 2454/2454/2454
f 2454/2454/2454 2455/2455/2455 2456/2456/2456
f 2455/2455/2455 2457/2457/2457 2456/2456/2456
f 2456/2456/2456 2457/2457/2457 2458/2458/2458
f 2457/2457/2457 2459/2459/2459 2458/2458/2458
f 2458/2458/2458 2459/2459/2459 2460/2460/2460
f 2459/2459/2459 2461/2461/2461 2460/2460/2460
f 2460/2460/2460 2461/2461/2461 2462/2462/2462
f 2461/2461/2461 2463/2463/2463 2462/2462/2462
f 2462/2462/2462 2463/2463/2463 2464/2464/2464
f 2463/2463/2463 2465/2465/2465 2464/2464/2464
f 2464/2464/2464 2465/2465/2465 2466/2466/2466
f 2465/2465/2465 2467/2467/2467 2466/2466/2466
f 2466/2466/2466 2467/2467/2467 2468/2468/2468
f 2467/2467/2467 2469/2469/2469 2468/2468/2468
f 2468/2468/2468 2469/2469/2469 2470/2470/2470
f 2469/2469/2469 2471/2471/2471 2470/2470/2470
f 2470/2470/2470 2471/2471/2471 2472/2472/2472
f 2471/2471/2471 2473/2473/2473 2472/2472/2472
f 2472/2472/2472 2473/2473/2473 2474/2474/2474
f 2473/2473/2473 2475/2475/2475 2474/2474/2474
f 2474/2474/2474 2475/2475/2475 2476/2476/2476
f 2475/2475/2475 2477/2477/2477 2476/2476/2476
f 2476/2476/2476 2477/2477/2477 2478/2478/2478
f 2477/2477/2477 2479/2479/2479 2478/2478/2478
f 2478/2478/2478 2479/2479/2479 2480/2480/2480
