# MCO FRD road extraction

o road_strip
v -1079.719126 2.556549 930.494258
v -1067.055279 2.556549 956.048092
v -1077.655797 2.520554 936.193324
v -1063.215523 2.520554 960.786916
v -1075.306167 2.477463 941.809941
v -1058.815329 2.477463 965.077836
v -1072.519591 2.527719 947.233555
v -1053.997357 2.301838 968.918121
v -1069.328305 2.470244 952.460387
v -1048.714949 2.243724 972.167662
v -1065.673816 2.404671 957.397028
v -1043.078206 2.178715 974.795646
v -1061.459723 2.331689 961.825795
v -1037.289134 2.105796 976.960649
v -1056.895410 2.251028 965.949646
v -1031.210576 2.025723 978.341452
v -1051.859419 2.164140 969.408019
v -1025.138370 1.937691 979.371800
v -1046.498752 2.170262 972.300948
v -1019.029999 1.719955 979.956174
v -1040.902937 2.072233 974.677206
v -1012.906292 1.620675 980.095911
v -1035.125851 1.971216 976.523211
v -1006.812891 1.518208 979.920766
v -1029.222539 1.867963 977.793222
v -1000.763768 1.416237 979.600128
v -1023.256209 1.766737 978.715211
v -994.741381 1.314120 978.941519
v -1017.254563 1.668417 979.137127
v -988.752703 1.216007 978.232306
v -1011.242887 1.474941 979.297204
v -982.797317 1.249182 977.265378
v -1005.228077 1.390093 979.221651
v -976.884435 1.165144 976.072358
v -999.241356 1.316338 978.764052
v -970.984327 1.090282 974.921096
v -993.255946 1.253894 978.231585
v -965.132938 1.028910 973.506920
v -987.316007 1.180501 977.378006
v -959.276936 0.954379 972.177211
v -981.379650 1.170893 976.473366
v -953.539312 0.721855 970.635876
v -975.475661 1.046798 975.393666
v -947.672401 0.594712 969.064468
v -969.609304 0.925085 974.137108
v -941.923480 0.474909 967.609556
v -963.756531 0.808503 972.819595
v -936.055588 0.358081 966.063268
v -957.934765 0.699405 971.372606
v -930.232206 0.248957 964.615885
v -952.114385 0.501064 969.924172
v -924.409189 0.275819 963.166807
v -946.292839 0.409892 968.474325
v -918.587672 0.184647 961.716967
v -940.471336 0.318721 967.024442
v -912.679939 0.092775 960.246052
v -934.684742 0.235331 965.426742
v -906.717868 0.007958 959.060299
v -928.891849 0.169548 963.831466
v -900.724678 -0.057606 958.152601
v -923.071704 0.024643 962.320406
v -894.619098 0.024643 957.540368
v -917.231964 0.000534 960.779605
v -888.730131 0.000534 957.612735
v -911.299711 -0.021255 959.794961
v -882.871159 -0.021255 957.538727
v -905.330698 0.033785 959.154372
v -874.720171 -0.209156 957.210847
v -899.356094 -0.042401 958.523497
v -866.474530 -0.303366 957.218673
v -893.363068 -0.133574 958.246699
v -857.889905 -0.415107 956.839033
v -887.375431 -0.147617 957.744107
v -849.306440 -0.751887 957.139837
v -881.376317 -0.189018 957.631220
v -840.946393 -1.151636 956.989476
v -875.378942 -0.334664 957.529597
v -832.491832 -1.355785 956.848849
v -869.381582 -0.480308 957.427912
v -824.489448 -1.549169 956.715339
v -863.384160 -0.625970 957.326288
v -816.510538 -1.742009 956.582262
v -857.388152 -0.780542 957.141151
v -810.510059 -1.896687 956.769102
v -851.388882 -0.861360 957.008057
v -804.519654 -2.349272 957.008057
v -845.392163 -1.060885 957.010498
v -798.522889 -2.548798 957.010498
v -839.395458 -1.260409 957.012939
v -792.526200 -2.748322 957.012939
v -833.398739 -1.459918 957.015381
v -786.529481 -2.947831 957.015381
v -827.402096 -1.659442 957.017883
v -780.532899 -3.147353 957.017883
v -821.405392 -1.858966 957.020325
v -774.536118 -3.346879 957.020325
v -815.408764 -2.058489 957.022705
v -768.539551 -3.546401 957.022705
v -809.412060 -2.258013 957.025146
v -762.542786 -3.745927 957.025146
v -803.415356 -2.457522 957.027588
v -756.546082 -3.945435 957.027588
v -797.418713 -2.657046 957.030029
v -750.549439 -4.144959 957.030029
v -791.422009 -2.856570 957.032532
v -744.552750 -4.344483 957.032532
v -785.425320 -3.056093 957.034973
v -738.556336 -4.543997 957.034973
v -779.428601 -3.255618 957.037415
v -732.562087 -4.743443 957.037415
v -773.431848 -3.461487 957.100292
v -726.575244 -4.948999 956.728414
v -767.399211 -3.590800 957.787422
v -720.746873 -5.442084 953.714599
v -761.276917 -3.849184 958.312889
v -715.391759 -5.699392 949.061849
v -754.993245 -4.036806 958.230740
v -710.937576 -6.239590 943.545517
v -749.641152 -4.290562 957.760642
v -706.498346 -6.561236 937.324576
v -744.491358 -4.540050 956.786170
v -702.910553 -6.871684 930.749592
v -739.785727 -4.771960 955.278229
v -699.219067 -7.205959 924.041900
v -735.559052 -4.987325 953.338063
v -695.578370 -7.539283 917.610644
v -729.887967 -5.450670 949.079508
v -691.594785 -7.578069 911.637286
v -724.861673 -5.761035 944.675050
v -687.438599 -7.887346 905.976190
v -720.099935 -6.062310 939.953625
v -683.017580 -8.193480 900.740100
v -715.824842 -6.312567 935.733037
v -678.961554 -8.480995 895.400261
v -712.231162 -6.632386 932.241337
v -675.328387 -8.410833 890.003220
v -708.496387 -6.843206 927.855344
v -671.107187 -8.623644 885.569940
v -704.514421 -7.052797 922.919532
v -666.448378 -8.823310 881.755090
v -699.906791 -7.378849 918.038007
v -662.537978 -8.697748 877.152130
v -695.198039 -7.552302 913.792801
v -660.077258 -8.869331 871.208853
v -691.292587 -7.815774 909.715201
v -657.321021 -8.698152 865.596283
v -687.147292 -7.961139 904.779150
v -654.385351 -8.834790 860.222911
v -683.503787 -8.089788 899.972945
v -651.029358 -8.967476 855.210895
v -680.308911 -8.202051 895.561315
v -647.504414 -9.088659 850.344307
v -677.326204 -8.304920 891.429907
v -643.990245 -9.205892 845.480342
v -673.696819 -8.425294 886.407250
v -640.477016 -9.323127 840.617792
v -669.682575 -8.559049 880.854150
v -636.965735 -9.443288 835.757967
v -665.876813 -8.694879 875.609296
v -633.457932 -9.571065 830.923811
v -662.530316 -8.832685 870.428725
v -628.978826 -9.704153 826.855359
v -659.257693 -8.847678 865.841064
v -624.770211 -10.157329 822.622575
v -656.123707 -8.971704 861.601542
v -620.521243 -10.306796 818.433554
v -652.823755 -9.110678 857.042906
v -615.815697 -10.448319 814.684287
v -649.524990 -9.250622 852.483690
v -610.681622 -10.590049 811.407945
v -645.917505 -9.395065 847.785532
v -605.293642 -10.734313 808.500916
v -641.860769 -9.545473 842.926938
v -599.643838 -10.878639 806.042672
v -637.969225 -9.812038 838.248625
v -593.322710 -10.696128 804.653228
v -634.013850 -9.946276 833.973170
v -586.823221 -10.828344 803.982864
v -629.563838 -9.967209 829.407478
v -579.572114 -11.282781 805.288665
v -624.240679 -10.130095 826.019679
v -573.301578 -11.436226 805.121586
v -618.634802 -10.209589 823.296506
v -567.362675 -11.947628 804.178087
v -613.486053 -10.326290 820.915313
v -561.700401 -12.484026 803.653430
v -608.349606 -10.368400 818.662427
v -556.052401 -13.393858 803.535136
v -602.839508 -10.602425 816.619868
v -550.875422 -14.009906 803.415879
v -597.043087 -10.916158 814.722792
v -545.775039 -14.667479 803.468831
v -591.415660 -11.162020 813.075956
v -540.419369 -15.685885 803.616966
v -585.699689 -11.579929 811.720927
v -534.494813 -16.535239 803.462076
v -580.264907 -12.044692 810.427684
v -528.509391 -17.427265 803.802978
v -574.973812 -12.514320 809.741203
v -522.649161 -18.374681 803.043647
v -569.032819 -13.178942 809.286710
v -516.838682 -19.071828 801.289221
v -562.893792 -13.890863 808.759226
v -511.301216 -19.763189 799.111834
v -556.804348 -14.501307 807.701692
v -505.946792 -20.703448 797.778266
v -550.899541 -15.411122 807.156304
v -500.669957 -20.763455 794.804767
v -545.148665 -16.129600 805.834077
v -495.059061 -21.056446 793.106391
v -539.031676 -16.830181 804.788648
v -489.888546 -21.297738 790.167552
v -532.432941 -17.710146 803.977334
v -485.438484 -20.923442 785.099220
v -526.355422 -18.192352 803.583767
v -482.535797 -21.006457 777.854813
v -520.842552 -18.725983 801.566471
v -479.551406 -20.730408 772.702759
v -514.891378 -19.211760 799.148698
v -477.667842 -20.387240 766.627081
v -508.688942 -19.522254 795.165949
v -475.900510 -20.276011 760.870004
v -503.893410 -19.758829 791.116268
v -470.631938 -20.164457 752.176008
v -499.973888 -19.824768 787.163470
v -470.018966 -20.203944 749.625022
v -495.721178 -19.981735 782.409723
v -468.006047 -19.981735 745.577774
v -491.814302 -19.991821 777.831002
v -465.338384 -19.991821 740.474569
v -488.663919 -19.980743 773.902521
v -462.294235 -19.980743 734.905101
v -485.291279 -19.953430 769.373996
v -459.149676 -19.953430 729.214432
v -481.965226 -20.039964 764.285695
v -455.886662 -19.662014 724.222972
v -477.995183 -19.974188 758.325411
v -453.051160 -19.607365 719.442082
v -474.650341 -19.910788 753.114680
v -449.810127 -19.545491 714.393170
v -471.827387 -19.853080 748.731540
v -446.565841 -19.481586 709.353248
v -468.261854 -19.772896 743.073314
v -443.111143 -19.408393 704.435987
v -465.151628 -19.688216 737.933391
v -439.299308 -19.324099 699.701088
v -462.454972 -19.607005 733.692287
v -435.659618 -19.234848 694.987886
v -459.813234 -19.655993 729.458946
v -431.474308 -18.890076 690.014225
v -456.114301 -19.548083 723.833772
v -427.498039 -18.795024 685.804266
v -452.116470 -19.430099 717.859808
v -423.126436 -18.696174 681.897486
v -448.551742 -19.322787 712.772322
v -418.466521 -18.597842 677.974959
v -445.456966 -19.232437 708.547419
v -413.340205 -18.485536 673.816505
v -441.297993 -19.118839 703.269099
v -408.264290 -18.384757 670.602437
v -437.489907 -19.017010 698.556167
v -402.814230 -18.286995 667.895569
v -434.206958 -18.935585 694.653205
v -397.372052 -18.191445 665.631765
v -430.810432 -18.721657 690.872990
v -391.132831 -18.340141 663.403883
v -425.814638 -18.628539 686.213317
v -384.856304 -18.252775 662.164388
v -420.008875 -18.530068 681.890817
v -378.799870 -18.165387 661.103974
v -414.489562 -18.542348 679.080358
v -373.464829 -17.816247 658.386465
v -409.840231 -18.436856 676.713324
v -367.818628 -17.693111 655.516586
v -403.873177 -18.411100 673.696669
v -362.201400 -17.304769 652.676393
v -398.652528 -18.261158 670.715985
v -357.139322 -17.168705 651.051834
v -394.272997 -18.127870 668.216040
v -352.019413 -17.035105 649.639033
v -389.891002 -17.999843 665.797498
v -346.191125 -16.879333 648.242846
v -383.937052 -17.832458 662.523553
v -340.578208 -16.748487 648.070605
v -377.353502 -17.545643 659.552958
v -334.921727 -16.850040 648.075510
v -371.583663 -17.418505 657.057039
v -328.795766 -16.728378 648.775511
v -366.639585 -17.201322 654.914040
v -323.114644 -16.855885 650.423371
v -360.729474 -17.229024 653.563399
v -317.024809 -16.535299 651.482224
v -354.737790 -17.121519 653.257900
v -311.033262 -16.427797 651.176732
v -348.761804 -17.010539 652.952042
v -305.046364 -16.316643 650.870354
v -342.786427 -16.899553 652.646275
v -299.055961 -16.205418 650.563871
v -336.784045 -16.788153 652.339099
v -293.063516 -16.094176 650.257169
v -330.774715 -16.676644 652.031716
v -287.068602 -15.982896 649.950473
v -324.780608 -16.565375 651.724996
v -281.077498 -15.871675 649.643895
v -318.789397 -16.454138 651.418413
v -275.086378 -15.760439 649.337317
v -312.799787 -16.342941 651.111968
v -269.095228 -15.649218 649.030799
v -306.808576 -16.231719 650.805326
v -263.103987 -15.537996 648.724155
v -300.842652 -15.845920 650.302173
v -257.096032 -16.193115 648.913391
v -294.827536 -15.011795 650.000487
v -251.192408 -18.474901 648.961555
v -288.763938 -14.783002 649.734641
v -245.393693 -20.681356 649.040717
v -282.775770 -15.408670 649.610863
v -239.517698 -21.983897 648.918734
v -276.812699 -16.128449 649.504662
v -233.665855 -23.377119 648.814312
v -270.914716 -17.226138 649.295624
v -221.858275 -25.075169 648.903172
v -265.038819 -18.490597 649.232410
v -215.808991 -25.185854 648.838572
v -259.125825 -19.542774 649.058228
v -209.788601 -25.416253 649.058228
v -253.234111 -20.682068 649.023926
v -209.624244 -24.489278 649.023926
v -247.291506 -21.521069 649.004639
v -203.594022 -24.295513 649.004639
v -241.312172 -22.310948 648.996765
v -191.661600 -23.887157 648.996765
v -235.303299 -22.921326 648.990234
v -185.652756 -22.921326 648.990234
v -229.299278 -23.117661 648.971436
v -179.658314 -22.329709 648.971436
v -223.292832 -23.296608 648.938843
v -179.569264 -21.561545 648.938843
v -217.285831 -23.326564 648.900269
v -173.614143 -20.553758 648.900269
v -211.286031 -23.115766 648.863892
v -167.663511 -19.653662 648.863892
v -205.305452 -22.814170 648.837769
v -161.731546 -18.664274 648.837769
v -199.318663 -22.520573 648.727548
v -155.838365 -17.344347 649.072630
v -193.351790 -21.795556 648.782866
v -149.888453 -16.579956 649.130573
v -187.381690 -21.039185 648.852347
v -143.933154 -15.825361 649.199935
v -181.408800 -20.385389 648.622731
v -138.019391 -14.831544 650.011192
v -175.449884 -19.606089 648.525180
v -132.103382 -14.057737 650.952584
v -169.512908 -18.638247 648.571322
v -126.151286 -13.781745 652.040252
v -163.558817 -17.740369 648.663410
v -120.261293 -13.583807 653.512732
v -157.603552 -17.033221 648.940986
v -114.442760 -13.235071 655.156141
v -151.358448 -16.380831 649.337568
v -108.432205 -12.919037 657.299694
v -145.638337 -15.720382 649.888925
v -103.080134 -12.952369 659.576971
v -139.380971 -15.105128 650.731923
v -97.586572 -13.049665 662.379543
v -133.430106 -14.590655 651.770816
v -92.262926 -13.218416 665.493209
v -127.816642 -14.278465 652.997706
v -87.114327 -13.243661 668.864709
v -122.035809 -14.017374 654.694705
v -82.027938 -13.327583 672.284373
v -116.369922 -13.799283 656.721863
v -77.859244 -13.461470 675.301575
v -110.783200 -13.733232 658.930081
v -73.875763 -13.403702 678.372391
v -104.936801 -13.558426 660.761681
v -71.019749 -13.558426 682.519790
v -99.330836 -13.521835 663.217144
v -68.212197 -13.521835 686.633151
v -94.211904 -13.495422 666.437814
v -64.682145 -13.495422 690.543740
v -89.378858 -13.477386 670.014380
v -61.067936 -13.477386 694.196627
v -84.808934 -13.468521 673.902501
v -58.262200 -13.468521 696.577837
v -80.205516 -13.465836 677.801787
v -54.226347 -13.465836 699.992328
v -75.698670 -13.466751 682.016260
v -50.247477 -13.466751 702.792744
v -71.799769 -13.476196 685.992012
v -45.252626 -13.476196 705.705238
v -67.229900 -13.498093 690.472433
v -40.370487 -13.498093 707.703000
v -62.633024 -13.410800 694.299023
v -35.629376 -13.656287 709.519261
v -57.092654 -13.475447 698.038479
v -30.775824 -13.710419 711.431867
v -51.784209 -13.560140 701.278192
v -26.256037 -13.782124 713.043350
v -46.559355 -13.543525 704.257372
v -20.888333 -13.982346 714.789073
v -41.506195 -13.659828 706.910866
v -15.329472 -14.099773 716.369682
v -36.407158 -13.668684 709.335911
v -9.557007 -14.334390 717.768190
v -31.179666 -13.812802 711.651745
v -3.386782 -14.496234 718.941682
v -25.544343 -13.978717 713.703674
v 2.597154 -14.665095 719.881076
v -20.068846 -14.154058 715.615456
v 8.484589 -14.839341 720.412433
v -13.988406 -14.217998 717.190106
v 14.300881 -15.123255 720.811135
v -8.053151 -14.416688 718.613254
v 19.852806 -15.302592 720.828012
v -1.829953 -14.624827 719.637952
v 25.449999 -15.490857 720.720490
v 4.236752 -14.830445 720.379333
v 31.348568 -15.691138 720.379333
v 10.855241 -15.054207 720.944836
v 36.926046 -15.881851 719.703369
v 17.883523 -15.289750 721.030061
v 42.546292 -16.072695 718.876962
v 24.405891 -15.502833 720.953755
v 47.824896 -16.252242 717.768770
v 31.529645 -15.829660 720.349520
v 53.061464 -16.350591 716.529359
v 39.100951 -16.053091 719.367485
v 57.943689 -16.512669 715.078081
v 46.427976 -16.262717 717.948719
v 63.199231 -16.675125 713.412232
v 53.780744 -16.461648 716.203393
v 68.294091 -16.824482 711.486556
v 59.981355 -16.680195 714.373234
v 73.881318 -16.913808 709.233751
v 65.696547 -16.813797 712.453067
v 79.308354 -17.046477 706.752395
v 71.308839 -16.929297 710.270168
v 84.644349 -17.163253 704.070326
v 76.830845 -17.085383 707.882409
v 89.857610 -17.201693 701.136405
v 82.244647 -17.163361 705.269475
v 94.952137 -17.278883 697.991549
v 87.533839 -17.277893 702.426615
v 99.934292 -17.277893 694.661845
v 92.713194 -17.312943 699.376134
v 104.617842 -17.312943 691.248922
v 97.788956 -17.303375 696.154409
v 109.298935 -17.303375 687.493434
v 102.610906 -17.349214 692.583287
v 114.022771 -17.120976 683.796152
v 107.354506 -17.252620 688.911549
v 118.767252 -17.024365 680.123735
v 112.098576 -17.156017 685.239449
v 123.511359 -16.927762 676.451606
v 116.842659 -17.059429 681.567339
v 128.255430 -16.831174 672.779506
v 121.586766 -16.962826 677.895210
v 132.999537 -16.734570 669.107377
v 126.330849 -16.866238 674.222979
v 137.743632 -16.637982 665.435136
v 131.074944 -16.769635 670.550859
v 142.487739 -16.541379 661.763008
v 135.819051 -16.673046 666.878731
v 147.231834 -16.444791 658.090889
v 140.563133 -16.576443 663.206621
v 151.975941 -16.348187 654.418760
v 145.307237 -16.479839 659.534483
v 156.719984 -16.251584 650.746669
v 150.020140 -16.362442 655.821340
v 161.529142 -16.134541 647.161101
v 154.803463 -16.278851 652.199569
v 166.310118 -15.937069 643.541097
v 159.588665 -16.134089 648.582702
v 171.095223 -15.792310 639.924303
v 164.373770 -15.989330 644.965786
v 175.880400 -15.647548 636.307332
v 169.158932 -15.844568 641.348937
v 180.665392 -15.502792 632.690612
v 173.944036 -15.699825 637.732021
v 185.450643 -15.358044 629.073586
v 178.717393 -15.502905 634.101069
v 190.280299 -15.273937 625.514753
v 183.474520 -15.377831 630.443589
v 195.224812 -15.149670 622.115712
v 188.359678 -15.263245 626.962661
v 200.110605 -15.035071 618.634334
v 193.245200 -15.148637 623.481486
v 204.996127 -14.920463 615.153159
v 198.130806 -15.034042 620.000363
v 209.881671 -14.805870 611.672080
v 203.185724 -14.916160 616.399120
v 214.597828 -14.694565 608.310930
v 208.136086 -14.800308 612.871991
v 219.418547 -14.581231 604.875683
v 212.617866 -14.693554 609.676952
v 224.707854 -14.458797 601.108320
v 216.530564 -14.596555 606.903981
v 230.235878 -14.330433 597.190506
v 220.081675 -14.497277 604.201164
v 235.951752 -14.194989 593.469970
v 223.953616 -14.385658 601.506163
v 241.966506 -14.042555 589.497569
v 227.806092 -14.346054 598.671491
v 248.344081 -13.770223 585.619311
v 231.597488 -14.300351 595.949402
v 255.009966 -13.433222 581.858559
v 235.793477 -14.121453 592.931040
v 261.417259 -13.189679 578.721488
v 240.389227 -13.923362 589.721043
v 267.624653 -12.959276 576.223841
v 245.086713 -13.612115 586.623846
v 273.885111 -12.867329 574.210744
v 250.346671 -13.440790 583.497898
v 279.580402 -12.703806 572.934449
v 255.806342 -13.191757 580.726063
v 285.086700 -12.707784 572.014552
v 261.342808 -12.875687 578.294248
v 290.720189 -12.875687 571.367874
v 267.411719 -12.874130 576.129636
v 296.209155 -12.874130 571.020413
v 273.217212 -12.697441 574.461425
v 301.605486 -13.151654 570.827726
v 279.246547 -12.712686 573.155608
v 307.193470 -13.378089 570.715797
v 285.386562 -12.795123 572.216460
v 312.991273 -13.671463 570.682865
v 291.603785 -12.825677 571.587051
v 318.983208 -14.129459 570.717863
v 297.272649 -12.808553 570.843164
v 324.957638 -14.786052 571.282609
v 303.308836 -12.958300 570.301592
v 330.870805 -15.583250 572.270304
v 309.538965 -13.257221 569.902055
v 336.663329 -16.538394 573.839463
v 315.803076 -13.829533 569.955301
v 342.316166 -17.523980 575.822952
v 322.035561 -14.514913 570.354591
v 347.749945 -18.620571 578.349820
v 327.767896 -15.216113 571.308384
v 353.017026 -19.787076 581.103305
v 333.400549 -16.187249 572.653299
v 358.104670 -20.778280 584.240188
v 338.404392 -17.155744 574.112298
v 363.016458 -21.671720 587.660224
v 344.423009 -18.331119 576.853823
v 367.885206 -22.497304 591.106559
v 349.720971 -19.416072 579.531303
v 372.642866 -23.162920 594.739099
v 354.006368 -20.433342 582.007276
v 377.414678 -23.615054 598.370366
v 358.113886 -21.236600 584.589386
v 382.154350 -24.064890 602.030507
v 363.665162 -22.107629 588.441091
v 386.898317 -24.407941 605.693434
v 369.440493 -22.876143 592.631170
v 391.655749 -24.635767 609.347600
v 374.366645 -23.572761 596.336229
v 396.455450 -24.666266 612.957508
v 378.523674 -24.018791 599.463801
v 401.251320 -24.693870 616.565791
v 383.862750 -24.504150 603.481926
v 406.046960 -24.504150 620.174995
v 388.742712 -24.696250 606.983480
v 410.734899 -24.256407 623.917463
v 392.724316 -24.904827 610.059199
v 415.474658 -23.767310 627.576962
v 396.702413 -25.044165 612.949420
v 420.090208 -23.154242 631.376168
v 402.131621 -24.697681 617.042971
v 424.674600 -22.627408 635.215372
v 407.753681 -24.242343 621.473613
v 429.266944 -22.047112 639.035461
v 412.574100 -23.834033 625.340549
v 433.836282 -21.422858 642.876370
v 416.571461 -23.373035 628.656416
v 438.437697 -20.893359 646.690425
v 421.782518 -22.586402 632.785353
v 442.947841 -20.602153 650.643594
v 426.402183 -21.947478 636.574940
v 447.478085 -20.410693 654.577273
v 430.209153 -21.250838 639.813435
v 452.053428 -20.568204 658.472087
v 433.937203 -20.572380 642.987935
v 456.620113 -21.044940 662.362920
v 439.117148 -20.680775 647.400021
v 461.187900 -21.140582 666.252121
v 444.575789 -20.794990 652.050195
v 465.755740 -21.236239 670.141403
v 449.289736 -20.893677 656.064302
v 470.323550 -21.331881 674.030685
v 453.259882 -20.976868 659.443045
v 474.891330 -21.427523 677.919907
v 458.350975 -21.083427 663.779298
v 479.459140 -21.523181 681.809189
v 462.921414 -21.179124 667.670800
v 484.026969 -21.618823 685.698461
v 466.643947 -21.443741 671.043185
v 488.701238 -21.443741 689.462160
v 470.371563 -21.955896 674.365939
v 493.403534 -20.780796 693.167548
v 475.428908 -21.859126 678.812759
v 498.196463 -20.249299 696.750832
v 480.953816 -21.519079 683.377055
v 502.982404 -19.756792 700.339067
v 485.799849 -21.206380 687.221616
v 507.769948 -19.229071 703.918891
v 489.940050 -20.825018 690.367780
v 512.534243 -18.791541 707.539367
v 495.168945 -20.227362 694.500416
v 517.413877 -18.465387 711.018930
v 499.909075 -19.817885 698.163892
v 522.333640 -18.059096 714.432694
v 503.795442 -19.264169 701.328386
v 527.396306 -17.902581 717.667446
v 507.833153 -18.889861 704.228958
v 532.388339 -17.709323 720.992596
v 513.303203 -18.499297 708.128038
v 537.445877 -17.579576 724.223155
v 519.144520 -18.073095 712.284403
v 542.589761 -17.630732 727.324746
v 524.285094 -17.786209 715.737756
v 547.731994 -17.786209 730.419461
v 528.128063 -17.702337 719.529633
v 553.530811 -17.927140 732.343409
v 533.520081 -17.684556 723.882077
v 559.630570 -18.123388 733.316959
v 538.741239 -17.702452 727.366200
v 565.800109 -18.362425 733.525943
v 543.401312 -17.726326 729.856317
v 571.911684 -18.638658 733.277561
v 548.247884 -17.901351 731.819724
v 577.960690 -18.844615 732.527172
v 554.975423 -18.026936 732.928980
v 583.936591 -19.176189 731.549877
v 562.196793 -18.323758 733.424539
v 589.825669 -19.428913 730.109074
v 568.429195 -18.598243 733.317443
v 595.641073 -19.695496 728.489529
v 573.694872 -18.847170 733.083851
v 601.361624 -19.971835 726.560796
v 579.653035 -19.010722 732.184647
v 607.028876 -20.357075 724.555314
v 585.543166 -19.299052 730.974588
v 612.637777 -20.653782 722.394627
v 591.377429 -19.598456 729.531082
v 618.179340 -20.949813 720.071584
v 597.163940 -19.901985 727.902129
v 623.645380 -21.248499 717.578855
v 602.826088 -20.203426 725.924958
v 629.121508 -21.551909 715.137094
v 608.453718 -20.505961 723.849610
v 634.554405 -21.855996 712.599315
v 614.039273 -20.808916 721.665115
v 639.936867 -22.160095 709.954898
v 619.585775 -21.111119 719.383506
v 645.271879 -22.463019 707.216404
v 625.055547 -21.409428 716.931108
v 650.610958 -22.766352 704.492634
v 630.438618 -21.709844 714.298106
v 655.993851 -23.066759 701.859719
v 635.904254 -22.011082 711.832318
v 661.280698 -23.358504 699.031811
v 641.270218 -22.294854 709.162876
v 666.600207 -23.651818 696.271721
v 646.601069 -22.581477 706.424269
v 671.930936 -23.938434 693.533176
v 651.931961 -22.868096 703.685642
v 677.261882 -24.225056 690.794521
v 657.262853 -23.154737 700.947014
v 682.592679 -24.511692 688.055942
v 662.593691 -23.441353 698.208476
v 687.923625 -24.798314 685.317349
v 667.904140 -23.849608 695.441162
v 693.289228 -24.972842 682.636294
v 673.209364 -24.114333 692.648350
v 698.684396 -25.241547 680.023555
v 678.568508 -24.378097 689.963163
v 704.043527 -25.505310 677.338374
v 683.873035 -24.637808 687.166116
v 709.480608 -25.760947 674.811585
v 689.234950 -24.882859 684.482709
v 714.929848 -26.009828 672.311441
v 694.551850 -25.247146 681.708187
v 720.465709 -26.148497 669.990616
v 699.917584 -25.475319 679.017969
v 726.034930 -26.375917 667.760492
v 705.331922 -25.691736 676.426527
v 731.702937 -26.593309 665.607649
v 711.270113 -25.914199 673.738013
v 737.346641 -26.798149 663.572587
v 717.286155 -26.239427 670.956647
v 743.103855 -26.890293 661.844517
v 723.372368 -26.426614 668.486761
v 748.877417 -27.064240 660.197620
v 729.636434 -26.598144 666.084384
v 754.729137 -27.220277 658.826164
v 735.977441 -26.851099 663.814109
v 760.662030 -27.252475 657.793478
v 741.700199 -26.960646 661.913231
v 766.645224 -27.362985 657.085162
v 747.493860 -27.143026 660.201579
v 772.672408 -27.344455 656.777296
v 753.369890 -27.292664 658.737024
v 778.716460 -27.292664 656.926555
v 759.328459 -27.307556 657.747066
v 784.736452 -27.307556 657.343765
v 765.327467 -27.297104 657.348275
v 790.735445 -27.297104 657.751576
v 771.335869 -27.270706 657.147978
v 796.718269 -27.270706 658.356664
v 777.354219 -27.328283 657.055956
v 802.668395 -27.127377 659.265924
v 783.360660 -27.267640 657.285844
v 808.592955 -27.067384 660.289689
v 789.367397 -27.189372 657.635595
v 814.458720 -26.988641 661.650207
v 795.356165 -27.192261 658.227440
v 820.263035 -26.790538 663.248987
v 801.315997 -27.076022 659.055746
v 826.000364 -26.674650 665.076323
v 807.245958 -27.043253 660.098658
v 831.649613 -26.438203 667.157567
v 813.118526 -26.888829 661.408080
v 837.218967 -26.286318 669.441560
v 818.913802 -26.719587 663.005044
v 842.716777 -26.114426 671.880730
v 824.670151 -26.630843 664.759999
v 848.097244 -25.829917 674.571345
v 830.305937 -26.432233 666.835771
v 853.448374 -25.627279 677.300177
v 835.864566 -26.218847 669.101513
v 858.739923 -25.416202 680.137869
v 841.381951 -25.997310 671.471747
v 863.935650 -25.191821 683.151341
v 846.734512 -25.766065 674.174242
v 869.205782 -24.963519 686.011786
v 852.083767 -25.534052 676.884358
v 874.426936 -24.728893 688.961746
v 857.391281 -25.396341 679.681447
v 879.643835 -24.393974 691.910328
v 862.607489 -25.061669 682.631389
v 884.950698 -24.256509 694.708799
v 867.880316 -24.827645 685.484905
v 890.223539 -24.022484 697.562322
v 873.107878 -24.595410 688.423150
v 895.579148 -23.792865 700.260695
v 878.296909 -24.372521 691.444163
v 901.054126 -23.566956 702.722076
v 883.583436 -24.156763 694.283432
v 906.536957 -23.351376 705.156152
v 888.892067 -23.951910 697.090342
v 912.109656 -23.144342 707.386837
v 894.253174 -23.754806 699.803595
v 917.751174 -22.951456 709.443800
v 899.699252 -23.472374 702.329806
v 923.435915 -22.868900 711.381924
v 905.189038 -23.304676 704.781321
v 929.207345 -22.699172 713.056535
v 910.770881 -23.147655 707.003791
v 935.007814 -22.546739 714.615390
v 916.399399 -22.907571 709.111382
v 940.874717 -22.506336 715.932372
v 922.094100 -22.782151 711.041622
v 946.778615 -22.380776 717.062235
v 927.846482 -22.670998 712.795946
v 952.713750 -22.269913 718.010050
v 933.669940 -22.474477 714.260175
v 958.654249 -22.272990 718.894361
v 939.516039 -22.391685 715.666695
v 964.637827 -22.190710 719.485206
v 945.415077 -22.322772 716.796823
v 970.619773 -22.121135 720.023024
v 951.330546 -22.266167 717.877158
v 976.626515 -22.065406 720.286298
v 957.282442 -22.122528 718.688143
v 982.629149 -22.122528 720.498622
v 963.171974 -22.090851 719.353119
v 988.635155 -22.090851 720.565652
v 969.166904 -22.070068 719.889635
v 994.640824 -22.070068 720.496157
v 975.171753 -22.060226 720.294006
v 1000.643173 -22.060226 720.294006
v 981.182118 -22.071136 720.456115
v 1006.640642 -22.071136 720.052011
v 987.185688 -22.097214 720.340805
v 1012.639559 -22.097214 719.936776
v 993.184620 -22.123291 720.225571
v 1018.638384 -22.123291 719.821543
v 999.189849 -22.058861 720.273161
v 1024.630670 -22.260772 719.465516
v 1005.192857 -22.116084 720.143746
v 1030.622086 -22.317903 719.134650
v 1011.198115 -22.195132 720.030074
v 1036.603468 -22.396762 718.618665
v 1017.195553 -22.190532 719.744282
v 1042.582801 -22.593504 718.132394
v 1023.194636 -22.303931 719.485595
v 1048.549698 -22.706392 717.473289
v 1029.190820 -22.338051 719.131194
v 1054.502708 -22.940715 716.720538
v 1035.178977 -22.489649 718.697901
v 1060.311350 -23.088039 715.905415
v 1041.173140 -22.660573 718.271907
v 1066.559259 -23.269840 714.819394
v 1047.142895 -22.757374 717.611077
v 1073.296211 -23.594280 713.635773
v 1053.095349 -22.974309 716.846826
v 1080.220148 -23.842303 712.289859
v 1059.053383 -23.111269 716.070132
v 1086.187084 -24.205370 710.818448
v 1064.986457 -23.373633 715.152232
v 1090.938563 -24.428596 709.455428
v 1070.919219 -23.562327 714.174856
v 1095.966277 -24.794150 707.810440
v 1076.787895 -23.878617 712.929973
v 1101.223692 -25.090310 706.063716
v 1082.644383 -24.123748 711.594720
v 1107.026490 -25.546038 703.873720
v 1088.477094 -24.401512 710.143112
v 1113.090331 -26.056184 701.249254
v 1094.219184 -24.802219 708.419000
v 1118.462779 -26.459901 698.680121
v 1099.922557 -25.136759 706.545256
v 1123.400802 -26.974187 695.929007
v 1105.611718 -25.503767 704.516724
v 1128.093077 -27.511031 692.874592
v 1111.126993 -25.999417 702.144283
v 1132.935241 -28.000173 689.539516
v 1116.586733 -26.425246 699.599924
v 1137.574516 -28.623966 685.807952
v 1121.889731 -26.884307 696.749714
v 1142.194278 -29.296728 681.672079
v 1123.334411 -27.005546 696.893516
v 1145.662601 -29.796570 677.821520
v 1127.806014 -27.366715 694.452456
v 1149.522686 -30.503568 673.218377
v 1132.089759 -27.886894 691.844619
v 1153.632674 -31.220917 667.737069
v 1136.218240 -28.403843 689.065980
v 1157.749648 -32.039015 661.382742
v 1140.208781 -28.765020 686.080598
v 1160.529671 -32.829198 655.889562
v 1144.042502 -29.310119 682.896437
v 1162.614383 -33.437204 650.764133
v 1147.581251 -29.836688 679.396154
v 1164.306600 -34.018026 645.945454
v 1151.052095 -30.396936 675.712030
v 1165.982194 -34.662679 640.367306
v 1154.248038 -30.932009 671.703824
v 1167.696320 -35.414770 633.920556
v 1157.118765 -31.706255 667.409701
v 1169.214565 -36.074182 627.090367
v 1159.836873 -32.276875 662.872717
v 1170.141653 -36.742280 620.966614
v 1162.344262 -32.831251 658.099183
v 1170.585797 -37.295416 615.861315
v 1164.473539 -33.395564 653.072253
v 1170.928258 -37.811951 610.946721
v 1166.429976 -34.202517 647.888968
v 1171.171158 -38.266388 605.556979
v 1167.957121 -34.751703 642.484296
v 1171.366820 -38.843343 599.863050
v 1169.340721 -35.322478 636.938860
v 1171.393980 -39.428997 593.820409
v 1170.540705 -35.869443 631.260547
v 1171.250984 -40.131119 586.512948
v 1171.535010 -36.431620 625.461717
v 1170.808687 -40.789555 579.703391
v 1173.013491 -36.784275 619.458405
v 1169.616737 -41.690698 571.903847
v 1173.947539 -37.409176 613.297971
v 1168.055413 -42.515685 564.196920
v 1174.552644 -37.833785 606.944900
v 1166.152779 -43.433695 557.345697
v 1174.808272 -38.555765 600.475599
v 1163.983041 -44.168848 551.160656
v 1174.952776 -39.066916 593.774685
v 1161.403588 -45.044498 545.555520
v 1174.475671 -39.864074 587.063527
v 1158.636558 -45.803741 539.942168
v 1173.584910 -40.475942 580.276534
v 1155.621007 -46.724256 534.585739
v 1172.369308 -41.340903 573.465619
v 1152.121438 -47.571016 529.076058
v 1170.716690 -42.032948 566.642807
v 1148.469719 -48.553612 524.066707
v 1168.486528 -42.976019 559.998791
v 1144.842315 -49.356204 519.465854
v 1165.984604 -43.771781 553.334931
v 1141.087265 -50.266739 515.447678
v 1163.047263 -44.771560 546.868277
v 1137.095500 -51.084151 511.447629
v 1159.728616 -45.805683 540.569370
v 1132.969554 -51.902685 507.713309
v 1156.023612 -46.696050 534.459124
v 1128.627931 -52.892692 504.128194
v 1151.970519 -47.764405 528.603698
v 1123.868816 -53.831818 500.501994
v 1147.652863 -48.722504 522.917572
v 1118.860291 -54.914454 497.220976
v 1143.022136 -50.112069 517.661973
v 1113.695665 -55.554094 494.079861
v 1137.790137 -51.121294 513.444852
v 1109.068885 -56.451011 490.349411
v 1132.726939 -52.097514 509.368185
v 1104.447603 -57.345226 486.628099
v 1127.670147 -53.072583 505.296632
v 1099.956617 -58.215301 483.011524
v 1122.616647 -54.047004 501.227793
v 1095.687902 -59.044091 479.573750
v 1117.558953 -55.128156 497.246592
v 1091.650064 -59.668889 476.145538
v 1112.444590 -56.031348 493.351624
v 1087.892696 -60.379078 472.635964
v 1107.465666 -57.022501 489.324176
v 1084.153864 -60.948700 469.202409
v 1102.363081 -57.869040 485.449962
v 1080.718626 -61.633293 465.452369
v 1097.501726 -58.699986 481.322990
v 1077.199269 -62.309311 461.697282
v 1092.671000 -59.516407 477.163431
v 1073.788797 -62.988997 457.630116
v 1088.027039 -60.424146 472.847860
v 1070.357163 -63.579481 453.284782
v 1083.402307 -61.199673 468.493351
v 1067.088189 -64.297291 448.462093
v 1078.864184 -61.991784 463.705664
v 1063.956178 -65.013677 443.358251
v 1074.893236 -62.788774 459.222055
v 1061.170572 -65.614029 438.032647
v 1071.084035 -63.473290 454.561514
v 1058.840076 -66.283379 432.482243
v 1067.574337 -64.223504 449.673023
v 1056.921681 -66.836420 426.759760
v 1064.355147 -64.947241 444.568640
v 1055.519497 -67.356964 420.873033
v 1061.494316 -65.533061 439.229198
v 1054.653010 -67.947639 414.882197
v 1059.095446 -66.188264 433.675875
v 1054.285896 -68.392641 408.826536
v 1057.119207 -66.791134 427.942190
v 1054.499247 -68.806487 402.750266
v 1055.801261 -67.352162 422.049043
v 1054.996944 -69.161874 396.713070
v 1055.444165 -67.867626 416.078605
v 1055.041660 -69.477649 390.720744
v 1055.322095 -68.261379 410.092796
v 1054.919591 -69.871394 384.735056
v 1055.290123 -68.805542 404.113441
v 1054.685937 -70.013914 378.737634
v 1055.144477 -69.180993 398.126218
v 1054.540076 -70.188329 372.741352
v 1054.988620 -69.589688 392.138371
v 1054.383919 -70.194389 366.740917
v 1054.823179 -69.990402 386.145463
v 1054.218307 -69.990402 360.740859
v 1054.568588 -70.081459 380.149260
v 1054.165289 -69.879809 354.741456
v 1054.432359 -70.026146 374.151168
v 1054.029059 -69.824497 348.743303
v 1054.218024 -69.892532 368.154217
v 1054.016348 -69.892532 342.743031
v 1054.140508 -69.816416 362.154916
v 1053.938838 -70.018086 336.744452
v 1053.989380 -69.806751 356.155092
v 1053.989380 -70.210063 330.746458
v 1053.952637 -69.765310 350.152782
v 1053.952637 -70.571631 324.753651
v 1053.913086 -69.731088 344.146559
v 1053.913086 -71.140692 318.773698
v 1053.954877 -69.691654 338.128085
v 1053.754109 -72.100874 312.831280
v 1053.965574 -69.888083 332.112150
v 1053.562745 -73.312127 306.935352
v 1053.936352 -70.335402 326.110416
v 1053.335858 -74.739020 301.089860
v 1053.781597 -71.461513 320.218083
v 1053.180306 -75.670554 295.164263
v 1053.627141 -72.936254 314.372590
v 1053.021766 -75.963129 289.148625
v 1053.387179 -74.155886 308.468533
v 1052.984883 -75.966219 283.123875
v 1053.273820 -75.000134 302.507157
v 1052.870708 -75.806358 277.111099
v 1053.080816 -75.437204 296.517679
v 1052.879146 -75.638875 271.107154
v 1053.091062 -75.543594 290.517839
v 1052.687746 -75.543594 265.108915
v 1053.059015 -75.588219 284.517210
v 1052.454156 -75.386600 259.113130
v 1056.791851 -76.128420 355.308629
v 1050.618250 -75.099486 225.662991
v 1058.232155 -76.023013 344.621509
v 1049.310942 -75.031767 219.724523
v 1059.241459 -75.914297 333.403988
v 1047.877610 -74.967309 214.083571
v 1061.251057 -75.821822 323.534001
v 1045.578117 -74.899884 208.291796
v 1063.371624 -75.731900 313.981375
v 1042.683771 -74.832428 202.446867
v 1065.522849 -75.645115 304.873052
v 1039.233839 -74.768815 197.088112
v 1068.269823 -75.563668 295.484240
v 1034.610313 -74.700604 191.916513
v 1071.765916 -75.480437 285.715984
v 1028.698494 -74.635978 187.758712
v 1048.678001 -74.987809 230.375496
v 1021.676402 -74.565909 184.388397
v 1061.736285 -75.110133 243.485078
v 1013.641835 -74.493538 182.442120
v 1061.239127 -75.033272 235.269216
v 1005.665736 -74.422575 182.138613
v 1060.428081 -74.961149 228.096319
v 997.807026 -74.347217 182.665360
v 1058.851163 -74.888444 221.911578
v 990.071617 -74.263175 183.144924
v 1056.333626 -74.812113 216.701970
v 983.288424 -74.176937 183.672836
v 1051.931603 -75.039054 212.227031
v 976.811801 -73.765837 183.579650
v 1046.870220 -74.940427 208.590697
v 970.612402 -73.669464 183.171424
v 1041.103383 -74.831148 205.404707
v 964.942979 -73.572298 182.745414
v 1034.543095 -74.704762 202.806722
v 959.974036 -73.482319 182.025182
v 1027.907106 -74.577592 200.403825
v 954.675523 -73.377074 181.195541
v 1021.733294 -74.446507 198.434741
v 949.321529 -73.269080 180.184621
v 1015.981267 -74.317325 196.707672
v 943.700210 -73.142023 179.078146
v 1010.153309 -74.180683 195.287883
v 937.872311 -73.005382 177.658372
v 1004.381164 -74.329926 193.612073
v 931.978070 -72.563997 176.541425
v 998.664208 -74.166685 191.705338
v 926.006047 -72.394535 175.755985
v 992.813929 -73.985684 190.385226
v 920.155797 -72.213535 174.435880
v 986.895209 -74.072107 189.338320
v 914.378595 -71.713843 172.830473
v 981.042183 -74.133794 187.992113
v 908.546011 -71.186795 171.488919
v 975.003300 -73.880179 187.468223
v 902.942656 -70.926874 169.157732
v 968.892027 -73.885611 187.059252
v 897.493988 -70.345213 166.406927
v 962.731092 -73.569056 186.699879
v 892.219598 -70.043481 163.196048
v 956.562179 -73.249601 186.164233
v 887.115389 -69.718409 159.680285
v 950.417212 -72.924114 185.378024
v 882.162441 -69.393695 155.957865
v 944.521336 -72.611250 183.884693
v 877.124402 -69.064043 152.551031
v 938.724317 -72.292121 182.117320
v 872.128885 -68.756080 149.114275
v 933.088937 -71.987459 179.983530
v 867.088947 -68.451745 145.804964
v 927.488297 -71.690843 177.755551
v 862.104179 -68.156566 142.412785
v 921.876388 -71.107976 175.411464
v 857.162965 -68.166457 138.936626
v 916.526644 -70.835486 172.826773
v 852.154887 -67.882654 135.621081
v 910.169866 -70.827574 171.685383
v 848.328586 -67.293787 130.457863
v 903.948883 -70.793625 170.074657
v 844.799977 -66.653201 125.121486
v 897.697711 -70.702579 168.245649
v 841.774892 -65.993289 119.386766
v 892.160157 -70.302791 165.435115
v 838.484317 -65.584036 114.118653
v 886.457420 -70.169901 162.633343
v 835.773860 -64.865808 108.413724
v 881.355864 -69.738472 159.174515
v 832.860486 -64.415808 102.990844
v 876.570089 -69.280577 155.378021
v 829.989957 -63.973980 97.595074
v 871.740030 -68.828173 151.552330
v 827.492037 -63.518414 91.965035
v 867.372214 -68.377703 147.326756
v 824.849980 -63.062424 86.496337
v 863.313043 -67.917077 142.854972
v 822.142845 -62.623766 81.099672
v 859.151331 -67.473695 138.420731
v 819.761535 -62.182528 75.514641
v 855.447787 -66.754047 133.695669
v 817.154815 -62.041066 70.070427
v 852.026788 -66.329040 128.767260
v 814.426513 -61.629005 64.729292
v 848.459640 -65.927699 123.913285
v 811.996915 -61.222831 59.221353
v 845.197722 -65.244970 118.896831
v 809.415662 -61.138831 53.785210
v 842.107658 -64.891844 113.760037
v 806.779162 -60.770186 48.402321
v 838.726547 -64.268776 108.788930
v 804.547819 -60.733045 42.788628
v 835.953757 -63.958312 103.477076
v 801.775009 -60.422579 37.476734
v 833.188933 -63.659652 98.160805
v 799.010192 -60.123920 32.160477
v 830.112513 -62.814181 93.027723
v 796.617481 -60.463652 26.625289
v 827.400348 -62.595293 87.680313
v 793.905316 -60.244764 21.277878
v 824.682947 -62.382616 82.335432
v 791.187909 -60.032087 15.932984
v 822.501168 -61.911337 76.722509
v 787.830836 -60.148439 10.907640
v 820.545468 -61.480962 70.964375
v 784.014254 -60.302536 6.150933
v 818.431199 -61.364139 65.253811
v 780.066966 -60.183701 1.510162
v 816.158265 -60.970185 59.604970
v 775.986131 -60.379419 -3.016297
v 813.729768 -60.886624 54.011857
v 771.788610 -60.295904 -7.423079
v 811.738431 -60.823821 49.291540
v 767.480135 -60.225736 -11.713143
v 809.550631 -60.771365 44.507066
v 763.055027 -60.167526 -15.876836
v 807.557886 -60.412537 40.159979
v 758.517082 -60.412537 -19.915006
v 805.664026 -60.369690 36.463549
v 754.041627 -60.369690 -23.972426
v 804.117719 -60.331528 32.173983
v 748.963941 -60.331528 -27.469057
v 802.666379 -60.295547 28.811070
v 744.085277 -60.295547 -31.101421
v 801.544796 -60.258774 25.077215
v 738.787615 -60.258774 -34.269248
v 800.159112 -60.218216 21.122854
v 733.368595 -60.218216 -37.230962
v 797.052868 -60.577436 15.510610
v 727.707496 -59.876978 -39.825593
v 793.743304 -60.520007 9.993435
v 721.902310 -59.815684 -42.126498
v 790.303312 -60.442212 4.453885
v 715.885410 -59.740156 -43.987955
v 787.468248 -60.761889 -1.539214
v 709.388318 -59.342254 -44.838085
v 783.474280 -61.024168 -7.917535
v 702.796630 -58.919534 -45.099409
v 779.727467 -61.261375 -14.615393
v 695.961975 -58.445728 -44.179684
v 775.632528 -61.437438 -22.025255
v 689.035839 -57.917248 -41.738323
v 770.789623 -61.939162 -29.936824
v 682.380029 -57.027518 -37.655122
v 764.960439 -62.371773 -34.687607
v 676.304464 -56.039204 -34.687607
v 758.976949 -61.933423 -34.693558
v 670.320973 -55.600853 -34.693558
v 752.993245 -61.495053 -34.699493
v 664.337270 -55.162484 -34.699493
v 747.009419 -61.056668 -34.705429
v 658.353444 -54.724099 -34.705429
v 741.025594 -60.618298 -34.711365
v 652.369618 -54.285729 -34.711365
v 735.041829 -60.179929 -34.717316
v 646.385854 -53.847359 -34.717316
v 729.058003 -59.741559 -34.723251
v 640.402028 -53.408989 -34.723251
v 723.074239 -59.303189 -34.729187
v 634.418263 -52.970620 -34.729187
v 717.090413 -58.864804 -34.735123
v 628.434423 -52.532233 -34.735123
v 711.106587 -58.426434 -34.741074
v 622.450597 -52.093864 -34.741074
v 705.122823 -57.988065 -34.747009
v 616.466832 -51.655494 -34.747009
v 699.143594 -57.550019 -34.752945
v 610.483068 -51.217124 -34.752945
v 693.155599 -57.106549 -34.756516
v 604.499593 -50.773977 -34.756516
v 687.144546 -57.032987 -34.741714
v 598.541168 -50.000973 -34.741714
v 681.166747 -56.520443 -34.710892
v 592.563308 -49.488424 -34.710892
v 675.188827 -56.007899 -34.680054
v 586.585601 -48.975897 -34.680054
v 669.211059 -55.495358 -34.649231
v 580.607818 -48.463354 -34.649231
v 663.233276 -54.982800 -34.618393
v 574.630034 -47.950796 -34.618393
v 657.255493 -54.469006 -34.587158
v 568.652251 -47.437002 -34.587158
v 651.208880 -54.729197 -34.952267
v 562.730163 -46.302652 -34.250055
v 645.238024 -54.143018 -34.897550
v 556.759307 -45.716473 -34.195338
v 639.229991 -53.933491 -34.834731
v 550.820245 -44.811850 -34.133067
v 633.224355 -53.673963 -34.758034
v 544.888874 -43.858909 -34.056958
v 627.209238 -53.370910 -35.437125
v 538.975262 -42.866866 -33.336316
v 621.090349 -52.289143 -38.742357
v 533.160066 -42.440952 -30.301050
v 614.843274 -50.842809 -41.244587
v 527.493240 -42.389580 -27.155871
v 608.347661 -49.455339 -43.687082
v 522.107423 -42.443937 -23.354017
v 601.727618 -48.204385 -45.471541
v 516.963393 -42.553436 -19.335905
v 595.003034 -47.406091 -46.697698
v 512.082511 -42.487077 -15.075464
v 588.313301 -46.301536 -47.285164
v 507.389571 -42.783113 -10.693565
v 581.744500 -45.273070 -47.157608
v 502.840255 -43.159563 -6.296483
v 575.345450 -44.724957 -46.379279
v 485.873557 -43.083271 5.333831
v 569.096356 -43.828384 -45.132146
v 482.017618 -43.828384 10.207612
v 563.275269 -43.806015 -43.069879
v 477.774992 -43.806015 14.744595
v 557.702918 -43.825027 -40.579376
v 473.379220 -43.825027 19.184021
v 552.332724 -43.467787 -37.804503
v 469.072768 -44.284061 23.416054
v 547.343916 -43.534923 -34.422301
v 464.368157 -44.356465 27.193362
v 542.851631 -43.608513 -30.403626
v 459.196879 -44.428658 30.287073
v 538.627095 -43.670494 -25.989590
v 453.652468 -44.487558 32.838995
v 533.698861 -43.719093 -22.567964
v 448.724260 -44.536156 36.260604
v 528.141829 -43.778542 -20.033674
v 444.487064 -44.598687 40.657033
v 522.961293 -43.455804 -16.945154
v 439.993370 -45.098733 44.664687
v 517.958328 -43.566566 -13.618825
v 435.383298 -45.201715 48.516841
v 513.346480 -43.680473 -9.769421
v 430.378557 -45.323402 51.840420
v 508.664631 -43.818273 -6.012371
v 425.407391 -45.450768 55.206189
v 504.005133 -43.546045 -2.208943
v 420.371431 -46.005860 58.466487
v 499.949354 -43.691066 2.447654
v 414.614024 -46.152662 60.705425
v 495.875109 -43.848097 7.164317
v 408.669781 -46.293106 62.584527
v 491.881693 -44.394350 12.128060
v 402.409866 -46.036035 63.841132
v 487.771994 -44.531465 17.106742
v 396.005349 -46.170156 64.628754
v 483.577323 -44.654242 22.198483
v 389.414760 -46.291851 64.776336
v 479.247692 -44.759582 27.397381
v 382.689278 -46.396166 64.220504
v 474.612901 -45.253569 32.309009
v 376.009815 -46.068471 63.275268
v 469.744532 -45.719330 37.167107
v 369.333633 -45.719330 61.657570
v 464.558246 -45.751160 41.635941
v 362.793070 -45.751160 59.691053
v 459.104750 -45.755325 45.835950
v 356.382417 -45.755325 57.249542
v 453.367640 -45.731979 49.195159
v 350.172307 -45.731979 54.928233
v 447.453247 -45.695648 52.250504
v 344.098770 -45.695648 52.250504
v 441.453644 -45.677521 52.249207
v 338.099152 -45.677521 52.249207
v 435.446470 -44.914352 52.613579
v 332.108263 -46.554641 51.793434
v 429.430226 -44.255975 52.552450
v 326.131038 -47.535314 51.732615
v 423.384117 -43.298528 52.477257
v 320.191994 -49.031424 51.658272
v 417.312003 -42.482584 52.796299
v 314.294396 -50.658584 51.161099
v 411.228469 -41.824111 52.695373
v 308.432557 -52.430038 51.063691
v 405.174324 -41.660607 52.599956
v 302.569008 -53.973245 50.958271
v 399.128658 -41.639406 52.103741
v 296.720158 -55.566962 51.284473
v 393.186977 -42.469510 52.033902
v 290.778477 -56.397067 51.214634
v 387.296788 -43.679390 51.579742
v 284.778713 -56.801704 51.579742
v 381.346700 -44.449728 51.566589
v 278.828640 -57.572040 51.566589
v 375.449144 -45.644948 51.567810
v 272.819350 -57.862780 51.567810
v 369.577296 -47.125326 51.593262
v 266.768576 -57.732574 51.593262
v 363.681850 -48.517326 51.239410
v 260.722188 -57.505868 52.056550
v 357.739093 -49.443413 51.310323
v 254.711789 -57.620184 52.128000
v 351.833522 -51.094908 50.992401
v 248.651021 -56.827269 52.630218
v 345.845287 -51.453174 51.100571
v 242.662892 -57.185529 52.738387
v 339.856914 -51.811462 51.208729
v 236.674733 -57.543805 52.846542
v 333.868953 -52.169729 51.316896
v 230.686604 -57.902082 52.954711
v 327.942343 -54.078608 51.440223
v 224.629953 -56.538426 53.080102
v 321.939018 -54.261538 51.171832
v 218.642861 -56.720970 53.631264
v 315.943321 -54.440025 51.314018
v 212.647377 -56.899452 53.773445
v 309.947838 -54.618522 51.456215
v 206.651894 -57.077950 53.915642
v 303.952324 -54.797020 51.598396
v 200.656380 -57.256447 54.057823
v 297.946509 -54.958594 52.530098
v 194.647248 -57.418101 53.349933
v 291.930761 -55.493468 56.454236
v 188.780455 -57.130775 49.086357
v 285.605840 -55.591030 61.108842
v 183.504312 -57.237828 42.994055
v 278.611560 -55.692810 65.512957
v 179.035298 -57.338698 35.886963
v 270.854545 -55.793530 69.224600
v 175.486826 -57.437801 28.117824
v 262.589660 -56.305365 71.281610
v 172.555019 -57.123862 20.534809
v 254.861390 -56.392646 72.317475
v 170.154175 -57.215046 13.104663
v 247.424116 -56.477891 72.179628
v 168.094590 -57.295721 5.935388
v 240.459816 -56.555253 70.961241
v 166.165069 -57.371679 -0.884234
v 233.999054 -56.624027 68.880360
v 164.273618 -57.444326 -7.407466
v 228.079988 -56.688262 66.078026
v 162.321292 -57.510245 -13.654397
v 222.994146 -56.749734 62.461366
v 159.940228 -57.568616 -19.426841
v 218.047261 -56.807008 58.664656
v 157.744538 -57.621909 -25.270216
v 213.583931 -56.855256 54.465841
v 155.311485 -57.675994 -30.890982
v 209.760509 -57.312347 49.809947
v 152.429946 -57.312347 -36.185900
v 205.980618 -57.356430 45.115842
v 149.596217 -57.356430 -41.503673
v 202.863208 -57.397873 39.985864
v 146.103206 -57.397873 -46.388050
v 199.604743 -57.436508 35.052742
v 142.796642 -57.436508 -51.394367
v 196.969990 -57.473373 29.491312
v 138.695502 -57.473373 -55.868499
v 194.282243 -57.507736 24.052974
v 134.518616 -57.507736 -60.271049
v 191.921159 -57.540146 18.348940
v 129.777382 -57.540146 -64.236867
v 189.828293 -57.570938 12.367859
v 124.469358 -57.570938 -67.696836
v 187.690514 -57.600250 6.306497
v 118.822233 -57.600250 -70.760391
v 185.874084 -57.628220 -0.240383
v 112.384310 -57.628220 -72.913602
v 183.653173 -57.654999 -6.656321
v 105.820304 -57.654999 -74.657665
v 181.876836 -57.680710 -14.043134
v 98.219490 -57.680710 -74.735716
v 179.610420 -57.705368 -21.522778
v 90.483754 -57.705368 -73.854030
v 176.677198 -57.729050 -28.842654
v 82.811816 -57.729050 -72.102354
v 173.320913 -57.751709 -36.695977
v 74.544570 -57.751709 -68.798290
v 168.972482 -57.773331 -43.621152
v 67.299923 -57.773331 -64.939591
v 163.920832 -57.793915 -50.236292
v 60.623804 -57.793915 -60.074104
v 158.170181 -57.808289 -55.445114
v 54.620590 -57.808289 -55.445114
v 152.169879 -57.800232 -55.843274
v 48.823010 -57.800232 -55.023061
v 146.170459 -57.775467 -55.789412
v 42.819226 -57.775467 -54.969164
v 140.170917 -57.750702 -55.735563
v 36.819684 -57.750702 -54.915316
v 134.171375 -57.725937 -55.681715
v 30.820141 -57.725937 -54.861467
v 128.171832 -57.701157 -55.627852
v 24.820599 -57.701157 -54.807604
v 122.172290 -57.676392 -55.574003
v 18.821057 -57.676392 -54.753755
v 116.172733 -57.651627 -55.520140
v 12.821515 -57.651627 -54.699892
v 110.173206 -57.626846 -55.466292
v 6.821972 -57.626846 -54.646044
v 104.173679 -57.602081 -55.412428
v 0.822445 -57.602081 -54.592180
v 98.174137 -57.577316 -55.358580
v -5.177097 -57.577316 -54.538332
v 92.174594 -57.552536 -55.304731
v -11.176639 -57.552536 -54.484484
v 86.175037 -57.527771 -55.250868
v -17.176181 -57.527771 -54.430620
v 80.175495 -57.503006 -55.197020
v -23.175723 -57.503006 -54.376772
v 74.175968 -57.478241 -55.143156
v -29.175266 -57.478241 -54.322908
v 68.176425 -57.453461 -55.089308
v -35.174808 -57.453461 -54.269060
v 62.176883 -57.428696 -55.035460
v -41.174350 -57.428696 -54.215212
v 56.177341 -57.403931 -54.981596
v -47.173892 -57.403931 -54.161348
v 50.177814 -57.379150 -54.927748
v -53.173419 -57.379150 -54.107500
v 44.178211 -57.375702 -54.871626
v -59.173023 -57.375702 -54.051378
v 38.178638 -57.394073 -54.813200
v -65.172580 -57.394073 -53.992952
v 32.179126 -57.412979 -54.754713
v -71.172107 -57.412979 -53.934465
v 26.181259 -57.430466 -54.330246
v -77.173218 -57.430466 -54.330246
v 20.180149 -57.446045 -53.966326
v -83.171070 -57.446045 -54.786573
v 14.180637 -57.461090 -54.028917
v -89.170597 -57.461090 -54.849165
v 8.169454 -57.474640 -53.327430
v -95.155736 -57.474640 -55.787553
v 2.147745 -57.485733 -52.722531
v -101.125452 -57.485733 -56.820674
v -3.882894 -57.494781 -52.205779
v -107.078242 -57.494781 -57.938854
v -9.919979 -57.501495 -51.797209
v -113.011801 -57.501495 -59.160911
v -16.035972 -57.505417 -50.716506
v -118.844678 -57.505417 -61.323753
v -22.138698 -57.506119 -50.165903
v -124.656774 -57.506119 -63.288217
v -28.278122 -57.502975 -49.068142
v -130.288353 -57.502975 -66.205861
v -34.489677 -57.495361 -47.690295
v -135.680866 -57.495361 -69.902995
v -40.828409 -57.482559 -45.809265
v -140.652033 -57.482559 -74.683866
v -47.242486 -57.463806 -43.780889
v -145.116226 -57.463806 -80.276183
v -54.766690 -57.438446 -41.704492
v -148.742083 -57.438446 -87.043499
v -62.895101 -57.406158 -39.599652
v -151.235606 -57.406158 -94.915672
v -71.544940 -57.367310 -38.408346
v -152.715658 -57.367310 -103.180939
v -80.129391 -57.322968 -38.277203
v -153.330834 -57.322968 -111.478646
v -88.131845 -57.683233 -39.345095
v -153.488732 -56.866272 -119.407284
v -94.997970 -57.632900 -41.677634
v -153.826521 -56.815837 -126.652210
v -101.185344 -57.580392 -44.825847
v -154.119408 -56.766021 -133.592203
v -106.506581 -57.530561 -48.716591
v -154.675697 -56.714135 -140.156273
v -110.843793 -57.480685 -53.246792
v -155.752821 -56.664158 -146.330960
v -114.550956 -57.433232 -58.136038
v -157.132818 -56.614350 -152.307464
v -118.137488 -56.977325 -63.113191
v -158.354965 -56.977325 -158.321916
v -121.282101 -56.933350 -68.306479
v -159.808287 -56.933350 -164.212092
v -123.544197 -56.890411 -73.863392
v -162.070377 -56.890411 -169.768991
v -125.806276 -56.847473 -79.420278
v -164.332456 -56.847473 -175.325876
v -128.067730 -56.803543 -84.977302
v -166.593916 -56.803543 -180.882914
v -129.533661 -57.153319 -90.863274
v -169.749887 -56.332580 -186.069033
v -129.999819 -57.465581 -97.231068
v -174.238883 -55.827097 -190.624650
v -130.275035 -57.741872 -103.822211
v -179.407953 -55.285226 -194.718107
v -131.184712 -57.581681 -110.205601
v -184.465559 -55.122564 -198.733781
v -131.960067 -57.807617 -116.841691
v -190.205010 -54.526211 -202.158226
v -132.857311 -57.590408 -123.606569
v -196.392008 -54.332218 -205.061304
v -134.237101 -57.367837 -130.250326
v -202.665433 -54.109345 -207.639509
v -136.044341 -57.552817 -136.795836
v -209.069386 -53.450287 -209.820882
v -138.045230 -57.299446 -143.427243
v -215.817042 -53.206193 -211.375248
v -140.645033 -57.040492 -149.702363
v -222.471593 -52.949164 -212.708815
v -143.452514 -56.775821 -156.066074
v -229.381189 -52.683979 -213.351860
v -146.957613 -56.502742 -161.754389
v -236.014682 -52.417556 -214.044779
v -150.637477 -56.227496 -167.516542
v -242.844718 -52.147530 -214.028160
v -154.738815 -55.957579 -172.889724
v -249.577453 -51.869707 -213.768447
v -159.329075 -55.690167 -177.534728
v -256.093923 -51.589962 -213.616537
v -164.112125 -55.403701 -182.051872
v -262.641759 -51.332229 -212.995062
v -169.089056 -55.149491 -186.461305
v -269.181351 -51.047348 -211.894592
v -174.429154 -54.870017 -189.956695
v -275.505254 -50.794368 -211.150070
v -179.866317 -54.609383 -193.510632
v -281.843201 -50.530308 -209.826932
v -185.515465 -54.362550 -196.385389
v -288.052854 -50.261054 -208.689875
v -191.302095 -54.099773 -198.680829
v -294.184064 -50.017155 -207.662588
v -196.233203 -53.892831 -201.088679
v -301.024995 -49.734427 -206.078765
v -202.170234 -53.651194 -202.973003
v -307.066127 -49.488659 -204.638017
v -208.159297 -53.412588 -204.253504
v -313.082968 -49.248950 -203.420777
v -214.191077 -53.168032 -205.768481
v -319.023730 -49.008006 -201.608455
v -220.256963 -53.310706 -206.683790
v -324.893209 -48.328027 -200.040219
v -226.416329 -53.400804 -208.214129
v -330.671018 -47.608877 -197.457693
v -232.640648 -53.460327 -209.560153
v -336.317467 -46.825010 -194.630690
v -238.845248 -53.473879 -210.278355
v -342.143001 -45.976462 -191.951335
v -245.148751 -53.430353 -211.160256
v -347.558864 -45.104327 -188.679986
v -251.607930 -53.353607 -212.250487
v -352.692299 -44.164119 -184.682023
v -258.075002 -53.178001 -212.915044
v -357.653972 -43.220104 -180.551878
v -264.658276 -53.015978 -213.496948
v -362.302519 -42.166618 -175.941471
v -271.271369 -52.796544 -213.754133
v -366.682556 -41.079380 -171.070180
v -278.053543 -52.497076 -213.987540
v -370.611703 -39.989216 -165.623816
v -284.603625 -51.751931 -213.519248
v -374.448683 -39.273451 -160.277733
v -291.585991 -51.425663 -213.297575
v -377.484139 -38.082262 -154.086232
v -298.161708 -50.630935 -212.216968
v -380.517141 -37.320966 -148.162740
v -304.441615 -49.840619 -210.501686
v -383.422628 -36.538554 -142.328597
v -310.797723 -49.074483 -208.641490
v -385.809562 -35.739045 -136.130048
v -317.009003 -47.893736 -206.467740
v -387.877954 -35.387451 -129.762522
v -322.931616 -47.172309 -203.744298
v -389.785312 -34.637241 -123.519857
v -328.434403 -46.038903 -200.575484
v -391.684468 -34.387575 -117.351715
v -333.565939 -44.579779 -197.041328
v -393.552808 -34.581968 -111.226785
v -338.567823 -43.184995 -193.292367
v -395.181233 -34.859494 -105.042055
v -343.440660 -42.266037 -189.307573
v -396.561048 -34.795983 -98.836911
v -348.461133 -41.811839 -185.257309
v -397.358476 -34.352922 -92.435234
v -353.118633 -40.993504 -180.926302
v -398.053835 -34.336437 -86.063102
v -357.601621 -40.197881 -176.401957
v -398.465793 -34.360142 -79.662284
v -361.916016 -39.842603 -171.673180
v -398.606886 -34.005419 -73.274931
v -365.669797 -39.090800 -166.669672
v -398.892803 -34.107348 -67.000653
v -369.118598 -38.384850 -161.493687
v -399.088529 -34.222359 -60.761411
v -372.413191 -38.119148 -156.192732
v -399.077368 -33.952870 -54.535557
v -375.163012 -37.458197 -150.715826
v -399.287339 -34.130704 -48.395407
v -377.771667 -37.237146 -145.154699
v -399.345106 -33.918156 -42.265987
v -380.153657 -36.639008 -139.524794
v -399.329958 -34.137751 -36.139515
v -381.651635 -36.468648 -133.701535
v -400.020179 -33.963847 -30.169742
v -383.934347 -35.900491 -128.007740
v -399.737965 -34.236952 -24.036562
v -384.842281 -35.777752 -122.078554
v -400.645885 -34.114215 -18.107467
v -385.743578 -35.656797 -116.148103
v -401.547192 -33.993258 -12.176955
v -386.644459 -35.537198 -110.217485
v -402.448075 -33.873660 -6.246322
v -387.945863 -35.018990 -104.350816
v -402.936462 -34.186179 -0.249435
v -388.440988 -34.932296 -98.359733
v -404.246087 -34.100449 5.621193
v -388.592061 -34.850495 -92.308629
v -406.017304 -34.020721 11.413061
v -389.156422 -34.777237 -86.318270
v -407.529600 -33.942093 17.239643
v -388.702522 -34.699692 -80.121060
v -410.286038 -33.869556 22.815710
v -388.747537 -34.624432 -73.986099
v -412.883189 -33.792168 28.382355
v -388.214313 -34.542240 -67.656483
v -416.449451 -33.711795 33.657828
v -387.473208 -34.868011 -61.153756
v -420.729395 -33.205202 38.614805
v -386.574485 -34.766852 -54.436829
v -425.775641 -33.098717 43.149027
v -385.748848 -34.642171 -47.520810
v -431.446154 -32.980451 47.197248
v -385.105531 -34.920618 -40.391801
v -437.722937 -32.415027 50.644666
v -384.258372 -34.747774 -32.733208
v -445.059309 -32.249105 53.054415
v -383.974973 -34.956637 -24.890160
v -452.730693 -31.643109 54.634528
v -384.307816 -35.145197 -16.905874
v -460.668305 -30.995170 55.304588
v -386.090566 -34.897655 -9.845299
v -467.911454 -30.723120 56.112354
v -388.430463 -35.027107 -2.922097
v -475.197894 -30.021294 56.313363
v -391.568587 -34.710167 3.311386
v -482.165669 -29.723172 56.506002
v -395.477167 -34.807114 8.665135
v -488.731044 -28.978747 56.957319
v -399.644400 -34.468766 13.795648
v -495.333240 -28.644227 57.063645
v -404.487983 -34.112248 18.306096
v -501.715322 -28.295228 57.363231
v -409.073809 -33.769606 22.441646
v -508.103462 -27.944332 57.393289
v -414.200381 -33.418717 25.991373
v -514.316462 -27.578612 57.694797
v -419.544321 -33.055251 29.003115
v -520.424903 -27.219185 58.183451
v -424.868175 -32.693805 32.247046
v -526.649969 -26.853866 58.109633
v -430.373783 -32.323486 34.959504
v -532.771051 -26.495999 58.269452
v -436.025797 -31.947206 37.140520
v -538.809012 -26.144928 58.691840
v -441.660488 -31.598223 39.520207
v -544.916129 -25.769276 58.672462
v -447.409705 -31.246251 41.398730
v -550.951321 -25.401160 58.934003
v -453.120242 -30.878184 43.635512
v -557.065355 -25.057258 58.603609
v -459.045518 -30.525502 44.509825
v -562.990646 -24.704575 59.477924
v -464.819264 -30.186766 46.538449
v -569.087494 -24.347745 59.050637
v -470.717925 -29.847150 47.673285
v -575.081377 -24.002796 59.361992
v -476.561865 -29.083281 49.177204
v -581.187476 -24.101109 59.141548
v -482.489671 -28.765366 50.142545
v -587.299063 -23.774442 59.292571
v -488.457566 -28.448700 50.674436
v -593.269403 -23.457660 59.824676
v -494.425355 -28.132034 51.206328
v -599.330937 -23.136530 60.364752
v -500.288104 -27.441896 52.915611
v -605.422518 -23.269895 59.590812
v -506.255251 -26.790951 53.312675
v -611.272262 -23.457078 59.980422
v -512.238314 -26.562374 53.699792
v -617.408062 -23.223651 60.377237
v -518.221224 -26.333797 54.086908
v -623.579646 -22.989085 60.776331
v -524.204256 -26.105220 54.474023
v -629.885383 -22.750264 61.183936
v -530.187166 -25.876644 54.861139
v -636.171972 -22.512046 61.590333
v -536.169710 -25.656841 55.257470
v -642.518422 -22.280691 62.009770
v -542.595041 -24.653600 51.345274
v -649.954273 -22.935852 67.663877
v -550.011716 -24.521428 45.577227
v -658.262156 -22.732165 77.783969
v -558.622032 -24.792275 39.904325
v -664.411088 -22.008353 90.942902
v -568.222621 -24.648058 35.384693
v -666.833042 -21.775910 105.273632
v -577.725563 -24.503342 33.252442
v -666.319707 -21.582656 117.952342
v -586.534389 -24.352200 33.255007
v -663.869469 -21.452135 127.990477
v -594.164278 -23.799223 35.054614
v -661.147389 -21.885420 135.529280
v -600.656289 -23.665594 38.101803
v -658.480343 -21.800302 140.692864
v -605.633924 -23.537081 42.242079
v -657.598067 -21.713777 145.258708
v -609.445980 -23.419604 47.054411
v -658.062378 -21.618997 149.689032
v -612.487703 -23.300797 52.254066
v -659.129042 -21.540747 153.456972
v -615.009856 -23.190051 57.696722
v -661.115298 -21.450223 157.736833
v -617.061130 -23.086966 63.359560
v -663.292626 -21.374688 160.959388
v -618.536043 -22.981283 69.315071
v -666.476773 -21.299152 164.355461
v -619.705849 -22.881907 75.477664
v -669.973952 -21.233772 166.949129
v -620.455846 -22.374903 81.975300
v -674.237429 -21.560031 169.166653
v -621.236585 -22.283923 88.636385
v -679.570459 -21.473730 172.086230
v -621.970494 -22.196124 95.582112
v -685.700636 -21.389414 174.639755
v -622.782184 -22.110891 102.830556
v -692.827567 -21.305772 176.901536
v -623.985886 -22.034713 110.188665
v -700.770030 -21.217860 178.804287
v -625.803469 -21.960809 117.420771
v -709.843698 -21.128728 180.658965
v -628.191261 -21.894019 124.525990
v -717.332863 -21.060920 180.343627
v -631.046279 -21.831139 131.721172
v -724.925641 -21.000348 179.076248
v -634.751119 -21.775828 137.944180
v -732.064889 -20.944086 177.867777
v -639.152303 -21.309753 143.384386
v -738.989923 -21.309753 176.663592
v -644.552232 -21.263702 146.112168
v -744.902509 -21.263702 177.627131
v -650.057627 -21.220566 148.637804
v -750.868916 -21.220566 178.631247
v -655.564990 -21.180664 151.192943
v -756.882505 -21.180664 179.428971
v -661.234991 -21.143021 153.201376
v -762.764779 -21.143021 180.664351
v -667.016622 -21.106140 154.804407
v -768.546381 -21.106140 182.267374
v -672.798483 -21.070038 156.406549
v -774.328256 -21.070038 183.869521
v -678.581046 -21.036041 158.006257
v -780.110834 -21.036041 185.469233
v -684.364005 -21.003372 159.604448
v -785.893822 -21.003372 187.067431
v -690.146979 -20.970703 161.202642
v -791.676752 -20.970703 188.665614
v -695.929923 -20.938034 162.800828
v -797.459726 -20.938034 190.263808
v -701.712897 -20.905365 164.399038
v -803.242685 -20.905365 191.862013
v -707.495856 -20.872696 165.997228
v -809.025629 -20.872696 193.460200
v -713.515341 -20.840134 166.748752
v -814.551905 -20.840134 195.974205
v -719.493275 -20.807846 167.694197
v -820.074410 -20.807846 198.450413
v -725.492361 -20.775406 168.619147
v -825.520680 -20.775406 201.128353
v -731.315247 -20.742493 170.117254
v -831.096339 -20.742493 203.377618
v -737.412069 -20.708817 170.848362
v -836.330750 -20.708817 206.592086
v -743.357375 -20.674149 172.071276
v -841.632197 -20.674149 209.548961
v -749.412132 -20.638229 173.073325
v -846.719950 -20.638229 212.994481
v -755.791172 -20.600372 173.445619
v -851.313264 -20.600372 217.468845
v -762.230912 -20.560150 173.927564
v -855.649805 -20.560150 222.305205
v -769.270577 -20.516724 173.645437
v -859.296721 -20.516724 228.661410
v -777.072550 -20.884858 172.824133
v -861.531750 -20.048628 236.377593
v -786.103546 -20.835331 170.462949
v -861.114913 -19.992507 246.317138
v -795.458801 -20.757353 171.208344
v -859.855597 -19.921031 254.840549
v -802.605970 -21.074494 173.510438
v -859.530189 -19.400252 262.245253
v -809.040161 -20.948606 176.672828
v -859.204070 -19.276476 269.476058
v -815.055475 -21.225271 180.390329
v -858.440901 -18.722265 276.338869
v -819.966111 -21.074195 184.828417
v -858.120251 -18.585882 282.702084
v -824.487733 -20.516275 189.560992
v -857.733532 -18.853985 289.298391
v -828.778637 -20.392251 194.519388
v -857.011139 -18.731515 295.824255
v -831.981162 -19.507584 199.874869
v -856.903842 -19.507584 302.057856
v -836.140691 -18.733281 205.117168
v -855.320006 -20.401048 308.518688
v -840.007496 -19.627869 210.556014
v -853.361374 -19.627869 314.883181
v -843.948052 -19.625656 216.179627
v -850.612625 -19.625656 321.146648
v -847.474609 -19.622772 222.048248
v -847.474609 -19.622772 327.226715
v -847.852422 -19.622025 227.997172
v -847.017697 -19.622025 333.172414
v -846.620066 -20.782792 233.949708
v -848.288881 -18.279569 339.085082
v -846.339243 -22.972260 240.053032
v -848.836425 -15.480716 344.934653
v -847.293828 -20.578046 245.903207
v -848.128110 -17.240915 351.022831
v -847.357158 -21.932360 251.997922
v -848.190204 -15.267993 356.961703
v -847.817749 -23.483348 258.144561
v -847.817749 -12.688898 362.767686
v -847.852173 -23.248981 264.144489
v -847.852173 -11.632985 368.688452
v -847.877197 -22.184686 270.073379
v -847.877197 -11.390233 374.696534
v -847.889648 -20.779628 275.966360
v -847.889648 -11.632168 380.746362
v -847.883667 -18.682014 281.830953
v -847.883667 -12.847764 386.847452
v -847.853088 -15.966647 287.745204
v -847.853088 -15.131923 392.920369
v -848.203659 -13.544876 293.781840
v -847.369591 -17.715215 398.874365
v -848.517289 -12.225009 299.866432
v -846.852240 -19.717732 404.764553
v -848.394780 -11.883808 305.910943
v -846.731813 -21.030126 410.677864
v -848.266494 -12.028142 311.921265
v -846.604721 -21.998780 416.612975
v -848.137893 -12.624315 317.889924
v -846.476121 -22.594948 422.581573
v -848.025572 -14.010736 323.790029
v -846.361514 -22.331023 428.625651
v -847.537434 -16.084338 329.663390
v -846.703656 -21.087010 434.719499
v -847.107910 -18.349453 334.145121
v -847.107910 -19.195712 440.773809
v -846.304663 -19.215879 338.811788
v -848.018210 -18.359105 446.765281
v -844.717727 -18.330604 343.760006
v -849.905613 -19.195252 452.705614
v -841.959497 -14.515746 349.335560
v -853.290517 -23.231915 458.287681
v -839.539878 -19.321640 355.066450
v -856.970004 -19.321640 464.004744
v -839.972862 -26.758645 361.249758
v -858.424603 -11.821521 469.324244
v -843.583526 -25.515055 366.045737
v -856.734212 -11.487656 475.634794
v -845.527852 -21.743088 370.869452
v -856.194466 -13.743128 481.980014
v -843.355585 -20.416167 376.175267
v -859.411561 -14.172176 487.675102
v -841.422314 -20.081923 382.066400
v -862.978706 -13.794643 493.441082
v -839.829697 -19.271304 388.350310
v -866.690951 -13.899053 498.481452
v -838.453929 -18.976942 394.822633
v -870.808883 -13.584450 503.571226
v -836.414017 -18.223625 401.702439
v -876.100481 -13.713800 508.134317
v -834.843239 -17.487674 408.712452
v -881.693365 -13.883818 512.323307
v -832.277962 -17.273429 416.964222
v -886.037348 -13.860135 509.976487
v -829.690015 -16.128737 426.375781
v -890.864232 -14.518889 507.673097
v -826.714396 -15.992514 438.197430
v -895.764126 -14.491433 503.494453
v -827.774959 -15.413376 448.985046
v -901.247121 -14.693061 502.288375
v -832.147010 -15.320504 456.640126
v -906.358952 -14.626934 503.109284
v -837.351723 -14.826035 462.075714
v -911.524793 -14.826035 504.946387
v -842.681545 -14.803375 466.840215
v -917.515531 -14.803375 507.291016
v -848.347940 -14.817444 471.521812
v -923.192986 -14.817444 509.275509
v -858.630407 -14.492057 477.076858
v -926.100498 -15.089137 510.513363
v -868.871740 -14.289068 482.930393
v -928.770847 -15.339929 511.303653
v -879.032528 -14.489284 488.027321
v -931.342494 -15.407002 512.346866
v -889.956461 -14.508421 493.439373
v -934.433394 -15.668688 513.550682
v -900.418712 -14.645567 498.367568
v -937.167984 -15.923802 514.665072
v -910.031031 -14.881500 502.711717
v -940.346161 -16.188186 516.039920
v -918.911367 -15.398012 506.744987
v -943.949815 -16.261407 517.537421
v -929.922723 -15.963115 511.510777
v -947.747861 -16.116780 519.194026
v -935.433874 -16.101887 513.880180
v -953.258955 -15.948223 521.563405
v -940.924989 -16.176582 516.302881
v -958.797273 -15.560296 523.852380
v -946.448987 -16.107828 518.649822
v -964.302722 -15.030447 526.191486
v -951.973369 -15.901477 520.988849
v -969.798646 -14.364815 528.518493
v -957.487415 -15.499170 523.321306
v -975.288154 -13.657715 530.840583
v -962.998608 -15.061329 525.659417
v -980.754364 -12.765326 533.159693
v -968.496962 -14.399559 527.968525
v -986.210139 -11.935117 535.515879
v -973.969783 -13.673244 530.317364
v -991.664738 -11.057468 537.856953
v -979.452247 -12.879130 532.621694
v -997.072969 -10.121104 540.282878
v -984.926964 -12.053916 534.935086
v -1002.444388 -9.134345 542.771829
v -990.354346 -11.122517 537.317841
v -1007.815400 -8.212341 545.282532
v -995.796115 -10.148169 539.657115
v -1013.100709 -7.367074 548.000401
v -1001.235185 -9.102198 542.001064
v -1018.254708 -6.802262 551.047477
v -1006.749807 -7.843326 544.274144
v -1023.005168 -7.076563 554.855464
v -1012.059321 -7.413843 547.126772
v -1027.437435 -7.106281 558.967920
v -1017.164961 -7.337892 550.364671
v -1031.451664 -6.877030 563.422410
v -1022.024424 -7.162251 553.976357
v -1035.084602 -6.701304 568.265728
v -1026.501306 -7.043031 558.039279
v -1038.311871 -6.429495 573.377675
v -1030.693036 -6.832330 562.417220
v -1040.969509 -6.218809 578.828900
v -1034.321594 -6.613192 567.239811
v -1043.348606 -6.001191 584.375832
v -1037.479785 -6.396342 572.365442
v -1045.461419 -5.782370 590.017132
v -1040.206874 -6.188624 577.719225
v -1047.429140 -5.573963 595.698059
v -1042.549496 -5.923208 583.239017
v -1049.455670 -5.462796 601.348540
v -1044.686532 -5.756799 588.842771
v -1051.601332 -5.295812 606.974913
v -1046.770175 -5.605567 594.467576
v -1053.818448 -5.145897 612.547927
v -1048.723346 -5.406691 600.146599
v -1056.405934 -5.099387 617.970201
v -1050.884148 -5.243931 605.750880
v -1059.193522 -5.090053 623.292890
v -1053.142879 -5.113373 611.328455
v -1062.373210 -5.113373 628.404569
v -1055.736554 -5.091125 616.753378
v -1065.746215 -5.091125 633.384815
v -1058.516923 -5.098206 622.093931
v -1069.461553 -5.098206 638.125502
v -1061.621620 -5.057267 627.328722
v -1073.425364 -5.210563 642.658260
v -1061.857189 -5.080073 628.619716
v -1077.571537 -5.271711 647.017002
v -1063.977098 -5.146632 632.275113
v -1081.983889 -5.353606 651.109802
v -1067.747970 -5.235231 638.537489
v -1087.230352 -5.434031 654.242674
v -1071.907402 -5.297922 643.817206
v -1092.813677 -5.493308 656.712665
v -1075.664640 -5.453751 647.695955
v -1098.536682 -5.453751 658.730712
v -1080.053342 -5.473923 650.982525
v -1105.125763 -5.473923 660.756519
v -1084.986790 -5.480133 653.904351
v -1111.899743 -5.480133 662.356353
v -1089.971444 -5.475266 656.346090
v -1118.795142 -5.475266 663.610600
v -1096.158206 -5.461441 658.614487
v -1125.478037 -5.461441 664.525743
v -1102.319461 -5.440674 660.323965
v -1131.449961 -5.440674 665.217889
v -1107.934073 -5.414688 661.717789
v -1141.556412 -5.414688 666.290427
v -1113.933702 -5.384567 662.887755
v -1147.565936 -5.384567 666.624670
v -1120.045496 -5.350983 663.892973
v -1153.588232 -5.350983 666.821307
v -1125.902494 -5.314667 664.737122
v -1159.600399 -5.314667 666.876672
v -1131.418162 -5.276840 665.214197
v -1161.428556 -5.276840 666.881441
v -1136.909704 -5.238037 665.758362
v -1171.588144 -5.238037 667.134491
v -1142.884102 -5.198715 666.236074
v -1225.298684 -5.198715 668.198326
v -1153.051604 -5.159485 666.564670
v -1230.763312 -5.159485 667.798189
v -1154.896502 -5.120316 666.593519
v -1236.241572 -5.120316 667.884710
v -1160.889118 -5.081131 666.688209
v -1241.747860 -5.081131 667.971681
v -1166.872910 -5.046906 667.012085
v -1247.244293 -5.046906 667.012085
v -1172.872696 -5.017975 667.010925
v -1252.730087 -5.017975 667.010925
v -1183.046707 -4.989380 667.006592
v -1258.256454 -4.989380 667.006592
v -1184.885574 -4.960800 667.002319
v -1263.785309 -4.960800 667.002319
v -1190.873535 -4.932220 666.997986
v -1269.903763 -4.932220 666.997986
v -1196.885132 -4.903625 666.993652
v -1275.903763 -4.903625 666.993652
v -1202.891052 -4.875046 666.989380
v -1281.903641 -4.875046 666.989380
v -1208.884855 -4.857788 666.873571
v -1287.901605 -4.857788 667.500688
v -1214.872335 -4.863480 666.810799
v -1293.892533 -4.863480 668.065088
v -1220.876463 -4.766799 666.694942
v -1299.859868 -5.393651 669.202352
v -1226.888612 -4.842505 666.802538
v -1305.826031 -5.468993 669.934976
v -1232.907505 -4.818809 666.621340
v -1311.687752 -6.069289 672.248501
v -1238.916789 -4.842489 666.627007
v -1317.462130 -6.712616 674.730891
v -1249.081368 -5.036387 667.286530
v -1323.169425 -7.407205 677.955211
v -1251.044394 -5.012031 666.771978
v -1328.728924 -8.144472 682.434183
v -1257.132204 -5.160358 667.056096
v -1334.082804 -8.944814 687.870602
v -1263.260901 -5.349658 667.507781
v -1338.907462 -9.799456 694.842252
v -1269.482863 -5.702469 668.157278
v -1342.670953 -10.236245 703.779801
v -1279.254600 -6.211540 671.468596
v -1344.681326 -11.196433 714.463299
v -1281.699969 -6.317713 670.693416
v -1344.768837 -11.628776 725.795690
v -1290.244252 -7.039542 675.983167
v -1342.179856 -11.527804 737.536474
v -1295.919776 -7.543930 680.544247
v -1338.136842 -11.324563 747.965535
v -1300.182260 -7.935503 685.026681
v -1333.567834 -11.085085 756.837158
v -1303.663984 -8.276365 690.070780
v -1329.275544 -10.775054 764.406772
v -1306.328751 -8.555309 695.085671
v -1325.511858 -10.411739 771.199288
v -1308.603593 -8.798806 701.156497
v -1322.167698 -10.031906 777.608724
v -1310.199792 -8.986330 706.697959
v -1319.380890 -9.598403 783.819176
v -1311.414801 -9.134674 712.647427
v -1316.938075 -9.134674 789.973261
v -1312.279533 -9.142227 718.845771
v -1314.733201 -9.142227 796.136290
v -1312.815918 -9.116364 724.836746
v -1312.815918 -9.116364 802.318893
v -1313.293058 -9.171137 730.845474
v -1309.588987 -8.553792 808.630973
v -1314.145474 -9.024872 736.955284
v -1301.082232 -9.024872 814.712675
v -1314.442850 -8.997726 743.178092
v -1290.478952 -8.997726 819.484184
v -1314.059168 -8.991592 749.465080
v -1278.190356 -8.991592 821.843218
v -1312.620757 -9.006927 755.555818
v -1266.526629 -9.006927 822.136227
v -1310.310293 -9.042084 761.373455
v -1255.313145 -9.042084 820.207614
v -1307.119463 -8.992910 766.719332
v -1245.436913 -9.622324 817.072432
v -1303.104130 -9.058098 771.367863
v -1237.292248 -9.678965 814.207672
v -1298.534379 -9.132989 775.413304
v -1229.988400 -9.745007 811.522345
v -1293.554436 -9.214165 778.887945
v -1223.210406 -9.820579 809.208647
v -1288.602250 -9.296963 781.768850
v -1216.664286 -9.901483 807.158721
v -1282.811291 -9.387234 784.432858
v -1210.252406 -9.986894 805.420966
v -1277.389931 -9.474541 786.462226
v -1204.000983 -10.071200 804.361970
v -1271.629483 -9.562956 788.295432
v -1197.666724 -10.159429 803.207278
v -1265.602078 -9.651773 789.846125
v -1191.235525 -10.246706 802.339706
v -1259.734689 -9.736116 791.160607
v -1184.052330 -10.341575 801.453408
v -1253.824316 -9.818647 792.240902
v -1176.981456 -10.428511 800.778997
v -1247.880287 -9.897050 793.076979
v -1170.084570 -10.514476 800.486095
v -1241.929091 -9.971330 793.900294
v -1163.363247 -10.594868 799.512140
v -1235.957609 -10.040518 794.520577
v -1156.818201 -10.668608 798.917211
v -1229.976689 -10.102910 795.042765
v -1150.412632 -10.734371 798.200069
v -1223.983387 -10.161580 795.313879
v -1144.148891 -10.795187 798.481915
v -1217.994645 -10.313171 795.729998
v -1137.852017 -10.313171 797.638155
v -1211.996934 -10.354492 795.884783
v -1131.592035 -10.354492 797.799186
v -1206.000782 -10.380722 796.125143
v -1125.907477 -10.380722 797.396465
v -1200.002140 -10.387909 796.243734
v -1120.268165 -10.387909 797.509352
v -1194.003437 -10.391113 796.358053
v -1114.655903 -10.391113 797.617538
v -1188.004658 -10.394318 796.472311
v -1108.945585 -10.394318 797.727217
v -1182.002445 -10.376862 796.425853
v -1103.196439 -10.376862 798.927631
v -1176.006574 -10.431391 796.643394
v -1097.336584 -9.807026 799.140854
v -1169.995674 -10.455046 796.553047
v -1091.524449 -9.209471 801.535347
v -1163.976699 -10.428826 796.559427
v -1096.838293 -8.830293 803.486406
v -1157.963357 -10.347099 796.800519
v -1101.322406 -8.534589 804.956817
v -1151.742006 -10.287726 797.178793
v -1102.749553 -7.917123 807.056303
v -1145.453880 -10.044078 797.844818
v -1099.953135 -7.433379 810.152397
v -1139.321150 -9.821066 798.798504
v -1095.851584 -6.533452 814.140703
v -1132.991925 -9.484911 800.246272
v -1092.291010 -5.591780 818.650163
v -1126.642662 -8.952365 802.230889
v -1088.868712 -4.793765 824.063539
v -1120.796722 -8.460408 804.634547
v -1103.732232 -6.095033 817.137243
v -1115.236023 -7.818500 807.525753
v -1099.705398 -5.258507 822.203047
v -1110.485323 -7.208359 810.624542
v -1096.340550 -4.379405 827.775079
v -1106.107504 -6.424341 814.229013
v -1093.747209 -3.657111 833.784105
v -1102.201234 -5.743653 818.397163
v -1091.877634 -2.875986 840.000253
v -1098.862337 -4.907950 823.068058
v -1090.594836 -2.348961 846.295800
v -1096.141600 -4.214477 828.218114
v -1089.765827 -1.823562 852.525751
v -1093.869646 -3.504017 833.729369
v -1089.444508 -1.492590 858.671057
v -1092.277349 -2.780690 839.518711
v -1089.254157 -1.369867 864.711985
v -1091.018589 -2.258643 845.406194
v -1089.370904 -1.228840 871.357236
v -1090.314950 -2.004176 851.372774
v -1089.449860 -0.922814 878.623102
v -1090.114625 -1.753938 857.364351
v -1089.206882 -0.619259 885.958266
v -1089.922844 -1.423272 863.352095
v -1089.014189 -0.514616 891.974753
v -1089.730335 -1.360640 869.348073
v -1088.817040 0.009304 898.116886
v -1089.537834 -1.034169 875.333059
v -1088.622479 0.338865 904.166767
v -1089.497361 -0.948693 881.337776
v -1088.114524 1.125562 910.377345
v -1089.512724 -0.660115 887.341265
v -1087.194154 1.890312 916.555241
v -1089.739834 -0.206674 893.381879
v -1085.330688 2.578050 922.157357
v -1089.826374 0.468314 899.473259
v -1082.496896 2.987822 927.416894
v -1089.136172 1.237690 905.484745
v -1079.347579 3.058823 932.574105
v -1087.567418 1.937748 911.279008
v -1076.477975 2.843009 937.531568
v -1085.380543 2.388056 916.858915
v -1073.819574 2.614742 942.927765
v -1083.008301 2.543701 922.368962
v -1071.132361 2.543701 948.633060
v -1081.207713 2.565125 926.357904
v -1069.413018 2.565125 952.442327
v 0.000000 0.000000 0.000000
v 0.000000 0.000000 0.000000
v 0.000000 0.000000 0.000000
v 0.000000 0.000000 0.000000
v 0.000000 0.000000 0.000000
v 0.000000 0.000000 0.000000
v 0.000000 0.000000 0.000000
v 0.000000 0.000000 0.000000
v -929640.666051 1026459.266027 -6870.084290
v -1019618.821444 1125911.582832 -7535.704224
v nan nan nan
v nan nan nan
v nan nan nan
v nan nan nan
v nan nan nan
v nan nan nan
v nan nan nan
v nan nan nan
v nan nan nan
v nan nan nan
v nan nan nan
v nan nan nan
v nan nan nan
v nan nan nan
v nan nan nan
v nan nan nan
v nan nan nan
v nan nan nan
v nan nan nan
v nan nan nan
v nan nan nan
v nan nan nan
v nan nan nan
v nan nan nan
v nan nan nan
v nan nan nan
v nan nan nan
v nan nan nan
v nan 0.000000 0.000000
v nan 0.000000 0.000000
v nan nan nan
v 0.000000 nan nan
v 0.000000 0.000000 0.000000
v 0.000000 0.000000 0.000000
v 0.000000 0.000000 0.000000
v 0.000000 0.000000 0.000000
v 0.000000 0.000000 0.000000
v 0.000000 0.000000 0.000000
v 0.000000 0.000000 0.000000
v 0.000000 0.000000 0.000000
v nan nan nan
v nan nan nan
v nan nan nan
v nan nan nan
v nan nan nan
v nan nan nan
v nan nan nan
v nan nan nan
v nan nan nan
v nan nan nan
v nan nan nan
v nan nan nan
v nan nan nan
v nan nan nan
v nan nan nan
v nan nan nan
v nan nan nan
v nan nan nan
v nan nan nan
v nan nan nan
v nan nan nan
v nan nan nan
v nan nan nan
v nan nan nan
v nan nan nan
v nan nan nan
v nan nan nan
v nan nan nan
v nan nan nan
v nan nan nan
v -0.000000 -0.000000 -1047.801392
v 0.000000 0.000000 -1047.801392
v nan nan nan
v nan nan nan
v 0.000000 0.000000 0.000000
v 0.000000 0.000000 0.000000
v 0.000000 0.000000 0.000000
v 0.000000 0.000000 0.000000
v 0.000000 0.000000 0.000000
v 0.000000 0.000000 0.000000
v -982747.096069 5070.934448 997959.899414
v -4845.000000 25.000000 4920.000000
v nan nan nan
v nan nan nan
v nan nan nan
v nan nan nan
v nan nan nan
v nan nan nan
v nan nan nan
v nan nan nan
v nan nan nan
v nan nan nan
v nan nan nan
v nan nan nan
v nan nan nan
v nan nan nan
v nan nan nan
v nan nan nan
v nan nan nan
v nan nan nan
v nan nan nan
v nan nan nan
v nan nan nan
v nan nan nan
v nan nan nan
v nan nan nan
v nan nan nan
v nan nan nan
v nan nan nan
v nan nan nan
v nan nan nan
v nan nan nan
v nan nan nan
v nan nan nan
v 0.000000 0.000000 0.000000
v 0.000000 0.000000 0.000000
v 0.000000 0.000000 0.000000
v 0.000000 0.000000 0.000000
v 0.000000 0.000000 0.000000
v 0.000000 0.000000 0.000000
v 0.000000 0.000000 0.000000
v 0.000000 0.000000 0.000000
v -864115.127596 884885.256580 -2955.093384
v nan nan nan
v nan nan nan
v nan nan nan
v nan nan nan
v nan nan nan
v nan nan nan
v nan nan nan
v nan nan nan
v nan nan nan
v nan nan nan
v nan nan nan
v nan nan nan
v nan nan nan
v nan nan nan
v nan nan nan
v nan nan nan
v nan nan nan
v nan nan nan
v nan nan nan
v nan nan nan
v nan nan nan
v nan nan nan
v nan nan nan
v nan nan nan
v nan nan nan
v nan nan nan
v nan nan nan
v nan nan nan
v nan nan nan
v -0.000000 934641.137921 6.306583
v 0.000000 0.000000 0.000000
v nan nan nan
v nan nan nan
v 0.000000 0.000000 0.000000
v 0.000000 0.000000 0.000000
v 0.000000 0.000000 0.000000
v 0.000000 0.000000 0.000000
v 0.000000 0.000000 0.000000
v 0.000000 0.000000 0.000000
v -0.000000 -0.000000 -0.000000
v 0.000000 0.000000 0.000000
v nan nan nan
v nan nan nan
v nan nan nan
v nan nan nan
v nan nan nan
v nan nan nan
v nan nan nan
v nan nan nan
v nan nan nan
v nan nan nan
v nan nan nan
v nan nan nan
v nan nan nan
v nan nan nan
v nan nan nan
v nan nan nan
v nan nan nan
v nan nan nan
v nan nan nan
v nan nan nan
v nan nan nan
v nan nan nan
v nan nan nan
v nan nan nan
v nan nan nan
v nan nan nan
v nan nan nan
v nan nan nan
v nan nan nan
v nan nan nan
v -1.197021 922.992859 -853.466919
v -1.197021 922.992859 -853.466919
v nan nan 0.000000
v nan nan 0.000000
v 0.000000 0.000000 0.000000
v 0.000000 0.000000 0.000000
v 0.000000 0.000000 0.000000
v 0.000000 0.000000 0.000000
v 0.000000 0.000000 0.000000
v 0.000000 0.000000 0.000000
v -692810.605603 1605.875732 798339.694322
v -1725.689209 4.000000 1988.546631
v nan nan nan
v nan nan nan
v nan nan nan
v nan nan nan
v nan nan nan
v nan nan nan
v nan nan nan
v nan nan nan
v nan nan nan
v nan nan nan
v nan nan nan
v nan nan nan
v nan nan nan
v nan nan nan
v nan nan nan
v nan nan nan
v nan nan nan
v nan nan nan
v nan nan nan
v nan nan nan
v nan nan nan
v nan nan nan
v nan nan nan
v nan nan nan
v nan nan nan
v nan nan nan
v nan nan nan
v nan nan nan
v nan nan nan
v nan nan nan
v nan nan nan
v nan nan nan
v 0.000000 0.000000 0.000000
v 0.000000 0.000000 0.000000
v 0.000000 0.000000 0.000000
v 0.000000 0.000000 0.000000
v 0.000000 0.000000 0.000000
v 0.000000 0.000000 0.000000
v 0.000000 0.000000 -0.000000
v 0.000000 0.000000 0.000000
v nan nan nan
v nan nan nan
v nan nan nan
v nan nan nan
v nan nan nan
v nan nan nan
v nan nan nan
v nan nan nan
v nan nan nan
v nan nan nan
v nan nan nan
v nan nan nan
v nan nan nan
v nan nan nan
v nan nan nan
v nan nan nan
v nan nan nan
v nan nan nan
v nan nan nan
v nan nan nan
v nan nan nan
v nan nan nan
v nan nan nan
v nan nan nan
v nan nan nan
v nan nan nan
v nan nan nan
v nan nan nan
v nan nan nan
v nan nan nan
v -0.000000 0.000000 0.000000
v 0.000000 0.000000 0.000000
vt 0.000000 0.000000
vt 1.000000 0.000000
vt 0.000000 5.994404
vt 1.000000 5.994404
vt 0.000000 11.987144
vt 1.000000 11.987144
vt 0.000000 17.978548
vt 1.000000 17.978548
vt 0.000000 23.968693
vt 1.000000 23.968693
vt 0.000000 29.957745
vt 1.000000 29.957745
vt 0.000000 35.946572
vt 1.000000 35.946572
vt 0.000000 41.935938
vt 1.000000 41.935938
vt 0.000000 47.926499
vt 1.000000 47.926499
vt 0.000000 53.918291
vt 1.000000 53.918291
vt 0.000000 59.911189
vt 1.000000 59.911189
vt 0.000000 65.905505
vt 1.000000 65.905505
vt 0.000000 71.900677
vt 1.000000 71.900677
vt 0.000000 77.896827
vt 1.000000 77.896827
vt 0.000000 83.893615
vt 1.000000 83.893615
vt 0.000000 89.890847
vt 1.000000 89.890847
vt 0.000000 95.888403
vt 1.000000 95.888403
vt 0.000000 101.886308
vt 1.000000 101.886308
vt 0.000000 107.884095
vt 1.000000 107.884095
vt 0.000000 113.882326
vt 1.000000 113.882326
vt 0.000000 119.881234
vt 1.000000 119.881234
vt 0.000000 125.880920
vt 1.000000 125.880920
vt 0.000000 131.880744
vt 1.000000 131.880744
vt 0.000000 137.880493
vt 1.000000 137.880493
vt 0.000000 143.880516
vt 1.000000 143.880516
vt 0.000000 149.880465
vt 1.000000 149.880465
vt 0.000000 155.880453
vt 1.000000 155.880453
vt 0.000000 161.880515
vt 1.000000 161.880515
vt 0.000000 167.880031
vt 1.000000 167.880031
vt 0.000000 173.879150
vt 1.000000 173.879150
vt 0.000000 179.877623
vt 1.000000 179.877623
vt 0.000000 185.874440
vt 1.000000 185.874440
vt 0.000000 191.873092
vt 1.000000 191.873092
vt 0.000000 197.872425
vt 1.000000 197.872425
vt 0.000000 203.872083
vt 1.000000 203.872083
vt 0.000000 209.872085
vt 1.000000 209.872085
vt 0.000000 215.871408
vt 1.000000 215.871408
vt 0.000000 221.871225
vt 1.000000 221.871225
vt 0.000000 227.871229
vt 1.000000 227.871229
vt 0.000000 233.871235
vt 1.000000 233.871235
vt 0.000000 239.871239
vt 1.000000 239.871239
vt 0.000000 245.871078
vt 1.000000 245.871078
vt 0.000000 251.870800
vt 1.000000 251.870800
vt 0.000000 257.870823
vt 1.000000 257.870823
vt 0.000000 263.870846
vt 1.000000 263.870846
vt 0.000000 269.870868
vt 1.000000 269.870868
vt 0.000000 275.870830
vt 1.000000 275.870830
vt 0.000000 281.870853
vt 1.000000 281.870853
vt 0.000000 287.870815
vt 1.000000 287.870815
vt 0.000000 293.870838
vt 1.000000 293.870838
vt 0.000000 299.870861
vt 1.000000 299.870861
vt 0.000000 305.870823
vt 1.000000 305.870823
vt 0.000000 311.870846
vt 1.000000 311.870846
vt 0.000000 317.870869
vt 1.000000 317.870869
vt 0.000000 323.870892
vt 1.000000 323.870892
vt 0.000000 329.870393
vt 1.000000 329.870393
vt 0.000000 335.864041
vt 1.000000 335.864041
vt 0.000000 341.851755
vt 1.000000 341.851755
vt 0.000000 347.839496
vt 1.000000 347.839496
vt 0.000000 353.841920
vt 1.000000 353.841920
vt 0.000000 359.875030
vt 1.000000 359.875030
vt 0.000000 365.942116
vt 1.000000 365.942116
vt 0.000000 372.026047
vt 1.000000 372.026047
vt 0.000000 378.103762
vt 1.000000 378.103762
vt 0.000000 384.155757
vt 1.000000 384.155757
vt 0.000000 390.178180
vt 1.000000 390.178180
vt 0.000000 396.182345
vt 1.000000 396.182345
vt 0.000000 402.165054
vt 1.000000 402.165054
vt 0.000000 408.117929
vt 1.000000 408.117929
vt 0.000000 414.075364
vt 1.000000 414.075364
vt 0.000000 420.104466
vt 1.000000 420.104466
vt 0.000000 426.206997
vt 1.000000 426.206997
vt 0.000000 432.310173
vt 1.000000 432.310173
vt 0.000000 438.370371
vt 1.000000 438.370371
vt 0.000000 444.398637
vt 1.000000 444.398637
vt 0.000000 450.409065
vt 1.000000 450.409065
vt 0.000000 456.410823
vt 1.000000 456.410823
vt 0.000000 462.410822
vt 1.000000 462.410822
vt 0.000000 468.407730
vt 1.000000 468.407730
vt 0.000000 474.381861
vt 1.000000 474.381861
vt 0.000000 480.324367
vt 1.000000 480.324367
vt 0.000000 486.262345
vt 1.000000 486.262345
vt 0.000000 492.199477
vt 1.000000 492.199477
vt 0.000000 498.113535
vt 1.000000 498.113535
vt 0.000000 504.004677
vt 1.000000 504.004677
vt 0.000000 509.875560
vt 1.000000 509.875560
vt 0.000000 515.713435
vt 1.000000 515.713435
vt 0.000000 521.503160
vt 1.000000 521.503160
vt 0.000000 527.232570
vt 1.000000 527.232570
vt 0.000000 532.941761
vt 1.000000 532.941761
vt 0.000000 538.735237
vt 1.000000 538.735237
vt 0.000000 544.611611
vt 1.000000 544.611611
vt 0.000000 550.503729
vt 1.000000 550.503729
vt 0.000000 556.394165
vt 1.000000 556.394165
vt 0.000000 562.286702
vt 1.000000 562.286702
vt 0.000000 568.180708
vt 1.000000 568.180708
vt 0.000000 574.085275
vt 1.000000 574.085275
vt 0.000000 580.000155
vt 1.000000 580.000155
vt 0.000000 585.934015
vt 1.000000 585.934015
vt 0.000000 591.910500
vt 1.000000 591.910500
vt 0.000000 597.948888
vt 1.000000 597.948888
vt 0.000000 603.986881
vt 1.000000 603.986881
vt 0.000000 609.902405
vt 1.000000 609.902405
vt 0.000000 615.945604
vt 1.000000 615.945604
vt 0.000000 622.178753
vt 1.000000 622.178753
vt 0.000000 628.218277
vt 1.000000 628.218277
vt 0.000000 634.326609
vt 1.000000 634.326609
vt 0.000000 640.561978
vt 1.000000 640.561978
vt 0.000000 646.695790
vt 1.000000 646.695790
vt 0.000000 652.803956
vt 1.000000 652.803956
vt 0.000000 658.874909
vt 1.000000 658.874909
vt 0.000000 664.906188
vt 1.000000 664.906188
vt 0.000000 670.914886
vt 1.000000 670.914886
vt 0.000000 676.915260
vt 1.000000 676.915260
vt 0.000000 682.914117
vt 1.000000 682.914117
vt 0.000000 688.913418
vt 1.000000 688.913418
vt 0.000000 694.913179
vt 1.000000 694.913179
vt 0.000000 700.913050
vt 1.000000 700.913050
vt 0.000000 706.912934
vt 1.000000 706.912934
vt 0.000000 712.912949
vt 1.000000 712.912949
vt 0.000000 718.912860
vt 1.000000 718.912860
vt 0.000000 724.912694
vt 1.000000 724.912694
vt 0.000000 730.912389
vt 1.000000 730.912389
vt 0.000000 736.912003
vt 1.000000 736.912003
vt 0.000000 742.911600
vt 1.000000 742.911600
vt 0.000000 748.910724
vt 1.000000 748.910724
vt 0.000000 754.909869
vt 1.000000 754.909869
vt 0.000000 760.908564
vt 1.000000 760.908564
vt 0.000000 766.907202
vt 1.000000 766.907202
vt 0.000000 772.905216
vt 1.000000 772.905216
vt 0.000000 778.902437
vt 1.000000 778.902437
vt 0.000000 784.899038
vt 1.000000 784.899038
vt 0.000000 790.894469
vt 1.000000 790.894469
vt 0.000000 796.888823
vt 1.000000 796.888823
vt 0.000000 802.885208
vt 1.000000 802.885208
vt 0.000000 808.884969
vt 1.000000 808.884969
vt 0.000000 814.884942
vt 1.000000 814.884942
vt 0.000000 820.884940
vt 1.000000 820.884940
vt 0.000000 826.884478
vt 1.000000 826.884478
vt 0.000000 832.883385
vt 1.000000 832.883385
vt 0.000000 838.881922
vt 1.000000 838.881922
vt 0.000000 844.879398
vt 1.000000 844.879398
vt 0.000000 850.875740
vt 1.000000 850.875740
vt 0.000000 856.870254
vt 1.000000 856.870254
vt 0.000000 862.862449
vt 1.000000 862.862449
vt 0.000000 868.858632
vt 1.000000 868.858632
vt 0.000000 874.858681
vt 1.000000 874.858681
vt 0.000000 880.858701
vt 1.000000 880.858701
vt 0.000000 886.858718
vt 1.000000 886.858718
vt 0.000000 892.858741
vt 1.000000 892.858741
vt 0.000000 898.858788
vt 1.000000 898.858788
vt 0.000000 904.858808
vt 1.000000 904.858808
vt 0.000000 910.858828
vt 1.000000 910.858828
vt 0.000000 916.858845
vt 1.000000 916.858845
vt 0.000000 922.858898
vt 1.000000 922.858898
vt 0.000000 928.856749
vt 1.000000 928.856749
vt 0.000000 934.851832
vt 1.000000 934.851832
vt 0.000000 940.849035
vt 1.000000 940.849035
vt 0.000000 946.848360
vt 1.000000 946.848360
vt 0.000000 952.848179
vt 1.000000 952.848179
vt 0.000000 958.848161
vt 1.000000 958.848161
vt 0.000000 964.847689
vt 1.000000 964.847689
vt 0.000000 970.847045
vt 1.000000 970.847045
vt 0.000000 976.845843
vt 1.000000 976.845843
vt 0.000000 982.844914
vt 1.000000 982.844914
vt 0.000000 988.843961
vt 1.000000 988.843961
vt 0.000000 994.843105
vt 1.000000 994.843105
vt 0.000000 1000.842406
vt 1.000000 1000.842406
vt 0.000000 1006.841781
vt 1.000000 1006.841781
vt 0.000000 1012.841036
vt 1.000000 1012.841036
vt 0.000000 1018.840625
vt 1.000000 1018.840625
vt 0.000000 1024.840163
vt 1.000000 1024.840163
vt 0.000000 1030.839620
vt 1.000000 1030.839620
vt 0.000000 1036.839436
vt 1.000000 1036.839436
vt 0.000000 1042.839411
vt 1.000000 1042.839411
vt 0.000000 1048.838909
vt 1.000000 1048.838909
vt 0.000000 1054.838394
vt 1.000000 1054.838394
vt 0.000000 1060.837345
vt 1.000000 1060.837345
vt 0.000000 1066.836366
vt 1.000000 1066.836366
vt 0.000000 1072.835021
vt 1.000000 1072.835021
vt 0.000000 1078.833339
vt 1.000000 1078.833339
vt 0.000000 1084.830839
vt 1.000000 1084.830839
vt 0.000000 1090.828165
vt 1.000000 1090.828165
vt 0.000000 1096.825309
vt 1.000000 1096.825309
vt 0.000000 1102.822541
vt 1.000000 1102.822541
vt 0.000000 1108.820550
vt 1.000000 1108.820550
vt 0.000000 1114.819040
vt 1.000000 1114.819040
vt 0.000000 1120.818079
vt 1.000000 1120.818079
vt 0.000000 1126.811032
vt 1.000000 1126.811032
vt 0.000000 1132.804775
vt 1.000000 1132.804775
vt 0.000000 1138.803097
vt 1.000000 1138.803097
vt 0.000000 1144.802667
vt 1.000000 1144.802667
vt 0.000000 1150.802724
vt 1.000000 1150.802724
vt 0.000000 1156.802743
vt 1.000000 1156.802743
vt 0.000000 1162.802167
vt 1.000000 1162.802167
vt 0.000000 1168.799653
vt 1.000000 1168.799653
vt 0.000000 1174.794617
vt 1.000000 1174.794617
vt 0.000000 1180.791393
vt 1.000000 1180.791393
vt 0.000000 1186.789604
vt 1.000000 1186.789604
vt 0.000000 1192.787791
vt 1.000000 1192.787791
vt 0.000000 1198.785999
vt 1.000000 1198.785999
vt 0.000000 1204.784098
vt 1.000000 1204.784098
vt 0.000000 1210.782133
vt 1.000000 1210.782133
vt 0.000000 1216.780245
vt 1.000000 1216.780245
vt 0.000000 1222.778282
vt 1.000000 1222.778282
vt 0.000000 1228.776221
vt 1.000000 1228.776221
vt 0.000000 1234.774257
vt 1.000000 1234.774257
vt 0.000000 1240.772191
vt 1.000000 1240.772191
vt 0.000000 1246.770132
vt 1.000000 1246.770132
vt 0.000000 1252.768148
vt 1.000000 1252.768148
vt 0.000000 1258.766030
vt 1.000000 1258.766030
vt 0.000000 1264.764018
vt 1.000000 1264.764018
vt 0.000000 1270.762072
vt 1.000000 1270.762072
vt 0.000000 1276.759972
vt 1.000000 1276.759972
vt 0.000000 1282.758047
vt 1.000000 1282.758047
vt 0.000000 1288.756156
vt 1.000000 1288.756156
vt 0.000000 1294.754149
vt 1.000000 1294.754149
vt 0.000000 1300.752278
vt 1.000000 1300.752278
vt 0.000000 1306.750432
vt 1.000000 1306.750432
vt 0.000000 1312.748605
vt 1.000000 1312.748605
vt 0.000000 1318.746831
vt 1.000000 1318.746831
vt 0.000000 1324.745122
vt 1.000000 1324.745122
vt 0.000000 1330.743428
vt 1.000000 1330.743428
vt 0.000000 1336.741849
vt 1.000000 1336.741849
vt 0.000000 1342.739678
vt 1.000000 1342.739678
vt 0.000000 1348.739006
vt 1.000000 1348.739006
vt 0.000000 1354.739025
vt 1.000000 1354.739025
vt 0.000000 1360.739044
vt 1.000000 1360.739044
vt 0.000000 1366.739062
vt 1.000000 1366.739062
vt 0.000000 1372.739081
vt 1.000000 1372.739081
vt 0.000000 1378.739175
vt 1.000000 1378.739175
vt 0.000000 1384.739194
vt 1.000000 1384.739194
vt 0.000000 1390.739212
vt 1.000000 1390.739212
vt 0.000000 1396.739231
vt 1.000000 1396.739231
vt 0.000000 1402.739238
vt 1.000000 1402.739238
vt 0.000000 1408.739139
vt 1.000000 1408.739139
vt 0.000000 1414.739157
vt 1.000000 1414.739157
vt 0.000000 1420.739150
vt 1.000000 1420.739150
vt 0.000000 1426.739218
vt 1.000000 1426.739218
vt 0.000000 1432.739199
vt 1.000000 1432.739199
vt 0.000000 1438.739267
vt 1.000000 1438.739267
vt 0.000000 1444.738968
vt 1.000000 1444.738968
vt 0.000000 1450.738449
vt 1.000000 1450.738449
vt 0.000000 1456.738485
vt 1.000000 1456.738485
vt 0.000000 1462.738534
vt 1.000000 1462.738534
vt 0.000000 1468.738499
vt 1.000000 1468.738499
vt 0.000000 1474.738535
vt 1.000000 1474.738535
vt 0.000000 1480.738583
vt 1.000000 1480.738583
vt 0.000000 1486.738619
vt 1.000000 1486.738619
vt 0.000000 1492.738490
vt 1.000000 1492.738490
vt 0.000000 1498.738102
vt 1.000000 1498.738102
vt 0.000000 1504.738000
vt 1.000000 1504.738000
vt 0.000000 1510.737272
vt 1.000000 1510.737272
vt 0.000000 1516.736338
vt 1.000000 1516.736338
vt 0.000000 1522.735086
vt 1.000000 1522.735086
vt 0.000000 1528.732801
vt 1.000000 1528.732801
vt 0.000000 1534.730137
vt 1.000000 1534.730137
vt 0.000000 1540.726542
vt 1.000000 1540.726542
vt 0.000000 1546.722837
vt 1.000000 1546.722837
vt 0.000000 1552.719396
vt 1.000000 1552.719396
vt 0.000000 1558.716248
vt 1.000000 1558.716248
vt 0.000000 1564.713877
vt 1.000000 1564.713877
vt 0.000000 1570.712039
vt 1.000000 1570.712039
vt 0.000000 1576.710448
vt 1.000000 1576.710448
vt 0.000000 1582.709400
vt 1.000000 1582.709400
vt 0.000000 1588.706132
vt 1.000000 1588.706132
vt 0.000000 1594.702158
vt 1.000000 1594.702158
vt 0.000000 1600.696859
vt 1.000000 1600.696859
vt 0.000000 1606.690910
vt 1.000000 1606.690910
vt 0.000000 1612.684418
vt 1.000000 1612.684418
vt 0.000000 1618.678473
vt 1.000000 1618.678473
vt 0.000000 1624.673458
vt 1.000000 1624.673458
vt 0.000000 1630.669761
vt 1.000000 1630.669761
vt 0.000000 1636.667315
vt 1.000000 1636.667315
vt 0.000000 1642.665806
vt 1.000000 1642.665806
vt 0.000000 1648.664958
vt 1.000000 1648.664958
vt 0.000000 1654.664214
vt 1.000000 1654.664214
vt 0.000000 1660.663568
vt 1.000000 1660.663568
vt 0.000000 1666.663017
vt 1.000000 1666.663017
vt 0.000000 1672.662470
vt 1.000000 1672.662470
vt 0.000000 1678.662144
vt 1.000000 1678.662144
vt 0.000000 1684.661626
vt 1.000000 1684.661626
vt 0.000000 1690.660343
vt 1.000000 1690.660343
vt 0.000000 1696.659795
vt 1.000000 1696.659795
vt 0.000000 1702.659191
vt 1.000000 1702.659191
vt 0.000000 1708.658991
vt 1.000000 1708.658991
vt 0.000000 1714.658761
vt 1.000000 1714.658761
vt 0.000000 1720.658666
vt 1.000000 1720.658666
vt 0.000000 1726.658653
vt 1.000000 1726.658653
vt 0.000000 1732.658441
vt 1.000000 1732.658441
vt 0.000000 1738.657859
vt 1.000000 1738.657859
vt 0.000000 1744.655500
vt 1.000000 1744.655500
vt 0.000000 1750.652967
vt 1.000000 1750.652967
vt 0.000000 1756.652974
vt 1.000000 1756.652974
vt 0.000000 1762.653043
vt 1.000000 1762.653043
vt 0.000000 1768.653089
vt 1.000000 1768.653089
vt 0.000000 1774.653072
vt 1.000000 1774.653072
vt 0.000000 1780.653119
vt 1.000000 1780.653119
vt 0.000000 1786.653188
vt 1.000000 1786.653188
vt 0.000000 1792.651132
vt 1.000000 1792.651132
vt 0.000000 1798.648328
vt 1.000000 1798.648328
vt 0.000000 1804.648053
vt 1.000000 1804.648053
vt 0.000000 1810.647679
vt 1.000000 1810.647679
vt 0.000000 1816.647397
vt 1.000000 1816.647397
vt 0.000000 1822.647427
vt 1.000000 1822.647427
vt 0.000000 1828.647080
vt 1.000000 1828.647080
vt 0.000000 1834.646719
vt 1.000000 1834.646719
vt 0.000000 1840.646370
vt 1.000000 1840.646370
vt 0.000000 1846.645956
vt 1.000000 1846.645956
vt 0.000000 1852.645524
vt 1.000000 1852.645524
vt 0.000000 1858.645099
vt 1.000000 1858.645099
vt 0.000000 1864.644376
vt 1.000000 1864.644376
vt 0.000000 1870.636196
vt 1.000000 1870.636196
vt 0.000000 1876.620998
vt 1.000000 1876.620998
vt 0.000000 1882.607013
vt 1.000000 1882.607013
vt 0.000000 1888.595384
vt 1.000000 1888.595384
vt 0.000000 1894.586202
vt 1.000000 1894.586202
vt 0.000000 1900.579331
vt 1.000000 1900.579331
vt 0.000000 1906.574073
vt 1.000000 1906.574073
vt 0.000000 1912.570346
vt 1.000000 1912.570346
vt 0.000000 1918.567487
vt 1.000000 1918.567487
vt 0.000000 1924.565502
vt 1.000000 1924.565502
vt 0.000000 1930.564204
vt 1.000000 1930.564204
vt 0.000000 1936.563022
vt 1.000000 1936.563022
vt 0.000000 1942.562187
vt 1.000000 1942.562187
vt 0.000000 1948.561543
vt 1.000000 1948.561543
vt 0.000000 1954.561050
vt 1.000000 1954.561050
vt 0.000000 1960.560720
vt 1.000000 1960.560720
vt 0.000000 1966.560411
vt 1.000000 1966.560411
vt 0.000000 1972.560133
vt 1.000000 1972.560133
vt 0.000000 1978.560151
vt 1.000000 1978.560151
vt 0.000000 1984.559872
vt 1.000000 1984.559872
vt 0.000000 1990.559788
vt 1.000000 1990.559788
vt 0.000000 1996.559750
vt 1.000000 1996.559750
vt 0.000000 2002.559849
vt 1.000000 2002.559849
vt 0.000000 2008.559812
vt 1.000000 2008.559812
vt 0.000000 2014.559883
vt 1.000000 2014.559883
vt 0.000000 2020.559831
vt 1.000000 2020.559831
vt 0.000000 2026.559879
vt 1.000000 2026.559879
vt 0.000000 2032.559884
vt 1.000000 2032.559884
vt 0.000000 2038.559621
vt 1.000000 2038.559621
vt 0.000000 2044.559446
vt 1.000000 2044.559446
vt 0.000000 2050.559273
vt 1.000000 2050.559273
vt 0.000000 2056.558900
vt 1.000000 2056.558900
vt 0.000000 2062.558298
vt 1.000000 2062.558298
vt 0.000000 2068.557701
vt 1.000000 2068.557701
vt 0.000000 2074.556879
vt 1.000000 2074.556879
vt 0.000000 2080.555936
vt 1.000000 2080.555936
vt 0.000000 2086.554629
vt 1.000000 2086.554629
vt 0.000000 2092.552814
vt 1.000000 2092.552814
vt 0.000000 2098.550607
vt 1.000000 2098.550607
vt 0.000000 2104.547384
vt 1.000000 2104.547384
vt 0.000000 2110.543409
vt 1.000000 2110.543409
vt 0.000000 2116.539833
vt 1.000000 2116.539833
vt 0.000000 2122.538623
vt 1.000000 2122.538623
vt 0.000000 2128.537580
vt 1.000000 2128.537580
vt 0.000000 2134.536043
vt 1.000000 2134.536043
vt 0.000000 2140.534703
vt 1.000000 2140.534703
vt 0.000000 2146.532897
vt 1.000000 2146.532897
vt 0.000000 2152.531168
vt 1.000000 2152.531168
vt 0.000000 2158.529388
vt 1.000000 2158.529388
vt 0.000000 2164.527730
vt 1.000000 2164.527730
vt 0.000000 2170.526071
vt 1.000000 2170.526071
vt 0.000000 2176.524641
vt 1.000000 2176.524641
vt 0.000000 2182.523350
vt 1.000000 2182.523350
vt 0.000000 2188.522412
vt 1.000000 2188.522412
vt 0.000000 2194.521495
vt 1.000000 2194.521495
vt 0.000000 2200.520618
vt 1.000000 2200.520618
vt 0.000000 2206.520386
vt 1.000000 2206.520386
vt 0.000000 2212.520215
vt 1.000000 2212.520215
vt 0.000000 2218.520133
vt 1.000000 2218.520133
vt 0.000000 2224.520179
vt 1.000000 2224.520179
vt 0.000000 2230.520181
vt 1.000000 2230.520181
vt 0.000000 2236.519914
vt 1.000000 2236.519914
vt 0.000000 2242.519373
vt 1.000000 2242.519373
vt 0.000000 2248.518778
vt 1.000000 2248.518778
vt 0.000000 2254.517889
vt 1.000000 2254.517889
vt 0.000000 2260.517057
vt 1.000000 2260.517057
vt 0.000000 2266.516217
vt 1.000000 2266.516217
vt 0.000000 2272.515392
vt 1.000000 2272.515392
vt 0.000000 2278.514253
vt 1.000000 2278.514253
vt 0.000000 2284.513203
vt 1.000000 2284.513203
vt 0.000000 2290.512153
vt 1.000000 2290.512153
vt 0.000000 2296.511081
vt 1.000000 2296.511081
vt 0.000000 2302.510137
vt 1.000000 2302.510137
vt 0.000000 2308.509094
vt 1.000000 2308.509094
vt 0.000000 2314.508301
vt 1.000000 2314.508301
vt 0.000000 2320.507482
vt 1.000000 2320.507482
vt 0.000000 2326.506792
vt 1.000000 2326.506792
vt 0.000000 2332.506205
vt 1.000000 2332.506205
vt 0.000000 2338.505618
vt 1.000000 2338.505618
vt 0.000000 2344.505121
vt 1.000000 2344.505121
vt 0.000000 2350.504534
vt 1.000000 2350.504534
vt 0.000000 2356.504538
vt 1.000000 2356.504538
vt 0.000000 2362.504603
vt 1.000000 2362.504603
vt 0.000000 2368.504203
vt 1.000000 2368.504203
vt 0.000000 2374.503890
vt 1.000000 2374.503890
vt 0.000000 2380.503590
vt 1.000000 2380.503590
vt 0.000000 2386.503307
vt 1.000000 2386.503307
vt 0.000000 2392.503038
vt 1.000000 2392.503038
vt 0.000000 2398.502675
vt 1.000000 2398.502675
vt 0.000000 2404.502293
vt 1.000000 2404.502293
vt 0.000000 2410.501874
vt 1.000000 2410.501874
vt 0.000000 2416.501360
vt 1.000000 2416.501360
vt 0.000000 2422.500617
vt 1.000000 2422.500617
vt 0.000000 2428.499966
vt 1.000000 2428.499966
vt 0.000000 2434.499295
vt 1.000000 2434.499295
vt 0.000000 2440.498273
vt 1.000000 2440.498273
vt 0.000000 2446.497202
vt 1.000000 2446.497202
vt 0.000000 2452.495947
vt 1.000000 2452.495947
vt 0.000000 2458.494536
vt 1.000000 2458.494536
vt 0.000000 2464.492845
vt 1.000000 2464.492845
vt 0.000000 2470.490738
vt 1.000000 2470.490738
vt 0.000000 2476.488281
vt 1.000000 2476.488281
vt 0.000000 2482.485338
vt 1.000000 2482.485338
vt 0.000000 2488.481994
vt 1.000000 2488.481994
vt 0.000000 2494.478310
vt 1.000000 2494.478310
vt 0.000000 2500.474304
vt 1.000000 2500.474304
vt 0.000000 2506.470006
vt 1.000000 2506.470006
vt 0.000000 2512.465514
vt 1.000000 2512.465514
vt 0.000000 2518.460759
vt 1.000000 2518.460759
vt 0.000000 2524.456257
vt 1.000000 2524.456257
vt 0.000000 2530.451892
vt 1.000000 2530.451892
vt 0.000000 2536.447886
vt 1.000000 2536.447886
vt 0.000000 2542.444187
vt 1.000000 2542.444187
vt 0.000000 2548.440827
vt 1.000000 2548.440827
vt 0.000000 2554.437798
vt 1.000000 2554.437798
vt 0.000000 2560.435120
vt 1.000000 2560.435120
vt 0.000000 2566.432841
vt 1.000000 2566.432841
vt 0.000000 2572.431033
vt 1.000000 2572.431033
vt 0.000000 2578.429344
vt 1.000000 2578.429344
vt 0.000000 2584.428091
vt 1.000000 2584.428091
vt 0.000000 2590.426893
vt 1.000000 2590.426893
vt 0.000000 2596.425680
vt 1.000000 2596.425680
vt 0.000000 2602.423624
vt 1.000000 2602.423624
vt 0.000000 2608.421034
vt 1.000000 2608.421034
vt 0.000000 2614.418300
vt 1.000000 2614.418300
vt 0.000000 2620.415667
vt 1.000000 2620.415667
vt 0.000000 2626.412893
vt 1.000000 2626.412893
vt 0.000000 2632.410078
vt 1.000000 2632.410078
vt 0.000000 2638.407300
vt 1.000000 2638.407300
vt 0.000000 2644.404337
vt 1.000000 2644.404337
vt 0.000000 2650.401587
vt 1.000000 2650.401587
vt 0.000000 2656.398974
vt 1.000000 2656.398974
vt 0.000000 2662.396355
vt 1.000000 2662.396355
vt 0.000000 2668.393727
vt 1.000000 2668.393727
vt 0.000000 2674.391051
vt 1.000000 2674.391051
vt 0.000000 2680.388259
vt 1.000000 2680.388259
vt 0.000000 2686.385368
vt 1.000000 2686.385368
vt 0.000000 2692.382570
vt 1.000000 2692.382570
vt 0.000000 2698.379594
vt 1.000000 2698.379594
vt 0.000000 2704.377259
vt 1.000000 2704.377259
vt 0.000000 2710.377204
vt 1.000000 2710.377204
vt 0.000000 2716.377296
vt 1.000000 2716.377296
vt 0.000000 2722.377259
vt 1.000000 2722.377259
vt 0.000000 2728.377332
vt 1.000000 2728.377332
vt 0.000000 2734.377178
vt 1.000000 2734.377178
vt 0.000000 2740.376760
vt 1.000000 2740.376760
vt 0.000000 2746.376532
vt 1.000000 2746.376532
vt 0.000000 2752.375773
vt 1.000000 2752.375773
vt 0.000000 2758.375027
vt 1.000000 2758.375027
vt 0.000000 2764.373761
vt 1.000000 2764.373761
vt 0.000000 2770.372283
vt 1.000000 2770.372283
vt 0.000000 2776.370211
vt 1.000000 2776.370211
vt 0.000000 2782.367415
vt 1.000000 2782.367415
vt 0.000000 2788.363981
vt 1.000000 2788.363981
vt 0.000000 2794.359583
vt 1.000000 2794.359583
vt 0.000000 2800.354317
vt 1.000000 2800.354317
vt 0.000000 2806.348140
vt 1.000000 2806.348140
vt 0.000000 2812.341150
vt 1.000000 2812.341150
vt 0.000000 2818.333665
vt 1.000000 2818.333665
vt 0.000000 2824.325907
vt 1.000000 2824.325907
vt 0.000000 2830.320343
vt 1.000000 2830.320343
vt 0.000000 2836.319837
vt 1.000000 2836.319837
vt 0.000000 2842.319825
vt 1.000000 2842.319825
vt 0.000000 2848.319625
vt 1.000000 2848.319625
vt 0.000000 2854.319400
vt 1.000000 2854.319400
vt 0.000000 2860.319094
vt 1.000000 2860.319094
vt 0.000000 2866.318706
vt 1.000000 2866.318706
vt 0.000000 2872.318549
vt 1.000000 2872.318549
vt 0.000000 2878.318551
vt 1.000000 2878.318551
vt 0.000000 2884.318402
vt 1.000000 2884.318402
vt 0.000000 2890.318099
vt 1.000000 2890.318099
vt 0.000000 2896.317904
vt 1.000000 2896.317904
vt 0.000000 2902.317741
vt 1.000000 2902.317741
vt 0.000000 2908.316999
vt 1.000000 2908.316999
vt 0.000000 2914.315356
vt 1.000000 2914.315356
vt 0.000000 2920.313290
vt 1.000000 2920.313290
vt 0.000000 2926.311845
vt 1.000000 2926.311845
vt 0.000000 2932.311621
vt 1.000000 2932.311621
vt 0.000000 2938.309555
vt 1.000000 2938.309555
vt 0.000000 2944.306944
vt 1.000000 2944.306944
vt 0.000000 2950.305039
vt 1.000000 2950.305039
vt 0.000000 2956.304120
vt 1.000000 2956.304120
vt 0.000000 2962.303738
vt 1.000000 2962.303738
vt 0.000000 2968.303458
vt 1.000000 2968.303458
vt 0.000000 2974.302930
vt 1.000000 2974.302930
vt 0.000000 2980.302157
vt 1.000000 2980.302157
vt 0.000000 2986.301136
vt 1.000000 2986.301136
vt 0.000000 2992.299720
vt 1.000000 2992.299720
vt 0.000000 2998.297438
vt 1.000000 2998.297438
vt 0.000000 3004.293940
vt 1.000000 3004.293940
vt 0.000000 3010.288271
vt 1.000000 3010.288271
vt 0.000000 3016.278816
vt 1.000000 3016.278816
vt 0.000000 3022.265069
vt 1.000000 3022.265069
vt 0.000000 3028.246298
vt 1.000000 3028.246298
vt 0.000000 3034.225864
vt 1.000000 3034.225864
vt 0.000000 3040.208178
vt 1.000000 3040.208178
vt 0.000000 3046.195615
vt 1.000000 3046.195615
vt 0.000000 3052.187898
vt 1.000000 3052.187898
vt 0.000000 3058.183601
vt 1.000000 3058.183601
vt 0.000000 3064.181638
vt 1.000000 3064.181638
vt 0.000000 3070.180246
vt 1.000000 3070.180246
vt 0.000000 3076.180001
vt 1.000000 3076.180001
vt 0.000000 3082.179757
vt 1.000000 3082.179757
vt 0.000000 3088.179622
vt 1.000000 3088.179622
vt 0.000000 3094.179484
vt 1.000000 3094.179484
vt 0.000000 3100.179494
vt 1.000000 3100.179494
vt 0.000000 3106.179334
vt 1.000000 3106.179334
vt 0.000000 3112.179133
vt 1.000000 3112.179133
vt 0.000000 3118.179174
vt 1.000000 3118.179174
vt 0.000000 3124.179178
vt 1.000000 3124.179178
vt 0.000000 3130.179085
vt 1.000000 3130.179085
vt 0.000000 3136.178363
vt 1.000000 3136.178363
vt 0.000000 3142.177289
vt 1.000000 3142.177289
vt 0.000000 3148.175427
vt 1.000000 3148.175427
vt 0.000000 3154.173652
vt 1.000000 3154.173652
vt 0.000000 3160.171933
vt 1.000000 3160.171933
vt 0.000000 3166.170770
vt 1.000000 3166.170770
vt 0.000000 3172.169666
vt 1.000000 3172.169666
vt 0.000000 3178.168967
vt 1.000000 3178.168967
vt 0.000000 3184.168725
vt 1.000000 3184.168725
vt 0.000000 3190.168490
vt 1.000000 3190.168490
vt 0.000000 3196.168139
vt 1.000000 3196.168139
vt 0.000000 3202.164193
vt 1.000000 3202.164193
vt 0.000000 3208.159627
vt 1.000000 3208.159627
vt 0.000000 3214.155547
vt 1.000000 3214.155547
vt 0.000000 3220.152608
vt 1.000000 3220.152608
vt 0.000000 3226.150011
vt 1.000000 3226.150011
vt 0.000000 3232.148019
vt 1.000000 3232.148019
vt 0.000000 3238.146451
vt 1.000000 3238.146451
vt 0.000000 3244.145224
vt 1.000000 3244.145224
vt 0.000000 3250.143981
vt 1.000000 3250.143981
vt 0.000000 3256.143361
vt 1.000000 3256.143361
vt 0.000000 3262.142666
vt 1.000000 3262.142666
vt 0.000000 3268.142186
vt 1.000000 3268.142186
vt 0.000000 3274.141722
vt 1.000000 3274.141722
vt 0.000000 3280.141437
vt 1.000000 3280.141437
vt 0.000000 3286.141143
vt 1.000000 3286.141143
vt 0.000000 3292.140689
vt 1.000000 3292.140689
vt 0.000000 3298.140244
vt 1.000000 3298.140244
vt 0.000000 3304.140105
vt 1.000000 3304.140105
vt 0.000000 3310.139803
vt 1.000000 3310.139803
vt 0.000000 3316.139353
vt 1.000000 3316.139353
vt 0.000000 3322.139217
vt 1.000000 3322.139217
vt 0.000000 3328.139003
vt 1.000000 3328.139003
vt 0.000000 3334.138368
vt 1.000000 3334.138368
vt 0.000000 3340.137299
vt 1.000000 3340.137299
vt 0.000000 3346.136202
vt 1.000000 3346.136202
vt 0.000000 3352.135093
vt 1.000000 3352.135093
vt 0.000000 3358.134152
vt 1.000000 3358.134152
vt 0.000000 3364.133132
vt 1.000000 3364.133132
vt 0.000000 3370.131975
vt 1.000000 3370.131975
vt 0.000000 3376.130943
vt 1.000000 3376.130943
vt 0.000000 3382.129755
vt 1.000000 3382.129755
vt 0.000000 3388.128381
vt 1.000000 3388.128381
vt 0.000000 3394.127162
vt 1.000000 3394.127162
vt 0.000000 3400.125428
vt 1.000000 3400.125428
vt 0.000000 3406.123627
vt 1.000000 3406.123627
vt 0.000000 3412.121300
vt 1.000000 3412.121300
vt 0.000000 3418.118756
vt 1.000000 3418.118756
vt 0.000000 3424.115424
vt 1.000000 3424.115424
vt 0.000000 3430.110859
vt 1.000000 3430.110859
vt 0.000000 3436.104895
vt 1.000000 3436.104895
vt 0.000000 3442.095857
vt 1.000000 3442.095857
vt 0.000000 3448.082463
vt 1.000000 3448.082463
vt 0.000000 3454.062043
vt 1.000000 3454.062043
vt 0.000000 3460.053071
vt 1.000000 3460.053071
vt 0.000000 3466.052875
vt 1.000000 3466.052875
vt 0.000000 3472.052617
vt 1.000000 3472.052617
vt 0.000000 3478.052483
vt 1.000000 3478.052483
vt 0.000000 3484.052347
vt 1.000000 3484.052347
vt 0.000000 3490.052151
vt 1.000000 3490.052151
vt 0.000000 3496.052015
vt 1.000000 3496.052015
vt 0.000000 3502.051819
vt 1.000000 3502.051819
vt 0.000000 3508.051684
vt 1.000000 3508.051684
vt 0.000000 3514.051549
vt 1.000000 3514.051549
vt 0.000000 3520.051352
vt 1.000000 3520.051352
vt 0.000000 3526.051156
vt 1.000000 3526.051156
vt 0.000000 3532.051004
vt 1.000000 3532.051004
vt 0.000000 3538.050680
vt 1.000000 3538.050680
vt 0.000000 3544.050475
vt 1.000000 3544.050475
vt 0.000000 3550.050392
vt 1.000000 3550.050392
vt 0.000000 3556.050187
vt 1.000000 3556.050187
vt 0.000000 3562.049984
vt 1.000000 3562.049984
vt 0.000000 3568.049888
vt 1.000000 3568.049888
vt 0.000000 3574.049546
vt 1.000000 3574.049546
vt 0.000000 3580.049386
vt 1.000000 3580.049386
vt 0.000000 3586.049075
vt 1.000000 3586.049075
vt 0.000000 3592.048738
vt 1.000000 3592.048738
vt 0.000000 3598.047786
vt 1.000000 3598.047786
vt 0.000000 3604.043195
vt 1.000000 3604.043195
vt 0.000000 3610.037910
vt 1.000000 3610.037910
vt 0.000000 3616.032741
vt 1.000000 3616.032741
vt 0.000000 3622.027464
vt 1.000000 3622.027464
vt 0.000000 3628.022861
vt 1.000000 3628.022861
vt 0.000000 3634.018567
vt 1.000000 3634.018567
vt 0.000000 3640.015111
vt 1.000000 3640.015111
vt 0.000000 3646.012311
vt 1.000000 3646.012311
vt 0.000000 3652.010060
vt 1.000000 3652.010060
vt 0.000000 3658.008631
vt 1.000000 3658.008631
vt 0.000000 3664.007668
vt 1.000000 3664.007668
vt 0.000000 3670.007173
vt 1.000000 3670.007173
vt 0.000000 3676.006975
vt 1.000000 3676.006975
vt 0.000000 3682.006734
vt 1.000000 3682.006734
vt 0.000000 3688.006125
vt 1.000000 3688.006125
vt 0.000000 3694.005968
vt 1.000000 3694.005968
vt 0.000000 3700.005382
vt 1.000000 3700.005382
vt 0.000000 3706.004936
vt 1.000000 3706.004936
vt 0.000000 3712.004698
vt 1.000000 3712.004698
vt 0.000000 3718.004475
vt 1.000000 3718.004475
vt 0.000000 3724.004212
vt 1.000000 3724.004212
vt 0.000000 3730.003779
vt 1.000000 3730.003779
vt 0.000000 3736.002725
vt 1.000000 3736.002725
vt 0.000000 3742.001544
vt 1.000000 3742.001544
vt 0.000000 3747.999694
vt 1.000000 3747.999694
vt 0.000000 3753.997175
vt 1.000000 3753.997175
vt 0.000000 3759.993813
vt 1.000000 3759.993813
vt 0.000000 3765.990034
vt 1.000000 3765.990034
vt 0.000000 3771.985638
vt 1.000000 3771.985638
vt 0.000000 3777.981385
vt 1.000000 3777.981385
vt 0.000000 3783.977049
vt 1.000000 3783.977049
vt 0.000000 3789.972964
vt 1.000000 3789.972964
vt 0.000000 3795.969232
vt 1.000000 3795.969232
vt 0.000000 3801.966364
vt 1.000000 3801.966364
vt 0.000000 3807.965812
vt 1.000000 3807.965812
vt 0.000000 3813.965219
vt 1.000000 3813.965219
vt 0.000000 3819.964428
vt 1.000000 3819.964428
vt 0.000000 3825.963528
vt 1.000000 3825.963528
vt 0.000000 3831.962781
vt 1.000000 3831.962781
vt 0.000000 3837.962126
vt 1.000000 3837.962126
vt 0.000000 3843.961597
vt 1.000000 3843.961597
vt 0.000000 3849.961182
vt 1.000000 3849.961182
vt 0.000000 3855.961007
vt 1.000000 3855.961007
vt 0.000000 3861.960645
vt 1.000000 3861.960645
vt 0.000000 3867.960423
vt 1.000000 3867.960423
vt 0.000000 3873.960035
vt 1.000000 3873.960035
vt 0.000000 3879.959435
vt 1.000000 3879.959435
vt 0.000000 3885.959053
vt 1.000000 3885.959053
vt 0.000000 3891.958665
vt 1.000000 3891.958665
vt 0.000000 3897.957939
vt 1.000000 3897.957939
vt 0.000000 3903.957780
vt 1.000000 3903.957780
vt 0.000000 3909.957623
vt 1.000000 3909.957623
vt 0.000000 3915.957435
vt 1.000000 3915.957435
vt 0.000000 3921.956592
vt 1.000000 3921.956592
vt 0.000000 3927.956342
vt 1.000000 3927.956342
vt 0.000000 3933.956167
vt 1.000000 3933.956167
vt 0.000000 3939.955992
vt 1.000000 3939.955992
vt 0.000000 3945.955847
vt 1.000000 3945.955847
vt 0.000000 3951.955291
vt 1.000000 3951.955291
vt 0.000000 3957.947924
vt 1.000000 3957.947924
vt 0.000000 3963.935805
vt 1.000000 3963.935805
vt 0.000000 3969.922680
vt 1.000000 3969.922680
vt 0.000000 3975.909418
vt 1.000000 3975.909418
vt 0.000000 3981.897608
vt 1.000000 3981.897608
vt 0.000000 3987.887748
vt 1.000000 3987.887748
vt 0.000000 3993.879818
vt 1.000000 3993.879818
vt 0.000000 3999.874316
vt 1.000000 3999.874316
vt 0.000000 4005.870255
vt 1.000000 4005.870255
vt 0.000000 4011.867593
vt 1.000000 4011.867593
vt 0.000000 4017.865978
vt 1.000000 4017.865978
vt 0.000000 4023.865065
vt 1.000000 4023.865065
vt 0.000000 4029.864467
vt 1.000000 4029.864467
vt 0.000000 4035.864017
vt 1.000000 4035.864017
vt 0.000000 4041.863820
vt 1.000000 4041.863820
vt 0.000000 4047.863643
vt 1.000000 4047.863643
vt 0.000000 4053.863483
vt 1.000000 4053.863483
vt 0.000000 4059.863066
vt 1.000000 4059.863066
vt 0.000000 4065.862401
vt 1.000000 4065.862401
vt 0.000000 4071.861334
vt 1.000000 4071.861334
vt 0.000000 4077.859612
vt 1.000000 4077.859612
vt 0.000000 4083.856820
vt 1.000000 4083.856820
vt 0.000000 4089.853105
vt 1.000000 4089.853105
vt 0.000000 4095.847942
vt 1.000000 4095.847942
vt 0.000000 4101.840725
vt 1.000000 4101.840725
vt 0.000000 4107.831420
vt 1.000000 4107.831420
vt 0.000000 4113.820162
vt 1.000000 4113.820162
vt 0.000000 4119.807467
vt 1.000000 4119.807467
vt 0.000000 4125.794487
vt 1.000000 4125.794487
vt 0.000000 4131.782495
vt 1.000000 4131.782495
vt 0.000000 4137.773797
vt 1.000000 4137.773797
vt 0.000000 4143.772899
vt 1.000000 4143.772899
vt 0.000000 4149.772734
vt 1.000000 4149.772734
vt 0.000000 4155.772569
vt 1.000000 4155.772569
vt 0.000000 4161.772404
vt 1.000000 4161.772404
vt 0.000000 4167.772239
vt 1.000000 4167.772239
vt 0.000000 4173.772074
vt 1.000000 4173.772074
vt 0.000000 4179.771909
vt 1.000000 4179.771909
vt 0.000000 4185.771744
vt 1.000000 4185.771744
vt 0.000000 4191.771564
vt 1.000000 4191.771564
vt 0.000000 4197.771399
vt 1.000000 4197.771399
vt 0.000000 4203.771234
vt 1.000000 4203.771234
vt 0.000000 4209.771069
vt 1.000000 4209.771069
vt 0.000000 4215.770904
vt 1.000000 4215.770904
vt 0.000000 4221.770740
vt 1.000000 4221.770740
vt 0.000000 4227.770575
vt 1.000000 4227.770575
vt 0.000000 4233.770410
vt 1.000000 4233.770410
vt 0.000000 4239.770245
vt 1.000000 4239.770245
vt 0.000000 4245.770065
vt 1.000000 4245.770065
vt 0.000000 4251.769916
vt 1.000000 4251.769916
vt 0.000000 4257.769801
vt 1.000000 4257.769801
vt 0.000000 4263.769643
vt 1.000000 4263.769643
vt 0.000000 4269.769198
vt 1.000000 4269.769198
vt 0.000000 4275.768877
vt 1.000000 4275.768877
vt 0.000000 4281.768719
vt 1.000000 4281.768719
vt 0.000000 4287.768210
vt 1.000000 4287.768210
vt 0.000000 4293.767708
vt 1.000000 4293.767708
vt 0.000000 4299.767063
vt 1.000000 4299.767063
vt 0.000000 4305.766284
vt 1.000000 4305.766284
vt 0.000000 4311.765301
vt 1.000000 4311.765301
vt 0.000000 4317.764143
vt 1.000000 4317.764143
vt 0.000000 4323.762300
vt 1.000000 4323.762300
vt 0.000000 4329.759583
vt 1.000000 4329.759583
vt 0.000000 4335.755321
vt 1.000000 4335.755321
vt 0.000000 4341.749232
vt 1.000000 4341.749232
vt 0.000000 4347.740335
vt 1.000000 4347.740335
vt 0.000000 4353.728750
vt 1.000000 4353.728750
vt 0.000000 4359.715520
vt 1.000000 4359.715520
vt 0.000000 4365.702587
vt 1.000000 4365.702587
vt 0.000000 4371.692147
vt 1.000000 4371.692147
vt 0.000000 4377.684647
vt 1.000000 4377.684647
vt 0.000000 4383.680027
vt 1.000000 4383.680027
vt 0.000000 4389.676978
vt 1.000000 4389.676978
vt 0.000000 4395.675334
vt 1.000000 4395.675334
vt 0.000000 4401.674305
vt 1.000000 4401.674305
vt 0.000000 4407.673240
vt 1.000000 4407.673240
vt 0.000000 4413.672675
vt 1.000000 4413.672675
vt 0.000000 4419.672495
vt 1.000000 4419.672495
vt 0.000000 4425.672329
vt 1.000000 4425.672329
vt 0.000000 4431.672061
vt 1.000000 4431.672061
vt 0.000000 4437.671255
vt 1.000000 4437.671255
vt 0.000000 4443.669020
vt 1.000000 4443.669020
vt 0.000000 4449.666189
vt 1.000000 4449.666189
vt 0.000000 4455.662978
vt 1.000000 4455.662978
vt 0.000000 4461.659461
vt 1.000000 4461.659461
vt 0.000000 4467.655683
vt 1.000000 4467.655683
vt 0.000000 4473.651684
vt 1.000000 4473.651684
vt 0.000000 4479.647500
vt 1.000000 4479.647500
vt 0.000000 4485.643176
vt 1.000000 4485.643176
vt 0.000000 4491.638739
vt 1.000000 4491.638739
vt 0.000000 4497.634394
vt 1.000000 4497.634394
vt 0.000000 4503.630121
vt 1.000000 4503.630121
vt 0.000000 4509.626222
vt 1.000000 4509.626222
vt 0.000000 4515.622440
vt 1.000000 4515.622440
vt 0.000000 4521.619146
vt 1.000000 4521.619146
vt 0.000000 4527.616143
vt 1.000000 4527.616143
vt 0.000000 4533.613469
vt 1.000000 4533.613469
vt 0.000000 4539.611195
vt 1.000000 4539.611195
vt 0.000000 4545.609162
vt 1.000000 4545.609162
vt 0.000000 4551.607374
vt 1.000000 4551.607374
vt 0.000000 4557.605768
vt 1.000000 4557.605768
vt 0.000000 4563.604285
vt 1.000000 4563.604285
vt 0.000000 4569.602967
vt 1.000000 4569.602967
vt 0.000000 4575.601736
vt 1.000000 4575.601736
vt 0.000000 4581.600672
vt 1.000000 4581.600672
vt 0.000000 4587.599441
vt 1.000000 4587.599441
vt 0.000000 4593.597909
vt 1.000000 4593.597909
vt 0.000000 4599.596163
vt 1.000000 4599.596163
vt 0.000000 4605.594129
vt 1.000000 4605.594129
vt 0.000000 4611.591989
vt 1.000000 4611.591989
vt 0.000000 4617.589336
vt 1.000000 4617.589336
vt 0.000000 4623.586722
vt 1.000000 4623.586722
vt 0.000000 4629.583700
vt 1.000000 4629.583700
vt 0.000000 4635.580374
vt 1.000000 4635.580374
vt 0.000000 4641.576846
vt 1.000000 4641.576846
vt 0.000000 4647.573206
vt 1.000000 4647.573206
vt 0.000000 4653.569433
vt 1.000000 4653.569433
vt 0.000000 4659.565537
vt 1.000000 4659.565537
vt 0.000000 4665.562039
vt 1.000000 4665.562039
vt 0.000000 4671.558479
vt 1.000000 4671.558479
vt 0.000000 4677.555339
vt 1.000000 4677.555339
vt 0.000000 4683.552455
vt 1.000000 4683.552455
vt 0.000000 4689.549871
vt 1.000000 4689.549871
vt 0.000000 4695.547676
vt 1.000000 4695.547676
vt 0.000000 4701.545758
vt 1.000000 4701.545758
vt 0.000000 4707.543677
vt 1.000000 4707.543677
vt 0.000000 4713.541421
vt 1.000000 4713.541421
vt 0.000000 4719.539396
vt 1.000000 4719.539396
vt 0.000000 4725.537560
vt 1.000000 4725.537560
vt 0.000000 4731.535889
vt 1.000000 4731.535889
vt 0.000000 4737.534361
vt 1.000000 4737.534361
vt 0.000000 4743.533063
vt 1.000000 4743.533063
vt 0.000000 4749.532045
vt 1.000000 4749.532045
vt 0.000000 4755.531098
vt 1.000000 4755.531098
vt 0.000000 4761.530313
vt 1.000000 4761.530313
vt 0.000000 4767.529369
vt 1.000000 4767.529369
vt 0.000000 4773.529093
vt 1.000000 4773.529093
vt 0.000000 4779.528156
vt 1.000000 4779.528156
vt 0.000000 4785.527878
vt 1.000000 4785.527878
vt 0.000000 4791.527707
vt 1.000000 4791.527707
vt 0.000000 4797.527536
vt 1.000000 4797.527536
vt 0.000000 4803.527335
vt 1.000000 4803.527335
vt 0.000000 4809.527056
vt 1.000000 4809.527056
vt 0.000000 4815.526621
vt 1.000000 4815.526621
vt 0.000000 4821.526122
vt 1.000000 4821.526122
vt 0.000000 4827.524928
vt 1.000000 4827.524928
vt 0.000000 4833.523586
vt 1.000000 4833.523586
vt 0.000000 4839.521735
vt 1.000000 4839.521735
vt 0.000000 4845.518864
vt 1.000000 4845.518864
vt 0.000000 4851.515301
vt 1.000000 4851.515301
vt 0.000000 4857.510129
vt 1.000000 4857.510129
vt 0.000000 4863.503631
vt 1.000000 4863.503631
vt 0.000000 4869.495425
vt 1.000000 4869.495425
vt 0.000000 4875.485987
vt 1.000000 4875.485987
vt 0.000000 4881.476012
vt 1.000000 4881.476012
vt 0.000000 4887.468666
vt 1.000000 4887.468666
vt 0.000000 4893.462445
vt 1.000000 4893.462445
vt 0.000000 4899.457903
vt 1.000000 4899.457903
vt 0.000000 4905.454364
vt 1.000000 4905.454364
vt 0.000000 4911.451531
vt 1.000000 4911.451531
vt 0.000000 4917.449382
vt 1.000000 4917.449382
vt 0.000000 4923.447544
vt 1.000000 4923.447544
vt 0.000000 4929.446161
vt 1.000000 4929.446161
vt 0.000000 4935.444821
vt 1.000000 4935.444821
vt 0.000000 4941.443715
vt 1.000000 4941.443715
vt 0.000000 4947.442832
vt 1.000000 4947.442832
vt 0.000000 4953.442091
vt 1.000000 4953.442091
vt 0.000000 4959.441425
vt 1.000000 4959.441425
vt 0.000000 4965.440853
vt 1.000000 4965.440853
vt 0.000000 4971.440123
vt 1.000000 4971.440123
vt 0.000000 4977.439825
vt 1.000000 4977.439825
vt 0.000000 4983.439163
vt 1.000000 4983.439163
vt 0.000000 4989.438782
vt 1.000000 4989.438782
vt 0.000000 4995.438057
vt 1.000000 4995.438057
vt 0.000000 5001.437545
vt 1.000000 5001.437545
vt 0.000000 5007.437458
vt 1.000000 5007.437458
vt 0.000000 5013.437250
vt 1.000000 5013.437250
vt 0.000000 5019.436485
vt 1.000000 5019.436485
vt 0.000000 5025.436134
vt 1.000000 5025.436134
vt 0.000000 5031.436032
vt 1.000000 5031.436032
vt 0.000000 5037.435809
vt 1.000000 5037.435809
vt 0.000000 5043.435707
vt 1.000000 5043.435707
vt 0.000000 5049.435484
vt 1.000000 5049.435484
vt 0.000000 5055.435169
vt 1.000000 5055.435169
vt 0.000000 5061.427113
vt 1.000000 5061.427113
vt 0.000000 5067.406992
vt 1.000000 5067.406992
vt 0.000000 5073.381776
vt 1.000000 5073.381776
vt 0.000000 5079.355113
vt 1.000000 5079.355113
vt 0.000000 5085.332575
vt 1.000000 5085.332575
vt 0.000000 5091.316888
vt 1.000000 5091.316888
vt 0.000000 5097.307658
vt 1.000000 5097.307658
vt 0.000000 5103.302717
vt 1.000000 5103.302717
vt 0.000000 5109.300288
vt 1.000000 5109.300288
vt 0.000000 5115.299195
vt 1.000000 5115.299195
vt 0.000000 5121.298834
vt 1.000000 5121.298834
vt 0.000000 5127.298655
vt 1.000000 5127.298655
vt 0.000000 5133.298306
vt 1.000000 5133.298306
vt 0.000000 5139.297289
vt 1.000000 5139.297289
vt 0.000000 5145.295753
vt 1.000000 5145.295753
vt 0.000000 5151.293186
vt 1.000000 5151.293186
vt 0.000000 5157.289496
vt 1.000000 5157.289496
vt 0.000000 5163.284497
vt 1.000000 5163.284497
vt 0.000000 5169.278479
vt 1.000000 5169.278479
vt 0.000000 5175.271354
vt 1.000000 5175.271354
vt 0.000000 5181.263579
vt 1.000000 5181.263579
vt 0.000000 5187.255871
vt 1.000000 5187.255871
vt 0.000000 5193.248301
vt 1.000000 5193.248301
vt 0.000000 5199.241517
vt 1.000000 5199.241517
vt 0.000000 5205.236511
vt 1.000000 5205.236511
vt 0.000000 5211.235716
vt 1.000000 5211.235716
vt 0.000000 5217.235166
vt 1.000000 5217.235166
vt 0.000000 5223.234781
vt 1.000000 5223.234781
vt 0.000000 5229.234412
vt 1.000000 5229.234412
vt 0.000000 5235.234258
vt 1.000000 5235.234258
vt 0.000000 5241.234097
vt 1.000000 5241.234097
vt 0.000000 5247.233983
vt 1.000000 5247.233983
vt 0.000000 5253.233807
vt 1.000000 5253.233807
vt 0.000000 5259.233632
vt 1.000000 5259.233632
vt 0.000000 5265.233456
vt 1.000000 5265.233456
vt 0.000000 5271.233285
vt 1.000000 5271.233285
vt 0.000000 5277.233109
vt 1.000000 5277.233109
vt 0.000000 5283.232545
vt 1.000000 5283.232545
vt 0.000000 5289.231923
vt 1.000000 5289.231923
vt 0.000000 5295.231508
vt 1.000000 5295.231508
vt 0.000000 5301.230973
vt 1.000000 5301.230973
vt 0.000000 5307.230166
vt 1.000000 5307.230166
vt 0.000000 5313.229472
vt 1.000000 5313.229472
vt 0.000000 5319.228026
vt 1.000000 5319.228026
vt 0.000000 5325.226128
vt 1.000000 5325.226128
vt 0.000000 5331.223563
vt 1.000000 5331.223563
vt 0.000000 5337.218246
vt 1.000000 5337.218246
vt 0.000000 5343.208487
vt 1.000000 5343.208487
vt 0.000000 5349.187903
vt 1.000000 5349.187903
vt 0.000000 5355.172103
vt 1.000000 5355.172103
vt 0.000000 5361.163879
vt 1.000000 5361.163879
vt 0.000000 5367.157882
vt 1.000000 5367.157882
vt 0.000000 5373.153210
vt 1.000000 5373.153210
vt 0.000000 5379.150000
vt 1.000000 5379.150000
vt 0.000000 5385.147276
vt 1.000000 5385.147276
vt 0.000000 5391.144980
vt 1.000000 5391.144980
vt 0.000000 5397.143052
vt 1.000000 5397.143052
vt 0.000000 5403.134522
vt 1.000000 5403.134522
vt 0.000000 5409.112947
vt 1.000000 5409.112947
vt 0.000000 5415.086111
vt 1.000000 5415.086111
vt 0.000000 5421.064734
vt 1.000000 5421.064734
vt 0.000000 5427.012193
vt 1.000000 5427.012193
vt 0.000000 5432.945049
vt 1.000000 5432.945049
vt 0.000000 5438.930919
vt 1.000000 5438.930919
vt 0.000000 5444.936761
vt 1.000000 5444.936761
vt 0.000000 5450.935074
vt 1.000000 5450.935074
vt 0.000000 5456.933592
vt 1.000000 5456.933592
vt 0.000000 5462.933283
vt 1.000000 5462.933283
vt 0.000000 5468.933030
vt 1.000000 5468.933030
vt 0.000000 5474.932486
vt 1.000000 5474.932486
vt 0.000000 5480.931448
vt 1.000000 5480.931448
vt 0.000000 5486.929178
vt 1.000000 5486.929178
vt 0.000000 5492.926062
vt 1.000000 5492.926062
vt 0.000000 5498.924229
vt 1.000000 5498.924229
vt 0.000000 5504.923569
vt 1.000000 5504.923569
vt 0.000000 5510.923269
vt 1.000000 5510.923269
vt 0.000000 5516.923037
vt 1.000000 5516.923037
vt 0.000000 5522.922531
vt 1.000000 5522.922531
vt 0.000000 5528.920978
vt 1.000000 5528.920978
vt 0.000000 5534.918838
vt 1.000000 5534.918838
vt 0.000000 5540.917485
vt 1.000000 5540.917485
vt 0.000000 5546.915077
vt 1.000000 5546.915077
vt 0.000000 5552.907868
vt 1.000000 5552.907868
vt 0.000000 5558.897258
vt 1.000000 5558.897258
vt 0.000000 5564.876644
vt 1.000000 5564.876644
vt 0.000000 5570.871808
vt 1.000000 5570.871808
vt 0.000000 5576.868417
vt 1.000000 5576.868417
vt 0.000000 5582.866107
vt 1.000000 5582.866107
vt 0.000000 5588.863459
vt 1.000000 5588.863459
vt 0.000000 5594.860642
vt 1.000000 5594.860642
vt 0.000000 5600.857542
vt 1.000000 5600.857542
vt 0.000000 5606.853226
vt 1.000000 5606.853226
vt 0.000000 5612.847473
vt 1.000000 5612.847473
vt 0.000000 5618.838450
vt 1.000000 5618.838450
vt 0.000000 5624.823776
vt 1.000000 5624.823776
vt 0.000000 5630.794555
vt 1.000000 5630.794555
vt 0.000000 5636.777199
vt 1.000000 5636.777199
vt 0.000000 5642.772439
vt 1.000000 5642.772439
vt 0.000000 5648.770520
vt 1.000000 5648.770520
vt 0.000000 5654.769422
vt 1.000000 5654.769422
vt 0.000000 5660.768570
vt 1.000000 5660.768570
vt 0.000000 5666.768152
vt 1.000000 5666.768152
vt 0.000000 5672.767537
vt 1.000000 5672.767537
vt 0.000000 5678.767061
vt 1.000000 5678.767061
vt 0.000000 5684.766679
vt 1.000000 5684.766679
vt 0.000000 5690.766294
vt 1.000000 5690.766294
vt 0.000000 5696.765943
vt 1.000000 5696.765943
vt 0.000000 5702.765747
vt 1.000000 5702.765747
vt 0.000000 5708.764545
vt 1.000000 5708.764545
vt 0.000000 5714.763422
vt 1.000000 5714.763422
vt 0.000000 5720.762297
vt 1.000000 5720.762297
vt 0.000000 5726.761575
vt 1.000000 5726.761575
vt 0.000000 5732.761122
vt 1.000000 5732.761122
vt 0.000000 5738.760568
vt 1.000000 5738.760568
vt 0.000000 5744.759796
vt 1.000000 5744.759796
vt 0.000000 5750.759446
vt 1.000000 5750.759446
vt 0.000000 5756.758995
vt 1.000000 5756.758995
vt 0.000000 5762.758479
vt 1.000000 5762.758479
vt 0.000000 5768.758185
vt 1.000000 5768.758185
vt 0.000000 5774.757870
vt 1.000000 5774.757870
vt 0.000000 5780.756936
vt 1.000000 5780.756936
vt 0.000000 5786.754215
vt 1.000000 5786.754215
vt 0.000000 5792.739711
vt 1.000000 5792.739711
vt 0.000000 5798.730687
vt 1.000000 5798.730687
vt 0.000000 5804.723968
vt 1.000000 5804.723968
vt 0.000000 5810.716072
vt 1.000000 5810.716072
vt 0.000000 5816.707511
vt 1.000000 5816.707511
vt 0.000000 5822.699426
vt 1.000000 5822.699426
vt 0.000000 5828.692780
vt 1.000000 5828.692780
vt 0.000000 5834.688699
vt 1.000000 5834.688699
vt 0.000000 5840.686536
vt 1.000000 5840.686536
vt 0.000000 5846.685866
vt 1.000000 5846.685866
vt 0.000000 5852.685725
vt 1.000000 5852.685725
vt 0.000000 5858.685305
vt 1.000000 5858.685305
vt 0.000000 5864.683711
vt 1.000000 5864.683711
vt 0.000000 5870.681755
vt 1.000000 5870.681755
vt 0.000000 5876.678908
vt 1.000000 5876.678908
vt 0.000000 5882.676071
vt 1.000000 5882.676071
vt 0.000000 5888.672555
vt 1.000000 5888.672555
vt 0.000000 5894.669570
vt 1.000000 5894.669570
vt 0.000000 5900.666666
vt 1.000000 5900.666666
vt 0.000000 5906.662582
vt 1.000000 5906.662582
vt 0.000000 5912.646220
vt 1.000000 5912.646220
vt 0.000000 5918.630519
vt 1.000000 5918.630519
vt 0.000000 5924.619844
vt 1.000000 5924.619844
vt 0.000000 5930.612640
vt 1.000000 5930.612640
vt 0.000000 5936.607854
vt 1.000000 5936.607854
vt 0.000000 5942.604621
vt 1.000000 5942.604621
vt 0.000000 5948.602193
vt 1.000000 5948.602193
vt 0.000000 5954.600701
vt 1.000000 5954.600701
vt 0.000000 5960.599421
vt 1.000000 5960.599421
vt 0.000000 5966.598318
vt 1.000000 5966.598318
vt 0.000000 5972.597382
vt 1.000000 5972.597382
vt 0.000000 5978.596889
vt 1.000000 5978.596889
vt 0.000000 5984.596434
vt 1.000000 5984.596434
vt 0.000000 5990.595968
vt 1.000000 5990.595968
vt 0.000000 5996.595382
vt 1.000000 5996.595382
vt 0.000000 6002.594852
vt 1.000000 6002.594852
vt 0.000000 6008.594752
vt 1.000000 6008.594752
vt 0.000000 6014.594408
vt 1.000000 6014.594408
vt 0.000000 6020.594091
vt 1.000000 6020.594091
vt 0.000000 6026.593917
vt 1.000000 6026.593917
vt 0.000000 6032.593743
vt 1.000000 6032.593743
vt 0.000000 6038.593568
vt 1.000000 6038.593568
vt 0.000000 6044.593394
vt 1.000000 6044.593394
vt 0.000000 6050.593219
vt 1.000000 6050.593219
vt 0.000000 6056.593045
vt 1.000000 6056.593045
vt 0.000000 6062.592621
vt 1.000000 6062.592621
vt 0.000000 6068.592240
vt 1.000000 6068.592240
vt 0.000000 6074.591573
vt 1.000000 6074.591573
vt 0.000000 6080.590935
vt 1.000000 6080.590935
vt 0.000000 6086.589814
vt 1.000000 6086.589814
vt 0.000000 6092.588404
vt 1.000000 6092.588404
vt 0.000000 6098.586413
vt 1.000000 6098.586413
vt 0.000000 6104.583151
vt 1.000000 6104.583151
vt 0.000000 6110.578435
vt 1.000000 6110.578435
vt 0.000000 6116.570749
vt 1.000000 6116.570749
vt 0.000000 6122.559497
vt 1.000000 6122.559497
vt 0.000000 6128.543369
vt 1.000000 6128.543369
vt 0.000000 6134.523363
vt 1.000000 6134.523363
vt 0.000000 6140.501765
vt 1.000000 6140.501765
vt 0.000000 6146.481966
vt 1.000000 6146.481966
vt 0.000000 6152.465990
vt 1.000000 6152.465990
vt 0.000000 6158.454598
vt 1.000000 6158.454598
vt 0.000000 6164.446628
vt 1.000000 6164.446628
vt 0.000000 6170.441338
vt 1.000000 6170.441338
vt 0.000000 6176.437636
vt 1.000000 6176.437636
vt 0.000000 6182.435202
vt 1.000000 6182.435202
vt 0.000000 6188.433424
vt 1.000000 6188.433424
vt 0.000000 6194.432145
vt 1.000000 6194.432145
vt 0.000000 6200.427612
vt 1.000000 6200.427612
vt 0.000000 6206.412394
vt 1.000000 6206.412394
vt 0.000000 6212.393165
vt 1.000000 6212.393165
vt 0.000000 6218.370344
vt 1.000000 6218.370344
vt 0.000000 6224.347040
vt 1.000000 6224.347040
vt 0.000000 6230.325886
vt 1.000000 6230.325886
vt 0.000000 6236.308645
vt 1.000000 6236.308645
vt 0.000000 6242.296010
vt 1.000000 6242.296010
vt 0.000000 6248.286911
vt 1.000000 6248.286911
vt 0.000000 6254.280529
vt 1.000000 6254.280529
vt 0.000000 6260.276215
vt 1.000000 6260.276215
vt 0.000000 6266.273092
vt 1.000000 6266.273092
vt 0.000000 6272.270812
vt 1.000000 6272.270812
vt 0.000000 6278.269083
vt 1.000000 6278.269083
vt 0.000000 6284.267601
vt 1.000000 6284.267601
vt 0.000000 6290.266407
vt 1.000000 6290.266407
vt 0.000000 6296.265390
vt 1.000000 6296.265390
vt 0.000000 6302.264430
vt 1.000000 6302.264430
vt 0.000000 6308.263793
vt 1.000000 6308.263793
vt 0.000000 6314.263159
vt 1.000000 6314.263159
vt 0.000000 6320.262600
vt 1.000000 6320.262600
vt 0.000000 6326.262424
vt 1.000000 6326.262424
vt 0.000000 6332.262022
vt 1.000000 6332.262022
vt 0.000000 6338.261842
vt 1.000000 6338.261842
vt 0.000000 6344.261673
vt 1.000000 6344.261673
vt 0.000000 6350.261506
vt 1.000000 6350.261506
vt 0.000000 6356.261254
vt 1.000000 6356.261254
vt 0.000000 6362.261122
vt 1.000000 6362.261122
vt 0.000000 6368.260632
vt 1.000000 6368.260632
vt 0.000000 6374.260245
vt 1.000000 6374.260245
vt 0.000000 6380.259374
vt 1.000000 6380.259374
vt 0.000000 6386.257590
vt 1.000000 6386.257590
vt 0.000000 6392.255125
vt 1.000000 6392.255125
vt 0.000000 6398.251418
vt 1.000000 6398.251418
vt 0.000000 6404.247258
vt 1.000000 6404.247258
vt 0.000000 6410.241317
vt 1.000000 6410.241317
vt 0.000000 6416.233522
vt 1.000000 6416.233522
vt 0.000000 6422.223167
vt 1.000000 6422.223167
vt 0.000000 6428.210433
vt 1.000000 6428.210433
vt 0.000000 6434.195481
vt 1.000000 6434.195481
vt 0.000000 6440.179767
vt 1.000000 6440.179767
vt 0.000000 6446.164266
vt 1.000000 6446.164266
vt 0.000000 6452.150859
vt 1.000000 6452.150859
vt 0.000000 6458.139931
vt 1.000000 6458.139931
vt 0.000000 6464.131585
vt 1.000000 6464.131585
vt 0.000000 6470.125165
vt 1.000000 6470.125165
vt 0.000000 6476.120499
vt 1.000000 6476.120499
vt 0.000000 6482.116833
vt 1.000000 6482.116833
vt 0.000000 6488.115414
vt 1.000000 6488.115414
vt 0.000000 6494.115315
vt 1.000000 6494.115315
vt 0.000000 6500.114134
vt 1.000000 6500.114134
vt 0.000000 6506.111180
vt 1.000000 6506.111180
vt 0.000000 6512.108276
vt 1.000000 6512.108276
vt 0.000000 6518.104534
vt 1.000000 6518.104534
vt 0.000000 6524.099462
vt 1.000000 6524.099462
vt 0.000000 6530.090071
vt 1.000000 6530.090071
vt 0.000000 6536.074244
vt 1.000000 6536.074244
vt 0.000000 6542.060876
vt 1.000000 6542.060876
vt 0.000000 6548.054316
vt 1.000000 6548.054316
vt 0.000000 6554.051785
vt 1.000000 6554.051785
vt 0.000000 6560.050865
vt 1.000000 6560.050865
vt 0.000000 6564.427297
vt 1.000000 6564.427297
vt 0.000000 7991.819011
vt 1.000000 7991.819011
vt 0.000000 7991.819011
vt 1.000000 7991.819011
vt 0.000000 7991.819011
vt 1.000000 7991.819011
vt 0.000000 7991.819011
vt 1.000000 7991.819011
vt 0.000000 9058.841972
vt 1.000000 9058.841972
vt 0.000000 nan
vt 1.000000 nan
vt 0.000000 nan
vt 1.000000 nan
vt 0.000000 nan
vt 1.000000 nan
vt 0.000000 nan
vt 1.000000 nan
vt 0.000000 nan
vt 1.000000 nan
vt 0.000000 nan
vt 1.000000 nan
vt 0.000000 nan
vt 1.000000 nan
vt 0.000000 nan
vt 1.000000 nan
vt 0.000000 nan
vt 1.000000 nan
vt 0.000000 nan
vt 1.000000 nan
vt 0.000000 nan
vt 1.000000 nan
vt 0.000000 nan
vt 1.000000 nan
vt 0.000000 nan
vt 1.000000 nan
vt 0.000000 nan
vt 1.000000 nan
vt 0.000000 nan
vt 1.000000 nan
vt 0.000000 nan
vt 1.000000 nan
vt 0.000000 nan
vt 1.000000 nan
vt 0.000000 nan
vt 1.000000 nan
vt 0.000000 nan
vt 1.000000 nan
vt 0.000000 nan
vt 1.000000 nan
vt 0.000000 nan
vt 1.000000 nan
vt 0.000000 nan
vt 1.000000 nan
vt 0.000000 nan
vt 1.000000 nan
vt 0.000000 nan
vt 1.000000 nan
vt 0.000000 nan
vt 1.000000 nan
vt 0.000000 nan
vt 1.000000 nan
vt 0.000000 nan
vt 1.000000 nan
vt 0.000000 nan
vt 1.000000 nan
vt 0.000000 nan
vt 1.000000 nan
vt 0.000000 nan
vt 1.000000 nan
vt 0.000000 nan
vt 1.000000 nan
vt 0.000000 nan
vt 1.000000 nan
vt 0.000000 nan
vt 1.000000 nan
vt 0.000000 nan
vt 1.000000 nan
vt 0.000000 nan
vt 1.000000 nan
vt 0.000000 nan
vt 1.000000 nan
vt 0.000000 nan
vt 1.000000 nan
vt 0.000000 nan
vt 1.000000 nan
vt 0.000000 nan
vt 1.000000 nan
vt 0.000000 nan
vt 1.000000 nan
vt 0.000000 nan
vt 1.000000 nan
vt 0.000000 nan
vt 1.000000 nan
vt 0.000000 nan
vt 1.000000 nan
vt 0.000000 nan
vt 1.000000 nan
vt 0.000000 nan
vt 1.000000 nan
vt 0.000000 nan
vt 1.000000 nan
vt 0.000000 nan
vt 1.000000 nan
vt 0.000000 nan
vt 1.000000 nan
vt 0.000000 nan
vt 1.000000 nan
vt 0.000000 nan
vt 1.000000 nan
vt 0.000000 nan
vt 1.000000 nan
vt 0.000000 nan
vt 1.000000 nan
vt 0.000000 nan
vt 1.000000 nan
vt 0.000000 nan
vt 1.000000 nan
vt 0.000000 nan
vt 1.000000 nan
vt 0.000000 nan
vt 1.000000 nan
vt 0.000000 nan
vt 1.000000 nan
vt 0.000000 nan
vt 1.000000 nan
vt 0.000000 nan
vt 1.000000 nan
vt 0.000000 nan
vt 1.000000 nan
vt 0.000000 nan
vt 1.000000 nan
vt 0.000000 nan
vt 1.000000 nan
vt 0.000000 nan
vt 1.000000 nan
vt 0.000000 nan
vt 1.000000 nan
vt 0.000000 nan
vt 1.000000 nan
vt 0.000000 nan
vt 1.000000 nan
vt 0.000000 nan
vt 1.000000 nan
vt 0.000000 nan
vt 1.000000 nan
vt 0.000000 nan
vt 1.000000 nan
vt 0.000000 nan
vt 1.000000 nan
vt 0.000000 nan
vt 1.000000 nan
vt 0.000000 nan
vt 1.000000 nan
vt 0.000000 nan
vt 1.000000 nan
vt 0.000000 nan
vt 1.000000 nan
vt 0.000000 nan
vt 1.000000 nan
vt 0.000000 nan
vt 1.000000 nan
vt 0.000000 nan
vt 1.000000 nan
vt 0.000000 nan
vt 1.000000 nan
vt 0.000000 nan
vt 1.000000 nan
vt 0.000000 nan
vt 1.000000 nan
vt 0.000000 nan
vt 1.000000 nan
vt 0.000000 nan
vt 1.000000 nan
vt 0.000000 nan
vt 1.000000 nan
vt 0.000000 nan
vt 1.000000 nan
vt 0.000000 nan
vt 1.000000 nan
vt 0.000000 nan
vt 1.000000 nan
vt 0.000000 nan
vt 1.000000 nan
vt 0.000000 nan
vt 1.000000 nan
vt 0.000000 nan
vt 1.000000 nan
vt 0.000000 nan
vt 1.000000 nan
vt 0.000000 nan
vt 1.000000 nan
vt 0.000000 nan
vt 1.000000 nan
vt 0.000000 nan
vt 1.000000 nan
vt 0.000000 nan
vt 1.000000 nan
vt 0.000000 nan
vt 1.000000 nan
vt 0.000000 nan
vt 1.000000 nan
vt 0.000000 nan
vt 1.000000 nan
vt 0.000000 nan
vt 1.000000 nan
vt 0.000000 nan
vt 1.000000 nan
vt 0.000000 nan
vt 1.000000 nan
vt 0.000000 nan
vt 1.000000 nan
vt 0.000000 nan
vt 1.000000 nan
vt 0.000000 nan
vt 1.000000 nan
vt 0.000000 nan
vt 1.000000 nan
vt 0.000000 nan
vt 1.000000 nan
vt 0.000000 nan
vt 1.000000 nan
vt 0.000000 nan
vt 1.000000 nan
vt 0.000000 nan
vt 1.000000 nan
vt 0.000000 nan
vt 1.000000 nan
vt 0.000000 nan
vt 1.000000 nan
vt 0.000000 nan
vt 1.000000 nan
vt 0.000000 nan
vt 1.000000 nan
vt 0.000000 nan
vt 1.000000 nan
vt 0.000000 nan
vt 1.000000 nan
vt 0.000000 nan
vt 1.000000 nan
vt 0.000000 nan
vt 1.000000 nan
vt 0.000000 nan
vt 1.000000 nan
vt 0.000000 nan
vt 1.000000 nan
vt 0.000000 nan
vt 1.000000 nan
vt 0.000000 nan
vt 1.000000 nan
vt 0.000000 nan
vt 1.000000 nan
vt 0.000000 nan
vt 1.000000 nan
vt 0.000000 nan
vt 1.000000 nan
vt 0.000000 nan
vt 1.000000 nan
vt 0.000000 nan
vt 1.000000 nan
vt 0.000000 nan
vt 1.000000 nan
vt 0.000000 nan
vt 1.000000 nan
vt 0.000000 nan
vt 1.000000 nan
vt 0.000000 nan
vt 1.000000 nan
vt 0.000000 nan
vt 1.000000 nan
vt 0.000000 nan
vt 1.000000 nan
vt 0.000000 nan
vt 1.000000 nan
vt 0.000000 nan
vt 1.000000 nan
vt 0.000000 nan
vt 1.000000 nan
vt 0.000000 nan
vt 1.000000 nan
vt 0.000000 nan
vt 1.000000 nan
vt 0.000000 nan
vt 1.000000 nan
vt 0.000000 nan
vt 1.000000 nan
vt 0.000000 nan
vt 1.000000 nan
vn 0.007104 0.999969 -0.003521
vn 0.007104 0.999969 -0.003521
vn 0.006838 0.999969 -0.004015
vn 0.006838 0.999969 -0.004015
vn 0.006455 0.999969 -0.004575
vn 0.006455 0.999969 -0.004575
vn 0.010877 0.999940 0.001125
vn 0.010877 0.999940 0.001125
vn 0.010928 0.999940 0.000063
vn 0.010928 0.999940 0.000063
vn 0.010870 0.999940 -0.001131
vn 0.010870 0.999940 -0.001131
vn 0.010719 0.999940 -0.002194
vn 0.010719 0.999940 -0.002194
vn 0.010369 0.999941 -0.003310
vn 0.010369 0.999941 -0.003310
vn 0.010070 0.999940 -0.004280
vn 0.010070 0.999940 -0.004280
vn 0.017159 0.999849 -0.002755
vn 0.017159 0.999849 -0.002755
vn 0.016927 0.999848 -0.004138
vn 0.016927 0.999848 -0.004138
vn 0.016638 0.999847 -0.005337
vn 0.016638 0.999847 -0.005337
vn 0.016284 0.999846 -0.006514
vn 0.016284 0.999846 -0.006514
vn 0.015930 0.999846 -0.007430
vn 0.015930 0.999846 -0.007430
vn 0.015615 0.999846 -0.008059
vn 0.015615 0.999846 -0.008059
vn 0.007340 0.999938 -0.008344
vn 0.007340 0.999938 -0.008344
vn 0.007853 0.999969 -0.000748
vn 0.007853 0.999969 -0.000748
vn 0.007863 0.999969 -0.001006
vn 0.007863 0.999969 -0.001006
vn 0.007801 0.999969 -0.001186
vn 0.007801 0.999969 -0.001186
vn 0.007807 0.999969 -0.001385
vn 0.007807 0.999969 -0.001385
vn 0.015473 0.999875 -0.003120
vn 0.015473 0.999875 -0.003120
vn 0.015490 0.999874 -0.003373
vn 0.015490 0.999874 -0.003373
vn 0.015430 0.999875 -0.003513
vn 0.015430 0.999875 -0.003513
vn 0.015374 0.999875 -0.003625
vn 0.015374 0.999875 -0.003625
vn 0.015345 0.999875 -0.003743
vn 0.015345 0.999875 -0.003743
vn 0.007673 0.999969 -0.001872
vn 0.007673 0.999969 -0.001872
vn 0.007673 0.999969 -0.001872
vn 0.007673 0.999969 -0.001872
vn 0.007673 0.999969 -0.001872
vn 0.007673 0.999969 -0.001872
vn 0.007716 0.999969 -0.001819
vn 0.007716 0.999969 -0.001819
vn 0.007725 0.999969 -0.001682
vn 0.007725 0.999969 -0.001682
vn 0.000000 1.000000 0.000000
vn 0.000000 1.000000 0.000000
vn 0.000000 1.000000 0.000000
vn 0.000000 1.000000 0.000000
vn 0.000000 1.000000 0.000000
vn 0.000000 1.000000 0.000000
vn 0.007900 0.999969 -0.000564
vn 0.007900 0.999969 -0.000564
vn 0.007921 0.999969 -0.000377
vn 0.007921 0.999969 -0.000377
vn 0.007924 0.999969 -0.000314
vn 0.007924 0.999969 -0.000314
vn 0.015863 0.999874 -0.000504
vn 0.015863 0.999874 -0.000504
vn 0.023797 0.999717 -0.000378
vn 0.023797 0.999717 -0.000378
vn 0.023797 0.999717 -0.000378
vn 0.023797 0.999717 -0.000378
vn 0.023797 0.999717 -0.000378
vn 0.023797 0.999717 -0.000378
vn 0.023797 0.999717 -0.000378
vn 0.023797 0.999717 -0.000378
vn 0.023801 0.999717 -0.000189
vn 0.023801 0.999717 -0.000189
vn 0.031730 0.999496 0.000000
vn 0.031730 0.999496 0.000000
vn 0.031730 0.999496 0.000000
vn 0.031730 0.999496 0.000000
vn 0.031730 0.999496 0.000000
vn 0.031730 0.999496 0.000000
vn 0.031730 0.999496 0.000000
vn 0.031730 0.999496 0.000000
vn 0.031730 0.999496 0.000000
vn 0.031730 0.999496 0.000000
vn 0.031730 0.999496 0.000000
vn 0.031730 0.999496 0.000000
vn 0.031730 0.999496 0.000000
vn 0.031730 0.999496 0.000000
vn 0.031730 0.999496 0.000000
vn 0.031730 0.999496 0.000000
vn 0.031730 0.999496 0.000000
vn 0.031730 0.999496 0.000000
vn 0.031730 0.999496 0.000000
vn 0.031730 0.999496 0.000000
vn 0.031730 0.999496 0.000000
vn 0.031730 0.999496 0.000000
vn 0.031730 0.999496 0.000000
vn 0.031730 0.999496 0.000000
vn 0.031729 0.999465 -0.007932
vn 0.031729 0.999465 -0.007932
vn 0.031532 0.999220 -0.023791
vn 0.031532 0.999220 -0.023791
vn 0.036014 0.998496 -0.041338
vn 0.036014 0.998496 -0.041338
vn 0.028151 0.997806 -0.059931
vn 0.028151 0.997806 -0.059931
vn 0.041326 0.998811 -0.025844
vn 0.041326 0.998811 -0.025844
vn 0.040494 0.998854 -0.025496
vn 0.040494 0.998854 -0.025496
vn 0.021704 0.998265 -0.054735
vn 0.021704 0.998265 -0.054735
vn -0.001757 0.996797 -0.079955
vn -0.001757 0.996797 -0.079955
vn -0.002641 0.997241 -0.074186
vn -0.002641 0.997241 -0.074186
vn -0.000946 0.998334 -0.057691
vn -0.000946 0.998334 -0.057691
vn 0.008579 0.998877 -0.046588
vn 0.008579 0.998877 -0.046588
vn 0.019582 0.999168 -0.035785
vn 0.019582 0.999168 -0.035785
vn 0.025592 0.999212 -0.030331
vn 0.025592 0.999212 -0.030331
vn 0.020585 0.999498 -0.024099
vn 0.020585 0.999498 -0.024099
vn 0.020744 0.999503 -0.023743
vn 0.020744 0.999503 -0.023743
vn 0.021171 0.999502 -0.023412
vn 0.021171 0.999502 -0.023412
vn 0.016059 0.999717 -0.017571
vn 0.016059 0.999717 -0.017571
vn 0.015700 0.999715 -0.017970
vn 0.015700 0.999715 -0.017970
vn 0.009884 0.999875 -0.012387
vn 0.009884 0.999875 -0.012387
vn 0.009498 0.999875 -0.012622
vn 0.009498 0.999875 -0.012622
vn 0.009401 0.999874 -0.012785
vn 0.009401 0.999874 -0.012785
vn 0.009319 0.999874 -0.012845
vn 0.009319 0.999874 -0.012845
vn 0.009319 0.999874 -0.012845
vn 0.009319 0.999874 -0.012845
vn 0.009319 0.999874 -0.012845
vn 0.009319 0.999874 -0.012845
vn 0.009319 0.999874 -0.012845
vn 0.009319 0.999874 -0.012845
vn 0.009319 0.999874 -0.012845
vn 0.009319 0.999874 -0.012845
vn 0.009527 0.999874 -0.012661
vn 0.009527 0.999874 -0.012661
vn 0.020854 0.999689 -0.013652
vn 0.020854 0.999689 -0.013652
vn 0.033365 0.999437 -0.003393
vn 0.033365 0.999437 -0.003393
vn 0.039276 0.999225 0.002761
vn 0.039276 0.999225 0.002761
vn 0.044778 0.998949 0.009770
vn 0.044778 0.998949 0.009770
vn 0.049560 0.998623 0.017206
vn 0.049560 0.998623 0.017206
vn 0.054025 0.998207 0.025756
vn 0.054025 0.998207 0.025756
vn 0.050214 0.997918 0.040471
vn 0.050214 0.997918 0.040471
vn 0.046832 0.997918 0.044341
vn 0.046832 0.997918 0.044341
vn 0.048335 0.997782 0.045762
vn 0.048335 0.997782 0.045762
vn 0.045737 0.997745 0.049125
vn 0.045737 0.997745 0.049125
vn 0.048811 0.998000 0.040175
vn 0.048811 0.998000 0.040175
vn 0.052220 0.998126 0.031895
vn 0.052220 0.998126 0.031895
vn 0.063985 0.997716 0.021662
vn 0.063985 0.997716 0.021662
vn 0.068980 0.997519 0.014047
vn 0.068980 0.997519 0.014047
vn 0.074452 0.997202 0.006768
vn 0.074452 0.997202 0.006768
vn 0.086623 0.996197 -0.009430
vn 0.086623 0.996197 -0.009430
vn 0.093794 0.995467 -0.015757
vn 0.093794 0.995467 -0.015757
vn 0.101579 0.994720 -0.014627
vn 0.101579 0.994720 -0.014627
vn 0.109521 0.993886 -0.014019
vn 0.109521 0.993886 -0.014019
vn 0.110048 0.993826 -0.014086
vn 0.110048 0.993826 -0.014086
vn 0.110148 0.993789 -0.015861
vn 0.110148 0.993789 -0.015861
vn 0.117420 0.992905 -0.018787
vn 0.117420 0.992905 -0.018787
vn 0.101975 0.994653 -0.016316
vn 0.101975 0.994653 -0.016316
vn 0.090617 0.995471 -0.028722
vn 0.090617 0.995471 -0.028722
vn 0.077057 0.995996 -0.045335
vn 0.077057 0.995996 -0.045335
vn 0.046932 0.997494 -0.052955
vn 0.046932 0.997494 -0.052955
vn 0.029438 0.997824 -0.059001
vn 0.029438 0.997824 -0.059001
vn 0.012361 0.998588 -0.051663
vn 0.012361 0.998588 -0.051663
vn -0.011777 0.998701 -0.049577
vn -0.011777 0.998701 -0.049577
vn -0.022359 0.998811 -0.043328
vn -0.022359 0.998811 -0.043328
vn -0.030521 0.998868 -0.036475
vn -0.030521 0.998868 -0.036475
vn -0.019599 0.999477 -0.025735
vn -0.019599 0.999477 -0.025735
vn -0.019019 0.999717 -0.014311
vn -0.019019 0.999717 -0.014311
vn -0.006445 0.999969 -0.004568
vn -0.006445 0.999969 -0.004568
vn 0.000000 1.000000 0.000000
vn 0.000000 1.000000 0.000000
vn 0.000000 1.000000 0.000000
vn 0.000000 1.000000 0.000000
vn -0.004313 0.999969 0.006626
vn -0.004313 0.999969 0.006626
vn -0.004287 0.999968 0.006683
vn -0.004287 0.999968 0.006683
vn -0.004287 0.999968 0.006683
vn -0.004287 0.999968 0.006683
vn -0.004287 0.999968 0.006683
vn -0.004287 0.999968 0.006683
vn -0.004313 0.999969 0.006626
vn -0.004313 0.999969 0.006626
vn -0.004376 0.999969 0.006564
vn -0.004376 0.999969 0.006564
vn -0.004457 0.999969 0.006529
vn -0.004457 0.999969 0.006529
vn -0.009118 0.999876 0.012865
vn -0.009118 0.999876 0.012865
vn -0.009373 0.999875 0.012747
vn -0.009373 0.999875 0.012747
vn -0.009772 0.999874 0.012528
vn -0.009772 0.999874 0.012528
vn -0.010102 0.999876 0.012097
vn -0.010102 0.999876 0.012097
vn -0.004697 0.999842 0.017159
vn -0.004697 0.999842 0.017159
vn 0.000125 0.999745 0.022592
vn 0.000125 0.999745 0.022592
vn -0.001002 0.999743 0.022670
vn -0.001002 0.999743 0.022670
vn 0.002511 0.999582 0.028818
vn 0.002511 0.999582 0.028818
vn 0.011613 0.999462 0.030656
vn 0.011613 0.999462 0.030656
vn 0.013443 0.999168 0.038507
vn 0.013443 0.999168 0.038507
vn 0.014454 0.998829 0.046178
vn 0.014454 0.998829 0.046178
vn 0.010984 0.998325 0.056805
vn 0.010984 0.998325 0.056805
vn 0.014555 0.997852 0.063868
vn 0.014555 0.997852 0.063868
vn 0.007527 0.997695 0.067433
vn 0.007527 0.997695 0.067433
vn 0.002447 0.998158 0.060620
vn 0.002447 0.998158 0.060620
vn -0.002428 0.998580 0.053219
vn -0.002428 0.998580 0.053219
vn -0.007110 0.998913 0.046060
vn -0.007110 0.998913 0.046060
vn -0.012272 0.999198 0.038124
vn -0.012272 0.999198 0.038124
vn -0.008943 0.999581 0.027518
vn -0.008943 0.999581 0.027518
vn -0.013918 0.999838 0.011410
vn -0.013918 0.999838 0.011410
vn -0.007814 0.999969 0.001188
vn -0.007814 0.999969 0.001188
vn -0.015811 0.999874 0.001255
vn -0.015811 0.999874 0.001255
vn -0.015835 0.999874 0.000754
vn -0.015835 0.999874 0.000754
vn -0.015835 0.999874 0.000754
vn -0.015835 0.999874 0.000754
vn -0.015835 0.999874 0.000754
vn -0.015835 0.999874 0.000754
vn -0.015835 0.999874 0.000754
vn -0.015835 0.999874 0.000754
vn -0.015835 0.999874 0.000754
vn -0.015835 0.999874 0.000754
vn -0.015835 0.999874 0.000754
vn -0.015835 0.999874 0.000754
vn -0.015835 0.999874 0.000754
vn -0.015835 0.999874 0.000754
vn -0.015835 0.999874 0.000754
vn -0.015835 0.999874 0.000754
vn -0.015835 0.999874 0.000754
vn -0.015835 0.999874 0.000754
vn 0.007926 0.999969 -0.000315
vn 0.007926 0.999969 -0.000315
vn 0.079072 0.996867 -0.001883
vn 0.079072 0.996867 -0.001883
vn 0.134708 0.990880 -0.003207
vn 0.134708 0.990880 -0.003207
vn 0.150236 0.988647 -0.002385
vn 0.150236 0.988647 -0.002385
vn 0.165637 0.986183 -0.002629
vn 0.165637 0.986183 -0.002629
vn 0.157981 0.987441 -0.001254
vn 0.157981 0.987441 -0.001254
vn 0.134751 0.990879 -0.001069
vn 0.134751 0.990879 -0.001069
vn 0.118213 0.992988 -0.000938
vn 0.118213 0.992988 -0.000938
vn 0.086971 0.996211 0.000000
vn 0.086971 0.996211 0.000000
vn 0.063364 0.997990 0.000000
vn 0.063364 0.997990 0.000000
vn 0.031730 0.999496 0.000000
vn 0.031730 0.999496 0.000000
vn -0.000000 1.000000 0.000000
vn -0.000000 1.000000 0.000000
vn -0.015871 0.999874 0.000000
vn -0.015871 0.999874 0.000000
vn -0.039651 0.999214 0.000000
vn -0.039651 0.999214 0.000000
vn -0.063364 0.997990 0.000000
vn -0.063364 0.997990 0.000000
vn -0.079116 0.996865 0.000000
vn -0.079116 0.996865 0.000000
vn -0.094809 0.995495 0.000000
vn -0.094809 0.995495 0.000000
vn -0.118213 0.992988 0.000000
vn -0.118213 0.992988 0.000000
vn -0.119138 0.992877 -0.000946
vn -0.119138 0.992877 -0.000946
vn -0.119138 0.992877 -0.000946
vn -0.119138 0.992877 -0.000946
vn -0.126868 0.991915 -0.003021
vn -0.126868 0.991915 -0.003021
vn -0.126686 0.991930 -0.005027
vn -0.126686 0.991930 -0.005027
vn -0.111369 0.993779 0.000816
vn -0.111369 0.993779 0.000816
vn -0.096294 0.995331 0.006628
vn -0.096294 0.995331 0.006628
vn -0.090540 0.995686 0.020273
vn -0.090540 0.995686 0.020273
vn -0.086590 0.995666 0.033937
vn -0.086590 0.995666 0.033937
vn -0.074204 0.996388 0.041287
vn -0.074204 0.996388 0.041287
vn -0.062793 0.996803 0.049409
vn -0.062793 0.996803 0.049409
vn -0.050122 0.997459 0.050621
vn -0.050122 0.997459 0.050621
vn -0.045151 0.997690 0.050756
vn -0.045151 0.997690 0.050756
vn -0.036972 0.998305 0.044944
vn -0.036972 0.998305 0.044944
vn -0.027872 0.998826 0.039612
vn -0.027872 0.998826 0.039612
vn -0.025449 0.999184 0.031375
vn -0.025449 0.999184 0.031375
vn -0.017165 0.999495 0.026758
vn -0.017165 0.999495 0.026758
vn -0.014267 0.999718 0.018961
vn -0.014267 0.999718 0.018961
vn -0.005018 0.999969 0.006147
vn -0.005018 0.999969 0.006147
vn -0.000000 1.000000 0.000000
vn -0.000000 1.000000 0.000000
vn -0.000000 1.000000 0.000000
vn -0.000000 1.000000 0.000000
vn -0.000000 1.000000 0.000000
vn -0.000000 1.000000 0.000000
vn -0.000000 1.000000 0.000000
vn -0.000000 1.000000 0.000000
vn -0.000000 1.000000 0.000000
vn -0.000000 1.000000 0.000000
vn -0.000000 1.000000 0.000000
vn -0.000000 1.000000 0.000000
vn 0.006788 0.999969 0.004085
vn 0.006788 0.999969 0.004085
vn 0.007002 0.999968 0.003785
vn 0.007002 0.999968 0.003785
vn 0.007114 0.999969 0.003432
vn 0.007114 0.999969 0.003432
vn 0.014524 0.999875 0.006260
vn 0.014524 0.999875 0.006260
vn 0.014769 0.999875 0.005632
vn 0.014769 0.999875 0.005632
vn 0.022438 0.999720 0.007479
vn 0.022438 0.999720 0.007479
vn 0.022850 0.999717 0.006609
vn 0.022850 0.999717 0.006609
vn 0.023144 0.999716 0.005645
vn 0.023144 0.999716 0.005645
vn 0.024549 0.999693 -0.003311
vn 0.024549 0.999693 -0.003311
vn 0.034376 0.999233 -0.018756
vn 0.034376 0.999233 -0.018756
vn 0.033954 0.999025 -0.028212
vn 0.033954 0.999025 -0.028212
vn 0.033205 0.998734 -0.037788
vn 0.033205 0.998734 -0.037788
vn 0.031695 0.998390 -0.047039
vn 0.031695 0.998390 -0.047039
vn 0.029009 0.998002 -0.056135
vn 0.029009 0.998002 -0.056135
vn 0.025976 0.997535 -0.065191
vn 0.025976 0.997535 -0.065191
vn 0.022890 0.997530 -0.066406
vn 0.022890 0.997530 -0.066406
vn 0.012456 0.997752 -0.065849
vn 0.012456 0.997752 -0.065849
vn 0.009257 0.997761 -0.066238
vn 0.009257 0.997761 -0.066238
vn 0.008472 0.998197 -0.059426
vn 0.008472 0.998197 -0.059426
vn 0.008090 0.998618 -0.051925
vn 0.008090 0.998618 -0.051925
vn 0.001126 0.999101 -0.042367
vn 0.001126 0.999101 -0.042367
vn 0.002489 0.999389 -0.034848
vn 0.002489 0.999389 -0.034848
vn 0.004582 0.999601 -0.027866
vn 0.004582 0.999601 -0.027866
vn 0.003458 0.999938 -0.010563
vn 0.003458 0.999938 -0.010563
vn 0.006914 0.999969 -0.003800
vn 0.006914 0.999969 -0.003800
vn 0.000000 1.000000 0.000000
vn 0.000000 1.000000 0.000000
vn 0.000000 1.000000 0.000000
vn 0.000000 1.000000 0.000000
vn 0.000000 1.000000 0.000000
vn 0.000000 1.000000 0.000000
vn -0.012661 0.999874 0.009527
vn -0.012661 0.999874 0.009527
vn -0.012554 0.999874 0.009667
vn -0.012554 0.999874 0.009667
vn -0.012554 0.999874 0.009667
vn -0.012554 0.999874 0.009667
vn -0.012554 0.999874 0.009667
vn -0.012554 0.999874 0.009667
vn -0.012554 0.999874 0.009667
vn -0.012554 0.999874 0.009667
vn -0.012554 0.999874 0.009667
vn -0.012554 0.999874 0.009667
vn -0.012554 0.999874 0.009667
vn -0.012554 0.999874 0.009667
vn -0.012554 0.999874 0.009667
vn -0.012554 0.999874 0.009667
vn -0.012554 0.999874 0.009667
vn -0.012554 0.999874 0.009667
vn -0.012554 0.999874 0.009667
vn -0.012554 0.999874 0.009667
vn -0.012536 0.999875 0.009653
vn -0.012536 0.999875 0.009653
vn -0.018959 0.999719 0.014266
vn -0.018959 0.999719 0.014266
vn -0.018959 0.999719 0.014266
vn -0.018959 0.999719 0.014266
vn -0.018959 0.999719 0.014266
vn -0.018959 0.999719 0.014266
vn -0.018959 0.999719 0.014266
vn -0.018959 0.999719 0.014266
vn -0.018959 0.999719 0.014266
vn -0.018959 0.999719 0.014266
vn -0.012702 0.999874 0.009558
vn -0.012702 0.999874 0.009558
vn -0.012822 0.999874 0.009302
vn -0.012822 0.999874 0.009302
vn -0.012923 0.999875 0.009159
vn -0.012923 0.999875 0.009159
vn -0.012923 0.999875 0.009159
vn -0.012923 0.999875 0.009159
vn -0.012923 0.999875 0.009159
vn -0.012923 0.999875 0.009159
vn -0.012923 0.999875 0.009159
vn -0.012923 0.999875 0.009159
vn -0.012923 0.999875 0.009159
vn -0.012923 0.999875 0.009159
vn -0.012923 0.999875 0.009159
vn -0.012923 0.999875 0.009159
vn -0.012923 0.999875 0.009159
vn -0.012923 0.999875 0.009159
vn -0.012972 0.999876 0.008981
vn -0.012972 0.999876 0.008981
vn -0.013185 0.999874 0.008790
vn -0.013185 0.999874 0.008790
vn -0.019827 0.999720 0.012906
vn -0.019827 0.999720 0.012906
vn -0.027064 0.999497 0.016539
vn -0.027064 0.999497 0.016539
vn -0.027524 0.999495 0.015908
vn -0.027524 0.999495 0.015908
vn -0.028056 0.999497 0.014780
vn -0.028056 0.999497 0.014780
vn -0.021570 0.999718 0.009941
vn -0.021570 0.999718 0.009941
vn -0.019311 0.999681 0.016302
vn -0.019311 0.999681 0.016302
vn -0.008267 0.999581 0.027745
vn -0.008267 0.999581 0.027745
vn 0.007263 0.999499 0.030806
vn 0.007263 0.999499 0.030806
vn 0.006892 0.999222 0.038846
vn 0.006892 0.999222 0.038846
vn 0.021695 0.998767 0.044643
vn 0.021695 0.998767 0.044643
vn 0.028370 0.998206 0.052722
vn 0.028370 0.998206 0.052722
vn 0.035047 0.997532 0.060832
vn 0.035047 0.997532 0.060832
vn 0.049418 0.996893 0.061334
vn 0.049418 0.996893 0.061334
vn 0.070106 0.995535 0.063209
vn 0.070106 0.995535 0.063209
vn 0.089824 0.993677 0.067368
vn 0.089824 0.993677 0.067368
vn 0.109970 0.991556 0.068724
vn 0.109970 0.991556 0.068724
vn 0.122110 0.989935 0.071534
vn 0.122110 0.989935 0.071534
vn 0.133900 0.988021 0.076711
vn 0.133900 0.988021 0.076711
vn 0.145653 0.985717 0.084540
vn 0.145653 0.985717 0.084540
vn 0.142472 0.985976 0.086910
vn 0.142472 0.985976 0.086910
vn 0.137198 0.987319 0.079864
vn 0.137198 0.987319 0.079864
vn 0.129937 0.988674 0.075101
vn 0.129937 0.988674 0.075101
vn 0.113611 0.990849 0.072882
vn 0.113611 0.990849 0.072882
vn 0.091446 0.993851 0.062430
vn 0.091446 0.993851 0.062430
vn 0.077347 0.995496 0.054819
vn 0.077347 0.995496 0.054819
vn 0.063841 0.996855 0.046942
vn 0.063841 0.996855 0.046942
vn 0.050472 0.998003 0.037979
vn 0.050472 0.998003 0.037979
vn 0.031583 0.999219 0.023766
vn 0.031583 0.999219 0.023766
vn 0.018959 0.999719 0.014266
vn 0.018959 0.999719 0.014266
vn -0.000000 1.000000 0.000000
vn -0.000000 1.000000 0.000000
vn -0.012661 0.999874 -0.009527
vn -0.012661 0.999874 -0.009527
vn -0.031365 0.999216 -0.024151
vn -0.031365 0.999216 -0.024151
vn -0.049758 0.997992 -0.039203
vn -0.049758 0.997992 -0.039203
vn -0.055744 0.997454 -0.044483
vn -0.055744 0.997454 -0.044483
vn -0.061351 0.996890 -0.049456
vn -0.061351 0.996890 -0.049456
vn -0.067515 0.996195 -0.055115
vn -0.067515 0.996195 -0.055115
vn -0.066898 0.996195 -0.055863
vn -0.066898 0.996195 -0.055863
vn -0.054858 0.997443 -0.045810
vn -0.054858 0.997443 -0.045810
vn -0.042093 0.998466 -0.035955
vn -0.042093 0.998466 -0.035955
vn -0.018063 0.999718 -0.015429
vn -0.018063 0.999718 -0.015429
vn 0.012044 0.999874 0.010287
vn 0.012044 0.999874 0.010287
vn 0.012044 0.999874 0.010287
vn 0.012044 0.999874 0.010287
vn 0.012044 0.999874 0.010287
vn 0.012044 0.999874 0.010287
vn 0.012044 0.999874 0.010287
vn 0.012044 0.999874 0.010287
vn 0.012044 0.999874 0.010287
vn 0.012044 0.999874 0.010287
vn 0.012044 0.999874 0.010287
vn 0.012044 0.999874 0.010287
vn 0.012044 0.999874 0.010287
vn 0.012044 0.999874 0.010287
vn -0.000000 1.000000 0.000000
vn -0.000000 1.000000 0.000000
vn -0.030468 0.999220 -0.025128
vn -0.030468 0.999220 -0.025128
vn -0.043176 0.998461 -0.034805
vn -0.043176 0.998461 -0.034805
vn -0.049693 0.997997 -0.039152
vn -0.049693 0.997997 -0.039152
vn -0.056630 0.997443 -0.043605
vn -0.056630 0.997443 -0.043605
vn -0.057110 0.997443 -0.042974
vn -0.057110 0.997443 -0.042974
vn -0.050712 0.997984 -0.038160
vn -0.050712 0.997984 -0.038160
vn -0.051282 0.997991 -0.037205
vn -0.051282 0.997991 -0.037205
vn -0.038659 0.998877 -0.027399
vn -0.038659 0.998877 -0.027399
vn -0.028292 0.999181 -0.028923
vn -0.028292 0.999181 -0.028923
vn -0.013176 0.999216 -0.037333
vn -0.013176 0.999216 -0.037333
vn 0.003765 0.999371 -0.035262
vn 0.003765 0.999371 -0.035262
vn 0.021002 0.999217 -0.033541
vn 0.021002 0.999217 -0.033541
vn 0.028281 0.998857 -0.038543
vn 0.028281 0.998857 -0.038543
vn 0.033355 0.998390 -0.045871
vn 0.033355 0.998390 -0.045871
vn 0.036922 0.997787 -0.055289
vn 0.036922 0.997787 -0.055289
vn 0.038820 0.997592 -0.057473
vn 0.038820 0.997592 -0.057473
vn 0.033121 0.997590 -0.060973
vn 0.033121 0.997590 -0.060973
vn 0.036547 0.997305 -0.063611
vn 0.036547 0.997305 -0.063611
vn 0.032914 0.997756 -0.058304
vn 0.032914 0.997756 -0.058304
vn 0.030914 0.998137 -0.052609
vn 0.030914 0.998137 -0.052609
vn 0.029631 0.998480 -0.046474
vn 0.029631 0.998480 -0.046474
vn 0.037256 0.998401 -0.042506
vn 0.037256 0.998401 -0.042506
vn 0.038466 0.998604 -0.036203
vn 0.038466 0.998604 -0.036203
vn 0.042321 0.998844 -0.022783
vn 0.042321 0.998844 -0.022783
vn 0.044345 0.998879 -0.016535
vn 0.044345 0.998879 -0.016535
vn 0.043977 0.998876 -0.017666
vn 0.043977 0.998876 -0.017666
vn 0.043708 0.998874 -0.018463
vn 0.043708 0.998874 -0.018463
vn 0.043410 0.998872 -0.019251
vn 0.043410 0.998872 -0.019251
vn 0.043152 0.998871 -0.019887
vn 0.043152 0.998871 -0.019887
vn 0.042951 0.998862 -0.020722
vn 0.042951 0.998862 -0.020722
vn 0.042951 0.998862 -0.020722
vn 0.042951 0.998862 -0.020722
vn 0.042431 0.998878 -0.021028
vn 0.042431 0.998878 -0.021028
vn 0.042580 0.998862 -0.021478
vn 0.042580 0.998862 -0.021478
vn 0.042349 0.998862 -0.021931
vn 0.042349 0.998862 -0.021931
vn 0.042349 0.998862 -0.021931
vn 0.042349 0.998862 -0.021931
vn 0.042349 0.998862 -0.021931
vn 0.042349 0.998862 -0.021931
vn 0.042349 0.998862 -0.021931
vn 0.042349 0.998862 -0.021931
vn 0.035245 0.999221 -0.017779
vn 0.035245 0.999221 -0.017779
vn 0.035371 0.999215 -0.017842
vn 0.035371 0.999215 -0.017842
vn 0.035496 0.999215 -0.017591
vn 0.035496 0.999215 -0.017591
vn 0.035369 0.999221 -0.017528
vn 0.035369 0.999221 -0.017528
vn 0.035794 0.999215 -0.016955
vn 0.035794 0.999215 -0.016955
vn 0.028770 0.999498 -0.013259
vn 0.028770 0.999498 -0.013259
vn 0.028975 0.999499 -0.012739
vn 0.028975 0.999499 -0.012739
vn 0.029124 0.999500 -0.012302
vn 0.029124 0.999500 -0.012302
vn 0.029294 0.999502 -0.011768
vn 0.029294 0.999502 -0.011768
vn 0.022272 0.999718 -0.008305
vn 0.022272 0.999718 -0.008305
vn 0.022495 0.999717 -0.007686
vn 0.022495 0.999717 -0.007686
vn 0.022772 0.999716 -0.006963
vn 0.022772 0.999716 -0.006963
vn 0.015281 0.999875 -0.004008
vn 0.015281 0.999875 -0.004008
vn 0.015470 0.999875 -0.003396
vn 0.015470 0.999875 -0.003396
vn 0.007821 0.999969 -0.001314
vn 0.007821 0.999969 -0.001314
vn 0.000000 1.000000 0.000000
vn 0.000000 1.000000 0.000000
vn 0.000000 1.000000 0.000000
vn 0.000000 1.000000 0.000000
vn -0.000000 1.000000 0.000000
vn -0.000000 1.000000 0.000000
vn -0.000000 1.000000 0.000000
vn -0.000000 1.000000 0.000000
vn -0.007893 0.999969 -0.000501
vn -0.007893 0.999969 -0.000501
vn -0.007840 0.999969 -0.000809
vn -0.007840 0.999969 -0.000809
vn -0.007820 0.999969 -0.001126
vn -0.007820 0.999969 -0.001126
vn -0.015546 0.999875 -0.002883
vn -0.015546 0.999875 -0.002883
vn -0.015403 0.999875 -0.003506
vn -0.015403 0.999875 -0.003506
vn -0.022988 0.999716 -0.006218
vn -0.022988 0.999716 -0.006218
vn -0.022625 0.999719 -0.007105
vn -0.022625 0.999719 -0.007105
vn -0.022461 0.999716 -0.007927
vn -0.022461 0.999716 -0.007927
vn -0.029250 0.999503 -0.011750
vn -0.029250 0.999503 -0.011750
vn -0.029095 0.999498 -0.012541
vn -0.029095 0.999498 -0.012541
vn -0.028546 0.999501 -0.013522
vn -0.028546 0.999501 -0.013522
vn -0.028303 0.999497 -0.014277
vn -0.028303 0.999497 -0.014277
vn -0.028046 0.999501 -0.014524
vn -0.028046 0.999501 -0.014524
vn -0.027979 0.999498 -0.014872
vn -0.027979 0.999498 -0.014872
vn -0.034702 0.999222 -0.018758
vn -0.034702 0.999222 -0.018758
vn -0.027874 0.999498 -0.015067
vn -0.027874 0.999498 -0.015067
vn -0.027874 0.999498 -0.015067
vn -0.027874 0.999498 -0.015067
vn -0.027942 0.999501 -0.014720
vn -0.027942 0.999501 -0.014720
vn -0.028155 0.999497 -0.014580
vn -0.028155 0.999497 -0.014580
vn -0.028546 0.999498 -0.013772
vn -0.028546 0.999498 -0.013772
vn -0.028865 0.999495 -0.013303
vn -0.028865 0.999495 -0.013303
vn -0.029036 0.999500 -0.012516
vn -0.029036 0.999500 -0.012516
vn -0.022040 0.999718 -0.008854
vn -0.022040 0.999718 -0.008854
vn -0.022413 0.999716 -0.008099
vn -0.022413 0.999716 -0.008099
vn -0.022438 0.999720 -0.007479
vn -0.022438 0.999720 -0.007479
vn -0.015136 0.999875 -0.004503
vn -0.015136 0.999875 -0.004503
vn -0.015281 0.999875 -0.004008
vn -0.015281 0.999875 -0.004008
vn -0.015392 0.999875 -0.003504
vn -0.015392 0.999875 -0.003504
vn -0.007785 0.999969 -0.001507
vn -0.007785 0.999969 -0.001507
vn -0.007801 0.999969 -0.001310
vn -0.007801 0.999969 -0.001310
vn -0.007863 0.999968 -0.001069
vn -0.007863 0.999968 -0.001069
vn -0.007853 0.999969 -0.000873
vn -0.007853 0.999969 -0.000873
vn -0.000000 1.000000 0.000000
vn -0.000000 1.000000 0.000000
vn -0.000000 1.000000 0.000000
vn -0.000000 1.000000 0.000000
vn -0.000000 1.000000 0.000000
vn -0.000000 1.000000 0.000000
vn -0.000000 1.000000 0.000000
vn -0.000000 1.000000 0.000000
vn 0.000000 1.000000 0.000000
vn 0.000000 1.000000 0.000000
vn 0.000000 1.000000 0.000000
vn 0.000000 1.000000 0.000000
vn 0.000000 1.000000 0.000000
vn 0.000000 1.000000 0.000000
vn 0.007930 0.999969 -0.000189
vn 0.007930 0.999969 -0.000189
vn 0.007926 0.999969 -0.000252
vn 0.007926 0.999969 -0.000252
vn 0.007915 0.999969 -0.000377
vn 0.007915 0.999969 -0.000377
vn 0.015807 0.999874 -0.001004
vn 0.015807 0.999874 -0.001004
vn 0.015782 0.999875 -0.001127
vn 0.015782 0.999875 -0.001127
vn 0.023607 0.999719 -0.002061
vn 0.023607 0.999719 -0.002061
vn 0.023533 0.999720 -0.002428
vn 0.023533 0.999720 -0.002428
vn 0.023611 0.999717 -0.002811
vn 0.023611 0.999717 -0.002811
vn 0.031299 0.999500 -0.004507
vn 0.031299 0.999500 -0.004507
vn 0.031147 0.999502 -0.004983
vn 0.031147 0.999502 -0.004983
vn 0.038953 0.999217 -0.006911
vn 0.038953 0.999217 -0.006911
vn 0.038831 0.999213 -0.008142
vn 0.038831 0.999213 -0.008142
vn 0.046348 0.998866 -0.010928
vn 0.046348 0.998866 -0.010928
vn 0.043987 0.998837 -0.019725
vn 0.043987 0.998837 -0.019725
vn 0.048447 0.998347 -0.030916
vn 0.048447 0.998347 -0.030916
vn 0.051682 0.997755 -0.042602
vn 0.051682 0.997755 -0.042602
vn 0.050322 0.997739 -0.044557
vn 0.050322 0.997739 -0.044557
vn 0.052290 0.997009 -0.056918
vn 0.052290 0.997009 -0.056918
vn 0.052613 0.996148 -0.070151
vn 0.052613 0.996148 -0.070151
vn 0.045409 0.995800 -0.079498
vn 0.045409 0.995800 -0.079498
vn 0.043535 0.994776 -0.092339
vn 0.043535 0.994776 -0.092339
vn 0.044514 0.994081 -0.099108
vn 0.044514 0.994081 -0.099108
vn 0.032527 0.993690 -0.107338
vn 0.032527 0.993690 -0.107338
vn 0.030824 0.992870 -0.115150
vn 0.030824 0.992870 -0.115150
vn 0.022895 0.992885 -0.116854
vn 0.022895 0.992885 -0.116854
vn 0.015621 0.992864 -0.118227
vn 0.015621 0.992864 -0.118227
vn 0.011913 0.992019 -0.125523
vn 0.011913 0.992019 -0.125523
vn 0.003261 0.992083 -0.125539
vn 0.003261 0.992083 -0.125539
vn -0.004413 0.991994 -0.126206
vn -0.004413 0.991994 -0.126206
vn -0.012488 0.992077 -0.125009
vn -0.012488 0.992077 -0.125009
vn -0.019697 0.991998 -0.124705
vn -0.019697 0.991998 -0.124705
vn -0.029340 0.992775 -0.116353
vn -0.029340 0.992775 -0.116353
vn -0.035091 0.992813 -0.114420
vn -0.035091 0.992813 -0.114420
vn -0.040712 0.992775 -0.112871
vn -0.040712 0.992775 -0.112871
vn -0.045250 0.992788 -0.111016
vn -0.045250 0.992788 -0.111016
vn -0.050654 0.993590 -0.101058
vn -0.050654 0.993590 -0.101058
vn -0.054375 0.993528 -0.099729
vn -0.054375 0.993528 -0.099729
vn -0.057675 0.993575 -0.097373
vn -0.057675 0.993575 -0.097373
vn -0.060807 0.993562 -0.095590
vn -0.060807 0.993562 -0.095590
vn -0.063826 0.993561 -0.093612
vn -0.063826 0.993561 -0.093612
vn -0.067691 0.992920 -0.097609
vn -0.067691 0.992920 -0.097609
vn -0.073363 0.992823 -0.094450
vn -0.073363 0.992823 -0.094450
vn -0.078493 0.992016 -0.098709
vn -0.078493 0.992016 -0.098709
vn -0.083090 0.992035 -0.094675
vn -0.083090 0.992035 -0.094675
vn -0.090545 0.991116 -0.097423
vn -0.090545 0.991116 -0.097423
vn -0.095471 0.991094 -0.092837
vn -0.095471 0.991094 -0.092837
vn -0.102582 0.990170 -0.095076
vn -0.102582 0.990170 -0.095076
vn -0.100036 0.990590 -0.093400
vn -0.100036 0.990590 -0.093400
vn -0.101433 0.989943 -0.098612
vn -0.101433 0.989943 -0.098612
vn -0.099986 0.990196 -0.097539
vn -0.099986 0.990196 -0.097539
vn -0.101458 0.989498 -0.102956
vn -0.101458 0.989498 -0.102956
vn -0.100591 0.989617 -0.102667
vn -0.100591 0.989617 -0.102667
vn -0.093003 0.989799 -0.107929
vn -0.093003 0.989799 -0.107929
vn -0.097394 0.988693 -0.114022
vn -0.097394 0.988693 -0.114022
vn -0.104319 0.988540 -0.109116
vn -0.104319 0.988540 -0.109116
vn -0.115151 0.987361 -0.108893
vn -0.115151 0.987361 -0.108893
vn -0.108874 0.989696 -0.092997
vn -0.108874 0.989696 -0.092997
vn -0.111427 0.989705 -0.089824
vn -0.111427 0.989705 -0.089824
vn -0.111427 0.989705 -0.089824
vn -0.111427 0.989705 -0.089824
vn -0.111427 0.989705 -0.089824
vn -0.111427 0.989705 -0.089824
vn -0.111427 0.989705 -0.089824
vn -0.111427 0.989705 -0.089824
vn -0.104311 0.990893 -0.085152
vn -0.104311 0.990893 -0.085152
vn -0.102948 0.990965 -0.085967
vn -0.102948 0.990965 -0.085967
vn -0.096167 0.991970 -0.082142
vn -0.096167 0.991970 -0.082142
vn -0.089152 0.991923 -0.090221
vn -0.089152 0.991923 -0.090221
vn -0.075773 0.991687 -0.103993
vn -0.075773 0.991687 -0.103993
vn -0.066587 0.991486 -0.111897
vn -0.066587 0.991486 -0.111897
vn -0.050900 0.992170 -0.114053
vn -0.050900 0.992170 -0.114053
vn -0.039963 0.991868 -0.120835
vn -0.039963 0.991868 -0.120835
vn -0.027303 0.991495 -0.127247
vn -0.027303 0.991495 -0.127247
vn -0.009701 0.991985 -0.125982
vn -0.009701 0.991985 -0.125982
vn -0.000999 0.992067 -0.125709
vn -0.000999 0.992067 -0.125709
vn 0.011526 0.992877 -0.118582
vn 0.011526 0.992877 -0.118582
vn 0.022973 0.993708 -0.109621
vn 0.022973 0.993708 -0.109621
vn 0.024583 0.994116 -0.105497
vn 0.024583 0.994116 -0.105497
vn 0.027250 0.995241 -0.093562
vn 0.027250 0.995241 -0.093562
vn 0.027953 0.996190 -0.082602
vn 0.027953 0.996190 -0.082602
vn 0.027076 0.997032 -0.072076
vn 0.027076 0.997032 -0.072076
vn 0.022239 0.997721 -0.063700
vn 0.022239 0.997721 -0.063700
vn 0.006913 0.997960 -0.063472
vn 0.006913 0.997960 -0.063472
vn -0.000755 0.998869 -0.047547
vn -0.000755 0.998869 -0.047547
vn -0.000944 0.999214 -0.039629
vn -0.000944 0.999214 -0.039629
vn -0.000566 0.999717 -0.023789
vn -0.000566 0.999717 -0.023789
vn 0.000000 1.000000 0.000000
vn 0.000000 1.000000 0.000000
vn 0.000189 0.999969 0.007933
vn 0.000189 0.999969 0.007933
vn 0.000126 0.999968 0.007934
vn 0.000126 0.999968 0.007934
vn 0.000000 1.000000 0.000000
vn 0.000000 1.000000 0.000000
vn -0.000063 0.999969 -0.007936
vn -0.000063 0.999969 -0.007936
vn -0.000126 0.999874 -0.015871
vn -0.000126 0.999874 -0.015871
vn 0.000000 0.999496 -0.031730
vn 0.000000 0.999496 -0.031730
vn 0.000000 0.998460 -0.055470
vn 0.000000 0.998460 -0.055470
vn -0.000752 0.995496 -0.094803
vn -0.000752 0.995496 -0.094803
vn -0.001069 0.990880 -0.134743
vn -0.001069 0.990880 -0.134743
vn -0.002750 0.984870 -0.173271
vn -0.002750 0.984870 -0.173271
vn -0.003942 0.986188 -0.165585
vn -0.003942 0.986188 -0.165585
vn -0.002835 0.992881 -0.119078
vn -0.002835 0.992881 -0.119078
vn -0.001131 0.997459 -0.071229
vn -0.001131 0.997459 -0.071229
vn -0.000504 0.999497 -0.031722
vn -0.000504 0.999497 -0.031722
vn -0.000063 0.999969 -0.007936
vn -0.000063 0.999969 -0.007936
vn 0.000000 1.000000 0.000000
vn 0.000000 1.000000 0.000000
vn 0.000126 0.999969 0.007933
vn 0.000126 0.999969 0.007933
vn 0.000252 0.999969 0.007924
vn 0.000252 0.999969 0.007924
vn -0.007465 0.999936 0.008469
vn -0.007465 0.999936 0.008469
vn -0.022998 0.999684 0.010124
vn -0.022998 0.999684 0.010124
vn -0.038185 0.999184 0.013187
vn -0.038185 0.999184 0.013187
vn -0.053188 0.998424 0.017917
vn -0.053188 0.998424 0.017917
vn -0.067772 0.997397 0.024639
vn -0.067772 0.997397 0.024639
vn -0.073347 0.996788 0.032144
vn -0.073347 0.996788 0.032144
vn -0.076723 0.996154 0.042319
vn -0.076723 0.996154 0.042319
vn -0.071743 0.996105 0.051263
vn -0.071743 0.996105 0.051263
vn -0.057852 0.996773 0.055649
vn -0.057852 0.996773 0.055649
vn -0.043989 0.997377 0.057476
vn -0.043989 0.997377 0.057476
vn -0.031091 0.997927 0.056341
vn -0.031091 0.997927 0.056341
vn -0.020627 0.998397 0.052699
vn -0.020627 0.998397 0.052699
vn -0.009303 0.999165 0.039788
vn -0.009303 0.999165 0.039788
vn 0.006101 0.999577 0.028428
vn 0.006101 0.999577 0.028428
vn 0.009897 0.999745 0.020296
vn 0.009897 0.999745 0.020296
vn 0.012866 0.999842 0.012304
vn 0.012866 0.999842 0.012304
vn 0.015178 0.999875 0.004354
vn 0.015178 0.999875 0.004354
vn 0.015305 0.999874 0.004140
vn 0.015305 0.999874 0.004140
vn 0.015280 0.999876 0.003883
vn 0.015280 0.999876 0.003883
vn 0.015345 0.999875 0.003743
vn 0.015345 0.999875 0.003743
vn 0.015345 0.999875 0.003743
vn 0.015345 0.999875 0.003743
vn 0.023099 0.999718 0.005446
vn 0.023099 0.999718 0.005446
vn 0.023223 0.999716 0.005287
vn 0.023223 0.999716 0.005287
vn 0.023262 0.999716 0.005106
vn 0.023262 0.999716 0.005106
vn 0.030903 0.999498 0.007035
vn 0.030903 0.999498 0.007035
vn 0.038617 0.999215 0.008791
vn 0.038617 0.999215 0.008791
vn 0.038561 0.999212 0.009405
vn 0.038561 0.999212 0.009405
vn 0.045936 0.998867 0.012425
vn 0.045936 0.998867 0.012425
vn 0.045324 0.998876 0.013859
vn 0.045324 0.998876 0.013859
vn 0.044765 0.998873 0.015799
vn 0.044765 0.998873 0.015799
vn 0.044040 0.998873 0.017691
vn 0.044040 0.998873 0.017691
vn 0.043585 0.998863 0.019329
vn 0.043585 0.998863 0.019329
vn 0.042803 0.998870 0.020651
vn 0.042803 0.998870 0.020651
vn 0.042428 0.998870 0.021402
vn 0.042428 0.998870 0.021402
vn 0.042026 0.998871 0.022139
vn 0.042026 0.998871 0.022139
vn 0.034678 0.999217 0.019057
vn 0.034678 0.999217 0.019057
vn 0.034573 0.999212 0.019486
vn 0.034573 0.999212 0.019486
vn 0.040446 0.998870 0.024948
vn 0.040446 0.998870 0.024948
vn 0.045424 0.998449 0.032194
vn 0.045424 0.998449 0.032194
vn 0.049055 0.997993 0.040045
vn 0.049055 0.997993 0.040045
vn 0.046822 0.997986 0.042794
vn 0.046822 0.997986 0.042794
vn 0.050142 0.997454 0.050705
vn 0.050142 0.997454 0.050705
vn 0.047990 0.997437 0.053071
vn 0.047990 0.997437 0.053071
vn 0.045718 0.997453 0.054749
vn 0.045718 0.997453 0.054749
vn 0.043542 0.997450 0.056548
vn 0.043542 0.997450 0.056548
vn 0.041954 0.997445 0.057828
vn 0.041954 0.997445 0.057828
vn 0.040112 0.997466 0.058756
vn 0.040112 0.997466 0.058756
vn 0.038799 0.997468 0.059604
vn 0.038799 0.997468 0.059604
vn 0.033254 0.997992 0.053911
vn 0.033254 0.997992 0.053911
vn 0.032574 0.998003 0.054122
vn 0.032574 0.998003 0.054122
vn 0.031643 0.997999 0.054747
vn 0.031643 0.997999 0.054747
vn 0.026762 0.998476 0.048260
vn 0.026762 0.998476 0.048260
vn 0.026340 0.998465 0.048729
vn 0.026340 0.998465 0.048729
vn 0.022147 0.998870 0.042042
vn 0.022147 0.998870 0.042042
vn 0.021851 0.998870 0.042195
vn 0.021851 0.998870 0.042195
vn 0.021851 0.998870 0.042195
vn 0.021851 0.998870 0.042195
vn 0.014227 0.999501 0.028204
vn 0.014227 0.999501 0.028204
vn 0.014227 0.999501 0.028204
vn 0.014227 0.999501 0.028204
vn 0.014227 0.999501 0.028204
vn 0.014227 0.999501 0.028204
vn 0.010895 0.999719 0.021039
vn 0.010895 0.999719 0.021039
vn 0.007628 0.999875 0.013880
vn 0.007628 0.999875 0.013880
vn 0.008033 0.999874 0.013681
vn 0.008033 0.999874 0.013681
vn -0.002453 0.999936 0.011007
vn -0.002453 0.999936 0.011007
vn -0.015225 0.999684 0.020006
vn -0.015225 0.999684 0.020006
vn -0.021209 0.999458 0.025185
vn -0.021209 0.999458 0.025185
vn -0.026750 0.999174 0.030589
vn -0.026750 0.999174 0.030589
vn -0.036842 0.998868 0.030075
vn -0.036842 0.998868 0.030075
vn -0.042057 0.998469 0.035923
vn -0.042057 0.998469 0.035923
vn -0.046505 0.997992 0.043005
vn -0.046505 0.997992 0.043005
vn -0.045346 0.997987 0.044338
vn -0.045346 0.997987 0.044338
vn -0.043587 0.997986 0.046092
vn -0.043587 0.997986 0.046092
vn -0.041703 0.997989 0.047733
vn -0.041703 0.997989 0.047733
vn -0.028691 0.998407 0.048593
vn -0.028691 0.998407 0.048593
vn -0.021613 0.998829 0.043288
vn -0.021613 0.998829 0.043288
vn -0.015058 0.999179 0.037613
vn -0.015058 0.999179 0.037613
vn -0.001766 0.999352 0.035950
vn -0.001766 0.999352 0.035950
vn 0.011232 0.999418 0.032199
vn 0.011232 0.999418 0.032199
vn 0.026712 0.999453 0.019501
vn 0.026712 0.999453 0.019501
vn 0.038109 0.999213 0.011023
vn 0.038109 0.999213 0.011023
vn 0.054744 0.998466 0.008321
vn 0.054744 0.998466 0.008321
vn 0.071247 0.997455 0.002827
vn 0.071247 0.997455 0.002827
vn 0.071247 0.997459 -0.000000
vn 0.071247 0.997459 -0.000000
vn 0.071247 0.997459 -0.000000
vn 0.071247 0.997459 -0.000000
vn 0.071247 0.997459 -0.000000
vn 0.071247 0.997459 -0.000000
vn 0.071247 0.997459 -0.000000
vn 0.071247 0.997459 -0.000000
vn 0.071247 0.997459 -0.000000
vn 0.071247 0.997459 -0.000000
vn 0.071247 0.997459 -0.000000
vn 0.071247 0.997459 -0.000000
vn 0.071247 0.997459 -0.000000
vn 0.071247 0.997459 -0.000000
vn 0.071247 0.997459 -0.000000
vn 0.071247 0.997459 -0.000000
vn 0.071247 0.997459 -0.000000
vn 0.071247 0.997459 -0.000000
vn 0.071247 0.997459 -0.000000
vn 0.071247 0.997459 -0.000000
vn 0.071247 0.997459 -0.000000
vn 0.071247 0.997459 -0.000000
vn 0.071247 0.997459 -0.000000
vn 0.071247 0.997459 -0.000000
vn 0.079116 0.996865 -0.000000
vn 0.079116 0.996865 -0.000000
vn 0.079116 0.996865 -0.000000
vn 0.079116 0.996865 -0.000000
vn 0.079116 0.996865 -0.000000
vn 0.079116 0.996865 -0.000000
vn 0.079116 0.996865 -0.000000
vn 0.079116 0.996865 -0.000000
vn 0.079116 0.996865 -0.000000
vn 0.079116 0.996865 -0.000000
vn 0.079116 0.996865 -0.000000
vn 0.079116 0.996865 -0.000000
vn 0.094809 0.995495 -0.000000
vn 0.094809 0.995495 -0.000000
vn 0.094803 0.995496 -0.000752
vn 0.094803 0.995496 -0.000752
vn 0.102623 0.994720 -0.000814
vn 0.102623 0.994720 -0.000814
vn 0.110425 0.993884 -0.000876
vn 0.110425 0.993884 -0.000876
vn 0.118169 0.992992 -0.001876
vn 0.118169 0.992992 -0.001876
vn 0.110635 0.993836 -0.007024
vn 0.110635 0.993836 -0.007024
vn 0.094386 0.995462 -0.012081
vn 0.094386 0.995462 -0.012081
vn 0.077369 0.996880 -0.015599
vn 0.077369 0.996880 -0.015599
vn 0.061410 0.997974 -0.016611
vn 0.061410 0.997974 -0.016611
vn 0.052352 0.998466 -0.018037
vn 0.052352 0.998466 -0.018037
vn 0.036646 0.999215 -0.015034
vn 0.036646 0.999215 -0.015034
vn 0.021425 0.999717 -0.010337
vn 0.021425 0.999717 -0.010337
vn 0.013979 0.999874 -0.007556
vn 0.013979 0.999874 -0.007556
vn 0.000000 1.000000 -0.000000
vn 0.000000 1.000000 -0.000000
vn 0.000000 1.000000 -0.000000
vn 0.000000 1.000000 -0.000000
vn 0.000000 1.000000 -0.000000
vn 0.000000 1.000000 -0.000000
vn -0.006393 0.999969 0.004638
vn -0.006393 0.999969 0.004638
vn -0.006404 0.999968 0.004709
vn -0.006404 0.999968 0.004709
vn -0.006393 0.999969 0.004701
vn -0.006393 0.999969 0.004701
vn -0.006450 0.999969 0.004572
vn -0.006450 0.999969 0.004572
vn -0.006500 0.999969 0.004500
vn -0.006500 0.999969 0.004500
vn -0.006475 0.999968 0.004589
vn -0.006475 0.999968 0.004589
vn -0.012807 0.999874 0.009417
vn -0.012807 0.999874 0.009417
vn -0.012702 0.999875 0.009432
vn -0.012702 0.999875 0.009432
vn -0.012762 0.999874 0.009477
vn -0.012762 0.999874 0.009477
vn -0.012725 0.999875 0.009357
vn -0.012725 0.999875 0.009357
vn -0.019264 0.999717 0.013976
vn -0.019264 0.999717 0.013976
vn -0.019435 0.999716 0.013774
vn -0.019435 0.999716 0.013774
vn -0.019827 0.999720 0.012906
vn -0.019827 0.999720 0.012906
vn -0.013611 0.999874 0.008192
vn -0.013611 0.999874 0.008192
vn -0.013899 0.999874 0.007638
vn -0.013899 0.999874 0.007638
vn -0.014275 0.999874 0.006887
vn -0.014275 0.999874 0.006887
vn -0.014613 0.999875 0.006120
vn -0.014613 0.999875 0.006120
vn -0.007440 0.999969 0.002626
vn -0.007440 0.999969 0.002626
vn 0.000000 1.000000 -0.000000
vn 0.000000 1.000000 -0.000000
vn 0.000000 1.000000 -0.000000
vn 0.000000 1.000000 -0.000000
vn 0.000000 1.000000 -0.000000
vn 0.000000 1.000000 -0.000000
vn 0.000000 1.000000 -0.000000
vn 0.000000 1.000000 -0.000000
vn 0.000000 1.000000 -0.000000
vn 0.000000 1.000000 -0.000000
vn 0.000000 1.000000 -0.000000
vn 0.000000 1.000000 -0.000000
vn -0.015871 0.999874 0.000000
vn -0.015871 0.999874 0.000000
vn -0.031728 0.999497 -0.000252
vn -0.031728 0.999497 -0.000252
vn -0.055467 0.998460 -0.000440
vn -0.055467 0.998460 -0.000440
vn -0.079106 0.996866 -0.000628
vn -0.079106 0.996866 -0.000628
vn -0.102604 0.994721 -0.001629
vn -0.102604 0.994721 -0.001629
vn -0.119115 0.992879 -0.001891
vn -0.119115 0.992879 -0.001891
vn -0.134751 0.990879 -0.001069
vn -0.134751 0.990879 -0.001069
vn -0.134751 0.990879 -0.001069
vn -0.134751 0.990879 -0.001069
vn -0.126964 0.991907 0.000000
vn -0.126964 0.991907 0.000000
vn -0.126964 0.991907 0.000000
vn -0.126964 0.991907 0.000000
vn -0.118213 0.992988 0.000000
vn -0.118213 0.992988 0.000000
vn -0.102630 0.994720 0.000000
vn -0.102630 0.994720 0.000000
vn -0.086965 0.996211 0.000690
vn -0.086965 0.996211 0.000690
vn -0.079111 0.996866 0.000628
vn -0.079111 0.996866 0.000628
vn -0.055463 0.998461 0.000440
vn -0.055463 0.998461 0.000440
vn -0.055456 0.998461 0.000880
vn -0.055456 0.998461 0.000880
vn -0.055456 0.998461 0.000880
vn -0.055456 0.998461 0.000880
vn -0.055456 0.998461 0.000880
vn -0.055456 0.998461 0.000880
vn -0.023797 0.999717 0.000378
vn -0.023797 0.999717 0.000378
vn -0.023794 0.999717 0.000378
vn -0.023794 0.999717 0.000378
vn -0.023789 0.999717 0.000566
vn -0.023789 0.999717 0.000566
vn -0.023789 0.999717 0.000566
vn -0.023789 0.999717 0.000566
vn -0.023789 0.999717 0.000566
vn -0.023789 0.999717 0.000566
vn -0.023800 0.999717 0.000378
vn -0.023800 0.999717 0.000378
vn -0.015844 0.999874 -0.000377
vn -0.015844 0.999874 -0.000377
vn -0.015793 0.999874 -0.001880
vn -0.015793 0.999874 -0.001880
vn -0.015444 0.999874 -0.003641
vn -0.015444 0.999874 -0.003641
vn -0.014916 0.999874 -0.005390
vn -0.014916 0.999874 -0.005390
vn -0.007106 0.999969 -0.003521
vn -0.007106 0.999969 -0.003521
vn -0.006753 0.999968 -0.004228
vn -0.006753 0.999968 -0.004228
vn -0.006275 0.999969 -0.004831
vn -0.006275 0.999969 -0.004831
vn -0.005862 0.999969 -0.005301
vn -0.005862 0.999969 -0.005301
vn -0.005519 0.999968 -0.005708
vn -0.005519 0.999968 -0.005708
vn -0.005235 0.999968 -0.005992
vn -0.005235 0.999968 -0.005992
vn -0.004943 0.999969 -0.006194
vn -0.004943 0.999969 -0.006194
vn -0.004671 0.999969 -0.006353
vn -0.004671 0.999969 -0.006353
vn -0.004550 0.999968 -0.006509
vn -0.004550 0.999968 -0.006509
vn 0.000000 1.000000 0.000000
vn 0.000000 1.000000 0.000000
vn 0.000000 1.000000 0.000000
vn 0.000000 1.000000 0.000000
vn 0.000000 1.000000 0.000000
vn 0.000000 1.000000 0.000000
vn 0.000000 1.000000 0.000000
vn 0.000000 1.000000 0.000000
vn 0.000000 1.000000 0.000000
vn 0.000000 1.000000 0.000000
vn 0.000000 1.000000 0.000000
vn 0.000000 1.000000 0.000000
vn 0.000000 1.000000 0.000000
vn 0.000000 1.000000 0.000000
vn 0.000000 1.000000 0.000000
vn 0.000000 1.000000 0.000000
vn 0.000000 1.000000 0.000000
vn 0.000000 1.000000 0.000000
vn 0.000000 1.000000 0.000000
vn 0.000000 1.000000 0.000000
vn 0.000000 1.000000 0.000000
vn 0.000000 1.000000 0.000000
vn 0.000000 1.000000 0.000000
vn 0.000000 1.000000 0.000000
vn 0.000000 1.000000 0.000000
vn 0.000000 1.000000 0.000000
vn 0.000000 1.000000 0.000000
vn 0.000000 1.000000 0.000000
vn 0.000000 1.000000 0.000000
vn 0.000000 1.000000 0.000000
vn 0.000000 1.000000 0.000000
vn 0.000000 1.000000 0.000000
vn 0.000000 1.000000 0.000000
vn 0.000000 1.000000 0.000000
vn 0.000000 1.000000 0.000000
vn 0.000000 1.000000 0.000000
vn 0.000000 1.000000 -0.000000
vn 0.000000 1.000000 -0.000000
vn 0.000000 1.000000 -0.000000
vn 0.000000 1.000000 -0.000000
vn 0.000000 1.000000 -0.000000
vn 0.000000 1.000000 -0.000000
vn 0.000000 1.000000 -0.000000
vn 0.000000 1.000000 -0.000000
vn 0.000000 1.000000 -0.000000
vn 0.000000 1.000000 -0.000000
vn 0.000000 1.000000 -0.000000
vn 0.000000 1.000000 -0.000000
vn 0.000000 1.000000 -0.000000
vn 0.000000 1.000000 -0.000000
vn 0.000000 1.000000 -0.000000
vn 0.000000 1.000000 -0.000000
vn 0.000000 1.000000 -0.000000
vn 0.000000 1.000000 -0.000000
vn 0.000000 1.000000 -0.000000
vn 0.000000 1.000000 -0.000000
vn 0.000000 1.000000 -0.000000
vn 0.000000 1.000000 -0.000000
vn 0.000000 1.000000 -0.000000
vn 0.000000 1.000000 -0.000000
vn 0.000000 1.000000 -0.000000
vn 0.000000 1.000000 -0.000000
vn 0.000000 1.000000 -0.000000
vn 0.000000 1.000000 -0.000000
vn 0.000000 1.000000 -0.000000
vn 0.000000 1.000000 -0.000000
vn 0.000000 1.000000 -0.000000
vn 0.000000 1.000000 -0.000000
vn 0.000000 1.000000 -0.000000
vn 0.000000 1.000000 -0.000000
vn 0.000000 1.000000 -0.000000
vn 0.000000 1.000000 -0.000000
vn 0.000000 1.000000 -0.000000
vn 0.000000 1.000000 -0.000000
vn 0.000000 1.000000 -0.000000
vn 0.000000 1.000000 -0.000000
vn 0.000000 1.000000 -0.000000
vn 0.000000 1.000000 -0.000000
vn 0.000000 1.000000 -0.000000
vn 0.000000 1.000000 -0.000000
vn 0.000000 1.000000 -0.000000
vn 0.000000 1.000000 -0.000000
vn 0.000000 1.000000 0.000000
vn 0.000000 1.000000 0.000000
vn 0.000000 1.000000 0.000000
vn 0.000000 1.000000 0.000000
vn 0.000000 1.000000 0.000000
vn 0.000000 1.000000 0.000000
vn 0.000000 1.000000 0.000000
vn 0.000000 1.000000 0.000000
vn 0.000000 1.000000 0.000000
vn 0.000000 1.000000 0.000000
vn 0.000000 1.000000 0.000000
vn 0.000000 1.000000 0.000000
vn 0.000000 1.000000 0.000000
vn 0.000000 1.000000 0.000000
vn 0.000000 1.000000 0.000000
vn 0.000000 1.000000 0.000000
vn 0.000000 1.000000 0.000000
vn 0.000000 1.000000 0.000000
vn 0.000000 1.000000 0.000000
vn 0.000000 1.000000 0.000000
vn 0.000000 1.000000 0.000000
vn 0.000000 1.000000 0.000000
vn 0.000000 1.000000 0.000000
vn 0.000000 1.000000 0.000000
vn 0.000000 1.000000 0.000000
vn 0.000000 1.000000 0.000000
vn 0.000000 1.000000 0.000000
vn 0.000000 1.000000 0.000000
vn 0.000000 1.000000 0.000000
vn 0.000000 1.000000 0.000000
vn 0.005308 0.999969 0.005870
vn 0.005308 0.999969 0.005870
vn 0.004757 0.999969 0.006322
vn 0.004757 0.999969 0.006322
vn 0.004257 0.999969 0.006636
vn 0.004257 0.999969 0.006636
vn 0.003880 0.999969 0.006884
vn 0.003880 0.999969 0.006884
vn 0.003559 0.999969 0.007055
vn 0.003559 0.999969 0.007055
vn 0.003316 0.999969 0.007196
vn 0.003316 0.999969 0.007196
vn 0.000000 1.000000 0.000000
vn 0.000000 1.000000 0.000000
vn 0.000000 1.000000 0.000000
vn 0.000000 1.000000 0.000000
vn 0.000000 1.000000 0.000000
vn 0.000000 1.000000 0.000000
vn 0.000000 1.000000 0.000000
vn 0.000000 1.000000 0.000000
vn 0.000000 1.000000 0.000000
vn 0.000000 1.000000 0.000000
vn 0.003014 0.999968 0.007347
vn 0.003014 0.999968 0.007347
vn 0.006533 0.999874 0.014447
vn 0.006533 0.999874 0.014447
vn 0.010709 0.999717 0.021231
vn 0.010709 0.999717 0.021231
vn 0.011828 0.999717 0.020651
vn 0.011828 0.999717 0.020651
vn 0.017325 0.999496 0.026615
vn 0.017325 0.999496 0.026615
vn 0.018682 0.999503 0.025408
vn 0.018682 0.999503 0.025408
vn 0.020216 0.999503 0.024209
vn 0.020216 0.999503 0.024209
vn 0.027284 0.999211 0.028852
vn 0.027284 0.999211 0.028852
vn 0.028948 0.999215 0.027060
vn 0.028948 0.999215 0.027060
vn 0.030678 0.999216 0.025043
vn 0.030678 0.999216 0.025043
vn 0.032172 0.999215 0.023114
vn 0.032172 0.999215 0.023114
vn 0.033514 0.999218 0.020985
vn 0.033514 0.999218 0.020985
vn 0.034741 0.999220 0.018779
vn 0.034741 0.999220 0.018779
vn 0.035767 0.999217 0.016942
vn 0.035767 0.999217 0.016942
vn 0.036824 0.999212 0.014792
vn 0.036824 0.999212 0.014792
vn 0.037289 0.999223 0.012740
vn 0.037289 0.999223 0.012740
vn 0.038169 0.999211 0.010950
vn 0.038169 0.999211 0.010950
vn 0.038393 0.999222 0.009052
vn 0.038393 0.999222 0.009052
vn 0.038817 0.999220 0.007200
vn 0.038817 0.999220 0.007200
vn 0.039290 0.999212 0.005658
vn 0.039290 0.999212 0.005658
vn 0.039298 0.999219 0.004055
vn 0.039298 0.999219 0.004055
vn 0.039532 0.999215 0.002510
vn 0.039532 0.999215 0.002510
vn 0.039631 0.999214 0.001258
vn 0.039631 0.999214 0.001258
vn 0.039651 0.999214 -0.000000
vn 0.039651 0.999214 -0.000000
vn 0.039614 0.999215 -0.000943
vn 0.039614 0.999215 -0.000943
vn 0.047422 0.998872 -0.002258
vn 0.047422 0.998872 -0.002258
vn 0.054976 0.998476 -0.004799
vn 0.054976 0.998476 -0.004799
vn 0.062795 0.997998 -0.007476
vn 0.062795 0.997998 -0.007476
vn 0.070398 0.997455 -0.011264
vn 0.070398 0.997455 -0.011264
vn 0.077611 0.996861 -0.015647
vn 0.077611 0.996861 -0.015647
vn 0.084913 0.996173 -0.020710
vn 0.084913 0.996173 -0.020710
vn 0.090773 0.995505 -0.027007
vn 0.090773 0.995505 -0.027007
vn 0.097309 0.994662 -0.034344
vn 0.097309 0.994662 -0.034344
vn 0.102784 0.993772 -0.043046
vn 0.102784 0.993772 -0.043046
vn 0.107161 0.992897 -0.051700
vn 0.107161 0.992897 -0.051700
vn 0.103378 0.992934 -0.058268
vn 0.103378 0.992934 -0.058268
vn 0.106839 0.991911 -0.068538
vn 0.106839 0.991911 -0.068538
vn 0.102486 0.991952 -0.074352
vn 0.102486 0.991952 -0.074352
vn 0.098009 0.991964 -0.080007
vn 0.098009 0.991964 -0.080007
vn 0.093110 0.991926 -0.086102
vn 0.093110 0.991926 -0.086102
vn 0.082679 0.992902 -0.085498
vn 0.082679 0.992902 -0.085498
vn 0.078434 0.992869 -0.089774
vn 0.078434 0.992869 -0.089774
vn 0.068567 0.993843 -0.087027
vn 0.068567 0.993843 -0.087027
vn 0.055828 0.995471 -0.076952
vn 0.055828 0.995471 -0.076952
vn 0.043915 0.996861 -0.065872
vn 0.043915 0.996861 -0.065872
vn 0.037040 0.997474 -0.060612
vn 0.037040 0.997474 -0.060612
vn 0.034400 0.997481 -0.062033
vn 0.034400 0.997481 -0.062033
vn 0.028109 0.997994 -0.056720
vn 0.028109 0.997994 -0.056720
vn 0.022505 0.998458 -0.050746
vn 0.022505 0.998458 -0.050746
vn 0.020694 0.998458 -0.051514
vn 0.020694 0.998458 -0.051514
vn 0.015772 0.998877 -0.044687
vn 0.015772 0.998877 -0.044687
vn 0.011949 0.999216 -0.037735
vn 0.011949 0.999216 -0.037735
vn 0.010635 0.999215 -0.038162
vn 0.010635 0.999215 -0.038162
vn 0.007733 0.999499 -0.030681
vn 0.007733 0.999499 -0.030681
vn 0.007005 0.999502 -0.030773
vn 0.007005 0.999502 -0.030773
vn 0.004701 0.999717 -0.023315
vn 0.004701 0.999717 -0.023315
vn 0.004343 0.999716 -0.023416
vn 0.004343 0.999716 -0.023416
vn 0.002621 0.999875 -0.015600
vn 0.002621 0.999875 -0.015600
vn 0.002377 0.999875 -0.015637
vn 0.002377 0.999875 -0.015637
vn 0.002377 0.999875 -0.015637
vn 0.002377 0.999875 -0.015637
vn 0.002377 0.999875 -0.015637
vn 0.002377 0.999875 -0.015637
vn 0.001129 0.999969 -0.007837
vn 0.001129 0.999969 -0.007837
vn 0.001189 0.999969 -0.007819
vn 0.001189 0.999969 -0.007819
vn 0.001246 0.999969 -0.007790
vn 0.001246 0.999969 -0.007790
vn 0.001316 0.999968 -0.007831
vn 0.001316 0.999968 -0.007831
vn 0.001500 0.999969 -0.007750
vn 0.001500 0.999969 -0.007750
vn 0.001697 0.999969 -0.007730
vn 0.001697 0.999969 -0.007730
vn 0.002003 0.999969 -0.007638
vn 0.002003 0.999969 -0.007638
vn 0.004624 0.999875 -0.015123
vn 0.004624 0.999875 -0.015123
vn 0.005393 0.999874 -0.014925
vn 0.005393 0.999874 -0.014925
vn 0.006363 0.999875 -0.014472
vn 0.006363 0.999875 -0.014472
vn 0.011111 0.999716 -0.021093
vn 0.011111 0.999716 -0.021093
vn 0.012841 0.999717 -0.020017
vn 0.012841 0.999717 -0.020017
vn 0.019517 0.999503 -0.024772
vn 0.019517 0.999503 -0.024772
vn 0.027301 0.999219 -0.028556
vn 0.027301 0.999219 -0.028556
vn 0.029913 0.999211 -0.026134
vn 0.029913 0.999211 -0.026134
vn 0.038367 0.998865 -0.028211
vn 0.038367 0.998865 -0.028211
vn 0.040042 0.998874 -0.025447
vn 0.040042 0.998874 -0.025447
vn 0.048579 0.998462 -0.026697
vn 0.048579 0.998462 -0.026697
vn 0.049892 0.998465 -0.024071
vn 0.049892 0.998465 -0.024071
vn 0.050920 0.998462 -0.021948
vn 0.050920 0.998462 -0.021948
vn 0.051766 0.998464 -0.019741
vn 0.051766 0.998464 -0.019741
vn 0.052682 0.998457 -0.017561
vn 0.052682 0.998457 -0.017561
vn 0.053068 0.998459 -0.016227
vn 0.053068 0.998459 -0.016227
vn 0.053604 0.998457 -0.014500
vn 0.053604 0.998457 -0.014500
vn 0.053834 0.998464 -0.013130
vn 0.053834 0.998464 -0.013130
vn 0.053885 0.998477 -0.011829
vn 0.053885 0.998477 -0.011829
vn 0.054333 0.998463 -0.010954
vn 0.054333 0.998463 -0.010954
vn 0.054720 0.998455 -0.009708
vn 0.054720 0.998455 -0.009708
vn 0.054655 0.998467 -0.008745
vn 0.054655 0.998467 -0.008745
vn 0.054778 0.998467 -0.007888
vn 0.054778 0.998467 -0.007888
vn 0.055068 0.998458 -0.007049
vn 0.055068 0.998458 -0.007049
vn 0.055178 0.998455 -0.006569
vn 0.055178 0.998455 -0.006569
vn 0.047103 0.998878 -0.004860
vn 0.047103 0.998878 -0.004860
vn 0.047206 0.998877 -0.004121
vn 0.047206 0.998877 -0.004121
vn 0.047206 0.998877 -0.004121
vn 0.047206 0.998877 -0.004121
vn 0.047206 0.998877 -0.004121
vn 0.047206 0.998877 -0.004121
vn 0.039472 0.999217 -0.002819
vn 0.039472 0.999217 -0.002819
vn 0.031603 0.999498 -0.002007
vn 0.031603 0.999498 -0.002007
vn 0.031603 0.999498 -0.002007
vn 0.031603 0.999498 -0.002007
vn 0.031603 0.999498 -0.002007
vn 0.031603 0.999498 -0.002007
vn 0.031603 0.999498 -0.002007
vn 0.031603 0.999498 -0.002007
vn 0.031603 0.999498 -0.002007
vn 0.031603 0.999498 -0.002007
vn 0.031603 0.999498 -0.002007
vn 0.031603 0.999498 -0.002007
vn 0.015751 0.999875 -0.001625
vn 0.015751 0.999875 -0.001625
vn 0.015479 0.999874 -0.003524
vn 0.015479 0.999874 -0.003524
vn 0.022144 0.999718 -0.008632
vn 0.022144 0.999718 -0.008632
vn 0.020561 0.999716 -0.012073
vn 0.020561 0.999716 -0.012073
vn 0.018511 0.999714 -0.015111
vn 0.018511 0.999714 -0.015111
vn 0.016126 0.999718 -0.017439
vn 0.016126 0.999718 -0.017439
vn 0.009397 0.999874 -0.012780
vn 0.009397 0.999874 -0.012780
vn 0.008263 0.999874 -0.013522
vn 0.008263 0.999874 -0.013522
vn 0.007516 0.999875 -0.013905
vn 0.007516 0.999875 -0.013905
vn 0.006889 0.999874 -0.014279
vn 0.006889 0.999874 -0.014279
vn 0.006610 0.999875 -0.014343
vn 0.006610 0.999875 -0.014343
vn 0.006610 0.999875 -0.014343
vn 0.006610 0.999875 -0.014343
vn 0.006786 0.999874 -0.014327
vn 0.006786 0.999874 -0.014327
vn 0.007016 0.999875 -0.014158
vn 0.007016 0.999875 -0.014158
vn 0.007360 0.999875 -0.013971
vn 0.007360 0.999875 -0.013971
vn 0.004028 0.999968 -0.006861
vn 0.004028 0.999968 -0.006861
vn 0.004343 0.999968 -0.006672
vn 0.004343 0.999968 -0.006672
vn 0.004779 0.999968 -0.006351
vn 0.004779 0.999968 -0.006351
vn 0.005200 0.999969 -0.005952
vn 0.005200 0.999969 -0.005952
vn 0.005677 0.999968 -0.005551
vn 0.005677 0.999968 -0.005551
vn 0.006133 0.999969 -0.005007
vn 0.006133 0.999969 -0.005007
vn 0.006547 0.999969 -0.004469
vn 0.006547 0.999969 -0.004469
vn 0.006890 0.999969 -0.003884
vn 0.006890 0.999969 -0.003884
vn 0.007188 0.999969 -0.003313
vn 0.007188 0.999969 -0.003313
vn 0.000000 1.000000 -0.000000
vn 0.000000 1.000000 -0.000000
vn 0.000000 1.000000 -0.000000
vn 0.000000 1.000000 -0.000000
vn 0.000000 1.000000 -0.000000
vn 0.000000 1.000000 -0.000000
vn 0.000000 1.000000 -0.000000
vn 0.000000 1.000000 -0.000000
vn 0.000000 1.000000 -0.000000
vn 0.000000 1.000000 -0.000000
vn 0.000000 1.000000 -0.000000
vn 0.000000 1.000000 -0.000000
vn 0.000000 1.000000 -0.000000
vn 0.000000 1.000000 -0.000000
vn 0.000000 1.000000 -0.000000
vn 0.000000 1.000000 -0.000000
vn 0.000000 1.000000 -0.000000
vn 0.000000 1.000000 -0.000000
vn 0.000000 1.000000 -0.000000
vn 0.000000 1.000000 -0.000000
vn 0.000000 1.000000 -0.000000
vn 0.000000 1.000000 -0.000000
vn 0.000000 1.000000 -0.000000
vn 0.000000 1.000000 -0.000000
vn 0.000000 1.000000 -0.000000
vn 0.000000 1.000000 -0.000000
vn 0.000000 1.000000 -0.000000
vn 0.000000 1.000000 -0.000000
vn 0.000000 1.000000 -0.000000
vn 0.000000 1.000000 -0.000000
vn 0.000000 1.000000 -0.000000
vn 0.000000 1.000000 -0.000000
vn 0.000000 1.000000 -0.000000
vn 0.000000 1.000000 -0.000000
vn 0.000000 1.000000 -0.000000
vn 0.000000 1.000000 -0.000000
vn 0.000000 1.000000 -0.000000
vn 0.000000 1.000000 -0.000000
vn 0.000000 1.000000 -0.000000
vn 0.000000 1.000000 -0.000000
vn 0.000000 1.000000 -0.000000
vn 0.000000 1.000000 -0.000000
vn 0.000000 1.000000 -0.000000
vn 0.000000 1.000000 -0.000000
vn 0.000000 1.000000 -0.000000
vn 0.000000 1.000000 -0.000000
vn 0.006541 0.999969 -0.004465
vn 0.006541 0.999969 -0.004465
vn 0.005965 0.999969 -0.005212
vn 0.005965 0.999969 -0.005212
vn 0.005223 0.999968 -0.005978
vn 0.005223 0.999968 -0.005978
vn 0.009192 0.999874 -0.012969
vn 0.009192 0.999874 -0.012969
vn 0.008030 0.999874 -0.013675
vn 0.008030 0.999874 -0.013675
vn 0.010558 0.999717 -0.021305
vn 0.010558 0.999717 -0.021305
vn 0.009218 0.999719 -0.021823
vn 0.009218 0.999719 -0.021823
vn 0.005374 0.999875 -0.014873
vn 0.005374 0.999875 -0.014873
vn 0.004619 0.999875 -0.015104
vn 0.004619 0.999875 -0.015104
vn 0.000000 1.000000 -0.000000
vn 0.000000 1.000000 -0.000000
vn -0.003375 0.999874 0.015501
vn -0.003375 0.999874 0.015501
vn 0.000000 1.000000 -0.000000
vn 0.000000 1.000000 -0.000000
vn 0.000000 1.000000 -0.000000
vn 0.000000 1.000000 -0.000000
vn 0.000000 1.000000 0.000000
vn 0.000000 1.000000 0.000000
vn 0.000000 1.000000 0.000000
vn 0.000000 1.000000 0.000000
vn 0.000000 0.999717 -0.023803
vn 0.000000 0.999717 -0.023803
vn 0.001130 0.997460 -0.071220
vn 0.001130 0.997460 -0.071220
vn 0.000504 0.999497 -0.031726
vn 0.000504 0.999497 -0.031726
vn 0.000503 0.997991 -0.063360
vn 0.000503 0.997991 -0.063360
vn 0.000000 0.994720 -0.102630
vn 0.000000 0.994720 -0.102630
vn 0.000000 0.993884 -0.110432
vn 0.000000 0.993884 -0.110432
vn 0.000000 0.994720 -0.102630
vn 0.000000 0.994720 -0.102630
vn 0.000000 0.996211 -0.086971
vn 0.000000 0.996211 -0.086971
vn 0.000000 0.998460 -0.055470
vn 0.000000 0.998460 -0.055470
vn 0.000000 0.999969 -0.007936
vn 0.000000 0.999969 -0.007936
vn 0.000315 0.999214 0.039649
vn 0.000315 0.999214 0.039649
vn 0.001131 0.997459 0.071229
vn 0.001131 0.997459 0.071229
vn 0.001380 0.996212 0.086949
vn 0.001380 0.996212 0.086949
vn 0.001505 0.995497 0.094785
vn 0.001505 0.995497 0.094785
vn 0.001505 0.995497 0.094785
vn 0.001505 0.995497 0.094785
vn 0.001255 0.996866 0.079096
vn 0.001255 0.996866 0.079096
vn 0.000377 0.998868 0.047562
vn 0.000377 0.998868 0.047562
vn -0.000000 0.999969 0.007936
vn -0.000000 0.999969 0.007936
vn 0.000063 0.999969 -0.007935
vn 0.000063 0.999969 -0.007935
vn -0.000252 0.999969 0.007924
vn -0.000252 0.999969 0.007924
vn -0.005654 0.996846 0.079160
vn -0.005654 0.996846 0.079160
vn 0.000000 1.000000 -0.000000
vn 0.000000 1.000000 -0.000000
vn 0.022365 0.990846 -0.133128
vn 0.022365 0.990846 -0.133128
vn 0.017974 0.992016 -0.124821
vn 0.017974 0.992016 -0.124821
vn 0.007895 0.997441 -0.071058
vn 0.007895 0.997441 -0.071058
vn 0.006544 0.998466 -0.054972
vn 0.006544 0.998466 -0.054972
vn 0.009171 0.998467 -0.054590
vn 0.009171 0.998467 -0.054590
vn 0.010152 0.998878 -0.046250
vn 0.010152 0.998878 -0.046250
vn 0.012400 0.998872 -0.045842
vn 0.012400 0.998872 -0.045842
vn 0.012553 0.999212 -0.037659
vn 0.012553 0.999212 -0.037659
vn 0.012031 0.999498 -0.029325
vn 0.012031 0.999498 -0.029325
vn 0.014619 0.999495 -0.028229
vn 0.014619 0.999495 -0.028229
vn 0.008706 0.999874 -0.013248
vn 0.008706 0.999874 -0.013248
vn 0.010561 0.999874 -0.011818
vn 0.010561 0.999874 -0.011818
vn 0.006105 0.999968 -0.005098
vn 0.006105 0.999968 -0.005098
vn 0.006566 0.999969 -0.004440
vn 0.006566 0.999969 -0.004440
vn 0.000000 1.000000 -0.000000
vn 0.000000 1.000000 -0.000000
vn 0.000000 1.000000 -0.000000
vn 0.000000 1.000000 -0.000000
vn 0.000000 1.000000 -0.000000
vn 0.000000 1.000000 -0.000000
vn -0.007080 0.999969 0.003571
vn -0.007080 0.999969 0.003571
vn -0.014279 0.999874 0.006889
vn -0.014279 0.999874 0.006889
vn -0.014376 0.999873 0.006810
vn -0.014376 0.999873 0.006810
vn -0.021582 0.999718 0.009947
vn -0.021582 0.999718 0.009947
vn -0.028958 0.999495 0.013094
vn -0.028958 0.999495 0.013094
vn -0.036042 0.999222 0.015984
vn -0.036042 0.999222 0.015984
vn -0.028975 0.999499 0.012739
vn -0.028975 0.999499 0.012739
vn -0.007270 0.999969 0.003134
vn -0.007270 0.999969 0.003134
vn 0.007270 0.999969 -0.003134
vn 0.007270 0.999969 -0.003134
vn 0.029247 0.999496 -0.012354
vn 0.029247 0.999496 -0.012354
vn 0.051129 0.998459 -0.021597
vn 0.051129 0.998459 -0.021597
vn 0.072924 0.996862 -0.030804
vn 0.072924 0.996862 -0.030804
vn 0.087389 0.995490 -0.036914
vn 0.087389 0.995490 -0.036914
vn 0.108960 0.992980 -0.046026
vn 0.108960 0.992980 -0.046026
vn 0.116954 0.991908 -0.049403
vn 0.116954 0.991908 -0.049403
vn 0.123750 0.990879 -0.053341
vn 0.123750 0.990879 -0.053341
vn 0.130481 0.989854 -0.056242
vn 0.130481 0.989854 -0.056242
vn 0.137689 0.988624 -0.060536
vn 0.137689 0.988624 -0.060536
vn 0.136607 0.988698 -0.061770
vn 0.136607 0.988698 -0.061770
vn 0.129484 0.989683 -0.061335
vn 0.129484 0.989683 -0.061335
vn 0.105813 0.992953 -0.053374
vn 0.105813 0.992953 -0.053374
vn 0.034100 0.999218 -0.020022
vn 0.034100 0.999218 -0.020022
vn 0.012937 0.999874 -0.009169
vn 0.012937 0.999874 -0.009169
vn 0.018290 0.999716 -0.015273
vn 0.018290 0.999716 -0.015273
vn 0.016849 0.999716 -0.016849
vn 0.016849 0.999716 -0.016849
vn 0.020320 0.999497 -0.024334
vn 0.020320 0.999497 -0.024334
vn 0.018045 0.999497 -0.026065
vn 0.018045 0.999497 -0.026065
vn 0.015816 0.999500 -0.027365
vn 0.015816 0.999500 -0.027365
vn 0.013769 0.999498 -0.028539
vn 0.013769 0.999498 -0.028539
vn 0.012340 0.999497 -0.029214
vn 0.012340 0.999497 -0.029214
vn 0.008626 0.999718 -0.022127
vn 0.008626 0.999718 -0.022127
vn 0.008462 0.999718 -0.022189
vn 0.008462 0.999718 -0.022189
vn 0.008438 0.999720 -0.022127
vn 0.008438 0.999720 -0.022127
vn 0.006010 0.999875 -0.014649
vn 0.006010 0.999875 -0.014649
vn 0.003267 0.999969 -0.007224
vn 0.003267 0.999969 -0.007224
vn 0.000000 1.000000 -0.000000
vn 0.000000 1.000000 -0.000000
vn 0.000000 1.000000 -0.000000
vn 0.000000 1.000000 -0.000000
vn 0.000000 1.000000 -0.000000
vn 0.000000 1.000000 -0.000000
vn -0.004655 0.999969 0.006416
vn -0.004655 0.999969 0.006416
vn -0.004973 0.999969 0.006169
vn -0.004973 0.999969 0.006169
vn -0.005296 0.999968 0.005926
vn -0.005296 0.999968 0.005926
vn -0.005846 0.999968 0.005406
vn -0.005846 0.999968 0.005406
vn -0.006503 0.999968 0.004609
vn -0.006503 0.999968 0.004609
vn 0.000000 1.000000 -0.000000
vn 0.000000 1.000000 -0.000000
vn 0.000000 1.000000 -0.000000
vn 0.000000 1.000000 -0.000000
vn 0.000000 1.000000 -0.000000
vn 0.000000 1.000000 -0.000000
vn 0.000000 1.000000 -0.000000
vn 0.000000 1.000000 -0.000000
vn 0.000000 1.000000 -0.000000
vn 0.000000 1.000000 -0.000000
vn 0.000000 1.000000 -0.000000
vn 0.000000 1.000000 -0.000000
vn 0.000000 1.000000 -0.000000
vn 0.000000 1.000000 -0.000000
vn 0.000000 1.000000 -0.000000
vn 0.000000 1.000000 -0.000000
vn 0.000000 1.000000 -0.000000
vn 0.000000 1.000000 -0.000000
vn 0.000000 1.000000 -0.000000
vn 0.000000 1.000000 -0.000000
vn 0.000000 1.000000 -0.000000
vn 0.000000 1.000000 -0.000000
vn 0.000000 1.000000 -0.000000
vn 0.000000 1.000000 -0.000000
vn 0.000000 1.000000 -0.000000
vn 0.000000 1.000000 -0.000000
vn 0.000000 1.000000 -0.000000
vn 0.000000 1.000000 -0.000000
vn 0.000000 1.000000 -0.000000
vn 0.000000 1.000000 -0.000000
vn 0.000000 1.000000 -0.000000
vn 0.000000 1.000000 -0.000000
vn 0.000000 1.000000 -0.000000
vn 0.000000 1.000000 -0.000000
vn 0.000000 1.000000 -0.000000
vn 0.000000 1.000000 -0.000000
vn 0.000000 1.000000 -0.000000
vn 0.000000 1.000000 -0.000000
vn 0.000000 1.000000 -0.000000
vn 0.000000 1.000000 -0.000000
vn 0.000000 1.000000 -0.000000
vn 0.000000 1.000000 -0.000000
vn 0.000000 1.000000 -0.000000
vn 0.000000 1.000000 -0.000000
vn 0.000000 1.000000 -0.000000
vn 0.000000 1.000000 -0.000000
vn 0.000000 1.000000 -0.000000
vn 0.000000 1.000000 -0.000000
vn 0.000000 1.000000 -0.000000
vn 0.000000 1.000000 -0.000000
vn -0.007930 0.999969 0.000189
vn -0.007930 0.999969 0.000189
vn -0.007924 0.999969 0.000314
vn -0.007924 0.999969 0.000314
vn -0.015808 0.999875 0.000878
vn -0.015808 0.999875 0.000878
vn -0.023590 0.999720 0.002059
vn -0.023590 0.999720 0.002059
vn -0.031405 0.999499 0.004020
vn -0.031405 0.999499 0.004020
vn -0.037411 0.999198 0.014279
vn -0.037411 0.999198 0.014279
vn -0.039975 0.998630 0.033782
vn -0.039975 0.998630 0.033782
vn -0.041893 0.998038 0.046534
vn -0.041893 0.998038 0.046534
vn -0.033788 0.997770 0.057571
vn -0.033788 0.997770 0.057571
vn -0.028915 0.997015 0.071594
vn -0.028915 0.997015 0.071594
vn -0.013736 0.996673 0.080343
vn -0.013736 0.996673 0.080343
vn 0.009608 0.996686 0.080782
vn 0.009608 0.996686 0.080782
vn 0.025881 0.997060 0.072116
vn 0.025881 0.997060 0.072116
vn 0.038549 0.997352 0.061665
vn 0.038549 0.997352 0.061665
vn 0.048086 0.997586 0.050100
vn 0.048086 0.997586 0.050100
vn 0.054632 0.997779 0.038105
vn 0.054632 0.997779 0.038105
vn 0.059278 0.997887 0.026612
vn 0.059278 0.997887 0.026612
vn 0.061553 0.997987 0.015248
vn 0.061553 0.997987 0.015248
vn 0.062937 0.998007 0.004496
vn 0.062937 0.998007 0.004496
vn 0.063253 0.997995 0.002008
vn 0.063253 0.997995 0.002008
vn 0.063364 0.997990 -0.000000
vn 0.063364 0.997990 -0.000000
vn 0.063188 0.997942 -0.010929
vn 0.063188 0.997942 -0.010929
vn 0.062773 0.997972 -0.010546
vn 0.062773 0.997972 -0.010546
vn 0.060435 0.997992 -0.018980
vn 0.060435 0.997992 -0.018980
vn 0.056909 0.997981 -0.028203
vn 0.056909 0.997981 -0.028203
vn 0.052078 0.997992 -0.036054
vn 0.052078 0.997992 -0.036054
vn 0.046459 0.997976 -0.043429
vn 0.046459 0.997976 -0.043429
vn 0.045956 0.997982 -0.043822
vn 0.045956 0.997982 -0.043822
vn 0.036694 0.998448 -0.041900
vn 0.036694 0.998448 -0.041900
vn 0.028933 0.998859 -0.037995
vn 0.028933 0.998859 -0.037995
vn 0.022840 0.999194 -0.033005
vn 0.022840 0.999194 -0.033005
vn 0.017895 0.999478 -0.026905
vn 0.017895 0.999478 -0.026905
vn 0.014160 0.999692 -0.020390
vn 0.014160 0.999692 -0.020390
vn 0.009502 0.999939 -0.005626
vn 0.009502 0.999939 -0.005626
vn 0.007722 0.999969 0.001695
vn 0.007722 0.999969 0.001695
vn 0.007758 0.999969 0.001439
vn 0.007758 0.999969 0.001439
vn 0.007838 0.999969 0.001191
vn 0.007838 0.999969 0.001191
vn 0.007825 0.999969 0.001002
vn 0.007825 0.999969 0.001002
vn 0.007859 0.999969 0.000811
vn 0.007859 0.999969 0.000811
vn 0.007887 0.999969 0.000689
vn 0.007887 0.999969 0.000689
vn 0.007908 0.999969 0.000502
vn 0.007908 0.999969 0.000502
vn 0.007921 0.999969 0.000377
vn 0.007921 0.999969 0.000377
vn 0.007924 0.999969 0.000314
vn 0.007924 0.999969 0.000314
vn -0.000000 1.000000 0.000000
vn -0.000000 1.000000 0.000000
vn -0.000000 1.000000 0.000000
vn -0.000000 1.000000 0.000000
vn -0.000000 1.000000 0.000000
vn -0.000000 1.000000 0.000000
vn -0.000000 1.000000 0.000000
vn -0.000000 1.000000 0.000000
vn -0.000000 1.000000 0.000000
vn -0.000000 1.000000 0.000000
vn -0.000000 1.000000 0.000000
vn -0.000000 1.000000 0.000000
vn -0.000000 1.000000 0.000000
vn -0.000000 1.000000 0.000000
vn -0.007928 0.999969 -0.000252
vn -0.007928 0.999969 -0.000252
vn -0.015823 0.999875 -0.000753
vn -0.015823 0.999875 -0.000753
vn -0.023610 0.999720 -0.001874
vn -0.023610 0.999720 -0.001874
vn -0.031441 0.999498 -0.003773
vn -0.031441 0.999498 -0.003773
vn -0.046676 0.998876 -0.008215
vn -0.046676 0.998876 -0.008215
vn -0.053855 0.998468 -0.012697
vn -0.053855 0.998468 -0.012697
vn -0.068090 0.997462 -0.020821
vn -0.068090 0.997462 -0.020821
vn -0.080642 0.996217 -0.032395
vn -0.080642 0.996217 -0.032395
vn -0.084348 0.995479 -0.043680
vn -0.084348 0.995479 -0.043680
vn -0.093270 0.993788 -0.060713
vn -0.093270 0.993788 -0.060713
vn -0.091473 0.992874 -0.076385
vn -0.091473 0.992874 -0.076385
vn -0.086367 0.991970 -0.092393
vn -0.086367 0.991970 -0.092393
vn -0.069887 0.992893 -0.096330
vn -0.069887 0.992893 -0.096330
vn -0.057777 0.992878 -0.104188
vn -0.057777 0.992878 -0.104188
vn -0.039939 0.994641 -0.095364
vn -0.039939 0.994641 -0.095364
vn -0.027719 0.995497 -0.090647
vn -0.027719 0.995497 -0.090647
vn -0.016985 0.996857 -0.077378
vn -0.016985 0.996857 -0.077378
vn -0.007915 0.998457 -0.054964
vn -0.007915 0.998457 -0.054964
vn -0.003443 0.999216 -0.039433
vn -0.003443 0.999216 -0.039433
vn -0.001885 0.999214 -0.039592
vn -0.001885 0.999214 -0.039592
vn -0.001258 0.999214 -0.039611
vn -0.001258 0.999214 -0.039611
vn -0.001006 0.999497 -0.031698
vn -0.001006 0.999497 -0.031698
vn -0.001508 0.998869 -0.047517
vn -0.001508 0.998869 -0.047517
vn -0.001508 0.998869 -0.047517
vn -0.001508 0.998869 -0.047517
vn -0.002822 0.997464 -0.071113
vn -0.002822 0.997464 -0.071113
vn 0.002372 0.996192 -0.087157
vn 0.002372 0.996192 -0.087157
vn -0.002756 0.995387 -0.095905
vn -0.002756 0.995387 -0.095905
vn -0.009569 0.996136 -0.087306
vn -0.009569 0.996136 -0.087306
vn -0.011515 0.997952 -0.062928
vn -0.011515 0.997952 -0.062928
vn -0.004263 0.999457 -0.032663
vn -0.004263 0.999457 -0.032663
vn 0.004090 0.999936 -0.010509
vn 0.004090 0.999936 -0.010509
vn 0.007219 0.999969 -0.003264
vn 0.007219 0.999969 -0.003264
vn 0.007219 0.999969 -0.003264
vn 0.007219 0.999969 -0.003264
vn 0.000000 0.000000 0.000000
vn 0.000000 0.000000 0.000000
vn 0.000000 0.000000 0.000000
vn 0.000000 0.000000 0.000000
vn 0.000000 0.000000 0.000000
vn 0.000000 0.000000 0.000000
vn 0.000000 0.000000 0.000000
vn 0.000000 0.000000 0.000000
vn 964.000000 -1111.429565 7.000000
vn 964.000000 -1111.429565 7.000000
vn nan nan nan
vn nan nan nan
vn nan nan nan
vn nan nan nan
vn nan nan nan
vn nan nan nan
vn nan nan nan
vn nan nan nan
vn nan nan nan
vn nan nan nan
vn nan nan nan
vn nan nan nan
vn nan nan nan
vn nan nan nan
vn nan nan nan
vn nan nan nan
vn nan nan nan
vn nan nan nan
vn nan nan nan
vn nan nan nan
vn nan nan nan
vn nan nan nan
vn nan nan nan
vn nan nan nan
vn nan nan nan
vn nan nan nan
vn nan nan nan
vn nan nan nan
vn 0.000000 0.000000 0.000000
vn 0.000000 0.000000 0.000000
vn 0.000000 0.000000 0.000000
vn 0.000000 0.000000 0.000000
vn 0.000000 0.000000 0.000000
vn 0.000000 0.000000 0.000000
vn 0.000000 0.000000 0.000000
vn 0.000000 0.000000 0.000000
vn 0.000000 0.000000 0.000000
vn 0.000000 0.000000 0.000000
vn 0.000000 0.000000 0.000000
vn 0.000000 0.000000 0.000000
vn 6.000000 957.241455 -997.899536
vn 6.000000 957.241455 -997.899536
vn nan nan nan
vn nan nan nan
vn nan nan nan
vn nan nan nan
vn nan nan nan
vn nan nan nan
vn nan nan nan
vn nan nan nan
vn nan nan nan
vn nan nan nan
vn nan nan nan
vn nan nan nan
vn nan nan nan
vn nan nan nan
vn nan nan nan
vn nan nan nan
vn nan nan nan
vn nan nan nan
vn nan nan nan
vn nan nan nan
vn nan nan nan
vn nan nan nan
vn nan nan nan
vn nan nan nan
vn nan nan nan
vn nan nan nan
vn nan nan nan
vn nan nan nan
vn 1.229355 958.269836 -994.364502
vn 1.229355 958.269836 -994.364502
vn nan nan 0.000000
vn nan nan 0.000000
vn 0.000000 0.000000 0.000000
vn 0.000000 0.000000 0.000000
vn 0.000000 0.000000 0.000000
vn 0.000000 0.000000 0.000000
vn 0.000000 0.000000 0.000000
vn 0.000000 0.000000 0.000000
vn 0.000000 0.000000 0.000000
vn 0.000000 0.000000 0.000000
vn nan nan nan
vn nan nan nan
vn nan nan nan
vn nan nan nan
vn nan nan nan
vn nan nan nan
vn nan nan nan
vn nan nan nan
vn nan nan nan
vn nan nan nan
vn nan nan nan
vn nan nan nan
vn nan nan nan
vn nan nan nan
vn nan nan nan
vn nan nan nan
vn nan nan nan
vn nan nan nan
vn nan nan nan
vn nan nan nan
vn nan nan nan
vn nan nan nan
vn nan nan nan
vn nan nan nan
vn nan nan nan
vn nan nan nan
vn nan nan nan
vn nan nan nan
vn nan nan nan
vn nan nan nan
vn 0.000000 0.000000 0.000000
vn 0.000000 0.000000 0.000000
vn 0.000000 0.000000 0.000000
vn 0.000000 0.000000 0.000000
vn 0.000000 0.000000 0.000000
vn 0.000000 0.000000 0.000000
vn 0.000000 0.000000 0.000000
vn 0.000000 0.000000 0.000000
vn 0.000000 0.000000 0.000000
vn 0.000000 0.000000 0.000000
vn 1009.752075 -993.788574 3.000000
vn 1009.752075 -993.788574 3.000000
vn nan nan nan
vn nan nan nan
vn nan nan nan
vn nan nan nan
vn nan nan nan
vn nan nan nan
vn nan nan nan
vn nan nan nan
vn nan nan nan
vn nan nan nan
vn nan nan nan
vn nan nan nan
vn nan nan nan
vn nan nan nan
vn nan nan nan
vn nan nan nan
vn nan nan nan
vn nan nan nan
vn nan nan nan
vn nan nan nan
vn nan nan nan
vn nan nan nan
vn nan nan nan
vn nan nan nan
vn nan nan nan
vn nan nan nan
vn nan nan nan
vn nan nan nan
vn 0.000000 0.000000 0.000000
vn 0.000000 0.000000 0.000000
vn 0.000000 nan nan
vn 0.000000 nan nan
vn 0.000000 0.000000 0.000000
vn 0.000000 0.000000 0.000000
vn 0.000000 0.000000 0.000000
vn 0.000000 0.000000 0.000000
vn 0.000000 0.000000 0.000000
vn 0.000000 0.000000 0.000000
vn 0.000000 0.000000 0.000000
vn 0.000000 0.000000 0.000000
vn 3.000000 991.743408 nan
vn 3.000000 991.743408 nan
vn nan nan nan
vn nan nan nan
vn nan nan nan
vn nan nan nan
vn nan nan nan
vn nan nan nan
vn nan nan nan
vn nan nan nan
vn nan nan nan
vn nan nan nan
vn nan nan nan
vn nan nan nan
vn nan nan nan
vn nan nan nan
vn nan nan nan
vn nan nan nan
vn nan nan nan
vn nan nan nan
vn nan nan nan
vn nan nan nan
vn nan nan nan
vn nan nan nan
vn nan nan nan
vn nan nan nan
vn nan nan nan
vn nan nan nan
vn nan nan nan
vn nan nan nan
vn 0.001144 971.683655 0.000000
vn 0.001144 971.683655 0.000000
vn 0.000000 0.000000 0.000000
vn 0.000000 0.000000 0.000000
vn 0.000000 0.000000 0.000000
vn 0.000000 0.000000 0.000000
vn 0.000000 0.000000 0.000000
vn 0.000000 0.000000 0.000000
vn 0.000000 0.000000 0.000000
vn 0.000000 0.000000 0.000000
vn -829.000000 2.000000 956.000000
vn -829.000000 2.000000 956.000000
vn nan nan nan
vn nan nan nan
vn nan nan nan
vn nan nan nan
vn nan nan nan
vn nan nan nan
vn nan nan nan
vn nan nan nan
vn nan nan nan
vn nan nan nan
vn nan nan nan
vn nan nan nan
vn nan nan nan
vn nan nan nan
vn nan nan nan
vn nan nan nan
vn nan nan nan
vn nan nan nan
vn nan nan nan
vn nan nan nan
vn nan nan nan
vn nan nan nan
vn nan nan nan
vn nan nan nan
vn nan nan nan
vn nan nan nan
vn nan nan nan
vn nan nan nan
vn 0.000000 0.000000 0.000000
vn 0.000000 0.000000 0.000000
vn 0.000000 0.000000 0.000000
vn 0.000000 0.000000 0.000000
vn 0.000000 0.000000 0.000000
vn 0.000000 0.000000 0.000000
vn 0.000000 0.000000 0.000000
vn 0.000000 0.000000 0.000000
vn 0.000000 0.000000 0.000000
vn 0.000000 0.000000 0.000000
vn 0.000000 0.000000 0.000000
vn 0.000000 0.000000 0.000000
vn 752.225464 -711.119263 0.000000
vn 752.225464 -711.119263 0.000000
vn nan nan nan
vn nan nan nan
vn nan nan nan
vn nan nan nan
vn nan nan nan
vn nan nan nan
vn nan nan nan
vn nan nan nan
vn nan nan nan
vn nan nan nan
vn nan nan nan
vn nan nan nan
vn nan nan nan
vn nan nan nan
vn nan nan nan
vn nan nan nan
vn nan nan nan
vn nan nan nan
vn nan nan nan
vn nan nan nan
vn nan nan nan
vn nan nan nan
vn nan nan nan
vn nan nan nan
vn nan nan nan
vn nan nan nan
vn nan nan nan
vn nan nan nan
vn 0.000000 -805.781494 -4.366846
vn 0.000000 -805.781494 -4.366846
f 1/1/1 3/3/3 2/2/2
f 2/2/2 3/3/3 4/4/4
f 3/3/3 5/5/5 4/4/4
f 4/4/4 5/5/5 6/6/6
f 5/5/5 7/7/7 6/6/6
f 6/6/6 7/7/7 8/8/8
f 7/7/7 9/9/9 8/8/8
f 8/8/8 9/9/9 10/10/10
f 9/9/9 11/11/11 10/10/10
f 10/10/10 11/11/11 12/12/12
f 11/11/11 13/13/13 12/12/12
f 12/12/12 13/13/13 14/14/14
f 13/13/13 15/15/15 14/14/14
f 14/14/14 15/15/15 16/16/16
f 15/15/15 17/17/17 16/16/16
f 16/16/16 17/17/17 18/18/18
f 17/17/17 19/19/19 18/18/18
f 18/18/18 19/19/19 20/20/20
f 19/19/19 21/21/21 20/20/20
f 20/20/20 21/21/21 22/22/22
f 21/21/21 23/23/23 22/22/22
f 22/22/22 23/23/23 24/24/24
f 23/23/23 25/25/25 24/24/24
f 24/24/24 25/25/25 26/26/26
f 25/25/25 27/27/27 26/26/26
f 26/26/26 27/27/27 28/28/28
f 27/27/27 29/29/29 28/28/28
f 28/28/28 29/29/29 30/30/30
f 29/29/29 31/31/31 30/30/30
f 30/30/30 31/31/31 32/32/32
f 31/31/31 33/33/33 32/32/32
f 32/32/32 33/33/33 34/34/34
f 33/33/33 35/35/35 34/34/34
f 34/34/34 35/35/35 36/36/36
f 35/35/35 37/37/37 36/36/36
f 36/36/36 37/37/37 38/38/38
f 37/37/37 39/39/39 38/38/38
f 38/38/38 39/39/39 40/40/40
f 39/39/39 41/41/41 40/40/40
f 40/40/40 41/41/41 42/42/42
f 41/41/41 43/43/43 42/42/42
f 42/42/42 43/43/43 44/44/44
f 43/43/43 45/45/45 44/44/44
f 44/44/44 45/45/45 46/46/46
f 45/45/45 47/47/47 46/46/46
f 46/46/46 47/47/47 48/48/48
f 47/47/47 49/49/49 48/48/48
f 48/48/48 49/49/49 50/50/50
f 49/49/49 51/51/51 50/50/50
f 50/50/50 51/51/51 52/52/52
f 51/51/51 53/53/53 52/52/52
f 52/52/52 53/53/53 54/54/54
f 53/53/53 55/55/55 54/54/54
f 54/54/54 55/55/55 56/56/56
f 55/55/55 57/57/57 56/56/56
f 56/56/56 57/57/57 58/58/58
f 57/57/57 59/59/59 58/58/58
f 58/58/58 59/59/59 60/60/60
f 59/59/59 61/61/61 60/60/60
f 60/60/60 61/61/61 62/62/62
f 61/61/61 63/63/63 62/62/62
f 62/62/62 63/63/63 64/64/64
f 63/63/63 65/65/65 64/64/64
f 64/64/64 65/65/65 66/66/66
f 65/65/65 67/67/67 66/66/66
f 66/66/66 67/67/67 68/68/68
f 67/67/67 69/69/69 68/68/68
f 68/68/68 69/69/69 70/70/70
f 69/69/69 71/71/71 70/70/70
f 70/70/70 71/71/71 72/72/72
f 71/71/71 73/73/73 72/72/72
f 72/72/72 73/73/73 74/74/74
f 73/73/73 75/75/75 74/74/74
f 74/74/74 75/75/75 76/76/76
f 75/75/75 77/77/77 76/76/76
f 76/76/76 77/77/77 78/78/78
f 77/77/77 79/79/79 78/78/78
f 78/78/78 79/79/79 80/80/80
f 79/79/79 81/81/81 80/80/80
f 80/80/80 81/81/81 82/82/82
f 81/81/81 83/83/83 82/82/82
f 82/82/82 83/83/83 84/84/84
f 83/83/83 85/85/85 84/84/84
f 84/84/84 85/85/85 86/86/86
f 85/85/85 87/87/87 86/86/86
f 86/86/86 87/87/87 88/88/88
f 87/87/87 89/89/89 88/88/88
f 88/88/88 89/89/89 90/90/90
f 89/89/89 91/91/91 90/90/90
f 90/90/90 91/91/91 92/92/92
f 91/91/91 93/93/93 92/92/92
f 92/92/92 93/93/93 94/94/94
f 93/93/93 95/95/95 94/94/94
f 94/94/94 95/95/95 96/96/96
f 95/95/95 97/97/97 96/96/96
f 96/96/96 97/97/97 98/98/98
f 97/97/97 99/99/99 98/98/98
f 98/98/98 99/99/99 100/100/100
f 99/99/99 101/101/101 100/100/100
f 100/100/100 101/101/101 102/102/102
f 101/101/101 103/103/103 102/102/102
f 102/102/102 103/103/103 104/104/104
f 103/103/103 105/105/105 104/104/104
f 104/104/104 105/105/105 106/106/106
f 105/105/105 107/107/107 106/106/106
f 106/106/106 107/107/107 108/108/108
f 107/107/107 109/109/109 108/108/108
f 108/108/108 109/109/109 110/110/110
f 109/109/109 111/111/111 110/110/110
f 110/110/110 111/111/111 112/112/112
f 111/111/111 113/113/113 112/112/112
f 112/112/112 113/113/113 114/114/114
f 113/113/113 115/115/115 114/114/114
f 114/114/114 115/115/115 116/116/116
f 115/115/115 117/117/117 116/116/116
f 116/116/116 117/117/117 118/118/118
f 117/117/117 119/119/119 118/118/118
f 118/118/118 119/119/119 120/120/120
f 119/119/119 121/121/121 120/120/120
f 120/120/120 121/121/121 122/122/122
f 121/121/121 123/123/123 122/122/122
f 122/122/122 123/123/123 124/124/124
f 123/123/123 125/125/125 124/124/124
f 124/124/124 125/125/125 126/126/126
f 125/125/125 127/127/127 126/126/126
f 126/126/126 127/127/127 128/128/128
f 127/127/127 129/129/129 128/128/128
f 128/128/128 129/129/129 130/130/130
f 129/129/129 131/131/131 130/130/130
f 130/130/130 131/131/131 132/132/132
f 131/131/131 133/133/133 132/132/132
f 132/132/132 133/133/133 134/134/134
f 133/133/133 135/135/135 134/134/134
f 134/134/134 135/135/135 136/136/136
f 135/135/135 137/137/137 136/136/136
f 136/136/136 137/137/137 138/138/138
f 137/137/137 139/139/139 138/138/138
f 138/138/138 139/139/139 140/140/140
f 139/139/139 141/141/141 140/140/140
f 140/140/140 141/141/141 142/142/142
f 141/141/141 143/143/143 142/142/142
f 142/142/142 143/143/143 144/144/144
f 143/143/143 145/145/145 144/144/144
f 144/144/144 145/145/145 146/146/146
f 145/145/145 147/147/147 146/146/146
f 146/146/146 147/147/147 148/148/148
f 147/147/147 149/149/149 148/148/148
f 148/148/148 149/149/149 150/150/150
f 149/149/149 151/151/151 150/150/150
f 150/150/150 151/151/151 152/152/152
f 151/151/151 153/153/153 152/152/152
f 152/152/152 153/153/153 154/154/154
f 153/153/153 155/155/155 154/154/154
f 154/154/154 155/155/155 156/156/156
f 155/155/155 157/157/157 156/156/156
f 156/156/156 157/157/157 158/158/158
f 157/157/157 159/159/159 158/158/158
f 158/158/158 159/159/159 160/160/160
f 159/159/159 161/161/161 160/160/160
f 160/160/160 161/161/161 162/162/162
f 161/161/161 163/163/163 162/162/162
f 162/162/162 163/163/163 164/164/164
f 163/163/163 165/165/165 164/164/164
f 164/164/164 165/165/165 166/166/166
f 165/165/165 167/167/167 166/166/166
f 166/166/166 167/167/167 168/168/168
f 167/167/167 169/169/169 168/168/168
f 168/168/168 169/169/169 170/170/170
f 169/169/169 171/171/171 170/170/170
f 170/170/170 171/171/171 172/172/172
f 171/171/171 173/173/173 172/172/172
f 172/172/172 173/173/173 174/174/174
f 173/173/173 175/175/175 174/174/174
f 174/174/174 175/175/175 176/176/176
f 175/175/175 177/177/177 176/176/176
f 176/176/176 177/177/177 178/178/178
f 177/177/177 179/179/179 178/178/178
f 178/178/178 179/179/179 180/180/180
f 179/179/179 181/181/181 180/180/180
f 180/180/180 181/181/181 182/182/182
f 181/181/181 183/183/183 182/182/182
f 182/182/182 183/183/183 184/184/184
f 183/183/183 185/185/185 184/184/184
f 184/184/184 185/185/185 186/186/186
f 185/185/185 187/187/187 186/186/186
f 186/186/186 187/187/187 188/188/188
f 187/187/187 189/189/189 188/188/188
f 188/188/188 189/189/189 190/190/190
f 189/189/189 191/191/191 190/190/190
f 190/190/190 191/191/191 192/192/192
f 191/191/191 193/193/193 192/192/192
f 192/192/192 193/193/193 194/194/194
f 193/193/193 195/195/195 194/194/194
f 194/194/194 195/195/195 196/196/196
f 195/195/195 197/197/197 196/196/196
f 196/196/196 197/197/197 198/198/198
f 197/197/197 199/199/199 198/198/198
f 198/198/198 199/199/199 200/200/200
f 199/199/199 201/201/201 200/200/200
f 200/200/200 201/201/201 202/202/202
f 201/201/201 203/203/203 202/202/202
f 202/202/202 203/203/203 204/204/204
f 203/203/203 205/205/205 204/204/204
f 204/204/204 205/205/205 206/206/206
f 205/205/205 207/207/207 206/206/206
f 206/206/206 207/207/207 208/208/208
f 207/207/207 209/209/209 208/208/208
f 208/208/208 209/209/209 210/210/210
f 209/209/209 211/211/211 210/210/210
f 210/210/210 211/211/211 212/212/212
f 211/211/211 213/213/213 212/212/212
f 212/212/212 213/213/213 214/214/214
f 213/213/213 215/215/215 214/214/214
f 214/214/214 215/215/215 216/216/216
f 215/215/215 217/217/217 216/216/216
f 216/216/216 217/217/217 218/218/218
f 217/217/217 219/219/219 218/218/218
f 218/218/218 219/219/219 220/220/220
f 219/219/219 221/221/221 220/220/220
f 220/220/220 221/221/221 222/222/222
f 221/221/221 223/223/223 222/222/222
f 222/222/222 223/223/223 224/224/224
f 223/223/223 225/225/225 224/224/224
f 224/224/224 225/225/225 226/226/226
f 225/225/225 227/227/227 226/226/226
f 226/226/226 227/227/227 228/228/228
f 227/227/227 229/229/229 228/228/228
f 228/228/228 229/229/229 230/230/230
f 229/229/229 231/231/231 230/230/230
f 230/230/230 231/231/231 232/232/232
f 231/231/231 233/233/233 232/232/232
f 232/232/232 233/233/233 234/234/234
f 233/233/233 235/235/235 234/234/234
f 234/234/234 235/235/235 236/236/236
f 235/235/235 237/237/237 236/236/236
f 236/236/236 237/237/237 238/238/238
f 237/237/237 239/239/239 238/238/238
f 238/238/238 239/239/239 240/240/240
f 239/239/239 241/241/241 240/240/240
f 240/240/240 241/241/241 242/242/242
f 241/241/241 243/243/243 242/242/242
f 242/242/242 243/243/243 244/244/244
f 243/243/243 245/245/245 244/244/244
f 244/244/244 245/245/245 246/246/246
f 245/245/245 247/247/247 246/246/246
f 246/246/246 247/247/247 248/248/248
f 247/247/247 249/249/249 248/248/248
f 248/248/248 249/249/249 250/250/250
f 249/249/249 251/251/251 250/250/250
f 250/250/250 251/251/251 252/252/252
f 251/251/251 253/253/253 252/252/252
f 252/252/252 253/253/253 254/254/254
f 253/253/253 255/255/255 254/254/254
f 254/254/254 255/255/255 256/256/256
f 255/255/255 257/257/257 256/256/256
f 256/256/256 257/257/257 258/258/258
f 257/257/257 259/259/259 258/258/258
f 258/258/258 259/259/259 260/260/260
f 259/259/259 261/261/261 260/260/260
f 260/260/260 261/261/261 262/262/262
f 261/261/261 263/263/263 262/262/262
f 262/262/262 263/263/263 264/264/264
f 263/263/263 265/265/265 264/264/264
f 264/264/264 265/265/265 266/266/266
f 265/265/265 267/267/267 266/266/266
f 266/266/266 267/267/267 268/268/268
f 267/267/267 269/269/269 268/268/268
f 268/268/268 269/269/269 270/270/270
f 269/269/269 271/271/271 270/270/270
f 270/270/270 271/271/271 272/272/272
f 271/271/271 273/273/273 272/272/272
f 272/272/272 273/273/273 274/274/274
f 273/273/273 275/275/275 274/274/274
f 274/274/274 275/275/275 276/276/276
f 275/275/275 277/277/277 276/276/276
f 276/276/276 277/277/277 278/278/278
f 277/277/277 279/279/279 278/278/278
f 278/278/278 279/279/279 280/280/280
f 279/279/279 281/281/281 280/280/280
f 280/280/280 281/281/281 282/282/282
f 281/281/281 283/283/283 282/282/282
f 282/282/282 283/283/283 284/284/284
f 283/283/283 285/285/285 284/284/284
f 284/284/284 285/285/285 286/286/286
f 285/285/285 287/287/287 286/286/286
f 286/286/286 287/287/287 288/288/288
f 287/287/287 289/289/289 288/288/288
f 288/288/288 289/289/289 290/290/290
f 289/289/289 291/291/291 290/290/290
f 290/290/290 291/291/291 292/292/292
f 291/291/291 293/293/293 292/292/292
f 292/292/292 293/293/293 294/294/294
f 293/293/293 295/295/295 294/294/294
f 294/294/294 295/295/295 296/296/296
f 295/295/295 297/297/297 296/296/296
f 296/296/296 297/297/297 298/298/298
f 297/297/297 299/299/299 298/298/298
f 298/298/298 299/299/299 300/300/300
f 299/299/299 301/301/301 300/300/300
f 300/300/300 301/301/301 302/302/302
f 301/301/301 303/303/303 302/302/302
f 302/302/302 303/303/303 304/304/304
f 303/303/303 305/305/305 304/304/304
f 304/304/304 305/305/305 306/306/306
f 305/305/305 307/307/307 306/306/306
f 306/306/306 307/307/307 308/308/308
f 307/307/307 309/309/309 308/308/308
f 308/308/308 309/309/309 310/310/310
f 309/309/309 311/311/311 310/310/310
f 310/310/310 311/311/311 312/312/312
f 311/311/311 313/313/313 312/312/312
f 312/312/312 313/313/313 314/314/314
f 313/313/313 315/315/315 314/314/314
f 314/314/314 315/315/315 316/316/316
f 315/315/315 317/317/317 316/316/316
f 316/316/316 317/317/317 318/318/318
f 317/317/317 319/319/319 318/318/318
f 318/318/318 319/319/319 320/320/320
f 319/319/319 321/321/321 320/320/320
f 320/320/320 321/321/321 322/322/322
f 321/321/321 323/323/323 322/322/322
f 322/322/322 323/323/323 324/324/324
f 323/323/323 325/325/325 324/324/324
f 324/324/324 325/325/325 326/326/326
f 325/325/325 327/327/327 326/326/326
f 326/326/326 327/327/327 328/328/328
f 327/327/327 329/329/329 328/328/328
f 328/328/328 329/329/329 330/330/330
f 329/329/329 331/331/331 330/330/330
f 330/330/330 331/331/331 332/332/332
f 331/331/331 333/333/333 332/332/332
f 332/332/332 333/333/333 334/334/334
f 333/333/333 335/335/335 334/334/334
f 334/334/334 335/335/335 336/336/336
f 335/335/335 337/337/337 336/336/336
f 336/336/336 337/337/337 338/338/338
f 337/337/337 339/339/339 338/338/338
f 338/338/338 339/339/339 340/340/340
f 339/339/339 341/341/341 340/340/340
f 340/340/340 341/341/341 342/342/342
f 341/341/341 343/343/343 342/342/342
f 342/342/342 343/343/343 344/344/344
f 343/343/343 345/345/345 344/344/344
f 344/344/344 345/345/345 346/346/346
f 345/345/345 347/347/347 346/346/346
f 346/346/346 347/347/347 348/348/348
f 347/347/347 349/349/349 348/348/348
f 348/348/348 349/349/349 350/350/350
f 349/349/349 351/351/351 350/350/350
f 350/350/350 351/351/351 352/352/352
f 351/351/351 353/353/353 352/352/352
f 352/352/352 353/353/353 354/354/354
f 353/353/353 355/355/355 354/354/354
f 354/354/354 355/355/355 356/356/356
f 355/355/355 357/357/357 356/356/356
f 356/356/356 357/357/357 358/358/358
f 357/357/357 359/359/359 358/358/358
f 358/358/358 359/359/359 360/360/360
f 359/359/359 361/361/361 360/360/360
f 360/360/360 361/361/361 362/362/362
f 361/361/361 363/363/363 362/362/362
f 362/362/362 363/363/363 364/364/364
f 363/363/363 365/365/365 364/364/364
f 364/364/364 365/365/365 366/366/366
f 365/365/365 367/367/367 366/366/366
f 366/366/366 367/367/367 368/368/368
f 367/367/367 369/369/369 368/368/368
f 368/368/368 369/369/369 370/370/370
f 369/369/369 371/371/371 370/370/370
f 370/370/370 371/371/371 372/372/372
f 371/371/371 373/373/373 372/372/372
f 372/372/372 373/373/373 374/374/374
f 373/373/373 375/375/375 374/374/374
f 374/374/374 375/375/375 376/376/376
f 375/375/375 377/377/377 376/376/376
f 376/376/376 377/377/377 378/378/378
f 377/377/377 379/379/379 378/378/378
f 378/378/378 379/379/379 380/380/380
f 379/379/379 381/381/381 380/380/380
f 380/380/380 381/381/381 382/382/382
f 381/381/381 383/383/383 382/382/382
f 382/382/382 383/383/383 384/384/384
f 383/383/383 385/385/385 384/384/384
f 384/384/384 385/385/385 386/386/386
f 385/385/385 387/387/387 386/386/386
f 386/386/386 387/387/387 388/388/388
f 387/387/387 389/389/389 388/388/388
f 388/388/388 389/389/389 390/390/390
f 389/389/389 391/391/391 390/390/390
f 390/390/390 391/391/391 392/392/392
f 391/391/391 393/393/393 392/392/392
f 392/392/392 393/393/393 394/394/394
f 393/393/393 395/395/395 394/394/394
f 394/394/394 395/395/395 396/396/396
f 395/395/395 397/397/397 396/396/396
f 396/396/396 397/397/397 398/398/398
f 397/397/397 399/399/399 398/398/398
f 398/398/398 399/399/399 400/400/400
f 399/399/399 401/401/401 400/400/400
f 400/400/400 401/401/401 402/402/402
f 401/401/401 403/403/403 402/402/402
f 402/402/402 403/403/403 404/404/404
f 403/403/403 405/405/405 404/404/404
f 404/404/404 405/405/405 406/406/406
f 405/405/405 407/407/407 406/406/406
f 406/406/406 407/407/407 408/408/408
f 407/407/407 409/409/409 408/408/408
f 408/408/408 409/409/409 410/410/410
f 409/409/409 411/411/411 410/410/410
f 410/410/410 411/411/411 412/412/412
f 411/411/411 413/413/413 412/412/412
f 412/412/412 413/413/413 414/414/414
f 413/413/413 415/415/415 414/414/414
f 414/414/414 415/415/415 416/416/416
f 415/415/415 417/417/417 416/416/416
f 416/416/416 417/417/417 418/418/418
f 417/417/417 419/419/419 418/418/418
f 418/418/418 419/419/419 420/420/420
f 419/419/419 421/421/421 420/420/420
f 420/420/420 421/421/421 422/422/422
f 421/421/421 423/423/423 422/422/422
f 422/422/422 423/423/423 424/424/424
f 423/423/423 425/425/425 424/424/424
f 424/424/424 425/425/425 426/426/426
f 425/425/425 427/427/427 426/426/426
f 426/426/426 427/427/427 428/428/428
f 427/427/427 429/429/429 428/428/428
f 428/428/428 429/429/429 430/430/430
f 429/429/429 431/431/431 430/430/430
f 430/430/430 431/431/431 432/432/432
f 431/431/431 433/433/433 432/432/432
f 432/432/432 433/433/433 434/434/434
f 433/433/433 435/435/435 434/434/434
f 434/434/434 435/435/435 436/436/436
f 435/435/435 437/437/437 436/436/436
f 436/436/436 437/437/437 438/438/438
f 437/437/437 439/439/439 438/438/438
f 438/438/438 439/439/439 440/440/440
f 439/439/439 441/441/441 440/440/440
f 440/440/440 441/441/441 442/442/442
f 441/441/441 443/443/443 442/442/442
f 442/442/442 443/443/443 444/444/444
f 443/443/443 445/445/445 444/444/444
f 444/444/444 445/445/445 446/446/446
f 445/445/445 447/447/447 446/446/446
f 446/446/446 447/447/447 448/448/448
f 447/447/447 449/449/449 448/448/448
f 448/448/448 449/449/449 450/450/450
f 449/449/449 451/451/451 450/450/450
f 450/450/450 451/451/451 452/452/452
f 451/451/451 453/453/453 452/452/452
f 452/452/452 453/453/453 454/454/454
f 453/453/453 455/455/455 454/454/454
f 454/454/454 455/455/455 456/456/456
f 455/455/455 457/457/457 456/456/456
f 456/456/456 457/457/457 458/458/458
f 457/457/457 459/459/459 458/458/458
f 458/458/458 459/459/459 460/460/460
f 459/459/459 461/461/461 460/460/460
f 460/460/460 461/461/461 462/462/462
f 461/461/461 463/463/463 462/462/462
f 462/462/462 463/463/463 464/464/464
f 463/463/463 465/465/465 464/464/464
f 464/464/464 465/465/465 466/466/466
f 465/465/465 467/467/467 466/466/466
f 466/466/466 467/467/467 468/468/468
f 467/467/467 469/469/469 468/468/468
f 468/468/468 469/469/469 470/470/470
f 469/469/469 471/471/471 470/470/470
f 470/470/470 471/471/471 472/472/472
f 471/471/471 473/473/473 472/472/472
f 472/472/472 473/473/473 474/474/474
f 473/473/473 475/475/475 474/474/474
f 474/474/474 475/475/475 476/476/476
f 475/475/475 477/477/477 476/476/476
f 476/476/476 477/477/477 478/478/478
f 477/477/477 479/479/479 478/478/478
f 478/478/478 479/479/479 480/480/480
f 479/479/479 481/481/481 480/480/480
f 480/480/480 481/481/481 482/482/482
f 481/481/481 483/483/483 482/482/482
f 482/482/482 483/483/483 484/484/484
f 483/483/483 485/485/485 484/484/484
f 484/484/484 485/485/485 486/486/486
f 485/485/485 487/487/487 486/486/486
f 486/486/486 487/487/487 488/488/488
f 487/487/487 489/489/489 488/488/488
f 488/488/488 489/489/489 490/490/490
f 489/489/489 491/491/491 490/490/490
f 490/490/490 491/491/491 492/492/492
f 491/491/491 493/493/493 492/492/492
f 492/492/492 493/493/493 494/494/494
f 493/493/493 495/495/495 494/494/494
f 494/494/494 495/495/495 496/496/496
f 495/495/495 497/497/497 496/496/496
f 496/496/496 497/497/497 498/498/498
f 497/497/497 499/499/499 498/498/498
f 498/498/498 499/499/499 500/500/500
f 499/499/499 501/501/501 500/500/500
f 500/500/500 501/501/501 502/502/502
f 501/501/501 503/503/503 502/502/502
f 502/502/502 503/503/503 504/504/504
f 503/503/503 505/505/505 504/504/504
f 504/504/504 505/505/505 506/506/506
f 505/505/505 507/507/507 506/506/506
f 506/506/506 507/507/507 508/508/508
f 507/507/507 509/509/509 508/508/508
f 508/508/508 509/509/509 510/510/510
f 509/509/509 511/511/511 510/510/510
f 510/510/510 511/511/511 512/512/512
f 511/511/511 513/513/513 512/512/512
f 512/512/512 513/513/513 514/514/514
f 513/513/513 515/515/515 514/514/514
f 514/514/514 515/515/515 516/516/516
f 515/515/515 517/517/517 516/516/516
f 516/516/516 517/517/517 518/518/518
f 517/517/517 519/519/519 518/518/518
f 518/518/518 519/519/519 520/520/520
f 519/519/519 521/521/521 520/520/520
f 520/520/520 521/521/521 522/522/522
f 521/521/521 523/523/523 522/522/522
f 522/522/522 523/523/523 524/524/524
f 523/523/523 525/525/525 524/524/524
f 524/524/524 525/525/525 526/526/526
f 525/525/525 527/527/527 526/526/526
f 526/526/526 527/527/527 528/528/528
f 527/527/527 529/529/529 528/528/528
f 528/528/528 529/529/529 530/530/530
f 529/529/529 531/531/531 530/530/530
f 530/530/530 531/531/531 532/532/532
f 531/531/531 533/533/533 532/532/532
f 532/532/532 533/533/533 534/534/534
f 533/533/533 535/535/535 534/534/534
f 534/534/534 535/535/535 536/536/536
f 535/535/535 537/537/537 536/536/536
f 536/536/536 537/537/537 538/538/538
f 537/537/537 539/539/539 538/538/538
f 538/538/538 539/539/539 540/540/540
f 539/539/539 541/541/541 540/540/540
f 540/540/540 541/541/541 542/542/542
f 541/541/541 543/543/543 542/542/542
f 542/542/542 543/543/543 544/544/544
f 543/543/543 545/545/545 544/544/544
f 544/544/544 545/545/545 546/546/546
f 545/545/545 547/547/547 546/546/546
f 546/546/546 547/547/547 548/548/548
f 547/547/547 549/549/549 548/548/548
f 548/548/548 549/549/549 550/550/550
f 549/549/549 551/551/551 550/550/550
f 550/550/550 551/551/551 552/552/552
f 551/551/551 553/553/553 552/552/552
f 552/552/552 553/553/553 554/554/554
f 553/553/553 555/555/555 554/554/554
f 554/554/554 555/555/555 556/556/556
f 555/555/555 557/557/557 556/556/556
f 556/556/556 557/557/557 558/558/558
f 557/557/557 559/559/559 558/558/558
f 558/558/558 559/559/559 560/560/560
f 559/559/559 561/561/561 560/560/560
f 560/560/560 561/561/561 562/562/562
f 561/561/561 563/563/563 562/562/562
f 562/562/562 563/563/563 564/564/564
f 563/563/563 565/565/565 564/564/564
f 564/564/564 565/565/565 566/566/566
f 565/565/565 567/567/567 566/566/566
f 566/566/566 567/567/567 568/568/568
f 567/567/567 569/569/569 568/568/568
f 568/568/568 569/569/569 570/570/570
f 569/569/569 571/571/571 570/570/570
f 570/570/570 571/571/571 572/572/572
f 571/571/571 573/573/573 572/572/572
f 572/572/572 573/573/573 574/574/574
f 573/573/573 575/575/575 574/574/574
f 574/574/574 575/575/575 576/576/576
f 575/575/575 577/577/577 576/576/576
f 576/576/576 577/577/577 578/578/578
f 577/577/577 579/579/579 578/578/578
f 578/578/578 579/579/579 580/580/580
f 579/579/579 581/581/581 580/580/580
f 580/580/580 581/581/581 582/582/582
f 581/581/581 583/583/583 582/582/582
f 582/582/582 583/583/583 584/584/584
f 583/583/583 585/585/585 584/584/584
f 584/584/584 585/585/585 586/586/586
f 585/585/585 587/587/587 586/586/586
f 586/586/586 587/587/587 588/588/588
f 587/587/587 589/589/589 588/588/588
f 588/588/588 589/589/589 590/590/590
f 589/589/589 591/591/591 590/590/590
f 590/590/590 591/591/591 592/592/592
f 591/591/591 593/593/593 592/592/592
f 592/592/592 593/593/593 594/594/594
f 593/593/593 595/595/595 594/594/594
f 594/594/594 595/595/595 596/596/596
f 595/595/595 597/597/597 596/596/596
f 596/596/596 597/597/597 598/598/598
f 597/597/597 599/599/599 598/598/598
f 598/598/598 599/599/599 600/600/600
f 599/599/599 601/601/601 600/600/600
f 600/600/600 601/601/601 602/602/602
f 601/601/601 603/603/603 602/602/602
f 602/602/602 603/603/603 604/604/604
f 603/603/603 605/605/605 604/604/604
f 604/604/604 605/605/605 606/606/606
f 605/605/605 607/607/607 606/606/606
f 606/606/606 607/607/607 608/608/608
f 607/607/607 609/609/609 608/608/608
f 608/608/608 609/609/609 610/610/610
f 609/609/609 611/611/611 610/610/610
f 610/610/610 611/611/611 612/612/612
f 611/611/611 613/613/613 612/612/612
f 612/612/612 613/613/613 614/614/614
f 613/613/613 615/615/615 614/614/614
f 614/614/614 615/615/615 616/616/616
f 615/615/615 617/617/617 616/616/616
f 616/616/616 617/617/617 618/618/618
f 617/617/617 619/619/619 618/618/618
f 618/618/618 619/619/619 620/620/620
f 619/619/619 621/621/621 620/620/620
f 620/620/620 621/621/621 622/622/622
f 621/621/621 623/623/623 622/622/622
f 622/622/622 623/623/623 624/624/624
f 623/623/623 625/625/625 624/624/624
f 624/624/624 625/625/625 626/626/626
f 625/625/625 627/627/627 626/626/626
f 626/626/626 627/627/627 628/628/628
f 627/627/627 629/629/629 628/628/628
f 628/628/628 629/629/629 630/630/630
f 629/629/629 631/631/631 630/630/630
f 630/630/630 631/631/631 632/632/632
f 631/631/631 633/633/633 632/632/632
f 632/632/632 633/633/633 634/634/634
f 633/633/633 635/635/635 634/634/634
f 634/634/634 635/635/635 636/636/636
f 635/635/635 637/637/637 636/636/636
f 636/636/636 637/637/637 638/638/638
f 637/637/637 639/639/639 638/638/638
f 638/638/638 639/639/639 640/640/640
f 639/639/639 641/641/641 640/640/640
f 640/640/640 641/641/641 642/642/642
f 641/641/641 643/643/643 642/642/642
f 642/642/642 643/643/643 644/644/644
f 643/643/643 645/645/645 644/644/644
f 644/644/644 645/645/645 646/646/646
f 645/645/645 647/647/647 646/646/646
f 646/646/646 647/647/647 648/648/648
f 647/647/647 649/649/649 648/648/648
f 648/648/648 649/649/649 650/650/650
f 649/649/649 651/651/651 650/650/650
f 650/650/650 651/651/651 652/652/652
f 651/651/651 653/653/653 652/652/652
f 652/652/652 653/653/653 654/654/654
f 653/653/653 655/655/655 654/654/654
f 654/654/654 655/655/655 656/656/656
f 655/655/655 657/657/657 656/656/656
f 656/656/656 657/657/657 658/658/658
f 657/657/657 659/659/659 658/658/658
f 658/658/658 659/659/659 660/660/660
f 659/659/659 661/661/661 660/660/660
f 660/660/660 661/661/661 662/662/662
f 661/661/661 663/663/663 662/662/662
f 662/662/662 663/663/663 664/664/664
f 663/663/663 665/665/665 664/664/664
f 664/664/664 665/665/665 666/666/666
f 665/665/665 667/667/667 666/666/666
f 666/666/666 667/667/667 668/668/668
f 667/667/667 669/669/669 668/668/668
f 668/668/668 669/669/669 670/670/670
f 669/669/669 671/671/671 670/670/670
f 670/670/670 671/671/671 672/672/672
f 671/671/671 673/673/673 672/672/672
f 672/672/672 673/673/673 674/674/674
f 673/673/673 675/675/675 674/674/674
f 674/674/674 675/675/675 676/676/676
f 675/675/675 677/677/677 676/676/676
f 676/676/676 677/677/677 678/678/678
f 677/677/677 679/679/679 678/678/678
f 678/678/678 679/679/679 680/680/680
f 679/679/679 681/681/681 680/680/680
f 680/680/680 681/681/681 682/682/682
f 681/681/681 683/683/683 682/682/682
f 682/682/682 683/683/683 684/684/684
f 683/683/683 685/685/685 684/684/684
f 684/684/684 685/685/685 686/686/686
f 685/685/685 687/687/687 686/686/686
f 686/686/686 687/687/687 688/688/688
f 687/687/687 689/689/689 688/688/688
f 688/688/688 689/689/689 690/690/690
f 689/689/689 691/691/691 690/690/690
f 690/690/690 691/691/691 692/692/692
f 691/691/691 693/693/693 692/692/692
f 692/692/692 693/693/693 694/694/694
f 693/693/693 695/695/695 694/694/694
f 694/694/694 695/695/695 696/696/696
f 695/695/695 697/697/697 696/696/696
f 696/696/696 697/697/697 698/698/698
f 697/697/697 699/699/699 698/698/698
f 698/698/698 699/699/699 700/700/700
f 699/699/699 701/701/701 700/700/700
f 700/700/700 701/701/701 702/702/702
f 701/701/701 703/703/703 702/702/702
f 702/702/702 703/703/703 704/704/704
f 703/703/703 705/705/705 704/704/704
f 704/704/704 705/705/705 706/706/706
f 705/705/705 707/707/707 706/706/706
f 706/706/706 707/707/707 708/708/708
f 707/707/707 709/709/709 708/708/708
f 708/708/708 709/709/709 710/710/710
f 709/709/709 711/711/711 710/710/710
f 710/710/710 711/711/711 712/712/712
f 711/711/711 713/713/713 712/712/712
f 712/712/712 713/713/713 714/714/714
f 713/713/713 715/715/715 714/714/714
f 714/714/714 715/715/715 716/716/716
f 715/715/715 717/717/717 716/716/716
f 716/716/716 717/717/717 718/718/718
f 717/717/717 719/719/719 718/718/718
f 718/718/718 719/719/719 720/720/720
f 719/719/719 721/721/721 720/720/720
f 720/720/720 721/721/721 722/722/722
f 721/721/721 723/723/723 722/722/722
f 722/722/722 723/723/723 724/724/724
f 723/723/723 725/725/725 724/724/724
f 724/724/724 725/725/725 726/726/726
f 725/725/725 727/727/727 726/726/726
f 726/726/726 727/727/727 728/728/728
f 727/727/727 729/729/729 728/728/728
f 728/728/728 729/729/729 730/730/730
f 729/729/729 731/731/731 730/730/730
f 730/730/730 731/731/731 732/732/732
f 731/731/731 733/733/733 732/732/732
f 732/732/732 733/733/733 734/734/734
f 733/733/733 735/735/735 734/734/734
f 734/734/734 735/735/735 736/736/736
f 735/735/735 737/737/737 736/736/736
f 736/736/736 737/737/737 738/738/738
f 737/737/737 739/739/739 738/738/738
f 738/738/738 739/739/739 740/740/740
f 739/739/739 741/741/741 740/740/740
f 740/740/740 741/741/741 742/742/742
f 741/741/741 743/743/743 742/742/742
f 742/742/742 743/743/743 744/744/744
f 743/743/743 745/745/745 744/744/744
f 744/744/744 745/745/745 746/746/746
f 745/745/745 747/747/747 746/746/746
f 746/746/746 747/747/747 748/748/748
f 747/747/747 749/749/749 748/748/748
f 748/748/748 749/749/749 750/750/750
f 749/749/749 751/751/751 750/750/750
f 750/750/750 751/751/751 752/752/752
f 751/751/751 753/753/753 752/752/752
f 752/752/752 753/753/753 754/754/754
f 753/753/753 755/755/755 754/754/754
f 754/754/754 755/755/755 756/756/756
f 755/755/755 757/757/757 756/756/756
f 756/756/756 757/757/757 758/758/758
f 757/757/757 759/759/759 758/758/758
f 758/758/758 759/759/759 760/760/760
f 759/759/759 761/761/761 760/760/760
f 760/760/760 761/761/761 762/762/762
f 761/761/761 763/763/763 762/762/762
f 762/762/762 763/763/763 764/764/764
f 763/763/763 765/765/765 764/764/764
f 764/764/764 765/765/765 766/766/766
f 765/765/765 767/767/767 766/766/766
f 766/766/766 767/767/767 768/768/768
f 767/767/767 769/769/769 768/768/768
f 768/768/768 769/769/769 770/770/770
f 769/769/769 771/771/771 770/770/770
f 770/770/770 771/771/771 772/772/772
f 771/771/771 773/773/773 772/772/772
f 772/772/772 773/773/773 774/774/774
f 773/773/773 775/775/775 774/774/774
f 774/774/774 775/775/775 776/776/776
f 775/775/775 777/777/777 776/776/776
f 776/776/776 777/777/777 778/778/778
f 777/777/777 779/779/779 778/778/778
f 778/778/778 779/779/779 780/780/780
f 779/779/779 781/781/781 780/780/780
f 780/780/780 781/781/781 782/782/782
f 781/781/781 783/783/783 782/782/782
f 782/782/782 783/783/783 784/784/784
f 783/783/783 785/785/785 784/784/784
f 784/784/784 785/785/785 786/786/786
f 785/785/785 787/787/787 786/786/786
f 786/786/786 787/787/787 788/788/788
f 787/787/787 789/789/789 788/788/788
f 788/788/788 789/789/789 790/790/790
f 789/789/789 791/791/791 790/790/790
f 790/790/790 791/791/791 792/792/792
f 791/791/791 793/793/793 792/792/792
f 792/792/792 793/793/793 794/794/794
f 793/793/793 795/795/795 794/794/794
f 794/794/794 795/795/795 796/796/796
f 795/795/795 797/797/797 796/796/796
f 796/796/796 797/797/797 798/798/798
f 797/797/797 799/799/799 798/798/798
f 798/798/798 799/799/799 800/800/800
f 799/799/799 801/801/801 800/800/800
f 800/800/800 801/801/801 802/802/802
f 801/801/801 803/803/803 802/802/802
f 802/802/802 803/803/803 804/804/804
f 803/803/803 805/805/805 804/804/804
f 804/804/804 805/805/805 806/806/806
f 805/805/805 807/807/807 806/806/806
f 806/806/806 807/807/807 808/808/808
f 807/807/807 809/809/809 808/808/808
f 808/808/808 809/809/809 810/810/810
f 809/809/809 811/811/811 810/810/810
f 810/810/810 811/811/811 812/812/812
f 811/811/811 813/813/813 812/812/812
f 812/812/812 813/813/813 814/814/814
f 813/813/813 815/815/815 814/814/814
f 814/814/814 815/815/815 816/816/816
f 815/815/815 817/817/817 816/816/816
f 816/816/816 817/817/817 818/818/818
f 817/817/817 819/819/819 818/818/818
f 818/818/818 819/819/819 820/820/820
f 819/819/819 821/821/821 820/820/820
f 820/820/820 821/821/821 822/822/822
f 821/821/821 823/823/823 822/822/822
f 822/822/822 823/823/823 824/824/824
f 823/823/823 825/825/825 824/824/824
f 824/824/824 825/825/825 826/826/826
f 825/825/825 827/827/827 826/826/826
f 826/826/826 827/827/827 828/828/828
f 827/827/827 829/829/829 828/828/828
f 828/828/828 829/829/829 830/830/830
f 829/829/829 831/831/831 830/830/830
f 830/830/830 831/831/831 832/832/832
f 831/831/831 833/833/833 832/832/832
f 832/832/832 833/833/833 834/834/834
f 833/833/833 835/835/835 834/834/834
f 834/834/834 835/835/835 836/836/836
f 835/835/835 837/837/837 836/836/836
f 836/836/836 837/837/837 838/838/838
f 837/837/837 839/839/839 838/838/838
f 838/838/838 839/839/839 840/840/840
f 839/839/839 841/841/841 840/840/840
f 840/840/840 841/841/841 842/842/842
f 841/841/841 843/843/843 842/842/842
f 842/842/842 843/843/843 844/844/844
f 843/843/843 845/845/845 844/844/844
f 844/844/844 845/845/845 846/846/846
f 845/845/845 847/847/847 846/846/846
f 846/846/846 847/847/847 848/848/848
f 847/847/847 849/849/849 848/848/848
f 848/848/848 849/849/849 850/850/850
f 849/849/849 851/851/851 850/850/850
f 850/850/850 851/851/851 852/852/852
f 851/851/851 853/853/853 852/852/852
f 852/852/852 853/853/853 854/854/854
f 853/853/853 855/855/855 854/854/854
f 854/854/854 855/855/855 856/856/856
f 855/855/855 857/857/857 856/856/856
f 856/856/856 857/857/857 858/858/858
f 857/857/857 859/859/859 858/858/858
f 858/858/858 859/859/859 860/860/860
f 859/859/859 861/861/861 860/860/860
f 860/860/860 861/861/861 862/862/862
f 861/861/861 863/863/863 862/862/862
f 862/862/862 863/863/863 864/864/864
f 863/863/863 865/865/865 864/864/864
f 864/864/864 865/865/865 866/866/866
f 865/865/865 867/867/867 866/866/866
f 866/866/866 867/867/867 868/868/868
f 867/867/867 869/869/869 868/868/868
f 868/868/868 869/869/869 870/870/870
f 869/869/869 871/871/871 870/870/870
f 870/870/870 871/871/871 872/872/872
f 871/871/871 873/873/873 872/872/872
f 872/872/872 873/873/873 874/874/874
f 873/873/873 875/875/875 874/874/874
f 874/874/874 875/875/875 876/876/876
f 875/875/875 877/877/877 876/876/876
f 876/876/876 877/877/877 878/878/878
f 877/877/877 879/879/879 878/878/878
f 878/878/878 879/879/879 880/880/880
f 879/879/879 881/881/881 880/880/880
f 880/880/880 881/881/881 882/882/882
f 881/881/881 883/883/883 882/882/882
f 882/882/882 883/883/883 884/884/884
f 883/883/883 885/885/885 884/884/884
f 884/884/884 885/885/885 886/886/886
f 885/885/885 887/887/887 886/886/886
f 886/886/886 887/887/887 888/888/888
f 887/887/887 889/889/889 888/888/888
f 888/888/888 889/889/889 890/890/890
f 889/889/889 891/891/891 890/890/890
f 890/890/890 891/891/891 892/892/892
f 891/891/891 893/893/893 892/892/892
f 892/892/892 893/893/893 894/894/894
f 893/893/893 895/895/895 894/894/894
f 894/894/894 895/895/895 896/896/896
f 895/895/895 897/897/897 896/896/896
f 896/896/896 897/897/897 898/898/898
f 897/897/897 899/899/899 898/898/898
f 898/898/898 899/899/899 900/900/900
f 899/899/899 901/901/901 900/900/900
f 900/900/900 901/901/901 902/902/902
f 901/901/901 903/903/903 902/902/902
f 902/902/902 903/903/903 904/904/904
f 903/903/903 905/905/905 904/904/904
f 904/904/904 905/905/905 906/906/906
f 905/905/905 907/907/907 906/906/906
f 906/906/906 907/907/907 908/908/908
f 907/907/907 909/909/909 908/908/908
f 908/908/908 909/909/909 910/910/910
f 909/909/909 911/911/911 910/910/910
f 910/910/910 911/911/911 912/912/912
f 911/911/911 913/913/913 912/912/912
f 912/912/912 913/913/913 914/914/914
f 913/913/913 915/915/915 914/914/914
f 914/914/914 915/915/915 916/916/916
f 915/915/915 917/917/917 916/916/916
f 916/916/916 917/917/917 918/918/918
f 917/917/917 919/919/919 918/918/918
f 918/918/918 919/919/919 920/920/920
f 919/919/919 921/921/921 920/920/920
f 920/920/920 921/921/921 922/922/922
f 921/921/921 923/923/923 922/922/922
f 922/922/922 923/923/923 924/924/924
f 923/923/923 925/925/925 924/924/924
f 924/924/924 925/925/925 926/926/926
f 925/925/925 927/927/927 926/926/926
f 926/926/926 927/927/927 928/928/928
f 927/927/927 929/929/929 928/928/928
f 928/928/928 929/929/929 930/930/930
f 929/929/929 931/931/931 930/930/930
f 930/930/930 931/931/931 932/932/932
f 931/931/931 933/933/933 932/932/932
f 932/932/932 933/933/933 934/934/934
f 933/933/933 935/935/935 934/934/934
f 934/934/934 935/935/935 936/936/936
f 935/935/935 937/937/937 936/936/936
f 936/936/936 937/937/937 938/938/938
f 937/937/937 939/939/939 938/938/938
f 938/938/938 939/939/939 940/940/940
f 939/939/939 941/941/941 940/940/940
f 940/940/940 941/941/941 942/942/942
f 941/941/941 943/943/943 942/942/942
f 942/942/942 943/943/943 944/944/944
f 943/943/943 945/945/945 944/944/944
f 944/944/944 945/945/945 946/946/946
f 945/945/945 947/947/947 946/946/946
f 946/946/946 947/947/947 948/948/948
f 947/947/947 949/949/949 948/948/948
f 948/948/948 949/949/949 950/950/950
f 949/949/949 951/951/951 950/950/950
f 950/950/950 951/951/951 952/952/952
f 951/951/951 953/953/953 952/952/952
f 952/952/952 953/953/953 954/954/954
f 953/953/953 955/955/955 954/954/954
f 954/954/954 955/955/955 956/956/956
f 955/955/955 957/957/957 956/956/956
f 956/956/956 957/957/957 958/958/958
f 957/957/957 959/959/959 958/958/958
f 958/958/958 959/959/959 960/960/960
f 959/959/959 961/961/961 960/960/960
f 960/960/960 961/961/961 962/962/962
f 961/961/961 963/963/963 962/962/962
f 962/962/962 963/963/963 964/964/964
f 963/963/963 965/965/965 964/964/964
f 964/964/964 965/965/965 966/966/966
f 965/965/965 967/967/967 966/966/966
f 966/966/966 967/967/967 968/968/968
f 967/967/967 969/969/969 968/968/968
f 968/968/968 969/969/969 970/970/970
f 969/969/969 971/971/971 970/970/970
f 970/970/970 971/971/971 972/972/972
f 971/971/971 973/973/973 972/972/972
f 972/972/972 973/973/973 974/974/974
f 973/973/973 975/975/975 974/974/974
f 974/974/974 975/975/975 976/976/976
f 975/975/975 977/977/977 976/976/976
f 976/976/976 977/977/977 978/978/978
f 977/977/977 979/979/979 978/978/978
f 978/978/978 979/979/979 980/980/980
f 979/979/979 981/981/981 980/980/980
f 980/980/980 981/981/981 982/982/982
f 981/981/981 983/983/983 982/982/982
f 982/982/982 983/983/983 984/984/984
f 983/983/983 985/985/985 984/984/984
f 984/984/984 985/985/985 986/986/986
f 985/985/985 987/987/987 986/986/986
f 986/986/986 987/987/987 988/988/988
f 987/987/987 989/989/989 988/988/988
f 988/988/988 989/989/989 990/990/990
f 989/989/989 991/991/991 990/990/990
f 990/990/990 991/991/991 992/992/992
f 991/991/991 993/993/993 992/992/992
f 992/992/992 993/993/993 994/994/994
f 993/993/993 995/995/995 994/994/994
f 994/994/994 995/995/995 996/996/996
f 995/995/995 997/997/997 996/996/996
f 996/996/996 997/997/997 998/998/998
f 997/997/997 999/999/999 998/998/998
f 998/998/998 999/999/999 1000/1000/1000
f 999/999/999 1001/1001/1001 1000/1000/1000
f 1000/1000/1000 1001/1001/1001 1002/1002/1002
f 1001/1001/1001 1003/1003/1003 1002/1002/1002
f 1002/1002/1002 1003/1003/1003 1004/1004/1004
f 1003/1003/1003 1005/1005/1005 1004/1004/1004
f 1004/1004/1004 1005/1005/1005 1006/1006/1006
f 1005/1005/1005 1007/1007/1007 1006/1006/1006
f 1006/1006/1006 1007/1007/1007 1008/1008/1008
f 1007/1007/1007 1009/1009/1009 1008/1008/1008
f 1008/1008/1008 1009/1009/1009 1010/1010/1010
f 1009/1009/1009 1011/1011/1011 1010/1010/1010
f 1010/1010/1010 1011/1011/1011 1012/1012/1012
f 1011/1011/1011 1013/1013/1013 1012/1012/1012
f 1012/1012/1012 1013/1013/1013 1014/1014/1014
f 1013/1013/1013 1015/1015/1015 1014/1014/1014
f 1014/1014/1014 1015/1015/1015 1016/1016/1016
f 1015/1015/1015 1017/1017/1017 1016/1016/1016
f 1016/1016/1016 1017/1017/1017 1018/1018/1018
f 1017/1017/1017 1019/1019/1019 1018/1018/1018
f 1018/1018/1018 1019/1019/1019 1020/1020/1020
f 1019/1019/1019 1021/1021/1021 1020/1020/1020
f 1020/1020/1020 1021/1021/1021 1022/1022/1022
f 1021/1021/1021 1023/1023/1023 1022/1022/1022
f 1022/1022/1022 1023/1023/1023 1024/1024/1024
f 1023/1023/1023 1025/1025/1025 1024/1024/1024
f 1024/1024/1024 1025/1025/1025 1026/1026/1026
f 1025/1025/1025 1027/1027/1027 1026/1026/1026
f 1026/1026/1026 1027/1027/1027 1028/1028/1028
f 1027/1027/1027 1029/1029/1029 1028/1028/1028
f 1028/1028/1028 1029/1029/1029 1030/1030/1030
f 1029/1029/1029 1031/1031/1031 1030/1030/1030
f 1030/1030/1030 1031/1031/1031 1032/1032/1032
f 1031/1031/1031 1033/1033/1033 1032/1032/1032
f 1032/1032/1032 1033/1033/1033 1034/1034/1034
f 1033/1033/1033 1035/1035/1035 1034/1034/1034
f 1034/1034/1034 1035/1035/1035 1036/1036/1036
f 1035/1035/1035 1037/1037/1037 1036/1036/1036
f 1036/1036/1036 1037/1037/1037 1038/1038/1038
f 1037/1037/1037 1039/1039/1039 1038/1038/1038
f 1038/1038/1038 1039/1039/1039 1040/1040/1040
f 1039/1039/1039 1041/1041/1041 1040/1040/1040
f 1040/1040/1040 1041/1041/1041 1042/1042/1042
f 1041/1041/1041 1043/1043/1043 1042/1042/1042
f 1042/1042/1042 1043/1043/1043 1044/1044/1044
f 1043/1043/1043 1045/1045/1045 1044/1044/1044
f 1044/1044/1044 1045/1045/1045 1046/1046/1046
f 1045/1045/1045 1047/1047/1047 1046/1046/1046
f 1046/1046/1046 1047/1047/1047 1048/1048/1048
f 1047/1047/1047 1049/1049/1049 1048/1048/1048
f 1048/1048/1048 1049/1049/1049 1050/1050/1050
f 1049/1049/1049 1051/1051/1051 1050/1050/1050
f 1050/1050/1050 1051/1051/1051 1052/1052/1052
f 1051/1051/1051 1053/1053/1053 1052/1052/1052
f 1052/1052/1052 1053/1053/1053 1054/1054/1054
f 1053/1053/1053 1055/1055/1055 1054/1054/1054
f 1054/1054/1054 1055/1055/1055 1056/1056/1056
f 1055/1055/1055 1057/1057/1057 1056/1056/1056
f 1056/1056/1056 1057/1057/1057 1058/1058/1058
f 1057/1057/1057 1059/1059/1059 1058/1058/1058
f 1058/1058/1058 1059/1059/1059 1060/1060/1060
f 1059/1059/1059 1061/1061/1061 1060/1060/1060
f 1060/1060/1060 1061/1061/1061 1062/1062/1062
f 1061/1061/1061 1063/1063/1063 1062/1062/1062
f 1062/1062/1062 1063/1063/1063 1064/1064/1064
f 1063/1063/1063 1065/1065/1065 1064/1064/1064
f 1064/1064/1064 1065/1065/1065 1066/1066/1066
f 1065/1065/1065 1067/1067/1067 1066/1066/1066
f 1066/1066/1066 1067/1067/1067 1068/1068/1068
f 1067/1067/1067 1069/1069/1069 1068/1068/1068
f 1068/1068/1068 1069/1069/1069 1070/1070/1070
f 1069/1069/1069 1071/1071/1071 1070/1070/1070
f 1070/1070/1070 1071/1071/1071 1072/1072/1072
f 1071/1071/1071 1073/1073/1073 1072/1072/1072
f 1072/1072/1072 1073/1073/1073 1074/1074/1074
f 1073/1073/1073 1075/1075/1075 1074/1074/1074
f 1074/1074/1074 1075/1075/1075 1076/1076/1076
f 1075/1075/1075 1077/1077/1077 1076/1076/1076
f 1076/1076/1076 1077/1077/1077 1078/1078/1078
f 1077/1077/1077 1079/1079/1079 1078/1078/1078
f 1078/1078/1078 1079/1079/1079 1080/1080/1080
f 1079/1079/1079 1081/1081/1081 1080/1080/1080
f 1080/1080/1080 1081/1081/1081 1082/1082/1082
f 1081/1081/1081 1083/1083/1083 1082/1082/1082
f 1082/1082/1082 1083/1083/1083 1084/1084/1084
f 1083/1083/1083 1085/1085/1085 1084/1084/1084
f 1084/1084/1084 1085/1085/1085 1086/1086/1086
f 1085/1085/1085 1087/1087/1087 1086/1086/1086
f 1086/1086/1086 1087/1087/1087 1088/1088/1088
f 1087/1087/1087 1089/1089/1089 1088/1088/1088
f 1088/1088/1088 1089/1089/1089 1090/1090/1090
f 1089/1089/1089 1091/1091/1091 1090/1090/1090
f 1090/1090/1090 1091/1091/1091 1092/1092/1092
f 1091/1091/1091 1093/1093/1093 1092/1092/1092
f 1092/1092/1092 1093/1093/1093 1094/1094/1094
f 1093/1093/1093 1095/1095/1095 1094/1094/1094
f 1094/1094/1094 1095/1095/1095 1096/1096/1096
f 1095/1095/1095 1097/1097/1097 1096/1096/1096
f 1096/1096/1096 1097/1097/1097 1098/1098/1098
f 1097/1097/1097 1099/1099/1099 1098/1098/1098
f 1098/1098/1098 1099/1099/1099 1100/1100/1100
f 1099/1099/1099 1101/1101/1101 1100/1100/1100
f 1100/1100/1100 1101/1101/1101 1102/1102/1102
f 1101/1101/1101 1103/1103/1103 1102/1102/1102
f 1102/1102/1102 1103/1103/1103 1104/1104/1104
f 1103/1103/1103 1105/1105/1105 1104/1104/1104
f 1104/1104/1104 1105/1105/1105 1106/1106/1106
f 1105/1105/1105 1107/1107/1107 1106/1106/1106
f 1106/1106/1106 1107/1107/1107 1108/1108/1108
f 1107/1107/1107 1109/1109/1109 1108/1108/1108
f 1108/1108/1108 1109/1109/1109 1110/1110/1110
f 1109/1109/1109 1111/1111/1111 1110/1110/1110
f 1110/1110/1110 1111/1111/1111 1112/1112/1112
f 1111/1111/1111 1113/1113/1113 1112/1112/1112
f 1112/1112/1112 1113/1113/1113 1114/1114/1114
f 1113/1113/1113 1115/1115/1115 1114/1114/1114
f 1114/1114/1114 1115/1115/1115 1116/1116/1116
f 1115/1115/1115 1117/1117/1117 1116/1116/1116
f 1116/1116/1116 1117/1117/1117 1118/1118/1118
f 1117/1117/1117 1119/1119/1119 1118/1118/1118
f 1118/1118/1118 1119/1119/1119 1120/1120/1120
f 1119/1119/1119 1121/1121/1121 1120/1120/1120
f 1120/1120/1120 1121/1121/1121 1122/1122/1122
f 1121/1121/1121 1123/1123/1123 1122/1122/1122
f 1122/1122/1122 1123/1123/1123 1124/1124/1124
f 1123/1123/1123 1125/1125/1125 1124/1124/1124
f 1124/1124/1124 1125/1125/1125 1126/1126/1126
f 1125/1125/1125 1127/1127/1127 1126/1126/1126
f 1126/1126/1126 1127/1127/1127 1128/1128/1128
f 1127/1127/1127 1129/1129/1129 1128/1128/1128
f 1128/1128/1128 1129/1129/1129 1130/1130/1130
f 1129/1129/1129 1131/1131/1131 1130/1130/1130
f 1130/1130/1130 1131/1131/1131 1132/1132/1132
f 1131/1131/1131 1133/1133/1133 1132/1132/1132
f 1132/1132/1132 1133/1133/1133 1134/1134/1134
f 1133/1133/1133 1135/1135/1135 1134/1134/1134
f 1134/1134/1134 1135/1135/1135 1136/1136/1136
f 1135/1135/1135 1137/1137/1137 1136/1136/1136
f 1136/1136/1136 1137/1137/1137 1138/1138/1138
f 1137/1137/1137 1139/1139/1139 1138/1138/1138
f 1138/1138/1138 1139/1139/1139 1140/1140/1140
f 1139/1139/1139 1141/1141/1141 1140/1140/1140
f 1140/1140/1140 1141/1141/1141 1142/1142/1142
f 1141/1141/1141 1143/1143/1143 1142/1142/1142
f 1142/1142/1142 1143/1143/1143 1144/1144/1144
f 1143/1143/1143 1145/1145/1145 1144/1144/1144
f 1144/1144/1144 1145/1145/1145 1146/1146/1146
f 1145/1145/1145 1147/1147/1147 1146/1146/1146
f 1146/1146/1146 1147/1147/1147 1148/1148/1148
f 1147/1147/1147 1149/1149/1149 1148/1148/1148
f 1148/1148/1148 1149/1149/1149 1150/1150/1150
f 1149/1149/1149 1151/1151/1151 1150/1150/1150
f 1150/1150/1150 1151/1151/1151 1152/1152/1152
f 1151/1151/1151 1153/1153/1153 1152/1152/1152
f 1152/1152/1152 1153/1153/1153 1154/1154/1154
f 1153/1153/1153 1155/1155/1155 1154/1154/1154
f 1154/1154/1154 1155/1155/1155 1156/1156/1156
f 1155/1155/1155 1157/1157/1157 1156/1156/1156
f 1156/1156/1156 1157/1157/1157 1158/1158/1158
f 1157/1157/1157 1159/1159/1159 1158/1158/1158
f 1158/1158/1158 1159/1159/1159 1160/1160/1160
f 1159/1159/1159 1161/1161/1161 1160/1160/1160
f 1160/1160/1160 1161/1161/1161 1162/1162/1162
f 1161/1161/1161 1163/1163/1163 1162/1162/1162
f 1162/1162/1162 1163/1163/1163 1164/1164/1164
f 1163/1163/1163 1165/1165/1165 1164/1164/1164
f 1164/1164/1164 1165/1165/1165 1166/1166/1166
f 1165/1165/1165 1167/1167/1167 1166/1166/1166
f 1166/1166/1166 1167/1167/1167 1168/1168/1168
f 1167/1167/1167 1169/1169/1169 1168/1168/1168
f 1168/1168/1168 1169/1169/1169 1170/1170/1170
f 1169/1169/1169 1171/1171/1171 1170/1170/1170
f 1170/1170/1170 1171/1171/1171 1172/1172/1172
f 1171/1171/1171 1173/1173/1173 1172/1172/1172
f 1172/1172/1172 1173/1173/1173 1174/1174/1174
f 1173/1173/1173 1175/1175/1175 1174/1174/1174
f 1174/1174/1174 1175/1175/1175 1176/1176/1176
f 1175/1175/1175 1177/1177/1177 1176/1176/1176
f 1176/1176/1176 1177/1177/1177 1178/1178/1178
f 1177/1177/1177 1179/1179/1179 1178/1178/1178
f 1178/1178/1178 1179/1179/1179 1180/1180/1180
f 1179/1179/1179 1181/1181/1181 1180/1180/1180
f 1180/1180/1180 1181/1181/1181 1182/1182/1182
f 1181/1181/1181 1183/1183/1183 1182/1182/1182
f 1182/1182/1182 1183/1183/1183 1184/1184/1184
f 1183/1183/1183 1185/1185/1185 1184/1184/1184
f 1184/1184/1184 1185/1185/1185 1186/1186/1186
f 1185/1185/1185 1187/1187/1187 1186/1186/1186
f 1186/1186/1186 1187/1187/1187 1188/1188/1188
f 1187/1187/1187 1189/1189/1189 1188/1188/1188
f 1188/1188/1188 1189/1189/1189 1190/1190/1190
f 1189/1189/1189 1191/1191/1191 1190/1190/1190
f 1190/1190/1190 1191/1191/1191 1192/1192/1192
f 1191/1191/1191 1193/1193/1193 1192/1192/1192
f 1192/1192/1192 1193/1193/1193 1194/1194/1194
f 1193/1193/1193 1195/1195/1195 1194/1194/1194
f 1194/1194/1194 1195/1195/1195 1196/1196/1196
f 1195/1195/1195 1197/1197/1197 1196/1196/1196
f 1196/1196/1196 1197/1197/1197 1198/1198/1198
f 1197/1197/1197 1199/1199/1199 1198/1198/1198
f 1198/1198/1198 1199/1199/1199 1200/1200/1200
f 1199/1199/1199 1201/1201/1201 1200/1200/1200
f 1200/1200/1200 1201/1201/1201 1202/1202/1202
f 1201/1201/1201 1203/1203/1203 1202/1202/1202
f 1202/1202/1202 1203/1203/1203 1204/1204/1204
f 1203/1203/1203 1205/1205/1205 1204/1204/1204
f 1204/1204/1204 1205/1205/1205 1206/1206/1206
f 1205/1205/1205 1207/1207/1207 1206/1206/1206
f 1206/1206/1206 1207/1207/1207 1208/1208/1208
f 1207/1207/1207 1209/1209/1209 1208/1208/1208
f 1208/1208/1208 1209/1209/1209 1210/1210/1210
f 1209/1209/1209 1211/1211/1211 1210/1210/1210
f 1210/1210/1210 1211/1211/1211 1212/1212/1212
f 1211/1211/1211 1213/1213/1213 1212/1212/1212
f 1212/1212/1212 1213/1213/1213 1214/1214/1214
f 1213/1213/1213 1215/1215/1215 1214/1214/1214
f 1214/1214/1214 1215/1215/1215 1216/1216/1216
f 1215/1215/1215 1217/1217/1217 1216/1216/1216
f 1216/1216/1216 1217/1217/1217 1218/1218/1218
f 1217/1217/1217 1219/1219/1219 1218/1218/1218
f 1218/1218/1218 1219/1219/1219 1220/1220/1220
f 1219/1219/1219 1221/1221/1221 1220/1220/1220
f 1220/1220/1220 1221/1221/1221 1222/1222/1222
f 1221/1221/1221 1223/1223/1223 1222/1222/1222
f 1222/1222/1222 1223/1223/1223 1224/1224/1224
f 1223/1223/1223 1225/1225/1225 1224/1224/1224
f 1224/1224/1224 1225/1225/1225 1226/1226/1226
f 1225/1225/1225 1227/1227/1227 1226/1226/1226
f 1226/1226/1226 1227/1227/1227 1228/1228/1228
f 1227/1227/1227 1229/1229/1229 1228/1228/1228
f 1228/1228/1228 1229/1229/1229 1230/1230/1230
f 1229/1229/1229 1231/1231/1231 1230/1230/1230
f 1230/1230/1230 1231/1231/1231 1232/1232/1232
f 1231/1231/1231 1233/1233/1233 1232/1232/1232
f 1232/1232/1232 1233/1233/1233 1234/1234/1234
f 1233/1233/1233 1235/1235/1235 1234/1234/1234
f 1234/1234/1234 1235/1235/1235 1236/1236/1236
f 1235/1235/1235 1237/1237/1237 1236/1236/1236
f 1236/1236/1236 1237/1237/1237 1238/1238/1238
f 1237/1237/1237 1239/1239/1239 1238/1238/1238
f 1238/1238/1238 1239/1239/1239 1240/1240/1240
f 1239/1239/1239 1241/1241/1241 1240/1240/1240
f 1240/1240/1240 1241/1241/1241 1242/1242/1242
f 1241/1241/1241 1243/1243/1243 1242/1242/1242
f 1242/1242/1242 1243/1243/1243 1244/1244/1244
f 1243/1243/1243 1245/1245/1245 1244/1244/1244
f 1244/1244/1244 1245/1245/1245 1246/1246/1246
f 1245/1245/1245 1247/1247/1247 1246/1246/1246
f 1246/1246/1246 1247/1247/1247 1248/1248/1248
f 1247/1247/1247 1249/1249/1249 1248/1248/1248
f 1248/1248/1248 1249/1249/1249 1250/1250/1250
f 1249/1249/1249 1251/1251/1251 1250/1250/1250
f 1250/1250/1250 1251/1251/1251 1252/1252/1252
f 1251/1251/1251 1253/1253/1253 1252/1252/1252
f 1252/1252/1252 1253/1253/1253 1254/1254/1254
f 1253/1253/1253 1255/1255/1255 1254/1254/1254
f 1254/1254/1254 1255/1255/1255 1256/1256/1256
f 1255/1255/1255 1257/1257/1257 1256/1256/1256
f 1256/1256/1256 1257/1257/1257 1258/1258/1258
f 1257/1257/1257 1259/1259/1259 1258/1258/1258
f 1258/1258/1258 1259/1259/1259 1260/1260/1260
f 1259/1259/1259 1261/1261/1261 1260/1260/1260
f 1260/1260/1260 1261/1261/1261 1262/1262/1262
f 1261/1261/1261 1263/1263/1263 1262/1262/1262
f 1262/1262/1262 1263/1263/1263 1264/1264/1264
f 1263/1263/1263 1265/1265/1265 1264/1264/1264
f 1264/1264/1264 1265/1265/1265 1266/1266/1266
f 1265/1265/1265 1267/1267/1267 1266/1266/1266
f 1266/1266/1266 1267/1267/1267 1268/1268/1268
f 1267/1267/1267 1269/1269/1269 1268/1268/1268
f 1268/1268/1268 1269/1269/1269 1270/1270/1270
f 1269/1269/1269 1271/1271/1271 1270/1270/1270
f 1270/1270/1270 1271/1271/1271 1272/1272/1272
f 1271/1271/1271 1273/1273/1273 1272/1272/1272
f 1272/1272/1272 1273/1273/1273 1274/1274/1274
f 1273/1273/1273 1275/1275/1275 1274/1274/1274
f 1274/1274/1274 1275/1275/1275 1276/1276/1276
f 1275/1275/1275 1277/1277/1277 1276/1276/1276
f 1276/1276/1276 1277/1277/1277 1278/1278/1278
f 1277/1277/1277 1279/1279/1279 1278/1278/1278
f 1278/1278/1278 1279/1279/1279 1280/1280/1280
f 1279/1279/1279 1281/1281/1281 1280/1280/1280
f 1280/1280/1280 1281/1281/1281 1282/1282/1282
f 1281/1281/1281 1283/1283/1283 1282/1282/1282
f 1282/1282/1282 1283/1283/1283 1284/1284/1284
f 1283/1283/1283 1285/1285/1285 1284/1284/1284
f 1284/1284/1284 1285/1285/1285 1286/1286/1286
f 1285/1285/1285 1287/1287/1287 1286/1286/1286
f 1286/1286/1286 1287/1287/1287 1288/1288/1288
f 1287/1287/1287 1289/1289/1289 1288/1288/1288
f 1288/1288/1288 1289/1289/1289 1290/1290/1290
f 1289/1289/1289 1291/1291/1291 1290/1290/1290
f 1290/1290/1290 1291/1291/1291 1292/1292/1292
f 1291/1291/1291 1293/1293/1293 1292/1292/1292
f 1292/1292/1292 1293/1293/1293 1294/1294/1294
f 1293/1293/1293 1295/1295/1295 1294/1294/1294
f 1294/1294/1294 1295/1295/1295 1296/1296/1296
f 1295/1295/1295 1297/1297/1297 1296/1296/1296
f 1296/1296/1296 1297/1297/1297 1298/1298/1298
f 1297/1297/1297 1299/1299/1299 1298/1298/1298
f 1298/1298/1298 1299/1299/1299 1300/1300/1300
f 1299/1299/1299 1301/1301/1301 1300/1300/1300
f 1300/1300/1300 1301/1301/1301 1302/1302/1302
f 1301/1301/1301 1303/1303/1303 1302/1302/1302
f 1302/1302/1302 1303/1303/1303 1304/1304/1304
f 1303/1303/1303 1305/1305/1305 1304/1304/1304
f 1304/1304/1304 1305/1305/1305 1306/1306/1306
f 1305/1305/1305 1307/1307/1307 1306/1306/1306
f 1306/1306/1306 1307/1307/1307 1308/1308/1308
f 1307/1307/1307 1309/1309/1309 1308/1308/1308
f 1308/1308/1308 1309/1309/1309 1310/1310/1310
f 1309/1309/1309 1311/1311/1311 1310/1310/1310
f 1310/1310/1310 1311/1311/1311 1312/1312/1312
f 1311/1311/1311 1313/1313/1313 1312/1312/1312
f 1312/1312/1312 1313/1313/1313 1314/1314/1314
f 1313/1313/1313 1315/1315/1315 1314/1314/1314
f 1314/1314/1314 1315/1315/1315 1316/1316/1316
f 1315/1315/1315 1317/1317/1317 1316/1316/1316
f 1316/1316/1316 1317/1317/1317 1318/1318/1318
f 1317/1317/1317 1319/1319/1319 1318/1318/1318
f 1318/1318/1318 1319/1319/1319 1320/1320/1320
f 1319/1319/1319 1321/1321/1321 1320/1320/1320
f 1320/1320/1320 1321/1321/1321 1322/1322/1322
f 1321/1321/1321 1323/1323/1323 1322/1322/1322
f 1322/1322/1322 1323/1323/1323 1324/1324/1324
f 1323/1323/1323 1325/1325/1325 1324/1324/1324
f 1324/1324/1324 1325/1325/1325 1326/1326/1326
f 1325/1325/1325 1327/1327/1327 1326/1326/1326
f 1326/1326/1326 1327/1327/1327 1328/1328/1328
f 1327/1327/1327 1329/1329/1329 1328/1328/1328
f 1328/1328/1328 1329/1329/1329 1330/1330/1330
f 1329/1329/1329 1331/1331/1331 1330/1330/1330
f 1330/1330/1330 1331/1331/1331 1332/1332/1332
f 1331/1331/1331 1333/1333/1333 1332/1332/1332
f 1332/1332/1332 1333/1333/1333 1334/1334/1334
f 1333/1333/1333 1335/1335/1335 1334/1334/1334
f 1334/1334/1334 1335/1335/1335 1336/1336/1336
f 1335/1335/1335 1337/1337/1337 1336/1336/1336
f 1336/1336/1336 1337/1337/1337 1338/1338/1338
f 1337/1337/1337 1339/1339/1339 1338/1338/1338
f 1338/1338/1338 1339/1339/1339 1340/1340/1340
f 1339/1339/1339 1341/1341/1341 1340/1340/1340
f 1340/1340/1340 1341/1341/1341 1342/1342/1342
f 1341/1341/1341 1343/1343/1343 1342/1342/1342
f 1342/1342/1342 1343/1343/1343 1344/1344/1344
f 1343/1343/1343 1345/1345/1345 1344/1344/1344
f 1344/1344/1344 1345/1345/1345 1346/1346/1346
f 1345/1345/1345 1347/1347/1347 1346/1346/1346
f 1346/1346/1346 1347/1347/1347 1348/1348/1348
f 1347/1347/1347 1349/1349/1349 1348/1348/1348
f 1348/1348/1348 1349/1349/1349 1350/1350/1350
f 1349/1349/1349 1351/1351/1351 1350/1350/1350
f 1350/1350/1350 1351/1351/1351 1352/1352/1352
f 1351/1351/1351 1353/1353/1353 1352/1352/1352
f 1352/1352/1352 1353/1353/1353 1354/1354/1354
f 1353/1353/1353 1355/1355/1355 1354/1354/1354
f 1354/1354/1354 1355/1355/1355 1356/1356/1356
f 1355/1355/1355 1357/1357/1357 1356/1356/1356
f 1356/1356/1356 1357/1357/1357 1358/1358/1358
f 1357/1357/1357 1359/1359/1359 1358/1358/1358
f 1358/1358/1358 1359/1359/1359 1360/1360/1360
f 1359/1359/1359 1361/1361/1361 1360/1360/1360
f 1360/1360/1360 1361/1361/1361 1362/1362/1362
f 1361/1361/1361 1363/1363/1363 1362/1362/1362
f 1362/1362/1362 1363/1363/1363 1364/1364/1364
f 1363/1363/1363 1365/1365/1365 1364/1364/1364
f 1364/1364/1364 1365/1365/1365 1366/1366/1366
f 1365/1365/1365 1367/1367/1367 1366/1366/1366
f 1366/1366/1366 1367/1367/1367 1368/1368/1368
f 1367/1367/1367 1369/1369/1369 1368/1368/1368
f 1368/1368/1368 1369/1369/1369 1370/1370/1370
f 1369/1369/1369 1371/1371/1371 1370/1370/1370
f 1370/1370/1370 1371/1371/1371 1372/1372/1372
f 1371/1371/1371 1373/1373/1373 1372/1372/1372
f 1372/1372/1372 1373/1373/1373 1374/1374/1374
f 1373/1373/1373 1375/1375/1375 1374/1374/1374
f 1374/1374/1374 1375/1375/1375 1376/1376/1376
f 1375/1375/1375 1377/1377/1377 1376/1376/1376
f 1376/1376/1376 1377/1377/1377 1378/1378/1378
f 1377/1377/1377 1379/1379/1379 1378/1378/1378
f 1378/1378/1378 1379/1379/1379 1380/1380/1380
f 1379/1379/1379 1381/1381/1381 1380/1380/1380
f 1380/1380/1380 1381/1381/1381 1382/1382/1382
f 1381/1381/1381 1383/1383/1383 1382/1382/1382
f 1382/1382/1382 1383/1383/1383 1384/1384/1384
f 1383/1383/1383 1385/1385/1385 1384/1384/1384
f 1384/1384/1384 1385/1385/1385 1386/1386/1386
f 1385/1385/1385 1387/1387/1387 1386/1386/1386
f 1386/1386/1386 1387/1387/1387 1388/1388/1388
f 1387/1387/1387 1389/1389/1389 1388/1388/1388
f 1388/1388/1388 1389/1389/1389 1390/1390/1390
f 1389/1389/1389 1391/1391/1391 1390/1390/1390
f 1390/1390/1390 1391/1391/1391 1392/1392/1392
f 1391/1391/1391 1393/1393/1393 1392/1392/1392
f 1392/1392/1392 1393/1393/1393 1394/1394/1394
f 1393/1393/1393 1395/1395/1395 1394/1394/1394
f 1394/1394/1394 1395/1395/1395 1396/1396/1396
f 1395/1395/1395 1397/1397/1397 1396/1396/1396
f 1396/1396/1396 1397/1397/1397 1398/1398/1398
f 1397/1397/1397 1399/1399/1399 1398/1398/1398
f 1398/1398/1398 1399/1399/1399 1400/1400/1400
f 1399/1399/1399 1401/1401/1401 1400/1400/1400
f 1400/1400/1400 1401/1401/1401 1402/1402/1402
f 1401/1401/1401 1403/1403/1403 1402/1402/1402
f 1402/1402/1402 1403/1403/1403 1404/1404/1404
f 1403/1403/1403 1405/1405/1405 1404/1404/1404
f 1404/1404/1404 1405/1405/1405 1406/1406/1406
f 1405/1405/1405 1407/1407/1407 1406/1406/1406
f 1406/1406/1406 1407/1407/1407 1408/1408/1408
f 1407/1407/1407 1409/1409/1409 1408/1408/1408
f 1408/1408/1408 1409/1409/1409 1410/1410/1410
f 1409/1409/1409 1411/1411/1411 1410/1410/1410
f 1410/1410/1410 1411/1411/1411 1412/1412/1412
f 1411/1411/1411 1413/1413/1413 1412/1412/1412
f 1412/1412/1412 1413/1413/1413 1414/1414/1414
f 1413/1413/1413 1415/1415/1415 1414/1414/1414
f 1414/1414/1414 1415/1415/1415 1416/1416/1416
f 1415/1415/1415 1417/1417/1417 1416/1416/1416
f 1416/1416/1416 1417/1417/1417 1418/1418/1418
f 1417/1417/1417 1419/1419/1419 1418/1418/1418
f 1418/1418/1418 1419/1419/1419 1420/1420/1420
f 1419/1419/1419 1421/1421/1421 1420/1420/1420
f 1420/1420/1420 1421/1421/1421 1422/1422/1422
f 1421/1421/1421 1423/1423/1423 1422/1422/1422
f 1422/1422/1422 1423/1423/1423 1424/1424/1424
f 1423/1423/1423 1425/1425/1425 1424/1424/1424
f 1424/1424/1424 1425/1425/1425 1426/1426/1426
f 1425/1425/1425 1427/1427/1427 1426/1426/1426
f 1426/1426/1426 1427/1427/1427 1428/1428/1428
f 1427/1427/1427 1429/1429/1429 1428/1428/1428
f 1428/1428/1428 1429/1429/1429 1430/1430/1430
f 1429/1429/1429 1431/1431/1431 1430/1430/1430
f 1430/1430/1430 1431/1431/1431 1432/1432/1432
f 1431/1431/1431 1433/1433/1433 1432/1432/1432
f 1432/1432/1432 1433/1433/1433 1434/1434/1434
f 1433/1433/1433 1435/1435/1435 1434/1434/1434
f 1434/1434/1434 1435/1435/1435 1436/1436/1436
f 1435/1435/1435 1437/1437/1437 1436/1436/1436
f 1436/1436/1436 1437/1437/1437 1438/1438/1438
f 1437/1437/1437 1439/1439/1439 1438/1438/1438
f 1438/1438/1438 1439/1439/1439 1440/1440/1440
f 1439/1439/1439 1441/1441/1441 1440/1440/1440
f 1440/1440/1440 1441/1441/1441 1442/1442/1442
f 1441/1441/1441 1443/1443/1443 1442/1442/1442
f 1442/1442/1442 1443/1443/1443 1444/1444/1444
f 1443/1443/1443 1445/1445/1445 1444/1444/1444
f 1444/1444/1444 1445/1445/1445 1446/1446/1446
f 1445/1445/1445 1447/1447/1447 1446/1446/1446
f 1446/1446/1446 1447/1447/1447 1448/1448/1448
f 1447/1447/1447 1449/1449/1449 1448/1448/1448
f 1448/1448/1448 1449/1449/1449 1450/1450/1450
f 1449/1449/1449 1451/1451/1451 1450/1450/1450
f 1450/1450/1450 1451/1451/1451 1452/1452/1452
f 1451/1451/1451 1453/1453/1453 1452/1452/1452
f 1452/1452/1452 1453/1453/1453 1454/1454/1454
f 1453/1453/1453 1455/1455/1455 1454/1454/1454
f 1454/1454/1454 1455/1455/1455 1456/1456/1456
f 1455/1455/1455 1457/1457/1457 1456/1456/1456
f 1456/1456/1456 1457/1457/1457 1458/1458/1458
f 1457/1457/1457 1459/1459/1459 1458/1458/1458
f 1458/1458/1458 1459/1459/1459 1460/1460/1460
f 1459/1459/1459 1461/1461/1461 1460/1460/1460
f 1460/1460/1460 1461/1461/1461 1462/1462/1462
f 1461/1461/1461 1463/1463/1463 1462/1462/1462
f 1462/1462/1462 1463/1463/1463 1464/1464/1464
f 1463/1463/1463 1465/1465/1465 1464/1464/1464
f 1464/1464/1464 1465/1465/1465 1466/1466/1466
f 1465/1465/1465 1467/1467/1467 1466/1466/1466
f 1466/1466/1466 1467/1467/1467 1468/1468/1468
f 1467/1467/1467 1469/1469/1469 1468/1468/1468
f 1468/1468/1468 1469/1469/1469 1470/1470/1470
f 1469/1469/1469 1471/1471/1471 1470/1470/1470
f 1470/1470/1470 1471/1471/1471 1472/1472/1472
f 1471/1471/1471 1473/1473/1473 1472/1472/1472
f 1472/1472/1472 1473/1473/1473 1474/1474/1474
f 1473/1473/1473 1475/1475/1475 1474/1474/1474
f 1474/1474/1474 1475/1475/1475 1476/1476/1476
f 1475/1475/1475 1477/1477/1477 1476/1476/1476
f 1476/1476/1476 1477/1477/1477 1478/1478/1478
f 1477/1477/1477 1479/1479/1479 1478/1478/1478
f 1478/1478/1478 1479/1479/1479 1480/1480/1480
f 1479/1479/1479 1481/1481/1481 1480/1480/1480
f 1480/1480/1480 1481/1481/1481 1482/1482/1482
f 1481/1481/1481 1483/1483/1483 1482/1482/1482
f 1482/1482/1482 1483/1483/1483 1484/1484/1484
f 1483/1483/1483 1485/1485/1485 1484/1484/1484
f 1484/1484/1484 1485/1485/1485 1486/1486/1486
f 1485/1485/1485 1487/1487/1487 1486/1486/1486
f 1486/1486/1486 1487/1487/1487 1488/1488/1488
f 1487/1487/1487 1489/1489/1489 1488/1488/1488
f 1488/1488/1488 1489/1489/1489 1490/1490/1490
f 1489/1489/1489 1491/1491/1491 1490/1490/1490
f 1490/1490/1490 1491/1491/1491 1492/1492/1492
f 1491/1491/1491 1493/1493/1493 1492/1492/1492
f 1492/1492/1492 1493/1493/1493 1494/1494/1494
f 1493/1493/1493 1495/1495/1495 1494/1494/1494
f 1494/1494/1494 1495/1495/1495 1496/1496/1496
f 1495/1495/1495 1497/1497/1497 1496/1496/1496
f 1496/1496/1496 1497/1497/1497 1498/1498/1498
f 1497/1497/1497 1499/1499/1499 1498/1498/1498
f 1498/1498/1498 1499/1499/1499 1500/1500/1500
f 1499/1499/1499 1501/1501/1501 1500/1500/1500
f 1500/1500/1500 1501/1501/1501 1502/1502/1502
f 1501/1501/1501 1503/1503/1503 1502/1502/1502
f 1502/1502/1502 1503/1503/1503 1504/1504/1504
f 1503/1503/1503 1505/1505/1505 1504/1504/1504
f 1504/1504/1504 1505/1505/1505 1506/1506/1506
f 1505/1505/1505 1507/1507/1507 1506/1506/1506
f 1506/1506/1506 1507/1507/1507 1508/1508/1508
f 1507/1507/1507 1509/1509/1509 1508/1508/1508
f 1508/1508/1508 1509/1509/1509 1510/1510/1510
f 1509/1509/1509 1511/1511/1511 1510/1510/1510
f 1510/1510/1510 1511/1511/1511 1512/1512/1512
f 1511/1511/1511 1513/1513/1513 1512/1512/1512
f 1512/1512/1512 1513/1513/1513 1514/1514/1514
f 1513/1513/1513 1515/1515/1515 1514/1514/1514
f 1514/1514/1514 1515/1515/1515 1516/1516/1516
f 1515/1515/1515 1517/1517/1517 1516/1516/1516
f 1516/1516/1516 1517/1517/1517 1518/1518/1518
f 1517/1517/1517 1519/1519/1519 1518/1518/1518
f 1518/1518/1518 1519/1519/1519 1520/1520/1520
f 1519/1519/1519 1521/1521/1521 1520/1520/1520
f 1520/1520/1520 1521/1521/1521 1522/1522/1522
f 1521/1521/1521 1523/1523/1523 1522/1522/1522
f 1522/1522/1522 1523/1523/1523 1524/1524/1524
f 1523/1523/1523 1525/1525/1525 1524/1524/1524
f 1524/1524/1524 1525/1525/1525 1526/1526/1526
f 1525/1525/1525 1527/1527/1527 1526/1526/1526
f 1526/1526/1526 1527/1527/1527 1528/1528/1528
f 1527/1527/1527 1529/1529/1529 1528/1528/1528
f 1528/1528/1528 1529/1529/1529 1530/1530/1530
f 1529/1529/1529 1531/1531/1531 1530/1530/1530
f 1530/1530/1530 1531/1531/1531 1532/1532/1532
f 1531/1531/1531 1533/1533/1533 1532/1532/1532
f 1532/1532/1532 1533/1533/1533 1534/1534/1534
f 1533/1533/1533 1535/1535/1535 1534/1534/1534
f 1534/1534/1534 1535/1535/1535 1536/1536/1536
f 1535/1535/1535 1537/1537/1537 1536/1536/1536
f 1536/1536/1536 1537/1537/1537 1538/1538/1538
f 1537/1537/1537 1539/1539/1539 1538/1538/1538
f 1538/1538/1538 1539/1539/1539 1540/1540/1540
f 1539/1539/1539 1541/1541/1541 1540/1540/1540
f 1540/1540/1540 1541/1541/1541 1542/1542/1542
f 1541/1541/1541 1543/1543/1543 1542/1542/1542
f 1542/1542/1542 1543/1543/1543 1544/1544/1544
f 1543/1543/1543 1545/1545/1545 1544/1544/1544
f 1544/1544/1544 1545/1545/1545 1546/1546/1546
f 1545/1545/1545 1547/1547/1547 1546/1546/1546
f 1546/1546/1546 1547/1547/1547 1548/1548/1548
f 1547/1547/1547 1549/1549/1549 1548/1548/1548
f 1548/1548/1548 1549/1549/1549 1550/1550/1550
f 1549/1549/1549 1551/1551/1551 1550/1550/1550
f 1550/1550/1550 1551/1551/1551 1552/1552/1552
f 1551/1551/1551 1553/1553/1553 1552/1552/1552
f 1552/1552/1552 1553/1553/1553 1554/1554/1554
f 1553/1553/1553 1555/1555/1555 1554/1554/1554
f 1554/1554/1554 1555/1555/1555 1556/1556/1556
f 1555/1555/1555 1557/1557/1557 1556/1556/1556
f 1556/1556/1556 1557/1557/1557 1558/1558/1558
f 1557/1557/1557 1559/1559/1559 1558/1558/1558
f 1558/1558/1558 1559/1559/1559 1560/1560/1560
f 1559/1559/1559 1561/1561/1561 1560/1560/1560
f 1560/1560/1560 1561/1561/1561 1562/1562/1562
f 1561/1561/1561 1563/1563/1563 1562/1562/1562
f 1562/1562/1562 1563/1563/1563 1564/1564/1564
f 1563/1563/1563 1565/1565/1565 1564/1564/1564
f 1564/1564/1564 1565/1565/1565 1566/1566/1566
f 1565/1565/1565 1567/1567/1567 1566/1566/1566
f 1566/1566/1566 1567/1567/1567 1568/1568/1568
f 1567/1567/1567 1569/1569/1569 1568/1568/1568
f 1568/1568/1568 1569/1569/1569 1570/1570/1570
f 1569/1569/1569 1571/1571/1571 1570/1570/1570
f 1570/1570/1570 1571/1571/1571 1572/1572/1572
f 1571/1571/1571 1573/1573/1573 1572/1572/1572
f 1572/1572/1572 1573/1573/1573 1574/1574/1574
f 1573/1573/1573 1575/1575/1575 1574/1574/1574
f 1574/1574/1574 1575/1575/1575 1576/1576/1576
f 1575/1575/1575 1577/1577/1577 1576/1576/1576
f 1576/1576/1576 1577/1577/1577 1578/1578/1578
f 1577/1577/1577 1579/1579/1579 1578/1578/1578
f 1578/1578/1578 1579/1579/1579 1580/1580/1580
f 1579/1579/1579 1581/1581/1581 1580/1580/1580
f 1580/1580/1580 1581/1581/1581 1582/1582/1582
f 1581/1581/1581 1583/1583/1583 1582/1582/1582
f 1582/1582/1582 1583/1583/1583 1584/1584/1584
f 1583/1583/1583 1585/1585/1585 1584/1584/1584
f 1584/1584/1584 1585/1585/1585 1586/1586/1586
f 1585/1585/1585 1587/1587/1587 1586/1586/1586
f 1586/1586/1586 1587/1587/1587 1588/1588/1588
f 1587/1587/1587 1589/1589/1589 1588/1588/1588
f 1588/1588/1588 1589/1589/1589 1590/1590/1590
f 1589/1589/1589 1591/1591/1591 1590/1590/1590
f 1590/1590/1590 1591/1591/1591 1592/1592/1592
f 1591/1591/1591 1593/1593/1593 1592/1592/1592
f 1592/1592/1592 1593/1593/1593 1594/1594/1594
f 1593/1593/1593 1595/1595/1595 1594/1594/1594
f 1594/1594/1594 1595/1595/1595 1596/1596/1596
f 1595/1595/1595 1597/1597/1597 1596/1596/1596
f 1596/1596/1596 1597/1597/1597 1598/1598/1598
f 1597/1597/1597 1599/1599/1599 1598/1598/1598
f 1598/1598/1598 1599/1599/1599 1600/1600/1600
f 1599/1599/1599 1601/1601/1601 1600/1600/1600
f 1600/1600/1600 1601/1601/1601 1602/1602/1602
f 1601/1601/1601 1603/1603/1603 1602/1602/1602
f 1602/1602/1602 1603/1603/1603 1604/1604/1604
f 1603/1603/1603 1605/1605/1605 1604/1604/1604
f 1604/1604/1604 1605/1605/1605 1606/1606/1606
f 1605/1605/1605 1607/1607/1607 1606/1606/1606
f 1606/1606/1606 1607/1607/1607 1608/1608/1608
f 1607/1607/1607 1609/1609/1609 1608/1608/1608
f 1608/1608/1608 1609/1609/1609 1610/1610/1610
f 1609/1609/1609 1611/1611/1611 1610/1610/1610
f 1610/1610/1610 1611/1611/1611 1612/1612/1612
f 1611/1611/1611 1613/1613/1613 1612/1612/1612
f 1612/1612/1612 1613/1613/1613 1614/1614/1614
f 1613/1613/1613 1615/1615/1615 1614/1614/1614
f 1614/1614/1614 1615/1615/1615 1616/1616/1616
f 1615/1615/1615 1617/1617/1617 1616/1616/1616
f 1616/1616/1616 1617/1617/1617 1618/1618/1618
f 1617/1617/1617 1619/1619/1619 1618/1618/1618
f 1618/1618/1618 1619/1619/1619 1620/1620/1620
f 1619/1619/1619 1621/1621/1621 1620/1620/1620
f 1620/1620/1620 1621/1621/1621 1622/1622/1622
f 1621/1621/1621 1623/1623/1623 1622/1622/1622
f 1622/1622/1622 1623/1623/1623 1624/1624/1624
f 1623/1623/1623 1625/1625/1625 1624/1624/1624
f 1624/1624/1624 1625/1625/1625 1626/1626/1626
f 1625/1625/1625 1627/1627/1627 1626/1626/1626
f 1626/1626/1626 1627/1627/1627 1628/1628/1628
f 1627/1627/1627 1629/1629/1629 1628/1628/1628
f 1628/1628/1628 1629/1629/1629 1630/1630/1630
f 1629/1629/1629 1631/1631/1631 1630/1630/1630
f 1630/1630/1630 1631/1631/1631 1632/1632/1632
f 1631/1631/1631 1633/1633/1633 1632/1632/1632
f 1632/1632/1632 1633/1633/1633 1634/1634/1634
f 1633/1633/1633 1635/1635/1635 1634/1634/1634
f 1634/1634/1634 1635/1635/1635 1636/1636/1636
f 1635/1635/1635 1637/1637/1637 1636/1636/1636
f 1636/1636/1636 1637/1637/1637 1638/1638/1638
f 1637/1637/1637 1639/1639/1639 1638/1638/1638
f 1638/1638/1638 1639/1639/1639 1640/1640/1640
f 1639/1639/1639 1641/1641/1641 1640/1640/1640
f 1640/1640/1640 1641/1641/1641 1642/1642/1642
f 1641/1641/1641 1643/1643/1643 1642/1642/1642
f 1642/1642/1642 1643/1643/1643 1644/1644/1644
f 1643/1643/1643 1645/1645/1645 1644/1644/1644
f 1644/1644/1644 1645/1645/1645 1646/1646/1646
f 1645/1645/1645 1647/1647/1647 1646/1646/1646
f 1646/1646/1646 1647/1647/1647 1648/1648/1648
f 1647/1647/1647 1649/1649/1649 1648/1648/1648
f 1648/1648/1648 1649/1649/1649 1650/1650/1650
f 1649/1649/1649 1651/1651/1651 1650/1650/1650
f 1650/1650/1650 1651/1651/1651 1652/1652/1652
f 1651/1651/1651 1653/1653/1653 1652/1652/1652
f 1652/1652/1652 1653/1653/1653 1654/1654/1654
f 1653/1653/1653 1655/1655/1655 1654/1654/1654
f 1654/1654/1654 1655/1655/1655 1656/1656/1656
f 1655/1655/1655 1657/1657/1657 1656/1656/1656
f 1656/1656/1656 1657/1657/1657 1658/1658/1658
f 1657/1657/1657 1659/1659/1659 1658/1658/1658
f 1658/1658/1658 1659/1659/1659 1660/1660/1660
f 1659/1659/1659 1661/1661/1661 1660/1660/1660
f 1660/1660/1660 1661/1661/1661 1662/1662/1662
f 1661/1661/1661 1663/1663/1663 1662/1662/1662
f 1662/1662/1662 1663/1663/1663 1664/1664/1664
f 1663/1663/1663 1665/1665/1665 1664/1664/1664
f 1664/1664/1664 1665/1665/1665 1666/1666/1666
f 1665/1665/1665 1667/1667/1667 1666/1666/1666
f 1666/1666/1666 1667/1667/1667 1668/1668/1668
f 1667/1667/1667 1669/1669/1669 1668/1668/1668
f 1668/1668/1668 1669/1669/1669 1670/1670/1670
f 1669/1669/1669 1671/1671/1671 1670/1670/1670
f 1670/1670/1670 1671/1671/1671 1672/1672/1672
f 1671/1671/1671 1673/1673/1673 1672/1672/1672
f 1672/1672/1672 1673/1673/1673 1674/1674/1674
f 1673/1673/1673 1675/1675/1675 1674/1674/1674
f 1674/1674/1674 1675/1675/1675 1676/1676/1676
f 1675/1675/1675 1677/1677/1677 1676/1676/1676
f 1676/1676/1676 1677/1677/1677 1678/1678/1678
f 1677/1677/1677 1679/1679/1679 1678/1678/1678
f 1678/1678/1678 1679/1679/1679 1680/1680/1680
f 1679/1679/1679 1681/1681/1681 1680/1680/1680
f 1680/1680/1680 1681/1681/1681 1682/1682/1682
f 1681/1681/1681 1683/1683/1683 1682/1682/1682
f 1682/1682/1682 1683/1683/1683 1684/1684/1684
f 1683/1683/1683 1685/1685/1685 1684/1684/1684
f 1684/1684/1684 1685/1685/1685 1686/1686/1686
f 1685/1685/1685 1687/1687/1687 1686/1686/1686
f 1686/1686/1686 1687/1687/1687 1688/1688/1688
f 1687/1687/1687 1689/1689/1689 1688/1688/1688
f 1688/1688/1688 1689/1689/1689 1690/1690/1690
f 1689/1689/1689 1691/1691/1691 1690/1690/1690
f 1690/1690/1690 1691/1691/1691 1692/1692/1692
f 1691/1691/1691 1693/1693/1693 1692/1692/1692
f 1692/1692/1692 1693/1693/1693 1694/1694/1694
f 1693/1693/1693 1695/1695/1695 1694/1694/1694
f 1694/1694/1694 1695/1695/1695 1696/1696/1696
f 1695/1695/1695 1697/1697/1697 1696/1696/1696
f 1696/1696/1696 1697/1697/1697 1698/1698/1698
f 1697/1697/1697 1699/1699/1699 1698/1698/1698
f 1698/1698/1698 1699/1699/1699 1700/1700/1700
f 1699/1699/1699 1701/1701/1701 1700/1700/1700
f 1700/1700/1700 1701/1701/1701 1702/1702/1702
f 1701/1701/1701 1703/1703/1703 1702/1702/1702
f 1702/1702/1702 1703/1703/1703 1704/1704/1704
f 1703/1703/1703 1705/1705/1705 1704/1704/1704
f 1704/1704/1704 1705/1705/1705 1706/1706/1706
f 1705/1705/1705 1707/1707/1707 1706/1706/1706
f 1706/1706/1706 1707/1707/1707 1708/1708/1708
f 1707/1707/1707 1709/1709/1709 1708/1708/1708
f 1708/1708/1708 1709/1709/1709 1710/1710/1710
f 1709/1709/1709 1711/1711/1711 1710/1710/1710
f 1710/1710/1710 1711/1711/1711 1712/1712/1712
f 1711/1711/1711 1713/1713/1713 1712/1712/1712
f 1712/1712/1712 1713/1713/1713 1714/1714/1714
f 1713/1713/1713 1715/1715/1715 1714/1714/1714
f 1714/1714/1714 1715/1715/1715 1716/1716/1716
f 1715/1715/1715 1717/1717/1717 1716/1716/1716
f 1716/1716/1716 1717/1717/1717 1718/1718/1718
f 1717/1717/1717 1719/1719/1719 1718/1718/1718
f 1718/1718/1718 1719/1719/1719 1720/1720/1720
f 1719/1719/1719 1721/1721/1721 1720/1720/1720
f 1720/1720/1720 1721/1721/1721 1722/1722/1722
f 1721/1721/1721 1723/1723/1723 1722/1722/1722
f 1722/1722/1722 1723/1723/1723 1724/1724/1724
f 1723/1723/1723 1725/1725/1725 1724/1724/1724
f 1724/1724/1724 1725/1725/1725 1726/1726/1726
f 1725/1725/1725 1727/1727/1727 1726/1726/1726
f 1726/1726/1726 1727/1727/1727 1728/1728/1728
f 1727/1727/1727 1729/1729/1729 1728/1728/1728
f 1728/1728/1728 1729/1729/1729 1730/1730/1730
f 1729/1729/1729 1731/1731/1731 1730/1730/1730
f 1730/1730/1730 1731/1731/1731 1732/1732/1732
f 1731/1731/1731 1733/1733/1733 1732/1732/1732
f 1732/1732/1732 1733/1733/1733 1734/1734/1734
f 1733/1733/1733 1735/1735/1735 1734/1734/1734
f 1734/1734/1734 1735/1735/1735 1736/1736/1736
f 1735/1735/1735 1737/1737/1737 1736/1736/1736
f 1736/1736/1736 1737/1737/1737 1738/1738/1738
f 1737/1737/1737 1739/1739/1739 1738/1738/1738
f 1738/1738/1738 1739/1739/1739 1740/1740/1740
f 1739/1739/1739 1741/1741/1741 1740/1740/1740
f 1740/1740/1740 1741/1741/1741 1742/1742/1742
f 1741/1741/1741 1743/1743/1743 1742/1742/1742
f 1742/1742/1742 1743/1743/1743 1744/1744/1744
f 1743/1743/1743 1745/1745/1745 1744/1744/1744
f 1744/1744/1744 1745/1745/1745 1746/1746/1746
f 1745/1745/1745 1747/1747/1747 1746/1746/1746
f 1746/1746/1746 1747/1747/1747 1748/1748/1748
f 1747/1747/1747 1749/1749/1749 1748/1748/1748
f 1748/1748/1748 1749/1749/1749 1750/1750/1750
f 1749/1749/1749 1751/1751/1751 1750/1750/1750
f 1750/1750/1750 1751/1751/1751 1752/1752/1752
f 1751/1751/1751 1753/1753/1753 1752/1752/1752
f 1752/1752/1752 1753/1753/1753 1754/1754/1754
f 1753/1753/1753 1755/1755/1755 1754/1754/1754
f 1754/1754/1754 1755/1755/1755 1756/1756/1756
f 1755/1755/1755 1757/1757/1757 1756/1756/1756
f 1756/1756/1756 1757/1757/1757 1758/1758/1758
f 1757/1757/1757 1759/1759/1759 1758/1758/1758
f 1758/1758/1758 1759/1759/1759 1760/1760/1760
f 1759/1759/1759 1761/1761/1761 1760/1760/1760
f 1760/1760/1760 1761/1761/1761 1762/1762/1762
f 1761/1761/1761 1763/1763/1763 1762/1762/1762
f 1762/1762/1762 1763/1763/1763 1764/1764/1764
f 1763/1763/1763 1765/1765/1765 1764/1764/1764
f 1764/1764/1764 1765/1765/1765 1766/1766/1766
f 1765/1765/1765 1767/1767/1767 1766/1766/1766
f 1766/1766/1766 1767/1767/1767 1768/1768/1768
f 1767/1767/1767 1769/1769/1769 1768/1768/1768
f 1768/1768/1768 1769/1769/1769 1770/1770/1770
f 1769/1769/1769 1771/1771/1771 1770/1770/1770
f 1770/1770/1770 1771/1771/1771 1772/1772/1772
f 1771/1771/1771 1773/1773/1773 1772/1772/1772
f 1772/1772/1772 1773/1773/1773 1774/1774/1774
f 1773/1773/1773 1775/1775/1775 1774/1774/1774
f 1774/1774/1774 1775/1775/1775 1776/1776/1776
f 1775/1775/1775 1777/1777/1777 1776/1776/1776
f 1776/1776/1776 1777/1777/1777 1778/1778/1778
f 1777/1777/1777 1779/1779/1779 1778/1778/1778
f 1778/1778/1778 1779/1779/1779 1780/1780/1780
f 1779/1779/1779 1781/1781/1781 1780/1780/1780
f 1780/1780/1780 1781/1781/1781 1782/1782/1782
f 1781/1781/1781 1783/1783/1783 1782/1782/1782
f 1782/1782/1782 1783/1783/1783 1784/1784/1784
f 1783/1783/1783 1785/1785/1785 1784/1784/1784
f 1784/1784/1784 1785/1785/1785 1786/1786/1786
f 1785/1785/1785 1787/1787/1787 1786/1786/1786
f 1786/1786/1786 1787/1787/1787 1788/1788/1788
f 1787/1787/1787 1789/1789/1789 1788/1788/1788
f 1788/1788/1788 1789/1789/1789 1790/1790/1790
f 1789/1789/1789 1791/1791/1791 1790/1790/1790
f 1790/1790/1790 1791/1791/1791 1792/1792/1792
f 1791/1791/1791 1793/1793/1793 1792/1792/1792
f 1792/1792/1792 1793/1793/1793 1794/1794/1794
f 1793/1793/1793 1795/1795/1795 1794/1794/1794
f 1794/1794/1794 1795/1795/1795 1796/1796/1796
f 1795/1795/1795 1797/1797/1797 1796/1796/1796
f 1796/1796/1796 1797/1797/1797 1798/1798/1798
f 1797/1797/1797 1799/1799/1799 1798/1798/1798
f 1798/1798/1798 1799/1799/1799 1800/1800/1800
f 1799/1799/1799 1801/1801/1801 1800/1800/1800
f 1800/1800/1800 1801/1801/1801 1802/1802/1802
f 1801/1801/1801 1803/1803/1803 1802/1802/1802
f 1802/1802/1802 1803/1803/1803 1804/1804/1804
f 1803/1803/1803 1805/1805/1805 1804/1804/1804
f 1804/1804/1804 1805/1805/1805 1806/1806/1806
f 1805/1805/1805 1807/1807/1807 1806/1806/1806
f 1806/1806/1806 1807/1807/1807 1808/1808/1808
f 1807/1807/1807 1809/1809/1809 1808/1808/1808
f 1808/1808/1808 1809/1809/1809 1810/1810/1810
f 1809/1809/1809 1811/1811/1811 1810/1810/1810
f 1810/1810/1810 1811/1811/1811 1812/1812/1812
f 1811/1811/1811 1813/1813/1813 1812/1812/1812
f 1812/1812/1812 1813/1813/1813 1814/1814/1814
f 1813/1813/1813 1815/1815/1815 1814/1814/1814
f 1814/1814/1814 1815/1815/1815 1816/1816/1816
f 1815/1815/1815 1817/1817/1817 1816/1816/1816
f 1816/1816/1816 1817/1817/1817 1818/1818/1818
f 1817/1817/1817 1819/1819/1819 1818/1818/1818
f 1818/1818/1818 1819/1819/1819 1820/1820/1820
f 1819/1819/1819 1821/1821/1821 1820/1820/1820
f 1820/1820/1820 1821/1821/1821 1822/1822/1822
f 1821/1821/1821 1823/1823/1823 1822/1822/1822
f 1822/1822/1822 1823/1823/1823 1824/1824/1824
f 1823/1823/1823 1825/1825/1825 1824/1824/1824
f 1824/1824/1824 1825/1825/1825 1826/1826/1826
f 1825/1825/1825 1827/1827/1827 1826/1826/1826
f 1826/1826/1826 1827/1827/1827 1828/1828/1828
f 1827/1827/1827 1829/1829/1829 1828/1828/1828
f 1828/1828/1828 1829/1829/1829 1830/1830/1830
f 1829/1829/1829 1831/1831/1831 1830/1830/1830
f 1830/1830/1830 1831/1831/1831 1832/1832/1832
f 1831/1831/1831 1833/1833/1833 1832/1832/1832
f 1832/1832/1832 1833/1833/1833 1834/1834/1834
f 1833/1833/1833 1835/1835/1835 1834/1834/1834
f 1834/1834/1834 1835/1835/1835 1836/1836/1836
f 1835/1835/1835 1837/1837/1837 1836/1836/1836
f 1836/1836/1836 1837/1837/1837 1838/1838/1838
f 1837/1837/1837 1839/1839/1839 1838/1838/1838
f 1838/1838/1838 1839/1839/1839 1840/1840/1840
f 1839/1839/1839 1841/1841/1841 1840/1840/1840
f 1840/1840/1840 1841/1841/1841 1842/1842/1842
f 1841/1841/1841 1843/1843/1843 1842/1842/1842
f 1842/1842/1842 1843/1843/1843 1844/1844/1844
f 1843/1843/1843 1845/1845/1845 1844/1844/1844
f 1844/1844/1844 1845/1845/1845 1846/1846/1846
f 1845/1845/1845 1847/1847/1847 1846/1846/1846
f 1846/1846/1846 1847/1847/1847 1848/1848/1848
f 1847/1847/1847 1849/1849/1849 1848/1848/1848
f 1848/1848/1848 1849/1849/1849 1850/1850/1850
f 1849/1849/1849 1851/1851/1851 1850/1850/1850
f 1850/1850/1850 1851/1851/1851 1852/1852/1852
f 1851/1851/1851 1853/1853/1853 1852/1852/1852
f 1852/1852/1852 1853/1853/1853 1854/1854/1854
f 1853/1853/1853 1855/1855/1855 1854/1854/1854
f 1854/1854/1854 1855/1855/1855 1856/1856/1856
f 1855/1855/1855 1857/1857/1857 1856/1856/1856
f 1856/1856/1856 1857/1857/1857 1858/1858/1858
f 1857/1857/1857 1859/1859/1859 1858/1858/1858
f 1858/1858/1858 1859/1859/1859 1860/1860/1860
f 1859/1859/1859 1861/1861/1861 1860/1860/1860
f 1860/1860/1860 1861/1861/1861 1862/1862/1862
f 1861/1861/1861 1863/1863/1863 1862/1862/1862
f 1862/1862/1862 1863/1863/1863 1864/1864/1864
f 1863/1863/1863 1865/1865/1865 1864/1864/1864
f 1864/1864/1864 1865/1865/1865 1866/1866/1866
f 1865/1865/1865 1867/1867/1867 1866/1866/1866
f 1866/1866/1866 1867/1867/1867 1868/1868/1868
f 1867/1867/1867 1869/1869/1869 1868/1868/1868
f 1868/1868/1868 1869/1869/1869 1870/1870/1870
f 1869/1869/1869 1871/1871/1871 1870/1870/1870
f 1870/1870/1870 1871/1871/1871 1872/1872/1872
f 1871/1871/1871 1873/1873/1873 1872/1872/1872
f 1872/1872/1872 1873/1873/1873 1874/1874/1874
f 1873/1873/1873 1875/1875/1875 1874/1874/1874
f 1874/1874/1874 1875/1875/1875 1876/1876/1876
f 1875/1875/1875 1877/1877/1877 1876/1876/1876
f 1876/1876/1876 1877/1877/1877 1878/1878/1878
f 1877/1877/1877 1879/1879/1879 1878/1878/1878
f 1878/1878/1878 1879/1879/1879 1880/1880/1880
f 1879/1879/1879 1881/1881/1881 1880/1880/1880
f 1880/1880/1880 1881/1881/1881 1882/1882/1882
f 1881/1881/1881 1883/1883/1883 1882/1882/1882
f 1882/1882/1882 1883/1883/1883 1884/1884/1884
f 1883/1883/1883 1885/1885/1885 1884/1884/1884
f 1884/1884/1884 1885/1885/1885 1886/1886/1886
f 1885/1885/1885 1887/1887/1887 1886/1886/1886
f 1886/1886/1886 1887/1887/1887 1888/1888/1888
f 1887/1887/1887 1889/1889/1889 1888/1888/1888
f 1888/1888/1888 1889/1889/1889 1890/1890/1890
f 1889/1889/1889 1891/1891/1891 1890/1890/1890
f 1890/1890/1890 1891/1891/1891 1892/1892/1892
f 1891/1891/1891 1893/1893/1893 1892/1892/1892
f 1892/1892/1892 1893/1893/1893 1894/1894/1894
f 1893/1893/1893 1895/1895/1895 1894/1894/1894
f 1894/1894/1894 1895/1895/1895 1896/1896/1896
f 1895/1895/1895 1897/1897/1897 1896/1896/1896
f 1896/1896/1896 1897/1897/1897 1898/1898/1898
f 1897/1897/1897 1899/1899/1899 1898/1898/1898
f 1898/1898/1898 1899/1899/1899 1900/1900/1900
f 1899/1899/1899 1901/1901/1901 1900/1900/1900
f 1900/1900/1900 1901/1901/1901 1902/1902/1902
f 1901/1901/1901 1903/1903/1903 1902/1902/1902
f 1902/1902/1902 1903/1903/1903 1904/1904/1904
f 1903/1903/1903 1905/1905/1905 1904/1904/1904
f 1904/1904/1904 1905/1905/1905 1906/1906/1906
f 1905/1905/1905 1907/1907/1907 1906/1906/1906
f 1906/1906/1906 1907/1907/1907 1908/1908/1908
f 1907/1907/1907 1909/1909/1909 1908/1908/1908
f 1908/1908/1908 1909/1909/1909 1910/1910/1910
f 1909/1909/1909 1911/1911/1911 1910/1910/1910
f 1910/1910/1910 1911/1911/1911 1912/1912/1912
f 1911/1911/1911 1913/1913/1913 1912/1912/1912
f 1912/1912/1912 1913/1913/1913 1914/1914/1914
f 1913/1913/1913 1915/1915/1915 1914/1914/1914
f 1914/1914/1914 1915/1915/1915 1916/1916/1916
f 1915/1915/1915 1917/1917/1917 1916/1916/1916
f 1916/1916/1916 1917/1917/1917 1918/1918/1918
f 1917/1917/1917 1919/1919/1919 1918/1918/1918
f 1918/1918/1918 1919/1919/1919 1920/1920/1920
f 1919/1919/1919 1921/1921/1921 1920/1920/1920
f 1920/1920/1920 1921/1921/1921 1922/1922/1922
f 1921/1921/1921 1923/1923/1923 1922/1922/1922
f 1922/1922/1922 1923/1923/1923 1924/1924/1924
f 1923/1923/1923 1925/1925/1925 1924/1924/1924
f 1924/1924/1924 1925/1925/1925 1926/1926/1926
f 1925/1925/1925 1927/1927/1927 1926/1926/1926
f 1926/1926/1926 1927/1927/1927 1928/1928/1928
f 1927/1927/1927 1929/1929/1929 1928/1928/1928
f 1928/1928/1928 1929/1929/1929 1930/1930/1930
f 1929/1929/1929 1931/1931/1931 1930/1930/1930
f 1930/1930/1930 1931/1931/1931 1932/1932/1932
f 1931/1931/1931 1933/1933/1933 1932/1932/1932
f 1932/1932/1932 1933/1933/1933 1934/1934/1934
f 1933/1933/1933 1935/1935/1935 1934/1934/1934
f 1934/1934/1934 1935/1935/1935 1936/1936/1936
f 1935/1935/1935 1937/1937/1937 1936/1936/1936
f 1936/1936/1936 1937/1937/1937 1938/1938/1938
f 1937/1937/1937 1939/1939/1939 1938/1938/1938
f 1938/1938/1938 1939/1939/1939 1940/1940/1940
f 1939/1939/1939 1941/1941/1941 1940/1940/1940
f 1940/1940/1940 1941/1941/1941 1942/1942/1942
f 1941/1941/1941 1943/1943/1943 1942/1942/1942
f 1942/1942/1942 1943/1943/1943 1944/1944/1944
f 1943/1943/1943 1945/1945/1945 1944/1944/1944
f 1944/1944/1944 1945/1945/1945 1946/1946/1946
f 1945/1945/1945 1947/1947/1947 1946/1946/1946
f 1946/1946/1946 1947/1947/1947 1948/1948/1948
f 1947/1947/1947 1949/1949/1949 1948/1948/1948
f 1948/1948/1948 1949/1949/1949 1950/1950/1950
f 1949/1949/1949 1951/1951/1951 1950/1950/1950
f 1950/1950/1950 1951/1951/1951 1952/1952/1952
f 1951/1951/1951 1953/1953/1953 1952/1952/1952
f 1952/1952/1952 1953/1953/1953 1954/1954/1954
f 1953/1953/1953 1955/1955/1955 1954/1954/1954
f 1954/1954/1954 1955/1955/1955 1956/1956/1956
f 1955/1955/1955 1957/1957/1957 1956/1956/1956
f 1956/1956/1956 1957/1957/1957 1958/1958/1958
f 1957/1957/1957 1959/1959/1959 1958/1958/1958
f 1958/1958/1958 1959/1959/1959 1960/1960/1960
f 1959/1959/1959 1961/1961/1961 1960/1960/1960
f 1960/1960/1960 1961/1961/1961 1962/1962/1962
f 1961/1961/1961 1963/1963/1963 1962/1962/1962
f 1962/1962/1962 1963/1963/1963 1964/1964/1964
f 1963/1963/1963 1965/1965/1965 1964/1964/1964
f 1964/1964/1964 1965/1965/1965 1966/1966/1966
f 1965/1965/1965 1967/1967/1967 1966/1966/1966
f 1966/1966/1966 1967/1967/1967 1968/1968/1968
f 1967/1967/1967 1969/1969/1969 1968/1968/1968
f 1968/1968/1968 1969/1969/1969 1970/1970/1970
f 1969/1969/1969 1971/1971/1971 1970/1970/1970
f 1970/1970/1970 1971/1971/1971 1972/1972/1972
f 1971/1971/1971 1973/1973/1973 1972/1972/1972
f 1972/1972/1972 1973/1973/1973 1974/1974/1974
f 1973/1973/1973 1975/1975/1975 1974/1974/1974
f 1974/1974/1974 1975/1975/1975 1976/1976/1976
f 1975/1975/1975 1977/1977/1977 1976/1976/1976
f 1976/1976/1976 1977/1977/1977 1978/1978/1978
f 1977/1977/1977 1979/1979/1979 1978/1978/1978
f 1978/1978/1978 1979/1979/1979 1980/1980/1980
f 1979/1979/1979 1981/1981/1981 1980/1980/1980
f 1980/1980/1980 1981/1981/1981 1982/1982/1982
f 1981/1981/1981 1983/1983/1983 1982/1982/1982
f 1982/1982/1982 1983/1983/1983 1984/1984/1984
f 1983/1983/1983 1985/1985/1985 1984/1984/1984
f 1984/1984/1984 1985/1985/1985 1986/1986/1986
f 1985/1985/1985 1987/1987/1987 1986/1986/1986
f 1986/1986/1986 1987/1987/1987 1988/1988/1988
f 1987/1987/1987 1989/1989/1989 1988/1988/1988
f 1988/1988/1988 1989/1989/1989 1990/1990/1990
f 1989/1989/1989 1991/1991/1991 1990/1990/1990
f 1990/1990/1990 1991/1991/1991 1992/1992/1992
f 1991/1991/1991 1993/1993/1993 1992/1992/1992
f 1992/1992/1992 1993/1993/1993 1994/1994/1994
f 1993/1993/1993 1995/1995/1995 1994/1994/1994
f 1994/1994/1994 1995/1995/1995 1996/1996/1996
f 1995/1995/1995 1997/1997/1997 1996/1996/1996
f 1996/1996/1996 1997/1997/1997 1998/1998/1998
f 1997/1997/1997 1999/1999/1999 1998/1998/1998
f 1998/1998/1998 1999/1999/1999 2000/2000/2000
f 1999/1999/1999 2001/2001/2001 2000/2000/2000
f 2000/2000/2000 2001/2001/2001 2002/2002/2002
f 2001/2001/2001 2003/2003/2003 2002/2002/2002
f 2002/2002/2002 2003/2003/2003 2004/2004/2004
f 2003/2003/2003 2005/2005/2005 2004/2004/2004
f 2004/2004/2004 2005/2005/2005 2006/2006/2006
f 2005/2005/2005 2007/2007/2007 2006/2006/2006
f 2006/2006/2006 2007/2007/2007 2008/2008/2008
f 2007/2007/2007 2009/2009/2009 2008/2008/2008
f 2008/2008/2008 2009/2009/2009 2010/2010/2010
f 2009/2009/2009 2011/2011/2011 2010/2010/2010
f 2010/2010/2010 2011/2011/2011 2012/2012/2012
f 2011/2011/2011 2013/2013/2013 2012/2012/2012
f 2012/2012/2012 2013/2013/2013 2014/2014/2014
f 2013/2013/2013 2015/2015/2015 2014/2014/2014
f 2014/2014/2014 2015/2015/2015 2016/2016/2016
f 2015/2015/2015 2017/2017/2017 2016/2016/2016
f 2016/2016/2016 2017/2017/2017 2018/2018/2018
f 2017/2017/2017 2019/2019/2019 2018/2018/2018
f 2018/2018/2018 2019/2019/2019 2020/2020/2020
f 2019/2019/2019 2021/2021/2021 2020/2020/2020
f 2020/2020/2020 2021/2021/2021 2022/2022/2022
f 2021/2021/2021 2023/2023/2023 2022/2022/2022
f 2022/2022/2022 2023/2023/2023 2024/2024/2024
f 2023/2023/2023 2025/2025/2025 2024/2024/2024
f 2024/2024/2024 2025/2025/2025 2026/2026/2026
f 2025/2025/2025 2027/2027/2027 2026/2026/2026
f 2026/2026/2026 2027/2027/2027 2028/2028/2028
f 2027/2027/2027 2029/2029/2029 2028/2028/2028
f 2028/2028/2028 2029/2029/2029 2030/2030/2030
f 2029/2029/2029 2031/2031/2031 2030/2030/2030
f 2030/2030/2030 2031/2031/2031 2032/2032/2032
f 2031/2031/2031 2033/2033/2033 2032/2032/2032
f 2032/2032/2032 2033/2033/2033 2034/2034/2034
f 2033/2033/2033 2035/2035/2035 2034/2034/2034
f 2034/2034/2034 2035/2035/2035 2036/2036/2036
f 2035/2035/2035 2037/2037/2037 2036/2036/2036
f 2036/2036/2036 2037/2037/2037 2038/2038/2038
f 2037/2037/2037 2039/2039/2039 2038/2038/2038
f 2038/2038/2038 2039/2039/2039 2040/2040/2040
f 2039/2039/2039 2041/2041/2041 2040/2040/2040
f 2040/2040/2040 2041/2041/2041 2042/2042/2042
f 2041/2041/2041 2043/2043/2043 2042/2042/2042
f 2042/2042/2042 2043/2043/2043 2044/2044/2044
f 2043/2043/2043 2045/2045/2045 2044/2044/2044
f 2044/2044/2044 2045/2045/2045 2046/2046/2046
f 2045/2045/2045 2047/2047/2047 2046/2046/2046
f 2046/2046/2046 2047/2047/2047 2048/2048/2048
f 2047/2047/2047 2049/2049/2049 2048/2048/2048
f 2048/2048/2048 2049/2049/2049 2050/2050/2050
f 2049/2049/2049 2051/2051/2051 2050/2050/2050
f 2050/2050/2050 2051/2051/2051 2052/2052/2052
f 2051/2051/2051 2053/2053/2053 2052/2052/2052
f 2052/2052/2052 2053/2053/2053 2054/2054/2054
f 2053/2053/2053 2055/2055/2055 2054/2054/2054
f 2054/2054/2054 2055/2055/2055 2056/2056/2056
f 2055/2055/2055 2057/2057/2057 2056/2056/2056
f 2056/2056/2056 2057/2057/2057 2058/2058/2058
f 2057/2057/2057 2059/2059/2059 2058/2058/2058
f 2058/2058/2058 2059/2059/2059 2060/2060/2060
f 2059/2059/2059 2061/2061/2061 2060/2060/2060
f 2060/2060/2060 2061/2061/2061 2062/2062/2062
f 2061/2061/2061 2063/2063/2063 2062/2062/2062
f 2062/2062/2062 2063/2063/2063 2064/2064/2064
f 2063/2063/2063 2065/2065/2065 2064/2064/2064
f 2064/2064/2064 2065/2065/2065 2066/2066/2066
f 2065/2065/2065 2067/2067/2067 2066/2066/2066
f 2066/2066/2066 2067/2067/2067 2068/2068/2068
f 2067/2067/2067 2069/2069/2069 2068/2068/2068
f 2068/2068/2068 2069/2069/2069 2070/2070/2070
f 2069/2069/2069 2071/2071/2071 2070/2070/2070
f 2070/2070/2070 2071/2071/2071 2072/2072/2072
f 2071/2071/2071 2073/2073/2073 2072/2072/2072
f 2072/2072/2072 2073/2073/2073 2074/2074/2074
f 2073/2073/2073 2075/2075/2075 2074/2074/2074
f 2074/2074/2074 2075/2075/2075 2076/2076/2076
f 2075/2075/2075 2077/2077/2077 2076/2076/2076
f 2076/2076/2076 2077/2077/2077 2078/2078/2078
f 2077/2077/2077 2079/2079/2079 2078/2078/2078
f 2078/2078/2078 2079/2079/2079 2080/2080/2080
f 2079/2079/2079 2081/2081/2081 2080/2080/2080
f 2080/2080/2080 2081/2081/2081 2082/2082/2082
f 2081/2081/2081 2083/2083/2083 2082/2082/2082
f 2082/2082/2082 2083/2083/2083 2084/2084/2084
f 2083/2083/2083 2085/2085/2085 2084/2084/2084
f 2084/2084/2084 2085/2085/2085 2086/2086/2086
f 2085/2085/2085 2087/2087/2087 2086/2086/2086
f 2086/2086/2086 2087/2087/2087 2088/2088/2088
f 2087/2087/2087 2089/2089/2089 2088/2088/2088
f 2088/2088/2088 2089/2089/2089 2090/2090/2090
f 2089/2089/2089 2091/2091/2091 2090/2090/2090
f 2090/2090/2090 2091/2091/2091 2092/2092/2092
f 2091/2091/2091 2093/2093/2093 2092/2092/2092
f 2092/2092/2092 2093/2093/2093 2094/2094/2094
f 2093/2093/2093 2095/2095/2095 2094/2094/2094
f 2094/2094/2094 2095/2095/2095 2096/2096/2096
f 2095/2095/2095 2097/2097/2097 2096/2096/2096
f 2096/2096/2096 2097/2097/2097 2098/2098/2098
f 2097/2097/2097 2099/2099/2099 2098/2098/2098
f 2098/2098/2098 2099/2099/2099 2100/2100/2100
f 2099/2099/2099 2101/2101/2101 2100/2100/2100
f 2100/2100/2100 2101/2101/2101 2102/2102/2102
f 2101/2101/2101 2103/2103/2103 2102/2102/2102
f 2102/2102/2102 2103/2103/2103 2104/2104/2104
f 2103/2103/2103 2105/2105/2105 2104/2104/2104
f 2104/2104/2104 2105/2105/2105 2106/2106/2106
f 2105/2105/2105 2107/2107/2107 2106/2106/2106
f 2106/2106/2106 2107/2107/2107 2108/2108/2108
f 2107/2107/2107 2109/2109/2109 2108/2108/2108
f 2108/2108/2108 2109/2109/2109 2110/2110/2110
f 2109/2109/2109 2111/2111/2111 2110/2110/2110
f 2110/2110/2110 2111/2111/2111 2112/2112/2112
f 2111/2111/2111 2113/2113/2113 2112/2112/2112
f 2112/2112/2112 2113/2113/2113 2114/2114/2114
f 2113/2113/2113 2115/2115/2115 2114/2114/2114
f 2114/2114/2114 2115/2115/2115 2116/2116/2116
f 2115/2115/2115 2117/2117/2117 2116/2116/2116
f 2116/2116/2116 2117/2117/2117 2118/2118/2118
f 2117/2117/2117 2119/2119/2119 2118/2118/2118
f 2118/2118/2118 2119/2119/2119 2120/2120/2120
f 2119/2119/2119 2121/2121/2121 2120/2120/2120
f 2120/2120/2120 2121/2121/2121 2122/2122/2122
f 2121/2121/2121 2123/2123/2123 2122/2122/2122
f 2122/2122/2122 2123/2123/2123 2124/2124/2124
f 2123/2123/2123 2125/2125/2125 2124/2124/2124
f 2124/2124/2124 2125/2125/2125 2126/2126/2126
f 2125/2125/2125 2127/2127/2127 2126/2126/2126
f 2126/2126/2126 2127/2127/2127 2128/2128/2128
f 2127/2127/2127 2129/2129/2129 2128/2128/2128
f 2128/2128/2128 2129/2129/2129 2130/2130/2130
f 2129/2129/2129 2131/2131/2131 2130/2130/2130
f 2130/2130/2130 2131/2131/2131 2132/2132/2132
f 2131/2131/2131 2133/2133/2133 2132/2132/2132
f 2132/2132/2132 2133/2133/2133 2134/2134/2134
f 2133/2133/2133 2135/2135/2135 2134/2134/2134
f 2134/2134/2134 2135/2135/2135 2136/2136/2136
f 2135/2135/2135 2137/2137/2137 2136/2136/2136
f 2136/2136/2136 2137/2137/2137 2138/2138/2138
f 2137/2137/2137 2139/2139/2139 2138/2138/2138
f 2138/2138/2138 2139/2139/2139 2140/2140/2140
f 2139/2139/2139 2141/2141/2141 2140/2140/2140
f 2140/2140/2140 2141/2141/2141 2142/2142/2142
f 2141/2141/2141 2143/2143/2143 2142/2142/2142
f 2142/2142/2142 2143/2143/2143 2144/2144/2144
f 2143/2143/2143 2145/2145/2145 2144/2144/2144
f 2144/2144/2144 2145/2145/2145 2146/2146/2146
f 2145/2145/2145 2147/2147/2147 2146/2146/2146
f 2146/2146/2146 2147/2147/2147 2148/2148/2148
f 2147/2147/2147 2149/2149/2149 2148/2148/2148
f 2148/2148/2148 2149/2149/2149 2150/2150/2150
f 2149/2149/2149 2151/2151/2151 2150/2150/2150
f 2150/2150/2150 2151/2151/2151 2152/2152/2152
f 2151/2151/2151 2153/2153/2153 2152/2152/2152
f 2152/2152/2152 2153/2153/2153 2154/2154/2154
f 2153/2153/2153 2155/2155/2155 2154/2154/2154
f 2154/2154/2154 2155/2155/2155 2156/2156/2156
f 2155/2155/2155 2157/2157/2157 2156/2156/2156
f 2156/2156/2156 2157/2157/2157 2158/2158/2158
f 2157/2157/2157 2159/2159/2159 2158/2158/2158
f 2158/2158/2158 2159/2159/2159 2160/2160/2160
f 2159/2159/2159 2161/2161/2161 2160/2160/2160
f 2160/2160/2160 2161/2161/2161 2162/2162/2162
f 2161/2161/2161 2163/2163/2163 2162/2162/2162
f 2162/2162/2162 2163/2163/2163 2164/2164/2164
f 2163/2163/2163 2165/2165/2165 2164/2164/2164
f 2164/2164/2164 2165/2165/2165 2166/2166/2166
f 2165/2165/2165 2167/2167/2167 2166/2166/2166
f 2166/2166/2166 2167/2167/2167 2168/2168/2168
f 2167/2167/2167 2169/2169/2169 2168/2168/2168
f 2168/2168/2168 2169/2169/2169 2170/2170/2170
f 2169/2169/2169 2171/2171/2171 2170/2170/2170
f 2170/2170/2170 2171/2171/2171 2172/2172/2172
f 2171/2171/2171 2173/2173/2173 2172/2172/2172
f 2172/2172/2172 2173/2173/2173 2174/2174/2174
f 2173/2173/2173 2175/2175/2175 2174/2174/2174
f 2174/2174/2174 2175/2175/2175 2176/2176/2176
f 2175/2175/2175 2177/2177/2177 2176/2176/2176
f 2176/2176/2176 2177/2177/2177 2178/2178/2178
f 2177/2177/2177 2179/2179/2179 2178/2178/2178
f 2178/2178/2178 2179/2179/2179 2180/2180/2180
f 2179/2179/2179 2181/2181/2181 2180/2180/2180
f 2180/2180/2180 2181/2181/2181 2182/2182/2182
f 2181/2181/2181 2183/2183/2183 2182/2182/2182
f 2182/2182/2182 2183/2183/2183 2184/2184/2184
f 2183/2183/2183 2185/2185/2185 2184/2184/2184
f 2184/2184/2184 2185/2185/2185 2186/2186/2186
f 2185/2185/2185 2187/2187/2187 2186/2186/2186
f 2186/2186/2186 2187/2187/2187 2188/2188/2188
f 2187/2187/2187 2189/2189/2189 2188/2188/2188
f 2188/2188/2188 2189/2189/2189 2190/2190/2190
f 2189/2189/2189 2191/2191/2191 2190/2190/2190
f 2190/2190/2190 2191/2191/2191 2192/2192/2192
f 2191/2191/2191 2193/2193/2193 2192/2192/2192
f 2192/2192/2192 2193/2193/2193 2194/2194/2194
f 2193/2193/2193 2195/2195/2195 2194/2194/2194
f 2194/2194/2194 2195/2195/2195 2196/2196/2196
f 2195/2195/2195 2197/2197/2197 2196/2196/2196
f 2196/2196/2196 2197/2197/2197 2198/2198/2198
f 2197/2197/2197 2199/2199/2199 2198/2198/2198
f 2198/2198/2198 2199/2199/2199 2200/2200/2200
f 2199/2199/2199 2201/2201/2201 2200/2200/2200
f 2200/2200/2200 2201/2201/2201 2202/2202/2202
f 2201/2201/2201 2203/2203/2203 2202/2202/2202
f 2202/2202/2202 2203/2203/2203 2204/2204/2204
f 2203/2203/2203 2205/2205/2205 2204/2204/2204
f 2204/2204/2204 2205/2205/2205 2206/2206/2206
f 2205/2205/2205 2207/2207/2207 2206/2206/2206
f 2206/2206/2206 2207/2207/2207 2208/2208/2208
f 2207/2207/2207 2209/2209/2209 2208/2208/2208
f 2208/2208/2208 2209/2209/2209 2210/2210/2210
f 2209/2209/2209 2211/2211/2211 2210/2210/2210
f 2210/2210/2210 2211/2211/2211 2212/2212/2212
f 2211/2211/2211 2213/2213/2213 2212/2212/2212
f 2212/2212/2212 2213/2213/2213 2214/2214/2214
f 2213/2213/2213 2215/2215/2215 2214/2214/2214
f 2214/2214/2214 2215/2215/2215 2216/2216/2216
f 2215/2215/2215 2217/2217/2217 2216/2216/2216
f 2216/2216/2216 2217/2217/2217 2218/2218/2218
f 2217/2217/2217 2219/2219/2219 2218/2218/2218
f 2218/2218/2218 2219/2219/2219 2220/2220/2220
f 2219/2219/2219 2221/2221/2221 2220/2220/2220
f 2220/2220/2220 2221/2221/2221 2222/2222/2222
f 2221/2221/2221 2223/2223/2223 2222/2222/2222
f 2222/2222/2222 2223/2223/2223 2224/2224/2224
f 2223/2223/2223 2225/2225/2225 2224/2224/2224
f 2224/2224/2224 2225/2225/2225 2226/2226/2226
f 2225/2225/2225 2227/2227/2227 2226/2226/2226
f 2226/2226/2226 2227/2227/2227 2228/2228/2228
f 2227/2227/2227 2229/2229/2229 2228/2228/2228
f 2228/2228/2228 2229/2229/2229 2230/2230/2230
f 2229/2229/2229 2231/2231/2231 2230/2230/2230
f 2230/2230/2230 2231/2231/2231 2232/2232/2232
f 2231/2231/2231 2233/2233/2233 2232/2232/2232
f 2232/2232/2232 2233/2233/2233 2234/2234/2234
f 2233/2233/2233 2235/2235/2235 2234/2234/2234
f 2234/2234/2234 2235/2235/2235 2236/2236/2236
f 2235/2235/2235 2237/2237/2237 2236/2236/2236
f 2236/2236/2236 2237/2237/2237 2238/2238/2238
f 2237/2237/2237 2239/2239/2239 2238/2238/2238
f 2238/2238/2238 2239/2239/2239 2240/2240/2240
f 2239/2239/2239 2241/2241/2241 2240/2240/2240
f 2240/2240/2240 2241/2241/2241 2242/2242/2242
f 2241/2241/2241 2243/2243/2243 2242/2242/2242
f 2242/2242/2242 2243/2243/2243 2244/2244/2244
f 2243/2243/2243 2245/2245/2245 2244/2244/2244
f 2244/2244/2244 2245/2245/2245 2246/2246/2246
f 2245/2245/2245 2247/2247/2247 2246/2246/2246
f 2246/2246/2246 2247/2247/2247 2248/2248/2248
f 2247/2247/2247 2249/2249/2249 2248/2248/2248
f 2248/2248/2248 2249/2249/2249 2250/2250/2250
f 2249/2249/2249 2251/2251/2251 2250/2250/2250
f 2250/2250/2250 2251/2251/2251 2252/2252/2252
f 2251/2251/2251 2253/2253/2253 2252/2252/2252
f 2252/2252/2252 2253/2253/2253 2254/2254/2254
f 2253/2253/2253 2255/2255/2255 2254/2254/2254
f 2254/2254/2254 2255/2255/2255 2256/2256/2256
f 2255/2255/2255 2257/2257/2257 2256/2256/2256
f 2256/2256/2256 2257/2257/2257 2258/2258/2258
f 2257/2257/2257 2259/2259/2259 2258/2258/2258
f 2258/2258/2258 2259/2259/2259 2260/2260/2260
f 2259/2259/2259 2261/2261/2261 2260/2260/2260
f 2260/2260/2260 2261/2261/2261 2262/2262/2262
f 2261/2261/2261 2263/2263/2263 2262/2262/2262
f 2262/2262/2262 2263/2263/2263 2264/2264/2264
f 2263/2263/2263 2265/2265/2265 2264/2264/2264
f 2264/2264/2264 2265/2265/2265 2266/2266/2266
f 2265/2265/2265 2267/2267/2267 2266/2266/2266
f 2266/2266/2266 2267/2267/2267 2268/2268/2268
f 2267/2267/2267 2269/2269/2269 2268/2268/2268
f 2268/2268/2268 2269/2269/2269 2270/2270/2270
f 2269/2269/2269 2271/2271/2271 2270/2270/2270
f 2270/2270/2270 2271/2271/2271 2272/2272/2272
f 2271/2271/2271 2273/2273/2273 2272/2272/2272
f 2272/2272/2272 2273/2273/2273 2274/2274/2274
f 2273/2273/2273 2275/2275/2275 2274/2274/2274
f 2274/2274/2274 2275/2275/2275 2276/2276/2276
f 2275/2275/2275 2277/2277/2277 2276/2276/2276
f 2276/2276/2276 2277/2277/2277 2278/2278/2278
f 2277/2277/2277 2279/2279/2279 2278/2278/2278
f 2278/2278/2278 2279/2279/2279 2280/2280/2280
f 2279/2279/2279 2281/2281/2281 2280/2280/2280
f 2280/2280/2280 2281/2281/2281 2282/2282/2282
f 2281/2281/2281 2283/2283/2283 2282/2282/2282
f 2282/2282/2282 2283/2283/2283 2284/2284/2284
f 2283/2283/2283 2285/2285/2285 2284/2284/2284
f 2284/2284/2284 2285/2285/2285 2286/2286/2286
f 2285/2285/2285 2287/2287/2287 2286/2286/2286
f 2286/2286/2286 2287/2287/2287 2288/2288/2288
f 2287/2287/2287 2289/2289/2289 2288/2288/2288
f 2288/2288/2288 2289/2289/2289 2290/2290/2290
f 2289/2289/2289 2291/2291/2291 2290/2290/2290
f 2290/2290/2290 2291/2291/2291 2292/2292/2292
f 2291/2291/2291 2293/2293/2293 2292/2292/2292
f 2292/2292/2292 2293/2293/2293 2294/2294/2294
f 2293/2293/2293 2295/2295/2295 2294/2294/2294
f 2294/2294/2294 2295/2295/2295 2296/2296/2296
f 2295/2295/2295 2297/2297/2297 2296/2296/2296
f 2296/2296/2296 2297/2297/2297 2298/2298/2298
f 2297/2297/2297 2299/2299/2299 2298/2298/2298
f 2298/2298/2298 2299/2299/2299 2300/2300/2300
f 2299/2299/2299 2301/2301/2301 2300/2300/2300
f 2300/2300/2300 2301/2301/2301 2302/2302/2302
f 2301/2301/2301 2303/2303/2303 2302/2302/2302
f 2302/2302/2302 2303/2303/2303 2304/2304/2304
f 2303/2303/2303 2305/2305/2305 2304/2304/2304
f 2304/2304/2304 2305/2305/2305 2306/2306/2306
f 2305/2305/2305 2307/2307/2307 2306/2306/2306
f 2306/2306/2306 2307/2307/2307 2308/2308/2308
f 2307/2307/2307 2309/2309/2309 2308/2308/2308
f 2308/2308/2308 2309/2309/2309 2310/2310/2310
f 2309/2309/2309 2311/2311/2311 2310/2310/2310
f 2310/2310/2310 2311/2311/2311 2312/2312/2312
f 2311/2311/2311 2313/2313/2313 2312/2312/2312
f 2312/2312/2312 2313/2313/2313 2314/2314/2314
f 2313/2313/2313 2315/2315/2315 2314/2314/2314
f 2314/2314/2314 2315/2315/2315 2316/2316/2316
f 2315/2315/2315 2317/2317/2317 2316/2316/2316
f 2316/2316/2316 2317/2317/2317 2318/2318/2318
f 2317/2317/2317 2319/2319/2319 2318/2318/2318
f 2318/2318/2318 2319/2319/2319 2320/2320/2320
f 2319/2319/2319 2321/2321/2321 2320/2320/2320
f 2320/2320/2320 2321/2321/2321 2322/2322/2322
f 2321/2321/2321 2323/2323/2323 2322/2322/2322
f 2322/2322/2322 2323/2323/2323 2324/2324/2324
f 2323/2323/2323 2325/2325/2325 2324/2324/2324
f 2324/2324/2324 2325/2325/2325 2326/2326/2326
f 2325/2325/2325 2327/2327/2327 2326/2326/2326
f 2326/2326/2326 2327/2327/2327 2328/2328/2328
f 2327/2327/2327 2329/2329/2329 2328/2328/2328
f 2328/2328/2328 2329/2329/2329 2330/2330/2330
f 2329/2329/2329 2331/2331/2331 2330/2330/2330
f 2330/2330/2330 2331/2331/2331 2332/2332/2332
f 2331/2331/2331 2333/2333/2333 2332/2332/2332
f 2332/2332/2332 2333/2333/2333 2334/2334/2334
f 2333/2333/2333 2335/2335/2335 2334/2334/2334
f 2334/2334/2334 2335/2335/2335 2336/2336/2336
f 2335/2335/2335 2337/2337/2337 2336/2336/2336
f 2336/2336/2336 2337/2337/2337 2338/2338/2338
f 2337/2337/2337 2339/2339/2339 2338/2338/2338
f 2338/2338/2338 2339/2339/2339 2340/2340/2340
f 2339/2339/2339 2341/2341/2341 2340/2340/2340
f 2340/2340/2340 2341/2341/2341 2342/2342/2342
f 2341/2341/2341 2343/2343/2343 2342/2342/2342
f 2342/2342/2342 2343/2343/2343 2344/2344/2344
f 2343/2343/2343 2345/2345/2345 2344/2344/2344
f 2344/2344/2344 2345/2345/2345 2346/2346/2346
f 2345/2345/2345 2347/2347/2347 2346/2346/2346
f 2346/2346/2346 2347/2347/2347 2348/2348/2348
f 2347/2347/2347 2349/2349/2349 2348/2348/2348
f 2348/2348/2348 2349/2349/2349 2350/2350/2350
f 2349/2349/2349 2351/2351/2351 2350/2350/2350
f 2350/2350/2350 2351/2351/2351 2352/2352/2352
f 2351/2351/2351 2353/2353/2353 2352/2352/2352
f 2352/2352/2352 2353/2353/2353 2354/2354/2354
f 2353/2353/2353 2355/2355/2355 2354/2354/2354
f 2354/2354/2354 2355/2355/2355 2356/2356/2356
f 2355/2355/2355 2357/2357/2357 2356/2356/2356
f 2356/2356/2356 2357/2357/2357 2358/2358/2358
f 2357/2357/2357 2359/2359/2359 2358/2358/2358
f 2358/2358/2358 2359/2359/2359 2360/2360/2360
f 2359/2359/2359 2361/2361/2361 2360/2360/2360
f 2360/2360/2360 2361/2361/2361 2362/2362/2362
f 2361/2361/2361 2363/2363/2363 2362/2362/2362
f 2362/2362/2362 2363/2363/2363 2364/2364/2364
f 2363/2363/2363 2365/2365/2365 2364/2364/2364
f 2364/2364/2364 2365/2365/2365 2366/2366/2366
f 2365/2365/2365 2367/2367/2367 2366/2366/2366
f 2366/2366/2366 2367/2367/2367 2368/2368/2368
f 2367/2367/2367 2369/2369/2369 2368/2368/2368
f 2368/2368/2368 2369/2369/2369 2370/2370/2370
f 2369/2369/2369 2371/2371/2371 2370/2370/2370
f 2370/2370/2370 2371/2371/2371 2372/2372/2372
f 2371/2371/2371 2373/2373/2373 2372/2372/2372
f 2372/2372/2372 2373/2373/2373 2374/2374/2374
f 2373/2373/2373 2375/2375/2375 2374/2374/2374
f 2374/2374/2374 2375/2375/2375 2376/2376/2376
f 2375/2375/2375 2377/2377/2377 2376/2376/2376
f 2376/2376/2376 2377/2377/2377 2378/2378/2378
f 2377/2377/2377 2379/2379/2379 2378/2378/2378
f 2378/2378/2378 2379/2379/2379 2380/2380/2380
f 2379/2379/2379 2381/2381/2381 2380/2380/2380
f 2380/2380/2380 2381/2381/2381 2382/2382/2382
f 2381/2381/2381 2383/2383/2383 2382/2382/2382
f 2382/2382/2382 2383/2383/2383 2384/2384/2384
f 2383/2383/2383 2385/2385/2385 2384/2384/2384
f 2384/2384/2384 2385/2385/2385 2386/2386/2386
f 2385/2385/2385 2387/2387/2387 2386/2386/2386
f 2386/2386/2386 2387/2387/2387 2388/2388/2388
f 2387/2387/2387 2389/2389/2389 2388/2388/2388
f 2388/2388/2388 2389/2389/2389 2390/2390/2390
f 2389/2389/2389 2391/2391/2391 2390/2390/2390
f 2390/2390/2390 2391/2391/2391 2392/2392/2392
f 2391/2391/2391 2393/2393/2393 2392/2392/2392
f 2392/2392/2392 2393/2393/2393 2394/2394/2394
f 2393/2393/2393 2395/2395/2395 2394/2394/2394
f 2394/2394/2394 2395/2395/2395 2396/2396/2396
f 2395/2395/2395 2397/2397/2397 2396/2396/2396
f 2396/2396/2396 2397/2397/2397 2398/2398/2398
f 2397/2397/2397 2399/2399/2399 2398/2398/2398
f 2398/2398/2398 2399/2399/2399 2400/2400/2400
f 2399/2399/2399 2401/2401/2401 2400/2400/2400
f 2400/2400/2400 2401/2401/2401 2402/2402/2402
f 2401/2401/2401 2403/2403/2403 2402/2402/2402
f 2402/2402/2402 2403/2403/2403 2404/2404/2404
f 2403/2403/2403 2405/2405/2405 2404/2404/2404
f 2404/2404/2404 2405/2405/2405 2406/2406/2406
f 2405/2405/2405 2407/2407/2407 2406/2406/2406
f 2406/2406/2406 2407/2407/2407 2408/2408/2408
f 2407/2407/2407 2409/2409/2409 2408/2408/2408
f 2408/2408/2408 2409/2409/2409 2410/2410/2410
f 2409/2409/2409 2411/2411/2411 2410/2410/2410
f 2410/2410/2410 2411/2411/2411 2412/2412/2412
f 2411/2411/2411 2413/2413/2413 2412/2412/2412
f 2412/2412/2412 2413/2413/2413 2414/2414/2414
f 2413/2413/2413 2415/2415/2415 2414/2414/2414
f 2414/2414/2414 2415/2415/2415 2416/2416/2416
f 2415/2415/2415 2417/2417/2417 2416/2416/2416
f 2416/2416/2416 2417/2417/2417 2418/2418/2418
f 2417/2417/2417 2419/2419/2419 2418/2418/2418
f 2418/2418/2418 2419/2419/2419 2420/2420/2420
f 2419/2419/2419 2421/2421/2421 2420/2420/2420
f 2420/2420/2420 2421/2421/2421 2422/2422/2422
f 2421/2421/2421 2423/2423/2423 2422/2422/2422
f 2422/2422/2422 2423/2423/2423 2424/2424/2424
f 2423/2423/2423 2425/2425/2425 2424/2424/2424
f 2424/2424/2424 2425/2425/2425 2426/2426/2426
f 2425/2425/2425 2427/2427/2427 2426/2426/2426
f 2426/2426/2426 2427/2427/2427 2428/2428/2428
f 2427/2427/2427 2429/2429/2429 2428/2428/2428
f 2428/2428/2428 2429/2429/2429 2430/2430/2430
f 2429/2429/2429 2431/2431/2431 2430/2430/2430
f 2430/2430/2430 2431/2431/2431 2432/2432/2432
f 2431/2431/2431 2433/2433/2433 2432/2432/2432
f 2432/2432/2432 2433/2433/2433 2434/2434/2434
f 2433/2433/2433 2435/2435/2435 2434/2434/2434
f 2434/2434/2434 2435/2435/2435 2436/2436/2436
f 2435/2435/2435 2437/2437/2437 2436/2436/2436
f 2436/2436/2436 2437/2437/2437 2438/2438/2438
f 2437/2437/2437 2439/2439/2439 2438/2438/2438
f 2438/2438/2438 2439/2439/2439 2440/2440/2440
f 2439/2439/2439 2441/2441/2441 2440/2440/2440
f 2440/2440/2440 2441/2441/2441 2442/2442/2442
f 2441/2441/2441 2443/2443/2443 2442/2442/2442
f 2442/2442/2442 2443/2443/2443 2444/2444/2444
f 2443/2443/2443 2445/2445/2445 2444/2444/2444
f 2444/2444/2444 2445/2445/2445 2446/2446/2446
f 2445/2445/2445 2447/2447/2447 2446/2446/2446
f 2446/2446/2446 2447/2447/2447 2448/2448/2448
f 2447/2447/2447 2449/2449/2449 2448/2448/2448
f 2448/2448/2448 2449/2449/2449 2450/2450/2450
f 2449/2449/2449 2451/2451/2451 2450/2450/2450
f 2450/2450/2450 2451/2451/2451 2452/2452/2452
f 2451/2451/2451 2453/2453/2453 2452/2452/2452
f 2452/2452/2452 2453/2453/2453 2454/2454/2454
f 2453/2453/2453 2455/2455/2455 2454/2454/2454
f 2454/2454/2454 2455/2455/2455 2456/2456/2456
f 2455/2455/2455 2457/2457/2457 2456/2456/2456
f 2456/2456/2456 2457/2457/2457 2458/2458/2458
f 2457/2457/2457 2459/2459/2459 2458/2458/2458
f 2458/2458/2458 2459/2459/2459 2460/2460/2460
f 2459/2459/2459 2461/2461/2461 2460/2460/2460
f 2460/2460/2460 2461/2461/2461 2462/2462/2462
f 2461/2461/2461 2463/2463/2463 2462/2462/2462
f 2462/2462/2462 2463/2463/2463 2464/2464/2464
f 2463/2463/2463 2465/2465/2465 2464/2464/2464
f 2464/2464/2464 2465/2465/2465 2466/2466/2466
f 2465/2465/2465 2467/2467/2467 2466/2466/2466
f 2466/2466/2466 2467/2467/2467 2468/2468/2468
f 2467/2467/2467 2469/2469/2469 2468/2468/2468
f 2468/2468/2468 2469/2469/2469 2470/2470/2470
f 2469/2469/2469 2471/2471/2471 2470/2470/2470
f 2470/2470/2470 2471/2471/2471 2472/2472/2472
f 2471/2471/2471 2473/2473/2473 2472/2472/2472
f 2472/2472/2472 2473/2473/2473 2474/2474/2474
f 2473/2473/2473 2475/2475/2475 2474/2474/2474
f 2474/2474/2474 2475/2475/2475 2476/2476/2476
f 2475/2475/2475 2477/2477/2477 2476/2476/2476
f 2476/2476/2476 2477/2477/2477 2478/2478/2478
f 2477/2477/2477 2479/2479/2479 2478/2478/2478
f 2478/2478/2478 2479/2479/2479 2480/2480/2480
