# MCO FRD road extraction

o road_strip
v -705.477147 0.211212 660.093007
v -704.962932 0.211212 627.697521
v -705.387426 0.211212 654.542164
v -704.871787 0.211212 622.056937
v -705.212001 0.211212 643.591825
v -704.780772 0.211212 616.424440
v -705.122278 0.211212 638.040861
v -704.678766 0.211212 610.099602
v -704.905151 0.211212 632.567200
v -704.905151 0.211212 604.536850
v -704.903442 0.211212 627.167175
v -704.903442 0.211212 599.130615
v -704.901733 0.211212 621.767212
v -704.901733 0.211212 593.724503
v -704.899963 0.211212 616.367310
v -704.899963 0.211212 591.977539
v -705.006009 0.211212 616.475457
v -704.834585 0.211212 594.876010
v -704.871826 0.211212 606.999466
v -704.871826 0.211212 589.129868
v -700.637802 0.211212 592.140137
v -715.841461 0.211212 592.140137
v -703.243027 0.211212 592.140137
v -719.555939 0.211212 592.140137
v -692.381592 0.211212 592.139160
v -736.106812 0.211212 592.139160
v -697.825745 0.211212 592.137207
v -741.690582 0.211212 592.137207
v -703.225647 0.211212 592.135254
v -747.092407 0.211212 592.135254
v -708.625671 0.211212 592.133301
v -752.494431 0.211212 592.133301
v -714.025757 0.211212 592.131348
v -757.900864 0.211212 592.131348
v -724.576508 0.211212 592.130432
v -758.491531 0.211212 592.130432
v -729.505920 0.211212 592.130432
v -756.556152 0.211212 592.130432
v -730.222595 0.211212 592.130432
v -761.824707 0.211212 592.130432
v -758.866455 0.211212 583.246536
v -758.866455 0.211212 602.364853
v -758.847961 0.211212 587.884949
v -758.847961 0.211212 605.409348
v -758.832886 0.211212 593.220062
v -758.832886 0.211212 620.657822
v -758.827820 0.211212 598.667755
v -758.827820 0.211212 626.283554
v -758.822815 0.211212 605.231232
v -758.822815 0.211212 631.908325
v -758.817810 0.211212 610.970398
v -758.817810 0.211212 637.541260
v -758.812744 0.211212 616.451981
v -758.812744 0.211212 639.662918
v -758.807678 0.211212 622.203873
v -758.807678 0.211212 645.420273
v -758.796692 0.211212 628.205353
v -758.796692 0.211212 649.380295
v -758.784302 0.211212 634.340668
v -758.784302 0.211212 650.778824
v -765.361857 0.211212 641.400948
v -753.067599 0.211212 654.852313
v -763.984344 0.211212 652.137817
v -745.833878 0.211212 652.137817
v -756.535095 0.211212 652.137817
v -717.597656 0.211212 652.137817
v -751.154724 0.211212 652.132935
v -712.017517 0.211212 652.132935
v -751.154861 0.211212 652.123352
v -706.628540 0.211212 652.123352
v -745.754837 0.211212 652.113770
v -699.910614 0.211212 652.113770
v -734.954910 0.211212 652.104065
v -695.841034 0.211212 652.104065
v -729.554825 0.211212 652.094421
v -713.355225 0.211212 652.094421
v -724.155228 0.211212 652.084717
v -707.955200 0.211212 652.084717
v -718.755264 0.211212 652.075073
v -702.555298 0.211212 652.075073
v -713.355240 0.211212 652.065430
v -697.155212 0.211212 652.065430
v -707.955276 0.211212 652.055725
v -691.755249 0.211212 652.055725
v -702.554947 0.211212 652.046082
v -686.355286 0.211212 652.046082
v -697.174271 0.211212 652.036377
v -675.407333 0.211212 652.036377
v -691.784012 0.211212 652.026794
v -670.007431 0.211212 652.026794
v -686.359116 0.211212 652.019287
v -664.607315 0.211212 652.019287
v -680.955063 0.211212 652.025513
v -659.207184 0.211212 652.025513
v -680.931717 0.211212 652.043457
v -637.607162 0.211212 652.043457
v -675.531876 0.211212 652.061401
v -648.555298 0.211212 652.061401
v -664.731796 0.211212 652.079346
v -641.351517 0.211212 652.079346
v -662.038513 0.211212 652.097290
v -635.933609 0.211212 652.097290
v -656.638611 0.211212 652.115234
v -632.301514 0.211212 652.115234
v -648.531906 0.211212 652.133179
v -626.883606 0.211212 652.133179
v -653.960190 0.211212 652.151001
v -621.539124 0.211212 652.151001
v -643.160294 0.211212 652.167786
v -616.122986 0.211212 652.167786
v -637.762619 0.211212 652.158691
v -610.709259 0.211212 652.158691
v -637.811951 0.211212 652.124878
v -600.137650 0.211212 652.124878
v -626.993774 0.211212 652.091187
v -594.752609 0.211212 652.091187
v -621.553574 0.211212 652.074280
v -594.519653 0.211212 652.074280
v -619.427979 0.211212 652.074280
v -588.973389 0.211212 652.074280
v -610.553772 0.211212 652.074280
v -583.469543 0.211212 652.074280
v -610.418640 0.211212 652.074280
v -577.906128 0.211212 652.074280
v -604.084167 0.211212 652.074280
v -571.599915 0.211212 652.074280
v -591.350769 0.211212 652.074280
v -560.948441 0.211212 652.074280
v -584.020432 0.211212 652.074280
v -549.578308 0.211212 652.074280
v -578.186081 0.211212 652.091003
v -550.036362 0.211212 652.091003
v -558.250480 0.211212 655.921641
v -556.823423 0.211212 640.937532
v -557.431875 0.211212 647.728562
v -555.782634 0.211212 630.411534
v -557.485780 0.211212 647.111094
v -554.213432 0.211212 617.659963
v -556.623736 0.211212 641.243779
v -554.384927 0.211212 615.599240
v -556.130258 0.211212 635.345769
v -554.059864 0.211212 613.606627
v -555.569193 0.211212 629.719016
v -553.518835 0.211212 608.190257
v -555.046128 0.211212 624.311673
v -552.486631 0.211212 597.436955
v -554.063098 0.211212 618.767910
v -553.207255 0.211212 597.200655
v -553.770861 0.211212 613.378460
v -553.085750 0.211212 591.797458
v -553.333557 0.211212 607.792450
v -553.333557 0.211212 586.390991
v -553.339600 0.211212 602.589844
v -553.339600 0.211212 580.990326
v -553.345581 0.211212 602.589951
v -553.345581 0.211212 575.590179
v -553.351501 0.211212 607.853622
v -553.351501 0.211212 568.361221
v -553.357544 0.211212 602.459641
v -553.357544 0.211212 562.962173
v -553.363586 0.211212 597.065918
v -553.363586 0.211212 559.393250
v -553.369568 0.211212 591.671936
v -553.369568 0.211212 553.089996
v -553.375549 0.211212 580.607910
v -553.375549 0.211212 547.689911
v -553.381592 0.211212 576.164795
v -553.381592 0.211212 542.290741
v -553.387573 0.211212 569.807983
v -553.387573 0.211212 537.793350
v -553.393555 0.211212 569.807861
v -553.393555 0.211212 527.234818
v -553.399597 0.211212 564.407959
v -553.399597 0.211212 521.723312
v -553.405640 0.211212 559.007874
v -553.405640 0.211212 516.238235
v -553.411621 0.211212 553.607971
v -553.411621 0.211212 516.217117
v -553.417603 0.211212 532.007736
v -553.417603 0.211212 510.796600
v -553.423645 0.211212 529.099548
v -553.423645 0.211212 505.390747
v -553.429688 0.211212 521.219833
v -553.429688 0.211212 499.989792
v -553.435669 0.211212 518.311615
v -553.435669 0.211212 489.189941
v -553.441589 0.211212 510.431808
v -553.441589 0.211212 483.789856
v -553.447632 0.211212 508.989410
v -553.447632 0.211212 478.389740
v -553.453674 0.211212 503.595627
v -553.453674 0.211212 472.983841
v -553.459656 0.211212 494.601654
v -553.459656 0.211212 456.789841
v -553.465698 0.211212 490.107590
v -553.465698 0.211212 451.395828
v -553.471741 0.211212 483.813751
v -553.471741 0.211212 453.201950
v -553.477661 0.211212 478.419739
v -553.477661 0.211212 447.807938
v -553.483704 0.211212 472.989166
v -553.483704 0.211212 446.013779
v -553.295275 0.211212 467.587912
v -553.937212 0.211212 440.626575
v -553.302893 0.211212 467.455454
v -554.323994 0.211212 424.569187
v -553.434571 0.211212 462.191942
v -554.455742 0.211212 419.302762
v -553.422849 0.211212 473.125389
v -554.360819 0.211212 414.033268
v -553.767512 0.211212 467.834329
v -554.236569 0.211212 408.733149
v -554.350972 0.211212 451.707918
v -553.584283 0.211212 403.406522
v -553.943970 0.211212 446.057617
v -553.943970 0.211212 403.175308
v -553.943970 0.211212 447.537567
v -553.943970 0.211212 397.743881
v -553.943970 0.211212 441.395050
v -553.943970 0.211212 392.263397
v -553.943970 0.211212 434.643158
v -553.943970 0.211212 386.169540
v -553.919250 0.211212 407.646500
v -553.919250 0.211212 379.953690
v -557.463520 0.211212 395.819267
v -542.238305 0.211212 395.940102
v -552.874146 0.211212 395.914917
v -531.600220 0.211212 395.914917
v -546.558929 0.211212 395.915253
v -524.704300 0.211212 395.915253
v -539.939926 0.211212 395.919342
v -518.434067 0.211212 395.919342
v -533.224686 0.211212 395.929108
v -511.989471 0.211212 395.929108
v -526.947433 0.211212 395.936707
v -494.849197 0.211212 395.936707
v -521.283615 0.211212 395.933319
v -489.155579 0.211212 395.933319
v -515.884521 0.211212 395.932861
v -483.713013 0.211212 395.932861
v -515.884369 0.211212 395.927185
v -478.225632 0.211212 395.927185
v -505.279572 0.211212 395.921509
v -478.205856 0.211212 395.921509
v -499.898862 0.211212 395.972601
v -472.791928 0.211212 395.757466
v -494.550425 0.211212 395.911760
v -465.629081 0.211212 395.682225
v -489.150645 0.211212 395.857682
v -462.029354 0.211212 395.642434
v -483.751282 0.211212 395.738037
v -462.151367 0.211212 395.738037
v -480.179808 0.211212 395.655210
v -456.379976 0.211212 395.844097
v -474.777748 0.211212 395.542944
v -450.442894 0.211212 396.122345
v -472.768005 0.211212 395.273273
v -444.498068 0.211212 396.619461
v -462.113173 0.211212 395.605123
v -438.516249 0.211212 397.290618
v -457.022358 0.211212 395.589481
v -427.344198 0.211212 399.122595
v -451.759456 0.211212 395.743530
v -422.545236 0.211212 400.885232
v -446.221369 0.211212 395.952400
v -418.645695 0.211212 403.411393
v -445.061749 0.211212 394.038223
v -415.386932 0.211212 407.456401
v -437.953583 0.211212 392.590274
v -410.321813 0.211212 417.845118
v -430.456626 0.211212 393.302150
v -413.055769 0.211212 425.493738
v -425.517550 0.211212 397.306674
v -415.459924 0.211212 428.253215
v -423.543345 0.211212 396.788860
v -415.874577 0.211212 433.362986
v -420.350402 0.211212 407.182199
v -414.590352 0.211212 449.535505
v -418.943452 0.211212 412.452708
v -415.212822 0.211212 455.185388
v -417.717146 0.211212 423.190471
v -415.646568 0.211212 460.460864
v -417.206894 0.211212 428.572347
v -416.022487 0.211212 465.881175
v -417.097558 0.211212 428.572018
v -416.324779 0.211212 461.028746
v -416.642487 0.211212 433.373810
v -416.642487 0.211212 466.432770
v -416.630951 0.211212 438.343735
v -416.630951 0.211212 471.832230
v -416.619385 0.211212 443.122513
v -416.619385 0.211212 478.132889
v -416.623169 0.211212 447.852325
v -416.623169 0.211212 482.632812
v -416.643036 0.211212 447.250717
v -416.643036 0.211212 493.432831
v -416.663605 0.211212 451.634232
v -416.663605 0.211212 498.800613
v -416.684174 0.211212 465.316696
v -416.684174 0.211212 504.219131
v -416.704742 0.211212 470.324081
v -416.704742 0.211212 509.632660
v -416.725311 0.211212 475.273926
v -416.725311 0.211212 504.197937
v -416.745911 0.211212 480.223770
v -416.745911 0.211212 509.597931
v -419.154241 0.211212 479.808635
v -415.254616 0.211212 514.905261
v -423.402861 0.211212 488.178443
v -411.056464 0.211212 519.849637
v -424.550375 0.211212 496.241789
v -406.661751 0.211212 523.074726
v -424.471313 0.211212 503.125474
v -401.321772 0.211212 526.017797
v -427.775382 0.023304 506.953995
v -395.932144 0.323712 527.381733
v -423.476937 -0.693811 510.546364
v -390.086089 0.852062 530.642706
v -409.657652 -0.264285 518.877563
v -384.403594 1.372552 534.076763
v -404.930140 0.062351 521.720221
v -378.166092 1.797057 537.828211
v -400.477313 0.169572 524.505440
v -358.860426 3.637646 549.167298
v -395.862695 0.583209 527.245153
v -354.214730 4.053873 551.925428
v -391.256426 0.996153 529.980059
v -349.569162 4.470092 554.683622
v -386.626824 1.411044 532.728748
v -344.923631 4.886310 557.441751
v -377.409038 2.142638 538.310957
v -340.108141 5.564738 559.870190
v -372.754819 2.596954 541.011099
v -340.131156 5.589951 559.866977
v -368.092771 3.063766 543.695792
v -335.515464 6.052510 562.524877
v -363.430806 3.530574 546.380454
v -326.238807 6.942684 567.876746
v -358.768805 3.997402 549.065154
v -321.599695 7.407412 570.548217
v -354.106787 4.464215 551.749846
v -326.269756 7.018071 567.839139
v -345.669979 5.277335 556.616280
v -329.926769 6.721666 565.715566
v -344.762620 5.399680 557.130892
v -318.137530 7.842349 572.519705
v -340.120616 5.864669 559.803938
v -313.604897 8.297303 575.129537
v -335.458673 6.331471 562.488570
v -308.942928 8.764108 577.814183
v -330.796576 6.798290 565.173369
v -304.280831 9.230928 580.498982
v -326.180945 7.263479 567.939429
v -299.503129 9.688735 582.976017
v -321.660128 7.714579 570.892650
v -294.383900 10.149957 584.774301
v -317.034889 8.173370 573.685653
v -289.168781 10.596510 586.285981
v -312.272695 8.633689 576.228618
v -283.922366 11.056794 587.617212
v -307.446134 9.095373 578.683493
v -278.509989 11.526982 588.409928
v -302.468038 9.478645 580.812266
v -273.090598 12.149322 589.067084
v -297.400745 10.033433 582.674599
v -267.669826 12.450580 589.442612
v -292.235700 10.495416 584.265261
v -262.223722 12.915737 589.589967
v -287.000719 10.953635 585.614232
v -256.772492 13.371893 589.483445
v -281.693779 11.400789 586.567580
v -251.360959 13.827415 589.479531
v -276.358709 11.847317 587.351376
v -245.946023 14.261022 589.282340
v -270.997634 12.279448 587.895622
v -240.545795 14.696261 589.104028
v -265.630582 12.786434 588.306568
v -235.137488 14.964512 588.790586
v -260.248294 13.201780 588.469072
v -229.749959 15.380232 588.711122
v -254.869257 13.684365 588.583557
v -223.832192 15.654972 588.583557
v -249.482691 14.064642 588.574768
v -218.615983 16.024433 588.574768
v -244.096018 14.444574 588.565186
v -212.832754 16.429543 588.565186
v -238.709482 14.824510 588.555603
v -206.995664 16.838086 588.555603
v -233.322763 15.204446 588.546021
v -200.987805 17.257459 588.546021
v -227.936258 15.584386 588.536438
v -195.601300 17.637399 588.536438
v -222.549631 15.964315 588.526855
v -190.214673 18.017328 588.526855
v -217.162973 16.344243 588.517334
v -184.828015 18.397256 588.517334
v -211.776514 16.724871 588.522400
v -179.441540 18.777885 588.522400
v -206.390024 17.106670 588.552856
v -174.055188 19.159675 588.552856
v -201.003702 17.488979 588.594055
v -168.668851 19.541985 588.594055
v -195.617411 17.871272 588.635254
v -163.282605 19.924276 588.635254
v -190.722074 18.222394 588.676392
v -157.896252 20.306574 588.676392
v -186.190110 18.545892 588.714417
v -152.509580 20.684338 588.714417
v -182.016569 18.836927 588.745728
v -147.122311 21.052435 588.745728
v -177.886823 19.115606 588.768433
v -141.734387 21.410999 588.768433
v -173.355477 19.627913 588.870458
v -136.325921 21.391225 588.576573
v -168.327023 19.897648 588.814140
v -130.933954 21.678270 588.517369
v -163.308942 20.481458 588.749380
v -125.520898 21.381173 588.449475
v -157.915154 20.849979 588.569702
v -120.116343 21.149970 588.569702
v -152.515648 20.910160 588.553589
v -114.716807 21.210151 588.553589
v -147.116364 21.063629 588.559387
v -109.316315 21.063629 588.559387
v -141.716324 21.068970 588.577087
v -103.916336 21.068970 588.577087
v -136.316360 21.074310 588.594788
v -98.516373 21.074310 588.594788
v -130.916443 21.061646 588.606567
v -93.116379 21.061646 588.606567
v -125.516602 21.026794 588.610962
v -87.716553 21.026794 588.610962
v -120.116730 20.987732 588.614014
v -82.316742 20.987732 588.614014
v -114.716858 20.948654 588.617065
v -76.916809 20.948654 588.617065
v -109.317093 20.909103 588.617920
v -71.517059 20.909103 588.617920
v -103.879295 21.208478 589.577276
v -66.185996 20.311018 586.884898
v -98.480772 21.283086 589.291422
v -60.828783 19.788959 586.303169
v -93.085723 21.263260 588.949740
v -55.486431 19.174410 585.667262
v -87.682086 21.171367 588.680265
v -50.180916 18.471282 584.780144
v -82.295834 20.876527 588.321314
v -45.499711 17.932838 583.905779
v -76.920471 20.525084 587.870651
v -30.325477 16.424725 581.533732
v -71.535478 20.137976 587.460621
v -25.336642 15.667120 580.009196
v -66.188984 19.706241 586.792347
v -20.627027 14.929584 578.708774
v -60.846619 19.133074 586.146983
v -15.730418 14.364695 576.977023
v -55.483381 18.668036 585.483688
v -10.764405 13.536350 574.853767
v -50.153732 18.068843 584.668633
v -5.793842 12.936294 572.570481
v -44.899157 17.348460 583.575670
v -0.740369 12.564592 570.328034
v -39.598890 16.759459 582.528620
v 4.133142 11.982009 567.461282
v -34.337423 16.077935 581.312999
v 8.950464 11.638152 564.293830
v -29.127649 15.429250 579.875188
v 13.725046 11.330296 560.870950
v -23.910817 14.830571 578.349621
v 18.294189 11.062267 556.870288
v -18.859848 14.158361 576.420349
v 22.963467 11.116665 552.847209
v -14.014910 13.703390 574.408649
v 28.423154 10.927067 547.835282
v -9.022922 13.178091 571.841406
v 32.228059 11.213759 543.947884
v -4.287290 12.747779 569.180493
v 35.947669 11.564398 539.990426
v 0.228910 12.387906 566.184976
v 39.886637 11.995255 536.343517
v 4.725966 12.231461 563.145681
v 43.670068 12.231461 532.462448
v 9.119304 12.031636 559.964551
v 47.517386 12.815270 528.619178
v 13.300822 12.140093 556.536062
v 51.745636 12.924681 525.152541
v 17.482322 11.925953 553.106988
v 56.009709 13.891636 521.656059
v 21.659080 12.151352 549.695001
v 60.350868 14.125423 518.109869
v 25.692979 12.284919 546.111771
v 65.154915 14.676552 515.020549
v 29.741370 12.475379 542.553360
v 70.211731 15.280255 512.100416
v 33.815561 12.697554 539.017491
v 75.561599 15.939965 509.430495
v 37.932633 12.942930 535.513298
v 81.203326 16.651847 507.078273
v 42.129249 13.346324 532.106011
v 87.128185 17.096235 505.023319
v 46.453883 13.632088 528.827956
v 93.245495 17.885871 503.305259
v 51.099477 14.076034 526.107621
v 98.810677 18.374340 500.747614
v 55.806251 14.401441 523.474333
v 104.248974 19.202071 498.161918
v 60.455256 14.885088 520.751292
v 109.984849 19.749602 495.986495
v 65.146059 15.278123 518.073779
v 115.882197 20.618769 494.040873
v 69.772200 15.804436 515.233176
v 122.283970 21.236688 493.051480
v 74.518923 16.346387 512.578258
v 128.751077 21.861521 492.356098
v 79.549138 16.910695 509.972109
v 135.345435 22.490325 492.303281
v 84.775873 17.479535 507.626177
v 141.904644 23.098759 492.641581
v 89.995632 18.014469 505.505749
v 148.405755 23.713018 493.633773
v 95.162324 18.641845 503.801200
v 154.704194 23.923785 494.677848
v 100.386181 19.125254 502.466285
v 160.737423 24.436163 495.706946
v 105.676195 19.709012 501.355076
v 166.621996 24.545980 497.001805
v 110.960329 20.256710 500.449417
v 172.328789 24.640171 498.501212
v 116.279882 20.659535 499.836212
v 177.852334 25.057568 499.836212
v 121.722080 21.166201 499.736656
v 183.305323 25.076248 500.225412
v 127.178552 21.734537 499.104535
v 188.627647 24.660684 503.006065
v 132.640762 22.213544 498.980639
v 193.740285 24.153211 505.284558
v 138.142120 22.606531 498.971727
v 198.590523 23.573706 508.159884
v 143.581089 22.804216 499.300878
v 203.289579 23.285736 510.857360
v 148.958369 22.943970 499.929332
v 207.913681 22.943970 513.350054
v 154.360779 23.036519 500.739525
v 213.125630 22.554840 516.153256
v 159.611178 22.977157 501.923017
v 217.799574 22.500203 518.139457
v 164.780630 22.904336 503.039271
v 221.999187 22.431456 520.535856
v 170.129051 22.822749 504.672756
v 226.205965 22.359303 521.820243
v 175.045799 22.759074 506.193559
v 230.949965 22.297056 523.288222
v 166.061213 22.593079 503.253973
v 235.578361 22.593079 525.085806
v 170.716211 22.557846 504.729082
v 240.345337 22.557846 526.596081
v 175.284533 22.560257 506.394898
v 245.268191 22.560257 527.794860
v 179.780274 22.115778 508.243312
v 250.335777 23.281984 528.651929
v 184.342687 21.962048 509.884811
v 255.378873 23.708840 529.681782
v 188.873234 21.845253 511.642029
v 260.543621 24.195102 530.440819
v 193.357528 21.528556 513.635556
v 265.868077 25.065656 530.731539
v 198.036803 21.520966 515.001467
v 271.092785 25.678624 531.632097
v 202.644608 21.303157 516.866611
v 276.448667 26.659904 531.746461
v 207.311722 21.404192 518.587722
v 281.790250 27.410525 531.801654
v 212.078606 21.288328 520.225937
v 287.077334 28.546269 531.717678
v 216.910662 21.525966 521.816832
v 292.403921 29.377264 531.479969
v 221.831588 22.039364 523.001923
v 297.732401 29.933048 531.502814
v 226.795876 22.557930 524.386701
v 303.116261 30.495251 531.102895
v 231.855488 23.084887 525.400689
v 308.474629 31.053277 530.917267
v 236.929001 23.933020 526.622119
v 313.899968 31.263588 530.287403
v 242.116108 24.462285 527.711580
v 319.297993 31.812941 529.549243
v 247.396071 24.988483 528.689514
v 324.703430 32.351089 528.689514
v 252.743887 25.507213 528.976129
v 330.114676 32.875860 528.362075
v 258.122543 26.308097 529.461010
v 335.568664 33.069266 527.617055
v 263.581153 26.801461 529.851691
v 341.003203 33.560528 526.779387
v 269.084002 27.560330 530.420339
v 346.441179 33.699789 525.508773
v 274.566331 27.999878 530.036963
v 351.932161 34.140023 525.124847
v 280.107896 28.721550 530.206426
v 357.405754 34.242826 524.071675
v 285.658954 29.407612 530.017922
v 362.886308 34.310936 523.275851
v 311.843450 31.092384 527.700367
v 368.391897 34.682761 522.763598
v 317.205154 31.670163 527.307898
v 373.906428 34.370224 521.907776
v 322.763404 31.955950 526.745509
v 379.414622 34.653627 521.350155
v 328.820559 32.248766 526.127072
v 384.925352 34.920422 520.783759
v 335.362021 32.564658 525.462511
v 390.427007 35.186801 520.218226
v 341.396296 32.856398 524.846256
v 395.920212 35.452775 519.653502
v 346.761743 33.116288 524.293699
v 401.410533 35.718612 519.089052
v 352.121167 33.541978 523.750394
v 406.932502 35.282020 518.530267
v 357.478741 33.970058 523.125581
v 412.484577 34.406612 518.323484
v 362.854594 34.027449 522.615362
v 417.974739 34.464910 517.803285
v 367.067396 34.075624 522.206737
v 423.448285 34.523092 517.284596
v 371.549537 34.125922 521.774662
v 428.913533 34.581192 516.766694
v 376.245821 34.177935 521.323892
v 434.371834 34.639252 516.249399
v 381.621416 34.235339 520.813756
v 439.822565 34.697253 515.732704
v 386.996981 34.292727 520.303623
v 445.212266 34.754753 515.221336
v 390.759210 34.337326 519.934337
v 450.482263 34.811319 514.720419
v 396.283588 34.395896 519.411215
v 455.613099 34.866765 514.231654
v 401.806276 34.454467 518.888298
v 460.620361 34.921246 513.753735
v 407.327400 34.513026 518.365519
v 444.932033 34.811475 515.082574
v 413.874786 34.579715 517.753083
v 449.981988 34.866280 514.600867
v 419.252073 34.532396 517.247566
v 454.998726 35.099803 514.126827
v 424.630727 34.529978 516.752319
v 459.990842 35.371886 513.665324
v 430.006794 34.677079 516.263037
v 464.970731 35.509554 513.210630
v 435.382450 34.824172 515.773788
v 469.943614 35.647056 512.756544
v 440.754940 35.182978 515.284562
v 474.922969 35.454153 512.301639
v 446.131722 35.351898 514.794435
v 479.908313 35.351898 511.845685
v 451.509392 35.369370 514.304075
v 484.911203 35.369370 511.388044
v 456.886864 35.384171 513.813365
v 489.938825 35.384171 510.927877
v 462.264046 35.369492 513.318987
v 495.002928 35.369492 510.460831
v 467.640559 35.328064 512.821248
v 499.255009 35.328064 510.061257
v 473.017633 35.286621 512.323516
v 504.146321 35.286621 509.605932
v 478.394433 35.245178 511.825838
v 508.802231 35.245178 509.171189
v 488.984073 35.203735 510.873015
v 509.478359 35.203735 509.083831
v 496.863476 35.148934 510.150836
v 513.089096 35.277709 508.734313
v 502.328778 35.165391 509.694422
v 518.316807 35.419169 508.171753
v 507.798201 35.265133 509.171412
v 523.661641 35.516933 507.660608
v 513.266637 35.364858 508.648531
v 529.006476 35.614696 507.149499
v 518.719565 35.464337 508.127061
v 534.351356 35.712461 506.638320
v 524.137774 35.563266 507.608929
v 539.696130 35.810224 506.127181
v 529.501381 35.537156 507.093979
v 545.033917 36.153527 505.614690
v 534.771885 35.757178 506.585514
v 550.224933 36.370394 505.113795
v 540.206197 35.909983 506.061594
v 555.346821 36.751129 504.619630
v 545.598202 36.236430 505.543157
v 560.456570 37.061895 504.128074
v 551.009755 36.485669 504.968830
v 565.761994 37.539400 503.680936
v 556.374028 36.882588 504.464953
v 570.999917 37.927295 503.188090
v 561.906094 37.286063 503.948221
v 576.194872 38.306690 502.700788
v 564.051062 37.587003 503.737168
v 585.055905 38.753938 501.903412
v 572.031623 38.107457 503.027910
v 588.152092 38.875098 501.620567
v 578.296980 38.470870 502.474121
v 592.631304 39.039692 501.222712
v 583.666419 38.734972 501.956424
v 598.013939 39.190449 500.817732
v 589.043836 38.995104 501.516180
v 603.396363 39.222922 500.377091
v 594.424728 39.115305 501.084667
v 608.777756 39.343131 499.945538
v 599.806106 39.235514 500.653182
v 614.159104 39.463339 499.514055
v 605.187545 39.355708 500.221691
v 619.540665 39.583535 499.082555
v 610.568832 39.475915 499.790147
v 624.921860 39.703741 498.651018
v 615.950210 39.596109 499.358626
v 630.303239 39.823935 498.219497
v 621.331710 39.716319 498.927074
v 635.684739 39.944144 497.787945
v 626.713027 39.836512 498.495528
v 641.066056 40.064337 497.356399
v 632.094405 39.956721 498.064037
v 646.447434 40.184547 496.924908
v 637.475602 40.134125 497.633718
v 651.830428 40.134125 496.494446
v 642.858293 40.125748 497.204707
v 657.213179 40.125748 496.065430
v 648.241167 40.102219 496.776026
v 662.596129 40.102219 495.636744
v 653.624116 40.078690 496.347284
v 667.979094 40.078690 495.208000
v 659.006990 40.055161 495.918547
v 673.361891 40.055161 494.779269
v 664.390038 40.148839 495.476946
v 678.740912 39.807152 494.337988
v 669.768945 40.011617 495.021166
v 684.119818 39.669930 493.882208
v 675.153425 39.941970 494.607844
v 689.487658 39.373151 493.356443
v 680.528030 39.755493 494.119560
v 694.857406 39.073142 492.868583
v 685.902441 39.485640 493.667875
v 700.221490 38.803781 492.304156
v 691.269156 39.206971 493.138888
v 705.588235 38.525110 491.775166
v 696.636848 38.850770 492.649360
v 710.953698 38.396267 491.172225
v 702.004310 38.659975 492.090098
v 716.321221 38.205470 490.612956
v 707.368656 38.361283 491.517291
v 721.692120 38.247604 490.039473
v 712.736286 38.290268 490.931688
v 727.059826 38.176589 489.453862
v 718.103840 38.226395 490.344468
v 732.427349 38.112716 488.866646
v 722.575959 38.123566 489.849641
v 738.690474 38.123566 488.187033
v 728.839176 38.081909 489.169781
v 743.162731 38.195588 487.691954
v 734.132389 38.139791 488.589835
v 748.530148 38.254059 487.104352
v 739.045476 38.194640 488.049213
v 754.667487 38.318624 486.437418
v 743.975759 38.249625 487.506718
v 760.238772 38.378697 485.828788
v 749.321626 38.306885 486.923569
v 765.510753 38.435370 485.253262
v 754.796261 38.419678 486.283918
v 771.051413 38.419678 484.735809
v 760.068381 38.459473 485.746532
v 776.282702 38.459473 484.202311
v 765.606189 38.497299 485.181725
v 781.754480 38.497299 483.643792
v 771.045760 38.550754 484.765556
v 786.986260 38.424242 482.867877
v 776.440049 38.444611 484.163520
v 792.165478 38.444611 482.150665
v 781.821703 38.322911 483.367287
v 797.461788 38.695294 481.629500
v 787.215516 38.405632 482.656915
v 811.962918 39.387672 480.300020
v 790.069815 38.618230 482.304257
v 819.218564 39.543587 479.759525
v 795.533495 38.832422 481.812981
v 826.440634 39.813601 479.114739
v 801.071228 39.048978 481.315185
v 832.657678 40.051723 478.557637
v 806.230083 39.253493 480.850520
v 838.032067 40.263080 478.074157
v 811.048896 39.447211 480.415578
v 843.406303 40.474430 477.590725
v 816.558992 39.662876 479.920219
v 848.780510 40.685782 477.107230
v 822.018995 39.876950 479.429209
v 854.154656 40.897129 476.623715
v 804.073436 39.347991 480.981596
v 859.528786 41.108478 476.140257
v 808.798840 39.538746 480.554773
v 864.902977 41.319829 475.656793
v 812.671766 39.435808 480.200970
v 870.270087 41.721456 475.172545
v 816.736129 39.348499 479.828408
v 895.857057 43.116162 472.921026
v 821.265261 39.580256 479.414547
v 901.594371 43.405452 472.401688
v 826.290647 39.835645 478.957423
v 907.344652 43.695359 471.881280
v 831.392272 40.094663 478.493674
v 913.110375 43.986002 471.359554
v 836.398025 40.052030 478.035758
v 918.875717 44.634124 470.835324
v 841.330134 39.749655 477.572867
v 924.625698 45.699338 470.301032
v 846.181676 40.115392 477.108113
v 930.341040 46.126775 469.760867
v 851.047240 40.490703 476.642326
v 935.701209 46.537415 469.251900
v 856.046505 39.928409 476.194251
v 940.964697 48.080556 468.721450
v 861.057839 40.418678 475.717305
v 946.315268 48.603391 468.214652
v 866.191825 40.920730 475.229633
v 951.666007 49.126252 467.707905
v 871.471461 41.438131 474.728358
v 957.016486 49.650453 467.200396
v 876.935891 41.981415 474.538345
v 962.333947 50.179629 466.340131
v 882.519002 42.542886 473.999930
v 967.682229 50.718556 465.824261
v 888.227701 43.116403 473.449454
v 973.098959 51.264044 465.301813
v 894.029449 43.698862 472.889990
v 978.711585 51.828347 464.760504
v 899.880740 44.275312 472.327150
v 984.210290 52.370949 464.231514
v 905.623854 45.746712 471.438812
v 989.686754 51.751204 464.099987
v 911.407819 46.469165 470.905850
v 995.267101 51.793564 463.584801
v 917.091039 47.131655 470.389964
v 1000.784788 51.781308 463.083366
v 922.609453 48.021445 469.900431
v 1006.046055 51.332421 462.616284
v 927.964476 48.537233 469.128330
v 1011.346124 51.184270 462.510739
v 933.325329 49.588277 468.677838
v 1016.818875 50.250924 462.051366
v 938.707073 49.641897 468.238932
v 1022.343339 50.305677 461.601132
v 944.091842 50.528360 467.797422
v 1028.066603 49.195427 461.132759
v 949.532231 51.568995 467.637403
v 1032.705072 47.608383 460.376282
v 954.933959 51.872518 467.143160
v 1038.051790 46.595196 459.886841
v 960.369299 52.101770 466.958555
v 1043.388210 45.460257 458.988740
v 965.725134 51.655893 466.434904
v 1048.730751 45.015443 458.466365
v 971.129721 51.780828 465.897680
v 1053.885559 43.836268 457.953120
v 976.476186 51.249066 465.356473
v 1059.329337 43.295164 457.402570
v 981.823552 50.724559 464.818233
v 1064.690614 42.769321 456.862995
v 987.122397 49.630259 464.298187
v 1069.942067 43.004685 456.347498
v 992.390358 48.299501 463.469349
v 1075.145833 43.701974 456.244665
v 997.744710 47.695581 462.991803
v 1080.478007 43.755900 455.769054
v 1003.117756 47.435434 462.521252
v 1085.851024 43.495755 455.298507
v 1008.490819 47.175286 462.050670
v 1091.224147 43.235604 454.827919
v 1013.863881 46.915138 461.580057
v 1096.597163 42.975458 454.357310
v 1019.236775 46.654993 461.109509
v 1102.129640 42.707713 453.872830
v 1024.610020 46.394842 460.638921
v 1108.257662 42.411621 453.336349
v 1029.982899 46.134697 460.168314
v 1114.903559 42.090856 452.754605
v 1035.355794 45.874551 459.697766
v 1121.746497 41.760708 452.155720
v 1040.729038 45.614416 459.227178
v 1128.505895 41.434566 451.564119
v 1046.101918 45.354271 458.756570
v 1134.970724 41.122423 450.998183
v 1074.034286 44.019871 456.316555
v 1141.398217 40.812064 450.435577
v 1079.407424 43.759719 455.845966
v 1147.773583 40.504188 449.877492
v 1084.808140 43.808391 455.479700
v 1153.765200 38.882886 448.912361
v 1090.185320 43.617883 454.971984
v 1159.528943 37.515644 448.314996
v 1095.567352 43.445086 454.434817
v 1165.326401 35.632073 447.737948
v 1100.929729 42.945297 454.012486
v 1171.101054 34.524737 446.714668
v 1106.249546 42.190694 453.458486
v 1176.898631 34.277996 446.110981
v 1111.564006 41.373226 452.900747
v 1182.224961 34.589774 445.552007
v 1116.882154 40.527999 452.342778
v 1186.919690 35.485297 445.058874
v 1122.217343 39.794860 451.775361
v 1191.108677 36.514320 444.667525
v 1127.557940 39.189136 451.100233
v 1195.071427 37.581672 444.670377
v 1132.927798 39.040668 450.555404
v 1198.729573 37.473959 444.288568
v 1138.299364 38.911244 450.017808
v 1202.327941 37.386754 443.919848
v 1143.670885 38.761233 449.487925
v 1206.410568 37.267431 443.512717
v 1149.053862 38.921172 448.963834
v 1211.247677 35.959561 443.040613
v 1154.429009 38.961980 448.322238
v 1216.452418 34.531737 442.907496
v 1159.788765 38.546528 447.814943
v 1221.589223 34.132210 442.419664
v 1165.160176 38.137005 447.430659
v 1226.492336 33.756136 441.589501
v 1170.501219 37.424530 446.908325
v 1231.402096 34.524488 441.108242
v 1175.864365 36.618946 446.490671
v 1236.305963 36.139251 440.254633
v 1181.234340 36.264983 445.921918
v 1241.413857 37.220214 439.712921
v 1186.609083 36.069350 445.335497
v 1246.713684 38.454454 439.134228
v 1191.961977 36.318744 444.657206
v 1252.113399 38.705705 438.928499
v 1197.320807 36.565037 444.023454
v 1257.515342 38.953709 438.768376
v 1202.691809 36.810002 443.521376
v 1262.886328 39.198674 438.266299
v 1208.062628 37.054966 443.019303
v 1268.257224 39.443640 437.764220
v 1213.433463 37.299930 442.517199
v 1273.628028 39.688603 437.262118
v 1218.804404 37.544908 442.015127
v 1278.998969 39.933582 436.760046
v 1224.175269 37.789874 441.513050
v 1284.369834 40.178547 436.257969
v 1229.546103 38.034838 441.010976
v 1289.740653 40.423510 435.755897
v 1234.926880 38.066072 440.507446
v 1295.076367 41.407711 435.256300
v 1240.293320 38.395112 440.004579
v 1300.442853 41.736753 434.753429
v 1245.659546 38.725115 439.501678
v 1305.809064 42.066755 434.250529
v 1251.026826 39.042633 439.003664
v 1311.176297 42.384271 433.752520
v 1256.372201 39.680684 438.404148
v 1316.623218 41.593415 433.622321
v 1261.747193 39.979022 437.959575
v 1322.011367 41.413883 433.176704
v 1267.124285 40.336893 437.525872
v 1327.403501 40.815300 432.741807
v 1272.505569 40.500076 437.089759
v 1332.786705 40.500076 432.305542
v 1277.887679 40.502060 436.650242
v 1338.172785 40.502060 431.865710
v 1283.269805 40.504028 436.210663
v 1343.760594 40.504028 431.409807
v 1288.651611 40.505981 435.771060
v 1349.592385 40.505981 430.934491
v 1294.033538 40.507950 435.331487
v 1355.578477 40.507950 430.446968
v 1299.415511 40.509918 434.891941
v 1361.672384 40.509918 429.950920
v 1304.796465 40.605062 434.439777
v 1367.902762 40.104218 429.431341
v 1286.526036 42.496199 436.155279
v 1374.014615 37.635722 428.517387
v 1291.905068 42.769125 435.662598
v 1380.313714 36.454222 427.944383
v 1297.552467 42.965349 435.167330
v 1386.689306 35.121308 427.323288
v 1303.232809 42.462295 434.637481
v 1392.962411 34.566090 426.741276
v 1308.745757 41.974001 434.122362
v 1399.013913 34.030404 426.178765
v 1314.248030 41.171504 433.577761
v 1405.015525 33.967734 425.653615
v 1319.748111 40.427784 433.056982
v 1410.890185 33.917636 425.100134
v 1325.015213 39.747503 432.862931
v 1416.578551 33.933958 424.142614
v 1330.109505 39.132046 432.376258
v 1422.086839 34.022194 423.616512
v 1335.231190 37.955375 431.885489
v 1427.562765 35.024214 423.092005
v 1340.522646 37.460812 431.377213
v 1433.009652 35.258740 422.568927
v 1345.858087 36.419769 430.863587
v 1438.065796 36.419769 422.081901
v 1351.225049 36.414017 430.345488
v 1442.593964 36.414017 421.643687
v 1356.636671 36.699572 429.821869
v 1446.723767 35.984595 421.242146
v 1362.073422 38.083001 429.294634
v 1450.635224 33.865773 420.860177
v 1367.624195 38.991137 428.785105
v 1454.689499 32.025913 420.426835
v 1373.563818 39.083131 428.206971
v 1458.986883 30.882517 420.006357
v 1379.611203 38.763976 427.616893
v 1463.445570 30.045202 419.568794
v 1385.632140 38.398946 427.028033
v 1467.898405 29.185125 419.130471
v 1391.666961 37.445736 426.436854
v 1472.586530 29.030101 418.668575
v 1397.608900 36.290819 425.852846
v 1477.587753 29.252680 418.174876
v 1403.679881 34.697479 425.229369
v 1482.887265 30.297069 417.685809
v 1410.018816 33.572319 424.610100
v 1488.299435 31.087220 417.154803
v 1416.285684 32.853333 424.002263
v 1493.687643 31.624731 416.630648
v 1422.107551 32.499132 423.442095
v 1499.065715 31.888353 416.112745
v 1427.563413 32.225647 422.921484
v 1504.618464 32.225647 415.582908
v 1432.779045 32.021468 422.166223
v 1510.577555 32.638917 415.374289
v 1437.935144 32.104704 421.678163
v 1516.632854 32.729289 414.807728
v 1443.209305 32.188894 421.179816
v 1522.734758 32.820048 414.237118
v 1448.510017 32.020958 420.677929
v 1528.614956 33.292465 413.684641
v 1453.663993 31.873589 420.452850
v 1533.972253 33.785690 412.804444
v 1458.612373 31.998894 419.981352
v 1539.244607 33.918709 412.302091
v 1463.197904 32.115563 419.544429
v 1544.996998 34.063161 411.754040
v 1467.517456 32.225897 419.132850
v 1550.547678 34.202807 411.225210
v 1471.745908 32.334064 418.729905
v 1555.567400 34.329814 410.746906
v 1476.130986 32.445976 418.312043
v 1560.679437 34.459034 410.259810
v 1480.914706 32.567361 417.856227
v 1565.734315 34.586876 409.778169
v 1486.043619 33.567703 417.365758
v 1570.790444 33.567703 409.294632
v 1490.988635 34.735728 416.585556
v 1575.758766 32.044612 409.184990
v 1495.455436 34.874839 416.163571
v 1580.381056 31.504775 408.749430
v 1499.538638 35.615294 415.781470
v 1583.914375 30.258105 408.415334
v 1503.306630 35.353379 415.430921
v 1587.850215 29.985533 408.050132
v 1506.960752 35.097398 415.090405
v 1592.042166 29.695403 407.662663
v 1510.648551 34.839262 414.746980
v 1596.403027 29.394533 407.260478
v 1514.622745 36.042544 414.413149
v 1600.781151 27.771337 406.831210
v 1518.775836 35.639492 414.032466
v 1605.352448 27.328137 406.413724
v 1523.350399 35.190740 413.614783
v 1610.020596 26.870401 405.987805
v 1528.440883 34.692464 413.151688
v 1615.163237 26.367117 405.520121
v 1534.093006 34.130566 412.639103
v 1620.795977 25.807081 405.009241
v 1540.373735 34.605941 412.070613
v 1626.125641 24.315712 404.524445
v 1546.931146 33.789778 411.477223
v 1631.447633 23.647799 404.039772
v 1553.870836 33.619109 410.849432
v 1636.609803 22.366609 403.568402
v 1560.920922 32.959143 410.210734
v 1641.731248 21.322456 403.099426
v 1567.999468 32.274786 409.597069
v 1646.786608 20.202563 402.607887
v 1575.043626 32.091893 408.947031
v 1651.579389 18.512967 402.157568
v 1581.621013 30.896402 408.331197
v 1656.239675 17.657607 401.711799
v 1588.013948 30.955747 408.057116
v 1660.889451 15.551169 400.947311
v 1593.780818 29.720211 407.479732
v 1665.722003 14.513131 400.461080
v 1600.110456 29.252494 406.863664
v 1653.685998 16.517323 401.593938
v 1606.555480 27.696342 406.195411
v 1659.226157 15.176263 401.014689
v 1613.260590 26.078367 405.501607
v 1664.878124 13.808625 400.424472
v 1619.710427 24.783243 404.833133
v 1670.298612 12.343525 399.857247
v 1624.781385 23.276675 404.302052
v 1675.856609 11.135842 399.278260
v 1628.568514 21.765711 403.879918
v 1681.972312 10.042926 398.669791
v 1631.099963 20.906323 403.621275
v 1773.081104 -9.105952 389.769457
v 1634.469963 19.232203 402.950713
v 1778.466279 -7.476791 390.176846
v 1639.573960 17.674408 402.471799
v 1696.174225 8.088880 397.450808
v 1645.723875 15.702146 401.889740
v 1697.380276 8.263624 397.343977
v 1652.159372 14.464217 401.313290
v 1702.706331 7.589830 396.865157
v 1658.119509 12.545335 401.863199
v 1708.034293 7.354197 395.873425
v 1663.020953 11.467149 402.079398
v 1713.332465 7.039736 394.834540
v 1667.734422 10.780827 402.548727
v 1718.575444 6.680744 393.528546
v 1672.585719 10.089454 402.532948
v 1723.810834 6.371502 392.205304
v 1677.562975 9.735921 402.443025
v 1729.002019 5.972088 390.733324
v 1682.680698 9.067217 402.505990
v 1734.134490 5.693198 389.009914
v 1710.781965 7.315870 395.356547
v 1739.631771 5.170017 387.249990
v 1716.096423 6.917463 394.289783
v 1745.023679 4.747919 385.129485
v 1721.366680 6.505038 393.060193
v 1749.681682 4.363567 383.066663
v 1726.584484 6.212135 391.712551
v 1754.199986 3.851836 380.855174
v 1731.711849 5.763128 390.152310
v 1759.130233 3.399474 378.334042
v 1736.894732 5.434149 388.584379
v 1763.817458 2.813352 375.480396
v 1741.979650 4.947226 386.750412
v 1768.278935 2.340991 372.534581
v 1747.017064 4.465371 384.801930
v 1772.531616 1.842379 369.302437
v 1752.062896 3.957520 382.767409
v 1776.633094 1.333518 365.592124
v 1756.958595 3.460595 380.395224
v 1780.478387 0.820618 361.675390
v 1761.862065 2.968238 377.893699
v 1783.804373 0.344701 357.382411
v 1766.606238 2.390431 375.058792
v 1786.701261 -0.001834 352.810731
v 1771.263248 1.831948 371.973471
v 1789.030233 -0.300090 347.810371
v 1775.492193 1.324863 368.384868
v 1790.992130 -0.582822 342.631127
v 1778.620603 0.842897 363.983583
v 1793.409055 -0.826767 337.746007
v 1781.717783 0.523211 359.509714
v 1795.581960 -1.150052 332.737511
v 1784.767255 0.209897 355.008191
v 1797.407009 -1.459504 327.582310
v 1787.757998 -0.104267 350.450887
v 1798.828111 -1.788849 322.294293
v 1790.521117 -0.328483 345.742817
v 1799.883789 -2.249031 316.934596
v 1793.139350 -0.581591 340.986432
v 1800.395409 -2.758409 311.478458
v 1795.530788 -0.760717 336.025023
v 1800.375909 -3.425534 305.985268
v 1797.626557 -1.139445 330.874690
v 1799.789702 -4.023640 300.590652
v 1799.000977 -1.483913 326.240300
v 1799.000977 -4.684269 295.221472
v 1800.187906 -2.006116 321.308022
v 1797.683555 -5.261773 290.003631
v 1800.845189 -2.498294 316.721717
v 1796.208738 -5.846842 284.781721
v 1801.022432 -3.111419 312.276478
v 1794.617188 -6.314041 279.449603
v 1800.941934 -3.668343 308.106997
v 1792.739204 -6.779724 273.598959
v 1800.624985 -4.342307 304.256144
v 1791.061217 -6.950608 268.899185
v 1800.754637 -4.952461 300.657331
v 1788.974789 -7.066793 264.411644
v 1800.984430 -5.379250 296.361919
v 1786.163020 -7.271344 259.466069
v 1800.874416 -5.993034 291.546931
v 1783.000593 -7.292949 254.824346
v 1800.115630 -6.574312 286.246075
v 1779.722319 -7.221719 250.638706
v 1798.679218 -7.079819 280.735627
v 1776.283828 -7.079819 246.655686
v 1796.978917 -7.090668 275.306190
v 1772.343967 -7.090668 242.567639
v 1794.690533 -7.262155 270.216142
v 1768.380493 -6.937339 238.709056
v 1792.211693 -7.382089 265.151447
v 1764.301718 -6.733020 235.294266
v 1788.846766 -7.636132 259.639407
v 1760.108652 -6.372918 232.164506
v 1785.035849 -7.415578 254.613455
v 1755.721749 -6.181300 229.002190
v 1780.486154 -7.664324 249.055873
v 1751.053168 -5.583204 226.163550
v 1776.050583 -6.946878 244.185164
v 1746.186935 -5.511126 223.510332
v 1773.295890 -6.575008 239.108392
v 1740.755497 -5.412851 222.257117
v 1769.911153 -6.397727 234.684510
v 1736.125457 -5.252449 221.800135
v 1765.706643 -6.565503 232.306673
v 1732.737411 -4.903189 220.947526
v 1762.704378 -6.964894 231.429410
v 1729.357565 -4.442867 219.659948
v 1760.232257 -5.913758 230.738730
v 1725.031857 -4.434750 218.019258
v 1757.676232 -5.786702 230.127667
v 1720.061227 -4.192846 216.101732
v 1754.689778 -6.140581 229.271018
v 1714.971785 -3.784429 214.124325
v 1751.064803 -5.911902 227.885218
v 1709.888424 -3.469236 212.182361
v 1747.498099 -6.516107 226.525331
v 1704.748253 -2.893239 210.222424
v 1744.778014 -6.566013 225.177308
v 1699.805899 -2.373697 208.408044
v 1742.798857 -7.676188 224.541649
v 1694.829031 -1.526210 206.501715
v 1712.245631 -4.041326 212.930577
v 1689.701000 -0.572921 204.644943
v 1707.326278 -3.479027 211.101580
v 1684.822792 0.367723 202.831068
v 1703.006449 -2.616886 209.500290
v 1679.871005 1.140152 200.997520
v 1699.322243 -1.739635 208.080811
v 1674.834923 1.788199 199.157466
v 1696.487771 -1.043297 207.018403
v 1598.828158 11.371060 171.430579
v 1692.410307 -0.366883 205.500199
v 1592.500403 11.486834 169.092352
v 1687.952290 0.164258 204.230559
v 1656.100261 3.975612 191.979778
v 1684.304676 0.630091 202.828585
v 1651.091185 4.604356 190.054166
v 1681.289434 1.022878 201.661012
v 1645.779359 5.271947 188.003290
v 1678.576770 1.379444 200.609799
v 1639.772174 6.022729 185.684954
v 1674.191518 1.936164 198.915283
v 1634.211951 6.720044 183.538526
v 1668.185752 2.688056 196.597200
v 1629.289964 7.342253 181.637281
v 1660.854267 3.051799 193.755888
v 1624.801408 8.290248 179.889404
v 1652.233370 4.323136 190.405680
v 1619.961980 9.012141 177.993607
v 1637.674501 6.391522 184.790590
v 1614.942914 9.888689 176.047672
v 1632.357441 7.092606 182.618359
v 1610.137997 10.890801 174.452238
v 1627.682449 7.842887 180.761205
v 1605.198700 11.878431 172.882284
v 1623.159336 8.620013 179.140044
v 1600.273392 12.886884 171.188148
v 1619.385898 9.483618 177.926846
v 1595.296175 13.601520 169.279253
v 1615.564971 10.717333 176.696029
v 1590.172425 13.730008 167.227622
v 1610.627691 11.793768 174.834180
v 1584.873674 13.758057 165.230987
v 1605.378588 12.500347 172.952230
v 1579.511507 13.815623 163.087665
v 1600.716487 12.866416 171.179538
v 1573.824056 14.005925 160.923951
v 1595.864589 13.109907 169.334901
v 1567.435604 14.314525 158.493340
v 1590.962518 13.444111 167.366379
v 1561.346053 14.448059 156.322952
v 1586.189934 13.734101 165.581693
v 1555.794981 14.506854 154.247982
v 1580.934571 13.904335 163.623390
v 1550.738479 14.672032 152.363830
v 1575.803641 14.258587 161.568395
v 1545.777738 14.510905 150.718699
v 1570.816939 14.324697 159.743832
v 1540.908134 14.576032 148.936449
v 1566.100729 14.486313 158.008368
v 1536.332473 14.486313 147.251771
v 1561.893638 14.494141 156.570716
v 1531.428721 14.494141 145.306376
v 1556.442622 14.481903 154.696840
v 1526.930298 14.481903 143.442141
v 1551.145938 14.455139 152.776977
v 1521.276264 14.455139 141.132867
v 1546.466901 14.535746 150.932635
v 1515.521800 14.273499 138.869290
v 1541.784932 14.699271 149.243314
v 1509.432687 13.869726 136.247113
v 1536.338649 14.855006 146.790634
v 1503.329906 13.176595 134.202553
v 1530.676727 14.543598 144.620200
v 1497.273218 12.845115 131.881573
v 1525.776812 13.955297 142.503194
v 1491.100780 13.081111 129.973199
v 1520.896814 13.608904 140.710763
v 1485.066502 13.307809 127.763675
v 1515.335740 13.375142 138.676514
v 1479.184413 13.678935 125.613430
v 1510.081107 13.238322 136.749433
v 1473.492528 14.160723 123.528350
v 1505.189350 13.375829 134.949445
v 1467.986965 14.313704 121.506567
v 1500.931331 13.318995 132.363863
v 1461.980846 14.915326 121.508809
v 1495.873206 13.335189 131.259872
v 1457.207426 15.572053 119.436451
v 1491.318374 13.386950 129.998763
v 1452.511145 16.297492 117.709807
v 1486.573175 13.386800 129.545353
v 1448.917872 17.248882 114.740704
v 1481.437693 13.639990 128.766902
v 1445.570592 18.083702 111.309463
v 1477.374095 14.410447 126.789192
v 1441.053728 18.267477 109.111137
v 1472.380410 14.500437 123.623852
v 1436.254482 19.526653 107.916927
v 1467.612653 15.320282 120.702457
v 1431.509304 19.948917 107.125130
v 1462.593471 15.970285 118.802811
v 1427.549674 20.463080 105.623948
v 1457.694827 16.863372 116.670508
v 1423.160847 20.667962 104.378753
v 1452.262172 17.444466 115.816959
v 1419.085027 21.194926 101.392113
v 1447.006832 18.069936 113.529072
v 1414.195500 21.779043 99.263275
v 1441.973850 18.920092 110.768573
v 1409.214785 22.000004 97.888941
v 1436.766022 19.425522 108.819999
v 1404.936033 22.418085 96.033593
v 1431.460834 20.047514 106.959070
v 1400.723515 22.697283 93.975202
v 1426.341770 20.527877 104.515728
v 1396.388542 23.087982 92.483234
v 1421.175860 21.078819 102.565883
v 1391.643555 23.370119 90.345618
v 1415.936731 21.704033 100.759829
v 1386.976472 23.466831 87.916584
v 1410.848549 22.030185 98.502777
v 1381.918275 23.791158 85.672829
v 1405.625870 22.657628 96.627047
v 1377.098837 23.658577 82.864005
v 1400.455555 23.160783 94.279040
v 1372.108300 23.411644 80.230843
v 1395.309703 23.509975 92.336942
v 1367.640990 23.011440 77.131613
v 1390.412517 23.804224 90.051119
v 1363.283266 22.310871 74.122018
v 1385.620717 23.637385 87.829804
v 1359.184609 21.891605 70.870790
v 1381.188204 23.633684 84.988720
v 1354.852724 21.149205 68.094261
v 1376.387134 23.205011 82.784793
v 1351.113498 20.727204 64.449019
v 1372.046156 22.755553 79.444383
v 1346.603334 20.285376 61.412092
v 1367.654561 22.317033 76.319581
v 1341.930944 19.819594 58.088279
v 1363.191896 21.667908 73.307246
v 1336.742564 19.593450 54.118514
v 1358.594466 21.104315 70.408855
v 1332.027578 19.510301 49.952350
v 1354.242502 20.641196 67.332696
v 1327.344890 19.554424 45.868945
v 1350.498063 20.349451 63.198753
v 1321.776447 19.520943 43.314557
v 1345.613431 20.102400 61.042203
v 1318.223132 19.543414 38.682775
v 1341.183959 20.006829 57.405166
v 1313.534849 19.442562 34.834465
v 1336.553639 19.912056 53.599502
v 1309.966340 19.369458 31.895585
v 1331.982129 19.818475 49.837746
v 1306.991436 19.308461 29.437180
v 1327.616813 19.569504 46.264675
v 1304.183716 19.569504 27.135616
v 1323.434767 19.499413 42.862355
v 1300.823833 19.730137 24.404449
v 1319.274013 19.542489 39.478363
v 1296.634604 19.773504 20.997214
v 1315.084890 19.585855 36.071215
v 1292.445517 19.816869 17.590094
v 1310.937268 19.628797 32.697944
v 1288.256454 19.860234 14.182994
v 1306.706882 19.672584 29.257110
v 1284.067438 19.903599 10.775932
v 1302.517854 19.715949 25.850039
v 1279.878244 19.946966 7.368725
v 1298.328779 19.759315 22.442929
v 1275.689264 19.990330 3.961692
v 1294.453887 19.806624 18.146437
v 1270.702351 20.035004 1.703066
v 1291.429678 19.762043 13.630168
v 1265.139698 20.219260 1.513917
v 1287.679067 19.741386 11.886320
v 1260.924697 20.439326 -0.443955
v 1283.342168 19.782949 8.462209
v 1255.415069 20.721675 -1.159733
v 1278.379650 19.875270 5.956615
v 1250.062811 21.045387 -2.000183
v 1272.887223 20.022706 4.265905
v 1244.854870 21.401346 -3.316617
v 1267.596282 20.301094 3.224147
v 1239.801143 21.679365 -5.275193
v 1262.110990 20.479359 2.518254
v 1235.065454 22.097468 -8.115033
v 1266.878000 20.152049 7.214218
v 1230.805898 22.406556 -11.788050
v 1250.807374 21.127337 0.531817
v 1227.218171 22.730487 -16.186744
v 1245.212482 21.363303 -1.477699
v 1224.316815 23.180317 -21.010605
v 1240.452197 21.741306 -4.648789
v 1221.366842 23.537574 -25.530412
v 1236.642848 22.126621 -8.621821
v 1217.906721 23.911014 -29.588438
v 1233.050101 22.509071 -12.664398
v 1214.335790 24.291386 -33.606602
v 1229.782768 22.779259 -16.932891
v 1210.343235 24.790245 -37.266196
v 1226.556852 23.171332 -21.174293
v 1206.005672 25.181774 -40.608560
v 1223.271096 23.548645 -25.374331
v 1201.297429 25.587439 -43.496944
v 1219.836031 23.935444 -29.505278
v 1196.249253 25.976607 -45.834587
v 1216.131059 24.423975 -33.448246
v 1190.969776 26.253886 -47.630060
v 1212.042255 24.788380 -37.027806
v 1171.578217 27.603270 -55.324587
v 1207.527847 25.142829 -39.999015
v 1180.274916 26.990485 -50.161125
v 1202.752264 25.495945 -42.555589
v 1174.962049 27.348626 -51.124239
v 1197.775402 25.858380 -44.670079
v 1169.624559 27.704337 -52.053906
v 1192.717783 26.212585 -46.642929
v 1164.263322 28.063282 -52.657693
v 1187.529513 26.568191 -48.176714
v 1158.924486 28.413676 -53.251799
v 1182.300487 26.917737 -49.637754
v 1153.551342 28.757682 -53.547638
v 1176.997363 27.373693 -50.676738
v 1148.192909 28.986742 -53.902837
v 1171.669537 27.705584 -51.694946
v 1142.819072 29.308388 -53.984665
v 1166.299381 28.017074 -52.340487
v 1137.456593 29.619451 -54.171775
v 1160.926260 28.430607 -52.893940
v 1132.078606 29.804305 -54.267638
v 1155.535464 28.717273 -53.165744
v 1126.703903 30.090204 -54.538675
v 1150.156482 29.103721 -53.539496
v 1121.311260 30.248372 -54.684148
v 1144.763909 29.344915 -53.771062
v 1115.927553 30.489215 -54.915362
v 1139.372812 29.578031 -53.995512
v 1110.539214 30.722222 -55.139702
v 1133.983033 29.906936 -54.027805
v 1105.145705 30.822407 -55.629879
v 1128.597258 30.200302 -54.148773
v 1099.750578 30.887128 -56.209250
v 1123.276686 30.349704 -54.351221
v 1094.369149 31.037978 -56.874895
v 1117.807398 30.592612 -54.457525
v 1089.017058 31.049602 -57.884947
v 1112.410026 30.797106 -54.721779
v 1083.694874 31.026827 -59.086482
v 1107.000052 30.967712 -55.064878
v 1078.440081 30.967712 -60.592615
v 1101.578077 30.981781 -55.525605
v 1073.278827 30.981781 -62.427861
v 1096.023913 31.075248 -56.261117
v 1068.222435 30.845484 -64.532631
v 1113.632434 31.512286 -49.106189
v 1063.282665 30.666071 -66.876696
v 1107.928927 31.396943 -50.546952
v 1058.262887 30.562220 -68.910867
v 1102.017986 31.854704 -51.394106
v 1053.412103 30.192965 -71.334981
v 1075.219187 31.037956 -62.019428
v 1048.604045 29.880776 -73.822665
v 1070.077340 30.904665 -63.833580
v 1043.930669 29.516346 -76.559835
v 1064.947072 30.821167 -65.754093
v 1039.422297 28.981543 -79.551269
v 1059.999323 30.559043 -68.047466
v 1034.934570 28.489477 -82.534434
v 1055.042613 30.353945 -70.374246
v 1030.648276 27.822457 -85.793308
v 1050.204998 30.057683 -72.933599
v 1026.460136 27.089576 -89.144034
v 1045.750488 29.490326 -75.985955
v 1015.767747 25.742483 -96.454942
v 1041.317964 28.924298 -79.012795
v 1010.960124 25.129568 -99.737859
v 1037.090726 28.357908 -82.308778
v 1005.885982 24.530911 -102.326915
v 1031.014064 27.492953 -86.744251
v 1001.395091 24.232149 -103.863473
v 1025.557285 26.703487 -90.611999
v 985.908180 23.194717 -109.910236
v 1020.453031 26.202562 -93.741945
v 992.418801 23.806474 -105.003558
v 1015.584249 25.758835 -96.078650
v 988.859509 23.513059 -105.510911
v 1010.560457 25.323723 -98.019653
v 984.464959 23.149098 -106.718152
v 1005.499466 24.822638 -99.843568
v 980.152969 22.921650 -107.869959
v 1000.410562 24.417263 -101.613494
v 975.846874 22.590212 -108.921699
v 995.289543 23.957645 -103.274186
v 974.536859 22.585567 -109.105518
v 990.160846 23.534446 -104.935129
v 969.258313 22.335120 -110.246428
v 985.006663 23.097453 -106.532964
v 963.925573 22.240498 -111.160521
v 979.784793 22.610990 -107.889200
v 958.578931 22.439974 -111.993560
v 974.483801 22.548977 -108.916420
v 953.278134 22.377963 -113.020743
v 969.159614 22.440567 -109.827601
v 948.019650 22.440567 -114.260174
v 964.167653 22.467178 -110.748624
v 942.789302 22.467178 -115.615240
v 959.298290 22.428399 -111.582637
v 937.635292 22.605965 -117.264735
v 964.170403 22.415931 -109.517699
v 932.568754 22.677102 -119.181014
v 955.443490 22.523325 -111.064335
v 927.708818 22.758364 -121.641117
v 953.045136 22.578147 -110.200364
v 923.127301 22.840585 -124.634407
v 941.162076 22.613184 -115.074275
v 918.669270 23.022144 -127.752039
v 934.360967 22.680189 -118.506094
v 914.213350 23.239845 -130.818526
v 928.799189 22.708080 -121.605494
v 909.821331 23.603262 -133.959006
v 923.784759 22.886788 -124.871468
v 905.304471 23.932842 -136.901089
v 918.873287 23.168431 -128.084232
v 900.791387 24.191935 -139.854525
v 914.502644 23.302458 -131.278080
v 896.033389 24.670551 -142.393837
v 910.076436 23.591446 -134.398000
v 891.123110 25.128202 -144.643041
v 910.400394 23.493662 -135.050354
v 886.076091 25.627373 -146.572392
v 905.901057 23.938748 -138.193556
v 880.852779 26.079627 -148.041597
v 901.199222 24.287393 -141.048473
v 875.556972 26.637932 -149.168519
v 896.291425 24.776173 -143.434040
v 870.222591 27.126642 -150.058087
v 891.238650 25.377756 -145.413330
v 864.853758 27.505570 -150.732865
v 886.782684 25.991775 -146.768017
v 859.489065 27.752654 -151.390324
v 881.727508 26.477989 -148.112384
v 854.107245 28.024724 -151.868740
v 876.562332 26.792072 -149.066210
v 848.742317 28.349993 -152.404612
v 871.370135 27.229676 -149.950802
v 843.362013 28.563396 -152.840529
v 866.138940 27.508463 -150.743510
v 837.980056 28.849362 -153.201825
v 860.880752 27.775873 -151.453887
v 832.592098 29.122952 -153.474505
v 855.593771 28.038589 -152.074780
v 827.199588 29.390693 -153.652235
v 850.284513 28.304933 -152.744111
v 821.801655 29.661259 -153.648328
v 844.935545 28.462167 -153.171579
v 816.413201 30.046741 -153.624314
v 833.203142 29.070469 -153.517502
v 811.028845 30.478361 -153.517502
v 827.806331 29.218519 -153.516068
v 805.664825 31.151508 -153.516068
v 822.421588 29.707200 -153.547903
v 800.287994 31.639498 -153.372239
v 817.025121 30.141236 -153.544830
v 794.923053 32.246195 -153.194004
v 811.634051 30.681506 -153.435028
v 789.551257 32.784629 -153.084507
v 806.249919 31.296484 -153.325402
v 784.170335 33.224067 -152.974933
v 800.854425 31.787342 -153.215756
v 778.793840 33.713266 -152.865588
v 795.456993 32.257645 -153.106186
v 773.415437 34.181908 -152.756320
v 790.065541 32.797000 -153.004577
v 768.028503 34.545972 -152.654783
v 784.682256 33.431045 -152.846765
v 762.623916 34.656509 -152.671699
v 779.290853 33.875523 -152.730865
v 757.222574 34.751248 -152.730865
v 773.899759 34.312601 -152.659604
v 751.819205 34.663086 -152.834847
v 768.509366 34.539642 -152.645541
v 746.420351 34.539642 -152.996160
v 763.126324 34.663195 -152.681011
v 741.025644 34.312391 -153.207218
v 757.750206 34.687805 -152.760895
v 735.637852 33.985826 -153.462874
v 752.382901 34.630341 -152.875556
v 730.257292 33.576741 -153.753557
v 747.032426 34.351003 -153.090999
v 724.869200 33.295611 -153.970492
v 741.679522 34.134431 -153.307481
v 719.487043 32.901515 -154.188135
v 736.338312 33.747002 -153.597503
v 714.091893 32.687649 -154.303739
v 730.989235 33.325316 -153.844819
v 708.690943 32.617433 -154.375731
v 725.621988 33.048151 -154.045851
v 703.291619 32.516476 -154.400302
v 720.240339 32.960976 -154.211363
v 697.896738 32.251656 -154.388693
v 714.850174 32.901003 -154.348465
v 692.509386 31.837156 -154.348465
v 709.452053 32.817396 -154.362167
v 687.137020 31.223465 -154.362167
v 704.067457 32.400926 -154.355621
v 681.753200 30.807050 -154.355621
v 698.681444 31.993039 -154.339798
v 676.368740 30.399274 -154.339798
v 693.301651 31.450266 -154.321655
v 670.970593 30.209651 -154.321655
v 687.920430 30.848263 -154.320389
v 665.563607 30.315957 -154.320389
v 682.527298 30.493759 -154.335510
v 660.162323 30.493759 -154.335510
v 677.131181 30.439104 -154.353638
v 654.763417 30.616626 -154.353638
v 671.732546 30.360143 -154.369064
v 649.367440 30.892646 -154.369064
v 666.335359 30.429482 -154.381546
v 643.972677 31.139408 -154.381546
v 660.940675 30.622893 -154.392349
v 638.576254 31.332874 -154.392349
v 655.540515 30.671822 -154.414459
v 633.188372 31.736210 -154.414459
v 650.153530 30.944630 -154.448425
v 627.795580 32.009295 -154.448425
v 644.762677 31.141506 -154.400353
v 622.408462 32.383407 -154.577767
v 639.376302 31.380008 -154.380269
v 617.025512 32.799106 -154.735043
v 633.192246 31.789107 -154.483539
v 611.638320 33.157610 -154.825665
v 627.795701 32.014943 -154.573408
v 606.266082 33.723643 -154.915148
v 622.416111 32.461486 -154.739813
v 600.884441 34.170349 -154.910699
v 617.024426 32.781802 -154.861374
v 595.521686 34.829682 -154.861374
v 611.643564 33.240938 -154.918236
v 590.158255 35.457676 -154.747718
v 606.275309 33.818862 -154.850304
v 584.789999 36.035600 -154.679786
v 600.908243 34.407576 -154.770821
v 579.422918 36.624316 -154.600303
v 595.541239 34.997664 -154.696831
v 574.055899 37.214406 -154.526313
v 590.180203 35.648408 -154.579956
v 568.677448 37.696289 -154.579956
v 584.811293 36.239190 -154.465121
v 563.295747 38.117531 -154.806638
v 579.441492 36.847417 -154.445050
v 557.907125 38.385586 -155.128681
v 574.060921 37.377611 -154.455491
v 552.527198 38.573928 -155.651809
v 568.667477 37.687707 -154.591033
v 547.168064 38.882119 -156.297336
v 563.278030 38.009895 -154.839038
v 541.824738 39.201745 -157.052473
v 557.890193 38.262364 -155.200448
v 536.507985 39.630825 -157.937371
v 552.524683 38.684537 -155.704123
v 531.202582 39.878575 -158.945082
v 547.170363 39.064849 -156.338949
v 525.926531 40.092776 -160.108016
v 541.823000 39.459094 -157.060174
v 520.693236 40.140699 -161.490608
v 536.492576 39.897064 -157.933388
v 515.507716 39.897064 -163.051646
v 531.166421 40.033782 -158.912606
v 510.406391 39.693453 -164.868352
v 525.896334 39.932826 -160.136105
v 505.356311 39.590493 -166.811613
v 520.679904 39.892427 -161.568111
v 500.370942 39.380436 -168.906644
v 515.509334 39.752046 -163.155327
v 495.485936 39.238626 -171.198914
v 510.367582 39.604258 -164.855837
v 490.800868 39.093822 -173.703395
v 505.394111 39.461100 -166.959357
v 486.103516 38.953453 -176.097007
v 500.426044 39.246873 -169.083723
v 481.462680 38.908241 -178.734721
v 495.523665 39.141001 -171.359388
v 476.790670 38.803470 -181.485331
v 490.702222 38.986135 -173.795095
v 472.073128 38.816779 -184.295130
v 492.312716 38.874268 -172.697558
v 467.343324 38.874268 -187.129408
v 487.578330 38.876099 -175.320316
v 462.607661 38.876099 -189.981993
v 482.770454 38.760646 -177.826613
v 458.107571 38.989006 -192.898376
v 478.061218 38.824566 -180.510651
v 453.566754 39.053487 -195.848305
v 473.388308 38.779129 -183.255797
v 449.079070 39.237794 -198.850402
v 468.683156 38.770328 -185.955863
v 444.668563 39.456459 -201.965592
v 464.179650 38.790153 -188.955911
v 440.178605 39.704479 -204.956609
v 453.709891 39.275088 -196.059150
v 435.612185 39.787287 -207.839732
v 449.321325 39.504670 -199.214466
v 430.892524 39.845944 -210.476510
v 444.822724 39.738708 -202.208380
v 426.121461 39.738708 -213.017366
v 440.164325 39.728867 -204.939182
v 421.420524 39.728867 -215.674268
v 435.548879 39.833225 -207.749518
v 416.621171 39.492185 -218.151232
v 430.912039 39.800304 -210.529279
v 411.736534 39.286675 -220.459451
v 426.224534 39.589777 -213.219362
v 406.772463 39.248512 -222.604132
v 421.474374 39.485615 -215.806662
v 401.731210 39.142256 -224.562326
v 416.631541 39.329570 -218.208958
v 396.648249 39.158773 -226.407231
v 411.709677 39.219421 -220.442536
v 391.527189 39.219421 -228.139247
v 406.734734 39.175802 -222.558619
v 386.366502 39.346963 -229.747406
v 409.014787 38.936444 -222.074071
v 358.602804 40.196744 -238.878065
v 403.758403 39.095817 -223.981007
v 353.120410 40.361767 -240.438355
v 398.681403 39.128714 -225.808511
v 347.638979 40.816067 -241.838362
v 393.653962 39.445116 -227.777544
v 342.036181 40.724895 -242.708307
v 388.528388 39.609493 -229.451832
v 360.478984 40.299232 -237.268879
v 383.406903 39.886666 -231.140643
v 355.200735 40.349062 -238.538982
v 378.263606 39.986077 -232.782431
v 349.924293 40.446879 -239.694458
v 373.088079 40.331421 -234.308727
v 344.633452 40.331421 -240.786203
v 367.917961 40.325272 -235.897965
v 339.300415 40.325272 -241.667631
v 362.681441 40.545649 -237.215834
v 333.971994 40.082594 -242.540974
v 357.443800 40.689493 -238.588529
v 328.613054 39.766909 -243.201448
v 352.169913 40.753512 -239.817663
v 323.248355 39.365277 -243.750995
v 346.866855 40.736416 -240.919597
v 317.878194 38.881142 -244.166327
v 333.955452 39.891157 -242.445579
v 312.511908 38.529662 -244.658008
v 328.605263 39.597182 -243.139815
v 307.141043 38.064023 -245.013675
v 323.246923 39.271553 -243.754627
v 301.768686 37.566931 -245.288787
v 317.884250 38.833865 -244.218602
v 296.394588 37.128336 -245.583025
v 312.514499 38.383682 -244.568152
v 291.024868 36.678156 -245.932573
v 307.149776 37.926549 -244.989711
v 285.650074 36.220223 -246.184139
v 301.780756 37.525058 -245.444974
v 280.279103 35.647930 -246.298214
v 296.410532 37.016146 -245.690717
v 274.908894 35.139019 -246.543957
v 291.040324 36.507235 -245.936460
v 269.538670 34.630106 -246.789700
v 285.670084 35.998324 -246.182218
v 264.168431 34.121195 -247.035458
v 280.299861 35.489396 -246.427977
v 258.798238 33.612270 -247.281216
v 275.088864 34.994384 -246.667402
v 253.428029 33.103359 -247.526959
v 269.852418 34.497957 -246.779656
v 248.068320 32.596171 -247.989884
v 264.565710 33.997975 -247.029949
v 242.708255 32.089784 -248.417723
v 259.264361 33.496778 -247.371998
v 237.343402 31.583044 -248.763805
v 254.100291 33.029323 -247.494297
v 232.002828 31.084746 -249.438874
v 248.733334 32.467305 -247.831128
v 226.657916 30.701272 -250.126971
v 243.585909 32.031334 -248.310988
v 221.319297 30.250005 -250.804849
v 245.257116 32.018650 -247.634347
v 216.019248 29.913523 -251.844600
v 239.613935 31.468494 -248.053262
v 210.735114 29.605344 -252.944030
v 234.107665 30.955181 -248.619781
v 205.475265 29.338836 -254.161537
v 228.706809 30.499071 -249.157215
v 200.272098 29.112012 -255.630157
v 223.317819 30.088441 -249.863098
v 195.115794 28.932621 -257.260351
v 217.949911 29.727976 -250.751803
v 190.015661 28.804530 -259.062820
v 228.965848 29.839014 -245.773270
v 185.058021 28.732094 -261.270150
v 207.010682 29.032975 -252.418221
v 180.302534 28.802733 -263.930354
v 201.606725 28.847488 -253.730077
v 175.688810 28.847488 -266.803715
v 196.256684 28.724688 -255.324206
v 171.279837 28.953834 -269.989510
v 191.074131 28.665240 -257.349943
v 167.035193 29.123124 -273.375901
v 186.079065 28.522755 -259.762334
v 162.949549 29.438775 -276.937717
v 181.214008 28.581140 -262.415515
v 159.046656 29.723787 -280.697868
v 176.603062 28.694609 -265.426431
v 155.230340 30.058825 -284.525459
v 172.304763 28.847086 -268.792475
v 151.407236 30.437115 -288.327120
v 168.214638 29.033655 -272.360431
v 147.401498 30.863382 -292.258706
v 164.304267 29.385340 -276.082715
v 143.248146 31.236427 -296.213291
v 172.813357 28.678429 -268.440467
v 138.912431 31.626335 -300.130463
v 169.415504 29.042627 -272.593402
v 134.576365 32.007660 -303.726251
v 166.433810 29.406106 -277.179651
v 130.130336 32.369655 -306.815139
v 163.314343 30.008740 -281.634311
v 125.535379 32.627084 -309.687998
v 160.392646 30.322912 -286.568647
v 120.398969 32.964004 -312.224967
v 157.144887 30.888342 -291.298078
v 115.007409 33.166044 -314.454711
v 153.681633 31.397953 -296.132778
v 109.544540 33.316958 -316.090420
v 149.679956 31.870433 -300.401166
v 104.211403 33.411740 -317.355541
v 145.399324 32.324835 -304.638727
v 99.088630 33.473034 -318.034382
v 141.103551 32.490194 -308.476301
v 93.893020 33.632384 -318.375283
v 135.772777 32.661471 -312.005960
v 88.516227 33.795628 -318.432850
v 130.434051 32.827121 -314.588277
v 83.074717 33.954724 -318.346954
v 124.933514 32.984030 -316.837148
v 77.836582 34.105385 -317.958504
v 119.477729 33.133932 -317.993549
v 72.768255 34.246062 -317.622839
v 113.956252 33.278597 -318.945228
v 67.879511 34.375662 -317.116786
v 108.372131 33.420048 -318.953330
v 62.652546 34.508610 -316.776207
v 102.944128 33.554526 -318.679980
v 57.598129 34.634193 -316.520647
v 81.415022 34.213740 -317.643556
v 52.204742 34.677395 -316.252590
v 75.418913 34.349361 -317.221727
v 46.808724 34.803491 -316.086403
v 69.191368 34.485817 -316.622856
v 41.406285 34.926850 -316.181823
v 62.959401 34.618689 -316.223849
v 36.007605 35.046495 -316.437752
v 56.928568 34.746094 -315.783355
v 30.624679 35.163616 -317.035921
v 51.085821 34.868636 -315.578676
v 25.269090 35.278425 -317.832518
v 45.365213 34.985822 -315.594610
v 19.949956 35.392466 -318.847763
v 39.364903 35.108183 -315.922332
v 14.675304 35.503217 -320.070185
v 33.194529 35.230564 -316.553974
v 9.458821 35.613398 -321.530816
v 27.120775 35.349215 -317.421933
v 4.309801 35.723165 -323.218163
v 21.169926 35.458884 -318.561828
v -0.772978 35.821577 -325.090295
v 15.191283 35.643302 -320.220302
v -5.884732 35.817484 -326.839216
v 9.531752 35.710014 -321.862611
v -10.959375 35.880774 -328.692986
v 4.345125 35.829742 -323.384834
v -15.969588 35.829742 -330.725445
v -0.752308 35.835052 -325.167556
v -21.012047 35.835052 -332.658552
v -5.843820 35.816803 -326.968603
v -26.026265 35.816803 -334.665298
v -10.884420 35.928723 -328.908031
v -31.064334 35.586691 -336.603761
v -15.917440 35.761008 -330.859557
v -36.099281 35.589976 -338.556022
v -20.167060 35.691094 -332.498330
v -41.137644 35.513377 -340.495586
v -23.402738 35.892813 -333.942311
v -46.246549 35.124954 -342.196797
v -27.662776 35.537238 -335.578683
v -51.322034 35.139603 -343.929010
v -31.810561 35.528621 -337.382501
v -56.562277 34.909828 -345.426808
v -36.817984 35.475415 -339.449761
v -61.817621 34.648981 -346.681061
v -42.001341 35.281606 -341.386691
v -67.111380 34.458326 -347.767111
v -47.118656 35.076347 -343.254111
v -72.564147 34.255525 -348.589456
v -52.648845 34.974570 -344.813917
v -77.737288 33.962940 -349.265093
v -57.864555 34.755999 -346.346842
v -83.036285 33.749130 -349.568823
v -63.117072 34.530424 -347.534681
v -88.427500 33.526042 -349.744321
v -69.016407 34.279124 -348.526483
v -94.029435 33.286544 -349.717579
v -74.093027 34.055565 -349.248054
v -99.387661 33.051810 -349.448806
v -70.285839 34.178450 -350.052672
v -104.810943 32.808406 -348.956637
v -75.577383 33.933758 -350.543915
v -110.110786 32.563385 -348.351318
v -80.826561 33.873993 -350.854981
v -115.384760 32.228365 -347.563724
v -86.117919 33.620572 -351.191797
v -120.722770 31.959539 -346.485537
v -91.501566 33.528146 -351.489503
v -125.997080 31.580819 -345.091142
v -96.957247 33.391648 -351.513711
v -131.201213 31.164398 -343.439931
v -102.499815 33.219025 -351.305421
v -136.310991 30.704145 -341.525329
v -108.060941 33.001901 -350.648351
v -141.347699 30.204694 -339.459525
v -113.638050 32.531592 -349.665189
v -146.304818 29.763222 -337.207523
v -119.286344 32.217162 -348.456217
v -151.143165 29.196256 -334.724830
v -124.768796 31.874967 -346.879514
v -155.908426 28.597112 -332.129164
v -130.120083 31.323215 -345.137103
v -160.580507 28.059599 -329.362955
v -135.094751 30.986235 -343.479156
v -165.120880 27.405137 -326.400074
v -140.385632 30.374115 -341.142794
v -169.622624 26.821958 -323.382005
v -145.426769 29.946777 -338.920108
v -173.973923 26.140490 -320.160549
v -150.305429 29.329779 -336.408356
v -178.268680 25.528949 -316.861229
v -155.200467 28.710724 -333.803271
v -182.424124 24.899412 -313.385528
v -159.964444 28.062132 -330.948239
v -186.501917 24.271064 -309.826576
v -164.511014 27.732287 -327.762508
v -190.527374 23.440928 -306.305716
v -168.905433 26.897015 -324.689318
v -194.545910 22.848519 -302.557538
v -173.454908 26.057993 -321.483502
v -198.573667 22.276674 -298.525497
v -178.151307 25.409957 -317.926145
v -202.508359 21.621083 -294.380995
v -182.519935 24.774393 -314.466193
v -206.299616 20.991262 -290.146065
v -187.255603 23.924440 -310.538838
v -209.870469 20.465696 -285.795515
v -192.217681 23.239824 -306.192765
v -213.174948 19.876312 -281.354523
v -196.617958 22.597604 -301.766969
v -216.366864 19.306120 -276.954241
v -200.652327 21.978595 -297.608359
v -219.314333 18.743847 -272.476858
v -204.377545 21.543108 -293.586100
v -222.005200 18.067232 -268.013583
v -207.951484 21.069719 -289.581365
v -224.456979 17.374459 -263.468195
v -211.364667 20.552695 -285.284894
v -226.746776 16.646128 -258.915565
v -214.413755 20.051605 -281.251314
v -228.890558 15.880323 -254.260664
v -216.781817 19.326984 -276.582603
v -231.411721 15.181845 -249.761114
v -219.296601 18.601654 -271.970651
v -233.902140 14.463417 -245.193830
v -221.850019 17.871779 -267.324398
v -236.442113 13.737352 -240.572226
v -224.308468 16.986008 -262.605658
v -239.120622 13.100853 -235.895218
v -226.873933 16.290811 -257.847727
v -241.784919 12.379733 -231.203508
v -229.476811 15.468178 -253.198492
v -244.443697 11.787796 -226.454384
v -232.145918 14.402796 -248.596536
v -247.078947 11.465151 -221.668123
v -234.763205 14.264161 -243.783692
v -249.773069 10.573211 -216.962785
v -237.387572 13.598212 -239.111734
v -252.397496 9.907247 -212.290722
v -240.011985 12.932259 -234.439766
v -255.021894 9.241298 -207.618780
v -242.636420 12.266301 -229.767757
v -257.646329 8.575340 -202.946772
v -245.260825 11.600350 -225.095787
v -260.270727 7.909390 -198.274814
v -247.771903 10.802137 -220.379981
v -262.983021 7.367369 -193.637855
v -250.424071 10.195944 -215.717560
v -265.635046 6.761208 -188.975685
v -253.079179 9.594260 -211.054528
v -268.290109 6.159534 -184.312732
v -255.734452 8.992545 -206.391275
v -270.945360 5.557824 -179.649518
v -258.389733 8.390828 -201.727992
v -273.600641 4.956107 -174.986235
v -261.044999 7.789114 -197.064721
v -276.255907 4.354393 -170.322964
v -267.953861 6.114100 -185.084456
v -278.783782 3.983624 -165.555089
v -270.544951 5.519805 -180.383281
v -281.385114 3.565022 -160.835445
v -273.321118 5.008146 -175.546852
v -283.857073 3.076554 -156.055337
v -275.920716 4.411259 -170.926982
v -286.295659 2.828640 -151.232176
v -278.715292 3.871913 -165.923891
v -288.597273 2.658336 -146.333298
v -281.246451 3.492810 -161.182336
v -290.863688 2.443657 -141.423284
v -283.390997 3.279088 -156.377362
v -293.554529 2.052455 -136.751231
v -285.512237 2.977018 -151.688879
v -296.481288 1.738577 -132.227660
v -287.652101 2.610281 -147.137041
v -299.698666 1.531484 -127.898497
v -289.879318 2.345557 -142.660738
v -303.231665 1.248104 -123.821126
v -292.269302 1.929052 -138.288015
v -307.023988 1.181980 -119.984734
v -294.904992 1.658271 -134.057281
v -311.073870 1.087605 -116.366627
v -296.909279 1.543497 -130.553929
v -320.025755 0.789699 -108.945048
v -299.318811 1.323626 -126.947461
v -324.907053 0.806692 -106.528561
v -301.617748 1.118286 -123.561959
v -330.029832 0.847694 -104.620569
v -304.670475 1.051358 -119.985953
v -335.293955 0.775471 -103.156834
v -307.796709 0.987280 -116.520502
v -340.715624 0.703496 -102.331315
v -311.385566 1.048446 -113.254726
v -346.163423 0.468815 -101.951922
v -315.839446 1.065320 -110.167345
v -351.616047 0.192720 -102.023077
v -320.806573 1.040313 -107.469293
v -357.063608 -0.119912 -102.538336
v -326.007567 0.978801 -105.380753
v -362.445225 -0.467138 -103.356438
v -331.366982 0.876485 -103.875990
v -367.769368 -0.856962 -104.453806
v -336.810247 0.721035 -103.045421
v -372.980695 -1.288434 -105.629025
v -342.309128 0.670395 -102.514691
v -378.097714 -1.906383 -107.095630
v -347.849381 0.401906 -102.153474
v -383.120049 -2.442503 -108.980055
v -353.410716 0.085885 -102.118580
v -388.011232 -3.033833 -111.194125
v -359.124416 -0.291851 -102.323712
v -392.673997 -3.675002 -113.882811
v -365.027203 -0.586917 -103.003915
v -397.116857 -4.493484 -116.955939
v -370.996347 -1.250363 -104.182235
v -401.262704 -5.102445 -120.416008
v -376.880384 -1.814350 -105.782291
v -405.025604 -5.835096 -124.277721
v -383.206970 -2.749468 -108.484525
v -408.456380 -6.320091 -128.377999
v -388.816221 -3.559385 -111.366398
v -411.454661 -6.793448 -132.760969
v -394.515580 -4.406176 -115.465968
v -414.247983 -7.225091 -137.312556
v -399.056381 -5.071557 -119.036475
v -416.619270 -7.613555 -142.145540
v -403.771776 -5.765892 -123.861233
v -418.700168 -7.961244 -147.131959
v -407.749423 -6.374891 -128.940571
v -420.604419 -8.271530 -152.121711
v -411.253816 -6.836894 -134.148839
v -422.217685 -8.664205 -157.294784
v -414.301165 -7.338899 -139.451707
v -423.585137 -8.919150 -162.562874
v -416.757428 -7.698603 -144.473306
v -424.802211 -9.268316 -167.822799
v -418.902160 -8.056402 -149.680781
v -425.874656 -9.605845 -173.116113
v -420.725895 -8.469849 -154.979013
v -426.874850 -9.814932 -178.421904
v -422.216233 -8.879535 -159.625389
v -427.712087 -9.860937 -183.767890
v -423.552001 -9.176937 -164.769264
v -428.649928 -9.961234 -189.082453
v -424.743778 -9.435939 -170.007165
v -429.658502 -10.025706 -194.384199
v -425.876572 -9.605500 -175.462044
v -430.919985 -10.210709 -200.477373
v -426.891163 -9.828138 -180.701639
v -432.334120 -10.246827 -206.660359
v -428.019503 -9.945216 -186.058940
v -441.375560 -10.972605 -249.757060
v -429.132846 -10.058292 -191.341131
v -442.195923 -11.063144 -253.641957
v -430.166284 -10.165235 -196.242072
v -442.892133 -11.144146 -256.934584
v -431.279726 -10.278331 -201.524576
v -443.718678 -11.235173 -260.848808
v -432.435563 -10.394678 -207.009575
v -444.512350 -11.323662 -264.606557
v -433.422186 -10.572246 -212.293204
v -446.348948 -11.033916 -269.078624
v -434.593146 -10.632894 -217.583729
v -447.690769 -11.084536 -273.135714
v -435.859748 -10.740860 -222.821006
v -448.626306 -10.740860 -276.968823
v -437.004745 -10.742538 -228.081853
v -450.590068 -10.742538 -281.984912
v -438.200240 -10.724289 -233.313558
v -452.749223 -10.724289 -287.100708
v -439.416223 -10.757870 -238.530998
v -455.422202 -10.313260 -292.328872
v -440.906792 -10.763231 -243.674466
v -457.448571 -9.869081 -297.770559
v -442.250612 -10.669508 -248.860674
v -460.779861 -9.765642 -303.092624
v -443.727883 -10.576902 -253.979938
v -464.465155 -9.655245 -308.357676
v -445.253312 -10.419692 -259.079417
v -469.287829 -9.948427 -313.746162
v -446.904247 -10.293167 -264.115390
v -475.332433 -10.293167 -319.011198
v -448.440718 -10.267746 -269.204422
v -484.931552 -10.267746 -323.169738
v -450.069378 -10.239075 -274.356535
v -498.488991 -10.239075 -324.426816
v -452.663261 -10.203552 -278.963610
v -510.851054 -10.203552 -323.768205
v -458.142584 -10.166306 -284.345503
v -521.842733 -10.166306 -321.163019
v -462.497949 -10.133667 -287.756758
v -531.082573 -10.133667 -317.910342
v -467.250480 -10.111542 -290.549527
v -538.975263 -10.111542 -314.457788
v -472.239901 -10.098648 -292.870003
v -546.260814 -10.098648 -310.322087
v -477.262921 -10.085739 -294.645174
v -553.014194 -10.085739 -306.159367
v -482.673333 -10.068161 -296.032719
v -559.240037 -10.068161 -301.501769
v -488.175873 -10.046997 -296.902405
v -565.042618 -10.046997 -296.902405
v -493.733338 -10.023300 -297.401901
v -570.258729 -10.023300 -291.328457
v -499.322455 -10.003967 -297.503956
v -574.945721 -10.003967 -284.799247
v -504.890333 -10.000900 -297.132266
v -578.613169 -10.000900 -277.795129
v -510.411610 -10.018356 -296.379086
v -581.406021 -10.018356 -269.304948
v -515.763129 -9.983092 -295.043699
v -582.799840 -10.581634 -260.926801
v -520.958241 -9.981946 -293.276809
v -582.162000 -11.158942 -251.493475
v -525.936716 -10.038560 -290.990909
v -578.897985 -11.746988 -242.015973
v -528.846304 -10.053654 -290.265749
v -573.487628 -12.342953 -233.605607
v -533.282832 -10.176241 -286.425593
v -568.475043 -12.883334 -227.952377
v -536.499104 -10.485935 -281.834418
v -567.689378 -12.565286 -224.132409
v -539.465944 -10.691194 -277.183407
v -567.442545 -12.725856 -219.195541
v -542.131873 -10.961737 -272.377564
v -567.561536 -12.457599 -214.537546
v -544.576915 -11.110636 -267.517075
v -567.726951 -12.588298 -209.888262
v -546.916269 -11.322161 -262.265136
v -568.087618 -12.284495 -205.487430
v -549.015687 -11.495008 -257.302295
v -568.467567 -11.969444 -200.369965
v -550.990175 -11.558635 -252.129175
v -568.961888 -12.031575 -195.376395
v -552.781506 -11.614562 -247.021665
v -569.681058 -12.083994 -190.220393
v -554.412464 -11.671112 -241.864701
v -570.640132 -12.134760 -185.299693
v -556.152800 -11.725013 -236.731449
v -570.640230 -12.192349 -179.716402
v -557.506874 -11.778045 -231.497419
v -571.872570 -12.241454 -174.961455
v -558.865919 -11.830725 -226.270171
v -566.231739 -12.068332 -197.044498
v -560.379982 -11.877733 -221.074130
v -567.064457 -12.116464 -191.710182
v -561.600714 -11.921566 -215.809028
v -568.280855 -12.160142 -186.464124
v -562.808677 -12.047256 -210.545365
v -569.488032 -12.047256 -181.203911
v -564.150128 -12.076035 -205.306960
v -570.321867 -12.076035 -175.872513
v -565.212708 -12.095856 -200.329995
v -571.417043 -12.095856 -170.740084
v -566.338989 -12.115677 -195.048943
v -572.543325 -12.115677 -165.459033
v -567.465246 -12.135498 -189.768011
v -573.765116 -12.135498 -159.722478
v -568.591589 -12.155319 -184.486959
v -574.891471 -12.155319 -154.441367
v -569.717944 -12.175140 -179.205817
v -576.017817 -12.175140 -149.160270
v -570.969455 -12.186249 -173.946785
v -576.801184 -12.186249 -143.816185
v -572.004874 -12.187454 -168.643730
v -577.857271 -12.187454 -138.406347
v -573.033808 -12.187454 -163.342466
v -578.885990 -12.187454 -133.106192
v -574.062788 -12.187454 -158.041592
v -579.930361 -12.187454 -127.725800
v -575.091768 -12.187454 -152.740404
v -581.010004 -12.187454 -122.162852
v -576.120600 -12.187454 -147.439650
v -582.038853 -12.187454 -116.862008
v -577.149545 -12.187454 -142.138641
v -583.081606 -12.187454 -111.489661
v -576.869367 -12.187454 -143.601435
v -584.110551 -12.187454 -106.188652
v -577.898631 -12.187454 -138.298449
v -585.139423 -12.187454 -100.887688
v -578.927712 -12.187454 -132.996421
v -586.181967 -12.187454 -95.516105
v -579.956646 -12.187454 -127.695158
v -587.210854 -12.187454 -90.215081
v -580.985365 -12.187454 -122.395003
v -588.191241 -12.187454 -85.164641
v -582.014011 -12.187454 -117.095522
v -589.078160 -12.187454 -80.597420
v -583.042425 -12.187454 -111.796940
v -589.878763 -12.187454 -76.475862
v -584.070698 -12.187454 -106.499392
v -590.522509 -12.187454 -73.165034
v -585.098849 -12.187454 -101.202488
v -591.106430 -12.187454 -70.163319
v -586.126721 -12.187454 -95.906707
v -591.787118 -12.187454 -66.661321
v -587.154509 -12.187454 -90.611676
v -592.537981 -12.187454 -62.797073
v -588.080367 -12.187454 -85.303506
v -593.753221 -12.187454 -57.166149
v -589.048160 -12.187454 -80.008266
v -595.007704 -12.187454 -51.585824
v -590.142766 -12.187454 -74.818331
v -596.121993 -12.187454 -46.302014
v -591.257562 -12.187454 -69.532101
v -597.236289 -12.187454 -41.018173
v -590.048062 -12.187454 -75.330674
v -598.350486 -12.187454 -35.734497
v -591.266168 -12.187454 -69.551443
v -599.464682 -12.187454 -30.450836
v -592.392994 -12.187454 -64.207553
v -600.578857 -12.187454 -25.167280
v -593.507242 -12.187454 -58.923937
v -601.693124 -12.187454 -19.883574
v -594.621522 -12.187454 -53.640171
v -602.807407 -12.187454 -14.599794
v -595.735722 -12.187454 -48.356495
v -603.921585 -12.187454 -9.316223
v -596.430820 -12.187454 -42.949327
v -605.278044 -12.187454 -4.084736
v -597.456379 -12.384208 -37.641362
v -606.577392 -12.069691 1.044313
v -598.270650 -12.941286 -32.269915
v -608.055193 -11.678764 6.236995
v -599.397359 -11.929459 -27.015783
v -609.485438 -11.929459 11.445020
v -600.191552 -11.929459 -21.627700
v -611.155607 -11.929459 16.589867
v -600.847874 -11.929459 -16.758775
v -612.982413 -11.929459 21.560824
v -600.068820 -11.929459 -12.293244
v -615.643739 -11.929459 26.478362
v -598.198129 -11.929459 -7.778149
v -619.068180 -11.929459 30.831446
v -605.826672 -11.929459 10.738900
v -623.274471 -11.929459 34.788570
v -606.998552 -11.929459 16.759962
v -628.259593 -11.929459 37.784768
v -609.046220 -11.929459 22.991751
v -633.592453 -11.929459 39.355906
v -612.323230 -11.929459 28.949411
v -639.524626 -11.929459 39.876468
v -616.908862 -11.929459 33.974336
v -645.337389 -11.929459 39.247369
v -622.709037 -11.929459 37.357483
v -651.295523 -11.929459 38.038113
v -612.873162 -11.929459 40.855529
v -656.614838 -11.929459 36.342499
v -618.774843 -11.929459 43.071544
v -661.398050 -11.929459 34.478156
v -626.729139 -11.722342 43.751978
v -666.423280 -12.050393 32.270201
v -633.257278 -11.168196 43.438371
v -671.549101 -12.455316 29.923610
v -639.254259 -12.187454 43.168673
v -676.595434 -12.187454 27.073339
v -644.795847 -12.187454 42.281640
v -681.694328 -12.187454 23.995667
v -649.820955 -12.187454 40.307032
v -687.205160 -12.187454 20.947355
v -654.830395 -12.187454 38.206235
v -692.464268 -12.187454 17.863602
v -659.805045 -12.187454 36.021067
v -697.686489 -12.187454 14.669708
v -664.653870 -12.187454 33.602197
v -702.953376 -12.187454 11.465786
v -669.328904 -12.187454 30.889259
v -708.373596 -12.187454 8.322144
v -689.569455 -12.187454 19.236958
v -713.598991 -12.187454 5.127874
v -694.259154 -12.187454 16.558961
v -718.946433 -12.187454 1.700877
v -698.639543 -12.187454 13.894302
v -726.236941 -12.187454 -2.715244
v -703.284522 -12.187454 11.142821
v -730.769999 -12.187454 -5.653858
v -707.959918 -12.187454 8.446335
v -735.149985 -12.187454 -8.833334
v -712.510313 -12.187454 5.546604
v -739.686574 -12.187454 -11.724291
v -717.064155 -12.187454 2.644720
v -744.240417 -12.187454 -14.626175
v -721.618001 -12.187454 -0.257205
v -753.351281 -12.187454 -20.424149
v -726.171834 -12.187454 -3.159121
v -757.799512 -12.187454 -23.258954
v -731.016756 -12.187454 -6.132153
v -762.244894 -12.187454 -26.459903
v -735.591509 -12.187454 -9.003053
v -766.676198 -12.187454 -29.726179
v -740.113181 -12.187454 -11.955466
v -771.142886 -12.187454 -32.937457
v -744.681226 -12.187454 -14.842354
v -775.337753 -12.187454 -36.569795
v -749.078858 -12.187454 -17.974761
v -770.663177 -12.187454 -33.272385
v -753.562808 -12.187454 -20.985155
v -774.509759 -12.187454 -36.387324
v -758.831863 -12.187454 -23.128231
v -776.606377 -12.187454 -41.719965
v -764.103331 -12.187454 -25.862738
v -774.862670 -12.187454 -44.478104
v -768.361731 -12.187454 -29.833610
v -775.037959 -12.187454 -50.375850
v -771.271430 -12.187454 -34.664775
v -774.684030 -12.187454 -55.993528
v -772.967123 -12.187454 -39.902753
v -774.165273 -12.187454 -61.469457
v -773.839440 -12.187454 -45.281466
v -773.496628 -12.187454 -66.878645
v -774.385235 -12.187454 -50.714498
v -771.313648 -12.187454 -82.966161
v -774.312454 -12.187454 -56.142820
v -769.443582 -12.187454 -88.174878
v -773.744240 -12.187454 -61.521864
v -768.820177 -12.187454 -88.068982
v -772.794134 -12.187454 -66.837447
v -768.411652 -12.187454 -89.480268
v -772.131491 -12.187454 -71.294669
v -766.149437 -12.187454 -98.546250
v -772.029226 -12.187454 -72.194346
v -762.457250 -12.187454 -114.242669
v -769.749300 -12.187454 -82.752197
v -760.792363 -12.187454 -119.475637
v -768.465766 -12.187454 -87.997433
v -759.508927 -12.187454 -124.720473
v -767.182376 -12.187454 -93.242580
v -758.225515 -12.187454 -129.965710
v -765.898947 -12.187454 -98.487623
v -759.501163 -12.187454 -124.718538
v -764.615428 -12.187454 -103.732800
v -759.497184 -12.187454 -124.717600
v -764.611535 -12.187454 -103.731743
v -758.213755 -12.187454 -129.962643
v -763.308647 -12.187454 -109.056585
v -756.930311 -12.187454 -135.207761
v -760.691749 -12.187454 -119.450497
v -755.734982 -12.187454 -140.474027
v -759.437028 -12.187454 -124.702616
v -754.480286 -12.187454 -145.726041
v -758.196341 -12.187454 -129.957854
v -753.239560 -12.187454 -150.981442
v -756.955557 -12.187454 -135.213255
v -751.998790 -12.187454 -156.236785
v -757.893187 -12.187454 -129.888583
v -750.560474 -12.187454 -163.293164
v -756.535938 -12.187454 -135.119778
v -749.887001 -12.187454 -166.830098
v -753.072224 -12.187454 -150.946472
v -746.915774 -12.187454 -182.754799
v -751.976845 -12.187454 -156.234602
v -747.381044 -12.187454 -181.011964
v -750.649907 -12.187454 -161.487574
v -747.058147 -12.187454 -186.430353
v -749.600102 -12.187454 -166.795538
v -747.214855 -12.187454 -188.262765
v -748.287115 -12.187454 -172.112755
v -747.772978 -12.187454 -193.706505
v -746.223919 -12.187454 -177.663927
v -750.854903 -12.187454 -198.760629
v -744.146989 -12.187454 -184.427369
v -757.686755 -12.187454 -201.786044
v -746.957850 -12.187454 -189.115562
v -764.958212 -12.187454 -208.581070
v -747.902748 -12.187454 -190.701284
v -772.377952 -12.187454 -215.451491
v -751.561885 -12.187454 -194.679108
v -776.827176 -12.187454 -219.382947
v -756.711779 -12.187454 -199.794124
v -777.373020 -12.187454 -219.774226
v -758.232046 -12.187454 -201.279351
v -781.247100 -12.187454 -223.535668
v -758.726581 -12.187454 -201.489979
v -781.135379 -12.187454 -223.649789
v -760.281332 -12.187454 -202.521071
v -784.811683 -12.187454 -227.608930
v -762.565085 -12.187454 -204.659432
v -788.706540 -12.187454 -231.692072
v -763.403497 -12.187454 -205.500687
v -794.055482 -12.187454 -237.197626
v -764.364420 -12.187454 -206.468567
v -798.179897 -12.187454 -241.436844
v -765.538276 -12.187454 -207.656702
v -801.062362 -12.187454 -244.391836
v -789.993240 -12.187454 -232.919634
v -805.270217 -12.187454 -248.717417
v -792.577033 -12.187454 -235.565725
v -809.378880 -12.187454 -252.940361
v -796.597235 -12.187454 -239.697224
v -813.585716 -12.187454 -257.264858
v -802.194862 -12.187454 -245.459878
v -820.963339 -12.187454 -264.868189
v -806.188945 -12.187454 -249.564321
v -825.107727 -12.187454 -269.128061
v -818.551735 -12.187454 -257.421721
v -777.823544 -12.187454 -296.359660
v -815.355713 -12.187454 -260.426878
v -765.022431 -12.187454 -309.100822
v -811.382562 -12.187454 -264.290354
v -795.448776 -12.187454 -279.698850
vt 0.000000 0.000000
vt 1.000000 0.000000
vt 0.000000 0.000827
vt 1.000000 0.000827
vt 0.000000 0.001654
vt 1.000000 0.001654
vt 0.000000 0.002481
vt 1.000000 0.002481
vt 0.000000 0.003297
vt 1.000000 0.003297
vt 0.000000 0.004101
vt 1.000000 0.004101
vt 0.000000 0.004905
vt 1.000000 0.004905
vt 0.000000 0.005710
vt 1.000000 0.005710
vt 0.000000 0.006498
vt 1.000000 0.006498
vt 0.000000 0.007297
vt 1.000000 0.007297
vt 0.000000 0.007944
vt 1.000000 0.007944
vt 0.000000 0.008824
vt 1.000000 0.008824
vt 0.000000 0.009617
vt 1.000000 0.009617
vt 0.000000 0.010428
vt 1.000000 0.010428
vt 0.000000 0.011233
vt 1.000000 0.011233
vt 0.000000 0.012037
vt 1.000000 0.012037
vt 0.000000 0.012841
vt 1.000000 0.012841
vt 0.000000 0.013609
vt 1.000000 0.013609
vt 0.000000 0.014343
vt 1.000000 0.014343
vt 0.000000 0.015101
vt 1.000000 0.015101
vt 0.000000 0.015646
vt 1.000000 0.015646
vt 0.000000 0.016404
vt 1.000000 0.016404
vt 0.000000 0.017183
vt 1.000000 0.017183
vt 0.000000 0.017994
vt 1.000000 0.017994
vt 0.000000 0.018838
vt 1.000000 0.018838
vt 0.000000 0.019678
vt 1.000000 0.019678
vt 0.000000 0.020494
vt 1.000000 0.020494
vt 0.000000 0.021351
vt 1.000000 0.021351
vt 0.000000 0.022247
vt 1.000000 0.022247
vt 0.000000 0.023186
vt 1.000000 0.023186
vt 0.000000 0.023975
vt 1.000000 0.023975
vt 0.000000 0.024788
vt 1.000000 0.024788
vt 0.000000 0.025719
vt 1.000000 0.025719
vt 0.000000 0.026524
vt 1.000000 0.026524
vt 0.000000 0.027328
vt 1.000000 0.027328
vt 0.000000 0.028132
vt 1.000000 0.028132
vt 0.000000 0.028937
vt 1.000000 0.028937
vt 0.000000 0.029741
vt 1.000000 0.029741
vt 0.000000 0.030545
vt 1.000000 0.030545
vt 0.000000 0.031350
vt 1.000000 0.031350
vt 0.000000 0.032154
vt 1.000000 0.032154
vt 0.000000 0.032959
vt 1.000000 0.032959
vt 0.000000 0.033763
vt 1.000000 0.033763
vt 0.000000 0.034567
vt 1.000000 0.034567
vt 0.000000 0.035372
vt 1.000000 0.035372
vt 0.000000 0.036176
vt 1.000000 0.036176
vt 0.000000 0.036980
vt 1.000000 0.036980
vt 0.000000 0.037785
vt 1.000000 0.037785
vt 0.000000 0.038589
vt 1.000000 0.038589
vt 0.000000 0.039394
vt 1.000000 0.039394
vt 0.000000 0.040198
vt 1.000000 0.040198
vt 0.000000 0.041002
vt 1.000000 0.041002
vt 0.000000 0.041807
vt 1.000000 0.041807
vt 0.000000 0.042611
vt 1.000000 0.042611
vt 0.000000 0.043416
vt 1.000000 0.043416
vt 0.000000 0.044220
vt 1.000000 0.044220
vt 0.000000 0.045024
vt 1.000000 0.045024
vt 0.000000 0.045831
vt 1.000000 0.045831
vt 0.000000 0.046647
vt 1.000000 0.046647
vt 0.000000 0.047465
vt 1.000000 0.047465
vt 0.000000 0.048285
vt 1.000000 0.048285
vt 0.000000 0.049114
vt 1.000000 0.049114
vt 0.000000 0.050053
vt 1.000000 0.050053
vt 0.000000 0.051136
vt 1.000000 0.051136
vt 0.000000 0.052205
vt 1.000000 0.052205
vt 0.000000 0.053208
vt 1.000000 0.053208
vt 0.000000 0.053983
vt 1.000000 0.053983
vt 0.000000 0.054973
vt 1.000000 0.054973
vt 0.000000 0.055823
vt 1.000000 0.055823
vt 0.000000 0.056701
vt 1.000000 0.056701
vt 0.000000 0.057588
vt 1.000000 0.057588
vt 0.000000 0.058417
vt 1.000000 0.058417
vt 0.000000 0.059227
vt 1.000000 0.059227
vt 0.000000 0.060034
vt 1.000000 0.060034
vt 0.000000 0.060838
vt 1.000000 0.060838
vt 0.000000 0.061643
vt 1.000000 0.061643
vt 0.000000 0.062447
vt 1.000000 0.062447
vt 0.000000 0.063251
vt 1.000000 0.063251
vt 0.000000 0.064056
vt 1.000000 0.064056
vt 0.000000 0.064860
vt 1.000000 0.064860
vt 0.000000 0.065665
vt 1.000000 0.065665
vt 0.000000 0.066469
vt 1.000000 0.066469
vt 0.000000 0.067273
vt 1.000000 0.067273
vt 0.000000 0.068078
vt 1.000000 0.068078
vt 0.000000 0.068882
vt 1.000000 0.068882
vt 0.000000 0.069686
vt 1.000000 0.069686
vt 0.000000 0.070491
vt 1.000000 0.070491
vt 0.000000 0.071295
vt 1.000000 0.071295
vt 0.000000 0.072100
vt 1.000000 0.072100
vt 0.000000 0.072904
vt 1.000000 0.072904
vt 0.000000 0.073708
vt 1.000000 0.073708
vt 0.000000 0.074513
vt 1.000000 0.074513
vt 0.000000 0.075317
vt 1.000000 0.075317
vt 0.000000 0.076121
vt 1.000000 0.076121
vt 0.000000 0.076926
vt 1.000000 0.076926
vt 0.000000 0.077730
vt 1.000000 0.077730
vt 0.000000 0.078535
vt 1.000000 0.078535
vt 0.000000 0.079339
vt 1.000000 0.079339
vt 0.000000 0.080143
vt 1.000000 0.080143
vt 0.000000 0.080948
vt 1.000000 0.080948
vt 0.000000 0.081752
vt 1.000000 0.081752
vt 0.000000 0.082557
vt 1.000000 0.082557
vt 0.000000 0.083361
vt 1.000000 0.083361
vt 0.000000 0.084165
vt 1.000000 0.084165
vt 0.000000 0.084970
vt 1.000000 0.084970
vt 0.000000 0.085774
vt 1.000000 0.085774
vt 0.000000 0.086578
vt 1.000000 0.086578
vt 0.000000 0.087401
vt 1.000000 0.087401
vt 0.000000 0.088234
vt 1.000000 0.088234
vt 0.000000 0.089087
vt 1.000000 0.089087
vt 0.000000 0.090026
vt 1.000000 0.090026
vt 0.000000 0.091081
vt 1.000000 0.091081
vt 0.000000 0.091904
vt 1.000000 0.091904
vt 0.000000 0.093023
vt 1.000000 0.093023
vt 0.000000 0.094016
vt 1.000000 0.094016
vt 0.000000 0.094975
vt 1.000000 0.094975
vt 0.000000 0.095942
vt 1.000000 0.095942
vt 0.000000 0.096877
vt 1.000000 0.096877
vt 0.000000 0.097721
vt 1.000000 0.097721
vt 0.000000 0.098526
vt 1.000000 0.098526
vt 0.000000 0.099330
vt 1.000000 0.099330
vt 0.000000 0.100135
vt 1.000000 0.100135
vt 0.000000 0.100939
vt 1.000000 0.100939
vt 0.000000 0.101743
vt 1.000000 0.101743
vt 0.000000 0.102548
vt 1.000000 0.102548
vt 0.000000 0.103352
vt 1.000000 0.103352
vt 0.000000 0.104156
vt 1.000000 0.104156
vt 0.000000 0.104961
vt 1.000000 0.104961
vt 0.000000 0.105765
vt 1.000000 0.105765
vt 0.000000 0.106569
vt 1.000000 0.106569
vt 0.000000 0.107374
vt 1.000000 0.107374
vt 0.000000 0.108177
vt 1.000000 0.108177
vt 0.000000 0.108981
vt 1.000000 0.108981
vt 0.000000 0.109782
vt 1.000000 0.109782
vt 0.000000 0.110572
vt 1.000000 0.110572
vt 0.000000 0.111362
vt 1.000000 0.111362
vt 0.000000 0.112161
vt 1.000000 0.112161
vt 0.000000 0.112964
vt 1.000000 0.112964
vt 0.000000 0.113768
vt 1.000000 0.113768
vt 0.000000 0.114572
vt 1.000000 0.114572
vt 0.000000 0.115376
vt 1.000000 0.115376
vt 0.000000 0.116180
vt 1.000000 0.116180
vt 0.000000 0.116985
vt 1.000000 0.116985
vt 0.000000 0.117789
vt 1.000000 0.117789
vt 0.000000 0.118593
vt 1.000000 0.118593
vt 0.000000 0.119398
vt 1.000000 0.119398
vt 0.000000 0.120202
vt 1.000000 0.120202
vt 0.000000 0.121007
vt 1.000000 0.121007
vt 0.000000 0.121811
vt 1.000000 0.121811
vt 0.000000 0.122615
vt 1.000000 0.122615
vt 0.000000 0.123420
vt 1.000000 0.123420
vt 0.000000 0.124224
vt 1.000000 0.124224
vt 0.000000 0.125029
vt 1.000000 0.125029
vt 0.000000 0.125830
vt 1.000000 0.125830
vt 0.000000 0.126626
vt 1.000000 0.126626
vt 0.000000 0.127423
vt 1.000000 0.127423
vt 0.000000 0.128222
vt 1.000000 0.128222
vt 0.000000 0.129021
vt 1.000000 0.129021
vt 0.000000 0.129825
vt 1.000000 0.129825
vt 0.000000 0.130630
vt 1.000000 0.130630
vt 0.000000 0.131434
vt 1.000000 0.131434
vt 0.000000 0.132238
vt 1.000000 0.132238
vt 0.000000 0.133043
vt 1.000000 0.133043
vt 0.000000 0.133847
vt 1.000000 0.133847
vt 0.000000 0.134652
vt 1.000000 0.134652
vt 0.000000 0.135456
vt 1.000000 0.135456
vt 0.000000 0.136260
vt 1.000000 0.136260
vt 0.000000 0.137065
vt 1.000000 0.137065
vt 0.000000 0.137869
vt 1.000000 0.137869
vt 0.000000 0.138673
vt 1.000000 0.138673
vt 0.000000 0.139478
vt 1.000000 0.139478
vt 0.000000 0.140282
vt 1.000000 0.140282
vt 0.000000 0.141087
vt 1.000000 0.141087
vt 0.000000 0.141891
vt 1.000000 0.141891
vt 0.000000 0.142695
vt 1.000000 0.142695
vt 0.000000 0.143500
vt 1.000000 0.143500
vt 0.000000 0.144304
vt 1.000000 0.144304
vt 0.000000 0.145108
vt 1.000000 0.145108
vt 0.000000 0.145912
vt 1.000000 0.145912
vt 0.000000 0.146716
vt 1.000000 0.146716
vt 0.000000 0.147521
vt 1.000000 0.147521
vt 0.000000 0.148325
vt 1.000000 0.148325
vt 0.000000 0.149129
vt 1.000000 0.149129
vt 0.000000 0.149933
vt 1.000000 0.149933
vt 0.000000 0.150737
vt 1.000000 0.150737
vt 0.000000 0.151541
vt 1.000000 0.151541
vt 0.000000 0.152345
vt 1.000000 0.152345
vt 0.000000 0.153149
vt 1.000000 0.153149
vt 0.000000 0.153954
vt 1.000000 0.153954
vt 0.000000 0.154758
vt 1.000000 0.154758
vt 0.000000 0.155562
vt 1.000000 0.155562
vt 0.000000 0.156367
vt 1.000000 0.156367
vt 0.000000 0.157171
vt 1.000000 0.157171
vt 0.000000 0.157976
vt 1.000000 0.157976
vt 0.000000 0.158780
vt 1.000000 0.158780
vt 0.000000 0.159584
vt 1.000000 0.159584
vt 0.000000 0.160389
vt 1.000000 0.160389
vt 0.000000 0.161193
vt 1.000000 0.161193
vt 0.000000 0.161997
vt 1.000000 0.161997
vt 0.000000 0.162802
vt 1.000000 0.162802
vt 0.000000 0.163606
vt 1.000000 0.163606
vt 0.000000 0.164411
vt 1.000000 0.164411
vt 0.000000 0.165215
vt 1.000000 0.165215
vt 0.000000 0.166019
vt 1.000000 0.166019
vt 0.000000 0.166824
vt 1.000000 0.166824
vt 0.000000 0.167628
vt 1.000000 0.167628
vt 0.000000 0.168432
vt 1.000000 0.168432
vt 0.000000 0.169237
vt 1.000000 0.169237
vt 0.000000 0.170041
vt 1.000000 0.170041
vt 0.000000 0.170846
vt 1.000000 0.170846
vt 0.000000 0.171650
vt 1.000000 0.171650
vt 0.000000 0.172454
vt 1.000000 0.172454
vt 0.000000 0.173259
vt 1.000000 0.173259
vt 0.000000 0.174063
vt 1.000000 0.174063
vt 0.000000 0.174867
vt 1.000000 0.174867
vt 0.000000 0.175672
vt 1.000000 0.175672
vt 0.000000 0.176476
vt 1.000000 0.176476
vt 0.000000 0.177281
vt 1.000000 0.177281
vt 0.000000 0.178085
vt 1.000000 0.178085
vt 0.000000 0.178889
vt 1.000000 0.178889
vt 0.000000 0.179693
vt 1.000000 0.179693
vt 0.000000 0.180497
vt 1.000000 0.180497
vt 0.000000 0.181302
vt 1.000000 0.181302
vt 0.000000 0.182106
vt 1.000000 0.182106
vt 0.000000 0.182910
vt 1.000000 0.182910
vt 0.000000 0.183715
vt 1.000000 0.183715
vt 0.000000 0.184519
vt 1.000000 0.184519
vt 0.000000 0.185323
vt 1.000000 0.185323
vt 0.000000 0.186128
vt 1.000000 0.186128
vt 0.000000 0.186932
vt 1.000000 0.186932
vt 0.000000 0.187736
vt 1.000000 0.187736
vt 0.000000 0.188540
vt 1.000000 0.188540
vt 0.000000 0.189344
vt 1.000000 0.189344
vt 0.000000 0.190148
vt 1.000000 0.190148
vt 0.000000 0.190953
vt 1.000000 0.190953
vt 0.000000 0.191757
vt 1.000000 0.191757
vt 0.000000 0.192561
vt 1.000000 0.192561
vt 0.000000 0.193365
vt 1.000000 0.193365
vt 0.000000 0.194169
vt 1.000000 0.194169
vt 0.000000 0.194973
vt 1.000000 0.194973
vt 0.000000 0.195778
vt 1.000000 0.195778
vt 0.000000 0.196582
vt 1.000000 0.196582
vt 0.000000 0.197386
vt 1.000000 0.197386
vt 0.000000 0.198191
vt 1.000000 0.198191
vt 0.000000 0.198995
vt 1.000000 0.198995
vt 0.000000 0.199799
vt 1.000000 0.199799
vt 0.000000 0.200603
vt 1.000000 0.200603
vt 0.000000 0.201408
vt 1.000000 0.201408
vt 0.000000 0.202212
vt 1.000000 0.202212
vt 0.000000 0.203016
vt 1.000000 0.203016
vt 0.000000 0.203820
vt 1.000000 0.203820
vt 0.000000 0.204625
vt 1.000000 0.204625
vt 0.000000 0.205429
vt 1.000000 0.205429
vt 0.000000 0.206233
vt 1.000000 0.206233
vt 0.000000 0.207038
vt 1.000000 0.207038
vt 0.000000 0.207842
vt 1.000000 0.207842
vt 0.000000 0.208646
vt 1.000000 0.208646
vt 0.000000 0.209450
vt 1.000000 0.209450
vt 0.000000 0.210254
vt 1.000000 0.210254
vt 0.000000 0.211058
vt 1.000000 0.211058
vt 0.000000 0.211862
vt 1.000000 0.211862
vt 0.000000 0.212666
vt 1.000000 0.212666
vt 0.000000 0.213470
vt 1.000000 0.213470
vt 0.000000 0.214274
vt 1.000000 0.214274
vt 0.000000 0.215079
vt 1.000000 0.215079
vt 0.000000 0.215883
vt 1.000000 0.215883
vt 0.000000 0.216687
vt 1.000000 0.216687
vt 0.000000 0.217491
vt 1.000000 0.217491
vt 0.000000 0.218295
vt 1.000000 0.218295
vt 0.000000 0.219099
vt 1.000000 0.219099
vt 0.000000 0.219903
vt 1.000000 0.219903
vt 0.000000 0.220708
vt 1.000000 0.220708
vt 0.000000 0.221512
vt 1.000000 0.221512
vt 0.000000 0.222316
vt 1.000000 0.222316
vt 0.000000 0.223121
vt 1.000000 0.223121
vt 0.000000 0.223925
vt 1.000000 0.223925
vt 0.000000 0.224729
vt 1.000000 0.224729
vt 0.000000 0.225534
vt 1.000000 0.225534
vt 0.000000 0.226338
vt 1.000000 0.226338
vt 0.000000 0.227142
vt 1.000000 0.227142
vt 0.000000 0.227947
vt 1.000000 0.227947
vt 0.000000 0.228751
vt 1.000000 0.228751
vt 0.000000 0.229555
vt 1.000000 0.229555
vt 0.000000 0.230360
vt 1.000000 0.230360
vt 0.000000 0.231164
vt 1.000000 0.231164
vt 0.000000 0.231968
vt 1.000000 0.231968
vt 0.000000 0.232773
vt 1.000000 0.232773
vt 0.000000 0.233577
vt 1.000000 0.233577
vt 0.000000 0.234381
vt 1.000000 0.234381
vt 0.000000 0.235185
vt 1.000000 0.235185
vt 0.000000 0.235990
vt 1.000000 0.235990
vt 0.000000 0.236794
vt 1.000000 0.236794
vt 0.000000 0.237598
vt 1.000000 0.237598
vt 0.000000 0.238403
vt 1.000000 0.238403
vt 0.000000 0.239207
vt 1.000000 0.239207
vt 0.000000 0.240011
vt 1.000000 0.240011
vt 0.000000 0.240816
vt 1.000000 0.240816
vt 0.000000 0.241620
vt 1.000000 0.241620
vt 0.000000 0.242424
vt 1.000000 0.242424
vt 0.000000 0.243229
vt 1.000000 0.243229
vt 0.000000 0.244033
vt 1.000000 0.244033
vt 0.000000 0.244837
vt 1.000000 0.244837
vt 0.000000 0.245642
vt 1.000000 0.245642
vt 0.000000 0.246446
vt 1.000000 0.246446
vt 0.000000 0.247250
vt 1.000000 0.247250
vt 0.000000 0.248055
vt 1.000000 0.248055
vt 0.000000 0.248859
vt 1.000000 0.248859
vt 0.000000 0.249664
vt 1.000000 0.249664
vt 0.000000 0.250468
vt 1.000000 0.250468
vt 0.000000 0.251272
vt 1.000000 0.251272
vt 0.000000 0.252077
vt 1.000000 0.252077
vt 0.000000 0.252881
vt 1.000000 0.252881
vt 0.000000 0.253685
vt 1.000000 0.253685
vt 0.000000 0.254490
vt 1.000000 0.254490
vt 0.000000 0.255294
vt 1.000000 0.255294
vt 0.000000 0.256098
vt 1.000000 0.256098
vt 0.000000 0.256903
vt 1.000000 0.256903
vt 0.000000 0.257707
vt 1.000000 0.257707
vt 0.000000 0.258512
vt 1.000000 0.258512
vt 0.000000 0.259316
vt 1.000000 0.259316
vt 0.000000 0.260120
vt 1.000000 0.260120
vt 0.000000 0.260925
vt 1.000000 0.260925
vt 0.000000 0.261729
vt 1.000000 0.261729
vt 0.000000 0.262534
vt 1.000000 0.262534
vt 0.000000 0.263338
vt 1.000000 0.263338
vt 0.000000 0.264142
vt 1.000000 0.264142
vt 0.000000 0.264947
vt 1.000000 0.264947
vt 0.000000 0.265751
vt 1.000000 0.265751
vt 0.000000 0.266555
vt 1.000000 0.266555
vt 0.000000 0.267360
vt 1.000000 0.267360
vt 0.000000 0.268164
vt 1.000000 0.268164
vt 0.000000 0.268968
vt 1.000000 0.268968
vt 0.000000 0.269773
vt 1.000000 0.269773
vt 0.000000 0.270577
vt 1.000000 0.270577
vt 0.000000 0.271382
vt 1.000000 0.271382
vt 0.000000 0.272186
vt 1.000000 0.272186
vt 0.000000 0.272990
vt 1.000000 0.272990
vt 0.000000 0.273795
vt 1.000000 0.273795
vt 0.000000 0.274599
vt 1.000000 0.274599
vt 0.000000 0.275403
vt 1.000000 0.275403
vt 0.000000 0.276208
vt 1.000000 0.276208
vt 0.000000 0.277012
vt 1.000000 0.277012
vt 0.000000 0.277817
vt 1.000000 0.277817
vt 0.000000 0.278621
vt 1.000000 0.278621
vt 0.000000 0.279425
vt 1.000000 0.279425
vt 0.000000 0.280230
vt 1.000000 0.280230
vt 0.000000 0.281034
vt 1.000000 0.281034
vt 0.000000 0.281838
vt 1.000000 0.281838
vt 0.000000 0.282643
vt 1.000000 0.282643
vt 0.000000 0.283447
vt 1.000000 0.283447
vt 0.000000 0.284251
vt 1.000000 0.284251
vt 0.000000 0.285056
vt 1.000000 0.285056
vt 0.000000 0.285860
vt 1.000000 0.285860
vt 0.000000 0.286665
vt 1.000000 0.286665
vt 0.000000 0.287469
vt 1.000000 0.287469
vt 0.000000 0.288273
vt 1.000000 0.288273
vt 0.000000 0.289078
vt 1.000000 0.289078
vt 0.000000 0.289882
vt 1.000000 0.289882
vt 0.000000 0.290686
vt 1.000000 0.290686
vt 0.000000 0.291491
vt 1.000000 0.291491
vt 0.000000 0.292295
vt 1.000000 0.292295
vt 0.000000 0.293100
vt 1.000000 0.293100
vt 0.000000 0.293904
vt 1.000000 0.293904
vt 0.000000 0.294708
vt 1.000000 0.294708
vt 0.000000 0.295513
vt 1.000000 0.295513
vt 0.000000 0.296317
vt 1.000000 0.296317
vt 0.000000 0.297121
vt 1.000000 0.297121
vt 0.000000 0.297926
vt 1.000000 0.297926
vt 0.000000 0.298730
vt 1.000000 0.298730
vt 0.000000 0.299534
vt 1.000000 0.299534
vt 0.000000 0.300339
vt 1.000000 0.300339
vt 0.000000 0.301143
vt 1.000000 0.301143
vt 0.000000 0.301948
vt 1.000000 0.301948
vt 0.000000 0.302752
vt 1.000000 0.302752
vt 0.000000 0.303556
vt 1.000000 0.303556
vt 0.000000 0.304361
vt 1.000000 0.304361
vt 0.000000 0.305165
vt 1.000000 0.305165
vt 0.000000 0.305969
vt 1.000000 0.305969
vt 0.000000 0.306774
vt 1.000000 0.306774
vt 0.000000 0.307578
vt 1.000000 0.307578
vt 0.000000 0.308382
vt 1.000000 0.308382
vt 0.000000 0.309187
vt 1.000000 0.309187
vt 0.000000 0.309991
vt 1.000000 0.309991
vt 0.000000 0.310796
vt 1.000000 0.310796
vt 0.000000 0.311600
vt 1.000000 0.311600
vt 0.000000 0.312404
vt 1.000000 0.312404
vt 0.000000 0.313209
vt 1.000000 0.313209
vt 0.000000 0.314013
vt 1.000000 0.314013
vt 0.000000 0.314817
vt 1.000000 0.314817
vt 0.000000 0.315621
vt 1.000000 0.315621
vt 0.000000 0.316426
vt 1.000000 0.316426
vt 0.000000 0.317230
vt 1.000000 0.317230
vt 0.000000 0.318035
vt 1.000000 0.318035
vt 0.000000 0.318839
vt 1.000000 0.318839
vt 0.000000 0.319643
vt 1.000000 0.319643
vt 0.000000 0.320448
vt 1.000000 0.320448
vt 0.000000 0.321252
vt 1.000000 0.321252
vt 0.000000 0.322057
vt 1.000000 0.322057
vt 0.000000 0.322861
vt 1.000000 0.322861
vt 0.000000 0.323665
vt 1.000000 0.323665
vt 0.000000 0.324470
vt 1.000000 0.324470
vt 0.000000 0.325274
vt 1.000000 0.325274
vt 0.000000 0.326078
vt 1.000000 0.326078
vt 0.000000 0.326883
vt 1.000000 0.326883
vt 0.000000 0.327687
vt 1.000000 0.327687
vt 0.000000 0.328492
vt 1.000000 0.328492
vt 0.000000 0.329296
vt 1.000000 0.329296
vt 0.000000 0.330100
vt 1.000000 0.330100
vt 0.000000 0.330905
vt 1.000000 0.330905
vt 0.000000 0.331709
vt 1.000000 0.331709
vt 0.000000 0.332513
vt 1.000000 0.332513
vt 0.000000 0.333318
vt 1.000000 0.333318
vt 0.000000 0.334122
vt 1.000000 0.334122
vt 0.000000 0.334927
vt 1.000000 0.334927
vt 0.000000 0.335731
vt 1.000000 0.335731
vt 0.000000 0.336535
vt 1.000000 0.336535
vt 0.000000 0.337340
vt 1.000000 0.337340
vt 0.000000 0.338144
vt 1.000000 0.338144
vt 0.000000 0.338948
vt 1.000000 0.338948
vt 0.000000 0.339753
vt 1.000000 0.339753
vt 0.000000 0.340557
vt 1.000000 0.340557
vt 0.000000 0.341361
vt 1.000000 0.341361
vt 0.000000 0.342166
vt 1.000000 0.342166
vt 0.000000 0.342970
vt 1.000000 0.342970
vt 0.000000 0.343774
vt 1.000000 0.343774
vt 0.000000 0.344579
vt 1.000000 0.344579
vt 0.000000 0.345383
vt 1.000000 0.345383
vt 0.000000 0.346187
vt 1.000000 0.346187
vt 0.000000 0.346992
vt 1.000000 0.346992
vt 0.000000 0.347796
vt 1.000000 0.347796
vt 0.000000 0.348600
vt 1.000000 0.348600
vt 0.000000 0.349405
vt 1.000000 0.349405
vt 0.000000 0.350209
vt 1.000000 0.350209
vt 0.000000 0.351013
vt 1.000000 0.351013
vt 0.000000 0.351818
vt 1.000000 0.351818
vt 0.000000 0.352622
vt 1.000000 0.352622
vt 0.000000 0.353426
vt 1.000000 0.353426
vt 0.000000 0.354231
vt 1.000000 0.354231
vt 0.000000 0.355035
vt 1.000000 0.355035
vt 0.000000 0.355839
vt 1.000000 0.355839
vt 0.000000 0.356644
vt 1.000000 0.356644
vt 0.000000 0.357448
vt 1.000000 0.357448
vt 0.000000 0.358252
vt 1.000000 0.358252
vt 0.000000 0.359057
vt 1.000000 0.359057
vt 0.000000 0.359861
vt 1.000000 0.359861
vt 0.000000 0.360665
vt 1.000000 0.360665
vt 0.000000 0.361470
vt 1.000000 0.361470
vt 0.000000 0.362274
vt 1.000000 0.362274
vt 0.000000 0.363078
vt 1.000000 0.363078
vt 0.000000 0.363883
vt 1.000000 0.363883
vt 0.000000 0.364687
vt 1.000000 0.364687
vt 0.000000 0.365491
vt 1.000000 0.365491
vt 0.000000 0.366296
vt 1.000000 0.366296
vt 0.000000 0.367100
vt 1.000000 0.367100
vt 0.000000 0.367904
vt 1.000000 0.367904
vt 0.000000 0.368709
vt 1.000000 0.368709
vt 0.000000 0.369513
vt 1.000000 0.369513
vt 0.000000 0.370317
vt 1.000000 0.370317
vt 0.000000 0.371121
vt 1.000000 0.371121
vt 0.000000 0.371926
vt 1.000000 0.371926
vt 0.000000 0.372730
vt 1.000000 0.372730
vt 0.000000 0.373534
vt 1.000000 0.373534
vt 0.000000 0.374339
vt 1.000000 0.374339
vt 0.000000 0.375143
vt 1.000000 0.375143
vt 0.000000 0.375947
vt 1.000000 0.375947
vt 0.000000 0.376751
vt 1.000000 0.376751
vt 0.000000 0.377556
vt 1.000000 0.377556
vt 0.000000 0.378360
vt 1.000000 0.378360
vt 0.000000 0.379164
vt 1.000000 0.379164
vt 0.000000 0.379969
vt 1.000000 0.379969
vt 0.000000 0.380773
vt 1.000000 0.380773
vt 0.000000 0.381577
vt 1.000000 0.381577
vt 0.000000 0.382382
vt 1.000000 0.382382
vt 0.000000 0.383186
vt 1.000000 0.383186
vt 0.000000 0.383991
vt 1.000000 0.383991
vt 0.000000 0.384795
vt 1.000000 0.384795
vt 0.000000 0.385599
vt 1.000000 0.385599
vt 0.000000 0.386404
vt 1.000000 0.386404
vt 0.000000 0.387208
vt 1.000000 0.387208
vt 0.000000 0.388012
vt 1.000000 0.388012
vt 0.000000 0.388817
vt 1.000000 0.388817
vt 0.000000 0.389621
vt 1.000000 0.389621
vt 0.000000 0.390425
vt 1.000000 0.390425
vt 0.000000 0.391230
vt 1.000000 0.391230
vt 0.000000 0.392034
vt 1.000000 0.392034
vt 0.000000 0.392838
vt 1.000000 0.392838
vt 0.000000 0.393643
vt 1.000000 0.393643
vt 0.000000 0.394447
vt 1.000000 0.394447
vt 0.000000 0.395251
vt 1.000000 0.395251
vt 0.000000 0.396055
vt 1.000000 0.396055
vt 0.000000 0.396860
vt 1.000000 0.396860
vt 0.000000 0.397664
vt 1.000000 0.397664
vt 0.000000 0.398468
vt 1.000000 0.398468
vt 0.000000 0.399273
vt 1.000000 0.399273
vt 0.000000 0.400077
vt 1.000000 0.400077
vt 0.000000 0.400881
vt 1.000000 0.400881
vt 0.000000 0.401686
vt 1.000000 0.401686
vt 0.000000 0.402490
vt 1.000000 0.402490
vt 0.000000 0.403294
vt 1.000000 0.403294
vt 0.000000 0.404099
vt 1.000000 0.404099
vt 0.000000 0.404903
vt 1.000000 0.404903
vt 0.000000 0.405707
vt 1.000000 0.405707
vt 0.000000 0.406511
vt 1.000000 0.406511
vt 0.000000 0.407316
vt 1.000000 0.407316
vt 0.000000 0.408120
vt 1.000000 0.408120
vt 0.000000 0.408924
vt 1.000000 0.408924
vt 0.000000 0.409729
vt 1.000000 0.409729
vt 0.000000 0.410533
vt 1.000000 0.410533
vt 0.000000 0.411337
vt 1.000000 0.411337
vt 0.000000 0.412141
vt 1.000000 0.412141
vt 0.000000 0.412946
vt 1.000000 0.412946
vt 0.000000 0.413750
vt 1.000000 0.413750
vt 0.000000 0.414554
vt 1.000000 0.414554
vt 0.000000 0.415359
vt 1.000000 0.415359
vt 0.000000 0.416163
vt 1.000000 0.416163
vt 0.000000 0.416967
vt 1.000000 0.416967
vt 0.000000 0.417772
vt 1.000000 0.417772
vt 0.000000 0.418576
vt 1.000000 0.418576
vt 0.000000 0.419381
vt 1.000000 0.419381
vt 0.000000 0.420185
vt 1.000000 0.420185
vt 0.000000 0.420989
vt 1.000000 0.420989
vt 0.000000 0.421794
vt 1.000000 0.421794
vt 0.000000 0.422598
vt 1.000000 0.422598
vt 0.000000 0.423402
vt 1.000000 0.423402
vt 0.000000 0.424207
vt 1.000000 0.424207
vt 0.000000 0.425011
vt 1.000000 0.425011
vt 0.000000 0.425815
vt 1.000000 0.425815
vt 0.000000 0.426619
vt 1.000000 0.426619
vt 0.000000 0.427424
vt 1.000000 0.427424
vt 0.000000 0.428228
vt 1.000000 0.428228
vt 0.000000 0.429032
vt 1.000000 0.429032
vt 0.000000 0.429837
vt 1.000000 0.429837
vt 0.000000 0.430641
vt 1.000000 0.430641
vt 0.000000 0.431445
vt 1.000000 0.431445
vt 0.000000 0.432250
vt 1.000000 0.432250
vt 0.000000 0.433054
vt 1.000000 0.433054
vt 0.000000 0.433858
vt 1.000000 0.433858
vt 0.000000 0.434663
vt 1.000000 0.434663
vt 0.000000 0.435467
vt 1.000000 0.435467
vt 0.000000 0.436271
vt 1.000000 0.436271
vt 0.000000 0.437076
vt 1.000000 0.437076
vt 0.000000 0.437880
vt 1.000000 0.437880
vt 0.000000 0.438684
vt 1.000000 0.438684
vt 0.000000 0.439489
vt 1.000000 0.439489
vt 0.000000 0.440293
vt 1.000000 0.440293
vt 0.000000 0.441097
vt 1.000000 0.441097
vt 0.000000 0.441902
vt 1.000000 0.441902
vt 0.000000 0.442706
vt 1.000000 0.442706
vt 0.000000 0.443510
vt 1.000000 0.443510
vt 0.000000 0.444315
vt 1.000000 0.444315
vt 0.000000 0.445119
vt 1.000000 0.445119
vt 0.000000 0.445923
vt 1.000000 0.445923
vt 0.000000 0.446728
vt 1.000000 0.446728
vt 0.000000 0.447532
vt 1.000000 0.447532
vt 0.000000 0.448336
vt 1.000000 0.448336
vt 0.000000 0.449140
vt 1.000000 0.449140
vt 0.000000 0.449943
vt 1.000000 0.449943
vt 0.000000 0.450746
vt 1.000000 0.450746
vt 0.000000 0.451550
vt 1.000000 0.451550
vt 0.000000 0.452354
vt 1.000000 0.452354
vt 0.000000 0.453159
vt 1.000000 0.453159
vt 0.000000 0.453963
vt 1.000000 0.453963
vt 0.000000 0.454768
vt 1.000000 0.454768
vt 0.000000 0.455573
vt 1.000000 0.455573
vt 0.000000 0.456379
vt 1.000000 0.456379
vt 0.000000 0.457184
vt 1.000000 0.457184
vt 0.000000 0.457990
vt 1.000000 0.457990
vt 0.000000 0.458796
vt 1.000000 0.458796
vt 0.000000 0.459602
vt 1.000000 0.459602
vt 0.000000 0.460408
vt 1.000000 0.460408
vt 0.000000 0.461214
vt 1.000000 0.461214
vt 0.000000 0.462020
vt 1.000000 0.462020
vt 0.000000 0.462825
vt 1.000000 0.462825
vt 0.000000 0.463630
vt 1.000000 0.463630
vt 0.000000 0.464434
vt 1.000000 0.464434
vt 0.000000 0.465238
vt 1.000000 0.465238
vt 0.000000 0.466042
vt 1.000000 0.466042
vt 0.000000 0.466847
vt 1.000000 0.466847
vt 0.000000 0.467650
vt 1.000000 0.467650
vt 0.000000 0.468453
vt 1.000000 0.468453
vt 0.000000 0.469254
vt 1.000000 0.469254
vt 0.000000 0.470054
vt 1.000000 0.470054
vt 0.000000 0.470854
vt 1.000000 0.470854
vt 0.000000 0.471654
vt 1.000000 0.471654
vt 0.000000 0.472454
vt 1.000000 0.472454
vt 0.000000 0.473256
vt 1.000000 0.473256
vt 0.000000 0.474059
vt 1.000000 0.474059
vt 0.000000 0.474864
vt 1.000000 0.474864
vt 0.000000 0.475668
vt 1.000000 0.475668
vt 0.000000 0.476473
vt 1.000000 0.476473
vt 0.000000 0.477278
vt 1.000000 0.477278
vt 0.000000 0.478082
vt 1.000000 0.478082
vt 0.000000 0.478887
vt 1.000000 0.478887
vt 0.000000 0.479691
vt 1.000000 0.479691
vt 0.000000 0.480495
vt 1.000000 0.480495
vt 0.000000 0.481298
vt 1.000000 0.481298
vt 0.000000 0.482102
vt 1.000000 0.482102
vt 0.000000 0.482906
vt 1.000000 0.482906
vt 0.000000 0.483710
vt 1.000000 0.483710
vt 0.000000 0.484515
vt 1.000000 0.484515
vt 0.000000 0.485319
vt 1.000000 0.485319
vt 0.000000 0.486124
vt 1.000000 0.486124
vt 0.000000 0.486927
vt 1.000000 0.486927
vt 0.000000 0.487730
vt 1.000000 0.487730
vt 0.000000 0.488535
vt 1.000000 0.488535
vt 0.000000 0.489340
vt 1.000000 0.489340
vt 0.000000 0.490145
vt 1.000000 0.490145
vt 0.000000 0.490950
vt 1.000000 0.490950
vt 0.000000 0.491754
vt 1.000000 0.491754
vt 0.000000 0.492558
vt 1.000000 0.492558
vt 0.000000 0.493363
vt 1.000000 0.493363
vt 0.000000 0.494167
vt 1.000000 0.494167
vt 0.000000 0.494971
vt 1.000000 0.494971
vt 0.000000 0.495775
vt 1.000000 0.495775
vt 0.000000 0.496580
vt 1.000000 0.496580
vt 0.000000 0.497384
vt 1.000000 0.497384
vt 0.000000 0.498188
vt 1.000000 0.498188
vt 0.000000 0.498993
vt 1.000000 0.498993
vt 0.000000 0.499797
vt 1.000000 0.499797
vt 0.000000 0.500601
vt 1.000000 0.500601
vt 0.000000 0.501406
vt 1.000000 0.501406
vt 0.000000 0.502210
vt 1.000000 0.502210
vt 0.000000 0.503015
vt 1.000000 0.503015
vt 0.000000 0.503819
vt 1.000000 0.503819
vt 0.000000 0.504623
vt 1.000000 0.504623
vt 0.000000 0.505428
vt 1.000000 0.505428
vt 0.000000 0.506232
vt 1.000000 0.506232
vt 0.000000 0.507036
vt 1.000000 0.507036
vt 0.000000 0.507841
vt 1.000000 0.507841
vt 0.000000 0.508645
vt 1.000000 0.508645
vt 0.000000 0.509449
vt 1.000000 0.509449
vt 0.000000 0.510254
vt 1.000000 0.510254
vt 0.000000 0.511058
vt 1.000000 0.511058
vt 0.000000 0.511862
vt 1.000000 0.511862
vt 0.000000 0.512666
vt 1.000000 0.512666
vt 0.000000 0.513470
vt 1.000000 0.513470
vt 0.000000 0.514275
vt 1.000000 0.514275
vt 0.000000 0.515079
vt 1.000000 0.515079
vt 0.000000 0.515883
vt 1.000000 0.515883
vt 0.000000 0.516688
vt 1.000000 0.516688
vt 0.000000 0.517492
vt 1.000000 0.517492
vt 0.000000 0.518296
vt 1.000000 0.518296
vt 0.000000 0.519101
vt 1.000000 0.519101
vt 0.000000 0.519905
vt 1.000000 0.519905
vt 0.000000 0.520709
vt 1.000000 0.520709
vt 0.000000 0.521514
vt 1.000000 0.521514
vt 0.000000 0.522318
vt 1.000000 0.522318
vt 0.000000 0.523122
vt 1.000000 0.523122
vt 0.000000 0.523927
vt 1.000000 0.523927
vt 0.000000 0.524731
vt 1.000000 0.524731
vt 0.000000 0.525535
vt 1.000000 0.525535
vt 0.000000 0.526340
vt 1.000000 0.526340
vt 0.000000 0.527144
vt 1.000000 0.527144
vt 0.000000 0.527948
vt 1.000000 0.527948
vt 0.000000 0.528753
vt 1.000000 0.528753
vt 0.000000 0.529565
vt 1.000000 0.529565
vt 0.000000 0.530395
vt 1.000000 0.530395
vt 0.000000 0.531215
vt 1.000000 0.531215
vt 0.000000 0.531996
vt 1.000000 0.531996
vt 0.000000 0.532780
vt 1.000000 0.532780
vt 0.000000 0.533586
vt 1.000000 0.533586
vt 0.000000 0.534391
vt 1.000000 0.534391
vt 0.000000 0.535194
vt 1.000000 0.535194
vt 0.000000 0.535998
vt 1.000000 0.535998
vt 0.000000 0.536802
vt 1.000000 0.536802
vt 0.000000 0.537606
vt 1.000000 0.537606
vt 0.000000 0.538411
vt 1.000000 0.538411
vt 0.000000 0.539216
vt 1.000000 0.539216
vt 0.000000 0.540020
vt 1.000000 0.540020
vt 0.000000 0.540835
vt 1.000000 0.540835
vt 0.000000 0.541643
vt 1.000000 0.541643
vt 0.000000 0.542441
vt 1.000000 0.542441
vt 0.000000 0.543243
vt 1.000000 0.543243
vt 0.000000 0.544040
vt 1.000000 0.544040
vt 0.000000 0.544838
vt 1.000000 0.544838
vt 0.000000 0.545645
vt 1.000000 0.545645
vt 0.000000 0.546459
vt 1.000000 0.546459
vt 0.000000 0.547275
vt 1.000000 0.547275
vt 0.000000 0.548075
vt 1.000000 0.548075
vt 0.000000 0.548861
vt 1.000000 0.548861
vt 0.000000 0.549656
vt 1.000000 0.549656
vt 0.000000 0.550460
vt 1.000000 0.550460
vt 0.000000 0.551268
vt 1.000000 0.551268
vt 0.000000 0.552072
vt 1.000000 0.552072
vt 0.000000 0.552877
vt 1.000000 0.552877
vt 0.000000 0.553681
vt 1.000000 0.553681
vt 0.000000 0.554477
vt 1.000000 0.554477
vt 0.000000 0.555272
vt 1.000000 0.555272
vt 0.000000 0.556077
vt 1.000000 0.556077
vt 0.000000 0.556881
vt 1.000000 0.556881
vt 0.000000 0.557685
vt 1.000000 0.557685
vt 0.000000 0.558490
vt 1.000000 0.558490
vt 0.000000 0.559294
vt 1.000000 0.559294
vt 0.000000 0.560098
vt 1.000000 0.560098
vt 0.000000 0.560903
vt 1.000000 0.560903
vt 0.000000 0.561707
vt 1.000000 0.561707
vt 0.000000 0.562511
vt 1.000000 0.562511
vt 0.000000 0.563316
vt 1.000000 0.563316
vt 0.000000 0.564120
vt 1.000000 0.564120
vt 0.000000 0.564916
vt 1.000000 0.564916
vt 0.000000 0.565701
vt 1.000000 0.565701
vt 0.000000 0.566497
vt 1.000000 0.566497
vt 0.000000 0.567300
vt 1.000000 0.567300
vt 0.000000 0.568104
vt 1.000000 0.568104
vt 0.000000 0.568908
vt 1.000000 0.568908
vt 0.000000 0.569712
vt 1.000000 0.569712
vt 0.000000 0.570516
vt 1.000000 0.570516
vt 0.000000 0.571319
vt 1.000000 0.571319
vt 0.000000 0.572121
vt 1.000000 0.572121
vt 0.000000 0.572923
vt 1.000000 0.572923
vt 0.000000 0.573726
vt 1.000000 0.573726
vt 0.000000 0.574531
vt 1.000000 0.574531
vt 0.000000 0.575335
vt 1.000000 0.575335
vt 0.000000 0.576139
vt 1.000000 0.576139
vt 0.000000 0.576943
vt 1.000000 0.576943
vt 0.000000 0.577747
vt 1.000000 0.577747
vt 0.000000 0.578550
vt 1.000000 0.578550
vt 0.000000 0.579354
vt 1.000000 0.579354
vt 0.000000 0.580157
vt 1.000000 0.580157
vt 0.000000 0.580960
vt 1.000000 0.580960
vt 0.000000 0.581764
vt 1.000000 0.581764
vt 0.000000 0.582569
vt 1.000000 0.582569
vt 0.000000 0.583373
vt 1.000000 0.583373
vt 0.000000 0.584177
vt 1.000000 0.584177
vt 0.000000 0.584981
vt 1.000000 0.584981
vt 0.000000 0.585785
vt 1.000000 0.585785
vt 0.000000 0.586589
vt 1.000000 0.586589
vt 0.000000 0.587394
vt 1.000000 0.587394
vt 0.000000 0.588198
vt 1.000000 0.588198
vt 0.000000 0.589002
vt 1.000000 0.589002
vt 0.000000 0.589807
vt 1.000000 0.589807
vt 0.000000 0.590611
vt 1.000000 0.590611
vt 0.000000 0.591415
vt 1.000000 0.591415
vt 0.000000 0.592220
vt 1.000000 0.592220
vt 0.000000 0.593024
vt 1.000000 0.593024
vt 0.000000 0.593828
vt 1.000000 0.593828
vt 0.000000 0.594633
vt 1.000000 0.594633
vt 0.000000 0.595437
vt 1.000000 0.595437
vt 0.000000 0.596241
vt 1.000000 0.596241
vt 0.000000 0.597045
vt 1.000000 0.597045
vt 0.000000 0.597849
vt 1.000000 0.597849
vt 0.000000 0.598653
vt 1.000000 0.598653
vt 0.000000 0.599457
vt 1.000000 0.599457
vt 0.000000 0.600261
vt 1.000000 0.600261
vt 0.000000 0.601066
vt 1.000000 0.601066
vt 0.000000 0.601870
vt 1.000000 0.601870
vt 0.000000 0.602674
vt 1.000000 0.602674
vt 0.000000 0.603478
vt 1.000000 0.603478
vt 0.000000 0.604282
vt 1.000000 0.604282
vt 0.000000 0.605086
vt 1.000000 0.605086
vt 0.000000 0.605891
vt 1.000000 0.605891
vt 0.000000 0.606695
vt 1.000000 0.606695
vt 0.000000 0.607499
vt 1.000000 0.607499
vt 0.000000 0.608303
vt 1.000000 0.608303
vt 0.000000 0.609107
vt 1.000000 0.609107
vt 0.000000 0.609911
vt 1.000000 0.609911
vt 0.000000 0.610715
vt 1.000000 0.610715
vt 0.000000 0.611519
vt 1.000000 0.611519
vt 0.000000 0.612323
vt 1.000000 0.612323
vt 0.000000 0.613128
vt 1.000000 0.613128
vt 0.000000 0.613932
vt 1.000000 0.613932
vt 0.000000 0.614736
vt 1.000000 0.614736
vt 0.000000 0.615540
vt 1.000000 0.615540
vt 0.000000 0.616344
vt 1.000000 0.616344
vt 0.000000 0.617149
vt 1.000000 0.617149
vt 0.000000 0.617953
vt 1.000000 0.617953
vt 0.000000 0.618757
vt 1.000000 0.618757
vt 0.000000 0.619562
vt 1.000000 0.619562
vt 0.000000 0.620366
vt 1.000000 0.620366
vt 0.000000 0.621170
vt 1.000000 0.621170
vt 0.000000 0.621973
vt 1.000000 0.621973
vt 0.000000 0.622777
vt 1.000000 0.622777
vt 0.000000 0.623581
vt 1.000000 0.623581
vt 0.000000 0.624385
vt 1.000000 0.624385
vt 0.000000 0.625189
vt 1.000000 0.625189
vt 0.000000 0.625994
vt 1.000000 0.625994
vt 0.000000 0.626798
vt 1.000000 0.626798
vt 0.000000 0.627602
vt 1.000000 0.627602
vt 0.000000 0.628406
vt 1.000000 0.628406
vt 0.000000 0.629210
vt 1.000000 0.629210
vt 0.000000 0.630014
vt 1.000000 0.630014
vt 0.000000 0.630817
vt 1.000000 0.630817
vt 0.000000 0.631621
vt 1.000000 0.631621
vt 0.000000 0.632426
vt 1.000000 0.632426
vt 0.000000 0.633230
vt 1.000000 0.633230
vt 0.000000 0.634034
vt 1.000000 0.634034
vt 0.000000 0.634838
vt 1.000000 0.634838
vt 0.000000 0.635643
vt 1.000000 0.635643
vt 0.000000 0.636447
vt 1.000000 0.636447
vt 0.000000 0.637251
vt 1.000000 0.637251
vt 0.000000 0.638056
vt 1.000000 0.638056
vt 0.000000 0.638860
vt 1.000000 0.638860
vt 0.000000 0.639664
vt 1.000000 0.639664
vt 0.000000 0.640468
vt 1.000000 0.640468
vt 0.000000 0.641273
vt 1.000000 0.641273
vt 0.000000 0.642077
vt 1.000000 0.642077
vt 0.000000 0.642882
vt 1.000000 0.642882
vt 0.000000 0.643686
vt 1.000000 0.643686
vt 0.000000 0.644490
vt 1.000000 0.644490
vt 0.000000 0.645295
vt 1.000000 0.645295
vt 0.000000 0.646099
vt 1.000000 0.646099
vt 0.000000 0.646903
vt 1.000000 0.646903
vt 0.000000 0.647707
vt 1.000000 0.647707
vt 0.000000 0.648512
vt 1.000000 0.648512
vt 0.000000 0.649316
vt 1.000000 0.649316
vt 0.000000 0.650120
vt 1.000000 0.650120
vt 0.000000 0.650925
vt 1.000000 0.650925
vt 0.000000 0.651729
vt 1.000000 0.651729
vt 0.000000 0.652533
vt 1.000000 0.652533
vt 0.000000 0.653338
vt 1.000000 0.653338
vt 0.000000 0.654142
vt 1.000000 0.654142
vt 0.000000 0.654946
vt 1.000000 0.654946
vt 0.000000 0.655751
vt 1.000000 0.655751
vt 0.000000 0.656555
vt 1.000000 0.656555
vt 0.000000 0.657359
vt 1.000000 0.657359
vt 0.000000 0.658164
vt 1.000000 0.658164
vt 0.000000 0.658968
vt 1.000000 0.658968
vt 0.000000 0.659772
vt 1.000000 0.659772
vt 0.000000 0.660577
vt 1.000000 0.660577
vt 0.000000 0.661381
vt 1.000000 0.661381
vt 0.000000 0.662185
vt 1.000000 0.662185
vt 0.000000 0.662989
vt 1.000000 0.662989
vt 0.000000 0.663794
vt 1.000000 0.663794
vt 0.000000 0.664598
vt 1.000000 0.664598
vt 0.000000 0.665402
vt 1.000000 0.665402
vt 0.000000 0.666207
vt 1.000000 0.666207
vt 0.000000 0.667011
vt 1.000000 0.667011
vt 0.000000 0.667815
vt 1.000000 0.667815
vt 0.000000 0.668620
vt 1.000000 0.668620
vt 0.000000 0.669424
vt 1.000000 0.669424
vt 0.000000 0.670228
vt 1.000000 0.670228
vt 0.000000 0.671033
vt 1.000000 0.671033
vt 0.000000 0.671837
vt 1.000000 0.671837
vt 0.000000 0.672641
vt 1.000000 0.672641
vt 0.000000 0.673446
vt 1.000000 0.673446
vt 0.000000 0.674250
vt 1.000000 0.674250
vt 0.000000 0.675054
vt 1.000000 0.675054
vt 0.000000 0.675859
vt 1.000000 0.675859
vt 0.000000 0.676663
vt 1.000000 0.676663
vt 0.000000 0.677467
vt 1.000000 0.677467
vt 0.000000 0.678271
vt 1.000000 0.678271
vt 0.000000 0.679076
vt 1.000000 0.679076
vt 0.000000 0.679880
vt 1.000000 0.679880
vt 0.000000 0.680684
vt 1.000000 0.680684
vt 0.000000 0.681489
vt 1.000000 0.681489
vt 0.000000 0.682293
vt 1.000000 0.682293
vt 0.000000 0.683097
vt 1.000000 0.683097
vt 0.000000 0.683901
vt 1.000000 0.683901
vt 0.000000 0.684705
vt 1.000000 0.684705
vt 0.000000 0.685509
vt 1.000000 0.685509
vt 0.000000 0.686313
vt 1.000000 0.686313
vt 0.000000 0.687118
vt 1.000000 0.687118
vt 0.000000 0.687922
vt 1.000000 0.687922
vt 0.000000 0.688726
vt 1.000000 0.688726
vt 0.000000 0.689530
vt 1.000000 0.689530
vt 0.000000 0.690335
vt 1.000000 0.690335
vt 0.000000 0.691139
vt 1.000000 0.691139
vt 0.000000 0.691943
vt 1.000000 0.691943
vt 0.000000 0.692748
vt 1.000000 0.692748
vt 0.000000 0.693552
vt 1.000000 0.693552
vt 0.000000 0.694356
vt 1.000000 0.694356
vt 0.000000 0.695161
vt 1.000000 0.695161
vt 0.000000 0.695965
vt 1.000000 0.695965
vt 0.000000 0.696769
vt 1.000000 0.696769
vt 0.000000 0.697574
vt 1.000000 0.697574
vt 0.000000 0.698378
vt 1.000000 0.698378
vt 0.000000 0.699182
vt 1.000000 0.699182
vt 0.000000 0.699986
vt 1.000000 0.699986
vt 0.000000 0.700791
vt 1.000000 0.700791
vt 0.000000 0.701595
vt 1.000000 0.701595
vt 0.000000 0.702399
vt 1.000000 0.702399
vt 0.000000 0.703203
vt 1.000000 0.703203
vt 0.000000 0.704007
vt 1.000000 0.704007
vt 0.000000 0.704812
vt 1.000000 0.704812
vt 0.000000 0.705616
vt 1.000000 0.705616
vt 0.000000 0.706420
vt 1.000000 0.706420
vt 0.000000 0.707224
vt 1.000000 0.707224
vt 0.000000 0.708029
vt 1.000000 0.708029
vt 0.000000 0.708833
vt 1.000000 0.708833
vt 0.000000 0.709637
vt 1.000000 0.709637
vt 0.000000 0.710442
vt 1.000000 0.710442
vt 0.000000 0.711246
vt 1.000000 0.711246
vt 0.000000 0.712050
vt 1.000000 0.712050
vt 0.000000 0.712855
vt 1.000000 0.712855
vt 0.000000 0.713659
vt 1.000000 0.713659
vt 0.000000 0.714463
vt 1.000000 0.714463
vt 0.000000 0.715267
vt 1.000000 0.715267
vt 0.000000 0.716072
vt 1.000000 0.716072
vt 0.000000 0.716876
vt 1.000000 0.716876
vt 0.000000 0.717680
vt 1.000000 0.717680
vt 0.000000 0.718484
vt 1.000000 0.718484
vt 0.000000 0.719289
vt 1.000000 0.719289
vt 0.000000 0.720093
vt 1.000000 0.720093
vt 0.000000 0.720897
vt 1.000000 0.720897
vt 0.000000 0.721702
vt 1.000000 0.721702
vt 0.000000 0.722506
vt 1.000000 0.722506
vt 0.000000 0.723311
vt 1.000000 0.723311
vt 0.000000 0.724115
vt 1.000000 0.724115
vt 0.000000 0.724919
vt 1.000000 0.724919
vt 0.000000 0.725724
vt 1.000000 0.725724
vt 0.000000 0.726528
vt 1.000000 0.726528
vt 0.000000 0.727332
vt 1.000000 0.727332
vt 0.000000 0.728137
vt 1.000000 0.728137
vt 0.000000 0.728941
vt 1.000000 0.728941
vt 0.000000 0.729745
vt 1.000000 0.729745
vt 0.000000 0.730550
vt 1.000000 0.730550
vt 0.000000 0.731354
vt 1.000000 0.731354
vt 0.000000 0.732158
vt 1.000000 0.732158
vt 0.000000 0.732962
vt 1.000000 0.732962
vt 0.000000 0.733767
vt 1.000000 0.733767
vt 0.000000 0.734571
vt 1.000000 0.734571
vt 0.000000 0.735375
vt 1.000000 0.735375
vt 0.000000 0.736179
vt 1.000000 0.736179
vt 0.000000 0.736983
vt 1.000000 0.736983
vt 0.000000 0.737786
vt 1.000000 0.737786
vt 0.000000 0.738590
vt 1.000000 0.738590
vt 0.000000 0.739394
vt 1.000000 0.739394
vt 0.000000 0.740198
vt 1.000000 0.740198
vt 0.000000 0.741002
vt 1.000000 0.741002
vt 0.000000 0.741806
vt 1.000000 0.741806
vt 0.000000 0.742611
vt 1.000000 0.742611
vt 0.000000 0.743415
vt 1.000000 0.743415
vt 0.000000 0.744219
vt 1.000000 0.744219
vt 0.000000 0.745024
vt 1.000000 0.745024
vt 0.000000 0.745828
vt 1.000000 0.745828
vt 0.000000 0.746632
vt 1.000000 0.746632
vt 0.000000 0.747436
vt 1.000000 0.747436
vt 0.000000 0.748240
vt 1.000000 0.748240
vt 0.000000 0.749043
vt 1.000000 0.749043
vt 0.000000 0.749847
vt 1.000000 0.749847
vt 0.000000 0.750651
vt 1.000000 0.750651
vt 0.000000 0.751454
vt 1.000000 0.751454
vt 0.000000 0.752258
vt 1.000000 0.752258
vt 0.000000 0.753062
vt 1.000000 0.753062
vt 0.000000 0.753865
vt 1.000000 0.753865
vt 0.000000 0.754669
vt 1.000000 0.754669
vt 0.000000 0.755474
vt 1.000000 0.755474
vt 0.000000 0.756278
vt 1.000000 0.756278
vt 0.000000 0.757082
vt 1.000000 0.757082
vt 0.000000 0.757887
vt 1.000000 0.757887
vt 0.000000 0.758691
vt 1.000000 0.758691
vt 0.000000 0.759495
vt 1.000000 0.759495
vt 0.000000 0.760299
vt 1.000000 0.760299
vt 0.000000 0.761104
vt 1.000000 0.761104
vt 0.000000 0.761908
vt 1.000000 0.761908
vt 0.000000 0.762712
vt 1.000000 0.762712
vt 0.000000 0.763516
vt 1.000000 0.763516
vt 0.000000 0.764320
vt 1.000000 0.764320
vt 0.000000 0.765124
vt 1.000000 0.765124
vt 0.000000 0.765928
vt 1.000000 0.765928
vt 0.000000 0.766733
vt 1.000000 0.766733
vt 0.000000 0.767537
vt 1.000000 0.767537
vt 0.000000 0.768341
vt 1.000000 0.768341
vt 0.000000 0.769145
vt 1.000000 0.769145
vt 0.000000 0.769950
vt 1.000000 0.769950
vt 0.000000 0.770754
vt 1.000000 0.770754
vt 0.000000 0.771559
vt 1.000000 0.771559
vt 0.000000 0.772363
vt 1.000000 0.772363
vt 0.000000 0.773167
vt 1.000000 0.773167
vt 0.000000 0.773970
vt 1.000000 0.773970
vt 0.000000 0.774774
vt 1.000000 0.774774
vt 0.000000 0.775580
vt 1.000000 0.775580
vt 0.000000 0.776384
vt 1.000000 0.776384
vt 0.000000 0.777188
vt 1.000000 0.777188
vt 0.000000 0.777991
vt 1.000000 0.777991
vt 0.000000 0.778795
vt 1.000000 0.778795
vt 0.000000 0.779598
vt 1.000000 0.779598
vt 0.000000 0.780402
vt 1.000000 0.780402
vt 0.000000 0.781205
vt 1.000000 0.781205
vt 0.000000 0.782009
vt 1.000000 0.782009
vt 0.000000 0.782812
vt 1.000000 0.782812
vt 0.000000 0.783616
vt 1.000000 0.783616
vt 0.000000 0.784419
vt 1.000000 0.784419
vt 0.000000 0.785223
vt 1.000000 0.785223
vt 0.000000 0.786026
vt 1.000000 0.786026
vt 0.000000 0.786830
vt 1.000000 0.786830
vt 0.000000 0.787634
vt 1.000000 0.787634
vt 0.000000 0.788438
vt 1.000000 0.788438
vt 0.000000 0.789242
vt 1.000000 0.789242
vt 0.000000 0.790047
vt 1.000000 0.790047
vt 0.000000 0.790851
vt 1.000000 0.790851
vt 0.000000 0.791656
vt 1.000000 0.791656
vt 0.000000 0.792461
vt 1.000000 0.792461
vt 0.000000 0.793267
vt 1.000000 0.793267
vt 0.000000 0.794072
vt 1.000000 0.794072
vt 0.000000 0.794878
vt 1.000000 0.794878
vt 0.000000 0.795684
vt 1.000000 0.795684
vt 0.000000 0.796489
vt 1.000000 0.796489
vt 0.000000 0.797290
vt 1.000000 0.797290
vt 0.000000 0.798104
vt 1.000000 0.798104
vt 0.000000 0.798941
vt 1.000000 0.798941
vt 0.000000 0.799783
vt 1.000000 0.799783
vt 0.000000 0.800622
vt 1.000000 0.800622
vt 0.000000 0.801452
vt 1.000000 0.801452
vt 0.000000 0.802272
vt 1.000000 0.802272
vt 0.000000 0.803080
vt 1.000000 0.803080
vt 0.000000 0.803878
vt 1.000000 0.803878
vt 0.000000 0.804669
vt 1.000000 0.804669
vt 0.000000 0.805455
vt 1.000000 0.805455
vt 0.000000 0.806239
vt 1.000000 0.806239
vt 0.000000 0.807023
vt 1.000000 0.807023
vt 0.000000 0.807811
vt 1.000000 0.807811
vt 0.000000 0.808602
vt 1.000000 0.808602
vt 0.000000 0.809398
vt 1.000000 0.809398
vt 0.000000 0.810196
vt 1.000000 0.810196
vt 0.000000 0.810997
vt 1.000000 0.810997
vt 0.000000 0.811800
vt 1.000000 0.811800
vt 0.000000 0.812603
vt 1.000000 0.812603
vt 0.000000 0.813406
vt 1.000000 0.813406
vt 0.000000 0.814210
vt 1.000000 0.814210
vt 0.000000 0.815015
vt 1.000000 0.815015
vt 0.000000 0.815819
vt 1.000000 0.815819
vt 0.000000 0.816624
vt 1.000000 0.816624
vt 0.000000 0.817428
vt 1.000000 0.817428
vt 0.000000 0.818232
vt 1.000000 0.818232
vt 0.000000 0.819037
vt 1.000000 0.819037
vt 0.000000 0.819841
vt 1.000000 0.819841
vt 0.000000 0.820645
vt 1.000000 0.820645
vt 0.000000 0.821450
vt 1.000000 0.821450
vt 0.000000 0.822254
vt 1.000000 0.822254
vt 0.000000 0.823058
vt 1.000000 0.823058
vt 0.000000 0.823863
vt 1.000000 0.823863
vt 0.000000 0.824667
vt 1.000000 0.824667
vt 0.000000 0.825471
vt 1.000000 0.825471
vt 0.000000 0.826276
vt 1.000000 0.826276
vt 0.000000 0.827080
vt 1.000000 0.827080
vt 0.000000 0.827885
vt 1.000000 0.827885
vt 0.000000 0.828689
vt 1.000000 0.828689
vt 0.000000 0.829493
vt 1.000000 0.829493
vt 0.000000 0.830298
vt 1.000000 0.830298
vt 0.000000 0.831101
vt 1.000000 0.831101
vt 0.000000 0.831905
vt 1.000000 0.831905
vt 0.000000 0.832708
vt 1.000000 0.832708
vt 0.000000 0.833510
vt 1.000000 0.833510
vt 0.000000 0.834312
vt 1.000000 0.834312
vt 0.000000 0.835114
vt 1.000000 0.835114
vt 0.000000 0.835915
vt 1.000000 0.835915
vt 0.000000 0.836716
vt 1.000000 0.836716
vt 0.000000 0.837517
vt 1.000000 0.837517
vt 0.000000 0.838319
vt 1.000000 0.838319
vt 0.000000 0.839122
vt 1.000000 0.839122
vt 0.000000 0.839926
vt 1.000000 0.839926
vt 0.000000 0.840731
vt 1.000000 0.840731
vt 0.000000 0.841537
vt 1.000000 0.841537
vt 0.000000 0.842343
vt 1.000000 0.842343
vt 0.000000 0.843149
vt 1.000000 0.843149
vt 0.000000 0.843955
vt 1.000000 0.843955
vt 0.000000 0.844762
vt 1.000000 0.844762
vt 0.000000 0.845569
vt 1.000000 0.845569
vt 0.000000 0.846374
vt 1.000000 0.846374
vt 0.000000 0.847180
vt 1.000000 0.847180
vt 0.000000 0.847984
vt 1.000000 0.847984
vt 0.000000 0.848789
vt 1.000000 0.848789
vt 0.000000 0.849593
vt 1.000000 0.849593
vt 0.000000 0.850396
vt 1.000000 0.850396
vt 0.000000 0.851200
vt 1.000000 0.851200
vt 0.000000 0.852004
vt 1.000000 0.852004
vt 0.000000 0.852808
vt 1.000000 0.852808
vt 0.000000 0.853612
vt 1.000000 0.853612
vt 0.000000 0.854416
vt 1.000000 0.854416
vt 0.000000 0.855220
vt 1.000000 0.855220
vt 0.000000 0.856024
vt 1.000000 0.856024
vt 0.000000 0.856828
vt 1.000000 0.856828
vt 0.000000 0.857633
vt 1.000000 0.857633
vt 0.000000 0.858437
vt 1.000000 0.858437
vt 0.000000 0.859242
vt 1.000000 0.859242
vt 0.000000 0.860046
vt 1.000000 0.860046
vt 0.000000 0.860850
vt 1.000000 0.860850
vt 0.000000 0.861655
vt 1.000000 0.861655
vt 0.000000 0.862459
vt 1.000000 0.862459
vt 0.000000 0.863263
vt 1.000000 0.863263
vt 0.000000 0.864068
vt 1.000000 0.864068
vt 0.000000 0.864872
vt 1.000000 0.864872
vt 0.000000 0.865676
vt 1.000000 0.865676
vt 0.000000 0.866481
vt 1.000000 0.866481
vt 0.000000 0.867285
vt 1.000000 0.867285
vt 0.000000 0.868090
vt 1.000000 0.868090
vt 0.000000 0.868894
vt 1.000000 0.868894
vt 0.000000 0.869699
vt 1.000000 0.869699
vt 0.000000 0.870503
vt 1.000000 0.870503
vt 0.000000 0.871307
vt 1.000000 0.871307
vt 0.000000 0.872109
vt 1.000000 0.872109
vt 0.000000 0.872909
vt 1.000000 0.872909
vt 0.000000 0.873710
vt 1.000000 0.873710
vt 0.000000 0.874512
vt 1.000000 0.874512
vt 0.000000 0.875314
vt 1.000000 0.875314
vt 0.000000 0.876117
vt 1.000000 0.876117
vt 0.000000 0.876920
vt 1.000000 0.876920
vt 0.000000 0.877723
vt 1.000000 0.877723
vt 0.000000 0.878527
vt 1.000000 0.878527
vt 0.000000 0.879330
vt 1.000000 0.879330
vt 0.000000 0.880134
vt 1.000000 0.880134
vt 0.000000 0.880937
vt 1.000000 0.880937
vt 0.000000 0.881740
vt 1.000000 0.881740
vt 0.000000 0.882543
vt 1.000000 0.882543
vt 0.000000 0.883346
vt 1.000000 0.883346
vt 0.000000 0.884148
vt 1.000000 0.884148
vt 0.000000 0.884951
vt 1.000000 0.884951
vt 0.000000 0.885752
vt 1.000000 0.885752
vt 0.000000 0.886555
vt 1.000000 0.886555
vt 0.000000 0.887360
vt 1.000000 0.887360
vt 0.000000 0.888165
vt 1.000000 0.888165
vt 0.000000 0.888969
vt 1.000000 0.888969
vt 0.000000 0.889774
vt 1.000000 0.889774
vt 0.000000 0.890578
vt 1.000000 0.890578
vt 0.000000 0.891382
vt 1.000000 0.891382
vt 0.000000 0.892187
vt 1.000000 0.892187
vt 0.000000 0.892991
vt 1.000000 0.892991
vt 0.000000 0.893795
vt 1.000000 0.893795
vt 0.000000 0.894599
vt 1.000000 0.894599
vt 0.000000 0.895404
vt 1.000000 0.895404
vt 0.000000 0.896208
vt 1.000000 0.896208
vt 0.000000 0.897012
vt 1.000000 0.897012
vt 0.000000 0.897817
vt 1.000000 0.897817
vt 0.000000 0.898621
vt 1.000000 0.898621
vt 0.000000 0.899426
vt 1.000000 0.899426
vt 0.000000 0.900230
vt 1.000000 0.900230
vt 0.000000 0.901034
vt 1.000000 0.901034
vt 0.000000 0.901839
vt 1.000000 0.901839
vt 0.000000 0.902643
vt 1.000000 0.902643
vt 0.000000 0.903447
vt 1.000000 0.903447
vt 0.000000 0.904252
vt 1.000000 0.904252
vt 0.000000 0.905056
vt 1.000000 0.905056
vt 0.000000 0.905860
vt 1.000000 0.905860
vt 0.000000 0.906665
vt 1.000000 0.906665
vt 0.000000 0.907469
vt 1.000000 0.907469
vt 0.000000 0.908273
vt 1.000000 0.908273
vt 0.000000 0.909078
vt 1.000000 0.909078
vt 0.000000 0.909882
vt 1.000000 0.909882
vt 0.000000 0.910687
vt 1.000000 0.910687
vt 0.000000 0.911491
vt 1.000000 0.911491
vt 0.000000 0.912295
vt 1.000000 0.912295
vt 0.000000 0.913100
vt 1.000000 0.913100
vt 0.000000 0.913904
vt 1.000000 0.913904
vt 0.000000 0.914708
vt 1.000000 0.914708
vt 0.000000 0.915513
vt 1.000000 0.915513
vt 0.000000 0.916317
vt 1.000000 0.916317
vt 0.000000 0.917121
vt 1.000000 0.917121
vt 0.000000 0.917926
vt 1.000000 0.917926
vt 0.000000 0.918730
vt 1.000000 0.918730
vt 0.000000 0.919535
vt 1.000000 0.919535
vt 0.000000 0.920339
vt 1.000000 0.920339
vt 0.000000 0.921143
vt 1.000000 0.921143
vt 0.000000 0.921948
vt 1.000000 0.921948
vt 0.000000 0.922752
vt 1.000000 0.922752
vt 0.000000 0.923556
vt 1.000000 0.923556
vt 0.000000 0.924361
vt 1.000000 0.924361
vt 0.000000 0.925165
vt 1.000000 0.925165
vt 0.000000 0.925969
vt 1.000000 0.925969
vt 0.000000 0.926774
vt 1.000000 0.926774
vt 0.000000 0.927578
vt 1.000000 0.927578
vt 0.000000 0.928383
vt 1.000000 0.928383
vt 0.000000 0.929187
vt 1.000000 0.929187
vt 0.000000 0.929991
vt 1.000000 0.929991
vt 0.000000 0.930796
vt 1.000000 0.930796
vt 0.000000 0.931599
vt 1.000000 0.931599
vt 0.000000 0.932402
vt 1.000000 0.932402
vt 0.000000 0.933204
vt 1.000000 0.933204
vt 0.000000 0.934005
vt 1.000000 0.934005
vt 0.000000 0.934804
vt 1.000000 0.934804
vt 0.000000 0.935603
vt 1.000000 0.935603
vt 0.000000 0.936402
vt 1.000000 0.936402
vt 0.000000 0.937203
vt 1.000000 0.937203
vt 0.000000 0.938005
vt 1.000000 0.938005
vt 0.000000 0.938808
vt 1.000000 0.938808
vt 0.000000 0.939611
vt 1.000000 0.939611
vt 0.000000 0.940415
vt 1.000000 0.940415
vt 0.000000 0.941219
vt 1.000000 0.941219
vt 0.000000 0.942023
vt 1.000000 0.942023
vt 0.000000 0.942827
vt 1.000000 0.942827
vt 0.000000 0.943632
vt 1.000000 0.943632
vt 0.000000 0.944436
vt 1.000000 0.944436
vt 0.000000 0.945240
vt 1.000000 0.945240
vt 0.000000 0.946045
vt 1.000000 0.946045
vt 0.000000 0.946849
vt 1.000000 0.946849
vt 0.000000 0.947653
vt 1.000000 0.947653
vt 0.000000 0.948458
vt 1.000000 0.948458
vt 0.000000 0.949262
vt 1.000000 0.949262
vt 0.000000 0.950066
vt 1.000000 0.950066
vt 0.000000 0.950871
vt 1.000000 0.950871
vt 0.000000 0.951675
vt 1.000000 0.951675
vt 0.000000 0.952480
vt 1.000000 0.952480
vt 0.000000 0.953284
vt 1.000000 0.953284
vt 0.000000 0.954088
vt 1.000000 0.954088
vt 0.000000 0.954893
vt 1.000000 0.954893
vt 0.000000 0.955697
vt 1.000000 0.955697
vt 0.000000 0.956501
vt 1.000000 0.956501
vt 0.000000 0.957305
vt 1.000000 0.957305
vt 0.000000 0.958109
vt 1.000000 0.958109
vt 0.000000 0.958910
vt 1.000000 0.958910
vt 0.000000 0.959707
vt 1.000000 0.959707
vt 0.000000 0.960505
vt 1.000000 0.960505
vt 0.000000 0.961306
vt 1.000000 0.961306
vt 0.000000 0.962109
vt 1.000000 0.962109
vt 0.000000 0.962913
vt 1.000000 0.962913
vt 0.000000 0.963716
vt 1.000000 0.963716
vt 0.000000 0.964520
vt 1.000000 0.964520
vt 0.000000 0.965324
vt 1.000000 0.965324
vt 0.000000 0.966129
vt 1.000000 0.966129
vt 0.000000 0.966933
vt 1.000000 0.966933
vt 0.000000 0.967737
vt 1.000000 0.967737
vt 0.000000 0.968542
vt 1.000000 0.968542
vt 0.000000 0.969346
vt 1.000000 0.969346
vt 0.000000 0.970151
vt 1.000000 0.970151
vt 0.000000 0.970955
vt 1.000000 0.970955
vt 0.000000 0.971759
vt 1.000000 0.971759
vt 0.000000 0.972564
vt 1.000000 0.972564
vt 0.000000 0.973368
vt 1.000000 0.973368
vt 0.000000 0.974172
vt 1.000000 0.974172
vt 0.000000 0.974977
vt 1.000000 0.974977
vt 0.000000 0.975781
vt 1.000000 0.975781
vt 0.000000 0.976585
vt 1.000000 0.976585
vt 0.000000 0.977390
vt 1.000000 0.977390
vt 0.000000 0.978194
vt 1.000000 0.978194
vt 0.000000 0.978998
vt 1.000000 0.978998
vt 0.000000 0.979803
vt 1.000000 0.979803
vt 0.000000 0.980607
vt 1.000000 0.980607
vt 0.000000 0.981411
vt 1.000000 0.981411
vt 0.000000 0.982214
vt 1.000000 0.982214
vt 0.000000 0.983008
vt 1.000000 0.983008
vt 0.000000 0.983788
vt 1.000000 0.983788
vt 0.000000 0.984592
vt 1.000000 0.984592
vt 0.000000 0.985396
vt 1.000000 0.985396
vt 0.000000 0.986200
vt 1.000000 0.986200
vt 0.000000 0.987004
vt 1.000000 0.987004
vt 0.000000 0.987809
vt 1.000000 0.987809
vt 0.000000 0.988613
vt 1.000000 0.988613
vt 0.000000 0.989417
vt 1.000000 0.989417
vt 0.000000 0.990258
vt 1.000000 0.990258
vt 0.000000 0.991135
vt 1.000000 0.991135
vt 0.000000 0.992011
vt 1.000000 0.992011
vt 0.000000 0.992888
vt 1.000000 0.992888
vt 0.000000 0.993764
vt 1.000000 0.993764
vt 0.000000 0.994641
vt 1.000000 0.994641
vt 0.000000 0.995518
vt 1.000000 0.995518
vt 0.000000 0.996394
vt 1.000000 0.996394
vt 0.000000 0.997271
vt 1.000000 0.997271
vt 0.000000 0.998044
vt 1.000000 0.998044
vt 0.000000 0.999105
vt 1.000000 0.999105
vt 0.000000 1.000000
vt 1.000000 1.000000
vn 0.000000 1.000000 0.000000
vn 0.000000 1.000000 0.000000
vn 0.000000 1.000000 0.000000
vn 0.000000 1.000000 0.000000
vn 0.000000 1.000000 0.000000
vn 0.000000 1.000000 0.000000
vn 0.000000 1.000000 0.000000
vn 0.000000 1.000000 0.000000
vn 0.000000 1.000000 0.000000
vn 0.000000 1.000000 0.000000
vn 0.000000 1.000000 0.000000
vn 0.000000 1.000000 0.000000
vn 0.000000 1.000000 0.000000
vn 0.000000 1.000000 0.000000
vn 0.000000 1.000000 0.000000
vn 0.000000 1.000000 0.000000
vn 0.000000 1.000000 0.000000
vn 0.000000 1.000000 0.000000
vn 0.000000 1.000000 0.000000
vn 0.000000 1.000000 0.000000
vn 0.000000 1.000000 0.000000
vn 0.000000 1.000000 0.000000
vn 0.000000 1.000000 0.000000
vn 0.000000 1.000000 0.000000
vn 0.000000 1.000000 -0.000000
vn 0.000000 1.000000 -0.000000
vn 0.000000 1.000000 -0.000000
vn 0.000000 1.000000 -0.000000
vn 0.000000 1.000000 -0.000000
vn 0.000000 1.000000 -0.000000
vn 0.000000 1.000000 -0.000000
vn 0.000000 1.000000 -0.000000
vn 0.000000 1.000000 -0.000000
vn 0.000000 1.000000 -0.000000
vn 0.000000 1.000000 -0.000000
vn 0.000000 1.000000 -0.000000
vn 0.000000 1.000000 -0.000000
vn 0.000000 1.000000 -0.000000
vn 0.000000 1.000000 -0.000000
vn 0.000000 1.000000 -0.000000
vn 0.000000 1.000000 0.000000
vn 0.000000 1.000000 0.000000
vn 0.000000 1.000000 0.000000
vn 0.000000 1.000000 0.000000
vn 0.000000 1.000000 0.000000
vn 0.000000 1.000000 0.000000
vn 0.000000 1.000000 0.000000
vn 0.000000 1.000000 0.000000
vn 0.000000 1.000000 0.000000
vn 0.000000 1.000000 0.000000
vn 0.000000 1.000000 0.000000
vn 0.000000 1.000000 0.000000
vn 0.000000 1.000000 0.000000
vn 0.000000 1.000000 0.000000
vn 0.000000 1.000000 0.000000
vn 0.000000 1.000000 0.000000
vn -0.000000 1.000000 0.000000
vn -0.000000 1.000000 0.000000
vn -0.000000 1.000000 0.000000
vn -0.000000 1.000000 0.000000
vn -0.000000 1.000000 0.000000
vn -0.000000 1.000000 0.000000
vn -0.000000 1.000000 0.000000
vn -0.000000 1.000000 0.000000
vn -0.000000 1.000000 0.000000
vn -0.000000 1.000000 0.000000
vn -0.000000 1.000000 0.000000
vn -0.000000 1.000000 0.000000
vn -0.000000 1.000000 0.000000
vn -0.000000 1.000000 0.000000
vn -0.000000 1.000000 0.000000
vn -0.000000 1.000000 0.000000
vn -0.000000 1.000000 0.000000
vn -0.000000 1.000000 0.000000
vn -0.000000 1.000000 0.000000
vn -0.000000 1.000000 0.000000
vn -0.000000 1.000000 0.000000
vn -0.000000 1.000000 0.000000
vn -0.000000 1.000000 0.000000
vn -0.000000 1.000000 0.000000
vn -0.000000 1.000000 0.000000
vn -0.000000 1.000000 0.000000
vn -0.000000 1.000000 0.000000
vn -0.000000 1.000000 0.000000
vn -0.000000 1.000000 0.000000
vn -0.000000 1.000000 0.000000
vn -0.000000 1.000000 0.000000
vn -0.000000 1.000000 0.000000
vn -0.000000 1.000000 0.000000
vn -0.000000 1.000000 0.000000
vn -0.000000 1.000000 0.000000
vn -0.000000 1.000000 0.000000
vn -0.000000 1.000000 0.000000
vn -0.000000 1.000000 0.000000
vn -0.000000 1.000000 0.000000
vn -0.000000 1.000000 0.000000
vn -0.000000 1.000000 0.000000
vn -0.000000 1.000000 0.000000
vn -0.000000 1.000000 0.000000
vn -0.000000 1.000000 0.000000
vn -0.000000 1.000000 0.000000
vn -0.000000 1.000000 0.000000
vn -0.000000 1.000000 0.000000
vn -0.000000 1.000000 0.000000
vn -0.000000 1.000000 0.000000
vn -0.000000 1.000000 0.000000
vn -0.000000 1.000000 0.000000
vn -0.000000 1.000000 0.000000
vn -0.000000 1.000000 0.000000
vn -0.000000 1.000000 0.000000
vn -0.000000 1.000000 0.000000
vn -0.000000 1.000000 0.000000
vn -0.000000 1.000000 0.000000
vn -0.000000 1.000000 0.000000
vn -0.000000 1.000000 0.000000
vn -0.000000 1.000000 0.000000
vn -0.000000 1.000000 0.000000
vn -0.000000 1.000000 0.000000
vn -0.000000 1.000000 0.000000
vn -0.000000 1.000000 0.000000
vn -0.000000 1.000000 0.000000
vn -0.000000 1.000000 0.000000
vn -0.000000 1.000000 0.000000
vn -0.000000 1.000000 0.000000
vn -0.000000 1.000000 0.000000
vn -0.000000 1.000000 0.000000
vn -0.000000 1.000000 0.000000
vn -0.000000 1.000000 0.000000
vn -0.000000 1.000000 0.000000
vn -0.000000 1.000000 0.000000
vn -0.000000 1.000000 0.000000
vn -0.000000 1.000000 0.000000
vn 0.000000 1.000000 0.000000
vn 0.000000 1.000000 0.000000
vn 0.000000 1.000000 0.000000
vn 0.000000 1.000000 0.000000
vn 0.000000 1.000000 0.000000
vn 0.000000 1.000000 0.000000
vn 0.000000 1.000000 0.000000
vn 0.000000 1.000000 0.000000
vn 0.000000 1.000000 0.000000
vn 0.000000 1.000000 0.000000
vn 0.000000 1.000000 0.000000
vn 0.000000 1.000000 0.000000
vn 0.000000 1.000000 0.000000
vn 0.000000 1.000000 0.000000
vn 0.000000 1.000000 0.000000
vn 0.000000 1.000000 0.000000
vn 0.000000 1.000000 0.000000
vn 0.000000 1.000000 0.000000
vn 0.000000 1.000000 0.000000
vn 0.000000 1.000000 0.000000
vn 0.000000 1.000000 0.000000
vn 0.000000 1.000000 0.000000
vn 0.000000 1.000000 0.000000
vn 0.000000 1.000000 0.000000
vn 0.000000 1.000000 0.000000
vn 0.000000 1.000000 0.000000
vn 0.000000 1.000000 0.000000
vn 0.000000 1.000000 0.000000
vn 0.000000 1.000000 0.000000
vn 0.000000 1.000000 0.000000
vn 0.000000 1.000000 0.000000
vn 0.000000 1.000000 0.000000
vn 0.000000 1.000000 0.000000
vn 0.000000 1.000000 0.000000
vn 0.000000 1.000000 0.000000
vn 0.000000 1.000000 0.000000
vn 0.000000 1.000000 0.000000
vn 0.000000 1.000000 0.000000
vn 0.000000 1.000000 0.000000
vn 0.000000 1.000000 0.000000
vn 0.000000 1.000000 0.000000
vn 0.000000 1.000000 0.000000
vn 0.000000 1.000000 0.000000
vn 0.000000 1.000000 0.000000
vn 0.000000 1.000000 0.000000
vn 0.000000 1.000000 0.000000
vn 0.000000 1.000000 0.000000
vn 0.000000 1.000000 0.000000
vn 0.000000 1.000000 0.000000
vn 0.000000 1.000000 0.000000
vn 0.000000 1.000000 0.000000
vn 0.000000 1.000000 0.000000
vn 0.000000 1.000000 0.000000
vn 0.000000 1.000000 0.000000
vn 0.000000 1.000000 0.000000
vn 0.000000 1.000000 0.000000
vn 0.000000 1.000000 0.000000
vn 0.000000 1.000000 0.000000
vn 0.000000 1.000000 0.000000
vn 0.000000 1.000000 0.000000
vn 0.000000 1.000000 0.000000
vn 0.000000 1.000000 0.000000
vn 0.000000 1.000000 0.000000
vn 0.000000 1.000000 0.000000
vn 0.000000 1.000000 0.000000
vn 0.000000 1.000000 0.000000
vn 0.000000 1.000000 0.000000
vn 0.000000 1.000000 0.000000
vn 0.000000 1.000000 0.000000
vn 0.000000 1.000000 0.000000
vn 0.000000 1.000000 0.000000
vn 0.000000 1.000000 0.000000
vn 0.000000 1.000000 0.000000
vn 0.000000 1.000000 0.000000
vn 0.000000 1.000000 0.000000
vn 0.000000 1.000000 0.000000
vn 0.000000 1.000000 0.000000
vn 0.000000 1.000000 0.000000
vn 0.000000 1.000000 0.000000
vn 0.000000 1.000000 0.000000
vn 0.000000 1.000000 0.000000
vn 0.000000 1.000000 0.000000
vn 0.000000 1.000000 0.000000
vn 0.000000 1.000000 0.000000
vn 0.000000 1.000000 0.000000
vn 0.000000 1.000000 0.000000
vn 0.000000 1.000000 0.000000
vn 0.000000 1.000000 0.000000
vn 0.000000 1.000000 0.000000
vn 0.000000 1.000000 0.000000
vn 0.000000 1.000000 0.000000
vn 0.000000 1.000000 0.000000
vn -0.000000 1.000000 0.000000
vn -0.000000 1.000000 0.000000
vn -0.000000 1.000000 0.000000
vn -0.000000 1.000000 0.000000
vn -0.000000 1.000000 0.000000
vn -0.000000 1.000000 0.000000
vn -0.000000 1.000000 0.000000
vn -0.000000 1.000000 0.000000
vn -0.000000 1.000000 0.000000
vn -0.000000 1.000000 0.000000
vn -0.000000 1.000000 0.000000
vn -0.000000 1.000000 0.000000
vn -0.000000 1.000000 0.000000
vn -0.000000 1.000000 0.000000
vn -0.000000 1.000000 0.000000
vn -0.000000 1.000000 0.000000
vn -0.000000 1.000000 0.000000
vn -0.000000 1.000000 0.000000
vn -0.000000 1.000000 0.000000
vn -0.000000 1.000000 0.000000
vn 0.000000 1.000000 0.000000
vn 0.000000 1.000000 0.000000
vn 0.000000 1.000000 0.000000
vn 0.000000 1.000000 0.000000
vn 0.000000 1.000000 0.000000
vn 0.000000 1.000000 0.000000
vn -0.000000 1.000000 0.000000
vn -0.000000 1.000000 0.000000
vn -0.000000 1.000000 0.000000
vn -0.000000 1.000000 0.000000
vn -0.000000 1.000000 0.000000
vn -0.000000 1.000000 0.000000
vn -0.000000 1.000000 0.000000
vn -0.000000 1.000000 0.000000
vn -0.000000 1.000000 0.000000
vn -0.000000 1.000000 0.000000
vn -0.000000 1.000000 0.000000
vn -0.000000 1.000000 0.000000
vn -0.000000 1.000000 0.000000
vn -0.000000 1.000000 0.000000
vn -0.000000 1.000000 0.000000
vn -0.000000 1.000000 0.000000
vn -0.000000 1.000000 0.000000
vn -0.000000 1.000000 0.000000
vn -0.000000 1.000000 0.000000
vn -0.000000 1.000000 0.000000
vn -0.000000 1.000000 0.000000
vn -0.000000 1.000000 0.000000
vn -0.000000 1.000000 0.000000
vn -0.000000 1.000000 0.000000
vn -0.000000 1.000000 0.000000
vn -0.000000 1.000000 0.000000
vn -0.000000 1.000000 0.000000
vn -0.000000 1.000000 0.000000
vn -0.000000 1.000000 0.000000
vn -0.000000 1.000000 0.000000
vn -0.000000 1.000000 0.000000
vn -0.000000 1.000000 0.000000
vn -0.000000 1.000000 0.000000
vn -0.000000 1.000000 0.000000
vn -0.000000 1.000000 0.000000
vn -0.000000 1.000000 0.000000
vn -0.000000 1.000000 0.000000
vn -0.000000 1.000000 0.000000
vn 0.000000 1.000000 0.000000
vn 0.000000 1.000000 0.000000
vn 0.000000 1.000000 0.000000
vn 0.000000 1.000000 0.000000
vn 0.000000 1.000000 0.000000
vn 0.000000 1.000000 0.000000
vn 0.000000 1.000000 0.000000
vn 0.000000 1.000000 0.000000
vn 0.000000 1.000000 0.000000
vn 0.000000 1.000000 0.000000
vn 0.000000 1.000000 0.000000
vn 0.000000 1.000000 0.000000
vn 0.000000 1.000000 0.000000
vn 0.000000 1.000000 0.000000
vn 0.000000 1.000000 0.000000
vn 0.000000 1.000000 0.000000
vn 0.000000 1.000000 0.000000
vn 0.000000 1.000000 0.000000
vn -0.000000 1.000000 0.000000
vn -0.000000 1.000000 0.000000
vn -0.000000 1.000000 0.000000
vn -0.000000 1.000000 0.000000
vn -0.000000 1.000000 0.000000
vn -0.000000 1.000000 0.000000
vn -0.000000 1.000000 0.000000
vn -0.000000 1.000000 0.000000
vn -0.006240 0.999968 -0.004979
vn -0.006240 0.999968 -0.004979
vn -0.033598 0.999214 -0.021038
vn -0.033598 0.999214 -0.021038
vn -0.047507 0.998462 -0.028592
vn -0.047507 0.998462 -0.028592
vn -0.047507 0.998462 -0.028592
vn -0.047507 0.998462 -0.028592
vn -0.061417 0.997440 -0.036625
vn -0.061417 0.997440 -0.036625
vn -0.061664 0.997440 -0.036207
vn -0.061664 0.997440 -0.036207
vn -0.061664 0.997440 -0.036207
vn -0.061664 0.997440 -0.036207
vn -0.061664 0.997440 -0.036207
vn -0.061664 0.997440 -0.036207
vn -0.068282 0.996860 -0.040092
vn -0.068282 0.996860 -0.040092
vn -0.068554 0.996860 -0.039623
vn -0.068554 0.996860 -0.039623
vn -0.068710 0.996860 -0.039352
vn -0.068710 0.996860 -0.039352
vn -0.068710 0.996860 -0.039352
vn -0.068710 0.996860 -0.039352
vn -0.068710 0.996860 -0.039352
vn -0.068710 0.996860 -0.039352
vn -0.068710 0.996860 -0.039352
vn -0.068710 0.996860 -0.039352
vn -0.068710 0.996860 -0.039352
vn -0.068710 0.996860 -0.039352
vn -0.068710 0.996860 -0.039352
vn -0.068710 0.996860 -0.039352
vn -0.068710 0.996860 -0.039352
vn -0.068710 0.996860 -0.039352
vn -0.068710 0.996860 -0.039352
vn -0.068710 0.996860 -0.039352
vn -0.068710 0.996860 -0.039352
vn -0.068710 0.996860 -0.039352
vn -0.068776 0.996879 -0.038765
vn -0.068776 0.996879 -0.038765
vn -0.069802 0.996847 -0.037731
vn -0.069802 0.996847 -0.037731
vn -0.071161 0.996874 -0.034332
vn -0.071161 0.996874 -0.034332
vn -0.072627 0.996868 -0.031305
vn -0.072627 0.996868 -0.031305
vn -0.074508 0.996840 -0.027549
vn -0.074508 0.996840 -0.027549
vn -0.083397 0.996190 -0.025502
vn -0.083397 0.996190 -0.025502
vn -0.076615 0.996871 -0.019468
vn -0.076615 0.996871 -0.019468
vn -0.077616 0.996861 -0.015648
vn -0.077616 0.996861 -0.015648
vn -0.078227 0.996865 -0.011891
vn -0.078227 0.996865 -0.011891
vn -0.078906 0.996844 -0.008767
vn -0.078906 0.996844 -0.008767
vn -0.078721 0.996877 -0.006248
vn -0.078721 0.996877 -0.006248
vn -0.078967 0.996870 -0.003760
vn -0.078967 0.996870 -0.003760
vn -0.071220 0.997459 -0.001696
vn -0.071220 0.997459 -0.001696
vn -0.071243 0.997459 -0.000565
vn -0.071243 0.997459 -0.000565
vn -0.063364 0.997990 0.000000
vn -0.063364 0.997990 0.000000
vn -0.063364 0.997990 0.000000
vn -0.063364 0.997990 0.000000
vn -0.063364 0.997990 0.000000
vn -0.063364 0.997990 0.000000
vn -0.063364 0.997990 0.000000
vn -0.063364 0.997990 0.000000
vn -0.063364 0.997990 0.000000
vn -0.063364 0.997990 0.000000
vn -0.063364 0.997990 0.000000
vn -0.063364 0.997990 0.000000
vn -0.063364 0.997990 0.000000
vn -0.063364 0.997990 0.000000
vn -0.063364 0.997990 0.000000
vn -0.063364 0.997990 0.000000
vn -0.063364 0.997990 0.000000
vn -0.063364 0.997990 0.000000
vn -0.063364 0.997990 0.000000
vn -0.063364 0.997990 0.000000
vn -0.063364 0.997990 0.000000
vn -0.063364 0.997990 0.000000
vn -0.063364 0.997990 0.000000
vn -0.063364 0.997990 0.000000
vn -0.063364 0.997990 0.000000
vn -0.063364 0.997990 0.000000
vn -0.063364 0.997990 0.000000
vn -0.063364 0.997990 0.000000
vn -0.063364 0.997990 0.000000
vn -0.063364 0.997990 0.000000
vn -0.063364 0.997990 0.000000
vn -0.063364 0.997990 0.000000
vn -0.047565 0.998868 0.000000
vn -0.047565 0.998868 0.000000
vn -0.047562 0.998868 0.000377
vn -0.047562 0.998868 0.000377
vn -0.023801 0.999717 0.000189
vn -0.023801 0.999717 0.000189
vn -0.007936 0.999969 0.000063
vn -0.007936 0.999969 0.000063
vn -0.007936 0.999969 0.000000
vn -0.007936 0.999969 0.000000
vn -0.000000 1.000000 0.000000
vn -0.000000 1.000000 0.000000
vn -0.000000 1.000000 0.000000
vn -0.000000 1.000000 0.000000
vn -0.000000 1.000000 0.000000
vn -0.000000 1.000000 0.000000
vn -0.000000 1.000000 0.000000
vn -0.000000 1.000000 0.000000
vn -0.000000 1.000000 0.000000
vn -0.000000 1.000000 0.000000
vn -0.000000 1.000000 0.000000
vn -0.000000 1.000000 0.000000
vn -0.000000 1.000000 0.000000
vn -0.000000 1.000000 0.000000
vn -0.000000 1.000000 0.000000
vn -0.000000 1.000000 0.000000
vn 0.023749 0.999718 -0.000754
vn 0.023749 0.999718 -0.000754
vn 0.039428 0.999218 -0.002816
vn 0.039428 0.999218 -0.002816
vn 0.055051 0.998472 -0.004806
vn 0.055051 0.998472 -0.004806
vn 0.071112 0.997445 -0.006773
vn 0.071112 0.997445 -0.006773
vn 0.078699 0.996860 -0.008744
vn 0.078699 0.996860 -0.008744
vn 0.086167 0.996220 -0.011029
vn 0.086167 0.996220 -0.011029
vn 0.094149 0.995466 -0.013557
vn 0.094149 0.995466 -0.013557
vn 0.101266 0.994714 -0.017013
vn 0.101266 0.994714 -0.017013
vn 0.101149 0.994679 -0.019577
vn 0.101149 0.994679 -0.019577
vn 0.108390 0.993824 -0.023793
vn 0.108390 0.993824 -0.023793
vn 0.107593 0.993825 -0.027117
vn 0.107593 0.993825 -0.027117
vn 0.099216 0.994659 -0.028464
vn 0.099216 0.994659 -0.028464
vn 0.097723 0.994707 -0.031760
vn 0.097723 0.994707 -0.031760
vn 0.089141 0.995474 -0.032960
vn 0.089141 0.995474 -0.032960
vn 0.080363 0.996197 -0.033656
vn 0.080363 0.996197 -0.033656
vn 0.071716 0.996846 -0.033971
vn 0.071716 0.996846 -0.033971
vn 0.055632 0.997998 -0.030072
vn 0.055632 0.997998 -0.030072
vn 0.047761 0.998465 -0.028043
vn 0.047761 0.998465 -0.028043
vn 0.033039 0.999223 -0.021507
vn 0.033039 0.999223 -0.021507
vn 0.019573 0.999717 -0.013550
vn 0.019573 0.999717 -0.013550
vn 0.006374 0.999969 -0.004687
vn 0.006374 0.999969 -0.004687
vn 0.000000 1.000000 0.000000
vn 0.000000 1.000000 0.000000
vn -0.012307 0.999875 0.009921
vn -0.012307 0.999875 0.009921
vn -0.012245 0.999875 0.009996
vn -0.012245 0.999875 0.009996
vn -0.030593 0.999220 0.024974
vn -0.030593 0.999220 0.024974
vn -0.030593 0.999220 0.024974
vn -0.030593 0.999220 0.024974
vn -0.037169 0.998869 0.029660
vn -0.037169 0.998869 0.029660
vn -0.043815 0.998470 0.033737
vn -0.043815 0.998470 0.033737
vn -0.051192 0.997998 0.037139
vn -0.051192 0.997998 0.037139
vn -0.059018 0.997443 0.040291
vn -0.059018 0.997443 0.040291
vn -0.060370 0.997460 0.037802
vn -0.060370 0.997460 0.037802
vn -0.069050 0.996829 0.039547
vn -0.069050 0.996829 0.039547
vn -0.069763 0.996851 0.037709
vn -0.069763 0.996851 0.037709
vn -0.077411 0.996165 0.040779
vn -0.077411 0.996165 0.040779
vn -0.077715 0.996163 0.040245
vn -0.077715 0.996163 0.040245
vn -0.085297 0.995505 0.041152
vn -0.085297 0.995505 0.041152
vn -0.086466 0.995487 0.039098
vn -0.086466 0.995487 0.039098
vn -0.088047 0.995488 0.035369
vn -0.088047 0.995488 0.035369
vn -0.089756 0.995484 0.030924
vn -0.089756 0.995484 0.030924
vn -0.091013 0.995502 0.026326
vn -0.091013 0.995502 0.026326
vn -0.092677 0.995457 0.021851
vn -0.092677 0.995457 0.021851
vn -0.086032 0.996176 0.015264
vn -0.086032 0.996176 0.015264
vn -0.086350 0.996196 0.011744
vn -0.086350 0.996196 0.011744
vn -0.078627 0.996880 0.006864
vn -0.078627 0.996880 0.006864
vn -0.071122 0.997460 0.003951
vn -0.071122 0.997460 0.003951
vn -0.071247 0.997458 0.001131
vn -0.071247 0.997458 0.001131
vn -0.063364 0.997990 0.000000
vn -0.063364 0.997990 0.000000
vn -0.047446 0.998872 -0.001883
vn -0.047446 0.998872 -0.001883
vn -0.031447 0.999502 -0.002745
vn -0.031447 0.999502 -0.002745
vn -0.015693 0.999875 -0.002009
vn -0.015693 0.999875 -0.002009
vn -0.007810 0.999969 -0.001312
vn -0.007810 0.999969 -0.001312
vn -0.000000 1.000000 0.000000
vn -0.000000 1.000000 0.000000
vn 0.007704 0.999969 0.001879
vn 0.007704 0.999969 0.001879
vn 0.007622 0.999969 0.002062
vn 0.007622 0.999969 0.002062
vn 0.007593 0.999969 0.002196
vn 0.007593 0.999969 0.002196
vn 0.007558 0.999969 0.002311
vn 0.007558 0.999969 0.002311
vn 0.007558 0.999969 0.002311
vn 0.007558 0.999969 0.002311
vn -0.000000 1.000000 0.000000
vn -0.000000 1.000000 0.000000
vn -0.000000 1.000000 0.000000
vn -0.000000 1.000000 0.000000
vn -0.000000 1.000000 0.000000
vn -0.000000 1.000000 0.000000
vn -0.015217 0.999874 -0.004527
vn -0.015217 0.999874 -0.004527
vn -0.022763 0.999720 -0.006530
vn -0.022763 0.999720 -0.006530
vn -0.030599 0.999497 -0.008277
vn -0.030599 0.999497 -0.008277
vn -0.045993 0.998875 -0.011592
vn -0.045993 0.998875 -0.011592
vn -0.054024 0.998464 -0.012298
vn -0.054024 0.998464 -0.012298
vn -0.069461 0.997478 -0.014564
vn -0.069461 0.997478 -0.014564
vn -0.077831 0.996862 -0.014436
vn -0.077831 0.996862 -0.014436
vn -0.094029 0.995456 -0.015045
vn -0.094029 0.995456 -0.015045
vn -0.101579 0.994720 -0.014627
vn -0.101579 0.994720 -0.014627
vn -0.102088 0.994701 -0.012153
vn -0.102088 0.994701 -0.012153
vn -0.102515 0.994675 -0.010577
vn -0.102515 0.994675 -0.010577
vn -0.102857 0.994663 -0.008163
vn -0.102857 0.994663 -0.008163
vn -0.094524 0.995504 -0.006002
vn -0.094524 0.995504 -0.006002
vn -0.094720 0.995497 -0.003759
vn -0.094720 0.995497 -0.003759
vn -0.094809 0.995494 -0.001505
vn -0.094809 0.995494 -0.001505
vn -0.094809 0.995495 0.000000
vn -0.094809 0.995495 0.000000
vn -0.086938 0.996213 0.001380
vn -0.086938 0.996213 0.001380
vn -0.086862 0.996217 0.002758
vn -0.086862 0.996217 0.002758
vn -0.078839 0.996878 0.004380
vn -0.078839 0.996878 0.004380
vn -0.078800 0.996878 0.005003
vn -0.078800 0.996878 0.005003
vn -0.070847 0.997474 0.005060
vn -0.070847 0.997474 0.005060
vn -0.062929 0.998005 0.004994
vn -0.062929 0.998005 0.004994
vn -0.062886 0.998006 0.005490
vn -0.062886 0.998006 0.005490
vn -0.047138 0.998878 0.004489
vn -0.047138 0.998878 0.004489
vn -0.047138 0.998878 0.004489
vn -0.047138 0.998878 0.004489
vn -0.047103 0.998878 0.004860
vn -0.047103 0.998878 0.004860
vn -0.047103 0.998878 0.004860
vn -0.047103 0.998878 0.004860
vn -0.047103 0.998878 0.004860
vn -0.047103 0.998878 0.004860
vn -0.047103 0.998878 0.004860
vn -0.047103 0.998878 0.004860
vn -0.031445 0.999501 0.002995
vn -0.031445 0.999501 0.002995
vn -0.007871 0.999969 0.000750
vn -0.007871 0.999969 0.000750
vn -0.007876 0.999969 0.000688
vn -0.007876 0.999969 0.000688
vn -0.007876 0.999969 0.000688
vn -0.007876 0.999969 0.000688
vn -0.007876 0.999969 0.000688
vn -0.007876 0.999969 0.000688
vn -0.007876 0.999969 0.000688
vn -0.007876 0.999969 0.000688
vn -0.007876 0.999969 0.000688
vn -0.007876 0.999969 0.000688
vn -0.007876 0.999969 0.000688
vn -0.007876 0.999969 0.000688
vn -0.007876 0.999969 0.000688
vn -0.007876 0.999969 0.000688
vn -0.007876 0.999969 0.000688
vn -0.007876 0.999969 0.000688
vn -0.007876 0.999969 0.000688
vn -0.007876 0.999969 0.000688
vn -0.007876 0.999969 0.000688
vn -0.007876 0.999969 0.000688
vn -0.007876 0.999969 0.000688
vn -0.007876 0.999969 0.000688
vn -0.015751 0.999875 0.001375
vn -0.015751 0.999875 0.001375
vn -0.023623 0.999719 0.002062
vn -0.023623 0.999719 0.002062
vn -0.023623 0.999719 0.002062
vn -0.023623 0.999719 0.002062
vn -0.023623 0.999719 0.002062
vn -0.023623 0.999719 0.002062
vn -0.007876 0.999969 0.000688
vn -0.007876 0.999969 0.000688
vn 0.000000 1.000000 0.000000
vn 0.000000 1.000000 0.000000
vn 0.000000 1.000000 0.000000
vn 0.000000 1.000000 0.000000
vn 0.000000 1.000000 0.000000
vn 0.000000 1.000000 0.000000
vn 0.000000 1.000000 0.000000
vn 0.000000 1.000000 0.000000
vn 0.000000 1.000000 0.000000
vn 0.000000 1.000000 0.000000
vn 0.000000 1.000000 0.000000
vn 0.000000 1.000000 0.000000
vn 0.000000 1.000000 0.000000
vn 0.000000 1.000000 0.000000
vn 0.000000 1.000000 0.000000
vn 0.000000 1.000000 0.000000
vn -0.007876 0.999969 0.000688
vn -0.007876 0.999969 0.000688
vn -0.015728 0.999875 0.001498
vn -0.015728 0.999875 0.001498
vn -0.015728 0.999875 0.001498
vn -0.015728 0.999875 0.001498
vn -0.015728 0.999875 0.001498
vn -0.015728 0.999875 0.001498
vn -0.015728 0.999875 0.001498
vn -0.015728 0.999875 0.001498
vn -0.015728 0.999875 0.001498
vn -0.015728 0.999875 0.001498
vn -0.039295 0.999221 0.003742
vn -0.039295 0.999221 0.003742
vn -0.039295 0.999221 0.003742
vn -0.039295 0.999221 0.003742
vn -0.054972 0.998474 0.005235
vn -0.054972 0.998474 0.005235
vn -0.054972 0.998474 0.005235
vn -0.054972 0.998474 0.005235
vn -0.070661 0.997478 0.006730
vn -0.070661 0.997478 0.006730
vn -0.070709 0.997478 0.006173
vn -0.070709 0.997478 0.006173
vn -0.070709 0.997478 0.006173
vn -0.070709 0.997478 0.006173
vn -0.055051 0.998472 0.004806
vn -0.055051 0.998472 0.004806
vn -0.047206 0.998877 0.004121
vn -0.047206 0.998877 0.004121
vn -0.039352 0.999220 0.003435
vn -0.039352 0.999220 0.003435
vn -0.031532 0.999500 0.002503
vn -0.031532 0.999500 0.002503
vn -0.015772 0.999875 0.001252
vn -0.015772 0.999875 0.001252
vn -0.015772 0.999875 0.001252
vn -0.015772 0.999875 0.001252
vn -0.015772 0.999875 0.001252
vn -0.015772 0.999875 0.001252
vn -0.015772 0.999875 0.001252
vn -0.015772 0.999875 0.001252
vn -0.015772 0.999875 0.001252
vn -0.015772 0.999875 0.001252
vn -0.015772 0.999875 0.001252
vn -0.015772 0.999875 0.001252
vn -0.015772 0.999875 0.001252
vn -0.015772 0.999875 0.001252
vn -0.015772 0.999875 0.001252
vn -0.015772 0.999875 0.001252
vn -0.015772 0.999875 0.001252
vn -0.015772 0.999875 0.001252
vn 0.000000 1.000000 0.000000
vn 0.000000 1.000000 0.000000
vn 0.000000 1.000000 0.000000
vn 0.000000 1.000000 0.000000
vn 0.000000 1.000000 0.000000
vn 0.000000 1.000000 0.000000
vn 0.000000 1.000000 0.000000
vn 0.000000 1.000000 0.000000
vn 0.000000 1.000000 0.000000
vn 0.000000 1.000000 0.000000
vn 0.023654 0.999718 -0.001877
vn 0.023654 0.999718 -0.001877
vn 0.023654 0.999718 -0.001877
vn 0.023654 0.999718 -0.001877
vn 0.039352 0.999220 -0.003435
vn 0.039352 0.999220 -0.003435
vn 0.047206 0.998877 -0.004121
vn 0.047206 0.998877 -0.004121
vn 0.047173 0.998878 -0.004118
vn 0.047173 0.998878 -0.004118
vn 0.047138 0.998878 -0.004489
vn 0.047138 0.998878 -0.004489
vn 0.031421 0.999502 -0.002993
vn 0.031421 0.999502 -0.002993
vn 0.031396 0.999502 -0.003239
vn 0.031396 0.999502 -0.003239
vn 0.007853 0.999969 -0.000810
vn 0.007853 0.999969 -0.000810
vn 0.007853 0.999969 -0.000810
vn 0.007853 0.999969 -0.000810
vn 0.007853 0.999969 -0.000810
vn 0.007853 0.999969 -0.000810
vn 0.000000 1.000000 0.000000
vn 0.000000 1.000000 0.000000
vn -0.007853 0.999969 0.000810
vn -0.007853 0.999969 0.000810
vn -0.007853 0.999969 0.000810
vn -0.007853 0.999969 0.000810
vn -0.007853 0.999969 0.000810
vn -0.007853 0.999969 0.000810
vn -0.007853 0.999969 0.000810
vn -0.007853 0.999969 0.000810
vn -0.007853 0.999969 0.000810
vn -0.007853 0.999969 0.000810
vn 0.000000 1.000000 0.000000
vn 0.000000 1.000000 0.000000
vn 0.000000 1.000000 0.000000
vn 0.000000 1.000000 0.000000
vn 0.000000 1.000000 0.000000
vn 0.000000 1.000000 0.000000
vn 0.007833 0.999969 -0.000870
vn 0.007833 0.999969 -0.000870
vn 0.000000 1.000000 0.000000
vn 0.000000 1.000000 0.000000
vn -0.023492 0.999720 0.002797
vn -0.023492 0.999720 0.002797
vn -0.039266 0.999221 0.004051
vn -0.039266 0.999221 0.004051
vn -0.031469 0.999500 0.002997
vn -0.031469 0.999500 0.002997
vn -0.031490 0.999500 0.002749
vn -0.031490 0.999500 0.002749
vn -0.031490 0.999500 0.002749
vn -0.031490 0.999500 0.002749
vn -0.031490 0.999500 0.002749
vn -0.031490 0.999500 0.002749
vn -0.031490 0.999500 0.002749
vn -0.031490 0.999500 0.002749
vn -0.031490 0.999500 0.002749
vn -0.031490 0.999500 0.002749
vn -0.031490 0.999500 0.002749
vn -0.031490 0.999500 0.002749
vn -0.031490 0.999500 0.002749
vn -0.031490 0.999500 0.002749
vn -0.031490 0.999500 0.002749
vn -0.031490 0.999500 0.002749
vn -0.039352 0.999220 0.003435
vn -0.039352 0.999220 0.003435
vn -0.047206 0.998877 0.004121
vn -0.047206 0.998877 0.004121
vn -0.047206 0.998877 0.004121
vn -0.047206 0.998877 0.004121
vn -0.047206 0.998877 0.004121
vn -0.047206 0.998877 0.004121
vn -0.047206 0.998877 0.004121
vn -0.047206 0.998877 0.004121
vn -0.055051 0.998472 0.004806
vn -0.055051 0.998472 0.004806
vn -0.070709 0.997478 0.006173
vn -0.070709 0.997478 0.006173
vn -0.070661 0.997478 0.006730
vn -0.070661 0.997478 0.006730
vn -0.070661 0.997478 0.006730
vn -0.070661 0.997478 0.006730
vn -0.094835 0.995459 0.008279
vn -0.094835 0.995459 0.008279
vn -0.094835 0.995459 0.008279
vn -0.094835 0.995459 0.008279
vn -0.094835 0.995459 0.008279
vn -0.094835 0.995459 0.008279
vn -0.094835 0.995459 0.008279
vn -0.094835 0.995459 0.008279
vn -0.094699 0.995465 0.009019
vn -0.094699 0.995465 0.009019
vn -0.094699 0.995465 0.009019
vn -0.094699 0.995465 0.009019
vn -0.094699 0.995465 0.009019
vn -0.094699 0.995465 0.009019
vn -0.094699 0.995465 0.009019
vn -0.094699 0.995465 0.009019
vn -0.094699 0.995465 0.009019
vn -0.094699 0.995465 0.009019
vn -0.070709 0.997478 0.006173
vn -0.070709 0.997478 0.006173
vn -0.062886 0.998006 0.005490
vn -0.062886 0.998006 0.005490
vn -0.055051 0.998472 0.004806
vn -0.055051 0.998472 0.004806
vn -0.039352 0.999220 0.003435
vn -0.039352 0.999220 0.003435
vn -0.031532 0.999500 0.002503
vn -0.031532 0.999500 0.002503
vn -0.007887 0.999969 0.000626
vn -0.007887 0.999969 0.000626
vn -0.007887 0.999969 0.000626
vn -0.007887 0.999969 0.000626
vn 0.015772 0.999875 -0.001252
vn 0.015772 0.999875 -0.001252
vn 0.047238 0.998877 -0.003749
vn 0.047238 0.998877 -0.003749
vn 0.062886 0.998006 -0.005490
vn 0.062886 0.998006 -0.005490
vn 0.079025 0.996844 -0.007526
vn 0.079025 0.996844 -0.007526
vn 0.079025 0.996844 -0.007526
vn 0.079025 0.996844 -0.007526
vn 0.094699 0.995465 -0.009019
vn 0.094699 0.995465 -0.009019
vn 0.094699 0.995465 -0.009019
vn 0.094699 0.995465 -0.009019
vn 0.094699 0.995465 -0.009019
vn 0.094699 0.995465 -0.009019
vn 0.079025 0.996844 -0.007526
vn 0.079025 0.996844 -0.007526
vn 0.055051 0.998472 -0.004806
vn 0.055051 0.998472 -0.004806
vn 0.047206 0.998877 -0.004121
vn 0.047206 0.998877 -0.004121
vn 0.047206 0.998877 -0.004121
vn 0.047206 0.998877 -0.004121
vn 0.047206 0.998877 -0.004121
vn 0.047206 0.998877 -0.004121
vn 0.047206 0.998877 -0.004121
vn 0.047206 0.998877 -0.004121
vn 0.047206 0.998877 -0.004121
vn 0.047206 0.998877 -0.004121
vn 0.047206 0.998877 -0.004121
vn 0.047206 0.998877 -0.004121
vn 0.047206 0.998877 -0.004121
vn 0.047206 0.998877 -0.004121
vn 0.047206 0.998877 -0.004121
vn 0.047206 0.998877 -0.004121
vn 0.047206 0.998877 -0.004121
vn 0.047206 0.998877 -0.004121
vn 0.047206 0.998877 -0.004121
vn 0.047206 0.998877 -0.004121
vn 0.047206 0.998877 -0.004121
vn 0.047206 0.998877 -0.004121
vn 0.047206 0.998877 -0.004121
vn 0.047206 0.998877 -0.004121
vn 0.070661 0.997481 -0.006169
vn 0.070661 0.997481 -0.006169
vn 0.086870 0.996185 -0.008273
vn 0.086870 0.996185 -0.008273
vn 0.110302 0.993843 -0.010505
vn 0.110302 0.993843 -0.010505
vn 0.117986 0.992952 -0.011237
vn 0.117986 0.992952 -0.011237
vn 0.110130 0.993852 -0.011363
vn 0.110130 0.993852 -0.011363
vn 0.094551 0.995472 -0.009755
vn 0.094551 0.995472 -0.009755
vn 0.071054 0.997446 -0.007331
vn 0.071054 0.997446 -0.007331
vn 0.047065 0.998880 -0.004856
vn 0.047065 0.998880 -0.004856
vn 0.023589 0.999719 -0.002247
vn 0.023589 0.999719 -0.002247
vn 0.023589 0.999719 -0.002247
vn 0.023589 0.999719 -0.002247
vn 0.023589 0.999719 -0.002247
vn 0.023589 0.999719 -0.002247
vn 0.023589 0.999719 -0.002247
vn 0.023589 0.999719 -0.002247
vn 0.047138 0.998878 -0.004489
vn 0.047138 0.998878 -0.004489
vn 0.070661 0.997478 -0.006730
vn 0.070661 0.997478 -0.006730
vn 0.070709 0.997478 -0.006173
vn 0.070709 0.997478 -0.006173
vn 0.070608 0.997481 -0.006725
vn 0.070608 0.997481 -0.006725
vn 0.047138 0.998878 -0.004489
vn 0.047138 0.998878 -0.004489
vn 0.007859 0.999969 -0.000748
vn 0.007859 0.999969 -0.000748
vn -0.015704 0.999875 0.001620
vn -0.015704 0.999875 0.001620
vn -0.039234 0.999222 0.004048
vn -0.039234 0.999222 0.004048
vn -0.039295 0.999221 0.003742
vn -0.039295 0.999221 0.003742
vn -0.039352 0.999220 0.003435
vn -0.039352 0.999220 0.003435
vn -0.039352 0.999220 0.003435
vn -0.039352 0.999220 0.003435
vn -0.039352 0.999220 0.003435
vn -0.039352 0.999220 0.003435
vn -0.039352 0.999220 0.003435
vn -0.039352 0.999220 0.003435
vn -0.039352 0.999220 0.003435
vn -0.039352 0.999220 0.003435
vn -0.039352 0.999220 0.003435
vn -0.039352 0.999220 0.003435
vn -0.039352 0.999220 0.003435
vn -0.039352 0.999220 0.003435
vn -0.055051 0.998472 0.004806
vn -0.055051 0.998472 0.004806
vn -0.055051 0.998472 0.004806
vn -0.055051 0.998472 0.004806
vn -0.055051 0.998472 0.004806
vn -0.055051 0.998472 0.004806
vn -0.055051 0.998472 0.004806
vn -0.055051 0.998472 0.004806
vn -0.031512 0.999500 0.002751
vn -0.031512 0.999500 0.002751
vn -0.023654 0.999718 0.001877
vn -0.023654 0.999718 0.001877
vn -0.007887 0.999969 0.000626
vn -0.007887 0.999969 0.000626
vn 0.000000 1.000000 0.000000
vn 0.000000 1.000000 0.000000
vn 0.000000 1.000000 0.000000
vn 0.000000 1.000000 0.000000
vn 0.000000 1.000000 0.000000
vn 0.000000 1.000000 0.000000
vn 0.000000 1.000000 0.000000
vn 0.000000 1.000000 0.000000
vn 0.000000 1.000000 0.000000
vn 0.000000 1.000000 0.000000
vn 0.000000 1.000000 0.000000
vn 0.000000 1.000000 0.000000
vn 0.007887 0.999969 -0.000626
vn 0.007887 0.999969 -0.000626
vn 0.055051 0.998472 -0.004806
vn 0.055051 0.998472 -0.004806
vn 0.070709 0.997478 -0.006173
vn 0.070709 0.997478 -0.006173
vn 0.086995 0.996180 -0.007595
vn 0.086995 0.996180 -0.007595
vn 0.086995 0.996180 -0.007595
vn 0.086995 0.996180 -0.007595
vn 0.086995 0.996180 -0.007595
vn 0.086995 0.996180 -0.007595
vn 0.078520 0.996889 -0.006855
vn 0.078520 0.996889 -0.006855
vn 0.070709 0.997478 -0.006173
vn 0.070709 0.997478 -0.006173
vn 0.062796 0.998008 -0.005981
vn 0.062796 0.998008 -0.005981
vn 0.054972 0.998474 -0.005235
vn 0.054972 0.998474 -0.005235
vn 0.031445 0.999501 -0.002995
vn 0.031445 0.999501 -0.002995
vn 0.023589 0.999719 -0.002247
vn 0.023589 0.999719 -0.002247
vn 0.000000 1.000000 0.000000
vn 0.000000 1.000000 0.000000
vn 0.000000 1.000000 0.000000
vn 0.000000 1.000000 0.000000
vn 0.007865 0.999969 -0.000749
vn 0.007865 0.999969 -0.000749
vn 0.047138 0.998878 -0.004489
vn 0.047138 0.998878 -0.004489
vn 0.079025 0.996844 -0.007526
vn 0.079025 0.996844 -0.007526
vn 0.094699 0.995465 -0.009019
vn 0.094699 0.995465 -0.009019
vn 0.102510 0.994684 -0.009763
vn 0.102510 0.994684 -0.009763
vn 0.110302 0.993843 -0.010505
vn 0.110302 0.993843 -0.010505
vn 0.102510 0.994684 -0.009763
vn 0.102510 0.994684 -0.009763
vn 0.086870 0.996185 -0.008273
vn 0.086870 0.996185 -0.008273
vn 0.054972 0.998474 -0.005235
vn 0.054972 0.998474 -0.005235
vn 0.031445 0.999501 -0.002995
vn 0.031445 0.999501 -0.002995
vn 0.015728 0.999875 -0.001498
vn 0.015728 0.999875 -0.001498
vn 0.007865 0.999969 -0.000749
vn 0.007865 0.999969 -0.000749
vn 0.000000 1.000000 0.000000
vn 0.000000 1.000000 0.000000
vn -0.007876 0.999969 0.000688
vn -0.007876 0.999969 0.000688
vn -0.007876 0.999969 0.000688
vn -0.007876 0.999969 0.000688
vn -0.007876 0.999969 0.000688
vn -0.007876 0.999969 0.000688
vn -0.015751 0.999875 0.001375
vn -0.015751 0.999875 0.001375
vn -0.023589 0.999719 0.002247
vn -0.023589 0.999719 0.002247
vn -0.023589 0.999719 0.002247
vn -0.023589 0.999719 0.002247
vn -0.023589 0.999719 0.002247
vn -0.023589 0.999719 0.002247
vn -0.023589 0.999719 0.002247
vn -0.023589 0.999719 0.002247
vn -0.023589 0.999719 0.002247
vn -0.023589 0.999719 0.002247
vn -0.023589 0.999719 0.002247
vn -0.023589 0.999719 0.002247
vn -0.023589 0.999719 0.002247
vn -0.023589 0.999719 0.002247
vn 0.000000 1.000000 0.000000
vn 0.000000 1.000000 0.000000
vn 0.031490 0.999500 -0.002749
vn 0.031490 0.999500 -0.002749
vn 0.039352 0.999220 -0.003435
vn 0.039352 0.999220 -0.003435
vn 0.062886 0.998006 -0.005490
vn 0.062886 0.998006 -0.005490
vn 0.062886 0.998006 -0.005490
vn 0.062886 0.998006 -0.005490
vn 0.062886 0.998006 -0.005490
vn 0.062886 0.998006 -0.005490
vn 0.062886 0.998006 -0.005490
vn 0.062886 0.998006 -0.005490
vn 0.094835 0.995459 -0.008279
vn 0.094835 0.995459 -0.008279
vn 0.094835 0.995459 -0.008279
vn 0.094835 0.995459 -0.008279
vn 0.094835 0.995459 -0.008279
vn 0.094835 0.995459 -0.008279
vn 0.094835 0.995459 -0.008279
vn 0.094835 0.995459 -0.008279
vn 0.094835 0.995459 -0.008279
vn 0.094835 0.995459 -0.008279
vn 0.118243 0.992931 -0.010323
vn 0.118243 0.992931 -0.010323
vn 0.118243 0.992931 -0.010323
vn 0.118243 0.992931 -0.010323
vn 0.133741 0.990947 -0.011676
vn 0.133741 0.990947 -0.011676
vn 0.141454 0.989868 -0.012349
vn 0.141454 0.989868 -0.012349
vn 0.150308 0.988552 -0.013122
vn 0.150308 0.988552 -0.013122
vn 0.173369 0.984741 -0.015135
vn 0.173369 0.984741 -0.015135
vn 0.173369 0.984741 -0.015135
vn 0.173369 0.984741 -0.015135
vn 0.204950 0.978578 -0.019519
vn 0.204950 0.978578 -0.019519
vn 0.204950 0.978578 -0.019519
vn 0.204950 0.978578 -0.019519
vn 0.229174 0.973141 -0.021826
vn 0.229174 0.973141 -0.021826
vn 0.228996 0.973141 -0.023627
vn 0.228996 0.973141 -0.023627
vn 0.228996 0.973141 -0.023627
vn 0.228996 0.973141 -0.023627
vn 0.236454 0.971336 -0.024396
vn 0.236454 0.971336 -0.024396
vn 0.228996 0.973141 -0.023627
vn 0.228996 0.973141 -0.023627
vn 0.212479 0.976956 -0.020236
vn 0.212479 0.976956 -0.020236
vn 0.204950 0.978578 -0.019519
vn 0.204950 0.978578 -0.019519
vn 0.180869 0.983356 -0.017226
vn 0.180869 0.983356 -0.017226
vn 0.165712 0.986068 -0.014467
vn 0.165712 0.986068 -0.014467
vn 0.140764 0.989838 -0.020145
vn 0.140764 0.989838 -0.020145
vn 0.133051 0.990918 -0.019480
vn 0.133051 0.990918 -0.019480
vn 0.100303 0.994613 -0.026136
vn 0.100303 0.994613 -0.026136
vn 0.082585 0.995964 -0.035135
vn 0.082585 0.995964 -0.035135
vn 0.071143 0.996120 -0.051797
vn 0.071143 0.996120 -0.051797
vn 0.060247 0.996386 -0.059873
vn 0.060247 0.996386 -0.059873
vn 0.055337 0.995502 -0.076895
vn 0.055337 0.995502 -0.076895
vn 0.043141 0.995498 -0.084400
vn 0.043141 0.995498 -0.084400
vn 0.044975 0.993667 -0.102971
vn 0.044975 0.993667 -0.102971
vn 0.036787 0.992232 -0.118834
vn 0.036787 0.992232 -0.118834
vn 0.027503 0.990554 -0.134336
vn 0.027503 0.990554 -0.134336
vn 0.027316 0.988979 -0.145518
vn 0.027316 0.988979 -0.145518
vn 0.018769 0.987887 -0.154033
vn 0.018769 0.987887 -0.154033
vn 0.015909 0.986239 -0.164562
vn 0.015909 0.986239 -0.164562
vn 0.005050 0.985210 -0.171278
vn 0.005050 0.985210 -0.171278
vn -0.007041 0.983985 -0.178112
vn -0.007041 0.983985 -0.178112
vn -0.018576 0.984051 -0.176916
vn -0.018576 0.984051 -0.176916
vn -0.034689 0.982656 -0.182163
vn -0.034689 0.982656 -0.182163
vn -0.048333 0.982946 -0.177431
vn -0.048333 0.982946 -0.177431
vn -0.068344 0.983503 -0.167483
vn -0.068344 0.983503 -0.167483
vn -0.090011 0.984116 -0.153018
vn -0.090011 0.984116 -0.153018
vn -0.115073 0.983143 -0.142082
vn -0.115073 0.983143 -0.142082
vn -0.131829 0.981790 -0.136781
vn -0.131829 0.981790 -0.136781
vn -0.150475 0.978779 -0.139098
vn -0.150475 0.978779 -0.139098
vn -0.170038 0.975761 -0.137760
vn -0.170038 0.975761 -0.137760
vn -0.185172 0.973926 -0.131072
vn -0.185172 0.973926 -0.131072
vn -0.205486 0.969794 -0.131436
vn -0.205486 0.969794 -0.131436
vn -0.220109 0.967370 -0.125488
vn -0.220109 0.967370 -0.125488
vn -0.233579 0.964497 -0.123234
vn -0.233579 0.964497 -0.123234
vn -0.241308 0.964299 -0.109074
vn -0.241308 0.964299 -0.109074
vn -0.250170 0.963089 -0.099366
vn -0.250170 0.963089 -0.099366
vn -0.249188 0.965109 -0.080436
vn -0.249188 0.965109 -0.080436
vn -0.238015 0.968946 -0.067032
vn -0.238015 0.968946 -0.067032
vn -0.224193 0.973199 -0.051201
vn -0.224193 0.973199 -0.051201
vn -0.202974 0.978368 -0.039966
vn -0.202974 0.978368 -0.039966
vn -0.185829 0.982331 -0.022202
vn -0.185829 0.982331 -0.022202
vn -0.158192 0.987389 -0.006185
vn -0.158192 0.987389 -0.006185
vn -0.140561 0.990056 0.005692
vn -0.140561 0.990056 0.005692
vn -0.119300 0.992593 0.022930
vn -0.119300 0.992593 0.022930
vn -0.096670 0.994618 0.037282
vn -0.096670 0.994618 0.037282
vn -0.079441 0.995472 0.052204
vn -0.079441 0.995472 0.052204
vn -0.063421 0.996845 0.047723
vn -0.063421 0.996845 0.047723
vn -0.049805 0.997411 0.051872
vn -0.049805 0.997411 0.051872
vn -0.035709 0.997844 0.055073
vn -0.035709 0.997844 0.055073
vn -0.015937 0.997915 0.062551
vn -0.015937 0.997915 0.062551
vn -0.007916 0.998333 0.057173
vn -0.007916 0.998333 0.057173
vn 0.023781 0.997906 0.060144
vn 0.023781 0.997906 0.060144
vn 0.013850 0.998686 0.049348
vn 0.013850 0.998686 0.049348
vn 0.012592 0.998927 0.044576
vn 0.012592 0.998927 0.044576
vn 0.017630 0.998938 0.042564
vn 0.017630 0.998938 0.042564
vn 0.034482 0.998345 0.046018
vn 0.034482 0.998345 0.046018
vn 0.056531 0.996968 0.053464
vn 0.056531 0.996968 0.053464
vn 0.037135 0.999220 0.013419
vn 0.037135 0.999220 0.013419
vn 0.037312 0.999213 0.013483
vn 0.037312 0.999213 0.013483
vn 0.051857 0.998467 0.019337
vn 0.051857 0.998467 0.019337
vn 0.051711 0.998467 0.019720
vn 0.051711 0.998467 0.019720
vn 0.073755 0.996880 0.028127
vn 0.073755 0.996880 0.028127
vn 0.081305 0.996207 0.031006
vn 0.081305 0.996207 0.031006
vn 0.111637 0.992877 0.041627
vn 0.111637 0.992877 0.041627
vn 0.133915 0.989734 0.049934
vn 0.133915 0.989734 0.049934
vn 0.148590 0.987372 0.054941
vn 0.148590 0.987372 0.054941
vn 0.141333 0.988582 0.052258
vn 0.141333 0.988582 0.052258
vn 0.125814 0.990963 0.046519
vn 0.125814 0.990963 0.046519
vn 0.111234 0.992943 0.041129
vn 0.111234 0.992943 0.041129
vn 0.103913 0.993844 0.038421
vn 0.103913 0.993844 0.038421
vn 0.104003 0.993821 0.038781
vn 0.104003 0.993821 0.038781
vn 0.103707 0.993821 0.039549
vn 0.103707 0.993821 0.039549
vn 0.103707 0.993821 0.039549
vn 0.103707 0.993821 0.039549
vn 0.103707 0.993821 0.039549
vn 0.103707 0.993821 0.039549
vn 0.103707 0.993821 0.039549
vn 0.103707 0.993821 0.039549
vn 0.103707 0.993821 0.039549
vn 0.103707 0.993821 0.039549
vn 0.125208 0.990929 0.048810
vn 0.125208 0.990929 0.048810
vn 0.125208 0.990929 0.048810
vn 0.125208 0.990929 0.048810
vn 0.132805 0.989847 0.050646
vn 0.132805 0.989847 0.050646
vn 0.148439 0.987371 0.055350
vn 0.148439 0.987371 0.055350
vn 0.157076 0.985954 0.056759
vn 0.157076 0.985954 0.056759
vn 0.163557 0.984843 0.057726
vn 0.163557 0.984843 0.057726
vn 0.149792 0.987303 0.052868
vn 0.149792 0.987303 0.052868
vn 0.103916 0.993877 0.037550
vn 0.103916 0.993877 0.037550
vn 0.066791 0.997456 0.024905
vn 0.066791 0.997456 0.024905
vn 0.044341 0.998873 0.016910
vn 0.044341 0.998873 0.016910
vn 0.036964 0.999217 0.014096
vn 0.036964 0.999217 0.014096
vn 0.036964 0.999217 0.014096
vn 0.036964 0.999217 0.014096
vn 0.029745 0.999496 0.011092
vn 0.029745 0.999496 0.011092
vn 0.022314 0.999716 0.008320
vn 0.022314 0.999716 0.008320
vn 0.022314 0.999716 0.008320
vn 0.022314 0.999716 0.008320
vn 0.007405 0.999969 0.002761
vn 0.007405 0.999969 0.002761
vn 0.007413 0.999969 0.002741
vn 0.007413 0.999969 0.002741
vn 0.000000 1.000000 0.000000
vn 0.000000 1.000000 0.000000
vn 0.000000 1.000000 0.000000
vn 0.000000 1.000000 0.000000
vn 0.000000 1.000000 0.000000
vn 0.000000 1.000000 0.000000
vn 0.000000 1.000000 0.000000
vn 0.000000 1.000000 0.000000
vn -0.007378 0.999969 -0.002813
vn -0.007378 0.999969 -0.002813
vn -0.022163 0.999717 -0.008640
vn -0.022163 0.999717 -0.008640
vn -0.044341 0.998873 -0.016910
vn -0.044341 0.998873 -0.016910
vn -0.044341 0.998873 -0.016910
vn -0.044341 0.998873 -0.016910
vn -0.022210 0.999719 -0.008282
vn -0.022210 0.999719 -0.008282
vn -0.007405 0.999969 -0.002761
vn -0.007405 0.999969 -0.002761
vn 0.007405 0.999969 0.002761
vn 0.007405 0.999969 0.002761
vn 0.022210 0.999719 0.008282
vn 0.022210 0.999719 0.008282
vn 0.022210 0.999719 0.008282
vn 0.022210 0.999719 0.008282
vn 0.037096 0.999216 0.013833
vn 0.037096 0.999216 0.013833
vn 0.052015 0.998469 0.018795
vn 0.052015 0.998469 0.018795
vn 0.067450 0.997452 0.023239
vn 0.067450 0.997452 0.023239
vn 0.089658 0.995470 0.031644
vn 0.089658 0.995470 0.031644
vn 0.103491 0.993812 0.040344
vn 0.103491 0.993812 0.040344
vn 0.088852 0.995442 0.034637
vn 0.088852 0.995442 0.034637
vn 0.121125 0.991878 0.038813
vn 0.121125 0.991878 0.038813
vn 0.116847 0.992763 0.027734
vn 0.116847 0.992763 0.027734
vn 0.116847 0.992763 0.027734
vn 0.116847 0.992763 0.027734
vn 0.104662 0.994413 0.013745
vn 0.104662 0.994413 0.013745
vn 0.106548 0.994217 0.013436
vn 0.106548 0.994217 0.013436
vn 0.106548 0.994217 0.013436
vn 0.106548 0.994217 0.013436
vn 0.090623 0.995856 0.007641
vn 0.090623 0.995856 0.007641
vn 0.090302 0.995880 0.008283
vn 0.090302 0.995880 0.008283
vn 0.083478 0.996493 0.005744
vn 0.083478 0.996493 0.005744
vn 0.086359 0.996260 -0.003008
vn 0.086359 0.996260 -0.003008
vn 0.079342 0.996836 -0.004837
vn 0.079342 0.996836 -0.004837
vn 0.064991 0.997840 -0.009591
vn 0.064991 0.997840 -0.009591
vn 0.064577 0.997875 -0.008652
vn 0.064577 0.997875 -0.008652
vn 0.039584 0.999172 -0.009380
vn 0.039584 0.999172 -0.009380
vn 0.021300 0.999457 -0.025133
vn 0.021300 0.999457 -0.025133
vn -0.002810 0.999613 -0.027661
vn -0.002810 0.999613 -0.027661
vn -0.038147 0.998861 -0.028673
vn -0.038147 0.998861 -0.028673
vn -0.048958 0.998450 -0.026464
vn -0.048958 0.998450 -0.026464
vn -0.068312 0.996857 -0.040110
vn -0.068312 0.996857 -0.040110
vn -0.067517 0.996849 -0.041646
vn -0.067517 0.996849 -0.041646
vn -0.066533 0.996871 -0.042682
vn -0.066533 0.996871 -0.042682
vn -0.067034 0.996867 -0.041975
vn -0.067034 0.996867 -0.041975
vn -0.053573 0.997983 -0.034046
vn -0.053573 0.997983 -0.034046
vn -0.039922 0.998865 -0.025987
vn -0.039922 0.998865 -0.025987
vn -0.026142 0.999499 -0.017847
vn -0.026142 0.999499 -0.017847
vn -0.019495 0.999719 -0.013496
vn -0.019495 0.999719 -0.013496
vn -0.012816 0.999875 -0.009298
vn -0.012816 0.999875 -0.009298
vn -0.012752 0.999875 -0.009376
vn -0.012752 0.999875 -0.009376
vn -0.012752 0.999875 -0.009376
vn -0.012752 0.999875 -0.009376
vn -0.012752 0.999875 -0.009376
vn -0.012752 0.999875 -0.009376
vn 0.000000 1.000000 0.000000
vn 0.000000 1.000000 0.000000
vn 0.006408 0.999969 0.004649
vn 0.006408 0.999969 0.004649
vn 0.006408 0.999969 0.004649
vn 0.006408 0.999969 0.004649
vn 0.006408 0.999969 0.004649
vn 0.006408 0.999969 0.004649
vn 0.006408 0.999969 0.004649
vn 0.006408 0.999969 0.004649
vn 0.006408 0.999969 0.004649
vn 0.006408 0.999969 0.004649
vn 0.006408 0.999969 0.004649
vn 0.006408 0.999969 0.004649
vn 0.006408 0.999969 0.004649
vn 0.006408 0.999969 0.004649
vn 0.006400 0.999969 0.004643
vn 0.006400 0.999969 0.004643
vn 0.013302 0.999872 0.008868
vn 0.013302 0.999872 0.008868
vn 0.020809 0.999718 0.011436
vn 0.020809 0.999718 0.011436
vn 0.029512 0.999494 0.011855
vn 0.029512 0.999494 0.011855
vn 0.037941 0.999209 0.011916
vn 0.037941 0.999209 0.011916
vn 0.045681 0.998875 0.012731
vn 0.045681 0.998875 0.012731
vn 0.045506 0.998877 0.013163
vn 0.045506 0.998877 0.013163
vn 0.052457 0.998452 0.018514
vn 0.052457 0.998452 0.018514
vn 0.050214 0.998470 0.023142
vn 0.050214 0.998470 0.023142
vn 0.047349 0.998459 0.028935
vn 0.047349 0.998459 0.028935
vn 0.049221 0.997979 0.040180
vn 0.049221 0.997979 0.040180
vn 0.044592 0.997987 0.045093
vn 0.044592 0.997987 0.045093
vn 0.042478 0.997992 0.046976
vn 0.042478 0.997992 0.046976
vn 0.042201 0.997992 0.047224
vn 0.042201 0.997992 0.047224
vn 0.048118 0.997453 0.052647
vn 0.048118 0.997453 0.052647
vn 0.050153 0.997482 0.050153
vn 0.050153 0.997482 0.050153
vn 0.053788 0.997446 0.046994
vn 0.053788 0.997446 0.046994
vn 0.056754 0.997474 0.042706
vn 0.056754 0.997474 0.042706
vn 0.053648 0.997995 0.033592
vn 0.053648 0.997995 0.033592
vn 0.056253 0.997991 0.029131
vn 0.056253 0.997991 0.029131
vn 0.058683 0.997986 0.024075
vn 0.058683 0.997986 0.024075
vn 0.060191 0.997975 0.020565
vn 0.060191 0.997975 0.020565
vn 0.060827 0.997993 0.017595
vn 0.060827 0.997993 0.017595
vn 0.061828 0.997980 0.014577
vn 0.061828 0.997980 0.014577
vn 0.062249 0.997988 0.012048
vn 0.062249 0.997988 0.012048
vn 0.062511 0.997994 0.010002
vn 0.062511 0.997994 0.010002
vn 0.055123 0.998455 0.007056
vn 0.055123 0.998455 0.007056
vn 0.055054 0.998470 0.005243
vn 0.055054 0.998470 0.005243
vn 0.055220 0.998466 0.003944
vn 0.055220 0.998466 0.003944
vn 0.047440 0.998871 0.002636
vn 0.047440 0.998871 0.002636
vn 0.047458 0.998871 0.002260
vn 0.047458 0.998871 0.002260
vn 0.039577 0.999215 0.001885
vn 0.039577 0.999215 0.001885
vn 0.039589 0.999215 0.001571
vn 0.039589 0.999215 0.001571
vn 0.039589 0.999215 0.001571
vn 0.039589 0.999215 0.001571
vn 0.031646 0.999498 0.001507
vn 0.031646 0.999498 0.001507
vn 0.023695 0.999718 0.001504
vn 0.023695 0.999718 0.001504
vn 0.023639 0.999719 0.001876
vn 0.023639 0.999719 0.001876
vn 0.015678 0.999876 0.001618
vn 0.015678 0.999876 0.001618
vn 0.007838 0.999969 0.001066
vn 0.007838 0.999969 0.001066
vn 0.000000 1.000000 0.000000
vn 0.000000 1.000000 0.000000
vn 0.000000 1.000000 0.000000
vn 0.000000 1.000000 0.000000
vn -0.007649 0.999969 -0.002069
vn -0.007649 0.999969 -0.002069
vn -0.015075 0.999874 -0.004899
vn -0.015075 0.999874 -0.004899
vn -0.014824 0.999876 -0.005357
vn -0.014824 0.999876 -0.005357
vn -0.029459 0.999500 -0.011484
vn -0.029459 0.999500 -0.011484
vn -0.036590 0.999211 -0.015456
vn -0.036590 0.999211 -0.015456
vn -0.043320 0.998862 -0.019965
vn -0.043320 0.998862 -0.019965
vn -0.056197 0.997996 -0.029102
vn -0.056197 0.997996 -0.029102
vn -0.062121 0.997454 -0.035014
vn -0.062121 0.997454 -0.035014
vn -0.074888 0.996173 -0.045071
vn -0.074888 0.996173 -0.045071
vn -0.086084 0.994711 -0.056036
vn -0.086084 0.994711 -0.056036
vn -0.084811 0.994713 -0.057900
vn -0.084811 0.994713 -0.057900
vn -0.084811 0.994713 -0.057900
vn -0.084811 0.994713 -0.057900
vn -0.085816 0.994714 -0.056394
vn -0.085816 0.994714 -0.056394
vn -0.081310 0.995487 -0.048937
vn -0.081310 0.995487 -0.048937
vn -0.070214 0.996846 -0.036988
vn -0.070214 0.996846 -0.036988
vn -0.072413 0.996866 -0.031837
vn -0.072413 0.996866 -0.031837
vn -0.073833 0.996873 -0.028157
vn -0.073833 0.996873 -0.028157
vn -0.074516 0.996889 -0.025674
vn -0.074516 0.996889 -0.025674
vn -0.067828 0.997453 -0.022044
vn -0.067828 0.997453 -0.022044
vn -0.068005 0.997468 -0.020795
vn -0.068005 0.997468 -0.020795
vn -0.061022 0.997980 -0.017651
vn -0.061022 0.997980 -0.017651
vn -0.053604 0.998457 -0.014500
vn -0.053604 0.998457 -0.014500
vn -0.038620 0.999212 -0.009105
vn -0.038620 0.999212 -0.009105
vn -0.007761 0.999969 -0.001565
vn -0.007761 0.999969 -0.001565
vn -0.007773 0.999969 -0.001504
vn -0.007773 0.999969 -0.001504
vn 0.000000 1.000000 0.000000
vn 0.000000 1.000000 0.000000
vn 0.000000 1.000000 0.000000
vn 0.000000 1.000000 0.000000
vn 0.007704 0.999969 0.001879
vn 0.007704 0.999969 0.001879
vn 0.007598 0.999969 0.002180
vn 0.007598 0.999969 0.002180
vn 0.007490 0.999969 0.002581
vn 0.007490 0.999969 0.002581
vn 0.007262 0.999969 0.003130
vn 0.007262 0.999969 0.003130
vn 0.014018 0.999874 0.007384
vn 0.014018 0.999874 0.007384
vn 0.020437 0.999719 0.012000
vn 0.020437 0.999719 0.012000
vn 0.033485 0.999219 0.020967
vn 0.033485 0.999219 0.020967
vn 0.039713 0.998877 0.025851
vn 0.039713 0.998877 0.025851
vn 0.039713 0.998877 0.025851
vn 0.039713 0.998877 0.025851
vn 0.053691 0.997991 0.033620
vn 0.053691 0.997991 0.033620
vn 0.061757 0.997464 0.035370
vn 0.061757 0.997464 0.035370
vn 0.070580 0.996871 0.035603
vn 0.070580 0.996871 0.035603
vn 0.072854 0.996848 0.031403
vn 0.072854 0.996848 0.031403
vn 0.082138 0.996199 0.028990
vn 0.082138 0.996199 0.028990
vn 0.083718 0.996200 0.024018
vn 0.083718 0.996200 0.024018
vn 0.076866 0.996888 0.017498
vn 0.076866 0.996888 0.017498
vn 0.062425 0.997983 0.011579
vn 0.062425 0.997983 0.011579
vn 0.054782 0.998464 0.008327
vn 0.054782 0.998464 0.008327
vn 0.055068 0.998458 0.007049
vn 0.055068 0.998458 0.007049
vn 0.047027 0.998880 0.005225
vn 0.047027 0.998880 0.005225
vn 0.047173 0.998877 0.004493
vn 0.047173 0.998877 0.004493
vn 0.047297 0.998874 0.003754
vn 0.047297 0.998874 0.003754
vn 0.047398 0.998872 0.003009
vn 0.047398 0.998872 0.003009
vn 0.047505 0.998869 0.001885
vn 0.047505 0.998869 0.001885
vn 0.055449 0.998461 0.001320
vn 0.055449 0.998461 0.001320
vn 0.063364 0.997990 0.000503
vn 0.063364 0.997990 0.000503
vn 0.086971 0.996211 -0.000000
vn 0.086971 0.996211 -0.000000
vn 0.086965 0.996211 -0.000690
vn 0.086965 0.996211 -0.000690
vn 0.094785 0.995497 -0.001505
vn 0.094785 0.995497 -0.001505
vn 0.094785 0.995497 -0.001505
vn 0.094785 0.995497 -0.001505
vn 0.086949 0.996212 -0.001380
vn 0.086949 0.996212 -0.001380
vn 0.086949 0.996212 -0.001380
vn 0.086949 0.996212 -0.001380
vn 0.086949 0.996212 -0.001380
vn 0.086949 0.996212 -0.001380
vn 0.079096 0.996866 -0.001255
vn 0.079096 0.996866 -0.001255
vn 0.055467 0.998460 -0.000440
vn 0.055467 0.998460 -0.000440
vn 0.039651 0.999214 -0.000000
vn 0.039651 0.999214 -0.000000
vn 0.015871 0.999874 -0.000000
vn 0.015871 0.999874 -0.000000
vn 0.000000 1.000000 0.000000
vn 0.000000 1.000000 0.000000
vn -0.015865 0.999874 -0.000252
vn -0.015865 0.999874 -0.000252
vn -0.031698 0.999497 -0.001006
vn -0.031698 0.999497 -0.001006
vn -0.047505 0.998870 -0.001508
vn -0.047505 0.998870 -0.001508
vn -0.047490 0.998870 -0.001885
vn -0.047490 0.998870 -0.001885
vn -0.055383 0.998463 -0.002198
vn -0.055383 0.998463 -0.002198
vn -0.047517 0.998869 -0.001508
vn -0.047517 0.998869 -0.001508
vn -0.031712 0.999497 -0.000755
vn -0.031712 0.999497 -0.000755
vn -0.023797 0.999717 -0.000378
vn -0.023797 0.999717 -0.000378
vn -0.031728 0.999497 -0.000252
vn -0.031728 0.999497 -0.000252
vn -0.047565 0.998868 -0.000378
vn -0.047565 0.998868 -0.000378
vn -0.071247 0.997459 0.000000
vn -0.071247 0.997459 0.000000
vn -0.071247 0.997459 0.000000
vn -0.071247 0.997459 0.000000
vn -0.071247 0.997459 0.000000
vn -0.071247 0.997459 0.000000
vn -0.055470 0.998460 0.000000
vn -0.055470 0.998460 0.000000
vn -0.023803 0.999717 0.000000
vn -0.023803 0.999717 0.000000
vn 0.000000 1.000000 -0.000000
vn 0.000000 1.000000 -0.000000
vn 0.007936 0.999969 -0.000000
vn 0.007936 0.999969 -0.000000
vn 0.023803 0.999717 -0.000000
vn 0.023803 0.999717 -0.000000
vn 0.031730 0.999496 -0.000000
vn 0.031730 0.999496 -0.000000
vn 0.031730 0.999496 -0.000000
vn 0.031730 0.999496 -0.000000
vn 0.047565 0.998868 -0.000000
vn 0.047565 0.998868 -0.000000
vn 0.047565 0.998868 -0.000000
vn 0.047565 0.998868 -0.000000
vn 0.055467 0.998460 0.000440
vn 0.055467 0.998460 0.000440
vn 0.063357 0.997991 0.000503
vn 0.063357 0.997991 0.000503
vn 0.063349 0.997991 0.001006
vn 0.063349 0.997991 0.001006
vn 0.079096 0.996866 0.001255
vn 0.079096 0.996866 0.001255
vn 0.079111 0.996866 0.000628
vn 0.079111 0.996866 0.000628
vn 0.094809 0.995495 -0.000000
vn 0.094809 0.995495 -0.000000
vn 0.102630 0.994720 -0.000000
vn 0.102630 0.994720 -0.000000
vn 0.102623 0.994720 -0.000814
vn 0.102623 0.994720 -0.000814
vn 0.102623 0.994720 -0.000814
vn 0.102623 0.994720 -0.000814
vn 0.102623 0.994720 -0.000814
vn 0.102623 0.994720 -0.000814
vn 0.094809 0.995495 -0.000000
vn 0.094809 0.995495 -0.000000
vn 0.086960 0.996211 0.000690
vn 0.086960 0.996211 0.000690
vn 0.071193 0.997461 0.001695
vn 0.071193 0.997461 0.001695
vn 0.055324 0.998465 0.002634
vn 0.055324 0.998465 0.002634
vn 0.055158 0.998470 0.003940
vn 0.055158 0.998470 0.003940
vn 0.054976 0.998476 0.004799
vn 0.054976 0.998476 0.004799
vn 0.062976 0.997991 0.006997
vn 0.062976 0.997991 0.006997
vn 0.054782 0.998471 0.007450
vn 0.054782 0.998471 0.007450
vn 0.046933 0.998867 0.007885
vn 0.046933 0.998867 0.007885
vn 0.030985 0.999502 0.005997
vn 0.030985 0.999502 0.005997
vn 0.000000 1.000000 0.000000
vn 0.000000 1.000000 0.000000
vn -0.015244 0.999876 -0.003999
vn -0.015244 0.999876 -0.003999
vn -0.015158 0.999874 -0.004635
vn -0.015158 0.999874 -0.004635
vn -0.022433 0.999719 -0.007665
vn -0.022433 0.999719 -0.007665
vn -0.022228 0.999717 -0.008477
vn -0.022228 0.999717 -0.008477
vn -0.021897 0.999717 -0.009250
vn -0.021897 0.999717 -0.009250
vn -0.021594 0.999717 -0.009952
vn -0.021594 0.999717 -0.009952
vn -0.014259 0.999873 -0.007066
vn -0.014259 0.999873 -0.007066
vn -0.014023 0.999874 -0.007387
vn -0.014023 0.999874 -0.007387
vn -0.006941 0.999969 -0.003814
vn -0.006941 0.999969 -0.003814
vn 0.000000 1.000000 0.000000
vn 0.000000 1.000000 0.000000
vn 0.000000 1.000000 0.000000
vn 0.000000 1.000000 0.000000
vn 0.006769 0.999969 0.004074
vn 0.006769 0.999969 0.004074
vn 0.006742 0.999969 0.004158
vn 0.006742 0.999969 0.004158
vn 0.013402 0.999874 0.008517
vn 0.013402 0.999874 0.008517
vn 0.019919 0.999718 0.012966
vn 0.019919 0.999718 0.012966
vn 0.026360 0.999498 0.017574
vn 0.026360 0.999498 0.017574
vn 0.019731 0.999719 0.013154
vn 0.019731 0.999719 0.013154
vn 0.013337 0.999875 0.008476
vn 0.013337 0.999875 0.008476
vn 0.000000 1.000000 0.000000
vn 0.000000 1.000000 0.000000
vn 0.000000 1.000000 0.000000
vn 0.000000 1.000000 0.000000
vn -0.013755 0.999875 -0.007753
vn -0.013755 0.999875 -0.007753
vn -0.021039 0.999717 -0.011083
vn -0.021039 0.999717 -0.011083
vn -0.014157 0.999875 -0.007016
vn -0.014157 0.999875 -0.007016
vn -0.014438 0.999874 -0.006654
vn -0.014438 0.999874 -0.006654
vn -0.007284 0.999969 -0.003077
vn -0.007284 0.999969 -0.003077
vn 0.000000 1.000000 0.000000
vn 0.000000 1.000000 0.000000
vn 0.007453 0.999969 0.002693
vn 0.007453 0.999969 0.002693
vn 0.022418 0.999719 0.007724
vn 0.022418 0.999719 0.007724
vn 0.022550 0.999717 0.007517
vn 0.022550 0.999717 0.007517
vn 0.030053 0.999503 0.009517
vn 0.030053 0.999503 0.009517
vn 0.022772 0.999716 0.006963
vn 0.022772 0.999716 0.006963
vn 0.022749 0.999720 0.006580
vn 0.022749 0.999720 0.006580
vn 0.015305 0.999874 0.004140
vn 0.015305 0.999874 0.004140
vn 0.015317 0.999875 0.003860
vn 0.015317 0.999875 0.003860
vn 0.000000 1.000000 0.000000
vn 0.000000 1.000000 0.000000
vn 0.000000 1.000000 0.000000
vn 0.000000 1.000000 0.000000
vn -0.015568 0.999874 -0.003013
vn -0.015568 0.999874 -0.003013
vn -0.031147 0.999501 -0.005233
vn -0.031147 0.999501 -0.005233
vn -0.047025 0.998871 -0.006772
vn -0.047025 0.998871 -0.006772
vn -0.063031 0.997983 -0.007504
vn -0.063031 0.997983 -0.007504
vn -0.062698 0.998012 -0.006469
vn -0.062698 0.998012 -0.006469
vn -0.070661 0.997478 -0.006730
vn -0.070661 0.997478 -0.006730
vn -0.078672 0.996881 -0.006244
vn -0.078672 0.996881 -0.006244
vn -0.078800 0.996878 -0.005003
vn -0.078800 0.996878 -0.005003
vn -0.078800 0.996878 -0.005003
vn -0.078800 0.996878 -0.005003
vn -0.078874 0.996875 -0.004382
vn -0.078874 0.996875 -0.004382
vn -0.086807 0.996217 -0.004134
vn -0.086807 0.996217 -0.004134
vn -0.086835 0.996217 -0.003446
vn -0.086835 0.996217 -0.003446
vn -0.086835 0.996217 -0.003446
vn -0.086835 0.996217 -0.003446
vn -0.086835 0.996217 -0.003446
vn -0.086835 0.996217 -0.003446
vn -0.086835 0.996217 -0.003446
vn -0.086835 0.996217 -0.003446
vn -0.086835 0.996217 -0.003446
vn -0.086835 0.996217 -0.003446
vn -0.086742 0.996222 -0.004131
vn -0.086742 0.996222 -0.004131
vn -0.086623 0.996226 -0.005500
vn -0.086623 0.996226 -0.005500
vn -0.086623 0.996226 -0.005500
vn -0.086623 0.996226 -0.005500
vn -0.087116 0.996179 -0.006223
vn -0.087116 0.996179 -0.006223
vn -0.078966 0.996849 -0.007521
vn -0.078966 0.996849 -0.007521
vn -0.078768 0.996855 -0.008752
vn -0.078768 0.996855 -0.008752
vn -0.070518 0.997470 -0.009026
vn -0.070518 0.997470 -0.009026
vn -0.062770 0.997982 -0.009541
vn -0.062770 0.997982 -0.009541
vn -0.054494 0.998467 -0.009668
vn -0.054494 0.998467 -0.009668
vn -0.046506 0.998870 -0.009751
vn -0.046506 0.998870 -0.009751
vn -0.038489 0.999215 -0.009388
vn -0.038489 0.999215 -0.009388
vn -0.030511 0.999498 -0.008503
vn -0.030511 0.999498 -0.008503
vn -0.022610 0.999717 -0.007348
vn -0.022610 0.999717 -0.007348
vn -0.007380 0.999969 -0.002877
vn -0.007380 0.999969 -0.002877
vn 0.000000 1.000000 0.000000
vn 0.000000 1.000000 0.000000
vn 0.006964 0.999969 0.003764
vn 0.006964 0.999969 0.003764
vn 0.013436 0.999874 0.008413
vn 0.013436 0.999874 0.008413
vn 0.025935 0.999495 0.018381
vn 0.025935 0.999495 0.018381
vn 0.031219 0.999210 0.024597
vn 0.031219 0.999210 0.024597
vn 0.036158 0.998869 0.030885
vn 0.036158 0.998869 0.030885
vn 0.040968 0.998459 0.037444
vn 0.040968 0.998459 0.037444
vn 0.046330 0.997987 0.043309
vn 0.046330 0.997987 0.043309
vn 0.045838 0.997987 0.043823
vn 0.045838 0.997987 0.043823
vn 0.046063 0.997988 0.043560
vn 0.046063 0.997988 0.043560
vn 0.046751 0.997992 0.042730
vn 0.046751 0.997992 0.042730
vn 0.048000 0.998006 0.041000
vn 0.048000 0.998006 0.041000
vn 0.044026 0.998455 0.033900
vn 0.044026 0.998455 0.033900
vn 0.045658 0.998457 0.031609
vn 0.045658 0.998457 0.031609
vn 0.040666 0.998878 0.024251
vn 0.040666 0.998878 0.024251
vn 0.035375 0.999215 0.017844
vn 0.035375 0.999215 0.017844
vn 0.029386 0.999496 0.012056
vn 0.029386 0.999496 0.012056
vn 0.022656 0.999716 0.007363
vn 0.022656 0.999716 0.007363
vn 0.023010 0.999719 0.005612
vn 0.023010 0.999719 0.005612
vn 0.023432 0.999717 0.004124
vn 0.023432 0.999717 0.004124
vn 0.023595 0.999718 0.002622
vn 0.023595 0.999718 0.002622
vn 0.023776 0.999717 0.001132
vn 0.023776 0.999717 0.001132
vn 0.023804 0.999717 0.000189
vn 0.023804 0.999717 0.000189
vn 0.023780 0.999717 -0.000566
vn 0.023780 0.999717 -0.000566
vn 0.023749 0.999717 -0.001131
vn 0.023749 0.999717 -0.001131
vn 0.023749 0.999717 -0.001131
vn 0.023749 0.999717 -0.001131
vn 0.015835 0.999874 -0.000754
vn 0.015835 0.999874 -0.000754
vn 0.015846 0.999874 -0.000629
vn 0.015846 0.999874 -0.000629
vn 0.015865 0.999874 -0.000378
vn 0.015865 0.999874 -0.000378
vn 0.015871 0.999874 -0.000000
vn 0.015871 0.999874 -0.000000
vn 0.015847 0.999874 0.000503
vn 0.015847 0.999874 0.000503
vn 0.015784 0.999875 0.001002
vn 0.015784 0.999875 0.001002
vn 0.015789 0.999874 0.001629
vn 0.015789 0.999874 0.001629
vn 0.015620 0.999875 0.002249
vn 0.015620 0.999875 0.002249
vn 0.015498 0.999875 0.003000
vn 0.015498 0.999875 0.003000
vn 0.015465 0.999874 0.003646
vn 0.015465 0.999874 0.003646
vn 0.015261 0.999874 0.004253
vn 0.015261 0.999874 0.004253
vn 0.007540 0.999969 0.002306
vn 0.007540 0.999969 0.002306
vn 0.007519 0.999969 0.002444
vn 0.007519 0.999969 0.002444
vn 0.000000 1.000000 0.000000
vn 0.000000 1.000000 0.000000
vn 0.000000 1.000000 0.000000
vn 0.000000 1.000000 0.000000
vn 0.000000 1.000000 0.000000
vn 0.000000 1.000000 0.000000
vn -0.014795 0.999875 -0.005642
vn -0.014795 0.999875 -0.005642
vn -0.007398 0.999969 -0.002821
vn -0.007398 0.999969 -0.002821
vn -0.007398 0.999969 -0.002821
vn -0.007398 0.999969 -0.002821
vn -0.029607 0.999501 -0.011040
vn -0.029607 0.999501 -0.011040
vn -0.014904 0.999874 -0.005385
vn -0.014904 0.999874 -0.005385
vn -0.024992 0.999688 -0.000000
vn -0.024992 0.999688 -0.000000
vn -0.034742 0.999379 0.005895
vn -0.034742 0.999379 0.005895
vn -0.036497 0.999226 0.014699
vn -0.036497 0.999226 0.014699
vn -0.037200 0.999026 0.023718
vn -0.037200 0.999026 0.023718
vn -0.047195 0.998118 0.039162
vn -0.047195 0.998118 0.039162
vn -0.047144 0.997280 0.056660
vn -0.047144 0.997280 0.056660
vn -0.046037 0.996155 0.074536
vn -0.046037 0.996155 0.074536
vn -0.043855 0.994797 0.091958
vn -0.043855 0.994797 0.091958
vn -0.040280 0.993182 0.109394
vn -0.040280 0.993182 0.109394
vn -0.035299 0.991254 0.127163
vn -0.035299 0.991254 0.127163
vn -0.030116 0.989137 0.143881
vn -0.030116 0.989137 0.143881
vn -0.031575 0.986346 0.161634
vn -0.031575 0.986346 0.161634
vn -0.023106 0.983876 0.177354
vn -0.023106 0.983876 0.177354
vn -0.020753 0.982136 0.187026
vn -0.020753 0.982136 0.187026
vn -0.017048 0.980043 0.198052
vn -0.017048 0.980043 0.198052
vn -0.012851 0.978232 0.207118
vn -0.012851 0.978232 0.207118
vn -0.011335 0.977496 0.210651
vn -0.011335 0.977496 0.210651
vn -0.002803 0.977715 0.209920
vn -0.002803 0.977715 0.209920
vn -0.000934 0.977097 0.212794
vn -0.000934 0.977097 0.212794
vn -0.003752 0.977828 0.209374
vn -0.003752 0.977828 0.209374
vn -0.003515 0.980579 0.196091
vn -0.003515 0.980579 0.196091
vn -0.007261 0.981179 0.192965
vn -0.007261 0.981179 0.192965
vn -0.010622 0.983744 0.179263
vn -0.010622 0.983744 0.179263
vn -0.019450 0.985201 0.170298
vn -0.019450 0.985201 0.170298
vn -0.023563 0.987121 0.158233
vn -0.023563 0.987121 0.158233
vn -0.028439 0.988779 0.146653
vn -0.028439 0.988779 0.146653
vn -0.033957 0.990253 0.135074
vn -0.033957 0.990253 0.135074
vn -0.052076 0.989509 0.134760
vn -0.052076 0.989509 0.134760
vn -0.037510 0.989777 0.137600
vn -0.037510 0.989777 0.137600
vn -0.030244 0.991035 0.130138
vn -0.030244 0.991035 0.130138
vn -0.030628 0.991322 0.127839
vn -0.030628 0.991322 0.127839
vn -0.025648 0.991297 0.129124
vn -0.025648 0.991297 0.129124
vn -0.022236 0.992712 0.118443
vn -0.022236 0.992712 0.118443
vn -0.019497 0.992823 0.117994
vn -0.019497 0.992823 0.117994
vn -0.010079 0.992280 0.123607
vn -0.010079 0.992280 0.123607
vn -0.001506 0.991958 0.126559
vn -0.001506 0.991958 0.126559
vn 0.003715 0.990537 0.137197
vn 0.003715 0.990537 0.137197
vn 0.003409 0.989829 0.142225
vn 0.003409 0.989829 0.142225
vn 0.008559 0.988431 0.151427
vn 0.008559 0.988431 0.151427
vn 0.008192 0.987562 0.157017
vn 0.008192 0.987562 0.157017
vn 0.009255 0.987451 0.157654
vn 0.009255 0.987451 0.157654
vn 0.000250 0.988247 0.152866
vn 0.000250 0.988247 0.152866
vn -0.000816 0.988334 0.152298
vn -0.000816 0.988334 0.152298
vn -0.004990 0.989965 0.141227
vn -0.004990 0.989965 0.141227
vn -0.013427 0.990361 0.137860
vn -0.013427 0.990361 0.137860
vn -0.016475 0.991733 0.127257
vn -0.016475 0.991733 0.127257
vn -0.012151 0.994733 0.101778
vn -0.012151 0.994733 0.101778
vn -0.058545 0.992866 0.103869
vn -0.058545 0.992866 0.103869
vn -0.058545 0.992866 0.103869
vn -0.058545 0.992866 0.103869
vn -0.058545 0.992866 0.103869
vn -0.058545 0.992866 0.103869
vn -0.058545 0.992866 0.103869
vn -0.058545 0.992866 0.103869
vn -0.058545 0.992866 0.103869
vn -0.058545 0.992866 0.103869
vn -0.054480 0.993825 0.096659
vn -0.054480 0.993825 0.096659
vn -0.054480 0.993825 0.096659
vn -0.054480 0.993825 0.096659
vn -0.054480 0.993825 0.096659
vn -0.054480 0.993825 0.096659
vn -0.054480 0.993825 0.096659
vn -0.054480 0.993825 0.096659
vn -0.054480 0.993825 0.096659
vn -0.054480 0.993825 0.096659
vn -0.054480 0.993825 0.096659
vn -0.054480 0.993825 0.096659
vn -0.046634 0.995480 0.082737
vn -0.046634 0.995480 0.082737
vn -0.041959 0.996198 0.076352
vn -0.041959 0.996198 0.076352
vn -0.041298 0.996222 0.076401
vn -0.041298 0.996222 0.076401
vn -0.033285 0.997482 0.062621
vn -0.033285 0.997482 0.062621
vn -0.025397 0.998474 0.049042
vn -0.025397 0.998474 0.049042
vn -0.028297 0.998828 0.039262
vn -0.028297 0.998828 0.039262
vn -0.045964 0.998198 0.038585
vn -0.045964 0.998198 0.038585
vn -0.060753 0.997724 0.029249
vn -0.060753 0.997724 0.029249
vn -0.071398 0.997385 0.011221
vn -0.071398 0.997385 0.011221
vn -0.084814 0.996395 -0.002069
vn -0.084814 0.996395 -0.002069
vn -0.087076 0.995763 -0.029550
vn -0.087076 0.995763 -0.029550
vn -0.091550 0.994463 -0.051595
vn -0.091550 0.994463 -0.051595
vn -0.092267 0.993673 -0.064041
vn -0.092267 0.993673 -0.064041
vn -0.091250 0.991821 -0.089241
vn -0.091250 0.991821 -0.089241
vn -0.081397 0.990820 -0.107940
vn -0.081397 0.990820 -0.107940
vn -0.079307 0.988584 -0.128107
vn -0.079307 0.988584 -0.128107
vn -0.076055 0.984705 -0.156755
vn -0.076055 0.984705 -0.156755
vn -0.073513 0.981668 -0.175853
vn -0.073513 0.981668 -0.175853
vn -0.069986 0.976718 -0.202789
vn -0.069986 0.976718 -0.202789
vn -0.060440 0.974727 -0.215067
vn -0.060440 0.974727 -0.215067
vn -0.051531 0.970849 -0.234087
vn -0.051531 0.970849 -0.234087
vn -0.042472 0.970723 -0.236416
vn -0.042472 0.970723 -0.236416
vn -0.036878 0.970444 -0.238493
vn -0.036878 0.970444 -0.238493
vn -0.038755 0.969377 -0.242501
vn -0.038755 0.969377 -0.242501
vn -0.032224 0.970735 -0.237982
vn -0.032224 0.970735 -0.237982
vn -0.028581 0.973762 -0.225765
vn -0.028581 0.973762 -0.225765
vn -0.024537 0.976403 -0.214559
vn -0.024537 0.976403 -0.214559
vn -0.028974 0.977877 -0.207165
vn -0.028974 0.977877 -0.207165
vn -0.020731 0.980768 -0.194074
vn -0.020731 0.980768 -0.194074
vn -0.022812 0.983566 -0.179104
vn -0.022812 0.983566 -0.179104
vn -0.010383 0.986427 -0.163873
vn -0.010383 0.986427 -0.163873
vn -0.007378 0.989865 -0.141824
vn -0.007378 0.989865 -0.141824
vn -0.002077 0.992012 -0.126126
vn -0.002077 0.992012 -0.126126
vn 0.001260 0.993899 -0.110286
vn 0.001260 0.993899 -0.110286
vn 0.008054 0.995051 -0.099039
vn 0.008054 0.995051 -0.099039
vn 0.005303 0.996412 -0.084465
vn 0.005303 0.996412 -0.084465
vn 0.003560 0.996758 -0.080378
vn 0.003560 0.996758 -0.080378
vn -0.003561 0.997761 -0.066792
vn -0.003561 0.997761 -0.066792
vn -0.007179 0.997885 -0.064611
vn -0.007179 0.997885 -0.064611
vn -0.011970 0.997978 -0.062421
vn -0.011970 0.997978 -0.062421
vn -0.014878 0.998463 -0.053386
vn -0.014878 0.998463 -0.053386
vn -0.009386 0.999215 -0.038482
vn -0.009386 0.999215 -0.038482
vn -0.006766 0.999502 -0.030823
vn -0.006766 0.999502 -0.030823
vn -0.004866 0.999719 -0.023206
vn -0.004866 0.999719 -0.023206
vn -0.004686 0.999719 -0.023242
vn -0.004686 0.999719 -0.023242
vn -0.003239 0.999875 -0.015448
vn -0.003239 0.999875 -0.015448
vn -0.003239 0.999875 -0.015448
vn -0.003239 0.999875 -0.015448
vn -0.003239 0.999875 -0.015448
vn -0.003239 0.999875 -0.015448
vn -0.003239 0.999875 -0.015448
vn -0.003239 0.999875 -0.015448
vn -0.003239 0.999875 -0.015448
vn -0.003239 0.999875 -0.015448
vn -0.003239 0.999875 -0.015448
vn -0.003239 0.999875 -0.015448
vn -0.001700 0.999968 -0.007743
vn -0.001700 0.999968 -0.007743
vn -0.001816 0.999969 -0.007702
vn -0.001816 0.999969 -0.007702
vn -0.007702 0.999969 0.001816
vn -0.007702 0.999969 0.001816
vn -0.015317 0.999875 0.003860
vn -0.015317 0.999875 0.003860
vn -0.030599 0.999498 0.008277
vn -0.030599 0.999498 0.008277
vn -0.043567 0.998825 0.021217
vn -0.043567 0.998825 0.021217
vn -0.055722 0.997883 0.033533
vn -0.055722 0.997883 0.033533
vn -0.069900 0.996732 0.040495
vn -0.069900 0.996732 0.040495
vn -0.076121 0.996041 0.045911
vn -0.076121 0.996041 0.045911
vn -0.084119 0.995413 0.045565
vn -0.084119 0.995413 0.045565
vn -0.091729 0.994650 0.047502
vn -0.091729 0.994650 0.047502
vn -0.085477 0.994662 0.057799
vn -0.085477 0.994662 0.057799
vn -0.074146 0.994666 0.071701
vn -0.074146 0.994666 0.071701
vn -0.062748 0.994697 0.081491
vn -0.062748 0.994697 0.081491
vn -0.051383 0.994714 0.088900
vn -0.051383 0.994714 0.088900
vn -0.041479 0.994675 0.094344
vn -0.041479 0.994675 0.094344
vn -0.032653 0.994655 0.097958
vn -0.032653 0.994655 0.097958
vn -0.023631 0.994684 0.100227
vn -0.023631 0.994684 0.100227
vn -0.015519 0.994653 0.102098
vn -0.015519 0.994653 0.102098
vn -0.007331 0.994693 0.102627
vn -0.007331 0.994693 0.102627
vn 0.000000 0.994720 0.102630
vn 0.000000 0.994720 0.102630
vn 0.008120 0.994720 0.102308
vn 0.008120 0.994720 0.102308
vn 0.017036 0.994699 0.101404
vn 0.017036 0.994699 0.101404
vn 0.026126 0.994684 0.099607
vn 0.026126 0.994684 0.099607
vn 0.036666 0.994692 0.096147
vn 0.036666 0.994692 0.096147
vn 0.039443 0.994700 0.094952
vn 0.039443 0.994700 0.094952
vn 0.044575 0.994639 0.093310
vn 0.044575 0.994639 0.093310
vn 0.046425 0.995305 0.084924
vn 0.046425 0.995305 0.084924
vn 0.047395 0.995859 0.077578
vn 0.047395 0.995859 0.077578
vn 0.045578 0.996249 0.073554
vn 0.045578 0.996249 0.073554
vn 0.040077 0.997534 0.057610
vn 0.040077 0.997534 0.057610
vn 0.028628 0.998396 0.048843
vn 0.028628 0.998396 0.048843
vn 0.018997 0.999235 0.034194
vn 0.018997 0.999235 0.034194
vn 0.005478 0.999598 0.027831
vn 0.005478 0.999598 0.027831
vn 0.001630 0.999845 0.017554
vn 0.001630 0.999845 0.017554
vn -0.002625 0.999969 0.007436
vn -0.002625 0.999969 0.007436
vn -0.002512 0.999969 0.007537
vn -0.002512 0.999969 0.007537
vn -0.002316 0.999969 0.007575
vn -0.002316 0.999969 0.007575
vn -0.002189 0.999969 0.007568
vn -0.002189 0.999969 0.007568
vn -0.002074 0.999968 0.007669
vn -0.002074 0.999968 0.007669
vn -0.001956 0.999968 0.007699
vn -0.001956 0.999968 0.007699
vn -0.001927 0.999969 0.007644
vn -0.001927 0.999969 0.007644
vn -0.001819 0.999969 0.007716
vn -0.001819 0.999969 0.007716
vn -0.001760 0.999969 0.007729
vn -0.001760 0.999969 0.007729
vn 0.000000 1.000000 -0.000000
vn 0.000000 1.000000 -0.000000
vn 0.000000 1.000000 -0.000000
vn 0.000000 1.000000 -0.000000
vn 0.000000 1.000000 -0.000000
vn 0.000000 1.000000 -0.000000
vn 0.000000 1.000000 -0.000000
vn 0.000000 1.000000 -0.000000
vn 0.000000 1.000000 -0.000000
vn 0.000000 1.000000 -0.000000
vn 0.000000 1.000000 -0.000000
vn 0.000000 1.000000 -0.000000
vn 0.000000 1.000000 -0.000000
vn 0.000000 1.000000 -0.000000
vn 0.000000 1.000000 -0.000000
vn 0.000000 1.000000 -0.000000
vn 0.000000 1.000000 -0.000000
vn 0.000000 1.000000 -0.000000
vn 0.000000 1.000000 -0.000000
vn 0.000000 1.000000 -0.000000
vn 0.000000 1.000000 -0.000000
vn 0.000000 1.000000 -0.000000
vn 0.000000 1.000000 -0.000000
vn 0.000000 1.000000 -0.000000
vn 0.000000 1.000000 -0.000000
vn 0.000000 1.000000 -0.000000
vn 0.000000 1.000000 -0.000000
vn 0.000000 1.000000 -0.000000
vn 0.000000 1.000000 -0.000000
vn 0.000000 1.000000 -0.000000
vn 0.000000 1.000000 -0.000000
vn 0.000000 1.000000 -0.000000
vn 0.000000 1.000000 -0.000000
vn 0.000000 1.000000 -0.000000
vn 0.000000 1.000000 -0.000000
vn 0.000000 1.000000 -0.000000
vn 0.000000 1.000000 -0.000000
vn 0.000000 1.000000 -0.000000
vn 0.000000 1.000000 -0.000000
vn 0.000000 1.000000 -0.000000
vn 0.000000 1.000000 -0.000000
vn 0.000000 1.000000 -0.000000
vn 0.000000 1.000000 -0.000000
vn 0.000000 1.000000 -0.000000
vn 0.000000 1.000000 -0.000000
vn 0.000000 1.000000 -0.000000
vn 0.000000 1.000000 -0.000000
vn 0.000000 1.000000 -0.000000
vn 0.000000 1.000000 -0.000000
vn 0.000000 1.000000 -0.000000
vn 0.000000 1.000000 -0.000000
vn 0.000000 1.000000 -0.000000
vn 0.000000 1.000000 -0.000000
vn 0.000000 1.000000 -0.000000
vn 0.000000 1.000000 -0.000000
vn 0.000000 1.000000 -0.000000
vn 0.000000 1.000000 -0.000000
vn 0.000000 1.000000 -0.000000
vn 0.000000 1.000000 -0.000000
vn 0.000000 1.000000 -0.000000
vn 0.000000 1.000000 -0.000000
vn 0.000000 1.000000 -0.000000
vn 0.000000 1.000000 -0.000000
vn 0.000000 1.000000 -0.000000
vn 0.000000 1.000000 -0.000000
vn 0.000000 1.000000 -0.000000
vn 0.000000 1.000000 -0.000000
vn 0.000000 1.000000 -0.000000
vn 0.000000 1.000000 -0.000000
vn 0.000000 1.000000 -0.000000
vn -0.030957 0.999496 -0.007047
vn -0.030957 0.999496 -0.007047
vn -0.029098 0.999464 -0.014986
vn -0.029098 0.999464 -0.014986
vn -0.023960 0.998958 -0.038841
vn -0.023960 0.998958 -0.038841
vn -0.030673 0.999497 -0.008045
vn -0.030673 0.999497 -0.008045
vn -0.045639 0.998872 -0.013093
vn -0.045639 0.998872 -0.013093
vn -0.045158 0.998877 -0.014300
vn -0.045158 0.998877 -0.014300
vn -0.044043 0.998873 -0.017692
vn -0.044043 0.998873 -0.017692
vn -0.042013 0.998859 -0.022710
vn -0.042013 0.998859 -0.022710
vn -0.038515 0.998867 -0.027942
vn -0.038515 0.998867 -0.027942
vn -0.027920 0.999211 -0.028233
vn -0.027920 0.999211 -0.028233
vn -0.026344 0.998872 -0.039516
vn -0.026344 0.998872 -0.039516
vn -0.017820 0.998857 -0.044360
vn -0.017820 0.998857 -0.044360
vn -0.008719 0.998856 -0.047008
vn -0.008719 0.998856 -0.047008
vn -0.000942 0.999217 -0.039547
vn -0.000942 0.999217 -0.039547
vn 0.004068 0.999214 -0.039425
vn 0.004068 0.999214 -0.039425
vn 0.009393 0.998870 -0.046590
vn 0.009393 0.998870 -0.046590
vn 0.003261 0.999201 -0.039823
vn 0.003261 0.999201 -0.039823
vn -0.017200 0.998775 -0.046389
vn -0.017200 0.998775 -0.046389
vn 0.015640 0.999219 -0.036285
vn 0.015640 0.999219 -0.036285
vn 0.017527 0.999221 -0.035367
vn 0.017527 0.999221 -0.035367
vn 0.000000 1.000000 0.000000
vn 0.000000 1.000000 0.000000
vn 0.000000 1.000000 0.000000
vn 0.000000 1.000000 0.000000
vn 0.000000 1.000000 0.000000
vn 0.000000 1.000000 0.000000
vn 0.000000 1.000000 0.000000
vn 0.000000 1.000000 0.000000
vn 0.000000 1.000000 0.000000
vn 0.000000 1.000000 0.000000
vn 0.000000 1.000000 0.000000
vn 0.000000 1.000000 0.000000
vn 0.000000 1.000000 0.000000
vn 0.000000 1.000000 0.000000
vn 0.000000 1.000000 0.000000
vn 0.000000 1.000000 0.000000
vn 0.000000 1.000000 0.000000
vn 0.000000 1.000000 0.000000
vn 0.000000 1.000000 0.000000
vn 0.000000 1.000000 0.000000
vn 0.000000 1.000000 0.000000
vn 0.000000 1.000000 0.000000
vn 0.000000 1.000000 0.000000
vn 0.000000 1.000000 0.000000
vn 0.000000 1.000000 0.000000
vn 0.000000 1.000000 0.000000
vn 0.000000 1.000000 0.000000
vn 0.000000 1.000000 0.000000
vn 0.000000 1.000000 0.000000
vn 0.000000 1.000000 0.000000
vn 0.000000 1.000000 0.000000
vn 0.000000 1.000000 0.000000
vn 0.000000 1.000000 0.000000
vn 0.000000 1.000000 0.000000
vn 0.000000 1.000000 0.000000
vn 0.000000 1.000000 0.000000
vn 0.000000 1.000000 0.000000
vn 0.000000 1.000000 0.000000
vn 0.000000 1.000000 0.000000
vn 0.000000 1.000000 0.000000
vn 0.000000 1.000000 0.000000
vn 0.000000 1.000000 0.000000
vn 0.000000 1.000000 0.000000
vn 0.000000 1.000000 0.000000
vn 0.000000 1.000000 0.000000
vn 0.000000 1.000000 0.000000
vn 0.000000 1.000000 0.000000
vn 0.000000 1.000000 0.000000
vn 0.000000 1.000000 0.000000
vn 0.000000 1.000000 0.000000
vn 0.000000 1.000000 0.000000
vn 0.000000 1.000000 0.000000
vn 0.000000 1.000000 0.000000
vn 0.000000 1.000000 0.000000
vn 0.000000 1.000000 0.000000
vn 0.000000 1.000000 0.000000
vn 0.000000 1.000000 0.000000
vn 0.000000 1.000000 0.000000
vn 0.000000 1.000000 0.000000
vn 0.000000 1.000000 0.000000
vn 0.000000 1.000000 0.000000
vn 0.000000 1.000000 0.000000
vn 0.000000 1.000000 0.000000
vn 0.000000 1.000000 0.000000
vn 0.000000 1.000000 0.000000
vn 0.000000 1.000000 0.000000
vn 0.000000 1.000000 0.000000
vn 0.000000 1.000000 0.000000
vn 0.000000 1.000000 0.000000
vn 0.000000 1.000000 0.000000
vn 0.000000 1.000000 0.000000
vn 0.000000 1.000000 0.000000
vn 0.000000 1.000000 0.000000
vn 0.000000 1.000000 0.000000
vn 0.000000 1.000000 0.000000
vn 0.000000 1.000000 0.000000
vn 0.000000 1.000000 0.000000
vn 0.000000 1.000000 0.000000
vn 0.000000 1.000000 0.000000
vn 0.000000 1.000000 0.000000
vn 0.000000 1.000000 0.000000
vn 0.000000 1.000000 0.000000
vn 0.000000 1.000000 0.000000
vn 0.000000 1.000000 0.000000
vn 0.000000 1.000000 0.000000
vn 0.000000 1.000000 0.000000
vn 0.000000 1.000000 0.000000
vn 0.000000 1.000000 0.000000
vn 0.000000 1.000000 0.000000
vn 0.000000 1.000000 0.000000
vn 0.000000 1.000000 0.000000
vn 0.000000 1.000000 0.000000
vn 0.000000 1.000000 0.000000
vn 0.000000 1.000000 0.000000
vn 0.000000 1.000000 0.000000
vn 0.000000 1.000000 0.000000
vn 0.000000 1.000000 0.000000
vn 0.000000 1.000000 0.000000
vn 0.000000 1.000000 0.000000
vn 0.000000 1.000000 0.000000
vn 0.000000 1.000000 0.000000
vn 0.000000 1.000000 0.000000
vn 0.000000 1.000000 0.000000
vn 0.000000 1.000000 0.000000
vn 0.000000 1.000000 0.000000
vn 0.000000 1.000000 0.000000
vn 0.000000 1.000000 0.000000
vn 0.000000 1.000000 0.000000
vn 0.000000 1.000000 0.000000
vn 0.000000 1.000000 0.000000
vn 0.000000 1.000000 0.000000
vn 0.000000 1.000000 0.000000
vn 0.000000 1.000000 0.000000
vn 0.000000 1.000000 0.000000
vn 0.000000 1.000000 0.000000
vn 0.000000 1.000000 0.000000
vn 0.000000 1.000000 0.000000
vn 0.000000 1.000000 0.000000
vn 0.000000 1.000000 0.000000
vn 0.000000 1.000000 0.000000
vn 0.000000 1.000000 0.000000
vn 0.000000 1.000000 0.000000
vn 0.000000 1.000000 0.000000
vn 0.000000 1.000000 0.000000
vn 0.000000 1.000000 0.000000
vn 0.000000 1.000000 0.000000
vn 0.000000 1.000000 0.000000
vn 0.000000 1.000000 0.000000
vn 0.000000 1.000000 0.000000
vn 0.000000 1.000000 0.000000
vn 0.000000 1.000000 0.000000
vn 0.000000 1.000000 0.000000
vn 0.000000 1.000000 0.000000
vn 0.000000 1.000000 0.000000
vn 0.000000 1.000000 0.000000
vn 0.000000 1.000000 0.000000
vn 0.000000 1.000000 0.000000
vn 0.000000 1.000000 0.000000
vn 0.000000 1.000000 0.000000
vn 0.000000 1.000000 0.000000
vn 0.000000 1.000000 0.000000
vn 0.000000 1.000000 0.000000
f 1/1/1 3/3/3 2/2/2
f 2/2/2 3/3/3 4/4/4
f 3/3/3 5/5/5 4/4/4
f 4/4/4 5/5/5 6/6/6
f 5/5/5 7/7/7 6/6/6
f 6/6/6 7/7/7 8/8/8
f 7/7/7 9/9/9 8/8/8
f 8/8/8 9/9/9 10/10/10
f 9/9/9 11/11/11 10/10/10
f 10/10/10 11/11/11 12/12/12
f 11/11/11 13/13/13 12/12/12
f 12/12/12 13/13/13 14/14/14
f 13/13/13 15/15/15 14/14/14
f 14/14/14 15/15/15 16/16/16
f 15/15/15 17/17/17 16/16/16
f 16/16/16 17/17/17 18/18/18
f 17/17/17 19/19/19 18/18/18
f 18/18/18 19/19/19 20/20/20
f 19/19/19 21/21/21 20/20/20
f 20/20/20 21/21/21 22/22/22
f 21/21/21 23/23/23 22/22/22
f 22/22/22 23/23/23 24/24/24
f 23/23/23 25/25/25 24/24/24
f 24/24/24 25/25/25 26/26/26
f 25/25/25 27/27/27 26/26/26
f 26/26/26 27/27/27 28/28/28
f 27/27/27 29/29/29 28/28/28
f 28/28/28 29/29/29 30/30/30
f 29/29/29 31/31/31 30/30/30
f 30/30/30 31/31/31 32/32/32
f 31/31/31 33/33/33 32/32/32
f 32/32/32 33/33/33 34/34/34
f 33/33/33 35/35/35 34/34/34
f 34/34/34 35/35/35 36/36/36
f 35/35/35 37/37/37 36/36/36
f 36/36/36 37/37/37 38/38/38
f 37/37/37 39/39/39 38/38/38
f 38/38/38 39/39/39 40/40/40
f 39/39/39 41/41/41 40/40/40
f 40/40/40 41/41/41 42/42/42
f 41/41/41 43/43/43 42/42/42
f 42/42/42 43/43/43 44/44/44
f 43/43/43 45/45/45 44/44/44
f 44/44/44 45/45/45 46/46/46
f 45/45/45 47/47/47 46/46/46
f 46/46/46 47/47/47 48/48/48
f 47/47/47 49/49/49 48/48/48
f 48/48/48 49/49/49 50/50/50
f 49/49/49 51/51/51 50/50/50
f 50/50/50 51/51/51 52/52/52
f 51/51/51 53/53/53 52/52/52
f 52/52/52 53/53/53 54/54/54
f 53/53/53 55/55/55 54/54/54
f 54/54/54 55/55/55 56/56/56
f 55/55/55 57/57/57 56/56/56
f 56/56/56 57/57/57 58/58/58
f 57/57/57 59/59/59 58/58/58
f 58/58/58 59/59/59 60/60/60
f 59/59/59 61/61/61 60/60/60
f 60/60/60 61/61/61 62/62/62
f 61/61/61 63/63/63 62/62/62
f 62/62/62 63/63/63 64/64/64
f 63/63/63 65/65/65 64/64/64
f 64/64/64 65/65/65 66/66/66
f 65/65/65 67/67/67 66/66/66
f 66/66/66 67/67/67 68/68/68
f 67/67/67 69/69/69 68/68/68
f 68/68/68 69/69/69 70/70/70
f 69/69/69 71/71/71 70/70/70
f 70/70/70 71/71/71 72/72/72
f 71/71/71 73/73/73 72/72/72
f 72/72/72 73/73/73 74/74/74
f 73/73/73 75/75/75 74/74/74
f 74/74/74 75/75/75 76/76/76
f 75/75/75 77/77/77 76/76/76
f 76/76/76 77/77/77 78/78/78
f 77/77/77 79/79/79 78/78/78
f 78/78/78 79/79/79 80/80/80
f 79/79/79 81/81/81 80/80/80
f 80/80/80 81/81/81 82/82/82
f 81/81/81 83/83/83 82/82/82
f 82/82/82 83/83/83 84/84/84
f 83/83/83 85/85/85 84/84/84
f 84/84/84 85/85/85 86/86/86
f 85/85/85 87/87/87 86/86/86
f 86/86/86 87/87/87 88/88/88
f 87/87/87 89/89/89 88/88/88
f 88/88/88 89/89/89 90/90/90
f 89/89/89 91/91/91 90/90/90
f 90/90/90 91/91/91 92/92/92
f 91/91/91 93/93/93 92/92/92
f 92/92/92 93/93/93 94/94/94
f 93/93/93 95/95/95 94/94/94
f 94/94/94 95/95/95 96/96/96
f 95/95/95 97/97/97 96/96/96
f 96/96/96 97/97/97 98/98/98
f 97/97/97 99/99/99 98/98/98
f 98/98/98 99/99/99 100/100/100
f 99/99/99 101/101/101 100/100/100
f 100/100/100 101/101/101 102/102/102
f 101/101/101 103/103/103 102/102/102
f 102/102/102 103/103/103 104/104/104
f 103/103/103 105/105/105 104/104/104
f 104/104/104 105/105/105 106/106/106
f 105/105/105 107/107/107 106/106/106
f 106/106/106 107/107/107 108/108/108
f 107/107/107 109/109/109 108/108/108
f 108/108/108 109/109/109 110/110/110
f 109/109/109 111/111/111 110/110/110
f 110/110/110 111/111/111 112/112/112
f 111/111/111 113/113/113 112/112/112
f 112/112/112 113/113/113 114/114/114
f 113/113/113 115/115/115 114/114/114
f 114/114/114 115/115/115 116/116/116
f 115/115/115 117/117/117 116/116/116
f 116/116/116 117/117/117 118/118/118
f 117/117/117 119/119/119 118/118/118
f 118/118/118 119/119/119 120/120/120
f 119/119/119 121/121/121 120/120/120
f 120/120/120 121/121/121 122/122/122
f 121/121/121 123/123/123 122/122/122
f 122/122/122 123/123/123 124/124/124
f 123/123/123 125/125/125 124/124/124
f 124/124/124 125/125/125 126/126/126
f 125/125/125 127/127/127 126/126/126
f 126/126/126 127/127/127 128/128/128
f 127/127/127 129/129/129 128/128/128
f 128/128/128 129/129/129 130/130/130
f 129/129/129 131/131/131 130/130/130
f 130/130/130 131/131/131 132/132/132
f 131/131/131 133/133/133 132/132/132
f 132/132/132 133/133/133 134/134/134
f 133/133/133 135/135/135 134/134/134
f 134/134/134 135/135/135 136/136/136
f 135/135/135 137/137/137 136/136/136
f 136/136/136 137/137/137 138/138/138
f 137/137/137 139/139/139 138/138/138
f 138/138/138 139/139/139 140/140/140
f 139/139/139 141/141/141 140/140/140
f 140/140/140 141/141/141 142/142/142
f 141/141/141 143/143/143 142/142/142
f 142/142/142 143/143/143 144/144/144
f 143/143/143 145/145/145 144/144/144
f 144/144/144 145/145/145 146/146/146
f 145/145/145 147/147/147 146/146/146
f 146/146/146 147/147/147 148/148/148
f 147/147/147 149/149/149 148/148/148
f 148/148/148 149/149/149 150/150/150
f 149/149/149 151/151/151 150/150/150
f 150/150/150 151/151/151 152/152/152
f 151/151/151 153/153/153 152/152/152
f 152/152/152 153/153/153 154/154/154
f 153/153/153 155/155/155 154/154/154
f 154/154/154 155/155/155 156/156/156
f 155/155/155 157/157/157 156/156/156
f 156/156/156 157/157/157 158/158/158
f 157/157/157 159/159/159 158/158/158
f 158/158/158 159/159/159 160/160/160
f 159/159/159 161/161/161 160/160/160
f 160/160/160 161/161/161 162/162/162
f 161/161/161 163/163/163 162/162/162
f 162/162/162 163/163/163 164/164/164
f 163/163/163 165/165/165 164/164/164
f 164/164/164 165/165/165 166/166/166
f 165/165/165 167/167/167 166/166/166
f 166/166/166 167/167/167 168/168/168
f 167/167/167 169/169/169 168/168/168
f 168/168/168 169/169/169 170/170/170
f 169/169/169 171/171/171 170/170/170
f 170/170/170 171/171/171 172/172/172
f 171/171/171 173/173/173 172/172/172
f 172/172/172 173/173/173 174/174/174
f 173/173/173 175/175/175 174/174/174
f 174/174/174 175/175/175 176/176/176
f 175/175/175 177/177/177 176/176/176
f 176/176/176 177/177/177 178/178/178
f 177/177/177 179/179/179 178/178/178
f 178/178/178 179/179/179 180/180/180
f 179/179/179 181/181/181 180/180/180
f 180/180/180 181/181/181 182/182/182
f 181/181/181 183/183/183 182/182/182
f 182/182/182 183/183/183 184/184/184
f 183/183/183 185/185/185 184/184/184
f 184/184/184 185/185/185 186/186/186
f 185/185/185 187/187/187 186/186/186
f 186/186/186 187/187/187 188/188/188
f 187/187/187 189/189/189 188/188/188
f 188/188/188 189/189/189 190/190/190
f 189/189/189 191/191/191 190/190/190
f 190/190/190 191/191/191 192/192/192
f 191/191/191 193/193/193 192/192/192
f 192/192/192 193/193/193 194/194/194
f 193/193/193 195/195/195 194/194/194
f 194/194/194 195/195/195 196/196/196
f 195/195/195 197/197/197 196/196/196
f 196/196/196 197/197/197 198/198/198
f 197/197/197 199/199/199 198/198/198
f 198/198/198 199/199/199 200/200/200
f 199/199/199 201/201/201 200/200/200
f 200/200/200 201/201/201 202/202/202
f 201/201/201 203/203/203 202/202/202
f 202/202/202 203/203/203 204/204/204
f 203/203/203 205/205/205 204/204/204
f 204/204/204 205/205/205 206/206/206
f 205/205/205 207/207/207 206/206/206
f 206/206/206 207/207/207 208/208/208
f 207/207/207 209/209/209 208/208/208
f 208/208/208 209/209/209 210/210/210
f 209/209/209 211/211/211 210/210/210
f 210/210/210 211/211/211 212/212/212
f 211/211/211 213/213/213 212/212/212
f 212/212/212 213/213/213 214/214/214
f 213/213/213 215/215/215 214/214/214
f 214/214/214 215/215/215 216/216/216
f 215/215/215 217/217/217 216/216/216
f 216/216/216 217/217/217 218/218/218
f 217/217/217 219/219/219 218/218/218
f 218/218/218 219/219/219 220/220/220
f 219/219/219 221/221/221 220/220/220
f 220/220/220 221/221/221 222/222/222
f 221/221/221 223/223/223 222/222/222
f 222/222/222 223/223/223 224/224/224
f 223/223/223 225/225/225 224/224/224
f 224/224/224 225/225/225 226/226/226
f 225/225/225 227/227/227 226/226/226
f 226/226/226 227/227/227 228/228/228
f 227/227/227 229/229/229 228/228/228
f 228/228/228 229/229/229 230/230/230
f 229/229/229 231/231/231 230/230/230
f 230/230/230 231/231/231 232/232/232
f 231/231/231 233/233/233 232/232/232
f 232/232/232 233/233/233 234/234/234
f 233/233/233 235/235/235 234/234/234
f 234/234/234 235/235/235 236/236/236
f 235/235/235 237/237/237 236/236/236
f 236/236/236 237/237/237 238/238/238
f 237/237/237 239/239/239 238/238/238
f 238/238/238 239/239/239 240/240/240
f 239/239/239 241/241/241 240/240/240
f 240/240/240 241/241/241 242/242/242
f 241/241/241 243/243/243 242/242/242
f 242/242/242 243/243/243 244/244/244
f 243/243/243 245/245/245 244/244/244
f 244/244/244 245/245/245 246/246/246
f 245/245/245 247/247/247 246/246/246
f 246/246/246 247/247/247 248/248/248
f 247/247/247 249/249/249 248/248/248
f 248/248/248 249/249/249 250/250/250
f 249/249/249 251/251/251 250/250/250
f 250/250/250 251/251/251 252/252/252
f 251/251/251 253/253/253 252/252/252
f 252/252/252 253/253/253 254/254/254
f 253/253/253 255/255/255 254/254/254
f 254/254/254 255/255/255 256/256/256
f 255/255/255 257/257/257 256/256/256
f 256/256/256 257/257/257 258/258/258
f 257/257/257 259/259/259 258/258/258
f 258/258/258 259/259/259 260/260/260
f 259/259/259 261/261/261 260/260/260
f 260/260/260 261/261/261 262/262/262
f 261/261/261 263/263/263 262/262/262
f 262/262/262 263/263/263 264/264/264
f 263/263/263 265/265/265 264/264/264
f 264/264/264 265/265/265 266/266/266
f 265/265/265 267/267/267 266/266/266
f 266/266/266 267/267/267 268/268/268
f 267/267/267 269/269/269 268/268/268
f 268/268/268 269/269/269 270/270/270
f 269/269/269 271/271/271 270/270/270
f 270/270/270 271/271/271 272/272/272
f 271/271/271 273/273/273 272/272/272
f 272/272/272 273/273/273 274/274/274
f 273/273/273 275/275/275 274/274/274
f 274/274/274 275/275/275 276/276/276
f 275/275/275 277/277/277 276/276/276
f 276/276/276 277/277/277 278/278/278
f 277/277/277 279/279/279 278/278/278
f 278/278/278 279/279/279 280/280/280
f 279/279/279 281/281/281 280/280/280
f 280/280/280 281/281/281 282/282/282
f 281/281/281 283/283/283 282/282/282
f 282/282/282 283/283/283 284/284/284
f 283/283/283 285/285/285 284/284/284
f 284/284/284 285/285/285 286/286/286
f 285/285/285 287/287/287 286/286/286
f 286/286/286 287/287/287 288/288/288
f 287/287/287 289/289/289 288/288/288
f 288/288/288 289/289/289 290/290/290
f 289/289/289 291/291/291 290/290/290
f 290/290/290 291/291/291 292/292/292
f 291/291/291 293/293/293 292/292/292
f 292/292/292 293/293/293 294/294/294
f 293/293/293 295/295/295 294/294/294
f 294/294/294 295/295/295 296/296/296
f 295/295/295 297/297/297 296/296/296
f 296/296/296 297/297/297 298/298/298
f 297/297/297 299/299/299 298/298/298
f 298/298/298 299/299/299 300/300/300
f 299/299/299 301/301/301 300/300/300
f 300/300/300 301/301/301 302/302/302
f 301/301/301 303/303/303 302/302/302
f 302/302/302 303/303/303 304/304/304
f 303/303/303 305/305/305 304/304/304
f 304/304/304 305/305/305 306/306/306
f 305/305/305 307/307/307 306/306/306
f 306/306/306 307/307/307 308/308/308
f 307/307/307 309/309/309 308/308/308
f 308/308/308 309/309/309 310/310/310
f 309/309/309 311/311/311 310/310/310
f 310/310/310 311/311/311 312/312/312
f 311/311/311 313/313/313 312/312/312
f 312/312/312 313/313/313 314/314/314
f 313/313/313 315/315/315 314/314/314
f 314/314/314 315/315/315 316/316/316
f 315/315/315 317/317/317 316/316/316
f 316/316/316 317/317/317 318/318/318
f 317/317/317 319/319/319 318/318/318
f 318/318/318 319/319/319 320/320/320
f 319/319/319 321/321/321 320/320/320
f 320/320/320 321/321/321 322/322/322
f 321/321/321 323/323/323 322/322/322
f 322/322/322 323/323/323 324/324/324
f 323/323/323 325/325/325 324/324/324
f 324/324/324 325/325/325 326/326/326
f 325/325/325 327/327/327 326/326/326
f 326/326/326 327/327/327 328/328/328
f 327/327/327 329/329/329 328/328/328
f 328/328/328 329/329/329 330/330/330
f 329/329/329 331/331/331 330/330/330
f 330/330/330 331/331/331 332/332/332
f 331/331/331 333/333/333 332/332/332
f 332/332/332 333/333/333 334/334/334
f 333/333/333 335/335/335 334/334/334
f 334/334/334 335/335/335 336/336/336
f 335/335/335 337/337/337 336/336/336
f 336/336/336 337/337/337 338/338/338
f 337/337/337 339/339/339 338/338/338
f 338/338/338 339/339/339 340/340/340
f 339/339/339 341/341/341 340/340/340
f 340/340/340 341/341/341 342/342/342
f 341/341/341 343/343/343 342/342/342
f 342/342/342 343/343/343 344/344/344
f 343/343/343 345/345/345 344/344/344
f 344/344/344 345/345/345 346/346/346
f 345/345/345 347/347/347 346/346/346
f 346/346/346 347/347/347 348/348/348
f 347/347/347 349/349/349 348/348/348
f 348/348/348 349/349/349 350/350/350
f 349/349/349 351/351/351 350/350/350
f 350/350/350 351/351/351 352/352/352
f 351/351/351 353/353/353 352/352/352
f 352/352/352 353/353/353 354/354/354
f 353/353/353 355/355/355 354/354/354
f 354/354/354 355/355/355 356/356/356
f 355/355/355 357/357/357 356/356/356
f 356/356/356 357/357/357 358/358/358
f 357/357/357 359/359/359 358/358/358
f 358/358/358 359/359/359 360/360/360
f 359/359/359 361/361/361 360/360/360
f 360/360/360 361/361/361 362/362/362
f 361/361/361 363/363/363 362/362/362
f 362/362/362 363/363/363 364/364/364
f 363/363/363 365/365/365 364/364/364
f 364/364/364 365/365/365 366/366/366
f 365/365/365 367/367/367 366/366/366
f 366/366/366 367/367/367 368/368/368
f 367/367/367 369/369/369 368/368/368
f 368/368/368 369/369/369 370/370/370
f 369/369/369 371/371/371 370/370/370
f 370/370/370 371/371/371 372/372/372
f 371/371/371 373/373/373 372/372/372
f 372/372/372 373/373/373 374/374/374
f 373/373/373 375/375/375 374/374/374
f 374/374/374 375/375/375 376/376/376
f 375/375/375 377/377/377 376/376/376
f 376/376/376 377/377/377 378/378/378
f 377/377/377 379/379/379 378/378/378
f 378/378/378 379/379/379 380/380/380
f 379/379/379 381/381/381 380/380/380
f 380/380/380 381/381/381 382/382/382
f 381/381/381 383/383/383 382/382/382
f 382/382/382 383/383/383 384/384/384
f 383/383/383 385/385/385 384/384/384
f 384/384/384 385/385/385 386/386/386
f 385/385/385 387/387/387 386/386/386
f 386/386/386 387/387/387 388/388/388
f 387/387/387 389/389/389 388/388/388
f 388/388/388 389/389/389 390/390/390
f 389/389/389 391/391/391 390/390/390
f 390/390/390 391/391/391 392/392/392
f 391/391/391 393/393/393 392/392/392
f 392/392/392 393/393/393 394/394/394
f 393/393/393 395/395/395 394/394/394
f 394/394/394 395/395/395 396/396/396
f 395/395/395 397/397/397 396/396/396
f 396/396/396 397/397/397 398/398/398
f 397/397/397 399/399/399 398/398/398
f 398/398/398 399/399/399 400/400/400
f 399/399/399 401/401/401 400/400/400
f 400/400/400 401/401/401 402/402/402
f 401/401/401 403/403/403 402/402/402
f 402/402/402 403/403/403 404/404/404
f 403/403/403 405/405/405 404/404/404
f 404/404/404 405/405/405 406/406/406
f 405/405/405 407/407/407 406/406/406
f 406/406/406 407/407/407 408/408/408
f 407/407/407 409/409/409 408/408/408
f 408/408/408 409/409/409 410/410/410
f 409/409/409 411/411/411 410/410/410
f 410/410/410 411/411/411 412/412/412
f 411/411/411 413/413/413 412/412/412
f 412/412/412 413/413/413 414/414/414
f 413/413/413 415/415/415 414/414/414
f 414/414/414 415/415/415 416/416/416
f 415/415/415 417/417/417 416/416/416
f 416/416/416 417/417/417 418/418/418
f 417/417/417 419/419/419 418/418/418
f 418/418/418 419/419/419 420/420/420
f 419/419/419 421/421/421 420/420/420
f 420/420/420 421/421/421 422/422/422
f 421/421/421 423/423/423 422/422/422
f 422/422/422 423/423/423 424/424/424
f 423/423/423 425/425/425 424/424/424
f 424/424/424 425/425/425 426/426/426
f 425/425/425 427/427/427 426/426/426
f 426/426/426 427/427/427 428/428/428
f 427/427/427 429/429/429 428/428/428
f 428/428/428 429/429/429 430/430/430
f 429/429/429 431/431/431 430/430/430
f 430/430/430 431/431/431 432/432/432
f 431/431/431 433/433/433 432/432/432
f 432/432/432 433/433/433 434/434/434
f 433/433/433 435/435/435 434/434/434
f 434/434/434 435/435/435 436/436/436
f 435/435/435 437/437/437 436/436/436
f 436/436/436 437/437/437 438/438/438
f 437/437/437 439/439/439 438/438/438
f 438/438/438 439/439/439 440/440/440
f 439/439/439 441/441/441 440/440/440
f 440/440/440 441/441/441 442/442/442
f 441/441/441 443/443/443 442/442/442
f 442/442/442 443/443/443 444/444/444
f 443/443/443 445/445/445 444/444/444
f 444/444/444 445/445/445 446/446/446
f 445/445/445 447/447/447 446/446/446
f 446/446/446 447/447/447 448/448/448
f 447/447/447 449/449/449 448/448/448
f 448/448/448 449/449/449 450/450/450
f 449/449/449 451/451/451 450/450/450
f 450/450/450 451/451/451 452/452/452
f 451/451/451 453/453/453 452/452/452
f 452/452/452 453/453/453 454/454/454
f 453/453/453 455/455/455 454/454/454
f 454/454/454 455/455/455 456/456/456
f 455/455/455 457/457/457 456/456/456
f 456/456/456 457/457/457 458/458/458
f 457/457/457 459/459/459 458/458/458
f 458/458/458 459/459/459 460/460/460
f 459/459/459 461/461/461 460/460/460
f 460/460/460 461/461/461 462/462/462
f 461/461/461 463/463/463 462/462/462
f 462/462/462 463/463/463 464/464/464
f 463/463/463 465/465/465 464/464/464
f 464/464/464 465/465/465 466/466/466
f 465/465/465 467/467/467 466/466/466
f 466/466/466 467/467/467 468/468/468
f 467/467/467 469/469/469 468/468/468
f 468/468/468 469/469/469 470/470/470
f 469/469/469 471/471/471 470/470/470
f 470/470/470 471/471/471 472/472/472
f 471/471/471 473/473/473 472/472/472
f 472/472/472 473/473/473 474/474/474
f 473/473/473 475/475/475 474/474/474
f 474/474/474 475/475/475 476/476/476
f 475/475/475 477/477/477 476/476/476
f 476/476/476 477/477/477 478/478/478
f 477/477/477 479/479/479 478/478/478
f 478/478/478 479/479/479 480/480/480
f 479/479/479 481/481/481 480/480/480
f 480/480/480 481/481/481 482/482/482
f 481/481/481 483/483/483 482/482/482
f 482/482/482 483/483/483 484/484/484
f 483/483/483 485/485/485 484/484/484
f 484/484/484 485/485/485 486/486/486
f 485/485/485 487/487/487 486/486/486
f 486/486/486 487/487/487 488/488/488
f 487/487/487 489/489/489 488/488/488
f 488/488/488 489/489/489 490/490/490
f 489/489/489 491/491/491 490/490/490
f 490/490/490 491/491/491 492/492/492
f 491/491/491 493/493/493 492/492/492
f 492/492/492 493/493/493 494/494/494
f 493/493/493 495/495/495 494/494/494
f 494/494/494 495/495/495 496/496/496
f 495/495/495 497/497/497 496/496/496
f 496/496/496 497/497/497 498/498/498
f 497/497/497 499/499/499 498/498/498
f 498/498/498 499/499/499 500/500/500
f 499/499/499 501/501/501 500/500/500
f 500/500/500 501/501/501 502/502/502
f 501/501/501 503/503/503 502/502/502
f 502/502/502 503/503/503 504/504/504
f 503/503/503 505/505/505 504/504/504
f 504/504/504 505/505/505 506/506/506
f 505/505/505 507/507/507 506/506/506
f 506/506/506 507/507/507 508/508/508
f 507/507/507 509/509/509 508/508/508
f 508/508/508 509/509/509 510/510/510
f 509/509/509 511/511/511 510/510/510
f 510/510/510 511/511/511 512/512/512
f 511/511/511 513/513/513 512/512/512
f 512/512/512 513/513/513 514/514/514
f 513/513/513 515/515/515 514/514/514
f 514/514/514 515/515/515 516/516/516
f 515/515/515 517/517/517 516/516/516
f 516/516/516 517/517/517 518/518/518
f 517/517/517 519/519/519 518/518/518
f 518/518/518 519/519/519 520/520/520
f 519/519/519 521/521/521 520/520/520
f 520/520/520 521/521/521 522/522/522
f 521/521/521 523/523/523 522/522/522
f 522/522/522 523/523/523 524/524/524
f 523/523/523 525/525/525 524/524/524
f 524/524/524 525/525/525 526/526/526
f 525/525/525 527/527/527 526/526/526
f 526/526/526 527/527/527 528/528/528
f 527/527/527 529/529/529 528/528/528
f 528/528/528 529/529/529 530/530/530
f 529/529/529 531/531/531 530/530/530
f 530/530/530 531/531/531 532/532/532
f 531/531/531 533/533/533 532/532/532
f 532/532/532 533/533/533 534/534/534
f 533/533/533 535/535/535 534/534/534
f 534/534/534 535/535/535 536/536/536
f 535/535/535 537/537/537 536/536/536
f 536/536/536 537/537/537 538/538/538
f 537/537/537 539/539/539 538/538/538
f 538/538/538 539/539/539 540/540/540
f 539/539/539 541/541/541 540/540/540
f 540/540/540 541/541/541 542/542/542
f 541/541/541 543/543/543 542/542/542
f 542/542/542 543/543/543 544/544/544
f 543/543/543 545/545/545 544/544/544
f 544/544/544 545/545/545 546/546/546
f 545/545/545 547/547/547 546/546/546
f 546/546/546 547/547/547 548/548/548
f 547/547/547 549/549/549 548/548/548
f 548/548/548 549/549/549 550/550/550
f 549/549/549 551/551/551 550/550/550
f 550/550/550 551/551/551 552/552/552
f 551/551/551 553/553/553 552/552/552
f 552/552/552 553/553/553 554/554/554
f 553/553/553 555/555/555 554/554/554
f 554/554/554 555/555/555 556/556/556
f 555/555/555 557/557/557 556/556/556
f 556/556/556 557/557/557 558/558/558
f 557/557/557 559/559/559 558/558/558
f 558/558/558 559/559/559 560/560/560
f 559/559/559 561/561/561 560/560/560
f 560/560/560 561/561/561 562/562/562
f 561/561/561 563/563/563 562/562/562
f 562/562/562 563/563/563 564/564/564
f 563/563/563 565/565/565 564/564/564
f 564/564/564 565/565/565 566/566/566
f 565/565/565 567/567/567 566/566/566
f 566/566/566 567/567/567 568/568/568
f 567/567/567 569/569/569 568/568/568
f 568/568/568 569/569/569 570/570/570
f 569/569/569 571/571/571 570/570/570
f 570/570/570 571/571/571 572/572/572
f 571/571/571 573/573/573 572/572/572
f 572/572/572 573/573/573 574/574/574
f 573/573/573 575/575/575 574/574/574
f 574/574/574 575/575/575 576/576/576
f 575/575/575 577/577/577 576/576/576
f 576/576/576 577/577/577 578/578/578
f 577/577/577 579/579/579 578/578/578
f 578/578/578 579/579/579 580/580/580
f 579/579/579 581/581/581 580/580/580
f 580/580/580 581/581/581 582/582/582
f 581/581/581 583/583/583 582/582/582
f 582/582/582 583/583/583 584/584/584
f 583/583/583 585/585/585 584/584/584
f 584/584/584 585/585/585 586/586/586
f 585/585/585 587/587/587 586/586/586
f 586/586/586 587/587/587 588/588/588
f 587/587/587 589/589/589 588/588/588
f 588/588/588 589/589/589 590/590/590
f 589/589/589 591/591/591 590/590/590
f 590/590/590 591/591/591 592/592/592
f 591/591/591 593/593/593 592/592/592
f 592/592/592 593/593/593 594/594/594
f 593/593/593 595/595/595 594/594/594
f 594/594/594 595/595/595 596/596/596
f 595/595/595 597/597/597 596/596/596
f 596/596/596 597/597/597 598/598/598
f 597/597/597 599/599/599 598/598/598
f 598/598/598 599/599/599 600/600/600
f 599/599/599 601/601/601 600/600/600
f 600/600/600 601/601/601 602/602/602
f 601/601/601 603/603/603 602/602/602
f 602/602/602 603/603/603 604/604/604
f 603/603/603 605/605/605 604/604/604
f 604/604/604 605/605/605 606/606/606
f 605/605/605 607/607/607 606/606/606
f 606/606/606 607/607/607 608/608/608
f 607/607/607 609/609/609 608/608/608
f 608/608/608 609/609/609 610/610/610
f 609/609/609 611/611/611 610/610/610
f 610/610/610 611/611/611 612/612/612
f 611/611/611 613/613/613 612/612/612
f 612/612/612 613/613/613 614/614/614
f 613/613/613 615/615/615 614/614/614
f 614/614/614 615/615/615 616/616/616
f 615/615/615 617/617/617 616/616/616
f 616/616/616 617/617/617 618/618/618
f 617/617/617 619/619/619 618/618/618
f 618/618/618 619/619/619 620/620/620
f 619/619/619 621/621/621 620/620/620
f 620/620/620 621/621/621 622/622/622
f 621/621/621 623/623/623 622/622/622
f 622/622/622 623/623/623 624/624/624
f 623/623/623 625/625/625 624/624/624
f 624/624/624 625/625/625 626/626/626
f 625/625/625 627/627/627 626/626/626
f 626/626/626 627/627/627 628/628/628
f 627/627/627 629/629/629 628/628/628
f 628/628/628 629/629/629 630/630/630
f 629/629/629 631/631/631 630/630/630
f 630/630/630 631/631/631 632/632/632
f 631/631/631 633/633/633 632/632/632
f 632/632/632 633/633/633 634/634/634
f 633/633/633 635/635/635 634/634/634
f 634/634/634 635/635/635 636/636/636
f 635/635/635 637/637/637 636/636/636
f 636/636/636 637/637/637 638/638/638
f 637/637/637 639/639/639 638/638/638
f 638/638/638 639/639/639 640/640/640
f 639/639/639 641/641/641 640/640/640
f 640/640/640 641/641/641 642/642/642
f 641/641/641 643/643/643 642/642/642
f 642/642/642 643/643/643 644/644/644
f 643/643/643 645/645/645 644/644/644
f 644/644/644 645/645/645 646/646/646
f 645/645/645 647/647/647 646/646/646
f 646/646/646 647/647/647 648/648/648
f 647/647/647 649/649/649 648/648/648
f 648/648/648 649/649/649 650/650/650
f 649/649/649 651/651/651 650/650/650
f 650/650/650 651/651/651 652/652/652
f 651/651/651 653/653/653 652/652/652
f 652/652/652 653/653/653 654/654/654
f 653/653/653 655/655/655 654/654/654
f 654/654/654 655/655/655 656/656/656
f 655/655/655 657/657/657 656/656/656
f 656/656/656 657/657/657 658/658/658
f 657/657/657 659/659/659 658/658/658
f 658/658/658 659/659/659 660/660/660
f 659/659/659 661/661/661 660/660/660
f 660/660/660 661/661/661 662/662/662
f 661/661/661 663/663/663 662/662/662
f 662/662/662 663/663/663 664/664/664
f 663/663/663 665/665/665 664/664/664
f 664/664/664 665/665/665 666/666/666
f 665/665/665 667/667/667 666/666/666
f 666/666/666 667/667/667 668/668/668
f 667/667/667 669/669/669 668/668/668
f 668/668/668 669/669/669 670/670/670
f 669/669/669 671/671/671 670/670/670
f 670/670/670 671/671/671 672/672/672
f 671/671/671 673/673/673 672/672/672
f 672/672/672 673/673/673 674/674/674
f 673/673/673 675/675/675 674/674/674
f 674/674/674 675/675/675 676/676/676
f 675/675/675 677/677/677 676/676/676
f 676/676/676 677/677/677 678/678/678
f 677/677/677 679/679/679 678/678/678
f 678/678/678 679/679/679 680/680/680
f 679/679/679 681/681/681 680/680/680
f 680/680/680 681/681/681 682/682/682
f 681/681/681 683/683/683 682/682/682
f 682/682/682 683/683/683 684/684/684
f 683/683/683 685/685/685 684/684/684
f 684/684/684 685/685/685 686/686/686
f 685/685/685 687/687/687 686/686/686
f 686/686/686 687/687/687 688/688/688
f 687/687/687 689/689/689 688/688/688
f 688/688/688 689/689/689 690/690/690
f 689/689/689 691/691/691 690/690/690
f 690/690/690 691/691/691 692/692/692
f 691/691/691 693/693/693 692/692/692
f 692/692/692 693/693/693 694/694/694
f 693/693/693 695/695/695 694/694/694
f 694/694/694 695/695/695 696/696/696
f 695/695/695 697/697/697 696/696/696
f 696/696/696 697/697/697 698/698/698
f 697/697/697 699/699/699 698/698/698
f 698/698/698 699/699/699 700/700/700
f 699/699/699 701/701/701 700/700/700
f 700/700/700 701/701/701 702/702/702
f 701/701/701 703/703/703 702/702/702
f 702/702/702 703/703/703 704/704/704
f 703/703/703 705/705/705 704/704/704
f 704/704/704 705/705/705 706/706/706
f 705/705/705 707/707/707 706/706/706
f 706/706/706 707/707/707 708/708/708
f 707/707/707 709/709/709 708/708/708
f 708/708/708 709/709/709 710/710/710
f 709/709/709 711/711/711 710/710/710
f 710/710/710 711/711/711 712/712/712
f 711/711/711 713/713/713 712/712/712
f 712/712/712 713/713/713 714/714/714
f 713/713/713 715/715/715 714/714/714
f 714/714/714 715/715/715 716/716/716
f 715/715/715 717/717/717 716/716/716
f 716/716/716 717/717/717 718/718/718
f 717/717/717 719/719/719 718/718/718
f 718/718/718 719/719/719 720/720/720
f 719/719/719 721/721/721 720/720/720
f 720/720/720 721/721/721 722/722/722
f 721/721/721 723/723/723 722/722/722
f 722/722/722 723/723/723 724/724/724
f 723/723/723 725/725/725 724/724/724
f 724/724/724 725/725/725 726/726/726
f 725/725/725 727/727/727 726/726/726
f 726/726/726 727/727/727 728/728/728
f 727/727/727 729/729/729 728/728/728
f 728/728/728 729/729/729 730/730/730
f 729/729/729 731/731/731 730/730/730
f 730/730/730 731/731/731 732/732/732
f 731/731/731 733/733/733 732/732/732
f 732/732/732 733/733/733 734/734/734
f 733/733/733 735/735/735 734/734/734
f 734/734/734 735/735/735 736/736/736
f 735/735/735 737/737/737 736/736/736
f 736/736/736 737/737/737 738/738/738
f 737/737/737 739/739/739 738/738/738
f 738/738/738 739/739/739 740/740/740
f 739/739/739 741/741/741 740/740/740
f 740/740/740 741/741/741 742/742/742
f 741/741/741 743/743/743 742/742/742
f 742/742/742 743/743/743 744/744/744
f 743/743/743 745/745/745 744/744/744
f 744/744/744 745/745/745 746/746/746
f 745/745/745 747/747/747 746/746/746
f 746/746/746 747/747/747 748/748/748
f 747/747/747 749/749/749 748/748/748
f 748/748/748 749/749/749 750/750/750
f 749/749/749 751/751/751 750/750/750
f 750/750/750 751/751/751 752/752/752
f 751/751/751 753/753/753 752/752/752
f 752/752/752 753/753/753 754/754/754
f 753/753/753 755/755/755 754/754/754
f 754/754/754 755/755/755 756/756/756
f 755/755/755 757/757/757 756/756/756
f 756/756/756 757/757/757 758/758/758
f 757/757/757 759/759/759 758/758/758
f 758/758/758 759/759/759 760/760/760
f 759/759/759 761/761/761 760/760/760
f 760/760/760 761/761/761 762/762/762
f 761/761/761 763/763/763 762/762/762
f 762/762/762 763/763/763 764/764/764
f 763/763/763 765/765/765 764/764/764
f 764/764/764 765/765/765 766/766/766
f 765/765/765 767/767/767 766/766/766
f 766/766/766 767/767/767 768/768/768
f 767/767/767 769/769/769 768/768/768
f 768/768/768 769/769/769 770/770/770
f 769/769/769 771/771/771 770/770/770
f 770/770/770 771/771/771 772/772/772
f 771/771/771 773/773/773 772/772/772
f 772/772/772 773/773/773 774/774/774
f 773/773/773 775/775/775 774/774/774
f 774/774/774 775/775/775 776/776/776
f 775/775/775 777/777/777 776/776/776
f 776/776/776 777/777/777 778/778/778
f 777/777/777 779/779/779 778/778/778
f 778/778/778 779/779/779 780/780/780
f 779/779/779 781/781/781 780/780/780
f 780/780/780 781/781/781 782/782/782
f 781/781/781 783/783/783 782/782/782
f 782/782/782 783/783/783 784/784/784
f 783/783/783 785/785/785 784/784/784
f 784/784/784 785/785/785 786/786/786
f 785/785/785 787/787/787 786/786/786
f 786/786/786 787/787/787 788/788/788
f 787/787/787 789/789/789 788/788/788
f 788/788/788 789/789/789 790/790/790
f 789/789/789 791/791/791 790/790/790
f 790/790/790 791/791/791 792/792/792
f 791/791/791 793/793/793 792/792/792
f 792/792/792 793/793/793 794/794/794
f 793/793/793 795/795/795 794/794/794
f 794/794/794 795/795/795 796/796/796
f 795/795/795 797/797/797 796/796/796
f 796/796/796 797/797/797 798/798/798
f 797/797/797 799/799/799 798/798/798
f 798/798/798 799/799/799 800/800/800
f 799/799/799 801/801/801 800/800/800
f 800/800/800 801/801/801 802/802/802
f 801/801/801 803/803/803 802/802/802
f 802/802/802 803/803/803 804/804/804
f 803/803/803 805/805/805 804/804/804
f 804/804/804 805/805/805 806/806/806
f 805/805/805 807/807/807 806/806/806
f 806/806/806 807/807/807 808/808/808
f 807/807/807 809/809/809 808/808/808
f 808/808/808 809/809/809 810/810/810
f 809/809/809 811/811/811 810/810/810
f 810/810/810 811/811/811 812/812/812
f 811/811/811 813/813/813 812/812/812
f 812/812/812 813/813/813 814/814/814
f 813/813/813 815/815/815 814/814/814
f 814/814/814 815/815/815 816/816/816
f 815/815/815 817/817/817 816/816/816
f 816/816/816 817/817/817 818/818/818
f 817/817/817 819/819/819 818/818/818
f 818/818/818 819/819/819 820/820/820
f 819/819/819 821/821/821 820/820/820
f 820/820/820 821/821/821 822/822/822
f 821/821/821 823/823/823 822/822/822
f 822/822/822 823/823/823 824/824/824
f 823/823/823 825/825/825 824/824/824
f 824/824/824 825/825/825 826/826/826
f 825/825/825 827/827/827 826/826/826
f 826/826/826 827/827/827 828/828/828
f 827/827/827 829/829/829 828/828/828
f 828/828/828 829/829/829 830/830/830
f 829/829/829 831/831/831 830/830/830
f 830/830/830 831/831/831 832/832/832
f 831/831/831 833/833/833 832/832/832
f 832/832/832 833/833/833 834/834/834
f 833/833/833 835/835/835 834/834/834
f 834/834/834 835/835/835 836/836/836
f 835/835/835 837/837/837 836/836/836
f 836/836/836 837/837/837 838/838/838
f 837/837/837 839/839/839 838/838/838
f 838/838/838 839/839/839 840/840/840
f 839/839/839 841/841/841 840/840/840
f 840/840/840 841/841/841 842/842/842
f 841/841/841 843/843/843 842/842/842
f 842/842/842 843/843/843 844/844/844
f 843/843/843 845/845/845 844/844/844
f 844/844/844 845/845/845 846/846/846
f 845/845/845 847/847/847 846/846/846
f 846/846/846 847/847/847 848/848/848
f 847/847/847 849/849/849 848/848/848
f 848/848/848 849/849/849 850/850/850
f 849/849/849 851/851/851 850/850/850
f 850/850/850 851/851/851 852/852/852
f 851/851/851 853/853/853 852/852/852
f 852/852/852 853/853/853 854/854/854
f 853/853/853 855/855/855 854/854/854
f 854/854/854 855/855/855 856/856/856
f 855/855/855 857/857/857 856/856/856
f 856/856/856 857/857/857 858/858/858
f 857/857/857 859/859/859 858/858/858
f 858/858/858 859/859/859 860/860/860
f 859/859/859 861/861/861 860/860/860
f 860/860/860 861/861/861 862/862/862
f 861/861/861 863/863/863 862/862/862
f 862/862/862 863/863/863 864/864/864
f 863/863/863 865/865/865 864/864/864
f 864/864/864 865/865/865 866/866/866
f 865/865/865 867/867/867 866/866/866
f 866/866/866 867/867/867 868/868/868
f 867/867/867 869/869/869 868/868/868
f 868/868/868 869/869/869 870/870/870
f 869/869/869 871/871/871 870/870/870
f 870/870/870 871/871/871 872/872/872
f 871/871/871 873/873/873 872/872/872
f 872/872/872 873/873/873 874/874/874
f 873/873/873 875/875/875 874/874/874
f 874/874/874 875/875/875 876/876/876
f 875/875/875 877/877/877 876/876/876
f 876/876/876 877/877/877 878/878/878
f 877/877/877 879/879/879 878/878/878
f 878/878/878 879/879/879 880/880/880
f 879/879/879 881/881/881 880/880/880
f 880/880/880 881/881/881 882/882/882
f 881/881/881 883/883/883 882/882/882
f 882/882/882 883/883/883 884/884/884
f 883/883/883 885/885/885 884/884/884
f 884/884/884 885/885/885 886/886/886
f 885/885/885 887/887/887 886/886/886
f 886/886/886 887/887/887 888/888/888
f 887/887/887 889/889/889 888/888/888
f 888/888/888 889/889/889 890/890/890
f 889/889/889 891/891/891 890/890/890
f 890/890/890 891/891/891 892/892/892
f 891/891/891 893/893/893 892/892/892
f 892/892/892 893/893/893 894/894/894
f 893/893/893 895/895/895 894/894/894
f 894/894/894 895/895/895 896/896/896
f 895/895/895 897/897/897 896/896/896
f 896/896/896 897/897/897 898/898/898
f 897/897/897 899/899/899 898/898/898
f 898/898/898 899/899/899 900/900/900
f 899/899/899 901/901/901 900/900/900
f 900/900/900 901/901/901 902/902/902
f 901/901/901 903/903/903 902/902/902
f 902/902/902 903/903/903 904/904/904
f 903/903/903 905/905/905 904/904/904
f 904/904/904 905/905/905 906/906/906
f 905/905/905 907/907/907 906/906/906
f 906/906/906 907/907/907 908/908/908
f 907/907/907 909/909/909 908/908/908
f 908/908/908 909/909/909 910/910/910
f 909/909/909 911/911/911 910/910/910
f 910/910/910 911/911/911 912/912/912
f 911/911/911 913/913/913 912/912/912
f 912/912/912 913/913/913 914/914/914
f 913/913/913 915/915/915 914/914/914
f 914/914/914 915/915/915 916/916/916
f 915/915/915 917/917/917 916/916/916
f 916/916/916 917/917/917 918/918/918
f 917/917/917 919/919/919 918/918/918
f 918/918/918 919/919/919 920/920/920
f 919/919/919 921/921/921 920/920/920
f 920/920/920 921/921/921 922/922/922
f 921/921/921 923/923/923 922/922/922
f 922/922/922 923/923/923 924/924/924
f 923/923/923 925/925/925 924/924/924
f 924/924/924 925/925/925 926/926/926
f 925/925/925 927/927/927 926/926/926
f 926/926/926 927/927/927 928/928/928
f 927/927/927 929/929/929 928/928/928
f 928/928/928 929/929/929 930/930/930
f 929/929/929 931/931/931 930/930/930
f 930/930/930 931/931/931 932/932/932
f 931/931/931 933/933/933 932/932/932
f 932/932/932 933/933/933 934/934/934
f 933/933/933 935/935/935 934/934/934
f 934/934/934 935/935/935 936/936/936
f 935/935/935 937/937/937 936/936/936
f 936/936/936 937/937/937 938/938/938
f 937/937/937 939/939/939 938/938/938
f 938/938/938 939/939/939 940/940/940
f 939/939/939 941/941/941 940/940/940
f 940/940/940 941/941/941 942/942/942
f 941/941/941 943/943/943 942/942/942
f 942/942/942 943/943/943 944/944/944
f 943/943/943 945/945/945 944/944/944
f 944/944/944 945/945/945 946/946/946
f 945/945/945 947/947/947 946/946/946
f 946/946/946 947/947/947 948/948/948
f 947/947/947 949/949/949 948/948/948
f 948/948/948 949/949/949 950/950/950
f 949/949/949 951/951/951 950/950/950
f 950/950/950 951/951/951 952/952/952
f 951/951/951 953/953/953 952/952/952
f 952/952/952 953/953/953 954/954/954
f 953/953/953 955/955/955 954/954/954
f 954/954/954 955/955/955 956/956/956
f 955/955/955 957/957/957 956/956/956
f 956/956/956 957/957/957 958/958/958
f 957/957/957 959/959/959 958/958/958
f 958/958/958 959/959/959 960/960/960
f 959/959/959 961/961/961 960/960/960
f 960/960/960 961/961/961 962/962/962
f 961/961/961 963/963/963 962/962/962
f 962/962/962 963/963/963 964/964/964
f 963/963/963 965/965/965 964/964/964
f 964/964/964 965/965/965 966/966/966
f 965/965/965 967/967/967 966/966/966
f 966/966/966 967/967/967 968/968/968
f 967/967/967 969/969/969 968/968/968
f 968/968/968 969/969/969 970/970/970
f 969/969/969 971/971/971 970/970/970
f 970/970/970 971/971/971 972/972/972
f 971/971/971 973/973/973 972/972/972
f 972/972/972 973/973/973 974/974/974
f 973/973/973 975/975/975 974/974/974
f 974/974/974 975/975/975 976/976/976
f 975/975/975 977/977/977 976/976/976
f 976/976/976 977/977/977 978/978/978
f 977/977/977 979/979/979 978/978/978
f 978/978/978 979/979/979 980/980/980
f 979/979/979 981/981/981 980/980/980
f 980/980/980 981/981/981 982/982/982
f 981/981/981 983/983/983 982/982/982
f 982/982/982 983/983/983 984/984/984
f 983/983/983 985/985/985 984/984/984
f 984/984/984 985/985/985 986/986/986
f 985/985/985 987/987/987 986/986/986
f 986/986/986 987/987/987 988/988/988
f 987/987/987 989/989/989 988/988/988
f 988/988/988 989/989/989 990/990/990
f 989/989/989 991/991/991 990/990/990
f 990/990/990 991/991/991 992/992/992
f 991/991/991 993/993/993 992/992/992
f 992/992/992 993/993/993 994/994/994
f 993/993/993 995/995/995 994/994/994
f 994/994/994 995/995/995 996/996/996
f 995/995/995 997/997/997 996/996/996
f 996/996/996 997/997/997 998/998/998
f 997/997/997 999/999/999 998/998/998
f 998/998/998 999/999/999 1000/1000/1000
f 999/999/999 1001/1001/1001 1000/1000/1000
f 1000/1000/1000 1001/1001/1001 1002/1002/1002
f 1001/1001/1001 1003/1003/1003 1002/1002/1002
f 1002/1002/1002 1003/1003/1003 1004/1004/1004
f 1003/1003/1003 1005/1005/1005 1004/1004/1004
f 1004/1004/1004 1005/1005/1005 1006/1006/1006
f 1005/1005/1005 1007/1007/1007 1006/1006/1006
f 1006/1006/1006 1007/1007/1007 1008/1008/1008
f 1007/1007/1007 1009/1009/1009 1008/1008/1008
f 1008/1008/1008 1009/1009/1009 1010/1010/1010
f 1009/1009/1009 1011/1011/1011 1010/1010/1010
f 1010/1010/1010 1011/1011/1011 1012/1012/1012
f 1011/1011/1011 1013/1013/1013 1012/1012/1012
f 1012/1012/1012 1013/1013/1013 1014/1014/1014
f 1013/1013/1013 1015/1015/1015 1014/1014/1014
f 1014/1014/1014 1015/1015/1015 1016/1016/1016
f 1015/1015/1015 1017/1017/1017 1016/1016/1016
f 1016/1016/1016 1017/1017/1017 1018/1018/1018
f 1017/1017/1017 1019/1019/1019 1018/1018/1018
f 1018/1018/1018 1019/1019/1019 1020/1020/1020
f 1019/1019/1019 1021/1021/1021 1020/1020/1020
f 1020/1020/1020 1021/1021/1021 1022/1022/1022
f 1021/1021/1021 1023/1023/1023 1022/1022/1022
f 1022/1022/1022 1023/1023/1023 1024/1024/1024
f 1023/1023/1023 1025/1025/1025 1024/1024/1024
f 1024/1024/1024 1025/1025/1025 1026/1026/1026
f 1025/1025/1025 1027/1027/1027 1026/1026/1026
f 1026/1026/1026 1027/1027/1027 1028/1028/1028
f 1027/1027/1027 1029/1029/1029 1028/1028/1028
f 1028/1028/1028 1029/1029/1029 1030/1030/1030
f 1029/1029/1029 1031/1031/1031 1030/1030/1030
f 1030/1030/1030 1031/1031/1031 1032/1032/1032
f 1031/1031/1031 1033/1033/1033 1032/1032/1032
f 1032/1032/1032 1033/1033/1033 1034/1034/1034
f 1033/1033/1033 1035/1035/1035 1034/1034/1034
f 1034/1034/1034 1035/1035/1035 1036/1036/1036
f 1035/1035/1035 1037/1037/1037 1036/1036/1036
f 1036/1036/1036 1037/1037/1037 1038/1038/1038
f 1037/1037/1037 1039/1039/1039 1038/1038/1038
f 1038/1038/1038 1039/1039/1039 1040/1040/1040
f 1039/1039/1039 1041/1041/1041 1040/1040/1040
f 1040/1040/1040 1041/1041/1041 1042/1042/1042
f 1041/1041/1041 1043/1043/1043 1042/1042/1042
f 1042/1042/1042 1043/1043/1043 1044/1044/1044
f 1043/1043/1043 1045/1045/1045 1044/1044/1044
f 1044/1044/1044 1045/1045/1045 1046/1046/1046
f 1045/1045/1045 1047/1047/1047 1046/1046/1046
f 1046/1046/1046 1047/1047/1047 1048/1048/1048
f 1047/1047/1047 1049/1049/1049 1048/1048/1048
f 1048/1048/1048 1049/1049/1049 1050/1050/1050
f 1049/1049/1049 1051/1051/1051 1050/1050/1050
f 1050/1050/1050 1051/1051/1051 1052/1052/1052
f 1051/1051/1051 1053/1053/1053 1052/1052/1052
f 1052/1052/1052 1053/1053/1053 1054/1054/1054
f 1053/1053/1053 1055/1055/1055 1054/1054/1054
f 1054/1054/1054 1055/1055/1055 1056/1056/1056
f 1055/1055/1055 1057/1057/1057 1056/1056/1056
f 1056/1056/1056 1057/1057/1057 1058/1058/1058
f 1057/1057/1057 1059/1059/1059 1058/1058/1058
f 1058/1058/1058 1059/1059/1059 1060/1060/1060
f 1059/1059/1059 1061/1061/1061 1060/1060/1060
f 1060/1060/1060 1061/1061/1061 1062/1062/1062
f 1061/1061/1061 1063/1063/1063 1062/1062/1062
f 1062/1062/1062 1063/1063/1063 1064/1064/1064
f 1063/1063/1063 1065/1065/1065 1064/1064/1064
f 1064/1064/1064 1065/1065/1065 1066/1066/1066
f 1065/1065/1065 1067/1067/1067 1066/1066/1066
f 1066/1066/1066 1067/1067/1067 1068/1068/1068
f 1067/1067/1067 1069/1069/1069 1068/1068/1068
f 1068/1068/1068 1069/1069/1069 1070/1070/1070
f 1069/1069/1069 1071/1071/1071 1070/1070/1070
f 1070/1070/1070 1071/1071/1071 1072/1072/1072
f 1071/1071/1071 1073/1073/1073 1072/1072/1072
f 1072/1072/1072 1073/1073/1073 1074/1074/1074
f 1073/1073/1073 1075/1075/1075 1074/1074/1074
f 1074/1074/1074 1075/1075/1075 1076/1076/1076
f 1075/1075/1075 1077/1077/1077 1076/1076/1076
f 1076/1076/1076 1077/1077/1077 1078/1078/1078
f 1077/1077/1077 1079/1079/1079 1078/1078/1078
f 1078/1078/1078 1079/1079/1079 1080/1080/1080
f 1079/1079/1079 1081/1081/1081 1080/1080/1080
f 1080/1080/1080 1081/1081/1081 1082/1082/1082
f 1081/1081/1081 1083/1083/1083 1082/1082/1082
f 1082/1082/1082 1083/1083/1083 1084/1084/1084
f 1083/1083/1083 1085/1085/1085 1084/1084/1084
f 1084/1084/1084 1085/1085/1085 1086/1086/1086
f 1085/1085/1085 1087/1087/1087 1086/1086/1086
f 1086/1086/1086 1087/1087/1087 1088/1088/1088
f 1087/1087/1087 1089/1089/1089 1088/1088/1088
f 1088/1088/1088 1089/1089/1089 1090/1090/1090
f 1089/1089/1089 1091/1091/1091 1090/1090/1090
f 1090/1090/1090 1091/1091/1091 1092/1092/1092
f 1091/1091/1091 1093/1093/1093 1092/1092/1092
f 1092/1092/1092 1093/1093/1093 1094/1094/1094
f 1093/1093/1093 1095/1095/1095 1094/1094/1094
f 1094/1094/1094 1095/1095/1095 1096/1096/1096
f 1095/1095/1095 1097/1097/1097 1096/1096/1096
f 1096/1096/1096 1097/1097/1097 1098/1098/1098
f 1097/1097/1097 1099/1099/1099 1098/1098/1098
f 1098/1098/1098 1099/1099/1099 1100/1100/1100
f 1099/1099/1099 1101/1101/1101 1100/1100/1100
f 1100/1100/1100 1101/1101/1101 1102/1102/1102
f 1101/1101/1101 1103/1103/1103 1102/1102/1102
f 1102/1102/1102 1103/1103/1103 1104/1104/1104
f 1103/1103/1103 1105/1105/1105 1104/1104/1104
f 1104/1104/1104 1105/1105/1105 1106/1106/1106
f 1105/1105/1105 1107/1107/1107 1106/1106/1106
f 1106/1106/1106 1107/1107/1107 1108/1108/1108
f 1107/1107/1107 1109/1109/1109 1108/1108/1108
f 1108/1108/1108 1109/1109/1109 1110/1110/1110
f 1109/1109/1109 1111/1111/1111 1110/1110/1110
f 1110/1110/1110 1111/1111/1111 1112/1112/1112
f 1111/1111/1111 1113/1113/1113 1112/1112/1112
f 1112/1112/1112 1113/1113/1113 1114/1114/1114
f 1113/1113/1113 1115/1115/1115 1114/1114/1114
f 1114/1114/1114 1115/1115/1115 1116/1116/1116
f 1115/1115/1115 1117/1117/1117 1116/1116/1116
f 1116/1116/1116 1117/1117/1117 1118/1118/1118
f 1117/1117/1117 1119/1119/1119 1118/1118/1118
f 1118/1118/1118 1119/1119/1119 1120/1120/1120
f 1119/1119/1119 1121/1121/1121 1120/1120/1120
f 1120/1120/1120 1121/1121/1121 1122/1122/1122
f 1121/1121/1121 1123/1123/1123 1122/1122/1122
f 1122/1122/1122 1123/1123/1123 1124/1124/1124
f 1123/1123/1123 1125/1125/1125 1124/1124/1124
f 1124/1124/1124 1125/1125/1125 1126/1126/1126
f 1125/1125/1125 1127/1127/1127 1126/1126/1126
f 1126/1126/1126 1127/1127/1127 1128/1128/1128
f 1127/1127/1127 1129/1129/1129 1128/1128/1128
f 1128/1128/1128 1129/1129/1129 1130/1130/1130
f 1129/1129/1129 1131/1131/1131 1130/1130/1130
f 1130/1130/1130 1131/1131/1131 1132/1132/1132
f 1131/1131/1131 1133/1133/1133 1132/1132/1132
f 1132/1132/1132 1133/1133/1133 1134/1134/1134
f 1133/1133/1133 1135/1135/1135 1134/1134/1134
f 1134/1134/1134 1135/1135/1135 1136/1136/1136
f 1135/1135/1135 1137/1137/1137 1136/1136/1136
f 1136/1136/1136 1137/1137/1137 1138/1138/1138
f 1137/1137/1137 1139/1139/1139 1138/1138/1138
f 1138/1138/1138 1139/1139/1139 1140/1140/1140
f 1139/1139/1139 1141/1141/1141 1140/1140/1140
f 1140/1140/1140 1141/1141/1141 1142/1142/1142
f 1141/1141/1141 1143/1143/1143 1142/1142/1142
f 1142/1142/1142 1143/1143/1143 1144/1144/1144
f 1143/1143/1143 1145/1145/1145 1144/1144/1144
f 1144/1144/1144 1145/1145/1145 1146/1146/1146
f 1145/1145/1145 1147/1147/1147 1146/1146/1146
f 1146/1146/1146 1147/1147/1147 1148/1148/1148
f 1147/1147/1147 1149/1149/1149 1148/1148/1148
f 1148/1148/1148 1149/1149/1149 1150/1150/1150
f 1149/1149/1149 1151/1151/1151 1150/1150/1150
f 1150/1150/1150 1151/1151/1151 1152/1152/1152
f 1151/1151/1151 1153/1153/1153 1152/1152/1152
f 1152/1152/1152 1153/1153/1153 1154/1154/1154
f 1153/1153/1153 1155/1155/1155 1154/1154/1154
f 1154/1154/1154 1155/1155/1155 1156/1156/1156
f 1155/1155/1155 1157/1157/1157 1156/1156/1156
f 1156/1156/1156 1157/1157/1157 1158/1158/1158
f 1157/1157/1157 1159/1159/1159 1158/1158/1158
f 1158/1158/1158 1159/1159/1159 1160/1160/1160
f 1159/1159/1159 1161/1161/1161 1160/1160/1160
f 1160/1160/1160 1161/1161/1161 1162/1162/1162
f 1161/1161/1161 1163/1163/1163 1162/1162/1162
f 1162/1162/1162 1163/1163/1163 1164/1164/1164
f 1163/1163/1163 1165/1165/1165 1164/1164/1164
f 1164/1164/1164 1165/1165/1165 1166/1166/1166
f 1165/1165/1165 1167/1167/1167 1166/1166/1166
f 1166/1166/1166 1167/1167/1167 1168/1168/1168
f 1167/1167/1167 1169/1169/1169 1168/1168/1168
f 1168/1168/1168 1169/1169/1169 1170/1170/1170
f 1169/1169/1169 1171/1171/1171 1170/1170/1170
f 1170/1170/1170 1171/1171/1171 1172/1172/1172
f 1171/1171/1171 1173/1173/1173 1172/1172/1172
f 1172/1172/1172 1173/1173/1173 1174/1174/1174
f 1173/1173/1173 1175/1175/1175 1174/1174/1174
f 1174/1174/1174 1175/1175/1175 1176/1176/1176
f 1175/1175/1175 1177/1177/1177 1176/1176/1176
f 1176/1176/1176 1177/1177/1177 1178/1178/1178
f 1177/1177/1177 1179/1179/1179 1178/1178/1178
f 1178/1178/1178 1179/1179/1179 1180/1180/1180
f 1179/1179/1179 1181/1181/1181 1180/1180/1180
f 1180/1180/1180 1181/1181/1181 1182/1182/1182
f 1181/1181/1181 1183/1183/1183 1182/1182/1182
f 1182/1182/1182 1183/1183/1183 1184/1184/1184
f 1183/1183/1183 1185/1185/1185 1184/1184/1184
f 1184/1184/1184 1185/1185/1185 1186/1186/1186
f 1185/1185/1185 1187/1187/1187 1186/1186/1186
f 1186/1186/1186 1187/1187/1187 1188/1188/1188
f 1187/1187/1187 1189/1189/1189 1188/1188/1188
f 1188/1188/1188 1189/1189/1189 1190/1190/1190
f 1189/1189/1189 1191/1191/1191 1190/1190/1190
f 1190/1190/1190 1191/1191/1191 1192/1192/1192
f 1191/1191/1191 1193/1193/1193 1192/1192/1192
f 1192/1192/1192 1193/1193/1193 1194/1194/1194
f 1193/1193/1193 1195/1195/1195 1194/1194/1194
f 1194/1194/1194 1195/1195/1195 1196/1196/1196
f 1195/1195/1195 1197/1197/1197 1196/1196/1196
f 1196/1196/1196 1197/1197/1197 1198/1198/1198
f 1197/1197/1197 1199/1199/1199 1198/1198/1198
f 1198/1198/1198 1199/1199/1199 1200/1200/1200
f 1199/1199/1199 1201/1201/1201 1200/1200/1200
f 1200/1200/1200 1201/1201/1201 1202/1202/1202
f 1201/1201/1201 1203/1203/1203 1202/1202/1202
f 1202/1202/1202 1203/1203/1203 1204/1204/1204
f 1203/1203/1203 1205/1205/1205 1204/1204/1204
f 1204/1204/1204 1205/1205/1205 1206/1206/1206
f 1205/1205/1205 1207/1207/1207 1206/1206/1206
f 1206/1206/1206 1207/1207/1207 1208/1208/1208
f 1207/1207/1207 1209/1209/1209 1208/1208/1208
f 1208/1208/1208 1209/1209/1209 1210/1210/1210
f 1209/1209/1209 1211/1211/1211 1210/1210/1210
f 1210/1210/1210 1211/1211/1211 1212/1212/1212
f 1211/1211/1211 1213/1213/1213 1212/1212/1212
f 1212/1212/1212 1213/1213/1213 1214/1214/1214
f 1213/1213/1213 1215/1215/1215 1214/1214/1214
f 1214/1214/1214 1215/1215/1215 1216/1216/1216
f 1215/1215/1215 1217/1217/1217 1216/1216/1216
f 1216/1216/1216 1217/1217/1217 1218/1218/1218
f 1217/1217/1217 1219/1219/1219 1218/1218/1218
f 1218/1218/1218 1219/1219/1219 1220/1220/1220
f 1219/1219/1219 1221/1221/1221 1220/1220/1220
f 1220/1220/1220 1221/1221/1221 1222/1222/1222
f 1221/1221/1221 1223/1223/1223 1222/1222/1222
f 1222/1222/1222 1223/1223/1223 1224/1224/1224
f 1223/1223/1223 1225/1225/1225 1224/1224/1224
f 1224/1224/1224 1225/1225/1225 1226/1226/1226
f 1225/1225/1225 1227/1227/1227 1226/1226/1226
f 1226/1226/1226 1227/1227/1227 1228/1228/1228
f 1227/1227/1227 1229/1229/1229 1228/1228/1228
f 1228/1228/1228 1229/1229/1229 1230/1230/1230
f 1229/1229/1229 1231/1231/1231 1230/1230/1230
f 1230/1230/1230 1231/1231/1231 1232/1232/1232
f 1231/1231/1231 1233/1233/1233 1232/1232/1232
f 1232/1232/1232 1233/1233/1233 1234/1234/1234
f 1233/1233/1233 1235/1235/1235 1234/1234/1234
f 1234/1234/1234 1235/1235/1235 1236/1236/1236
f 1235/1235/1235 1237/1237/1237 1236/1236/1236
f 1236/1236/1236 1237/1237/1237 1238/1238/1238
f 1237/1237/1237 1239/1239/1239 1238/1238/1238
f 1238/1238/1238 1239/1239/1239 1240/1240/1240
f 1239/1239/1239 1241/1241/1241 1240/1240/1240
f 1240/1240/1240 1241/1241/1241 1242/1242/1242
f 1241/1241/1241 1243/1243/1243 1242/1242/1242
f 1242/1242/1242 1243/1243/1243 1244/1244/1244
f 1243/1243/1243 1245/1245/1245 1244/1244/1244
f 1244/1244/1244 1245/1245/1245 1246/1246/1246
f 1245/1245/1245 1247/1247/1247 1246/1246/1246
f 1246/1246/1246 1247/1247/1247 1248/1248/1248
f 1247/1247/1247 1249/1249/1249 1248/1248/1248
f 1248/1248/1248 1249/1249/1249 1250/1250/1250
f 1249/1249/1249 1251/1251/1251 1250/1250/1250
f 1250/1250/1250 1251/1251/1251 1252/1252/1252
f 1251/1251/1251 1253/1253/1253 1252/1252/1252
f 1252/1252/1252 1253/1253/1253 1254/1254/1254
f 1253/1253/1253 1255/1255/1255 1254/1254/1254
f 1254/1254/1254 1255/1255/1255 1256/1256/1256
f 1255/1255/1255 1257/1257/1257 1256/1256/1256
f 1256/1256/1256 1257/1257/1257 1258/1258/1258
f 1257/1257/1257 1259/1259/1259 1258/1258/1258
f 1258/1258/1258 1259/1259/1259 1260/1260/1260
f 1259/1259/1259 1261/1261/1261 1260/1260/1260
f 1260/1260/1260 1261/1261/1261 1262/1262/1262
f 1261/1261/1261 1263/1263/1263 1262/1262/1262
f 1262/1262/1262 1263/1263/1263 1264/1264/1264
f 1263/1263/1263 1265/1265/1265 1264/1264/1264
f 1264/1264/1264 1265/1265/1265 1266/1266/1266
f 1265/1265/1265 1267/1267/1267 1266/1266/1266
f 1266/1266/1266 1267/1267/1267 1268/1268/1268
f 1267/1267/1267 1269/1269/1269 1268/1268/1268
f 1268/1268/1268 1269/1269/1269 1270/1270/1270
f 1269/1269/1269 1271/1271/1271 1270/1270/1270
f 1270/1270/1270 1271/1271/1271 1272/1272/1272
f 1271/1271/1271 1273/1273/1273 1272/1272/1272
f 1272/1272/1272 1273/1273/1273 1274/1274/1274
f 1273/1273/1273 1275/1275/1275 1274/1274/1274
f 1274/1274/1274 1275/1275/1275 1276/1276/1276
f 1275/1275/1275 1277/1277/1277 1276/1276/1276
f 1276/1276/1276 1277/1277/1277 1278/1278/1278
f 1277/1277/1277 1279/1279/1279 1278/1278/1278
f 1278/1278/1278 1279/1279/1279 1280/1280/1280
f 1279/1279/1279 1281/1281/1281 1280/1280/1280
f 1280/1280/1280 1281/1281/1281 1282/1282/1282
f 1281/1281/1281 1283/1283/1283 1282/1282/1282
f 1282/1282/1282 1283/1283/1283 1284/1284/1284
f 1283/1283/1283 1285/1285/1285 1284/1284/1284
f 1284/1284/1284 1285/1285/1285 1286/1286/1286
f 1285/1285/1285 1287/1287/1287 1286/1286/1286
f 1286/1286/1286 1287/1287/1287 1288/1288/1288
f 1287/1287/1287 1289/1289/1289 1288/1288/1288
f 1288/1288/1288 1289/1289/1289 1290/1290/1290
f 1289/1289/1289 1291/1291/1291 1290/1290/1290
f 1290/1290/1290 1291/1291/1291 1292/1292/1292
f 1291/1291/1291 1293/1293/1293 1292/1292/1292
f 1292/1292/1292 1293/1293/1293 1294/1294/1294
f 1293/1293/1293 1295/1295/1295 1294/1294/1294
f 1294/1294/1294 1295/1295/1295 1296/1296/1296
f 1295/1295/1295 1297/1297/1297 1296/1296/1296
f 1296/1296/1296 1297/1297/1297 1298/1298/1298
f 1297/1297/1297 1299/1299/1299 1298/1298/1298
f 1298/1298/1298 1299/1299/1299 1300/1300/1300
f 1299/1299/1299 1301/1301/1301 1300/1300/1300
f 1300/1300/1300 1301/1301/1301 1302/1302/1302
f 1301/1301/1301 1303/1303/1303 1302/1302/1302
f 1302/1302/1302 1303/1303/1303 1304/1304/1304
f 1303/1303/1303 1305/1305/1305 1304/1304/1304
f 1304/1304/1304 1305/1305/1305 1306/1306/1306
f 1305/1305/1305 1307/1307/1307 1306/1306/1306
f 1306/1306/1306 1307/1307/1307 1308/1308/1308
f 1307/1307/1307 1309/1309/1309 1308/1308/1308
f 1308/1308/1308 1309/1309/1309 1310/1310/1310
f 1309/1309/1309 1311/1311/1311 1310/1310/1310
f 1310/1310/1310 1311/1311/1311 1312/1312/1312
f 1311/1311/1311 1313/1313/1313 1312/1312/1312
f 1312/1312/1312 1313/1313/1313 1314/1314/1314
f 1313/1313/1313 1315/1315/1315 1314/1314/1314
f 1314/1314/1314 1315/1315/1315 1316/1316/1316
f 1315/1315/1315 1317/1317/1317 1316/1316/1316
f 1316/1316/1316 1317/1317/1317 1318/1318/1318
f 1317/1317/1317 1319/1319/1319 1318/1318/1318
f 1318/1318/1318 1319/1319/1319 1320/1320/1320
f 1319/1319/1319 1321/1321/1321 1320/1320/1320
f 1320/1320/1320 1321/1321/1321 1322/1322/1322
f 1321/1321/1321 1323/1323/1323 1322/1322/1322
f 1322/1322/1322 1323/1323/1323 1324/1324/1324
f 1323/1323/1323 1325/1325/1325 1324/1324/1324
f 1324/1324/1324 1325/1325/1325 1326/1326/1326
f 1325/1325/1325 1327/1327/1327 1326/1326/1326
f 1326/1326/1326 1327/1327/1327 1328/1328/1328
f 1327/1327/1327 1329/1329/1329 1328/1328/1328
f 1328/1328/1328 1329/1329/1329 1330/1330/1330
f 1329/1329/1329 1331/1331/1331 1330/1330/1330
f 1330/1330/1330 1331/1331/1331 1332/1332/1332
f 1331/1331/1331 1333/1333/1333 1332/1332/1332
f 1332/1332/1332 1333/1333/1333 1334/1334/1334
f 1333/1333/1333 1335/1335/1335 1334/1334/1334
f 1334/1334/1334 1335/1335/1335 1336/1336/1336
f 1335/1335/1335 1337/1337/1337 1336/1336/1336
f 1336/1336/1336 1337/1337/1337 1338/1338/1338
f 1337/1337/1337 1339/1339/1339 1338/1338/1338
f 1338/1338/1338 1339/1339/1339 1340/1340/1340
f 1339/1339/1339 1341/1341/1341 1340/1340/1340
f 1340/1340/1340 1341/1341/1341 1342/1342/1342
f 1341/1341/1341 1343/1343/1343 1342/1342/1342
f 1342/1342/1342 1343/1343/1343 1344/1344/1344
f 1343/1343/1343 1345/1345/1345 1344/1344/1344
f 1344/1344/1344 1345/1345/1345 1346/1346/1346
f 1345/1345/1345 1347/1347/1347 1346/1346/1346
f 1346/1346/1346 1347/1347/1347 1348/1348/1348
f 1347/1347/1347 1349/1349/1349 1348/1348/1348
f 1348/1348/1348 1349/1349/1349 1350/1350/1350
f 1349/1349/1349 1351/1351/1351 1350/1350/1350
f 1350/1350/1350 1351/1351/1351 1352/1352/1352
f 1351/1351/1351 1353/1353/1353 1352/1352/1352
f 1352/1352/1352 1353/1353/1353 1354/1354/1354
f 1353/1353/1353 1355/1355/1355 1354/1354/1354
f 1354/1354/1354 1355/1355/1355 1356/1356/1356
f 1355/1355/1355 1357/1357/1357 1356/1356/1356
f 1356/1356/1356 1357/1357/1357 1358/1358/1358
f 1357/1357/1357 1359/1359/1359 1358/1358/1358
f 1358/1358/1358 1359/1359/1359 1360/1360/1360
f 1359/1359/1359 1361/1361/1361 1360/1360/1360
f 1360/1360/1360 1361/1361/1361 1362/1362/1362
f 1361/1361/1361 1363/1363/1363 1362/1362/1362
f 1362/1362/1362 1363/1363/1363 1364/1364/1364
f 1363/1363/1363 1365/1365/1365 1364/1364/1364
f 1364/1364/1364 1365/1365/1365 1366/1366/1366
f 1365/1365/1365 1367/1367/1367 1366/1366/1366
f 1366/1366/1366 1367/1367/1367 1368/1368/1368
f 1367/1367/1367 1369/1369/1369 1368/1368/1368
f 1368/1368/1368 1369/1369/1369 1370/1370/1370
f 1369/1369/1369 1371/1371/1371 1370/1370/1370
f 1370/1370/1370 1371/1371/1371 1372/1372/1372
f 1371/1371/1371 1373/1373/1373 1372/1372/1372
f 1372/1372/1372 1373/1373/1373 1374/1374/1374
f 1373/1373/1373 1375/1375/1375 1374/1374/1374
f 1374/1374/1374 1375/1375/1375 1376/1376/1376
f 1375/1375/1375 1377/1377/1377 1376/1376/1376
f 1376/1376/1376 1377/1377/1377 1378/1378/1378
f 1377/1377/1377 1379/1379/1379 1378/1378/1378
f 1378/1378/1378 1379/1379/1379 1380/1380/1380
f 1379/1379/1379 1381/1381/1381 1380/1380/1380
f 1380/1380/1380 1381/1381/1381 1382/1382/1382
f 1381/1381/1381 1383/1383/1383 1382/1382/1382
f 1382/1382/1382 1383/1383/1383 1384/1384/1384
f 1383/1383/1383 1385/1385/1385 1384/1384/1384
f 1384/1384/1384 1385/1385/1385 1386/1386/1386
f 1385/1385/1385 1387/1387/1387 1386/1386/1386
f 1386/1386/1386 1387/1387/1387 1388/1388/1388
f 1387/1387/1387 1389/1389/1389 1388/1388/1388
f 1388/1388/1388 1389/1389/1389 1390/1390/1390
f 1389/1389/1389 1391/1391/1391 1390/1390/1390
f 1390/1390/1390 1391/1391/1391 1392/1392/1392
f 1391/1391/1391 1393/1393/1393 1392/1392/1392
f 1392/1392/1392 1393/1393/1393 1394/1394/1394
f 1393/1393/1393 1395/1395/1395 1394/1394/1394
f 1394/1394/1394 1395/1395/1395 1396/1396/1396
f 1395/1395/1395 1397/1397/1397 1396/1396/1396
f 1396/1396/1396 1397/1397/1397 1398/1398/1398
f 1397/1397/1397 1399/1399/1399 1398/1398/1398
f 1398/1398/1398 1399/1399/1399 1400/1400/1400
f 1399/1399/1399 1401/1401/1401 1400/1400/1400
f 1400/1400/1400 1401/1401/1401 1402/1402/1402
f 1401/1401/1401 1403/1403/1403 1402/1402/1402
f 1402/1402/1402 1403/1403/1403 1404/1404/1404
f 1403/1403/1403 1405/1405/1405 1404/1404/1404
f 1404/1404/1404 1405/1405/1405 1406/1406/1406
f 1405/1405/1405 1407/1407/1407 1406/1406/1406
f 1406/1406/1406 1407/1407/1407 1408/1408/1408
f 1407/1407/1407 1409/1409/1409 1408/1408/1408
f 1408/1408/1408 1409/1409/1409 1410/1410/1410
f 1409/1409/1409 1411/1411/1411 1410/1410/1410
f 1410/1410/1410 1411/1411/1411 1412/1412/1412
f 1411/1411/1411 1413/1413/1413 1412/1412/1412
f 1412/1412/1412 1413/1413/1413 1414/1414/1414
f 1413/1413/1413 1415/1415/1415 1414/1414/1414
f 1414/1414/1414 1415/1415/1415 1416/1416/1416
f 1415/1415/1415 1417/1417/1417 1416/1416/1416
f 1416/1416/1416 1417/1417/1417 1418/1418/1418
f 1417/1417/1417 1419/1419/1419 1418/1418/1418
f 1418/1418/1418 1419/1419/1419 1420/1420/1420
f 1419/1419/1419 1421/1421/1421 1420/1420/1420
f 1420/1420/1420 1421/1421/1421 1422/1422/1422
f 1421/1421/1421 1423/1423/1423 1422/1422/1422
f 1422/1422/1422 1423/1423/1423 1424/1424/1424
f 1423/1423/1423 1425/1425/1425 1424/1424/1424
f 1424/1424/1424 1425/1425/1425 1426/1426/1426
f 1425/1425/1425 1427/1427/1427 1426/1426/1426
f 1426/1426/1426 1427/1427/1427 1428/1428/1428
f 1427/1427/1427 1429/1429/1429 1428/1428/1428
f 1428/1428/1428 1429/1429/1429 1430/1430/1430
f 1429/1429/1429 1431/1431/1431 1430/1430/1430
f 1430/1430/1430 1431/1431/1431 1432/1432/1432
f 1431/1431/1431 1433/1433/1433 1432/1432/1432
f 1432/1432/1432 1433/1433/1433 1434/1434/1434
f 1433/1433/1433 1435/1435/1435 1434/1434/1434
f 1434/1434/1434 1435/1435/1435 1436/1436/1436
f 1435/1435/1435 1437/1437/1437 1436/1436/1436
f 1436/1436/1436 1437/1437/1437 1438/1438/1438
f 1437/1437/1437 1439/1439/1439 1438/1438/1438
f 1438/1438/1438 1439/1439/1439 1440/1440/1440
f 1439/1439/1439 1441/1441/1441 1440/1440/1440
f 1440/1440/1440 1441/1441/1441 1442/1442/1442
f 1441/1441/1441 1443/1443/1443 1442/1442/1442
f 1442/1442/1442 1443/1443/1443 1444/1444/1444
f 1443/1443/1443 1445/1445/1445 1444/1444/1444
f 1444/1444/1444 1445/1445/1445 1446/1446/1446
f 1445/1445/1445 1447/1447/1447 1446/1446/1446
f 1446/1446/1446 1447/1447/1447 1448/1448/1448
f 1447/1447/1447 1449/1449/1449 1448/1448/1448
f 1448/1448/1448 1449/1449/1449 1450/1450/1450
f 1449/1449/1449 1451/1451/1451 1450/1450/1450
f 1450/1450/1450 1451/1451/1451 1452/1452/1452
f 1451/1451/1451 1453/1453/1453 1452/1452/1452
f 1452/1452/1452 1453/1453/1453 1454/1454/1454
f 1453/1453/1453 1455/1455/1455 1454/1454/1454
f 1454/1454/1454 1455/1455/1455 1456/1456/1456
f 1455/1455/1455 1457/1457/1457 1456/1456/1456
f 1456/1456/1456 1457/1457/1457 1458/1458/1458
f 1457/1457/1457 1459/1459/1459 1458/1458/1458
f 1458/1458/1458 1459/1459/1459 1460/1460/1460
f 1459/1459/1459 1461/1461/1461 1460/1460/1460
f 1460/1460/1460 1461/1461/1461 1462/1462/1462
f 1461/1461/1461 1463/1463/1463 1462/1462/1462
f 1462/1462/1462 1463/1463/1463 1464/1464/1464
f 1463/1463/1463 1465/1465/1465 1464/1464/1464
f 1464/1464/1464 1465/1465/1465 1466/1466/1466
f 1465/1465/1465 1467/1467/1467 1466/1466/1466
f 1466/1466/1466 1467/1467/1467 1468/1468/1468
f 1467/1467/1467 1469/1469/1469 1468/1468/1468
f 1468/1468/1468 1469/1469/1469 1470/1470/1470
f 1469/1469/1469 1471/1471/1471 1470/1470/1470
f 1470/1470/1470 1471/1471/1471 1472/1472/1472
f 1471/1471/1471 1473/1473/1473 1472/1472/1472
f 1472/1472/1472 1473/1473/1473 1474/1474/1474
f 1473/1473/1473 1475/1475/1475 1474/1474/1474
f 1474/1474/1474 1475/1475/1475 1476/1476/1476
f 1475/1475/1475 1477/1477/1477 1476/1476/1476
f 1476/1476/1476 1477/1477/1477 1478/1478/1478
f 1477/1477/1477 1479/1479/1479 1478/1478/1478
f 1478/1478/1478 1479/1479/1479 1480/1480/1480
f 1479/1479/1479 1481/1481/1481 1480/1480/1480
f 1480/1480/1480 1481/1481/1481 1482/1482/1482
f 1481/1481/1481 1483/1483/1483 1482/1482/1482
f 1482/1482/1482 1483/1483/1483 1484/1484/1484
f 1483/1483/1483 1485/1485/1485 1484/1484/1484
f 1484/1484/1484 1485/1485/1485 1486/1486/1486
f 1485/1485/1485 1487/1487/1487 1486/1486/1486
f 1486/1486/1486 1487/1487/1487 1488/1488/1488
f 1487/1487/1487 1489/1489/1489 1488/1488/1488
f 1488/1488/1488 1489/1489/1489 1490/1490/1490
f 1489/1489/1489 1491/1491/1491 1490/1490/1490
f 1490/1490/1490 1491/1491/1491 1492/1492/1492
f 1491/1491/1491 1493/1493/1493 1492/1492/1492
f 1492/1492/1492 1493/1493/1493 1494/1494/1494
f 1493/1493/1493 1495/1495/1495 1494/1494/1494
f 1494/1494/1494 1495/1495/1495 1496/1496/1496
f 1495/1495/1495 1497/1497/1497 1496/1496/1496
f 1496/1496/1496 1497/1497/1497 1498/1498/1498
f 1497/1497/1497 1499/1499/1499 1498/1498/1498
f 1498/1498/1498 1499/1499/1499 1500/1500/1500
f 1499/1499/1499 1501/1501/1501 1500/1500/1500
f 1500/1500/1500 1501/1501/1501 1502/1502/1502
f 1501/1501/1501 1503/1503/1503 1502/1502/1502
f 1502/1502/1502 1503/1503/1503 1504/1504/1504
f 1503/1503/1503 1505/1505/1505 1504/1504/1504
f 1504/1504/1504 1505/1505/1505 1506/1506/1506
f 1505/1505/1505 1507/1507/1507 1506/1506/1506
f 1506/1506/1506 1507/1507/1507 1508/1508/1508
f 1507/1507/1507 1509/1509/1509 1508/1508/1508
f 1508/1508/1508 1509/1509/1509 1510/1510/1510
f 1509/1509/1509 1511/1511/1511 1510/1510/1510
f 1510/1510/1510 1511/1511/1511 1512/1512/1512
f 1511/1511/1511 1513/1513/1513 1512/1512/1512
f 1512/1512/1512 1513/1513/1513 1514/1514/1514
f 1513/1513/1513 1515/1515/1515 1514/1514/1514
f 1514/1514/1514 1515/1515/1515 1516/1516/1516
f 1515/1515/1515 1517/1517/1517 1516/1516/1516
f 1516/1516/1516 1517/1517/1517 1518/1518/1518
f 1517/1517/1517 1519/1519/1519 1518/1518/1518
f 1518/1518/1518 1519/1519/1519 1520/1520/1520
f 1519/1519/1519 1521/1521/1521 1520/1520/1520
f 1520/1520/1520 1521/1521/1521 1522/1522/1522
f 1521/1521/1521 1523/1523/1523 1522/1522/1522
f 1522/1522/1522 1523/1523/1523 1524/1524/1524
f 1523/1523/1523 1525/1525/1525 1524/1524/1524
f 1524/1524/1524 1525/1525/1525 1526/1526/1526
f 1525/1525/1525 1527/1527/1527 1526/1526/1526
f 1526/1526/1526 1527/1527/1527 1528/1528/1528
f 1527/1527/1527 1529/1529/1529 1528/1528/1528
f 1528/1528/1528 1529/1529/1529 1530/1530/1530
f 1529/1529/1529 1531/1531/1531 1530/1530/1530
f 1530/1530/1530 1531/1531/1531 1532/1532/1532
f 1531/1531/1531 1533/1533/1533 1532/1532/1532
f 1532/1532/1532 1533/1533/1533 1534/1534/1534
f 1533/1533/1533 1535/1535/1535 1534/1534/1534
f 1534/1534/1534 1535/1535/1535 1536/1536/1536
f 1535/1535/1535 1537/1537/1537 1536/1536/1536
f 1536/1536/1536 1537/1537/1537 1538/1538/1538
f 1537/1537/1537 1539/1539/1539 1538/1538/1538
f 1538/1538/1538 1539/1539/1539 1540/1540/1540
f 1539/1539/1539 1541/1541/1541 1540/1540/1540
f 1540/1540/1540 1541/1541/1541 1542/1542/1542
f 1541/1541/1541 1543/1543/1543 1542/1542/1542
f 1542/1542/1542 1543/1543/1543 1544/1544/1544
f 1543/1543/1543 1545/1545/1545 1544/1544/1544
f 1544/1544/1544 1545/1545/1545 1546/1546/1546
f 1545/1545/1545 1547/1547/1547 1546/1546/1546
f 1546/1546/1546 1547/1547/1547 1548/1548/1548
f 1547/1547/1547 1549/1549/1549 1548/1548/1548
f 1548/1548/1548 1549/1549/1549 1550/1550/1550
f 1549/1549/1549 1551/1551/1551 1550/1550/1550
f 1550/1550/1550 1551/1551/1551 1552/1552/1552
f 1551/1551/1551 1553/1553/1553 1552/1552/1552
f 1552/1552/1552 1553/1553/1553 1554/1554/1554
f 1553/1553/1553 1555/1555/1555 1554/1554/1554
f 1554/1554/1554 1555/1555/1555 1556/1556/1556
f 1555/1555/1555 1557/1557/1557 1556/1556/1556
f 1556/1556/1556 1557/1557/1557 1558/1558/1558
f 1557/1557/1557 1559/1559/1559 1558/1558/1558
f 1558/1558/1558 1559/1559/1559 1560/1560/1560
f 1559/1559/1559 1561/1561/1561 1560/1560/1560
f 1560/1560/1560 1561/1561/1561 1562/1562/1562
f 1561/1561/1561 1563/1563/1563 1562/1562/1562
f 1562/1562/1562 1563/1563/1563 1564/1564/1564
f 1563/1563/1563 1565/1565/1565 1564/1564/1564
f 1564/1564/1564 1565/1565/1565 1566/1566/1566
f 1565/1565/1565 1567/1567/1567 1566/1566/1566
f 1566/1566/1566 1567/1567/1567 1568/1568/1568
f 1567/1567/1567 1569/1569/1569 1568/1568/1568
f 1568/1568/1568 1569/1569/1569 1570/1570/1570
f 1569/1569/1569 1571/1571/1571 1570/1570/1570
f 1570/1570/1570 1571/1571/1571 1572/1572/1572
f 1571/1571/1571 1573/1573/1573 1572/1572/1572
f 1572/1572/1572 1573/1573/1573 1574/1574/1574
f 1573/1573/1573 1575/1575/1575 1574/1574/1574
f 1574/1574/1574 1575/1575/1575 1576/1576/1576
f 1575/1575/1575 1577/1577/1577 1576/1576/1576
f 1576/1576/1576 1577/1577/1577 1578/1578/1578
f 1577/1577/1577 1579/1579/1579 1578/1578/1578
f 1578/1578/1578 1579/1579/1579 1580/1580/1580
f 1579/1579/1579 1581/1581/1581 1580/1580/1580
f 1580/1580/1580 1581/1581/1581 1582/1582/1582
f 1581/1581/1581 1583/1583/1583 1582/1582/1582
f 1582/1582/1582 1583/1583/1583 1584/1584/1584
f 1583/1583/1583 1585/1585/1585 1584/1584/1584
f 1584/1584/1584 1585/1585/1585 1586/1586/1586
f 1585/1585/1585 1587/1587/1587 1586/1586/1586
f 1586/1586/1586 1587/1587/1587 1588/1588/1588
f 1587/1587/1587 1589/1589/1589 1588/1588/1588
f 1588/1588/1588 1589/1589/1589 1590/1590/1590
f 1589/1589/1589 1591/1591/1591 1590/1590/1590
f 1590/1590/1590 1591/1591/1591 1592/1592/1592
f 1591/1591/1591 1593/1593/1593 1592/1592/1592
f 1592/1592/1592 1593/1593/1593 1594/1594/1594
f 1593/1593/1593 1595/1595/1595 1594/1594/1594
f 1594/1594/1594 1595/1595/1595 1596/1596/1596
f 1595/1595/1595 1597/1597/1597 1596/1596/1596
f 1596/1596/1596 1597/1597/1597 1598/1598/1598
f 1597/1597/1597 1599/1599/1599 1598/1598/1598
f 1598/1598/1598 1599/1599/1599 1600/1600/1600
f 1599/1599/1599 1601/1601/1601 1600/1600/1600
f 1600/1600/1600 1601/1601/1601 1602/1602/1602
f 1601/1601/1601 1603/1603/1603 1602/1602/1602
f 1602/1602/1602 1603/1603/1603 1604/1604/1604
f 1603/1603/1603 1605/1605/1605 1604/1604/1604
f 1604/1604/1604 1605/1605/1605 1606/1606/1606
f 1605/1605/1605 1607/1607/1607 1606/1606/1606
f 1606/1606/1606 1607/1607/1607 1608/1608/1608
f 1607/1607/1607 1609/1609/1609 1608/1608/1608
f 1608/1608/1608 1609/1609/1609 1610/1610/1610
f 1609/1609/1609 1611/1611/1611 1610/1610/1610
f 1610/1610/1610 1611/1611/1611 1612/1612/1612
f 1611/1611/1611 1613/1613/1613 1612/1612/1612
f 1612/1612/1612 1613/1613/1613 1614/1614/1614
f 1613/1613/1613 1615/1615/1615 1614/1614/1614
f 1614/1614/1614 1615/1615/1615 1616/1616/1616
f 1615/1615/1615 1617/1617/1617 1616/1616/1616
f 1616/1616/1616 1617/1617/1617 1618/1618/1618
f 1617/1617/1617 1619/1619/1619 1618/1618/1618
f 1618/1618/1618 1619/1619/1619 1620/1620/1620
f 1619/1619/1619 1621/1621/1621 1620/1620/1620
f 1620/1620/1620 1621/1621/1621 1622/1622/1622
f 1621/1621/1621 1623/1623/1623 1622/1622/1622
f 1622/1622/1622 1623/1623/1623 1624/1624/1624
f 1623/1623/1623 1625/1625/1625 1624/1624/1624
f 1624/1624/1624 1625/1625/1625 1626/1626/1626
f 1625/1625/1625 1627/1627/1627 1626/1626/1626
f 1626/1626/1626 1627/1627/1627 1628/1628/1628
f 1627/1627/1627 1629/1629/1629 1628/1628/1628
f 1628/1628/1628 1629/1629/1629 1630/1630/1630
f 1629/1629/1629 1631/1631/1631 1630/1630/1630
f 1630/1630/1630 1631/1631/1631 1632/1632/1632
f 1631/1631/1631 1633/1633/1633 1632/1632/1632
f 1632/1632/1632 1633/1633/1633 1634/1634/1634
f 1633/1633/1633 1635/1635/1635 1634/1634/1634
f 1634/1634/1634 1635/1635/1635 1636/1636/1636
f 1635/1635/1635 1637/1637/1637 1636/1636/1636
f 1636/1636/1636 1637/1637/1637 1638/1638/1638
f 1637/1637/1637 1639/1639/1639 1638/1638/1638
f 1638/1638/1638 1639/1639/1639 1640/1640/1640
f 1639/1639/1639 1641/1641/1641 1640/1640/1640
f 1640/1640/1640 1641/1641/1641 1642/1642/1642
f 1641/1641/1641 1643/1643/1643 1642/1642/1642
f 1642/1642/1642 1643/1643/1643 1644/1644/1644
f 1643/1643/1643 1645/1645/1645 1644/1644/1644
f 1644/1644/1644 1645/1645/1645 1646/1646/1646
f 1645/1645/1645 1647/1647/1647 1646/1646/1646
f 1646/1646/1646 1647/1647/1647 1648/1648/1648
f 1647/1647/1647 1649/1649/1649 1648/1648/1648
f 1648/1648/1648 1649/1649/1649 1650/1650/1650
f 1649/1649/1649 1651/1651/1651 1650/1650/1650
f 1650/1650/1650 1651/1651/1651 1652/1652/1652
f 1651/1651/1651 1653/1653/1653 1652/1652/1652
f 1652/1652/1652 1653/1653/1653 1654/1654/1654
f 1653/1653/1653 1655/1655/1655 1654/1654/1654
f 1654/1654/1654 1655/1655/1655 1656/1656/1656
f 1655/1655/1655 1657/1657/1657 1656/1656/1656
f 1656/1656/1656 1657/1657/1657 1658/1658/1658
f 1657/1657/1657 1659/1659/1659 1658/1658/1658
f 1658/1658/1658 1659/1659/1659 1660/1660/1660
f 1659/1659/1659 1661/1661/1661 1660/1660/1660
f 1660/1660/1660 1661/1661/1661 1662/1662/1662
f 1661/1661/1661 1663/1663/1663 1662/1662/1662
f 1662/1662/1662 1663/1663/1663 1664/1664/1664
f 1663/1663/1663 1665/1665/1665 1664/1664/1664
f 1664/1664/1664 1665/1665/1665 1666/1666/1666
f 1665/1665/1665 1667/1667/1667 1666/1666/1666
f 1666/1666/1666 1667/1667/1667 1668/1668/1668
f 1667/1667/1667 1669/1669/1669 1668/1668/1668
f 1668/1668/1668 1669/1669/1669 1670/1670/1670
f 1669/1669/1669 1671/1671/1671 1670/1670/1670
f 1670/1670/1670 1671/1671/1671 1672/1672/1672
f 1671/1671/1671 1673/1673/1673 1672/1672/1672
f 1672/1672/1672 1673/1673/1673 1674/1674/1674
f 1673/1673/1673 1675/1675/1675 1674/1674/1674
f 1674/1674/1674 1675/1675/1675 1676/1676/1676
f 1675/1675/1675 1677/1677/1677 1676/1676/1676
f 1676/1676/1676 1677/1677/1677 1678/1678/1678
f 1677/1677/1677 1679/1679/1679 1678/1678/1678
f 1678/1678/1678 1679/1679/1679 1680/1680/1680
f 1679/1679/1679 1681/1681/1681 1680/1680/1680
f 1680/1680/1680 1681/1681/1681 1682/1682/1682
f 1681/1681/1681 1683/1683/1683 1682/1682/1682
f 1682/1682/1682 1683/1683/1683 1684/1684/1684
f 1683/1683/1683 1685/1685/1685 1684/1684/1684
f 1684/1684/1684 1685/1685/1685 1686/1686/1686
f 1685/1685/1685 1687/1687/1687 1686/1686/1686
f 1686/1686/1686 1687/1687/1687 1688/1688/1688
f 1687/1687/1687 1689/1689/1689 1688/1688/1688
f 1688/1688/1688 1689/1689/1689 1690/1690/1690
f 1689/1689/1689 1691/1691/1691 1690/1690/1690
f 1690/1690/1690 1691/1691/1691 1692/1692/1692
f 1691/1691/1691 1693/1693/1693 1692/1692/1692
f 1692/1692/1692 1693/1693/1693 1694/1694/1694
f 1693/1693/1693 1695/1695/1695 1694/1694/1694
f 1694/1694/1694 1695/1695/1695 1696/1696/1696
f 1695/1695/1695 1697/1697/1697 1696/1696/1696
f 1696/1696/1696 1697/1697/1697 1698/1698/1698
f 1697/1697/1697 1699/1699/1699 1698/1698/1698
f 1698/1698/1698 1699/1699/1699 1700/1700/1700
f 1699/1699/1699 1701/1701/1701 1700/1700/1700
f 1700/1700/1700 1701/1701/1701 1702/1702/1702
f 1701/1701/1701 1703/1703/1703 1702/1702/1702
f 1702/1702/1702 1703/1703/1703 1704/1704/1704
f 1703/1703/1703 1705/1705/1705 1704/1704/1704
f 1704/1704/1704 1705/1705/1705 1706/1706/1706
f 1705/1705/1705 1707/1707/1707 1706/1706/1706
f 1706/1706/1706 1707/1707/1707 1708/1708/1708
f 1707/1707/1707 1709/1709/1709 1708/1708/1708
f 1708/1708/1708 1709/1709/1709 1710/1710/1710
f 1709/1709/1709 1711/1711/1711 1710/1710/1710
f 1710/1710/1710 1711/1711/1711 1712/1712/1712
f 1711/1711/1711 1713/1713/1713 1712/1712/1712
f 1712/1712/1712 1713/1713/1713 1714/1714/1714
f 1713/1713/1713 1715/1715/1715 1714/1714/1714
f 1714/1714/1714 1715/1715/1715 1716/1716/1716
f 1715/1715/1715 1717/1717/1717 1716/1716/1716
f 1716/1716/1716 1717/1717/1717 1718/1718/1718
f 1717/1717/1717 1719/1719/1719 1718/1718/1718
f 1718/1718/1718 1719/1719/1719 1720/1720/1720
f 1719/1719/1719 1721/1721/1721 1720/1720/1720
f 1720/1720/1720 1721/1721/1721 1722/1722/1722
f 1721/1721/1721 1723/1723/1723 1722/1722/1722
f 1722/1722/1722 1723/1723/1723 1724/1724/1724
f 1723/1723/1723 1725/1725/1725 1724/1724/1724
f 1724/1724/1724 1725/1725/1725 1726/1726/1726
f 1725/1725/1725 1727/1727/1727 1726/1726/1726
f 1726/1726/1726 1727/1727/1727 1728/1728/1728
f 1727/1727/1727 1729/1729/1729 1728/1728/1728
f 1728/1728/1728 1729/1729/1729 1730/1730/1730
f 1729/1729/1729 1731/1731/1731 1730/1730/1730
f 1730/1730/1730 1731/1731/1731 1732/1732/1732
f 1731/1731/1731 1733/1733/1733 1732/1732/1732
f 1732/1732/1732 1733/1733/1733 1734/1734/1734
f 1733/1733/1733 1735/1735/1735 1734/1734/1734
f 1734/1734/1734 1735/1735/1735 1736/1736/1736
f 1735/1735/1735 1737/1737/1737 1736/1736/1736
f 1736/1736/1736 1737/1737/1737 1738/1738/1738
f 1737/1737/1737 1739/1739/1739 1738/1738/1738
f 1738/1738/1738 1739/1739/1739 1740/1740/1740
f 1739/1739/1739 1741/1741/1741 1740/1740/1740
f 1740/1740/1740 1741/1741/1741 1742/1742/1742
f 1741/1741/1741 1743/1743/1743 1742/1742/1742
f 1742/1742/1742 1743/1743/1743 1744/1744/1744
f 1743/1743/1743 1745/1745/1745 1744/1744/1744
f 1744/1744/1744 1745/1745/1745 1746/1746/1746
f 1745/1745/1745 1747/1747/1747 1746/1746/1746
f 1746/1746/1746 1747/1747/1747 1748/1748/1748
f 1747/1747/1747 1749/1749/1749 1748/1748/1748
f 1748/1748/1748 1749/1749/1749 1750/1750/1750
f 1749/1749/1749 1751/1751/1751 1750/1750/1750
f 1750/1750/1750 1751/1751/1751 1752/1752/1752
f 1751/1751/1751 1753/1753/1753 1752/1752/1752
f 1752/1752/1752 1753/1753/1753 1754/1754/1754
f 1753/1753/1753 1755/1755/1755 1754/1754/1754
f 1754/1754/1754 1755/1755/1755 1756/1756/1756
f 1755/1755/1755 1757/1757/1757 1756/1756/1756
f 1756/1756/1756 1757/1757/1757 1758/1758/1758
f 1757/1757/1757 1759/1759/1759 1758/1758/1758
f 1758/1758/1758 1759/1759/1759 1760/1760/1760
f 1759/1759/1759 1761/1761/1761 1760/1760/1760
f 1760/1760/1760 1761/1761/1761 1762/1762/1762
f 1761/1761/1761 1763/1763/1763 1762/1762/1762
f 1762/1762/1762 1763/1763/1763 1764/1764/1764
f 1763/1763/1763 1765/1765/1765 1764/1764/1764
f 1764/1764/1764 1765/1765/1765 1766/1766/1766
f 1765/1765/1765 1767/1767/1767 1766/1766/1766
f 1766/1766/1766 1767/1767/1767 1768/1768/1768
f 1767/1767/1767 1769/1769/1769 1768/1768/1768
f 1768/1768/1768 1769/1769/1769 1770/1770/1770
f 1769/1769/1769 1771/1771/1771 1770/1770/1770
f 1770/1770/1770 1771/1771/1771 1772/1772/1772
f 1771/1771/1771 1773/1773/1773 1772/1772/1772
f 1772/1772/1772 1773/1773/1773 1774/1774/1774
f 1773/1773/1773 1775/1775/1775 1774/1774/1774
f 1774/1774/1774 1775/1775/1775 1776/1776/1776
f 1775/1775/1775 1777/1777/1777 1776/1776/1776
f 1776/1776/1776 1777/1777/1777 1778/1778/1778
f 1777/1777/1777 1779/1779/1779 1778/1778/1778
f 1778/1778/1778 1779/1779/1779 1780/1780/1780
f 1779/1779/1779 1781/1781/1781 1780/1780/1780
f 1780/1780/1780 1781/1781/1781 1782/1782/1782
f 1781/1781/1781 1783/1783/1783 1782/1782/1782
f 1782/1782/1782 1783/1783/1783 1784/1784/1784
f 1783/1783/1783 1785/1785/1785 1784/1784/1784
f 1784/1784/1784 1785/1785/1785 1786/1786/1786
f 1785/1785/1785 1787/1787/1787 1786/1786/1786
f 1786/1786/1786 1787/1787/1787 1788/1788/1788
f 1787/1787/1787 1789/1789/1789 1788/1788/1788
f 1788/1788/1788 1789/1789/1789 1790/1790/1790
f 1789/1789/1789 1791/1791/1791 1790/1790/1790
f 1790/1790/1790 1791/1791/1791 1792/1792/1792
f 1791/1791/1791 1793/1793/1793 1792/1792/1792
f 1792/1792/1792 1793/1793/1793 1794/1794/1794
f 1793/1793/1793 1795/1795/1795 1794/1794/1794
f 1794/1794/1794 1795/1795/1795 1796/1796/1796
f 1795/1795/1795 1797/1797/1797 1796/1796/1796
f 1796/1796/1796 1797/1797/1797 1798/1798/1798
f 1797/1797/1797 1799/1799/1799 1798/1798/1798
f 1798/1798/1798 1799/1799/1799 1800/1800/1800
f 1799/1799/1799 1801/1801/1801 1800/1800/1800
f 1800/1800/1800 1801/1801/1801 1802/1802/1802
f 1801/1801/1801 1803/1803/1803 1802/1802/1802
f 1802/1802/1802 1803/1803/1803 1804/1804/1804
f 1803/1803/1803 1805/1805/1805 1804/1804/1804
f 1804/1804/1804 1805/1805/1805 1806/1806/1806
f 1805/1805/1805 1807/1807/1807 1806/1806/1806
f 1806/1806/1806 1807/1807/1807 1808/1808/1808
f 1807/1807/1807 1809/1809/1809 1808/1808/1808
f 1808/1808/1808 1809/1809/1809 1810/1810/1810
f 1809/1809/1809 1811/1811/1811 1810/1810/1810
f 1810/1810/1810 1811/1811/1811 1812/1812/1812
f 1811/1811/1811 1813/1813/1813 1812/1812/1812
f 1812/1812/1812 1813/1813/1813 1814/1814/1814
f 1813/1813/1813 1815/1815/1815 1814/1814/1814
f 1814/1814/1814 1815/1815/1815 1816/1816/1816
f 1815/1815/1815 1817/1817/1817 1816/1816/1816
f 1816/1816/1816 1817/1817/1817 1818/1818/1818
f 1817/1817/1817 1819/1819/1819 1818/1818/1818
f 1818/1818/1818 1819/1819/1819 1820/1820/1820
f 1819/1819/1819 1821/1821/1821 1820/1820/1820
f 1820/1820/1820 1821/1821/1821 1822/1822/1822
f 1821/1821/1821 1823/1823/1823 1822/1822/1822
f 1822/1822/1822 1823/1823/1823 1824/1824/1824
f 1823/1823/1823 1825/1825/1825 1824/1824/1824
f 1824/1824/1824 1825/1825/1825 1826/1826/1826
f 1825/1825/1825 1827/1827/1827 1826/1826/1826
f 1826/1826/1826 1827/1827/1827 1828/1828/1828
f 1827/1827/1827 1829/1829/1829 1828/1828/1828
f 1828/1828/1828 1829/1829/1829 1830/1830/1830
f 1829/1829/1829 1831/1831/1831 1830/1830/1830
f 1830/1830/1830 1831/1831/1831 1832/1832/1832
f 1831/1831/1831 1833/1833/1833 1832/1832/1832
f 1832/1832/1832 1833/1833/1833 1834/1834/1834
f 1833/1833/1833 1835/1835/1835 1834/1834/1834
f 1834/1834/1834 1835/1835/1835 1836/1836/1836
f 1835/1835/1835 1837/1837/1837 1836/1836/1836
f 1836/1836/1836 1837/1837/1837 1838/1838/1838
f 1837/1837/1837 1839/1839/1839 1838/1838/1838
f 1838/1838/1838 1839/1839/1839 1840/1840/1840
f 1839/1839/1839 1841/1841/1841 1840/1840/1840
f 1840/1840/1840 1841/1841/1841 1842/1842/1842
f 1841/1841/1841 1843/1843/1843 1842/1842/1842
f 1842/1842/1842 1843/1843/1843 1844/1844/1844
f 1843/1843/1843 1845/1845/1845 1844/1844/1844
f 1844/1844/1844 1845/1845/1845 1846/1846/1846
f 1845/1845/1845 1847/1847/1847 1846/1846/1846
f 1846/1846/1846 1847/1847/1847 1848/1848/1848
f 1847/1847/1847 1849/1849/1849 1848/1848/1848
f 1848/1848/1848 1849/1849/1849 1850/1850/1850
f 1849/1849/1849 1851/1851/1851 1850/1850/1850
f 1850/1850/1850 1851/1851/1851 1852/1852/1852
f 1851/1851/1851 1853/1853/1853 1852/1852/1852
f 1852/1852/1852 1853/1853/1853 1854/1854/1854
f 1853/1853/1853 1855/1855/1855 1854/1854/1854
f 1854/1854/1854 1855/1855/1855 1856/1856/1856
f 1855/1855/1855 1857/1857/1857 1856/1856/1856
f 1856/1856/1856 1857/1857/1857 1858/1858/1858
f 1857/1857/1857 1859/1859/1859 1858/1858/1858
f 1858/1858/1858 1859/1859/1859 1860/1860/1860
f 1859/1859/1859 1861/1861/1861 1860/1860/1860
f 1860/1860/1860 1861/1861/1861 1862/1862/1862
f 1861/1861/1861 1863/1863/1863 1862/1862/1862
f 1862/1862/1862 1863/1863/1863 1864/1864/1864
f 1863/1863/1863 1865/1865/1865 1864/1864/1864
f 1864/1864/1864 1865/1865/1865 1866/1866/1866
f 1865/1865/1865 1867/1867/1867 1866/1866/1866
f 1866/1866/1866 1867/1867/1867 1868/1868/1868
f 1867/1867/1867 1869/1869/1869 1868/1868/1868
f 1868/1868/1868 1869/1869/1869 1870/1870/1870
f 1869/1869/1869 1871/1871/1871 1870/1870/1870
f 1870/1870/1870 1871/1871/1871 1872/1872/1872
f 1871/1871/1871 1873/1873/1873 1872/1872/1872
f 1872/1872/1872 1873/1873/1873 1874/1874/1874
f 1873/1873/1873 1875/1875/1875 1874/1874/1874
f 1874/1874/1874 1875/1875/1875 1876/1876/1876
f 1875/1875/1875 1877/1877/1877 1876/1876/1876
f 1876/1876/1876 1877/1877/1877 1878/1878/1878
f 1877/1877/1877 1879/1879/1879 1878/1878/1878
f 1878/1878/1878 1879/1879/1879 1880/1880/1880
f 1879/1879/1879 1881/1881/1881 1880/1880/1880
f 1880/1880/1880 1881/1881/1881 1882/1882/1882
f 1881/1881/1881 1883/1883/1883 1882/1882/1882
f 1882/1882/1882 1883/1883/1883 1884/1884/1884
f 1883/1883/1883 1885/1885/1885 1884/1884/1884
f 1884/1884/1884 1885/1885/1885 1886/1886/1886
f 1885/1885/1885 1887/1887/1887 1886/1886/1886
f 1886/1886/1886 1887/1887/1887 1888/1888/1888
f 1887/1887/1887 1889/1889/1889 1888/1888/1888
f 1888/1888/1888 1889/1889/1889 1890/1890/1890
f 1889/1889/1889 1891/1891/1891 1890/1890/1890
f 1890/1890/1890 1891/1891/1891 1892/1892/1892
f 1891/1891/1891 1893/1893/1893 1892/1892/1892
f 1892/1892/1892 1893/1893/1893 1894/1894/1894
f 1893/1893/1893 1895/1895/1895 1894/1894/1894
f 1894/1894/1894 1895/1895/1895 1896/1896/1896
f 1895/1895/1895 1897/1897/1897 1896/1896/1896
f 1896/1896/1896 1897/1897/1897 1898/1898/1898
f 1897/1897/1897 1899/1899/1899 1898/1898/1898
f 1898/1898/1898 1899/1899/1899 1900/1900/1900
f 1899/1899/1899 1901/1901/1901 1900/1900/1900
f 1900/1900/1900 1901/1901/1901 1902/1902/1902
f 1901/1901/1901 1903/1903/1903 1902/1902/1902
f 1902/1902/1902 1903/1903/1903 1904/1904/1904
f 1903/1903/1903 1905/1905/1905 1904/1904/1904
f 1904/1904/1904 1905/1905/1905 1906/1906/1906
f 1905/1905/1905 1907/1907/1907 1906/1906/1906
f 1906/1906/1906 1907/1907/1907 1908/1908/1908
f 1907/1907/1907 1909/1909/1909 1908/1908/1908
f 1908/1908/1908 1909/1909/1909 1910/1910/1910
f 1909/1909/1909 1911/1911/1911 1910/1910/1910
f 1910/1910/1910 1911/1911/1911 1912/1912/1912
f 1911/1911/1911 1913/1913/1913 1912/1912/1912
f 1912/1912/1912 1913/1913/1913 1914/1914/1914
f 1913/1913/1913 1915/1915/1915 1914/1914/1914
f 1914/1914/1914 1915/1915/1915 1916/1916/1916
f 1915/1915/1915 1917/1917/1917 1916/1916/1916
f 1916/1916/1916 1917/1917/1917 1918/1918/1918
f 1917/1917/1917 1919/1919/1919 1918/1918/1918
f 1918/1918/1918 1919/1919/1919 1920/1920/1920
f 1919/1919/1919 1921/1921/1921 1920/1920/1920
f 1920/1920/1920 1921/1921/1921 1922/1922/1922
f 1921/1921/1921 1923/1923/1923 1922/1922/1922
f 1922/1922/1922 1923/1923/1923 1924/1924/1924
f 1923/1923/1923 1925/1925/1925 1924/1924/1924
f 1924/1924/1924 1925/1925/1925 1926/1926/1926
f 1925/1925/1925 1927/1927/1927 1926/1926/1926
f 1926/1926/1926 1927/1927/1927 1928/1928/1928
f 1927/1927/1927 1929/1929/1929 1928/1928/1928
f 1928/1928/1928 1929/1929/1929 1930/1930/1930
f 1929/1929/1929 1931/1931/1931 1930/1930/1930
f 1930/1930/1930 1931/1931/1931 1932/1932/1932
f 1931/1931/1931 1933/1933/1933 1932/1932/1932
f 1932/1932/1932 1933/1933/1933 1934/1934/1934
f 1933/1933/1933 1935/1935/1935 1934/1934/1934
f 1934/1934/1934 1935/1935/1935 1936/1936/1936
f 1935/1935/1935 1937/1937/1937 1936/1936/1936
f 1936/1936/1936 1937/1937/1937 1938/1938/1938
f 1937/1937/1937 1939/1939/1939 1938/1938/1938
f 1938/1938/1938 1939/1939/1939 1940/1940/1940
f 1939/1939/1939 1941/1941/1941 1940/1940/1940
f 1940/1940/1940 1941/1941/1941 1942/1942/1942
f 1941/1941/1941 1943/1943/1943 1942/1942/1942
f 1942/1942/1942 1943/1943/1943 1944/1944/1944
f 1943/1943/1943 1945/1945/1945 1944/1944/1944
f 1944/1944/1944 1945/1945/1945 1946/1946/1946
f 1945/1945/1945 1947/1947/1947 1946/1946/1946
f 1946/1946/1946 1947/1947/1947 1948/1948/1948
f 1947/1947/1947 1949/1949/1949 1948/1948/1948
f 1948/1948/1948 1949/1949/1949 1950/1950/1950
f 1949/1949/1949 1951/1951/1951 1950/1950/1950
f 1950/1950/1950 1951/1951/1951 1952/1952/1952
f 1951/1951/1951 1953/1953/1953 1952/1952/1952
f 1952/1952/1952 1953/1953/1953 1954/1954/1954
f 1953/1953/1953 1955/1955/1955 1954/1954/1954
f 1954/1954/1954 1955/1955/1955 1956/1956/1956
f 1955/1955/1955 1957/1957/1957 1956/1956/1956
f 1956/1956/1956 1957/1957/1957 1958/1958/1958
f 1957/1957/1957 1959/1959/1959 1958/1958/1958
f 1958/1958/1958 1959/1959/1959 1960/1960/1960
f 1959/1959/1959 1961/1961/1961 1960/1960/1960
f 1960/1960/1960 1961/1961/1961 1962/1962/1962
f 1961/1961/1961 1963/1963/1963 1962/1962/1962
f 1962/1962/1962 1963/1963/1963 1964/1964/1964
f 1963/1963/1963 1965/1965/1965 1964/1964/1964
f 1964/1964/1964 1965/1965/1965 1966/1966/1966
f 1965/1965/1965 1967/1967/1967 1966/1966/1966
f 1966/1966/1966 1967/1967/1967 1968/1968/1968
f 1967/1967/1967 1969/1969/1969 1968/1968/1968
f 1968/1968/1968 1969/1969/1969 1970/1970/1970
f 1969/1969/1969 1971/1971/1971 1970/1970/1970
f 1970/1970/1970 1971/1971/1971 1972/1972/1972
f 1971/1971/1971 1973/1973/1973 1972/1972/1972
f 1972/1972/1972 1973/1973/1973 1974/1974/1974
f 1973/1973/1973 1975/1975/1975 1974/1974/1974
f 1974/1974/1974 1975/1975/1975 1976/1976/1976
f 1975/1975/1975 1977/1977/1977 1976/1976/1976
f 1976/1976/1976 1977/1977/1977 1978/1978/1978
f 1977/1977/1977 1979/1979/1979 1978/1978/1978
f 1978/1978/1978 1979/1979/1979 1980/1980/1980
f 1979/1979/1979 1981/1981/1981 1980/1980/1980
f 1980/1980/1980 1981/1981/1981 1982/1982/1982
f 1981/1981/1981 1983/1983/1983 1982/1982/1982
f 1982/1982/1982 1983/1983/1983 1984/1984/1984
f 1983/1983/1983 1985/1985/1985 1984/1984/1984
f 1984/1984/1984 1985/1985/1985 1986/1986/1986
f 1985/1985/1985 1987/1987/1987 1986/1986/1986
f 1986/1986/1986 1987/1987/1987 1988/1988/1988
f 1987/1987/1987 1989/1989/1989 1988/1988/1988
f 1988/1988/1988 1989/1989/1989 1990/1990/1990
f 1989/1989/1989 1991/1991/1991 1990/1990/1990
f 1990/1990/1990 1991/1991/1991 1992/1992/1992
f 1991/1991/1991 1993/1993/1993 1992/1992/1992
f 1992/1992/1992 1993/1993/1993 1994/1994/1994
f 1993/1993/1993 1995/1995/1995 1994/1994/1994
f 1994/1994/1994 1995/1995/1995 1996/1996/1996
f 1995/1995/1995 1997/1997/1997 1996/1996/1996
f 1996/1996/1996 1997/1997/1997 1998/1998/1998
f 1997/1997/1997 1999/1999/1999 1998/1998/1998
f 1998/1998/1998 1999/1999/1999 2000/2000/2000
f 1999/1999/1999 2001/2001/2001 2000/2000/2000
f 2000/2000/2000 2001/2001/2001 2002/2002/2002
f 2001/2001/2001 2003/2003/2003 2002/2002/2002
f 2002/2002/2002 2003/2003/2003 2004/2004/2004
f 2003/2003/2003 2005/2005/2005 2004/2004/2004
f 2004/2004/2004 2005/2005/2005 2006/2006/2006
f 2005/2005/2005 2007/2007/2007 2006/2006/2006
f 2006/2006/2006 2007/2007/2007 2008/2008/2008
f 2007/2007/2007 2009/2009/2009 2008/2008/2008
f 2008/2008/2008 2009/2009/2009 2010/2010/2010
f 2009/2009/2009 2011/2011/2011 2010/2010/2010
f 2010/2010/2010 2011/2011/2011 2012/2012/2012
f 2011/2011/2011 2013/2013/2013 2012/2012/2012
f 2012/2012/2012 2013/2013/2013 2014/2014/2014
f 2013/2013/2013 2015/2015/2015 2014/2014/2014
f 2014/2014/2014 2015/2015/2015 2016/2016/2016
f 2015/2015/2015 2017/2017/2017 2016/2016/2016
f 2016/2016/2016 2017/2017/2017 2018/2018/2018
f 2017/2017/2017 2019/2019/2019 2018/2018/2018
f 2018/2018/2018 2019/2019/2019 2020/2020/2020
f 2019/2019/2019 2021/2021/2021 2020/2020/2020
f 2020/2020/2020 2021/2021/2021 2022/2022/2022
f 2021/2021/2021 2023/2023/2023 2022/2022/2022
f 2022/2022/2022 2023/2023/2023 2024/2024/2024
f 2023/2023/2023 2025/2025/2025 2024/2024/2024
f 2024/2024/2024 2025/2025/2025 2026/2026/2026
f 2025/2025/2025 2027/2027/2027 2026/2026/2026
f 2026/2026/2026 2027/2027/2027 2028/2028/2028
f 2027/2027/2027 2029/2029/2029 2028/2028/2028
f 2028/2028/2028 2029/2029/2029 2030/2030/2030
f 2029/2029/2029 2031/2031/2031 2030/2030/2030
f 2030/2030/2030 2031/2031/2031 2032/2032/2032
f 2031/2031/2031 2033/2033/2033 2032/2032/2032
f 2032/2032/2032 2033/2033/2033 2034/2034/2034
f 2033/2033/2033 2035/2035/2035 2034/2034/2034
f 2034/2034/2034 2035/2035/2035 2036/2036/2036
f 2035/2035/2035 2037/2037/2037 2036/2036/2036
f 2036/2036/2036 2037/2037/2037 2038/2038/2038
f 2037/2037/2037 2039/2039/2039 2038/2038/2038
f 2038/2038/2038 2039/2039/2039 2040/2040/2040
f 2039/2039/2039 2041/2041/2041 2040/2040/2040
f 2040/2040/2040 2041/2041/2041 2042/2042/2042
f 2041/2041/2041 2043/2043/2043 2042/2042/2042
f 2042/2042/2042 2043/2043/2043 2044/2044/2044
f 2043/2043/2043 2045/2045/2045 2044/2044/2044
f 2044/2044/2044 2045/2045/2045 2046/2046/2046
f 2045/2045/2045 2047/2047/2047 2046/2046/2046
f 2046/2046/2046 2047/2047/2047 2048/2048/2048
f 2047/2047/2047 2049/2049/2049 2048/2048/2048
f 2048/2048/2048 2049/2049/2049 2050/2050/2050
f 2049/2049/2049 2051/2051/2051 2050/2050/2050
f 2050/2050/2050 2051/2051/2051 2052/2052/2052
f 2051/2051/2051 2053/2053/2053 2052/2052/2052
f 2052/2052/2052 2053/2053/2053 2054/2054/2054
f 2053/2053/2053 2055/2055/2055 2054/2054/2054
f 2054/2054/2054 2055/2055/2055 2056/2056/2056
f 2055/2055/2055 2057/2057/2057 2056/2056/2056
f 2056/2056/2056 2057/2057/2057 2058/2058/2058
f 2057/2057/2057 2059/2059/2059 2058/2058/2058
f 2058/2058/2058 2059/2059/2059 2060/2060/2060
f 2059/2059/2059 2061/2061/2061 2060/2060/2060
f 2060/2060/2060 2061/2061/2061 2062/2062/2062
f 2061/2061/2061 2063/2063/2063 2062/2062/2062
f 2062/2062/2062 2063/2063/2063 2064/2064/2064
f 2063/2063/2063 2065/2065/2065 2064/2064/2064
f 2064/2064/2064 2065/2065/2065 2066/2066/2066
f 2065/2065/2065 2067/2067/2067 2066/2066/2066
f 2066/2066/2066 2067/2067/2067 2068/2068/2068
f 2067/2067/2067 2069/2069/2069 2068/2068/2068
f 2068/2068/2068 2069/2069/2069 2070/2070/2070
f 2069/2069/2069 2071/2071/2071 2070/2070/2070
f 2070/2070/2070 2071/2071/2071 2072/2072/2072
f 2071/2071/2071 2073/2073/2073 2072/2072/2072
f 2072/2072/2072 2073/2073/2073 2074/2074/2074
f 2073/2073/2073 2075/2075/2075 2074/2074/2074
f 2074/2074/2074 2075/2075/2075 2076/2076/2076
f 2075/2075/2075 2077/2077/2077 2076/2076/2076
f 2076/2076/2076 2077/2077/2077 2078/2078/2078
f 2077/2077/2077 2079/2079/2079 2078/2078/2078
f 2078/2078/2078 2079/2079/2079 2080/2080/2080
f 2079/2079/2079 2081/2081/2081 2080/2080/2080
f 2080/2080/2080 2081/2081/2081 2082/2082/2082
f 2081/2081/2081 2083/2083/2083 2082/2082/2082
f 2082/2082/2082 2083/2083/2083 2084/2084/2084
f 2083/2083/2083 2085/2085/2085 2084/2084/2084
f 2084/2084/2084 2085/2085/2085 2086/2086/2086
f 2085/2085/2085 2087/2087/2087 2086/2086/2086
f 2086/2086/2086 2087/2087/2087 2088/2088/2088
f 2087/2087/2087 2089/2089/2089 2088/2088/2088
f 2088/2088/2088 2089/2089/2089 2090/2090/2090
f 2089/2089/2089 2091/2091/2091 2090/2090/2090
f 2090/2090/2090 2091/2091/2091 2092/2092/2092
f 2091/2091/2091 2093/2093/2093 2092/2092/2092
f 2092/2092/2092 2093/2093/2093 2094/2094/2094
f 2093/2093/2093 2095/2095/2095 2094/2094/2094
f 2094/2094/2094 2095/2095/2095 2096/2096/2096
f 2095/2095/2095 2097/2097/2097 2096/2096/2096
f 2096/2096/2096 2097/2097/2097 2098/2098/2098
f 2097/2097/2097 2099/2099/2099 2098/2098/2098
f 2098/2098/2098 2099/2099/2099 2100/2100/2100
f 2099/2099/2099 2101/2101/2101 2100/2100/2100
f 2100/2100/2100 2101/2101/2101 2102/2102/2102
f 2101/2101/2101 2103/2103/2103 2102/2102/2102
f 2102/2102/2102 2103/2103/2103 2104/2104/2104
f 2103/2103/2103 2105/2105/2105 2104/2104/2104
f 2104/2104/2104 2105/2105/2105 2106/2106/2106
f 2105/2105/2105 2107/2107/2107 2106/2106/2106
f 2106/2106/2106 2107/2107/2107 2108/2108/2108
f 2107/2107/2107 2109/2109/2109 2108/2108/2108
f 2108/2108/2108 2109/2109/2109 2110/2110/2110
f 2109/2109/2109 2111/2111/2111 2110/2110/2110
f 2110/2110/2110 2111/2111/2111 2112/2112/2112
f 2111/2111/2111 2113/2113/2113 2112/2112/2112
f 2112/2112/2112 2113/2113/2113 2114/2114/2114
f 2113/2113/2113 2115/2115/2115 2114/2114/2114
f 2114/2114/2114 2115/2115/2115 2116/2116/2116
f 2115/2115/2115 2117/2117/2117 2116/2116/2116
f 2116/2116/2116 2117/2117/2117 2118/2118/2118
f 2117/2117/2117 2119/2119/2119 2118/2118/2118
f 2118/2118/2118 2119/2119/2119 2120/2120/2120
f 2119/2119/2119 2121/2121/2121 2120/2120/2120
f 2120/2120/2120 2121/2121/2121 2122/2122/2122
f 2121/2121/2121 2123/2123/2123 2122/2122/2122
f 2122/2122/2122 2123/2123/2123 2124/2124/2124
f 2123/2123/2123 2125/2125/2125 2124/2124/2124
f 2124/2124/2124 2125/2125/2125 2126/2126/2126
f 2125/2125/2125 2127/2127/2127 2126/2126/2126
f 2126/2126/2126 2127/2127/2127 2128/2128/2128
f 2127/2127/2127 2129/2129/2129 2128/2128/2128
f 2128/2128/2128 2129/2129/2129 2130/2130/2130
f 2129/2129/2129 2131/2131/2131 2130/2130/2130
f 2130/2130/2130 2131/2131/2131 2132/2132/2132
f 2131/2131/2131 2133/2133/2133 2132/2132/2132
f 2132/2132/2132 2133/2133/2133 2134/2134/2134
f 2133/2133/2133 2135/2135/2135 2134/2134/2134
f 2134/2134/2134 2135/2135/2135 2136/2136/2136
f 2135/2135/2135 2137/2137/2137 2136/2136/2136
f 2136/2136/2136 2137/2137/2137 2138/2138/2138
f 2137/2137/2137 2139/2139/2139 2138/2138/2138
f 2138/2138/2138 2139/2139/2139 2140/2140/2140
f 2139/2139/2139 2141/2141/2141 2140/2140/2140
f 2140/2140/2140 2141/2141/2141 2142/2142/2142
f 2141/2141/2141 2143/2143/2143 2142/2142/2142
f 2142/2142/2142 2143/2143/2143 2144/2144/2144
f 2143/2143/2143 2145/2145/2145 2144/2144/2144
f 2144/2144/2144 2145/2145/2145 2146/2146/2146
f 2145/2145/2145 2147/2147/2147 2146/2146/2146
f 2146/2146/2146 2147/2147/2147 2148/2148/2148
f 2147/2147/2147 2149/2149/2149 2148/2148/2148
f 2148/2148/2148 2149/2149/2149 2150/2150/2150
f 2149/2149/2149 2151/2151/2151 2150/2150/2150
f 2150/2150/2150 2151/2151/2151 2152/2152/2152
f 2151/2151/2151 2153/2153/2153 2152/2152/2152
f 2152/2152/2152 2153/2153/2153 2154/2154/2154
f 2153/2153/2153 2155/2155/2155 2154/2154/2154
f 2154/2154/2154 2155/2155/2155 2156/2156/2156
f 2155/2155/2155 2157/2157/2157 2156/2156/2156
f 2156/2156/2156 2157/2157/2157 2158/2158/2158
f 2157/2157/2157 2159/2159/2159 2158/2158/2158
f 2158/2158/2158 2159/2159/2159 2160/2160/2160
f 2159/2159/2159 2161/2161/2161 2160/2160/2160
f 2160/2160/2160 2161/2161/2161 2162/2162/2162
f 2161/2161/2161 2163/2163/2163 2162/2162/2162
f 2162/2162/2162 2163/2163/2163 2164/2164/2164
f 2163/2163/2163 2165/2165/2165 2164/2164/2164
f 2164/2164/2164 2165/2165/2165 2166/2166/2166
f 2165/2165/2165 2167/2167/2167 2166/2166/2166
f 2166/2166/2166 2167/2167/2167 2168/2168/2168
f 2167/2167/2167 2169/2169/2169 2168/2168/2168
f 2168/2168/2168 2169/2169/2169 2170/2170/2170
f 2169/2169/2169 2171/2171/2171 2170/2170/2170
f 2170/2170/2170 2171/2171/2171 2172/2172/2172
f 2171/2171/2171 2173/2173/2173 2172/2172/2172
f 2172/2172/2172 2173/2173/2173 2174/2174/2174
f 2173/2173/2173 2175/2175/2175 2174/2174/2174
f 2174/2174/2174 2175/2175/2175 2176/2176/2176
f 2175/2175/2175 2177/2177/2177 2176/2176/2176
f 2176/2176/2176 2177/2177/2177 2178/2178/2178
f 2177/2177/2177 2179/2179/2179 2178/2178/2178
f 2178/2178/2178 2179/2179/2179 2180/2180/2180
f 2179/2179/2179 2181/2181/2181 2180/2180/2180
f 2180/2180/2180 2181/2181/2181 2182/2182/2182
f 2181/2181/2181 2183/2183/2183 2182/2182/2182
f 2182/2182/2182 2183/2183/2183 2184/2184/2184
f 2183/2183/2183 2185/2185/2185 2184/2184/2184
f 2184/2184/2184 2185/2185/2185 2186/2186/2186
f 2185/2185/2185 2187/2187/2187 2186/2186/2186
f 2186/2186/2186 2187/2187/2187 2188/2188/2188
f 2187/2187/2187 2189/2189/2189 2188/2188/2188
f 2188/2188/2188 2189/2189/2189 2190/2190/2190
f 2189/2189/2189 2191/2191/2191 2190/2190/2190
f 2190/2190/2190 2191/2191/2191 2192/2192/2192
f 2191/2191/2191 2193/2193/2193 2192/2192/2192
f 2192/2192/2192 2193/2193/2193 2194/2194/2194
f 2193/2193/2193 2195/2195/2195 2194/2194/2194
f 2194/2194/2194 2195/2195/2195 2196/2196/2196
f 2195/2195/2195 2197/2197/2197 2196/2196/2196
f 2196/2196/2196 2197/2197/2197 2198/2198/2198
f 2197/2197/2197 2199/2199/2199 2198/2198/2198
f 2198/2198/2198 2199/2199/2199 2200/2200/2200
f 2199/2199/2199 2201/2201/2201 2200/2200/2200
f 2200/2200/2200 2201/2201/2201 2202/2202/2202
f 2201/2201/2201 2203/2203/2203 2202/2202/2202
f 2202/2202/2202 2203/2203/2203 2204/2204/2204
f 2203/2203/2203 2205/2205/2205 2204/2204/2204
f 2204/2204/2204 2205/2205/2205 2206/2206/2206
f 2205/2205/2205 2207/2207/2207 2206/2206/2206
f 2206/2206/2206 2207/2207/2207 2208/2208/2208
f 2207/2207/2207 2209/2209/2209 2208/2208/2208
f 2208/2208/2208 2209/2209/2209 2210/2210/2210
f 2209/2209/2209 2211/2211/2211 2210/2210/2210
f 2210/2210/2210 2211/2211/2211 2212/2212/2212
f 2211/2211/2211 2213/2213/2213 2212/2212/2212
f 2212/2212/2212 2213/2213/2213 2214/2214/2214
f 2213/2213/2213 2215/2215/2215 2214/2214/2214
f 2214/2214/2214 2215/2215/2215 2216/2216/2216
f 2215/2215/2215 2217/2217/2217 2216/2216/2216
f 2216/2216/2216 2217/2217/2217 2218/2218/2218
f 2217/2217/2217 2219/2219/2219 2218/2218/2218
f 2218/2218/2218 2219/2219/2219 2220/2220/2220
f 2219/2219/2219 2221/2221/2221 2220/2220/2220
f 2220/2220/2220 2221/2221/2221 2222/2222/2222
f 2221/2221/2221 2223/2223/2223 2222/2222/2222
f 2222/2222/2222 2223/2223/2223 2224/2224/2224
f 2223/2223/2223 2225/2225/2225 2224/2224/2224
f 2224/2224/2224 2225/2225/2225 2226/2226/2226
f 2225/2225/2225 2227/2227/2227 2226/2226/2226
f 2226/2226/2226 2227/2227/2227 2228/2228/2228
f 2227/2227/2227 2229/2229/2229 2228/2228/2228
f 2228/2228/2228 2229/2229/2229 2230/2230/2230
f 2229/2229/2229 2231/2231/2231 2230/2230/2230
f 2230/2230/2230 2231/2231/2231 2232/2232/2232
f 2231/2231/2231 2233/2233/2233 2232/2232/2232
f 2232/2232/2232 2233/2233/2233 2234/2234/2234
f 2233/2233/2233 2235/2235/2235 2234/2234/2234
f 2234/2234/2234 2235/2235/2235 2236/2236/2236
f 2235/2235/2235 2237/2237/2237 2236/2236/2236
f 2236/2236/2236 2237/2237/2237 2238/2238/2238
f 2237/2237/2237 2239/2239/2239 2238/2238/2238
f 2238/2238/2238 2239/2239/2239 2240/2240/2240
f 2239/2239/2239 2241/2241/2241 2240/2240/2240
f 2240/2240/2240 2241/2241/2241 2242/2242/2242
f 2241/2241/2241 2243/2243/2243 2242/2242/2242
f 2242/2242/2242 2243/2243/2243 2244/2244/2244
f 2243/2243/2243 2245/2245/2245 2244/2244/2244
f 2244/2244/2244 2245/2245/2245 2246/2246/2246
f 2245/2245/2245 2247/2247/2247 2246/2246/2246
f 2246/2246/2246 2247/2247/2247 2248/2248/2248
f 2247/2247/2247 2249/2249/2249 2248/2248/2248
f 2248/2248/2248 2249/2249/2249 2250/2250/2250
f 2249/2249/2249 2251/2251/2251 2250/2250/2250
f 2250/2250/2250 2251/2251/2251 2252/2252/2252
f 2251/2251/2251 2253/2253/2253 2252/2252/2252
f 2252/2252/2252 2253/2253/2253 2254/2254/2254
f 2253/2253/2253 2255/2255/2255 2254/2254/2254
f 2254/2254/2254 2255/2255/2255 2256/2256/2256
f 2255/2255/2255 2257/2257/2257 2256/2256/2256
f 2256/2256/2256 2257/2257/2257 2258/2258/2258
f 2257/2257/2257 2259/2259/2259 2258/2258/2258
f 2258/2258/2258 2259/2259/2259 2260/2260/2260
f 2259/2259/2259 2261/2261/2261 2260/2260/2260
f 2260/2260/2260 2261/2261/2261 2262/2262/2262
f 2261/2261/2261 2263/2263/2263 2262/2262/2262
f 2262/2262/2262 2263/2263/2263 2264/2264/2264
f 2263/2263/2263 2265/2265/2265 2264/2264/2264
f 2264/2264/2264 2265/2265/2265 2266/2266/2266
f 2265/2265/2265 2267/2267/2267 2266/2266/2266
f 2266/2266/2266 2267/2267/2267 2268/2268/2268
f 2267/2267/2267 2269/2269/2269 2268/2268/2268
f 2268/2268/2268 2269/2269/2269 2270/2270/2270
f 2269/2269/2269 2271/2271/2271 2270/2270/2270
f 2270/2270/2270 2271/2271/2271 2272/2272/2272
f 2271/2271/2271 2273/2273/2273 2272/2272/2272
f 2272/2272/2272 2273/2273/2273 2274/2274/2274
f 2273/2273/2273 2275/2275/2275 2274/2274/2274
f 2274/2274/2274 2275/2275/2275 2276/2276/2276
f 2275/2275/2275 2277/2277/2277 2276/2276/2276
f 2276/2276/2276 2277/2277/2277 2278/2278/2278
f 2277/2277/2277 2279/2279/2279 2278/2278/2278
f 2278/2278/2278 2279/2279/2279 2280/2280/2280
f 2279/2279/2279 2281/2281/2281 2280/2280/2280
f 2280/2280/2280 2281/2281/2281 2282/2282/2282
f 2281/2281/2281 2283/2283/2283 2282/2282/2282
f 2282/2282/2282 2283/2283/2283 2284/2284/2284
f 2283/2283/2283 2285/2285/2285 2284/2284/2284
f 2284/2284/2284 2285/2285/2285 2286/2286/2286
f 2285/2285/2285 2287/2287/2287 2286/2286/2286
f 2286/2286/2286 2287/2287/2287 2288/2288/2288
f 2287/2287/2287 2289/2289/2289 2288/2288/2288
f 2288/2288/2288 2289/2289/2289 2290/2290/2290
f 2289/2289/2289 2291/2291/2291 2290/2290/2290
f 2290/2290/2290 2291/2291/2291 2292/2292/2292
f 2291/2291/2291 2293/2293/2293 2292/2292/2292
f 2292/2292/2292 2293/2293/2293 2294/2294/2294
f 2293/2293/2293 2295/2295/2295 2294/2294/2294
f 2294/2294/2294 2295/2295/2295 2296/2296/2296
f 2295/2295/2295 2297/2297/2297 2296/2296/2296
f 2296/2296/2296 2297/2297/2297 2298/2298/2298
f 2297/2297/2297 2299/2299/2299 2298/2298/2298
f 2298/2298/2298 2299/2299/2299 2300/2300/2300
f 2299/2299/2299 2301/2301/2301 2300/2300/2300
f 2300/2300/2300 2301/2301/2301 2302/2302/2302
f 2301/2301/2301 2303/2303/2303 2302/2302/2302
f 2302/2302/2302 2303/2303/2303 2304/2304/2304
f 2303/2303/2303 2305/2305/2305 2304/2304/2304
f 2304/2304/2304 2305/2305/2305 2306/2306/2306
f 2305/2305/2305 2307/2307/2307 2306/2306/2306
f 2306/2306/2306 2307/2307/2307 2308/2308/2308
f 2307/2307/2307 2309/2309/2309 2308/2308/2308
f 2308/2308/2308 2309/2309/2309 2310/2310/2310
f 2309/2309/2309 2311/2311/2311 2310/2310/2310
f 2310/2310/2310 2311/2311/2311 2312/2312/2312
f 2311/2311/2311 2313/2313/2313 2312/2312/2312
f 2312/2312/2312 2313/2313/2313 2314/2314/2314
f 2313/2313/2313 2315/2315/2315 2314/2314/2314
f 2314/2314/2314 2315/2315/2315 2316/2316/2316
f 2315/2315/2315 2317/2317/2317 2316/2316/2316
f 2316/2316/2316 2317/2317/2317 2318/2318/2318
f 2317/2317/2317 2319/2319/2319 2318/2318/2318
f 2318/2318/2318 2319/2319/2319 2320/2320/2320
f 2319/2319/2319 2321/2321/2321 2320/2320/2320
f 2320/2320/2320 2321/2321/2321 2322/2322/2322
f 2321/2321/2321 2323/2323/2323 2322/2322/2322
f 2322/2322/2322 2323/2323/2323 2324/2324/2324
f 2323/2323/2323 2325/2325/2325 2324/2324/2324
f 2324/2324/2324 2325/2325/2325 2326/2326/2326
f 2325/2325/2325 2327/2327/2327 2326/2326/2326
f 2326/2326/2326 2327/2327/2327 2328/2328/2328
f 2327/2327/2327 2329/2329/2329 2328/2328/2328
f 2328/2328/2328 2329/2329/2329 2330/2330/2330
f 2329/2329/2329 2331/2331/2331 2330/2330/2330
f 2330/2330/2330 2331/2331/2331 2332/2332/2332
f 2331/2331/2331 2333/2333/2333 2332/2332/2332
f 2332/2332/2332 2333/2333/2333 2334/2334/2334
f 2333/2333/2333 2335/2335/2335 2334/2334/2334
f 2334/2334/2334 2335/2335/2335 2336/2336/2336
f 2335/2335/2335 2337/2337/2337 2336/2336/2336
f 2336/2336/2336 2337/2337/2337 2338/2338/2338
f 2337/2337/2337 2339/2339/2339 2338/2338/2338
f 2338/2338/2338 2339/2339/2339 2340/2340/2340
f 2339/2339/2339 2341/2341/2341 2340/2340/2340
f 2340/2340/2340 2341/2341/2341 2342/2342/2342
f 2341/2341/2341 2343/2343/2343 2342/2342/2342
f 2342/2342/2342 2343/2343/2343 2344/2344/2344
f 2343/2343/2343 2345/2345/2345 2344/2344/2344
f 2344/2344/2344 2345/2345/2345 2346/2346/2346
f 2345/2345/2345 2347/2347/2347 2346/2346/2346
f 2346/2346/2346 2347/2347/2347 2348/2348/2348
f 2347/2347/2347 2349/2349/2349 2348/2348/2348
f 2348/2348/2348 2349/2349/2349 2350/2350/2350
f 2349/2349/2349 2351/2351/2351 2350/2350/2350
f 2350/2350/2350 2351/2351/2351 2352/2352/2352
f 2351/2351/2351 2353/2353/2353 2352/2352/2352
f 2352/2352/2352 2353/2353/2353 2354/2354/2354
f 2353/2353/2353 2355/2355/2355 2354/2354/2354
f 2354/2354/2354 2355/2355/2355 2356/2356/2356
f 2355/2355/2355 2357/2357/2357 2356/2356/2356
f 2356/2356/2356 2357/2357/2357 2358/2358/2358
f 2357/2357/2357 2359/2359/2359 2358/2358/2358
f 2358/2358/2358 2359/2359/2359 2360/2360/2360
f 2359/2359/2359 2361/2361/2361 2360/2360/2360
f 2360/2360/2360 2361/2361/2361 2362/2362/2362
f 2361/2361/2361 2363/2363/2363 2362/2362/2362
f 2362/2362/2362 2363/2363/2363 2364/2364/2364
f 2363/2363/2363 2365/2365/2365 2364/2364/2364
f 2364/2364/2364 2365/2365/2365 2366/2366/2366
f 2365/2365/2365 2367/2367/2367 2366/2366/2366
f 2366/2366/2366 2367/2367/2367 2368/2368/2368
f 2367/2367/2367 2369/2369/2369 2368/2368/2368
f 2368/2368/2368 2369/2369/2369 2370/2370/2370
f 2369/2369/2369 2371/2371/2371 2370/2370/2370
f 2370/2370/2370 2371/2371/2371 2372/2372/2372
f 2371/2371/2371 2373/2373/2373 2372/2372/2372
f 2372/2372/2372 2373/2373/2373 2374/2374/2374
f 2373/2373/2373 2375/2375/2375 2374/2374/2374
f 2374/2374/2374 2375/2375/2375 2376/2376/2376
f 2375/2375/2375 2377/2377/2377 2376/2376/2376
f 2376/2376/2376 2377/2377/2377 2378/2378/2378
f 2377/2377/2377 2379/2379/2379 2378/2378/2378
f 2378/2378/2378 2379/2379/2379 2380/2380/2380
f 2379/2379/2379 2381/2381/2381 2380/2380/2380
f 2380/2380/2380 2381/2381/2381 2382/2382/2382
f 2381/2381/2381 2383/2383/2383 2382/2382/2382
f 2382/2382/2382 2383/2383/2383 2384/2384/2384
f 2383/2383/2383 2385/2385/2385 2384/2384/2384
f 2384/2384/2384 2385/2385/2385 2386/2386/2386
f 2385/2385/2385 2387/2387/2387 2386/2386/2386
f 2386/2386/2386 2387/2387/2387 2388/2388/2388
f 2387/2387/2387 2389/2389/2389 2388/2388/2388
f 2388/2388/2388 2389/2389/2389 2390/2390/2390
f 2389/2389/2389 2391/2391/2391 2390/2390/2390
f 2390/2390/2390 2391/2391/2391 2392/2392/2392
f 2391/2391/2391 2393/2393/2393 2392/2392/2392
f 2392/2392/2392 2393/2393/2393 2394/2394/2394
f 2393/2393/2393 2395/2395/2395 2394/2394/2394
f 2394/2394/2394 2395/2395/2395 2396/2396/2396
f 2395/2395/2395 2397/2397/2397 2396/2396/2396
f 2396/2396/2396 2397/2397/2397 2398/2398/2398
f 2397/2397/2397 2399/2399/2399 2398/2398/2398
f 2398/2398/2398 2399/2399/2399 2400/2400/2400
f 2399/2399/2399 2401/2401/2401 2400/2400/2400
f 2400/2400/2400 2401/2401/2401 2402/2402/2402
f 2401/2401/2401 2403/2403/2403 2402/2402/2402
f 2402/2402/2402 2403/2403/2403 2404/2404/2404
f 2403/2403/2403 2405/2405/2405 2404/2404/2404
f 2404/2404/2404 2405/2405/2405 2406/2406/2406
f 2405/2405/2405 2407/2407/2407 2406/2406/2406
f 2406/2406/2406 2407/2407/2407 2408/2408/2408
f 2407/2407/2407 2409/2409/2409 2408/2408/2408
f 2408/2408/2408 2409/2409/2409 2410/2410/2410
f 2409/2409/2409 2411/2411/2411 2410/2410/2410
f 2410/2410/2410 2411/2411/2411 2412/2412/2412
f 2411/2411/2411 2413/2413/2413 2412/2412/2412
f 2412/2412/2412 2413/2413/2413 2414/2414/2414
f 2413/2413/2413 2415/2415/2415 2414/2414/2414
f 2414/2414/2414 2415/2415/2415 2416/2416/2416
f 2415/2415/2415 2417/2417/2417 2416/2416/2416
f 2416/2416/2416 2417/2417/2417 2418/2418/2418
f 2417/2417/2417 2419/2419/2419 2418/2418/2418
f 2418/2418/2418 2419/2419/2419 2420/2420/2420
f 2419/2419/2419 2421/2421/2421 2420/2420/2420
f 2420/2420/2420 2421/2421/2421 2422/2422/2422
f 2421/2421/2421 2423/2423/2423 2422/2422/2422
f 2422/2422/2422 2423/2423/2423 2424/2424/2424
f 2423/2423/2423 2425/2425/2425 2424/2424/2424
f 2424/2424/2424 2425/2425/2425 2426/2426/2426
f 2425/2425/2425 2427/2427/2427 2426/2426/2426
f 2426/2426/2426 2427/2427/2427 2428/2428/2428
f 2427/2427/2427 2429/2429/2429 2428/2428/2428
f 2428/2428/2428 2429/2429/2429 2430/2430/2430
f 2429/2429/2429 2431/2431/2431 2430/2430/2430
f 2430/2430/2430 2431/2431/2431 2432/2432/2432
f 2431/2431/2431 2433/2433/2433 2432/2432/2432
f 2432/2432/2432 2433/2433/2433 2434/2434/2434
f 2433/2433/2433 2435/2435/2435 2434/2434/2434
f 2434/2434/2434 2435/2435/2435 2436/2436/2436
f 2435/2435/2435 2437/2437/2437 2436/2436/2436
f 2436/2436/2436 2437/2437/2437 2438/2438/2438
f 2437/2437/2437 2439/2439/2439 2438/2438/2438
f 2438/2438/2438 2439/2439/2439 2440/2440/2440
f 2439/2439/2439 2441/2441/2441 2440/2440/2440
f 2440/2440/2440 2441/2441/2441 2442/2442/2442
f 2441/2441/2441 2443/2443/2443 2442/2442/2442
f 2442/2442/2442 2443/2443/2443 2444/2444/2444
f 2443/2443/2443 2445/2445/2445 2444/2444/2444
f 2444/2444/2444 2445/2445/2445 2446/2446/2446
f 2445/2445/2445 2447/2447/2447 2446/2446/2446
f 2446/2446/2446 2447/2447/2447 2448/2448/2448
f 2447/2447/2447 2449/2449/2449 2448/2448/2448
f 2448/2448/2448 2449/2449/2449 2450/2450/2450
f 2449/2449/2449 2451/2451/2451 2450/2450/2450
f 2450/2450/2450 2451/2451/2451 2452/2452/2452
f 2451/2451/2451 2453/2453/2453 2452/2452/2452
f 2452/2452/2452 2453/2453/2453 2454/2454/2454
f 2453/2453/2453 2455/2455/2455 2454/2454/2454
f 2454/2454/2454 2455/2455/2455 2456/2456/2456
f 2455/2455/2455 2457/2457/2457 2456/2456/2456
f 2456/2456/2456 2457/2457/2457 2458/2458/2458
f 2457/2457/2457 2459/2459/2459 2458/2458/2458
f 2458/2458/2458 2459/2459/2459 2460/2460/2460
f 2459/2459/2459 2461/2461/2461 2460/2460/2460
f 2460/2460/2460 2461/2461/2461 2462/2462/2462
f 2461/2461/2461 2463/2463/2463 2462/2462/2462
f 2462/2462/2462 2463/2463/2463 2464/2464/2464
f 2463/2463/2463 2465/2465/2465 2464/2464/2464
f 2464/2464/2464 2465/2465/2465 2466/2466/2466
f 2465/2465/2465 2467/2467/2467 2466/2466/2466
f 2466/2466/2466 2467/2467/2467 2468/2468/2468
f 2467/2467/2467 2469/2469/2469 2468/2468/2468
f 2468/2468/2468 2469/2469/2469 2470/2470/2470
f 2469/2469/2469 2471/2471/2471 2470/2470/2470
f 2470/2470/2470 2471/2471/2471 2472/2472/2472
f 2471/2471/2471 2473/2473/2473 2472/2472/2472
f 2472/2472/2472 2473/2473/2473 2474/2474/2474
f 2473/2473/2473 2475/2475/2475 2474/2474/2474
f 2474/2474/2474 2475/2475/2475 2476/2476/2476
f 2475/2475/2475 2477/2477/2477 2476/2476/2476
f 2476/2476/2476 2477/2477/2477 2478/2478/2478
f 2477/2477/2477 2479/2479/2479 2478/2478/2478
f 2478/2478/2478 2479/2479/2479 2480/2480/2480
